stage,seed,target_class,metric,base_score,P,D,Delta,weakest_preserve_transform,strongest_destroy_transform,T_iso,T_floor,T_pers
confirmatory,10000,persistent_shared_mode,correlon_v1,0.3433305669113954,0.9134330065558035,1.0,-0.0865669934441965,P6_time_reparameterization,D6_common_driver_replacement,0.18002208282811283,0.6547856592029846,0.5296448504696383
confirmatory,10000,persistent_shared_mode,pearson,0.19495360958079402,0.9215621151815109,0.7715638693511954,0.1499982458303155,P4_orthogonal_basis_rotation,D6_common_driver_replacement,,,
confirmatory,10000,persistent_shared_mode,mutual_information,0.0645278702519021,0.9650256670158233,0.5322707877845335,0.43275487923128975,P5_observation_noise,D6_common_driver_replacement,,,
confirmatory,10000,persistent_shared_mode,largest_covariance_eigenvalue,2.796275624262477,0.9454343794245639,0.8847706894311987,0.06066368999336513,P6_time_reparameterization,D6_common_driver_replacement,,,
confirmatory,10000,persistent_shared_mode,pca_rank1_explained_variance,0.23302296868853967,0.9937212840369174,0.884770689431199,0.10895059460571843,P5_observation_noise,D6_common_driver_replacement,,,
confirmatory,10000,persistent_shared_mode,spectral_coherence,0.25286489475940016,0.4477877936396577,0.8966762771659912,-0.4488884835263335,P2_global_scaling,D6_common_driver_replacement,,,
confirmatory,10000,persistent_shared_mode,autocorrelation_persistence,0.6995099112786511,0.8746959971210438,1.0,-0.12530400287895616,P7_coarse_graining,D5_source_swap,,,
confirmatory,10000,persistent_shared_mode,linear_CKA,0.20526531696462846,0.34347649900784477,0.6112210826213365,-0.2677445836134917,P2_global_scaling,D6_common_driver_replacement,,,
confirmatory,10000,persistent_shared_mode,VAR_ARX_predictive,0.04655264812902632,0.9063203778899039,0.9864787108440173,-0.08015833295411334,P2_global_scaling,D6_common_driver_replacement,,,
confirmatory,10000,direct_coupling_SCM,correlon_v1,0.026732156017182332,0.0,1.0,-1.0,P6_time_reparameterization,D2_phase_randomization,0.011995478128678239,0.05957312894585878,-0.06818730517893024
confirmatory,10000,direct_coupling_SCM,pearson,0.08138114335043073,0.9776800255769202,0.8168830682078975,0.16079695736902277,P4_orthogonal_basis_rotation,D3_IAAFT_surrogate,,,
confirmatory,10000,direct_coupling_SCM,mutual_information,0.017004068284241614,0.9658204314275727,0.7846325973001237,0.181187834127449,P5_observation_noise,D3_IAAFT_surrogate,,,
confirmatory,10000,direct_coupling_SCM,largest_covariance_eigenvalue,1.794895456308617,0.8858443146522746,1.0,-0.11415568534772536,P7_coarse_graining,D7_history_destruction,,,
confirmatory,10000,direct_coupling_SCM,pca_rank1_explained_variance,0.14957462135905147,0.9995038699923274,1.0,-0.0004961300076725683,P5_observation_noise,D7_history_destruction,,,
confirmatory,10000,direct_coupling_SCM,spectral_coherence,0.12945194241120625,0.9789478109200485,1.0,-0.021052189079951544,P5_observation_noise,D2_phase_randomization,,,
confirmatory,10000,direct_coupling_SCM,autocorrelation_persistence,0.6113342918864179,0.8025010184027476,1.0,-0.19749898159725243,P7_coarse_graining,D5_source_swap,,,
confirmatory,10000,direct_coupling_SCM,linear_CKA,0.03738456932132049,0.6204215253441369,0.6968949398365926,-0.0764734144924557,P2_global_scaling,D3_IAAFT_surrogate,,,
confirmatory,10000,direct_coupling_SCM,VAR_ARX_predictive,0.05387197764653556,0.8326426253456111,0.6672034426687871,0.165439182676824,P2_global_scaling,D6_common_driver_replacement,,,
confirmatory,10000,history_dependent_relational_mode,correlon_v1,0.0,0.0,1.0,-1.0,P1_node_permutation,D2_phase_randomization,0.00257420424870132,-0.016196308049964067,-0.02235981394097597
confirmatory,10000,history_dependent_relational_mode,pearson,0.05860476700637791,0.9890106739483824,1.0,-0.01098932605161762,P5_observation_noise,D2_phase_randomization,,,
confirmatory,10000,history_dependent_relational_mode,mutual_information,0.009675651676097297,0.9835044976183932,1.0,-0.016495502381606797,P5_observation_noise,D2_phase_randomization,,,
confirmatory,10000,history_dependent_relational_mode,largest_covariance_eigenvalue,1.5197404959262308,0.8973875895543474,1.0,-0.10261241044565261,P7_coarse_graining,D6_common_driver_replacement,,,
confirmatory,10000,history_dependent_relational_mode,pca_rank1_explained_variance,0.12664504132718593,0.9899140915781841,1.0,-0.010085908421815892,P5_observation_noise,D6_common_driver_replacement,,,
confirmatory,10000,history_dependent_relational_mode,spectral_coherence,0.13957881774136532,0.9550067734863478,1.0,-0.04499322651365223,P5_observation_noise,D6_common_driver_replacement,,,
confirmatory,10000,history_dependent_relational_mode,autocorrelation_persistence,0.6183842198205486,0.8023608238867221,1.0,-0.19763917611327786,P7_coarse_graining,D5_source_swap,,,
confirmatory,10000,history_dependent_relational_mode,linear_CKA,0.020075640350698615,0.48845836672126464,1.0,-0.5115416332787354,P2_global_scaling,D2_phase_randomization,,,
confirmatory,10000,history_dependent_relational_mode,VAR_ARX_predictive,0.03469403657953524,0.9997491633679689,1.0,-0.00025083663203107065,P2_global_scaling,D6_common_driver_replacement,,,
confirmatory,10001,persistent_shared_mode,correlon_v1,0.23311260464503555,0.9951842072595061,0.7117154808972267,0.2834687263622794,P2_global_scaling,D6_common_driver_replacement,0.13874664896587963,0.3916598119624225,0.42652544103219375
confirmatory,10001,persistent_shared_mode,pearson,0.15845441241948757,0.8383500139432712,0.7319831500493021,0.1063668638939691,P4_orthogonal_basis_rotation,D6_common_driver_replacement,,,
confirmatory,10001,persistent_shared_mode,mutual_information,0.04951456819943034,0.9892188297919047,0.4394533523705772,0.5497654774213274,P5_observation_noise,D6_common_driver_replacement,,,
confirmatory,10001,persistent_shared_mode,largest_covariance_eigenvalue,2.396796722489862,0.9484932527200662,0.9314908334001883,0.017002419319877893,P7_coarse_graining,D6_common_driver_replacement,,,
confirmatory,10001,persistent_shared_mode,pca_rank1_explained_variance,0.19973306020748852,0.993815538758268,0.9314908334001888,0.06232470535807921,P5_observation_noise,D6_common_driver_replacement,,,
confirmatory,10001,persistent_shared_mode,spectral_coherence,0.22970216655285994,0.5947251141791092,0.9613201998912665,-0.36659508571215726,P2_global_scaling,D6_common_driver_replacement,,,
confirmatory,10001,persistent_shared_mode,autocorrelation_persistence,0.6783266969096681,0.85088962823008,1.0,-0.14911037176992004,P7_coarse_graining,D5_source_swap,,,
confirmatory,10001,persistent_shared_mode,linear_CKA,0.14158156606875064,0.41199641593377484,0.5300122738161817,-0.11801585788240682,P2_global_scaling,D6_common_driver_replacement,,,
confirmatory,10001,persistent_shared_mode,VAR_ARX_predictive,0.04735357986634009,0.9441416698506178,0.9203162356039685,0.02382543424664929,P2_global_scaling,D6_common_driver_replacement,,,
confirmatory,10001,direct_coupling_SCM,correlon_v1,0.06155815243834289,0.0,1.0,-1.0,P6_time_reparameterization,D6_common_driver_replacement,0.03838849904452318,0.0987120159927922,0.06170321565385528
confirmatory,10001,direct_coupling_SCM,pearson,0.061090140674078044,0.9915289040659551,1.0,-0.008471095934044937,P5_observation_noise,D4_edge_cutting,,,
confirmatory,10001,direct_coupling_SCM,mutual_information,0.01117964071918165,0.9695446919312408,1.0,-0.03045530806875918,P5_observation_noise,D4_edge_cutting,,,
confirmatory,10001,direct_coupling_SCM,largest_covariance_eigenvalue,1.4195758149171636,0.8448016351170806,1.0,-0.15519836488291938,P7_coarse_graining,D4_edge_cutting,,,
confirmatory,10001,direct_coupling_SCM,pca_rank1_explained_variance,0.11829798457643033,1.0,1.0,0.0,P1_node_permutation,D4_edge_cutting,,,
confirmatory,10001,direct_coupling_SCM,spectral_coherence,0.15362000552260835,1.0,0.9546420242143228,0.04535797578567724,P1_node_permutation,D7_history_destruction,,,
confirmatory,10001,direct_coupling_SCM,autocorrelation_persistence,0.58759638669791,0.7876710577727583,1.0,-0.21232894222724175,P7_coarse_graining,D5_source_swap,,,
confirmatory,10001,direct_coupling_SCM,linear_CKA,0.02193171868316803,0.9461087441533673,1.0,-0.05389125584663268,P2_global_scaling,D4_edge_cutting,,,
confirmatory,10001,direct_coupling_SCM,VAR_ARX_predictive,0.04917408346715657,0.9811557043657015,0.6770014902292919,0.30415421413640964,P5_observation_noise,D4_edge_cutting,,,
confirmatory,10001,history_dependent_relational_mode,correlon_v1,0.0,0.0,1.0,-1.0,P1_node_permutation,D1_temporal_shuffle,-0.0028167108951342723,0.11298081036428059,0.07219330477140418
confirmatory,10001,history_dependent_relational_mode,pearson,0.06296606425194828,0.9999999999999996,1.0,-4.440892098500626e-16,P2_global_scaling,D7_history_destruction,,,
confirmatory,10001,history_dependent_relational_mode,mutual_information,0.011526458830447894,0.9999993790788777,1.0,-6.209211222962807e-07,P2_global_scaling,D7_history_destruction,,,
confirmatory,10001,history_dependent_relational_mode,largest_covariance_eigenvalue,1.4350450863854032,0.8613809941124047,1.0,-0.13861900588759535,P7_coarse_graining,D5_source_swap,,,
confirmatory,10001,history_dependent_relational_mode,pca_rank1_explained_variance,0.11958709053211695,0.9999999999999992,1.0,-7.771561172376096e-16,P4_orthogonal_basis_rotation,D5_source_swap,,,
confirmatory,10001,history_dependent_relational_mode,spectral_coherence,0.17246745915727207,0.6719665539141159,0.8524809763347267,-0.1805144224206109,P2_global_scaling,D6_common_driver_replacement,,,
confirmatory,10001,history_dependent_relational_mode,autocorrelation_persistence,0.6023564980403991,0.8124683997988473,1.0,-0.18753160020115267,P7_coarse_graining,D5_source_swap,,,
confirmatory,10001,history_dependent_relational_mode,linear_CKA,0.023190006459416046,0.807623793528306,0.9988844548832814,-0.19126066135497533,P2_global_scaling,D7_history_destruction,,,
confirmatory,10001,history_dependent_relational_mode,VAR_ARX_predictive,0.033781980139111434,0.9152911635828729,1.0,-0.08470883641712712,P2_global_scaling,D3_IAAFT_surrogate,,,
confirmatory,10002,persistent_shared_mode,correlon_v1,0.4227073374012354,0.9146637384288528,0.9255818345423343,-0.01091809611348149,P6_time_reparameterization,D6_common_driver_replacement,0.23015148228651172,0.7763647286459979,0.557248356554507
confirmatory,10002,persistent_shared_mode,pearson,0.20784422109360687,0.8679945371304414,0.6892199061210871,0.1787746310093543,P4_orthogonal_basis_rotation,D6_common_driver_replacement,,,
confirmatory,10002,persistent_shared_mode,mutual_information,0.08463808519279348,0.9816743320683919,0.40729435616210197,0.57437997590629,P5_observation_noise,D3_IAAFT_surrogate,,,
confirmatory,10002,persistent_shared_mode,largest_covariance_eigenvalue,2.866000911564442,0.9632053220676365,0.8574964213581885,0.10570890070944805,P6_time_reparameterization,D6_common_driver_replacement,,,
confirmatory,10002,persistent_shared_mode,pca_rank1_explained_variance,0.23883340929703675,0.9884808677657991,0.8574964213581889,0.1309844464076102,P5_observation_noise,D6_common_driver_replacement,,,
confirmatory,10002,persistent_shared_mode,spectral_coherence,0.18925489515923605,0.7046684338917277,1.0,-0.29533156610827227,P2_global_scaling,D6_common_driver_replacement,,,
confirmatory,10002,persistent_shared_mode,autocorrelation_persistence,0.7006190299187828,0.8888079934403244,1.0,-0.11119200655967565,P7_coarse_graining,D7_history_destruction,,,
confirmatory,10002,persistent_shared_mode,linear_CKA,0.23134972586715763,0.6828290442629426,0.48516216253739,0.19766688172555258,P2_global_scaling,D6_common_driver_replacement,,,
confirmatory,10002,persistent_shared_mode,VAR_ARX_predictive,0.04497623332012768,0.9254640625399411,0.9421543176029138,-0.016690255062972725,P2_global_scaling,D6_common_driver_replacement,,,
confirmatory,10002,direct_coupling_SCM,correlon_v1,0.035236948129595144,0.0,1.0,-1.0,P6_time_reparameterization,D1_temporal_shuffle,0.033657351372354885,0.03689067804983685,0.12145620552770603
confirmatory,10002,direct_coupling_SCM,pearson,0.08298855699339597,0.960517390250931,0.8493483431609427,0.11116904708998832,P4_orthogonal_basis_rotation,D6_common_driver_replacement,,,
confirmatory,10002,direct_coupling_SCM,mutual_information,0.017966208855909716,0.9890594762211831,0.7067861346792196,0.2822733415419635,P5_observation_noise,D5_source_swap,,,
confirmatory,10002,direct_coupling_SCM,largest_covariance_eigenvalue,1.741413690821029,0.8821885769222236,0.9648957435110812,-0.08270716658885757,P7_coarse_graining,D6_common_driver_replacement,,,
confirmatory,10002,direct_coupling_SCM,pca_rank1_explained_variance,0.14511780756841908,0.9956806870208201,0.9648957435110813,0.030784943509738816,P5_observation_noise,D6_common_driver_replacement,,,
confirmatory,10002,direct_coupling_SCM,spectral_coherence,0.17015761871138815,1.0,0.8301662910601326,0.16983370893986738,P1_node_permutation,D6_common_driver_replacement,,,
confirmatory,10002,direct_coupling_SCM,autocorrelation_persistence,0.6141087474825047,0.7999743567778244,1.0,-0.20002564322217564,P7_coarse_graining,D5_source_swap,,,
confirmatory,10002,direct_coupling_SCM,linear_CKA,0.03937645687551324,0.7467724949599351,0.7372425992255335,0.009529895734401661,P2_global_scaling,D6_common_driver_replacement,,,
confirmatory,10002,direct_coupling_SCM,VAR_ARX_predictive,0.04456296259662923,0.9483085422150652,0.834626229953871,0.11368231226119418,P2_global_scaling,D8_block_shuffle,,,
confirmatory,10002,history_dependent_relational_mode,correlon_v1,0.017662448264757876,0.0,1.0,-1.0,P6_time_reparameterization,D4_edge_cutting,0.00404637893989071,0.07709660497434143,-0.00021415315740846985
confirmatory,10002,history_dependent_relational_mode,pearson,0.05919259971400971,0.9999999999999998,1.0,-2.220446049250313e-16,P1_node_permutation,D2_phase_randomization,,,
confirmatory,10002,history_dependent_relational_mode,mutual_information,0.01082806142793924,0.9999984987720072,1.0,-1.5012279928061645e-06,P2_global_scaling,D5_source_swap,,,
confirmatory,10002,history_dependent_relational_mode,largest_covariance_eigenvalue,1.4275212366926604,0.8793756976301688,1.0,-0.12062430236983124,P7_coarse_graining,D1_temporal_shuffle,,,
confirmatory,10002,history_dependent_relational_mode,pca_rank1_explained_variance,0.11896010305772176,0.9999999999999996,1.0,-4.440892098500626e-16,P3_affine_offset,D1_temporal_shuffle,,,
confirmatory,10002,history_dependent_relational_mode,spectral_coherence,0.14229202985656397,0.9339032462090419,1.0,-0.06609675379095814,P5_observation_noise,D1_temporal_shuffle,,,
confirmatory,10002,history_dependent_relational_mode,autocorrelation_persistence,0.6038922061551771,0.7956216455560201,1.0,-0.2043783544439799,P7_coarse_graining,D7_history_destruction,,,
confirmatory,10002,history_dependent_relational_mode,linear_CKA,0.020458129156991807,0.6878408113700466,1.0,-0.3121591886299534,P2_global_scaling,D2_phase_randomization,,,
confirmatory,10002,history_dependent_relational_mode,VAR_ARX_predictive,0.03784028971962555,0.9945295391965395,0.9124561304120985,0.08207340878444103,P2_global_scaling,D3_IAAFT_surrogate,,,
confirmatory,10003,persistent_shared_mode,correlon_v1,0.2840581887786911,0.9972479915254526,0.3998452870383752,0.5974027044870774,P2_global_scaling,D6_common_driver_replacement,0.15781408979247907,0.5112918290016707,0.40028628433344193
confirmatory,10003,persistent_shared_mode,pearson,0.17861601587883533,0.8823518079900012,0.6573846898524613,0.2249671181375399,P4_orthogonal_basis_rotation,D6_common_driver_replacement,,,
confirmatory,10003,persistent_shared_mode,mutual_information,0.06226521637187887,0.9883136300686021,0.3642965399254239,0.6240170901431782,P5_observation_noise,D6_common_driver_replacement,,,
confirmatory,10003,persistent_shared_mode,largest_covariance_eigenvalue,2.61464020954178,0.9641249888627467,0.8429152669307084,0.12120972193203827,P7_coarse_graining,D6_common_driver_replacement,,,
confirmatory,10003,persistent_shared_mode,pca_rank1_explained_variance,0.2178866841284816,1.0,0.8429152669307087,0.15708473306929127,P1_node_permutation,D6_common_driver_replacement,,,
confirmatory,10003,persistent_shared_mode,spectral_coherence,0.17399707605668013,0.8689890079465676,1.0,-0.13101099205343236,P2_global_scaling,D6_common_driver_replacement,,,
confirmatory,10003,persistent_shared_mode,autocorrelation_persistence,0.6795928362587498,0.8527758986678846,1.0,-0.1472241013321154,P7_coarse_graining,D5_source_swap,,,
confirmatory,10003,persistent_shared_mode,linear_CKA,0.17417470923942854,0.5992670614716089,0.4418211676466685,0.1574458938249404,P2_global_scaling,D6_common_driver_replacement,,,
confirmatory,10003,persistent_shared_mode,VAR_ARX_predictive,0.04426269401031674,0.9617583288914314,0.8614649687520994,0.10029336013933199,P2_global_scaling,D6_common_driver_replacement,,,
confirmatory,10003,direct_coupling_SCM,correlon_v1,0.0,0.0,1.0,-1.0,P1_node_permutation,D3_IAAFT_surrogate,0.0015568374611914793,-0.02664622363379933,-0.02982482970496192
confirmatory,10003,direct_coupling_SCM,pearson,0.0862359078286756,0.9590878421194262,0.8707623842087969,0.08832545791062929,P4_orthogonal_basis_rotation,D6_common_driver_replacement,,,
confirmatory,10003,direct_coupling_SCM,mutual_information,0.01711531261450383,1.0,0.7330873373747191,0.2669126626252809,P1_node_permutation,D6_common_driver_replacement,,,
confirmatory,10003,direct_coupling_SCM,largest_covariance_eigenvalue,1.8167434296021825,0.9125266458540754,0.9256117990501496,-0.013085153196074173,P7_coarse_graining,D6_common_driver_replacement,,,
confirmatory,10003,direct_coupling_SCM,pca_rank1_explained_variance,0.15139528580018188,1.0,0.9256117990501498,0.07438820094985021,P1_node_permutation,D6_common_driver_replacement,,,
confirmatory,10003,direct_coupling_SCM,spectral_coherence,0.28405337007619696,0.5165971242875415,0.6394834758006942,-0.12288635151315275,P2_global_scaling,D6_common_driver_replacement,,,
confirmatory,10003,direct_coupling_SCM,autocorrelation_persistence,0.614191288897467,0.796370643787995,1.0,-0.20362935621200495,P7_coarse_graining,D5_source_swap,,,
confirmatory,10003,direct_coupling_SCM,linear_CKA,0.04265817864642493,0.9999999999999999,0.7728389273628823,0.2271610726371176,P4_orthogonal_basis_rotation,D6_common_driver_replacement,,,
confirmatory,10003,direct_coupling_SCM,VAR_ARX_predictive,0.055358717118898226,0.8853045839484983,0.6423510902514799,0.24295349369701846,P2_global_scaling,D7_history_destruction,,,
confirmatory,10003,history_dependent_relational_mode,correlon_v1,0.0,0.0,1.0,-1.0,P1_node_permutation,D2_phase_randomization,-0.007693229409960256,0.07530706664529349,0.052545583484345904
confirmatory,10003,history_dependent_relational_mode,pearson,0.059123777356508464,0.9836099909115564,1.0,-0.01639000908844357,P5_observation_noise,D3_IAAFT_surrogate,,,
confirmatory,10003,history_dependent_relational_mode,mutual_information,0.011559245937980966,0.9726275048641063,0.9764888353646243,-0.0038613305005179566,P5_observation_noise,D3_IAAFT_surrogate,,,
confirmatory,10003,history_dependent_relational_mode,largest_covariance_eigenvalue,1.314814659602305,0.8693612072203915,1.0,-0.13063879277960855,P7_coarse_graining,D3_IAAFT_surrogate,,,
confirmatory,10003,history_dependent_relational_mode,pca_rank1_explained_variance,0.10956788830019204,0.9890607858192791,1.0,-0.010939214180720858,P5_observation_noise,D3_IAAFT_surrogate,,,
confirmatory,10003,history_dependent_relational_mode,spectral_coherence,0.13315230735660508,0.9919859712137986,1.0,-0.008014028786201388,P2_global_scaling,D3_IAAFT_surrogate,,,
confirmatory,10003,history_dependent_relational_mode,autocorrelation_persistence,0.6079336938682908,0.7985812015272367,1.0,-0.20141879847276334,P7_coarse_graining,D5_source_swap,,,
confirmatory,10003,history_dependent_relational_mode,linear_CKA,0.020566241684999945,0.9723910126744526,1.0,-0.027608987325547396,P5_observation_noise,D3_IAAFT_surrogate,,,
confirmatory,10003,history_dependent_relational_mode,VAR_ARX_predictive,0.037679046662194626,1.0,0.9262644464787869,0.07373555352121308,P1_node_permutation,D4_edge_cutting,,,
confirmatory,10004,persistent_shared_mode,correlon_v1,0.38612531386525817,0.9726897326494744,0.8750194368024125,0.097670295847062,P6_time_reparameterization,D6_common_driver_replacement,0.20050361900394326,0.7435913563466003,0.4980920718034288
confirmatory,10004,persistent_shared_mode,pearson,0.1780263164291438,0.9146122466066594,0.7231405686425272,0.19147167796413223,P4_orthogonal_basis_rotation,D6_common_driver_replacement,,,
confirmatory,10004,persistent_shared_mode,mutual_information,0.07499809281909275,0.9936084422224132,0.4063177981428288,0.5872906440795844,P5_observation_noise,D6_common_driver_replacement,,,
confirmatory,10004,persistent_shared_mode,largest_covariance_eigenvalue,2.4724544894506097,0.9537976121478366,0.895966208010594,0.05783140413724264,P7_coarse_graining,D6_common_driver_replacement,,,
confirmatory,10004,persistent_shared_mode,pca_rank1_explained_variance,0.2060378741208842,0.9902805317711929,0.8959662080105938,0.09431432376059912,P5_observation_noise,D6_common_driver_replacement,,,
confirmatory,10004,persistent_shared_mode,spectral_coherence,0.21718030743611944,0.6375970828708023,1.0,-0.3624029171291977,P2_global_scaling,D6_common_driver_replacement,,,
confirmatory,10004,persistent_shared_mode,autocorrelation_persistence,0.6806917598824426,0.8772613777356714,1.0,-0.12273862226432863,P7_coarse_graining,D5_source_swap,,,
confirmatory,10004,persistent_shared_mode,linear_CKA,0.17858081060334155,0.49275326370036354,0.5261147771836712,-0.033361513483307625,P2_global_scaling,D6_common_driver_replacement,,,
confirmatory,10004,persistent_shared_mode,VAR_ARX_predictive,0.05091276229388564,0.9069909380428113,0.8946592033687674,0.012331734674043915,P2_global_scaling,D6_common_driver_replacement,,,
confirmatory,10004,direct_coupling_SCM,correlon_v1,0.0,0.0,1.0,-1.0,P1_node_permutation,D2_phase_randomization,-0.012887158034697407,0.13581279416613995,0.06373018472134684
confirmatory,10004,direct_coupling_SCM,pearson,0.07654828205100168,0.9945568938903605,1.0,-0.005443106109639495,P5_observation_noise,D3_IAAFT_surrogate,,,
confirmatory,10004,direct_coupling_SCM,mutual_information,0.01712544936226923,0.9910198459699084,1.0,-0.008980154030091558,P5_observation_noise,D3_IAAFT_surrogate,,,
confirmatory,10004,direct_coupling_SCM,largest_covariance_eigenvalue,1.5988899339876521,0.8967800567325981,1.0,-0.10321994326740191,P7_coarse_graining,D7_history_destruction,,,
confirmatory,10004,direct_coupling_SCM,pca_rank1_explained_variance,0.13324082783230434,0.9956486809168484,1.0,-0.004351319083151561,P5_observation_noise,D7_history_destruction,,,
confirmatory,10004,direct_coupling_SCM,spectral_coherence,0.12332139972952522,0.9760009345946946,1.0,-0.023999065405305386,P2_global_scaling,D1_temporal_shuffle,,,
confirmatory,10004,direct_coupling_SCM,autocorrelation_persistence,0.6121308236241239,0.8047417435028646,1.0,-0.19525825649713535,P7_coarse_graining,D3_IAAFT_surrogate,,,
confirmatory,10004,direct_coupling_SCM,linear_CKA,0.03389781867524028,0.7037478806044117,1.0,-0.29625211939558826,P2_global_scaling,D3_IAAFT_surrogate,,,
confirmatory,10004,direct_coupling_SCM,VAR_ARX_predictive,0.04851871881099612,0.9274821969998436,0.8600220193073036,0.06746017769253998,P6_time_reparameterization,D3_IAAFT_surrogate,,,
confirmatory,10004,history_dependent_relational_mode,correlon_v1,0.0,0.0,1.0,-1.0,P1_node_permutation,D4_edge_cutting,0.03359483129457727,-0.021017641538886342,0.06911057832886097
confirmatory,10004,history_dependent_relational_mode,pearson,0.06907043167365964,0.9727236856662357,0.9518331255885544,0.02089056007768131,P4_orthogonal_basis_rotation,D6_common_driver_replacement,,,
confirmatory,10004,history_dependent_relational_mode,mutual_information,0.01316982608009487,0.9999996824037299,0.8942025057238715,0.10579717667985844,P2_global_scaling,D4_edge_cutting,,,
confirmatory,10004,history_dependent_relational_mode,largest_covariance_eigenvalue,1.4615790819212755,0.8741333882226386,1.0,-0.12586661177736136,P7_coarse_graining,D4_edge_cutting,,,
confirmatory,10004,history_dependent_relational_mode,pca_rank1_explained_variance,0.12179825682677299,1.0,1.0,0.0,P1_node_permutation,D4_edge_cutting,,,
confirmatory,10004,history_dependent_relational_mode,spectral_coherence,0.13696271777972,0.9252552272833446,1.0,-0.07474477271665536,P2_global_scaling,D3_IAAFT_surrogate,,,
confirmatory,10004,history_dependent_relational_mode,autocorrelation_persistence,0.5972525760832883,0.7851361073321437,1.0,-0.21486389266785633,P7_coarse_graining,D5_source_swap,,,
confirmatory,10004,history_dependent_relational_mode,linear_CKA,0.027949488526329568,0.7321679234541307,0.9139884499837228,-0.18182052652959202,P2_global_scaling,D6_common_driver_replacement,,,
confirmatory,10004,history_dependent_relational_mode,VAR_ARX_predictive,0.033319812944454574,0.9677761395679139,1.0,-0.03222386043208614,P2_global_scaling,D3_IAAFT_surrogate,,,
confirmatory,10005,persistent_shared_mode,correlon_v1,0.31183961977962255,0.9470237250921143,1.0,-0.0529762749078857,P5_observation_noise,D6_common_driver_replacement,0.18904192699087707,0.5144041325234291,0.3160392927044714
confirmatory,10005,persistent_shared_mode,pearson,0.2258156259235385,0.8845003776483518,0.7764552976071218,0.10804508004122992,P4_orthogonal_basis_rotation,D6_common_driver_replacement,,,
confirmatory,10005,persistent_shared_mode,mutual_information,0.07186963138383073,0.9920994651106181,0.5275827578135719,0.4645167072970462,P5_observation_noise,D6_common_driver_replacement,,,
confirmatory,10005,persistent_shared_mode,largest_covariance_eigenvalue,3.1960879969136746,0.9134071130387981,0.8838315016280891,0.02957561141070897,P2_global_scaling,D6_common_driver_replacement,,,
confirmatory,10005,persistent_shared_mode,pca_rank1_explained_variance,0.2663406664094729,0.9961781796080206,0.8838315016280892,0.11234667797993136,P5_observation_noise,D6_common_driver_replacement,,,
confirmatory,10005,persistent_shared_mode,spectral_coherence,0.2880476533675361,0.4038619756580962,1.0,-0.5961380243419039,P2_global_scaling,D6_common_driver_replacement,,,
confirmatory,10005,persistent_shared_mode,autocorrelation_persistence,0.706153346911036,0.8924728744114947,0.9994385105357927,-0.10696563612429799,P7_coarse_graining,D2_phase_randomization,,,
confirmatory,10005,persistent_shared_mode,linear_CKA,0.25925594158439524,0.4491148496645465,0.6264098264947,-0.1772949768301535,P2_global_scaling,D6_common_driver_replacement,,,
confirmatory,10005,persistent_shared_mode,VAR_ARX_predictive,0.05162575950538356,0.8581799321491445,0.8927817735806343,-0.03460184143148981,P2_global_scaling,D6_common_driver_replacement,,,
confirmatory,10005,direct_coupling_SCM,correlon_v1,0.044331270914081206,0.0,1.0,-1.0,P6_time_reparameterization,D1_temporal_shuffle,0.025886754007951582,0.07591765194871467,0.06881204045687805
confirmatory,10005,direct_coupling_SCM,pearson,0.08906099465194878,0.9805502680777749,0.7765259561047113,0.2040243119730636,P4_orthogonal_basis_rotation,D4_edge_cutting,,,
confirmatory,10005,direct_coupling_SCM,mutual_information,0.018803844738461972,0.9896794864836328,0.7406055896988314,0.2490738967848014,P5_observation_noise,D4_edge_cutting,,,
confirmatory,10005,direct_coupling_SCM,largest_covariance_eigenvalue,1.7543803900718435,0.8770774627789227,0.9095672926643685,-0.0324898298854458,P7_coarse_graining,D7_history_destruction,,,
confirmatory,10005,direct_coupling_SCM,pca_rank1_explained_variance,0.14619836583932025,0.9974737488629929,0.909567292664369,0.08790645619862392,P5_observation_noise,D7_history_destruction,,,
confirmatory,10005,direct_coupling_SCM,spectral_coherence,0.2045413301717079,0.6753588404952188,0.8398939623614391,-0.16453512186622032,P2_global_scaling,D6_common_driver_replacement,,,
confirmatory,10005,direct_coupling_SCM,autocorrelation_persistence,0.6025510217482154,0.7889992585536812,1.0,-0.21100074144631875,P7_coarse_graining,D5_source_swap,,,
confirmatory,10005,direct_coupling_SCM,linear_CKA,0.04601362352581817,0.4360451207432627,0.6131939999607922,-0.17714887921752948,P2_global_scaling,D4_edge_cutting,,,
confirmatory,10005,direct_coupling_SCM,VAR_ARX_predictive,0.05109560393332624,0.955799041312803,0.7396063565175987,0.21619268479520437,P5_observation_noise,D8_block_shuffle,,,
confirmatory,10005,history_dependent_relational_mode,correlon_v1,0.0,0.0,1.0,-1.0,P1_node_permutation,D7_history_destruction,-0.05183829729940871,0.052469092152433755,-0.04292015423322662
confirmatory,10005,history_dependent_relational_mode,pearson,0.05195401904687714,0.987894567007445,1.0,-0.012105432992554954,P5_observation_noise,D2_phase_randomization,,,
confirmatory,10005,history_dependent_relational_mode,mutual_information,0.007862870734884342,0.9880367617525554,1.0,-0.011963238247444608,P5_observation_noise,D2_phase_randomization,,,
confirmatory,10005,history_dependent_relational_mode,largest_covariance_eigenvalue,1.4175338702711309,0.8524428961451678,1.0,-0.14755710385483223,P7_coarse_graining,D2_phase_randomization,,,
confirmatory,10005,history_dependent_relational_mode,pca_rank1_explained_variance,0.11812782252259423,0.9992234874460086,1.0,-0.0007765125539913598,P5_observation_noise,D2_phase_randomization,,,
confirmatory,10005,history_dependent_relational_mode,spectral_coherence,0.14305034178884252,0.9558654080584394,1.0,-0.04413459194156055,P2_global_scaling,D6_common_driver_replacement,,,
confirmatory,10005,history_dependent_relational_mode,autocorrelation_persistence,0.613566705401266,0.8087577893919756,1.0,-0.19124221060802438,P7_coarse_graining,D5_source_swap,,,
confirmatory,10005,history_dependent_relational_mode,linear_CKA,0.015827766727404977,0.922167008768236,1.0,-0.07783299123176401,P2_global_scaling,D2_phase_randomization,,,
confirmatory,10005,history_dependent_relational_mode,VAR_ARX_predictive,0.04028003710694833,1.0,1.0,0.0,P1_node_permutation,D8_block_shuffle,,,
confirmatory,10006,persistent_shared_mode,correlon_v1,0.08359692650534252,0.0,1.0,-1.0,P6_time_reparameterization,D6_common_driver_replacement,0.09322373801095454,0.07496423411297282,0.33963603689247046
confirmatory,10006,persistent_shared_mode,pearson,0.18474479425726648,0.8323958365611136,0.7613358483721757,0.07105998818893788,P4_orthogonal_basis_rotation,D6_common_driver_replacement,,,
confirmatory,10006,persistent_shared_mode,mutual_information,0.05793959798432047,0.9768573161291948,0.4727788760782022,0.5040784400509926,P5_observation_noise,D6_common_driver_replacement,,,
confirmatory,10006,persistent_shared_mode,largest_covariance_eigenvalue,2.716079126706523,0.9541460110647675,0.9137179056866985,0.04042810537806896,P7_coarse_graining,D6_common_driver_replacement,,,
confirmatory,10006,persistent_shared_mode,pca_rank1_explained_variance,0.22633992722554352,0.9926756155485847,0.913717905686699,0.07895770986188577,P5_observation_noise,D6_common_driver_replacement,,,
confirmatory,10006,persistent_shared_mode,spectral_coherence,0.23485574117163788,0.74453011036805,1.0,-0.25546988963195005,P2_global_scaling,D6_common_driver_replacement,,,
confirmatory,10006,persistent_shared_mode,autocorrelation_persistence,0.6897801309668544,0.8692759630652219,1.0,-0.13072403693477808,P7_coarse_graining,D5_source_swap,,,
confirmatory,10006,persistent_shared_mode,linear_CKA,0.18409586673396805,0.8184360277043123,0.5867259266035524,0.23171010110075996,P2_global_scaling,D6_common_driver_replacement,,,
confirmatory,10006,persistent_shared_mode,VAR_ARX_predictive,0.05054118934208757,0.9999999999999956,0.8446533958994743,0.15534660410052126,P4_orthogonal_basis_rotation,D6_common_driver_replacement,,,
confirmatory,10006,direct_coupling_SCM,correlon_v1,0.0,0.0,1.0,-1.0,P1_node_permutation,D5_source_swap,-0.023745723026972462,-0.1477089339740238,0.059782583669328926
confirmatory,10006,direct_coupling_SCM,pearson,0.07698610891294472,0.9094268980920934,0.9196604795791535,-0.010233581487060106,P4_orthogonal_basis_rotation,D6_common_driver_replacement,,,
confirmatory,10006,direct_coupling_SCM,mutual_information,0.013959322346309255,1.0,1.0,0.0,P1_node_permutation,D3_IAAFT_surrogate,,,
confirmatory,10006,direct_coupling_SCM,largest_covariance_eigenvalue,1.6999773880449693,0.8797805271378624,1.0,-0.12021947286213763,P7_coarse_graining,D6_common_driver_replacement,,,
confirmatory,10006,direct_coupling_SCM,pca_rank1_explained_variance,0.14166478233708077,0.9943852573386592,1.0,-0.005614742661340766,P5_observation_noise,D6_common_driver_replacement,,,
confirmatory,10006,direct_coupling_SCM,spectral_coherence,0.16636941518626988,0.7478632314826251,1.0,-0.2521367685173749,P2_global_scaling,D6_common_driver_replacement,,,
confirmatory,10006,direct_coupling_SCM,autocorrelation_persistence,0.61426969026149,0.8041893485390338,1.0,-0.1958106514609662,P7_coarse_graining,D5_source_swap,,,
confirmatory,10006,direct_coupling_SCM,linear_CKA,0.03454169799243993,0.6181875715884569,0.8457691924027678,-0.22758162081431088,P2_global_scaling,D6_common_driver_replacement,,,
confirmatory,10006,direct_coupling_SCM,VAR_ARX_predictive,0.059238286728523604,0.7944255583147364,0.6436113617654647,0.15081419654927164,P2_global_scaling,D6_common_driver_replacement,,,
confirmatory,10006,history_dependent_relational_mode,correlon_v1,0.0,0.0,1.0,-1.0,P1_node_permutation,D7_history_destruction,-0.0370215597763221,0.0037165439986118903,-0.057068995922200216
confirmatory,10006,history_dependent_relational_mode,pearson,0.0744192692085485,0.9796942950223594,0.9641049742550807,0.015589320767278703,P4_orthogonal_basis_rotation,D3_IAAFT_surrogate,,,
confirmatory,10006,history_dependent_relational_mode,mutual_information,0.014163702606849626,0.9829104218183207,1.0,-0.017089578181679332,P5_observation_noise,D2_phase_randomization,,,
confirmatory,10006,history_dependent_relational_mode,largest_covariance_eigenvalue,1.542822707135558,0.8840042207775949,0.9988911926414902,-0.11488697186389529,P7_coarse_graining,D7_history_destruction,,,
confirmatory,10006,history_dependent_relational_mode,pca_rank1_explained_variance,0.12856855892796318,0.9912842281489811,0.9988911926414901,-0.007606964492508972,P5_observation_noise,D7_history_destruction,,,
confirmatory,10006,history_dependent_relational_mode,spectral_coherence,0.16344719887840342,0.6570579640676428,1.0,-0.34294203593235717,P2_global_scaling,D6_common_driver_replacement,,,
confirmatory,10006,history_dependent_relational_mode,autocorrelation_persistence,0.6154840039130477,0.8301482496713426,1.0,-0.1698517503286574,P7_coarse_graining,D5_source_swap,,,
confirmatory,10006,history_dependent_relational_mode,linear_CKA,0.032323155927417246,0.7842904329920262,0.9456931667419255,-0.16140273374989933,P2_global_scaling,D3_IAAFT_surrogate,,,
confirmatory,10006,history_dependent_relational_mode,VAR_ARX_predictive,0.035418408401406976,0.969629854373533,1.0,-0.030370145626467004,P2_global_scaling,D5_source_swap,,,
confirmatory,10007,persistent_shared_mode,correlon_v1,0.21853934011123546,0.9590380982370533,1.0,-0.04096190176294667,P6_time_reparameterization,D6_common_driver_replacement,0.09158856819951956,0.521456379492837,0.27230392838438583
confirmatory,10007,persistent_shared_mode,pearson,0.1686145990293333,0.9302060786889123,0.7175487649466158,0.21265731374229646,P4_orthogonal_basis_rotation,D6_common_driver_replacement,,,
confirmatory,10007,persistent_shared_mode,mutual_information,0.0521883747481976,0.9594529117454084,0.5015406004663651,0.4579123112790433,P5_observation_noise,D6_common_driver_replacement,,,
confirmatory,10007,persistent_shared_mode,largest_covariance_eigenvalue,2.5510642245960296,0.9211953669409753,0.8463347694554213,0.07486059748555396,P6_time_reparameterization,D6_common_driver_replacement,,,
confirmatory,10007,persistent_shared_mode,pca_rank1_explained_variance,0.21258868538300246,0.9996791348371344,0.8463347694554216,0.1533443653817128,P5_observation_noise,D6_common_driver_replacement,,,
confirmatory,10007,persistent_shared_mode,spectral_coherence,0.21578358443057183,0.6273156112560005,1.0,-0.37268438874399945,P2_global_scaling,D6_common_driver_replacement,,,
confirmatory,10007,persistent_shared_mode,autocorrelation_persistence,0.687240373427399,0.8712313952576186,0.9995219231395038,-0.12829052788188522,P7_coarse_graining,D5_source_swap,,,
confirmatory,10007,persistent_shared_mode,linear_CKA,0.1557098794474045,0.6086109936185412,0.532359651299089,0.07625134231945219,P2_global_scaling,D6_common_driver_replacement,,,
confirmatory,10007,persistent_shared_mode,VAR_ARX_predictive,0.04695063953810075,0.9895357523418138,0.8689477857455212,0.12058796659629256,P2_global_scaling,D6_common_driver_replacement,,,
confirmatory,10007,direct_coupling_SCM,correlon_v1,0.0,0.0,1.0,-1.0,P1_node_permutation,D5_source_swap,-0.011626072088844669,0.18394766802799498,-0.05882817268201909
confirmatory,10007,direct_coupling_SCM,pearson,0.07383388752747037,0.9536761198142395,0.9095988439952073,0.0440772758190322,P4_orthogonal_basis_rotation,D6_common_driver_replacement,,,
confirmatory,10007,direct_coupling_SCM,mutual_information,0.013828666511549237,0.989299215503118,0.9020070396795614,0.08729217582355653,P5_observation_noise,D8_block_shuffle,,,
confirmatory,10007,direct_coupling_SCM,largest_covariance_eigenvalue,1.6373517586418067,0.8600803840760585,0.9678902197575724,-0.10780983568151392,P7_coarse_graining,D7_history_destruction,,,
confirmatory,10007,direct_coupling_SCM,pca_rank1_explained_variance,0.1364459798868172,0.9996425205825133,0.967890219757573,0.031752300824940405,P5_observation_noise,D7_history_destruction,,,
confirmatory,10007,direct_coupling_SCM,spectral_coherence,0.16413012627549842,0.9313430973308295,1.0,-0.06865690266917046,P6_time_reparameterization,D4_edge_cutting,,,
confirmatory,10007,direct_coupling_SCM,autocorrelation_persistence,0.6071593415396793,0.8259357907463128,1.0,-0.17406420925368715,P7_coarse_graining,D5_source_swap,,,
confirmatory,10007,direct_coupling_SCM,linear_CKA,0.03171496800024275,0.6945170366672341,0.841948550161809,-0.14743151349457495,P2_global_scaling,D6_common_driver_replacement,,,
confirmatory,10007,direct_coupling_SCM,VAR_ARX_predictive,0.04644814703792749,0.9409173624893112,0.7550589935437689,0.1858583689455423,P2_global_scaling,D5_source_swap,,,
confirmatory,10007,history_dependent_relational_mode,correlon_v1,0.0,0.0,1.0,-1.0,P1_node_permutation,D1_temporal_shuffle,0.01715664080579303,-0.04620689320684003,0.0029871549424115296
confirmatory,10007,history_dependent_relational_mode,pearson,0.07177146250575266,0.9753588300105245,0.9598107689551588,0.015548061055365658,P5_observation_noise,D6_common_driver_replacement,,,
confirmatory,10007,history_dependent_relational_mode,mutual_information,0.013967664525877499,0.9546209608226883,1.0,-0.045379039177311675,P5_observation_noise,D8_block_shuffle,,,
confirmatory,10007,history_dependent_relational_mode,largest_covariance_eigenvalue,1.5779859855342213,0.8873531206542894,0.9916795987673179,-0.10432647811302853,P7_coarse_graining,D6_common_driver_replacement,,,
confirmatory,10007,history_dependent_relational_mode,pca_rank1_explained_variance,0.13149883212785177,0.9917451764151067,0.9916795987673177,6.557764778902797e-05,P5_observation_noise,D6_common_driver_replacement,,,
confirmatory,10007,history_dependent_relational_mode,spectral_coherence,0.1304561699728661,0.9152144157558701,1.0,-0.08478558424412985,P2_global_scaling,D1_temporal_shuffle,,,
confirmatory,10007,history_dependent_relational_mode,autocorrelation_persistence,0.606472121204937,0.8315282228278744,1.0,-0.16847177717212558,P7_coarse_graining,D7_history_destruction,,,
confirmatory,10007,history_dependent_relational_mode,linear_CKA,0.02993852544415516,0.7483120116754055,0.9345716553491443,-0.18625964367373882,P2_global_scaling,D6_common_driver_replacement,,,
confirmatory,10007,history_dependent_relational_mode,VAR_ARX_predictive,0.031568257384663956,0.9531342108834575,1.0,-0.04686578911654249,P2_global_scaling,D5_source_swap,,,
confirmatory,10008,persistent_shared_mode,correlon_v1,0.25388770347202155,0.9856307562697342,0.7812604729785207,0.20437028329121343,P2_global_scaling,D6_common_driver_replacement,0.09337097323608473,0.6903533693636805,0.44215948179720327
confirmatory,10008,persistent_shared_mode,pearson,0.19073852584144452,0.9325028426406317,0.7814306211740243,0.15107222146660737,P4_orthogonal_basis_rotation,D6_common_driver_replacement,,,
confirmatory,10008,persistent_shared_mode,mutual_information,0.06045392899886082,0.9752739618810132,0.5407241941925984,0.4345497676884148,P5_observation_noise,D6_common_driver_replacement,,,
confirmatory,10008,persistent_shared_mode,largest_covariance_eigenvalue,2.7323669830383412,0.9270610014641366,0.9246284409062349,0.002432560557901753,P6_time_reparameterization,D6_common_driver_replacement,,,
confirmatory,10008,persistent_shared_mode,pca_rank1_explained_variance,0.22769724858652843,0.992134667827314,0.9246284409062344,0.06750622692107955,P5_observation_noise,D6_common_driver_replacement,,,
confirmatory,10008,persistent_shared_mode,spectral_coherence,0.21812383670352392,0.5636732101617327,1.0,-0.43632678983826734,P2_global_scaling,D6_common_driver_replacement,,,
confirmatory,10008,persistent_shared_mode,autocorrelation_persistence,0.690694183758454,0.8707558189997981,1.0,-0.12924418100020185,P7_coarse_graining,D5_source_swap,,,
confirmatory,10008,persistent_shared_mode,linear_CKA,0.19740785552821194,0.7464800252664193,0.6133492283533744,0.13313079691304497,P2_global_scaling,D6_common_driver_replacement,,,
confirmatory,10008,persistent_shared_mode,VAR_ARX_predictive,0.04995295129671651,0.9761221755305711,0.7079149967500803,0.26820717878049083,P5_observation_noise,D6_common_driver_replacement,,,
confirmatory,10008,direct_coupling_SCM,correlon_v1,0.06120133179039504,0.0,0.32604707881143763,-0.32604707881143763,P5_observation_noise,D6_common_driver_replacement,0.047788123128024954,0.07837937059975139,-0.019867002159674796
confirmatory,10008,direct_coupling_SCM,pearson,0.06478479210320125,0.9836195022271222,1.0,-0.016380497772877756,P5_observation_noise,D2_phase_randomization,,,
confirmatory,10008,direct_coupling_SCM,mutual_information,0.012442219841294677,0.9759865423707703,1.0,-0.024013457629229684,P5_observation_noise,D2_phase_randomization,,,
confirmatory,10008,direct_coupling_SCM,largest_covariance_eigenvalue,1.5246624762889565,0.8681222214958922,1.0,-0.13187777850410776,P7_coarse_graining,D5_source_swap,,,
confirmatory,10008,direct_coupling_SCM,pca_rank1_explained_variance,0.12705520635741305,0.9999999999999993,1.0,-6.661338147750939e-16,P3_affine_offset,D5_source_swap,,,
confirmatory,10008,direct_coupling_SCM,spectral_coherence,0.12013310001893626,0.9638439382303071,1.0,-0.03615606176969288,P5_observation_noise,D1_temporal_shuffle,,,
confirmatory,10008,direct_coupling_SCM,autocorrelation_persistence,0.6102989218456017,0.786556870065296,1.0,-0.21344312993470405,P7_coarse_graining,D7_history_destruction,,,
confirmatory,10008,direct_coupling_SCM,linear_CKA,0.02450030038211768,0.8772328694767901,1.0,-0.12276713052320987,P2_global_scaling,D2_phase_randomization,,,
confirmatory,10008,direct_coupling_SCM,VAR_ARX_predictive,0.05185599316916345,0.9921841268327851,0.6387563789606083,0.3534277478721768,P5_observation_noise,D7_history_destruction,,,
confirmatory,10008,history_dependent_relational_mode,correlon_v1,0.0,0.0,1.0,-1.0,P1_node_permutation,D1_temporal_shuffle,-0.0028489169941507964,-0.006699882952882125,-0.042452893803500535
confirmatory,10008,history_dependent_relational_mode,pearson,0.06510992798565747,0.9855837406921516,1.0,-0.0144162593078484,P5_observation_noise,D5_source_swap,,,
confirmatory,10008,history_dependent_relational_mode,mutual_information,0.011327745325559468,0.9666972203332712,1.0,-0.03330277966672879,P5_observation_noise,D2_phase_randomization,,,
confirmatory,10008,history_dependent_relational_mode,largest_covariance_eigenvalue,1.4753642515598073,0.8419232671453414,1.0,-0.15807673285465862,P7_coarse_graining,D5_source_swap,,,
confirmatory,10008,history_dependent_relational_mode,pca_rank1_explained_variance,0.12294702096331733,0.9999999999999987,1.0,-1.3322676295501878e-15,P4_orthogonal_basis_rotation,D5_source_swap,,,
confirmatory,10008,history_dependent_relational_mode,spectral_coherence,0.14126669925295682,0.6910551028069916,1.0,-0.30894489719300844,P2_global_scaling,D2_phase_randomization,,,
confirmatory,10008,history_dependent_relational_mode,autocorrelation_persistence,0.6037089125804357,0.8176347931537447,1.0,-0.18236520684625535,P7_coarse_graining,D5_source_swap,,,
confirmatory,10008,history_dependent_relational_mode,linear_CKA,0.024652128959601373,0.8305769102433508,1.0,-0.16942308975664921,P2_global_scaling,D5_source_swap,,,
confirmatory,10008,history_dependent_relational_mode,VAR_ARX_predictive,0.034854180926471134,0.9610447945116943,1.0,-0.038955205488305666,P5_observation_noise,D1_temporal_shuffle,,,
confirmatory,10009,persistent_shared_mode,correlon_v1,0.3753892100576176,0.9999999999999992,1.0,-7.771561172376096e-16,P3_affine_offset,D6_common_driver_replacement,0.17598590207756598,0.8007292479915399,0.519126092646687
confirmatory,10009,persistent_shared_mode,pearson,0.2039898047962155,0.7893389316925601,0.8166822858923352,-0.027343354199775072,P4_orthogonal_basis_rotation,D6_common_driver_replacement,,,
confirmatory,10009,persistent_shared_mode,mutual_information,0.06904944010604486,0.999079105577052,0.5599333531344755,0.4391457524425766,P5_observation_noise,D6_common_driver_replacement,,,
confirmatory,10009,persistent_shared_mode,largest_covariance_eigenvalue,2.8934514682586014,0.9619458321797336,0.9342801944229359,0.027665637756797756,P7_coarse_graining,D6_common_driver_replacement,,,
confirmatory,10009,persistent_shared_mode,pca_rank1_explained_variance,0.2411209556882168,0.9928189992174491,0.934280194422936,0.05853880479451312,P5_observation_noise,D6_common_driver_replacement,,,
confirmatory,10009,persistent_shared_mode,spectral_coherence,0.23917084859992138,0.6991838070308187,1.0,-0.3008161929691813,P2_global_scaling,D6_common_driver_replacement,,,
confirmatory,10009,persistent_shared_mode,autocorrelation_persistence,0.697209644831584,0.8548480339444963,1.0,-0.14515196605550373,P7_coarse_graining,D7_history_destruction,,,
confirmatory,10009,persistent_shared_mode,linear_CKA,0.22387114653071666,0.7146206251153743,0.6653593322497477,0.04926129286562653,P2_global_scaling,D6_common_driver_replacement,,,
confirmatory,10009,persistent_shared_mode,VAR_ARX_predictive,0.055019712700283496,0.947618454676294,0.8623695916076192,0.08524886306867485,P6_time_reparameterization,D6_common_driver_replacement,,,
confirmatory,10009,direct_coupling_SCM,correlon_v1,0.025128296927675053,0.5289147736207908,0.7300858411900564,-0.20117106756926562,P7_coarse_graining,D3_IAAFT_surrogate,0.00291911952447145,0.21630882229796103,0.06503420360830492
confirmatory,10009,direct_coupling_SCM,pearson,0.06654111074671393,0.9697838394988608,1.0,-0.030216160501139178,P4_orthogonal_basis_rotation,D5_source_swap,,,
confirmatory,10009,direct_coupling_SCM,mutual_information,0.011629215396067427,0.9911175909757589,1.0,-0.00888240902424109,P5_observation_noise,D5_source_swap,,,
confirmatory,10009,direct_coupling_SCM,largest_covariance_eigenvalue,1.6529220846812103,0.8844472861057936,1.0,-0.1155527138942064,P7_coarse_graining,D7_history_destruction,,,
confirmatory,10009,direct_coupling_SCM,pca_rank1_explained_variance,0.1377435070567675,0.9991763173412,1.0,-0.0008236826587999513,P5_observation_noise,D7_history_destruction,,,
confirmatory,10009,direct_coupling_SCM,spectral_coherence,0.2091720313866709,0.7932038436801296,0.765034091591347,0.028169752088782585,P6_time_reparameterization,D8_block_shuffle,,,
confirmatory,10009,direct_coupling_SCM,autocorrelation_persistence,0.6006957833131731,0.8063300191559367,1.0,-0.19366998084406328,P7_coarse_graining,D5_source_swap,,,
confirmatory,10009,direct_coupling_SCM,linear_CKA,0.02557511735121699,0.9502616581624753,1.0,-0.04973834183752468,P2_global_scaling,D5_source_swap,,,
confirmatory,10009,direct_coupling_SCM,VAR_ARX_predictive,0.05238731736192165,0.9780581570567174,0.7209035985112822,0.25715455854543523,P5_observation_noise,D6_common_driver_replacement,,,
confirmatory,10009,history_dependent_relational_mode,correlon_v1,0.05510380245495994,0.0,0.4825044241385927,-0.4825044241385927,P5_observation_noise,D5_source_swap,0.012552001627287548,0.24190795501445556,0.0630275538087176
confirmatory,10009,history_dependent_relational_mode,pearson,0.06584799403179759,0.9999999999999998,1.0,-2.220446049250313e-16,P1_node_permutation,D3_IAAFT_surrogate,,,
confirmatory,10009,history_dependent_relational_mode,mutual_information,0.012611157379804228,0.9999993640997425,1.0,-6.3590025745075e-07,P2_global_scaling,D3_IAAFT_surrogate,,,
confirmatory,10009,history_dependent_relational_mode,largest_covariance_eigenvalue,1.4780022340380863,0.8784040436134088,1.0,-0.12159595638659115,P7_coarse_graining,D6_common_driver_replacement,,,
confirmatory,10009,history_dependent_relational_mode,pca_rank1_explained_variance,0.12316685283650712,1.0,1.0,0.0,P1_node_permutation,D6_common_driver_replacement,,,
confirmatory,10009,history_dependent_relational_mode,spectral_coherence,0.12789495044685717,0.9999999999999939,1.0,-6.106226635438361e-15,P3_affine_offset,D1_temporal_shuffle,,,
confirmatory,10009,history_dependent_relational_mode,autocorrelation_persistence,0.6142357232596201,0.7906084452187494,1.0,-0.2093915547812506,P7_coarse_graining,D7_history_destruction,,,
confirmatory,10009,history_dependent_relational_mode,linear_CKA,0.025454619815940334,0.5396410230135623,1.0,-0.4603589769864377,P2_global_scaling,D3_IAAFT_surrogate,,,
confirmatory,10009,history_dependent_relational_mode,VAR_ARX_predictive,0.033111904831067074,0.9618210851411952,1.0,-0.03817891485880476,P5_observation_noise,D6_common_driver_replacement,,,
confirmatory,10010,persistent_shared_mode,correlon_v1,0.36086871423793,0.9743898331623,1.0,-0.02561016683770001,P5_observation_noise,D6_common_driver_replacement,0.19330045300739096,0.6736985190135973,0.4810285135279623
confirmatory,10010,persistent_shared_mode,pearson,0.2770888001865896,0.8343993296242352,0.6999020107432966,0.13449731888093863,P4_orthogonal_basis_rotation,D6_common_driver_replacement,,,
confirmatory,10010,persistent_shared_mode,mutual_information,0.08517066513511917,0.9777369733681816,0.5099824576916933,0.4677545156764883,P5_observation_noise,D6_common_driver_replacement,,,
confirmatory,10010,persistent_shared_mode,largest_covariance_eigenvalue,3.7644667796835707,0.9753595618451003,0.8072457032809243,0.16811385856417604,P7_coarse_graining,D6_common_driver_replacement,,,
confirmatory,10010,persistent_shared_mode,pca_rank1_explained_variance,0.3137055649736309,1.0,0.8072457032809243,0.19275429671907574,P1_node_permutation,D6_common_driver_replacement,,,
confirmatory,10010,persistent_shared_mode,spectral_coherence,0.2519034890006478,0.6145066730207203,1.0,-0.38549332697927974,P2_global_scaling,D6_common_driver_replacement,,,
confirmatory,10010,persistent_shared_mode,autocorrelation_persistence,0.7188356053574229,0.8862019494274856,0.9993815022587919,-0.11317955283130621,P7_coarse_graining,D2_phase_randomization,,,
confirmatory,10010,persistent_shared_mode,linear_CKA,0.36008339704751907,0.4882058984642701,0.5321491397900743,-0.04394324132580418,P2_global_scaling,D6_common_driver_replacement,,,
confirmatory,10010,persistent_shared_mode,VAR_ARX_predictive,0.05187329909700844,0.9447308657203299,0.8326386331447407,0.1120922325755892,P6_time_reparameterization,D6_common_driver_replacement,,,
confirmatory,10010,direct_coupling_SCM,correlon_v1,0.037227647510923875,0.0,1.0,-1.0,P5_observation_noise,D6_common_driver_replacement,0.01105286571703662,0.12538809162056563,0.0990034301374968
confirmatory,10010,direct_coupling_SCM,pearson,0.08210748239881037,0.9700797769258978,1.0,-0.029920223074102248,P5_observation_noise,D6_common_driver_replacement,,,
confirmatory,10010,direct_coupling_SCM,mutual_information,0.017718196630220673,0.9352866233420856,0.8569152481230142,0.07837137521907134,P5_observation_noise,D6_common_driver_replacement,,,
confirmatory,10010,direct_coupling_SCM,largest_covariance_eigenvalue,1.688995613739655,0.8981873462835241,1.0,-0.10181265371647585,P7_coarse_graining,D6_common_driver_replacement,,,
confirmatory,10010,direct_coupling_SCM,pca_rank1_explained_variance,0.14074963447830463,0.9922143423936326,1.0,-0.007785657606367402,P5_observation_noise,D6_common_driver_replacement,,,
confirmatory,10010,direct_coupling_SCM,spectral_coherence,0.12219227569059295,0.9849647637199406,1.0,-0.015035236280059427,P2_global_scaling,D1_temporal_shuffle,,,
confirmatory,10010,direct_coupling_SCM,autocorrelation_persistence,0.6171441243116309,0.7955603256157096,0.9989842620995832,-0.2034239364838737,P7_coarse_graining,D2_phase_randomization,,,
confirmatory,10010,direct_coupling_SCM,linear_CKA,0.0391201354206348,0.3453891048426756,1.0,-0.6546108951573244,P2_global_scaling,D6_common_driver_replacement,,,
confirmatory,10010,direct_coupling_SCM,VAR_ARX_predictive,0.04710981660357849,0.8392464510498453,0.7767721291349083,0.06247432191493696,P2_global_scaling,D2_phase_randomization,,,
confirmatory,10010,history_dependent_relational_mode,correlon_v1,0.0,0.0,1.0,-1.0,P1_node_permutation,D4_edge_cutting,0.00806308819136839,-0.09373054058520416,-0.015333358973865896
confirmatory,10010,history_dependent_relational_mode,pearson,0.07463937621724084,0.9827903602600673,0.9383057753682778,0.044484584891789525,P4_orthogonal_basis_rotation,D2_phase_randomization,,,
confirmatory,10010,history_dependent_relational_mode,mutual_information,0.01437203139316956,0.9999980424066256,1.0,-1.9575933744020446e-06,P2_global_scaling,D2_phase_randomization,,,
confirmatory,10010,history_dependent_relational_mode,largest_covariance_eigenvalue,1.5903435195405746,0.8797854345610399,0.9561258982319878,-0.07634046367094793,P7_coarse_graining,D7_history_destruction,,,
confirmatory,10010,history_dependent_relational_mode,pca_rank1_explained_variance,0.1325286266283811,1.0,0.9561258982319882,0.043874101768011764,P1_node_permutation,D7_history_destruction,,,
confirmatory,10010,history_dependent_relational_mode,spectral_coherence,0.17107120909099954,0.7679400519243091,0.9181339233198426,-0.15019387139553342,P2_global_scaling,D6_common_driver_replacement,,,
confirmatory,10010,history_dependent_relational_mode,autocorrelation_persistence,0.6112755801567528,0.8039750772574589,1.0,-0.19602492274254113,P7_coarse_graining,D5_source_swap,,,
confirmatory,10010,history_dependent_relational_mode,linear_CKA,0.03260837649922543,0.19242086369128605,0.8791015135277246,-0.6866806498364385,P2_global_scaling,D2_phase_randomization,,,
confirmatory,10010,history_dependent_relational_mode,VAR_ARX_predictive,0.03116515635103051,0.9432642301486648,1.0,-0.056735769851335216,P2_global_scaling,D1_temporal_shuffle,,,
confirmatory,10011,persistent_shared_mode,correlon_v1,0.3424821702237448,0.9802875666527171,1.0,-0.0197124333472829,P2_global_scaling,D6_common_driver_replacement,0.17592621124094726,0.6667229180563721,0.5062716523430261
confirmatory,10011,persistent_shared_mode,pearson,0.22823478139717548,0.9187978538762417,0.7254782796290785,0.19331957424716317,P4_orthogonal_basis_rotation,D6_common_driver_replacement,,,
confirmatory,10011,persistent_shared_mode,mutual_information,0.08004144344215991,0.983595616815557,0.47817718024276973,0.5054184365727872,P5_observation_noise,D6_common_driver_replacement,,,
confirmatory,10011,persistent_shared_mode,largest_covariance_eigenvalue,3.15908614314123,0.9655555484701673,0.8507519394311172,0.11480360903905018,P7_coarse_graining,D6_common_driver_replacement,,,
confirmatory,10011,persistent_shared_mode,pca_rank1_explained_variance,0.26325717859510256,0.986395805742089,0.8507519394311172,0.1356438663109718,P5_observation_noise,D6_common_driver_replacement,,,
confirmatory,10011,persistent_shared_mode,spectral_coherence,0.22987755142980504,0.6317184057557489,1.0,-0.3682815942442511,P2_global_scaling,D6_common_driver_replacement,,,
confirmatory,10011,persistent_shared_mode,autocorrelation_persistence,0.712800819815827,0.8934268463186097,0.9986461026785065,-0.10521925635989682,P7_coarse_graining,D7_history_destruction,,,
confirmatory,10011,persistent_shared_mode,linear_CKA,0.2691647269996392,0.3481379259957699,0.5472971287536536,-0.19915920275788362,P2_global_scaling,D6_common_driver_replacement,,,
confirmatory,10011,persistent_shared_mode,VAR_ARX_predictive,0.04567362938382519,0.7913547634989825,0.9756834575056066,-0.1843286940066241,P2_global_scaling,D6_common_driver_replacement,,,
confirmatory,10011,direct_coupling_SCM,correlon_v1,0.0,0.0,1.0,-1.0,P1_node_permutation,D7_history_destruction,-0.00918311916319492,-0.03374423119890944,0.0811405085893242
confirmatory,10011,direct_coupling_SCM,pearson,0.056332501759678695,0.9496682840867027,1.0,-0.050331715913297326,P5_observation_noise,D2_phase_randomization,,,
confirmatory,10011,direct_coupling_SCM,mutual_information,0.008363058937510881,0.8984113447353428,1.0,-0.10158865526465721,P5_observation_noise,D2_phase_randomization,,,
confirmatory,10011,direct_coupling_SCM,largest_covariance_eigenvalue,1.601996072098145,0.8632247519304875,1.0,-0.13677524806951247,P7_coarse_graining,D7_history_destruction,,,
confirmatory,10011,direct_coupling_SCM,pca_rank1_explained_variance,0.13349967267484544,0.9857181307162961,1.0,-0.014281869283703896,P5_observation_noise,D7_history_destruction,,,
confirmatory,10011,direct_coupling_SCM,spectral_coherence,0.12532732516522194,0.9999999999999991,1.0,-8.881784197001252e-16,P4_orthogonal_basis_rotation,D2_phase_randomization,,,
confirmatory,10011,direct_coupling_SCM,autocorrelation_persistence,0.6061107063794299,0.7951513149825222,1.0,-0.20484868501747777,P7_coarse_graining,D7_history_destruction,,,
confirmatory,10011,direct_coupling_SCM,linear_CKA,0.018289492900730352,0.6581272417035442,1.0,-0.3418727582964558,P2_global_scaling,D2_phase_randomization,,,
confirmatory,10011,direct_coupling_SCM,VAR_ARX_predictive,0.053568650114357796,0.9923877295298403,0.674884264269139,0.3175034652607014,P6_time_reparameterization,D6_common_driver_replacement,,,
confirmatory,10011,history_dependent_relational_mode,correlon_v1,0.02609405652951174,0.5069134415787621,1.0,-0.49308655842123794,P6_time_reparameterization,D6_common_driver_replacement,0.014032387173928074,0.04852344634777852,0.016308025539020277
confirmatory,10011,history_dependent_relational_mode,pearson,0.06800358511201923,1.0,1.0,0.0,P1_node_permutation,D7_history_destruction,,,
confirmatory,10011,history_dependent_relational_mode,mutual_information,0.01367634080013147,0.999999019730984,1.0,-9.802690159599337e-07,P2_global_scaling,D7_history_destruction,,,
confirmatory,10011,history_dependent_relational_mode,largest_covariance_eigenvalue,1.4687711538216714,0.8801189101371096,1.0,-0.11988108986289037,P7_coarse_graining,D5_source_swap,,,
confirmatory,10011,history_dependent_relational_mode,pca_rank1_explained_variance,0.12239759615180591,0.9856045712607835,1.0,-0.01439542873921651,P5_observation_noise,D5_source_swap,,,
confirmatory,10011,history_dependent_relational_mode,spectral_coherence,0.1537489988620518,0.7940139577078927,1.0,-0.20598604229210726,P2_global_scaling,D5_source_swap,,,
confirmatory,10011,history_dependent_relational_mode,autocorrelation_persistence,0.6172343720845938,0.8185248282094203,1.0,-0.1814751717905797,P7_coarse_graining,D7_history_destruction,,,
confirmatory,10011,history_dependent_relational_mode,linear_CKA,0.02706678543985034,0.6889735574505241,1.0,-0.31102644254947587,P2_global_scaling,D7_history_destruction,,,
confirmatory,10011,history_dependent_relational_mode,VAR_ARX_predictive,0.03479253523774489,0.9799581665833158,1.0,-0.020041833416684196,P5_observation_noise,D3_IAAFT_surrogate,,,
confirmatory,10012,persistent_shared_mode,correlon_v1,0.38236856610516934,0.9999999999999973,1.0,-2.6645352591003757e-15,P1_node_permutation,D6_common_driver_replacement,0.2020945615637712,0.7234520276746182,0.5510602233440157
confirmatory,10012,persistent_shared_mode,pearson,0.1946136955393586,0.9392292840111921,0.7142292042139665,0.22500007979722558,P4_orthogonal_basis_rotation,D6_common_driver_replacement,,,
confirmatory,10012,persistent_shared_mode,mutual_information,0.08272482128884684,0.9935912972761581,0.42134449468630714,0.5722468025898511,P5_observation_noise,D6_common_driver_replacement,,,
confirmatory,10012,persistent_shared_mode,largest_covariance_eigenvalue,2.6932888200875826,0.9283446919189627,0.8554663128110898,0.07287837910787298,P6_time_reparameterization,D6_common_driver_replacement,,,
confirmatory,10012,persistent_shared_mode,pca_rank1_explained_variance,0.22444073500729858,0.9982326222244148,0.8554663128110898,0.14276630941332502,P5_observation_noise,D6_common_driver_replacement,,,
confirmatory,10012,persistent_shared_mode,spectral_coherence,0.19167930347800982,0.7175581475107993,1.0,-0.28244185248920073,P2_global_scaling,D6_common_driver_replacement,,,
confirmatory,10012,persistent_shared_mode,autocorrelation_persistence,0.6963632611166438,0.86931635240299,1.0,-0.13068364759701,P7_coarse_graining,D5_source_swap,,,
confirmatory,10012,persistent_shared_mode,linear_CKA,0.20754189297440603,0.7832489248232283,0.5230731118027132,0.26017581302051507,P2_global_scaling,D6_common_driver_replacement,,,
confirmatory,10012,persistent_shared_mode,VAR_ARX_predictive,0.04321636394638062,0.9893655957833363,0.9761116365699448,0.013253959213391453,P5_observation_noise,D6_common_driver_replacement,,,
confirmatory,10012,direct_coupling_SCM,correlon_v1,0.0,0.0,1.0,-1.0,P1_node_permutation,D3_IAAFT_surrogate,-0.011176053674924982,0.07755942957368336,0.024093966946229173
confirmatory,10012,direct_coupling_SCM,pearson,0.07420377647363864,0.920530943089249,0.958592755632738,-0.03806181254348906,P4_orthogonal_basis_rotation,D6_common_driver_replacement,,,
confirmatory,10012,direct_coupling_SCM,mutual_information,0.013039770069208423,0.96409720782358,1.0,-0.035902792176420006,P5_observation_noise,D2_phase_randomization,,,
confirmatory,10012,direct_coupling_SCM,largest_covariance_eigenvalue,1.7577057766935704,0.8829610165600666,0.9425491697634009,-0.059588153203334215,P7_coarse_graining,D7_history_destruction,,,
confirmatory,10012,direct_coupling_SCM,pca_rank1_explained_variance,0.14647548139113092,0.9991333752908703,0.9425491697634004,0.0565842055274699,P5_observation_noise,D7_history_destruction,,,
confirmatory,10012,direct_coupling_SCM,spectral_coherence,0.15085579824210485,0.8109133940458539,1.0,-0.18908660595414606,P2_global_scaling,D6_common_driver_replacement,,,
confirmatory,10012,direct_coupling_SCM,autocorrelation_persistence,0.6164713834547416,0.8298965213131526,0.9985247133768597,-0.16862819206370705,P7_coarse_graining,D3_IAAFT_surrogate,,,
confirmatory,10012,direct_coupling_SCM,linear_CKA,0.03174683988955667,0.4457540315291646,0.9328303279560627,-0.4870762964268981,P2_global_scaling,D6_common_driver_replacement,,,
confirmatory,10012,direct_coupling_SCM,VAR_ARX_predictive,0.05682399765754176,0.962691759246726,0.6248921265641343,0.3377996326825917,P6_time_reparameterization,D2_phase_randomization,,,
confirmatory,10012,history_dependent_relational_mode,correlon_v1,0.056687893637732106,0.0,1.0,-1.0,P6_time_reparameterization,D4_edge_cutting,0.03808539710168651,0.0843766254163732,0.04657980524421923
confirmatory,10012,history_dependent_relational_mode,pearson,0.063207574248288,0.9868652676990379,1.0,-0.013134732300962071,P4_orthogonal_basis_rotation,D2_phase_randomization,,,
confirmatory,10012,history_dependent_relational_mode,mutual_information,0.011534911664889624,0.9999988550432704,1.0,-1.1449567296484275e-06,P2_global_scaling,D2_phase_randomization,,,
confirmatory,10012,history_dependent_relational_mode,largest_covariance_eigenvalue,1.5849837614768751,0.8876820137233221,1.0,-0.11231798627667788,P7_coarse_graining,D5_source_swap,,,
confirmatory,10012,history_dependent_relational_mode,pca_rank1_explained_variance,0.13208198012307293,0.9877647981503391,1.0,-0.01223520184966087,P5_observation_noise,D5_source_swap,,,
confirmatory,10012,history_dependent_relational_mode,spectral_coherence,0.19418435417234267,0.7816884411193005,0.8511330418384104,-0.06944460071910996,P6_time_reparameterization,D6_common_driver_replacement,,,
confirmatory,10012,history_dependent_relational_mode,autocorrelation_persistence,0.6218483021786982,0.8382166645830017,1.0,-0.1617833354169983,P7_coarse_graining,D5_source_swap,,,
confirmatory,10012,history_dependent_relational_mode,linear_CKA,0.02323407436242462,0.6692455117033184,1.0,-0.33075448829668164,P2_global_scaling,D2_phase_randomization,,,
confirmatory,10012,history_dependent_relational_mode,VAR_ARX_predictive,0.0375825048226926,0.9999999999999956,0.8952110684511781,0.10478893154881741,P1_node_permutation,D2_phase_randomization,,,
confirmatory,10013,persistent_shared_mode,correlon_v1,0.2507713624241802,0.9878329621361418,0.25199364994629025,0.7358393121898515,P2_global_scaling,D4_edge_cutting,0.113959656765285,0.5518292876364321,0.48034426468015234
confirmatory,10013,persistent_shared_mode,pearson,0.15805982873183946,0.8897677414963021,0.6550268273860647,0.23474091411023745,P4_orthogonal_basis_rotation,D6_common_driver_replacement,,,
confirmatory,10013,persistent_shared_mode,mutual_information,0.053522068019688285,0.9999998566358812,0.4084052296361111,0.5915946269997701,P2_global_scaling,D6_common_driver_replacement,,,
confirmatory,10013,persistent_shared_mode,largest_covariance_eigenvalue,2.368822569921777,0.9378964398214013,0.9147552875538804,0.023141152267520892,P6_time_reparameterization,D5_source_swap,,,
confirmatory,10013,persistent_shared_mode,pca_rank1_explained_variance,0.19740188082681473,0.9999999999999994,0.9147552875538799,0.08524471244611953,P1_node_permutation,D5_source_swap,,,
confirmatory,10013,persistent_shared_mode,spectral_coherence,0.1801642761712503,0.8984760489429492,1.0,-0.10152395105705081,P2_global_scaling,D6_common_driver_replacement,,,
confirmatory,10013,persistent_shared_mode,autocorrelation_persistence,0.6851204583470941,0.8376102605551204,1.0,-0.16238973944487956,P7_coarse_graining,D5_source_swap,,,
confirmatory,10013,persistent_shared_mode,linear_CKA,0.14054413304883834,0.33645928414989995,0.43647383299408765,-0.1000145488441877,P2_global_scaling,D6_common_driver_replacement,,,
confirmatory,10013,persistent_shared_mode,VAR_ARX_predictive,0.03764524179359452,0.8394422030990745,1.0,-0.16055779690092553,P2_global_scaling,D6_common_driver_replacement,,,
confirmatory,10013,direct_coupling_SCM,correlon_v1,0.044245386198090056,0.946668079642289,1.0,-0.05333192035771095,P2_global_scaling,D5_source_swap,0.014520119210417709,0.1348235624962077,0.11317181060953929
confirmatory,10013,direct_coupling_SCM,pearson,0.0867176033208863,0.9620878590026805,0.9180941687151625,0.043993690287517984,P4_orthogonal_basis_rotation,D6_common_driver_replacement,,,
confirmatory,10013,direct_coupling_SCM,mutual_information,0.017063830424337456,0.9999998979484293,1.0,-1.0205157074949511e-07,P2_global_scaling,D7_history_destruction,,,
confirmatory,10013,direct_coupling_SCM,largest_covariance_eigenvalue,1.8544668901743417,0.8982373881714188,0.9555506771200526,-0.057313288948633745,P7_coarse_graining,D8_block_shuffle,,,
confirmatory,10013,direct_coupling_SCM,pca_rank1_explained_variance,0.1545389075145285,0.9981084076506774,0.9555506771200525,0.04255773053062495,P5_observation_noise,D8_block_shuffle,,,
confirmatory,10013,direct_coupling_SCM,spectral_coherence,0.15671620000643438,0.9099988210168909,1.0,-0.09000117898310911,P2_global_scaling,D3_IAAFT_surrogate,,,
confirmatory,10013,direct_coupling_SCM,autocorrelation_persistence,0.622175826739617,0.8163340106003089,0.9968668405210922,-0.18053282992078334,P7_coarse_graining,D3_IAAFT_surrogate,,,
confirmatory,10013,direct_coupling_SCM,linear_CKA,0.04293032533989629,0.47031529800883565,0.8675401035662148,-0.39722480555737916,P2_global_scaling,D6_common_driver_replacement,,,
confirmatory,10013,direct_coupling_SCM,VAR_ARX_predictive,0.051083119673731525,0.9953497583956326,0.7167148081504491,0.2786349502451835,P5_observation_noise,D6_common_driver_replacement,,,
confirmatory,10013,history_dependent_relational_mode,correlon_v1,0.09155389263743079,0.3239279884182713,1.0,-0.6760720115817287,P7_coarse_graining,D1_temporal_shuffle,0.03019724405718731,0.27757881617250296,-0.026043670905044447
confirmatory,10013,history_dependent_relational_mode,pearson,0.06590791424275576,0.9817386962620898,1.0,-0.01826130373791024,P5_observation_noise,D7_history_destruction,,,
confirmatory,10013,history_dependent_relational_mode,mutual_information,0.012554650917597776,0.9725298314500849,1.0,-0.02747016854991513,P5_observation_noise,D7_history_destruction,,,
confirmatory,10013,history_dependent_relational_mode,largest_covariance_eigenvalue,1.4991950030558872,0.8700725719767305,1.0,-0.1299274280232695,P7_coarse_graining,D6_common_driver_replacement,,,
confirmatory,10013,history_dependent_relational_mode,pca_rank1_explained_variance,0.12493291692132392,0.9876091242259667,1.0,-0.012390875774033305,P5_observation_noise,D6_common_driver_replacement,,,
confirmatory,10013,history_dependent_relational_mode,spectral_coherence,0.14328050247639068,0.9700600661704072,1.0,-0.029939933829592813,P5_observation_noise,D2_phase_randomization,,,
confirmatory,10013,history_dependent_relational_mode,autocorrelation_persistence,0.6125863486107931,0.8042300832491581,0.9982092337480629,-0.1939791504989048,P7_coarse_graining,D2_phase_randomization,,,
confirmatory,10013,history_dependent_relational_mode,linear_CKA,0.025276887948094365,0.9649454266237315,1.0,-0.035054573376268494,P5_observation_noise,D7_history_destruction,,,
confirmatory,10013,history_dependent_relational_mode,VAR_ARX_predictive,0.029219233784036514,0.9999999999999962,1.0,-3.774758283725532e-15,P4_orthogonal_basis_rotation,D1_temporal_shuffle,,,
confirmatory,10014,persistent_shared_mode,correlon_v1,0.0,0.0,1.0,-1.0,P1_node_permutation,D4_edge_cutting,0.0952344069871057,-0.11098418111528582,0.2970652301864054
confirmatory,10014,persistent_shared_mode,pearson,0.2387724244326889,0.880471961854038,0.8165386160671425,0.06393334578689547,P4_orthogonal_basis_rotation,D6_common_driver_replacement,,,
confirmatory,10014,persistent_shared_mode,mutual_information,0.07309532471357438,0.9852492248867677,0.5998477734412584,0.3854014514455093,P5_observation_noise,D6_common_driver_replacement,,,
confirmatory,10014,persistent_shared_mode,largest_covariance_eigenvalue,3.3529740112444912,0.9687692887074904,0.9038548005220443,0.0649144881854461,P7_coarse_graining,D6_common_driver_replacement,,,
confirmatory,10014,persistent_shared_mode,pca_rank1_explained_variance,0.2794145009370409,0.9995254714132978,0.9038548005220445,0.09567067089125336,P5_observation_noise,D6_common_driver_replacement,,,
confirmatory,10014,persistent_shared_mode,spectral_coherence,0.23706825443772866,0.7756176585900414,1.0,-0.2243823414099586,P2_global_scaling,D6_common_driver_replacement,,,
confirmatory,10014,persistent_shared_mode,autocorrelation_persistence,0.706923328272437,0.8952707194959216,1.0,-0.10472928050407837,P7_coarse_graining,D5_source_swap,,,
confirmatory,10014,persistent_shared_mode,linear_CKA,0.2843626026330768,0.9208776466333602,0.6872290195930287,0.2336486270403315,P2_global_scaling,D6_common_driver_replacement,,,
confirmatory,10014,persistent_shared_mode,VAR_ARX_predictive,0.046866938797208435,0.9778903315044202,0.8734132522983665,0.10447707920605365,P5_observation_noise,D6_common_driver_replacement,,,
confirmatory,10014,direct_coupling_SCM,correlon_v1,0.12280506017648961,0.3048225950516981,0.7278415132459266,-0.4230189181942285,P7_coarse_graining,D4_edge_cutting,0.04296593896492998,0.35100088973409477,0.14196460891316337
confirmatory,10014,direct_coupling_SCM,pearson,0.08124651671699354,0.9843767489691442,0.8410220342170652,0.14335471475207895,P4_orthogonal_basis_rotation,D5_source_swap,,,
confirmatory,10014,direct_coupling_SCM,mutual_information,0.017196042347164542,0.993100235935762,0.7110334014124389,0.28206683452332315,P5_observation_noise,D5_source_swap,,,
confirmatory,10014,direct_coupling_SCM,largest_covariance_eigenvalue,1.6846092460469508,0.8951779667273809,0.9967545728954009,-0.10157660616802,P7_coarse_graining,D5_source_swap,,,
confirmatory,10014,direct_coupling_SCM,pca_rank1_explained_variance,0.14038410383724595,0.9999044556563035,0.9967545728954008,0.003149882760902667,P5_observation_noise,D5_source_swap,,,
confirmatory,10014,direct_coupling_SCM,spectral_coherence,0.12682019941941827,0.8478093941021521,1.0,-0.15219060589784794,P2_global_scaling,D6_common_driver_replacement,,,
confirmatory,10014,direct_coupling_SCM,autocorrelation_persistence,0.607083278895188,0.835069694920545,1.0,-0.16493030507945505,P7_coarse_graining,D5_source_swap,,,
confirmatory,10014,direct_coupling_SCM,linear_CKA,0.038361444716316424,0.4887342440153864,0.7076570460512048,-0.21892280203581843,P2_global_scaling,D6_common_driver_replacement,,,
confirmatory,10014,direct_coupling_SCM,VAR_ARX_predictive,0.04577420994834147,0.865213715425243,0.8332741585540469,0.031939556871196095,P2_global_scaling,D1_temporal_shuffle,,,
confirmatory,10014,history_dependent_relational_mode,correlon_v1,0.0,0.0,1.0,-1.0,P1_node_permutation,D3_IAAFT_surrogate,-0.015365016009824595,0.028245989011513123,-0.01110177051171174
confirmatory,10014,history_dependent_relational_mode,pearson,0.0715777515572281,0.9666656565373977,0.9441544216388527,0.022511234898545007,P4_orthogonal_basis_rotation,D5_source_swap,,,
confirmatory,10014,history_dependent_relational_mode,mutual_information,0.01455968906912919,0.9999984420400634,0.9335794560853997,0.06641898595466367,P2_global_scaling,D5_source_swap,,,
confirmatory,10014,history_dependent_relational_mode,largest_covariance_eigenvalue,1.660820583053399,0.8804214559351858,1.0,-0.11957854406481416,P7_coarse_graining,D7_history_destruction,,,
confirmatory,10014,history_dependent_relational_mode,pca_rank1_explained_variance,0.13840171525444997,0.9996379715150413,1.0,-0.00036202848495869855,P5_observation_noise,D7_history_destruction,,,
confirmatory,10014,history_dependent_relational_mode,spectral_coherence,0.1368708051068128,0.9583638076308425,1.0,-0.0416361923691575,P6_time_reparameterization,D2_phase_randomization,,,
confirmatory,10014,history_dependent_relational_mode,autocorrelation_persistence,0.620245028642782,0.8511193030540813,1.0,-0.14888069694591866,P7_coarse_graining,D7_history_destruction,,,
confirmatory,10014,history_dependent_relational_mode,linear_CKA,0.029454326300511313,0.5134808296411266,0.9137321340533175,-0.4002513044121909,P2_global_scaling,D5_source_swap,,,
confirmatory,10014,history_dependent_relational_mode,VAR_ARX_predictive,0.03717694438502761,0.9233874283355489,0.883808511492293,0.039578916843255874,P2_global_scaling,D3_IAAFT_surrogate,,,
confirmatory,10015,persistent_shared_mode,correlon_v1,0.27704616986572245,0.9449205700805148,1.0,-0.05507942991948522,P5_observation_noise,D6_common_driver_replacement,0.12126877753545744,0.6329294464506717,0.4681844593532961
confirmatory,10015,persistent_shared_mode,pearson,0.23726574833598288,0.9248840801953966,0.7643629809777419,0.16052109921765467,P4_orthogonal_basis_rotation,D6_common_driver_replacement,,,
confirmatory,10015,persistent_shared_mode,mutual_information,0.07988821576776406,0.9904817663685213,0.5332911214849886,0.45719064488353267,P5_observation_noise,D6_common_driver_replacement,,,
confirmatory,10015,persistent_shared_mode,largest_covariance_eigenvalue,3.2555416435931503,0.9673616882234113,0.8770994954224005,0.09026219280101078,P7_coarse_graining,D6_common_driver_replacement,,,
confirmatory,10015,persistent_shared_mode,pca_rank1_explained_variance,0.27129513696609586,0.9874671978797989,0.8770994954224004,0.11036770245739846,P5_observation_noise,D6_common_driver_replacement,,,
confirmatory,10015,persistent_shared_mode,spectral_coherence,0.24079022400503416,0.8595301694172354,0.9470383600087594,-0.08750819059152404,P2_global_scaling,D6_common_driver_replacement,,,
confirmatory,10015,persistent_shared_mode,autocorrelation_persistence,0.7014332102606015,0.881585507245672,1.0,-0.11841449275432803,P7_coarse_graining,D2_phase_randomization,,,
confirmatory,10015,persistent_shared_mode,linear_CKA,0.2871085200916207,0.979653494773634,0.60179296348297,0.377860531290664,P5_observation_noise,D6_common_driver_replacement,,,
confirmatory,10015,persistent_shared_mode,VAR_ARX_predictive,0.0451154058049385,1.0,0.9522693450245273,0.047730654975472686,P1_node_permutation,D6_common_driver_replacement,,,
confirmatory,10015,direct_coupling_SCM,correlon_v1,0.0,0.0,1.0,-1.0,P1_node_permutation,D4_edge_cutting,-0.010779864695643779,-0.0415670046472808,0.012125502063287108
confirmatory,10015,direct_coupling_SCM,pearson,0.07551830711187328,0.9999999999999998,0.8870931200509887,0.11290687994901105,P1_node_permutation,D3_IAAFT_surrogate,,,
confirmatory,10015,direct_coupling_SCM,mutual_information,0.01742202534409487,0.9999987067391038,0.7548613703774272,0.24513733636167667,P2_global_scaling,D4_edge_cutting,,,
confirmatory,10015,direct_coupling_SCM,largest_covariance_eigenvalue,1.5334601068164702,0.8609408657798077,1.0,-0.13905913422019234,P7_coarse_graining,D5_source_swap,,,
confirmatory,10015,direct_coupling_SCM,pca_rank1_explained_variance,0.12778834223470584,0.9986738261727159,1.0,-0.0013261738272840606,P5_observation_noise,D5_source_swap,,,
confirmatory,10015,direct_coupling_SCM,spectral_coherence,0.11738367977946335,0.916108156149734,1.0,-0.08389184385026605,P2_global_scaling,D1_temporal_shuffle,,,
confirmatory,10015,direct_coupling_SCM,autocorrelation_persistence,0.6064614838485834,0.7820569421312992,1.0,-0.21794305786870083,P7_coarse_graining,D5_source_swap,,,
confirmatory,10015,direct_coupling_SCM,linear_CKA,0.0333092711900853,0.5854613234603706,0.7950701179883563,-0.20960879452798564,P2_global_scaling,D3_IAAFT_surrogate,,,
confirmatory,10015,direct_coupling_SCM,VAR_ARX_predictive,0.05575111980334474,0.9333682781400477,0.625228864337584,0.3081394138024638,P2_global_scaling,D2_phase_randomization,,,
confirmatory,10015,history_dependent_relational_mode,correlon_v1,0.07583771584691479,0.0,0.6896219060124488,-0.6896219060124488,P6_time_reparameterization,D4_edge_cutting,0.04771606428326709,0.1205329741936461,0.012460112335228424
confirmatory,10015,history_dependent_relational_mode,pearson,0.0898185806775933,0.9401295071736825,0.7892161649173871,0.15091334225629538,P4_orthogonal_basis_rotation,D3_IAAFT_surrogate,,,
confirmatory,10015,history_dependent_relational_mode,mutual_information,0.01619089294449272,0.9957074438081727,0.960518207411445,0.03518923639672766,P5_observation_noise,D3_IAAFT_surrogate,,,
confirmatory,10015,history_dependent_relational_mode,largest_covariance_eigenvalue,1.9489552490309405,0.8854264283068098,0.8472671793723021,0.03815924893450773,P6_time_reparameterization,D8_block_shuffle,,,
confirmatory,10015,history_dependent_relational_mode,pca_rank1_explained_variance,0.16241293741924503,1.0,0.8472671793723022,0.15273282062769777,P1_node_permutation,D8_block_shuffle,,,
confirmatory,10015,history_dependent_relational_mode,spectral_coherence,0.14275273610872943,0.922830033366952,1.0,-0.07716996663304798,P6_time_reparameterization,D3_IAAFT_surrogate,,,
confirmatory,10015,history_dependent_relational_mode,autocorrelation_persistence,0.6325363654533026,0.8385185279382111,0.9994072903082302,-0.16088876237001903,P7_coarse_graining,D2_phase_randomization,,,
confirmatory,10015,history_dependent_relational_mode,linear_CKA,0.04518597803989363,1.0,0.6537285108721999,0.34627148912780015,P1_node_permutation,D3_IAAFT_surrogate,,,
confirmatory,10015,history_dependent_relational_mode,VAR_ARX_predictive,0.03285914600112905,0.9999999999999967,1.0,-3.3306690738754696e-15,P4_orthogonal_basis_rotation,D2_phase_randomization,,,
confirmatory,10016,persistent_shared_mode,correlon_v1,0.3829672216476606,0.9408152636361186,1.0,-0.05918473636388144,P6_time_reparameterization,D6_common_driver_replacement,0.19716795124088565,0.7438525984242996,0.49653712679484285
confirmatory,10016,persistent_shared_mode,pearson,0.21452892785977176,0.8618701267878676,0.7049651550241133,0.1569049717637543,P4_orthogonal_basis_rotation,D6_common_driver_replacement,,,
confirmatory,10016,persistent_shared_mode,mutual_information,0.08895797330911448,0.9758521029890591,0.4141119249698757,0.5617401780191834,P5_observation_noise,D6_common_driver_replacement,,,
confirmatory,10016,persistent_shared_mode,largest_covariance_eigenvalue,2.9105428389083725,0.9683669990499901,0.8393468738574835,0.1290201251925066,P7_coarse_graining,D6_common_driver_replacement,,,
confirmatory,10016,persistent_shared_mode,pca_rank1_explained_variance,0.2425452365756978,0.9891752270022183,0.8393468738574833,0.14982835314473497,P5_observation_noise,D6_common_driver_replacement,,,
confirmatory,10016,persistent_shared_mode,spectral_coherence,0.24957207562979933,0.4946985252818264,0.9997527901367074,-0.505054264854881,P2_global_scaling,D6_common_driver_replacement,,,
confirmatory,10016,persistent_shared_mode,autocorrelation_persistence,0.7205185281322019,0.8698473010410898,1.0,-0.13015269895891024,P7_coarse_graining,D7_history_destruction,,,
confirmatory,10016,persistent_shared_mode,linear_CKA,0.2469184345515477,0.3535993060669678,0.5160816916118622,-0.16248238554489441,P2_global_scaling,D6_common_driver_replacement,,,
confirmatory,10016,persistent_shared_mode,VAR_ARX_predictive,0.04522875897094525,0.9811731766529102,0.9229683245356339,0.05820485211727622,P5_observation_noise,D2_phase_randomization,,,
confirmatory,10016,direct_coupling_SCM,correlon_v1,0.0,0.0,1.0,-1.0,P1_node_permutation,D1_temporal_shuffle,0.017508874588707993,-0.0874526438330532,-0.0028807013255088276
confirmatory,10016,direct_coupling_SCM,pearson,0.06826113102106839,0.9682015165983157,0.9901279272393207,-0.02192641064100509,P4_orthogonal_basis_rotation,D6_common_driver_replacement,,,
confirmatory,10016,direct_coupling_SCM,mutual_information,0.012673255219353918,0.9885031257205631,0.9942992065775893,-0.005796080857026209,P5_observation_noise,D7_history_destruction,,,
confirmatory,10016,direct_coupling_SCM,largest_covariance_eigenvalue,1.6358512028402827,0.8644372420825974,0.9703428068227841,-0.10590556474018664,P7_coarse_graining,D6_common_driver_replacement,,,
confirmatory,10016,direct_coupling_SCM,pca_rank1_explained_variance,0.13632093357002353,0.9946053336319122,0.9703428068227846,0.02426252680912755,P5_observation_noise,D6_common_driver_replacement,,,
confirmatory,10016,direct_coupling_SCM,spectral_coherence,0.12494739174225812,0.9735455046753391,1.0,-0.02645449532466093,P5_observation_noise,D1_temporal_shuffle,,,
confirmatory,10016,direct_coupling_SCM,autocorrelation_persistence,0.6091654151836419,0.7908274636695111,1.0,-0.20917253633048893,P7_coarse_graining,D7_history_destruction,,,
confirmatory,10016,direct_coupling_SCM,linear_CKA,0.026937233734394845,0.628683507806512,1.0,-0.37131649219348795,P2_global_scaling,D6_common_driver_replacement,,,
confirmatory,10016,direct_coupling_SCM,VAR_ARX_predictive,0.04978280448133193,0.873952443640638,0.6988005099535721,0.17515193368706583,P2_global_scaling,D8_block_shuffle,,,
confirmatory,10016,history_dependent_relational_mode,correlon_v1,0.0,0.0,1.0,-1.0,P1_node_permutation,D4_edge_cutting,-0.013312978854444005,0.03797836768949669,0.0009354032744331442
confirmatory,10016,history_dependent_relational_mode,pearson,0.06445068418132974,0.9908570864980657,1.0,-0.009142913501934302,P4_orthogonal_basis_rotation,D7_history_destruction,,,
confirmatory,10016,history_dependent_relational_mode,mutual_information,0.01113751875822333,0.9999991086852199,1.0,-8.913147800937438e-07,P2_global_scaling,D7_history_destruction,,,
confirmatory,10016,history_dependent_relational_mode,largest_covariance_eigenvalue,1.5556366406357176,0.8797386841260607,1.0,-0.12026131587393929,P7_coarse_graining,D7_history_destruction,,,
confirmatory,10016,history_dependent_relational_mode,pca_rank1_explained_variance,0.1296363867196431,0.9999999999999996,1.0,-4.440892098500626e-16,P1_node_permutation,D7_history_destruction,,,
confirmatory,10016,history_dependent_relational_mode,spectral_coherence,0.15578773203642923,0.7838698690141763,1.0,-0.21613013098582368,P2_global_scaling,D4_edge_cutting,,,
confirmatory,10016,history_dependent_relational_mode,autocorrelation_persistence,0.5982102592331912,0.7932430828915574,1.0,-0.20675691710844257,P7_coarse_graining,D5_source_swap,,,
confirmatory,10016,history_dependent_relational_mode,linear_CKA,0.024155746826412163,0.758065656597171,1.0,-0.24193434340282904,P2_global_scaling,D8_block_shuffle,,,
confirmatory,10016,history_dependent_relational_mode,VAR_ARX_predictive,0.04278742760900972,0.9791193673909185,0.9413400826798547,0.03777928471106384,P5_observation_noise,D4_edge_cutting,,,
confirmatory,10017,persistent_shared_mode,correlon_v1,0.22169584364086561,0.9951613617453271,1.0,-0.0048386382546729,P2_global_scaling,D6_common_driver_replacement,0.10193092110582823,0.4821799563314736,0.4742926248163938
confirmatory,10017,persistent_shared_mode,pearson,0.17513162226826332,0.774355262081565,0.818928588879295,-0.04457332679772996,P4_orthogonal_basis_rotation,D6_common_driver_replacement,,,
confirmatory,10017,persistent_shared_mode,mutual_information,0.044180749320530066,0.9716496383032472,0.6891766752239156,0.2824729630793317,P5_observation_noise,D6_common_driver_replacement,,,
confirmatory,10017,persistent_shared_mode,largest_covariance_eigenvalue,2.7656528266798777,0.9571503931350787,0.879865524958429,0.0772848681766497,P7_coarse_graining,D6_common_driver_replacement,,,
confirmatory,10017,persistent_shared_mode,pca_rank1_explained_variance,0.2304710688899898,0.9934459677358113,0.8798655249584291,0.11358044277738222,P5_observation_noise,D6_common_driver_replacement,,,
confirmatory,10017,persistent_shared_mode,spectral_coherence,0.24772434372583796,0.7973669256104242,1.0,-0.20263307438957578,P2_global_scaling,D6_common_driver_replacement,,,
confirmatory,10017,persistent_shared_mode,autocorrelation_persistence,0.6814678940583806,0.8519103926761454,1.0,-0.14808960732385457,P7_coarse_graining,D5_source_swap,,,
confirmatory,10017,persistent_shared_mode,linear_CKA,0.16361259181926194,0.9493993071928042,0.6990512240783654,0.2503480831144388,P2_global_scaling,D6_common_driver_replacement,,,
confirmatory,10017,persistent_shared_mode,VAR_ARX_predictive,0.05101407172201372,1.0,0.8279189284271175,0.17208107157288255,P1_node_permutation,D6_common_driver_replacement,,,
confirmatory,10017,direct_coupling_SCM,correlon_v1,0.0,0.0,1.0,-1.0,P1_node_permutation,D2_phase_randomization,-0.014288687824931673,-0.018791188161377516,-0.06255631273916049
confirmatory,10017,direct_coupling_SCM,pearson,0.076952533518554,0.9996600887574988,0.89743105509256,0.10222903366493874,P4_orthogonal_basis_rotation,D4_edge_cutting,,,
confirmatory,10017,direct_coupling_SCM,mutual_information,0.01704569997013472,1.0,0.8358504787896058,0.16414952121039417,P1_node_permutation,D4_edge_cutting,,,
confirmatory,10017,direct_coupling_SCM,largest_covariance_eigenvalue,1.4447144804140943,0.8482976878537318,1.0,-0.15170231214626817,P7_coarse_graining,D5_source_swap,,,
confirmatory,10017,direct_coupling_SCM,pca_rank1_explained_variance,0.12039287336784127,0.9968331129480623,1.0,-0.0031668870519376835,P5_observation_noise,D5_source_swap,,,
confirmatory,10017,direct_coupling_SCM,spectral_coherence,0.10393773816191439,0.9999999999999994,1.0,-5.551115123125783e-16,P1_node_permutation,D1_temporal_shuffle,,,
confirmatory,10017,direct_coupling_SCM,autocorrelation_persistence,0.6058033951811467,0.7866960665709739,1.0,-0.2133039334290261,P7_coarse_graining,D5_source_swap,,,
confirmatory,10017,direct_coupling_SCM,linear_CKA,0.03500721501609178,0.7687157231111907,0.8104264335391101,-0.041710710427919406,P2_global_scaling,D4_edge_cutting,,,
confirmatory,10017,direct_coupling_SCM,VAR_ARX_predictive,0.05473571065020805,0.894872703548599,0.6735234620860541,0.22134924146254498,P2_global_scaling,D6_common_driver_replacement,,,
confirmatory,10017,history_dependent_relational_mode,correlon_v1,0.0,0.0,1.0,-1.0,P1_node_permutation,D1_temporal_shuffle,-0.05568415905006838,-0.13489994862798477,-0.01228867346034429
confirmatory,10017,history_dependent_relational_mode,pearson,0.07652414754242878,0.991695142501164,0.9239571708916565,0.06773797160950745,P5_observation_noise,D6_common_driver_replacement,,,
confirmatory,10017,history_dependent_relational_mode,mutual_information,0.015990584658122864,0.9878979561706516,0.833315271661922,0.15458268450872958,P5_observation_noise,D2_phase_randomization,,,
confirmatory,10017,history_dependent_relational_mode,largest_covariance_eigenvalue,1.8575128003431591,0.9073217324530878,0.9770931222543315,-0.06977138980124376,P7_coarse_graining,D1_temporal_shuffle,,,
confirmatory,10017,history_dependent_relational_mode,pca_rank1_explained_variance,0.15479273336192992,0.991527769703099,0.977093122254332,0.01443464744876699,P5_observation_noise,D1_temporal_shuffle,,,
confirmatory,10017,history_dependent_relational_mode,spectral_coherence,0.12299322567378279,0.8879182295299484,1.0,-0.11208177047005163,P2_global_scaling,D1_temporal_shuffle,,,
confirmatory,10017,history_dependent_relational_mode,autocorrelation_persistence,0.6264648658732106,0.8146115258347557,0.9992938527714846,-0.18468232693672892,P7_coarse_graining,D7_history_destruction,,,
confirmatory,10017,history_dependent_relational_mode,linear_CKA,0.03273048615434992,0.7305045676097974,0.8995977522724803,-0.16909318466268286,P2_global_scaling,D6_common_driver_replacement,,,
confirmatory,10017,history_dependent_relational_mode,VAR_ARX_predictive,0.03904879498102948,0.9779764782262832,0.9434471405662025,0.034529337660080706,P2_global_scaling,D6_common_driver_replacement,,,
confirmatory,10018,persistent_shared_mode,correlon_v1,0.24692818523750557,0.9972253079170362,1.0,-0.00277469208296377,P2_global_scaling,D6_common_driver_replacement,0.10361496165703121,0.5884625896645329,0.38385062825179533
confirmatory,10018,persistent_shared_mode,pearson,0.16126609186453023,0.9271341896114788,0.7680899721867974,0.15904421742468133,P4_orthogonal_basis_rotation,D6_common_driver_replacement,,,
confirmatory,10018,persistent_shared_mode,mutual_information,0.059196440713914056,0.9987890478279913,0.49367370407229977,0.5051153437556914,P5_observation_noise,D6_common_driver_replacement,,,
confirmatory,10018,persistent_shared_mode,largest_covariance_eigenvalue,2.297230039297232,0.9579132503515639,0.9323597811475562,0.025553469204007695,P7_coarse_graining,D6_common_driver_replacement,,,
confirmatory,10018,persistent_shared_mode,pca_rank1_explained_variance,0.19143583660810268,0.9954300723062026,0.932359781147556,0.0630702911586466,P5_observation_noise,D6_common_driver_replacement,,,
confirmatory,10018,persistent_shared_mode,spectral_coherence,0.19738312238229616,0.6612798908890558,1.0,-0.3387201091109442,P2_global_scaling,D6_common_driver_replacement,,,
confirmatory,10018,persistent_shared_mode,autocorrelation_persistence,0.6877506627056024,0.8629196788736604,1.0,-0.1370803211263396,P7_coarse_graining,D5_source_swap,,,
confirmatory,10018,persistent_shared_mode,linear_CKA,0.1472868922344269,0.7069107379357696,0.5962989358761251,0.11061180205964449,P2_global_scaling,D6_common_driver_replacement,,,
confirmatory,10018,persistent_shared_mode,VAR_ARX_predictive,0.05172318800283121,0.9378092861911526,0.8654581924310211,0.07235109376013149,P5_observation_noise,D6_common_driver_replacement,,,
confirmatory,10018,direct_coupling_SCM,correlon_v1,0.05409382044173371,0.0,0.7691830049272864,-0.7691830049272864,P7_coarse_graining,D2_phase_randomization,0.015817694253328185,0.18499165321562855,0.09362128420905497
confirmatory,10018,direct_coupling_SCM,pearson,0.07634572988579068,0.9760196730398797,0.9608582278017417,0.015161445238138005,P4_orthogonal_basis_rotation,D2_phase_randomization,,,
confirmatory,10018,direct_coupling_SCM,mutual_information,0.015985255644007212,0.9747843151889771,1.0,-0.025215684811022876,P5_observation_noise,D2_phase_randomization,,,
confirmatory,10018,direct_coupling_SCM,largest_covariance_eigenvalue,1.5960195815690594,0.8926813354860093,0.9801657358198799,-0.08748440033387062,P6_time_reparameterization,D6_common_driver_replacement,,,
confirmatory,10018,direct_coupling_SCM,pca_rank1_explained_variance,0.1330016317974216,0.987967092018101,0.9801657358198796,0.00780135619822131,P5_observation_noise,D6_common_driver_replacement,,,
confirmatory,10018,direct_coupling_SCM,spectral_coherence,0.1294905586936559,0.9450007816227413,1.0,-0.05499921837725874,P2_global_scaling,D1_temporal_shuffle,,,
confirmatory,10018,direct_coupling_SCM,autocorrelation_persistence,0.6082313717120017,0.7996204894953244,1.0,-0.20037951050467562,P7_coarse_graining,D5_source_swap,,,
confirmatory,10018,direct_coupling_SCM,linear_CKA,0.033903217063744356,0.5203030183180877,0.9383918214596305,-0.41808880314154284,P2_global_scaling,D2_phase_randomization,,,
confirmatory,10018,direct_coupling_SCM,VAR_ARX_predictive,0.05131692883496841,0.9830387479896813,0.8056455877663817,0.17739316022329954,P5_observation_noise,D6_common_driver_replacement,,,
confirmatory,10018,history_dependent_relational_mode,correlon_v1,0.0,0.0,1.0,-1.0,P1_node_permutation,D1_temporal_shuffle,-0.025606102663807764,-0.07876077649937091,-0.04308808664512259
confirmatory,10018,history_dependent_relational_mode,pearson,0.05687912620559944,0.9867116010727508,1.0,-0.013288398927249201,P4_orthogonal_basis_rotation,D2_phase_randomization,,,
confirmatory,10018,history_dependent_relational_mode,mutual_information,0.009602436681917625,0.9999983699517829,1.0,-1.630048217071689e-06,P2_global_scaling,D2_phase_randomization,,,
confirmatory,10018,history_dependent_relational_mode,largest_covariance_eigenvalue,1.4689850766969057,0.8705719313548647,1.0,-0.12942806864513534,P7_coarse_graining,D5_source_swap,,,
confirmatory,10018,history_dependent_relational_mode,pca_rank1_explained_variance,0.12241542305807547,0.9965623977133102,1.0,-0.003437602286689767,P5_observation_noise,D5_source_swap,,,
confirmatory,10018,history_dependent_relational_mode,spectral_coherence,0.15441918183601303,0.9391410443929115,1.0,-0.06085895560708854,P2_global_scaling,D6_common_driver_replacement,,,
confirmatory,10018,history_dependent_relational_mode,autocorrelation_persistence,0.6294789801708405,0.8021838187988242,0.9987101210463716,-0.1965263022475474,P7_coarse_graining,D2_phase_randomization,,,
confirmatory,10018,history_dependent_relational_mode,linear_CKA,0.018778403976729214,0.5169615885492926,1.0,-0.48303841145070736,P2_global_scaling,D2_phase_randomization,,,
confirmatory,10018,history_dependent_relational_mode,VAR_ARX_predictive,0.03587582157776509,0.8416526322483852,1.0,-0.15834736775161484,P2_global_scaling,D6_common_driver_replacement,,,
confirmatory,10019,persistent_shared_mode,correlon_v1,0.17322738438176272,0.8858719861597525,1.0,-0.11412801384024751,P5_observation_noise,D6_common_driver_replacement,0.05319698990784735,0.5640869295749453,0.3122773550628941
confirmatory,10019,persistent_shared_mode,pearson,0.1972471924301419,0.9185081687834294,0.7896087387667027,0.12889943001672677,P4_orthogonal_basis_rotation,D6_common_driver_replacement,,,
confirmatory,10019,persistent_shared_mode,mutual_information,0.05541410122647927,0.9974879249803221,0.5874378263452863,0.41005009863503583,P5_observation_noise,D6_common_driver_replacement,,,
confirmatory,10019,persistent_shared_mode,largest_covariance_eigenvalue,2.9406011370311314,0.9616896062756776,0.8970525408164046,0.06463706545927295,P7_coarse_graining,D6_common_driver_replacement,,,
confirmatory,10019,persistent_shared_mode,pca_rank1_explained_variance,0.2450500947525943,0.9906852682870769,0.8970525408164048,0.09363272747067208,P5_observation_noise,D6_common_driver_replacement,,,
confirmatory,10019,persistent_shared_mode,spectral_coherence,0.24009898854026687,0.7402019644490605,1.0,-0.2597980355509395,P2_global_scaling,D6_common_driver_replacement,,,
confirmatory,10019,persistent_shared_mode,autocorrelation_persistence,0.6930947417339123,0.8796536683129831,0.9986833017566937,-0.11902963344371065,P7_coarse_graining,D2_phase_randomization,,,
confirmatory,10019,persistent_shared_mode,linear_CKA,0.20399044413637843,0.6485471848007696,0.6379935865880926,0.010553598212676985,P2_global_scaling,D6_common_driver_replacement,,,
confirmatory,10019,persistent_shared_mode,VAR_ARX_predictive,0.04904689858996497,1.0,0.8646895986598621,0.13531040134013794,P1_node_permutation,D6_common_driver_replacement,,,
confirmatory,10019,direct_coupling_SCM,correlon_v1,0.010735620482117104,0.0,1.0,-1.0,P6_time_reparameterization,D6_common_driver_replacement,0.021180430131159805,0.005441511169619537,0.07137418554770364
confirmatory,10019,direct_coupling_SCM,pearson,0.056376675342573186,0.9747893156939222,1.0,-0.025210684306077757,P5_observation_noise,D4_edge_cutting,,,
confirmatory,10019,direct_coupling_SCM,mutual_information,0.010385338189966897,0.9531048840939991,1.0,-0.04689511590600093,P5_observation_noise,D4_edge_cutting,,,
confirmatory,10019,direct_coupling_SCM,largest_covariance_eigenvalue,1.4090042385882562,0.8526700608072459,1.0,-0.14732993919275406,P7_coarse_graining,D1_temporal_shuffle,,,
confirmatory,10019,direct_coupling_SCM,pca_rank1_explained_variance,0.11741701988235466,0.9925211200526326,1.0,-0.007478879947367401,P5_observation_noise,D1_temporal_shuffle,,,
confirmatory,10019,direct_coupling_SCM,spectral_coherence,0.10880743623271566,0.9911155695573961,1.0,-0.008884430442603897,P2_global_scaling,D1_temporal_shuffle,,,
confirmatory,10019,direct_coupling_SCM,autocorrelation_persistence,0.5853901211983558,0.8004083060219954,1.0,-0.19959169397800458,P7_coarse_graining,D2_phase_randomization,,,
confirmatory,10019,direct_coupling_SCM,linear_CKA,0.018652743044338158,0.7089892251171537,1.0,-0.2910107748828463,P2_global_scaling,D4_edge_cutting,,,
confirmatory,10019,direct_coupling_SCM,VAR_ARX_predictive,0.05086449112546476,0.918745173823787,0.6801667171161256,0.2385784567076613,P6_time_reparameterization,D2_phase_randomization,,,
confirmatory,10019,history_dependent_relational_mode,correlon_v1,0.0,0.0,1.0,-1.0,P1_node_permutation,D2_phase_randomization,-0.019730551521389653,0.056515496647943364,0.04152829060847579
confirmatory,10019,history_dependent_relational_mode,pearson,0.07315426182104413,0.9985859209089566,0.9431412920183464,0.05544462889061019,P4_orthogonal_basis_rotation,D3_IAAFT_surrogate,,,
confirmatory,10019,history_dependent_relational_mode,mutual_information,0.014668270945789486,0.9939089517672219,0.8873330905429644,0.10657586122425755,P5_observation_noise,D4_edge_cutting,,,
confirmatory,10019,history_dependent_relational_mode,largest_covariance_eigenvalue,1.4565533941418871,0.8686793876959689,1.0,-0.13132061230403114,P7_coarse_graining,D2_phase_randomization,,,
confirmatory,10019,history_dependent_relational_mode,pca_rank1_explained_variance,0.12137944951182388,1.0,1.0,0.0,P1_node_permutation,D2_phase_randomization,,,
confirmatory,10019,history_dependent_relational_mode,spectral_coherence,0.11285182663559752,0.9794326161369217,1.0,-0.020567383863078326,P5_observation_noise,D1_temporal_shuffle,,,
confirmatory,10019,history_dependent_relational_mode,autocorrelation_persistence,0.6150195600765357,0.8052483184879364,0.9996470262978083,-0.1943987078098719,P7_coarse_graining,D2_phase_randomization,,,
confirmatory,10019,history_dependent_relational_mode,linear_CKA,0.03158540185340946,0.8316641768521311,0.8822051955963103,-0.050541018744179156,P2_global_scaling,D4_edge_cutting,,,
confirmatory,10019,history_dependent_relational_mode,VAR_ARX_predictive,0.037474677391764355,0.9824068649446661,0.9146746460263628,0.06773221891830328,P5_observation_noise,D3_IAAFT_surrogate,,,
confirmatory,10020,persistent_shared_mode,correlon_v1,0.32469285133198317,0.9252089999069417,1.0,-0.07479100009305828,P5_observation_noise,D6_common_driver_replacement,0.18294633508077893,0.576264332704688,0.3871364195443192
confirmatory,10020,persistent_shared_mode,pearson,0.1727405192650049,0.9287341468763876,0.7579289359653514,0.17080521091103618,P4_orthogonal_basis_rotation,D6_common_driver_replacement,,,
confirmatory,10020,persistent_shared_mode,mutual_information,0.05840169846867094,1.0,0.47519507769280567,0.5248049223071943,P1_node_permutation,D6_common_driver_replacement,,,
confirmatory,10020,persistent_shared_mode,largest_covariance_eigenvalue,2.498471002655132,0.9552636106270953,0.9190459589688561,0.0362176516582392,P7_coarse_graining,D6_common_driver_replacement,,,
confirmatory,10020,persistent_shared_mode,pca_rank1_explained_variance,0.2082059168879276,0.9999999999999996,0.9190459589688565,0.08095404103114301,P1_node_permutation,D6_common_driver_replacement,,,
confirmatory,10020,persistent_shared_mode,spectral_coherence,0.17769736850851547,0.9717825735195279,1.0,-0.028217426480472096,P2_global_scaling,D6_common_driver_replacement,,,
confirmatory,10020,persistent_shared_mode,autocorrelation_persistence,0.6895783487108661,0.8579753121716074,0.9986906696139833,-0.14071535744237595,P7_coarse_graining,D2_phase_randomization,,,
confirmatory,10020,persistent_shared_mode,linear_CKA,0.16600052236515014,0.9999999999999997,0.5779581292827947,0.422041870717205,P3_affine_offset,D6_common_driver_replacement,,,
confirmatory,10020,persistent_shared_mode,VAR_ARX_predictive,0.045325280072937624,0.9784569747116434,0.8617673053650434,0.11668966934659997,P5_observation_noise,D6_common_driver_replacement,,,
confirmatory,10020,direct_coupling_SCM,correlon_v1,0.0,0.0,1.0,-1.0,P1_node_permutation,D1_temporal_shuffle,-0.009201060152630988,0.4342755608114207,0.16952296668822153
confirmatory,10020,direct_coupling_SCM,pearson,0.06038892956608914,0.9938447965483924,1.0,-0.006155203451607583,P5_observation_noise,D2_phase_randomization,,,
confirmatory,10020,direct_coupling_SCM,mutual_information,0.011276100092554087,0.993260055893082,1.0,-0.006739944106918028,P5_observation_noise,D2_phase_randomization,,,
confirmatory,10020,direct_coupling_SCM,largest_covariance_eigenvalue,1.4459151019637007,0.8513400253394016,1.0,-0.14865997466059844,P7_coarse_graining,D5_source_swap,,,
confirmatory,10020,direct_coupling_SCM,pca_rank1_explained_variance,0.12049292516364166,0.9895761546125553,1.0,-0.010423845387444675,P5_observation_noise,D5_source_swap,,,
confirmatory,10020,direct_coupling_SCM,spectral_coherence,0.16346177789496796,0.8932037665316361,0.9723766597341614,-0.0791728932025253,P6_time_reparameterization,D7_history_destruction,,,
confirmatory,10020,direct_coupling_SCM,autocorrelation_persistence,0.6118191561776897,0.7893866409162072,1.0,-0.21061335908379275,P7_coarse_graining,D5_source_swap,,,
confirmatory,10020,direct_coupling_SCM,linear_CKA,0.021427924230464645,0.787779267445618,1.0,-0.212220732554382,P2_global_scaling,D2_phase_randomization,,,
confirmatory,10020,direct_coupling_SCM,VAR_ARX_predictive,0.04596815241217028,0.981260529886154,0.7275353744102409,0.2537251554759131,P5_observation_noise,D2_phase_randomization,,,
confirmatory,10020,history_dependent_relational_mode,correlon_v1,0.0,0.0,1.0,-1.0,P1_node_permutation,D1_temporal_shuffle,-0.0014800079077155193,-0.050075233394166085,-0.13184447061358417
confirmatory,10020,history_dependent_relational_mode,pearson,0.07060463185337099,0.9583295621028197,1.0,-0.04167043789718028,P5_observation_noise,D6_common_driver_replacement,,,
confirmatory,10020,history_dependent_relational_mode,mutual_information,0.01150671597795172,0.9274472662239873,1.0,-0.07255273377601268,P5_observation_noise,D2_phase_randomization,,,
confirmatory,10020,history_dependent_relational_mode,largest_covariance_eigenvalue,1.8214249079824176,0.8977772766770834,0.9735533291558558,-0.0757760524787724,P7_coarse_graining,D7_history_destruction,,,
confirmatory,10020,history_dependent_relational_mode,pca_rank1_explained_variance,0.15178540899853485,0.9869323278165092,0.9735533291558555,0.01337899866065373,P5_observation_noise,D7_history_destruction,,,
confirmatory,10020,history_dependent_relational_mode,spectral_coherence,0.12964136223291023,0.9654396845807476,1.0,-0.03456031541925242,P2_global_scaling,D1_temporal_shuffle,,,
confirmatory,10020,history_dependent_relational_mode,autocorrelation_persistence,0.6243307985039751,0.8215383664564362,0.9983376004420803,-0.17679923398564412,P7_coarse_graining,D2_phase_randomization,,,
confirmatory,10020,history_dependent_relational_mode,linear_CKA,0.028408023293602827,0.5937991278080014,1.0,-0.40620087219199863,P2_global_scaling,D2_phase_randomization,,,
confirmatory,10020,history_dependent_relational_mode,VAR_ARX_predictive,0.03471295270259661,0.9999999999999968,1.0,-3.219646771412954e-15,P1_node_permutation,D1_temporal_shuffle,,,
confirmatory,10021,persistent_shared_mode,correlon_v1,0.399547280898977,0.966473828407607,0.9422136532022806,0.024260175205326417,P5_observation_noise,D6_common_driver_replacement,0.20034440631600683,0.7968180026048051,0.5426595255109189
confirmatory,10021,persistent_shared_mode,pearson,0.2041451603493343,0.9053709773613244,0.7228730740598124,0.18249790330151205,P4_orthogonal_basis_rotation,D6_common_driver_replacement,,,
confirmatory,10021,persistent_shared_mode,mutual_information,0.07997956331309353,0.9680341196779193,0.43768732075463085,0.5303467989232884,P5_observation_noise,D6_common_driver_replacement,,,
confirmatory,10021,persistent_shared_mode,largest_covariance_eigenvalue,2.7913678372094965,0.9636439700468569,0.8782576741557815,0.08538629589107538,P7_coarse_graining,D6_common_driver_replacement,,,
confirmatory,10021,persistent_shared_mode,pca_rank1_explained_variance,0.23261398643412465,0.9905746094540968,0.8782576741557816,0.11231693529831521,P5_observation_noise,D6_common_driver_replacement,,,
confirmatory,10021,persistent_shared_mode,spectral_coherence,0.24294076028159156,0.7402542399697071,0.9699572334566963,-0.2297029934869892,P2_global_scaling,D6_common_driver_replacement,,,
confirmatory,10021,persistent_shared_mode,autocorrelation_persistence,0.7036191539146737,0.840066209233127,1.0,-0.15993379076687297,P7_coarse_graining,D5_source_swap,,,
confirmatory,10021,persistent_shared_mode,linear_CKA,0.22720319320305324,0.5590021469170817,0.5298171462838844,0.02918500063319729,P2_global_scaling,D6_common_driver_replacement,,,
confirmatory,10021,persistent_shared_mode,VAR_ARX_predictive,0.05059614565779885,0.9112253656768265,0.9510985956170858,-0.039873229940259214,P2_global_scaling,D6_common_driver_replacement,,,
confirmatory,10021,direct_coupling_SCM,correlon_v1,0.0,0.0,1.0,-1.0,P1_node_permutation,D3_IAAFT_surrogate,-0.03490846476251416,0.021838588095197432,-0.10339083390602444
confirmatory,10021,direct_coupling_SCM,pearson,0.06683112836604489,0.9911827307983575,1.0,-0.008817269201642497,P5_observation_noise,D5_source_swap,,,
confirmatory,10021,direct_coupling_SCM,mutual_information,0.011909823605417147,0.9911588647149544,1.0,-0.008841135285045598,P5_observation_noise,D5_source_swap,,,
confirmatory,10021,direct_coupling_SCM,largest_covariance_eigenvalue,1.5515253010521672,0.8905081576137102,1.0,-0.10949184238628984,P7_coarse_graining,D5_source_swap,,,
confirmatory,10021,direct_coupling_SCM,pca_rank1_explained_variance,0.12929377508768058,0.98902510004851,1.0,-0.010974899951490036,P5_observation_noise,D5_source_swap,,,
confirmatory,10021,direct_coupling_SCM,spectral_coherence,0.2208206993124638,0.6454191028751435,0.871480075077139,-0.2260609722019955,P2_global_scaling,D6_common_driver_replacement,,,
confirmatory,10021,direct_coupling_SCM,autocorrelation_persistence,0.6198402079730797,0.8136932310068206,1.0,-0.18630676899317944,P7_coarse_graining,D2_phase_randomization,,,
confirmatory,10021,direct_coupling_SCM,linear_CKA,0.026119620144602007,0.86089084968757,1.0,-0.13910915031242999,P2_global_scaling,D5_source_swap,,,
confirmatory,10021,direct_coupling_SCM,VAR_ARX_predictive,0.05132709072018221,0.916457029640004,0.7152517608052504,0.20120526883475354,P2_global_scaling,D6_common_driver_replacement,,,
confirmatory,10021,history_dependent_relational_mode,correlon_v1,0.04314543763845471,0.0,1.0,-1.0,P6_time_reparameterization,D3_IAAFT_surrogate,0.010697262285381356,0.17401917793094673,0.0531375812403872
confirmatory,10021,history_dependent_relational_mode,pearson,0.05981336104912164,0.9829807291738346,1.0,-0.01701927082616539,P5_observation_noise,D3_IAAFT_surrogate,,,
confirmatory,10021,history_dependent_relational_mode,mutual_information,0.010762341786982321,0.9675485312564269,1.0,-0.032451468743573075,P5_observation_noise,D3_IAAFT_surrogate,,,
confirmatory,10021,history_dependent_relational_mode,largest_covariance_eigenvalue,1.5433333704274546,0.8812022121660749,1.0,-0.11879778783392514,P7_coarse_graining,D5_source_swap,,,
confirmatory,10021,history_dependent_relational_mode,pca_rank1_explained_variance,0.12861111420228785,0.9848137306144213,1.0,-0.015186269385578655,P5_observation_noise,D5_source_swap,,,
confirmatory,10021,history_dependent_relational_mode,spectral_coherence,0.1399778086574961,0.8847516847381809,1.0,-0.11524831526181911,P6_time_reparameterization,D1_temporal_shuffle,,,
confirmatory,10021,history_dependent_relational_mode,autocorrelation_persistence,0.6348525898141956,0.8146731741076891,0.9977760856938374,-0.18310291158614822,P7_coarse_graining,D2_phase_randomization,,,
confirmatory,10021,history_dependent_relational_mode,linear_CKA,0.02065749420495545,0.8488659185922909,1.0,-0.15113408140770912,P2_global_scaling,D3_IAAFT_surrogate,,,
confirmatory,10021,history_dependent_relational_mode,VAR_ARX_predictive,0.031445286955444796,0.9999999999999982,1.0,-1.7763568394002505e-15,P1_node_permutation,D1_temporal_shuffle,,,
confirmatory,10022,persistent_shared_mode,correlon_v1,0.47294935680403066,0.9670053202607706,1.0,-0.03299467973922943,P5_observation_noise,D6_common_driver_replacement,0.26795173434399105,0.8347812886860774,0.6167677292318158
confirmatory,10022,persistent_shared_mode,pearson,0.27083905822517096,0.8367508974706981,0.7546745239109025,0.08207637355979558,P4_orthogonal_basis_rotation,D6_common_driver_replacement,,,
confirmatory,10022,persistent_shared_mode,mutual_information,0.09421485347469727,0.9779827230318209,0.5144325438181001,0.46355017921372077,P5_observation_noise,D6_common_driver_replacement,,,
confirmatory,10022,persistent_shared_mode,largest_covariance_eigenvalue,3.7050596790966077,0.9772618387079883,0.8418160572836771,0.13544578142431118,P7_coarse_graining,D6_common_driver_replacement,,,
confirmatory,10022,persistent_shared_mode,pca_rank1_explained_variance,0.30875497325805057,0.9967751202733317,0.8418160572836773,0.15495906298965445,P5_observation_noise,D6_common_driver_replacement,,,
confirmatory,10022,persistent_shared_mode,spectral_coherence,0.24178057926928728,0.9459342745965038,1.0,-0.05406572540349619,P2_global_scaling,D6_common_driver_replacement,,,
confirmatory,10022,persistent_shared_mode,autocorrelation_persistence,0.7216906948646625,0.8964197909313703,0.9984645608481791,-0.10204476991680889,P7_coarse_graining,D2_phase_randomization,,,
confirmatory,10022,persistent_shared_mode,linear_CKA,0.3457985168856163,0.9877355082955959,0.6135327621719465,0.37420274612364934,P5_observation_noise,D6_common_driver_replacement,,,
confirmatory,10022,persistent_shared_mode,VAR_ARX_predictive,0.049739129348686295,0.9960719446317491,0.9258977811868344,0.07017416344491467,P5_observation_noise,D6_common_driver_replacement,,,
confirmatory,10022,direct_coupling_SCM,correlon_v1,0.0,0.0,1.0,-1.0,P1_node_permutation,D6_common_driver_replacement,0.07232285191409972,-0.04267486883781342,0.2096807174342446
confirmatory,10022,direct_coupling_SCM,pearson,0.08102375223361266,0.9924359408551889,0.9464764570262167,0.04595948382897219,P5_observation_noise,D5_source_swap,,,
confirmatory,10022,direct_coupling_SCM,mutual_information,0.018662956829322397,0.9892627036654332,0.9295518249560483,0.05971087870938496,P5_observation_noise,D5_source_swap,,,
confirmatory,10022,direct_coupling_SCM,largest_covariance_eigenvalue,1.6704905306988822,0.8831156489107699,0.9819211401381127,-0.09880549122734283,P7_coarse_graining,D7_history_destruction,,,
confirmatory,10022,direct_coupling_SCM,pca_rank1_explained_variance,0.13920754422490694,0.9938735362005611,0.9819211401381118,0.011952396062449244,P5_observation_noise,D7_history_destruction,,,
confirmatory,10022,direct_coupling_SCM,spectral_coherence,0.13834738282384063,0.8653183911156724,1.0,-0.13468160888432756,P2_global_scaling,D1_temporal_shuffle,,,
confirmatory,10022,direct_coupling_SCM,autocorrelation_persistence,0.6066086367279228,0.7942260103993793,1.0,-0.20577398960062065,P7_coarse_graining,D7_history_destruction,,,
confirmatory,10022,direct_coupling_SCM,linear_CKA,0.03788311159144404,0.3190763742732867,0.9086316689522902,-0.5895552946790035,P2_global_scaling,D5_source_swap,,,
confirmatory,10022,direct_coupling_SCM,VAR_ARX_predictive,0.0498972799607843,0.99967169436045,0.7361433388946463,0.26352835546580367,P6_time_reparameterization,D6_common_driver_replacement,,,
confirmatory,10022,history_dependent_relational_mode,correlon_v1,0.01891584618784178,0.0,1.0,-1.0,P6_time_reparameterization,D6_common_driver_replacement,0.00507984377839997,0.07043705527393006,0.045111689610633665
confirmatory,10022,history_dependent_relational_mode,pearson,0.05649770321443234,0.9927931746114184,1.0,-0.007206825388581639,P5_observation_noise,D3_IAAFT_surrogate,,,
confirmatory,10022,history_dependent_relational_mode,mutual_information,0.009192754974316708,0.9825075558288262,1.0,-0.017492444171173793,P5_observation_noise,D3_IAAFT_surrogate,,,
confirmatory,10022,history_dependent_relational_mode,largest_covariance_eigenvalue,1.4173940134681768,0.8449538526431708,1.0,-0.1550461473568292,P7_coarse_graining,D5_source_swap,,,
confirmatory,10022,history_dependent_relational_mode,pca_rank1_explained_variance,0.11811616778901465,0.995882749709694,1.0,-0.004117250290305963,P5_observation_noise,D5_source_swap,,,
confirmatory,10022,history_dependent_relational_mode,spectral_coherence,0.11742068547434725,1.0,1.0,0.0,P1_node_permutation,D1_temporal_shuffle,,,
confirmatory,10022,history_dependent_relational_mode,autocorrelation_persistence,0.6068512821704134,0.7995765470560166,1.0,-0.20042345294398345,P7_coarse_graining,D5_source_swap,,,
confirmatory,10022,history_dependent_relational_mode,linear_CKA,0.018663052802579645,0.6683245782358144,1.0,-0.33167542176418563,P2_global_scaling,D3_IAAFT_surrogate,,,
confirmatory,10022,history_dependent_relational_mode,VAR_ARX_predictive,0.028781920567997554,0.9999999999999981,1.0,-1.887379141862766e-15,P3_affine_offset,D1_temporal_shuffle,,,
confirmatory,10023,persistent_shared_mode,correlon_v1,0.23092361896409316,0.999999999999999,1.0,-9.992007221626409e-16,P4_orthogonal_basis_rotation,D6_common_driver_replacement,0.07553077412215532,0.7060131239914267,0.47254795752972845
confirmatory,10023,persistent_shared_mode,pearson,0.16282667897676456,0.9092194689615788,0.8502247699456419,0.0589946990159369,P4_orthogonal_basis_rotation,D6_common_driver_replacement,,,
confirmatory,10023,persistent_shared_mode,mutual_information,0.054545495722724935,0.9693092417784921,0.5384257341445655,0.4308835076339266,P5_observation_noise,D6_common_driver_replacement,,,
confirmatory,10023,persistent_shared_mode,largest_covariance_eigenvalue,2.3781664482483054,0.9431972523439499,1.0,-0.05680274765605009,P7_coarse_graining,D6_common_driver_replacement,,,
confirmatory,10023,persistent_shared_mode,pca_rank1_explained_variance,0.19818053735402544,0.9931509538465466,1.0,-0.006849046153453386,P5_observation_noise,D6_common_driver_replacement,,,
confirmatory,10023,persistent_shared_mode,spectral_coherence,0.2168921741753802,0.7856340057184054,1.0,-0.21436599428159464,P2_global_scaling,D6_common_driver_replacement,,,
confirmatory,10023,persistent_shared_mode,autocorrelation_persistence,0.6924364906368844,0.8594748105067841,1.0,-0.1405251894932159,P7_coarse_graining,D5_source_swap,,,
confirmatory,10023,persistent_shared_mode,linear_CKA,0.15030109413825238,0.93003337308166,0.7084685730901267,0.22156479999153333,P2_global_scaling,D6_common_driver_replacement,,,
confirmatory,10023,persistent_shared_mode,VAR_ARX_predictive,0.0527996710526501,0.9692960483669922,0.7965811755345611,0.17271487283243114,P6_time_reparameterization,D6_common_driver_replacement,,,
confirmatory,10023,direct_coupling_SCM,correlon_v1,0.05530333820018711,0.0,1.0,-1.0,P6_time_reparameterization,D4_edge_cutting,0.028179564929853115,0.10853464997410861,0.15811285740398573
confirmatory,10023,direct_coupling_SCM,pearson,0.07842203973179526,0.9703942592134351,1.0,-0.02960574078656486,P4_orthogonal_basis_rotation,D6_common_driver_replacement,,,
confirmatory,10023,direct_coupling_SCM,mutual_information,0.014150922821423939,0.9687575549501212,1.0,-0.03124244504987883,P5_observation_noise,D6_common_driver_replacement,,,
confirmatory,10023,direct_coupling_SCM,largest_covariance_eigenvalue,1.7689911029040342,0.8883656220346438,0.984321030571396,-0.09595540853675222,P7_coarse_graining,D6_common_driver_replacement,,,
confirmatory,10023,direct_coupling_SCM,pca_rank1_explained_variance,0.14741592524200292,0.9798068420058963,0.9843210305713954,-0.004514188565499122,P5_observation_noise,D6_common_driver_replacement,,,
confirmatory,10023,direct_coupling_SCM,spectral_coherence,0.16334472372254263,0.8992413752197398,1.0,-0.10075862478026021,P2_global_scaling,D6_common_driver_replacement,,,
confirmatory,10023,direct_coupling_SCM,autocorrelation_persistence,0.613564369768216,0.8103893516579668,1.0,-0.18961064834203323,P7_coarse_graining,D5_source_swap,,,
confirmatory,10023,direct_coupling_SCM,linear_CKA,0.0355403183938526,0.5522089104605385,1.0,-0.44779108953946145,P2_global_scaling,D6_common_driver_replacement,,,
confirmatory,10023,direct_coupling_SCM,VAR_ARX_predictive,0.04850028366692921,0.9037273152626516,0.8002589351070399,0.10346838015561166,P2_global_scaling,D6_common_driver_replacement,,,
confirmatory,10023,history_dependent_relational_mode,correlon_v1,0.0,0.0,1.0,-1.0,P1_node_permutation,D4_edge_cutting,-0.0030978921925692293,0.22633768762447826,0.014887608077486514
confirmatory,10023,history_dependent_relational_mode,pearson,0.06750754526063589,0.9836274672293208,0.9846253451230098,-0.000997877893688992,P5_observation_noise,D2_phase_randomization,,,
confirmatory,10023,history_dependent_relational_mode,mutual_information,0.013033204332389303,0.9646475744726122,1.0,-0.03535242552738782,P5_observation_noise,D2_phase_randomization,,,
confirmatory,10023,history_dependent_relational_mode,largest_covariance_eigenvalue,1.5384346838315186,0.8716045182005996,1.0,-0.1283954817994004,P7_coarse_graining,D7_history_destruction,,,
confirmatory,10023,history_dependent_relational_mode,pca_rank1_explained_variance,0.1282028903192932,0.9927808108337307,1.0,-0.007219189166269291,P5_observation_noise,D7_history_destruction,,,
confirmatory,10023,history_dependent_relational_mode,spectral_coherence,0.15550178545561252,0.8332280205867818,1.0,-0.1667719794132182,P2_global_scaling,D4_edge_cutting,,,
confirmatory,10023,history_dependent_relational_mode,autocorrelation_persistence,0.6193281647372092,0.8322516491089417,0.9988045144333673,-0.1665528653244256,P7_coarse_graining,D2_phase_randomization,,,
confirmatory,10023,history_dependent_relational_mode,linear_CKA,0.026668978593968485,0.6903881697159102,0.9721628276755048,-0.28177465795959455,P2_global_scaling,D2_phase_randomization,,,
confirmatory,10023,history_dependent_relational_mode,VAR_ARX_predictive,0.02899481136474774,0.9732814319616698,1.0,-0.02671856803833017,P5_observation_noise,D1_temporal_shuffle,,,
confirmatory,10024,persistent_shared_mode,correlon_v1,0.3256179955635726,0.9561990737646108,1.0,-0.043800926235389226,P5_observation_noise,D6_common_driver_replacement,0.14256583253520122,0.7437060980839111,0.5185947885862605
confirmatory,10024,persistent_shared_mode,pearson,0.20610901983388413,0.8991000085856972,0.670018530893725,0.22908147769197218,P4_orthogonal_basis_rotation,D6_common_driver_replacement,,,
confirmatory,10024,persistent_shared_mode,mutual_information,0.07777731553617595,0.9922111848096441,0.35869079278772636,0.6335203920219177,P5_observation_noise,D6_common_driver_replacement,,,
confirmatory,10024,persistent_shared_mode,largest_covariance_eigenvalue,2.8837809186098093,0.9322419637548538,0.8547060841133123,0.07753587964154152,P6_time_reparameterization,D6_common_driver_replacement,,,
confirmatory,10024,persistent_shared_mode,pca_rank1_explained_variance,0.24031507655081744,0.8727630188039806,0.8547060841133123,0.01805693469066827,P2_global_scaling,D6_common_driver_replacement,,,
confirmatory,10024,persistent_shared_mode,spectral_coherence,0.20673951082066858,0.7259018518722424,1.0,-0.27409814812775757,P2_global_scaling,D6_common_driver_replacement,,,
confirmatory,10024,persistent_shared_mode,autocorrelation_persistence,0.7022024417003925,0.8821740831037674,0.9977673985063411,-0.11559331540257367,P7_coarse_graining,D2_phase_randomization,,,
confirmatory,10024,persistent_shared_mode,linear_CKA,0.22623040065586106,0.29127001251591644,0.45898627246239676,-0.16771625994648032,P2_global_scaling,D6_common_driver_replacement,,,
confirmatory,10024,persistent_shared_mode,VAR_ARX_predictive,0.0529408874428241,0.8078946225833658,0.8685096440867578,-0.06061502150339204,P2_global_scaling,D6_common_driver_replacement,,,
confirmatory,10024,direct_coupling_SCM,correlon_v1,0.0,0.0,1.0,-1.0,P1_node_permutation,D1_temporal_shuffle,-0.024388719130393588,-0.1692591394548209,-0.09069390795791318
confirmatory,10024,direct_coupling_SCM,pearson,0.0775274031453161,0.9862503232145357,0.8869408976273456,0.09930942558719003,P4_orthogonal_basis_rotation,D7_history_destruction,,,
confirmatory,10024,direct_coupling_SCM,mutual_information,0.016929598190539186,0.9999999999999934,0.8149406238722255,0.1850593761277679,P1_node_permutation,D7_history_destruction,,,
confirmatory,10024,direct_coupling_SCM,largest_covariance_eigenvalue,1.5995830824643011,0.8677100012575857,0.9906719327712245,-0.12296193151363877,P7_coarse_graining,D6_common_driver_replacement,,,
confirmatory,10024,direct_coupling_SCM,pca_rank1_explained_variance,0.13329859020535845,0.9949519195176929,0.9906719327712243,0.004279986746468567,P5_observation_noise,D6_common_driver_replacement,,,
confirmatory,10024,direct_coupling_SCM,spectral_coherence,0.1491271588146748,0.8911566091739648,1.0,-0.10884339082603522,P2_global_scaling,D6_common_driver_replacement,,,
confirmatory,10024,direct_coupling_SCM,autocorrelation_persistence,0.5925588505019287,0.7961209108710406,1.0,-0.20387908912895936,P7_coarse_graining,D5_source_swap,,,
confirmatory,10024,direct_coupling_SCM,linear_CKA,0.034993279424110964,0.7995708915302524,0.7737604273852383,0.02581046414501409,P2_global_scaling,D7_history_destruction,,,
confirmatory,10024,direct_coupling_SCM,VAR_ARX_predictive,0.04903063517152878,0.873566536087627,0.7511641924935885,0.12240234359403857,P2_global_scaling,D6_common_driver_replacement,,,
confirmatory,10024,history_dependent_relational_mode,correlon_v1,0.0,0.0,1.0,-1.0,P1_node_permutation,D4_edge_cutting,0.004294366514503892,-0.0033223463603825054,-0.053156314468104426
confirmatory,10024,history_dependent_relational_mode,pearson,0.06489499488441007,0.9946536089682151,1.0,-0.005346391031784914,P4_orthogonal_basis_rotation,D4_edge_cutting,,,
confirmatory,10024,history_dependent_relational_mode,mutual_information,0.012813244257783407,1.0,1.0,0.0,P1_node_permutation,D7_history_destruction,,,
confirmatory,10024,history_dependent_relational_mode,largest_covariance_eigenvalue,1.3516850759826655,0.8644027602030088,1.0,-0.13559723979699123,P7_coarse_graining,D2_phase_randomization,,,
confirmatory,10024,history_dependent_relational_mode,pca_rank1_explained_variance,0.11264042299855542,0.9999999999999997,1.0,-3.3306690738754696e-16,P4_orthogonal_basis_rotation,D2_phase_randomization,,,
confirmatory,10024,history_dependent_relational_mode,spectral_coherence,0.13351296223437542,0.9259600764540971,1.0,-0.07403992354590294,P2_global_scaling,D4_edge_cutting,,,
confirmatory,10024,history_dependent_relational_mode,autocorrelation_persistence,0.6194631347327085,0.8209172052326216,1.0,-0.17908279476737843,P7_coarse_graining,D5_source_swap,,,
confirmatory,10024,history_dependent_relational_mode,linear_CKA,0.02480843359087682,0.8905356611421035,1.0,-0.10946433885789653,P2_global_scaling,D4_edge_cutting,,,
confirmatory,10024,history_dependent_relational_mode,VAR_ARX_predictive,0.03169729490010165,0.9246806862816102,1.0,-0.07531931371838985,P2_global_scaling,D2_phase_randomization,,,
confirmatory,10025,persistent_shared_mode,correlon_v1,0.33958460728719175,0.8601539276710661,1.0,-0.13984607232893387,P6_time_reparameterization,D6_common_driver_replacement,0.1652502243559641,0.6978369073677708,0.494755520576636
confirmatory,10025,persistent_shared_mode,pearson,0.20019851748016051,0.9395605947562018,0.7500057623509678,0.18955483240523396,P4_orthogonal_basis_rotation,D6_common_driver_replacement,,,
confirmatory,10025,persistent_shared_mode,mutual_information,0.0726840621338336,0.9919614035896818,0.510640780863095,0.4813206227265868,P5_observation_noise,D6_common_driver_replacement,,,
confirmatory,10025,persistent_shared_mode,largest_covariance_eigenvalue,2.802320810467106,0.9658602161966463,0.8665768622600588,0.09928335393658749,P7_coarse_graining,D6_common_driver_replacement,,,
confirmatory,10025,persistent_shared_mode,pca_rank1_explained_variance,0.23352673420559214,0.9921223860925784,0.866576862260059,0.12554552383251938,P5_observation_noise,D6_common_driver_replacement,,,
confirmatory,10025,persistent_shared_mode,spectral_coherence,0.2509646704508475,0.5388901092124816,1.0,-0.4611098907875184,P2_global_scaling,D6_common_driver_replacement,,,
confirmatory,10025,persistent_shared_mode,autocorrelation_persistence,0.6946387964672803,0.8786413855007378,1.0,-0.12135861449926222,P7_coarse_graining,D5_source_swap,,,
confirmatory,10025,persistent_shared_mode,linear_CKA,0.21501489544331306,0.5305486345542819,0.5841310527615808,-0.05358241820729892,P2_global_scaling,D6_common_driver_replacement,,,
confirmatory,10025,persistent_shared_mode,VAR_ARX_predictive,0.05053821548085874,0.9753139317641706,0.755797707492282,0.21951622427188855,P6_time_reparameterization,D6_common_driver_replacement,,,
confirmatory,10025,direct_coupling_SCM,correlon_v1,0.0,0.0,1.0,-1.0,P1_node_permutation,D1_temporal_shuffle,0.03900202315518779,-0.023599761402197283,0.058412829929151366
confirmatory,10025,direct_coupling_SCM,pearson,0.060503473507435804,0.9768562630833373,1.0,-0.023143736916662716,P4_orthogonal_basis_rotation,D2_phase_randomization,,,
confirmatory,10025,direct_coupling_SCM,mutual_information,0.010616681649476822,0.954062515919901,1.0,-0.04593748408009901,P5_observation_noise,D2_phase_randomization,,,
confirmatory,10025,direct_coupling_SCM,largest_covariance_eigenvalue,1.455673009346816,0.8609412237684392,1.0,-0.13905877623156082,P7_coarse_graining,D3_IAAFT_surrogate,,,
confirmatory,10025,direct_coupling_SCM,pca_rank1_explained_variance,0.1213060841122347,0.9919865948523572,1.0,-0.008013405147642816,P5_observation_noise,D3_IAAFT_surrogate,,,
confirmatory,10025,direct_coupling_SCM,spectral_coherence,0.12599504569212308,0.9617391655833012,1.0,-0.03826083441669881,P5_observation_noise,D1_temporal_shuffle,,,
confirmatory,10025,direct_coupling_SCM,autocorrelation_persistence,0.6005754391404644,0.8159198420909575,1.0,-0.18408015790904253,P7_coarse_graining,D5_source_swap,,,
confirmatory,10025,direct_coupling_SCM,linear_CKA,0.021289449949574036,0.4105626980538821,1.0,-0.5894373019461179,P2_global_scaling,D2_phase_randomization,,,
confirmatory,10025,direct_coupling_SCM,VAR_ARX_predictive,0.04786129194834943,0.9040527976919679,0.6770976171393884,0.22695518055257946,P2_global_scaling,D4_edge_cutting,,,
confirmatory,10025,history_dependent_relational_mode,correlon_v1,0.0,0.0,1.0,-1.0,P1_node_permutation,D3_IAAFT_surrogate,-0.020589473962839278,0.06900174830902617,-0.04744133938651285
confirmatory,10025,history_dependent_relational_mode,pearson,0.07026892139067507,0.9642754565211896,1.0,-0.03572454347881038,P4_orthogonal_basis_rotation,D3_IAAFT_surrogate,,,
confirmatory,10025,history_dependent_relational_mode,mutual_information,0.012362451963599974,0.9999986193266791,1.0,-1.38067332089431e-06,P2_global_scaling,D2_phase_randomization,,,
confirmatory,10025,history_dependent_relational_mode,largest_covariance_eigenvalue,1.7174027197432888,0.868002426380315,0.9890036406016232,-0.12100121422130816,P7_coarse_graining,D8_block_shuffle,,,
confirmatory,10025,history_dependent_relational_mode,pca_rank1_explained_variance,0.14311689331194075,0.9950223035522067,0.9890036406016229,0.006018662950583731,P5_observation_noise,D8_block_shuffle,,,
confirmatory,10025,history_dependent_relational_mode,spectral_coherence,0.15379772139866685,0.95782375152502,1.0,-0.04217624847498003,P2_global_scaling,D5_source_swap,,,
confirmatory,10025,history_dependent_relational_mode,autocorrelation_persistence,0.6155265914543242,0.8420367972839412,1.0,-0.1579632027160588,P7_coarse_graining,D5_source_swap,,,
confirmatory,10025,history_dependent_relational_mode,linear_CKA,0.02830691021935214,0.506209308909502,1.0,-0.493790691090498,P2_global_scaling,D3_IAAFT_surrogate,,,
confirmatory,10025,history_dependent_relational_mode,VAR_ARX_predictive,0.035624237083175636,0.9999999999999984,1.0,-1.5543122344752192e-15,P3_affine_offset,D8_block_shuffle,,,
confirmatory,10026,persistent_shared_mode,correlon_v1,0.1332704296017797,0.8666220908600871,1.0,-0.13337790913991288,P5_observation_noise,D6_common_driver_replacement,0.08184605172584399,0.21700506049743445,0.2620806040108705
confirmatory,10026,persistent_shared_mode,pearson,0.11886708507113808,0.9521654171533481,0.7457831894837661,0.20638222766958203,P4_orthogonal_basis_rotation,D6_common_driver_replacement,,,
confirmatory,10026,persistent_shared_mode,mutual_information,0.04129154709942262,0.9694201299779525,0.4617077725657244,0.5077123574122281,P5_observation_noise,D6_common_driver_replacement,,,
confirmatory,10026,persistent_shared_mode,largest_covariance_eigenvalue,1.7987316246158094,0.9406062374630481,1.0,-0.059393762536951944,P7_coarse_graining,D5_source_swap,,,
confirmatory,10026,persistent_shared_mode,pca_rank1_explained_variance,0.14989430205131743,0.9914879367352685,1.0,-0.008512063264731529,P5_observation_noise,D5_source_swap,,,
confirmatory,10026,persistent_shared_mode,spectral_coherence,0.1437724454320514,0.8792673753154069,1.0,-0.12073262468459312,P2_global_scaling,D3_IAAFT_surrogate,,,
confirmatory,10026,persistent_shared_mode,autocorrelation_persistence,0.6666143571683143,0.842710308646436,1.0,-0.15728969135356397,P7_coarse_graining,D5_source_swap,,,
confirmatory,10026,persistent_shared_mode,linear_CKA,0.08261972878643159,0.3254762031558643,0.5542729091340861,-0.22879670597822183,P2_global_scaling,D6_common_driver_replacement,,,
confirmatory,10026,persistent_shared_mode,VAR_ARX_predictive,0.0468313526720478,0.8919294031388618,0.818091303268053,0.0738380998708088,P2_global_scaling,D7_history_destruction,,,
confirmatory,10026,direct_coupling_SCM,correlon_v1,0.06609330678091965,0.0,1.0,-1.0,P6_time_reparameterization,D6_common_driver_replacement,0.02439765129495325,0.17904695613632138,0.056261200657358124
confirmatory,10026,direct_coupling_SCM,pearson,0.06926829495004118,0.9592744468813398,1.0,-0.04072555311866022,P5_observation_noise,D6_common_driver_replacement,,,
confirmatory,10026,direct_coupling_SCM,mutual_information,0.01171575728219254,0.9112102218544714,1.0,-0.08878977814552858,P5_observation_noise,D6_common_driver_replacement,,,
confirmatory,10026,direct_coupling_SCM,largest_covariance_eigenvalue,1.7098231954447816,0.8678127431861695,1.0,-0.13218725681383048,P7_coarse_graining,D6_common_driver_replacement,,,
confirmatory,10026,direct_coupling_SCM,pca_rank1_explained_variance,0.14248526628706507,0.9956521203853071,1.0,-0.004347879614692851,P5_observation_noise,D6_common_driver_replacement,,,
confirmatory,10026,direct_coupling_SCM,spectral_coherence,0.1200229961272048,1.0,1.0,0.0,P1_node_permutation,D1_temporal_shuffle,,,
confirmatory,10026,direct_coupling_SCM,autocorrelation_persistence,0.6012077964858128,0.8309110072631201,0.9999870803328943,-0.16907607306977424,P7_coarse_graining,D2_phase_randomization,,,
confirmatory,10026,direct_coupling_SCM,linear_CKA,0.027650242342523203,0.8886909479070699,1.0,-0.11130905209293007,P2_global_scaling,D6_common_driver_replacement,,,
confirmatory,10026,direct_coupling_SCM,VAR_ARX_predictive,0.055139854971436086,0.9943941108966521,0.6892241527835768,0.30516995811307523,P2_global_scaling,D7_history_destruction,,,
confirmatory,10026,history_dependent_relational_mode,correlon_v1,0.0,0.0,1.0,-1.0,P1_node_permutation,D4_edge_cutting,-0.004819264164768897,0.2137379957851318,-0.010202591895153601
confirmatory,10026,history_dependent_relational_mode,pearson,0.0676427809714802,0.9840130083968757,1.0,-0.015986991603124334,P4_orthogonal_basis_rotation,D3_IAAFT_surrogate,,,
confirmatory,10026,history_dependent_relational_mode,mutual_information,0.013355831536648766,0.9999995217911609,1.0,-4.782088390831163e-07,P2_global_scaling,D3_IAAFT_surrogate,,,
confirmatory,10026,history_dependent_relational_mode,largest_covariance_eigenvalue,1.4167324127217362,0.8671126195311916,1.0,-0.13288738046880844,P7_coarse_graining,D5_source_swap,,,
confirmatory,10026,history_dependent_relational_mode,pca_rank1_explained_variance,0.11806103439347802,0.9999999999999993,1.0,-6.661338147750939e-16,P4_orthogonal_basis_rotation,D5_source_swap,,,
confirmatory,10026,history_dependent_relational_mode,spectral_coherence,0.12353899244456926,0.9999999999999984,1.0,-1.5543122344752192e-15,P4_orthogonal_basis_rotation,D1_temporal_shuffle,,,
confirmatory,10026,history_dependent_relational_mode,autocorrelation_persistence,0.6131266884611751,0.8395636421963605,0.9992623287169256,-0.15969868652056507,P7_coarse_graining,D2_phase_randomization,,,
confirmatory,10026,history_dependent_relational_mode,linear_CKA,0.02688394815218336,0.6058994250580001,1.0,-0.3941005749419999,P2_global_scaling,D3_IAAFT_surrogate,,,
confirmatory,10026,history_dependent_relational_mode,VAR_ARX_predictive,0.028708709466058635,0.9616331834239218,1.0,-0.03836681657607821,P5_observation_noise,D2_phase_randomization,,,
confirmatory,10027,persistent_shared_mode,correlon_v1,0.15301016069255918,0.9558870561743897,1.0,-0.04411294382561026,P2_global_scaling,D6_common_driver_replacement,0.15740101482559682,0.14874179369874982,0.31321696506469743
confirmatory,10027,persistent_shared_mode,pearson,0.18979165663175632,0.931490639396572,0.6740479867264613,0.2574426526701107,P4_orthogonal_basis_rotation,D6_common_driver_replacement,,,
confirmatory,10027,persistent_shared_mode,mutual_information,0.0639145638211327,0.9948378607350686,0.4247872675595778,0.5700505931754909,P5_observation_noise,D6_common_driver_replacement,,,
confirmatory,10027,persistent_shared_mode,largest_covariance_eigenvalue,2.7348409081113694,0.9290767505942287,0.8317229614883197,0.09735378910590897,P6_time_reparameterization,D6_common_driver_replacement,,,
confirmatory,10027,persistent_shared_mode,pca_rank1_explained_variance,0.22790340900928083,0.9999999999999991,0.831722961488319,0.16827703851168008,P4_orthogonal_basis_rotation,D6_common_driver_replacement,,,
confirmatory,10027,persistent_shared_mode,spectral_coherence,0.21751551940373975,0.6111371369164028,1.0,-0.3888628630835972,P2_global_scaling,D6_common_driver_replacement,,,
confirmatory,10027,persistent_shared_mode,autocorrelation_persistence,0.7047842907464229,0.8978115025824206,0.9984560918476807,-0.1006445892652601,P7_coarse_graining,D2_phase_randomization,,,
confirmatory,10027,persistent_shared_mode,linear_CKA,0.1937632387294389,0.7200418999616137,0.4726621238581745,0.2473797761034392,P2_global_scaling,D6_common_driver_replacement,,,
confirmatory,10027,persistent_shared_mode,VAR_ARX_predictive,0.04318667308210156,0.9117814568123603,1.0,-0.08821854318763966,P2_global_scaling,D6_common_driver_replacement,,,
confirmatory,10027,direct_coupling_SCM,correlon_v1,0.0,0.0,1.0,-1.0,P1_node_permutation,D2_phase_randomization,-0.00022793102234346108,0.1913113860944638,0.09988663763890976
confirmatory,10027,direct_coupling_SCM,pearson,0.06851743328554766,0.9886575202896443,1.0,-0.011342479710355735,P5_observation_noise,D3_IAAFT_surrogate,,,
confirmatory,10027,direct_coupling_SCM,mutual_information,0.013180719831891952,0.9690352442675753,1.0,-0.030964755732424742,P5_observation_noise,D3_IAAFT_surrogate,,,
confirmatory,10027,direct_coupling_SCM,largest_covariance_eigenvalue,1.5549285576396512,0.8603711808505559,1.0,-0.13962881914944414,P7_coarse_graining,D6_common_driver_replacement,,,
confirmatory,10027,direct_coupling_SCM,pca_rank1_explained_variance,0.12957737980330422,0.9952720383561071,1.0,-0.004727961643892886,P5_observation_noise,D6_common_driver_replacement,,,
confirmatory,10027,direct_coupling_SCM,spectral_coherence,0.11465559130855547,0.9428364133466028,1.0,-0.05716358665339716,P5_observation_noise,D1_temporal_shuffle,,,
confirmatory,10027,direct_coupling_SCM,autocorrelation_persistence,0.5978734255952821,0.7993342202552908,1.0,-0.20066577974470923,P7_coarse_graining,D5_source_swap,,,
confirmatory,10027,direct_coupling_SCM,linear_CKA,0.02732191233131784,0.869765201430131,1.0,-0.13023479856986897,P2_global_scaling,D3_IAAFT_surrogate,,,
confirmatory,10027,direct_coupling_SCM,VAR_ARX_predictive,0.050303922327806116,0.9598413518031794,0.6901993615902189,0.26964199021296054,P6_time_reparameterization,D6_common_driver_replacement,,,
confirmatory,10027,history_dependent_relational_mode,correlon_v1,0.027719774505395738,0.0,1.0,-1.0,P6_time_reparameterization,D4_edge_cutting,0.010292092774548789,0.07465788692948058,0.07791933723698768
confirmatory,10027,history_dependent_relational_mode,pearson,0.06961216432470983,0.9892130885041321,1.0,-0.010786911495867857,P4_orthogonal_basis_rotation,D2_phase_randomization,,,
confirmatory,10027,history_dependent_relational_mode,mutual_information,0.01333676687025176,0.9999990123228221,1.0,-9.876771779326887e-07,P2_global_scaling,D2_phase_randomization,,,
confirmatory,10027,history_dependent_relational_mode,largest_covariance_eigenvalue,1.6138193140294779,0.9015311482683939,1.0,-0.09846885173160613,P7_coarse_graining,D7_history_destruction,,,
confirmatory,10027,history_dependent_relational_mode,pca_rank1_explained_variance,0.13448494283578988,0.9985517326482726,1.0,-0.001448267351727428,P5_observation_noise,D7_history_destruction,,,
confirmatory,10027,history_dependent_relational_mode,spectral_coherence,0.1339778345708747,0.9101181103015717,1.0,-0.08988188969842825,P2_global_scaling,D1_temporal_shuffle,,,
confirmatory,10027,history_dependent_relational_mode,autocorrelation_persistence,0.6220005363730848,0.8209667391445964,1.0,-0.1790332608554036,P7_coarse_graining,D5_source_swap,,,
confirmatory,10027,history_dependent_relational_mode,linear_CKA,0.027920019277718734,0.5557305443385886,1.0,-0.4442694556614114,P2_global_scaling,D2_phase_randomization,,,
confirmatory,10027,history_dependent_relational_mode,VAR_ARX_predictive,0.035339300615112534,0.8531548042722314,1.0,-0.14684519572776855,P2_global_scaling,D6_common_driver_replacement,,,
confirmatory,10028,persistent_shared_mode,correlon_v1,0.37029090277609517,0.9838681368980394,1.0,-0.016131863101960575,P2_global_scaling,D6_common_driver_replacement,0.17550878935527092,0.7812449346977259,0.5326978164505294
confirmatory,10028,persistent_shared_mode,pearson,0.19109310635691873,0.8768848542538346,0.816184590643001,0.06070026361083358,P4_orthogonal_basis_rotation,D6_common_driver_replacement,,,
confirmatory,10028,persistent_shared_mode,mutual_information,0.06649605466188291,0.9741529637093423,0.530907590016991,0.4432453736923514,P5_observation_noise,D6_common_driver_replacement,,,
confirmatory,10028,persistent_shared_mode,largest_covariance_eigenvalue,2.7457242791270238,0.9578069468280483,0.9444277559670105,0.013379190861037893,P7_coarse_graining,D6_common_driver_replacement,,,
confirmatory,10028,persistent_shared_mode,pca_rank1_explained_variance,0.22881035659391866,0.9983853438508989,0.9444277559670103,0.0539575878838886,P5_observation_noise,D6_common_driver_replacement,,,
confirmatory,10028,persistent_shared_mode,spectral_coherence,0.23204339079781833,0.6898372189031097,1.0,-0.3101627810968903,P2_global_scaling,D6_common_driver_replacement,,,
confirmatory,10028,persistent_shared_mode,autocorrelation_persistence,0.7052920161896766,0.8839362121517288,1.0,-0.1160637878482712,P7_coarse_graining,D7_history_destruction,,,
confirmatory,10028,persistent_shared_mode,linear_CKA,0.1980133854695637,0.42417503265569884,0.6641607754344822,-0.23998574277878332,P2_global_scaling,D6_common_driver_replacement,,,
confirmatory,10028,persistent_shared_mode,VAR_ARX_predictive,0.05314762216895946,0.8746551246991854,0.8652862410986251,0.009368883600560318,P2_global_scaling,D6_common_driver_replacement,,,
confirmatory,10028,direct_coupling_SCM,correlon_v1,0.00885792750644452,0.0,1.0,-1.0,P6_time_reparameterization,D7_history_destruction,0.002866499360825628,0.027372369511649577,0.07720050155589986
confirmatory,10028,direct_coupling_SCM,pearson,0.07778212632542245,0.9715957813353621,0.9567866568276387,0.014809124507723315,P4_orthogonal_basis_rotation,D3_IAAFT_surrogate,,,
confirmatory,10028,direct_coupling_SCM,mutual_information,0.017097330355114737,0.9916286749075476,0.9338608937160809,0.05776778119146664,P5_observation_noise,D3_IAAFT_surrogate,,,
confirmatory,10028,direct_coupling_SCM,largest_covariance_eigenvalue,1.6113678715673287,0.8577590443743631,1.0,-0.14224095562563688,P7_coarse_graining,D5_source_swap,,,
confirmatory,10028,direct_coupling_SCM,pca_rank1_explained_variance,0.13428065596394403,0.9999999999999998,1.0,-2.220446049250313e-16,P4_orthogonal_basis_rotation,D5_source_swap,,,
confirmatory,10028,direct_coupling_SCM,spectral_coherence,0.17300524840888146,0.7821630984681693,1.0,-0.21783690153183066,P2_global_scaling,D6_common_driver_replacement,,,
confirmatory,10028,direct_coupling_SCM,autocorrelation_persistence,0.6038402961535246,0.8113829054422746,1.0,-0.18861709455772535,P7_coarse_graining,D5_source_swap,,,
confirmatory,10028,direct_coupling_SCM,linear_CKA,0.03517302484612382,0.625654152883965,0.9302241922063197,-0.3045700393223547,P2_global_scaling,D3_IAAFT_surrogate,,,
confirmatory,10028,direct_coupling_SCM,VAR_ARX_predictive,0.050813116761779076,0.8940698961062703,0.7868993418517988,0.10717055425447153,P2_global_scaling,D6_common_driver_replacement,,,
confirmatory,10028,history_dependent_relational_mode,correlon_v1,0.0,0.0,1.0,-1.0,P1_node_permutation,D6_common_driver_replacement,-0.012371393532085856,-0.0070577351744826045,-0.05638493053756441
confirmatory,10028,history_dependent_relational_mode,pearson,0.060497598056734624,0.9731936896862046,1.0,-0.026806310313795434,P5_observation_noise,D6_common_driver_replacement,,,
confirmatory,10028,history_dependent_relational_mode,mutual_information,0.009950302894785712,0.9453294703296429,1.0,-0.054670529670357126,P5_observation_noise,D5_source_swap,,,
confirmatory,10028,history_dependent_relational_mode,largest_covariance_eigenvalue,1.650667925479148,0.8867927450251386,0.9852551394012448,-0.09846239437610615,P6_time_reparameterization,D7_history_destruction,,,
confirmatory,10028,history_dependent_relational_mode,pca_rank1_explained_variance,0.1375556604565957,0.9902797892783094,0.9852551394012442,0.00502464987706519,P5_observation_noise,D7_history_destruction,,,
confirmatory,10028,history_dependent_relational_mode,spectral_coherence,0.1583884560657837,0.7893924276279439,1.0,-0.21060757237205607,P6_time_reparameterization,D6_common_driver_replacement,,,
confirmatory,10028,history_dependent_relational_mode,autocorrelation_persistence,0.6208868388127445,0.8170767288768979,1.0,-0.18292327112310214,P7_coarse_graining,D7_history_destruction,,,
confirmatory,10028,history_dependent_relational_mode,linear_CKA,0.020910413932776352,0.8816046933847149,1.0,-0.11839530661528508,P2_global_scaling,D5_source_swap,,,
confirmatory,10028,history_dependent_relational_mode,VAR_ARX_predictive,0.03324238019338582,0.9924820391451488,1.0,-0.0075179608548512356,P5_observation_noise,D6_common_driver_replacement,,,
confirmatory,10029,persistent_shared_mode,correlon_v1,0.12733752598019143,0.7595160381242957,1.0,-0.2404839618757043,P6_time_reparameterization,D6_common_driver_replacement,0.09755364651501028,0.1662146531883972,0.18121354503485493
confirmatory,10029,persistent_shared_mode,pearson,0.16886309101581348,0.9734779649984443,0.9000921026415846,0.07338586235685973,P4_orthogonal_basis_rotation,D6_common_driver_replacement,,,
confirmatory,10029,persistent_shared_mode,mutual_information,0.04912450450986683,0.9987989847543775,0.6840184531015232,0.31478053165285425,P5_observation_noise,D6_common_driver_replacement,,,
confirmatory,10029,persistent_shared_mode,largest_covariance_eigenvalue,2.552437447995114,0.9481462819811073,0.9880943172414174,-0.0399480352603101,P7_coarse_graining,D6_common_driver_replacement,,,
confirmatory,10029,persistent_shared_mode,pca_rank1_explained_variance,0.21270312066625968,0.9911677403020097,0.9880943172414168,0.0030734230605928836,P5_observation_noise,D6_common_driver_replacement,,,
confirmatory,10029,persistent_shared_mode,spectral_coherence,0.24439701877660536,0.6099337606291964,1.0,-0.39006623937080365,P2_global_scaling,D6_common_driver_replacement,,,
confirmatory,10029,persistent_shared_mode,autocorrelation_persistence,0.6845971436173031,0.871471842146448,1.0,-0.12852815785355198,P7_coarse_graining,D5_source_swap,,,
confirmatory,10029,persistent_shared_mode,linear_CKA,0.15754077272968037,0.4806908698712275,0.8039283982193272,-0.32323752834809966,P2_global_scaling,D6_common_driver_replacement,,,
confirmatory,10029,persistent_shared_mode,VAR_ARX_predictive,0.04813915020620191,0.9657303520825189,0.7661772480982704,0.19955310398424853,P2_global_scaling,D6_common_driver_replacement,,,
confirmatory,10029,direct_coupling_SCM,correlon_v1,0.0,0.0,1.0,-1.0,P1_node_permutation,D1_temporal_shuffle,-0.0064117717573664995,-0.000248064626723464,0.025696036962853996
confirmatory,10029,direct_coupling_SCM,pearson,0.06213709330645724,0.9782139881503336,1.0,-0.021786011849666442,P5_observation_noise,D3_IAAFT_surrogate,,,
confirmatory,10029,direct_coupling_SCM,mutual_information,0.010302214132226317,0.9615296302368317,1.0,-0.03847036976316831,P5_observation_noise,D3_IAAFT_surrogate,,,
confirmatory,10029,direct_coupling_SCM,largest_covariance_eigenvalue,1.567846016652512,0.861740139830903,1.0,-0.13825986016909697,P7_coarse_graining,D8_block_shuffle,,,
confirmatory,10029,direct_coupling_SCM,pca_rank1_explained_variance,0.13065383472104267,0.9974271177492304,1.0,-0.0025728822507695703,P5_observation_noise,D8_block_shuffle,,,
confirmatory,10029,direct_coupling_SCM,spectral_coherence,0.15590676841168144,0.9999999999999989,1.0,-1.1102230246251565e-15,P4_orthogonal_basis_rotation,D6_common_driver_replacement,,,
confirmatory,10029,direct_coupling_SCM,autocorrelation_persistence,0.6024716050125348,0.8043879288799175,0.9983688164064644,-0.19398088752654685,P7_coarse_graining,D2_phase_randomization,,,
confirmatory,10029,direct_coupling_SCM,linear_CKA,0.022412826207439455,0.4902621589063823,1.0,-0.5097378410936177,P2_global_scaling,D3_IAAFT_surrogate,,,
confirmatory,10029,direct_coupling_SCM,VAR_ARX_predictive,0.04711624217979549,0.9763958402897256,0.7368977201235791,0.23949812016614647,P5_observation_noise,D2_phase_randomization,,,
confirmatory,10029,history_dependent_relational_mode,correlon_v1,0.0,0.0,1.0,-1.0,P1_node_permutation,D2_phase_randomization,-0.009602117961127116,-0.033223033984584094,-0.06385292391114014
confirmatory,10029,history_dependent_relational_mode,pearson,0.05732945255935809,0.9885025187736547,1.0,-0.011497481226345307,P4_orthogonal_basis_rotation,D2_phase_randomization,,,
confirmatory,10029,history_dependent_relational_mode,mutual_information,0.009580885363491665,0.9999987557341125,1.0,-1.2442658875455592e-06,P2_global_scaling,D2_phase_randomization,,,
confirmatory,10029,history_dependent_relational_mode,largest_covariance_eigenvalue,1.4032389086761956,0.8650109121998985,1.0,-0.13498908780010155,P7_coarse_graining,D5_source_swap,,,
confirmatory,10029,history_dependent_relational_mode,pca_rank1_explained_variance,0.11693657572301629,0.9903461519524186,1.0,-0.009653848047581404,P5_observation_noise,D5_source_swap,,,
confirmatory,10029,history_dependent_relational_mode,spectral_coherence,0.14201281660231865,0.960690482110814,1.0,-0.03930951788918602,P2_global_scaling,D5_source_swap,,,
confirmatory,10029,history_dependent_relational_mode,autocorrelation_persistence,0.6072690574070586,0.798520696445229,1.0,-0.20147930355477095,P7_coarse_graining,D5_source_swap,,,
confirmatory,10029,history_dependent_relational_mode,linear_CKA,0.019474146529106753,0.6014962870124642,1.0,-0.39850371298753584,P2_global_scaling,D2_phase_randomization,,,
confirmatory,10029,history_dependent_relational_mode,VAR_ARX_predictive,0.03076578441470562,0.9066640166572367,1.0,-0.09333598334276327,P2_global_scaling,D2_phase_randomization,,,
confirmatory,10030,persistent_shared_mode,correlon_v1,0.2928611723180847,0.9916651743750313,1.0,-0.008334825624968678,P2_global_scaling,D6_common_driver_replacement,0.14005479928653028,0.6123864850647183,0.4697095817672344
confirmatory,10030,persistent_shared_mode,pearson,0.20189120485401812,0.9123466254654391,0.7137141139549279,0.1986325115105112,P4_orthogonal_basis_rotation,D6_common_driver_replacement,,,
confirmatory,10030,persistent_shared_mode,mutual_information,0.06746589542986137,0.9807993224251506,0.450784722019063,0.5300146004060875,P5_observation_noise,D6_common_driver_replacement,,,
confirmatory,10030,persistent_shared_mode,largest_covariance_eigenvalue,2.8472317525046824,0.9460972343186003,0.8689707977666862,0.07712643655191409,P6_time_reparameterization,D6_common_driver_replacement,,,
confirmatory,10030,persistent_shared_mode,pca_rank1_explained_variance,0.23726931270872353,0.9999999999999997,0.8689707977666861,0.1310292022333136,P1_node_permutation,D6_common_driver_replacement,,,
confirmatory,10030,persistent_shared_mode,spectral_coherence,0.2810922447951796,0.8282705515976403,0.8696180641430532,-0.04134751254541291,P2_global_scaling,D6_common_driver_replacement,,,
confirmatory,10030,persistent_shared_mode,autocorrelation_persistence,0.6894818353872761,0.8548997414972054,0.997277666598662,-0.14237792510145664,P7_coarse_graining,D2_phase_randomization,,,
confirmatory,10030,persistent_shared_mode,linear_CKA,0.21993445369697262,0.9579559414053394,0.5158414384522605,0.44211450295307886,P2_global_scaling,D6_common_driver_replacement,,,
confirmatory,10030,persistent_shared_mode,VAR_ARX_predictive,0.05542281691135631,0.996572074997376,0.8198399649660818,0.1767321100312942,P5_observation_noise,D6_common_driver_replacement,,,
confirmatory,10030,direct_coupling_SCM,correlon_v1,0.0,0.0,1.0,-1.0,P1_node_permutation,D1_temporal_shuffle,-0.007661281390643357,-0.03535853358381708,-0.049489845433689866
confirmatory,10030,direct_coupling_SCM,pearson,0.061296535087401016,0.9905049595247634,1.0,-0.009495040475236638,P4_orthogonal_basis_rotation,D7_history_destruction,,,
confirmatory,10030,direct_coupling_SCM,mutual_information,0.012090705166028837,0.9999990152061066,1.0,-9.84793893432645e-07,P2_global_scaling,D7_history_destruction,,,
confirmatory,10030,direct_coupling_SCM,largest_covariance_eigenvalue,1.6000402045081634,0.8501900185545024,1.0,-0.14980998144549762,P7_coarse_graining,D7_history_destruction,,,
confirmatory,10030,direct_coupling_SCM,pca_rank1_explained_variance,0.1333366837090136,1.0,1.0,0.0,P1_node_permutation,D7_history_destruction,,,
confirmatory,10030,direct_coupling_SCM,spectral_coherence,0.13118493735617784,0.9999999999999993,1.0,-6.661338147750939e-16,P1_node_permutation,D3_IAAFT_surrogate,,,
confirmatory,10030,direct_coupling_SCM,autocorrelation_persistence,0.6031861787156715,0.7762806991204071,1.0,-0.2237193008795929,P7_coarse_graining,D5_source_swap,,,
confirmatory,10030,direct_coupling_SCM,linear_CKA,0.021567620305420435,0.7448955334003995,1.0,-0.2551044665996005,P2_global_scaling,D7_history_destruction,,,
confirmatory,10030,direct_coupling_SCM,VAR_ARX_predictive,0.05177811717926867,0.9601321984424137,0.7203829874415605,0.23974921100085322,P2_global_scaling,D6_common_driver_replacement,,,
confirmatory,10030,history_dependent_relational_mode,correlon_v1,0.0,0.0,1.0,-1.0,P1_node_permutation,D7_history_destruction,-0.026815361712811667,0.11307685699414138,0.06334209751418962
confirmatory,10030,history_dependent_relational_mode,pearson,0.05783044512113165,0.9994275333858949,1.0,-0.0005724666141051493,P5_observation_noise,D2_phase_randomization,,,
confirmatory,10030,history_dependent_relational_mode,mutual_information,0.009611488396728318,0.9998464396419305,1.0,-0.00015356035806946,P5_observation_noise,D2_phase_randomization,,,
confirmatory,10030,history_dependent_relational_mode,largest_covariance_eigenvalue,1.4881421175222784,0.8734229626842909,1.0,-0.12657703731570913,P7_coarse_graining,D7_history_destruction,,,
confirmatory,10030,history_dependent_relational_mode,pca_rank1_explained_variance,0.12401184312685652,0.9895128831249733,1.0,-0.01048711687502668,P5_observation_noise,D7_history_destruction,,,
confirmatory,10030,history_dependent_relational_mode,spectral_coherence,0.15957924357419204,0.9999999999999998,1.0,-2.220446049250313e-16,P3_affine_offset,D2_phase_randomization,,,
confirmatory,10030,history_dependent_relational_mode,autocorrelation_persistence,0.6141893234788308,0.8291381093280588,0.9980150212864812,-0.16887691195842247,P7_coarse_graining,D2_phase_randomization,,,
confirmatory,10030,history_dependent_relational_mode,linear_CKA,0.019401320033788753,0.6626842078303752,1.0,-0.3373157921696248,P2_global_scaling,D2_phase_randomization,,,
confirmatory,10030,history_dependent_relational_mode,VAR_ARX_predictive,0.029615918657510787,0.9930651068170165,1.0,-0.006934893182983459,P5_observation_noise,D1_temporal_shuffle,,,
confirmatory,10031,persistent_shared_mode,correlon_v1,0.3475477442079157,0.9163495660371993,1.0,-0.0836504339628007,P5_observation_noise,D6_common_driver_replacement,0.1671708851811761,0.7225506664817972,0.45409154352421954
confirmatory,10031,persistent_shared_mode,pearson,0.20127077714847616,0.7886130225630023,0.678323024802129,0.11028999776087323,P4_orthogonal_basis_rotation,D6_common_driver_replacement,,,
confirmatory,10031,persistent_shared_mode,mutual_information,0.07274257592466793,0.9790593600077927,0.4175778025988489,0.5614815574089438,P5_observation_noise,D6_common_driver_replacement,,,
confirmatory,10031,persistent_shared_mode,largest_covariance_eigenvalue,2.8238179353562227,0.9179226676261697,0.8394084560256747,0.07851421160049499,P6_time_reparameterization,D6_common_driver_replacement,,,
confirmatory,10031,persistent_shared_mode,pca_rank1_explained_variance,0.2353181612796852,0.9938227711619894,0.8394084560256749,0.15441431513631443,P5_observation_noise,D6_common_driver_replacement,,,
confirmatory,10031,persistent_shared_mode,spectral_coherence,0.24826420326981585,0.5656523957515504,0.9993576843265966,-0.4337052885750462,P2_global_scaling,D6_common_driver_replacement,,,
confirmatory,10031,persistent_shared_mode,autocorrelation_persistence,0.6886652864703727,0.8745034725296281,1.0,-0.12549652747037188,P7_coarse_graining,D5_source_swap,,,
confirmatory,10031,persistent_shared_mode,linear_CKA,0.21923375008038273,0.8191615533041526,0.47001033949674165,0.349151213807411,P2_global_scaling,D6_common_driver_replacement,,,
confirmatory,10031,persistent_shared_mode,VAR_ARX_predictive,0.04705798120373339,0.9983643601257667,0.9342977593943883,0.06406660073137838,P5_observation_noise,D6_common_driver_replacement,,,
confirmatory,10031,direct_coupling_SCM,correlon_v1,0.0,0.0,1.0,-1.0,P1_node_permutation,D5_source_swap,-0.0008086315616648576,0.030990095641918534,-0.07423971292618861
confirmatory,10031,direct_coupling_SCM,pearson,0.06747249035261645,0.9794377173291909,1.0,-0.020562282670809062,P5_observation_noise,D6_common_driver_replacement,,,
confirmatory,10031,direct_coupling_SCM,mutual_information,0.012046692741580212,0.9689663338086344,1.0,-0.031033666191365605,P5_observation_noise,D5_source_swap,,,
confirmatory,10031,direct_coupling_SCM,largest_covariance_eigenvalue,1.7588767926858342,0.8758610798051344,0.9994421909445345,-0.12358111113940007,P7_coarse_graining,D8_block_shuffle,,,
confirmatory,10031,direct_coupling_SCM,pca_rank1_explained_variance,0.14657306605715278,1.0,0.9994421909445348,0.0005578090554652082,P1_node_permutation,D8_block_shuffle,,,
confirmatory,10031,direct_coupling_SCM,spectral_coherence,0.15883593731597712,0.8752350485902245,1.0,-0.1247649514097755,P6_time_reparameterization,D5_source_swap,,,
confirmatory,10031,direct_coupling_SCM,autocorrelation_persistence,0.6059445918071766,0.7941644110535581,1.0,-0.20583558894644194,P7_coarse_graining,D5_source_swap,,,
confirmatory,10031,direct_coupling_SCM,linear_CKA,0.02594791714717706,0.6414918981703126,1.0,-0.3585081018296874,P2_global_scaling,D6_common_driver_replacement,,,
confirmatory,10031,direct_coupling_SCM,VAR_ARX_predictive,0.04738750986648349,0.7919312743484831,0.7396236412625704,0.052307633085912686,P2_global_scaling,D6_common_driver_replacement,,,
confirmatory,10031,history_dependent_relational_mode,correlon_v1,0.0,0.0,1.0,-1.0,P1_node_permutation,D3_IAAFT_surrogate,-0.009637094661041984,-0.01657000209853028,-0.10164181319991525
confirmatory,10031,history_dependent_relational_mode,pearson,0.05377738071929812,0.9914652820686753,1.0,-0.008534717931324654,P5_observation_noise,D3_IAAFT_surrogate,,,
confirmatory,10031,history_dependent_relational_mode,mutual_information,0.008701448152585223,0.9832781312491197,1.0,-0.01672186875088033,P5_observation_noise,D3_IAAFT_surrogate,,,
confirmatory,10031,history_dependent_relational_mode,largest_covariance_eigenvalue,1.49888489677893,0.8772873302839863,1.0,-0.12271266971601369,P7_coarse_graining,D1_temporal_shuffle,,,
confirmatory,10031,history_dependent_relational_mode,pca_rank1_explained_variance,0.12490707473157749,0.996195220940993,1.0,-0.003804779059007002,P5_observation_noise,D1_temporal_shuffle,,,
confirmatory,10031,history_dependent_relational_mode,spectral_coherence,0.10376181993736669,0.9999999999999996,1.0,-4.440892098500626e-16,P1_node_permutation,D1_temporal_shuffle,,,
confirmatory,10031,history_dependent_relational_mode,autocorrelation_persistence,0.6024406114703936,0.791916709872595,1.0,-0.208083290127405,P7_coarse_graining,D7_history_destruction,,,
confirmatory,10031,history_dependent_relational_mode,linear_CKA,0.016832631288576125,0.5335492086892589,1.0,-0.4664507913107411,P2_global_scaling,D3_IAAFT_surrogate,,,
confirmatory,10031,history_dependent_relational_mode,VAR_ARX_predictive,0.030413537478982733,0.9872137383319658,1.0,-0.012786261668034204,P6_time_reparameterization,D3_IAAFT_surrogate,,,
confirmatory,10032,persistent_shared_mode,correlon_v1,0.25303393203827496,0.9837394491454065,1.0,-0.016260550854593547,P2_global_scaling,D6_common_driver_replacement,0.12602407651410694,0.5080471330062345,0.470788182554977
confirmatory,10032,persistent_shared_mode,pearson,0.19941885924700314,0.8974434020960848,0.6924368087331777,0.20500659336290705,P4_orthogonal_basis_rotation,D6_common_driver_replacement,,,
confirmatory,10032,persistent_shared_mode,mutual_information,0.07857167938344356,0.9824104594562749,0.43432741928038343,0.5480830401758915,P5_observation_noise,D6_common_driver_replacement,,,
confirmatory,10032,persistent_shared_mode,largest_covariance_eigenvalue,2.7219070596625228,0.9670496084222773,0.8396380473855882,0.12741156103668905,P6_time_reparameterization,D6_common_driver_replacement,,,
confirmatory,10032,persistent_shared_mode,pca_rank1_explained_variance,0.22682558830521016,1.0,0.8396380473855884,0.16036195261441155,P1_node_permutation,D6_common_driver_replacement,,,
confirmatory,10032,persistent_shared_mode,spectral_coherence,0.19006082895092133,0.6166090427677863,1.0,-0.3833909572322137,P2_global_scaling,D6_common_driver_replacement,,,
confirmatory,10032,persistent_shared_mode,autocorrelation_persistence,0.6930296281997333,0.8857500303385912,1.0,-0.11424996966140877,P7_coarse_graining,D5_source_swap,,,
confirmatory,10032,persistent_shared_mode,linear_CKA,0.21719213109781063,0.665488875444145,0.4949403006786227,0.17054857476552232,P2_global_scaling,D6_common_driver_replacement,,,
confirmatory,10032,persistent_shared_mode,VAR_ARX_predictive,0.05137573910419446,0.9859370457535238,0.7959030290564796,0.19003401669704423,P2_global_scaling,D6_common_driver_replacement,,,
confirmatory,10032,direct_coupling_SCM,correlon_v1,0.0,0.0,1.0,-1.0,P1_node_permutation,D6_common_driver_replacement,-0.0128529151819545,-0.04625130067433125,0.0845668798227861
confirmatory,10032,direct_coupling_SCM,pearson,0.10057232047656975,0.975077235717194,0.7846255083876801,0.19045172732951388,P4_orthogonal_basis_rotation,D6_common_driver_replacement,,,
confirmatory,10032,direct_coupling_SCM,mutual_information,0.0241028767773781,0.9585634750251382,0.6343083587166161,0.3242551163085221,P5_observation_noise,D4_edge_cutting,,,
confirmatory,10032,direct_coupling_SCM,largest_covariance_eigenvalue,1.8305940978169803,0.9095297984134741,0.9433066904896684,-0.033776892076194276,P7_coarse_graining,D6_common_driver_replacement,,,
confirmatory,10032,direct_coupling_SCM,pca_rank1_explained_variance,0.15254950815141505,0.9922561080475805,0.9433066904896688,0.04894941755791171,P5_observation_noise,D6_common_driver_replacement,,,
confirmatory,10032,direct_coupling_SCM,spectral_coherence,0.22754721954204662,0.6432542327135663,0.8196153842821682,-0.17636115156860188,P2_global_scaling,D6_common_driver_replacement,,,
confirmatory,10032,direct_coupling_SCM,autocorrelation_persistence,0.620312522729077,0.7990442198531721,0.996483402023352,-0.19743918217017986,P7_coarse_graining,D2_phase_randomization,,,
confirmatory,10032,direct_coupling_SCM,linear_CKA,0.05862546983355028,0.7004364012130494,0.62101177256027,0.07942462865277944,P2_global_scaling,D6_common_driver_replacement,,,
confirmatory,10032,direct_coupling_SCM,VAR_ARX_predictive,0.049343624213410264,0.9840601879359221,0.7412278708330922,0.24283231710282993,P5_observation_noise,D2_phase_randomization,,,
confirmatory,10032,history_dependent_relational_mode,correlon_v1,0.0,0.0,1.0,-1.0,P1_node_permutation,D6_common_driver_replacement,-0.008187208267662824,0.08014875435314169,-0.08359738768344441
confirmatory,10032,history_dependent_relational_mode,pearson,0.06649917334445708,0.9885447614367128,1.0,-0.011455238563287229,P5_observation_noise,D6_common_driver_replacement,,,
confirmatory,10032,history_dependent_relational_mode,mutual_information,0.0127671441036864,0.9814665069410351,1.0,-0.0185334930589649,P5_observation_noise,D6_common_driver_replacement,,,
confirmatory,10032,history_dependent_relational_mode,largest_covariance_eigenvalue,1.4039412743336046,0.865303252708417,1.0,-0.13469674729158299,P7_coarse_graining,D3_IAAFT_surrogate,,,
confirmatory,10032,history_dependent_relational_mode,pca_rank1_explained_variance,0.11699510619446707,0.994209858401909,1.0,-0.005790141598090992,P5_observation_noise,D3_IAAFT_surrogate,,,
confirmatory,10032,history_dependent_relational_mode,spectral_coherence,0.13268133254987566,0.9846568819694114,1.0,-0.015343118030588632,P2_global_scaling,D3_IAAFT_surrogate,,,
confirmatory,10032,history_dependent_relational_mode,autocorrelation_persistence,0.6187797991682649,0.8197852816974945,0.999484136207922,-0.17969885451042744,P7_coarse_graining,D2_phase_randomization,,,
confirmatory,10032,history_dependent_relational_mode,linear_CKA,0.025899487282924176,0.7666757426766049,1.0,-0.23332425732339512,P2_global_scaling,D6_common_driver_replacement,,,
confirmatory,10032,history_dependent_relational_mode,VAR_ARX_predictive,0.032348214410809706,0.9999999999999966,1.0,-3.4416913763379853e-15,P1_node_permutation,D1_temporal_shuffle,,,
confirmatory,10033,persistent_shared_mode,correlon_v1,0.11498521546029555,0.9897725048218655,1.0,-0.010227495178134483,P2_global_scaling,D6_common_driver_replacement,0.054469016317432006,0.24273615843176544,0.24018351614659328
confirmatory,10033,persistent_shared_mode,pearson,0.17755277994550073,0.9563529448777981,0.7983786232320372,0.15797432164576086,P4_orthogonal_basis_rotation,D6_common_driver_replacement,,,
confirmatory,10033,persistent_shared_mode,mutual_information,0.05559355511059949,0.9914132982599682,0.5705814399370249,0.42083185832294323,P5_observation_noise,D6_common_driver_replacement,,,
confirmatory,10033,persistent_shared_mode,largest_covariance_eigenvalue,2.6305188387005396,0.8991445918898767,0.9180838790595447,-0.018939287169667973,P6_time_reparameterization,D6_common_driver_replacement,,,
confirmatory,10033,persistent_shared_mode,pca_rank1_explained_variance,0.21920990322504483,0.9906955351648774,0.9180838790595454,0.07261165610533205,P5_observation_noise,D6_common_driver_replacement,,,
confirmatory,10033,persistent_shared_mode,spectral_coherence,0.19119090312404216,0.7746777238960382,1.0,-0.22532227610396183,P2_global_scaling,D6_common_driver_replacement,,,
confirmatory,10033,persistent_shared_mode,autocorrelation_persistence,0.6828543111744173,0.8500374103492515,1.0,-0.1499625896507485,P7_coarse_graining,D5_source_swap,,,
confirmatory,10033,persistent_shared_mode,linear_CKA,0.1728297896848856,0.2961570345446743,0.644775792820942,-0.3486187582762677,P2_global_scaling,D6_common_driver_replacement,,,
confirmatory,10033,persistent_shared_mode,VAR_ARX_predictive,0.05085679356498196,0.8515159239359245,0.8658071829465717,-0.014291259010647206,P2_global_scaling,D6_common_driver_replacement,,,
confirmatory,10033,direct_coupling_SCM,correlon_v1,0.0,0.0,1.0,-1.0,P1_node_permutation,D4_edge_cutting,-0.003417422365234443,-0.03453250721915423,0.026618483599357756
confirmatory,10033,direct_coupling_SCM,pearson,0.07802102186278345,0.9535767010137159,1.0,-0.046423298986284056,P4_orthogonal_basis_rotation,D6_common_driver_replacement,,,
confirmatory,10033,direct_coupling_SCM,mutual_information,0.01662963504688053,0.9713453819569282,0.9357205841075366,0.035624797849391654,P5_observation_noise,D5_source_swap,,,
confirmatory,10033,direct_coupling_SCM,largest_covariance_eigenvalue,1.6332374043543227,0.880574021847244,1.0,-0.11942597815275602,P7_coarse_graining,D6_common_driver_replacement,,,
confirmatory,10033,direct_coupling_SCM,pca_rank1_explained_variance,0.1361031170295269,0.9970841409094424,1.0,-0.002915859090557582,P5_observation_noise,D6_common_driver_replacement,,,
confirmatory,10033,direct_coupling_SCM,spectral_coherence,0.11015926028541409,0.999999999999998,1.0,-1.9984014443252818e-15,P4_orthogonal_basis_rotation,D1_temporal_shuffle,,,
confirmatory,10033,direct_coupling_SCM,autocorrelation_persistence,0.6108216367044786,0.8134617714756672,1.0,-0.18653822852433277,P7_coarse_graining,D7_history_destruction,,,
confirmatory,10033,direct_coupling_SCM,linear_CKA,0.03539832662943258,0.48133229088019114,1.0,-0.5186677091198089,P2_global_scaling,D6_common_driver_replacement,,,
confirmatory,10033,direct_coupling_SCM,VAR_ARX_predictive,0.0530372750966534,0.814076323296353,0.6549783805656203,0.15909794273073274,P2_global_scaling,D7_history_destruction,,,
confirmatory,10033,history_dependent_relational_mode,correlon_v1,0.0,0.0,1.0,-1.0,P1_node_permutation,D6_common_driver_replacement,0.01455215276343197,-0.026576190708604217,-0.10849440625005968
confirmatory,10033,history_dependent_relational_mode,pearson,0.060611268561300446,1.0,1.0,0.0,P1_node_permutation,D2_phase_randomization,,,
confirmatory,10033,history_dependent_relational_mode,mutual_information,0.011625497901679882,0.9999989700935442,1.0,-1.0299064557850457e-06,P2_global_scaling,D2_phase_randomization,,,
confirmatory,10033,history_dependent_relational_mode,largest_covariance_eigenvalue,1.4581241589067429,0.8640277787103177,1.0,-0.13597222128968234,P7_coarse_graining,D5_source_swap,,,
confirmatory,10033,history_dependent_relational_mode,pca_rank1_explained_variance,0.12151034657556191,0.995969187783545,1.0,-0.00403081221645496,P5_observation_noise,D5_source_swap,,,
confirmatory,10033,history_dependent_relational_mode,spectral_coherence,0.12673378455741513,0.8284809253850699,1.0,-0.1715190746149301,P2_global_scaling,D1_temporal_shuffle,,,
confirmatory,10033,history_dependent_relational_mode,autocorrelation_persistence,0.6106864135846745,0.8177698042279967,0.9984769313189644,-0.1807071270909677,P7_coarse_graining,D7_history_destruction,,,
confirmatory,10033,history_dependent_relational_mode,linear_CKA,0.021421412500216036,0.6628889674721926,1.0,-0.3371110325278074,P2_global_scaling,D2_phase_randomization,,,
confirmatory,10033,history_dependent_relational_mode,VAR_ARX_predictive,0.03486052454629529,0.9847564443535222,1.0,-0.015243555646477835,P5_observation_noise,D2_phase_randomization,,,
confirmatory,10034,persistent_shared_mode,correlon_v1,0.4332423480926544,0.9955219103805705,0.9098433899747109,0.08567852040585955,P6_time_reparameterization,D6_common_driver_replacement,0.24453387840382404,0.7675784370085116,0.5455272541509374
confirmatory,10034,persistent_shared_mode,pearson,0.20279897283827736,0.9541787959655116,0.742248115615397,0.21193068035011453,P4_orthogonal_basis_rotation,D6_common_driver_replacement,,,
confirmatory,10034,persistent_shared_mode,mutual_information,0.07001222226787396,0.9798037296070683,0.5010907024766419,0.4787130271304264,P5_observation_noise,D6_common_driver_replacement,,,
confirmatory,10034,persistent_shared_mode,largest_covariance_eigenvalue,2.859932594462213,0.9470541022313368,0.8653406529808274,0.08171344925050938,P6_time_reparameterization,D6_common_driver_replacement,,,
confirmatory,10034,persistent_shared_mode,pca_rank1_explained_variance,0.23832771620518423,0.9965834910133542,0.8653406529808279,0.13124283803252634,P5_observation_noise,D6_common_driver_replacement,,,
confirmatory,10034,persistent_shared_mode,spectral_coherence,0.2126541883350367,0.9346504394461027,1.0,-0.06534956055389729,P6_time_reparameterization,D6_common_driver_replacement,,,
confirmatory,10034,persistent_shared_mode,autocorrelation_persistence,0.6766800341495629,0.8547239193442493,1.0,-0.1452760806557507,P7_coarse_graining,D5_source_swap,,,
confirmatory,10034,persistent_shared_mode,linear_CKA,0.2207076146457182,0.9816604438784661,0.564868858532586,0.4167915853458801,P5_observation_noise,D6_common_driver_replacement,,,
confirmatory,10034,persistent_shared_mode,VAR_ARX_predictive,0.04329439433142401,0.9991643211294671,0.9093672152389447,0.08979710589052237,P5_observation_noise,D6_common_driver_replacement,,,
confirmatory,10034,direct_coupling_SCM,correlon_v1,0.0,0.0,1.0,-1.0,P1_node_permutation,D2_phase_randomization,-0.0038382216412726905,0.012889977154998698,-0.06505501286408089
confirmatory,10034,direct_coupling_SCM,pearson,0.057378447351425166,0.9425539163282881,1.0,-0.05744608367171189,P5_observation_noise,D3_IAAFT_surrogate,,,
confirmatory,10034,direct_coupling_SCM,mutual_information,0.008384359471598324,0.91335716363749,1.0,-0.08664283636251002,P5_observation_noise,D2_phase_randomization,,,
confirmatory,10034,direct_coupling_SCM,largest_covariance_eigenvalue,1.6403985522545534,0.8854571682899179,1.0,-0.11454283171008206,P7_coarse_graining,D8_block_shuffle,,,
confirmatory,10034,direct_coupling_SCM,pca_rank1_explained_variance,0.13669987935454617,0.9813816874221385,1.0,-0.018618312577861507,P5_observation_noise,D8_block_shuffle,,,
confirmatory,10034,direct_coupling_SCM,spectral_coherence,0.1254205947911253,0.9999999999999931,1.0,-6.8833827526759706e-15,P4_orthogonal_basis_rotation,D1_temporal_shuffle,,,
confirmatory,10034,direct_coupling_SCM,autocorrelation_persistence,0.6032987995128362,0.808861564536807,1.0,-0.19113843546319298,P7_coarse_graining,D5_source_swap,,,
confirmatory,10034,direct_coupling_SCM,linear_CKA,0.01895178296538126,0.8312301710957001,1.0,-0.16876982890429992,P2_global_scaling,D3_IAAFT_surrogate,,,
confirmatory,10034,direct_coupling_SCM,VAR_ARX_predictive,0.05458028179457741,0.999999999999999,0.7067948949308038,0.29320510506919517,P1_node_permutation,D8_block_shuffle,,,
confirmatory,10034,history_dependent_relational_mode,correlon_v1,0.026582108224744258,0.0,1.0,-1.0,P7_coarse_graining,D7_history_destruction,0.00481372187777554,0.14679046600809142,0.03626384470521565
confirmatory,10034,history_dependent_relational_mode,pearson,0.06300663697170678,0.9875318367369113,1.0,-0.01246816326308875,P5_observation_noise,D2_phase_randomization,,,
confirmatory,10034,history_dependent_relational_mode,mutual_information,0.011907757149481002,0.9701125193443011,1.0,-0.029887480655698906,P5_observation_noise,D2_phase_randomization,,,
confirmatory,10034,history_dependent_relational_mode,largest_covariance_eigenvalue,1.4577136544883924,0.8385428530746826,1.0,-0.16145714692531743,P7_coarse_graining,D5_source_swap,,,
confirmatory,10034,history_dependent_relational_mode,pca_rank1_explained_variance,0.12147613787403268,0.9941532822618964,1.0,-0.005846717738103635,P5_observation_noise,D5_source_swap,,,
confirmatory,10034,history_dependent_relational_mode,spectral_coherence,0.15311562343597987,0.8154373333178924,0.957633507308174,-0.14219617399028162,P2_global_scaling,D1_temporal_shuffle,,,
confirmatory,10034,history_dependent_relational_mode,autocorrelation_persistence,0.614011136828507,0.8208771668891136,1.0,-0.1791228331108864,P7_coarse_graining,D7_history_destruction,,,
confirmatory,10034,history_dependent_relational_mode,linear_CKA,0.02326467067281235,0.941340795563089,1.0,-0.05865920443691097,P2_global_scaling,D2_phase_randomization,,,
confirmatory,10034,history_dependent_relational_mode,VAR_ARX_predictive,0.03158754769879052,0.9991848483778646,1.0,-0.0008151516221354127,P5_observation_noise,D2_phase_randomization,,,
confirmatory,10035,persistent_shared_mode,correlon_v1,0.1548529690230403,0.0,1.0,-1.0,P6_time_reparameterization,D6_common_driver_replacement,0.1468162816567079,0.16332958269111073,0.2020433706713411
confirmatory,10035,persistent_shared_mode,pearson,0.20721644303720652,0.9128498423555115,0.7698121159431173,0.1430377264123942,P4_orthogonal_basis_rotation,D6_common_driver_replacement,,,
confirmatory,10035,persistent_shared_mode,mutual_information,0.0639141968265492,0.9999988528593929,0.5157661342120735,0.4842327186473194,P2_global_scaling,D6_common_driver_replacement,,,
confirmatory,10035,persistent_shared_mode,largest_covariance_eigenvalue,2.946156189196965,0.962074637078549,0.9035356624046343,0.05853897467391467,P7_coarse_graining,D6_common_driver_replacement,,,
confirmatory,10035,persistent_shared_mode,pca_rank1_explained_variance,0.24551301576641374,0.9950828823117629,0.9035356624046338,0.09154721990712911,P5_observation_noise,D6_common_driver_replacement,,,
confirmatory,10035,persistent_shared_mode,spectral_coherence,0.22705628544801215,0.6624875485096784,1.0,-0.3375124514903216,P2_global_scaling,D6_common_driver_replacement,,,
confirmatory,10035,persistent_shared_mode,autocorrelation_persistence,0.6898746064361205,0.8865572987127586,1.0,-0.11344270128724143,P7_coarse_graining,D5_source_swap,,,
confirmatory,10035,persistent_shared_mode,linear_CKA,0.22608825459444587,0.6388946892313255,0.6012488380029432,0.037645851228382377,P2_global_scaling,D6_common_driver_replacement,,,
confirmatory,10035,persistent_shared_mode,VAR_ARX_predictive,0.05348620957536482,0.974957678735005,0.8279622596880277,0.14699541904697733,P5_observation_noise,D6_common_driver_replacement,,,
confirmatory,10035,direct_coupling_SCM,correlon_v1,0.0,0.0,1.0,-1.0,P1_node_permutation,D6_common_driver_replacement,-0.03720886684299668,-0.06940967883872107,-0.07619579099336196
confirmatory,10035,direct_coupling_SCM,pearson,0.07594553697488159,0.9655610397529273,0.8364349838332448,0.12912605591968251,P4_orthogonal_basis_rotation,D7_history_destruction,,,
confirmatory,10035,direct_coupling_SCM,mutual_information,0.013367742583907827,0.999999349172322,1.0,-6.50827677972643e-07,P2_global_scaling,D7_history_destruction,,,
confirmatory,10035,direct_coupling_SCM,largest_covariance_eigenvalue,1.821735220837827,0.8911165607221562,0.906266827269912,-0.015150266547755864,P7_coarse_graining,D7_history_destruction,,,
confirmatory,10035,direct_coupling_SCM,pca_rank1_explained_variance,0.1518112684031523,0.9997221287315823,0.9062668272699115,0.0934553014616708,P5_observation_noise,D7_history_destruction,,,
confirmatory,10035,direct_coupling_SCM,spectral_coherence,0.2856032057742717,0.4101438719168113,0.6981372843670927,-0.28799341245028137,P2_global_scaling,D6_common_driver_replacement,,,
confirmatory,10035,direct_coupling_SCM,autocorrelation_persistence,0.6326759220040795,0.825152210842388,0.9983786537296016,-0.17322644288721356,P7_coarse_graining,D2_phase_randomization,,,
confirmatory,10035,direct_coupling_SCM,linear_CKA,0.033006733634932846,0.7028188172349932,0.7009787981388046,0.0018400190961885832,P2_global_scaling,D3_IAAFT_surrogate,,,
confirmatory,10035,direct_coupling_SCM,VAR_ARX_predictive,0.05180269290206668,0.8801405177826654,0.6909735308561843,0.18916698692648115,P2_global_scaling,D6_common_driver_replacement,,,
confirmatory,10035,history_dependent_relational_mode,correlon_v1,0.0,0.0,1.0,-1.0,P1_node_permutation,D6_common_driver_replacement,-0.0027562304963971856,0.02097278394429783,-0.07893052777370435
confirmatory,10035,history_dependent_relational_mode,pearson,0.06612103813317291,0.9949968923832512,0.989780137521748,0.005216754861503192,P4_orthogonal_basis_rotation,D7_history_destruction,,,
confirmatory,10035,history_dependent_relational_mode,mutual_information,0.012354225387171125,0.9999982300077946,1.0,-1.7699922053582284e-06,P2_global_scaling,D3_IAAFT_surrogate,,,
confirmatory,10035,history_dependent_relational_mode,largest_covariance_eigenvalue,1.5822107948423558,0.8671675774629607,1.0,-0.1328324225370393,P7_coarse_graining,D5_source_swap,,,
confirmatory,10035,history_dependent_relational_mode,pca_rank1_explained_variance,0.1318508995701963,0.9968993734297119,1.0,-0.0031006265702880897,P5_observation_noise,D5_source_swap,,,
confirmatory,10035,history_dependent_relational_mode,spectral_coherence,0.11462692032713259,0.9923534718380184,1.0,-0.007646528161981636,P5_observation_noise,D1_temporal_shuffle,,,
confirmatory,10035,history_dependent_relational_mode,autocorrelation_persistence,0.6121168470761729,0.8096862892980552,0.9986799630478029,-0.18899367374974774,P7_coarse_graining,D2_phase_randomization,,,
confirmatory,10035,history_dependent_relational_mode,linear_CKA,0.025243885532703497,0.31645430338934233,0.984678365304092,-0.6682240619147497,P2_global_scaling,D3_IAAFT_surrogate,,,
confirmatory,10035,history_dependent_relational_mode,VAR_ARX_predictive,0.031735127324344914,0.9803481939558931,1.0,-0.01965180604410688,P5_observation_noise,D3_IAAFT_surrogate,,,
confirmatory,10036,persistent_shared_mode,correlon_v1,0.23777149410811185,0.9468490097971098,1.0,-0.05315099020289016,P5_observation_noise,D6_common_driver_replacement,0.095525263180499,0.5918359345797151,0.4595300732929161
confirmatory,10036,persistent_shared_mode,pearson,0.20305490249837543,0.9475600637764373,0.7675306138066742,0.1800294499697631,P4_orthogonal_basis_rotation,D6_common_driver_replacement,,,
confirmatory,10036,persistent_shared_mode,mutual_information,0.06334442302239696,0.9955919239591251,0.4786515314424737,0.5169403925166514,P5_observation_noise,D6_common_driver_replacement,,,
confirmatory,10036,persistent_shared_mode,largest_covariance_eigenvalue,2.9377330568476294,0.9581409566483684,0.9107531450906631,0.04738781155770533,P7_coarse_graining,D6_common_driver_replacement,,,
confirmatory,10036,persistent_shared_mode,pca_rank1_explained_variance,0.24481108807063587,0.9924492449594305,0.910753145090663,0.08169609986876758,P5_observation_noise,D6_common_driver_replacement,,,
confirmatory,10036,persistent_shared_mode,spectral_coherence,0.2562183375939414,0.7144288845963832,1.0,-0.2855711154036168,P2_global_scaling,D6_common_driver_replacement,,,
confirmatory,10036,persistent_shared_mode,autocorrelation_persistence,0.6808853399010099,0.8931064630529691,1.0,-0.10689353694703085,P7_coarse_graining,D5_source_swap,,,
confirmatory,10036,persistent_shared_mode,linear_CKA,0.21689817344950582,0.8524435632283291,0.5942327845076136,0.2582107787207155,P2_global_scaling,D6_common_driver_replacement,,,
confirmatory,10036,persistent_shared_mode,VAR_ARX_predictive,0.05022941322439611,0.9935133098492518,0.8551772810648478,0.13833602878440399,P6_time_reparameterization,D6_common_driver_replacement,,,
confirmatory,10036,direct_coupling_SCM,correlon_v1,0.0,0.0,1.0,-1.0,P1_node_permutation,D1_temporal_shuffle,-0.002481044190012105,-0.01821964486273249,0.010223464580083719
confirmatory,10036,direct_coupling_SCM,pearson,0.05751727520177036,0.9778541166330064,1.0,-0.022145883366993635,P5_observation_noise,D2_phase_randomization,,,
confirmatory,10036,direct_coupling_SCM,mutual_information,0.009119172403194598,0.9722234199745838,1.0,-0.027776580025416164,P5_observation_noise,D2_phase_randomization,,,
confirmatory,10036,direct_coupling_SCM,largest_covariance_eigenvalue,1.45971431200056,0.8551558956878642,1.0,-0.1448441043121358,P7_coarse_graining,D7_history_destruction,,,
confirmatory,10036,direct_coupling_SCM,pca_rank1_explained_variance,0.12164285933338004,0.9897108587523724,1.0,-0.010289141247627587,P5_observation_noise,D7_history_destruction,,,
confirmatory,10036,direct_coupling_SCM,spectral_coherence,0.11954573302553724,0.9740467801728093,1.0,-0.025953219827190677,P5_observation_noise,D1_temporal_shuffle,,,
confirmatory,10036,direct_coupling_SCM,autocorrelation_persistence,0.6206361029155442,0.7708487909966026,0.9980306500274283,-0.22718185903082566,P7_coarse_graining,D2_phase_randomization,,,
confirmatory,10036,direct_coupling_SCM,linear_CKA,0.01938675672723156,0.8898721937037408,1.0,-0.11012780629625918,P2_global_scaling,D2_phase_randomization,,,
confirmatory,10036,direct_coupling_SCM,VAR_ARX_predictive,0.050081409139606126,0.9799145578065147,0.7697019991083781,0.2102125586981366,P6_time_reparameterization,D1_temporal_shuffle,,,
confirmatory,10036,history_dependent_relational_mode,correlon_v1,0.0,0.0,1.0,-1.0,P1_node_permutation,D4_edge_cutting,-0.0057521326420653385,-0.005246667288337815,0.03412345554341295
confirmatory,10036,history_dependent_relational_mode,pearson,0.056950965443231506,0.9949829765001112,1.0,-0.005017023499888751,P4_orthogonal_basis_rotation,D2_phase_randomization,,,
confirmatory,10036,history_dependent_relational_mode,mutual_information,0.009267419149063927,0.9999987258949169,1.0,-1.2741050831044376e-06,P2_global_scaling,D2_phase_randomization,,,
confirmatory,10036,history_dependent_relational_mode,largest_covariance_eigenvalue,1.4288238216124147,0.851306375654985,1.0,-0.14869362434501499,P7_coarse_graining,D1_temporal_shuffle,,,
confirmatory,10036,history_dependent_relational_mode,pca_rank1_explained_variance,0.1190686518010346,0.9999999999999999,1.0,-1.1102230246251565e-16,P3_affine_offset,D1_temporal_shuffle,,,
confirmatory,10036,history_dependent_relational_mode,spectral_coherence,0.09734223918142965,1.0,1.0,0.0,P1_node_permutation,D1_temporal_shuffle,,,
confirmatory,10036,history_dependent_relational_mode,autocorrelation_persistence,0.5972734962753411,0.7889231140394889,1.0,-0.2110768859605111,P7_coarse_graining,D5_source_swap,,,
confirmatory,10036,history_dependent_relational_mode,linear_CKA,0.018874496829524683,0.6299033569484237,1.0,-0.3700966430515763,P2_global_scaling,D2_phase_randomization,,,
confirmatory,10036,history_dependent_relational_mode,VAR_ARX_predictive,0.029481338629699205,0.9999999999999943,1.0,-5.662137425588298e-15,P3_affine_offset,D1_temporal_shuffle,,,
confirmatory,10037,persistent_shared_mode,correlon_v1,0.3711296098995833,0.9999999999999988,1.0,-1.2212453270876722e-15,P1_node_permutation,D6_common_driver_replacement,0.19548860610972624,0.7045791060933039,0.475441608259665
confirmatory,10037,persistent_shared_mode,pearson,0.2611105740712744,0.9055537804740778,0.7341975683473069,0.17135621212677088,P4_orthogonal_basis_rotation,D6_common_driver_replacement,,,
confirmatory,10037,persistent_shared_mode,mutual_information,0.08812737009407234,0.9924807060547374,0.4764515614810428,0.5160291445736946,P5_observation_noise,D6_common_driver_replacement,,,
confirmatory,10037,persistent_shared_mode,largest_covariance_eigenvalue,3.52819645056024,0.9764966299193628,0.8519143200307576,0.12458230988860519,P7_coarse_graining,D6_common_driver_replacement,,,
confirmatory,10037,persistent_shared_mode,pca_rank1_explained_variance,0.29401637088002003,0.9977533035816,0.8519143200307574,0.14583898355084257,P5_observation_noise,D6_common_driver_replacement,,,
confirmatory,10037,persistent_shared_mode,spectral_coherence,0.23905347030603616,0.9118424676940543,1.0,-0.0881575323059457,P2_global_scaling,D6_common_driver_replacement,,,
confirmatory,10037,persistent_shared_mode,autocorrelation_persistence,0.7279665201428019,0.9174069152046957,1.0,-0.08259308479530425,P7_coarse_graining,D7_history_destruction,,,
confirmatory,10037,persistent_shared_mode,linear_CKA,0.3314991203256502,0.9943220424829453,0.5728603544659362,0.4214616880170091,P5_observation_noise,D6_common_driver_replacement,,,
confirmatory,10037,persistent_shared_mode,VAR_ARX_predictive,0.05270304097494033,0.999999999999999,0.9510425500439335,0.048957449956065546,P3_affine_offset,D6_common_driver_replacement,,,
confirmatory,10037,direct_coupling_SCM,correlon_v1,0.051134657112195545,0.0,1.0,-1.0,P6_time_reparameterization,D6_common_driver_replacement,0.017172509444376843,0.15226389401334783,0.04158145779005723
confirmatory,10037,direct_coupling_SCM,pearson,0.06517035035138144,0.9400574181026029,1.0,-0.059942581897397096,P4_orthogonal_basis_rotation,D7_history_destruction,,,
confirmatory,10037,direct_coupling_SCM,mutual_information,0.010709895548345894,0.9903153261487827,1.0,-0.009684673851217296,P5_observation_noise,D7_history_destruction,,,
confirmatory,10037,direct_coupling_SCM,largest_covariance_eigenvalue,1.6508887932635496,0.8941772256786413,1.0,-0.10582277432135867,P7_coarse_graining,D8_block_shuffle,,,
confirmatory,10037,direct_coupling_SCM,pca_rank1_explained_variance,0.13757406610529582,0.9999999999999992,1.0,-7.771561172376096e-16,P4_orthogonal_basis_rotation,D8_block_shuffle,,,
confirmatory,10037,direct_coupling_SCM,spectral_coherence,0.18171335906499209,0.6500037456321777,0.934126002080147,-0.2841222564479693,P2_global_scaling,D6_common_driver_replacement,,,
confirmatory,10037,direct_coupling_SCM,autocorrelation_persistence,0.6178403901652497,0.7928595398710724,0.998371115959646,-0.20551157608857362,P7_coarse_graining,D2_phase_randomization,,,
confirmatory,10037,direct_coupling_SCM,linear_CKA,0.024339889296215368,0.9221463038922371,1.0,-0.07785369610776294,P2_global_scaling,D7_history_destruction,,,
confirmatory,10037,direct_coupling_SCM,VAR_ARX_predictive,0.05010984179519318,0.9054800921372933,0.7106633100642398,0.19481678207305353,P2_global_scaling,D7_history_destruction,,,
confirmatory,10037,history_dependent_relational_mode,correlon_v1,0.0,0.0,1.0,-1.0,P1_node_permutation,D2_phase_randomization,0.010031778758486432,-0.0404007533465024,0.011125760988986488
confirmatory,10037,history_dependent_relational_mode,pearson,0.07024562421368606,0.972953797712365,0.9910740818569804,-0.018120284144615417,P5_observation_noise,D7_history_destruction,,,
confirmatory,10037,history_dependent_relational_mode,mutual_information,0.014729178937201715,0.9530042953567035,0.9304489214452809,0.022555373911422594,P5_observation_noise,D7_history_destruction,,,
confirmatory,10037,history_dependent_relational_mode,largest_covariance_eigenvalue,1.43264584771504,0.8871791058793949,1.0,-0.11282089412060514,P7_coarse_graining,D5_source_swap,,,
confirmatory,10037,history_dependent_relational_mode,pca_rank1_explained_variance,0.11938715397625334,0.9883589376188042,1.0,-0.011641062381195777,P5_observation_noise,D5_source_swap,,,
confirmatory,10037,history_dependent_relational_mode,spectral_coherence,0.11562637284561042,0.9296194211669213,1.0,-0.07038057883307869,P5_observation_noise,D1_temporal_shuffle,,,
confirmatory,10037,history_dependent_relational_mode,autocorrelation_persistence,0.6121693992841143,0.8306324390340163,1.0,-0.1693675609659837,P7_coarse_graining,D5_source_swap,,,
confirmatory,10037,history_dependent_relational_mode,linear_CKA,0.02864605665946493,0.8958055624025621,0.9683836737444319,-0.07257811134186976,P2_global_scaling,D7_history_destruction,,,
confirmatory,10037,history_dependent_relational_mode,VAR_ARX_predictive,0.030214309941840156,0.9732402850310811,1.0,-0.026759714968918935,P5_observation_noise,D1_temporal_shuffle,,,
confirmatory,10038,persistent_shared_mode,correlon_v1,0.376852891165068,0.8336835207791387,1.0,-0.16631647922086135,P6_time_reparameterization,D6_common_driver_replacement,0.1967727291261973,0.721736707165297,0.5769279585067939
confirmatory,10038,persistent_shared_mode,pearson,0.19664943832064086,0.8389707601284131,0.7408333367280836,0.0981374234003295,P4_orthogonal_basis_rotation,D6_common_driver_replacement,,,
confirmatory,10038,persistent_shared_mode,mutual_information,0.06822664344688656,0.9889077800718997,0.4826755560086244,0.5062322240632753,P5_observation_noise,D6_common_driver_replacement,,,
confirmatory,10038,persistent_shared_mode,largest_covariance_eigenvalue,2.754276659903971,0.9213041749404357,0.889747218613601,0.03155695632683475,P6_time_reparameterization,D6_common_driver_replacement,,,
confirmatory,10038,persistent_shared_mode,pca_rank1_explained_variance,0.22952305499199765,0.9929425246170065,0.889747218613601,0.10319530600340554,P5_observation_noise,D6_common_driver_replacement,,,
confirmatory,10038,persistent_shared_mode,spectral_coherence,0.24530372405745393,0.6016788926951767,1.0,-0.3983211073048233,P2_global_scaling,D6_common_driver_replacement,,,
confirmatory,10038,persistent_shared_mode,autocorrelation_persistence,0.6962981454931446,0.8733136153479621,1.0,-0.12668638465203785,P7_coarse_graining,D7_history_destruction,,,
confirmatory,10038,persistent_shared_mode,linear_CKA,0.21086059289424366,0.7252551369851248,0.5572451110393002,0.1680100259458246,P2_global_scaling,D6_common_driver_replacement,,,
confirmatory,10038,persistent_shared_mode,VAR_ARX_predictive,0.053446211896194085,1.0,0.7143508885002909,0.28564911149970906,P1_node_permutation,D6_common_driver_replacement,,,
confirmatory,10038,direct_coupling_SCM,correlon_v1,0.0,0.0,1.0,-1.0,P1_node_permutation,D2_phase_randomization,-0.01331545387676239,-0.025631364199502415,0.04039357899838919
confirmatory,10038,direct_coupling_SCM,pearson,0.05803356217207787,0.9999999999999998,1.0,-2.220446049250313e-16,P2_global_scaling,D3_IAAFT_surrogate,,,
confirmatory,10038,direct_coupling_SCM,mutual_information,0.010260501506365927,0.9999985475862616,1.0,-1.4524137383897795e-06,P2_global_scaling,D3_IAAFT_surrogate,,,
confirmatory,10038,direct_coupling_SCM,largest_covariance_eigenvalue,1.5012833702731978,0.8586767266043496,1.0,-0.14132327339565043,P7_coarse_graining,D5_source_swap,,,
confirmatory,10038,direct_coupling_SCM,pca_rank1_explained_variance,0.1251069475227665,1.0,1.0,0.0,P1_node_permutation,D5_source_swap,,,
confirmatory,10038,direct_coupling_SCM,spectral_coherence,0.23889922658134455,0.5697928714553323,0.801371995447196,-0.23157912399186364,P2_global_scaling,D6_common_driver_replacement,,,
confirmatory,10038,direct_coupling_SCM,autocorrelation_persistence,0.6045890309871514,0.7742091953809049,1.0,-0.22579080461909506,P7_coarse_graining,D5_source_swap,,,
confirmatory,10038,direct_coupling_SCM,linear_CKA,0.01957985399536703,0.8662252223026015,1.0,-0.13377477769739854,P2_global_scaling,D3_IAAFT_surrogate,,,
confirmatory,10038,direct_coupling_SCM,VAR_ARX_predictive,0.055192447157276725,0.8077383494261662,0.6632864342303089,0.14445191519585732,P2_global_scaling,D5_source_swap,,,
confirmatory,10038,history_dependent_relational_mode,correlon_v1,0.07291783136321137,0.0,1.0,-1.0,P6_time_reparameterization,D8_block_shuffle,0.018034397559247156,0.2948260463509317,0.11174483203005953
confirmatory,10038,history_dependent_relational_mode,pearson,0.06327391172487289,0.9828582983434562,1.0,-0.01714170165654383,P4_orthogonal_basis_rotation,D7_history_destruction,,,
confirmatory,10038,history_dependent_relational_mode,mutual_information,0.011861933436795868,0.9999987609221542,0.9258669058880223,0.07413185503413189,P2_global_scaling,D7_history_destruction,,,
confirmatory,10038,history_dependent_relational_mode,largest_covariance_eigenvalue,1.5173488801832085,0.8761028480183536,1.0,-0.12389715198164641,P7_coarse_graining,D7_history_destruction,,,
confirmatory,10038,history_dependent_relational_mode,pca_rank1_explained_variance,0.1264457400152674,0.9994258810383649,1.0,-0.0005741189616350617,P5_observation_noise,D7_history_destruction,,,
confirmatory,10038,history_dependent_relational_mode,spectral_coherence,0.14145783158596206,0.9353036272495356,1.0,-0.06469637275046436,P2_global_scaling,D4_edge_cutting,,,
confirmatory,10038,history_dependent_relational_mode,autocorrelation_persistence,0.6226253121100255,0.8275396475243618,1.0,-0.17246035247563818,P7_coarse_graining,D7_history_destruction,,,
confirmatory,10038,history_dependent_relational_mode,linear_CKA,0.02322419466648196,0.6316072083868227,0.9966313619162902,-0.3650241535294675,P2_global_scaling,D7_history_destruction,,,
confirmatory,10038,history_dependent_relational_mode,VAR_ARX_predictive,0.037448141046094396,0.9592376169635031,0.9481503015196024,0.011087315443900625,P5_observation_noise,D8_block_shuffle,,,
confirmatory,10039,persistent_shared_mode,correlon_v1,0.38361942086076517,0.8586273208768886,1.0,-0.14137267912311136,P6_time_reparameterization,D6_common_driver_replacement,0.2026178139973776,0.7263125445793899,0.5184055298805443
confirmatory,10039,persistent_shared_mode,pearson,0.2264876485745867,0.9038513940777535,0.7637228063291408,0.1401285877486127,P4_orthogonal_basis_rotation,D6_common_driver_replacement,,,
confirmatory,10039,persistent_shared_mode,mutual_information,0.08031658581228263,0.9886936646889841,0.47323104343996086,0.5154626212490232,P5_observation_noise,D6_common_driver_replacement,,,
confirmatory,10039,persistent_shared_mode,largest_covariance_eigenvalue,3.116288663646497,0.9228825818922838,0.8944318153397712,0.028450766552512552,P6_time_reparameterization,D6_common_driver_replacement,,,
confirmatory,10039,persistent_shared_mode,pca_rank1_explained_variance,0.2596907219705415,0.9923814120580828,0.8944318153397708,0.09794959671831205,P5_observation_noise,D6_common_driver_replacement,,,
confirmatory,10039,persistent_shared_mode,spectral_coherence,0.265867620354752,0.5272670442576232,0.9370849368847787,-0.4098178926271555,P2_global_scaling,D6_common_driver_replacement,,,
confirmatory,10039,persistent_shared_mode,autocorrelation_persistence,0.7031462582427556,0.8917548631105889,1.0,-0.10824513688941106,P7_coarse_graining,D5_source_swap,,,
confirmatory,10039,persistent_shared_mode,linear_CKA,0.26777546443746353,0.3985258159001717,0.5912369187817094,-0.19271110288153764,P2_global_scaling,D6_common_driver_replacement,,,
confirmatory,10039,persistent_shared_mode,VAR_ARX_predictive,0.055588194674453084,0.8672499352811565,0.8359552126199765,0.03129472266117994,P2_global_scaling,D6_common_driver_replacement,,,
confirmatory,10039,direct_coupling_SCM,correlon_v1,0.0,0.0,1.0,-1.0,P1_node_permutation,D4_edge_cutting,-0.00023109764958891,-0.025657110922940186,0.10177704058672421
confirmatory,10039,direct_coupling_SCM,pearson,0.07458304864081675,0.976003379533088,1.0,-0.023996620466911978,P4_orthogonal_basis_rotation,D3_IAAFT_surrogate,,,
confirmatory,10039,direct_coupling_SCM,mutual_information,0.015673827708644228,0.9817788384810037,1.0,-0.01822116151899633,P5_observation_noise,D3_IAAFT_surrogate,,,
confirmatory,10039,direct_coupling_SCM,largest_covariance_eigenvalue,1.5487371896731488,0.8817500954770532,1.0,-0.11824990452294681,P7_coarse_graining,D6_common_driver_replacement,,,
confirmatory,10039,direct_coupling_SCM,pca_rank1_explained_variance,0.12906143247276242,0.9940078631432596,1.0,-0.005992136856740382,P5_observation_noise,D6_common_driver_replacement,,,
confirmatory,10039,direct_coupling_SCM,spectral_coherence,0.15734251638299668,0.8096374259230671,1.0,-0.1903625740769329,P2_global_scaling,D6_common_driver_replacement,,,
confirmatory,10039,direct_coupling_SCM,autocorrelation_persistence,0.6171139197807974,0.8084790672818368,1.0,-0.19152093271816317,P7_coarse_graining,D7_history_destruction,,,
confirmatory,10039,direct_coupling_SCM,linear_CKA,0.03253661577969803,0.7326038094706999,1.0,-0.2673961905293001,P2_global_scaling,D3_IAAFT_surrogate,,,
confirmatory,10039,direct_coupling_SCM,VAR_ARX_predictive,0.05072361902201661,0.9084369910538682,0.7075546620403818,0.20088232901348646,P2_global_scaling,D7_history_destruction,,,
confirmatory,10039,history_dependent_relational_mode,correlon_v1,0.0,0.0,0.0,0.0,P1_node_permutation,D1_temporal_shuffle,0.005532520817106437,-0.07632045980411853,-0.03426012337991963
confirmatory,10039,history_dependent_relational_mode,pearson,0.05795391337927855,0.9749811470471867,1.0,-0.025018852952813253,P5_observation_noise,D5_source_swap,,,
confirmatory,10039,history_dependent_relational_mode,mutual_information,0.010607006636727423,0.9538850470615383,1.0,-0.046114952938461684,P5_observation_noise,D5_source_swap,,,
confirmatory,10039,history_dependent_relational_mode,largest_covariance_eigenvalue,1.3125569610460035,0.868056640901758,1.0,-0.13194335909824195,P7_coarse_graining,D3_IAAFT_surrogate,,,
confirmatory,10039,history_dependent_relational_mode,pca_rank1_explained_variance,0.10937974675383362,0.992720716621367,1.0,-0.007279283378633039,P5_observation_noise,D3_IAAFT_surrogate,,,
confirmatory,10039,history_dependent_relational_mode,spectral_coherence,0.13053055439179687,0.8925341194064383,1.0,-0.10746588059356166,P6_time_reparameterization,D2_phase_randomization,,,
confirmatory,10039,history_dependent_relational_mode,autocorrelation_persistence,0.6011422903707516,0.7905686853329219,1.0,-0.2094313146670781,P7_coarse_graining,D5_source_swap,,,
confirmatory,10039,history_dependent_relational_mode,linear_CKA,0.019743935949973118,0.696228784211506,1.0,-0.303771215788494,P2_global_scaling,D5_source_swap,,,
confirmatory,10039,history_dependent_relational_mode,VAR_ARX_predictive,0.030787391363607086,0.9711017846289576,1.0,-0.028898215371042424,P5_observation_noise,D3_IAAFT_surrogate,,,
confirmatory,10040,persistent_shared_mode,correlon_v1,0.3351573157965583,0.9721212968681217,1.0,-0.027878703131878346,P5_observation_noise,D6_common_driver_replacement,0.15163843463877624,0.7407780659272862,0.5331549029016005
confirmatory,10040,persistent_shared_mode,pearson,0.17846727346226693,0.9153626154913296,0.7705796677258735,0.14478294776545608,P4_orthogonal_basis_rotation,D6_common_driver_replacement,,,
confirmatory,10040,persistent_shared_mode,mutual_information,0.05640763323529174,0.9948084658175337,0.5440445555151541,0.4507639103023796,P5_observation_noise,D6_common_driver_replacement,,,
confirmatory,10040,persistent_shared_mode,largest_covariance_eigenvalue,2.609019595501354,0.9153769371974793,0.8988732770386058,0.0165036601588735,P6_time_reparameterization,D6_common_driver_replacement,,,
confirmatory,10040,persistent_shared_mode,pca_rank1_explained_variance,0.21741829962511278,0.987906251488265,0.898873277038606,0.08903297444965907,P5_observation_noise,D6_common_driver_replacement,,,
confirmatory,10040,persistent_shared_mode,spectral_coherence,0.2355899919499165,0.8106316254577904,1.0,-0.18936837454220956,P2_global_scaling,D6_common_driver_replacement,,,
confirmatory,10040,persistent_shared_mode,autocorrelation_persistence,0.6881638475275063,0.8606215232981271,1.0,-0.13937847670187287,P7_coarse_graining,D5_source_swap,,,
confirmatory,10040,persistent_shared_mode,linear_CKA,0.17553193037990458,0.9531443736277211,0.6028968520517768,0.3502475215759443,P2_global_scaling,D6_common_driver_replacement,,,
confirmatory,10040,persistent_shared_mode,VAR_ARX_predictive,0.047990970452985615,0.9403245445416991,0.8582622066790283,0.08206233786267081,P5_observation_noise,D6_common_driver_replacement,,,
confirmatory,10040,direct_coupling_SCM,correlon_v1,0.07260834243466442,0.0,1.0,-1.0,P5_observation_noise,D6_common_driver_replacement,0.022604392737121184,0.2332277381843486,0.1689857172085235
confirmatory,10040,direct_coupling_SCM,pearson,0.08411304300510142,0.9999999999999997,1.0,-3.3306690738754696e-16,P1_node_permutation,D6_common_driver_replacement,,,
confirmatory,10040,direct_coupling_SCM,mutual_information,0.018423729140982337,0.9999990549021697,0.873822683601869,0.12617637130030068,P2_global_scaling,D6_common_driver_replacement,,,
confirmatory,10040,direct_coupling_SCM,largest_covariance_eigenvalue,1.7703129944821083,0.8997115559045775,1.0,-0.10028844409542248,P7_coarse_graining,D6_common_driver_replacement,,,
confirmatory,10040,direct_coupling_SCM,pca_rank1_explained_variance,0.14752608287350902,0.9916395541367238,1.0,-0.008360445863276222,P5_observation_noise,D6_common_driver_replacement,,,
confirmatory,10040,direct_coupling_SCM,spectral_coherence,0.1340143170201533,0.9685917015991788,1.0,-0.031408298400821155,P2_global_scaling,D3_IAAFT_surrogate,,,
confirmatory,10040,direct_coupling_SCM,autocorrelation_persistence,0.6097790678460612,0.8216729646974191,1.0,-0.17832703530258087,P7_coarse_graining,D5_source_swap,,,
confirmatory,10040,direct_coupling_SCM,linear_CKA,0.040602595980389185,0.822759307201747,1.0,-0.17724069279825305,P2_global_scaling,D6_common_driver_replacement,,,
confirmatory,10040,direct_coupling_SCM,VAR_ARX_predictive,0.04520704162796213,0.997271745947249,0.7905706458249575,0.20670110012229148,P2_global_scaling,D6_common_driver_replacement,,,
confirmatory,10040,history_dependent_relational_mode,correlon_v1,0.0,0.0,1.0,-1.0,P1_node_permutation,D2_phase_randomization,0.03305968184061012,-0.05257963409479712,-0.011954393938539948
confirmatory,10040,history_dependent_relational_mode,pearson,0.0694216328312912,0.9905210630729253,1.0,-0.009478936927074688,P4_orthogonal_basis_rotation,D4_edge_cutting,,,
confirmatory,10040,history_dependent_relational_mode,mutual_information,0.01464558465631094,0.9999984800552912,0.9990345068263605,0.0009639732289307146,P2_global_scaling,D4_edge_cutting,,,
confirmatory,10040,history_dependent_relational_mode,largest_covariance_eigenvalue,1.500002303322669,0.8728576394392396,1.0,-0.12714236056076045,P7_coarse_graining,D5_source_swap,,,
confirmatory,10040,history_dependent_relational_mode,pca_rank1_explained_variance,0.12500019194355574,0.9999999999999998,1.0,-2.220446049250313e-16,P3_affine_offset,D5_source_swap,,,
confirmatory,10040,history_dependent_relational_mode,spectral_coherence,0.14902941974538272,0.8842871527854652,1.0,-0.11571284721453479,P6_time_reparameterization,D1_temporal_shuffle,,,
confirmatory,10040,history_dependent_relational_mode,autocorrelation_persistence,0.6282662987438306,0.841969445823263,1.0,-0.15803055417673695,P7_coarse_graining,D7_history_destruction,,,
confirmatory,10040,history_dependent_relational_mode,linear_CKA,0.027904282248129655,0.609352521969691,1.0,-0.39064747803030897,P2_global_scaling,D4_edge_cutting,,,
confirmatory,10040,history_dependent_relational_mode,VAR_ARX_predictive,0.04095515209695594,0.9999999999999987,0.9117081014813081,0.08829189851869057,P3_affine_offset,D2_phase_randomization,,,
confirmatory,10041,persistent_shared_mode,correlon_v1,0.32192484233091184,0.9713401062672223,1.0,-0.028659893732777664,P6_time_reparameterization,D6_common_driver_replacement,0.15879742080283094,0.6526277541904189,0.4133563755209943
confirmatory,10041,persistent_shared_mode,pearson,0.1957114659339663,0.8656131542357212,0.741674160562211,0.12393899367351013,P4_orthogonal_basis_rotation,D6_common_driver_replacement,,,
confirmatory,10041,persistent_shared_mode,mutual_information,0.07333885435760545,0.9877848357797284,0.5012597348144848,0.4865251009652436,P5_observation_noise,D6_common_driver_replacement,,,
confirmatory,10041,persistent_shared_mode,largest_covariance_eigenvalue,2.686215287142981,0.9656380249930312,0.8759275940931589,0.0897104308998723,P7_coarse_graining,D6_common_driver_replacement,,,
confirmatory,10041,persistent_shared_mode,pca_rank1_explained_variance,0.2238512739285817,0.9954697593374279,0.8759275940931591,0.11954216524426875,P5_observation_noise,D6_common_driver_replacement,,,
confirmatory,10041,persistent_shared_mode,spectral_coherence,0.24809333601461805,0.5730270248885968,1.0,-0.4269729751114032,P2_global_scaling,D6_common_driver_replacement,,,
confirmatory,10041,persistent_shared_mode,autocorrelation_persistence,0.6976663788463112,0.8702206348252266,0.9989113582095643,-0.12869072338433774,P7_coarse_graining,D2_phase_randomization,,,
confirmatory,10041,persistent_shared_mode,linear_CKA,0.20980857469864583,0.7585256671866375,0.5649657041248902,0.19355996306174728,P2_global_scaling,D6_common_driver_replacement,,,
confirmatory,10041,persistent_shared_mode,VAR_ARX_predictive,0.0466670331592543,0.9794290510562972,0.9529614711599645,0.026467579896332638,P5_observation_noise,D6_common_driver_replacement,,,
confirmatory,10041,direct_coupling_SCM,correlon_v1,0.0,0.0,1.0,-1.0,P1_node_permutation,D2_phase_randomization,-0.04085428699911815,0.09887449348949422,0.026360263285421237
confirmatory,10041,direct_coupling_SCM,pearson,0.07295513500664083,0.9907835792245505,0.9263350022981572,0.06444857692639328,P5_observation_noise,D6_common_driver_replacement,,,
confirmatory,10041,direct_coupling_SCM,mutual_information,0.01438306317249538,0.9810283258543279,0.842714797276076,0.13831352857825185,P5_observation_noise,D5_source_swap,,,
confirmatory,10041,direct_coupling_SCM,largest_covariance_eigenvalue,1.5756055124858193,0.8720141775038407,1.0,-0.1279858224961593,P7_coarse_graining,D5_source_swap,,,
confirmatory,10041,direct_coupling_SCM,pca_rank1_explained_variance,0.13130045937381826,0.9984084840571369,1.0,-0.0015915159428631087,P5_observation_noise,D5_source_swap,,,
confirmatory,10041,direct_coupling_SCM,spectral_coherence,0.20388284910447682,0.8147384211941194,0.9691247145838928,-0.1543862933897734,P2_global_scaling,D6_common_driver_replacement,,,
confirmatory,10041,direct_coupling_SCM,autocorrelation_persistence,0.5995669040545043,0.7979701810811496,1.0,-0.2020298189188504,P7_coarse_graining,D5_source_swap,,,
confirmatory,10041,direct_coupling_SCM,linear_CKA,0.031165148579009136,0.8222061204357651,0.8626314905334985,-0.04042537009773339,P2_global_scaling,D6_common_driver_replacement,,,
confirmatory,10041,direct_coupling_SCM,VAR_ARX_predictive,0.04437870784782272,0.999999999999995,0.9516811684905322,0.04831883150946281,P4_orthogonal_basis_rotation,D2_phase_randomization,,,
confirmatory,10041,history_dependent_relational_mode,correlon_v1,0.0,0.0,1.0,-1.0,P1_node_permutation,D5_source_swap,0.018662099910673913,-0.0019092299984616729,-0.0822510906726086
confirmatory,10041,history_dependent_relational_mode,pearson,0.05781347895912191,0.9941053990492904,1.0,-0.005894600950709594,P5_observation_noise,D5_source_swap,,,
confirmatory,10041,history_dependent_relational_mode,mutual_information,0.009902505318375776,0.9909144630651894,1.0,-0.009085536934810623,P5_observation_noise,D5_source_swap,,,
confirmatory,10041,history_dependent_relational_mode,largest_covariance_eigenvalue,1.5310902589470612,0.8692692345733071,1.0,-0.13073076542669293,P7_coarse_graining,D5_source_swap,,,
confirmatory,10041,history_dependent_relational_mode,pca_rank1_explained_variance,0.12759085491225514,0.9908909185241443,1.0,-0.009109081475855652,P5_observation_noise,D5_source_swap,,,
confirmatory,10041,history_dependent_relational_mode,spectral_coherence,0.15522905396185263,0.8456308236542196,1.0,-0.1543691763457804,P2_global_scaling,D6_common_driver_replacement,,,
confirmatory,10041,history_dependent_relational_mode,autocorrelation_persistence,0.5978096439166859,0.819581420256047,1.0,-0.18041857974395303,P7_coarse_graining,D5_source_swap,,,
confirmatory,10041,history_dependent_relational_mode,linear_CKA,0.019412708538022204,0.8306632987479501,1.0,-0.16933670125204991,P2_global_scaling,D5_source_swap,,,
confirmatory,10041,history_dependent_relational_mode,VAR_ARX_predictive,0.038826834364231955,0.9999999999999986,0.8665125259248356,0.13348747407516293,P4_orthogonal_basis_rotation,D6_common_driver_replacement,,,
confirmatory,10042,persistent_shared_mode,correlon_v1,0.42323280569037086,0.976635044050312,0.8488477481205361,0.1277872959297759,P5_observation_noise,D6_common_driver_replacement,0.2206424589602915,0.8118383408914968,0.5290582150313344
confirmatory,10042,persistent_shared_mode,pearson,0.21614295333081696,0.9219555699156526,0.6603397193744027,0.2616158505412499,P4_orthogonal_basis_rotation,D6_common_driver_replacement,,,
confirmatory,10042,persistent_shared_mode,mutual_information,0.08212470076528244,0.9588898918511896,0.345426076141144,0.6134638157100456,P5_observation_noise,D6_common_driver_replacement,,,
confirmatory,10042,persistent_shared_mode,largest_covariance_eigenvalue,2.9524170693311196,0.9389854881090218,0.8400331050854613,0.09895238302356058,P6_time_reparameterization,D6_common_driver_replacement,,,
confirmatory,10042,persistent_shared_mode,pca_rank1_explained_variance,0.24603475577759323,0.9930571321260949,0.8400331050854611,0.15302402704063378,P5_observation_noise,D6_common_driver_replacement,,,
confirmatory,10042,persistent_shared_mode,spectral_coherence,0.21565960650427587,0.9454739413548252,1.0,-0.05452605864517479,P6_time_reparameterization,D6_common_driver_replacement,,,
confirmatory,10042,persistent_shared_mode,autocorrelation_persistence,0.7179116844051591,0.8858841416696746,0.9989813141109984,-0.11309717244132389,P7_coarse_graining,D7_history_destruction,,,
confirmatory,10042,persistent_shared_mode,linear_CKA,0.2493466713013487,0.9713684426194615,0.4456026315568881,0.5257658110625734,P5_observation_noise,D6_common_driver_replacement,,,
confirmatory,10042,persistent_shared_mode,VAR_ARX_predictive,0.04565943760964619,0.9580227412804684,1.0,-0.04197725871953162,P5_observation_noise,D6_common_driver_replacement,,,
confirmatory,10042,direct_coupling_SCM,correlon_v1,0.0,0.0,1.0,-1.0,P1_node_permutation,D1_temporal_shuffle,-0.0014165807142220987,-0.08345967576076618,0.1569458170325576
confirmatory,10042,direct_coupling_SCM,pearson,0.07365091344989239,0.9848461520293956,0.9422103116012779,0.042635840428117744,P5_observation_noise,D6_common_driver_replacement,,,
confirmatory,10042,direct_coupling_SCM,mutual_information,0.013642377539732076,0.9750170605904049,0.8660738808849057,0.10894317970549927,P5_observation_noise,D5_source_swap,,,
confirmatory,10042,direct_coupling_SCM,largest_covariance_eigenvalue,1.7145107011157408,0.8668617178981576,0.9991157280538208,-0.13225401015566318,P7_coarse_graining,D7_history_destruction,,,
confirmatory,10042,direct_coupling_SCM,pca_rank1_explained_variance,0.14287589175964513,0.9919334872594162,0.9991157280538202,-0.007182240794403993,P5_observation_noise,D7_history_destruction,,,
confirmatory,10042,direct_coupling_SCM,spectral_coherence,0.21145953128510034,0.48420422149786696,0.9214011270333083,-0.4371969055354414,P6_time_reparameterization,D6_common_driver_replacement,,,
confirmatory,10042,direct_coupling_SCM,autocorrelation_persistence,0.6141840410242518,0.7921670895259645,1.0,-0.20783291047403551,P7_coarse_graining,D5_source_swap,,,
confirmatory,10042,direct_coupling_SCM,linear_CKA,0.031239086881062143,0.863338234448349,0.9010040526096676,-0.03766581816131864,P2_global_scaling,D6_common_driver_replacement,,,
confirmatory,10042,direct_coupling_SCM,VAR_ARX_predictive,0.05383787914794119,0.9738409318309987,0.7083808624956304,0.26546006933536836,P5_observation_noise,D6_common_driver_replacement,,,
confirmatory,10042,history_dependent_relational_mode,correlon_v1,0.0,0.0,1.0,-1.0,P1_node_permutation,D6_common_driver_replacement,-0.00908563828890166,0.10678884207748329,0.006867326484183756
confirmatory,10042,history_dependent_relational_mode,pearson,0.05324708249443995,0.9851876319842031,1.0,-0.014812368015796884,P4_orthogonal_basis_rotation,D3_IAAFT_surrogate,,,
confirmatory,10042,history_dependent_relational_mode,mutual_information,0.007466588469906332,0.9999988963792142,1.0,-1.1036207857584301e-06,P2_global_scaling,D3_IAAFT_surrogate,,,
confirmatory,10042,history_dependent_relational_mode,largest_covariance_eigenvalue,1.467896526038775,0.8647297181168141,1.0,-0.1352702818831859,P7_coarse_graining,D5_source_swap,,,
confirmatory,10042,history_dependent_relational_mode,pca_rank1_explained_variance,0.12232471050323125,0.9988606204919893,1.0,-0.001139379508010685,P5_observation_noise,D5_source_swap,,,
confirmatory,10042,history_dependent_relational_mode,spectral_coherence,0.16475007615255707,0.8618341385258024,1.0,-0.13816586147419763,P2_global_scaling,D6_common_driver_replacement,,,
confirmatory,10042,history_dependent_relational_mode,autocorrelation_persistence,0.6102383059577651,0.8164711823065334,1.0,-0.18352881769346663,P7_coarse_graining,D5_source_swap,,,
confirmatory,10042,history_dependent_relational_mode,linear_CKA,0.016551346918219238,0.8201855681553992,1.0,-0.17981443184460078,P2_global_scaling,D3_IAAFT_surrogate,,,
confirmatory,10042,history_dependent_relational_mode,VAR_ARX_predictive,0.0350633929197694,0.9999999999999984,1.0,-1.5543122344752192e-15,P1_node_permutation,D6_common_driver_replacement,,,
confirmatory,10043,persistent_shared_mode,correlon_v1,0.30545674389688254,0.8693462666727979,1.0,-0.1306537333272021,P5_observation_noise,D6_common_driver_replacement,0.13468290901606733,0.6927666106540272,0.46871187362761746
confirmatory,10043,persistent_shared_mode,pearson,0.22360198252329708,0.9259749995708865,0.7031689308388513,0.22280606873203512,P4_orthogonal_basis_rotation,D6_common_driver_replacement,,,
confirmatory,10043,persistent_shared_mode,mutual_information,0.07711154264300912,0.9700671545927029,0.6062734250899678,0.36379372950273503,P5_observation_noise,D3_IAAFT_surrogate,,,
confirmatory,10043,persistent_shared_mode,largest_covariance_eigenvalue,3.159091330321935,0.9431559019858778,0.8443312699205255,0.0988246320653523,P6_time_reparameterization,D6_common_driver_replacement,,,
confirmatory,10043,persistent_shared_mode,pca_rank1_explained_variance,0.26325761086016114,0.9961290926434317,0.8443312699205255,0.1517978227229062,P5_observation_noise,D6_common_driver_replacement,,,
confirmatory,10043,persistent_shared_mode,spectral_coherence,0.20532554837531963,0.8518142658669301,1.0,-0.1481857341330699,P2_global_scaling,D6_common_driver_replacement,,,
confirmatory,10043,persistent_shared_mode,autocorrelation_persistence,0.717584682117837,0.8783040527013857,0.99877109046528,-0.12046703776389434,P7_coarse_graining,D2_phase_randomization,,,
confirmatory,10043,persistent_shared_mode,linear_CKA,0.2538337314820157,0.7842328089939862,0.5177802170547909,0.26645259193919524,P2_global_scaling,D6_common_driver_replacement,,,
confirmatory,10043,persistent_shared_mode,VAR_ARX_predictive,0.04693769057022629,0.9950210203238122,1.0,-0.004978979676187767,P2_global_scaling,D6_common_driver_replacement,,,
confirmatory,10043,direct_coupling_SCM,correlon_v1,0.10423830192990144,0.0,1.0,-1.0,P6_time_reparameterization,D4_edge_cutting,0.0313174132924422,0.346951502276578,0.1710829956803831
confirmatory,10043,direct_coupling_SCM,pearson,0.05428972618302071,1.0,1.0,0.0,P1_node_permutation,D2_phase_randomization,,,
confirmatory,10043,direct_coupling_SCM,mutual_information,0.009031452251054506,0.9999995647336526,1.0,-4.3526634740942427e-07,P2_global_scaling,D2_phase_randomization,,,
confirmatory,10043,direct_coupling_SCM,largest_covariance_eigenvalue,1.4385795981504597,0.8619872356176025,1.0,-0.1380127643823975,P7_coarse_graining,D2_phase_randomization,,,
confirmatory,10043,direct_coupling_SCM,pca_rank1_explained_variance,0.11988163317920499,0.9961491351165539,1.0,-0.0038508648834461034,P5_observation_noise,D2_phase_randomization,,,
confirmatory,10043,direct_coupling_SCM,spectral_coherence,0.1307572695234629,0.9999999999999998,1.0,-2.220446049250313e-16,P4_orthogonal_basis_rotation,D1_temporal_shuffle,,,
confirmatory,10043,direct_coupling_SCM,autocorrelation_persistence,0.5860103804147193,0.8017765319075647,1.0,-0.1982234680924353,P7_coarse_graining,D5_source_swap,,,
confirmatory,10043,direct_coupling_SCM,linear_CKA,0.01722700725219176,0.7955473816428118,1.0,-0.2044526183571882,P2_global_scaling,D2_phase_randomization,,,
confirmatory,10043,direct_coupling_SCM,VAR_ARX_predictive,0.05209159940939184,0.9428401235127953,0.7365989777532128,0.20624114575958252,P6_time_reparameterization,D6_common_driver_replacement,,,
confirmatory,10043,history_dependent_relational_mode,correlon_v1,0.039135457749589285,0.0,1.0,-1.0,P6_time_reparameterization,D7_history_destruction,0.019478530696070306,0.07862934207757659,0.0036358093711741923
confirmatory,10043,history_dependent_relational_mode,pearson,0.05695035835179458,0.9853582888166977,1.0,-0.014641711183302264,P4_orthogonal_basis_rotation,D2_phase_randomization,,,
confirmatory,10043,history_dependent_relational_mode,mutual_information,0.009138323430187945,0.9965700101181815,1.0,-0.0034299898818185293,P5_observation_noise,D2_phase_randomization,,,
confirmatory,10043,history_dependent_relational_mode,largest_covariance_eigenvalue,1.4322316044788392,0.8628572175357765,1.0,-0.1371427824642235,P7_coarse_graining,D2_phase_randomization,,,
confirmatory,10043,history_dependent_relational_mode,pca_rank1_explained_variance,0.11935263370656997,0.997064487500858,1.0,-0.0029355124991420345,P5_observation_noise,D2_phase_randomization,,,
confirmatory,10043,history_dependent_relational_mode,spectral_coherence,0.16059249777889456,0.7334387159463734,0.9603633207085491,-0.22692460476217569,P6_time_reparameterization,D6_common_driver_replacement,,,
confirmatory,10043,history_dependent_relational_mode,autocorrelation_persistence,0.6137854150872112,0.8167404597782841,0.9984442173884782,-0.18170375761019408,P7_coarse_graining,D2_phase_randomization,,,
confirmatory,10043,history_dependent_relational_mode,linear_CKA,0.018913798925550014,0.9972274395797461,1.0,-0.0027725604202538667,P5_observation_noise,D2_phase_randomization,,,
confirmatory,10043,history_dependent_relational_mode,VAR_ARX_predictive,0.03073832501408219,0.9999999999999963,1.0,-3.6637359812630166e-15,P1_node_permutation,D2_phase_randomization,,,
confirmatory,10044,persistent_shared_mode,correlon_v1,0.2976793256912672,0.9920712322230448,1.0,-0.00792876777695517,P5_observation_noise,D6_common_driver_replacement,0.16156763604182742,0.5484574950460189,0.4058623378343693
confirmatory,10044,persistent_shared_mode,pearson,0.21892938851469143,0.8741166123596591,0.7216377671952354,0.15247884516442367,P4_orthogonal_basis_rotation,D6_common_driver_replacement,,,
confirmatory,10044,persistent_shared_mode,mutual_information,0.0726727130455731,0.9801658284909793,0.49359497665591867,0.48657085183506066,P5_observation_noise,D6_common_driver_replacement,,,
confirmatory,10044,persistent_shared_mode,largest_covariance_eigenvalue,3.0574652886194675,0.9607370437042707,0.843537295193533,0.11719974851073767,P7_coarse_graining,D6_common_driver_replacement,,,
confirmatory,10044,persistent_shared_mode,pca_rank1_explained_variance,0.2547887740516222,0.9933481223561765,0.8435372951935336,0.14981082716264293,P5_observation_noise,D6_common_driver_replacement,,,
confirmatory,10044,persistent_shared_mode,spectral_coherence,0.19793923042933007,0.6069041499756068,1.0,-0.3930958500243932,P2_global_scaling,D6_common_driver_replacement,,,
confirmatory,10044,persistent_shared_mode,autocorrelation_persistence,0.7002950917764937,0.8689262742822205,0.9994730246721512,-0.1305467503899307,P7_coarse_graining,D2_phase_randomization,,,
confirmatory,10044,persistent_shared_mode,linear_CKA,0.24907086570265705,0.36322916527272103,0.5438725279850176,-0.18064336271229658,P2_global_scaling,D6_common_driver_replacement,,,
confirmatory,10044,persistent_shared_mode,VAR_ARX_predictive,0.044921208519797584,0.9627424576371801,1.0,-0.03725754236281986,P5_observation_noise,D6_common_driver_replacement,,,
confirmatory,10044,direct_coupling_SCM,correlon_v1,0.02411996447640136,0.9908007574274869,1.0,-0.009199242572513144,P5_observation_noise,D2_phase_randomization,0.0021371308806272665,0.27222136539064384,0.04223704987635718
confirmatory,10044,direct_coupling_SCM,pearson,0.07873705827719,0.9875380902200949,0.9462404301195992,0.041297660100495626,P5_observation_noise,D6_common_driver_replacement,,,
confirmatory,10044,direct_coupling_SCM,mutual_information,0.016456976405557988,0.989489270835688,0.8912453070547777,0.09824396378091038,P5_observation_noise,D7_history_destruction,,,
confirmatory,10044,direct_coupling_SCM,largest_covariance_eigenvalue,1.6098734669499752,0.8961051085606928,1.0,-0.10389489143930719,P7_coarse_graining,D6_common_driver_replacement,,,
confirmatory,10044,direct_coupling_SCM,pca_rank1_explained_variance,0.13415612224583123,0.9953819430822476,1.0,-0.004618056917752411,P5_observation_noise,D6_common_driver_replacement,,,
confirmatory,10044,direct_coupling_SCM,spectral_coherence,0.21375587682702088,0.7244225108226116,0.9426748578423886,-0.21825234701977703,P2_global_scaling,D6_common_driver_replacement,,,
confirmatory,10044,direct_coupling_SCM,autocorrelation_persistence,0.612737158054391,0.8249420378437572,0.9991892629995646,-0.17424722515580737,P7_coarse_graining,D2_phase_randomization,,,
confirmatory,10044,direct_coupling_SCM,linear_CKA,0.03625937818885496,0.9828822874772442,0.8962106647544646,0.0866716227227795,P2_global_scaling,D6_common_driver_replacement,,,
confirmatory,10044,direct_coupling_SCM,VAR_ARX_predictive,0.047677559718339646,0.9999999999999989,0.7361866567004547,0.2638133432995442,P1_node_permutation,D2_phase_randomization,,,
confirmatory,10044,history_dependent_relational_mode,correlon_v1,0.0,0.0,1.0,-1.0,P1_node_permutation,D1_temporal_shuffle,0.0014879891902169207,-0.061023378238644496,0.007088792870189153
confirmatory,10044,history_dependent_relational_mode,pearson,0.06092355273352243,0.9878264556640919,1.0,-0.012173544335908115,P5_observation_noise,D4_edge_cutting,,,
confirmatory,10044,history_dependent_relational_mode,mutual_information,0.011603459022274998,0.9666212333969028,1.0,-0.03337876660309724,P5_observation_noise,D4_edge_cutting,,,
confirmatory,10044,history_dependent_relational_mode,largest_covariance_eigenvalue,1.4080870822740381,0.8457530749189195,1.0,-0.1542469250810805,P7_coarse_graining,D5_source_swap,,,
confirmatory,10044,history_dependent_relational_mode,pca_rank1_explained_variance,0.11734059018950314,0.9999999999999997,1.0,-3.3306690738754696e-16,P1_node_permutation,D5_source_swap,,,
confirmatory,10044,history_dependent_relational_mode,spectral_coherence,0.14737898796662605,0.8224921120724863,1.0,-0.1775078879275137,P2_global_scaling,D2_phase_randomization,,,
confirmatory,10044,history_dependent_relational_mode,autocorrelation_persistence,0.6036314744542636,0.7958902125991053,1.0,-0.2041097874008947,P7_coarse_graining,D5_source_swap,,,
confirmatory,10044,history_dependent_relational_mode,linear_CKA,0.021714445571264684,0.5476398662399997,1.0,-0.4523601337600003,P2_global_scaling,D4_edge_cutting,,,
confirmatory,10044,history_dependent_relational_mode,VAR_ARX_predictive,0.038379093501053785,0.9482496232985945,0.8931279232496042,0.05512170004899031,P2_global_scaling,D4_edge_cutting,,,
confirmatory,10045,persistent_shared_mode,correlon_v1,0.32501095453003775,0.9067425315344101,0.9126283454094601,-0.00588581387505005,P6_time_reparameterization,D6_common_driver_replacement,0.14455394697359977,0.7307453222554907,0.5061080687679256
confirmatory,10045,persistent_shared_mode,pearson,0.20830048757876113,0.8381191471649937,0.7019702571360908,0.13614889002890285,P4_orthogonal_basis_rotation,D6_common_driver_replacement,,,
confirmatory,10045,persistent_shared_mode,mutual_information,0.06816992363036234,0.9993664696923475,0.4574830886940258,0.5418833809983217,P5_observation_noise,D6_common_driver_replacement,,,
confirmatory,10045,persistent_shared_mode,largest_covariance_eigenvalue,2.98993483647682,0.9400099135377928,0.8422502712797457,0.09775964225804712,P6_time_reparameterization,D6_common_driver_replacement,,,
confirmatory,10045,persistent_shared_mode,pca_rank1_explained_variance,0.24916123637306842,0.995167121132314,0.8422502712797454,0.1529168498525686,P5_observation_noise,D6_common_driver_replacement,,,
confirmatory,10045,persistent_shared_mode,spectral_coherence,0.2073227963591542,0.8128544193681727,1.0,-0.1871455806318273,P2_global_scaling,D6_common_driver_replacement,,,
confirmatory,10045,persistent_shared_mode,autocorrelation_persistence,0.6994825680651169,0.8790615119950079,1.0,-0.12093848800499207,P7_coarse_graining,D7_history_destruction,,,
confirmatory,10045,persistent_shared_mode,linear_CKA,0.22726678787263319,0.42592112717468267,0.5130427764609845,-0.08712164928630184,P2_global_scaling,D6_common_driver_replacement,,,
confirmatory,10045,persistent_shared_mode,VAR_ARX_predictive,0.04533246076093034,0.9577061860409825,0.9870759660625844,-0.029369780021601954,P2_global_scaling,D6_common_driver_replacement,,,
confirmatory,10045,direct_coupling_SCM,correlon_v1,0.06044789858871499,0.8468307356265936,0.6276708299745799,0.2191599056520137,P6_time_reparameterization,D2_phase_randomization,0.0383208366185004,0.09535147888779472,0.04772850838536041
confirmatory,10045,direct_coupling_SCM,pearson,0.07685213491229918,0.9635759004408845,0.9365905602215921,0.02698534021929233,P5_observation_noise,D5_source_swap,,,
confirmatory,10045,direct_coupling_SCM,mutual_information,0.015115009231749688,0.930099567761872,0.9865989579529378,-0.05649939019106587,P5_observation_noise,D5_source_swap,,,
confirmatory,10045,direct_coupling_SCM,largest_covariance_eigenvalue,1.6770434995124868,0.8908111069906984,0.9672389538407822,-0.07642784685008375,P6_time_reparameterization,D7_history_destruction,,,
confirmatory,10045,direct_coupling_SCM,pca_rank1_explained_variance,0.1397536249593739,0.9853837974613774,0.9672389538407822,0.018144843620595208,P5_observation_noise,D7_history_destruction,,,
confirmatory,10045,direct_coupling_SCM,spectral_coherence,0.14797839004999197,0.8725449198403388,1.0,-0.12745508015966123,P6_time_reparameterization,D5_source_swap,,,
confirmatory,10045,direct_coupling_SCM,autocorrelation_persistence,0.6185170564962736,0.7816490985638663,0.9996016524460716,-0.21795255388220525,P7_coarse_graining,D7_history_destruction,,,
confirmatory,10045,direct_coupling_SCM,linear_CKA,0.03425206121030395,0.7127785683170439,0.8785949925614093,-0.16581642424436538,P2_global_scaling,D5_source_swap,,,
confirmatory,10045,direct_coupling_SCM,VAR_ARX_predictive,0.05539567110768556,0.9701525599090999,0.6999267333564961,0.27022582655260374,P5_observation_noise,D1_temporal_shuffle,,,
confirmatory,10045,history_dependent_relational_mode,correlon_v1,0.0,0.0,1.0,-1.0,P1_node_permutation,D5_source_swap,0.017072351884869816,-0.01915283299567762,0.00450490887628463
confirmatory,10045,history_dependent_relational_mode,pearson,0.062481529848435934,0.9749314904975845,1.0,-0.02506850950241546,P4_orthogonal_basis_rotation,D2_phase_randomization,,,
confirmatory,10045,history_dependent_relational_mode,mutual_information,0.011200928687307488,0.9516880343287032,1.0,-0.04831196567129681,P5_observation_noise,D2_phase_randomization,,,
confirmatory,10045,history_dependent_relational_mode,largest_covariance_eigenvalue,1.5057776378174212,0.8412683219094003,0.9788813633535539,-0.13761304144415365,P7_coarse_graining,D5_source_swap,,,
confirmatory,10045,history_dependent_relational_mode,pca_rank1_explained_variance,0.1254814698181184,1.0,0.9788813633535546,0.02111863664644542,P1_node_permutation,D5_source_swap,,,
confirmatory,10045,history_dependent_relational_mode,spectral_coherence,0.10599417150810125,1.0,1.0,0.0,P1_node_permutation,D1_temporal_shuffle,,,
confirmatory,10045,history_dependent_relational_mode,autocorrelation_persistence,0.6055101118641917,0.8253677235736179,1.0,-0.17463227642638213,P7_coarse_graining,D5_source_swap,,,
confirmatory,10045,history_dependent_relational_mode,linear_CKA,0.022820630455728592,0.6675712403819594,1.0,-0.33242875961804064,P2_global_scaling,D2_phase_randomization,,,
confirmatory,10045,history_dependent_relational_mode,VAR_ARX_predictive,0.03674173948535142,0.9654184917550656,1.0,-0.034581508244934445,P5_observation_noise,D6_common_driver_replacement,,,
confirmatory,10046,persistent_shared_mode,correlon_v1,0.26208754640406506,0.9582653255366514,1.0,-0.04173467446334855,P2_global_scaling,D6_common_driver_replacement,0.17992395519360777,0.38177174299102634,0.4461849278469753
confirmatory,10046,persistent_shared_mode,pearson,0.18789771118942208,0.9263473173701815,0.7759707203803758,0.15037659698980566,P4_orthogonal_basis_rotation,D6_common_driver_replacement,,,
confirmatory,10046,persistent_shared_mode,mutual_information,0.06541854502235322,0.9937216736777111,0.5215701266429464,0.4721515470347647,P5_observation_noise,D6_common_driver_replacement,,,
confirmatory,10046,persistent_shared_mode,largest_covariance_eigenvalue,2.7019947063737515,0.9592059605909542,0.9181017367157994,0.04110422387515478,P7_coarse_graining,D5_source_swap,,,
confirmatory,10046,persistent_shared_mode,pca_rank1_explained_variance,0.22516622553114596,0.999399346726494,0.9181017367157991,0.08129761001069491,P5_observation_noise,D5_source_swap,,,
confirmatory,10046,persistent_shared_mode,spectral_coherence,0.24416235275107281,0.5968924374818722,1.0,-0.40310756251812785,P2_global_scaling,D6_common_driver_replacement,,,
confirmatory,10046,persistent_shared_mode,autocorrelation_persistence,0.7000246007527924,0.8814857269786552,1.0,-0.11851427302134476,P7_coarse_graining,D5_source_swap,,,
confirmatory,10046,persistent_shared_mode,linear_CKA,0.19272373744109522,0.37418249668799325,0.615588235987876,-0.2414057392998828,P2_global_scaling,D6_common_driver_replacement,,,
confirmatory,10046,persistent_shared_mode,VAR_ARX_predictive,0.04616529712380263,0.8561419914692332,0.8444236263337541,0.01171836513547908,P2_global_scaling,D6_common_driver_replacement,,,
confirmatory,10046,direct_coupling_SCM,correlon_v1,0.0,0.0,1.0,-1.0,P1_node_permutation,D5_source_swap,-0.006245946694999019,-0.07253665985054995,-0.025735415283895502
confirmatory,10046,direct_coupling_SCM,pearson,0.06984500079350603,0.9673017358741188,0.9016901032543103,0.06561163261980851,P4_orthogonal_basis_rotation,D3_IAAFT_surrogate,,,
confirmatory,10046,direct_coupling_SCM,mutual_information,0.01172612815005225,0.9596238197442998,1.0,-0.04037618025570022,P5_observation_noise,D3_IAAFT_surrogate,,,
confirmatory,10046,direct_coupling_SCM,largest_covariance_eigenvalue,1.7735254812060854,0.8928737189653327,0.9707592927441834,-0.07788557377885064,P7_coarse_graining,D7_history_destruction,,,
confirmatory,10046,direct_coupling_SCM,pca_rank1_explained_variance,0.14779379010050708,0.998992635309112,0.9707592927441839,0.028233342564928043,P5_observation_noise,D7_history_destruction,,,
confirmatory,10046,direct_coupling_SCM,spectral_coherence,0.1392639341601116,0.9999999999999994,1.0,-5.551115123125783e-16,P4_orthogonal_basis_rotation,D2_phase_randomization,,,
confirmatory,10046,direct_coupling_SCM,autocorrelation_persistence,0.6051104904702894,0.800943893933573,1.0,-0.19905610606642699,P7_coarse_graining,D5_source_swap,,,
confirmatory,10046,direct_coupling_SCM,linear_CKA,0.02777078571495656,0.6867517144299562,0.8448807377604908,-0.15812902333053458,P2_global_scaling,D3_IAAFT_surrogate,,,
confirmatory,10046,direct_coupling_SCM,VAR_ARX_predictive,0.050164217863765626,0.9999999999999978,0.6736190661014662,0.3263809338985316,P4_orthogonal_basis_rotation,D3_IAAFT_surrogate,,,
confirmatory,10046,history_dependent_relational_mode,correlon_v1,0.0,0.0,1.0,-1.0,P1_node_permutation,D4_edge_cutting,-0.022329448682206335,-0.06078876772554984,0.057844615964004586
confirmatory,10046,history_dependent_relational_mode,pearson,0.0879145741545612,0.9962547704410709,0.8845771590092112,0.11167761143185972,P5_observation_noise,D4_edge_cutting,,,
confirmatory,10046,history_dependent_relational_mode,mutual_information,0.022068952665690533,0.9902092722469623,0.8142737632817977,0.17593550896516463,P5_observation_noise,D4_edge_cutting,,,
confirmatory,10046,history_dependent_relational_mode,largest_covariance_eigenvalue,1.6623721910546565,0.8889816174839339,1.0,-0.1110183825160661,P7_coarse_graining,D7_history_destruction,,,
confirmatory,10046,history_dependent_relational_mode,pca_rank1_explained_variance,0.1385310159212215,0.9999999999999994,1.0,-5.551115123125783e-16,P4_orthogonal_basis_rotation,D7_history_destruction,,,
confirmatory,10046,history_dependent_relational_mode,spectral_coherence,0.11440972234753205,0.9950899294894817,1.0,-0.004910070510518283,P5_observation_noise,D1_temporal_shuffle,,,
confirmatory,10046,history_dependent_relational_mode,autocorrelation_persistence,0.6179895245262133,0.8051581347272617,1.0,-0.19484186527273828,P7_coarse_graining,D7_history_destruction,,,
confirmatory,10046,history_dependent_relational_mode,linear_CKA,0.044392147484058425,0.9962484653452498,0.8005493842819495,0.19569908106330025,P5_observation_noise,D4_edge_cutting,,,
confirmatory,10046,history_dependent_relational_mode,VAR_ARX_predictive,0.039327879825323486,0.9943378775559797,0.9401963926793632,0.05414148487661652,P2_global_scaling,D5_source_swap,,,
confirmatory,10047,persistent_shared_mode,correlon_v1,0.10692541301470414,0.9499248638675779,1.0,-0.05007513613242209,P2_global_scaling,D4_edge_cutting,0.10658380786501713,0.10726811302186182,0.375538609127149
confirmatory,10047,persistent_shared_mode,pearson,0.19767340469485165,0.8718187009459457,0.7702060545723843,0.10161264637356138,P4_orthogonal_basis_rotation,D6_common_driver_replacement,,,
confirmatory,10047,persistent_shared_mode,mutual_information,0.06722387476180658,0.9743100697166476,0.4589806865131847,0.5153293832034629,P5_observation_noise,D6_common_driver_replacement,,,
confirmatory,10047,persistent_shared_mode,largest_covariance_eigenvalue,2.7761093151095153,0.9554593750065519,0.9382461868124476,0.017213188194104223,P7_coarse_graining,D6_common_driver_replacement,,,
confirmatory,10047,persistent_shared_mode,pca_rank1_explained_variance,0.23134244292579287,0.9976897141500952,0.9382461868124483,0.059443527337646906,P5_observation_noise,D6_common_driver_replacement,,,
confirmatory,10047,persistent_shared_mode,spectral_coherence,0.26444970869361223,0.8526662216559652,0.9232383315976961,-0.07057210994173091,P2_global_scaling,D6_common_driver_replacement,,,
confirmatory,10047,persistent_shared_mode,autocorrelation_persistence,0.6937031371562675,0.8741328835966897,1.0,-0.12586711640331028,P7_coarse_graining,D5_source_swap,,,
confirmatory,10047,persistent_shared_mode,linear_CKA,0.21192561434894105,0.9666758446210743,0.5886014372562799,0.37807440736479436,P2_global_scaling,D6_common_driver_replacement,,,
confirmatory,10047,persistent_shared_mode,VAR_ARX_predictive,0.052927674175658024,0.9872394698882457,0.7579322788621243,0.2293071910261214,P5_observation_noise,D6_common_driver_replacement,,,
confirmatory,10047,direct_coupling_SCM,correlon_v1,0.0,0.0,1.0,-1.0,P1_node_permutation,D6_common_driver_replacement,0.003633789245623603,-0.0683144133437231,0.045176000258510596
confirmatory,10047,direct_coupling_SCM,pearson,0.06205838418054554,0.9999999999999999,1.0,-1.1102230246251565e-16,P2_global_scaling,D7_history_destruction,,,
confirmatory,10047,direct_coupling_SCM,mutual_information,0.010993946679364486,0.9999997215410215,1.0,-2.7845897854206214e-07,P2_global_scaling,D3_IAAFT_surrogate,,,
confirmatory,10047,direct_coupling_SCM,largest_covariance_eigenvalue,1.5910856883913505,0.8759773223898113,0.9907140782569758,-0.11473675586716447,P7_coarse_graining,D5_source_swap,,,
confirmatory,10047,direct_coupling_SCM,pca_rank1_explained_variance,0.13259047403261254,0.9911095224488282,0.9907140782569759,0.00039544419185233437,P5_observation_noise,D5_source_swap,,,
confirmatory,10047,direct_coupling_SCM,spectral_coherence,0.1237418665053038,1.0,1.0,0.0,P1_node_permutation,D1_temporal_shuffle,,,
confirmatory,10047,direct_coupling_SCM,autocorrelation_persistence,0.6260205780804955,0.8171204829122783,0.9987766487107016,-0.18165616579842325,P7_coarse_graining,D2_phase_randomization,,,
confirmatory,10047,direct_coupling_SCM,linear_CKA,0.022161107976119032,0.6241832248325075,1.0,-0.37581677516749246,P2_global_scaling,D7_history_destruction,,,
confirmatory,10047,direct_coupling_SCM,VAR_ARX_predictive,0.0455185914189587,0.9378243152168849,0.7065766302587784,0.23124768495810655,P2_global_scaling,D7_history_destruction,,,
confirmatory,10047,history_dependent_relational_mode,correlon_v1,0.07212447649814092,0.0,1.0,-1.0,P7_coarse_graining,D4_edge_cutting,0.050964238466835066,0.1020703981187915,0.12794347474293477
confirmatory,10047,history_dependent_relational_mode,pearson,0.07312440753466866,0.9816269545614567,1.0,-0.018373045438543345,P5_observation_noise,D2_phase_randomization,,,
confirmatory,10047,history_dependent_relational_mode,mutual_information,0.014149912016604427,0.9639185141147184,1.0,-0.036081485885281595,P5_observation_noise,D2_phase_randomization,,,
confirmatory,10047,history_dependent_relational_mode,largest_covariance_eigenvalue,1.757136271278776,0.8867412355867155,0.9579103845991626,-0.07116914901244709,P7_coarse_graining,D8_block_shuffle,,,
confirmatory,10047,history_dependent_relational_mode,pca_rank1_explained_variance,0.14642802260656468,0.991102220133443,0.9579103845991623,0.03319183553428062,P5_observation_noise,D8_block_shuffle,,,
confirmatory,10047,history_dependent_relational_mode,spectral_coherence,0.1595680714533652,0.7245473859762743,1.0,-0.2754526140237257,P6_time_reparameterization,D6_common_driver_replacement,,,
confirmatory,10047,history_dependent_relational_mode,autocorrelation_persistence,0.625762611144275,0.8383592778819101,0.9984658728914972,-0.16010659500958713,P7_coarse_graining,D2_phase_randomization,,,
confirmatory,10047,history_dependent_relational_mode,linear_CKA,0.030632190822050008,0.9092152155512232,1.0,-0.0907847844487768,P2_global_scaling,D2_phase_randomization,,,
confirmatory,10047,history_dependent_relational_mode,VAR_ARX_predictive,0.039707255017771836,0.9669855434766882,0.9140780137596616,0.05290752971702661,P5_observation_noise,D5_source_swap,,,
confirmatory,10048,persistent_shared_mode,correlon_v1,0.1530821372925999,0.9999999999999903,1.0,-9.658940314238862e-15,P3_affine_offset,D6_common_driver_replacement,0.07019014444010685,0.33386654130718774,0.35529891671456587
confirmatory,10048,persistent_shared_mode,pearson,0.15930452037973575,0.9591456248992575,0.8166317386644614,0.1425138862347961,P4_orthogonal_basis_rotation,D6_common_driver_replacement,,,
confirmatory,10048,persistent_shared_mode,mutual_information,0.05007707491534408,0.9942088529781238,0.5735856000685161,0.42062325290960767,P5_observation_noise,D6_common_driver_replacement,,,
confirmatory,10048,persistent_shared_mode,largest_covariance_eigenvalue,2.3857689829560313,0.9554188007619654,0.9479990798285607,0.007419720933404705,P7_coarse_graining,D6_common_driver_replacement,,,
confirmatory,10048,persistent_shared_mode,pca_rank1_explained_variance,0.1988140819130027,0.9999999999999996,0.9479990798285602,0.05200092017143931,P1_node_permutation,D6_common_driver_replacement,,,
confirmatory,10048,persistent_shared_mode,spectral_coherence,0.23712056653674798,0.602101589746231,1.0,-0.39789841025376904,P2_global_scaling,D6_common_driver_replacement,,,
confirmatory,10048,persistent_shared_mode,autocorrelation_persistence,0.6812343772751044,0.8609235657037945,1.0,-0.13907643429620553,P7_coarse_graining,D5_source_swap,,,
confirmatory,10048,persistent_shared_mode,linear_CKA,0.14265600387840027,0.39440964779906934,0.6693850236243428,-0.2749753758252735,P2_global_scaling,D6_common_driver_replacement,,,
confirmatory,10048,persistent_shared_mode,VAR_ARX_predictive,0.04116534964155172,0.9999999999999987,0.8912080433552908,0.10879195664470787,P4_orthogonal_basis_rotation,D8_block_shuffle,,,
confirmatory,10048,direct_coupling_SCM,correlon_v1,0.0,0.0,1.0,-1.0,P1_node_permutation,D2_phase_randomization,-0.002448605986302768,-0.09755211681097856,0.12790691291861728
confirmatory,10048,direct_coupling_SCM,pearson,0.08104188295661899,0.9709177618624248,0.8155088957699878,0.1554088660924371,P5_observation_noise,D5_source_swap,,,
confirmatory,10048,direct_coupling_SCM,mutual_information,0.018827186049909073,0.9491161064879163,0.7208589571317546,0.2282571493561617,P5_observation_noise,D3_IAAFT_surrogate,,,
confirmatory,10048,direct_coupling_SCM,largest_covariance_eigenvalue,1.580411757686421,0.8706753110937743,0.9509132882435571,-0.08023797714978287,P7_coarse_graining,D6_common_driver_replacement,,,
confirmatory,10048,direct_coupling_SCM,pca_rank1_explained_variance,0.13170097980720166,0.9853269299634279,0.9509132882435579,0.034413641719869936,P5_observation_noise,D6_common_driver_replacement,,,
confirmatory,10048,direct_coupling_SCM,spectral_coherence,0.18533148411409936,0.5882283027497769,0.8861855160268838,-0.2979572132771069,P2_global_scaling,D2_phase_randomization,,,
confirmatory,10048,direct_coupling_SCM,autocorrelation_persistence,0.615839096403246,0.7904752191616992,0.9964994877727611,-0.20602426861106193,P7_coarse_graining,D2_phase_randomization,,,
confirmatory,10048,direct_coupling_SCM,linear_CKA,0.038506683404155105,0.545789491939928,0.6614407086170083,-0.11565121667708034,P2_global_scaling,D5_source_swap,,,
confirmatory,10048,direct_coupling_SCM,VAR_ARX_predictive,0.04490540017324124,0.9999999999999976,0.771301734899596,0.2286982651004016,P4_orthogonal_basis_rotation,D3_IAAFT_surrogate,,,
confirmatory,10048,history_dependent_relational_mode,correlon_v1,0.0,0.0,1.0,-1.0,P1_node_permutation,D2_phase_randomization,0.02774365605633955,-0.05829222320247943,0.048311085584958335
confirmatory,10048,history_dependent_relational_mode,pearson,0.08164685188765042,0.9833659736505181,0.8685605731377274,0.11480540051279076,P5_observation_noise,D3_IAAFT_surrogate,,,
confirmatory,10048,history_dependent_relational_mode,mutual_information,0.018907987891318423,0.9649181994331048,0.845688662666471,0.11922953676663373,P5_observation_noise,D4_edge_cutting,,,
confirmatory,10048,history_dependent_relational_mode,largest_covariance_eigenvalue,1.6112845962243576,0.8615082115907459,1.0,-0.13849178840925414,P7_coarse_graining,D6_common_driver_replacement,,,
confirmatory,10048,history_dependent_relational_mode,pca_rank1_explained_variance,0.1342737163520298,0.9915337762190106,1.0,-0.00846622378098938,P5_observation_noise,D6_common_driver_replacement,,,
confirmatory,10048,history_dependent_relational_mode,spectral_coherence,0.12408030879915387,0.9999999999999993,1.0,-6.661338147750939e-16,P4_orthogonal_basis_rotation,D1_temporal_shuffle,,,
confirmatory,10048,history_dependent_relational_mode,autocorrelation_persistence,0.6121694002678809,0.8219971871827764,0.9983421190059457,-0.17634493182316935,P7_coarse_graining,D7_history_destruction,,,
confirmatory,10048,history_dependent_relational_mode,linear_CKA,0.03917168422939174,0.48925918907716337,0.7576762516104927,-0.2684170625333293,P2_global_scaling,D4_edge_cutting,,,
confirmatory,10048,history_dependent_relational_mode,VAR_ARX_predictive,0.03762173211807579,0.9188343715411404,0.9506617889913884,-0.031827417450247975,P6_time_reparameterization,D5_source_swap,,,
confirmatory,10049,persistent_shared_mode,correlon_v1,0.3943952636572992,0.9525854168875583,0.8525786081592271,0.10000680872833112,P6_time_reparameterization,D6_common_driver_replacement,0.18962951841038905,0.8202711545081304,0.5071881931338953
confirmatory,10049,persistent_shared_mode,pearson,0.1924228201415144,0.8934073245972317,0.6865203640450915,0.20688696055214018,P4_orthogonal_basis_rotation,D6_common_driver_replacement,,,
confirmatory,10049,persistent_shared_mode,mutual_information,0.06915754316655054,1.0,0.42264793251218585,0.5773520674878141,P1_node_permutation,D6_common_driver_replacement,,,
confirmatory,10049,persistent_shared_mode,largest_covariance_eigenvalue,2.694308852761157,0.9692023292208636,0.8473147641487586,0.12188756507210496,P7_coarse_graining,D6_common_driver_replacement,,,
confirmatory,10049,persistent_shared_mode,pca_rank1_explained_variance,0.2245257377300964,0.9976240391659751,0.8473147641487585,0.15030927501721658,P5_observation_noise,D6_common_driver_replacement,,,
confirmatory,10049,persistent_shared_mode,spectral_coherence,0.25005645360605444,0.5364180253725185,1.0,-0.4635819746274815,P2_global_scaling,D6_common_driver_replacement,,,
confirmatory,10049,persistent_shared_mode,autocorrelation_persistence,0.6983500070323156,0.8651756516627684,1.0,-0.13482434833723156,P7_coarse_graining,D5_source_swap,,,
confirmatory,10049,persistent_shared_mode,linear_CKA,0.20269641741040267,0.5259554788036489,0.48486711633546525,0.04108836246818365,P2_global_scaling,D6_common_driver_replacement,,,
confirmatory,10049,persistent_shared_mode,VAR_ARX_predictive,0.05313339637510106,0.9728671672919235,0.7656451094474112,0.2072220578445123,P5_observation_noise,D6_common_driver_replacement,,,
confirmatory,10049,direct_coupling_SCM,correlon_v1,0.030935977173924635,0.7165417649463928,1.0,-0.28345823505360723,P5_observation_noise,D6_common_driver_replacement,0.029891753114434025,0.03201667965213645,0.023049729424888477
confirmatory,10049,direct_coupling_SCM,pearson,0.08449422454048024,0.9441961862658457,0.9320150917213864,0.012181094544459259,P4_orthogonal_basis_rotation,D6_common_driver_replacement,,,
confirmatory,10049,direct_coupling_SCM,mutual_information,0.01681701038727812,0.9810046448197837,0.9021169190911906,0.07888772572859304,P5_observation_noise,D3_IAAFT_surrogate,,,
confirmatory,10049,direct_coupling_SCM,largest_covariance_eigenvalue,1.7543927770666654,0.8772991827663894,1.0,-0.12270081723361059,P7_coarse_graining,D6_common_driver_replacement,,,
confirmatory,10049,direct_coupling_SCM,pca_rank1_explained_variance,0.1461993980888888,0.9961392558430742,1.0,-0.0038607441569258327,P5_observation_noise,D6_common_driver_replacement,,,
confirmatory,10049,direct_coupling_SCM,spectral_coherence,0.16762845445912128,0.8539508707335157,1.0,-0.14604912926648428,P2_global_scaling,D6_common_driver_replacement,,,
confirmatory,10049,direct_coupling_SCM,autocorrelation_persistence,0.6243750420780734,0.8060092633379049,1.0,-0.1939907366620951,P7_coarse_graining,D5_source_swap,,,
confirmatory,10049,direct_coupling_SCM,linear_CKA,0.04128505501471818,0.7362084021821813,0.870209895117129,-0.13400149293494767,P2_global_scaling,D6_common_driver_replacement,,,
confirmatory,10049,direct_coupling_SCM,VAR_ARX_predictive,0.04417222824597916,0.9818084101663087,0.7850758216443312,0.1967325885219775,P2_global_scaling,D8_block_shuffle,,,
confirmatory,10049,history_dependent_relational_mode,correlon_v1,0.0,0.0,1.0,-1.0,P1_node_permutation,D5_source_swap,-0.031237364378024504,-0.06315117588317669,-0.04633866373546763
confirmatory,10049,history_dependent_relational_mode,pearson,0.07071861133524467,0.99158112027977,1.0,-0.008418879720230033,P5_observation_noise,D8_block_shuffle,,,
confirmatory,10049,history_dependent_relational_mode,mutual_information,0.015395633822155474,0.9871830197576001,1.0,-0.012816980242399856,P5_observation_noise,D8_block_shuffle,,,
confirmatory,10049,history_dependent_relational_mode,largest_covariance_eigenvalue,1.5651205811973745,0.8584506367941283,1.0,-0.14154936320587175,P7_coarse_graining,D7_history_destruction,,,
confirmatory,10049,history_dependent_relational_mode,pca_rank1_explained_variance,0.13042671509978124,0.9883191822856454,1.0,-0.011680817714354585,P6_time_reparameterization,D7_history_destruction,,,
confirmatory,10049,history_dependent_relational_mode,spectral_coherence,0.16553695801563967,0.7819003754698947,0.9450302236346513,-0.16312984816475662,P2_global_scaling,D6_common_driver_replacement,,,
confirmatory,10049,history_dependent_relational_mode,autocorrelation_persistence,0.6300447783279098,0.8584470701187832,0.9983679830444351,-0.1399209129256519,P7_coarse_graining,D2_phase_randomization,,,
confirmatory,10049,history_dependent_relational_mode,linear_CKA,0.028773839327812578,0.7463630720640699,1.0,-0.25363692793593007,P2_global_scaling,D8_block_shuffle,,,
confirmatory,10049,history_dependent_relational_mode,VAR_ARX_predictive,0.03835987813766367,0.9842409695171727,0.9014962208342192,0.08274474868295345,P6_time_reparameterization,D4_edge_cutting,,,
confirmatory,10050,persistent_shared_mode,correlon_v1,0.3263246252518111,0.9368835679446823,0.9611468568100935,-0.02426328886541118,P5_observation_noise,D6_common_driver_replacement,0.1407885720905628,0.7563665108929173,0.4966481697346532
confirmatory,10050,persistent_shared_mode,pearson,0.17026765604434807,0.9568205817774867,0.756991833907352,0.19982874787013472,P4_orthogonal_basis_rotation,D6_common_driver_replacement,,,
confirmatory,10050,persistent_shared_mode,mutual_information,0.0555797881115061,0.9800477561971599,0.46622746550520355,0.5138202906919563,P5_observation_noise,D6_common_driver_replacement,,,
confirmatory,10050,persistent_shared_mode,largest_covariance_eigenvalue,2.5060570596328153,0.9459470794860099,0.9252481670912898,0.020698912394720104,P7_coarse_graining,D6_common_driver_replacement,,,
confirmatory,10050,persistent_shared_mode,pca_rank1_explained_variance,0.20883808830273462,0.9987661602128639,0.9252481670912895,0.07351799312157437,P5_observation_noise,D6_common_driver_replacement,,,
confirmatory,10050,persistent_shared_mode,spectral_coherence,0.1922149703658439,0.6950053909090047,1.0,-0.3049946090909953,P2_global_scaling,D6_common_driver_replacement,,,
confirmatory,10050,persistent_shared_mode,autocorrelation_persistence,0.6673030631553338,0.8536108939159771,1.0,-0.1463891060840229,P7_coarse_graining,D5_source_swap,,,
confirmatory,10050,persistent_shared_mode,linear_CKA,0.16130693840578142,0.9881129765065139,0.5725596565380299,0.415553319968484,P5_observation_noise,D6_common_driver_replacement,,,
confirmatory,10050,persistent_shared_mode,VAR_ARX_predictive,0.04779872172158839,0.9875041509031605,0.9353402209750725,0.05216392992808794,P5_observation_noise,D6_common_driver_replacement,,,
confirmatory,10050,direct_coupling_SCM,correlon_v1,0.0,0.0,1.0,-1.0,P1_node_permutation,D6_common_driver_replacement,-0.01573755598738409,-0.014136849014591557,0.06433061532603307
confirmatory,10050,direct_coupling_SCM,pearson,0.07957438577430931,0.9999999999999997,0.7839988438008397,0.21600115619915994,P1_node_permutation,D4_edge_cutting,,,
confirmatory,10050,direct_coupling_SCM,mutual_information,0.018826360335160497,0.992948864347645,0.6547437837522322,0.33820508059541277,P5_observation_noise,D4_edge_cutting,,,
confirmatory,10050,direct_coupling_SCM,largest_covariance_eigenvalue,1.639292038517767,0.8725357060525033,0.935500388751099,-0.06296468269859568,P7_coarse_graining,D8_block_shuffle,,,
confirmatory,10050,direct_coupling_SCM,pca_rank1_explained_variance,0.13660766987648057,1.0,0.9355003887510991,0.06449961124890091,P1_node_permutation,D8_block_shuffle,,,
confirmatory,10050,direct_coupling_SCM,spectral_coherence,0.16938584119038916,0.8185262322468068,0.9168950326675077,-0.09836880042070095,P2_global_scaling,D7_history_destruction,,,
confirmatory,10050,direct_coupling_SCM,autocorrelation_persistence,0.6120292549397853,0.7997975697373134,0.9978570657087281,-0.1980594959714147,P7_coarse_graining,D2_phase_randomization,,,
confirmatory,10050,direct_coupling_SCM,linear_CKA,0.03638617567900521,0.743573158739965,0.6264634893937023,0.11710966934626266,P2_global_scaling,D4_edge_cutting,,,
confirmatory,10050,direct_coupling_SCM,VAR_ARX_predictive,0.059943203093487774,0.9357375551804679,0.678510401652865,0.25722715352760284,P6_time_reparameterization,D7_history_destruction,,,
confirmatory,10050,history_dependent_relational_mode,correlon_v1,0.019889215190848235,0.0,1.0,-1.0,P6_time_reparameterization,D6_common_driver_replacement,0.0019351070488801553,0.20442325458779684,-0.021768669820595776
confirmatory,10050,history_dependent_relational_mode,pearson,0.07518316462114459,0.9832005961199863,0.896709105365842,0.0864914907541443,P4_orthogonal_basis_rotation,D5_source_swap,,,
confirmatory,10050,history_dependent_relational_mode,mutual_information,0.01700039204287218,0.9636034503508658,0.8034981722508764,0.16010527809998942,P5_observation_noise,D5_source_swap,,,
confirmatory,10050,history_dependent_relational_mode,largest_covariance_eigenvalue,1.4678905952840142,0.8645725966306994,1.0,-0.1354274033693006,P7_coarse_graining,D5_source_swap,,,
confirmatory,10050,history_dependent_relational_mode,pca_rank1_explained_variance,0.12232421627366787,0.9999999999999993,1.0,-6.661338147750939e-16,P4_orthogonal_basis_rotation,D5_source_swap,,,
confirmatory,10050,history_dependent_relational_mode,spectral_coherence,0.1360735878952903,0.7366730694875632,1.0,-0.26332693051243683,P2_global_scaling,D5_source_swap,,,
confirmatory,10050,history_dependent_relational_mode,autocorrelation_persistence,0.6086745269482745,0.8024608176037759,0.9977382006014267,-0.19527738299765085,P7_coarse_graining,D2_phase_randomization,,,
confirmatory,10050,history_dependent_relational_mode,linear_CKA,0.03318103139918725,0.5867140371317154,0.8038535572771663,-0.2171395201454509,P2_global_scaling,D5_source_swap,,,
confirmatory,10050,history_dependent_relational_mode,VAR_ARX_predictive,0.030971777890291763,0.9999999999999982,1.0,-1.7763568394002505e-15,P4_orthogonal_basis_rotation,D1_temporal_shuffle,,,
confirmatory,10051,persistent_shared_mode,correlon_v1,0.399062027608852,0.7871961335147093,1.0,-0.2128038664852907,P6_time_reparameterization,D6_common_driver_replacement,0.20605858916708214,0.7728408824063153,0.39829275169351974
confirmatory,10051,persistent_shared_mode,pearson,0.2177356879433739,0.8503697392085809,0.76260462155199,0.0877651176565909,P4_orthogonal_basis_rotation,D6_common_driver_replacement,,,
confirmatory,10051,persistent_shared_mode,mutual_information,0.06999143123046492,1.0,0.45519298941321923,0.5448070105867808,P1_node_permutation,D6_common_driver_replacement,,,
confirmatory,10051,persistent_shared_mode,largest_covariance_eigenvalue,3.094089429986968,0.9518963573846306,0.9041646778818812,0.04773167950274948,P6_time_reparameterization,D6_common_driver_replacement,,,
confirmatory,10051,persistent_shared_mode,pca_rank1_explained_variance,0.2578407858322472,0.9999999999999991,0.9041646778818819,0.09583532211811718,P1_node_permutation,D6_common_driver_replacement,,,
confirmatory,10051,persistent_shared_mode,spectral_coherence,0.22076968571391126,0.935052484330275,1.0,-0.06494751566972501,P2_global_scaling,D6_common_driver_replacement,,,
confirmatory,10051,persistent_shared_mode,autocorrelation_persistence,0.7008975056104446,0.8829781851551851,0.9986606129755046,-0.11568242782031946,P7_coarse_graining,D2_phase_randomization,,,
confirmatory,10051,persistent_shared_mode,linear_CKA,0.24547144787992065,0.9999999999999998,0.5884491579988755,0.41155084200112424,P3_affine_offset,D6_common_driver_replacement,,,
confirmatory,10051,persistent_shared_mode,VAR_ARX_predictive,0.052704427044604873,0.9907755593646801,0.8249143518645599,0.16586120750012023,P5_observation_noise,D6_common_driver_replacement,,,
confirmatory,10051,direct_coupling_SCM,correlon_v1,0.037974093772408624,0.0,0.7494090821192259,-0.7494090821192259,P5_observation_noise,D4_edge_cutting,0.03043261152655255,0.047384424980337486,-0.05478692871441371
confirmatory,10051,direct_coupling_SCM,pearson,0.06793908386974477,0.990479590758451,1.0,-0.009520409241548955,P5_observation_noise,D3_IAAFT_surrogate,,,
confirmatory,10051,direct_coupling_SCM,mutual_information,0.01343341015427213,0.9841970975495143,1.0,-0.015802902450485656,P5_observation_noise,D3_IAAFT_surrogate,,,
confirmatory,10051,direct_coupling_SCM,largest_covariance_eigenvalue,1.4283455406532213,0.8401163680396403,1.0,-0.1598836319603597,P7_coarse_graining,D5_source_swap,,,
confirmatory,10051,direct_coupling_SCM,pca_rank1_explained_variance,0.11902879505443507,0.9903304788153989,1.0,-0.009669521184601071,P5_observation_noise,D5_source_swap,,,
confirmatory,10051,direct_coupling_SCM,spectral_coherence,0.1637399927697799,0.857709299265247,0.9043333497948643,-0.04662405052961738,P6_time_reparameterization,D2_phase_randomization,,,
confirmatory,10051,direct_coupling_SCM,autocorrelation_persistence,0.5897312190812843,0.7987337904234115,1.0,-0.20126620957658847,P7_coarse_graining,D5_source_swap,,,
confirmatory,10051,direct_coupling_SCM,linear_CKA,0.027127816263017978,0.9053489006122394,1.0,-0.09465109938776062,P2_global_scaling,D3_IAAFT_surrogate,,,
confirmatory,10051,direct_coupling_SCM,VAR_ARX_predictive,0.05461227598896218,0.9739004208590673,0.6649155787178485,0.3089848421412188,P5_observation_noise,D4_edge_cutting,,,
confirmatory,10051,history_dependent_relational_mode,correlon_v1,0.0,0.0,1.0,-1.0,P1_node_permutation,D1_temporal_shuffle,0.036306002024211734,-0.042308533245165356,0.0017326715180950303
confirmatory,10051,history_dependent_relational_mode,pearson,0.07074816822127743,0.9805678040383853,0.9804686287998736,9.917523851166177e-05,P5_observation_noise,D7_history_destruction,,,
confirmatory,10051,history_dependent_relational_mode,mutual_information,0.012978078419686678,0.9653145373841364,1.0,-0.03468546261586358,P5_observation_noise,D7_history_destruction,,,
confirmatory,10051,history_dependent_relational_mode,largest_covariance_eigenvalue,1.5985230753939197,0.8754290281103041,1.0,-0.1245709718896959,P7_coarse_graining,D7_history_destruction,,,
confirmatory,10051,history_dependent_relational_mode,pca_rank1_explained_variance,0.13321025628282673,0.996701898026641,1.0,-0.0032981019733590022,P5_observation_noise,D7_history_destruction,,,
confirmatory,10051,history_dependent_relational_mode,spectral_coherence,0.14274368183731098,0.8971654564326528,1.0,-0.10283454356734723,P2_global_scaling,D4_edge_cutting,,,
confirmatory,10051,history_dependent_relational_mode,autocorrelation_persistence,0.6089616416576665,0.8261813400705653,1.0,-0.17381865992943468,P7_coarse_graining,D5_source_swap,,,
confirmatory,10051,history_dependent_relational_mode,linear_CKA,0.029298504736988557,0.7048647309060281,0.933882855349222,-0.22901812444319392,P2_global_scaling,D7_history_destruction,,,
confirmatory,10051,history_dependent_relational_mode,VAR_ARX_predictive,0.03299271360110784,0.9922357392302121,1.0,-0.007764260769787867,P5_observation_noise,D6_common_driver_replacement,,,
confirmatory,10052,persistent_shared_mode,correlon_v1,0.3133795139926718,0.9959448950414203,1.0,-0.004055104958579747,P2_global_scaling,D6_common_driver_replacement,0.15030131268336328,0.6533989493303579,0.491152916515209
confirmatory,10052,persistent_shared_mode,pearson,0.22173190225370487,0.9278428729356362,0.7621172966452935,0.16572557629034268,P4_orthogonal_basis_rotation,D6_common_driver_replacement,,,
confirmatory,10052,persistent_shared_mode,mutual_information,0.07520669742514241,0.990604786758938,0.4828224376409472,0.5077823491179909,P5_observation_noise,D6_common_driver_replacement,,,
confirmatory,10052,persistent_shared_mode,largest_covariance_eigenvalue,3.1323964841420686,0.9536100113079052,0.8856656305899655,0.06794438071793973,P6_time_reparameterization,D6_common_driver_replacement,,,
confirmatory,10052,persistent_shared_mode,pca_rank1_explained_variance,0.26103304034517233,0.9978237056287353,0.8856656305899657,0.11215807503876962,P5_observation_noise,D6_common_driver_replacement,,,
confirmatory,10052,persistent_shared_mode,spectral_coherence,0.19824577992606635,0.7298990158815181,1.0,-0.27010098411848193,P2_global_scaling,D6_common_driver_replacement,,,
confirmatory,10052,persistent_shared_mode,autocorrelation_persistence,0.7181277200141124,0.893190622460673,0.9979175250790001,-0.10472690261832707,P7_coarse_graining,D2_phase_randomization,,,
confirmatory,10052,persistent_shared_mode,linear_CKA,0.25105474949941875,0.4684885975089523,0.598586631754633,-0.13009803424568073,P2_global_scaling,D6_common_driver_replacement,,,
confirmatory,10052,persistent_shared_mode,VAR_ARX_predictive,0.05008734942427934,0.8746768543684496,0.9902552575162773,-0.11557840314782775,P2_global_scaling,D6_common_driver_replacement,,,
confirmatory,10052,direct_coupling_SCM,correlon_v1,0.0,0.0,1.0,-1.0,P1_node_permutation,D2_phase_randomization,0.0416440161481548,-0.06944937291211463,-0.055116338517103125
confirmatory,10052,direct_coupling_SCM,pearson,0.0748659239837083,0.9859909729857592,0.9038311788680107,0.08215979411774854,P5_observation_noise,D3_IAAFT_surrogate,,,
confirmatory,10052,direct_coupling_SCM,mutual_information,0.0152615165399691,0.9697449323083617,0.7804100120956591,0.1893349202127026,P5_observation_noise,D3_IAAFT_surrogate,,,
confirmatory,10052,direct_coupling_SCM,largest_covariance_eigenvalue,1.5843244758317199,0.8756654681765117,1.0,-0.1243345318234883,P7_coarse_graining,D5_source_swap,,,
confirmatory,10052,direct_coupling_SCM,pca_rank1_explained_variance,0.13202703965264337,0.9972659115307299,1.0,-0.002734088469270146,P5_observation_noise,D5_source_swap,,,
confirmatory,10052,direct_coupling_SCM,spectral_coherence,0.12796008505233422,0.9098062715342526,1.0,-0.09019372846574736,P5_observation_noise,D1_temporal_shuffle,,,
confirmatory,10052,direct_coupling_SCM,autocorrelation_persistence,0.617175411012245,0.7940481504996727,1.0,-0.2059518495003273,P7_coarse_graining,D5_source_swap,,,
confirmatory,10052,direct_coupling_SCM,linear_CKA,0.032593010405158246,0.559760112783527,0.82214324371316,-0.26238313092963306,P2_global_scaling,D3_IAAFT_surrogate,,,
confirmatory,10052,direct_coupling_SCM,VAR_ARX_predictive,0.05071226552331776,0.8732619644323627,0.7370611698354833,0.1362007945968794,P2_global_scaling,D6_common_driver_replacement,,,
confirmatory,10052,history_dependent_relational_mode,correlon_v1,0.0,0.0,1.0,-1.0,P1_node_permutation,D1_temporal_shuffle,-0.021200837952642826,-0.048872517595612786,-0.03247960014792173
confirmatory,10052,history_dependent_relational_mode,pearson,0.05805693309556466,0.9731573000301044,1.0,-0.026842699969895634,P4_orthogonal_basis_rotation,D3_IAAFT_surrogate,,,
confirmatory,10052,history_dependent_relational_mode,mutual_information,0.010553091275322668,0.9999992534801441,1.0,-7.46519855931993e-07,P2_global_scaling,D3_IAAFT_surrogate,,,
confirmatory,10052,history_dependent_relational_mode,largest_covariance_eigenvalue,1.5403585507746325,0.8708239036284372,1.0,-0.1291760963715628,P7_coarse_graining,D5_source_swap,,,
confirmatory,10052,history_dependent_relational_mode,pca_rank1_explained_variance,0.12836321256455266,0.9944912601320015,1.0,-0.005508739867998491,P5_observation_noise,D5_source_swap,,,
confirmatory,10052,history_dependent_relational_mode,spectral_coherence,0.17598524078420683,0.8988396230604724,0.9985342112039711,-0.09969458814349874,P2_global_scaling,D1_temporal_shuffle,,,
confirmatory,10052,history_dependent_relational_mode,autocorrelation_persistence,0.6110571622781208,0.8108231273481458,1.0,-0.18917687265185423,P7_coarse_graining,D5_source_swap,,,
confirmatory,10052,history_dependent_relational_mode,linear_CKA,0.019531621063596086,0.6457154198614616,1.0,-0.35428458013853836,P2_global_scaling,D3_IAAFT_surrogate,,,
confirmatory,10052,history_dependent_relational_mode,VAR_ARX_predictive,0.03658777395803736,0.9796336442632699,1.0,-0.02036635573673007,P2_global_scaling,D6_common_driver_replacement,,,
confirmatory,10053,persistent_shared_mode,correlon_v1,0.37790515724124096,0.9999999999999986,0.9283505295923314,0.07164947040766712,P1_node_permutation,D6_common_driver_replacement,0.19362436852614318,0.7375740406881923,0.5612065932482213
confirmatory,10053,persistent_shared_mode,pearson,0.19873682536158355,0.9114485335993235,0.7470395901841428,0.16440894341518075,P4_orthogonal_basis_rotation,D6_common_driver_replacement,,,
confirmatory,10053,persistent_shared_mode,mutual_information,0.08042817150381654,0.9843851270326911,0.4300715492318215,0.5543135778008697,P5_observation_noise,D6_common_driver_replacement,,,
confirmatory,10053,persistent_shared_mode,largest_covariance_eigenvalue,2.82482750700433,0.9471655024924623,0.892649385682925,0.054516116809537385,P6_time_reparameterization,D6_common_driver_replacement,,,
confirmatory,10053,persistent_shared_mode,pca_rank1_explained_variance,0.2354022922503609,0.9999999999999999,0.8926493856829241,0.10735061431707582,P1_node_permutation,D6_common_driver_replacement,,,
confirmatory,10053,persistent_shared_mode,spectral_coherence,0.19111089191789268,0.8625710833238698,1.0,-0.13742891667613022,P2_global_scaling,D6_common_driver_replacement,,,
confirmatory,10053,persistent_shared_mode,autocorrelation_persistence,0.7030272460564858,0.8749781556488384,1.0,-0.1250218443511616,P7_coarse_graining,D5_source_swap,,,
confirmatory,10053,persistent_shared_mode,linear_CKA,0.21102695237003793,0.9973738535627596,0.5673595541358791,0.4300142994268805,P5_observation_noise,D6_common_driver_replacement,,,
confirmatory,10053,persistent_shared_mode,VAR_ARX_predictive,0.04061709714356876,0.9781741800058104,1.0,-0.021825819994189644,P5_observation_noise,D6_common_driver_replacement,,,
confirmatory,10053,direct_coupling_SCM,correlon_v1,0.04506318044180207,0.0,1.0,-1.0,P6_time_reparameterization,D2_phase_randomization,0.017451958832004316,0.11635887129222575,0.18974270270395743
confirmatory,10053,direct_coupling_SCM,pearson,0.08471096551306981,0.9722741264796726,0.9896774856148864,-0.017403359135213847,P4_orthogonal_basis_rotation,D6_common_driver_replacement,,,
confirmatory,10053,direct_coupling_SCM,mutual_information,0.018209928744297055,0.9982446271589607,0.8082431180952774,0.1900015090636833,P5_observation_noise,D6_common_driver_replacement,,,
confirmatory,10053,direct_coupling_SCM,largest_covariance_eigenvalue,1.8268852306547085,0.8911200393936624,0.9790600058154928,-0.08793996642183044,P7_coarse_graining,D6_common_driver_replacement,,,
confirmatory,10053,direct_coupling_SCM,pca_rank1_explained_variance,0.15224043588789232,0.9930028954275235,0.9790600058154932,0.013942889612030274,P5_observation_noise,D6_common_driver_replacement,,,
confirmatory,10053,direct_coupling_SCM,spectral_coherence,0.1837222242420836,0.6992787550587191,1.0,-0.30072124494128094,P2_global_scaling,D6_common_driver_replacement,,,
confirmatory,10053,direct_coupling_SCM,autocorrelation_persistence,0.6222687638366012,0.8014806712266135,0.9980338743012603,-0.19655320307464685,P7_coarse_graining,D5_source_swap,,,
confirmatory,10053,direct_coupling_SCM,linear_CKA,0.041004630307365585,0.6602303108504928,0.995124545358211,-0.33489423450771827,P2_global_scaling,D6_common_driver_replacement,,,
confirmatory,10053,direct_coupling_SCM,VAR_ARX_predictive,0.05554961256086971,0.9508089008510682,0.7602251886443575,0.19058371220671066,P6_time_reparameterization,D6_common_driver_replacement,,,
confirmatory,10053,history_dependent_relational_mode,correlon_v1,0.05920552819655497,0.0,1.0,-1.0,P7_coarse_graining,D6_common_driver_replacement,0.042121423745540815,0.08321880547554267,0.11249938517337194
confirmatory,10053,history_dependent_relational_mode,pearson,0.058103745022946914,0.9914628151946722,1.0,-0.008537184805327835,P4_orthogonal_basis_rotation,D2_phase_randomization,,,
confirmatory,10053,history_dependent_relational_mode,mutual_information,0.009816025954581309,0.999999129002594,1.0,-8.709974059772918e-07,P2_global_scaling,D2_phase_randomization,,,
confirmatory,10053,history_dependent_relational_mode,largest_covariance_eigenvalue,1.3662707740393332,0.8432064240683106,1.0,-0.1567935759316894,P7_coarse_graining,D3_IAAFT_surrogate,,,
confirmatory,10053,history_dependent_relational_mode,pca_rank1_explained_variance,0.11385589783661117,0.9929179441134515,1.0,-0.007082055886548533,P5_observation_noise,D3_IAAFT_surrogate,,,
confirmatory,10053,history_dependent_relational_mode,spectral_coherence,0.13498779892319773,0.9327824621862669,1.0,-0.06721753781373307,P2_global_scaling,D5_source_swap,,,
confirmatory,10053,history_dependent_relational_mode,autocorrelation_persistence,0.6118457660251961,0.8128923283949554,1.0,-0.1871076716050446,P7_coarse_graining,D5_source_swap,,,
confirmatory,10053,history_dependent_relational_mode,linear_CKA,0.01998456763033555,0.6080884385650556,1.0,-0.39191156143494443,P2_global_scaling,D2_phase_randomization,,,
confirmatory,10053,history_dependent_relational_mode,VAR_ARX_predictive,0.034451980506481183,0.9514298848940193,1.0,-0.04857011510598075,P5_observation_noise,D1_temporal_shuffle,,,
confirmatory,10054,persistent_shared_mode,correlon_v1,0.3161238416798868,0.7506332441579995,1.0,-0.24936675584200052,P6_time_reparameterization,D6_common_driver_replacement,0.17573681799582222,0.568658772920458,0.4422602910830315
confirmatory,10054,persistent_shared_mode,pearson,0.21857768630085103,0.8182313498963322,0.7981166010599171,0.020114748836415064,P4_orthogonal_basis_rotation,D6_common_driver_replacement,,,
confirmatory,10054,persistent_shared_mode,mutual_information,0.0763652835970482,0.9999980600645101,0.5283421333567826,0.4716559267077275,P2_global_scaling,D6_common_driver_replacement,,,
confirmatory,10054,persistent_shared_mode,largest_covariance_eigenvalue,3.0418274047796956,0.9660284714495988,0.9163520897366901,0.04967638171290867,P7_coarse_graining,D6_common_driver_replacement,,,
confirmatory,10054,persistent_shared_mode,pca_rank1_explained_variance,0.2534856170649747,0.9942074346988522,0.9163520897366899,0.07785534496216229,P5_observation_noise,D6_common_driver_replacement,,,
confirmatory,10054,persistent_shared_mode,spectral_coherence,0.22711436736699833,0.5489449737688471,0.9921250077948008,-0.44318003402595374,P2_global_scaling,D6_common_driver_replacement,,,
confirmatory,10054,persistent_shared_mode,autocorrelation_persistence,0.71842172916333,0.8897728781830212,0.9994815566782352,-0.10970867849521404,P7_coarse_graining,D2_phase_randomization,,,
confirmatory,10054,persistent_shared_mode,linear_CKA,0.24966036322450846,0.4858794191705528,0.6449740254330646,-0.15909460626251182,P2_global_scaling,D6_common_driver_replacement,,,
confirmatory,10054,persistent_shared_mode,VAR_ARX_predictive,0.04857545409624814,0.896104362083842,0.9550534664684935,-0.05894910438465151,P2_global_scaling,D6_common_driver_replacement,,,
confirmatory,10054,direct_coupling_SCM,correlon_v1,0.0,0.0,1.0,-1.0,P1_node_permutation,D3_IAAFT_surrogate,0.009226968717850698,-0.032666630325702994,0.009547925527985612
confirmatory,10054,direct_coupling_SCM,pearson,0.06643773463479244,0.989812447612198,1.0,-0.010187552387802001,P5_observation_noise,D2_phase_randomization,,,
confirmatory,10054,direct_coupling_SCM,mutual_information,0.012068874341979674,0.9779018046828665,1.0,-0.02209819531713353,P5_observation_noise,D2_phase_randomization,,,
confirmatory,10054,direct_coupling_SCM,largest_covariance_eigenvalue,1.6868711665164313,0.8760792525716901,1.0,-0.12392074742830994,P7_coarse_graining,D8_block_shuffle,,,
confirmatory,10054,direct_coupling_SCM,pca_rank1_explained_variance,0.14057259720970264,0.9935797681146916,1.0,-0.006420231885308381,P5_observation_noise,D8_block_shuffle,,,
confirmatory,10054,direct_coupling_SCM,spectral_coherence,0.12037183891133346,0.9999999999999999,1.0,-1.1102230246251565e-16,P4_orthogonal_basis_rotation,D1_temporal_shuffle,,,
confirmatory,10054,direct_coupling_SCM,autocorrelation_persistence,0.5962756391278724,0.7971872218498322,1.0,-0.20281277815016785,P7_coarse_graining,D5_source_swap,,,
confirmatory,10054,direct_coupling_SCM,linear_CKA,0.02531417079433712,0.3464506176244567,1.0,-0.6535493823755433,P2_global_scaling,D2_phase_randomization,,,
confirmatory,10054,direct_coupling_SCM,VAR_ARX_predictive,0.05550827578611495,0.756117474372953,0.6878812163023398,0.06823625807061318,P2_global_scaling,D3_IAAFT_surrogate,,,
confirmatory,10054,history_dependent_relational_mode,correlon_v1,0.0,0.0,1.0,-1.0,P1_node_permutation,D2_phase_randomization,-0.006444831507451371,0.28349245673003287,0.132434217747114
confirmatory,10054,history_dependent_relational_mode,pearson,0.0877940178847773,0.9859316750099998,0.8684627921933972,0.11746888281660262,P4_orthogonal_basis_rotation,D6_common_driver_replacement,,,
confirmatory,10054,history_dependent_relational_mode,mutual_information,0.019714322791223315,0.9905175082671556,0.840699349868135,0.14981815839902057,P5_observation_noise,D4_edge_cutting,,,
confirmatory,10054,history_dependent_relational_mode,largest_covariance_eigenvalue,1.742617328713738,0.8847212840832014,1.0,-0.11527871591679861,P7_coarse_graining,D7_history_destruction,,,
confirmatory,10054,history_dependent_relational_mode,pca_rank1_explained_variance,0.14521811072614485,0.9942826135869344,1.0,-0.005717386413065628,P5_observation_noise,D7_history_destruction,,,
confirmatory,10054,history_dependent_relational_mode,spectral_coherence,0.14495608869472193,0.9799793619093486,1.0,-0.020020638090651355,P2_global_scaling,D3_IAAFT_surrogate,,,
confirmatory,10054,history_dependent_relational_mode,autocorrelation_persistence,0.6181873625461943,0.831361093475775,0.9981578958950292,-0.1667968024192542,P7_coarse_graining,D2_phase_randomization,,,
confirmatory,10054,history_dependent_relational_mode,linear_CKA,0.04445934532872611,0.7984765167313852,0.7685907413296907,0.02988577540169446,P2_global_scaling,D6_common_driver_replacement,,,
confirmatory,10054,history_dependent_relational_mode,VAR_ARX_predictive,0.0363191784573178,0.8279418107410811,1.0,-0.17205818925891891,P2_global_scaling,D6_common_driver_replacement,,,
confirmatory,10055,persistent_shared_mode,correlon_v1,0.3692961824431866,0.9131565559781274,1.0,-0.0868434440218726,P6_time_reparameterization,D6_common_driver_replacement,0.17677138299099426,0.7715031022530345,0.4665143206896174
confirmatory,10055,persistent_shared_mode,pearson,0.22340646022208485,0.9414662724155551,0.7469760668402597,0.1944902055752954,P4_orthogonal_basis_rotation,D6_common_driver_replacement,,,
confirmatory,10055,persistent_shared_mode,mutual_information,0.08235367643718539,0.9998326965378077,0.5019887159429447,0.497843980594863,P5_observation_noise,D6_common_driver_replacement,,,
confirmatory,10055,persistent_shared_mode,largest_covariance_eigenvalue,3.1248102903390205,0.9562418139084398,0.8504627304307923,0.10577908347764742,P6_time_reparameterization,D6_common_driver_replacement,,,
confirmatory,10055,persistent_shared_mode,pca_rank1_explained_variance,0.2604008575282517,0.9980260773036204,0.8504627304307929,0.14756334687282746,P5_observation_noise,D6_common_driver_replacement,,,
confirmatory,10055,persistent_shared_mode,spectral_coherence,0.2193294213667274,0.8258672060772725,1.0,-0.1741327939227275,P2_global_scaling,D6_common_driver_replacement,,,
confirmatory,10055,persistent_shared_mode,autocorrelation_persistence,0.7092079441686426,0.8802971140383249,0.999124702732736,-0.11882758869441112,P7_coarse_graining,D2_phase_randomization,,,
confirmatory,10055,persistent_shared_mode,linear_CKA,0.25624663520594365,0.781186574515925,0.5849723550900477,0.19621421942587725,P2_global_scaling,D6_common_driver_replacement,,,
confirmatory,10055,persistent_shared_mode,VAR_ARX_predictive,0.04874241760553877,0.9558149857691126,0.9768171042074141,-0.021002118438301465,P5_observation_noise,D6_common_driver_replacement,,,
confirmatory,10055,direct_coupling_SCM,correlon_v1,0.0,0.0,1.0,-1.0,P1_node_permutation,D1_temporal_shuffle,-0.010848183760476207,-0.14603239415054578,0.025586624758899112
confirmatory,10055,direct_coupling_SCM,pearson,0.06732906242614994,0.9925447824063814,1.0,-0.007455217593618557,P4_orthogonal_basis_rotation,D6_common_driver_replacement,,,
confirmatory,10055,direct_coupling_SCM,mutual_information,0.013830985204831947,0.986457491338154,1.0,-0.013542508661846031,P5_observation_noise,D3_IAAFT_surrogate,,,
confirmatory,10055,direct_coupling_SCM,largest_covariance_eigenvalue,1.4028605677071337,0.8704813169185149,1.0,-0.12951868308148506,P7_coarse_graining,D6_common_driver_replacement,,,
confirmatory,10055,direct_coupling_SCM,pca_rank1_explained_variance,0.1169050473089278,0.9999999999999992,1.0,-7.771561172376096e-16,P3_affine_offset,D6_common_driver_replacement,,,
confirmatory,10055,direct_coupling_SCM,spectral_coherence,0.14707026191164832,0.9999999999999973,1.0,-2.6645352591003757e-15,P4_orthogonal_basis_rotation,D5_source_swap,,,
confirmatory,10055,direct_coupling_SCM,autocorrelation_persistence,0.6196688971594297,0.8076107467590945,0.997504835317292,-0.18989408855819745,P7_coarse_graining,D2_phase_randomization,,,
confirmatory,10055,direct_coupling_SCM,linear_CKA,0.02662066189120488,0.438996083909586,1.0,-0.561003916090414,P2_global_scaling,D6_common_driver_replacement,,,
confirmatory,10055,direct_coupling_SCM,VAR_ARX_predictive,0.05027359136211906,0.8651964895163337,0.7400123463804719,0.1251841431358618,P2_global_scaling,D6_common_driver_replacement,,,
confirmatory,10055,history_dependent_relational_mode,correlon_v1,0.0,0.0,1.0,-1.0,P1_node_permutation,D1_temporal_shuffle,-0.03011121443724818,-0.07113350318255615,-0.10650956964093825
confirmatory,10055,history_dependent_relational_mode,pearson,0.061708441155591626,0.9768561021760777,1.0,-0.023143897823922344,P5_observation_noise,D3_IAAFT_surrogate,,,
confirmatory,10055,history_dependent_relational_mode,mutual_information,0.012170308009853192,0.9444147561395061,1.0,-0.055585243860493905,P5_observation_noise,D3_IAAFT_surrogate,,,
confirmatory,10055,history_dependent_relational_mode,largest_covariance_eigenvalue,1.313610458434966,0.8474925967972677,1.0,-0.15250740320273226,P7_coarse_graining,D3_IAAFT_surrogate,,,
confirmatory,10055,history_dependent_relational_mode,pca_rank1_explained_variance,0.10946753820291381,0.9999999999999992,1.0,-7.771561172376096e-16,P4_orthogonal_basis_rotation,D3_IAAFT_surrogate,,,
confirmatory,10055,history_dependent_relational_mode,spectral_coherence,0.11092771137817392,0.998362643710362,1.0,-0.0016373562896380145,P5_observation_noise,D1_temporal_shuffle,,,
confirmatory,10055,history_dependent_relational_mode,autocorrelation_persistence,0.6248968722440467,0.8213618227737273,1.0,-0.17863817722627273,P7_coarse_graining,D2_phase_randomization,,,
confirmatory,10055,history_dependent_relational_mode,linear_CKA,0.02240981500745387,0.5785617856060711,1.0,-0.4214382143939289,P2_global_scaling,D3_IAAFT_surrogate,,,
confirmatory,10055,history_dependent_relational_mode,VAR_ARX_predictive,0.031236142650704013,0.8440464227229256,1.0,-0.15595357727707437,P2_global_scaling,D2_phase_randomization,,,
confirmatory,10056,persistent_shared_mode,correlon_v1,0.2774525960130602,0.9321755655639152,1.0,-0.06782443443608477,P5_observation_noise,D6_common_driver_replacement,0.12456081894637018,0.6180108936786151,0.4125693943708747
confirmatory,10056,persistent_shared_mode,pearson,0.20180305878017812,0.9517535988232135,0.7519563175053372,0.19979728131787633,P4_orthogonal_basis_rotation,D6_common_driver_replacement,,,
confirmatory,10056,persistent_shared_mode,mutual_information,0.07186407781952842,0.9750360668959029,0.45662531908110393,0.518410747814799,P5_observation_noise,D6_common_driver_replacement,,,
confirmatory,10056,persistent_shared_mode,largest_covariance_eigenvalue,2.7926831207220855,0.9580965409932237,0.9069226054743224,0.05117393551890137,P7_coarse_graining,D6_common_driver_replacement,,,
confirmatory,10056,persistent_shared_mode,pca_rank1_explained_variance,0.23272359339350715,0.9927833318159427,0.9069226054743225,0.08586072634162023,P5_observation_noise,D6_common_driver_replacement,,,
confirmatory,10056,persistent_shared_mode,spectral_coherence,0.23085701994079333,0.5610311669929623,1.0,-0.4389688330070377,P2_global_scaling,D6_common_driver_replacement,,,
confirmatory,10056,persistent_shared_mode,autocorrelation_persistence,0.6886056519244675,0.8761807167111336,0.9986336349230153,-0.12245291821188165,P7_coarse_graining,D7_history_destruction,,,
confirmatory,10056,persistent_shared_mode,linear_CKA,0.2212370106149866,0.3621243154597282,0.5693122813096054,-0.20718796584987725,P2_global_scaling,D6_common_driver_replacement,,,
confirmatory,10056,persistent_shared_mode,VAR_ARX_predictive,0.04440818251102796,0.851364986760203,0.9442121574396642,-0.09284717067946124,P2_global_scaling,D6_common_driver_replacement,,,
confirmatory,10056,direct_coupling_SCM,correlon_v1,0.0,0.0,1.0,-1.0,P1_node_permutation,D2_phase_randomization,-0.02610597109633893,-0.09768782113791531,-0.09834947179463752
confirmatory,10056,direct_coupling_SCM,pearson,0.059193334356338265,0.9832573768089986,1.0,-0.016742623191001393,P5_observation_noise,D2_phase_randomization,,,
confirmatory,10056,direct_coupling_SCM,mutual_information,0.009878458904208243,0.9761707176039544,1.0,-0.023829282396045648,P5_observation_noise,D2_phase_randomization,,,
confirmatory,10056,direct_coupling_SCM,largest_covariance_eigenvalue,1.4965465147314823,0.8862558989769111,1.0,-0.11374410102308885,P7_coarse_graining,D5_source_swap,,,
confirmatory,10056,direct_coupling_SCM,pca_rank1_explained_variance,0.12471220956095684,0.9977106141199688,1.0,-0.002289385880031247,P5_observation_noise,D5_source_swap,,,
confirmatory,10056,direct_coupling_SCM,spectral_coherence,0.19488291262720647,0.5293345650903529,0.7771701464214374,-0.24783558133108452,P2_global_scaling,D6_common_driver_replacement,,,
confirmatory,10056,direct_coupling_SCM,autocorrelation_persistence,0.5858229850634821,0.7706492345240888,1.0,-0.22935076547591116,P7_coarse_graining,D5_source_swap,,,
confirmatory,10056,direct_coupling_SCM,linear_CKA,0.020388585898372866,0.6230782568345407,1.0,-0.37692174316545934,P2_global_scaling,D2_phase_randomization,,,
confirmatory,10056,direct_coupling_SCM,VAR_ARX_predictive,0.04617969911672298,0.9999999999999952,0.7653727377644696,0.23462726223552566,P4_orthogonal_basis_rotation,D2_phase_randomization,,,
confirmatory,10056,history_dependent_relational_mode,correlon_v1,0.0,0.0,1.0,-1.0,P1_node_permutation,D2_phase_randomization,-0.012497689951070923,-0.007855834336284721,-0.0012923244751506524
confirmatory,10056,history_dependent_relational_mode,pearson,0.07684986258857202,0.9685149173602983,0.9296036732773629,0.03891124408293534,P5_observation_noise,D4_edge_cutting,,,
confirmatory,10056,history_dependent_relational_mode,mutual_information,0.01656279898257884,0.9520700646471896,0.8708608608267071,0.08120920382048247,P5_observation_noise,D4_edge_cutting,,,
confirmatory,10056,history_dependent_relational_mode,largest_covariance_eigenvalue,1.4837408375353767,0.8560250567450575,1.0,-0.14397494325494253,P7_coarse_graining,D6_common_driver_replacement,,,
confirmatory,10056,history_dependent_relational_mode,pca_rank1_explained_variance,0.1236450697946147,0.9951777526147348,1.0,-0.004822247385265155,P5_observation_noise,D6_common_driver_replacement,,,
confirmatory,10056,history_dependent_relational_mode,spectral_coherence,0.12306853066282555,0.9787293135209558,1.0,-0.021270686479044176,P5_observation_noise,D1_temporal_shuffle,,,
confirmatory,10056,history_dependent_relational_mode,autocorrelation_persistence,0.6012259901889919,0.7978122635685296,1.0,-0.20218773643147037,P7_coarse_graining,D5_source_swap,,,
confirmatory,10056,history_dependent_relational_mode,linear_CKA,0.03464117676274333,0.7155125259089714,0.8722479047626809,-0.15673537885370947,P2_global_scaling,D4_edge_cutting,,,
confirmatory,10056,history_dependent_relational_mode,VAR_ARX_predictive,0.03920776447573093,0.9744245103383966,0.9054304917128432,0.06899401862555343,P2_global_scaling,D4_edge_cutting,,,
confirmatory,10057,persistent_shared_mode,correlon_v1,0.4063220270698926,0.9175244377995357,0.7931815157426063,0.12434292205692943,P5_observation_noise,D6_common_driver_replacement,0.2128830965515291,0.7755316995881076,0.47781501841869345
confirmatory,10057,persistent_shared_mode,pearson,0.21153526949744555,0.90726752328047,0.6867569522871698,0.22051057099330018,P4_orthogonal_basis_rotation,D6_common_driver_replacement,,,
confirmatory,10057,persistent_shared_mode,mutual_information,0.08924270469799289,0.9839935477865049,0.364142034319355,0.61985151346715,P5_observation_noise,D6_common_driver_replacement,,,
confirmatory,10057,persistent_shared_mode,largest_covariance_eigenvalue,2.9068641210102504,0.9706316139113649,0.8538179450030726,0.11681366890829226,P7_coarse_graining,D6_common_driver_replacement,,,
confirmatory,10057,persistent_shared_mode,pca_rank1_explained_variance,0.24223867675085411,0.9885664782686641,0.8538179450030728,0.13474853326559122,P5_observation_noise,D6_common_driver_replacement,,,
confirmatory,10057,persistent_shared_mode,spectral_coherence,0.2118937389604191,0.6249821563474804,1.0,-0.37501784365251956,P2_global_scaling,D6_common_driver_replacement,,,
confirmatory,10057,persistent_shared_mode,autocorrelation_persistence,0.713558512560999,0.8621965909216079,1.0,-0.13780340907839206,P7_coarse_graining,D7_history_destruction,,,
confirmatory,10057,persistent_shared_mode,linear_CKA,0.23826250564153711,0.8832252160125771,0.4833224790271727,0.3999027369854044,P2_global_scaling,D6_common_driver_replacement,,,
confirmatory,10057,persistent_shared_mode,VAR_ARX_predictive,0.046980383064331166,0.962033818968094,1.0,-0.037966181031905966,P5_observation_noise,D6_common_driver_replacement,,,
confirmatory,10057,direct_coupling_SCM,correlon_v1,0.0,0.0,1.0,-1.0,P1_node_permutation,D2_phase_randomization,0.05977241861442856,-0.1617971107221884,-0.0627511565740222
confirmatory,10057,direct_coupling_SCM,pearson,0.09420132803229504,0.9635532400378746,0.8060578035375014,0.15749543650037312,P4_orthogonal_basis_rotation,D6_common_driver_replacement,,,
confirmatory,10057,direct_coupling_SCM,mutual_information,0.018349299425408527,0.9837460766035322,0.8428360868038338,0.14090998979969838,P5_observation_noise,D3_IAAFT_surrogate,,,
confirmatory,10057,direct_coupling_SCM,largest_covariance_eigenvalue,2.0231189340895046,0.9081602671175205,0.9322789425030239,-0.024118675385503385,P7_coarse_graining,D7_history_destruction,,,
confirmatory,10057,direct_coupling_SCM,pca_rank1_explained_variance,0.1685932445074587,0.992547438840078,0.932278942503024,0.060268496337054,P5_observation_noise,D7_history_destruction,,,
confirmatory,10057,direct_coupling_SCM,spectral_coherence,0.17895274324823685,0.6900390129857538,1.0,-0.30996098701424624,P2_global_scaling,D6_common_driver_replacement,,,
confirmatory,10057,direct_coupling_SCM,autocorrelation_persistence,0.6239058498202755,0.7976385400941467,0.9983468034721765,-0.20070826337802983,P7_coarse_graining,D2_phase_randomization,,,
confirmatory,10057,direct_coupling_SCM,linear_CKA,0.04970475143572938,0.6513342580370116,0.6742550997684233,-0.022920841731411734,P2_global_scaling,D6_common_driver_replacement,,,
confirmatory,10057,direct_coupling_SCM,VAR_ARX_predictive,0.05093608447783465,0.9865218041292912,0.9178918242982974,0.06862997983099384,P6_time_reparameterization,D6_common_driver_replacement,,,
confirmatory,10057,history_dependent_relational_mode,correlon_v1,0.0,0.0,1.0,-1.0,P1_node_permutation,D5_source_swap,-0.0003324059373879251,-0.11333189239966608,-0.001737966711769512
confirmatory,10057,history_dependent_relational_mode,pearson,0.0700559353297948,0.9857402971418759,1.0,-0.014259702858124057,P5_observation_noise,D4_edge_cutting,,,
confirmatory,10057,history_dependent_relational_mode,mutual_information,0.015260859248143133,0.9536378820252619,0.999846544515699,-0.04620866249043709,P5_observation_noise,D4_edge_cutting,,,
confirmatory,10057,history_dependent_relational_mode,largest_covariance_eigenvalue,1.459913024564177,0.8482114607649862,1.0,-0.1517885392350138,P7_coarse_graining,D5_source_swap,,,
confirmatory,10057,history_dependent_relational_mode,pca_rank1_explained_variance,0.12165941871368145,0.9999999999999997,1.0,-3.3306690738754696e-16,P4_orthogonal_basis_rotation,D5_source_swap,,,
confirmatory,10057,history_dependent_relational_mode,spectral_coherence,0.1412087571692981,0.9290748113540085,1.0,-0.07092518864599151,P5_observation_noise,D6_common_driver_replacement,,,
confirmatory,10057,history_dependent_relational_mode,autocorrelation_persistence,0.5994372602361052,0.824550788979564,1.0,-0.17544921102043598,P7_coarse_graining,D5_source_swap,,,
confirmatory,10057,history_dependent_relational_mode,linear_CKA,0.02866536863825045,0.9184014947242947,1.0,-0.08159850527570534,P2_global_scaling,D4_edge_cutting,,,
confirmatory,10057,history_dependent_relational_mode,VAR_ARX_predictive,0.03300441469607934,0.9762511290594726,1.0,-0.023748870940527356,P2_global_scaling,D1_temporal_shuffle,,,
confirmatory,10058,persistent_shared_mode,correlon_v1,0.0,0.0,1.0,-1.0,P1_node_permutation,D2_phase_randomization,0.17387919308728175,-0.008210541309558672,0.20852712026960807
confirmatory,10058,persistent_shared_mode,pearson,0.1838039922652583,0.8704817209798107,0.6697534761271073,0.20072824485270335,P4_orthogonal_basis_rotation,D6_common_driver_replacement,,,
confirmatory,10058,persistent_shared_mode,mutual_information,0.0706105460111629,0.9774702794565322,0.39940908212396947,0.5780611973325627,P5_observation_noise,D6_common_driver_replacement,,,
confirmatory,10058,persistent_shared_mode,largest_covariance_eigenvalue,2.6511827440301383,0.9190719192443443,0.8885193321595977,0.03055258708474662,P6_time_reparameterization,D7_history_destruction,,,
confirmatory,10058,persistent_shared_mode,pca_rank1_explained_variance,0.22093189533584492,0.9839308202365513,0.8885193321595973,0.09541148807695399,P5_observation_noise,D7_history_destruction,,,
confirmatory,10058,persistent_shared_mode,spectral_coherence,0.194999755579951,0.5815473907417206,1.0,-0.41845260925827943,P2_global_scaling,D6_common_driver_replacement,,,
confirmatory,10058,persistent_shared_mode,autocorrelation_persistence,0.6931592044071379,0.8547369716099132,1.0,-0.14526302839008676,P7_coarse_graining,D7_history_destruction,,,
confirmatory,10058,persistent_shared_mode,linear_CKA,0.18278760522291487,0.4860970640409257,0.4690631728545923,0.01703389118633336,P2_global_scaling,D6_common_driver_replacement,,,
confirmatory,10058,persistent_shared_mode,VAR_ARX_predictive,0.04895683723680161,0.9152018564925547,0.8413491026712515,0.07385275382130319,P2_global_scaling,D6_common_driver_replacement,,,
confirmatory,10058,direct_coupling_SCM,correlon_v1,0.12835243189197706,0.0,1.0,-1.0,P6_time_reparameterization,D6_common_driver_replacement,0.03897865536078285,0.4226504639551974,0.23146949493641256
confirmatory,10058,direct_coupling_SCM,pearson,0.08993271892851311,0.9885253149460385,1.0,-0.011474685053961542,P4_orthogonal_basis_rotation,D6_common_driver_replacement,,,
confirmatory,10058,direct_coupling_SCM,mutual_information,0.02019070354900332,0.9738411504984793,0.8925355251983633,0.08130562530011598,P5_observation_noise,D6_common_driver_replacement,,,
confirmatory,10058,direct_coupling_SCM,largest_covariance_eigenvalue,1.7087055945303304,0.8937973633143512,1.0,-0.10620263668564878,P7_coarse_graining,D6_common_driver_replacement,,,
confirmatory,10058,direct_coupling_SCM,pca_rank1_explained_variance,0.14239213287752747,1.0,1.0,0.0,P1_node_permutation,D6_common_driver_replacement,,,
confirmatory,10058,direct_coupling_SCM,spectral_coherence,0.13065553405925856,0.8456676074474812,1.0,-0.15433239255251885,P2_global_scaling,D1_temporal_shuffle,,,
confirmatory,10058,direct_coupling_SCM,autocorrelation_persistence,0.6232506526205729,0.7927977729250903,0.9971782307736592,-0.20438045784856884,P7_coarse_graining,D2_phase_randomization,,,
confirmatory,10058,direct_coupling_SCM,linear_CKA,0.0475767070647396,0.5096589469949776,1.0,-0.4903410530050224,P2_global_scaling,D6_common_driver_replacement,,,
confirmatory,10058,direct_coupling_SCM,VAR_ARX_predictive,0.04705733289508923,0.909905920334372,0.7933413121502677,0.1165646081841043,P2_global_scaling,D3_IAAFT_surrogate,,,
confirmatory,10058,history_dependent_relational_mode,correlon_v1,0.0,0.0,1.0,-1.0,P1_node_permutation,D1_temporal_shuffle,0.038891353077847024,-0.0739059473773337,0.08153283737200939
confirmatory,10058,history_dependent_relational_mode,pearson,0.0606047772314088,0.9888211699418855,1.0,-0.011178830058114486,P5_observation_noise,D5_source_swap,,,
confirmatory,10058,history_dependent_relational_mode,mutual_information,0.011222425988611784,0.9819358128389684,1.0,-0.018064187161031642,P5_observation_noise,D5_source_swap,,,
confirmatory,10058,history_dependent_relational_mode,largest_covariance_eigenvalue,1.4615150783149715,0.868446924669112,1.0,-0.131553075330888,P7_coarse_graining,D7_history_destruction,,,
confirmatory,10058,history_dependent_relational_mode,pca_rank1_explained_variance,0.12179292319291433,0.9984159652317778,1.0,-0.00158403476822222,P5_observation_noise,D7_history_destruction,,,
confirmatory,10058,history_dependent_relational_mode,spectral_coherence,0.13325659470818915,0.8877536264408826,1.0,-0.11224637355911737,P2_global_scaling,D4_edge_cutting,,,
confirmatory,10058,history_dependent_relational_mode,autocorrelation_persistence,0.6029060273712008,0.8055801863589377,1.0,-0.1944198136410623,P7_coarse_graining,D5_source_swap,,,
confirmatory,10058,history_dependent_relational_mode,linear_CKA,0.021449009229002843,0.78156983390074,1.0,-0.21843016609926003,P2_global_scaling,D5_source_swap,,,
confirmatory,10058,history_dependent_relational_mode,VAR_ARX_predictive,0.035575744204699,0.9250593218087727,0.9415514520879372,-0.01649213027916452,P2_global_scaling,D4_edge_cutting,,,
confirmatory,10059,persistent_shared_mode,correlon_v1,0.4096592500774718,0.8932445406056154,0.7726893696055349,0.12055517100008051,P6_time_reparameterization,D6_common_driver_replacement,0.20614199738555047,0.8141024308606024,0.5571747571000016
confirmatory,10059,persistent_shared_mode,pearson,0.22653268443198268,0.8572545284330756,0.7231814941359455,0.13407303429713013,P4_orthogonal_basis_rotation,D6_common_driver_replacement,,,
confirmatory,10059,persistent_shared_mode,mutual_information,0.09004242478224411,0.9786684710783713,0.4182623020354898,0.5604061690428814,P5_observation_noise,D6_common_driver_replacement,,,
confirmatory,10059,persistent_shared_mode,largest_covariance_eigenvalue,3.0536169153050166,0.933196415210233,0.8690385751655569,0.06415784004467606,P6_time_reparameterization,D6_common_driver_replacement,,,
confirmatory,10059,persistent_shared_mode,pca_rank1_explained_variance,0.25446807627541795,0.9871954923659293,0.8690385751655573,0.11815691720037202,P5_observation_noise,D6_common_driver_replacement,,,
confirmatory,10059,persistent_shared_mode,spectral_coherence,0.2751969591473531,0.6935870167658256,0.8577524675010428,-0.16416545073521727,P2_global_scaling,D6_common_driver_replacement,,,
confirmatory,10059,persistent_shared_mode,autocorrelation_persistence,0.7082269046326953,0.8678054832925283,1.0,-0.13219451670747173,P7_coarse_graining,D5_source_swap,,,
confirmatory,10059,persistent_shared_mode,linear_CKA,0.2677483868570866,0.8855856359920752,0.536855558312547,0.3487300776795281,P2_global_scaling,D6_common_driver_replacement,,,
confirmatory,10059,persistent_shared_mode,VAR_ARX_predictive,0.05500344343850949,0.938221992914429,0.7667690632258355,0.1714529296885935,P5_observation_noise,D6_common_driver_replacement,,,
confirmatory,10059,direct_coupling_SCM,correlon_v1,0.0,0.0,1.0,-1.0,P1_node_permutation,D2_phase_randomization,0.007725018223246366,-0.012903738103362983,-0.00950896508640836
confirmatory,10059,direct_coupling_SCM,pearson,0.09549153976108601,0.9871506840127575,0.9130603828942199,0.07409030111853765,P4_orthogonal_basis_rotation,D6_common_driver_replacement,,,
confirmatory,10059,direct_coupling_SCM,mutual_information,0.022223543106133392,0.9987199171723135,0.7416057942976979,0.25711412287461555,P5_observation_noise,D2_phase_randomization,,,
confirmatory,10059,direct_coupling_SCM,largest_covariance_eigenvalue,1.7570493918840329,0.905503724632397,1.0,-0.09449627536760297,P7_coarse_graining,D6_common_driver_replacement,,,
confirmatory,10059,direct_coupling_SCM,pca_rank1_explained_variance,0.14642078265700265,0.9999999999999998,1.0,-2.220446049250313e-16,P3_affine_offset,D6_common_driver_replacement,,,
confirmatory,10059,direct_coupling_SCM,spectral_coherence,0.2032949176744092,0.5577488367049493,1.0,-0.44225116329505065,P2_global_scaling,D6_common_driver_replacement,,,
confirmatory,10059,direct_coupling_SCM,autocorrelation_persistence,0.6251240166126326,0.8249859555261639,0.9989175831857022,-0.1739316276595383,P7_coarse_graining,D2_phase_randomization,,,
confirmatory,10059,direct_coupling_SCM,linear_CKA,0.05275893199819467,0.5090838350552156,0.836540124133993,-0.32745628907877744,P2_global_scaling,D6_common_driver_replacement,,,
confirmatory,10059,direct_coupling_SCM,VAR_ARX_predictive,0.049662389030323106,0.8230902793009828,0.7329384843826134,0.09015179491836933,P2_global_scaling,D2_phase_randomization,,,
confirmatory,10059,history_dependent_relational_mode,correlon_v1,0.0,0.0,1.0,-1.0,P1_node_permutation,D3_IAAFT_surrogate,-0.007104442953115728,0.34568723708421156,0.1633005582963905
confirmatory,10059,history_dependent_relational_mode,pearson,0.08086349609375146,0.9663831073748952,0.8768034275274061,0.08957967984748905,P5_observation_noise,D5_source_swap,,,
confirmatory,10059,history_dependent_relational_mode,mutual_information,0.01653170420388206,0.9399209612833503,0.8721107300698397,0.0678102312135106,P5_observation_noise,D2_phase_randomization,,,
confirmatory,10059,history_dependent_relational_mode,largest_covariance_eigenvalue,1.7232676424030995,0.91086436314062,0.903374912697184,0.007489450443436074,P7_coarse_graining,D6_common_driver_replacement,,,
confirmatory,10059,history_dependent_relational_mode,pca_rank1_explained_variance,0.14360563686692493,0.994851791196939,0.9033749126971842,0.09147687849975483,P5_observation_noise,D6_common_driver_replacement,,,
confirmatory,10059,history_dependent_relational_mode,spectral_coherence,0.1476796862178151,0.9782353320433633,1.0,-0.021764667956636674,P2_global_scaling,D6_common_driver_replacement,,,
confirmatory,10059,history_dependent_relational_mode,autocorrelation_persistence,0.6202631473639559,0.8052974080700054,0.998416412120399,-0.19311900405039362,P7_coarse_graining,D2_phase_randomization,,,
confirmatory,10059,history_dependent_relational_mode,linear_CKA,0.037786926878279836,0.9361352073699993,0.774134628757062,0.16200057861293737,P5_observation_noise,D5_source_swap,,,
confirmatory,10059,history_dependent_relational_mode,VAR_ARX_predictive,0.03532822169762817,0.9999999999999984,1.0,-1.5543122344752192e-15,P4_orthogonal_basis_rotation,D5_source_swap,,,
confirmatory,10060,persistent_shared_mode,correlon_v1,0.38846107851272504,0.9998535168225801,1.0,-0.00014648317741994266,P2_global_scaling,D6_common_driver_replacement,0.19631497779481732,0.7686729317056383,0.5101135069619223
confirmatory,10060,persistent_shared_mode,pearson,0.25936744504409964,0.7547949261607054,0.7130750726738062,0.04171985348689922,P4_orthogonal_basis_rotation,D6_common_driver_replacement,,,
confirmatory,10060,persistent_shared_mode,mutual_information,0.08430104196827137,0.9768626089874684,0.48910694470047894,0.4877556642869894,P5_observation_noise,D6_common_driver_replacement,,,
confirmatory,10060,persistent_shared_mode,largest_covariance_eigenvalue,3.5147318212609147,0.9770544641070805,0.8356268343613289,0.14142762974575163,P7_coarse_graining,D6_common_driver_replacement,,,
confirmatory,10060,persistent_shared_mode,pca_rank1_explained_variance,0.2928943184384097,0.9963448640132108,0.835626834361329,0.16071802965188176,P5_observation_noise,D6_common_driver_replacement,,,
confirmatory,10060,persistent_shared_mode,spectral_coherence,0.24429565511686357,0.7320776015363125,1.0,-0.2679223984636875,P2_global_scaling,D6_common_driver_replacement,,,
confirmatory,10060,persistent_shared_mode,autocorrelation_persistence,0.7150351959412586,0.8806508655698067,1.0,-0.11934913443019335,P7_coarse_graining,D5_source_swap,,,
confirmatory,10060,persistent_shared_mode,linear_CKA,0.33076105613909335,0.7579047931001561,0.5327237397473816,0.2251810533527745,P2_global_scaling,D6_common_driver_replacement,,,
confirmatory,10060,persistent_shared_mode,VAR_ARX_predictive,0.05097952740743655,0.9862263760048168,0.9595019601459484,0.026724415858868422,P5_observation_noise,D6_common_driver_replacement,,,
confirmatory,10060,direct_coupling_SCM,correlon_v1,0.0,0.0,1.0,-1.0,P1_node_permutation,D3_IAAFT_surrogate,-0.037261281626981085,0.15802152739713918,0.03869990313580468
confirmatory,10060,direct_coupling_SCM,pearson,0.06703880599953256,0.9974670652578335,0.9618444234906437,0.03562264176718977,P4_orthogonal_basis_rotation,D4_edge_cutting,,,
confirmatory,10060,direct_coupling_SCM,mutual_information,0.013399070236114197,0.9999991923326519,0.9306621193693453,0.0693370729633066,P2_global_scaling,D4_edge_cutting,,,
confirmatory,10060,direct_coupling_SCM,largest_covariance_eigenvalue,1.5227197646131019,0.8795326598510254,0.9793734898157976,-0.09984082996477228,P7_coarse_graining,D7_history_destruction,,,
confirmatory,10060,direct_coupling_SCM,pca_rank1_explained_variance,0.1268933137177585,0.9904668730435071,0.9793734898157979,0.011093383227709253,P5_observation_noise,D7_history_destruction,,,
confirmatory,10060,direct_coupling_SCM,spectral_coherence,0.13192854729727402,0.9970357543703011,1.0,-0.0029642456296988806,P2_global_scaling,D1_temporal_shuffle,,,
confirmatory,10060,direct_coupling_SCM,autocorrelation_persistence,0.608246307871881,0.7819862195217007,0.9980280477481649,-0.21604182822646423,P7_coarse_graining,D2_phase_randomization,,,
confirmatory,10060,direct_coupling_SCM,linear_CKA,0.026104142528583233,0.5010299418894192,0.9406982186124196,-0.43966827672300046,P2_global_scaling,D4_edge_cutting,,,
confirmatory,10060,direct_coupling_SCM,VAR_ARX_predictive,0.05054853630927719,0.9819062337664447,0.6889272023038571,0.29297903146258764,P6_time_reparameterization,D6_common_driver_replacement,,,
confirmatory,10060,history_dependent_relational_mode,correlon_v1,0.0,0.0,1.0,-1.0,P1_node_permutation,D2_phase_randomization,-0.017514463834628277,-0.005770018456862994,-0.005689836850457153
confirmatory,10060,history_dependent_relational_mode,pearson,0.06327536177365485,1.0,1.0,0.0,P1_node_permutation,D3_IAAFT_surrogate,,,
confirmatory,10060,history_dependent_relational_mode,mutual_information,0.012420350580611306,0.9999997541586612,1.0,-2.4584133884175685e-07,P2_global_scaling,D5_source_swap,,,
confirmatory,10060,history_dependent_relational_mode,largest_covariance_eigenvalue,1.362640916066286,0.855635059603191,1.0,-0.14436494039680903,P7_coarse_graining,D5_source_swap,,,
confirmatory,10060,history_dependent_relational_mode,pca_rank1_explained_variance,0.1135534096721905,0.9999999999999997,1.0,-3.3306690738754696e-16,P1_node_permutation,D5_source_swap,,,
confirmatory,10060,history_dependent_relational_mode,spectral_coherence,0.1253819822313496,0.8968405670576773,1.0,-0.10315943294232266,P5_observation_noise,D1_temporal_shuffle,,,
confirmatory,10060,history_dependent_relational_mode,autocorrelation_persistence,0.6102838658503104,0.8072618446951666,0.9975408141041345,-0.19027896940896794,P7_coarse_graining,D3_IAAFT_surrogate,,,
confirmatory,10060,history_dependent_relational_mode,linear_CKA,0.023623285654482868,0.5841292195844788,1.0,-0.41587078041552117,P2_global_scaling,D3_IAAFT_surrogate,,,
confirmatory,10060,history_dependent_relational_mode,VAR_ARX_predictive,0.03709139211693052,0.8998532864579413,0.9639959887849696,-0.06414270232702834,P2_global_scaling,D8_block_shuffle,,,
confirmatory,10061,persistent_shared_mode,correlon_v1,0.344850357189956,0.9889028662017841,1.0,-0.011097133798215864,P2_global_scaling,D6_common_driver_replacement,0.1505151173906285,0.7900985025006175,0.494782955479475
confirmatory,10061,persistent_shared_mode,pearson,0.1868968618765103,0.8881180051530749,0.7591032347128295,0.12901477044024545,P4_orthogonal_basis_rotation,D6_common_driver_replacement,,,
confirmatory,10061,persistent_shared_mode,mutual_information,0.05937937373745783,0.9822186364998831,0.5177843537102582,0.46443428278962484,P5_observation_noise,D6_common_driver_replacement,,,
confirmatory,10061,persistent_shared_mode,largest_covariance_eigenvalue,2.6905080151737284,0.938509144723097,0.9231549821045719,0.015354162618525069,P6_time_reparameterization,D5_source_swap,,,
confirmatory,10061,persistent_shared_mode,pca_rank1_explained_variance,0.22420900126447754,0.914586470350754,0.9231549821045723,-0.008568511753818231,P2_global_scaling,D5_source_swap,,,
confirmatory,10061,persistent_shared_mode,spectral_coherence,0.20792073921037474,0.5277788376554328,1.0,-0.47222116234456724,P2_global_scaling,D6_common_driver_replacement,,,
confirmatory,10061,persistent_shared_mode,autocorrelation_persistence,0.6893368690185154,0.8786851334267033,1.0,-0.12131486657329671,P7_coarse_graining,D5_source_swap,,,
confirmatory,10061,persistent_shared_mode,linear_CKA,0.19172478962053396,0.45856102830317974,0.57813219991479,-0.1195711716116103,P2_global_scaling,D6_common_driver_replacement,,,
confirmatory,10061,persistent_shared_mode,VAR_ARX_predictive,0.0447109966825735,0.8300424875131649,0.912638888798764,-0.08259640128559909,P2_global_scaling,D6_common_driver_replacement,,,
confirmatory,10061,direct_coupling_SCM,correlon_v1,0.0,0.0,1.0,-1.0,P1_node_permutation,D1_temporal_shuffle,0.007735502930007965,-0.058530137269017485,-0.10848414265794665
confirmatory,10061,direct_coupling_SCM,pearson,0.07615103680299007,0.9795264409510047,0.9474835305212626,0.032042910429742166,P4_orthogonal_basis_rotation,D7_history_destruction,,,
confirmatory,10061,direct_coupling_SCM,mutual_information,0.014797680075203323,1.0,0.9545344607104002,0.04546553928959984,P1_node_permutation,D5_source_swap,,,
confirmatory,10061,direct_coupling_SCM,largest_covariance_eigenvalue,1.697967624584526,0.904233054638851,0.9961327112213154,-0.09189965658246446,P7_coarse_graining,D7_history_destruction,,,
confirmatory,10061,direct_coupling_SCM,pca_rank1_explained_variance,0.14149730204871058,0.9987612613066852,0.9961327112213153,0.002628550085369885,P5_observation_noise,D7_history_destruction,,,
confirmatory,10061,direct_coupling_SCM,spectral_coherence,0.14556208760490838,0.8892906649821399,1.0,-0.11070933501786007,P6_time_reparameterization,D2_phase_randomization,,,
confirmatory,10061,direct_coupling_SCM,autocorrelation_persistence,0.6145270298633877,0.7814768357224036,1.0,-0.21852316427759644,P7_coarse_graining,D5_source_swap,,,
confirmatory,10061,direct_coupling_SCM,linear_CKA,0.03323996410067572,0.9999999999999996,0.9116645209901649,0.08833547900983463,P4_orthogonal_basis_rotation,D6_common_driver_replacement,,,
confirmatory,10061,direct_coupling_SCM,VAR_ARX_predictive,0.048010552917969906,0.9550708062451264,0.761813611242847,0.19325719500227945,P2_global_scaling,D2_phase_randomization,,,
confirmatory,10061,history_dependent_relational_mode,correlon_v1,0.006725912793801945,0.0,1.0,-1.0,P5_observation_noise,D6_common_driver_replacement,0.0002439673304516915,0.18542606842511783,0.006215241233532398
confirmatory,10061,history_dependent_relational_mode,pearson,0.08137130714919977,0.985687354124529,0.9934583240556584,-0.007770969931129357,P5_observation_noise,D5_source_swap,,,
confirmatory,10061,history_dependent_relational_mode,mutual_information,0.01671717903399128,0.9844408911623497,1.0,-0.015559108837650326,P5_observation_noise,D3_IAAFT_surrogate,,,
confirmatory,10061,history_dependent_relational_mode,largest_covariance_eigenvalue,1.7088642021942158,0.8915713083340281,1.0,-0.10842869166597191,P7_coarse_graining,D5_source_swap,,,
confirmatory,10061,history_dependent_relational_mode,pca_rank1_explained_variance,0.1424053501828513,0.987042472537307,1.0,-0.012957527462692964,P5_observation_noise,D5_source_swap,,,
confirmatory,10061,history_dependent_relational_mode,spectral_coherence,0.1393324273509506,0.9404199286777357,1.0,-0.05958007132226428,P2_global_scaling,D2_phase_randomization,,,
confirmatory,10061,history_dependent_relational_mode,autocorrelation_persistence,0.6290450486038462,0.8339476931499525,1.0,-0.16605230685004746,P7_coarse_graining,D5_source_swap,,,
confirmatory,10061,history_dependent_relational_mode,linear_CKA,0.03827298884184819,0.9100696084354194,0.9755160139749637,-0.06544640553954428,P2_global_scaling,D5_source_swap,,,
confirmatory,10061,history_dependent_relational_mode,VAR_ARX_predictive,0.03268127018158257,0.9962659738938467,1.0,-0.0037340261061532543,P5_observation_noise,D1_temporal_shuffle,,,
confirmatory,10062,persistent_shared_mode,correlon_v1,0.25089974382516866,0.4854360998185577,0.9883696402674335,-0.5029335404488757,P6_time_reparameterization,D6_common_driver_replacement,0.10525107838176359,0.5981001089908307,0.433396679556628
confirmatory,10062,persistent_shared_mode,pearson,0.18259625506151825,0.8436349587938308,0.6919019257603205,0.15173303303351027,P4_orthogonal_basis_rotation,D6_common_driver_replacement,,,
confirmatory,10062,persistent_shared_mode,mutual_information,0.0657091699729091,0.9929049523541296,0.39584282387311354,0.597062128481016,P5_observation_noise,D6_common_driver_replacement,,,
confirmatory,10062,persistent_shared_mode,largest_covariance_eigenvalue,2.5949715988796456,0.9098607242351595,0.87440684597855,0.035453878256609506,P6_time_reparameterization,D6_common_driver_replacement,,,
confirmatory,10062,persistent_shared_mode,pca_rank1_explained_variance,0.2162476332399704,0.9959652807879222,0.8744068459785502,0.121558434809372,P5_observation_noise,D6_common_driver_replacement,,,
confirmatory,10062,persistent_shared_mode,spectral_coherence,0.19042783982491138,0.6858552125303372,1.0,-0.3141447874696628,P2_global_scaling,D6_common_driver_replacement,,,
confirmatory,10062,persistent_shared_mode,autocorrelation_persistence,0.6896847400601774,0.8743452084389193,0.9973966256707905,-0.12305141723187119,P7_coarse_graining,D2_phase_randomization,,,
confirmatory,10062,persistent_shared_mode,linear_CKA,0.1848201498689334,0.9578172969516502,0.4836611591620105,0.47415613778963966,P2_global_scaling,D6_common_driver_replacement,,,
confirmatory,10062,persistent_shared_mode,VAR_ARX_predictive,0.04594306928076075,0.9664568816208916,1.0,-0.033543118379108394,P6_time_reparameterization,D6_common_driver_replacement,,,
confirmatory,10062,direct_coupling_SCM,correlon_v1,0.0,0.0,1.0,-1.0,P1_node_permutation,D2_phase_randomization,0.014357150502822325,-0.09723522287512609,-0.05042680106558556
confirmatory,10062,direct_coupling_SCM,pearson,0.07812661706937939,0.9951456425435987,0.8736159891581639,0.12152965338543487,P4_orthogonal_basis_rotation,D8_block_shuffle,,,
confirmatory,10062,direct_coupling_SCM,mutual_information,0.018238381361096456,0.9999970165973837,0.7914022237078598,0.20859479288952387,P2_global_scaling,D4_edge_cutting,,,
confirmatory,10062,direct_coupling_SCM,largest_covariance_eigenvalue,1.5844522795821812,0.899921523255713,1.0,-0.10007847674428705,P7_coarse_graining,D5_source_swap,,,
confirmatory,10062,direct_coupling_SCM,pca_rank1_explained_variance,0.1320376899651818,0.9980781601715252,1.0,-0.001921839828474825,P5_observation_noise,D5_source_swap,,,
confirmatory,10062,direct_coupling_SCM,spectral_coherence,0.19283013811363192,0.6608559258925151,0.7829661693736034,-0.12211024348108834,P2_global_scaling,D7_history_destruction,,,
confirmatory,10062,direct_coupling_SCM,autocorrelation_persistence,0.5968055494791938,0.7910807657351268,1.0,-0.20891923426487324,P7_coarse_graining,D5_source_swap,,,
confirmatory,10062,direct_coupling_SCM,linear_CKA,0.03545408240185797,0.22812878299533834,0.7632048965127978,-0.5350761135174594,P2_global_scaling,D8_block_shuffle,,,
confirmatory,10062,direct_coupling_SCM,VAR_ARX_predictive,0.05269952414837609,0.7377907585668747,0.748477829850655,-0.010687071283780325,P2_global_scaling,D6_common_driver_replacement,,,
confirmatory,10062,history_dependent_relational_mode,correlon_v1,0.0,0.0,1.0,-1.0,P1_node_permutation,D2_phase_randomization,-0.01077817177661436,0.25850836161584934,0.11270288784016247
confirmatory,10062,history_dependent_relational_mode,pearson,0.08107451262082194,0.9362538292186675,1.0,-0.06374617078133249,P4_orthogonal_basis_rotation,D8_block_shuffle,,,
confirmatory,10062,history_dependent_relational_mode,mutual_information,0.016426854508446498,0.9847507721388628,1.0,-0.015249227861137249,P5_observation_noise,D8_block_shuffle,,,
confirmatory,10062,history_dependent_relational_mode,largest_covariance_eigenvalue,1.753203484071249,0.8858410975654291,0.9415310757766067,-0.055689978211177604,P6_time_reparameterization,D8_block_shuffle,,,
confirmatory,10062,history_dependent_relational_mode,pca_rank1_explained_variance,0.1461002903392708,0.9889537941820455,0.9415310757766063,0.04742271840543921,P5_observation_noise,D8_block_shuffle,,,
confirmatory,10062,history_dependent_relational_mode,spectral_coherence,0.14108233327531786,0.8506314278866979,1.0,-0.14936857211330212,P2_global_scaling,D6_common_driver_replacement,,,
confirmatory,10062,history_dependent_relational_mode,autocorrelation_persistence,0.6264146008640908,0.8069759002292597,0.9996702445744629,-0.19269434434520316,P7_coarse_graining,D2_phase_randomization,,,
confirmatory,10062,history_dependent_relational_mode,linear_CKA,0.03782890503329458,0.3470589451999133,1.0,-0.6529410548000867,P2_global_scaling,D8_block_shuffle,,,
confirmatory,10062,history_dependent_relational_mode,VAR_ARX_predictive,0.034215508362745395,1.0,1.0,0.0,P1_node_permutation,D2_phase_randomization,,,
confirmatory,10063,persistent_shared_mode,correlon_v1,0.35072252842858753,0.9894282163211277,1.0,-0.010571783678872348,P2_global_scaling,D6_common_driver_replacement,0.21651168437689872,0.5681277308489956,0.5161971000730209
confirmatory,10063,persistent_shared_mode,pearson,0.1766194624402023,0.9819710423676763,0.6961742489223625,0.28579679344531383,P5_observation_noise,D6_common_driver_replacement,,,
confirmatory,10063,persistent_shared_mode,mutual_information,0.07387408925154293,0.9596860177775027,0.38168972469657814,0.5779962930809246,P5_observation_noise,D6_common_driver_replacement,,,
confirmatory,10063,persistent_shared_mode,largest_covariance_eigenvalue,2.494296168234145,0.9402179072948726,0.8696411349734777,0.07057677232139492,P6_time_reparameterization,D6_common_driver_replacement,,,
confirmatory,10063,persistent_shared_mode,pca_rank1_explained_variance,0.20785801401951207,0.9954945583508992,0.8696411349734777,0.12585342337742145,P5_observation_noise,D6_common_driver_replacement,,,
confirmatory,10063,persistent_shared_mode,spectral_coherence,0.16610896470881714,0.7209930503683898,1.0,-0.2790069496316102,P2_global_scaling,D6_common_driver_replacement,,,
confirmatory,10063,persistent_shared_mode,autocorrelation_persistence,0.6947836369985758,0.8606354933475401,1.0,-0.13936450665245992,P7_coarse_graining,D7_history_destruction,,,
confirmatory,10063,persistent_shared_mode,linear_CKA,0.17459070252890757,0.6098550967106391,0.4911884225134605,0.11866667419717858,P2_global_scaling,D6_common_driver_replacement,,,
confirmatory,10063,persistent_shared_mode,VAR_ARX_predictive,0.044957009117791547,0.9016824055440793,0.9099095731710798,-0.008227167627000487,P2_global_scaling,D6_common_driver_replacement,,,
confirmatory,10063,direct_coupling_SCM,correlon_v1,0.0,0.0,1.0,-1.0,P1_node_permutation,D6_common_driver_replacement,-0.037671044090710884,0.38809820859576066,0.037877759595848326
confirmatory,10063,direct_coupling_SCM,pearson,0.08146425247885766,0.982254467717132,0.9267534137984665,0.055501053918665444,P5_observation_noise,D6_common_driver_replacement,,,
confirmatory,10063,direct_coupling_SCM,mutual_information,0.01755680463701148,0.9796459087466625,0.8461416378900678,0.13350427085659466,P5_observation_noise,D2_phase_randomization,,,
confirmatory,10063,direct_coupling_SCM,largest_covariance_eigenvalue,1.6630180442551121,0.8965359874148634,0.9840015041691809,-0.08746551675431746,P7_coarse_graining,D6_common_driver_replacement,,,
confirmatory,10063,direct_coupling_SCM,pca_rank1_explained_variance,0.13858483702125923,0.9865375360270443,0.9840015041691815,0.002536031857862775,P5_observation_noise,D6_common_driver_replacement,,,
confirmatory,10063,direct_coupling_SCM,spectral_coherence,0.1619277540689146,0.7215758082693016,1.0,-0.27842419173069843,P2_global_scaling,D6_common_driver_replacement,,,
confirmatory,10063,direct_coupling_SCM,autocorrelation_persistence,0.6132912660183804,0.7925992103505022,0.9978404911747478,-0.20524128082424564,P7_coarse_graining,D2_phase_randomization,,,
confirmatory,10063,direct_coupling_SCM,linear_CKA,0.03867962401747184,0.5774459162380107,0.8692216605241736,-0.29177574428616293,P2_global_scaling,D6_common_driver_replacement,,,
confirmatory,10063,direct_coupling_SCM,VAR_ARX_predictive,0.05203780098076355,0.9845785948108132,0.6811818434387246,0.30339675137208866,P2_global_scaling,D4_edge_cutting,,,
confirmatory,10063,history_dependent_relational_mode,correlon_v1,0.0,0.0,1.0,-1.0,P1_node_permutation,D1_temporal_shuffle,0.04060369207435002,-0.001476267485688576,-0.03985890990941221
confirmatory,10063,history_dependent_relational_mode,pearson,0.06083972777002421,0.9913028393245931,1.0,-0.008697160675406934,P5_observation_noise,D2_phase_randomization,,,
confirmatory,10063,history_dependent_relational_mode,mutual_information,0.012236496635382954,0.9782250358623468,1.0,-0.02177496413765323,P5_observation_noise,D2_phase_randomization,,,
confirmatory,10063,history_dependent_relational_mode,largest_covariance_eigenvalue,1.2844690444914428,0.8318710421601172,1.0,-0.1681289578398828,P7_coarse_graining,D2_phase_randomization,,,
confirmatory,10063,history_dependent_relational_mode,pca_rank1_explained_variance,0.10703908704095355,0.9999999999999999,1.0,-1.1102230246251565e-16,P3_affine_offset,D2_phase_randomization,,,
confirmatory,10063,history_dependent_relational_mode,spectral_coherence,0.12317289388260191,0.995855762989564,1.0,-0.0041442370104359805,P5_observation_noise,D2_phase_randomization,,,
confirmatory,10063,history_dependent_relational_mode,autocorrelation_persistence,0.5978154800310151,0.8101820180582565,1.0,-0.18981798194174349,P7_coarse_graining,D5_source_swap,,,
confirmatory,10063,history_dependent_relational_mode,linear_CKA,0.021890709092414928,0.5897210490256533,1.0,-0.41027895097434675,P2_global_scaling,D2_phase_randomization,,,
confirmatory,10063,history_dependent_relational_mode,VAR_ARX_predictive,0.029745108838708068,0.9739007488232259,1.0,-0.02609925117677414,P5_observation_noise,D1_temporal_shuffle,,,
confirmatory,10064,persistent_shared_mode,correlon_v1,0.3428529568031784,0.9942743159763395,0.8563802869099385,0.13789402906640102,P2_global_scaling,D6_common_driver_replacement,0.17325646036569187,0.6784633008233782,0.4776054751320883
confirmatory,10064,persistent_shared_mode,pearson,0.16542904188290264,0.9369955320468923,0.6997661053750439,0.23722942667184843,P4_orthogonal_basis_rotation,D6_common_driver_replacement,,,
confirmatory,10064,persistent_shared_mode,mutual_information,0.055152147678507624,0.9922002240391641,0.4101855748949874,0.5820146491441767,P5_observation_noise,D6_common_driver_replacement,,,
confirmatory,10064,persistent_shared_mode,largest_covariance_eigenvalue,2.4054475883142725,0.9469323646647618,0.8995647545829604,0.04736761008180146,P7_coarse_graining,D6_common_driver_replacement,,,
confirmatory,10064,persistent_shared_mode,pca_rank1_explained_variance,0.200453965692856,0.9999999999999998,0.8995647545829607,0.10043524541703908,P4_orthogonal_basis_rotation,D6_common_driver_replacement,,,
confirmatory,10064,persistent_shared_mode,spectral_coherence,0.21527554818900224,0.9450384316934571,0.9716218109755949,-0.02658337928213772,P5_observation_noise,D6_common_driver_replacement,,,
confirmatory,10064,persistent_shared_mode,autocorrelation_persistence,0.6707204286793048,0.8585722493020592,1.0,-0.14142775069794078,P7_coarse_graining,D5_source_swap,,,
confirmatory,10064,persistent_shared_mode,linear_CKA,0.15380711747767312,0.8811224487617784,0.49054155868774485,0.3905808900740335,P2_global_scaling,D6_common_driver_replacement,,,
confirmatory,10064,persistent_shared_mode,VAR_ARX_predictive,0.048286087008279244,0.9794626305895529,0.786947387376325,0.19251524321322788,P5_observation_noise,D6_common_driver_replacement,,,
confirmatory,10064,direct_coupling_SCM,correlon_v1,0.0,0.0,1.0,-1.0,P1_node_permutation,D6_common_driver_replacement,-0.02530896050628112,-0.0037259987915469056,-0.08666782853786736
confirmatory,10064,direct_coupling_SCM,pearson,0.06616024933600248,0.9907543178674554,1.0,-0.00924568213254462,P4_orthogonal_basis_rotation,D3_IAAFT_surrogate,,,
confirmatory,10064,direct_coupling_SCM,mutual_information,0.013743773926120473,0.9985974871020903,0.9906337225703966,0.007963764531693673,P5_observation_noise,D3_IAAFT_surrogate,,,
confirmatory,10064,direct_coupling_SCM,largest_covariance_eigenvalue,1.5215860474137586,0.8880939572258024,1.0,-0.11190604277419758,P7_coarse_graining,D6_common_driver_replacement,,,
confirmatory,10064,direct_coupling_SCM,pca_rank1_explained_variance,0.12679883728447985,1.0,1.0,0.0,P1_node_permutation,D6_common_driver_replacement,,,
confirmatory,10064,direct_coupling_SCM,spectral_coherence,0.15454684811359445,0.7464714028789432,1.0,-0.2535285971210568,P2_global_scaling,D6_common_driver_replacement,,,
confirmatory,10064,direct_coupling_SCM,autocorrelation_persistence,0.6361914375425565,0.8198099180420669,0.9984550685554014,-0.17864515051333452,P7_coarse_graining,D3_IAAFT_surrogate,,,
confirmatory,10064,direct_coupling_SCM,linear_CKA,0.025181162446325546,0.6776638124647975,1.0,-0.32233618753520255,P2_global_scaling,D3_IAAFT_surrogate,,,
confirmatory,10064,direct_coupling_SCM,VAR_ARX_predictive,0.048258245867750016,0.8915137813202654,0.7949679969869026,0.0965457843333628,P2_global_scaling,D8_block_shuffle,,,
confirmatory,10064,history_dependent_relational_mode,correlon_v1,0.0,0.0,1.0,-1.0,P1_node_permutation,D2_phase_randomization,-0.005696189571668939,0.08272404204020507,0.0037373563781796237
confirmatory,10064,history_dependent_relational_mode,pearson,0.06193560808910311,0.9485757071752918,1.0,-0.05142429282470817,P4_orthogonal_basis_rotation,D3_IAAFT_surrogate,,,
confirmatory,10064,history_dependent_relational_mode,mutual_information,0.010435695247862253,0.9999994156197374,1.0,-5.843802626248618e-07,P2_global_scaling,D3_IAAFT_surrogate,,,
confirmatory,10064,history_dependent_relational_mode,largest_covariance_eigenvalue,1.5244561820473508,0.8919403815499992,1.0,-0.10805961845000078,P7_coarse_graining,D7_history_destruction,,,
confirmatory,10064,history_dependent_relational_mode,pca_rank1_explained_variance,0.12703801517061256,1.0,1.0,0.0,P1_node_permutation,D7_history_destruction,,,
confirmatory,10064,history_dependent_relational_mode,spectral_coherence,0.1432773927292812,0.8474703010121613,1.0,-0.15252969898783875,P6_time_reparameterization,D1_temporal_shuffle,,,
confirmatory,10064,history_dependent_relational_mode,autocorrelation_persistence,0.6259314651960068,0.8008484567611952,0.998594474156317,-0.19774601739512176,P7_coarse_graining,D7_history_destruction,,,
confirmatory,10064,history_dependent_relational_mode,linear_CKA,0.022330173271743615,0.7987839564603043,1.0,-0.2012160435396957,P2_global_scaling,D3_IAAFT_surrogate,,,
confirmatory,10064,history_dependent_relational_mode,VAR_ARX_predictive,0.03662142841946514,1.0,0.9945154245975409,0.005484575402459058,P1_node_permutation,D6_common_driver_replacement,,,
confirmatory,10065,persistent_shared_mode,correlon_v1,0.2998241625726118,0.9901224175913,1.0,-0.009877582408699959,P5_observation_noise,D6_common_driver_replacement,0.18745646112442033,0.479548839891426,0.39122957179930185
confirmatory,10065,persistent_shared_mode,pearson,0.2366877293501236,0.9539827880428936,0.6966626704141724,0.2573201176287212,P4_orthogonal_basis_rotation,D6_common_driver_replacement,,,
confirmatory,10065,persistent_shared_mode,mutual_information,0.0739247054612101,0.972910157857049,0.459588131078805,0.5133220267782441,P5_observation_noise,D6_common_driver_replacement,,,
confirmatory,10065,persistent_shared_mode,largest_covariance_eigenvalue,3.325866428368835,0.9716755600825707,0.8256415604087194,0.14603399967385133,P7_coarse_graining,D6_common_driver_replacement,,,
confirmatory,10065,persistent_shared_mode,pca_rank1_explained_variance,0.27715553569740303,0.9931629013198123,0.8256415604087196,0.16752134091109272,P5_observation_noise,D6_common_driver_replacement,,,
confirmatory,10065,persistent_shared_mode,spectral_coherence,0.28859789830070437,0.7324220963158768,0.932563845698578,-0.20014174938270113,P2_global_scaling,D6_common_driver_replacement,,,
confirmatory,10065,persistent_shared_mode,autocorrelation_persistence,0.7094971406759623,0.8832795412309059,1.0,-0.1167204587690941,P7_coarse_graining,D7_history_destruction,,,
confirmatory,10065,persistent_shared_mode,linear_CKA,0.27897828066023395,0.971465917244277,0.5140953166112966,0.4573706006329804,P2_global_scaling,D6_common_driver_replacement,,,
confirmatory,10065,persistent_shared_mode,VAR_ARX_predictive,0.05178199282333401,0.9664209056170486,0.7100712237326361,0.25634968188441254,P5_observation_noise,D6_common_driver_replacement,,,
confirmatory,10065,direct_coupling_SCM,correlon_v1,0.07958164457050983,0.0,1.0,-1.0,P7_coarse_graining,D3_IAAFT_surrogate,0.05077365931927168,0.12473471948757314,0.06935897768342253
confirmatory,10065,direct_coupling_SCM,pearson,0.07507483508281365,0.9626857201512655,1.0,-0.03731427984873448,P5_observation_noise,D2_phase_randomization,,,
confirmatory,10065,direct_coupling_SCM,mutual_information,0.014841170080165611,0.9375430577851432,1.0,-0.06245694221485676,P5_observation_noise,D2_phase_randomization,,,
confirmatory,10065,direct_coupling_SCM,largest_covariance_eigenvalue,1.6802280679710093,0.8806829684263534,1.0,-0.11931703157364659,P7_coarse_graining,D5_source_swap,,,
confirmatory,10065,direct_coupling_SCM,pca_rank1_explained_variance,0.14001900566425077,0.9845632087061179,1.0,-0.01543679129388209,P5_observation_noise,D5_source_swap,,,
confirmatory,10065,direct_coupling_SCM,spectral_coherence,0.1321340566729828,0.9999999999999993,1.0,-6.661338147750939e-16,P1_node_permutation,D1_temporal_shuffle,,,
confirmatory,10065,direct_coupling_SCM,autocorrelation_persistence,0.5988451490897714,0.7791016352304135,1.0,-0.22089836476958646,P7_coarse_graining,D5_source_swap,,,
confirmatory,10065,direct_coupling_SCM,linear_CKA,0.03261790448758698,0.8419898097375713,1.0,-0.15801019026242868,P2_global_scaling,D2_phase_randomization,,,
confirmatory,10065,direct_coupling_SCM,VAR_ARX_predictive,0.04754082808321247,0.9982652129955824,0.8371979538106143,0.161067259184968,P2_global_scaling,D5_source_swap,,,
confirmatory,10065,history_dependent_relational_mode,correlon_v1,0.16683603799135244,0.5450941695837331,0.0,0.5450941695837331,P7_coarse_graining,D1_temporal_shuffle,0.07437193838853083,0.37425760543232556,0.04372420751085204
confirmatory,10065,history_dependent_relational_mode,pearson,0.080211748546125,0.9800352524725328,0.9092428680751009,0.07079238439743185,P4_orthogonal_basis_rotation,D2_phase_randomization,,,
confirmatory,10065,history_dependent_relational_mode,mutual_information,0.016905405440577614,0.968303128755675,0.9863216239426098,-0.01801849518693477,P5_observation_noise,D2_phase_randomization,,,
confirmatory,10065,history_dependent_relational_mode,largest_covariance_eigenvalue,1.7771545589628701,0.8791282741410568,1.0,-0.12087172585894324,P7_coarse_graining,D7_history_destruction,,,
confirmatory,10065,history_dependent_relational_mode,pca_rank1_explained_variance,0.14809621324690583,0.9976062605983285,1.0,-0.002393739401671535,P5_observation_noise,D7_history_destruction,,,
confirmatory,10065,history_dependent_relational_mode,spectral_coherence,0.11382235688387134,0.9999999999999997,1.0,-3.3306690738754696e-16,P3_affine_offset,D1_temporal_shuffle,,,
confirmatory,10065,history_dependent_relational_mode,autocorrelation_persistence,0.6269405975667826,0.8472296187109879,1.0,-0.1527703812890121,P7_coarse_graining,D7_history_destruction,,,
confirmatory,10065,history_dependent_relational_mode,linear_CKA,0.036496386214652246,0.8063690606191332,0.8557933403528911,-0.04942427973375796,P2_global_scaling,D2_phase_randomization,,,
confirmatory,10065,history_dependent_relational_mode,VAR_ARX_predictive,0.04132039077224986,0.9938038245939658,0.9169111329743544,0.07689269161961132,P5_observation_noise,D5_source_swap,,,
confirmatory,10066,persistent_shared_mode,correlon_v1,0.410633639135384,0.8122529690050285,1.0,-0.18774703099497148,P6_time_reparameterization,D6_common_driver_replacement,0.23079465861225995,0.7306061006934047,0.47015938542783453
confirmatory,10066,persistent_shared_mode,pearson,0.2151531359859897,0.8981969310928531,0.8162603991790122,0.08193653191384098,P4_orthogonal_basis_rotation,D6_common_driver_replacement,,,
confirmatory,10066,persistent_shared_mode,mutual_information,0.06693070013752023,0.9531912277927383,0.5516109847454516,0.4015802430472868,P5_observation_noise,D6_common_driver_replacement,,,
confirmatory,10066,persistent_shared_mode,largest_covariance_eigenvalue,3.068349527704421,0.9290711310059453,0.9276367006430329,0.0014344303629123534,P6_time_reparameterization,D6_common_driver_replacement,,,
confirmatory,10066,persistent_shared_mode,pca_rank1_explained_variance,0.2556957939753685,0.989734504210277,0.9276367006430326,0.06209780356724437,P5_observation_noise,D6_common_driver_replacement,,,
confirmatory,10066,persistent_shared_mode,spectral_coherence,0.22168026789471587,0.6866774334094984,1.0,-0.3133225665905016,P2_global_scaling,D6_common_driver_replacement,,,
confirmatory,10066,persistent_shared_mode,autocorrelation_persistence,0.7056307239850367,0.8959583803036696,1.0,-0.10404161969633041,P7_coarse_graining,D7_history_destruction,,,
confirmatory,10066,persistent_shared_mode,linear_CKA,0.24212757678582708,0.8789570273361788,0.6683158666730867,0.21064116066309202,P2_global_scaling,D6_common_driver_replacement,,,
confirmatory,10066,persistent_shared_mode,VAR_ARX_predictive,0.04809953643351139,0.9999999999999989,0.7752727154003803,0.22472728459961855,P3_affine_offset,D6_common_driver_replacement,,,
confirmatory,10066,direct_coupling_SCM,correlon_v1,0.0,0.0,1.0,-1.0,P1_node_permutation,D1_temporal_shuffle,0.007159442651403142,-0.009329568093874044,0.19468231517140205
confirmatory,10066,direct_coupling_SCM,pearson,0.09314851861535553,0.9547426812629672,0.8278247738085359,0.12691790745443132,P4_orthogonal_basis_rotation,D6_common_driver_replacement,,,
confirmatory,10066,direct_coupling_SCM,mutual_information,0.020787925054481682,0.9688273522084029,0.718320982650352,0.25050636955805083,P5_observation_noise,D4_edge_cutting,,,
confirmatory,10066,direct_coupling_SCM,largest_covariance_eigenvalue,1.9176268383683959,0.9069834270793832,0.9644043399227826,-0.05742091284339945,P7_coarse_graining,D7_history_destruction,,,
confirmatory,10066,direct_coupling_SCM,pca_rank1_explained_variance,0.15980223653069955,0.996637535292953,0.9644043399227836,0.03223319537016933,P5_observation_noise,D7_history_destruction,,,
confirmatory,10066,direct_coupling_SCM,spectral_coherence,0.15648759043746188,0.9079224735815619,1.0,-0.09207752641843814,P2_global_scaling,D4_edge_cutting,,,
confirmatory,10066,direct_coupling_SCM,autocorrelation_persistence,0.6103663342785552,0.7929567466211749,1.0,-0.20704325337882512,P7_coarse_graining,D5_source_swap,,,
confirmatory,10066,direct_coupling_SCM,linear_CKA,0.048943758865199076,0.7305586517664978,0.7069722907507505,0.023586361015747292,P2_global_scaling,D6_common_driver_replacement,,,
confirmatory,10066,direct_coupling_SCM,VAR_ARX_predictive,0.05593583662385426,0.9381354982580895,0.5924733778694371,0.3456621203886524,P2_global_scaling,D7_history_destruction,,,
confirmatory,10066,history_dependent_relational_mode,correlon_v1,0.0,0.0,1.0,-1.0,P1_node_permutation,D1_temporal_shuffle,-0.0032723047530818505,-0.08240444800439012,-0.1087066083539508
confirmatory,10066,history_dependent_relational_mode,pearson,0.07445593577267853,0.972806371269299,0.9423534948370271,0.030452876432271903,P5_observation_noise,D6_common_driver_replacement,,,
confirmatory,10066,history_dependent_relational_mode,mutual_information,0.01589379356999865,0.9337819908760796,0.8982139457392103,0.035568045136869286,P5_observation_noise,D5_source_swap,,,
confirmatory,10066,history_dependent_relational_mode,largest_covariance_eigenvalue,1.5499812983944123,0.8914466002198881,1.0,-0.10855339978011191,P7_coarse_graining,D6_common_driver_replacement,,,
confirmatory,10066,history_dependent_relational_mode,pca_rank1_explained_variance,0.1291651081995344,0.9999999999999996,1.0,-4.440892098500626e-16,P4_orthogonal_basis_rotation,D6_common_driver_replacement,,,
confirmatory,10066,history_dependent_relational_mode,spectral_coherence,0.13339303515628456,0.9379940865095387,1.0,-0.06200591349046125,P2_global_scaling,D3_IAAFT_surrogate,,,
confirmatory,10066,history_dependent_relational_mode,autocorrelation_persistence,0.6371886892488593,0.8256181581633917,1.0,-0.17438184183660832,P7_coarse_graining,D7_history_destruction,,,
confirmatory,10066,history_dependent_relational_mode,linear_CKA,0.032179045274005676,0.6752179840069265,0.8954937788580286,-0.22027579485110216,P2_global_scaling,D6_common_driver_replacement,,,
confirmatory,10066,history_dependent_relational_mode,VAR_ARX_predictive,0.02958022224154977,0.9925155219092138,1.0,-0.0074844780907862285,P2_global_scaling,D2_phase_randomization,,,
confirmatory,10067,persistent_shared_mode,correlon_v1,0.3122389630103353,0.8287363172207474,1.0,-0.17126368277925264,P6_time_reparameterization,D6_common_driver_replacement,0.14809646852267144,0.6583085403339293,0.5203426166989201
confirmatory,10067,persistent_shared_mode,pearson,0.21209267652594288,0.9275880352551279,0.8281933915435439,0.09939464371158402,P4_orthogonal_basis_rotation,D6_common_driver_replacement,,,
confirmatory,10067,persistent_shared_mode,mutual_information,0.0720195995980003,0.9712914187420437,0.601984663146392,0.36930675559565174,P5_observation_noise,D6_common_driver_replacement,,,
confirmatory,10067,persistent_shared_mode,largest_covariance_eigenvalue,2.9415277793077665,0.9254685683991214,0.9311967797347558,-0.005728211335634392,P6_time_reparameterization,D6_common_driver_replacement,,,
confirmatory,10067,persistent_shared_mode,pca_rank1_explained_variance,0.24512731494231396,0.9876544656786131,0.9311967797347552,0.056457685943857916,P2_global_scaling,D6_common_driver_replacement,,,
confirmatory,10067,persistent_shared_mode,spectral_coherence,0.2748492982155579,0.4601583259192829,0.9276948506646607,-0.4675365247453778,P2_global_scaling,D6_common_driver_replacement,,,
confirmatory,10067,persistent_shared_mode,autocorrelation_persistence,0.7005590524398589,0.8756275355550126,1.0,-0.1243724644449874,P7_coarse_graining,D5_source_swap,,,
confirmatory,10067,persistent_shared_mode,linear_CKA,0.23945961086758452,0.6642341867335924,0.6936331591372842,-0.029398972403691825,P2_global_scaling,D6_common_driver_replacement,,,
confirmatory,10067,persistent_shared_mode,VAR_ARX_predictive,0.052211333124214276,0.9347637863756316,0.8982976565270204,0.036466129848611195,P2_global_scaling,D6_common_driver_replacement,,,
confirmatory,10067,direct_coupling_SCM,correlon_v1,0.001202034938798241,0.0,1.0,-1.0,P5_observation_noise,D1_temporal_shuffle,0.00019258679326536465,0.007502528961582454,-0.07531467812099069
confirmatory,10067,direct_coupling_SCM,pearson,0.07619731108900071,0.9770461423884359,1.0,-0.0229538576115641,P4_orthogonal_basis_rotation,D6_common_driver_replacement,,,
confirmatory,10067,direct_coupling_SCM,mutual_information,0.015496463496229906,0.9775709175295745,0.9364721439544921,0.041098773575082403,P5_observation_noise,D8_block_shuffle,,,
confirmatory,10067,direct_coupling_SCM,largest_covariance_eigenvalue,1.7003393907685516,0.8713666482014011,1.0,-0.12863335179859892,P7_coarse_graining,D6_common_driver_replacement,,,
confirmatory,10067,direct_coupling_SCM,pca_rank1_explained_variance,0.14169494923071263,0.9933287088274505,1.0,-0.006671291172549498,P5_observation_noise,D6_common_driver_replacement,,,
confirmatory,10067,direct_coupling_SCM,spectral_coherence,0.1546834984949982,0.7428193015453174,1.0,-0.2571806984546826,P6_time_reparameterization,D3_IAAFT_surrogate,,,
confirmatory,10067,direct_coupling_SCM,autocorrelation_persistence,0.602485629378042,0.8234005331398431,1.0,-0.17659946686015693,P7_coarse_graining,D5_source_swap,,,
confirmatory,10067,direct_coupling_SCM,linear_CKA,0.03372244137909335,0.6068995881841699,1.0,-0.3931004118158301,P2_global_scaling,D6_common_driver_replacement,,,
confirmatory,10067,direct_coupling_SCM,VAR_ARX_predictive,0.049154629759248225,0.9691188810097209,0.8066191677259842,0.1624997132837367,P6_time_reparameterization,D2_phase_randomization,,,
confirmatory,10067,history_dependent_relational_mode,correlon_v1,0.0,0.0,1.0,-1.0,P1_node_permutation,D2_phase_randomization,-0.008284579054855454,0.040289633111998485,-0.026398359013444506
confirmatory,10067,history_dependent_relational_mode,pearson,0.06093379084009536,0.9813073245324688,1.0,-0.018692675467531172,P4_orthogonal_basis_rotation,D3_IAAFT_surrogate,,,
confirmatory,10067,history_dependent_relational_mode,mutual_information,0.010417204040653716,0.9977657569685339,1.0,-0.002234243031466132,P5_observation_noise,D3_IAAFT_surrogate,,,
confirmatory,10067,history_dependent_relational_mode,largest_covariance_eigenvalue,1.4814336809870465,0.8615646033477957,1.0,-0.13843539665220428,P7_coarse_graining,D3_IAAFT_surrogate,,,
confirmatory,10067,history_dependent_relational_mode,pca_rank1_explained_variance,0.1234528067489205,0.9999999999999992,1.0,-7.771561172376096e-16,P3_affine_offset,D3_IAAFT_surrogate,,,
confirmatory,10067,history_dependent_relational_mode,spectral_coherence,0.13388104775597887,0.9999999999999993,1.0,-6.661338147750939e-16,P4_orthogonal_basis_rotation,D3_IAAFT_surrogate,,,
confirmatory,10067,history_dependent_relational_mode,autocorrelation_persistence,0.599939682490382,0.8016694652742826,1.0,-0.19833053472571738,P7_coarse_graining,D5_source_swap,,,
confirmatory,10067,history_dependent_relational_mode,linear_CKA,0.02155784896925443,0.6225213494252141,1.0,-0.3774786505747859,P2_global_scaling,D3_IAAFT_surrogate,,,
confirmatory,10067,history_dependent_relational_mode,VAR_ARX_predictive,0.033372467516051496,0.9599488806815645,1.0,-0.040051119318435524,P2_global_scaling,D2_phase_randomization,,,
confirmatory,10068,persistent_shared_mode,correlon_v1,0.3009921387088026,0.9903816119282538,1.0,-0.009618388071746198,P2_global_scaling,D6_common_driver_replacement,0.1264442037097187,0.7164920566266786,0.5347272427597947
confirmatory,10068,persistent_shared_mode,pearson,0.1742843407311625,0.9021728003783054,0.7109779673629855,0.19119483301531992,P4_orthogonal_basis_rotation,D6_common_driver_replacement,,,
confirmatory,10068,persistent_shared_mode,mutual_information,0.06145028996481994,0.9969447843146391,0.43834427011346117,0.5586005142011778,P5_observation_noise,D6_common_driver_replacement,,,
confirmatory,10068,persistent_shared_mode,largest_covariance_eigenvalue,2.551440121684392,0.9501334706761959,0.8709545037487143,0.07917896692748161,P7_coarse_graining,D6_common_driver_replacement,,,
confirmatory,10068,persistent_shared_mode,pca_rank1_explained_variance,0.212620010140366,0.9896364147073434,0.8709545037487141,0.11868191095862934,P5_observation_noise,D6_common_driver_replacement,,,
confirmatory,10068,persistent_shared_mode,spectral_coherence,0.20152311189380726,0.7622850546859954,1.0,-0.2377149453140046,P2_global_scaling,D6_common_driver_replacement,,,
confirmatory,10068,persistent_shared_mode,autocorrelation_persistence,0.6869017809702384,0.8609740917889025,0.9999298087906564,-0.1389557170017539,P7_coarse_graining,D2_phase_randomization,,,
confirmatory,10068,persistent_shared_mode,linear_CKA,0.16749435904715318,0.5759546184819457,0.5139136450807735,0.062040973401172206,P2_global_scaling,D6_common_driver_replacement,,,
confirmatory,10068,persistent_shared_mode,VAR_ARX_predictive,0.04580700384489944,0.931418991242539,0.9938827911490761,-0.062463799906537054,P2_global_scaling,D6_common_driver_replacement,,,
confirmatory,10068,direct_coupling_SCM,correlon_v1,0.0,0.0,1.0,-1.0,P1_node_permutation,D4_edge_cutting,-0.006492838358093736,-0.1350558433714098,-0.049296345280729736
confirmatory,10068,direct_coupling_SCM,pearson,0.06686939652967266,1.0,1.0,0.0,P1_node_permutation,D3_IAAFT_surrogate,,,
confirmatory,10068,direct_coupling_SCM,mutual_information,0.012585111253453185,0.9999997844798186,1.0,-2.1552018136805629e-07,P2_global_scaling,D3_IAAFT_surrogate,,,
confirmatory,10068,direct_coupling_SCM,largest_covariance_eigenvalue,1.663147265990112,0.862509073046091,0.9739924859696395,-0.11148341292354846,P7_coarse_graining,D8_block_shuffle,,,
confirmatory,10068,direct_coupling_SCM,pca_rank1_explained_variance,0.13859560549917602,0.9962868836962322,0.9739924859696397,0.022294397726592474,P5_observation_noise,D8_block_shuffle,,,
confirmatory,10068,direct_coupling_SCM,spectral_coherence,0.170819080317214,0.7624998864391179,1.0,-0.23750011356088208,P2_global_scaling,D4_edge_cutting,,,
confirmatory,10068,direct_coupling_SCM,autocorrelation_persistence,0.6035247926620899,0.8091646108718878,1.0,-0.19083538912811215,P7_coarse_graining,D2_phase_randomization,,,
confirmatory,10068,direct_coupling_SCM,linear_CKA,0.025565016075225877,0.8947180238767037,1.0,-0.10528197612329626,P2_global_scaling,D3_IAAFT_surrogate,,,
confirmatory,10068,direct_coupling_SCM,VAR_ARX_predictive,0.05046330164601931,0.9363108042890304,0.7610246901013976,0.17528611418763274,P2_global_scaling,D6_common_driver_replacement,,,
confirmatory,10068,history_dependent_relational_mode,correlon_v1,0.0,0.0,1.0,-1.0,P1_node_permutation,D1_temporal_shuffle,-0.023686634597863798,-0.007611085117552596,-0.059636129495238555
confirmatory,10068,history_dependent_relational_mode,pearson,0.05362934384791289,0.9881244974756324,1.0,-0.011875502524367643,P4_orthogonal_basis_rotation,D2_phase_randomization,,,
confirmatory,10068,history_dependent_relational_mode,mutual_information,0.00792888513195611,0.9999992715514534,1.0,-7.284485465941515e-07,P2_global_scaling,D1_temporal_shuffle,,,
confirmatory,10068,history_dependent_relational_mode,largest_covariance_eigenvalue,1.3922626171367989,0.8745166759205273,1.0,-0.1254833240794727,P7_coarse_graining,D5_source_swap,,,
confirmatory,10068,history_dependent_relational_mode,pca_rank1_explained_variance,0.11602188476139991,0.9999999999999991,1.0,-8.881784197001252e-16,P4_orthogonal_basis_rotation,D5_source_swap,,,
confirmatory,10068,history_dependent_relational_mode,spectral_coherence,0.1481494736234826,0.908059196351966,1.0,-0.09194080364803403,P5_observation_noise,D6_common_driver_replacement,,,
confirmatory,10068,history_dependent_relational_mode,autocorrelation_persistence,0.6147262807604417,0.8216971997018384,0.9986303205191351,-0.17693312081729673,P7_coarse_graining,D2_phase_randomization,,,
confirmatory,10068,history_dependent_relational_mode,linear_CKA,0.016967031909904284,0.5096410702686169,1.0,-0.49035892973138306,P2_global_scaling,D2_phase_randomization,,,
confirmatory,10068,history_dependent_relational_mode,VAR_ARX_predictive,0.031008824225204845,1.0,1.0,0.0,P1_node_permutation,D1_temporal_shuffle,,,
confirmatory,10069,persistent_shared_mode,correlon_v1,0.08265685229658155,0.47894088578201005,1.0,-0.5210591142179899,P5_observation_noise,D6_common_driver_replacement,0.15636119775742807,0.0436946974669381,0.23114078483502848
confirmatory,10069,persistent_shared_mode,pearson,0.20608244467862843,0.9137846993091967,0.8221936407689603,0.09159105854023641,P4_orthogonal_basis_rotation,D6_common_driver_replacement,,,
confirmatory,10069,persistent_shared_mode,mutual_information,0.06391011266552671,0.9851370928438596,0.6064341329716334,0.37870295987222624,P5_observation_noise,D6_common_driver_replacement,,,
confirmatory,10069,persistent_shared_mode,largest_covariance_eigenvalue,2.9423778727439447,0.9650093796858826,0.9218249419596378,0.043184437726244806,P7_coarse_graining,D6_common_driver_replacement,,,
confirmatory,10069,persistent_shared_mode,pca_rank1_explained_variance,0.24519815606199524,0.9977271705090907,0.921824941959638,0.07590222854945261,P5_observation_noise,D6_common_driver_replacement,,,
confirmatory,10069,persistent_shared_mode,spectral_coherence,0.22505564733372582,0.7162029982942353,1.0,-0.2837970017057647,P2_global_scaling,D6_common_driver_replacement,,,
confirmatory,10069,persistent_shared_mode,autocorrelation_persistence,0.7045939784915585,0.8928159944527682,1.0,-0.10718400554723184,P7_coarse_graining,D5_source_swap,,,
confirmatory,10069,persistent_shared_mode,linear_CKA,0.22373850253376296,0.6287009998523161,0.6904971144630623,-0.06179611461074619,P2_global_scaling,D6_common_driver_replacement,,,
confirmatory,10069,persistent_shared_mode,VAR_ARX_predictive,0.042105802372821466,0.9999999999999973,0.9313515262034564,0.06864847379654093,P3_affine_offset,D6_common_driver_replacement,,,
confirmatory,10069,direct_coupling_SCM,correlon_v1,0.0,0.0,1.0,-1.0,P1_node_permutation,D1_temporal_shuffle,-0.005700819892214881,-0.1450478226088255,0.006002500168187985
confirmatory,10069,direct_coupling_SCM,pearson,0.06838741308230141,0.9818403005103277,1.0,-0.018159699489672332,P4_orthogonal_basis_rotation,D6_common_driver_replacement,,,
confirmatory,10069,direct_coupling_SCM,mutual_information,0.014046902698178432,1.0,1.0,0.0,P1_node_permutation,D7_history_destruction,,,
confirmatory,10069,direct_coupling_SCM,largest_covariance_eigenvalue,1.4417414535748656,0.8823144689583299,1.0,-0.11768553104167012,P7_coarse_graining,D5_source_swap,,,
confirmatory,10069,direct_coupling_SCM,pca_rank1_explained_variance,0.12014512113123882,0.990077527611833,1.0,-0.009922472388167014,P5_observation_noise,D5_source_swap,,,
confirmatory,10069,direct_coupling_SCM,spectral_coherence,0.11527240776400727,0.9999999999999994,1.0,-5.551115123125783e-16,P4_orthogonal_basis_rotation,D2_phase_randomization,,,
confirmatory,10069,direct_coupling_SCM,autocorrelation_persistence,0.6141784119393413,0.8026448379557498,1.0,-0.1973551620442502,P7_coarse_graining,D7_history_destruction,,,
confirmatory,10069,direct_coupling_SCM,linear_CKA,0.02755649976575118,0.9999999999999999,1.0,-1.1102230246251565e-16,P3_affine_offset,D6_common_driver_replacement,,,
confirmatory,10069,direct_coupling_SCM,VAR_ARX_predictive,0.048131316508880806,0.9702332308068377,0.7971882612638048,0.17304496954303283,P6_time_reparameterization,D8_block_shuffle,,,
confirmatory,10069,history_dependent_relational_mode,correlon_v1,0.0,0.0,1.0,-1.0,P1_node_permutation,D6_common_driver_replacement,-0.011295019796493125,-0.06443160590307563,-0.05245322439336342
confirmatory,10069,history_dependent_relational_mode,pearson,0.050643249655201616,0.9991205003137542,1.0,-0.0008794996862457882,P4_orthogonal_basis_rotation,D2_phase_randomization,,,
confirmatory,10069,history_dependent_relational_mode,mutual_information,0.00737463227553492,0.9990442285624109,1.0,-0.0009557714375890702,P5_observation_noise,D2_phase_randomization,,,
confirmatory,10069,history_dependent_relational_mode,largest_covariance_eigenvalue,1.5139051306914877,0.8738596326393017,1.0,-0.12614036736069834,P7_coarse_graining,D8_block_shuffle,,,
confirmatory,10069,history_dependent_relational_mode,pca_rank1_explained_variance,0.12615876089095726,0.990595249670535,1.0,-0.009404750329464973,P5_observation_noise,D8_block_shuffle,,,
confirmatory,10069,history_dependent_relational_mode,spectral_coherence,0.15841905578000734,0.8743575108694838,1.0,-0.12564248913051623,P2_global_scaling,D1_temporal_shuffle,,,
confirmatory,10069,history_dependent_relational_mode,autocorrelation_persistence,0.6027171416081528,0.7872055576957844,1.0,-0.21279444230421563,P7_coarse_graining,D7_history_destruction,,,
confirmatory,10069,history_dependent_relational_mode,linear_CKA,0.014942424168729998,0.7674919267987587,1.0,-0.23250807320124134,P2_global_scaling,D2_phase_randomization,,,
confirmatory,10069,history_dependent_relational_mode,VAR_ARX_predictive,0.03605072134432563,0.9722558380175201,1.0,-0.027744161982479865,P5_observation_noise,D2_phase_randomization,,,
confirmatory,10070,persistent_shared_mode,correlon_v1,0.3999624096274728,0.5810484276195856,0.9776295183950315,-0.3965810907754459,P6_time_reparameterization,D6_common_driver_replacement,0.24877678672171644,0.6430259479714155,0.5585656109039716
confirmatory,10070,persistent_shared_mode,pearson,0.2271559730077535,0.7956743230756185,0.7723230112537617,0.02335131182185679,P4_orthogonal_basis_rotation,D6_common_driver_replacement,,,
confirmatory,10070,persistent_shared_mode,mutual_information,0.08174551665677798,0.9709482909855947,0.5249514385915123,0.4459968523940824,P5_observation_noise,D6_common_driver_replacement,,,
confirmatory,10070,persistent_shared_mode,largest_covariance_eigenvalue,3.0968190846165697,0.9252184552254119,0.8961088733040754,0.029109581921336503,P6_time_reparameterization,D6_common_driver_replacement,,,
confirmatory,10070,persistent_shared_mode,pca_rank1_explained_variance,0.25806825705138087,0.9928183219040564,0.896108873304075,0.09670944859998143,P5_observation_noise,D6_common_driver_replacement,,,
confirmatory,10070,persistent_shared_mode,spectral_coherence,0.21152559861114098,0.8209105447389848,1.0,-0.17908945526101516,P2_global_scaling,D6_common_driver_replacement,,,
confirmatory,10070,persistent_shared_mode,autocorrelation_persistence,0.7061326923467529,0.8694818527730493,1.0,-0.13051814722695065,P7_coarse_graining,D7_history_destruction,,,
confirmatory,10070,persistent_shared_mode,linear_CKA,0.26937934667883745,0.8038555535839772,0.602729659980133,0.20112589360384425,P2_global_scaling,D6_common_driver_replacement,,,
confirmatory,10070,persistent_shared_mode,VAR_ARX_predictive,0.04503720988098153,0.9904571375773322,0.8760043141073078,0.11445282347002439,P5_observation_noise,D6_common_driver_replacement,,,
confirmatory,10070,direct_coupling_SCM,correlon_v1,0.0,0.0,1.0,-1.0,P1_node_permutation,D6_common_driver_replacement,-0.0008810477785096416,-0.009352312428210371,0.060779719469511495
confirmatory,10070,direct_coupling_SCM,pearson,0.07457127025722927,0.9955381506284413,1.0,-0.0044618493715586904,P4_orthogonal_basis_rotation,D7_history_destruction,,,
confirmatory,10070,direct_coupling_SCM,mutual_information,0.01586513041191695,0.99999778868194,1.0,-2.2113180599969695e-06,P2_global_scaling,D7_history_destruction,,,
confirmatory,10070,direct_coupling_SCM,largest_covariance_eigenvalue,1.7205011878355507,0.8649154523269538,1.0,-0.13508454767304623,P7_coarse_graining,D7_history_destruction,,,
confirmatory,10070,direct_coupling_SCM,pca_rank1_explained_variance,0.14337509898629597,0.9999999999999987,1.0,-1.3322676295501878e-15,P4_orthogonal_basis_rotation,D7_history_destruction,,,
confirmatory,10070,direct_coupling_SCM,spectral_coherence,0.21392818513911963,0.744588789131447,0.8572640069839175,-0.11267521785247048,P2_global_scaling,D6_common_driver_replacement,,,
confirmatory,10070,direct_coupling_SCM,autocorrelation_persistence,0.625549092395719,0.797362330611872,1.0,-0.202637669388128,P7_coarse_graining,D7_history_destruction,,,
confirmatory,10070,direct_coupling_SCM,linear_CKA,0.03177770153627826,0.7998008700739437,1.0,-0.20019912992605626,P2_global_scaling,D7_history_destruction,,,
confirmatory,10070,direct_coupling_SCM,VAR_ARX_predictive,0.06106927983803995,0.919303313108363,0.6130375749846764,0.3062657381236866,P2_global_scaling,D4_edge_cutting,,,
confirmatory,10070,history_dependent_relational_mode,correlon_v1,0.02640357647608413,0.0,1.0,-1.0,P6_time_reparameterization,D3_IAAFT_surrogate,0.008973847582535652,0.07768672738382267,0.022888688811116054
confirmatory,10070,history_dependent_relational_mode,pearson,0.06670357905487899,0.9932705349125612,1.0,-0.0067294650874387685,P4_orthogonal_basis_rotation,D6_common_driver_replacement,,,
confirmatory,10070,history_dependent_relational_mode,mutual_information,0.012000499812767518,0.999997163566175,1.0,-2.83643382503751e-06,P2_global_scaling,D3_IAAFT_surrogate,,,
confirmatory,10070,history_dependent_relational_mode,largest_covariance_eigenvalue,1.5904824388979846,0.8917098388827386,1.0,-0.10829016111726142,P7_coarse_graining,D7_history_destruction,,,
confirmatory,10070,history_dependent_relational_mode,pca_rank1_explained_variance,0.13254020324149868,0.9983608673741896,1.0,-0.001639132625810391,P5_observation_noise,D7_history_destruction,,,
confirmatory,10070,history_dependent_relational_mode,spectral_coherence,0.14292463336604302,0.9052960059768815,1.0,-0.09470399402311847,P6_time_reparameterization,D2_phase_randomization,,,
confirmatory,10070,history_dependent_relational_mode,autocorrelation_persistence,0.617578093760698,0.8029588950947761,1.0,-0.19704110490522386,P7_coarse_graining,D2_phase_randomization,,,
confirmatory,10070,history_dependent_relational_mode,linear_CKA,0.025798904675545374,0.631467448381681,1.0,-0.368532551618319,P2_global_scaling,D6_common_driver_replacement,,,
confirmatory,10070,history_dependent_relational_mode,VAR_ARX_predictive,0.035726599031721706,0.9359760517398503,0.9576875741037162,-0.021711522363865865,P2_global_scaling,D6_common_driver_replacement,,,
confirmatory,10071,persistent_shared_mode,correlon_v1,0.44370165961416347,0.7881052528668951,0.780292554184747,0.007812698682148178,P6_time_reparameterization,D6_common_driver_replacement,0.23668750288897678,0.8317767534887955,0.48093298793895956
confirmatory,10071,persistent_shared_mode,pearson,0.19827654243792364,0.9313633393428628,0.7608866744886412,0.17047666485422153,P4_orthogonal_basis_rotation,D6_common_driver_replacement,,,
confirmatory,10071,persistent_shared_mode,mutual_information,0.06390406467771181,0.9845554999302072,0.495628597394389,0.48892690253581816,P5_observation_noise,D6_common_driver_replacement,,,
confirmatory,10071,persistent_shared_mode,largest_covariance_eigenvalue,2.8196829267292376,0.9237492169499656,0.9160319384385849,0.00771727851138071,P6_time_reparameterization,D6_common_driver_replacement,,,
confirmatory,10071,persistent_shared_mode,pca_rank1_explained_variance,0.2349735772274365,0.9931524819253523,0.9160319384385844,0.07712054348676789,P5_observation_noise,D6_common_driver_replacement,,,
confirmatory,10071,persistent_shared_mode,spectral_coherence,0.2374034775363585,0.6584858497465922,1.0,-0.3415141502534078,P2_global_scaling,D6_common_driver_replacement,,,
confirmatory,10071,persistent_shared_mode,autocorrelation_persistence,0.6902036725265622,0.8801774457207518,1.0,-0.11982255427924815,P7_coarse_graining,D5_source_swap,,,
confirmatory,10071,persistent_shared_mode,linear_CKA,0.2141899416262202,0.8295836879460137,0.5738865764976868,0.25569711144832685,P2_global_scaling,D6_common_driver_replacement,,,
confirmatory,10071,persistent_shared_mode,VAR_ARX_predictive,0.051281715227004476,0.9479512410103661,0.8262978191562023,0.12165342185416383,P2_global_scaling,D6_common_driver_replacement,,,
confirmatory,10071,direct_coupling_SCM,correlon_v1,0.0,0.0,1.0,-1.0,P1_node_permutation,D2_phase_randomization,-0.015681396906714107,0.003847494193852316,0.06820300752865138
confirmatory,10071,direct_coupling_SCM,pearson,0.08821391730119384,0.9697521126957576,0.8366914240609892,0.1330606886347684,P4_orthogonal_basis_rotation,D2_phase_randomization,,,
confirmatory,10071,direct_coupling_SCM,mutual_information,0.02194241525633933,0.9766813414291627,0.7276486092354223,0.24903273219374045,P5_observation_noise,D2_phase_randomization,,,
confirmatory,10071,direct_coupling_SCM,largest_covariance_eigenvalue,1.646487155771714,0.8898555294643975,1.0,-0.1101444705356025,P7_coarse_graining,D6_common_driver_replacement,,,
confirmatory,10071,direct_coupling_SCM,pca_rank1_explained_variance,0.13720726298097624,0.9889003396662627,1.0,-0.011099660333737327,P5_observation_noise,D6_common_driver_replacement,,,
confirmatory,10071,direct_coupling_SCM,spectral_coherence,0.12880663675352777,0.8391097585021994,1.0,-0.16089024149780062,P2_global_scaling,D2_phase_randomization,,,
confirmatory,10071,direct_coupling_SCM,autocorrelation_persistence,0.6258982892547729,0.8105222974106132,0.998704759927429,-0.1881824625168158,P7_coarse_graining,D3_IAAFT_surrogate,,,
confirmatory,10071,direct_coupling_SCM,linear_CKA,0.04549647421459373,0.6791871777575604,0.7079293120976256,-0.028742134340065117,P2_global_scaling,D2_phase_randomization,,,
confirmatory,10071,direct_coupling_SCM,VAR_ARX_predictive,0.046142712843832256,0.9363271643229334,0.7756288970310794,0.160698267291854,P2_global_scaling,D6_common_driver_replacement,,,
confirmatory,10071,history_dependent_relational_mode,correlon_v1,0.0,0.0,0.0,0.0,P1_node_permutation,D1_temporal_shuffle,-0.016810151812152133,0.06991952577510813,-0.045787540595592535
confirmatory,10071,history_dependent_relational_mode,pearson,0.06281929629316087,0.9752422048826221,1.0,-0.024757795117377857,P4_orthogonal_basis_rotation,D2_phase_randomization,,,
confirmatory,10071,history_dependent_relational_mode,mutual_information,0.009832866081250669,0.9628085532418729,1.0,-0.037191446758127134,P5_observation_noise,D2_phase_randomization,,,
confirmatory,10071,history_dependent_relational_mode,largest_covariance_eigenvalue,1.5475348929960082,0.8790117868441601,0.9570700401969459,-0.07805825335278571,P7_coarse_graining,D7_history_destruction,,,
confirmatory,10071,history_dependent_relational_mode,pca_rank1_explained_variance,0.12896124108300064,0.9985128370320838,0.9570700401969461,0.04144279683513774,P5_observation_noise,D7_history_destruction,,,
confirmatory,10071,history_dependent_relational_mode,spectral_coherence,0.1294173898723876,1.0,1.0,0.0,P1_node_permutation,D3_IAAFT_surrogate,,,
confirmatory,10071,history_dependent_relational_mode,autocorrelation_persistence,0.6097719196995316,0.8459836194663075,1.0,-0.1540163805336925,P7_coarse_graining,D5_source_swap,,,
confirmatory,10071,history_dependent_relational_mode,linear_CKA,0.022907138231889966,0.6633950088493938,1.0,-0.33660499115060616,P2_global_scaling,D2_phase_randomization,,,
confirmatory,10071,history_dependent_relational_mode,VAR_ARX_predictive,0.0353369617258083,0.8637121401846161,1.0,-0.13628785981538394,P2_global_scaling,D8_block_shuffle,,,
confirmatory,10072,persistent_shared_mode,correlon_v1,0.3817735222668478,0.9227039009183462,1.0,-0.0772960990816538,P6_time_reparameterization,D6_common_driver_replacement,0.18370570244934586,0.7933941100398014,0.5754109038094701
confirmatory,10072,persistent_shared_mode,pearson,0.26806270725475084,0.848544593438201,0.621197706948436,0.22734688648976498,P4_orthogonal_basis_rotation,D6_common_driver_replacement,,,
confirmatory,10072,persistent_shared_mode,mutual_information,0.09895769321134307,0.96439134508007,0.34327149293532555,0.6211198521447444,P5_observation_noise,D6_common_driver_replacement,,,
confirmatory,10072,persistent_shared_mode,largest_covariance_eigenvalue,3.574563083656157,0.9099472785306751,0.773643037002027,0.13630424152864817,P6_time_reparameterization,D6_common_driver_replacement,,,
confirmatory,10072,persistent_shared_mode,pca_rank1_explained_variance,0.29788025697134646,0.9906852771128282,0.7736430370020269,0.2170422401108013,P5_observation_noise,D6_common_driver_replacement,,,
confirmatory,10072,persistent_shared_mode,spectral_coherence,0.2540626340407581,0.6074764560030228,1.0,-0.3925235439969772,P2_global_scaling,D6_common_driver_replacement,,,
confirmatory,10072,persistent_shared_mode,autocorrelation_persistence,0.7204239887531169,0.888661720030193,0.9990879827938746,-0.11042626276368162,P7_coarse_graining,D2_phase_randomization,,,
confirmatory,10072,persistent_shared_mode,linear_CKA,0.34968572780324364,0.6151934375312761,0.41616126124241815,0.19903217628885794,P2_global_scaling,D6_common_driver_replacement,,,
confirmatory,10072,persistent_shared_mode,VAR_ARX_predictive,0.05276921277234359,0.8957754069712749,0.9578123804640589,-0.06203697349278403,P2_global_scaling,D6_common_driver_replacement,,,
confirmatory,10072,direct_coupling_SCM,correlon_v1,0.0,0.0,1.0,-1.0,P1_node_permutation,D7_history_destruction,-0.012773047283757513,0.007930998861210833,-0.004026558545263292
confirmatory,10072,direct_coupling_SCM,pearson,0.0643304017097555,0.9943173998429485,1.0,-0.005682600157051465,P4_orthogonal_basis_rotation,D3_IAAFT_surrogate,,,
confirmatory,10072,direct_coupling_SCM,mutual_information,0.01068318559006698,0.9999998196417339,1.0,-1.8035826609974492e-07,P2_global_scaling,D3_IAAFT_surrogate,,,
confirmatory,10072,direct_coupling_SCM,largest_covariance_eigenvalue,1.6601100281351577,0.8821390150583798,1.0,-0.11786098494162023,P7_coarse_graining,D7_history_destruction,,,
confirmatory,10072,direct_coupling_SCM,pca_rank1_explained_variance,0.13834250234459647,1.0,1.0,0.0,P1_node_permutation,D7_history_destruction,,,
confirmatory,10072,direct_coupling_SCM,spectral_coherence,0.13167721901628526,0.930775292663373,1.0,-0.069224707336627,P5_observation_noise,D1_temporal_shuffle,,,
confirmatory,10072,direct_coupling_SCM,autocorrelation_persistence,0.6053763987260418,0.7900201762893417,0.9996849760193972,-0.20966479973005547,P7_coarse_graining,D2_phase_randomization,,,
confirmatory,10072,direct_coupling_SCM,linear_CKA,0.023914442795207255,0.5427531794485215,1.0,-0.4572468205514785,P2_global_scaling,D3_IAAFT_surrogate,,,
confirmatory,10072,direct_coupling_SCM,VAR_ARX_predictive,0.050455727977583464,0.9548422851162764,0.6627172404241579,0.29212504469211853,P6_time_reparameterization,D8_block_shuffle,,,
confirmatory,10072,history_dependent_relational_mode,correlon_v1,0.07435155878937409,0.0,1.0,-1.0,P7_coarse_graining,D4_edge_cutting,0.02428795303310309,0.22760890087671007,0.2000656917684019
confirmatory,10072,history_dependent_relational_mode,pearson,0.061642851065462356,0.9574720346756059,1.0,-0.04252796532439407,P5_observation_noise,D5_source_swap,,,
confirmatory,10072,history_dependent_relational_mode,mutual_information,0.0111937880260079,0.9103751538609978,1.0,-0.08962484613900223,P5_observation_noise,D5_source_swap,,,
confirmatory,10072,history_dependent_relational_mode,largest_covariance_eigenvalue,1.5186014197360111,0.8795172654438986,1.0,-0.12048273455610137,P7_coarse_graining,D7_history_destruction,,,
confirmatory,10072,history_dependent_relational_mode,pca_rank1_explained_variance,0.1265501183113343,0.9910260861138636,1.0,-0.008973913886136442,P5_observation_noise,D7_history_destruction,,,
confirmatory,10072,history_dependent_relational_mode,spectral_coherence,0.1583731834090516,0.8818986696337509,1.0,-0.11810133036624915,P2_global_scaling,D6_common_driver_replacement,,,
confirmatory,10072,history_dependent_relational_mode,autocorrelation_persistence,0.5982936588532874,0.8243003195390288,1.0,-0.17569968046097117,P7_coarse_graining,D2_phase_randomization,,,
confirmatory,10072,history_dependent_relational_mode,linear_CKA,0.022135038655293926,0.5806776402274381,1.0,-0.41932235977256194,P2_global_scaling,D5_source_swap,,,
confirmatory,10072,history_dependent_relational_mode,VAR_ARX_predictive,0.03467149906342937,0.9946032845169941,0.9365019622000853,0.05810132231690879,P5_observation_noise,D2_phase_randomization,,,
confirmatory,10073,persistent_shared_mode,correlon_v1,0.3518675777954458,0.8097091546774445,1.0,-0.19029084532255547,P6_time_reparameterization,D6_common_driver_replacement,0.1758130924921818,0.7042182726473561,0.48721126323637554
confirmatory,10073,persistent_shared_mode,pearson,0.21501937864119136,0.8951877312477129,0.6565200337102662,0.23866769753744665,P4_orthogonal_basis_rotation,D6_common_driver_replacement,,,
confirmatory,10073,persistent_shared_mode,mutual_information,0.06839582580642989,0.9847428405040013,0.44070523147442087,0.5440376090295804,P5_observation_noise,D6_common_driver_replacement,,,
confirmatory,10073,persistent_shared_mode,largest_covariance_eigenvalue,3.030033287466371,0.8998588364668756,0.8024458937727285,0.09741294269414713,P6_time_reparameterization,D6_common_driver_replacement,,,
confirmatory,10073,persistent_shared_mode,pca_rank1_explained_variance,0.25250277395553083,0.8198361556422119,0.8024458937727286,0.017390261869483337,P2_global_scaling,D6_common_driver_replacement,,,
confirmatory,10073,persistent_shared_mode,spectral_coherence,0.2400559612681695,0.5385695272571895,0.8933819633305676,-0.3548124360733781,P2_global_scaling,D6_common_driver_replacement,,,
confirmatory,10073,persistent_shared_mode,autocorrelation_persistence,0.6994909043133569,0.8876106960871322,1.0,-0.11238930391286783,P7_coarse_graining,D5_source_swap,,,
confirmatory,10073,persistent_shared_mode,linear_CKA,0.2418756159070508,0.3935396167262425,0.4539514455239538,-0.06041182879771129,P2_global_scaling,D6_common_driver_replacement,,,
confirmatory,10073,persistent_shared_mode,VAR_ARX_predictive,0.051066042073295015,0.9062652966080772,0.8657785724891163,0.040486724118960926,P2_global_scaling,D6_common_driver_replacement,,,
confirmatory,10073,direct_coupling_SCM,correlon_v1,0.0,0.0,1.0,-1.0,P1_node_permutation,D6_common_driver_replacement,-0.012785240563831513,-0.051253001018430666,-0.04244319815714473
confirmatory,10073,direct_coupling_SCM,pearson,0.07500766689981274,0.9537548101150183,0.8139519104317243,0.13980289968329396,P4_orthogonal_basis_rotation,D6_common_driver_replacement,,,
confirmatory,10073,direct_coupling_SCM,mutual_information,0.013865396652251505,0.993208514616651,0.7169571964054369,0.2762513182112142,P5_observation_noise,D7_history_destruction,,,
confirmatory,10073,direct_coupling_SCM,largest_covariance_eigenvalue,1.7550886446462934,0.8925561509799239,1.0,-0.10744384902007609,P7_coarse_graining,D7_history_destruction,,,
confirmatory,10073,direct_coupling_SCM,pca_rank1_explained_variance,0.1462573870538578,0.9899202115987578,1.0,-0.01007978840124224,P5_observation_noise,D7_history_destruction,,,
confirmatory,10073,direct_coupling_SCM,spectral_coherence,0.2636633882470458,0.5665756505492763,0.7523901517694515,-0.18581450122017518,P2_global_scaling,D6_common_driver_replacement,,,
confirmatory,10073,direct_coupling_SCM,autocorrelation_persistence,0.6089576101601343,0.8143186835141996,0.9978701553793461,-0.18355147186514653,P7_coarse_graining,D2_phase_randomization,,,
confirmatory,10073,direct_coupling_SCM,linear_CKA,0.032384201696493045,0.7116385810287448,0.6801674528386235,0.03147112819012132,P2_global_scaling,D6_common_driver_replacement,,,
confirmatory,10073,direct_coupling_SCM,VAR_ARX_predictive,0.05793633752987942,0.9999999999999981,0.6473177750555333,0.3526822249444648,P3_affine_offset,D1_temporal_shuffle,,,
confirmatory,10073,history_dependent_relational_mode,correlon_v1,0.0,0.0,1.0,-1.0,P1_node_permutation,D7_history_destruction,0.033703639897573454,-0.054981227201926795,0.024116506491935252
confirmatory,10073,history_dependent_relational_mode,pearson,0.05955679543212205,0.9871857889293175,1.0,-0.01281421107068248,P5_observation_noise,D3_IAAFT_surrogate,,,
confirmatory,10073,history_dependent_relational_mode,mutual_information,0.010854690164659009,0.962963561262701,1.0,-0.037036438737299004,P5_observation_noise,D3_IAAFT_surrogate,,,
confirmatory,10073,history_dependent_relational_mode,largest_covariance_eigenvalue,1.4890280245694192,0.8468978320489721,1.0,-0.15310216795102793,P7_coarse_graining,D7_history_destruction,,,
confirmatory,10073,history_dependent_relational_mode,pca_rank1_explained_variance,0.12408566871411829,0.9986367941168162,1.0,-0.0013632058831838378,P5_observation_noise,D7_history_destruction,,,
confirmatory,10073,history_dependent_relational_mode,spectral_coherence,0.14217321139102537,0.9436403460501968,1.0,-0.056359653949803246,P5_observation_noise,D1_temporal_shuffle,,,
confirmatory,10073,history_dependent_relational_mode,autocorrelation_persistence,0.5914183085649365,0.7897724105854564,1.0,-0.21022758941454356,P7_coarse_graining,D5_source_swap,,,
confirmatory,10073,history_dependent_relational_mode,linear_CKA,0.020605912072387617,0.574468976745969,1.0,-0.425531023254031,P2_global_scaling,D3_IAAFT_surrogate,,,
confirmatory,10073,history_dependent_relational_mode,VAR_ARX_predictive,0.029392193967006652,0.9999999999999943,1.0,-5.662137425588298e-15,P1_node_permutation,D2_phase_randomization,,,
confirmatory,10074,persistent_shared_mode,correlon_v1,0.35311246390994494,0.9980020897811809,1.0,-0.001997910218819121,P6_time_reparameterization,D6_common_driver_replacement,0.20747306065539778,0.6009860353660723,0.48266942968979876
confirmatory,10074,persistent_shared_mode,pearson,0.22703501860664033,0.8918907987017511,0.7180380510543228,0.1738527476474283,P4_orthogonal_basis_rotation,D6_common_driver_replacement,,,
confirmatory,10074,persistent_shared_mode,mutual_information,0.07556210634276894,0.9857408182599118,0.4866243765058885,0.49911644175402325,P5_observation_noise,D6_common_driver_replacement,,,
confirmatory,10074,persistent_shared_mode,largest_covariance_eigenvalue,3.205101268699811,0.9628235671863732,0.8318203694685685,0.13100319771780466,P7_coarse_graining,D6_common_driver_replacement,,,
confirmatory,10074,persistent_shared_mode,pca_rank1_explained_variance,0.2670917723916509,0.9888418354093368,0.8318203694685684,0.15702146594076838,P5_observation_noise,D6_common_driver_replacement,,,
confirmatory,10074,persistent_shared_mode,spectral_coherence,0.248428212824645,0.6896029898141357,1.0,-0.3103970101858643,P2_global_scaling,D6_common_driver_replacement,,,
confirmatory,10074,persistent_shared_mode,autocorrelation_persistence,0.705205555337508,0.881756080501736,0.9961307646351053,-0.11437468413336926,P7_coarse_graining,D2_phase_randomization,,,
confirmatory,10074,persistent_shared_mode,linear_CKA,0.2631117038914416,0.7167896019704402,0.5427403975748516,0.17404920439558857,P2_global_scaling,D6_common_driver_replacement,,,
confirmatory,10074,persistent_shared_mode,VAR_ARX_predictive,0.03839714839411085,0.8954206900335357,1.0,-0.10457930996646425,P2_global_scaling,D6_common_driver_replacement,,,
confirmatory,10074,direct_coupling_SCM,correlon_v1,0.0,0.0,1.0,-1.0,P1_node_permutation,D3_IAAFT_surrogate,0.02018929917265569,-0.09815290499590719,-0.13851009037376563
confirmatory,10074,direct_coupling_SCM,pearson,0.07549078356657092,0.9806941262957164,1.0,-0.019305873704283605,P4_orthogonal_basis_rotation,D3_IAAFT_surrogate,,,
confirmatory,10074,direct_coupling_SCM,mutual_information,0.014594129295194769,0.9825738838130283,1.0,-0.017426116186971652,P5_observation_noise,D3_IAAFT_surrogate,,,
confirmatory,10074,direct_coupling_SCM,largest_covariance_eigenvalue,1.6723498664034933,0.8750258997385519,0.9608060220744299,-0.08578012233587795,P7_coarse_graining,D6_common_driver_replacement,,,
confirmatory,10074,direct_coupling_SCM,pca_rank1_explained_variance,0.13936248886695782,0.9999999999999994,0.9608060220744294,0.03919397792557,P3_affine_offset,D6_common_driver_replacement,,,
confirmatory,10074,direct_coupling_SCM,spectral_coherence,0.19195300780420813,0.6875082015467435,1.0,-0.3124917984532565,P2_global_scaling,D6_common_driver_replacement,,,
confirmatory,10074,direct_coupling_SCM,autocorrelation_persistence,0.6047368882035389,0.7921131140726478,1.0,-0.20788688592735216,P7_coarse_graining,D5_source_swap,,,
confirmatory,10074,direct_coupling_SCM,linear_CKA,0.032785034514244436,0.4932099645018104,1.0,-0.5067900354981896,P2_global_scaling,D3_IAAFT_surrogate,,,
confirmatory,10074,direct_coupling_SCM,VAR_ARX_predictive,0.05432697329888231,0.8901631332367288,0.6532671172657522,0.23689601597097665,P2_global_scaling,D6_common_driver_replacement,,,
confirmatory,10074,history_dependent_relational_mode,correlon_v1,0.0,0.0,1.0,-1.0,P1_node_permutation,D6_common_driver_replacement,-0.003513028646330685,-0.027170333181248937,-0.04236913404682158
confirmatory,10074,history_dependent_relational_mode,pearson,0.07616335035686689,0.9881002641022284,0.9250657169365107,0.06303454716571766,P4_orthogonal_basis_rotation,D3_IAAFT_surrogate,,,
confirmatory,10074,history_dependent_relational_mode,mutual_information,0.015312598078238815,0.9999984143165193,0.9524633878528642,0.04753502646365504,P2_global_scaling,D3_IAAFT_surrogate,,,
confirmatory,10074,history_dependent_relational_mode,largest_covariance_eigenvalue,1.5599088053879298,0.879327287950046,0.9771393684448868,-0.0978120804948408,P7_coarse_graining,D6_common_driver_replacement,,,
confirmatory,10074,history_dependent_relational_mode,pca_rank1_explained_variance,0.12999240044899416,0.9911249827245401,0.9771393684448866,0.013985614279653502,P5_observation_noise,D6_common_driver_replacement,,,
confirmatory,10074,history_dependent_relational_mode,spectral_coherence,0.1448802668372366,0.8036900906792057,1.0,-0.19630990932079428,P2_global_scaling,D6_common_driver_replacement,,,
confirmatory,10074,history_dependent_relational_mode,autocorrelation_persistence,0.6226417805173373,0.8490545216379428,1.0,-0.15094547836205718,P7_coarse_graining,D5_source_swap,,,
confirmatory,10074,history_dependent_relational_mode,linear_CKA,0.033976829654499795,0.5593733984789084,0.8632620420449701,-0.3038886435660617,P2_global_scaling,D3_IAAFT_surrogate,,,
confirmatory,10074,history_dependent_relational_mode,VAR_ARX_predictive,0.0392210660297323,0.9819814137978928,0.8946415962757982,0.08733981752209463,P2_global_scaling,D4_edge_cutting,,,
confirmatory,10075,persistent_shared_mode,correlon_v1,0.4410781780441507,0.8931567832855993,1.0,-0.10684321671440067,P6_time_reparameterization,D6_common_driver_replacement,0.24218760757446647,0.8033027003123122,0.48228368997335336
confirmatory,10075,persistent_shared_mode,pearson,0.27594995396672783,0.7913696978057028,0.7305778261884069,0.06079187161729582,P4_orthogonal_basis_rotation,D6_common_driver_replacement,,,
confirmatory,10075,persistent_shared_mode,mutual_information,0.1030605887893975,0.9744771157109716,0.4520615425852262,0.5224155731257454,P5_observation_noise,D6_common_driver_replacement,,,
confirmatory,10075,persistent_shared_mode,largest_covariance_eigenvalue,3.7906985996365457,0.9666956919458917,0.8252943378562663,0.1414013540896254,P6_time_reparameterization,D6_common_driver_replacement,,,
confirmatory,10075,persistent_shared_mode,pca_rank1_explained_variance,0.3158915499697123,0.9927482305987416,0.8252943378562653,0.16745389274247635,P5_observation_noise,D6_common_driver_replacement,,,
confirmatory,10075,persistent_shared_mode,spectral_coherence,0.1986691526798025,0.7558187241750111,1.0,-0.24418127582498894,P2_global_scaling,D6_common_driver_replacement,,,
confirmatory,10075,persistent_shared_mode,autocorrelation_persistence,0.7288510761546437,0.9026242301789771,1.0,-0.09737576982102292,P7_coarse_graining,D5_source_swap,,,
confirmatory,10075,persistent_shared_mode,linear_CKA,0.35255648737320266,0.6545789630538761,0.58330402610638,0.07127493694749609,P2_global_scaling,D6_common_driver_replacement,,,
confirmatory,10075,persistent_shared_mode,VAR_ARX_predictive,0.052683930230354115,0.9262208143166631,0.8256450873517256,0.10057572696493755,P2_global_scaling,D6_common_driver_replacement,,,
confirmatory,10075,direct_coupling_SCM,correlon_v1,0.016571833816421105,0.0,1.0,-1.0,P6_time_reparameterization,D1_temporal_shuffle,0.008120023565617765,0.033820797910231785,0.12509346638387497
confirmatory,10075,direct_coupling_SCM,pearson,0.07593766731186471,0.978069702816186,0.9390628591658654,0.03900684365032059,P5_observation_noise,D8_block_shuffle,,,
confirmatory,10075,direct_coupling_SCM,mutual_information,0.015224182681450094,0.9570990206765456,0.9378296642855453,0.01926935639100036,P5_observation_noise,D8_block_shuffle,,,
confirmatory,10075,direct_coupling_SCM,largest_covariance_eigenvalue,1.6209566400686315,0.8915681218739567,0.9688155820129801,-0.0772474601390234,P7_coarse_graining,D5_source_swap,,,
confirmatory,10075,direct_coupling_SCM,pca_rank1_explained_variance,0.13507972000571922,0.9948250583873698,0.9688155820129806,0.026009476374389218,P5_observation_noise,D5_source_swap,,,
confirmatory,10075,direct_coupling_SCM,spectral_coherence,0.21425987956962297,0.6098742385961388,0.6761448531682942,-0.06627061457215544,P2_global_scaling,D6_common_driver_replacement,,,
confirmatory,10075,direct_coupling_SCM,autocorrelation_persistence,0.6198394618443167,0.8001109432113355,0.9997316145882135,-0.199620671376878,P7_coarse_graining,D2_phase_randomization,,,
confirmatory,10075,direct_coupling_SCM,linear_CKA,0.03351028357611498,0.5790518824093599,0.8818390534647708,-0.30278717105541086,P2_global_scaling,D8_block_shuffle,,,
confirmatory,10075,direct_coupling_SCM,VAR_ARX_predictive,0.049121109710170974,0.8252421920820041,0.7283850595343441,0.09685713254766004,P2_global_scaling,D1_temporal_shuffle,,,
confirmatory,10075,history_dependent_relational_mode,correlon_v1,0.0,0.0,1.0,-1.0,P1_node_permutation,D1_temporal_shuffle,0.0217852634696709,-0.025600714643255293,0.053296597006885604
confirmatory,10075,history_dependent_relational_mode,pearson,0.07088489970933808,0.9962280661681135,1.0,-0.0037719338318864537,P5_observation_noise,D5_source_swap,,,
confirmatory,10075,history_dependent_relational_mode,mutual_information,0.015558131982506662,0.9908122859734347,1.0,-0.009187714026565263,P5_observation_noise,D5_source_swap,,,
confirmatory,10075,history_dependent_relational_mode,largest_covariance_eigenvalue,1.4850113205284334,0.8672313643045207,1.0,-0.13276863569547925,P7_coarse_graining,D5_source_swap,,,
confirmatory,10075,history_dependent_relational_mode,pca_rank1_explained_variance,0.12375094337736943,0.998508722768811,1.0,-0.0014912772311890254,P5_observation_noise,D5_source_swap,,,
confirmatory,10075,history_dependent_relational_mode,spectral_coherence,0.14348859142507017,0.9572596268124888,1.0,-0.04274037318751123,P5_observation_noise,D2_phase_randomization,,,
confirmatory,10075,history_dependent_relational_mode,autocorrelation_persistence,0.6037189783727499,0.8010488274637856,1.0,-0.19895117253621442,P7_coarse_graining,D5_source_swap,,,
confirmatory,10075,history_dependent_relational_mode,linear_CKA,0.029278537578267438,0.6155964703520947,1.0,-0.38440352964790525,P2_global_scaling,D5_source_swap,,,
confirmatory,10075,history_dependent_relational_mode,VAR_ARX_predictive,0.0402679261786445,0.9762133786528222,0.9078883924396851,0.0683249862131371,P5_observation_noise,D5_source_swap,,,
confirmatory,10076,persistent_shared_mode,correlon_v1,0.4145113451310483,0.9074210426641254,1.0,-0.09257895733587462,P6_time_reparameterization,D6_common_driver_replacement,0.213934742534093,0.803140496055565,0.5474180155036643
confirmatory,10076,persistent_shared_mode,pearson,0.24304486706907305,0.7251820494828962,0.702043647236262,0.023138402246634215,P4_orthogonal_basis_rotation,D6_common_driver_replacement,,,
confirmatory,10076,persistent_shared_mode,mutual_information,0.0802827410883743,0.9829750398203427,0.4882875283135512,0.4946875115067915,P5_observation_noise,D6_common_driver_replacement,,,
confirmatory,10076,persistent_shared_mode,largest_covariance_eigenvalue,3.3215701695705606,0.9671657189942426,0.8257441182112311,0.14142160078301158,P7_coarse_graining,D6_common_driver_replacement,,,
confirmatory,10076,persistent_shared_mode,pca_rank1_explained_variance,0.27679751413088005,0.9900665209001204,0.8257441182112313,0.1643224026888891,P5_observation_noise,D6_common_driver_replacement,,,
confirmatory,10076,persistent_shared_mode,spectral_coherence,0.2398891527397329,0.6865546977085664,1.0,-0.31344530229143364,P2_global_scaling,D6_common_driver_replacement,,,
confirmatory,10076,persistent_shared_mode,autocorrelation_persistence,0.7082218812678476,0.9043374704257816,0.9990141731147566,-0.09467670268897499,P7_coarse_graining,D2_phase_randomization,,,
confirmatory,10076,persistent_shared_mode,linear_CKA,0.2983689753524315,0.7394618953972357,0.5198927881382106,0.21956910725902512,P2_global_scaling,D6_common_driver_replacement,,,
confirmatory,10076,persistent_shared_mode,VAR_ARX_predictive,0.05635680035308516,0.9755700285334251,0.886466110147577,0.08910391838584808,P5_observation_noise,D6_common_driver_replacement,,,
confirmatory,10076,direct_coupling_SCM,correlon_v1,0.0,0.0,1.0,-1.0,P1_node_permutation,D6_common_driver_replacement,-0.01331432429058127,-0.09807891715520968,-0.05218343499376024
confirmatory,10076,direct_coupling_SCM,pearson,0.08329971869389335,0.9884713617297349,0.9436902434805557,0.044781118249179186,P4_orthogonal_basis_rotation,D8_block_shuffle,,,
confirmatory,10076,direct_coupling_SCM,mutual_information,0.018621322349947622,0.9962642688084329,0.8834309204112528,0.11283334839718007,P5_observation_noise,D8_block_shuffle,,,
confirmatory,10076,direct_coupling_SCM,largest_covariance_eigenvalue,1.7291287597763316,0.8607135978851773,0.9736908742030657,-0.11297727631788834,P7_coarse_graining,D6_common_driver_replacement,,,
confirmatory,10076,direct_coupling_SCM,pca_rank1_explained_variance,0.1440940633146943,0.9917860478286165,0.9736908742030658,0.018095173625550687,P5_observation_noise,D6_common_driver_replacement,,,
confirmatory,10076,direct_coupling_SCM,spectral_coherence,0.19432693595131612,0.846747641585849,0.9798574961546894,-0.1331098545688404,P5_observation_noise,D6_common_driver_replacement,,,
confirmatory,10076,direct_coupling_SCM,autocorrelation_persistence,0.6167402517821076,0.8340342462329646,1.0,-0.16596575376703537,P7_coarse_graining,D5_source_swap,,,
confirmatory,10076,direct_coupling_SCM,linear_CKA,0.04018801089379509,0.9438880698823564,0.8905512756403916,0.0533367942419648,P2_global_scaling,D8_block_shuffle,,,
confirmatory,10076,direct_coupling_SCM,VAR_ARX_predictive,0.0504680884914645,0.9196057038993722,0.7405302001835898,0.1790755037157824,P2_global_scaling,D6_common_driver_replacement,,,
confirmatory,10076,history_dependent_relational_mode,correlon_v1,0.0,0.0,1.0,-1.0,P1_node_permutation,D6_common_driver_replacement,-0.004613217020567786,0.0747814594731985,0.13045215962058088
confirmatory,10076,history_dependent_relational_mode,pearson,0.07554769602178713,0.9555153341630349,1.0,-0.04448466583696509,P4_orthogonal_basis_rotation,D6_common_driver_replacement,,,
confirmatory,10076,history_dependent_relational_mode,mutual_information,0.015740033180838053,0.9535000147552067,0.8536281986221051,0.09987181613310159,P5_observation_noise,D6_common_driver_replacement,,,
confirmatory,10076,history_dependent_relational_mode,largest_covariance_eigenvalue,1.6498252034175618,0.893219707448873,1.0,-0.10678029255112698,P7_coarse_graining,D6_common_driver_replacement,,,
confirmatory,10076,history_dependent_relational_mode,pca_rank1_explained_variance,0.1374854336181301,0.9904202743000909,1.0,-0.009579725699909059,P5_observation_noise,D6_common_driver_replacement,,,
confirmatory,10076,history_dependent_relational_mode,spectral_coherence,0.14017933679986877,0.717859409590558,1.0,-0.28214059040944195,P6_time_reparameterization,D1_temporal_shuffle,,,
confirmatory,10076,history_dependent_relational_mode,autocorrelation_persistence,0.6259747108913191,0.835385169624262,1.0,-0.16461483037573799,P7_coarse_graining,D2_phase_randomization,,,
confirmatory,10076,history_dependent_relational_mode,linear_CKA,0.03300417297298707,0.9457681935898912,1.0,-0.05423180641010883,P5_observation_noise,D6_common_driver_replacement,,,
confirmatory,10076,history_dependent_relational_mode,VAR_ARX_predictive,0.03464136092532211,1.0,1.0,0.0,P1_node_permutation,D6_common_driver_replacement,,,
confirmatory,10077,persistent_shared_mode,correlon_v1,0.26906685426067817,0.9999999999999992,1.0,-7.771561172376096e-16,P1_node_permutation,D6_common_driver_replacement,0.11273256437485335,0.6422010575489601,0.39899720040683684
confirmatory,10077,persistent_shared_mode,pearson,0.2551362759367598,0.8899883796054451,0.7547840537453427,0.13520432586010234,P4_orthogonal_basis_rotation,D6_common_driver_replacement,,,
confirmatory,10077,persistent_shared_mode,mutual_information,0.07820647167586492,0.9967101698209968,0.5153292499880863,0.48138091983291054,P5_observation_noise,D6_common_driver_replacement,,,
confirmatory,10077,persistent_shared_mode,largest_covariance_eigenvalue,3.5383192443356233,0.9727668517901376,0.8687193670165517,0.10404748477358583,P7_coarse_graining,D6_common_driver_replacement,,,
confirmatory,10077,persistent_shared_mode,pca_rank1_explained_variance,0.29485993702796864,0.9923517833489062,0.8687193670165514,0.12363241633235478,P5_observation_noise,D6_common_driver_replacement,,,
confirmatory,10077,persistent_shared_mode,spectral_coherence,0.2215987599170158,0.8667819651164496,1.0,-0.13321803488355044,P2_global_scaling,D6_common_driver_replacement,,,
confirmatory,10077,persistent_shared_mode,autocorrelation_persistence,0.7234639355545371,0.8824783928272367,1.0,-0.11752160717276328,P7_coarse_graining,D5_source_swap,,,
confirmatory,10077,persistent_shared_mode,linear_CKA,0.31545163315369446,0.9172377976137712,0.5945095090365426,0.3227282885772286,P2_global_scaling,D6_common_driver_replacement,,,
confirmatory,10077,persistent_shared_mode,VAR_ARX_predictive,0.04711194853940198,0.9777142663545718,1.0,-0.022285733645428185,P5_observation_noise,D6_common_driver_replacement,,,
confirmatory,10077,direct_coupling_SCM,correlon_v1,0.04998644690995183,0.0,1.0,-1.0,P6_time_reparameterization,D6_common_driver_replacement,0.021754736439731484,0.11485521240873621,0.16337497580993404
confirmatory,10077,direct_coupling_SCM,pearson,0.09462166146487887,0.9606762854274908,1.0,-0.03932371457250916,P4_orthogonal_basis_rotation,D6_common_driver_replacement,,,
confirmatory,10077,direct_coupling_SCM,mutual_information,0.01822789654006174,0.9646016387628125,1.0,-0.03539836123718754,P5_observation_noise,D6_common_driver_replacement,,,
confirmatory,10077,direct_coupling_SCM,largest_covariance_eigenvalue,2.005844548569649,0.8930135302527933,0.9446583128154791,-0.05164478256268579,P7_coarse_graining,D6_common_driver_replacement,,,
confirmatory,10077,direct_coupling_SCM,pca_rank1_explained_variance,0.16715371238080398,0.9977285777570678,0.9446583128154799,0.05307026494158795,P5_observation_noise,D6_common_driver_replacement,,,
confirmatory,10077,direct_coupling_SCM,spectral_coherence,0.18052345380947601,0.6733110270695961,1.0,-0.3266889729304039,P2_global_scaling,D6_common_driver_replacement,,,
confirmatory,10077,direct_coupling_SCM,autocorrelation_persistence,0.6397488560318751,0.8205569420405393,1.0,-0.1794430579594607,P7_coarse_graining,D7_history_destruction,,,
confirmatory,10077,direct_coupling_SCM,linear_CKA,0.05021527803513404,0.8880861402066834,1.0,-0.11191385979331658,P2_global_scaling,D6_common_driver_replacement,,,
confirmatory,10077,direct_coupling_SCM,VAR_ARX_predictive,0.05292978139935495,0.9695978849778342,0.7194547502287487,0.25014313474908545,P5_observation_noise,D6_common_driver_replacement,,,
confirmatory,10077,history_dependent_relational_mode,correlon_v1,0.0,0.0,1.0,-1.0,P1_node_permutation,D5_source_swap,-0.05749489772041198,0.10175059606916811,-0.0017408043092306813
confirmatory,10077,history_dependent_relational_mode,pearson,0.05756810155280686,0.9823729305883085,1.0,-0.017627069411691454,P4_orthogonal_basis_rotation,D2_phase_randomization,,,
confirmatory,10077,history_dependent_relational_mode,mutual_information,0.00931315827328505,0.9999983150133844,1.0,-1.6849866155688176e-06,P2_global_scaling,D2_phase_randomization,,,
confirmatory,10077,history_dependent_relational_mode,largest_covariance_eigenvalue,1.405437311741363,0.864122843832301,1.0,-0.13587715616769902,P7_coarse_graining,D4_edge_cutting,,,
confirmatory,10077,history_dependent_relational_mode,pca_rank1_explained_variance,0.11711977597844693,0.9929847126653174,1.0,-0.007015287334682596,P5_observation_noise,D4_edge_cutting,,,
confirmatory,10077,history_dependent_relational_mode,spectral_coherence,0.12541546944602386,0.876643780470206,1.0,-0.12335621952979403,P2_global_scaling,D2_phase_randomization,,,
confirmatory,10077,history_dependent_relational_mode,autocorrelation_persistence,0.5951273033844464,0.8068865733130474,1.0,-0.19311342668695264,P7_coarse_graining,D5_source_swap,,,
confirmatory,10077,history_dependent_relational_mode,linear_CKA,0.019483413762411788,0.5911603280521207,1.0,-0.4088396719478793,P2_global_scaling,D2_phase_randomization,,,
confirmatory,10077,history_dependent_relational_mode,VAR_ARX_predictive,0.03275096772966041,0.9687581124633001,1.0,-0.031241887536699875,P5_observation_noise,D2_phase_randomization,,,
confirmatory,10078,persistent_shared_mode,correlon_v1,0.4193287195790537,0.8658894778291051,0.989929139072259,-0.12403966124315391,P6_time_reparameterization,D6_common_driver_replacement,0.2225815674496343,0.7899871363049723,0.523639723256245
confirmatory,10078,persistent_shared_mode,pearson,0.21609461259347737,0.9357015045724105,0.6984353447243017,0.23726615984810884,P4_orthogonal_basis_rotation,D6_common_driver_replacement,,,
confirmatory,10078,persistent_shared_mode,mutual_information,0.07888017922498836,0.970736910269214,0.43179415734132326,0.5389427529278907,P5_observation_noise,D6_common_driver_replacement,,,
confirmatory,10078,persistent_shared_mode,largest_covariance_eigenvalue,2.963640713389964,0.968731024231537,0.8519404609080866,0.11679056332345039,P7_coarse_graining,D6_common_driver_replacement,,,
confirmatory,10078,persistent_shared_mode,pca_rank1_explained_variance,0.2469700594491635,0.9653301269337361,0.8519404609080874,0.1133896660256487,P2_global_scaling,D6_common_driver_replacement,,,
confirmatory,10078,persistent_shared_mode,spectral_coherence,0.25284718547860074,0.49724041138826935,1.0,-0.5027595886117306,P2_global_scaling,D6_common_driver_replacement,,,
confirmatory,10078,persistent_shared_mode,autocorrelation_persistence,0.7101391467146141,0.8741303661553146,1.0,-0.1258696338446854,P7_coarse_graining,D7_history_destruction,,,
confirmatory,10078,persistent_shared_mode,linear_CKA,0.24485521757388376,0.4083598835500482,0.5051343563570118,-0.09677447280696355,P2_global_scaling,D6_common_driver_replacement,,,
confirmatory,10078,persistent_shared_mode,VAR_ARX_predictive,0.041565133166618806,0.9659804694694069,1.0,-0.034019530530593145,P2_global_scaling,D6_common_driver_replacement,,,
confirmatory,10078,direct_coupling_SCM,correlon_v1,0.0,0.0,1.0,-1.0,P1_node_permutation,D6_common_driver_replacement,0.003303393682587405,-0.04104984283672701,0.025440902162650547
confirmatory,10078,direct_coupling_SCM,pearson,0.0737389099042915,0.9975773834250576,0.9231985052877608,0.07437887813729682,P4_orthogonal_basis_rotation,D4_edge_cutting,,,
confirmatory,10078,direct_coupling_SCM,mutual_information,0.016260588167821943,0.9999993829661391,0.8461238034856644,0.1538755794804747,P2_global_scaling,D4_edge_cutting,,,
confirmatory,10078,direct_coupling_SCM,largest_covariance_eigenvalue,1.5209414654044424,0.8587435423930111,0.9914070212902503,-0.13266347889723917,P7_coarse_graining,D7_history_destruction,,,
confirmatory,10078,direct_coupling_SCM,pca_rank1_explained_variance,0.12674512211703687,0.9999999999999993,0.9914070212902505,0.008592978709748844,P1_node_permutation,D7_history_destruction,,,
confirmatory,10078,direct_coupling_SCM,spectral_coherence,0.12727830268186283,0.9575741282678302,1.0,-0.04242587173216983,P2_global_scaling,D1_temporal_shuffle,,,
confirmatory,10078,direct_coupling_SCM,autocorrelation_persistence,0.6015517578709807,0.8228167584221301,1.0,-0.1771832415778699,P7_coarse_graining,D7_history_destruction,,,
confirmatory,10078,direct_coupling_SCM,linear_CKA,0.03160686193393891,0.9999205935200844,0.8610368755009689,0.1388837180191156,P5_observation_noise,D4_edge_cutting,,,
confirmatory,10078,direct_coupling_SCM,VAR_ARX_predictive,0.04854592310601652,0.9999999999999954,0.7834891893837252,0.2165108106162702,P4_orthogonal_basis_rotation,D6_common_driver_replacement,,,
confirmatory,10078,history_dependent_relational_mode,correlon_v1,0.0,0.0,1.0,-1.0,P1_node_permutation,D6_common_driver_replacement,-0.01704841238156879,-0.015397809241922182,-0.019904229103069715
confirmatory,10078,history_dependent_relational_mode,pearson,0.06408638785220364,0.9900492315174171,0.9379011133242431,0.052148118193174,P5_observation_noise,D7_history_destruction,,,
confirmatory,10078,history_dependent_relational_mode,mutual_information,0.011567388792824262,0.9872308507425657,0.9320729439846827,0.05515790675788301,P5_observation_noise,D7_history_destruction,,,
confirmatory,10078,history_dependent_relational_mode,largest_covariance_eigenvalue,1.453696286038476,0.8677028283421897,0.9855028702285219,-0.1178000418863322,P7_coarse_graining,D5_source_swap,,,
confirmatory,10078,history_dependent_relational_mode,pca_rank1_explained_variance,0.12114135716987305,0.9999634557720215,0.9855028702285221,0.014460585543499382,P5_observation_noise,D5_source_swap,,,
confirmatory,10078,history_dependent_relational_mode,spectral_coherence,0.13211126555974725,0.9446166506787889,1.0,-0.05538334932121114,P5_observation_noise,D1_temporal_shuffle,,,
confirmatory,10078,history_dependent_relational_mode,autocorrelation_persistence,0.5949733404324034,0.7763060587298538,1.0,-0.2236939412701462,P7_coarse_graining,D5_source_swap,,,
confirmatory,10078,history_dependent_relational_mode,linear_CKA,0.024096577836360527,0.6551432637714107,0.8714658287920956,-0.2163225650206848,P2_global_scaling,D7_history_destruction,,,
confirmatory,10078,history_dependent_relational_mode,VAR_ARX_predictive,0.03541706555866986,1.0,1.0,0.0,P1_node_permutation,D1_temporal_shuffle,,,
confirmatory,10079,persistent_shared_mode,correlon_v1,0.2697170619289925,0.8919596919724136,1.0,-0.10804030802758635,P5_observation_noise,D6_common_driver_replacement,0.15482718540652385,0.46986124112892824,0.5485739940579425
confirmatory,10079,persistent_shared_mode,pearson,0.215968713924224,0.666912762547335,0.727809347908608,-0.06089658536127296,P4_orthogonal_basis_rotation,D6_common_driver_replacement,,,
confirmatory,10079,persistent_shared_mode,mutual_information,0.06523395803846499,0.9600378271337815,0.5121584138404991,0.4478794132932824,P5_observation_noise,D6_common_driver_replacement,,,
confirmatory,10079,persistent_shared_mode,largest_covariance_eigenvalue,3.0715146387613252,0.9384528996126235,0.8555689764070917,0.08288392320553173,P6_time_reparameterization,D6_common_driver_replacement,,,
confirmatory,10079,persistent_shared_mode,pca_rank1_explained_variance,0.25595955323011044,0.9926751233886715,0.8555689764070913,0.1371061469815802,P5_observation_noise,D6_common_driver_replacement,,,
confirmatory,10079,persistent_shared_mode,spectral_coherence,0.2560247433986038,0.7044436201369665,0.9531484312333616,-0.24870481109639508,P2_global_scaling,D6_common_driver_replacement,,,
confirmatory,10079,persistent_shared_mode,autocorrelation_persistence,0.7095257403700698,0.8731640993703085,0.9987884169414635,-0.125624317571155,P7_coarse_graining,D2_phase_randomization,,,
confirmatory,10079,persistent_shared_mode,linear_CKA,0.24277095044038918,0.6843642915218643,0.5504962273999675,0.13386806412189678,P2_global_scaling,D6_common_driver_replacement,,,
confirmatory,10079,persistent_shared_mode,VAR_ARX_predictive,0.04988517960065941,0.9584975857822344,0.9562533621108117,0.0022442236714227404,P5_observation_noise,D6_common_driver_replacement,,,
confirmatory,10079,direct_coupling_SCM,correlon_v1,0.13031064865098002,0.0,1.0,-1.0,P7_coarse_graining,D6_common_driver_replacement,0.058633918351477396,0.2896082272729654,0.09044558299615585
confirmatory,10079,direct_coupling_SCM,pearson,0.06983132019786485,0.9771430776178179,1.0,-0.022856922382182066,P4_orthogonal_basis_rotation,D5_source_swap,,,
confirmatory,10079,direct_coupling_SCM,mutual_information,0.012611783081044603,0.9979315508939506,1.0,-0.0020684491060494192,P5_observation_noise,D3_IAAFT_surrogate,,,
confirmatory,10079,direct_coupling_SCM,largest_covariance_eigenvalue,1.5896876672020341,0.8593349675453044,0.9771131740089527,-0.11777820646364834,P7_coarse_graining,D5_source_swap,,,
confirmatory,10079,direct_coupling_SCM,pca_rank1_explained_variance,0.13247397226683616,0.9980694782806717,0.9771131740089527,0.020956304271719017,P5_observation_noise,D5_source_swap,,,
confirmatory,10079,direct_coupling_SCM,spectral_coherence,0.14747987633026755,0.9832768393563098,1.0,-0.01672316064369017,P5_observation_noise,D4_edge_cutting,,,
confirmatory,10079,direct_coupling_SCM,autocorrelation_persistence,0.6123176814451863,0.8122029224188846,1.0,-0.1877970775811154,P7_coarse_graining,D5_source_swap,,,
confirmatory,10079,direct_coupling_SCM,linear_CKA,0.02858668962821619,0.7057004092236514,1.0,-0.2942995907763486,P2_global_scaling,D5_source_swap,,,
confirmatory,10079,direct_coupling_SCM,VAR_ARX_predictive,0.047550680188240324,0.9008547416794159,0.8127011140396906,0.08815362763972534,P2_global_scaling,D6_common_driver_replacement,,,
confirmatory,10079,history_dependent_relational_mode,correlon_v1,0.026827395995374818,0.0,1.0,-1.0,P6_time_reparameterization,D6_common_driver_replacement,0.009063637975616101,0.07940621390978832,-0.005364751162678594
confirmatory,10079,history_dependent_relational_mode,pearson,0.07096493622588558,0.9887153507009437,1.0,-0.01128464929905626,P4_orthogonal_basis_rotation,D3_IAAFT_surrogate,,,
confirmatory,10079,history_dependent_relational_mode,mutual_information,0.014453392457779546,0.9999996545242301,1.0,-3.454757698806432e-07,P2_global_scaling,D3_IAAFT_surrogate,,,
confirmatory,10079,history_dependent_relational_mode,largest_covariance_eigenvalue,1.482223788338458,0.8866047302341288,1.0,-0.11339526976587122,P7_coarse_graining,D6_common_driver_replacement,,,
confirmatory,10079,history_dependent_relational_mode,pca_rank1_explained_variance,0.12351864902820482,1.0,1.0,0.0,P1_node_permutation,D6_common_driver_replacement,,,
confirmatory,10079,history_dependent_relational_mode,spectral_coherence,0.12551646073629824,0.9999999999999978,1.0,-2.220446049250313e-15,P4_orthogonal_basis_rotation,D1_temporal_shuffle,,,
confirmatory,10079,history_dependent_relational_mode,autocorrelation_persistence,0.6105431369987895,0.8276562413965982,0.9974513742160965,-0.16979513281949832,P7_coarse_graining,D3_IAAFT_surrogate,,,
confirmatory,10079,history_dependent_relational_mode,linear_CKA,0.029609204388177178,0.5689500659651144,1.0,-0.43104993403488556,P2_global_scaling,D3_IAAFT_surrogate,,,
confirmatory,10079,history_dependent_relational_mode,VAR_ARX_predictive,0.039051807229411484,1.0,0.9103530487319993,0.08964695126800071,P1_node_permutation,D6_common_driver_replacement,,,
confirmatory,10080,persistent_shared_mode,correlon_v1,0.3372514035843313,0.2512382755615995,0.8693215875771164,-0.6180833120155169,P6_time_reparameterization,D6_common_driver_replacement,0.15312010909373014,0.7428058266989492,0.5056359863706914
confirmatory,10080,persistent_shared_mode,pearson,0.1693297638881538,0.8810255143309745,0.6899603848548449,0.19106512947612964,P4_orthogonal_basis_rotation,D6_common_driver_replacement,,,
confirmatory,10080,persistent_shared_mode,mutual_information,0.055359972293892445,0.9683799588696046,0.4171751586422491,0.5512048002273555,P5_observation_noise,D6_common_driver_replacement,,,
confirmatory,10080,persistent_shared_mode,largest_covariance_eigenvalue,2.476903178469815,0.953925515917657,0.9371501376621835,0.016775378255473483,P7_coarse_graining,D5_source_swap,,,
confirmatory,10080,persistent_shared_mode,pca_rank1_explained_variance,0.20640859820581786,0.9991723588437559,0.9371501376621838,0.06202222118157208,P5_observation_noise,D5_source_swap,,,
confirmatory,10080,persistent_shared_mode,spectral_coherence,0.2261766691576124,0.8183108926877671,1.0,-0.18168910731223287,P2_global_scaling,D6_common_driver_replacement,,,
confirmatory,10080,persistent_shared_mode,autocorrelation_persistence,0.6884058337641702,0.857897056624147,1.0,-0.14210294337585305,P7_coarse_graining,D5_source_swap,,,
confirmatory,10080,persistent_shared_mode,linear_CKA,0.1614875287416937,0.9807972830836896,0.4763098498001978,0.5044874332834919,P2_global_scaling,D6_common_driver_replacement,,,
confirmatory,10080,persistent_shared_mode,VAR_ARX_predictive,0.04440857645783164,0.9851187227926772,0.8304074024110838,0.1547113203815934,P6_time_reparameterization,D6_common_driver_replacement,,,
confirmatory,10080,direct_coupling_SCM,correlon_v1,0.01999967963147637,0.7297362738059152,1.0,-0.2702637261940848,P5_observation_noise,D4_edge_cutting,0.003100349066814015,0.12901359709560906,0.05489496605987104
confirmatory,10080,direct_coupling_SCM,pearson,0.09989071994825449,0.96540556044021,0.8594953353865862,0.1059102250536238,P4_orthogonal_basis_rotation,D6_common_driver_replacement,,,
confirmatory,10080,direct_coupling_SCM,mutual_information,0.02287687623358825,0.9926771265005031,0.6751897653130741,0.31748736118742904,P5_observation_noise,D6_common_driver_replacement,,,
confirmatory,10080,direct_coupling_SCM,largest_covariance_eigenvalue,2.017763437645849,0.8859499631146266,0.9642971040320627,-0.07834714091743611,P7_coarse_graining,D7_history_destruction,,,
confirmatory,10080,direct_coupling_SCM,pca_rank1_explained_variance,0.16814695313715408,0.9959279650642068,0.9642971040320626,0.031630861032144186,P5_observation_noise,D7_history_destruction,,,
confirmatory,10080,direct_coupling_SCM,spectral_coherence,0.17518589351731734,0.8393955582665263,1.0,-0.16060444173347366,P6_time_reparameterization,D6_common_driver_replacement,,,
confirmatory,10080,direct_coupling_SCM,autocorrelation_persistence,0.6101223788876589,0.8358347189451424,1.0,-0.16416528105485761,P7_coarse_graining,D5_source_swap,,,
confirmatory,10080,direct_coupling_SCM,linear_CKA,0.05582655546733578,0.6489873556180686,0.7679185506124089,-0.11893119499434024,P2_global_scaling,D6_common_driver_replacement,,,
confirmatory,10080,direct_coupling_SCM,VAR_ARX_predictive,0.06230412378413219,0.9797623215818612,0.6296617752684811,0.35010054631338006,P5_observation_noise,D2_phase_randomization,,,
confirmatory,10080,history_dependent_relational_mode,correlon_v1,0.04660912766529391,0.45422669372489666,1.0,-0.5457733062751033,P7_coarse_graining,D6_common_driver_replacement,0.011529403806638291,0.18842351418629782,0.10390104331952238
confirmatory,10080,history_dependent_relational_mode,pearson,0.08620924786776107,0.9647867347657607,0.8281896443565202,0.1365970904092405,P4_orthogonal_basis_rotation,D4_edge_cutting,,,
confirmatory,10080,history_dependent_relational_mode,mutual_information,0.017751493526931617,0.9845750071171877,0.8261005623603463,0.15847444475684136,P5_observation_noise,D4_edge_cutting,,,
confirmatory,10080,history_dependent_relational_mode,largest_covariance_eigenvalue,1.8430459778186603,0.8978730419490271,0.9592125228885079,-0.06133948093948083,P7_coarse_graining,D6_common_driver_replacement,,,
confirmatory,10080,history_dependent_relational_mode,pca_rank1_explained_variance,0.15358716481822174,0.992301613221105,0.9592125228885079,0.033089090332597104,P5_observation_noise,D6_common_driver_replacement,,,
confirmatory,10080,history_dependent_relational_mode,spectral_coherence,0.1077961979790028,0.9999999999999997,1.0,-3.3306690738754696e-16,P3_affine_offset,D1_temporal_shuffle,,,
confirmatory,10080,history_dependent_relational_mode,autocorrelation_persistence,0.6150305371771873,0.824204742236582,1.0,-0.17579525776341798,P7_coarse_graining,D5_source_swap,,,
confirmatory,10080,history_dependent_relational_mode,linear_CKA,0.04248803409807629,0.7448597480440735,0.7111499688089413,0.03370977923513219,P2_global_scaling,D4_edge_cutting,,,
confirmatory,10080,history_dependent_relational_mode,VAR_ARX_predictive,0.03309465052008553,0.9825550743358756,1.0,-0.017444925664124367,P5_observation_noise,D1_temporal_shuffle,,,
confirmatory,10081,persistent_shared_mode,correlon_v1,0.3768276466527006,0.9251595407092955,1.0,-0.07484045929070449,P6_time_reparameterization,D6_common_driver_replacement,0.17512371072622274,0.810850082452883,0.5760671615043472
confirmatory,10081,persistent_shared_mode,pearson,0.18799311677501637,0.8869854937393427,0.7867705840930161,0.10021490964632651,P4_orthogonal_basis_rotation,D6_common_driver_replacement,,,
confirmatory,10081,persistent_shared_mode,mutual_information,0.06746342372760095,0.9950706587053757,0.5019002346254399,0.49317042407993583,P5_observation_noise,D6_common_driver_replacement,,,
confirmatory,10081,persistent_shared_mode,largest_covariance_eigenvalue,2.6207757022626303,0.9513480376631215,0.9414676752861442,0.009880362376977314,P6_time_reparameterization,D6_common_driver_replacement,,,
confirmatory,10081,persistent_shared_mode,pca_rank1_explained_variance,0.21839797518855247,0.8326067097299061,0.941467675286144,-0.10886096555623781,P2_global_scaling,D6_common_driver_replacement,,,
confirmatory,10081,persistent_shared_mode,spectral_coherence,0.21405299017174495,0.7452207037190964,1.0,-0.25477929628090357,P2_global_scaling,D6_common_driver_replacement,,,
confirmatory,10081,persistent_shared_mode,autocorrelation_persistence,0.6993092234470667,0.8599735863058237,0.996569683912994,-0.1365960976071704,P7_coarse_graining,D2_phase_randomization,,,
confirmatory,10081,persistent_shared_mode,linear_CKA,0.19617219454246645,0.4330787259570123,0.6145693240008427,-0.18149059804383044,P2_global_scaling,D6_common_driver_replacement,,,
confirmatory,10081,persistent_shared_mode,VAR_ARX_predictive,0.045477455608320894,0.9512652913376606,0.8478950194676314,0.10337027187002923,P2_global_scaling,D6_common_driver_replacement,,,
confirmatory,10081,direct_coupling_SCM,correlon_v1,0.0,0.0,1.0,-1.0,P1_node_permutation,D6_common_driver_replacement,0.014350522300115645,-0.013615431164793294,0.030862098249026915
confirmatory,10081,direct_coupling_SCM,pearson,0.08409877671428279,0.9820843688570534,0.8274052588423599,0.15467911001469348,P4_orthogonal_basis_rotation,D3_IAAFT_surrogate,,,
confirmatory,10081,direct_coupling_SCM,mutual_information,0.018660302889967673,0.9852192823888546,0.7498268022374429,0.23539248015141168,P5_observation_noise,D3_IAAFT_surrogate,,,
confirmatory,10081,direct_coupling_SCM,largest_covariance_eigenvalue,1.6299542709465444,0.8730852641108742,0.9508979654191947,-0.07781270130832052,P7_coarse_graining,D6_common_driver_replacement,,,
confirmatory,10081,direct_coupling_SCM,pca_rank1_explained_variance,0.13582952257887873,0.9982916944870406,0.9508979654191941,0.047393729067846446,P5_observation_noise,D6_common_driver_replacement,,,
confirmatory,10081,direct_coupling_SCM,spectral_coherence,0.205120136363257,0.7027858844034403,0.8054053521682281,-0.10261946776478781,P2_global_scaling,D6_common_driver_replacement,,,
confirmatory,10081,direct_coupling_SCM,autocorrelation_persistence,0.6053835964067432,0.8012190779593922,1.0,-0.19878092204060782,P7_coarse_graining,D5_source_swap,,,
confirmatory,10081,direct_coupling_SCM,linear_CKA,0.04121118258265974,0.8173666222121697,0.6876024921141917,0.12976413009797805,P2_global_scaling,D3_IAAFT_surrogate,,,
confirmatory,10081,direct_coupling_SCM,VAR_ARX_predictive,0.04838664935894643,0.9888699775769058,0.7170803533864563,0.2717896241904495,P5_observation_noise,D8_block_shuffle,,,
confirmatory,10081,history_dependent_relational_mode,correlon_v1,0.0,0.0,1.0,-1.0,P1_node_permutation,D2_phase_randomization,-0.02193595753050795,0.2910724437480517,0.06076255756586185
confirmatory,10081,history_dependent_relational_mode,pearson,0.06508454239997313,0.9799643820866266,1.0,-0.020035617913373382,P4_orthogonal_basis_rotation,D2_phase_randomization,,,
confirmatory,10081,history_dependent_relational_mode,mutual_information,0.011482094760767558,0.9829906562974672,1.0,-0.01700934370253282,P5_observation_noise,D2_phase_randomization,,,
confirmatory,10081,history_dependent_relational_mode,largest_covariance_eigenvalue,1.583666477610251,0.8627959979684456,1.0,-0.13720400203155436,P7_coarse_graining,D5_source_swap,,,
confirmatory,10081,history_dependent_relational_mode,pca_rank1_explained_variance,0.13197220646752092,1.0,1.0,0.0,P1_node_permutation,D5_source_swap,,,
confirmatory,10081,history_dependent_relational_mode,spectral_coherence,0.14698339616271416,0.840231961221378,1.0,-0.159768038778622,P2_global_scaling,D6_common_driver_replacement,,,
confirmatory,10081,history_dependent_relational_mode,autocorrelation_persistence,0.6204233154004201,0.8409737009662825,1.0,-0.15902629903371746,P7_coarse_graining,D5_source_swap,,,
confirmatory,10081,history_dependent_relational_mode,linear_CKA,0.024504253198377728,0.9121185819042098,1.0,-0.0878814180957902,P2_global_scaling,D2_phase_randomization,,,
confirmatory,10081,history_dependent_relational_mode,VAR_ARX_predictive,0.04111287406366365,0.9930293789145926,0.878816643940467,0.11421273497412565,P5_observation_noise,D4_edge_cutting,,,
confirmatory,10082,persistent_shared_mode,correlon_v1,0.2820158462939117,0.8547946047854782,1.0,-0.1452053952145218,P5_observation_noise,D6_common_driver_replacement,0.15642075170771091,0.5084551550390648,0.3343299310112
confirmatory,10082,persistent_shared_mode,pearson,0.1961343487394154,0.9225094223741145,0.7677789865860115,0.15473043578810297,P4_orthogonal_basis_rotation,D6_common_driver_replacement,,,
confirmatory,10082,persistent_shared_mode,mutual_information,0.06403874537994547,0.9881875730534979,0.5541601882445206,0.4340273848089773,P5_observation_noise,D6_common_driver_replacement,,,
confirmatory,10082,persistent_shared_mode,largest_covariance_eigenvalue,2.8118162105461835,0.8990201047429829,0.8868763215168688,0.012143783226114091,P6_time_reparameterization,D6_common_driver_replacement,,,
confirmatory,10082,persistent_shared_mode,pca_rank1_explained_variance,0.23431801754551523,0.987346462412379,0.8868763215168685,0.10047014089551054,P5_observation_noise,D6_common_driver_replacement,,,
confirmatory,10082,persistent_shared_mode,spectral_coherence,0.2170886931201426,0.6334040358628211,1.0,-0.3665959641371789,P2_global_scaling,D6_common_driver_replacement,,,
confirmatory,10082,persistent_shared_mode,autocorrelation_persistence,0.6967187991993947,0.8649764003436127,1.0,-0.13502359965638733,P7_coarse_graining,D5_source_swap,,,
confirmatory,10082,persistent_shared_mode,linear_CKA,0.20642920004271412,0.5766002787234693,0.6034707862684188,-0.026870507544949462,P2_global_scaling,D6_common_driver_replacement,,,
confirmatory,10082,persistent_shared_mode,VAR_ARX_predictive,0.051926989718937666,0.9674642398560428,0.7406550135673664,0.2268092262886764,P2_global_scaling,D3_IAAFT_surrogate,,,
confirmatory,10082,direct_coupling_SCM,correlon_v1,0.0,0.0,1.0,-1.0,P1_node_permutation,D4_edge_cutting,-0.02701676012147239,-0.034743586588218064,-0.009617805075304853
confirmatory,10082,direct_coupling_SCM,pearson,0.07348893203662019,0.9651122060685422,0.9189305342531314,0.046181671815410774,P5_observation_noise,D6_common_driver_replacement,,,
confirmatory,10082,direct_coupling_SCM,mutual_information,0.01483380085447028,0.9347587118732649,0.8741667805301828,0.06059193134308205,P5_observation_noise,D3_IAAFT_surrogate,,,
confirmatory,10082,direct_coupling_SCM,largest_covariance_eigenvalue,1.5482872953537852,0.8640824407792865,1.0,-0.13591755922071347,P7_coarse_graining,D6_common_driver_replacement,,,
confirmatory,10082,direct_coupling_SCM,pca_rank1_explained_variance,0.1290239412794821,0.990054633260161,1.0,-0.009945366739839034,P5_observation_noise,D6_common_driver_replacement,,,
confirmatory,10082,direct_coupling_SCM,spectral_coherence,0.1210487039512347,0.9978145981818335,1.0,-0.0021854018181665102,P6_time_reparameterization,D2_phase_randomization,,,
confirmatory,10082,direct_coupling_SCM,autocorrelation_persistence,0.6108763140173498,0.7959972652549749,0.9955941674677525,-0.1995969022127776,P7_coarse_graining,D2_phase_randomization,,,
confirmatory,10082,direct_coupling_SCM,linear_CKA,0.03154838801513699,0.4874570485253065,0.8495477639482002,-0.36209071542289367,P2_global_scaling,D6_common_driver_replacement,,,
confirmatory,10082,direct_coupling_SCM,VAR_ARX_predictive,0.04376094841581535,0.9559490545599955,0.7366044726259059,0.21934458193408957,P2_global_scaling,D8_block_shuffle,,,
confirmatory,10082,history_dependent_relational_mode,correlon_v1,0.0,0.0,1.0,-1.0,P1_node_permutation,D8_block_shuffle,0.035547162771489116,-0.13558963201618354,0.022097615529960424
confirmatory,10082,history_dependent_relational_mode,pearson,0.05447320747717392,0.9820857884136381,1.0,-0.01791421158636186,P4_orthogonal_basis_rotation,D2_phase_randomization,,,
confirmatory,10082,history_dependent_relational_mode,mutual_information,0.009038271676440446,0.9999975556660832,1.0,-2.444333916828967e-06,P2_global_scaling,D2_phase_randomization,,,
confirmatory,10082,history_dependent_relational_mode,largest_covariance_eigenvalue,1.3902051485547666,0.8497409604357401,1.0,-0.1502590395642599,P7_coarse_graining,D3_IAAFT_surrogate,,,
confirmatory,10082,history_dependent_relational_mode,pca_rank1_explained_variance,0.11585042904623055,0.9999999999999996,1.0,-4.440892098500626e-16,P1_node_permutation,D3_IAAFT_surrogate,,,
confirmatory,10082,history_dependent_relational_mode,spectral_coherence,0.11392573119073685,0.9999999999999988,1.0,-1.2212453270876722e-15,P4_orthogonal_basis_rotation,D1_temporal_shuffle,,,
confirmatory,10082,history_dependent_relational_mode,autocorrelation_persistence,0.6045323223243123,0.8155148360487429,1.0,-0.18448516395125714,P7_coarse_graining,D5_source_swap,,,
confirmatory,10082,history_dependent_relational_mode,linear_CKA,0.017398043149372926,0.6102893292771547,1.0,-0.38971067072284526,P2_global_scaling,D2_phase_randomization,,,
confirmatory,10082,history_dependent_relational_mode,VAR_ARX_predictive,0.03365786128356385,0.9351359633421356,1.0,-0.06486403665786444,P6_time_reparameterization,D1_temporal_shuffle,,,
confirmatory,10083,persistent_shared_mode,correlon_v1,0.39220787562364734,0.9908712572669944,0.9978123373548239,-0.006941080087829454,P6_time_reparameterization,D6_common_driver_replacement,0.193936970800501,0.7931804702645022,0.6051625507550175
confirmatory,10083,persistent_shared_mode,pearson,0.2087855315570934,0.7301314408678072,0.7289094597781092,0.0012219810896980654,P4_orthogonal_basis_rotation,D6_common_driver_replacement,,,
confirmatory,10083,persistent_shared_mode,mutual_information,0.0648813569382336,0.9988987621868437,0.5149310679439522,0.48396769424289154,P5_observation_noise,D6_common_driver_replacement,,,
confirmatory,10083,persistent_shared_mode,largest_covariance_eigenvalue,3.0231616373232764,0.9548573230201381,0.8465495307078234,0.1083077923123148,P6_time_reparameterization,D6_common_driver_replacement,,,
confirmatory,10083,persistent_shared_mode,pca_rank1_explained_variance,0.25193013644360635,0.9915586711508457,0.8465495307078237,0.14500914044302204,P5_observation_noise,D6_common_driver_replacement,,,
confirmatory,10083,persistent_shared_mode,spectral_coherence,0.24538634115190638,0.683361140044893,0.9597078286627679,-0.2763466886178749,P2_global_scaling,D6_common_driver_replacement,,,
confirmatory,10083,persistent_shared_mode,autocorrelation_persistence,0.6951343624168959,0.8749439461875458,1.0,-0.12505605381245422,P7_coarse_graining,D7_history_destruction,,,
confirmatory,10083,persistent_shared_mode,linear_CKA,0.2266813417851216,0.687418135985395,0.5550930863872244,0.1323250495981706,P2_global_scaling,D6_common_driver_replacement,,,
confirmatory,10083,persistent_shared_mode,VAR_ARX_predictive,0.051487215486658466,0.9610919426839866,0.8091353375919991,0.1519566050919875,P6_time_reparameterization,D6_common_driver_replacement,,,
confirmatory,10083,direct_coupling_SCM,correlon_v1,0.07309029755081801,0.0,1.0,-1.0,P6_time_reparameterization,D6_common_driver_replacement,0.02841825288465999,0.18798451888472,0.12763794294243347
confirmatory,10083,direct_coupling_SCM,pearson,0.09206982512684916,0.9999999999999999,0.7817266471730147,0.21827335282698523,P1_node_permutation,D4_edge_cutting,,,
confirmatory,10083,direct_coupling_SCM,mutual_information,0.02400130343414597,0.9999995889837995,0.6455900095658449,0.3544095794179546,P2_global_scaling,D4_edge_cutting,,,
confirmatory,10083,direct_coupling_SCM,largest_covariance_eigenvalue,1.6204421948890833,0.8773107014472985,1.0,-0.1226892985527015,P7_coarse_graining,D6_common_driver_replacement,,,
confirmatory,10083,direct_coupling_SCM,pca_rank1_explained_variance,0.13503684957409023,0.987907124482259,1.0,-0.012092875517740964,P5_observation_noise,D6_common_driver_replacement,,,
confirmatory,10083,direct_coupling_SCM,spectral_coherence,0.13145709770203257,0.9955547120337513,1.0,-0.004445287966248657,P2_global_scaling,D1_temporal_shuffle,,,
confirmatory,10083,direct_coupling_SCM,autocorrelation_persistence,0.6125037322172783,0.8151114550572125,1.0,-0.1848885449427875,P7_coarse_graining,D7_history_destruction,,,
confirmatory,10083,direct_coupling_SCM,linear_CKA,0.04916709018614821,0.7309431097250274,0.6163600529514517,0.11458305677357572,P2_global_scaling,D4_edge_cutting,,,
confirmatory,10083,direct_coupling_SCM,VAR_ARX_predictive,0.04787872325935838,0.8710999665481544,0.7388620172206971,0.13223794932745725,P2_global_scaling,D1_temporal_shuffle,,,
confirmatory,10083,history_dependent_relational_mode,correlon_v1,0.06784919521786252,0.0,0.9938985782529985,-0.9938985782529985,P7_coarse_graining,D4_edge_cutting,0.03005250977183789,0.1531823240941279,0.115007063402076
confirmatory,10083,history_dependent_relational_mode,pearson,0.0726314875938674,0.986617168881845,1.0,-0.01338283111815497,P4_orthogonal_basis_rotation,D5_source_swap,,,
confirmatory,10083,history_dependent_relational_mode,mutual_information,0.014952061014596452,0.9999992724302719,1.0,-7.275697281317051e-07,P2_global_scaling,D5_source_swap,,,
confirmatory,10083,history_dependent_relational_mode,largest_covariance_eigenvalue,1.4722550639035117,0.8670319655620763,1.0,-0.1329680344379237,P7_coarse_graining,D5_source_swap,,,
confirmatory,10083,history_dependent_relational_mode,pca_rank1_explained_variance,0.12268792199195928,0.9940343059388345,1.0,-0.0059656940611655385,P5_observation_noise,D5_source_swap,,,
confirmatory,10083,history_dependent_relational_mode,spectral_coherence,0.11703331469130755,0.9999999999999953,1.0,-4.6629367034256575e-15,P4_orthogonal_basis_rotation,D1_temporal_shuffle,,,
confirmatory,10083,history_dependent_relational_mode,autocorrelation_persistence,0.6126698245719384,0.7935992375424088,1.0,-0.2064007624575912,P7_coarse_graining,D5_source_swap,,,
confirmatory,10083,history_dependent_relational_mode,linear_CKA,0.030886175828878513,0.42062304755873753,1.0,-0.5793769524412624,P2_global_scaling,D5_source_swap,,,
confirmatory,10083,history_dependent_relational_mode,VAR_ARX_predictive,0.03792759419686059,0.8993781494686718,0.9501081785952212,-0.05073002912654945,P2_global_scaling,D2_phase_randomization,,,
confirmatory,10084,persistent_shared_mode,correlon_v1,0.3306239392899808,0.9771050059508496,1.0,-0.022894994049150408,P5_observation_noise,D6_common_driver_replacement,0.14607941277762043,0.7483066036008303,0.5398675523553728
confirmatory,10084,persistent_shared_mode,pearson,0.24802600788115,0.8296702662298074,0.7026157965001735,0.12705446972963397,P4_orthogonal_basis_rotation,D6_common_driver_replacement,,,
confirmatory,10084,persistent_shared_mode,mutual_information,0.08005386737699471,0.9999983330285833,0.45035014194821993,0.5496481910803634,P2_global_scaling,D6_common_driver_replacement,,,
confirmatory,10084,persistent_shared_mode,largest_covariance_eigenvalue,3.426388949188457,0.9714205903605354,0.8390119262750578,0.13240866408547758,P7_coarse_graining,D6_common_driver_replacement,,,
confirmatory,10084,persistent_shared_mode,pca_rank1_explained_variance,0.2855324124323715,0.9955780546535609,0.8390119262750578,0.15656612837850303,P5_observation_noise,D6_common_driver_replacement,,,
confirmatory,10084,persistent_shared_mode,spectral_coherence,0.2585178488866284,0.5756093500496401,1.0,-0.4243906499503599,P2_global_scaling,D6_common_driver_replacement,,,
confirmatory,10084,persistent_shared_mode,autocorrelation_persistence,0.7206652604350533,0.9034232813289479,1.0,-0.09657671867105211,P7_coarse_graining,D7_history_destruction,,,
confirmatory,10084,persistent_shared_mode,linear_CKA,0.3050974423674383,0.41616377197076204,0.5157874245777804,-0.09962365260701833,P2_global_scaling,D6_common_driver_replacement,,,
confirmatory,10084,persistent_shared_mode,VAR_ARX_predictive,0.05592605767299347,0.8881302761871696,0.7404159660549223,0.14771431013224723,P2_global_scaling,D6_common_driver_replacement,,,
confirmatory,10084,direct_coupling_SCM,correlon_v1,0.03789329649484844,0.0,1.0,-1.0,P6_time_reparameterization,D6_common_driver_replacement,0.012662956238071912,0.11339389414687945,0.03094730811249402
confirmatory,10084,direct_coupling_SCM,pearson,0.052403553722082954,0.9617724318704987,1.0,-0.038227568129501344,P4_orthogonal_basis_rotation,D2_phase_randomization,,,
confirmatory,10084,direct_coupling_SCM,mutual_information,0.007900509553266932,0.9999994371343719,1.0,-5.628656281064792e-07,P2_global_scaling,D2_phase_randomization,,,
confirmatory,10084,direct_coupling_SCM,largest_covariance_eigenvalue,1.5452590406244326,0.8404614260873473,1.0,-0.1595385739126527,P7_coarse_graining,D5_source_swap,,,
confirmatory,10084,direct_coupling_SCM,pca_rank1_explained_variance,0.1287715867187027,0.9793181446344198,1.0,-0.020681855365580204,P6_time_reparameterization,D5_source_swap,,,
confirmatory,10084,direct_coupling_SCM,spectral_coherence,0.14648540070279711,0.9801794651176916,1.0,-0.019820534882308394,P6_time_reparameterization,D6_common_driver_replacement,,,
confirmatory,10084,direct_coupling_SCM,autocorrelation_persistence,0.6045939234786196,0.811291247690081,1.0,-0.18870875230991901,P7_coarse_graining,D5_source_swap,,,
confirmatory,10084,direct_coupling_SCM,linear_CKA,0.01586606637367514,0.6553095284536853,1.0,-0.3446904715463147,P2_global_scaling,D2_phase_randomization,,,
confirmatory,10084,direct_coupling_SCM,VAR_ARX_predictive,0.04587538929825119,0.9366827688344906,0.6675595561100232,0.2691232127244675,P6_time_reparameterization,D2_phase_randomization,,,
confirmatory,10084,history_dependent_relational_mode,correlon_v1,0.0,0.0,1.0,-1.0,P1_node_permutation,D3_IAAFT_surrogate,0.0013267307608682416,-0.02827131870993361,-0.05417035291061803
confirmatory,10084,history_dependent_relational_mode,pearson,0.059063489179882155,0.9835306263106193,1.0,-0.01646937368938073,P4_orthogonal_basis_rotation,D2_phase_randomization,,,
confirmatory,10084,history_dependent_relational_mode,mutual_information,0.009341367838212822,0.9930474011844663,1.0,-0.006952598815533673,P5_observation_noise,D2_phase_randomization,,,
confirmatory,10084,history_dependent_relational_mode,largest_covariance_eigenvalue,1.5136765552133742,0.8792116679804259,1.0,-0.12078833201957406,P7_coarse_graining,D6_common_driver_replacement,,,
confirmatory,10084,history_dependent_relational_mode,pca_rank1_explained_variance,0.12613971293444784,0.9999999999999998,1.0,-2.220446049250313e-16,P4_orthogonal_basis_rotation,D6_common_driver_replacement,,,
confirmatory,10084,history_dependent_relational_mode,spectral_coherence,0.12121116354964837,1.0,1.0,0.0,P1_node_permutation,D1_temporal_shuffle,,,
confirmatory,10084,history_dependent_relational_mode,autocorrelation_persistence,0.6124090768611833,0.8276826894125494,1.0,-0.1723173105874506,P7_coarse_graining,D5_source_swap,,,
confirmatory,10084,history_dependent_relational_mode,linear_CKA,0.02035140607104914,0.8379258818145388,1.0,-0.16207411818546125,P2_global_scaling,D2_phase_randomization,,,
confirmatory,10084,history_dependent_relational_mode,VAR_ARX_predictive,0.035932629129024674,0.9962994546632087,0.9107928333955863,0.08550662126762243,P5_observation_noise,D4_edge_cutting,,,
confirmatory,10085,persistent_shared_mode,correlon_v1,0.3441479994474611,0.9999999999999999,1.0,-1.1102230246251565e-16,P4_orthogonal_basis_rotation,D6_common_driver_replacement,0.18413976566873436,0.6431953744133585,0.4652135762974309
confirmatory,10085,persistent_shared_mode,pearson,0.1875168138213645,0.9055245559647335,0.7665853896419548,0.1389391663227787,P4_orthogonal_basis_rotation,D6_common_driver_replacement,,,
confirmatory,10085,persistent_shared_mode,mutual_information,0.06720159691747352,0.9979933907085663,0.5110699734989466,0.48692341720961974,P5_observation_noise,D6_common_driver_replacement,,,
confirmatory,10085,persistent_shared_mode,largest_covariance_eigenvalue,2.63070512139817,0.9570167845310733,0.9068536038751732,0.050163180655900086,P7_coarse_graining,D6_common_driver_replacement,,,
confirmatory,10085,persistent_shared_mode,pca_rank1_explained_variance,0.21922542678318083,0.9999999999999994,0.906853603875173,0.09314639612482645,P4_orthogonal_basis_rotation,D6_common_driver_replacement,,,
confirmatory,10085,persistent_shared_mode,spectral_coherence,0.25225217153524876,0.47233885819444005,1.0,-0.5276611418055599,P2_global_scaling,D6_common_driver_replacement,,,
confirmatory,10085,persistent_shared_mode,autocorrelation_persistence,0.6932106876982553,0.8758673170881,0.9984479632989632,-0.12258064621086329,P7_coarse_graining,D2_phase_randomization,,,
confirmatory,10085,persistent_shared_mode,linear_CKA,0.19203578071615662,0.925298133316706,0.5989001094920461,0.3263980238246599,P2_global_scaling,D6_common_driver_replacement,,,
confirmatory,10085,persistent_shared_mode,VAR_ARX_predictive,0.043266834279121424,0.9535919993613209,1.0,-0.046408000638679114,P5_observation_noise,D6_common_driver_replacement,,,
confirmatory,10085,direct_coupling_SCM,correlon_v1,0.0,0.0,1.0,-1.0,P1_node_permutation,D5_source_swap,-0.029895234068225363,-0.1327024199399225,-0.08650208457428471
confirmatory,10085,direct_coupling_SCM,pearson,0.06519695757359074,0.9810514193343441,1.0,-0.018948580665655856,P4_orthogonal_basis_rotation,D5_source_swap,,,
confirmatory,10085,direct_coupling_SCM,mutual_information,0.010048930418083968,0.9842671965509568,1.0,-0.015732803449043153,P5_observation_noise,D5_source_swap,,,
confirmatory,10085,direct_coupling_SCM,largest_covariance_eigenvalue,1.6599951921146696,0.8579769652441719,0.9546132083675956,-0.09663624312342367,P7_coarse_graining,D5_source_swap,,,
confirmatory,10085,direct_coupling_SCM,pca_rank1_explained_variance,0.13833293267622243,0.9928824776412185,0.9546132083675959,0.03826926927362262,P5_observation_noise,D5_source_swap,,,
confirmatory,10085,direct_coupling_SCM,spectral_coherence,0.15482582777485276,0.8930405036312768,1.0,-0.10695949636872315,P6_time_reparameterization,D6_common_driver_replacement,,,
confirmatory,10085,direct_coupling_SCM,autocorrelation_persistence,0.5995765734896498,0.7878983097172508,1.0,-0.21210169028274917,P7_coarse_graining,D5_source_swap,,,
confirmatory,10085,direct_coupling_SCM,linear_CKA,0.024395965426204425,0.9738264707895069,1.0,-0.026173529210493096,P5_observation_noise,D5_source_swap,,,
confirmatory,10085,direct_coupling_SCM,VAR_ARX_predictive,0.05187613871546698,0.9999999999999989,0.8188570793768443,0.18114292062315462,P1_node_permutation,D6_common_driver_replacement,,,
confirmatory,10085,history_dependent_relational_mode,correlon_v1,0.0,0.0,1.0,-1.0,P1_node_permutation,D6_common_driver_replacement,-0.04810573118012787,-0.11637848492260124,-0.11413210298817006
confirmatory,10085,history_dependent_relational_mode,pearson,0.050829284957236466,0.9566509967880606,1.0,-0.04334900321193935,P4_orthogonal_basis_rotation,D2_phase_randomization,,,
confirmatory,10085,history_dependent_relational_mode,mutual_information,0.006677556432881593,0.9346036248762799,1.0,-0.0653963751237201,P5_observation_noise,D2_phase_randomization,,,
confirmatory,10085,history_dependent_relational_mode,largest_covariance_eigenvalue,1.601936346130438,0.8877392077841034,0.9897513550671305,-0.1020121472830271,P7_coarse_graining,D7_history_destruction,,,
confirmatory,10085,history_dependent_relational_mode,pca_rank1_explained_variance,0.13349469551086987,0.9988232766174799,0.9897513550671302,0.009071921550349749,P5_observation_noise,D7_history_destruction,,,
confirmatory,10085,history_dependent_relational_mode,spectral_coherence,0.14702495626083284,0.8505395215662951,1.0,-0.1494604784337049,P2_global_scaling,D1_temporal_shuffle,,,
confirmatory,10085,history_dependent_relational_mode,autocorrelation_persistence,0.6091527406469363,0.8200595222788725,0.9964624897416352,-0.17640296746276274,P7_coarse_graining,D2_phase_randomization,,,
confirmatory,10085,history_dependent_relational_mode,linear_CKA,0.014774623627323926,0.6725149691471007,1.0,-0.32748503085289926,P2_global_scaling,D2_phase_randomization,,,
confirmatory,10085,history_dependent_relational_mode,VAR_ARX_predictive,0.03202381008029914,0.9540696097355512,1.0,-0.045930390264448784,P2_global_scaling,D1_temporal_shuffle,,,
confirmatory,10086,persistent_shared_mode,correlon_v1,0.3499590560299068,0.9999999999999997,1.0,-3.3306690738754696e-16,P3_affine_offset,D6_common_driver_replacement,0.17725762137371737,0.6909228497381987,0.44000977054201373
confirmatory,10086,persistent_shared_mode,pearson,0.2551420500895894,0.8337127983318656,0.7650514269206915,0.06866137141117412,P4_orthogonal_basis_rotation,D6_common_driver_replacement,,,
confirmatory,10086,persistent_shared_mode,mutual_information,0.09426473454982975,0.97177394243224,0.46939202140217,0.50238192103007,P5_observation_noise,D6_common_driver_replacement,,,
confirmatory,10086,persistent_shared_mode,largest_covariance_eigenvalue,3.532072525322028,0.91421692072763,0.8677131172115086,0.04650380351612138,P6_time_reparameterization,D6_common_driver_replacement,,,
confirmatory,10086,persistent_shared_mode,pca_rank1_explained_variance,0.294339377110169,0.9880194867579022,0.8677131172115085,0.12030636954639373,P5_observation_noise,D6_common_driver_replacement,,,
confirmatory,10086,persistent_shared_mode,spectral_coherence,0.20836635788411775,0.5987533105235523,1.0,-0.4012466894764477,P2_global_scaling,D6_common_driver_replacement,,,
confirmatory,10086,persistent_shared_mode,autocorrelation_persistence,0.7314233634652499,0.8822744916626043,0.9998850405494988,-0.11761054888689448,P7_coarse_graining,D2_phase_randomization,,,
confirmatory,10086,persistent_shared_mode,linear_CKA,0.31624005264059807,0.47170540896990737,0.6111649733020109,-0.13945956433210355,P2_global_scaling,D6_common_driver_replacement,,,
confirmatory,10086,persistent_shared_mode,VAR_ARX_predictive,0.052857990674646915,0.9878939591987608,0.8410177516484534,0.1468762075503074,P2_global_scaling,D6_common_driver_replacement,,,
confirmatory,10086,direct_coupling_SCM,correlon_v1,0.0,0.0,1.0,-1.0,P1_node_permutation,D2_phase_randomization,-0.008027730924753188,0.1426903769578779,-0.06778066887329506
confirmatory,10086,direct_coupling_SCM,pearson,0.07696187523738884,0.9919033545699595,1.0,-0.008096645430040517,P5_observation_noise,D6_common_driver_replacement,,,
confirmatory,10086,direct_coupling_SCM,mutual_information,0.016228946131617294,0.9790046681825236,0.9500924064782742,0.02891226170424943,P5_observation_noise,D6_common_driver_replacement,,,
confirmatory,10086,direct_coupling_SCM,largest_covariance_eigenvalue,1.839903810246214,0.870563151404364,0.9371177506982236,-0.06655459929385954,P7_coarse_graining,D1_temporal_shuffle,,,
confirmatory,10086,direct_coupling_SCM,pca_rank1_explained_variance,0.15332531752051784,1.0,0.9371177506982235,0.06288224930177655,P1_node_permutation,D1_temporal_shuffle,,,
confirmatory,10086,direct_coupling_SCM,spectral_coherence,0.128983242785704,0.7913699222122084,1.0,-0.20863007778779163,P2_global_scaling,D2_phase_randomization,,,
confirmatory,10086,direct_coupling_SCM,autocorrelation_persistence,0.614848988114648,0.8076084112908128,0.9988044722542578,-0.191196060963445,P7_coarse_graining,D3_IAAFT_surrogate,,,
confirmatory,10086,direct_coupling_SCM,linear_CKA,0.03345049076777315,0.7970218438590736,1.0,-0.2029781561409264,P2_global_scaling,D6_common_driver_replacement,,,
confirmatory,10086,direct_coupling_SCM,VAR_ARX_predictive,0.04839535658882249,0.9349175535519897,0.7917040345073084,0.14321351904468127,P6_time_reparameterization,D5_source_swap,,,
confirmatory,10086,history_dependent_relational_mode,correlon_v1,0.0,0.0,1.0,-1.0,P1_node_permutation,D3_IAAFT_surrogate,0.04714490656123915,-0.008766840181874846,-0.00716186077719666
confirmatory,10086,history_dependent_relational_mode,pearson,0.05790313564610471,0.9999999999999999,1.0,-1.1102230246251565e-16,P2_global_scaling,D3_IAAFT_surrogate,,,
confirmatory,10086,history_dependent_relational_mode,mutual_information,0.010474746648256206,0.9996209118699464,1.0,-0.0003790881300536064,P5_observation_noise,D3_IAAFT_surrogate,,,
confirmatory,10086,history_dependent_relational_mode,largest_covariance_eigenvalue,1.46426343762561,0.8715140832073995,1.0,-0.12848591679260046,P7_coarse_graining,D5_source_swap,,,
confirmatory,10086,history_dependent_relational_mode,pca_rank1_explained_variance,0.12202195313546749,0.995300087158376,1.0,-0.0046999128416239655,P5_observation_noise,D5_source_swap,,,
confirmatory,10086,history_dependent_relational_mode,spectral_coherence,0.14632172430627502,0.9999999999999983,0.9744687544600624,0.02553124553993591,P4_orthogonal_basis_rotation,D4_edge_cutting,,,
confirmatory,10086,history_dependent_relational_mode,autocorrelation_persistence,0.6147781784693377,0.8250636151840804,0.9979977814215244,-0.17293416623744395,P7_coarse_graining,D2_phase_randomization,,,
confirmatory,10086,history_dependent_relational_mode,linear_CKA,0.01964515702149255,0.8433532607676084,1.0,-0.15664673923239159,P2_global_scaling,D3_IAAFT_surrogate,,,
confirmatory,10086,history_dependent_relational_mode,VAR_ARX_predictive,0.03782215480819234,0.9828975716739063,0.8876797141775553,0.09521785749635103,P5_observation_noise,D4_edge_cutting,,,
confirmatory,10087,persistent_shared_mode,correlon_v1,0.3636325493010936,0.9360733779307279,1.0,-0.06392662206927213,P6_time_reparameterization,D6_common_driver_replacement,0.16262229842393916,0.8131027060416167,0.5701495717271979
confirmatory,10087,persistent_shared_mode,pearson,0.17874263999653806,0.924321859296963,0.7545952868989716,0.16972657239799138,P4_orthogonal_basis_rotation,D6_common_driver_replacement,,,
confirmatory,10087,persistent_shared_mode,mutual_information,0.057794517381752564,0.9702950162274946,0.5666586185341631,0.4036363976933315,P5_observation_noise,D6_common_driver_replacement,,,
confirmatory,10087,persistent_shared_mode,largest_covariance_eigenvalue,2.657638711235561,0.9598992590421109,0.8602108219396993,0.0996884371024116,P7_coarse_graining,D6_common_driver_replacement,,,
confirmatory,10087,persistent_shared_mode,pca_rank1_explained_variance,0.22146989260296335,0.9824252884933352,0.8602108219396997,0.12221446655363555,P5_observation_noise,D6_common_driver_replacement,,,
confirmatory,10087,persistent_shared_mode,spectral_coherence,0.19726871376080996,0.5997317800135216,1.0,-0.40026821998647844,P2_global_scaling,D6_common_driver_replacement,,,
confirmatory,10087,persistent_shared_mode,autocorrelation_persistence,0.6972587641537062,0.8522745706433968,1.0,-0.14772542935660316,P7_coarse_graining,D5_source_swap,,,
confirmatory,10087,persistent_shared_mode,linear_CKA,0.1726785639560618,0.9317514416151967,0.5932356398034345,0.3385158018117622,P2_global_scaling,D6_common_driver_replacement,,,
confirmatory,10087,persistent_shared_mode,VAR_ARX_predictive,0.04046963201637449,0.9999999999999972,1.0,-2.7755575615628914e-15,P1_node_permutation,D6_common_driver_replacement,,,
confirmatory,10087,direct_coupling_SCM,correlon_v1,0.0,0.0,1.0,-1.0,P1_node_permutation,D1_temporal_shuffle,-0.00818274827754667,0.09292401079732232,0.11551594920038089
confirmatory,10087,direct_coupling_SCM,pearson,0.08382311804937727,0.9703710871092719,0.8099622904977094,0.1604087966115625,P5_observation_noise,D4_edge_cutting,,,
confirmatory,10087,direct_coupling_SCM,mutual_information,0.019594997590222762,0.9440446052852635,0.7824627371691436,0.16158186811611985,P5_observation_noise,D4_edge_cutting,,,
confirmatory,10087,direct_coupling_SCM,largest_covariance_eigenvalue,1.688508839648856,0.8976907082906949,0.9565123843355055,-0.05882167604481059,P7_coarse_graining,D7_history_destruction,,,
confirmatory,10087,direct_coupling_SCM,pca_rank1_explained_variance,0.14070906997073798,0.9913986088249708,0.9565123843355051,0.034886224489465656,P5_observation_noise,D7_history_destruction,,,
confirmatory,10087,direct_coupling_SCM,spectral_coherence,0.17501429976750082,0.7535330621460318,0.8902528201028007,-0.13671975795676894,P2_global_scaling,D6_common_driver_replacement,,,
confirmatory,10087,direct_coupling_SCM,autocorrelation_persistence,0.6096391835101936,0.810474499352747,1.0,-0.18952550064725304,P7_coarse_graining,D5_source_swap,,,
confirmatory,10087,direct_coupling_SCM,linear_CKA,0.04056712194976146,0.9370128905639469,0.6696713523983053,0.26734153816564155,P2_global_scaling,D4_edge_cutting,,,
confirmatory,10087,direct_coupling_SCM,VAR_ARX_predictive,0.050383087178426766,0.9055236768846855,0.7513308591641363,0.15419281772054916,P2_global_scaling,D8_block_shuffle,,,
confirmatory,10087,history_dependent_relational_mode,correlon_v1,0.0015350797848029192,0.0,1.0,-1.0,P5_observation_noise,D1_temporal_shuffle,0.00013095442503953392,0.017994580519132365,0.07871766036298056
confirmatory,10087,history_dependent_relational_mode,pearson,0.06657753998587423,0.9971449509546941,1.0,-0.0028550490453058686,P4_orthogonal_basis_rotation,D7_history_destruction,,,
confirmatory,10087,history_dependent_relational_mode,mutual_information,0.013239548486761232,0.9999994702413574,1.0,-5.297586426200596e-07,P2_global_scaling,D7_history_destruction,,,
confirmatory,10087,history_dependent_relational_mode,largest_covariance_eigenvalue,1.506375550775751,0.8672162758674615,0.995059555011987,-0.12784327914452542,P7_coarse_graining,D7_history_destruction,,,
confirmatory,10087,history_dependent_relational_mode,pca_rank1_explained_variance,0.12553129589797926,0.9946754386994723,0.9950595550119873,-0.0003841163125150038,P5_observation_noise,D7_history_destruction,,,
confirmatory,10087,history_dependent_relational_mode,spectral_coherence,0.16769050061827603,0.9463353865814786,1.0,-0.053664613418521356,P2_global_scaling,D6_common_driver_replacement,,,
confirmatory,10087,history_dependent_relational_mode,autocorrelation_persistence,0.6140893724170028,0.8206998585277665,0.9980821802126952,-0.17738232168492873,P7_coarse_graining,D2_phase_randomization,,,
confirmatory,10087,history_dependent_relational_mode,linear_CKA,0.025684660297066828,0.7195812678026211,1.0,-0.2804187321973789,P2_global_scaling,D7_history_destruction,,,
confirmatory,10087,history_dependent_relational_mode,VAR_ARX_predictive,0.035038657800623096,1.0,1.0,0.0,P1_node_permutation,D5_source_swap,,,
confirmatory,10088,persistent_shared_mode,correlon_v1,0.354168805432267,0.9688009136170072,1.0,-0.031199086382992847,P5_observation_noise,D6_common_driver_replacement,0.17363787502021089,0.7223973613286773,0.5058388061278742
confirmatory,10088,persistent_shared_mode,pearson,0.19915020976325382,0.967465878585299,0.8261570830445303,0.1413087955407687,P4_orthogonal_basis_rotation,D6_common_driver_replacement,,,
confirmatory,10088,persistent_shared_mode,mutual_information,0.07166984420170186,0.9934956595346321,0.5147249237336773,0.47877073580095486,P5_observation_noise,D6_common_driver_replacement,,,
confirmatory,10088,persistent_shared_mode,largest_covariance_eigenvalue,2.7590513561908665,0.9508773646184517,0.979194122786556,-0.028316758168104306,P6_time_reparameterization,D6_common_driver_replacement,,,
confirmatory,10088,persistent_shared_mode,pca_rank1_explained_variance,0.22992094634923887,0.9940364968075126,0.9791941227865563,0.01484237402095634,P5_observation_noise,D6_common_driver_replacement,,,
confirmatory,10088,persistent_shared_mode,spectral_coherence,0.26333469900702794,0.5557071493445572,1.0,-0.4442928506554428,P2_global_scaling,D6_common_driver_replacement,,,
confirmatory,10088,persistent_shared_mode,autocorrelation_persistence,0.6954732290344,0.8737274473587356,1.0,-0.12627255264126436,P7_coarse_graining,D7_history_destruction,,,
confirmatory,10088,persistent_shared_mode,linear_CKA,0.21749409749031914,0.566387981772096,0.6652498083156863,-0.09886182654359021,P2_global_scaling,D6_common_driver_replacement,,,
confirmatory,10088,persistent_shared_mode,VAR_ARX_predictive,0.05541832476709685,0.9671966206986837,0.7084681340934467,0.25872848660523706,P6_time_reparameterization,D6_common_driver_replacement,,,
confirmatory,10088,direct_coupling_SCM,correlon_v1,0.02732466878217266,0.0,1.0,-1.0,P5_observation_noise,D1_temporal_shuffle,0.009514721296239828,0.07847182285313062,0.0682780609272084
confirmatory,10088,direct_coupling_SCM,pearson,0.06305108422267783,0.9823989550160831,1.0,-0.017601044983916903,P5_observation_noise,D5_source_swap,,,
confirmatory,10088,direct_coupling_SCM,mutual_information,0.011751149253728665,0.970055533759616,1.0,-0.02994446624038405,P5_observation_noise,D5_source_swap,,,
confirmatory,10088,direct_coupling_SCM,largest_covariance_eigenvalue,1.5288504467481252,0.8711133549830924,1.0,-0.1288866450169076,P7_coarse_graining,D5_source_swap,,,
confirmatory,10088,direct_coupling_SCM,pca_rank1_explained_variance,0.12740420389567708,0.9969742049965951,1.0,-0.003025795003404941,P5_observation_noise,D5_source_swap,,,
confirmatory,10088,direct_coupling_SCM,spectral_coherence,0.12484985217050008,0.8747651646925189,1.0,-0.12523483530748114,P2_global_scaling,D1_temporal_shuffle,,,
confirmatory,10088,direct_coupling_SCM,autocorrelation_persistence,0.6173692290090801,0.7867757098851343,1.0,-0.21322429011486566,P7_coarse_graining,D5_source_swap,,,
confirmatory,10088,direct_coupling_SCM,linear_CKA,0.02297201377775228,0.5352924670636,1.0,-0.4647075329364,P2_global_scaling,D5_source_swap,,,
confirmatory,10088,direct_coupling_SCM,VAR_ARX_predictive,0.0511785644881928,0.829745374806041,0.7018560462467364,0.12788932855930468,P2_global_scaling,D7_history_destruction,,,
confirmatory,10088,history_dependent_relational_mode,correlon_v1,0.0,0.0,1.0,-1.0,P1_node_permutation,D3_IAAFT_surrogate,-0.012373978336365596,0.04944628546692503,0.06681409999724153
confirmatory,10088,history_dependent_relational_mode,pearson,0.07187196580441957,0.9816090642413284,1.0,-0.018390935758671567,P4_orthogonal_basis_rotation,D3_IAAFT_surrogate,,,
confirmatory,10088,history_dependent_relational_mode,mutual_information,0.013442672479417439,0.9807788709077093,1.0,-0.01922112909229068,P5_observation_noise,D3_IAAFT_surrogate,,,
confirmatory,10088,history_dependent_relational_mode,largest_covariance_eigenvalue,1.648183372054578,0.8842252551621591,0.9949470550343977,-0.11072179987223862,P7_coarse_graining,D5_source_swap,,,
confirmatory,10088,history_dependent_relational_mode,pca_rank1_explained_variance,0.13734861433788145,0.9928950914359306,0.9949470550343977,-0.0020519635984671547,P5_observation_noise,D5_source_swap,,,
confirmatory,10088,history_dependent_relational_mode,spectral_coherence,0.1547093186417748,0.9808903578199816,0.9890789914434295,-0.008188633623447905,P5_observation_noise,D4_edge_cutting,,,
confirmatory,10088,history_dependent_relational_mode,autocorrelation_persistence,0.6097860995963764,0.7904426482409848,1.0,-0.20955735175901524,P7_coarse_graining,D5_source_swap,,,
confirmatory,10088,history_dependent_relational_mode,linear_CKA,0.029886666441083735,0.6031777777659226,1.0,-0.39682222223407737,P2_global_scaling,D3_IAAFT_surrogate,,,
confirmatory,10088,history_dependent_relational_mode,VAR_ARX_predictive,0.040165615180089265,1.0,0.9048343537875423,0.09516564621245771,P1_node_permutation,D7_history_destruction,,,
confirmatory,10089,persistent_shared_mode,correlon_v1,0.2228105503470454,0.8637165175592381,1.0,-0.13628348244076194,P6_time_reparameterization,D6_common_driver_replacement,0.10182832283716638,0.4875317589718119,0.413702551892707
confirmatory,10089,persistent_shared_mode,pearson,0.19987424836461107,0.8590095535378339,0.7623140811686585,0.09669547236917542,P4_orthogonal_basis_rotation,D6_common_driver_replacement,,,
confirmatory,10089,persistent_shared_mode,mutual_information,0.06621060609722007,0.9829418386304332,0.4865468120720524,0.49639502655838075,P5_observation_noise,D6_common_driver_replacement,,,
confirmatory,10089,persistent_shared_mode,largest_covariance_eigenvalue,2.8199586909634036,0.9582957075630586,0.9086390995057717,0.04965660805728689,P7_coarse_graining,D6_common_driver_replacement,,,
confirmatory,10089,persistent_shared_mode,pca_rank1_explained_variance,0.23499655758028368,0.9918233671898468,0.9086390995057716,0.08318426768407516,P5_observation_noise,D6_common_driver_replacement,,,
confirmatory,10089,persistent_shared_mode,spectral_coherence,0.23266797390702773,0.8334576535142089,1.0,-0.16654234648579114,P2_global_scaling,D6_common_driver_replacement,,,
confirmatory,10089,persistent_shared_mode,autocorrelation_persistence,0.6940042863796968,0.8899843238964589,1.0,-0.11001567610354113,P7_coarse_graining,D5_source_swap,,,
confirmatory,10089,persistent_shared_mode,linear_CKA,0.2144342981142695,0.7018901518475601,0.5884402705531165,0.11344988129444356,P2_global_scaling,D6_common_driver_replacement,,,
confirmatory,10089,persistent_shared_mode,VAR_ARX_predictive,0.05429816031767931,0.9934119045569456,0.8475604173708328,0.14585148718611285,P6_time_reparameterization,D6_common_driver_replacement,,,
confirmatory,10089,direct_coupling_SCM,correlon_v1,0.0,0.0,1.0,-1.0,P1_node_permutation,D3_IAAFT_surrogate,0.018083841251132993,-0.11188951774464245,0.12278298710552521
confirmatory,10089,direct_coupling_SCM,pearson,0.08007332924572495,0.9656112278054486,1.0,-0.03438877219455139,P4_orthogonal_basis_rotation,D6_common_driver_replacement,,,
confirmatory,10089,direct_coupling_SCM,mutual_information,0.0157754397280363,1.0,1.0,0.0,P1_node_permutation,D6_common_driver_replacement,,,
confirmatory,10089,direct_coupling_SCM,largest_covariance_eigenvalue,1.6860413075272251,0.882580489089056,1.0,-0.11741951091094405,P7_coarse_graining,D5_source_swap,,,
confirmatory,10089,direct_coupling_SCM,pca_rank1_explained_variance,0.14050344229393538,0.9999999999999998,1.0,-2.220446049250313e-16,P1_node_permutation,D5_source_swap,,,
confirmatory,10089,direct_coupling_SCM,spectral_coherence,0.13002621839935996,0.9723346389247176,1.0,-0.02766536107528239,P5_observation_noise,D2_phase_randomization,,,
confirmatory,10089,direct_coupling_SCM,autocorrelation_persistence,0.6027967452796331,0.8151753764599574,1.0,-0.1848246235400426,P7_coarse_graining,D7_history_destruction,,,
confirmatory,10089,direct_coupling_SCM,linear_CKA,0.037244606318036395,0.9595798264881601,1.0,-0.04042017351183991,P2_global_scaling,D6_common_driver_replacement,,,
confirmatory,10089,direct_coupling_SCM,VAR_ARX_predictive,0.05275694614723386,0.9947140494117902,0.6367434588836964,0.35797059052809377,P5_observation_noise,D6_common_driver_replacement,,,
confirmatory,10089,history_dependent_relational_mode,correlon_v1,0.0,0.0,1.0,-1.0,P1_node_permutation,D1_temporal_shuffle,0.028051444226137992,-0.08258398253577987,0.01890347234652162
confirmatory,10089,history_dependent_relational_mode,pearson,0.08126703194276563,0.9279332061460304,1.0,-0.07206679385396964,P4_orthogonal_basis_rotation,D6_common_driver_replacement,,,
confirmatory,10089,history_dependent_relational_mode,mutual_information,0.015550711212610202,0.9532693867393998,1.0,-0.04673061326060024,P5_observation_noise,D6_common_driver_replacement,,,
confirmatory,10089,history_dependent_relational_mode,largest_covariance_eigenvalue,1.8183387505893354,0.9073768352993136,0.9357326993494817,-0.0283558640501681,P7_coarse_graining,D7_history_destruction,,,
confirmatory,10089,history_dependent_relational_mode,pca_rank1_explained_variance,0.15152822921577794,0.9962914129490111,0.9357326993494819,0.060558713599529246,P5_observation_noise,D7_history_destruction,,,
confirmatory,10089,history_dependent_relational_mode,spectral_coherence,0.15791840651367534,0.7890260414173289,1.0,-0.2109739585826711,P6_time_reparameterization,D2_phase_randomization,,,
confirmatory,10089,history_dependent_relational_mode,autocorrelation_persistence,0.6264638246400106,0.8101090911780142,1.0,-0.18989090882198578,P7_coarse_graining,D5_source_swap,,,
confirmatory,10089,history_dependent_relational_mode,linear_CKA,0.03755806511242016,0.8491186467097656,1.0,-0.15088135329023444,P2_global_scaling,D6_common_driver_replacement,,,
confirmatory,10089,history_dependent_relational_mode,VAR_ARX_predictive,0.04011570667500264,0.9670615110210599,0.8764295985628759,0.09063191245818392,P6_time_reparameterization,D1_temporal_shuffle,,,
confirmatory,10090,persistent_shared_mode,correlon_v1,0.42465018801584187,0.8779800848554822,0.9660559231671146,-0.08807583831163246,P6_time_reparameterization,D6_common_driver_replacement,0.2280895327012517,0.7906008664504587,0.5188877999924406
confirmatory,10090,persistent_shared_mode,pearson,0.2302307278392335,0.9120947431512084,0.7587653426274851,0.15332940052372335,P4_orthogonal_basis_rotation,D6_common_driver_replacement,,,
confirmatory,10090,persistent_shared_mode,mutual_information,0.07360446967125778,0.985308895335559,0.4950767152872322,0.4902321800483268,P5_observation_noise,D6_common_driver_replacement,,,
confirmatory,10090,persistent_shared_mode,largest_covariance_eigenvalue,3.2153192497347334,0.9156280798579898,0.8937246233854096,0.021903456472580185,P6_time_reparameterization,D6_common_driver_replacement,,,
confirmatory,10090,persistent_shared_mode,pca_rank1_explained_variance,0.2679432708112279,0.9915237413120462,0.8937246233854091,0.09779911792663709,P5_observation_noise,D6_common_driver_replacement,,,
confirmatory,10090,persistent_shared_mode,spectral_coherence,0.27410601645572263,0.47528663292768414,0.9352086383482098,-0.45992200542052564,P2_global_scaling,D6_common_driver_replacement,,,
confirmatory,10090,persistent_shared_mode,autocorrelation_persistence,0.6924508684134327,0.8856320147948223,0.9999536463844698,-0.11432163158964748,P7_coarse_graining,D5_source_swap,,,
confirmatory,10090,persistent_shared_mode,linear_CKA,0.27023451865770043,0.3929047747978539,0.5853532543154055,-0.19244847951755162,P2_global_scaling,D6_common_driver_replacement,,,
confirmatory,10090,persistent_shared_mode,VAR_ARX_predictive,0.050150832699065395,0.9400090714403029,0.8661723219724377,0.07383674946786523,P2_global_scaling,D6_common_driver_replacement,,,
confirmatory,10090,direct_coupling_SCM,correlon_v1,0.0,0.0,1.0,-1.0,P1_node_permutation,D2_phase_randomization,0.044047358937065934,-0.055941734006398215,0.02625840518120559
confirmatory,10090,direct_coupling_SCM,pearson,0.07250278381890916,0.9792973371770765,0.9679375115342574,0.01135982564281901,P4_orthogonal_basis_rotation,D3_IAAFT_surrogate,,,
confirmatory,10090,direct_coupling_SCM,mutual_information,0.013694220968096138,0.985579936698507,1.0,-0.014420063301493036,P5_observation_noise,D3_IAAFT_surrogate,,,
confirmatory,10090,direct_coupling_SCM,largest_covariance_eigenvalue,1.5781422824385087,0.8984607704072547,1.0,-0.1015392295927453,P7_coarse_graining,D6_common_driver_replacement,,,
confirmatory,10090,direct_coupling_SCM,pca_rank1_explained_variance,0.13151185686987574,0.996487399233587,1.0,-0.003512600766413021,P5_observation_noise,D6_common_driver_replacement,,,
confirmatory,10090,direct_coupling_SCM,spectral_coherence,0.2137580203274747,0.5086993616813028,0.9254048899784295,-0.4167055282971267,P2_global_scaling,D6_common_driver_replacement,,,
confirmatory,10090,direct_coupling_SCM,autocorrelation_persistence,0.6069702679818645,0.7963800885966152,0.9972199066104118,-0.20083981801379658,P7_coarse_graining,D2_phase_randomization,,,
confirmatory,10090,direct_coupling_SCM,linear_CKA,0.03092530659572599,0.5176640875867822,0.9423259898677601,-0.4246619022809779,P2_global_scaling,D3_IAAFT_surrogate,,,
confirmatory,10090,direct_coupling_SCM,VAR_ARX_predictive,0.052391662663932526,0.88763902814153,0.7788379506285925,0.10880107751293744,P2_global_scaling,D3_IAAFT_surrogate,,,
confirmatory,10090,history_dependent_relational_mode,correlon_v1,0.0,0.0,1.0,-1.0,P1_node_permutation,D4_edge_cutting,-0.00972323974295107,-0.08038798522933295,0.005699410921407411
confirmatory,10090,history_dependent_relational_mode,pearson,0.06551995189927436,0.9787474851286609,1.0,-0.021252514871339057,P4_orthogonal_basis_rotation,D5_source_swap,,,
confirmatory,10090,history_dependent_relational_mode,mutual_information,0.012305571707832752,0.9835944283707583,1.0,-0.016405571629241722,P5_observation_noise,D2_phase_randomization,,,
confirmatory,10090,history_dependent_relational_mode,largest_covariance_eigenvalue,1.4885117369871135,0.8787151576793798,1.0,-0.1212848423206202,P7_coarse_graining,D6_common_driver_replacement,,,
confirmatory,10090,history_dependent_relational_mode,pca_rank1_explained_variance,0.12404264474892616,0.9989280790013072,1.0,-0.0010719209986927991,P5_observation_noise,D6_common_driver_replacement,,,
confirmatory,10090,history_dependent_relational_mode,spectral_coherence,0.1642473759975645,0.8649979118274455,0.9858451153128609,-0.12084720348541544,P2_global_scaling,D5_source_swap,,,
confirmatory,10090,history_dependent_relational_mode,autocorrelation_persistence,0.6076883411684342,0.8032717197060825,1.0,-0.19672828029391753,P7_coarse_graining,D5_source_swap,,,
confirmatory,10090,history_dependent_relational_mode,linear_CKA,0.025282349268018187,0.4515745843343625,1.0,-0.5484254156656375,P2_global_scaling,D5_source_swap,,,
confirmatory,10090,history_dependent_relational_mode,VAR_ARX_predictive,0.038261314973784544,0.9791498096825121,0.9339507972138533,0.04519901246865876,P5_observation_noise,D6_common_driver_replacement,,,
confirmatory,10091,persistent_shared_mode,correlon_v1,0.13375285345755536,0.8764120265639147,1.0,-0.1235879734360853,P5_observation_noise,D6_common_driver_replacement,0.05036085710029296,0.35523275095201284,0.17562313616125985
confirmatory,10091,persistent_shared_mode,pearson,0.174543505996084,0.9329989136428123,0.7564788571203309,0.17652005652248137,P4_orthogonal_basis_rotation,D6_common_driver_replacement,,,
confirmatory,10091,persistent_shared_mode,mutual_information,0.06085885440423633,0.985754249707213,0.5006907853470185,0.48506346436019454,P5_observation_noise,D6_common_driver_replacement,,,
confirmatory,10091,persistent_shared_mode,largest_covariance_eigenvalue,2.491856387093435,0.9547187679868141,0.8996272499673684,0.05509151801944567,P2_global_scaling,D6_common_driver_replacement,,,
confirmatory,10091,persistent_shared_mode,pca_rank1_explained_variance,0.20765469892445287,0.9925849378503949,0.8996272499673682,0.09295768788302672,P5_observation_noise,D6_common_driver_replacement,,,
confirmatory,10091,persistent_shared_mode,spectral_coherence,0.21009429940415436,0.8146113877292734,1.0,-0.18538861227072656,P2_global_scaling,D6_common_driver_replacement,,,
confirmatory,10091,persistent_shared_mode,autocorrelation_persistence,0.6987180080777725,0.8603124037573001,0.998165884749765,-0.13785348099246486,P7_coarse_graining,D2_phase_randomization,,,
confirmatory,10091,persistent_shared_mode,linear_CKA,0.1671276080836295,0.9462491449612443,0.5890845484305497,0.35716459653069466,P2_global_scaling,D6_common_driver_replacement,,,
confirmatory,10091,persistent_shared_mode,VAR_ARX_predictive,0.047366365880227024,0.9101751412747041,0.9627112866175339,-0.0525361453428298,P2_global_scaling,D6_common_driver_replacement,,,
confirmatory,10091,direct_coupling_SCM,correlon_v1,0.04567803213827952,0.13557687761139936,1.0,-0.8644231223886006,P5_observation_noise,D2_phase_randomization,0.008339676472256627,0.25018747753186127,0.16461321608339732
confirmatory,10091,direct_coupling_SCM,pearson,0.07636048467040259,0.9899219231388858,0.9533127291124682,0.0366091940264176,P4_orthogonal_basis_rotation,D6_common_driver_replacement,,,
confirmatory,10091,direct_coupling_SCM,mutual_information,0.015392574162313322,0.9820747239729086,0.7765227393398745,0.20555198463303415,P5_observation_noise,D6_common_driver_replacement,,,
confirmatory,10091,direct_coupling_SCM,largest_covariance_eigenvalue,1.6302435933475694,0.8823852914492913,1.0,-0.11761470855070866,P7_coarse_graining,D6_common_driver_replacement,,,
confirmatory,10091,direct_coupling_SCM,pca_rank1_explained_variance,0.13585363277896415,1.0,1.0,0.0,P1_node_permutation,D6_common_driver_replacement,,,
confirmatory,10091,direct_coupling_SCM,spectral_coherence,0.1741983691981379,0.9968469510306326,1.0,-0.0031530489693674113,P5_observation_noise,D6_common_driver_replacement,,,
confirmatory,10091,direct_coupling_SCM,autocorrelation_persistence,0.5976802307077377,0.7970036117093005,0.9991936439135102,-0.20219003220420972,P7_coarse_graining,D2_phase_randomization,,,
confirmatory,10091,direct_coupling_SCM,linear_CKA,0.03404767342724289,0.8210727060822978,0.9137963631871555,-0.09272365710485775,P2_global_scaling,D6_common_driver_replacement,,,
confirmatory,10091,direct_coupling_SCM,VAR_ARX_predictive,0.05086320499080149,0.951888135460928,0.744376047247784,0.20751208821314404,P2_global_scaling,D6_common_driver_replacement,,,
confirmatory,10091,history_dependent_relational_mode,correlon_v1,0.07006303243947784,0.0,1.0,-1.0,P5_observation_noise,D5_source_swap,0.028932059303173635,0.1696674427207766,0.0625761396855915
confirmatory,10091,history_dependent_relational_mode,pearson,0.06764241998856096,0.9999999999999998,1.0,-2.220446049250313e-16,P1_node_permutation,D4_edge_cutting,,,
confirmatory,10091,history_dependent_relational_mode,mutual_information,0.013438414715396196,0.9999993207270896,1.0,-6.792729103644035e-07,P2_global_scaling,D3_IAAFT_surrogate,,,
confirmatory,10091,history_dependent_relational_mode,largest_covariance_eigenvalue,1.4950916225898374,0.8794228455392937,1.0,-0.12057715446070627,P7_coarse_graining,D5_source_swap,,,
confirmatory,10091,history_dependent_relational_mode,pca_rank1_explained_variance,0.12459096854915307,0.9972607758794432,1.0,-0.002739224120556827,P5_observation_noise,D5_source_swap,,,
confirmatory,10091,history_dependent_relational_mode,spectral_coherence,0.13234048184047642,1.0,1.0,0.0,P1_node_permutation,D1_temporal_shuffle,,,
confirmatory,10091,history_dependent_relational_mode,autocorrelation_persistence,0.6103029429372843,0.801194568089159,0.9980214038746557,-0.19682683578549665,P7_coarse_graining,D2_phase_randomization,,,
confirmatory,10091,history_dependent_relational_mode,linear_CKA,0.026716847526505133,0.9424606865424094,1.0,-0.05753931345759056,P2_global_scaling,D4_edge_cutting,,,
confirmatory,10091,history_dependent_relational_mode,VAR_ARX_predictive,0.03401115169952296,0.9877129547270904,1.0,-0.01228704527290958,P5_observation_noise,D3_IAAFT_surrogate,,,
confirmatory,10092,persistent_shared_mode,correlon_v1,0.39651920369681326,0.8932160157575374,1.0,-0.1067839842424626,P6_time_reparameterization,D6_common_driver_replacement,0.23134064792651327,0.6796362001644396,0.5075985448282894
confirmatory,10092,persistent_shared_mode,pearson,0.24806582556027662,0.9075176778682011,0.7845025598887565,0.12301511797944464,P4_orthogonal_basis_rotation,D6_common_driver_replacement,,,
confirmatory,10092,persistent_shared_mode,mutual_information,0.07928027227082546,0.9876437798560215,0.5143303563907206,0.4733134234653009,P5_observation_noise,D6_common_driver_replacement,,,
confirmatory,10092,persistent_shared_mode,largest_covariance_eigenvalue,3.3988839559243527,0.9534063635521831,0.9069867983248718,0.04641956522731128,P6_time_reparameterization,D6_common_driver_replacement,,,
confirmatory,10092,persistent_shared_mode,pca_rank1_explained_variance,0.2832403296603627,0.9951522203723461,0.9069867983248721,0.08816542204747402,P5_observation_noise,D6_common_driver_replacement,,,
confirmatory,10092,persistent_shared_mode,spectral_coherence,0.23921708743402323,0.8344642537238482,1.0,-0.16553574627615175,P2_global_scaling,D6_common_driver_replacement,,,
confirmatory,10092,persistent_shared_mode,autocorrelation_persistence,0.7018562484479309,0.8864017573771046,0.9995267630186984,-0.11312500564159378,P7_coarse_graining,D2_phase_randomization,,,
confirmatory,10092,persistent_shared_mode,linear_CKA,0.3088206144285496,0.8151485274481389,0.6217645362840207,0.1933839911641182,P2_global_scaling,D6_common_driver_replacement,,,
confirmatory,10092,persistent_shared_mode,VAR_ARX_predictive,0.05067753804357761,0.9211937581922105,0.8067870035199151,0.11440675467229544,P2_global_scaling,D6_common_driver_replacement,,,
confirmatory,10092,direct_coupling_SCM,correlon_v1,0.0,0.0,1.0,-1.0,P1_node_permutation,D2_phase_randomization,-0.0055580273215196235,0.1835055125310125,0.023655430369661612
confirmatory,10092,direct_coupling_SCM,pearson,0.07656661205389806,0.9872374830076246,0.9809153653759652,0.006322117631659352,P5_observation_noise,D6_common_driver_replacement,,,
confirmatory,10092,direct_coupling_SCM,mutual_information,0.01782224066587379,0.9828305399875854,0.7816440710243622,0.20118646896322323,P5_observation_noise,D4_edge_cutting,,,
confirmatory,10092,direct_coupling_SCM,largest_covariance_eigenvalue,1.5003167680955447,0.8645681777305858,1.0,-0.1354318222694142,P7_coarse_graining,D6_common_driver_replacement,,,
confirmatory,10092,direct_coupling_SCM,pca_rank1_explained_variance,0.1250263973412953,0.9931174806413613,1.0,-0.006882519358638706,P5_observation_noise,D6_common_driver_replacement,,,
confirmatory,10092,direct_coupling_SCM,spectral_coherence,0.14808646591943345,0.6593200314634461,1.0,-0.3406799685365539,P5_observation_noise,D4_edge_cutting,,,
confirmatory,10092,direct_coupling_SCM,autocorrelation_persistence,0.6191634366487113,0.8190033689813402,1.0,-0.18099663101865981,P7_coarse_graining,D5_source_swap,,,
confirmatory,10092,direct_coupling_SCM,linear_CKA,0.03434440742861357,0.70039320390014,0.9587157073206892,-0.2583225034205492,P2_global_scaling,D6_common_driver_replacement,,,
confirmatory,10092,direct_coupling_SCM,VAR_ARX_predictive,0.05436321560598545,0.9448565916143647,0.6427505021880267,0.3021060894263381,P6_time_reparameterization,D2_phase_randomization,,,
confirmatory,10092,history_dependent_relational_mode,correlon_v1,0.0,0.0,1.0,-1.0,P1_node_permutation,D5_source_swap,-0.07856133996369383,-0.14660271277358536,-0.023193010047166895
confirmatory,10092,history_dependent_relational_mode,pearson,0.07341591836789599,0.9906378552461996,0.9664155808541848,0.024222274392014853,P5_observation_noise,D6_common_driver_replacement,,,
confirmatory,10092,history_dependent_relational_mode,mutual_information,0.01532607545771525,0.9847631232285351,0.9527489334591185,0.03201418976941661,P5_observation_noise,D3_IAAFT_surrogate,,,
confirmatory,10092,history_dependent_relational_mode,largest_covariance_eigenvalue,1.5463300242632732,0.8546043903164237,1.0,-0.14539560968357634,P7_coarse_graining,D5_source_swap,,,
confirmatory,10092,history_dependent_relational_mode,pca_rank1_explained_variance,0.12886083535527273,0.9993267550412473,1.0,-0.0006732449587526501,P5_observation_noise,D5_source_swap,,,
confirmatory,10092,history_dependent_relational_mode,spectral_coherence,0.11106701144734611,1.0,1.0,0.0,P1_node_permutation,D1_temporal_shuffle,,,
confirmatory,10092,history_dependent_relational_mode,autocorrelation_persistence,0.6228583455292646,0.8255003036064518,0.9981361209494469,-0.17263581734299516,P7_coarse_graining,D2_phase_randomization,,,
confirmatory,10092,history_dependent_relational_mode,linear_CKA,0.03132764399719827,0.7055711961143009,0.9494103366551259,-0.243839140540825,P2_global_scaling,D6_common_driver_replacement,,,
confirmatory,10092,history_dependent_relational_mode,VAR_ARX_predictive,0.031365022474837856,0.8807778487324456,1.0,-0.11922215126755442,P2_global_scaling,D1_temporal_shuffle,,,
confirmatory,10093,persistent_shared_mode,correlon_v1,0.4143428661628502,0.9999999999999981,0.6805418404506285,0.3194581595493696,P1_node_permutation,D6_common_driver_replacement,0.23269498343686065,0.737789909367037,0.5285102601310907
confirmatory,10093,persistent_shared_mode,pearson,0.21266698436621623,0.9116499430424914,0.7205164134161481,0.19113352962634322,P4_orthogonal_basis_rotation,D6_common_driver_replacement,,,
confirmatory,10093,persistent_shared_mode,mutual_information,0.07042858421439724,1.0,0.43202958938502045,0.5679704106149795,P1_node_permutation,D6_common_driver_replacement,,,
confirmatory,10093,persistent_shared_mode,largest_covariance_eigenvalue,2.9977786295168984,0.9627202676116394,0.8819673498539514,0.080752917757688,P7_coarse_graining,D6_common_driver_replacement,,,
confirmatory,10093,persistent_shared_mode,pca_rank1_explained_variance,0.24981488579307487,0.991388453534582,0.8819673498539514,0.10942110368063063,P5_observation_noise,D6_common_driver_replacement,,,
confirmatory,10093,persistent_shared_mode,spectral_coherence,0.21398950088607688,0.690725463226738,1.0,-0.309274536773262,P2_global_scaling,D6_common_driver_replacement,,,
confirmatory,10093,persistent_shared_mode,autocorrelation_persistence,0.7042761036951326,0.8738051061047273,1.0,-0.12619489389527272,P7_coarse_graining,D5_source_swap,,,
confirmatory,10093,persistent_shared_mode,linear_CKA,0.23806087228623202,0.9446865836105052,0.5256943318668239,0.41899225174368127,P2_global_scaling,D6_common_driver_replacement,,,
confirmatory,10093,persistent_shared_mode,VAR_ARX_predictive,0.042970167542844495,0.9818811692874753,0.993458773491472,-0.011577604203996783,P5_observation_noise,D6_common_driver_replacement,,,
confirmatory,10093,direct_coupling_SCM,correlon_v1,0.07683627946827039,0.4949633495587409,0.0,0.4949633495587409,P6_time_reparameterization,D1_temporal_shuffle,0.027936885810825346,0.2113268415994478,-0.001437286929504289
confirmatory,10093,direct_coupling_SCM,pearson,0.06677988452360117,0.9828646966553916,1.0,-0.017135303344608444,P4_orthogonal_basis_rotation,D3_IAAFT_surrogate,,,
confirmatory,10093,direct_coupling_SCM,mutual_information,0.012864145131283977,1.0,1.0,0.0,P1_node_permutation,D3_IAAFT_surrogate,,,
confirmatory,10093,direct_coupling_SCM,largest_covariance_eigenvalue,1.6851550790249876,0.8627537738993812,0.9956191057278418,-0.1328653318284606,P7_coarse_graining,D8_block_shuffle,,,
confirmatory,10093,direct_coupling_SCM,pca_rank1_explained_variance,0.14042958991874896,0.9904826181532949,0.9956191057278414,-0.005136487574546544,P5_observation_noise,D8_block_shuffle,,,
confirmatory,10093,direct_coupling_SCM,spectral_coherence,0.11809201003568001,0.7031166638943348,1.0,-0.2968833361056652,P2_global_scaling,D1_temporal_shuffle,,,
confirmatory,10093,direct_coupling_SCM,autocorrelation_persistence,0.6099191929813692,0.8005137385703752,0.9982831011856184,-0.19776936261524314,P7_coarse_graining,D2_phase_randomization,,,
confirmatory,10093,direct_coupling_SCM,linear_CKA,0.025371766499542838,0.7989893020105343,1.0,-0.2010106979894657,P2_global_scaling,D3_IAAFT_surrogate,,,
confirmatory,10093,direct_coupling_SCM,VAR_ARX_predictive,0.053237581342098994,0.980863240207616,0.6361729058632677,0.34469033434434826,P5_observation_noise,D2_phase_randomization,,,
confirmatory,10093,history_dependent_relational_mode,correlon_v1,0.0,0.0,1.0,-1.0,P1_node_permutation,D2_phase_randomization,-0.024436149054703968,0.04461006794427086,-0.038962024479406554
confirmatory,10093,history_dependent_relational_mode,pearson,0.06740726704665422,0.9894014914793058,1.0,-0.010598508520694216,P4_orthogonal_basis_rotation,D3_IAAFT_surrogate,,,
confirmatory,10093,history_dependent_relational_mode,mutual_information,0.012281910191358492,0.9999999734587413,1.0,-2.6541258746348717e-08,P2_global_scaling,D3_IAAFT_surrogate,,,
confirmatory,10093,history_dependent_relational_mode,largest_covariance_eigenvalue,1.5798866567672727,0.8680557925713237,0.9593777433625075,-0.09132195079118377,P7_coarse_graining,D8_block_shuffle,,,
confirmatory,10093,history_dependent_relational_mode,pca_rank1_explained_variance,0.1316572213972728,0.9999777479073518,0.9593777433625074,0.04060000454484447,P5_observation_noise,D8_block_shuffle,,,
confirmatory,10093,history_dependent_relational_mode,spectral_coherence,0.14167238773697635,0.8256660331608161,1.0,-0.1743339668391839,P2_global_scaling,D6_common_driver_replacement,,,
confirmatory,10093,history_dependent_relational_mode,autocorrelation_persistence,0.6042169833244807,0.8335651444945801,1.0,-0.16643485550541992,P7_coarse_graining,D5_source_swap,,,
confirmatory,10093,history_dependent_relational_mode,linear_CKA,0.026387956153686998,0.8863893898840071,1.0,-0.11361061011599294,P2_global_scaling,D3_IAAFT_surrogate,,,
confirmatory,10093,history_dependent_relational_mode,VAR_ARX_predictive,0.03702290018785731,0.999999999999997,0.9053172027822602,0.09468279721773676,P3_affine_offset,D1_temporal_shuffle,,,
confirmatory,10094,persistent_shared_mode,correlon_v1,0.19436009758152356,0.9986098268213144,1.0,-0.0013901731786856164,P5_observation_noise,D6_common_driver_replacement,0.0679822894513447,0.5556718939119539,0.37537244999267005
confirmatory,10094,persistent_shared_mode,pearson,0.1538897312572061,0.8509191109944028,0.7715907456177172,0.07932836537668553,P4_orthogonal_basis_rotation,D6_common_driver_replacement,,,
confirmatory,10094,persistent_shared_mode,mutual_information,0.04565396721646575,0.9846001727779051,0.5610932799642888,0.4235068928136163,P5_observation_noise,D6_common_driver_replacement,,,
confirmatory,10094,persistent_shared_mode,largest_covariance_eigenvalue,2.354960676697533,0.9531143522300993,0.9151746207858904,0.037939731444208924,P7_coarse_graining,D6_common_driver_replacement,,,
confirmatory,10094,persistent_shared_mode,pca_rank1_explained_variance,0.19624672305812768,0.9904957189277275,0.9151746207858903,0.07532109814183718,P5_observation_noise,D6_common_driver_replacement,,,
confirmatory,10094,persistent_shared_mode,spectral_coherence,0.22343832484090453,0.6814163753274171,1.0,-0.31858362467258294,P2_global_scaling,D6_common_driver_replacement,,,
confirmatory,10094,persistent_shared_mode,autocorrelation_persistence,0.6682835455881229,0.8529902831678665,1.0,-0.14700971683213349,P7_coarse_graining,D5_source_swap,,,
confirmatory,10094,persistent_shared_mode,linear_CKA,0.13318225541745973,0.6509875462951694,0.5997913302053257,0.051196216089843705,P2_global_scaling,D6_common_driver_replacement,,,
confirmatory,10094,persistent_shared_mode,VAR_ARX_predictive,0.045314493979646875,0.9880802591633537,0.9301264000115215,0.057953859151832265,P2_global_scaling,D6_common_driver_replacement,,,
confirmatory,10094,direct_coupling_SCM,correlon_v1,0.0,0.0,1.0,-1.0,P1_node_permutation,D6_common_driver_replacement,0.02279262658042519,-0.053506115982784916,0.051375843930011045
confirmatory,10094,direct_coupling_SCM,pearson,0.0829183046220945,0.983165244999716,0.8814706325940911,0.10169461240562494,P5_observation_noise,D4_edge_cutting,,,
confirmatory,10094,direct_coupling_SCM,mutual_information,0.020257268398462647,0.9745036940656576,0.8252566936696031,0.14924700039605454,P5_observation_noise,D4_edge_cutting,,,
confirmatory,10094,direct_coupling_SCM,largest_covariance_eigenvalue,1.6835539214604374,0.8578741409069891,0.9969047751131171,-0.13903063420612805,P7_coarse_graining,D7_history_destruction,,,
confirmatory,10094,direct_coupling_SCM,pca_rank1_explained_variance,0.14029616012170312,0.9886080108535809,0.9969047751131169,-0.008296764259536071,P5_observation_noise,D7_history_destruction,,,
confirmatory,10094,direct_coupling_SCM,spectral_coherence,0.14886399265749528,0.8973621495920943,1.0,-0.10263785040790574,P2_global_scaling,D6_common_driver_replacement,,,
confirmatory,10094,direct_coupling_SCM,autocorrelation_persistence,0.6119528437227053,0.7870153254245605,1.0,-0.21298467457543946,P7_coarse_graining,D2_phase_randomization,,,
confirmatory,10094,direct_coupling_SCM,linear_CKA,0.03959345210328455,0.970553045284726,0.7987221959211777,0.1718308493635483,P5_observation_noise,D4_edge_cutting,,,
confirmatory,10094,direct_coupling_SCM,VAR_ARX_predictive,0.054260331516022886,0.8823883684942136,0.73432110372667,0.14806726476754362,P2_global_scaling,D2_phase_randomization,,,
confirmatory,10094,history_dependent_relational_mode,correlon_v1,0.0,0.0,1.0,-1.0,P1_node_permutation,D1_temporal_shuffle,-0.005593748189814479,-0.039126980258223865,-0.031950057502199536
confirmatory,10094,history_dependent_relational_mode,pearson,0.06218327601420426,0.9921199274039558,1.0,-0.007880072596044174,P5_observation_noise,D2_phase_randomization,,,
confirmatory,10094,history_dependent_relational_mode,mutual_information,0.011689170019878126,0.9801884711814227,1.0,-0.019811528818577284,P5_observation_noise,D2_phase_randomization,,,
confirmatory,10094,history_dependent_relational_mode,largest_covariance_eigenvalue,1.5075643702335348,0.8564697611936316,0.9951309831520787,-0.1386612219584471,P7_coarse_graining,D5_source_swap,,,
confirmatory,10094,history_dependent_relational_mode,pca_rank1_explained_variance,0.12563036418612783,0.9952726218606349,0.9951309831520792,0.0001416387085557691,P5_observation_noise,D5_source_swap,,,
confirmatory,10094,history_dependent_relational_mode,spectral_coherence,0.11497526420654382,0.9931588821088827,1.0,-0.006841117891117299,P5_observation_noise,D2_phase_randomization,,,
confirmatory,10094,history_dependent_relational_mode,autocorrelation_persistence,0.6021470193546791,0.7975702245777326,1.0,-0.20242977542226737,P7_coarse_graining,D5_source_swap,,,
confirmatory,10094,history_dependent_relational_mode,linear_CKA,0.02243593009619826,0.9853521839804874,1.0,-0.014647816019512594,P5_observation_noise,D2_phase_randomization,,,
confirmatory,10094,history_dependent_relational_mode,VAR_ARX_predictive,0.03603404773869967,0.9981034043084598,1.0,-0.001896595691540215,P5_observation_noise,D8_block_shuffle,,,
confirmatory,10095,persistent_shared_mode,correlon_v1,0.3460728129017168,0.9665990492995739,1.0,-0.033400950700426146,P5_observation_noise,D6_common_driver_replacement,0.14215972034502192,0.8424776831231338,0.5010333737297086
confirmatory,10095,persistent_shared_mode,pearson,0.20037411405850075,0.8949819573990923,0.7294025136401765,0.16557944375891576,P4_orthogonal_basis_rotation,D6_common_driver_replacement,,,
confirmatory,10095,persistent_shared_mode,mutual_information,0.07393025181496404,0.9959404551213742,0.47416204669276735,0.5217784084286068,P5_observation_noise,D6_common_driver_replacement,,,
confirmatory,10095,persistent_shared_mode,largest_covariance_eigenvalue,2.7625992283866463,0.9562023095564078,0.8715601513206691,0.08464215823573873,P7_coarse_graining,D6_common_driver_replacement,,,
confirmatory,10095,persistent_shared_mode,pca_rank1_explained_variance,0.2302166023655539,0.9947799168815263,0.8715601513206696,0.12321976556085679,P5_observation_noise,D6_common_driver_replacement,,,
confirmatory,10095,persistent_shared_mode,spectral_coherence,0.26174030687580113,0.49266699241798356,0.9219300255617366,-0.4292630331437531,P2_global_scaling,D6_common_driver_replacement,,,
confirmatory,10095,persistent_shared_mode,autocorrelation_persistence,0.6894113506532542,0.8584567481256341,1.0,-0.1415432518743659,P7_coarse_graining,D7_history_destruction,,,
confirmatory,10095,persistent_shared_mode,linear_CKA,0.21903899216148187,0.6227074355441685,0.541034978262182,0.08167245728198647,P2_global_scaling,D6_common_driver_replacement,,,
confirmatory,10095,persistent_shared_mode,VAR_ARX_predictive,0.045774100232773896,0.8683773539777749,0.8223136905464472,0.04606366343132773,P2_global_scaling,D6_common_driver_replacement,,,
confirmatory,10095,direct_coupling_SCM,correlon_v1,0.0,0.0,1.0,-1.0,P1_node_permutation,D8_block_shuffle,-0.030191086981636805,-0.08213186391158682,0.008035742237530619
confirmatory,10095,direct_coupling_SCM,pearson,0.07008143671448556,0.9966369003046825,1.0,-0.003363099695317451,P5_observation_noise,D5_source_swap,,,
confirmatory,10095,direct_coupling_SCM,mutual_information,0.01418105224482269,0.9894316530942632,1.0,-0.010568346905736825,P5_observation_noise,D5_source_swap,,,
confirmatory,10095,direct_coupling_SCM,largest_covariance_eigenvalue,1.4747757452843013,0.8548547629888315,1.0,-0.14514523701116855,P7_coarse_graining,D5_source_swap,,,
confirmatory,10095,direct_coupling_SCM,pca_rank1_explained_variance,0.12289797877369175,1.0,1.0,0.0,P1_node_permutation,D5_source_swap,,,
confirmatory,10095,direct_coupling_SCM,spectral_coherence,0.11696914127313868,1.0,1.0,0.0,P1_node_permutation,D1_temporal_shuffle,,,
confirmatory,10095,direct_coupling_SCM,autocorrelation_persistence,0.5793577138183063,0.7685817960787157,1.0,-0.23141820392128432,P7_coarse_graining,D5_source_swap,,,
confirmatory,10095,direct_coupling_SCM,linear_CKA,0.028685789571747347,0.6220407735855974,1.0,-0.3779592264144026,P2_global_scaling,D5_source_swap,,,
confirmatory,10095,direct_coupling_SCM,VAR_ARX_predictive,0.0476657779956734,0.8889471534221494,0.7912316187726419,0.09771553464950744,P2_global_scaling,D5_source_swap,,,
confirmatory,10095,history_dependent_relational_mode,correlon_v1,0.0,0.0,1.0,-1.0,P1_node_permutation,D6_common_driver_replacement,-0.0060693698383736255,0.007601443711387563,0.005739457769830925
confirmatory,10095,history_dependent_relational_mode,pearson,0.05556838455349698,0.976367433631981,1.0,-0.023632566368019026,P4_orthogonal_basis_rotation,D2_phase_randomization,,,
confirmatory,10095,history_dependent_relational_mode,mutual_information,0.008667528603162444,0.9664579655000548,1.0,-0.033542034499945195,P5_observation_noise,D2_phase_randomization,,,
confirmatory,10095,history_dependent_relational_mode,largest_covariance_eigenvalue,1.6333716487411198,0.8854648212251875,1.0,-0.11453517877481245,P7_coarse_graining,D7_history_destruction,,,
confirmatory,10095,history_dependent_relational_mode,pca_rank1_explained_variance,0.13611430406175995,0.9999999999999996,1.0,-4.440892098500626e-16,P1_node_permutation,D7_history_destruction,,,
confirmatory,10095,history_dependent_relational_mode,spectral_coherence,0.17907582677180656,0.7292106888087723,0.8500735728967231,-0.12086288408795087,P2_global_scaling,D7_history_destruction,,,
confirmatory,10095,history_dependent_relational_mode,autocorrelation_persistence,0.6055089458481523,0.8298837285397863,1.0,-0.17011627146021369,P7_coarse_graining,D5_source_swap,,,
confirmatory,10095,history_dependent_relational_mode,linear_CKA,0.01775154254941286,0.5584437144932773,1.0,-0.44155628550672266,P2_global_scaling,D2_phase_randomization,,,
confirmatory,10095,history_dependent_relational_mode,VAR_ARX_predictive,0.041413898831478446,0.9521126033608064,0.8889655614588611,0.06314704190194531,P5_observation_noise,D7_history_destruction,,,
confirmatory,10096,persistent_shared_mode,correlon_v1,0.45419113650147985,0.9695313121170699,0.9128270472716872,0.05670426484538271,P6_time_reparameterization,D6_common_driver_replacement,0.26085629517597364,0.7908169834940841,0.5043114653974221
confirmatory,10096,persistent_shared_mode,pearson,0.231620459458884,0.83231258824226,0.7069493266248189,0.12536326161744105,P4_orthogonal_basis_rotation,D6_common_driver_replacement,,,
confirmatory,10096,persistent_shared_mode,mutual_information,0.08017337011334524,0.9903367943267254,0.4344613995077515,0.5558753948189739,P5_observation_noise,D6_common_driver_replacement,,,
confirmatory,10096,persistent_shared_mode,largest_covariance_eigenvalue,3.164676461204354,0.9551520538245943,0.8500805703322553,0.10507148349233908,P6_time_reparameterization,D6_common_driver_replacement,,,
confirmatory,10096,persistent_shared_mode,pca_rank1_explained_variance,0.2637230384336962,0.9920537421999994,0.8500805703322553,0.14197317186774416,P5_observation_noise,D6_common_driver_replacement,,,
confirmatory,10096,persistent_shared_mode,spectral_coherence,0.2111868103570028,0.8540321663883164,1.0,-0.14596783361168364,P2_global_scaling,D6_common_driver_replacement,,,
confirmatory,10096,persistent_shared_mode,autocorrelation_persistence,0.7041296296309584,0.8706309703331753,1.0,-0.12936902966682473,P7_coarse_graining,D7_history_destruction,,,
confirmatory,10096,persistent_shared_mode,linear_CKA,0.2773412281285498,0.9458841362640695,0.5160513285471059,0.42983280771696364,P2_global_scaling,D6_common_driver_replacement,,,
confirmatory,10096,persistent_shared_mode,VAR_ARX_predictive,0.0449416225444802,0.9899126959775235,1.0,-0.010087304022476484,P5_observation_noise,D6_common_driver_replacement,,,
confirmatory,10096,direct_coupling_SCM,correlon_v1,0.0,0.0,1.0,-1.0,P1_node_permutation,D5_source_swap,0.005714916607174256,-0.058983769587846506,0.0335111451847398
confirmatory,10096,direct_coupling_SCM,pearson,0.0770145596423818,0.9842323923524798,0.869280048877839,0.11495234347464078,P5_observation_noise,D4_edge_cutting,,,
confirmatory,10096,direct_coupling_SCM,mutual_information,0.015909108398660998,0.9830359695856233,0.8322295576450683,0.150806411940555,P5_observation_noise,D4_edge_cutting,,,
confirmatory,10096,direct_coupling_SCM,largest_covariance_eigenvalue,1.6989381034872888,0.869430804329286,0.938238571581862,-0.06880776725257598,P7_coarse_graining,D8_block_shuffle,,,
confirmatory,10096,direct_coupling_SCM,pca_rank1_explained_variance,0.14157817529060746,0.9981579254335821,0.9382385715818621,0.05991935385171998,P5_observation_noise,D8_block_shuffle,,,
confirmatory,10096,direct_coupling_SCM,spectral_coherence,0.11821071975089102,1.0,1.0,0.0,P1_node_permutation,D1_temporal_shuffle,,,
confirmatory,10096,direct_coupling_SCM,autocorrelation_persistence,0.6072999611582516,0.7923827273023911,1.0,-0.20761727269760888,P7_coarse_graining,D5_source_swap,,,
confirmatory,10096,direct_coupling_SCM,linear_CKA,0.034019278034769035,0.9672612249067828,0.7753032160988279,0.19195800880795488,P5_observation_noise,D4_edge_cutting,,,
confirmatory,10096,direct_coupling_SCM,VAR_ARX_predictive,0.05146694636384469,0.9790112430091082,0.7366513442147983,0.24235989879430997,P2_global_scaling,D6_common_driver_replacement,,,
confirmatory,10096,history_dependent_relational_mode,correlon_v1,0.0,0.0,1.0,-1.0,P1_node_permutation,D6_common_driver_replacement,0.005831598102625762,-0.07355479193014423,-0.018415180986343038
confirmatory,10096,history_dependent_relational_mode,pearson,0.06763714445226549,0.9749869009805225,1.0,-0.02501309901947746,P5_observation_noise,D8_block_shuffle,,,
confirmatory,10096,history_dependent_relational_mode,mutual_information,0.014016492207307829,0.9473074369461659,0.9853179374225878,-0.03801050047642185,P5_observation_noise,D8_block_shuffle,,,
confirmatory,10096,history_dependent_relational_mode,largest_covariance_eigenvalue,1.42614620976412,0.8871114932402249,1.0,-0.11288850675977513,P7_coarse_graining,D6_common_driver_replacement,,,
confirmatory,10096,history_dependent_relational_mode,pca_rank1_explained_variance,0.11884551748034337,0.9999999999999997,1.0,-3.3306690738754696e-16,P4_orthogonal_basis_rotation,D6_common_driver_replacement,,,
confirmatory,10096,history_dependent_relational_mode,spectral_coherence,0.16723298302244247,0.7392573576367291,1.0,-0.26074264236327094,P6_time_reparameterization,D1_temporal_shuffle,,,
confirmatory,10096,history_dependent_relational_mode,autocorrelation_persistence,0.6190028586944932,0.8677518172226589,1.0,-0.13224818277734107,P7_coarse_graining,D7_history_destruction,,,
confirmatory,10096,history_dependent_relational_mode,linear_CKA,0.026828477489664066,0.9352185469473879,1.0,-0.06478145305261207,P2_global_scaling,D8_block_shuffle,,,
confirmatory,10096,history_dependent_relational_mode,VAR_ARX_predictive,0.033153037538887264,0.9949829219537105,1.0,-0.00501707804628948,P5_observation_noise,D1_temporal_shuffle,,,
confirmatory,10097,persistent_shared_mode,correlon_v1,0.35991033946790396,0.9949745612382052,1.0,-0.005025438761794843,P2_global_scaling,D6_common_driver_replacement,0.17579446300767285,0.73685740858771,0.48165602916230815
confirmatory,10097,persistent_shared_mode,pearson,0.22791929189229806,0.9490785214916074,0.7344297741308046,0.21464874736080286,P4_orthogonal_basis_rotation,D6_common_driver_replacement,,,
confirmatory,10097,persistent_shared_mode,mutual_information,0.0757173763643848,0.9827949237503532,0.47074136112341075,0.5120535626269425,P5_observation_noise,D6_common_driver_replacement,,,
confirmatory,10097,persistent_shared_mode,largest_covariance_eigenvalue,3.1584438242460795,0.9636884259567291,0.8731518095483076,0.09053661640842148,P7_coarse_graining,D6_common_driver_replacement,,,
confirmatory,10097,persistent_shared_mode,pca_rank1_explained_variance,0.2632036520205065,0.8904030505873494,0.8731518095483078,0.01725124103904152,P2_global_scaling,D6_common_driver_replacement,,,
confirmatory,10097,persistent_shared_mode,spectral_coherence,0.24468529388443191,0.625240724212979,1.0,-0.37475927578702095,P2_global_scaling,D6_common_driver_replacement,,,
confirmatory,10097,persistent_shared_mode,autocorrelation_persistence,0.7114716951598203,0.8766082626181411,0.9985320193175591,-0.12192375669941802,P7_coarse_graining,D2_phase_randomization,,,
confirmatory,10097,persistent_shared_mode,linear_CKA,0.2680524250964208,0.47225072377435173,0.5521595227451298,-0.07990879897077807,P2_global_scaling,D6_common_driver_replacement,,,
confirmatory,10097,persistent_shared_mode,VAR_ARX_predictive,0.054159506742724406,0.8934687879655744,0.805581585622807,0.08788720234276737,P2_global_scaling,D6_common_driver_replacement,,,
confirmatory,10097,direct_coupling_SCM,correlon_v1,0.0,0.0,1.0,-1.0,P1_node_permutation,D4_edge_cutting,-0.03034513930823371,0.020117510639183184,-0.031230117278842673
confirmatory,10097,direct_coupling_SCM,pearson,0.07590549202159119,0.9744066742014215,0.9114420226510711,0.06296465155035036,P5_observation_noise,D7_history_destruction,,,
confirmatory,10097,direct_coupling_SCM,mutual_information,0.013714232175232932,0.942405613054513,1.0,-0.05759438694548702,P5_observation_noise,D7_history_destruction,,,
confirmatory,10097,direct_coupling_SCM,largest_covariance_eigenvalue,1.6268924194608634,0.8707323387895928,0.9884361255770159,-0.1177037867874231,P7_coarse_graining,D6_common_driver_replacement,,,
confirmatory,10097,direct_coupling_SCM,pca_rank1_explained_variance,0.13557436828840527,0.9929233476258802,0.9884361255770161,0.004487222048864092,P5_observation_noise,D6_common_driver_replacement,,,
confirmatory,10097,direct_coupling_SCM,spectral_coherence,0.1782788367515855,0.910581198274547,1.0,-0.08941880172545302,P2_global_scaling,D6_common_driver_replacement,,,
confirmatory,10097,direct_coupling_SCM,autocorrelation_persistence,0.6077879729193426,0.8199406984644432,1.0,-0.18005930153555683,P7_coarse_graining,D5_source_swap,,,
confirmatory,10097,direct_coupling_SCM,linear_CKA,0.03366106365214804,0.6554092931168097,0.8242473319125968,-0.16883803879578707,P2_global_scaling,D7_history_destruction,,,
confirmatory,10097,direct_coupling_SCM,VAR_ARX_predictive,0.04490111164079774,0.9699632555995238,0.7290576589336891,0.24090559666583466,P6_time_reparameterization,D3_IAAFT_surrogate,,,
confirmatory,10097,history_dependent_relational_mode,correlon_v1,0.028147870638081263,0.0,1.0,-1.0,P7_coarse_graining,D5_source_swap,0.018140583997249923,0.04367569542294056,0.013157735450835983
confirmatory,10097,history_dependent_relational_mode,pearson,0.08932916788148357,0.9682813415937183,0.9077950870003134,0.06048625459340484,P5_observation_noise,D7_history_destruction,,,
confirmatory,10097,history_dependent_relational_mode,mutual_information,0.019556711722413245,0.9334894150785567,1.0,-0.06651058492144335,P5_observation_noise,D7_history_destruction,,,
confirmatory,10097,history_dependent_relational_mode,largest_covariance_eigenvalue,1.739588233318953,0.8905321510533366,0.9293854053789666,-0.03885325432563003,P7_coarse_graining,D6_common_driver_replacement,,,
confirmatory,10097,history_dependent_relational_mode,pca_rank1_explained_variance,0.1449656861099128,0.987125057498443,0.9293854053789665,0.057739652119476514,P5_observation_noise,D6_common_driver_replacement,,,
confirmatory,10097,history_dependent_relational_mode,spectral_coherence,0.09964233081860056,0.9999999999999997,1.0,-3.3306690738754696e-16,P4_orthogonal_basis_rotation,D1_temporal_shuffle,,,
confirmatory,10097,history_dependent_relational_mode,autocorrelation_persistence,0.6256183053801102,0.8446768319833315,1.0,-0.15532316801666846,P7_coarse_graining,D5_source_swap,,,
confirmatory,10097,history_dependent_relational_mode,linear_CKA,0.045901844270900126,0.6077518645603752,0.8336849054755406,-0.22593304091516542,P2_global_scaling,D7_history_destruction,,,
confirmatory,10097,history_dependent_relational_mode,VAR_ARX_predictive,0.03374660064395529,0.9999999999999983,1.0,-1.6653345369377348e-15,P3_affine_offset,D2_phase_randomization,,,
confirmatory,10098,persistent_shared_mode,correlon_v1,0.33602381129006564,0.8970552864604775,1.0,-0.1029447135395225,P5_observation_noise,D6_common_driver_replacement,0.15984553777433713,0.7063819442573732,0.4715604472591143
confirmatory,10098,persistent_shared_mode,pearson,0.20868486543203643,0.8212091607197843,0.7124876028851781,0.10872155783460624,P4_orthogonal_basis_rotation,D6_common_driver_replacement,,,
confirmatory,10098,persistent_shared_mode,mutual_information,0.06530509912953675,0.9917167842170529,0.48699348075600235,0.5047233034610505,P5_observation_noise,D6_common_driver_replacement,,,
confirmatory,10098,persistent_shared_mode,largest_covariance_eigenvalue,3.009244316405198,0.9275589983705166,0.8421927442547016,0.085366254115815,P6_time_reparameterization,D6_common_driver_replacement,,,
confirmatory,10098,persistent_shared_mode,pca_rank1_explained_variance,0.25077035970043315,0.9693677155684407,0.8421927442547016,0.12717497131373912,P2_global_scaling,D6_common_driver_replacement,,,
confirmatory,10098,persistent_shared_mode,spectral_coherence,0.24638382293671265,0.5856517851817212,0.8716780582595466,-0.28602627307782535,P2_global_scaling,D6_common_driver_replacement,,,
confirmatory,10098,persistent_shared_mode,autocorrelation_persistence,0.6994203149935462,0.8856907423526909,1.0,-0.11430925764730915,P7_coarse_graining,D5_source_swap,,,
confirmatory,10098,persistent_shared_mode,linear_CKA,0.2262455617552295,0.5508422687622466,0.5297696842087546,0.021072584553492035,P2_global_scaling,D6_common_driver_replacement,,,
confirmatory,10098,persistent_shared_mode,VAR_ARX_predictive,0.04927256199754326,0.9609944757774763,0.8387889747256214,0.1222055010518549,P2_global_scaling,D6_common_driver_replacement,,,
confirmatory,10098,direct_coupling_SCM,correlon_v1,0.0,0.0,1.0,-1.0,P1_node_permutation,D1_temporal_shuffle,0.006772847328170087,-0.09185126907040732,-0.048926032193321395
confirmatory,10098,direct_coupling_SCM,pearson,0.0572288510860316,0.9763796527248007,1.0,-0.02362034727519935,P5_observation_noise,D2_phase_randomization,,,
confirmatory,10098,direct_coupling_SCM,mutual_information,0.010102267384371921,0.9641027003611675,1.0,-0.03589729963883248,P5_observation_noise,D2_phase_randomization,,,
confirmatory,10098,direct_coupling_SCM,largest_covariance_eigenvalue,1.5676477073243582,0.8728784174742112,1.0,-0.12712158252578876,P7_coarse_graining,D5_source_swap,,,
confirmatory,10098,direct_coupling_SCM,pca_rank1_explained_variance,0.13063730894369646,0.9999999999999996,1.0,-4.440892098500626e-16,P4_orthogonal_basis_rotation,D5_source_swap,,,
confirmatory,10098,direct_coupling_SCM,spectral_coherence,0.15140205488267633,0.9107712714400219,0.9854300590803656,-0.07465878764034373,P2_global_scaling,D1_temporal_shuffle,,,
confirmatory,10098,direct_coupling_SCM,autocorrelation_persistence,0.6252845100413823,0.8115416051513538,1.0,-0.18845839484864624,P7_coarse_graining,D7_history_destruction,,,
confirmatory,10098,direct_coupling_SCM,linear_CKA,0.018704325493274346,0.6541629633315804,1.0,-0.3458370366684196,P2_global_scaling,D2_phase_randomization,,,
confirmatory,10098,direct_coupling_SCM,VAR_ARX_predictive,0.058788638022605644,0.9374845987463493,0.6212303736617376,0.31625422508461165,P6_time_reparameterization,D8_block_shuffle,,,
confirmatory,10098,history_dependent_relational_mode,correlon_v1,0.0,0.0,1.0,-1.0,P1_node_permutation,D1_temporal_shuffle,-0.02184617597891972,-0.09000555964899219,0.05976037249548699
confirmatory,10098,history_dependent_relational_mode,pearson,0.07979692191875945,0.9812257397781939,0.8846252732323101,0.09660046654588383,P4_orthogonal_basis_rotation,D6_common_driver_replacement,,,
confirmatory,10098,history_dependent_relational_mode,mutual_information,0.015642812379603077,0.9999997872021865,0.9225814940293903,0.07741829317279625,P2_global_scaling,D5_source_swap,,,
confirmatory,10098,history_dependent_relational_mode,largest_covariance_eigenvalue,1.885662693041767,0.8972697927267252,0.9088913428295217,-0.011621550102796419,P7_coarse_graining,D8_block_shuffle,,,
confirmatory,10098,history_dependent_relational_mode,pca_rank1_explained_variance,0.15713855775348054,0.9983224803039287,0.9088913428295216,0.08943113747440712,P5_observation_noise,D8_block_shuffle,,,
confirmatory,10098,history_dependent_relational_mode,spectral_coherence,0.13203769317121952,1.0,1.0,0.0,P1_node_permutation,D6_common_driver_replacement,,,
confirmatory,10098,history_dependent_relational_mode,autocorrelation_persistence,0.6199799705776999,0.8349687284750331,1.0,-0.16503127152496688,P7_coarse_graining,D5_source_swap,,,
confirmatory,10098,history_dependent_relational_mode,linear_CKA,0.03580983975388188,0.5222243349938658,0.8163799995522608,-0.29415566455839504,P2_global_scaling,D6_common_driver_replacement,,,
confirmatory,10098,history_dependent_relational_mode,VAR_ARX_predictive,0.03982164801764476,0.9270353716556275,0.9361295289021364,-0.00909415724650886,P2_global_scaling,D5_source_swap,,,
confirmatory,10099,persistent_shared_mode,correlon_v1,0.37001574503789364,0.8467860689123898,1.0,-0.15321393108761017,P6_time_reparameterization,D6_common_driver_replacement,0.1856289031652478,0.7375556782451494,0.4637573837611239
confirmatory,10099,persistent_shared_mode,pearson,0.20535730946704447,0.8981217510092422,0.7476101716190914,0.1505115793901508,P4_orthogonal_basis_rotation,D6_common_driver_replacement,,,
confirmatory,10099,persistent_shared_mode,mutual_information,0.0724441887657512,0.9937448724161898,0.4773190751176174,0.5164257972985724,P5_observation_noise,D6_common_driver_replacement,,,
confirmatory,10099,persistent_shared_mode,largest_covariance_eigenvalue,2.8585985877937663,0.9300828098546219,0.8930755948539316,0.03700721500069026,P6_time_reparameterization,D6_common_driver_replacement,,,
confirmatory,10099,persistent_shared_mode,pca_rank1_explained_variance,0.23821654898281383,1.0,0.8930755948539313,0.10692440514606871,P1_node_permutation,D6_common_driver_replacement,,,
confirmatory,10099,persistent_shared_mode,spectral_coherence,0.22431507994360522,0.6940544545893585,1.0,-0.30594554541064145,P2_global_scaling,D6_common_driver_replacement,,,
confirmatory,10099,persistent_shared_mode,autocorrelation_persistence,0.7037865482584191,0.8784023292241858,0.9992097292451013,-0.1208074000209155,P7_coarse_graining,D2_phase_randomization,,,
confirmatory,10099,persistent_shared_mode,linear_CKA,0.22685843353603138,0.4661818391848682,0.5666470420585343,-0.10046520287366612,P2_global_scaling,D6_common_driver_replacement,,,
confirmatory,10099,persistent_shared_mode,VAR_ARX_predictive,0.043731484827330025,0.9530753194330839,0.9717340417969215,-0.018658722363837588,P5_observation_noise,D6_common_driver_replacement,,,
confirmatory,10099,direct_coupling_SCM,correlon_v1,0.0,0.0,1.0,-1.0,P1_node_permutation,D3_IAAFT_surrogate,0.004523593452654837,-0.02438761703232621,-0.05363664525961809
confirmatory,10099,direct_coupling_SCM,pearson,0.0670910651872046,0.9658008938450129,1.0,-0.03419910615498711,P4_orthogonal_basis_rotation,D2_phase_randomization,,,
confirmatory,10099,direct_coupling_SCM,mutual_information,0.013181112688558039,0.9999998981052741,1.0,-1.0189472587907034e-07,P2_global_scaling,D2_phase_randomization,,,
confirmatory,10099,direct_coupling_SCM,largest_covariance_eigenvalue,1.6218078645784373,0.8613275022263166,0.9968551856551204,-0.13552768342880384,P7_coarse_graining,D7_history_destruction,,,
confirmatory,10099,direct_coupling_SCM,pca_rank1_explained_variance,0.1351506553815364,1.0,0.9968551856551208,0.003144814344879232,P1_node_permutation,D7_history_destruction,,,
confirmatory,10099,direct_coupling_SCM,spectral_coherence,0.11189248966604323,0.9865582208733391,1.0,-0.013441779126660891,P5_observation_noise,D1_temporal_shuffle,,,
confirmatory,10099,direct_coupling_SCM,autocorrelation_persistence,0.6076025729269113,0.7761815218603516,1.0,-0.2238184781396484,P7_coarse_graining,D5_source_swap,,,
confirmatory,10099,direct_coupling_SCM,linear_CKA,0.02585618655461618,0.7759732192982574,1.0,-0.22402678070174264,P2_global_scaling,D2_phase_randomization,,,
confirmatory,10099,direct_coupling_SCM,VAR_ARX_predictive,0.05553853957172883,0.8354570411517842,0.6242348490307101,0.21122219212107407,P2_global_scaling,D2_phase_randomization,,,
confirmatory,10099,history_dependent_relational_mode,correlon_v1,0.018701984034984864,0.0,1.0,-1.0,P5_observation_noise,D3_IAAFT_surrogate,0.011614638182189552,0.030114085463391713,-0.023625032458016948
confirmatory,10099,history_dependent_relational_mode,pearson,0.06468302768063708,0.9995477169485172,1.0,-0.0004522830514828158,P4_orthogonal_basis_rotation,D5_source_swap,,,
confirmatory,10099,history_dependent_relational_mode,mutual_information,0.011374490941514104,0.9999998247287676,1.0,-1.7527123241656284e-07,P2_global_scaling,D2_phase_randomization,,,
confirmatory,10099,history_dependent_relational_mode,largest_covariance_eigenvalue,1.5535654065828657,0.8850799518837558,1.0,-0.11492004811624423,P7_coarse_graining,D7_history_destruction,,,
confirmatory,10099,history_dependent_relational_mode,pca_rank1_explained_variance,0.12946378388190546,0.9986204620719606,1.0,-0.0013795379280393538,P5_observation_noise,D7_history_destruction,,,
confirmatory,10099,history_dependent_relational_mode,spectral_coherence,0.1332845296134451,0.9913633181027938,1.0,-0.008636681897206233,P2_global_scaling,D2_phase_randomization,,,
confirmatory,10099,history_dependent_relational_mode,autocorrelation_persistence,0.6315522863929856,0.827334725109283,0.9990125625993004,-0.17167783749001742,P7_coarse_graining,D2_phase_randomization,,,
confirmatory,10099,history_dependent_relational_mode,linear_CKA,0.024343199632259883,0.7871977989505953,1.0,-0.21280220104940473,P2_global_scaling,D5_source_swap,,,
confirmatory,10099,history_dependent_relational_mode,VAR_ARX_predictive,0.030229591951603352,0.8322779438322315,1.0,-0.16772205616776847,P2_global_scaling,D2_phase_randomization,,,
confirmatory,10100,persistent_shared_mode,correlon_v1,0.2600282572397046,1.0,1.0,0.0,P1_node_permutation,D6_common_driver_replacement,0.13254094083777673,0.5101419541443792,0.36370780683583304
confirmatory,10100,persistent_shared_mode,pearson,0.1859331708188611,0.8920787228702386,0.7487878821284675,0.14329084074177112,P4_orthogonal_basis_rotation,D6_common_driver_replacement,,,
confirmatory,10100,persistent_shared_mode,mutual_information,0.05915889512138861,0.9999993971925933,0.531915470166888,0.46808392702570534,P2_global_scaling,D6_common_driver_replacement,,,
confirmatory,10100,persistent_shared_mode,largest_covariance_eigenvalue,2.6822785763808676,0.9532568664904802,0.8885167505974987,0.06474011589298156,P7_coarse_graining,D6_common_driver_replacement,,,
confirmatory,10100,persistent_shared_mode,pca_rank1_explained_variance,0.22352321469840564,0.999323458411773,0.8885167505974987,0.11080670781427426,P5_observation_noise,D6_common_driver_replacement,,,
confirmatory,10100,persistent_shared_mode,spectral_coherence,0.22352475481968542,0.83327415929731,1.0,-0.16672584070269003,P2_global_scaling,D6_common_driver_replacement,,,
confirmatory,10100,persistent_shared_mode,autocorrelation_persistence,0.6940467102039586,0.8676072406169992,0.9983053885325665,-0.13069814791556722,P7_coarse_graining,D2_phase_randomization,,,
confirmatory,10100,persistent_shared_mode,linear_CKA,0.19015469717139993,0.8984611443450239,0.5652839740245913,0.3331771703204326,P2_global_scaling,D6_common_driver_replacement,,,
confirmatory,10100,persistent_shared_mode,VAR_ARX_predictive,0.04265200636974814,0.9690331188590801,0.9395891197908789,0.029443999068201165,P5_observation_noise,D6_common_driver_replacement,,,
confirmatory,10100,direct_coupling_SCM,correlon_v1,0.030195096474004843,0.0,1.0,-1.0,P5_observation_noise,D7_history_destruction,0.0391737244475327,0.023274372399683448,0.025949524510306243
confirmatory,10100,direct_coupling_SCM,pearson,0.05586241183698653,0.958027600451375,1.0,-0.04197239954862497,P5_observation_noise,D3_IAAFT_surrogate,,,
confirmatory,10100,direct_coupling_SCM,mutual_information,0.009603887825602841,0.9264419620225799,1.0,-0.07355803797742011,P5_observation_noise,D3_IAAFT_surrogate,,,
confirmatory,10100,direct_coupling_SCM,largest_covariance_eigenvalue,1.6011922208728773,0.8533916977287057,1.0,-0.1466083022712943,P7_coarse_graining,D7_history_destruction,,,
confirmatory,10100,direct_coupling_SCM,pca_rank1_explained_variance,0.13343268507273978,0.9905272460335773,1.0,-0.009472753966422665,P5_observation_noise,D7_history_destruction,,,
confirmatory,10100,direct_coupling_SCM,spectral_coherence,0.13396983541927865,0.9243798303334322,1.0,-0.07562016966656782,P2_global_scaling,D5_source_swap,,,
confirmatory,10100,direct_coupling_SCM,autocorrelation_persistence,0.6099436101072604,0.8047577472955308,0.9999300771794419,-0.1951723298839111,P7_coarse_graining,D2_phase_randomization,,,
confirmatory,10100,direct_coupling_SCM,linear_CKA,0.017949814155089325,0.559895509130033,1.0,-0.44010449086996695,P2_global_scaling,D3_IAAFT_surrogate,,,
confirmatory,10100,direct_coupling_SCM,VAR_ARX_predictive,0.0552557666341274,0.8696399435519552,0.6743296825791611,0.19531026097279403,P2_global_scaling,D8_block_shuffle,,,
confirmatory,10100,history_dependent_relational_mode,correlon_v1,0.0,0.0,0.0,0.0,P1_node_permutation,D1_temporal_shuffle,0.00439525709709393,-0.10695628568156784,-0.07556420534545438
confirmatory,10100,history_dependent_relational_mode,pearson,0.06315704926474054,0.983664899716042,0.9804524466157356,0.0032124531003063783,P5_observation_noise,D6_common_driver_replacement,,,
confirmatory,10100,history_dependent_relational_mode,mutual_information,0.011791766496672462,0.9669084063289491,0.9145517866078943,0.052356619721054876,P5_observation_noise,D2_phase_randomization,,,
confirmatory,10100,history_dependent_relational_mode,largest_covariance_eigenvalue,1.372212046639233,0.8466400303897278,1.0,-0.1533599696102722,P7_coarse_graining,D5_source_swap,,,
confirmatory,10100,history_dependent_relational_mode,pca_rank1_explained_variance,0.11435100388660273,0.9866134034109488,1.0,-0.01338659658905117,P5_observation_noise,D5_source_swap,,,
confirmatory,10100,history_dependent_relational_mode,spectral_coherence,0.156268883196105,0.9565791766804613,1.0,-0.04342082331953867,P5_observation_noise,D6_common_driver_replacement,,,
confirmatory,10100,history_dependent_relational_mode,autocorrelation_persistence,0.5880039151346305,0.7776859978540137,1.0,-0.2223140021459863,P7_coarse_graining,D2_phase_randomization,,,
confirmatory,10100,history_dependent_relational_mode,linear_CKA,0.02360289629143468,0.7606370330862678,0.9582473734908886,-0.19761034040462078,P2_global_scaling,D6_common_driver_replacement,,,
confirmatory,10100,history_dependent_relational_mode,VAR_ARX_predictive,0.031492534205930234,0.9999999999999964,1.0,-3.552713678800501e-15,P4_orthogonal_basis_rotation,D2_phase_randomization,,,
confirmatory,10101,persistent_shared_mode,correlon_v1,0.2541319832574029,0.9352526039301385,1.0,-0.06474739606986146,P5_observation_noise,D6_common_driver_replacement,0.10056408887178522,0.6422080251398832,0.4109173138809471
confirmatory,10101,persistent_shared_mode,pearson,0.15594048135734562,0.8729152518817563,0.8075714579387544,0.06534379394300194,P4_orthogonal_basis_rotation,D6_common_driver_replacement,,,
confirmatory,10101,persistent_shared_mode,mutual_information,0.04913668529831661,0.9957625054934659,0.5174523963219411,0.47831010917152483,P5_observation_noise,D6_common_driver_replacement,,,
confirmatory,10101,persistent_shared_mode,largest_covariance_eigenvalue,2.3406694127746857,0.7376782634241312,0.967100394516236,-0.22942213109210474,P2_global_scaling,D6_common_driver_replacement,,,
confirmatory,10101,persistent_shared_mode,pca_rank1_explained_variance,0.19505578439789042,0.9972933187565931,0.9671003945162362,0.03019292424035691,P5_observation_noise,D6_common_driver_replacement,,,
confirmatory,10101,persistent_shared_mode,spectral_coherence,0.2820376143070174,0.402250404402998,0.8602181650242416,-0.45796776062124367,P2_global_scaling,D6_common_driver_replacement,,,
confirmatory,10101,persistent_shared_mode,autocorrelation_persistence,0.6807574605602777,0.8794856707764882,1.0,-0.1205143292235118,P7_coarse_graining,D5_source_swap,,,
confirmatory,10101,persistent_shared_mode,linear_CKA,0.1366056583056653,0.5013161175576359,0.6509531774299718,-0.1496370598723359,P2_global_scaling,D6_common_driver_replacement,,,
confirmatory,10101,persistent_shared_mode,VAR_ARX_predictive,0.050509478723074985,0.944627069392822,0.8532965640249902,0.09133050536783183,P2_global_scaling,D6_common_driver_replacement,,,
confirmatory,10101,direct_coupling_SCM,correlon_v1,0.06612006851454813,0.6466616995292733,1.0,-0.3533383004707267,P5_observation_noise,D6_common_driver_replacement,0.05139258188182441,0.08506798647364125,0.1735457161333988
confirmatory,10101,direct_coupling_SCM,pearson,0.08329524285341315,0.9871380587301836,0.9026893029341845,0.08444875579599909,P5_observation_noise,D6_common_driver_replacement,,,
confirmatory,10101,direct_coupling_SCM,mutual_information,0.020164108496697364,0.9676726267601075,0.8429509234475463,0.12472170331256116,P5_observation_noise,D7_history_destruction,,,
confirmatory,10101,direct_coupling_SCM,largest_covariance_eigenvalue,1.6068655779801535,0.8933007572044486,1.0,-0.10669924279555143,P7_coarse_graining,D6_common_driver_replacement,,,
confirmatory,10101,direct_coupling_SCM,pca_rank1_explained_variance,0.13390546483167948,0.9912967888551303,1.0,-0.008703211144869716,P5_observation_noise,D6_common_driver_replacement,,,
confirmatory,10101,direct_coupling_SCM,spectral_coherence,0.11160662869579106,0.9769640715511405,1.0,-0.02303592844885949,P5_observation_noise,D1_temporal_shuffle,,,
confirmatory,10101,direct_coupling_SCM,autocorrelation_persistence,0.6058705189112364,0.8146155419962319,0.9987558709385171,-0.18414032894228527,P7_coarse_graining,D2_phase_randomization,,,
confirmatory,10101,direct_coupling_SCM,linear_CKA,0.04049211089836527,0.8728956396533081,0.8237958516412554,0.049099788012052725,P2_global_scaling,D6_common_driver_replacement,,,
confirmatory,10101,direct_coupling_SCM,VAR_ARX_predictive,0.04661122723180339,0.9533822119075279,0.7430836690390044,0.21029854286852356,P5_observation_noise,D6_common_driver_replacement,,,
confirmatory,10101,history_dependent_relational_mode,correlon_v1,0.0,0.0,1.0,-1.0,P1_node_permutation,D3_IAAFT_surrogate,-0.01666387570566838,0.10687618118020065,0.009094817862361215
confirmatory,10101,history_dependent_relational_mode,pearson,0.0741167795115574,0.9714072791199199,0.9942783901869888,-0.02287111106706896,P4_orthogonal_basis_rotation,D7_history_destruction,,,
confirmatory,10101,history_dependent_relational_mode,mutual_information,0.014793901233902784,0.9616317606921745,1.0,-0.038368239307825514,P5_observation_noise,D7_history_destruction,,,
confirmatory,10101,history_dependent_relational_mode,largest_covariance_eigenvalue,1.5569250621283741,0.851404416766514,1.0,-0.14859558323348598,P7_coarse_graining,D5_source_swap,,,
confirmatory,10101,history_dependent_relational_mode,pca_rank1_explained_variance,0.12974375517736456,0.9955925255902165,1.0,-0.004407474409783507,P5_observation_noise,D5_source_swap,,,
confirmatory,10101,history_dependent_relational_mode,spectral_coherence,0.13020903566525038,0.9999999999999986,1.0,-1.4432899320127035e-15,P4_orthogonal_basis_rotation,D1_temporal_shuffle,,,
confirmatory,10101,history_dependent_relational_mode,autocorrelation_persistence,0.6060995626318766,0.8269154462532833,1.0,-0.17308455374671672,P7_coarse_graining,D5_source_swap,,,
confirmatory,10101,history_dependent_relational_mode,linear_CKA,0.03189474414295909,0.9577028892065222,0.9608984753876483,-0.003195586181126031,P5_observation_noise,D7_history_destruction,,,
confirmatory,10101,history_dependent_relational_mode,VAR_ARX_predictive,0.032357956404058696,0.9804713235752237,1.0,-0.019528676424776292,P2_global_scaling,D1_temporal_shuffle,,,
confirmatory,10102,persistent_shared_mode,correlon_v1,0.06897988877411758,1.0,1.0,0.0,P1_node_permutation,D6_common_driver_replacement,0.09685762608599723,0.04912597229117442,0.40501091365936764
confirmatory,10102,persistent_shared_mode,pearson,0.20333077281277742,0.9020514795211607,0.6718295690864536,0.23022191043470708,P4_orthogonal_basis_rotation,D6_common_driver_replacement,,,
confirmatory,10102,persistent_shared_mode,mutual_information,0.06691453133971481,0.9911925670199886,0.4198777210786981,0.5713148459412905,P5_observation_noise,D6_common_driver_replacement,,,
confirmatory,10102,persistent_shared_mode,largest_covariance_eigenvalue,2.8778863683602536,0.9681571706600758,0.830719330479497,0.1374378401805788,P7_coarse_graining,D6_common_driver_replacement,,,
confirmatory,10102,persistent_shared_mode,pca_rank1_explained_variance,0.23982386403002112,0.9978665302188672,0.8307193304794972,0.16714719973936998,P5_observation_noise,D6_common_driver_replacement,,,
confirmatory,10102,persistent_shared_mode,spectral_coherence,0.23512486926445922,0.7292634012815743,1.0,-0.2707365987184257,P2_global_scaling,D6_common_driver_replacement,,,
confirmatory,10102,persistent_shared_mode,autocorrelation_persistence,0.7074920347957488,0.8761593797293541,1.0,-0.12384062027064591,P7_coarse_graining,D5_source_swap,,,
confirmatory,10102,persistent_shared_mode,linear_CKA,0.22191764299393957,0.48121766966347307,0.46526886465190737,0.015948805011565703,P2_global_scaling,D6_common_driver_replacement,,,
confirmatory,10102,persistent_shared_mode,VAR_ARX_predictive,0.048632764394400785,0.9147321188523078,0.952404861661089,-0.03767274280878119,P2_global_scaling,D6_common_driver_replacement,,,
confirmatory,10102,direct_coupling_SCM,correlon_v1,0.10827370301149326,0.8379506014651833,1.0,-0.1620493985348167,P6_time_reparameterization,D6_common_driver_replacement,0.032291872132931734,0.36303856015413727,0.283121620492022
confirmatory,10102,direct_coupling_SCM,pearson,0.103351788984819,0.974192972870526,0.7139813387435323,0.26021163412699366,P4_orthogonal_basis_rotation,D6_common_driver_replacement,,,
confirmatory,10102,direct_coupling_SCM,mutual_information,0.022115691868919596,1.0,0.7006651050138653,0.29933489498613475,P1_node_permutation,D7_history_destruction,,,
confirmatory,10102,direct_coupling_SCM,largest_covariance_eigenvalue,2.0065602800055995,0.8996260403318371,0.9272066585607526,-0.027580618228915443,P7_coarse_graining,D7_history_destruction,,,
confirmatory,10102,direct_coupling_SCM,pca_rank1_explained_variance,0.16721335666713336,0.9947889053663013,0.9272066585607522,0.06758224680554903,P5_observation_noise,D7_history_destruction,,,
confirmatory,10102,direct_coupling_SCM,spectral_coherence,0.27189633408934644,0.5000833911173925,0.6835147631729205,-0.18343137205552795,P2_global_scaling,D3_IAAFT_surrogate,,,
confirmatory,10102,direct_coupling_SCM,autocorrelation_persistence,0.6210574158266894,0.8148440678619183,0.9988288680784808,-0.1839848002165625,P7_coarse_graining,D7_history_destruction,,,
confirmatory,10102,direct_coupling_SCM,linear_CKA,0.06038686489272891,0.9131178795726468,0.5255876413909167,0.38753023818173005,P2_global_scaling,D6_common_driver_replacement,,,
confirmatory,10102,direct_coupling_SCM,VAR_ARX_predictive,0.0578824907923679,0.9374376952415543,0.687116056148938,0.2503216390926163,P6_time_reparameterization,D6_common_driver_replacement,,,
confirmatory,10102,history_dependent_relational_mode,correlon_v1,0.040063077139144775,0.0,1.0,-1.0,P5_observation_noise,D2_phase_randomization,0.005642517615151249,0.28445638265216844,0.12007007273323145
confirmatory,10102,history_dependent_relational_mode,pearson,0.06270084433649288,0.9723793161403951,1.0,-0.027620683859604922,P5_observation_noise,D5_source_swap,,,
confirmatory,10102,history_dependent_relational_mode,mutual_information,0.012201078513780272,0.9513148250744841,1.0,-0.04868517492551594,P5_observation_noise,D7_history_destruction,,,
confirmatory,10102,history_dependent_relational_mode,largest_covariance_eigenvalue,1.436930186535811,0.845907904325609,1.0,-0.15409209567439097,P7_coarse_graining,D5_source_swap,,,
confirmatory,10102,history_dependent_relational_mode,pca_rank1_explained_variance,0.1197441822113176,1.0,1.0,0.0,P1_node_permutation,D5_source_swap,,,
confirmatory,10102,history_dependent_relational_mode,spectral_coherence,0.1294132746452364,0.9963807169426471,1.0,-0.003619283057352929,P2_global_scaling,D1_temporal_shuffle,,,
confirmatory,10102,history_dependent_relational_mode,autocorrelation_persistence,0.5967884466007218,0.8124552897705634,1.0,-0.18754471022943664,P7_coarse_graining,D5_source_swap,,,
confirmatory,10102,history_dependent_relational_mode,linear_CKA,0.022948850139573436,0.8132822384263219,1.0,-0.18671776157367814,P2_global_scaling,D7_history_destruction,,,
confirmatory,10102,history_dependent_relational_mode,VAR_ARX_predictive,0.0323707953852736,0.9312654446351352,1.0,-0.06873455536486484,P2_global_scaling,D2_phase_randomization,,,
confirmatory,10103,persistent_shared_mode,correlon_v1,0.2726402026524025,0.9400310605993335,1.0,-0.0599689394006665,P5_observation_noise,D6_common_driver_replacement,0.20849525704148764,0.35651976527960993,0.4648015310701672
confirmatory,10103,persistent_shared_mode,pearson,0.2132936453474153,0.8601772541148479,0.7831418694570818,0.07703538465776616,P4_orthogonal_basis_rotation,D6_common_driver_replacement,,,
confirmatory,10103,persistent_shared_mode,mutual_information,0.0732754859053738,0.9933280144250876,0.5473401701081019,0.4459878443169857,P5_observation_noise,D6_common_driver_replacement,,,
confirmatory,10103,persistent_shared_mode,largest_covariance_eigenvalue,2.9900655622235126,0.9463151541120913,0.8864606816008654,0.05985447251122589,P6_time_reparameterization,D6_common_driver_replacement,,,
confirmatory,10103,persistent_shared_mode,pca_rank1_explained_variance,0.24917213018529258,0.9988791097771784,0.8864606816008657,0.11241842817631276,P5_observation_noise,D6_common_driver_replacement,,,
confirmatory,10103,persistent_shared_mode,spectral_coherence,0.23448131065091463,0.621543422459378,1.0,-0.378456577540622,P2_global_scaling,D6_common_driver_replacement,,,
confirmatory,10103,persistent_shared_mode,autocorrelation_persistence,0.7026067340633914,0.8693618351337091,1.0,-0.13063816486629087,P7_coarse_graining,D7_history_destruction,,,
confirmatory,10103,persistent_shared_mode,linear_CKA,0.24093636468660753,0.5187321599149501,0.6300736023857556,-0.11134144247080546,P2_global_scaling,D6_common_driver_replacement,,,
confirmatory,10103,persistent_shared_mode,VAR_ARX_predictive,0.04450031738614785,0.9953172003011842,0.9195300171209593,0.07578718318022493,P2_global_scaling,D6_common_driver_replacement,,,
confirmatory,10103,direct_coupling_SCM,correlon_v1,0.03077494788847728,0.0,1.0,-1.0,P5_observation_noise,D3_IAAFT_surrogate,0.01930738738245681,0.049053628995865545,0.07754513588083156
confirmatory,10103,direct_coupling_SCM,pearson,0.08475387043588185,0.9886924890459299,0.8733441972339867,0.11534829181194317,P4_orthogonal_basis_rotation,D4_edge_cutting,,,
confirmatory,10103,direct_coupling_SCM,mutual_information,0.018909755638608527,0.9692673682369827,0.8864522631359322,0.0828151051010505,P5_observation_noise,D4_edge_cutting,,,
confirmatory,10103,direct_coupling_SCM,largest_covariance_eigenvalue,1.7822560601977906,0.895521634153806,0.9444458299125915,-0.04892419575878548,P6_time_reparameterization,D5_source_swap,,,
confirmatory,10103,direct_coupling_SCM,pca_rank1_explained_variance,0.14852133834981587,0.995920346242448,0.9444458299125913,0.05147451632985667,P5_observation_noise,D5_source_swap,,,
confirmatory,10103,direct_coupling_SCM,spectral_coherence,0.1954540425361357,0.7190778107041499,0.9625966656323403,-0.24351885492819036,P2_global_scaling,D6_common_driver_replacement,,,
confirmatory,10103,direct_coupling_SCM,autocorrelation_persistence,0.5960239316238931,0.7966549278123448,1.0,-0.20334507218765518,P7_coarse_graining,D5_source_swap,,,
confirmatory,10103,direct_coupling_SCM,linear_CKA,0.04111986322060631,0.6567417273720294,0.7851340634670234,-0.128392336094994,P2_global_scaling,D4_edge_cutting,,,
confirmatory,10103,direct_coupling_SCM,VAR_ARX_predictive,0.05497293500438322,1.0,0.654024574974132,0.345975425025868,P1_node_permutation,D4_edge_cutting,,,
confirmatory,10103,history_dependent_relational_mode,correlon_v1,0.038957160581874255,0.0,1.0,-1.0,P6_time_reparameterization,D6_common_driver_replacement,0.013605514974581137,0.11154743965497421,0.04914469044876796
confirmatory,10103,history_dependent_relational_mode,pearson,0.07661161941339532,0.9468469177713938,0.9699538560477466,-0.023106938276352795,P4_orthogonal_basis_rotation,D4_edge_cutting,,,
confirmatory,10103,history_dependent_relational_mode,mutual_information,0.015410741391613025,0.999999041270079,1.0,-9.587299210078726e-07,P2_global_scaling,D4_edge_cutting,,,
confirmatory,10103,history_dependent_relational_mode,largest_covariance_eigenvalue,1.7039761136622207,0.8665396946504611,0.961455061055881,-0.09491536640541987,P7_coarse_graining,D8_block_shuffle,,,
confirmatory,10103,history_dependent_relational_mode,pca_rank1_explained_variance,0.14199800947185173,0.9851432957606661,0.9614550610558811,0.023688234704784983,P5_observation_noise,D8_block_shuffle,,,
confirmatory,10103,history_dependent_relational_mode,spectral_coherence,0.16409275734032805,0.9059585759207464,1.0,-0.09404142407925364,P2_global_scaling,D6_common_driver_replacement,,,
confirmatory,10103,history_dependent_relational_mode,autocorrelation_persistence,0.6118025713070013,0.8219220201764861,1.0,-0.17807797982351392,P7_coarse_graining,D5_source_swap,,,
confirmatory,10103,history_dependent_relational_mode,linear_CKA,0.03400602537422478,0.5154755479384022,0.9634452996876636,-0.44796975174926135,P2_global_scaling,D4_edge_cutting,,,
confirmatory,10103,history_dependent_relational_mode,VAR_ARX_predictive,0.03542091261474878,0.9099443516372556,1.0,-0.09005564836274438,P2_global_scaling,D1_temporal_shuffle,,,
confirmatory,10104,persistent_shared_mode,correlon_v1,0.31284840662588437,0.6325776589512057,1.0,-0.36742234104879434,P6_time_reparameterization,D6_common_driver_replacement,0.15416035681063034,0.6348851777022201,0.3911382171876535
confirmatory,10104,persistent_shared_mode,pearson,0.23196536454928943,0.7844750290177182,0.7416458274992568,0.04282920151846137,P4_orthogonal_basis_rotation,D6_common_driver_replacement,,,
confirmatory,10104,persistent_shared_mode,mutual_information,0.08314702899540016,0.9782332227336734,0.4956524055197059,0.4825808172139675,P5_observation_noise,D6_common_driver_replacement,,,
confirmatory,10104,persistent_shared_mode,largest_covariance_eigenvalue,3.176629758387553,0.9366842438250103,0.8571510636184914,0.0795331802065189,P6_time_reparameterization,D6_common_driver_replacement,,,
confirmatory,10104,persistent_shared_mode,pca_rank1_explained_variance,0.2647191465322962,0.9882140312771384,0.8571510636184907,0.13106296765864767,P5_observation_noise,D6_common_driver_replacement,,,
confirmatory,10104,persistent_shared_mode,spectral_coherence,0.2312204342929971,0.9339221093052613,1.0,-0.06607789069473868,P5_observation_noise,D6_common_driver_replacement,,,
confirmatory,10104,persistent_shared_mode,autocorrelation_persistence,0.7190542102517443,0.8901620313481959,1.0,-0.10983796865180406,P7_coarse_graining,D7_history_destruction,,,
confirmatory,10104,persistent_shared_mode,linear_CKA,0.27654009499711896,0.9748229214491564,0.5755992274051924,0.39922369404396396,P5_observation_noise,D6_common_driver_replacement,,,
confirmatory,10104,persistent_shared_mode,VAR_ARX_predictive,0.05014857401409972,0.9867567364524218,0.8553048342882621,0.1314519021641597,P5_observation_noise,D6_common_driver_replacement,,,
confirmatory,10104,direct_coupling_SCM,correlon_v1,0.0,0.0,1.0,-1.0,P1_node_permutation,D1_temporal_shuffle,-0.011074852529475654,0.11401843702486053,0.0659060307127397
confirmatory,10104,direct_coupling_SCM,pearson,0.07192894549939609,0.9692790961073762,1.0,-0.03072090389262383,P4_orthogonal_basis_rotation,D2_phase_randomization,,,
confirmatory,10104,direct_coupling_SCM,mutual_information,0.013963288136312202,0.999998982015915,1.0,-1.0179840850277344e-06,P2_global_scaling,D2_phase_randomization,,,
confirmatory,10104,direct_coupling_SCM,largest_covariance_eigenvalue,1.6129465969229613,0.8835133580133091,0.9638161500881173,-0.08030279207480817,P7_coarse_graining,D7_history_destruction,,,
confirmatory,10104,direct_coupling_SCM,pca_rank1_explained_variance,0.13441221641024675,0.9994054256264507,0.9638161500881174,0.035589275538333354,P5_observation_noise,D7_history_destruction,,,
confirmatory,10104,direct_coupling_SCM,spectral_coherence,0.14964909119910547,0.8544487643556201,1.0,-0.14555123564437988,P2_global_scaling,D6_common_driver_replacement,,,
confirmatory,10104,direct_coupling_SCM,autocorrelation_persistence,0.6019138920987614,0.7987736549754111,1.0,-0.20122634502458892,P7_coarse_graining,D5_source_swap,,,
confirmatory,10104,direct_coupling_SCM,linear_CKA,0.030117947880771854,0.5636773066290749,1.0,-0.4363226933709251,P2_global_scaling,D2_phase_randomization,,,
confirmatory,10104,direct_coupling_SCM,VAR_ARX_predictive,0.04912127691473833,0.9880764618110321,0.7282790817662212,0.2597973800448109,P5_observation_noise,D6_common_driver_replacement,,,
confirmatory,10104,history_dependent_relational_mode,correlon_v1,0.015279764065372658,0.0,1.0,-1.0,P5_observation_noise,D3_IAAFT_surrogate,0.0007888004223446515,0.29598258733112437,0.18344093008086843
confirmatory,10104,history_dependent_relational_mode,pearson,0.07082329192567438,0.9964561128291751,0.9737239800424012,0.022732132786773884,P5_observation_noise,D4_edge_cutting,,,
confirmatory,10104,history_dependent_relational_mode,mutual_information,0.01695871678975991,0.9999986571634945,0.9166927854645966,0.0833058716988978,P2_global_scaling,D4_edge_cutting,,,
confirmatory,10104,history_dependent_relational_mode,largest_covariance_eigenvalue,1.335168784212529,0.8568986027184327,1.0,-0.14310139728156734,P7_coarse_graining,D2_phase_randomization,,,
confirmatory,10104,history_dependent_relational_mode,pca_rank1_explained_variance,0.11126406535104404,0.9976861487445047,1.0,-0.002313851255495325,P5_observation_noise,D2_phase_randomization,,,
confirmatory,10104,history_dependent_relational_mode,spectral_coherence,0.11203032464303606,0.9511810466523114,1.0,-0.0488189533476886,P5_observation_noise,D3_IAAFT_surrogate,,,
confirmatory,10104,history_dependent_relational_mode,autocorrelation_persistence,0.601862682220938,0.8214918574519532,1.0,-0.1785081425480468,P7_coarse_graining,D2_phase_randomization,,,
confirmatory,10104,history_dependent_relational_mode,linear_CKA,0.02943944587109716,0.4539809482489016,0.9489149366357487,-0.49493398838684705,P2_global_scaling,D4_edge_cutting,,,
confirmatory,10104,history_dependent_relational_mode,VAR_ARX_predictive,0.03921546147217042,0.9668650147248419,0.929609535327298,0.03725547939754392,P2_global_scaling,D4_edge_cutting,,,
confirmatory,10105,persistent_shared_mode,correlon_v1,0.3285908085204918,0.9999999999999958,1.0,-4.218847493575595e-15,P3_affine_offset,D6_common_driver_replacement,0.14970828874500658,0.7212153739066223,0.4750022234791447
confirmatory,10105,persistent_shared_mode,pearson,0.2426641406815782,0.8608245158988777,0.6780160262493559,0.1828084896495218,P4_orthogonal_basis_rotation,D6_common_driver_replacement,,,
confirmatory,10105,persistent_shared_mode,mutual_information,0.07912743256151944,0.9750366297618059,0.4388079293865797,0.5362287003752262,P5_observation_noise,D6_common_driver_replacement,,,
confirmatory,10105,persistent_shared_mode,largest_covariance_eigenvalue,3.33188632967871,0.9227187195718214,0.8151817596038671,0.10753695996795432,P6_time_reparameterization,D6_common_driver_replacement,,,
confirmatory,10105,persistent_shared_mode,pca_rank1_explained_variance,0.27765719413989237,0.995266543770401,0.8151817596038676,0.1800847841665334,P5_observation_noise,D6_common_driver_replacement,,,
confirmatory,10105,persistent_shared_mode,spectral_coherence,0.29065746604483356,0.5885508482566969,0.8347071349429095,-0.2461562866862126,P2_global_scaling,D6_common_driver_replacement,,,
confirmatory,10105,persistent_shared_mode,autocorrelation_persistence,0.7173182701967752,0.8905842458291494,0.9985822208034257,-0.10799797497427632,P7_coarse_graining,D2_phase_randomization,,,
confirmatory,10105,persistent_shared_mode,linear_CKA,0.29655273686213884,0.6411537559783332,0.48606838261217855,0.1550853733661547,P2_global_scaling,D6_common_driver_replacement,,,
confirmatory,10105,persistent_shared_mode,VAR_ARX_predictive,0.04911355462108352,0.9802008025752583,0.9824128917639204,-0.002212089188662114,P5_observation_noise,D6_common_driver_replacement,,,
confirmatory,10105,direct_coupling_SCM,correlon_v1,0.0,0.0,1.0,-1.0,P1_node_permutation,D1_temporal_shuffle,0.0203412978539865,-0.08516261760666062,0.02678813772699401
confirmatory,10105,direct_coupling_SCM,pearson,0.07811846333838295,0.9999999999999994,0.7862000713567625,0.21379992864323694,P2_global_scaling,D6_common_driver_replacement,,,
confirmatory,10105,direct_coupling_SCM,mutual_information,0.016496519612909877,0.9999972302925381,0.6743737373018212,0.3256234929907169,P2_global_scaling,D8_block_shuffle,,,
confirmatory,10105,direct_coupling_SCM,largest_covariance_eigenvalue,1.5551511517824936,0.876676651071982,0.989816857829947,-0.11314020675796499,P6_time_reparameterization,D6_common_driver_replacement,,,
confirmatory,10105,direct_coupling_SCM,pca_rank1_explained_variance,0.12959592931520778,1.0,0.9898168578299471,0.010183142170052895,P1_node_permutation,D6_common_driver_replacement,,,
confirmatory,10105,direct_coupling_SCM,spectral_coherence,0.13193315841468953,0.9127815313335575,1.0,-0.08721846866644245,P5_observation_noise,D2_phase_randomization,,,
confirmatory,10105,direct_coupling_SCM,autocorrelation_persistence,0.6028851082338372,0.8380231094653405,1.0,-0.16197689053465947,P7_coarse_graining,D7_history_destruction,,,
confirmatory,10105,direct_coupling_SCM,linear_CKA,0.035818675445927255,0.4667878338939103,0.6196811451232194,-0.15289331122930905,P2_global_scaling,D6_common_driver_replacement,,,
confirmatory,10105,direct_coupling_SCM,VAR_ARX_predictive,0.050086336218923555,0.8684422844759713,0.7037662328654387,0.16467605161053256,P2_global_scaling,D6_common_driver_replacement,,,
confirmatory,10105,history_dependent_relational_mode,correlon_v1,0.02855970922798553,0.8846594139915757,0.0,0.8846594139915757,P5_observation_noise,D1_temporal_shuffle,0.009995993463227035,0.08159839181445012,0.03479300025695059
confirmatory,10105,history_dependent_relational_mode,pearson,0.06481664066636447,0.9631936657938438,1.0,-0.0368063342061562,P5_observation_noise,D2_phase_randomization,,,
confirmatory,10105,history_dependent_relational_mode,mutual_information,0.01298181820597133,0.9245399386554088,1.0,-0.07546006134459116,P5_observation_noise,D2_phase_randomization,,,
confirmatory,10105,history_dependent_relational_mode,largest_covariance_eigenvalue,1.3194899278832461,0.8840157963063184,1.0,-0.11598420369368156,P7_coarse_graining,D2_phase_randomization,,,
confirmatory,10105,history_dependent_relational_mode,pca_rank1_explained_variance,0.10995749399027051,1.0,1.0,0.0,P1_node_permutation,D2_phase_randomization,,,
confirmatory,10105,history_dependent_relational_mode,spectral_coherence,0.1400564174405308,0.9533409762845512,1.0,-0.04665902371544883,P5_observation_noise,D4_edge_cutting,,,
confirmatory,10105,history_dependent_relational_mode,autocorrelation_persistence,0.6220653224941398,0.8210018598776861,1.0,-0.17899814012231385,P7_coarse_graining,D5_source_swap,,,
confirmatory,10105,history_dependent_relational_mode,linear_CKA,0.02490874628915594,0.35585390314598286,1.0,-0.6441460968540171,P2_global_scaling,D2_phase_randomization,,,
confirmatory,10105,history_dependent_relational_mode,VAR_ARX_predictive,0.0378189963188828,0.9443274936241592,0.9415711369570418,0.0027563566671174877,P2_global_scaling,D5_source_swap,,,
confirmatory,10106,persistent_shared_mode,correlon_v1,0.2624471594687535,0.8863631563028481,0.6030611523026778,0.28330200400017036,P5_observation_noise,D6_common_driver_replacement,0.1234445481821064,0.5579712715348691,0.35244948715685875
confirmatory,10106,persistent_shared_mode,pearson,0.17921866795311378,0.9455166580792932,0.7687305420054307,0.17678611607386252,P4_orthogonal_basis_rotation,D6_common_driver_replacement,,,
confirmatory,10106,persistent_shared_mode,mutual_information,0.05879401324238276,0.9958720330754395,0.46699859645642267,0.5288734366190169,P5_observation_noise,D2_phase_randomization,,,
confirmatory,10106,persistent_shared_mode,largest_covariance_eigenvalue,2.580303903645378,0.9599735160976484,0.9487876549493689,0.011185861148279463,P7_coarse_graining,D6_common_driver_replacement,,,
confirmatory,10106,persistent_shared_mode,pca_rank1_explained_variance,0.2150253253037815,0.9947935584575636,0.9487876549493689,0.04600590350819467,P5_observation_noise,D6_common_driver_replacement,,,
confirmatory,10106,persistent_shared_mode,spectral_coherence,0.2588037901743945,0.7548485276366242,0.8589748299091072,-0.10412630227248298,P2_global_scaling,D6_common_driver_replacement,,,
confirmatory,10106,persistent_shared_mode,autocorrelation_persistence,0.6968193273619021,0.8732578097608678,1.0,-0.12674219023913225,P7_coarse_graining,D5_source_swap,,,
confirmatory,10106,persistent_shared_mode,linear_CKA,0.17836130176485718,0.9621122578572715,0.580868085488936,0.3812441723683355,P2_global_scaling,D6_common_driver_replacement,,,
confirmatory,10106,persistent_shared_mode,VAR_ARX_predictive,0.050490803294911124,0.9507087896470784,0.7944144064380078,0.15629438320907063,P2_global_scaling,D6_common_driver_replacement,,,
confirmatory,10106,direct_coupling_SCM,correlon_v1,0.004898604513898752,0.0,1.0,-1.0,P5_observation_noise,D3_IAAFT_surrogate,0.00028877555578769865,0.08309680546933408,0.048374587007445846
confirmatory,10106,direct_coupling_SCM,pearson,0.07269123478898286,0.9453534420303036,0.995936442700257,-0.05058300066995347,P4_orthogonal_basis_rotation,D6_common_driver_replacement,,,
confirmatory,10106,direct_coupling_SCM,mutual_information,0.013459272485311757,0.9948483337900339,0.9402376064168043,0.054610727373229584,P5_observation_noise,D6_common_driver_replacement,,,
confirmatory,10106,direct_coupling_SCM,largest_covariance_eigenvalue,1.6805395028929957,0.870162721952559,1.0,-0.12983727804744105,P7_coarse_graining,D7_history_destruction,,,
confirmatory,10106,direct_coupling_SCM,pca_rank1_explained_variance,0.14004495857441632,0.9882673465470723,1.0,-0.011732653452927733,P5_observation_noise,D7_history_destruction,,,
confirmatory,10106,direct_coupling_SCM,spectral_coherence,0.13992922061508184,0.9689086873912615,1.0,-0.03109131260873854,P2_global_scaling,D3_IAAFT_surrogate,,,
confirmatory,10106,direct_coupling_SCM,autocorrelation_persistence,0.6108812867827972,0.8043767913350921,0.9985807573110462,-0.19420396597595413,P7_coarse_graining,D2_phase_randomization,,,
confirmatory,10106,direct_coupling_SCM,linear_CKA,0.030662020346881334,0.5319012605860569,1.0,-0.4680987394139431,P2_global_scaling,D6_common_driver_replacement,,,
confirmatory,10106,direct_coupling_SCM,VAR_ARX_predictive,0.056893370410077304,0.8314769808996743,0.6358973961658613,0.19557958473381298,P2_global_scaling,D5_source_swap,,,
confirmatory,10106,history_dependent_relational_mode,correlon_v1,0.0,0.0,1.0,-1.0,P1_node_permutation,D5_source_swap,0.0195891179061934,-0.040175517218389786,0.04680872424577537
confirmatory,10106,history_dependent_relational_mode,pearson,0.05780056709950234,0.9978443168248153,1.0,-0.002155683175184664,P4_orthogonal_basis_rotation,D2_phase_randomization,,,
confirmatory,10106,history_dependent_relational_mode,mutual_information,0.009715778748028425,0.9999992482585388,1.0,-7.517414611912798e-07,P2_global_scaling,D2_phase_randomization,,,
confirmatory,10106,history_dependent_relational_mode,largest_covariance_eigenvalue,1.4066013411830545,0.8717683935781042,1.0,-0.1282316064218958,P7_coarse_graining,D5_source_swap,,,
confirmatory,10106,history_dependent_relational_mode,pca_rank1_explained_variance,0.1172167784319212,1.0,1.0,0.0,P1_node_permutation,D5_source_swap,,,
confirmatory,10106,history_dependent_relational_mode,spectral_coherence,0.11800116959321519,0.9999999999999997,1.0,-3.3306690738754696e-16,P1_node_permutation,D1_temporal_shuffle,,,
confirmatory,10106,history_dependent_relational_mode,autocorrelation_persistence,0.6106070175442073,0.8037634791967714,1.0,-0.19623652080322862,P7_coarse_graining,D5_source_swap,,,
confirmatory,10106,history_dependent_relational_mode,linear_CKA,0.019502048191825404,0.576640280224246,1.0,-0.42335971977575404,P2_global_scaling,D2_phase_randomization,,,
confirmatory,10106,history_dependent_relational_mode,VAR_ARX_predictive,0.03726010386769013,0.9959212127227163,0.9315937595271411,0.0643274531955752,P5_observation_noise,D3_IAAFT_surrogate,,,
confirmatory,10107,persistent_shared_mode,correlon_v1,0.1975266522772239,0.999999999999999,1.0,-9.992007221626409e-16,P1_node_permutation,D6_common_driver_replacement,0.1218732091587194,0.3201423727919933,0.36243720943159485
confirmatory,10107,persistent_shared_mode,pearson,0.23610255327482735,0.9054844955098245,0.7147874175132731,0.19069707799655133,P4_orthogonal_basis_rotation,D6_common_driver_replacement,,,
confirmatory,10107,persistent_shared_mode,mutual_information,0.07819355242715686,0.9729286574001412,0.44770362234207955,0.5252250350580616,P5_observation_noise,D6_common_driver_replacement,,,
confirmatory,10107,persistent_shared_mode,largest_covariance_eigenvalue,3.249271973034534,0.9408503513101037,0.8553887095320108,0.0854616417780929,P6_time_reparameterization,D6_common_driver_replacement,,,
confirmatory,10107,persistent_shared_mode,pca_rank1_explained_variance,0.2707726644195447,0.9918075804762568,0.8553887095320108,0.13641887094424598,P5_observation_noise,D6_common_driver_replacement,,,
confirmatory,10107,persistent_shared_mode,spectral_coherence,0.24641923008398764,0.6349959903785177,1.0,-0.3650040096214823,P2_global_scaling,D6_common_driver_replacement,,,
confirmatory,10107,persistent_shared_mode,autocorrelation_persistence,0.7102209119007655,0.8825443420888035,1.0,-0.1174556579111965,P7_coarse_graining,D7_history_destruction,,,
confirmatory,10107,persistent_shared_mode,linear_CKA,0.2815007931875039,0.829368317835448,0.5299840786846731,0.29938423915077483,P2_global_scaling,D6_common_driver_replacement,,,
confirmatory,10107,persistent_shared_mode,VAR_ARX_predictive,0.05595837179409441,0.8482897711693894,0.8885316700592962,-0.04024189888990681,P2_global_scaling,D6_common_driver_replacement,,,
confirmatory,10107,direct_coupling_SCM,correlon_v1,0.0,0.0,0.0,0.0,P1_node_permutation,D1_temporal_shuffle,0.009864329222983373,-0.02095408882188079,-0.0233226503282144
confirmatory,10107,direct_coupling_SCM,pearson,0.07988011842608285,0.969189871367744,0.8594001023895714,0.10978976897817261,P4_orthogonal_basis_rotation,D6_common_driver_replacement,,,
confirmatory,10107,direct_coupling_SCM,mutual_information,0.01619396960877617,0.9995236172760414,0.7945520693845027,0.2049715478915387,P5_observation_noise,D2_phase_randomization,,,
confirmatory,10107,direct_coupling_SCM,largest_covariance_eigenvalue,1.6486530732253764,0.8944955864776064,1.0,-0.10550441352239359,P7_coarse_graining,D7_history_destruction,,,
confirmatory,10107,direct_coupling_SCM,pca_rank1_explained_variance,0.13738775610211473,0.9980200727675559,1.0,-0.001979927232444112,P5_observation_noise,D7_history_destruction,,,
confirmatory,10107,direct_coupling_SCM,spectral_coherence,0.19001521044944641,0.7102640071113927,0.9986581465526855,-0.2883941394412928,P2_global_scaling,D4_edge_cutting,,,
confirmatory,10107,direct_coupling_SCM,autocorrelation_persistence,0.6046817236456795,0.8091548773314743,1.0,-0.1908451226685257,P7_coarse_graining,D7_history_destruction,,,
confirmatory,10107,direct_coupling_SCM,linear_CKA,0.03694517081125722,0.634497095408936,0.7533524901527175,-0.1188553947437816,P2_global_scaling,D6_common_driver_replacement,,,
confirmatory,10107,direct_coupling_SCM,VAR_ARX_predictive,0.04365816001391404,0.8914041212879015,0.8976909457933957,-0.006286824505494226,P2_global_scaling,D6_common_driver_replacement,,,
confirmatory,10107,history_dependent_relational_mode,correlon_v1,0.02151092446611624,0.0,1.0,-1.0,P7_coarse_graining,D4_edge_cutting,0.0010383484721580571,0.4456306180383372,0.21311647787719679
confirmatory,10107,history_dependent_relational_mode,pearson,0.07237629318118542,0.9689633584973176,1.0,-0.03103664150268237,P4_orthogonal_basis_rotation,D6_common_driver_replacement,,,
confirmatory,10107,history_dependent_relational_mode,mutual_information,0.013489721630561058,0.9938273368145647,1.0,-0.006172663185435301,P5_observation_noise,D2_phase_randomization,,,
confirmatory,10107,history_dependent_relational_mode,largest_covariance_eigenvalue,1.5651286766488612,0.8716473478696667,1.0,-0.1283526521303333,P7_coarse_graining,D6_common_driver_replacement,,,
confirmatory,10107,history_dependent_relational_mode,pca_rank1_explained_variance,0.13042738972073845,0.9942203048903747,1.0,-0.0057796951096252824,P5_observation_noise,D6_common_driver_replacement,,,
confirmatory,10107,history_dependent_relational_mode,spectral_coherence,0.14284366843440507,0.9925498849988308,1.0,-0.007450115001169211,P6_time_reparameterization,D4_edge_cutting,,,
confirmatory,10107,history_dependent_relational_mode,autocorrelation_persistence,0.6026812598886803,0.8163554115214436,1.0,-0.18364458847855636,P7_coarse_graining,D5_source_swap,,,
confirmatory,10107,history_dependent_relational_mode,linear_CKA,0.030653336514131387,0.8237085900799521,1.0,-0.17629140992004788,P2_global_scaling,D6_common_driver_replacement,,,
confirmatory,10107,history_dependent_relational_mode,VAR_ARX_predictive,0.038076472884688795,0.9692807843347654,0.9900184967469808,-0.020737712412215448,P5_observation_noise,D6_common_driver_replacement,,,
confirmatory,10108,persistent_shared_mode,correlon_v1,0.3545509100724671,0.9098840708389503,1.0,-0.09011592916104971,P6_time_reparameterization,D6_common_driver_replacement,0.15414915226908382,0.8154851712306583,0.5583498636150988
confirmatory,10108,persistent_shared_mode,pearson,0.2666103842850677,0.8216059287496367,0.7738589718306059,0.04774695691903075,P4_orthogonal_basis_rotation,D6_common_driver_replacement,,,
confirmatory,10108,persistent_shared_mode,mutual_information,0.07976681529024465,0.9757048899751597,0.604229206063892,0.37147568391126773,P5_observation_noise,D6_common_driver_replacement,,,
confirmatory,10108,persistent_shared_mode,largest_covariance_eigenvalue,3.645331606685681,0.9700526168457352,0.8581123469782872,0.11194026986744798,P7_coarse_graining,D6_common_driver_replacement,,,
confirmatory,10108,persistent_shared_mode,pca_rank1_explained_variance,0.3037776338904733,0.995658544173956,0.858112346978288,0.13754619719566807,P5_observation_noise,D6_common_driver_replacement,,,
confirmatory,10108,persistent_shared_mode,spectral_coherence,0.20731786871304927,0.533936681037837,1.0,-0.466063318962163,P2_global_scaling,D6_common_driver_replacement,,,
confirmatory,10108,persistent_shared_mode,autocorrelation_persistence,0.7285111192146254,0.8915635233102487,1.0,-0.10843647668975132,P7_coarse_graining,D7_history_destruction,,,
confirmatory,10108,persistent_shared_mode,linear_CKA,0.3372056829191356,0.40233298400450607,0.6397841221024907,-0.23745113809798463,P2_global_scaling,D6_common_driver_replacement,,,
confirmatory,10108,persistent_shared_mode,VAR_ARX_predictive,0.05606161552812483,0.8925520635483842,0.8882174420302836,0.004334621518100601,P2_global_scaling,D6_common_driver_replacement,,,
confirmatory,10108,direct_coupling_SCM,correlon_v1,0.17801406034252273,0.5009514619445787,1.0,-0.49904853805542126,P7_coarse_graining,D6_common_driver_replacement,0.07557266003687445,0.4193183839786663,0.14632043264529543
confirmatory,10108,direct_coupling_SCM,pearson,0.07983170558104918,0.8983825410998013,1.0,-0.10161745890019869,P4_orthogonal_basis_rotation,D6_common_driver_replacement,,,
confirmatory,10108,direct_coupling_SCM,mutual_information,0.015542421808021678,0.9429379893162438,1.0,-0.05706201068375616,P5_observation_noise,D6_common_driver_replacement,,,
confirmatory,10108,direct_coupling_SCM,largest_covariance_eigenvalue,1.7533579135029855,0.8947556932584451,1.0,-0.10524430674155494,P7_coarse_graining,D6_common_driver_replacement,,,
confirmatory,10108,direct_coupling_SCM,pca_rank1_explained_variance,0.14611315945858208,0.9923220881931338,1.0,-0.007677911806866167,P5_observation_noise,D6_common_driver_replacement,,,
confirmatory,10108,direct_coupling_SCM,spectral_coherence,0.19166483696800166,0.6837785402714072,1.0,-0.31622145972859284,P2_global_scaling,D6_common_driver_replacement,,,
confirmatory,10108,direct_coupling_SCM,autocorrelation_persistence,0.5998732470525017,0.8012286860266123,1.0,-0.19877131397338765,P7_coarse_graining,D5_source_swap,,,
confirmatory,10108,direct_coupling_SCM,linear_CKA,0.03666360067368736,0.9409890113295393,1.0,-0.05901098867046073,P5_observation_noise,D6_common_driver_replacement,,,
confirmatory,10108,direct_coupling_SCM,VAR_ARX_predictive,0.051991029971833636,0.8548549628727595,0.7708767257542398,0.0839782371185197,P2_global_scaling,D6_common_driver_replacement,,,
confirmatory,10108,history_dependent_relational_mode,correlon_v1,0.0,0.0,1.0,-1.0,P1_node_permutation,D5_source_swap,-0.037499662263796626,0.029531979936520444,-0.0507975712571119
confirmatory,10108,history_dependent_relational_mode,pearson,0.06356728682877714,0.9833197088809608,1.0,-0.016680291119039237,P4_orthogonal_basis_rotation,D3_IAAFT_surrogate,,,
confirmatory,10108,history_dependent_relational_mode,mutual_information,0.011222980382537662,0.9847963528385866,1.0,-0.015203647161413425,P5_observation_noise,D3_IAAFT_surrogate,,,
confirmatory,10108,history_dependent_relational_mode,largest_covariance_eigenvalue,1.5254126544537472,0.8825859926385565,1.0,-0.11741400736144347,P7_coarse_graining,D6_common_driver_replacement,,,
confirmatory,10108,history_dependent_relational_mode,pca_rank1_explained_variance,0.12711772120447895,0.9863263509398907,1.0,-0.01367364906010926,P5_observation_noise,D6_common_driver_replacement,,,
confirmatory,10108,history_dependent_relational_mode,spectral_coherence,0.1263436567282675,0.977016036132276,1.0,-0.022983963867724055,P5_observation_noise,D1_temporal_shuffle,,,
confirmatory,10108,history_dependent_relational_mode,autocorrelation_persistence,0.6158861914925854,0.8181468691677924,1.0,-0.18185313083220755,P7_coarse_graining,D5_source_swap,,,
confirmatory,10108,history_dependent_relational_mode,linear_CKA,0.023453023207053145,0.9699455347673595,1.0,-0.030054465232640548,P5_observation_noise,D3_IAAFT_surrogate,,,
confirmatory,10108,history_dependent_relational_mode,VAR_ARX_predictive,0.03383817978245185,0.9559678386228811,1.0,-0.04403216137711885,P2_global_scaling,D3_IAAFT_surrogate,,,
confirmatory,10109,persistent_shared_mode,correlon_v1,0.3740501914870269,0.9999999999999982,0.8671995275713915,0.1328004724286067,P4_orthogonal_basis_rotation,D6_common_driver_replacement,0.19728373802432003,0.7091995881294267,0.5233019451125531
confirmatory,10109,persistent_shared_mode,pearson,0.18043617377509333,0.8556744290339143,0.6818013209309343,0.17387310810298007,P4_orthogonal_basis_rotation,D6_common_driver_replacement,,,
confirmatory,10109,persistent_shared_mode,mutual_information,0.07510568229274839,0.9718092529341446,0.3739429570872631,0.5978662958468814,P5_observation_noise,D6_common_driver_replacement,,,
confirmatory,10109,persistent_shared_mode,largest_covariance_eigenvalue,2.5141930673816333,0.9600072234489463,0.8630609121453251,0.09694631130362119,P7_coarse_graining,D6_common_driver_replacement,,,
confirmatory,10109,persistent_shared_mode,pca_rank1_explained_variance,0.20951608894846938,0.993825190856931,0.8630609121453251,0.1307642787116059,P5_observation_noise,D6_common_driver_replacement,,,
confirmatory,10109,persistent_shared_mode,spectral_coherence,0.21462304349647443,0.7462788644179257,1.0,-0.2537211355820743,P2_global_scaling,D6_common_driver_replacement,,,
confirmatory,10109,persistent_shared_mode,autocorrelation_persistence,0.7004528282439613,0.8770318392250424,0.9985790308603569,-0.12154719163531458,P7_coarse_graining,D2_phase_randomization,,,
confirmatory,10109,persistent_shared_mode,linear_CKA,0.1821819030027474,0.9786975368637326,0.4706098659094583,0.5080876709542743,P5_observation_noise,D6_common_driver_replacement,,,
confirmatory,10109,persistent_shared_mode,VAR_ARX_predictive,0.04072960064342995,1.0,1.0,0.0,P1_node_permutation,D6_common_driver_replacement,,,
confirmatory,10109,direct_coupling_SCM,correlon_v1,0.0,0.0,1.0,-1.0,P1_node_permutation,D2_phase_randomization,0.05172628397425787,-0.04930955163685983,0.13116229540786845
confirmatory,10109,direct_coupling_SCM,pearson,0.06962241039692478,0.9973034084640158,0.9473612552426027,0.049942153221413044,P4_orthogonal_basis_rotation,D5_source_swap,,,
confirmatory,10109,direct_coupling_SCM,mutual_information,0.014151341830716202,0.9999989477372613,0.9186471750408087,0.08135177269645255,P2_global_scaling,D5_source_swap,,,
confirmatory,10109,direct_coupling_SCM,largest_covariance_eigenvalue,1.4467700798724972,0.8570361538495979,1.0,-0.14296384615040214,P7_coarse_graining,D5_source_swap,,,
confirmatory,10109,direct_coupling_SCM,pca_rank1_explained_variance,0.12056417332270812,0.9999999999999997,1.0,-3.3306690738754696e-16,P4_orthogonal_basis_rotation,D5_source_swap,,,
confirmatory,10109,direct_coupling_SCM,spectral_coherence,0.1833190682738784,0.66713825362655,0.8537692419823795,-0.18663098835582947,P6_time_reparameterization,D2_phase_randomization,,,
confirmatory,10109,direct_coupling_SCM,autocorrelation_persistence,0.6013120357416817,0.8056987138410782,1.0,-0.19430128615892184,P7_coarse_graining,D5_source_swap,,,
confirmatory,10109,direct_coupling_SCM,linear_CKA,0.028384013591667374,0.9136005154385073,0.8880521946338036,0.025548320804703706,P2_global_scaling,D5_source_swap,,,
confirmatory,10109,direct_coupling_SCM,VAR_ARX_predictive,0.05120972399267032,0.8736529314401885,0.721096329848741,0.15255660159144757,P2_global_scaling,D1_temporal_shuffle,,,
confirmatory,10109,history_dependent_relational_mode,correlon_v1,0.0,0.0,1.0,-1.0,P1_node_permutation,D3_IAAFT_surrogate,-0.014946145541893455,-0.013538159258426347,-0.0763110381490707
confirmatory,10109,history_dependent_relational_mode,pearson,0.06234165949765528,0.989325445640525,1.0,-0.010674554359474953,P5_observation_noise,D2_phase_randomization,,,
confirmatory,10109,history_dependent_relational_mode,mutual_information,0.011764592963138365,0.9690321671768463,1.0,-0.03096783282315374,P5_observation_noise,D2_phase_randomization,,,
confirmatory,10109,history_dependent_relational_mode,largest_covariance_eigenvalue,1.3650308848015604,0.8744433325046523,1.0,-0.12555666749534766,P7_coarse_graining,D2_phase_randomization,,,
confirmatory,10109,history_dependent_relational_mode,pca_rank1_explained_variance,0.1137525737334634,0.9999999999999994,1.0,-5.551115123125783e-16,P1_node_permutation,D2_phase_randomization,,,
confirmatory,10109,history_dependent_relational_mode,spectral_coherence,0.1574708556294415,0.7374095003278761,0.9461445810284058,-0.2087350807005297,P2_global_scaling,D6_common_driver_replacement,,,
confirmatory,10109,history_dependent_relational_mode,autocorrelation_persistence,0.6038638800937064,0.81192844549459,1.0,-0.18807155450541002,P7_coarse_graining,D5_source_swap,,,
confirmatory,10109,history_dependent_relational_mode,linear_CKA,0.02282512839345053,0.583870624303472,1.0,-0.41612937569652797,P2_global_scaling,D2_phase_randomization,,,
confirmatory,10109,history_dependent_relational_mode,VAR_ARX_predictive,0.03706651738415678,0.958022902748535,0.9089097100406042,0.0491131927079308,P5_observation_noise,D5_source_swap,,,
confirmatory,10110,persistent_shared_mode,correlon_v1,0.29946499519773945,0.906832205007323,1.0,-0.09316779499267702,P5_observation_noise,D6_common_driver_replacement,0.12333139475517056,0.7271407537943405,0.490559167634412
confirmatory,10110,persistent_shared_mode,pearson,0.20831727705764433,0.8890552334824908,0.7187017220503348,0.17035351143215605,P4_orthogonal_basis_rotation,D6_common_driver_replacement,,,
confirmatory,10110,persistent_shared_mode,mutual_information,0.07531124843772763,0.9850486889208429,0.4615210715523942,0.5235276173684487,P5_observation_noise,D6_common_driver_replacement,,,
confirmatory,10110,persistent_shared_mode,largest_covariance_eigenvalue,2.9328491291517143,0.9070206889044053,0.8580682831928362,0.048952405711569114,P6_time_reparameterization,D6_common_driver_replacement,,,
confirmatory,10110,persistent_shared_mode,pca_rank1_explained_variance,0.24440409409597622,0.9470078600338222,0.8580682831928365,0.08893957684098575,P2_global_scaling,D6_common_driver_replacement,,,
confirmatory,10110,persistent_shared_mode,spectral_coherence,0.19446462951028434,0.6831355678827203,1.0,-0.31686443211727966,P2_global_scaling,D6_common_driver_replacement,,,
confirmatory,10110,persistent_shared_mode,autocorrelation_persistence,0.7033089406125,0.8723368147568759,1.0,-0.12766318524312414,P7_coarse_graining,D5_source_swap,,,
confirmatory,10110,persistent_shared_mode,linear_CKA,0.22961954127623066,0.39733594355539414,0.5327669477344377,-0.13543100417904352,P2_global_scaling,D6_common_driver_replacement,,,
confirmatory,10110,persistent_shared_mode,VAR_ARX_predictive,0.045931612921845055,0.8873293320886629,0.9591038033235227,-0.0717744712348598,P2_global_scaling,D6_common_driver_replacement,,,
confirmatory,10110,direct_coupling_SCM,correlon_v1,0.0,0.0,1.0,-1.0,P1_node_permutation,D1_temporal_shuffle,-0.00698713716873009,0.25350890929399555,0.14442724518955663
confirmatory,10110,direct_coupling_SCM,pearson,0.06685426099159418,0.961560189331324,1.0,-0.03843981066867597,P4_orthogonal_basis_rotation,D6_common_driver_replacement,,,
confirmatory,10110,direct_coupling_SCM,mutual_information,0.0101313349992177,0.9555253085090318,1.0,-0.044474691490968166,P5_observation_noise,D2_phase_randomization,,,
confirmatory,10110,direct_coupling_SCM,largest_covariance_eigenvalue,1.6920612663788583,0.8795542599825921,0.9526008226714718,-0.07304656268887977,P6_time_reparameterization,D6_common_driver_replacement,,,
confirmatory,10110,direct_coupling_SCM,pca_rank1_explained_variance,0.14100510553157147,0.991421557741905,0.9526008226714721,0.03882073507043293,P5_observation_noise,D6_common_driver_replacement,,,
confirmatory,10110,direct_coupling_SCM,spectral_coherence,0.12172200325259591,0.7860829884060472,1.0,-0.21391701159395282,P6_time_reparameterization,D1_temporal_shuffle,,,
confirmatory,10110,direct_coupling_SCM,autocorrelation_persistence,0.6087600556661917,0.7915691097141454,1.0,-0.2084308902858546,P7_coarse_graining,D5_source_swap,,,
confirmatory,10110,direct_coupling_SCM,linear_CKA,0.025790435282463043,0.7520847696380951,1.0,-0.24791523036190488,P2_global_scaling,D6_common_driver_replacement,,,
confirmatory,10110,direct_coupling_SCM,VAR_ARX_predictive,0.05525414407898288,0.993845974155513,0.6438965409854019,0.34994943317011107,P6_time_reparameterization,D6_common_driver_replacement,,,
confirmatory,10110,history_dependent_relational_mode,correlon_v1,0.04620365563245156,0.0,1.0,-1.0,P6_time_reparameterization,D6_common_driver_replacement,0.017350259374291604,0.12304010837816849,-0.02239718175247668
confirmatory,10110,history_dependent_relational_mode,pearson,0.07222597167451734,0.9776010408995106,1.0,-0.02239895910048939,P5_observation_noise,D6_common_driver_replacement,,,
confirmatory,10110,history_dependent_relational_mode,mutual_information,0.01515565917381645,0.9588104270652175,1.0,-0.04118957293478254,P5_observation_noise,D3_IAAFT_surrogate,,,
confirmatory,10110,history_dependent_relational_mode,largest_covariance_eigenvalue,1.4403266282973641,0.8603905474881992,1.0,-0.1396094525118008,P7_coarse_graining,D5_source_swap,,,
confirmatory,10110,history_dependent_relational_mode,pca_rank1_explained_variance,0.12002721902478038,0.9930766140626544,1.0,-0.00692338593734565,P5_observation_noise,D5_source_swap,,,
confirmatory,10110,history_dependent_relational_mode,spectral_coherence,0.1289653438127251,0.9314574207310173,1.0,-0.06854257926898266,P6_time_reparameterization,D1_temporal_shuffle,,,
confirmatory,10110,history_dependent_relational_mode,autocorrelation_persistence,0.6247876647151729,0.7995532735023371,1.0,-0.20044672649766293,P7_coarse_graining,D5_source_swap,,,
confirmatory,10110,history_dependent_relational_mode,linear_CKA,0.030576387576089648,0.5151453992424495,1.0,-0.4848546007575505,P2_global_scaling,D3_IAAFT_surrogate,,,
confirmatory,10110,history_dependent_relational_mode,VAR_ARX_predictive,0.03341509451306718,1.0,1.0,0.0,P1_node_permutation,D5_source_swap,,,
confirmatory,10111,persistent_shared_mode,correlon_v1,0.3859978521976226,0.8853287269727457,0.9758228267638872,-0.09049409979114154,P6_time_reparameterization,D6_common_driver_replacement,0.19195561962162572,0.7761916123886795,0.5141837734339074
confirmatory,10111,persistent_shared_mode,pearson,0.26477282536357577,0.869006868546909,0.6613062941276389,0.20770057441927015,P4_orthogonal_basis_rotation,D6_common_driver_replacement,,,
confirmatory,10111,persistent_shared_mode,mutual_information,0.10038660811153632,0.9822798323601508,0.41830141795586684,0.563978414404284,P5_observation_noise,D2_phase_randomization,,,
confirmatory,10111,persistent_shared_mode,largest_covariance_eigenvalue,3.5017134920440895,0.9333448119931946,0.8040668850560496,0.12927792693714502,P2_global_scaling,D6_common_driver_replacement,,,
confirmatory,10111,persistent_shared_mode,pca_rank1_explained_variance,0.2918094576703408,0.8321816765891261,0.8040668850560494,0.028114791533076722,P2_global_scaling,D6_common_driver_replacement,,,
confirmatory,10111,persistent_shared_mode,spectral_coherence,0.2488434934158688,0.6021911411690141,1.0,-0.39780885883098593,P2_global_scaling,D6_common_driver_replacement,,,
confirmatory,10111,persistent_shared_mode,autocorrelation_persistence,0.7258749690770695,0.8991254043302714,0.9981805419103444,-0.099055137580073,P7_coarse_graining,D2_phase_randomization,,,
confirmatory,10111,persistent_shared_mode,linear_CKA,0.343760721691144,0.452530720157554,0.4684836548536786,-0.015952934696124577,P2_global_scaling,D6_common_driver_replacement,,,
confirmatory,10111,persistent_shared_mode,VAR_ARX_predictive,0.05509191104288946,0.9656357709178606,0.84128512587098,0.12435064504688054,P5_observation_noise,D6_common_driver_replacement,,,
confirmatory,10111,direct_coupling_SCM,correlon_v1,0.0,0.0,1.0,-1.0,P1_node_permutation,D1_temporal_shuffle,0.027486698211574193,-0.09340517514969514,0.024743249887822283
confirmatory,10111,direct_coupling_SCM,pearson,0.07527702119155588,0.9999999999999994,1.0,-5.551115123125783e-16,P1_node_permutation,D2_phase_randomization,,,
confirmatory,10111,direct_coupling_SCM,mutual_information,0.015743068597947163,0.9999991292198818,1.0,-8.707801182339381e-07,P2_global_scaling,D2_phase_randomization,,,
confirmatory,10111,direct_coupling_SCM,largest_covariance_eigenvalue,1.616204446610852,0.8740602233728896,0.9965252292194927,-0.12246500584660314,P7_coarse_graining,D6_common_driver_replacement,,,
confirmatory,10111,direct_coupling_SCM,pca_rank1_explained_variance,0.13468370388423767,1.0,0.996525229219493,0.0034747707805069528,P1_node_permutation,D6_common_driver_replacement,,,
confirmatory,10111,direct_coupling_SCM,spectral_coherence,0.186888772865306,0.6471949977683792,0.9626462277690404,-0.3154512300006612,P2_global_scaling,D6_common_driver_replacement,,,
confirmatory,10111,direct_coupling_SCM,autocorrelation_persistence,0.6019405349970087,0.7672065135616284,1.0,-0.2327934864383716,P7_coarse_graining,D5_source_swap,,,
confirmatory,10111,direct_coupling_SCM,linear_CKA,0.033021100721092815,0.6334565447986026,1.0,-0.3665434552013974,P2_global_scaling,D2_phase_randomization,,,
confirmatory,10111,direct_coupling_SCM,VAR_ARX_predictive,0.059748858764916035,0.8274333667412197,0.6468719943662454,0.18056137237497427,P2_global_scaling,D3_IAAFT_surrogate,,,
confirmatory,10111,history_dependent_relational_mode,correlon_v1,0.003995912638664537,0.0,1.0,-1.0,P5_observation_noise,D6_common_driver_replacement,0.020925086053576597,0.0007630705926349006,-0.11721702369412054
confirmatory,10111,history_dependent_relational_mode,pearson,0.06820689218280011,0.9489663588724906,1.0,-0.05103364112750941,P4_orthogonal_basis_rotation,D2_phase_randomization,,,
confirmatory,10111,history_dependent_relational_mode,mutual_information,0.01145859357725787,0.9999992774959323,1.0,-7.225040676850369e-07,P2_global_scaling,D2_phase_randomization,,,
confirmatory,10111,history_dependent_relational_mode,largest_covariance_eigenvalue,1.7034459272539237,0.9017375308730605,0.9568578459456922,-0.05512031507263171,P7_coarse_graining,D7_history_destruction,,,
confirmatory,10111,history_dependent_relational_mode,pca_rank1_explained_variance,0.1419538272711603,0.9936913499211931,0.9568578459456929,0.036833503975500226,P5_observation_noise,D7_history_destruction,,,
confirmatory,10111,history_dependent_relational_mode,spectral_coherence,0.17960950835233241,0.665172701330816,1.0,-0.33482729866918404,P2_global_scaling,D6_common_driver_replacement,,,
confirmatory,10111,history_dependent_relational_mode,autocorrelation_persistence,0.6405418182508723,0.8281887381521538,0.9979747836023757,-0.1697860454502219,P7_coarse_graining,D2_phase_randomization,,,
confirmatory,10111,history_dependent_relational_mode,linear_CKA,0.026758885172518388,0.7638549359207514,1.0,-0.23614506407924862,P2_global_scaling,D2_phase_randomization,,,
confirmatory,10111,history_dependent_relational_mode,VAR_ARX_predictive,0.036138905320881376,0.9543833701667563,0.9475634719696053,0.006819898197151009,P2_global_scaling,D2_phase_randomization,,,
confirmatory,10112,persistent_shared_mode,correlon_v1,0.19198582191679545,0.9035026224103362,1.0,-0.09649737758966381,P6_time_reparameterization,D6_common_driver_replacement,0.1258411340688261,0.29289751788877316,0.32596233716105383
confirmatory,10112,persistent_shared_mode,pearson,0.1533403292120058,0.9207978637513847,0.7200327645063127,0.20076509924507202,P4_orthogonal_basis_rotation,D6_common_driver_replacement,,,
confirmatory,10112,persistent_shared_mode,mutual_information,0.053030239839298776,0.9941822176562956,0.46071009547588565,0.53347212218041,P5_observation_noise,D6_common_driver_replacement,,,
confirmatory,10112,persistent_shared_mode,largest_covariance_eigenvalue,2.3015339844716243,0.9223120420514439,0.8969755802318342,0.02533646181960969,P6_time_reparameterization,D6_common_driver_replacement,,,
confirmatory,10112,persistent_shared_mode,pca_rank1_explained_variance,0.19179449870596868,0.9977528510425706,0.8969755802318342,0.1007772708107364,P5_observation_noise,D6_common_driver_replacement,,,
confirmatory,10112,persistent_shared_mode,spectral_coherence,0.14314550124585834,0.9188433049087752,1.0,-0.0811566950912248,P5_observation_noise,D1_temporal_shuffle,,,
confirmatory,10112,persistent_shared_mode,autocorrelation_persistence,0.6849036799519667,0.8645930710932236,0.9982752025021315,-0.13368213140890794,P7_coarse_graining,D2_phase_randomization,,,
confirmatory,10112,persistent_shared_mode,linear_CKA,0.13160343495122598,0.9941995976162956,0.5274998033385649,0.4666997942777307,P5_observation_noise,D6_common_driver_replacement,,,
confirmatory,10112,persistent_shared_mode,VAR_ARX_predictive,0.043269031803204794,0.9884780239433444,0.8701471789169944,0.11833084502634994,P5_observation_noise,D3_IAAFT_surrogate,,,
confirmatory,10112,direct_coupling_SCM,correlon_v1,0.0,0.0,1.0,-1.0,P1_node_permutation,D4_edge_cutting,-0.0033760572422252833,-0.08093150828868566,0.05398985866720418
confirmatory,10112,direct_coupling_SCM,pearson,0.060445422433797254,0.999999999999999,1.0,-9.992007221626409e-16,P2_global_scaling,D6_common_driver_replacement,,,
confirmatory,10112,direct_coupling_SCM,mutual_information,0.010539807745801433,0.9999981145273131,1.0,-1.8854726868688942e-06,P2_global_scaling,D6_common_driver_replacement,,,
confirmatory,10112,direct_coupling_SCM,largest_covariance_eigenvalue,1.455308726204328,0.8697306848436617,1.0,-0.13026931515633833,P6_time_reparameterization,D5_source_swap,,,
confirmatory,10112,direct_coupling_SCM,pca_rank1_explained_variance,0.12127572718369405,0.9894608182588263,1.0,-0.010539181741173742,P6_time_reparameterization,D5_source_swap,,,
confirmatory,10112,direct_coupling_SCM,spectral_coherence,0.11763995728792259,1.0,1.0,0.0,P1_node_permutation,D1_temporal_shuffle,,,
confirmatory,10112,direct_coupling_SCM,autocorrelation_persistence,0.5953426733384236,0.7950375464432899,1.0,-0.20496245355671006,P7_coarse_graining,D5_source_swap,,,
confirmatory,10112,direct_coupling_SCM,linear_CKA,0.021403303013008863,0.4099781343371474,1.0,-0.5900218656628526,P2_global_scaling,D6_common_driver_replacement,,,
confirmatory,10112,direct_coupling_SCM,VAR_ARX_predictive,0.04730120196923776,0.946935215774365,0.6744595379579917,0.2724756778163733,P6_time_reparameterization,D4_edge_cutting,,,
confirmatory,10112,history_dependent_relational_mode,correlon_v1,0.0,0.0,1.0,-1.0,P1_node_permutation,D2_phase_randomization,0.04203660429350506,-0.0037312727774346174,0.08425259608584451
confirmatory,10112,history_dependent_relational_mode,pearson,0.06421887940290155,0.9560161757064347,1.0,-0.04398382429356529,P4_orthogonal_basis_rotation,D8_block_shuffle,,,
confirmatory,10112,history_dependent_relational_mode,mutual_information,0.010826668038008025,0.9832026623082548,1.0,-0.016797337691745184,P5_observation_noise,D8_block_shuffle,,,
confirmatory,10112,history_dependent_relational_mode,largest_covariance_eigenvalue,1.5970389812344716,0.8838465445630649,0.9662001903738846,-0.08235364581081972,P7_coarse_graining,D8_block_shuffle,,,
confirmatory,10112,history_dependent_relational_mode,pca_rank1_explained_variance,0.13308658176953927,0.9936908746026877,0.9662001903738847,0.027490684228802964,P5_observation_noise,D8_block_shuffle,,,
confirmatory,10112,history_dependent_relational_mode,spectral_coherence,0.1293191359546118,0.9999999999999998,1.0,-2.220446049250313e-16,P3_affine_offset,D1_temporal_shuffle,,,
confirmatory,10112,history_dependent_relational_mode,autocorrelation_persistence,0.6217424187777584,0.8053766018336027,1.0,-0.1946233981663973,P7_coarse_graining,D5_source_swap,,,
confirmatory,10112,history_dependent_relational_mode,linear_CKA,0.02407029099700548,0.37797806669177786,1.0,-0.6220219333082222,P2_global_scaling,D8_block_shuffle,,,
confirmatory,10112,history_dependent_relational_mode,VAR_ARX_predictive,0.032060901863593116,0.8917953259957279,1.0,-0.10820467400427214,P2_global_scaling,D3_IAAFT_surrogate,,,
confirmatory,10113,persistent_shared_mode,correlon_v1,0.41296688070596355,0.9038845877086262,0.8015354239528548,0.10234916375577141,P6_time_reparameterization,D6_common_driver_replacement,0.23439379029764074,0.7275860181426065,0.4405956808001074
confirmatory,10113,persistent_shared_mode,pearson,0.17280853161173934,0.936473793125892,0.724493581454252,0.21198021167163994,P4_orthogonal_basis_rotation,D6_common_driver_replacement,,,
confirmatory,10113,persistent_shared_mode,mutual_information,0.059176153269230536,0.9796313784110683,0.48362367253620475,0.49600770587486354,P5_observation_noise,D6_common_driver_replacement,,,
confirmatory,10113,persistent_shared_mode,largest_covariance_eigenvalue,2.5152430471809835,0.9530911558502779,0.8720069240784282,0.08108423177184976,P6_time_reparameterization,D6_common_driver_replacement,,,
confirmatory,10113,persistent_shared_mode,pca_rank1_explained_variance,0.20960358726508202,0.9985717052414458,0.8720069240784277,0.12656478116301806,P5_observation_noise,D6_common_driver_replacement,,,
confirmatory,10113,persistent_shared_mode,spectral_coherence,0.23813824781380916,0.6825587288009427,1.0,-0.3174412711990573,P2_global_scaling,D6_common_driver_replacement,,,
confirmatory,10113,persistent_shared_mode,autocorrelation_persistence,0.6901481565696467,0.8832368716509449,1.0,-0.11676312834905511,P7_coarse_graining,D5_source_swap,,,
confirmatory,10113,persistent_shared_mode,linear_CKA,0.16536075547949214,0.9882319870950192,0.5367861969663437,0.4514457901286756,P5_observation_noise,D6_common_driver_replacement,,,
confirmatory,10113,persistent_shared_mode,VAR_ARX_predictive,0.04613727787321914,0.9826601193634057,0.8943145695029792,0.08834554986042653,P5_observation_noise,D6_common_driver_replacement,,,
confirmatory,10113,direct_coupling_SCM,correlon_v1,0.06996956889780373,0.0,1.0,-1.0,P6_time_reparameterization,D4_edge_cutting,0.02302728584065561,0.21260606246094685,0.14879287639364008
confirmatory,10113,direct_coupling_SCM,pearson,0.07386330482791063,0.977077079663484,0.9606926936146067,0.016384386048877264,P5_observation_noise,D2_phase_randomization,,,
confirmatory,10113,direct_coupling_SCM,mutual_information,0.01554659046406126,0.956441693725499,0.9149539543694006,0.041487739356098396,P5_observation_noise,D2_phase_randomization,,,
confirmatory,10113,direct_coupling_SCM,largest_covariance_eigenvalue,1.6334789407454067,0.8710724882730985,1.0,-0.12892751172690153,P7_coarse_graining,D5_source_swap,,,
confirmatory,10113,direct_coupling_SCM,pca_rank1_explained_variance,0.13612324506211723,0.9935016405092615,1.0,-0.0064983594907385145,P5_observation_noise,D5_source_swap,,,
confirmatory,10113,direct_coupling_SCM,spectral_coherence,0.10708707523776423,0.9999999999999976,1.0,-2.4424906541753444e-15,P1_node_permutation,D1_temporal_shuffle,,,
confirmatory,10113,direct_coupling_SCM,autocorrelation_persistence,0.6143256908656519,0.7976894875564744,0.9984085490026884,-0.200719061446214,P7_coarse_graining,D2_phase_randomization,,,
confirmatory,10113,direct_coupling_SCM,linear_CKA,0.031496665673869044,0.6569064649096935,0.9403471260339118,-0.2834406611242183,P2_global_scaling,D2_phase_randomization,,,
confirmatory,10113,direct_coupling_SCM,VAR_ARX_predictive,0.05799474960350032,0.9298495655569599,0.6220402061289183,0.30780935942804155,P2_global_scaling,D4_edge_cutting,,,
confirmatory,10113,history_dependent_relational_mode,correlon_v1,0.0,0.0,1.0,-1.0,P1_node_permutation,D5_source_swap,-0.052545947629769205,-0.06380839835818927,-0.026270464027027318
confirmatory,10113,history_dependent_relational_mode,pearson,0.07778035666567415,0.9899426913150632,0.910420180635106,0.07952251067995719,P4_orthogonal_basis_rotation,D6_common_driver_replacement,,,
confirmatory,10113,history_dependent_relational_mode,mutual_information,0.01627816534689608,0.9850761515922823,0.789765354835728,0.19531079675655438,P5_observation_noise,D4_edge_cutting,,,
confirmatory,10113,history_dependent_relational_mode,largest_covariance_eigenvalue,1.6104699285070587,0.8911546014404034,1.0,-0.10884539855959663,P7_coarse_graining,D6_common_driver_replacement,,,
confirmatory,10113,history_dependent_relational_mode,pca_rank1_explained_variance,0.1342058273755883,1.0,1.0,0.0,P1_node_permutation,D6_common_driver_replacement,,,
confirmatory,10113,history_dependent_relational_mode,spectral_coherence,0.1475250614757823,0.89570976402322,1.0,-0.10429023597678,P5_observation_noise,D5_source_swap,,,
confirmatory,10113,history_dependent_relational_mode,autocorrelation_persistence,0.6197618773950184,0.792931934043791,1.0,-0.20706806595620897,P7_coarse_graining,D5_source_swap,,,
confirmatory,10113,history_dependent_relational_mode,linear_CKA,0.03536302514870017,0.9019300794199085,0.8326229081073674,0.06930717131254116,P2_global_scaling,D6_common_driver_replacement,,,
confirmatory,10113,history_dependent_relational_mode,VAR_ARX_predictive,0.03461213801810242,0.8777544235338869,1.0,-0.12224557646611312,P2_global_scaling,D3_IAAFT_surrogate,,,
confirmatory,10114,persistent_shared_mode,correlon_v1,0.25888658614990206,1.0,1.0,0.0,P1_node_permutation,D6_common_driver_replacement,0.17005539290894275,0.3941201942606911,0.36522101014098224
confirmatory,10114,persistent_shared_mode,pearson,0.19276388437465214,0.8774717340190953,0.7209581247267041,0.15651360929239122,P4_orthogonal_basis_rotation,D6_common_driver_replacement,,,
confirmatory,10114,persistent_shared_mode,mutual_information,0.06631678460328072,0.9668820465718787,0.47723841184043636,0.48964363473144235,P5_observation_noise,D6_common_driver_replacement,,,
confirmatory,10114,persistent_shared_mode,largest_covariance_eigenvalue,2.7911949331676134,0.8381217599161449,0.8427817026848015,-0.004659942768656555,P2_global_scaling,D6_common_driver_replacement,,,
confirmatory,10114,persistent_shared_mode,pca_rank1_explained_variance,0.23259957776396778,0.9514043782291262,0.8427817026848015,0.1086226755443247,P2_global_scaling,D6_common_driver_replacement,,,
confirmatory,10114,persistent_shared_mode,spectral_coherence,0.19517942268666935,0.5647885124359238,1.0,-0.43521148756407624,P2_global_scaling,D6_common_driver_replacement,,,
confirmatory,10114,persistent_shared_mode,autocorrelation_persistence,0.6915422117164916,0.8772107497168617,1.0,-0.12278925028313825,P7_coarse_graining,D5_source_swap,,,
confirmatory,10114,persistent_shared_mode,linear_CKA,0.19985179191626024,0.7948482442301104,0.5412759043583875,0.2535723398717229,P2_global_scaling,D6_common_driver_replacement,,,
confirmatory,10114,persistent_shared_mode,VAR_ARX_predictive,0.049076357228462764,0.9402547967812606,0.9449782251642381,-0.004723428382977568,P2_global_scaling,D6_common_driver_replacement,,,
confirmatory,10114,direct_coupling_SCM,correlon_v1,0.0,0.0,0.0,0.0,P1_node_permutation,D1_temporal_shuffle,-0.03470580802428752,0.04522065065353127,0.014776738961056746
confirmatory,10114,direct_coupling_SCM,pearson,0.0669213148609878,0.9713699415132446,1.0,-0.028630058486755372,P5_observation_noise,D5_source_swap,,,
confirmatory,10114,direct_coupling_SCM,mutual_information,0.01278274004728086,0.9540153509641792,1.0,-0.04598464903582078,P5_observation_noise,D5_source_swap,,,
confirmatory,10114,direct_coupling_SCM,largest_covariance_eigenvalue,1.5577809557103979,0.8582557657462481,1.0,-0.14174423425375193,P7_coarse_graining,D7_history_destruction,,,
confirmatory,10114,direct_coupling_SCM,pca_rank1_explained_variance,0.12981507964253317,0.9943876817991939,1.0,-0.005612318200806099,P5_observation_noise,D7_history_destruction,,,
confirmatory,10114,direct_coupling_SCM,spectral_coherence,0.13074218970527315,0.8772751533222567,1.0,-0.1227248466777433,P2_global_scaling,D2_phase_randomization,,,
confirmatory,10114,direct_coupling_SCM,autocorrelation_persistence,0.6037280450338951,0.7988373813896764,0.9985099313806655,-0.19967254999098905,P7_coarse_graining,D7_history_destruction,,,
confirmatory,10114,direct_coupling_SCM,linear_CKA,0.025750274505803427,0.9417961090342525,1.0,-0.05820389096574752,P5_observation_noise,D5_source_swap,,,
confirmatory,10114,direct_coupling_SCM,VAR_ARX_predictive,0.05122951732394643,0.9367493637469864,0.7869222294093241,0.14982713433766226,P6_time_reparameterization,D6_common_driver_replacement,,,
confirmatory,10114,history_dependent_relational_mode,correlon_v1,0.03741716758729657,0.0,1.0,-1.0,P5_observation_noise,D3_IAAFT_surrogate,0.007374437282799143,0.18985101866978205,0.07075488849086636
confirmatory,10114,history_dependent_relational_mode,pearson,0.08300019047424248,0.9946086614872012,0.8960332030890197,0.09857545839818149,P5_observation_noise,D4_edge_cutting,,,
confirmatory,10114,history_dependent_relational_mode,mutual_information,0.021077078742953614,0.9919845684904721,0.7993096659758588,0.19267490251461328,P5_observation_noise,D4_edge_cutting,,,
confirmatory,10114,history_dependent_relational_mode,largest_covariance_eigenvalue,1.589214343448856,0.8717833046024202,0.9862409057275329,-0.11445760112511272,P7_coarse_graining,D8_block_shuffle,,,
confirmatory,10114,history_dependent_relational_mode,pca_rank1_explained_variance,0.132434528620738,1.0,0.9862409057275325,0.013759094272467465,P1_node_permutation,D8_block_shuffle,,,
confirmatory,10114,history_dependent_relational_mode,spectral_coherence,0.13832380739557312,0.9014006240527326,1.0,-0.09859937594726742,P2_global_scaling,D1_temporal_shuffle,,,
confirmatory,10114,history_dependent_relational_mode,autocorrelation_persistence,0.6197201533888592,0.8104640123870246,1.0,-0.1895359876129754,P7_coarse_graining,D5_source_swap,,,
confirmatory,10114,history_dependent_relational_mode,linear_CKA,0.0397812957744709,0.7013077807903145,0.8187572014220034,-0.11744942063168884,P2_global_scaling,D4_edge_cutting,,,
confirmatory,10114,history_dependent_relational_mode,VAR_ARX_predictive,0.033523219705159146,0.9656641169682293,1.0,-0.03433588303177071,P2_global_scaling,D1_temporal_shuffle,,,
confirmatory,10115,persistent_shared_mode,correlon_v1,0.03038258715396207,0.0,1.0,-1.0,P2_global_scaling,D6_common_driver_replacement,0.18519859525084498,0.0049843877104888,0.31789105832311615
confirmatory,10115,persistent_shared_mode,pearson,0.23310444459056534,0.9198053930153351,0.7733477719129306,0.14645762110240457,P4_orthogonal_basis_rotation,D6_common_driver_replacement,,,
confirmatory,10115,persistent_shared_mode,mutual_information,0.07433306747022539,0.9916336799760882,0.5785217932425177,0.41311188673357047,P5_observation_noise,D6_common_driver_replacement,,,
confirmatory,10115,persistent_shared_mode,largest_covariance_eigenvalue,3.250715070870519,0.9421444758040118,0.8737259449968705,0.06841853080714133,P6_time_reparameterization,D6_common_driver_replacement,,,
confirmatory,10115,persistent_shared_mode,pca_rank1_explained_variance,0.2708929225725432,0.9928460089308365,0.8737259449968703,0.11912006393396624,P5_observation_noise,D6_common_driver_replacement,,,
confirmatory,10115,persistent_shared_mode,spectral_coherence,0.26292320937258695,0.8985181630256849,0.9869230521762826,-0.08840488915059774,P2_global_scaling,D6_common_driver_replacement,,,
confirmatory,10115,persistent_shared_mode,autocorrelation_persistence,0.714212884275435,0.8793487296484576,0.9993288345106557,-0.11998010486219812,P7_coarse_graining,D2_phase_randomization,,,
confirmatory,10115,persistent_shared_mode,linear_CKA,0.2742825071831259,0.9854302104739404,0.6208940995997001,0.3645361108742403,P5_observation_noise,D6_common_driver_replacement,,,
confirmatory,10115,persistent_shared_mode,VAR_ARX_predictive,0.050833391961620455,0.9778815735964712,0.8814198388242721,0.0964617347721991,P5_observation_noise,D6_common_driver_replacement,,,
confirmatory,10115,direct_coupling_SCM,correlon_v1,0.0,0.0,1.0,-1.0,P1_node_permutation,D5_source_swap,-5.572592030746171e-05,-0.11418128302732035,-0.028774457868167458
confirmatory,10115,direct_coupling_SCM,pearson,0.08109284677369673,0.9831617107241991,1.0,-0.01683828927580089,P4_orthogonal_basis_rotation,D6_common_driver_replacement,,,
confirmatory,10115,direct_coupling_SCM,mutual_information,0.01889704446032814,0.9736122948004466,0.8881120192082506,0.08550027559219608,P5_observation_noise,D6_common_driver_replacement,,,
confirmatory,10115,direct_coupling_SCM,largest_covariance_eigenvalue,1.6110718086974156,0.8784276974227898,1.0,-0.12157230257721019,P7_coarse_graining,D6_common_driver_replacement,,,
confirmatory,10115,direct_coupling_SCM,pca_rank1_explained_variance,0.13425598405811792,1.0,1.0,0.0,P1_node_permutation,D6_common_driver_replacement,,,
confirmatory,10115,direct_coupling_SCM,spectral_coherence,0.13499710535058074,0.9840133817074371,1.0,-0.01598661829256287,P5_observation_noise,D2_phase_randomization,,,
confirmatory,10115,direct_coupling_SCM,autocorrelation_persistence,0.6033648562205188,0.774342858301378,1.0,-0.22565714169862205,P7_coarse_graining,D5_source_swap,,,
confirmatory,10115,direct_coupling_SCM,linear_CKA,0.038283080668631335,0.7978079894922895,1.0,-0.20219201050771052,P2_global_scaling,D6_common_driver_replacement,,,
confirmatory,10115,direct_coupling_SCM,VAR_ARX_predictive,0.04820545764392298,0.8699822623690034,0.7142739319213921,0.15570833044761134,P2_global_scaling,D3_IAAFT_surrogate,,,
confirmatory,10115,history_dependent_relational_mode,correlon_v1,0.0,0.0,1.0,-1.0,P1_node_permutation,D6_common_driver_replacement,-0.01498871805330694,0.030873979604807228,0.045268444683651154
confirmatory,10115,history_dependent_relational_mode,pearson,0.077698819680167,0.9631539457214866,1.0,-0.036846054278513396,P4_orthogonal_basis_rotation,D6_common_driver_replacement,,,
confirmatory,10115,history_dependent_relational_mode,mutual_information,0.016772649708518106,0.9719086672359276,0.9634973542462356,0.008411312989692,P5_observation_noise,D6_common_driver_replacement,,,
confirmatory,10115,history_dependent_relational_mode,largest_covariance_eigenvalue,1.5378596193482692,0.89219821380158,1.0,-0.10780178619841996,P6_time_reparameterization,D6_common_driver_replacement,,,
confirmatory,10115,history_dependent_relational_mode,pca_rank1_explained_variance,0.12815496827902242,0.9978264363283684,1.0,-0.002173563671631573,P5_observation_noise,D6_common_driver_replacement,,,
confirmatory,10115,history_dependent_relational_mode,spectral_coherence,0.1524360528878793,0.6460405140639547,1.0,-0.3539594859360453,P2_global_scaling,D6_common_driver_replacement,,,
confirmatory,10115,history_dependent_relational_mode,autocorrelation_persistence,0.6245753660878127,0.8141058962814024,0.9974671414647512,-0.18336124518334884,P7_coarse_graining,D2_phase_randomization,,,
confirmatory,10115,history_dependent_relational_mode,linear_CKA,0.03556657155529396,0.5783721429631753,1.0,-0.4216278570368247,P2_global_scaling,D6_common_driver_replacement,,,
confirmatory,10115,history_dependent_relational_mode,VAR_ARX_predictive,0.039359966814536906,0.9999999999999943,0.8868881127033347,0.11311188729665966,P4_orthogonal_basis_rotation,D1_temporal_shuffle,,,
confirmatory,10116,persistent_shared_mode,correlon_v1,0.2470227194996262,0.9830815056732692,1.0,-0.01691849432673076,P5_observation_noise,D6_common_driver_replacement,0.10590877245570264,0.5761583534028146,0.36463041559226816
confirmatory,10116,persistent_shared_mode,pearson,0.1496264925629862,0.9286035193803429,0.7674971138186091,0.16110640556173383,P4_orthogonal_basis_rotation,D6_common_driver_replacement,,,
confirmatory,10116,persistent_shared_mode,mutual_information,0.05089667933586439,1.0,0.4911305501810679,0.5088694498189321,P1_node_permutation,D6_common_driver_replacement,,,
confirmatory,10116,persistent_shared_mode,largest_covariance_eigenvalue,2.2174757437276105,0.9492949843178047,0.9331793586300009,0.01611562568780378,P7_coarse_graining,D6_common_driver_replacement,,,
confirmatory,10116,persistent_shared_mode,pca_rank1_explained_variance,0.18478964531063422,0.9999999999999991,0.9331793586300009,0.06682064136999821,P4_orthogonal_basis_rotation,D6_common_driver_replacement,,,
confirmatory,10116,persistent_shared_mode,spectral_coherence,0.21098283080219526,0.7829934262265114,1.0,-0.21700657377348864,P2_global_scaling,D6_common_driver_replacement,,,
confirmatory,10116,persistent_shared_mode,autocorrelation_persistence,0.6715505978324735,0.8580494733087258,0.9979713467560065,-0.1399218734472807,P7_coarse_graining,D2_phase_randomization,,,
confirmatory,10116,persistent_shared_mode,linear_CKA,0.12805792297624885,0.9300880736748238,0.5911354932978948,0.338952580376929,P2_global_scaling,D6_common_driver_replacement,,,
confirmatory,10116,persistent_shared_mode,VAR_ARX_predictive,0.04480365943128106,0.9999999999999963,0.7800056693115838,0.21999433068841256,P3_affine_offset,D8_block_shuffle,,,
confirmatory,10116,direct_coupling_SCM,correlon_v1,0.0,0.0,1.0,-1.0,P1_node_permutation,D2_phase_randomization,-0.030884576136898476,-0.000912945230963233,-0.01171562522512637
confirmatory,10116,direct_coupling_SCM,pearson,0.07729199042949755,0.966814683290649,0.8594162642186598,0.10739841907198922,P4_orthogonal_basis_rotation,D6_common_driver_replacement,,,
confirmatory,10116,direct_coupling_SCM,mutual_information,0.015218144969201264,0.9999995141296166,0.8526514922728605,0.1473480218567561,P2_global_scaling,D7_history_destruction,,,
confirmatory,10116,direct_coupling_SCM,largest_covariance_eigenvalue,1.7379143814457083,0.8760982093694525,0.9472747165070086,-0.07117650713755608,P7_coarse_graining,D7_history_destruction,,,
confirmatory,10116,direct_coupling_SCM,pca_rank1_explained_variance,0.14482619845380904,0.9999999999999998,0.9472747165070086,0.052725283492991215,P1_node_permutation,D7_history_destruction,,,
confirmatory,10116,direct_coupling_SCM,spectral_coherence,0.1468908558020404,0.825783331366454,1.0,-0.174216668633546,P6_time_reparameterization,D3_IAAFT_surrogate,,,
confirmatory,10116,direct_coupling_SCM,autocorrelation_persistence,0.6052293388329472,0.8026708006151262,1.0,-0.1973291993848738,P7_coarse_graining,D5_source_swap,,,
confirmatory,10116,direct_coupling_SCM,linear_CKA,0.03438215405622031,0.6470114756734695,0.759256630260628,-0.11224515458715845,P2_global_scaling,D6_common_driver_replacement,,,
confirmatory,10116,direct_coupling_SCM,VAR_ARX_predictive,0.05367956970071913,0.8411592351448302,0.6180298821603337,0.22312935298449643,P2_global_scaling,D4_edge_cutting,,,
confirmatory,10116,history_dependent_relational_mode,correlon_v1,0.0,0.0,1.0,-1.0,P1_node_permutation,D1_temporal_shuffle,-0.03788883105652628,-0.1057892750143743,0.001042527467570331
confirmatory,10116,history_dependent_relational_mode,pearson,0.07180801197056952,0.9941566571417915,1.0,-0.005843342858208533,P5_observation_noise,D6_common_driver_replacement,,,
confirmatory,10116,history_dependent_relational_mode,mutual_information,0.014083563023056689,0.9840108815196272,0.9517796932374634,0.03223118828216387,P5_observation_noise,D6_common_driver_replacement,,,
confirmatory,10116,history_dependent_relational_mode,largest_covariance_eigenvalue,1.6160342258536247,0.8757858163833445,1.0,-0.12421418361665548,P7_coarse_graining,D5_source_swap,,,
confirmatory,10116,history_dependent_relational_mode,pca_rank1_explained_variance,0.1346695188211354,0.993825916515694,1.0,-0.006174083484306037,P5_observation_noise,D5_source_swap,,,
confirmatory,10116,history_dependent_relational_mode,spectral_coherence,0.15555942469890652,0.6838641706959863,1.0,-0.31613582930401374,P6_time_reparameterization,D6_common_driver_replacement,,,
confirmatory,10116,history_dependent_relational_mode,autocorrelation_persistence,0.6133543986321506,0.8386102774124277,0.9986598679856366,-0.1600495905732089,P7_coarse_graining,D2_phase_randomization,,,
confirmatory,10116,history_dependent_relational_mode,linear_CKA,0.029724474630651268,0.6065495308894686,1.0,-0.3934504691105314,P2_global_scaling,D6_common_driver_replacement,,,
confirmatory,10116,history_dependent_relational_mode,VAR_ARX_predictive,0.03881263339717439,0.9768089434456892,0.8715895049944403,0.10521943845124893,P5_observation_noise,D4_edge_cutting,,,
confirmatory,10117,persistent_shared_mode,correlon_v1,0.32822167592119483,0.9962541685542979,1.0,-0.0037458314457020636,P2_global_scaling,D6_common_driver_replacement,0.1953684676983784,0.5514168678992615,0.40494692682448175
confirmatory,10117,persistent_shared_mode,pearson,0.20679129203856592,0.9370040867491385,0.7711876070004087,0.16581647974872982,P4_orthogonal_basis_rotation,D6_common_driver_replacement,,,
confirmatory,10117,persistent_shared_mode,mutual_information,0.07069757846267855,0.9868441488126259,0.5422935419786126,0.4445506068340134,P5_observation_noise,D6_common_driver_replacement,,,
confirmatory,10117,persistent_shared_mode,largest_covariance_eigenvalue,2.8886158900564816,0.9446632470288968,0.889835133510322,0.05482811351857486,P6_time_reparameterization,D6_common_driver_replacement,,,
confirmatory,10117,persistent_shared_mode,pca_rank1_explained_variance,0.24071799083804013,0.997825278889139,0.8898351335103217,0.10799014537881724,P5_observation_noise,D6_common_driver_replacement,,,
confirmatory,10117,persistent_shared_mode,spectral_coherence,0.25411972910008507,0.7912006744976917,1.0,-0.2087993255023083,P2_global_scaling,D6_common_driver_replacement,,,
confirmatory,10117,persistent_shared_mode,autocorrelation_persistence,0.6995312284710523,0.8778737816040713,0.9984209093940177,-0.12054712778994647,P7_coarse_graining,D2_phase_randomization,,,
confirmatory,10117,persistent_shared_mode,linear_CKA,0.2287508732411315,0.9917870494188323,0.6073298962217658,0.3844571531970665,P5_observation_noise,D6_common_driver_replacement,,,
confirmatory,10117,persistent_shared_mode,VAR_ARX_predictive,0.0516321023620559,0.9675600994740896,0.8568882119942132,0.11067188747987644,P5_observation_noise,D6_common_driver_replacement,,,
confirmatory,10117,direct_coupling_SCM,correlon_v1,0.07482092737799069,0.0,1.0,-1.0,P7_coarse_graining,D2_phase_randomization,0.03148014132008024,0.17783183108303427,0.12171827909370775
confirmatory,10117,direct_coupling_SCM,pearson,0.06820133852386222,0.9577349293239894,0.9751761547892907,-0.017441225465301247,P4_orthogonal_basis_rotation,D6_common_driver_replacement,,,
confirmatory,10117,direct_coupling_SCM,mutual_information,0.013055067616498994,0.9925458228567111,0.9688782514682176,0.023667571388493513,P5_observation_noise,D2_phase_randomization,,,
confirmatory,10117,direct_coupling_SCM,largest_covariance_eigenvalue,1.5279708548620947,0.8803780979635814,1.0,-0.11962190203641865,P7_coarse_graining,D6_common_driver_replacement,,,
confirmatory,10117,direct_coupling_SCM,pca_rank1_explained_variance,0.12733090457184118,0.9999999999999996,1.0,-4.440892098500626e-16,P1_node_permutation,D6_common_driver_replacement,,,
confirmatory,10117,direct_coupling_SCM,spectral_coherence,0.15683677705696422,0.9189192238371324,1.0,-0.08108077616286757,P2_global_scaling,D6_common_driver_replacement,,,
confirmatory,10117,direct_coupling_SCM,autocorrelation_persistence,0.6149834970894977,0.81301203751399,0.9980288147505559,-0.18501677723656595,P7_coarse_graining,D2_phase_randomization,,,
confirmatory,10117,direct_coupling_SCM,linear_CKA,0.02720646827595156,0.6192913588543002,0.9609078505473503,-0.3416164916930501,P2_global_scaling,D6_common_driver_replacement,,,
confirmatory,10117,direct_coupling_SCM,VAR_ARX_predictive,0.049707737291234955,0.9310540454059947,0.6607151701741198,0.27033887523187483,P2_global_scaling,D6_common_driver_replacement,,,
confirmatory,10117,history_dependent_relational_mode,correlon_v1,0.0,0.0,1.0,-1.0,P1_node_permutation,D3_IAAFT_surrogate,0.025996126903426134,-0.045470752916806245,-0.11671782759996274
confirmatory,10117,history_dependent_relational_mode,pearson,0.05313517715793983,0.9979237962724106,1.0,-0.002076203727589432,P5_observation_noise,D2_phase_randomization,,,
confirmatory,10117,history_dependent_relational_mode,mutual_information,0.008813590860473952,0.9997877432196113,1.0,-0.00021225678038871987,P5_observation_noise,D2_phase_randomization,,,
confirmatory,10117,history_dependent_relational_mode,largest_covariance_eigenvalue,1.3702093174349286,0.8643677831052016,1.0,-0.13563221689479843,P7_coarse_graining,D2_phase_randomization,,,
confirmatory,10117,history_dependent_relational_mode,pca_rank1_explained_variance,0.11418410978624408,0.9911403588264193,1.0,-0.008859641173580735,P5_observation_noise,D2_phase_randomization,,,
confirmatory,10117,history_dependent_relational_mode,spectral_coherence,0.17889820812027843,0.6906971579579523,0.8932418731359991,-0.20254471517804684,P2_global_scaling,D4_edge_cutting,,,
confirmatory,10117,history_dependent_relational_mode,autocorrelation_persistence,0.5942164070776611,0.8081008363886257,1.0,-0.19189916361137427,P7_coarse_graining,D5_source_swap,,,
confirmatory,10117,history_dependent_relational_mode,linear_CKA,0.016614659146090827,0.9960716174513374,1.0,-0.003928382548662568,P2_global_scaling,D2_phase_randomization,,,
confirmatory,10117,history_dependent_relational_mode,VAR_ARX_predictive,0.03154053102029536,1.0,1.0,0.0,P1_node_permutation,D1_temporal_shuffle,,,
confirmatory,10118,persistent_shared_mode,correlon_v1,0.29757193395595866,0.9524812229104561,1.0,-0.047518777089543884,P6_time_reparameterization,D6_common_driver_replacement,0.12935983742938637,0.6845173713721284,0.4534942889171931
confirmatory,10118,persistent_shared_mode,pearson,0.2057652759367507,0.9066463277045657,0.659899873607452,0.2467464540971137,P4_orthogonal_basis_rotation,D6_common_driver_replacement,,,
confirmatory,10118,persistent_shared_mode,mutual_information,0.0744798769447389,0.9906783139091341,0.40864830965822907,0.582030004250905,P5_observation_noise,D6_common_driver_replacement,,,
confirmatory,10118,persistent_shared_mode,largest_covariance_eigenvalue,2.896095295809089,0.9511818641510367,0.8121269789741541,0.13905488517688258,P6_time_reparameterization,D6_common_driver_replacement,,,
confirmatory,10118,persistent_shared_mode,pca_rank1_explained_variance,0.24134127465075736,0.9957270448468524,0.812126978974154,0.1836000658726984,P5_observation_noise,D6_common_driver_replacement,,,
confirmatory,10118,persistent_shared_mode,spectral_coherence,0.22784301193887996,0.6795522564599212,1.0,-0.32044774354007877,P2_global_scaling,D6_common_driver_replacement,,,
confirmatory,10118,persistent_shared_mode,autocorrelation_persistence,0.6984369913850198,0.8741498937953025,1.0,-0.1258501062046975,P7_coarse_graining,D5_source_swap,,,
confirmatory,10118,persistent_shared_mode,linear_CKA,0.22319607817362588,0.7131431501386314,0.45674473591008186,0.25639841422854953,P2_global_scaling,D6_common_driver_replacement,,,
confirmatory,10118,persistent_shared_mode,VAR_ARX_predictive,0.044151732434358826,1.0,0.9769956136759952,0.02300438632400481,P1_node_permutation,D6_common_driver_replacement,,,
confirmatory,10118,direct_coupling_SCM,correlon_v1,0.0,0.0,1.0,-1.0,P1_node_permutation,D3_IAAFT_surrogate,-0.033232806231830586,0.02505720346452129,-0.03809156033556782
confirmatory,10118,direct_coupling_SCM,pearson,0.06823156100032683,0.9860667447677998,0.9996515463462718,-0.013584801578472083,P4_orthogonal_basis_rotation,D2_phase_randomization,,,
confirmatory,10118,direct_coupling_SCM,mutual_information,0.013030556235339552,0.9999998132288058,1.0,-1.8677119417720434e-07,P2_global_scaling,D2_phase_randomization,,,
confirmatory,10118,direct_coupling_SCM,largest_covariance_eigenvalue,1.483859339710707,0.8530576350098753,1.0,-0.1469423649901247,P7_coarse_graining,D5_source_swap,,,
confirmatory,10118,direct_coupling_SCM,pca_rank1_explained_variance,0.12365494497589219,0.996865642400876,1.0,-0.003134357599123949,P5_observation_noise,D5_source_swap,,,
confirmatory,10118,direct_coupling_SCM,spectral_coherence,0.12485018976367833,1.0,1.0,0.0,P1_node_permutation,D1_temporal_shuffle,,,
confirmatory,10118,direct_coupling_SCM,autocorrelation_persistence,0.6233745502938192,0.792228099668166,0.9975731746452603,-0.2053450749770943,P7_coarse_graining,D2_phase_randomization,,,
confirmatory,10118,direct_coupling_SCM,linear_CKA,0.027082529217641416,0.545691342540439,1.0,-0.45430865745956095,P2_global_scaling,D2_phase_randomization,,,
confirmatory,10118,direct_coupling_SCM,VAR_ARX_predictive,0.05620940959051185,0.8590231937461685,0.6488535239116263,0.21016966983454222,P2_global_scaling,D6_common_driver_replacement,,,
confirmatory,10118,history_dependent_relational_mode,correlon_v1,0.0,0.0,1.0,-1.0,P1_node_permutation,D2_phase_randomization,0.020941481582461535,-0.0691814549898507,0.026335830491644285
confirmatory,10118,history_dependent_relational_mode,pearson,0.0617130530049628,0.9757631389096564,1.0,-0.02423686109034362,P5_observation_noise,D2_phase_randomization,,,
confirmatory,10118,history_dependent_relational_mode,mutual_information,0.011009225784470167,0.9507031729955515,1.0,-0.049296827004448485,P5_observation_noise,D2_phase_randomization,,,
confirmatory,10118,history_dependent_relational_mode,largest_covariance_eigenvalue,1.4784492166305652,0.8624586448349739,1.0,-0.13754135516502608,P6_time_reparameterization,D7_history_destruction,,,
confirmatory,10118,history_dependent_relational_mode,pca_rank1_explained_variance,0.12320410138588046,0.9965522896111674,1.0,-0.0034477103888326255,P6_time_reparameterization,D7_history_destruction,,,
confirmatory,10118,history_dependent_relational_mode,spectral_coherence,0.12951287458310273,0.9999999999999949,1.0,-5.10702591327572e-15,P3_affine_offset,D3_IAAFT_surrogate,,,
confirmatory,10118,history_dependent_relational_mode,autocorrelation_persistence,0.5975195612321386,0.7913305472685886,1.0,-0.20866945273141135,P7_coarse_graining,D5_source_swap,,,
confirmatory,10118,history_dependent_relational_mode,linear_CKA,0.02222696722764033,0.7590892817640147,1.0,-0.2409107182359853,P2_global_scaling,D2_phase_randomization,,,
confirmatory,10118,history_dependent_relational_mode,VAR_ARX_predictive,0.039442644657024684,0.9955715690711605,0.9321501506683754,0.06342141840278515,P5_observation_noise,D3_IAAFT_surrogate,,,
confirmatory,10119,persistent_shared_mode,correlon_v1,0.08786351929175873,0.24455770832047283,1.0,-0.7554422916795271,P6_time_reparameterization,D6_common_driver_replacement,0.061420521658959865,0.12569085728706253,0.13911380218128583
confirmatory,10119,persistent_shared_mode,pearson,0.16564013628275687,0.9373549540762782,0.8316562360985988,0.10569871797767938,P4_orthogonal_basis_rotation,D6_common_driver_replacement,,,
confirmatory,10119,persistent_shared_mode,mutual_information,0.05121297217449572,0.9796541506234187,0.5423690694358851,0.4372850811875335,P5_observation_noise,D6_common_driver_replacement,,,
confirmatory,10119,persistent_shared_mode,largest_covariance_eigenvalue,2.4591904078916347,0.9492334540343669,0.9890851837425199,-0.03985172970815298,P7_coarse_graining,D6_common_driver_replacement,,,
confirmatory,10119,persistent_shared_mode,pca_rank1_explained_variance,0.20493253399096958,0.9909267832186979,0.9890851837425202,0.00184159947617768,P5_observation_noise,D6_common_driver_replacement,,,
confirmatory,10119,persistent_shared_mode,spectral_coherence,0.21408769715723913,0.561318248904606,1.0,-0.438681751095394,P2_global_scaling,D6_common_driver_replacement,,,
confirmatory,10119,persistent_shared_mode,autocorrelation_persistence,0.678546476280736,0.8581407519749799,1.0,-0.14185924802502015,P7_coarse_graining,D5_source_swap,,,
confirmatory,10119,persistent_shared_mode,linear_CKA,0.1527459872121116,0.33264997799424056,0.6846077789336165,-0.3519578009393759,P2_global_scaling,D6_common_driver_replacement,,,
confirmatory,10119,persistent_shared_mode,VAR_ARX_predictive,0.04850333143178931,0.8253065718170294,0.7711352228146555,0.05417134900237386,P2_global_scaling,D6_common_driver_replacement,,,
confirmatory,10119,direct_coupling_SCM,correlon_v1,0.0,0.0,1.0,-1.0,P1_node_permutation,D4_edge_cutting,-0.0007331468212977976,0.09963776457059434,0.06592011258254094
confirmatory,10119,direct_coupling_SCM,pearson,0.07707808771014278,0.9771501672024104,0.8539196529254571,0.1232305142769533,P4_orthogonal_basis_rotation,D6_common_driver_replacement,,,
confirmatory,10119,direct_coupling_SCM,mutual_information,0.015237691554899069,0.9999986992229973,0.8180760239111311,0.18192267531186623,P2_global_scaling,D5_source_swap,,,
confirmatory,10119,direct_coupling_SCM,largest_covariance_eigenvalue,1.6837255944526053,0.8823425181430664,0.9884233078232977,-0.10608078968023127,P7_coarse_graining,D7_history_destruction,,,
confirmatory,10119,direct_coupling_SCM,pca_rank1_explained_variance,0.14031046620438378,0.9961921897232238,0.9884233078232977,0.007768881899926083,P5_observation_noise,D7_history_destruction,,,
confirmatory,10119,direct_coupling_SCM,spectral_coherence,0.14545835205461177,0.6834423921223507,1.0,-0.3165576078776493,P2_global_scaling,D3_IAAFT_surrogate,,,
confirmatory,10119,direct_coupling_SCM,autocorrelation_persistence,0.6184347509101232,0.8157886721619587,1.0,-0.18421132783804128,P7_coarse_graining,D7_history_destruction,,,
confirmatory,10119,direct_coupling_SCM,linear_CKA,0.034236355352201195,0.6163026659220677,0.7448004257030165,-0.1284977597809488,P2_global_scaling,D6_common_driver_replacement,,,
confirmatory,10119,direct_coupling_SCM,VAR_ARX_predictive,0.057781718509725855,0.9353827642421036,0.6613022986959607,0.27408046554614296,P6_time_reparameterization,D8_block_shuffle,,,
confirmatory,10119,history_dependent_relational_mode,correlon_v1,0.0,0.0,1.0,-1.0,P1_node_permutation,D8_block_shuffle,-0.015434147835436965,-0.010013596544173362,-0.08561776854971692
confirmatory,10119,history_dependent_relational_mode,pearson,0.05899318036907082,0.9927781679381178,1.0,-0.007221832061882205,P4_orthogonal_basis_rotation,D2_phase_randomization,,,
confirmatory,10119,history_dependent_relational_mode,mutual_information,0.010080740625869722,0.9999990149816503,1.0,-9.850183496640241e-07,P2_global_scaling,D2_phase_randomization,,,
confirmatory,10119,history_dependent_relational_mode,largest_covariance_eigenvalue,1.3953440451829644,0.8354929536155441,1.0,-0.1645070463844559,P7_coarse_graining,D2_phase_randomization,,,
confirmatory,10119,history_dependent_relational_mode,pca_rank1_explained_variance,0.11627867043191371,0.9977657679412887,1.0,-0.0022342320587113162,P5_observation_noise,D2_phase_randomization,,,
confirmatory,10119,history_dependent_relational_mode,spectral_coherence,0.13871479720718702,0.9213635769775216,1.0,-0.07863642302247842,P2_global_scaling,D4_edge_cutting,,,
confirmatory,10119,history_dependent_relational_mode,autocorrelation_persistence,0.5949049422275962,0.8016643070166231,1.0,-0.19833569298337694,P7_coarse_graining,D5_source_swap,,,
confirmatory,10119,history_dependent_relational_mode,linear_CKA,0.020571413375533407,0.9361360007422734,1.0,-0.06386399925772657,P2_global_scaling,D2_phase_randomization,,,
confirmatory,10119,history_dependent_relational_mode,VAR_ARX_predictive,0.037128744216175014,0.9803870388413739,0.9564857876582281,0.02390125118314579,P5_observation_noise,D2_phase_randomization,,,
confirmatory,10120,persistent_shared_mode,correlon_v1,0.2304905147274309,0.9978502507583902,1.0,-0.002149749241609822,P2_global_scaling,D6_common_driver_replacement,0.06880278570578494,0.7721471861109429,0.5135534122271821
confirmatory,10120,persistent_shared_mode,pearson,0.20014995215593936,0.899132961314224,0.6986733257437586,0.20045963557046542,P4_orthogonal_basis_rotation,D6_common_driver_replacement,,,
confirmatory,10120,persistent_shared_mode,mutual_information,0.07075391992466329,0.9920431896190945,0.4255005681879918,0.5665426214311027,P5_observation_noise,D6_common_driver_replacement,,,
confirmatory,10120,persistent_shared_mode,largest_covariance_eigenvalue,2.8200893872849253,0.9110540751099264,0.8675015926334384,0.04355248247648802,P6_time_reparameterization,D5_source_swap,,,
confirmatory,10120,persistent_shared_mode,pca_rank1_explained_variance,0.2350074489404103,0.9897066713472144,0.8675015926334388,0.1222050787137755,P5_observation_noise,D5_source_swap,,,
confirmatory,10120,persistent_shared_mode,spectral_coherence,0.2544695571480376,0.5333971501385356,0.969132621758163,-0.43573547161962733,P2_global_scaling,D6_common_driver_replacement,,,
confirmatory,10120,persistent_shared_mode,autocorrelation_persistence,0.6875290334295632,0.8672680895608371,1.0,-0.13273191043916288,P7_coarse_graining,D5_source_swap,,,
confirmatory,10120,persistent_shared_mode,linear_CKA,0.21610640319039284,0.3789310198022297,0.5000094823364728,-0.12107846253424309,P2_global_scaling,D6_common_driver_replacement,,,
confirmatory,10120,persistent_shared_mode,VAR_ARX_predictive,0.04506637080115927,0.9770348345415129,1.0,-0.022965165458487147,P2_global_scaling,D6_common_driver_replacement,,,
confirmatory,10120,direct_coupling_SCM,correlon_v1,0.0,0.0,1.0,-1.0,P1_node_permutation,D1_temporal_shuffle,-4.738570849352475e-05,0.03460456368375178,-0.012791870263774152
confirmatory,10120,direct_coupling_SCM,pearson,0.07092930830320046,0.9900386510547412,1.0,-0.009961348945258797,P5_observation_noise,D8_block_shuffle,,,
confirmatory,10120,direct_coupling_SCM,mutual_information,0.015546254131729387,0.9871863471513109,1.0,-0.012813652848689072,P5_observation_noise,D8_block_shuffle,,,
confirmatory,10120,direct_coupling_SCM,largest_covariance_eigenvalue,1.5108562094057456,0.8662185117427017,1.0,-0.1337814882572983,P7_coarse_graining,D6_common_driver_replacement,,,
confirmatory,10120,direct_coupling_SCM,pca_rank1_explained_variance,0.12590468411714548,0.9920246500549268,1.0,-0.007975349945073207,P5_observation_noise,D6_common_driver_replacement,,,
confirmatory,10120,direct_coupling_SCM,spectral_coherence,0.16760815606021987,0.7466854443629831,1.0,-0.2533145556370169,P2_global_scaling,D6_common_driver_replacement,,,
confirmatory,10120,direct_coupling_SCM,autocorrelation_persistence,0.6145704108354022,0.7892507396217044,0.9998543427645165,-0.210603603142812,P7_coarse_graining,D2_phase_randomization,,,
confirmatory,10120,direct_coupling_SCM,linear_CKA,0.02936769898560912,0.6031622772819051,1.0,-0.3968377227180949,P2_global_scaling,D8_block_shuffle,,,
confirmatory,10120,direct_coupling_SCM,VAR_ARX_predictive,0.047573163027991305,0.854560968273825,0.8464944286550541,0.008066539618770907,P2_global_scaling,D6_common_driver_replacement,,,
confirmatory,10120,history_dependent_relational_mode,correlon_v1,0.0,0.0,1.0,-1.0,P1_node_permutation,D6_common_driver_replacement,-0.004920585505011427,-0.11691145170972585,-0.03763622406667272
confirmatory,10120,history_dependent_relational_mode,pearson,0.0622639427514165,0.9736959646872642,1.0,-0.02630403531273584,P5_observation_noise,D8_block_shuffle,,,
confirmatory,10120,history_dependent_relational_mode,mutual_information,0.012082504401831451,0.9499222776840048,0.9849163627794378,-0.034994085095433,P5_observation_noise,D4_edge_cutting,,,
confirmatory,10120,history_dependent_relational_mode,largest_covariance_eigenvalue,1.3991703019651127,0.844303617907529,1.0,-0.15569638209247105,P7_coarse_graining,D5_source_swap,,,
confirmatory,10120,history_dependent_relational_mode,pca_rank1_explained_variance,0.11659752516375939,0.9973232625519735,1.0,-0.002676737448026545,P5_observation_noise,D5_source_swap,,,
confirmatory,10120,history_dependent_relational_mode,spectral_coherence,0.15781215734869666,0.7841596420867225,1.0,-0.2158403579132775,P2_global_scaling,D1_temporal_shuffle,,,
confirmatory,10120,history_dependent_relational_mode,autocorrelation_persistence,0.6046913551461651,0.7701382468876942,1.0,-0.22986175311230583,P7_coarse_graining,D2_phase_randomization,,,
confirmatory,10120,history_dependent_relational_mode,linear_CKA,0.02272529849701252,0.9197636243345835,1.0,-0.08023637566541653,P2_global_scaling,D8_block_shuffle,,,
confirmatory,10120,history_dependent_relational_mode,VAR_ARX_predictive,0.03853190216632635,0.9576346627956456,0.9357142528062952,0.02192040998935041,P5_observation_noise,D6_common_driver_replacement,,,
confirmatory,10121,persistent_shared_mode,correlon_v1,0.3993804315530641,0.9248099546533549,0.9914600825878299,-0.066650127934475,P5_observation_noise,D6_common_driver_replacement,0.19878459666619963,0.8023998427571983,0.5668380162391673
confirmatory,10121,persistent_shared_mode,pearson,0.27226533985709556,0.8803274849732203,0.7118201405385899,0.16850734443463045,P4_orthogonal_basis_rotation,D6_common_driver_replacement,,,
confirmatory,10121,persistent_shared_mode,mutual_information,0.09099390446992783,0.9740532004719294,0.40644645125362344,0.567606749218306,P5_observation_noise,D6_common_driver_replacement,,,
confirmatory,10121,persistent_shared_mode,largest_covariance_eigenvalue,3.6962930781951515,0.9582890988682228,0.8538507350791398,0.104438363789083,P6_time_reparameterization,D6_common_driver_replacement,,,
confirmatory,10121,persistent_shared_mode,pca_rank1_explained_variance,0.3080244231829293,0.9885258311439691,0.8538507350791398,0.1346750960648293,P5_observation_noise,D6_common_driver_replacement,,,
confirmatory,10121,persistent_shared_mode,spectral_coherence,0.2557154419465557,0.641742631091362,0.9865201825178449,-0.3447775514264829,P2_global_scaling,D6_common_driver_replacement,,,
confirmatory,10121,persistent_shared_mode,autocorrelation_persistence,0.7205275818044318,0.8982005533201802,0.9975974707188412,-0.09939691739866097,P7_coarse_graining,D3_IAAFT_surrogate,,,
confirmatory,10121,persistent_shared_mode,linear_CKA,0.35296661416085495,0.9753332640223834,0.5263462622899272,0.4489870017324562,P5_observation_noise,D6_common_driver_replacement,,,
confirmatory,10121,persistent_shared_mode,VAR_ARX_predictive,0.051817469787902026,0.9999999999999989,1.0,-1.1102230246251565e-15,P1_node_permutation,D6_common_driver_replacement,,,
confirmatory,10121,direct_coupling_SCM,correlon_v1,0.01799207522236663,0.0,1.0,-1.0,P5_observation_noise,D1_temporal_shuffle,0.012540222741627124,0.0258141165015141,0.08778295160350391
confirmatory,10121,direct_coupling_SCM,pearson,0.08181959805040086,0.9433710957499295,0.8894163172006262,0.053954778549303306,P4_orthogonal_basis_rotation,D5_source_swap,,,
confirmatory,10121,direct_coupling_SCM,mutual_information,0.01880641749390477,0.9999987323759995,0.8086070618998414,0.19139167047615802,P2_global_scaling,D8_block_shuffle,,,
confirmatory,10121,direct_coupling_SCM,largest_covariance_eigenvalue,1.7363623553147152,0.875105444641633,0.9769638902352679,-0.10185844559363488,P7_coarse_graining,D6_common_driver_replacement,,,
confirmatory,10121,direct_coupling_SCM,pca_rank1_explained_variance,0.14469686294289294,0.9999999999999994,0.9769638902352683,0.02303610976473114,P4_orthogonal_basis_rotation,D6_common_driver_replacement,,,
confirmatory,10121,direct_coupling_SCM,spectral_coherence,0.12073650302873194,0.958511731197459,1.0,-0.04148826880254097,P5_observation_noise,D1_temporal_shuffle,,,
confirmatory,10121,direct_coupling_SCM,autocorrelation_persistence,0.6137342992216773,0.8187797362783077,0.9987387172808998,-0.1799589810025921,P7_coarse_graining,D2_phase_randomization,,,
confirmatory,10121,direct_coupling_SCM,linear_CKA,0.0383223427789173,0.486950728588831,0.806661882375733,-0.319711153786902,P2_global_scaling,D5_source_swap,,,
confirmatory,10121,direct_coupling_SCM,VAR_ARX_predictive,0.05494768457730759,0.7633683661568751,0.7384740622197793,0.024894303937095796,P2_global_scaling,D6_common_driver_replacement,,,
confirmatory,10121,history_dependent_relational_mode,correlon_v1,0.02539165844151523,0.0,1.0,-1.0,P5_observation_noise,D4_edge_cutting,0.009809251176681119,0.06572737376154263,-0.010362801232785268
confirmatory,10121,history_dependent_relational_mode,pearson,0.08060070433502396,0.9812993454958168,0.9214195354322584,0.05987981006355836,P4_orthogonal_basis_rotation,D6_common_driver_replacement,,,
confirmatory,10121,history_dependent_relational_mode,mutual_information,0.017839126893382296,0.9999993997703037,0.7624739504028485,0.23752544936745523,P2_global_scaling,D2_phase_randomization,,,
confirmatory,10121,history_dependent_relational_mode,largest_covariance_eigenvalue,1.6414814380957712,0.8858861683887886,1.0,-0.11411383161121136,P7_coarse_graining,D6_common_driver_replacement,,,
confirmatory,10121,history_dependent_relational_mode,pca_rank1_explained_variance,0.13679011984131434,0.9999999999999998,1.0,-2.220446049250313e-16,P1_node_permutation,D6_common_driver_replacement,,,
confirmatory,10121,history_dependent_relational_mode,spectral_coherence,0.1325250211259333,0.9999999999999979,1.0,-2.1094237467877974e-15,P4_orthogonal_basis_rotation,D2_phase_randomization,,,
confirmatory,10121,history_dependent_relational_mode,autocorrelation_persistence,0.6129250438840694,0.8200358249925247,1.0,-0.1799641750074753,P7_coarse_graining,D5_source_swap,,,
confirmatory,10121,history_dependent_relational_mode,linear_CKA,0.03767071927916311,0.6167536086283377,0.8548238506018513,-0.23807024197351356,P2_global_scaling,D6_common_driver_replacement,,,
confirmatory,10121,history_dependent_relational_mode,VAR_ARX_predictive,0.03271387795562358,0.8665688361738803,1.0,-0.13343116382611975,P2_global_scaling,D3_IAAFT_surrogate,,,
confirmatory,10122,persistent_shared_mode,correlon_v1,0.2505112696399982,1.0,1.0,0.0,P1_node_permutation,D6_common_driver_replacement,0.09431680131726108,0.6653734577527368,0.4627377109955112
confirmatory,10122,persistent_shared_mode,pearson,0.20457474244990162,0.9545524670129949,0.6972424630883313,0.25731000392466363,P4_orthogonal_basis_rotation,D6_common_driver_replacement,,,
confirmatory,10122,persistent_shared_mode,mutual_information,0.07812374854474213,0.9906803758752175,0.40216246221280666,0.5885179136624108,P5_observation_noise,D6_common_driver_replacement,,,
confirmatory,10122,persistent_shared_mode,largest_covariance_eigenvalue,2.832768851483163,0.9224915585464755,0.8752122390155764,0.04727931953089903,P6_time_reparameterization,D6_common_driver_replacement,,,
confirmatory,10122,persistent_shared_mode,pca_rank1_explained_variance,0.23606407095693024,0.9930668432448424,0.8752122390155768,0.11785460422926564,P5_observation_noise,D6_common_driver_replacement,,,
confirmatory,10122,persistent_shared_mode,spectral_coherence,0.20480478457605483,0.7422121496887226,1.0,-0.2577878503112774,P2_global_scaling,D6_common_driver_replacement,,,
confirmatory,10122,persistent_shared_mode,autocorrelation_persistence,0.708564981190201,0.9001754538007316,1.0,-0.0998245461992684,P7_coarse_graining,D5_source_swap,,,
confirmatory,10122,persistent_shared_mode,linear_CKA,0.22365764302890961,0.5420690913296465,0.4958978593973576,0.04617123193228895,P2_global_scaling,D6_common_driver_replacement,,,
confirmatory,10122,persistent_shared_mode,VAR_ARX_predictive,0.04461020385886488,0.972175161155628,1.0,-0.027824838844372035,P2_global_scaling,D6_common_driver_replacement,,,
confirmatory,10122,direct_coupling_SCM,correlon_v1,0.02266921883745086,0.0,1.0,-1.0,P7_coarse_graining,D4_edge_cutting,0.020273311564657462,0.02534827529588749,0.002286228215360009
confirmatory,10122,direct_coupling_SCM,pearson,0.07049811053805943,0.9823845528680133,1.0,-0.017615447131986706,P4_orthogonal_basis_rotation,D8_block_shuffle,,,
confirmatory,10122,direct_coupling_SCM,mutual_information,0.012905490296927447,0.9999999999999915,1.0,-8.548717289613705e-15,P4_orthogonal_basis_rotation,D5_source_swap,,,
confirmatory,10122,direct_coupling_SCM,largest_covariance_eigenvalue,1.812833658827562,0.8806017820541148,1.0,-0.11939821794588523,P7_coarse_graining,D7_history_destruction,,,
confirmatory,10122,direct_coupling_SCM,pca_rank1_explained_variance,0.15106947156896355,1.0,1.0,0.0,P1_node_permutation,D7_history_destruction,,,
confirmatory,10122,direct_coupling_SCM,spectral_coherence,0.15053522583695625,0.8326144982123395,1.0,-0.16738550178766054,P2_global_scaling,D1_temporal_shuffle,,,
confirmatory,10122,direct_coupling_SCM,autocorrelation_persistence,0.6100488440419742,0.8194983216830926,1.0,-0.18050167831690744,P7_coarse_graining,D5_source_swap,,,
confirmatory,10122,direct_coupling_SCM,linear_CKA,0.027964395288263142,0.9924477971504121,1.0,-0.007552202849587908,P2_global_scaling,D8_block_shuffle,,,
confirmatory,10122,direct_coupling_SCM,VAR_ARX_predictive,0.05541574028095547,0.9598001132356955,0.6307492822973717,0.32905083093832377,P6_time_reparameterization,D6_common_driver_replacement,,,
confirmatory,10122,history_dependent_relational_mode,correlon_v1,0.0,0.0,1.0,-1.0,P1_node_permutation,D4_edge_cutting,0.013597678839322155,-0.03242472559974975,0.07295059122083153
confirmatory,10122,history_dependent_relational_mode,pearson,0.08571279151230637,0.9848067766836144,0.8885206410069952,0.09628613567661914,P4_orthogonal_basis_rotation,D4_edge_cutting,,,
confirmatory,10122,history_dependent_relational_mode,mutual_information,0.020846200512708357,0.9724287753697876,0.8044595649979598,0.16796921037182777,P5_observation_noise,D4_edge_cutting,,,
confirmatory,10122,history_dependent_relational_mode,largest_covariance_eigenvalue,1.603732757246809,0.8832002529654758,1.0,-0.11679974703452423,P7_coarse_graining,D6_common_driver_replacement,,,
confirmatory,10122,history_dependent_relational_mode,pca_rank1_explained_variance,0.13364439643723405,1.0,1.0,0.0,P1_node_permutation,D6_common_driver_replacement,,,
confirmatory,10122,history_dependent_relational_mode,spectral_coherence,0.15079243401282574,0.830951509683248,1.0,-0.16904849031675195,P2_global_scaling,D1_temporal_shuffle,,,
confirmatory,10122,history_dependent_relational_mode,autocorrelation_persistence,0.6276098906566294,0.8288490809450882,1.0,-0.17115091905491175,P7_coarse_graining,D5_source_swap,,,
confirmatory,10122,history_dependent_relational_mode,linear_CKA,0.04253390043505022,0.6321830409801912,0.8032572779684457,-0.17107423698825452,P2_global_scaling,D4_edge_cutting,,,
confirmatory,10122,history_dependent_relational_mode,VAR_ARX_predictive,0.039758048636290455,0.9727295848698113,0.941292924284864,0.03143666058494732,P5_observation_noise,D2_phase_randomization,,,
confirmatory,10123,persistent_shared_mode,correlon_v1,0.14029242614826504,0.3982211439796632,1.0,-0.6017788560203368,P5_observation_noise,D6_common_driver_replacement,0.09519847287708177,0.20674664455993247,0.25830897763255567
confirmatory,10123,persistent_shared_mode,pearson,0.1475236496170733,0.9342400958928848,0.7708031590808022,0.1634369368120826,P4_orthogonal_basis_rotation,D6_common_driver_replacement,,,
confirmatory,10123,persistent_shared_mode,mutual_information,0.05361311969882521,0.9999982490774662,0.47691797320882695,0.5230802758686393,P2_global_scaling,D6_common_driver_replacement,,,
confirmatory,10123,persistent_shared_mode,largest_covariance_eigenvalue,2.194528363123461,0.9464237610273563,0.9898061267429127,-0.043382365715556426,P7_coarse_graining,D5_source_swap,,,
confirmatory,10123,persistent_shared_mode,pca_rank1_explained_variance,0.1828773635936217,0.9413749634907015,0.9898061267429134,-0.04843116325221186,P2_global_scaling,D5_source_swap,,,
confirmatory,10123,persistent_shared_mode,spectral_coherence,0.20579277736962823,0.5914289461199278,1.0,-0.4085710538800722,P2_global_scaling,D6_common_driver_replacement,,,
confirmatory,10123,persistent_shared_mode,autocorrelation_persistence,0.6644954761631511,0.8546765152033515,1.0,-0.14532348479664847,P7_coarse_graining,D5_source_swap,,,
confirmatory,10123,persistent_shared_mode,linear_CKA,0.12449891363780857,0.4170413669891087,0.5963275147255337,-0.17928614773642498,P2_global_scaling,D6_common_driver_replacement,,,
confirmatory,10123,persistent_shared_mode,VAR_ARX_predictive,0.04664379446332356,0.9474092297739806,0.9141777640076297,0.03323146576635083,P2_global_scaling,D6_common_driver_replacement,,,
confirmatory,10123,direct_coupling_SCM,correlon_v1,0.0,0.0,1.0,-1.0,P1_node_permutation,D5_source_swap,0.0030928390575330894,-0.10769438973376748,-0.02473505751962113
confirmatory,10123,direct_coupling_SCM,pearson,0.09806790276596512,0.9620731055419312,0.803248291203707,0.15882481433822415,P4_orthogonal_basis_rotation,D6_common_driver_replacement,,,
confirmatory,10123,direct_coupling_SCM,mutual_information,0.02386258032626931,0.9957671934288048,0.5630321534435577,0.4327350399852471,P5_observation_noise,D6_common_driver_replacement,,,
confirmatory,10123,direct_coupling_SCM,largest_covariance_eigenvalue,1.8852169718384653,0.8942868003390683,0.9232551452102136,-0.028968344871145302,P7_coarse_graining,D6_common_driver_replacement,,,
confirmatory,10123,direct_coupling_SCM,pca_rank1_explained_variance,0.15710141431987215,0.9916091060952194,0.9232551452102133,0.068353960885006,P5_observation_noise,D6_common_driver_replacement,,,
confirmatory,10123,direct_coupling_SCM,spectral_coherence,0.13287908399528214,0.8041178609291643,1.0,-0.19588213907083574,P2_global_scaling,D6_common_driver_replacement,,,
confirmatory,10123,direct_coupling_SCM,autocorrelation_persistence,0.6146584835854138,0.8190552924640424,0.998488671372501,-0.17943337890845856,P7_coarse_graining,D2_phase_randomization,,,
confirmatory,10123,direct_coupling_SCM,linear_CKA,0.0547601557640862,0.6915681630044539,0.6632459259255342,0.028322237078919676,P2_global_scaling,D6_common_driver_replacement,,,
confirmatory,10123,direct_coupling_SCM,VAR_ARX_predictive,0.055606043120561444,0.9021785231496302,0.6619344004107899,0.24024412273884033,P6_time_reparameterization,D6_common_driver_replacement,,,
confirmatory,10123,history_dependent_relational_mode,correlon_v1,0.0,0.0,1.0,-1.0,P1_node_permutation,D1_temporal_shuffle,-0.03394840469278752,0.017514110662315563,-0.06417938823176808
confirmatory,10123,history_dependent_relational_mode,pearson,0.049559510948223154,0.9890779867655878,1.0,-0.01092201323441222,P4_orthogonal_basis_rotation,D2_phase_randomization,,,
confirmatory,10123,history_dependent_relational_mode,mutual_information,0.007622135760569582,0.9999989248441274,1.0,-1.0751558725541344e-06,P2_global_scaling,D2_phase_randomization,,,
confirmatory,10123,history_dependent_relational_mode,largest_covariance_eigenvalue,1.497988275064228,0.8877646250025715,1.0,-0.11223537499742853,P7_coarse_graining,D7_history_destruction,,,
confirmatory,10123,history_dependent_relational_mode,pca_rank1_explained_variance,0.12483235625535234,0.9999999999999993,1.0,-6.661338147750939e-16,P1_node_permutation,D7_history_destruction,,,
confirmatory,10123,history_dependent_relational_mode,spectral_coherence,0.15639277481144462,0.891021609599591,0.9049295302827096,-0.013907920683118635,P2_global_scaling,D5_source_swap,,,
confirmatory,10123,history_dependent_relational_mode,autocorrelation_persistence,0.6148373710263592,0.8155986420098568,1.0,-0.18440135799014323,P7_coarse_graining,D5_source_swap,,,
confirmatory,10123,history_dependent_relational_mode,linear_CKA,0.014142934304778108,0.7414949538600114,1.0,-0.2585050461399886,P2_global_scaling,D2_phase_randomization,,,
confirmatory,10123,history_dependent_relational_mode,VAR_ARX_predictive,0.03031688808337274,0.9494489030409768,1.0,-0.050551096959023156,P2_global_scaling,D1_temporal_shuffle,,,
confirmatory,10124,persistent_shared_mode,correlon_v1,0.32144706668743134,0.8175372181409671,1.0,-0.18246278185903286,P6_time_reparameterization,D6_common_driver_replacement,0.1654759707755314,0.6244303399320675,0.39924534668629286
confirmatory,10124,persistent_shared_mode,pearson,0.19889907771837698,0.8256098969138769,0.7525743434113038,0.07303555350257307,P4_orthogonal_basis_rotation,D6_common_driver_replacement,,,
confirmatory,10124,persistent_shared_mode,mutual_information,0.07322852664157042,0.9805810897431823,0.4985741168244059,0.48200697291877637,P5_observation_noise,D6_common_driver_replacement,,,
confirmatory,10124,persistent_shared_mode,largest_covariance_eigenvalue,2.7927875412272094,0.966619538477819,0.8822136886524545,0.08440584982536448,P7_coarse_graining,D6_common_driver_replacement,,,
confirmatory,10124,persistent_shared_mode,pca_rank1_explained_variance,0.2327322951022676,0.9885394102221942,0.8822136886524538,0.1063257215697404,P5_observation_noise,D6_common_driver_replacement,,,
confirmatory,10124,persistent_shared_mode,spectral_coherence,0.24746480605094326,0.49334480811835635,0.9562334824846871,-0.46288867436633074,P2_global_scaling,D6_common_driver_replacement,,,
confirmatory,10124,persistent_shared_mode,autocorrelation_persistence,0.7059020489735989,0.882435725265204,0.9982467097410532,-0.11581098447584925,P7_coarse_graining,D2_phase_randomization,,,
confirmatory,10124,persistent_shared_mode,linear_CKA,0.21283568363174626,0.540276783615521,0.5808563034049955,-0.040579519789474494,P2_global_scaling,D6_common_driver_replacement,,,
confirmatory,10124,persistent_shared_mode,VAR_ARX_predictive,0.049173276330017335,0.8676450168635762,0.9488211767371472,-0.08117615987357096,P2_global_scaling,D6_common_driver_replacement,,,
confirmatory,10124,direct_coupling_SCM,correlon_v1,0.0,0.0,1.0,-1.0,P1_node_permutation,D3_IAAFT_surrogate,0.043866651853822186,-0.06476703449785073,-0.005035077677268185
confirmatory,10124,direct_coupling_SCM,pearson,0.07070865721288075,0.9833021923757072,0.9372754159552609,0.04602677642044628,P5_observation_noise,D2_phase_randomization,,,
confirmatory,10124,direct_coupling_SCM,mutual_information,0.014069581938166209,0.9511951845578933,0.9012138681073615,0.04998131645053183,P5_observation_noise,D4_edge_cutting,,,
confirmatory,10124,direct_coupling_SCM,largest_covariance_eigenvalue,1.5894631651068098,0.8473760943726754,0.9784080455893764,-0.13103195121670108,P7_coarse_graining,D8_block_shuffle,,,
confirmatory,10124,direct_coupling_SCM,pca_rank1_explained_variance,0.13245526375890085,1.0,0.9784080455893766,0.02159195441062345,P1_node_permutation,D8_block_shuffle,,,
confirmatory,10124,direct_coupling_SCM,spectral_coherence,0.13692525458019186,0.8853702692899676,1.0,-0.11462973071003235,P2_global_scaling,D2_phase_randomization,,,
confirmatory,10124,direct_coupling_SCM,autocorrelation_persistence,0.5982409977109314,0.7741119896419643,0.9976022906313964,-0.22349030098943212,P7_coarse_graining,D2_phase_randomization,,,
confirmatory,10124,direct_coupling_SCM,linear_CKA,0.029110411153620445,0.750904363609873,0.884165116906668,-0.133260753296795,P2_global_scaling,D2_phase_randomization,,,
confirmatory,10124,direct_coupling_SCM,VAR_ARX_predictive,0.050087388182717185,0.919987707814872,0.7261010805224921,0.19388662729237993,P6_time_reparameterization,D6_common_driver_replacement,,,
confirmatory,10124,history_dependent_relational_mode,correlon_v1,0.011484669607413359,0.0,1.0,-1.0,P5_observation_noise,D1_temporal_shuffle,0.0006101389996903128,0.21617637302055948,0.1233157359356375
confirmatory,10124,history_dependent_relational_mode,pearson,0.04658190206969348,0.9847632258153357,1.0,-0.015236774184664292,P5_observation_noise,D2_phase_randomization,,,
confirmatory,10124,history_dependent_relational_mode,mutual_information,0.006319836550914837,0.9643191214638003,1.0,-0.03568087853619972,P5_observation_noise,D2_phase_randomization,,,
confirmatory,10124,history_dependent_relational_mode,largest_covariance_eigenvalue,1.3839715292754866,0.8411468030609391,1.0,-0.15885319693906086,P7_coarse_graining,D2_phase_randomization,,,
confirmatory,10124,history_dependent_relational_mode,pca_rank1_explained_variance,0.11533096077295722,0.9956969947340538,1.0,-0.00430300526594618,P5_observation_noise,D2_phase_randomization,,,
confirmatory,10124,history_dependent_relational_mode,spectral_coherence,0.15778287763444818,0.8508369504066937,1.0,-0.14916304959330628,P2_global_scaling,D2_phase_randomization,,,
confirmatory,10124,history_dependent_relational_mode,autocorrelation_persistence,0.6002830278597163,0.7873581119853652,1.0,-0.2126418880146348,P7_coarse_graining,D5_source_swap,,,
confirmatory,10124,history_dependent_relational_mode,linear_CKA,0.012712518818490157,0.5674731235212855,1.0,-0.43252687647871446,P2_global_scaling,D2_phase_randomization,,,
confirmatory,10124,history_dependent_relational_mode,VAR_ARX_predictive,0.036681705376670704,0.9326043042776926,0.9473904189699632,-0.014786114692270647,P2_global_scaling,D3_IAAFT_surrogate,,,
confirmatory,10125,persistent_shared_mode,correlon_v1,0.21245911080739902,0.9950346206155397,1.0,-0.004965379384460289,P2_global_scaling,D6_common_driver_replacement,0.08982867130332163,0.5024996263459319,0.3974148234382404
confirmatory,10125,persistent_shared_mode,pearson,0.17380578403117525,0.8936866404117915,0.8075439435563541,0.0861426968554374,P4_orthogonal_basis_rotation,D6_common_driver_replacement,,,
confirmatory,10125,persistent_shared_mode,mutual_information,0.05941352299550451,0.9863291431218085,0.4880739655924928,0.49825517752931575,P5_observation_noise,D6_common_driver_replacement,,,
confirmatory,10125,persistent_shared_mode,largest_covariance_eigenvalue,2.485665479849732,0.9501781635263588,0.9791060765103282,-0.02892791298396946,P7_coarse_graining,D6_common_driver_replacement,,,
confirmatory,10125,persistent_shared_mode,pca_rank1_explained_variance,0.20713878998747765,0.9986410881433981,0.979106076510328,0.019535011633070143,P5_observation_noise,D6_common_driver_replacement,,,
confirmatory,10125,persistent_shared_mode,spectral_coherence,0.245348541393942,0.46906516619451444,1.0,-0.5309348338054856,P2_global_scaling,D6_common_driver_replacement,,,
confirmatory,10125,persistent_shared_mode,autocorrelation_persistence,0.6872355233034785,0.8634518541256522,0.9965312977656309,-0.1330794436399787,P7_coarse_graining,D2_phase_randomization,,,
confirmatory,10125,persistent_shared_mode,linear_CKA,0.17001486337188126,0.6075805389288852,0.6402412224384904,-0.03266068350960516,P2_global_scaling,D6_common_driver_replacement,,,
confirmatory,10125,persistent_shared_mode,VAR_ARX_predictive,0.050413854756716836,0.9534457447446428,0.8265750742185837,0.12687067052605916,P2_global_scaling,D6_common_driver_replacement,,,
confirmatory,10125,direct_coupling_SCM,correlon_v1,0.0,0.0,1.0,-1.0,P1_node_permutation,D3_IAAFT_surrogate,-0.024025242702674005,-0.054247403362864856,-0.04794901388999262
confirmatory,10125,direct_coupling_SCM,pearson,0.05805449749987303,0.9734762527375528,1.0,-0.026523747262447217,P5_observation_noise,D5_source_swap,,,
confirmatory,10125,direct_coupling_SCM,mutual_information,0.010325586951095644,0.9448353830335984,1.0,-0.055164616966401625,P5_observation_noise,D5_source_swap,,,
confirmatory,10125,direct_coupling_SCM,largest_covariance_eigenvalue,1.423045756730831,0.841374853358657,1.0,-0.15862514664134297,P7_coarse_graining,D5_source_swap,,,
confirmatory,10125,direct_coupling_SCM,pca_rank1_explained_variance,0.11858714639423584,0.9918028519429132,1.0,-0.008197148057086823,P5_observation_noise,D5_source_swap,,,
confirmatory,10125,direct_coupling_SCM,spectral_coherence,0.10888811375587677,0.9999999999999981,1.0,-1.887379141862766e-15,P4_orthogonal_basis_rotation,D1_temporal_shuffle,,,
confirmatory,10125,direct_coupling_SCM,autocorrelation_persistence,0.5970250805539632,0.8100933045311627,1.0,-0.18990669546883732,P7_coarse_graining,D5_source_swap,,,
confirmatory,10125,direct_coupling_SCM,linear_CKA,0.019720871751901833,0.945038630449329,1.0,-0.05496136955067099,P5_observation_noise,D5_source_swap,,,
confirmatory,10125,direct_coupling_SCM,VAR_ARX_predictive,0.05434424694680429,0.856535429928051,0.6807585744584448,0.1757768554696062,P6_time_reparameterization,D1_temporal_shuffle,,,
confirmatory,10125,history_dependent_relational_mode,correlon_v1,0.09589821600197596,0.0,0.7924335847437278,-0.7924335847437278,P6_time_reparameterization,D6_common_driver_replacement,0.028275378019017763,0.3252465033774677,0.1410236857819876
confirmatory,10125,history_dependent_relational_mode,pearson,0.06103892170828596,0.9868391274886896,1.0,-0.013160872511310373,P4_orthogonal_basis_rotation,D2_phase_randomization,,,
confirmatory,10125,history_dependent_relational_mode,mutual_information,0.011051822115562993,0.9999990658207191,1.0,-9.341792809314242e-07,P2_global_scaling,D2_phase_randomization,,,
confirmatory,10125,history_dependent_relational_mode,largest_covariance_eigenvalue,1.4882903279394566,0.8524921341765969,1.0,-0.14750786582340314,P7_coarse_graining,D5_source_swap,,,
confirmatory,10125,history_dependent_relational_mode,pca_rank1_explained_variance,0.12402419399495473,1.0,1.0,0.0,P1_node_permutation,D5_source_swap,,,
confirmatory,10125,history_dependent_relational_mode,spectral_coherence,0.12935410751178403,1.0,1.0,0.0,P1_node_permutation,D1_temporal_shuffle,,,
confirmatory,10125,history_dependent_relational_mode,autocorrelation_persistence,0.6094187946978603,0.8106669831135527,1.0,-0.18933301688644733,P7_coarse_graining,D5_source_swap,,,
confirmatory,10125,history_dependent_relational_mode,linear_CKA,0.021831851236756874,0.8676960629961068,1.0,-0.1323039370038932,P2_global_scaling,D2_phase_randomization,,,
confirmatory,10125,history_dependent_relational_mode,VAR_ARX_predictive,0.03660205403314842,0.9534891031567525,0.934304992901184,0.019184110255568543,P2_global_scaling,D1_temporal_shuffle,,,
confirmatory,10126,persistent_shared_mode,correlon_v1,0.39032363562913813,0.9650277734964784,0.8372020044662063,0.1278257690302721,P5_observation_noise,D6_common_driver_replacement,0.19181378675609378,0.7942731495337004,0.5630238156453642
confirmatory,10126,persistent_shared_mode,pearson,0.18194367535917552,0.9719530571130807,0.8064452226434058,0.16550783446967487,P4_orthogonal_basis_rotation,D6_common_driver_replacement,,,
confirmatory,10126,persistent_shared_mode,mutual_information,0.06130642551446164,0.9746142520274528,0.5553594689853562,0.4192547830420966,P5_observation_noise,D6_common_driver_replacement,,,
confirmatory,10126,persistent_shared_mode,largest_covariance_eigenvalue,2.663080693069965,0.9496580478211654,0.9277410630146167,0.02191698480654869,P6_time_reparameterization,D6_common_driver_replacement,,,
confirmatory,10126,persistent_shared_mode,pca_rank1_explained_variance,0.2219233910891637,0.9897600899543834,0.9277410630146171,0.06201902693976624,P5_observation_noise,D6_common_driver_replacement,,,
confirmatory,10126,persistent_shared_mode,spectral_coherence,0.19788229932486429,0.7973164744288143,1.0,-0.20268352557118574,P2_global_scaling,D6_common_driver_replacement,,,
confirmatory,10126,persistent_shared_mode,autocorrelation_persistence,0.6890421326073346,0.873532027074831,1.0,-0.12646797292516898,P7_coarse_graining,D5_source_swap,,,
confirmatory,10126,persistent_shared_mode,linear_CKA,0.18116674795404594,0.6348504975749643,0.6549728992733885,-0.020122401698424275,P2_global_scaling,D6_common_driver_replacement,,,
confirmatory,10126,persistent_shared_mode,VAR_ARX_predictive,0.04370345421672084,0.9999999999999974,0.921713094944253,0.07828690505574443,P1_node_permutation,D6_common_driver_replacement,,,
confirmatory,10126,direct_coupling_SCM,correlon_v1,0.0,0.0,1.0,-1.0,P1_node_permutation,D1_temporal_shuffle,-0.009115846085754498,0.19481837485582199,0.13455352554357936
confirmatory,10126,direct_coupling_SCM,pearson,0.07664197067654348,0.9374410650562526,1.0,-0.06255893494374742,P4_orthogonal_basis_rotation,D3_IAAFT_surrogate,,,
confirmatory,10126,direct_coupling_SCM,mutual_information,0.014976192685379308,0.9881448993319119,1.0,-0.011855100668088148,P5_observation_noise,D3_IAAFT_surrogate,,,
confirmatory,10126,direct_coupling_SCM,largest_covariance_eigenvalue,1.7147629348831952,0.8828556712359121,1.0,-0.11714432876408787,P7_coarse_graining,D7_history_destruction,,,
confirmatory,10126,direct_coupling_SCM,pca_rank1_explained_variance,0.14289691124026632,0.9961427279594156,1.0,-0.003857272040584392,P5_observation_noise,D7_history_destruction,,,
confirmatory,10126,direct_coupling_SCM,spectral_coherence,0.17648557549063157,0.7695124190354539,1.0,-0.23048758096454613,P2_global_scaling,D6_common_driver_replacement,,,
confirmatory,10126,direct_coupling_SCM,autocorrelation_persistence,0.6231519022202306,0.8029193214262476,1.0,-0.19708067857375244,P7_coarse_graining,D5_source_swap,,,
confirmatory,10126,direct_coupling_SCM,linear_CKA,0.03371238522705624,0.3471091709783486,1.0,-0.6528908290216514,P2_global_scaling,D3_IAAFT_surrogate,,,
confirmatory,10126,direct_coupling_SCM,VAR_ARX_predictive,0.048681088824547414,1.0,0.7233708465317884,0.2766291534682116,P1_node_permutation,D6_common_driver_replacement,,,
confirmatory,10126,history_dependent_relational_mode,correlon_v1,0.0,0.0,1.0,-1.0,P1_node_permutation,D6_common_driver_replacement,-0.011219545871403447,0.011772438554042919,0.014316990757750336
confirmatory,10126,history_dependent_relational_mode,pearson,0.0793683470303275,0.9762021968232647,0.953598248630828,0.022603948192436718,P5_observation_noise,D4_edge_cutting,,,
confirmatory,10126,history_dependent_relational_mode,mutual_information,0.017966823271531318,0.9524613585515237,0.9451256607045174,0.007335697847006273,P5_observation_noise,D4_edge_cutting,,,
confirmatory,10126,history_dependent_relational_mode,largest_covariance_eigenvalue,1.6085048030546627,0.8811363541788627,0.9607700056575291,-0.07963365147866641,P7_coarse_graining,D6_common_driver_replacement,,,
confirmatory,10126,history_dependent_relational_mode,pca_rank1_explained_variance,0.13404206692122186,0.9954368549995666,0.9607700056575292,0.03466684934203734,P5_observation_noise,D6_common_driver_replacement,,,
confirmatory,10126,history_dependent_relational_mode,spectral_coherence,0.15767011784451823,0.7817754645714101,1.0,-0.21822453542858988,P2_global_scaling,D5_source_swap,,,
confirmatory,10126,history_dependent_relational_mode,autocorrelation_persistence,0.6285093143945105,0.815553728578082,1.0,-0.18444627142191805,P7_coarse_graining,D5_source_swap,,,
confirmatory,10126,history_dependent_relational_mode,linear_CKA,0.036384841456742305,0.8110278418223015,0.9253685263164774,-0.11434068449417589,P2_global_scaling,D4_edge_cutting,,,
confirmatory,10126,history_dependent_relational_mode,VAR_ARX_predictive,0.03762034008981113,0.976517671353595,0.9517583367386738,0.02475933461492119,P5_observation_noise,D4_edge_cutting,,,
confirmatory,10127,persistent_shared_mode,correlon_v1,0.22748135008394146,0.9605891125269997,1.0,-0.039410887473000256,P5_observation_noise,D6_common_driver_replacement,0.0794344211751911,0.6514526557936896,0.4578162877406832
confirmatory,10127,persistent_shared_mode,pearson,0.17620393966678605,0.9389955782381735,0.8380451541143457,0.10095042412382782,P4_orthogonal_basis_rotation,D6_common_driver_replacement,,,
confirmatory,10127,persistent_shared_mode,mutual_information,0.05728213500262025,0.9681886124551342,0.5628778636331458,0.40531074882198836,P5_observation_noise,D6_common_driver_replacement,,,
confirmatory,10127,persistent_shared_mode,largest_covariance_eigenvalue,2.556136487878776,0.948490507262278,0.9644832469944389,-0.015992739732160866,P7_coarse_graining,D6_common_driver_replacement,,,
confirmatory,10127,persistent_shared_mode,pca_rank1_explained_variance,0.21301137398989806,0.9899871061495179,0.9644832469944387,0.025503859155079245,P5_observation_noise,D6_common_driver_replacement,,,
confirmatory,10127,persistent_shared_mode,spectral_coherence,0.2283055900925248,0.8066306374771073,1.0,-0.19336936252289272,P2_global_scaling,D6_common_driver_replacement,,,
confirmatory,10127,persistent_shared_mode,autocorrelation_persistence,0.6873852362825142,0.890029461098,1.0,-0.10997053890200004,P7_coarse_graining,D7_history_destruction,,,
confirmatory,10127,persistent_shared_mode,linear_CKA,0.17349707885555257,0.8836332926243885,0.698249511339715,0.18538378128467348,P2_global_scaling,D6_common_driver_replacement,,,
confirmatory,10127,persistent_shared_mode,VAR_ARX_predictive,0.040804027893797556,0.9665049613961311,0.9868820252137622,-0.020377063817631158,P5_observation_noise,D6_common_driver_replacement,,,
confirmatory,10127,direct_coupling_SCM,correlon_v1,0.037083609716038565,0.0,1.0,-1.0,P5_observation_noise,D2_phase_randomization,0.0041502761083405115,0.33135002917223777,0.15466026049175202
confirmatory,10127,direct_coupling_SCM,pearson,0.09351543064387212,0.9845274118773595,0.8383262210743405,0.14620119080301897,P4_orthogonal_basis_rotation,D7_history_destruction,,,
confirmatory,10127,direct_coupling_SCM,mutual_information,0.023309786081869843,0.9591955711534971,0.7402123203160494,0.21898325083744763,P5_observation_noise,D7_history_destruction,,,
confirmatory,10127,direct_coupling_SCM,largest_covariance_eigenvalue,1.7279827374787355,0.8999615377405125,0.9477582554280695,-0.047796717687557,P7_coarse_graining,D7_history_destruction,,,
confirmatory,10127,direct_coupling_SCM,pca_rank1_explained_variance,0.1439985614565613,0.9967650416317021,0.9477582554280691,0.04900678620363297,P5_observation_noise,D7_history_destruction,,,
confirmatory,10127,direct_coupling_SCM,spectral_coherence,0.19943583281932226,0.6080257230979805,0.920501063215884,-0.31247534011790346,P2_global_scaling,D6_common_driver_replacement,,,
confirmatory,10127,direct_coupling_SCM,autocorrelation_persistence,0.5956955160422449,0.8250939478501125,1.0,-0.17490605214988753,P7_coarse_graining,D5_source_swap,,,
confirmatory,10127,direct_coupling_SCM,linear_CKA,0.05080004193805749,0.6066667701595151,0.6895606177921783,-0.08289384763266316,P2_global_scaling,D7_history_destruction,,,
confirmatory,10127,direct_coupling_SCM,VAR_ARX_predictive,0.047069220373727405,0.9253370974005558,0.7964085325117523,0.12892856488880355,P2_global_scaling,D1_temporal_shuffle,,,
confirmatory,10127,history_dependent_relational_mode,correlon_v1,0.015947857666876196,0.0,1.0,-1.0,P6_time_reparameterization,D5_source_swap,0.006447410583700894,0.03944748994362182,0.05162082396655249
confirmatory,10127,history_dependent_relational_mode,pearson,0.06072341311573328,0.998179549253868,1.0,-0.0018204507461320185,P5_observation_noise,D2_phase_randomization,,,
confirmatory,10127,history_dependent_relational_mode,mutual_information,0.0120182293169937,0.9851129459139495,1.0,-0.01488705408605051,P5_observation_noise,D2_phase_randomization,,,
confirmatory,10127,history_dependent_relational_mode,largest_covariance_eigenvalue,1.3580278649662818,0.8610134889507958,1.0,-0.13898651104920423,P7_coarse_graining,D2_phase_randomization,,,
confirmatory,10127,history_dependent_relational_mode,pca_rank1_explained_variance,0.11316898874719017,0.9897301651341617,1.0,-0.010269834865838323,P5_observation_noise,D2_phase_randomization,,,
confirmatory,10127,history_dependent_relational_mode,spectral_coherence,0.13736308054304416,0.885571820693655,1.0,-0.11442817930634497,P6_time_reparameterization,D6_common_driver_replacement,,,
confirmatory,10127,history_dependent_relational_mode,autocorrelation_persistence,0.6228985053781004,0.8027395473377538,1.0,-0.19726045266224623,P7_coarse_graining,D7_history_destruction,,,
confirmatory,10127,history_dependent_relational_mode,linear_CKA,0.02160686737601546,0.752495441193136,1.0,-0.24750455880686395,P2_global_scaling,D2_phase_randomization,,,
confirmatory,10127,history_dependent_relational_mode,VAR_ARX_predictive,0.02910990439864053,0.9794516327614365,1.0,-0.02054836723856346,P2_global_scaling,D1_temporal_shuffle,,,
confirmatory,10128,persistent_shared_mode,correlon_v1,0.419772646764147,0.8247345870686845,0.8902640958871046,-0.06552950881842012,P6_time_reparameterization,D6_common_driver_replacement,0.24624746636878786,0.7155772100715999,0.4704350675778552
confirmatory,10128,persistent_shared_mode,pearson,0.2153942195259006,0.8640627058895759,0.7389026346204273,0.12516007126914863,P4_orthogonal_basis_rotation,D6_common_driver_replacement,,,
confirmatory,10128,persistent_shared_mode,mutual_information,0.08019614167154643,0.9716957783199424,0.4448413275179923,0.52685445080195,P5_observation_noise,D6_common_driver_replacement,,,
confirmatory,10128,persistent_shared_mode,largest_covariance_eigenvalue,2.960597370096544,0.9597892509565831,0.879252061662824,0.08053718929375908,P6_time_reparameterization,D6_common_driver_replacement,,,
confirmatory,10128,persistent_shared_mode,pca_rank1_explained_variance,0.24671644750804536,0.990871752125977,0.8792520616628238,0.11161969046315323,P5_observation_noise,D6_common_driver_replacement,,,
confirmatory,10128,persistent_shared_mode,spectral_coherence,0.19369676188105933,0.9496929585041469,1.0,-0.05030704149585308,P5_observation_noise,D6_common_driver_replacement,,,
confirmatory,10128,persistent_shared_mode,autocorrelation_persistence,0.6981078827767706,0.8776301773381001,1.0,-0.12236982266189989,P7_coarse_graining,D5_source_swap,,,
confirmatory,10128,persistent_shared_mode,linear_CKA,0.24488923221355288,0.9761239254207782,0.5623878337621773,0.4137360916586009,P5_observation_noise,D6_common_driver_replacement,,,
confirmatory,10128,persistent_shared_mode,VAR_ARX_predictive,0.05259301107926073,0.9008056956947871,0.8360366281676511,0.06476906752713596,P6_time_reparameterization,D6_common_driver_replacement,,,
confirmatory,10128,direct_coupling_SCM,correlon_v1,0.0,0.0,1.0,-1.0,P1_node_permutation,D3_IAAFT_surrogate,0.006541397284419506,-0.01915164898222571,0.052340946870922944
confirmatory,10128,direct_coupling_SCM,pearson,0.08917153891838236,0.9647568596742772,0.8969730361485075,0.06778382352576962,P4_orthogonal_basis_rotation,D6_common_driver_replacement,,,
confirmatory,10128,direct_coupling_SCM,mutual_information,0.02057887774053946,0.9999994308717818,0.7976609074490688,0.20233852342271297,P2_global_scaling,D4_edge_cutting,,,
confirmatory,10128,direct_coupling_SCM,largest_covariance_eigenvalue,1.7851205241325858,0.8833514329898364,0.9848347730251588,-0.10148334003532233,P7_coarse_graining,D6_common_driver_replacement,,,
confirmatory,10128,direct_coupling_SCM,pca_rank1_explained_variance,0.14876004367771548,0.9994059465922165,0.9848347730251591,0.014571173567057394,P5_observation_noise,D6_common_driver_replacement,,,
confirmatory,10128,direct_coupling_SCM,spectral_coherence,0.12898364282182198,0.9999999999999991,1.0,-8.881784197001252e-16,P1_node_permutation,D3_IAAFT_surrogate,,,
confirmatory,10128,direct_coupling_SCM,autocorrelation_persistence,0.6123019129133608,0.8056830242272089,0.9988247384305147,-0.19314171420330573,P7_coarse_graining,D3_IAAFT_surrogate,,,
confirmatory,10128,direct_coupling_SCM,linear_CKA,0.04566380400307697,0.5147607706845959,0.8197059890579456,-0.30494521837334965,P2_global_scaling,D6_common_driver_replacement,,,
confirmatory,10128,direct_coupling_SCM,VAR_ARX_predictive,0.047410202385620936,0.8916725053871506,0.7191797792327531,0.17249272615439748,P2_global_scaling,D2_phase_randomization,,,
confirmatory,10128,history_dependent_relational_mode,correlon_v1,0.0,0.0,1.0,-1.0,P1_node_permutation,D1_temporal_shuffle,0.0006691083442794954,-0.0813235955099923,-0.017897360372981008
confirmatory,10128,history_dependent_relational_mode,pearson,0.052626873383023624,0.9999999999999999,1.0,-1.1102230246251565e-16,P1_node_permutation,D2_phase_randomization,,,
confirmatory,10128,history_dependent_relational_mode,mutual_information,0.00877642718731686,0.9999996809898302,1.0,-3.1901016983582053e-07,P2_global_scaling,D2_phase_randomization,,,
confirmatory,10128,history_dependent_relational_mode,largest_covariance_eigenvalue,1.3333857727427192,0.8699445770659783,1.0,-0.13005542293402172,P7_coarse_graining,D2_phase_randomization,,,
confirmatory,10128,history_dependent_relational_mode,pca_rank1_explained_variance,0.1111154810618933,0.9999999999999999,1.0,-1.1102230246251565e-16,P3_affine_offset,D2_phase_randomization,,,
confirmatory,10128,history_dependent_relational_mode,spectral_coherence,0.11610415053133678,0.9892041282694752,1.0,-0.010795871730524764,P5_observation_noise,D2_phase_randomization,,,
confirmatory,10128,history_dependent_relational_mode,autocorrelation_persistence,0.613965122880349,0.7999056209481571,0.9994841665534722,-0.19957854560531507,P7_coarse_graining,D5_source_swap,,,
confirmatory,10128,history_dependent_relational_mode,linear_CKA,0.01619012211845452,0.6997912790048881,1.0,-0.30020872099511187,P2_global_scaling,D2_phase_randomization,,,
confirmatory,10128,history_dependent_relational_mode,VAR_ARX_predictive,0.0341871782302971,0.9999999999999983,1.0,-1.6653345369377348e-15,P1_node_permutation,D5_source_swap,,,
confirmatory,10129,persistent_shared_mode,correlon_v1,0.4039724556383925,0.6770793860204051,0.921659261873953,-0.2445798758535479,P6_time_reparameterization,D6_common_driver_replacement,0.19547888203480168,0.8348407931116525,0.5675071021314724
confirmatory,10129,persistent_shared_mode,pearson,0.18565598102103378,0.9050259963038944,0.8103057730485542,0.09472022325534013,P4_orthogonal_basis_rotation,D6_common_driver_replacement,,,
confirmatory,10129,persistent_shared_mode,mutual_information,0.05890146594876855,0.9856892069926511,0.5497808605375037,0.4359083464551473,P5_observation_noise,D6_common_driver_replacement,,,
confirmatory,10129,persistent_shared_mode,largest_covariance_eigenvalue,2.6908249658958976,0.9615039020611881,0.9378274545343267,0.023676447526861377,P7_coarse_graining,D6_common_driver_replacement,,,
confirmatory,10129,persistent_shared_mode,pca_rank1_explained_variance,0.22423541382465814,1.0,0.9378274545343266,0.06217254546567341,P1_node_permutation,D6_common_driver_replacement,,,
confirmatory,10129,persistent_shared_mode,spectral_coherence,0.23460010598292302,0.833532065538493,1.0,-0.16646793446150698,P2_global_scaling,D6_common_driver_replacement,,,
confirmatory,10129,persistent_shared_mode,autocorrelation_persistence,0.6838111641652435,0.8699774042510693,1.0,-0.1300225957489307,P7_coarse_graining,D5_source_swap,,,
confirmatory,10129,persistent_shared_mode,linear_CKA,0.1888430559692898,0.6698784228813814,0.6572905299254914,0.012587892955890023,P2_global_scaling,D6_common_driver_replacement,,,
confirmatory,10129,persistent_shared_mode,VAR_ARX_predictive,0.04506446379117096,0.9801949462344695,0.8830607243898645,0.09713422184460496,P2_global_scaling,D6_common_driver_replacement,,,
confirmatory,10129,direct_coupling_SCM,correlon_v1,0.0,0.0,1.0,-1.0,P1_node_permutation,D6_common_driver_replacement,0.026396854277785084,-0.009485203222491662,0.04252280814734799
confirmatory,10129,direct_coupling_SCM,pearson,0.07134210690225525,0.9815259209875856,0.9768350222775808,0.004690898710004832,P4_orthogonal_basis_rotation,D5_source_swap,,,
confirmatory,10129,direct_coupling_SCM,mutual_information,0.013547800867082627,0.9655400276431584,1.0,-0.03445997235684162,P5_observation_noise,D5_source_swap,,,
confirmatory,10129,direct_coupling_SCM,largest_covariance_eigenvalue,1.6770076246603787,0.8830737520368701,1.0,-0.11692624796312989,P7_coarse_graining,D7_history_destruction,,,
confirmatory,10129,direct_coupling_SCM,pca_rank1_explained_variance,0.1397506353883648,0.9920779748736223,1.0,-0.00792202512637774,P5_observation_noise,D7_history_destruction,,,
confirmatory,10129,direct_coupling_SCM,spectral_coherence,0.13285446385307836,0.983797406193837,1.0,-0.016202593806162957,P5_observation_noise,D3_IAAFT_surrogate,,,
confirmatory,10129,direct_coupling_SCM,autocorrelation_persistence,0.6021850290467515,0.8147393814304829,0.997612935905593,-0.1828735544751101,P7_coarse_graining,D2_phase_randomization,,,
confirmatory,10129,direct_coupling_SCM,linear_CKA,0.029422394096105354,0.9680804784087395,0.9745781799137229,-0.006497701504983411,P5_observation_noise,D5_source_swap,,,
confirmatory,10129,direct_coupling_SCM,VAR_ARX_predictive,0.05007141799046477,0.9396627465671747,0.6896126858357929,0.2500500607313818,P6_time_reparameterization,D6_common_driver_replacement,,,
confirmatory,10129,history_dependent_relational_mode,correlon_v1,0.0,0.0,1.0,-1.0,P1_node_permutation,D1_temporal_shuffle,-0.01243819112936137,-0.07934482984165882,-0.03037125426118209
confirmatory,10129,history_dependent_relational_mode,pearson,0.07233484986959204,1.0,0.925702553714081,0.07429744628591906,P1_node_permutation,D3_IAAFT_surrogate,,,
confirmatory,10129,history_dependent_relational_mode,mutual_information,0.015798566970571026,0.9999995254857758,0.8628213218687638,0.13717820361701194,P2_global_scaling,D4_edge_cutting,,,
confirmatory,10129,history_dependent_relational_mode,largest_covariance_eigenvalue,1.4015307545511317,0.8268582923698703,1.0,-0.1731417076301297,P7_coarse_graining,D5_source_swap,,,
confirmatory,10129,history_dependent_relational_mode,pca_rank1_explained_variance,0.11679422954592758,1.0,1.0,0.0,P1_node_permutation,D5_source_swap,,,
confirmatory,10129,history_dependent_relational_mode,spectral_coherence,0.11624407510792026,0.999999999999997,1.0,-2.9976021664879227e-15,P1_node_permutation,D2_phase_randomization,,,
confirmatory,10129,history_dependent_relational_mode,autocorrelation_persistence,0.5916414012107615,0.83894750743322,1.0,-0.16105249256678,P7_coarse_graining,D5_source_swap,,,
confirmatory,10129,history_dependent_relational_mode,linear_CKA,0.031052372791946583,0.7714503763231719,0.8553974791124828,-0.08394710278931083,P2_global_scaling,D3_IAAFT_surrogate,,,
confirmatory,10129,history_dependent_relational_mode,VAR_ARX_predictive,0.03811779660057191,0.9876163071393311,0.9312460579184741,0.05637024922085698,P2_global_scaling,D4_edge_cutting,,,
confirmatory,10130,persistent_shared_mode,correlon_v1,0.23388051832982154,0.5267646153130554,1.0,-0.4732353846869446,P5_observation_noise,D6_common_driver_replacement,0.22967836428396443,0.23815955423035468,0.35200599205449346
confirmatory,10130,persistent_shared_mode,pearson,0.19075205506782597,0.8301668893725008,0.8624068997411156,-0.03224001036861479,P4_orthogonal_basis_rotation,D6_common_driver_replacement,,,
confirmatory,10130,persistent_shared_mode,mutual_information,0.06389002642244301,0.9992177541435541,0.6019714602422226,0.3972462939013315,P5_observation_noise,D6_common_driver_replacement,,,
confirmatory,10130,persistent_shared_mode,largest_covariance_eigenvalue,2.708396516355057,0.929835374193087,0.9743780074884008,-0.044542633295313716,P6_time_reparameterization,D6_common_driver_replacement,,,
confirmatory,10130,persistent_shared_mode,pca_rank1_explained_variance,0.22569970969625472,0.9958152624418346,0.9743780074884012,0.021437254953433404,P5_observation_noise,D6_common_driver_replacement,,,
confirmatory,10130,persistent_shared_mode,spectral_coherence,0.2606881561964732,0.7267251497579277,1.0,-0.2732748502420723,P2_global_scaling,D6_common_driver_replacement,,,
confirmatory,10130,persistent_shared_mode,autocorrelation_persistence,0.6852767777904548,0.8788219459860127,1.0,-0.12117805401398729,P7_coarse_graining,D5_source_swap,,,
confirmatory,10130,persistent_shared_mode,linear_CKA,0.20171759081851556,0.5890723812434159,0.7327560481871652,-0.14368366694374934,P2_global_scaling,D6_common_driver_replacement,,,
confirmatory,10130,persistent_shared_mode,VAR_ARX_predictive,0.049840974216859846,0.9031220125544975,0.867422897812098,0.03569911474239951,P6_time_reparameterization,D6_common_driver_replacement,,,
confirmatory,10130,direct_coupling_SCM,correlon_v1,0.0,0.0,1.0,-1.0,P1_node_permutation,D2_phase_randomization,0.03973527218817846,-0.056890577642027276,-0.03818215268496783
confirmatory,10130,direct_coupling_SCM,pearson,0.07653285423644461,0.9720497195853497,0.9839965633079656,-0.011946843722615896,P4_orthogonal_basis_rotation,D6_common_driver_replacement,,,
confirmatory,10130,direct_coupling_SCM,mutual_information,0.013765701886937376,0.9489403057726891,1.0,-0.05105969422731094,P5_observation_noise,D3_IAAFT_surrogate,,,
confirmatory,10130,direct_coupling_SCM,largest_covariance_eigenvalue,1.763206148813619,0.8905453053577553,0.9477751970292922,-0.057229891671536914,P7_coarse_graining,D6_common_driver_replacement,,,
confirmatory,10130,direct_coupling_SCM,pca_rank1_explained_variance,0.14693384573446824,0.9950118375624023,0.9477751970292926,0.04723664053310972,P5_observation_noise,D6_common_driver_replacement,,,
confirmatory,10130,direct_coupling_SCM,spectral_coherence,0.13338172265525958,0.8734940852399473,1.0,-0.12650591476005268,P2_global_scaling,D1_temporal_shuffle,,,
confirmatory,10130,direct_coupling_SCM,autocorrelation_persistence,0.6086848150434063,0.8001496312020218,1.0,-0.19985036879797824,P7_coarse_graining,D5_source_swap,,,
confirmatory,10130,direct_coupling_SCM,linear_CKA,0.033626026387826025,0.44181007655276056,0.9877147788658661,-0.5459047023131056,P2_global_scaling,D6_common_driver_replacement,,,
confirmatory,10130,direct_coupling_SCM,VAR_ARX_predictive,0.051844057037664426,0.7633189215029924,0.6737097773432339,0.08960914415975851,P2_global_scaling,D2_phase_randomization,,,
confirmatory,10130,history_dependent_relational_mode,correlon_v1,0.0453896546474502,0.9630498379848081,1.0,-0.036950162015191856,P2_global_scaling,D6_common_driver_replacement,0.028190140932985816,0.07308302409386305,-0.044585169388742185
confirmatory,10130,history_dependent_relational_mode,pearson,0.08006592024991353,0.9880013612782134,0.9110371807478745,0.07696418053033882,P4_orthogonal_basis_rotation,D8_block_shuffle,,,
confirmatory,10130,history_dependent_relational_mode,mutual_information,0.015662034013423476,0.9941230538891043,0.9598948069254634,0.03422824696364091,P5_observation_noise,D8_block_shuffle,,,
confirmatory,10130,history_dependent_relational_mode,largest_covariance_eigenvalue,1.771713177960764,0.9047737645357576,0.9664961473239414,-0.06172238278818376,P7_coarse_graining,D7_history_destruction,,,
confirmatory,10130,history_dependent_relational_mode,pca_rank1_explained_variance,0.1476427648300637,1.0,0.9664961473239413,0.03350385267605871,P1_node_permutation,D7_history_destruction,,,
confirmatory,10130,history_dependent_relational_mode,spectral_coherence,0.14119587007327788,0.9144529652598316,1.0,-0.08554703474016845,P2_global_scaling,D2_phase_randomization,,,
confirmatory,10130,history_dependent_relational_mode,autocorrelation_persistence,0.6270085561178268,0.8451656560919247,1.0,-0.15483434390807527,P7_coarse_graining,D2_phase_randomization,,,
confirmatory,10130,history_dependent_relational_mode,linear_CKA,0.036891896072113545,0.6669178837181061,0.8299887447050345,-0.16307086098692836,P2_global_scaling,D8_block_shuffle,,,
confirmatory,10130,history_dependent_relational_mode,VAR_ARX_predictive,0.036136807650396174,0.9617796424193368,0.997055518896077,-0.03527587647674024,P5_observation_noise,D6_common_driver_replacement,,,
confirmatory,10131,persistent_shared_mode,correlon_v1,0.4339404084560343,0.9023536682320039,0.8686498703355869,0.033703797896416976,P6_time_reparameterization,D6_common_driver_replacement,0.218088867644489,0.8634291155014315,0.5626028479819339
confirmatory,10131,persistent_shared_mode,pearson,0.270924008773178,0.913978938368685,0.7311809084564959,0.18279802991218919,P4_orthogonal_basis_rotation,D6_common_driver_replacement,,,
confirmatory,10131,persistent_shared_mode,mutual_information,0.10359892614876798,0.9932774513679802,0.42236874540107744,0.5709087059669027,P5_observation_noise,D6_common_driver_replacement,,,
confirmatory,10131,persistent_shared_mode,largest_covariance_eigenvalue,3.611419416289313,0.9760040654047472,0.8592435460163953,0.11676051938835186,P7_coarse_graining,D6_common_driver_replacement,,,
confirmatory,10131,persistent_shared_mode,pca_rank1_explained_variance,0.3009516180241095,0.9930092253971727,0.8592435460163951,0.13376567938077766,P5_observation_noise,D6_common_driver_replacement,,,
confirmatory,10131,persistent_shared_mode,spectral_coherence,0.2860289725920272,0.703577513603001,0.7799876870722279,-0.07641017346922685,P2_global_scaling,D6_common_driver_replacement,,,
confirmatory,10131,persistent_shared_mode,autocorrelation_persistence,0.7215983136602394,0.8933312760515543,0.9994865133613062,-0.10615523730975196,P7_coarse_graining,D2_phase_randomization,,,
confirmatory,10131,persistent_shared_mode,linear_CKA,0.3549278960470676,0.8356614102335743,0.5573438010543418,0.27831760917923254,P2_global_scaling,D6_common_driver_replacement,,,
confirmatory,10131,persistent_shared_mode,VAR_ARX_predictive,0.046075165009715424,0.9999999999999976,0.9098495887868029,0.09015041121319467,P3_affine_offset,D6_common_driver_replacement,,,
confirmatory,10131,direct_coupling_SCM,correlon_v1,0.0,0.0,1.0,-1.0,P1_node_permutation,D1_temporal_shuffle,-0.0037450222648375137,0.1494443228926321,0.03523962812163822
confirmatory,10131,direct_coupling_SCM,pearson,0.07437118787267935,0.987089470762665,0.967918307311396,0.019171163451268902,P4_orthogonal_basis_rotation,D8_block_shuffle,,,
confirmatory,10131,direct_coupling_SCM,mutual_information,0.01323444005583474,0.999999686909154,1.0,-3.1309084602693105e-07,P2_global_scaling,D8_block_shuffle,,,
confirmatory,10131,direct_coupling_SCM,largest_covariance_eigenvalue,1.7464304661742405,0.8723126842709233,0.96419876873121,-0.09188608446028668,P7_coarse_graining,D8_block_shuffle,,,
confirmatory,10131,direct_coupling_SCM,pca_rank1_explained_variance,0.1455358721811867,0.9999999999999998,0.9641987687312097,0.03580123126879009,P3_affine_offset,D8_block_shuffle,,,
confirmatory,10131,direct_coupling_SCM,spectral_coherence,0.21743019123105048,0.46395136838963075,0.7499778495390056,-0.28602648114937484,P2_global_scaling,D6_common_driver_replacement,,,
confirmatory,10131,direct_coupling_SCM,autocorrelation_persistence,0.6240019702558112,0.8093957309573985,1.0,-0.19060426904260153,P7_coarse_graining,D5_source_swap,,,
confirmatory,10131,direct_coupling_SCM,linear_CKA,0.031871227808183286,0.7730868487641047,0.9368658496285593,-0.16377900086445463,P2_global_scaling,D8_block_shuffle,,,
confirmatory,10131,direct_coupling_SCM,VAR_ARX_predictive,0.05606484698620745,0.9600746181980522,0.6077418019272622,0.35233281627078994,P6_time_reparameterization,D7_history_destruction,,,
confirmatory,10131,history_dependent_relational_mode,correlon_v1,0.0,0.0,1.0,-1.0,P1_node_permutation,D5_source_swap,-0.01841790201482202,-0.10825047559093554,-0.07382824621514544
confirmatory,10131,history_dependent_relational_mode,pearson,0.06372192353609699,0.9945545709339612,1.0,-0.005445429066038843,P4_orthogonal_basis_rotation,D2_phase_randomization,,,
confirmatory,10131,history_dependent_relational_mode,mutual_information,0.012250357984844529,0.9999993948720903,1.0,-6.051279096697115e-07,P2_global_scaling,D2_phase_randomization,,,
confirmatory,10131,history_dependent_relational_mode,largest_covariance_eigenvalue,1.4083276810443144,0.8711935978267756,1.0,-0.12880640217322437,P7_coarse_graining,D2_phase_randomization,,,
confirmatory,10131,history_dependent_relational_mode,pca_rank1_explained_variance,0.1173606400870262,0.9927696834137577,1.0,-0.007230316586242291,P5_observation_noise,D2_phase_randomization,,,
confirmatory,10131,history_dependent_relational_mode,spectral_coherence,0.15842699287348927,0.8042885859050363,1.0,-0.19571141409496373,P6_time_reparameterization,D4_edge_cutting,,,
confirmatory,10131,history_dependent_relational_mode,autocorrelation_persistence,0.6074313681729777,0.8085473773133183,0.9993756396261206,-0.19082826231280237,P7_coarse_graining,D2_phase_randomization,,,
confirmatory,10131,history_dependent_relational_mode,linear_CKA,0.023872036116032877,0.6427545292424849,1.0,-0.3572454707575151,P2_global_scaling,D2_phase_randomization,,,
confirmatory,10131,history_dependent_relational_mode,VAR_ARX_predictive,0.037304747477517664,1.0,1.0,0.0,P1_node_permutation,D1_temporal_shuffle,,,
confirmatory,10132,persistent_shared_mode,correlon_v1,0.2568169428402323,0.9823353202925458,1.0,-0.017664679707454223,P5_observation_noise,D6_common_driver_replacement,0.14152177211202066,0.4660409571298819,0.4469522885467999
confirmatory,10132,persistent_shared_mode,pearson,0.2058915396251059,0.9648481486916599,0.7851299853815973,0.17971816331006263,P4_orthogonal_basis_rotation,D6_common_driver_replacement,,,
confirmatory,10132,persistent_shared_mode,mutual_information,0.07312535932393494,0.9851500499087721,0.48330461688165915,0.5018454330271129,P5_observation_noise,D6_common_driver_replacement,,,
confirmatory,10132,persistent_shared_mode,largest_covariance_eigenvalue,2.857856422215281,0.9594889365854727,0.9361507722235411,0.02333816436193159,P6_time_reparameterization,D6_common_driver_replacement,,,
confirmatory,10132,persistent_shared_mode,pca_rank1_explained_variance,0.2381547018512735,0.9928637994618947,0.9361507722235411,0.056713027238353586,P5_observation_noise,D6_common_driver_replacement,,,
confirmatory,10132,persistent_shared_mode,spectral_coherence,0.20831399158674738,0.6205265002619492,1.0,-0.3794734997380508,P2_global_scaling,D6_common_driver_replacement,,,
confirmatory,10132,persistent_shared_mode,autocorrelation_persistence,0.7124912513945221,0.8891070445295814,0.9999271731225464,-0.11082012859296497,P7_coarse_graining,D5_source_swap,,,
confirmatory,10132,persistent_shared_mode,linear_CKA,0.22865537381585493,0.9096624549764792,0.6112480221783648,0.2984144327981144,P2_global_scaling,D6_common_driver_replacement,,,
confirmatory,10132,persistent_shared_mode,VAR_ARX_predictive,0.051176352726023666,0.9823015710653472,0.8063468832557494,0.17595468780959778,P2_global_scaling,D6_common_driver_replacement,,,
confirmatory,10132,direct_coupling_SCM,correlon_v1,0.0,0.0,1.0,-1.0,P1_node_permutation,D1_temporal_shuffle,0.04001971742202409,-0.007871389866151109,0.08060670040340234
confirmatory,10132,direct_coupling_SCM,pearson,0.08234439530399848,0.9992747783722025,0.9640023770166884,0.035272401355514016,P5_observation_noise,D6_common_driver_replacement,,,
confirmatory,10132,direct_coupling_SCM,mutual_information,0.01773315830409472,0.9999995425832819,0.777446006065805,0.2225535365174769,P2_global_scaling,D6_common_driver_replacement,,,
confirmatory,10132,direct_coupling_SCM,largest_covariance_eigenvalue,1.7147861846031325,0.8884719327292223,1.0,-0.11152806727077769,P7_coarse_graining,D6_common_driver_replacement,,,
confirmatory,10132,direct_coupling_SCM,pca_rank1_explained_variance,0.1428988487169277,0.9992904969075012,1.0,-0.0007095030924988421,P5_observation_noise,D6_common_driver_replacement,,,
confirmatory,10132,direct_coupling_SCM,spectral_coherence,0.11972889523391571,0.9562982719990382,1.0,-0.04370172800096184,P6_time_reparameterization,D1_temporal_shuffle,,,
confirmatory,10132,direct_coupling_SCM,autocorrelation_persistence,0.6247486828769212,0.8021576411364018,1.0,-0.19784235886359824,P7_coarse_graining,D7_history_destruction,,,
confirmatory,10132,direct_coupling_SCM,linear_CKA,0.038887330729949904,0.4767576964471423,0.9482727130482493,-0.47151501660110706,P2_global_scaling,D6_common_driver_replacement,,,
confirmatory,10132,direct_coupling_SCM,VAR_ARX_predictive,0.04573375556712567,0.9366914631007445,0.7751312767964419,0.16156018630430258,P2_global_scaling,D6_common_driver_replacement,,,
confirmatory,10132,history_dependent_relational_mode,correlon_v1,0.0,0.0,1.0,-1.0,P1_node_permutation,D3_IAAFT_surrogate,-0.0015909251060724633,0.20868841235998775,0.10182250398942921
confirmatory,10132,history_dependent_relational_mode,pearson,0.06208784220572388,0.980709044777869,1.0,-0.01929095522213098,P4_orthogonal_basis_rotation,D3_IAAFT_surrogate,,,
confirmatory,10132,history_dependent_relational_mode,mutual_information,0.00971971307240782,0.9986057124171325,1.0,-0.001394287582867526,P5_observation_noise,D2_phase_randomization,,,
confirmatory,10132,history_dependent_relational_mode,largest_covariance_eigenvalue,1.6684779738003113,0.8887400915961159,1.0,-0.11125990840388411,P7_coarse_graining,D7_history_destruction,,,
confirmatory,10132,history_dependent_relational_mode,pca_rank1_explained_variance,0.13903983115002597,0.9978337688672279,1.0,-0.002166231132772145,P5_observation_noise,D7_history_destruction,,,
confirmatory,10132,history_dependent_relational_mode,spectral_coherence,0.11018945416590661,0.9468385769981914,1.0,-0.053161423001808594,P5_observation_noise,D1_temporal_shuffle,,,
confirmatory,10132,history_dependent_relational_mode,autocorrelation_persistence,0.6284402924179157,0.838622716724824,1.0,-0.16137728327517598,P7_coarse_graining,D2_phase_randomization,,,
confirmatory,10132,history_dependent_relational_mode,linear_CKA,0.02201590762898591,0.5055608426602155,1.0,-0.4944391573397845,P2_global_scaling,D3_IAAFT_surrogate,,,
confirmatory,10132,history_dependent_relational_mode,VAR_ARX_predictive,0.03468923369237936,0.9059076770999651,1.0,-0.09409232290003489,P2_global_scaling,D6_common_driver_replacement,,,
confirmatory,10133,persistent_shared_mode,correlon_v1,0.22045706704069534,0.9042311574543848,1.0,-0.09576884254561524,P5_observation_noise,D6_common_driver_replacement,0.18510305207855957,0.26256357127789964,0.4310354763564297
confirmatory,10133,persistent_shared_mode,pearson,0.169214681152177,0.9677815288654599,0.7274993701266587,0.2402821587388012,P4_orthogonal_basis_rotation,D6_common_driver_replacement,,,
confirmatory,10133,persistent_shared_mode,mutual_information,0.06113904418504168,0.9759086917791565,0.4956538705946306,0.4802548211845259,P5_observation_noise,D6_common_driver_replacement,,,
confirmatory,10133,persistent_shared_mode,largest_covariance_eigenvalue,2.4772421350919407,0.954857028036688,0.8614152881160926,0.09344173992059546,P7_coarse_graining,D6_common_driver_replacement,,,
confirmatory,10133,persistent_shared_mode,pca_rank1_explained_variance,0.20643684459099498,0.9882276882670469,0.861415288116093,0.12681240015095385,P5_observation_noise,D6_common_driver_replacement,,,
confirmatory,10133,persistent_shared_mode,spectral_coherence,0.2117412389045898,0.7289019199674716,1.0,-0.27109808003252844,P2_global_scaling,D6_common_driver_replacement,,,
confirmatory,10133,persistent_shared_mode,autocorrelation_persistence,0.6764807542157215,0.8642522503358586,1.0,-0.13574774966414138,P7_coarse_graining,D5_source_swap,,,
confirmatory,10133,persistent_shared_mode,linear_CKA,0.15950789343348934,0.16832969794982242,0.5436414694142623,-0.37531177146443984,P2_global_scaling,D6_common_driver_replacement,,,
confirmatory,10133,persistent_shared_mode,VAR_ARX_predictive,0.04402495278097468,0.8928778628693304,0.9006639311017768,-0.00778606823244643,P2_global_scaling,D6_common_driver_replacement,,,
confirmatory,10133,direct_coupling_SCM,correlon_v1,0.0,0.0,1.0,-1.0,P1_node_permutation,D2_phase_randomization,-0.012227022500601509,0.002635683071199584,-0.04140287977292384
confirmatory,10133,direct_coupling_SCM,pearson,0.061903183035323044,0.970582689924438,1.0,-0.02941731007556203,P4_orthogonal_basis_rotation,D3_IAAFT_surrogate,,,
confirmatory,10133,direct_coupling_SCM,mutual_information,0.010379953329899494,0.9910411460963707,1.0,-0.008958853903629271,P5_observation_noise,D2_phase_randomization,,,
confirmatory,10133,direct_coupling_SCM,largest_covariance_eigenvalue,1.5571776202872716,0.852515726792283,1.0,-0.14748427320771695,P7_coarse_graining,D5_source_swap,,,
confirmatory,10133,direct_coupling_SCM,pca_rank1_explained_variance,0.12976480169060597,0.9999999999999983,1.0,-1.6653345369377348e-15,P1_node_permutation,D5_source_swap,,,
confirmatory,10133,direct_coupling_SCM,spectral_coherence,0.13948629832334006,0.7176275542038004,1.0,-0.2823724457961996,P2_global_scaling,D6_common_driver_replacement,,,
confirmatory,10133,direct_coupling_SCM,autocorrelation_persistence,0.591052503676165,0.8084708822120966,1.0,-0.19152911778790338,P7_coarse_graining,D5_source_swap,,,
confirmatory,10133,direct_coupling_SCM,linear_CKA,0.022235434997497774,0.5635682065380383,1.0,-0.4364317934619617,P2_global_scaling,D3_IAAFT_surrogate,,,
confirmatory,10133,direct_coupling_SCM,VAR_ARX_predictive,0.05127515205300892,0.9687898988169114,0.7477313758044338,0.22105852301247753,P5_observation_noise,D2_phase_randomization,,,
confirmatory,10133,history_dependent_relational_mode,correlon_v1,0.0,0.0,1.0,-1.0,P1_node_permutation,D1_temporal_shuffle,-0.0019116147975352799,0.05067540825297273,-0.004143101093669388
confirmatory,10133,history_dependent_relational_mode,pearson,0.06603944911211268,0.9666672682190282,1.0,-0.03333273178097185,P4_orthogonal_basis_rotation,D7_history_destruction,,,
confirmatory,10133,history_dependent_relational_mode,mutual_information,0.012277763991964341,0.983216999730496,1.0,-0.016783000269503967,P5_observation_noise,D7_history_destruction,,,
confirmatory,10133,history_dependent_relational_mode,largest_covariance_eigenvalue,1.6538474524858922,0.8781756772686398,1.0,-0.12182432273136024,P6_time_reparameterization,D5_source_swap,,,
confirmatory,10133,history_dependent_relational_mode,pca_rank1_explained_variance,0.137820621040491,0.9993844536340228,1.0,-0.0006155463659771598,P5_observation_noise,D5_source_swap,,,
confirmatory,10133,history_dependent_relational_mode,spectral_coherence,0.13839892682113722,0.8472915583253626,1.0,-0.15270844167463737,P2_global_scaling,D3_IAAFT_surrogate,,,
confirmatory,10133,history_dependent_relational_mode,autocorrelation_persistence,0.6095710886687563,0.8075391324977764,1.0,-0.19246086750222358,P7_coarse_graining,D7_history_destruction,,,
confirmatory,10133,history_dependent_relational_mode,linear_CKA,0.025104832849951953,0.3679492221946003,1.0,-0.6320507778053996,P2_global_scaling,D7_history_destruction,,,
confirmatory,10133,history_dependent_relational_mode,VAR_ARX_predictive,0.03244924962314355,0.8089852820394263,1.0,-0.19101471796057368,P2_global_scaling,D3_IAAFT_surrogate,,,
confirmatory,10134,persistent_shared_mode,correlon_v1,0.11256499014528366,0.9999999999999372,0.6220026674738455,0.3779973325260917,P4_orthogonal_basis_rotation,D6_common_driver_replacement,0.09558265595802438,0.1325646047330207,0.21666876540386693
confirmatory,10134,persistent_shared_mode,pearson,0.1366619560142762,0.9758423675446203,0.7173238126670072,0.2585185548776131,P4_orthogonal_basis_rotation,D6_common_driver_replacement,,,
confirmatory,10134,persistent_shared_mode,mutual_information,0.04564363354698786,0.9913758643817009,0.4283206729977236,0.5630551913839773,P5_observation_noise,D6_common_driver_replacement,,,
confirmatory,10134,persistent_shared_mode,largest_covariance_eigenvalue,2.0223530676667165,0.9405583018061158,0.9460874001576811,-0.0055290983515653425,P7_coarse_graining,D6_common_driver_replacement,,,
confirmatory,10134,persistent_shared_mode,pca_rank1_explained_variance,0.16852942230555976,0.9836473045870052,0.9460874001576808,0.03755990442932444,P5_observation_noise,D6_common_driver_replacement,,,
confirmatory,10134,persistent_shared_mode,spectral_coherence,0.1633382561936779,0.6314180634498504,1.0,-0.3685819365501496,P2_global_scaling,D6_common_driver_replacement,,,
confirmatory,10134,persistent_shared_mode,autocorrelation_persistence,0.6720155737304659,0.8333985552061193,1.0,-0.16660144479388073,P7_coarse_graining,D5_source_swap,,,
confirmatory,10134,persistent_shared_mode,linear_CKA,0.10795647462838037,0.44750499563492685,0.5136509715578501,-0.06614597592292326,P2_global_scaling,D6_common_driver_replacement,,,
confirmatory,10134,persistent_shared_mode,VAR_ARX_predictive,0.046155279417411155,0.9701694691055167,0.9528143496475195,0.01735511945799717,P5_observation_noise,D6_common_driver_replacement,,,
confirmatory,10134,direct_coupling_SCM,correlon_v1,0.08631202412852895,0.9459638912688435,0.7976211496394906,0.1483427416293529,P6_time_reparameterization,D6_common_driver_replacement,0.03021894865430648,0.24652629693992031,0.16209838623231154
confirmatory,10134,direct_coupling_SCM,pearson,0.06542662158545598,0.9893682775015377,0.9962803516681826,-0.006912074166644966,P5_observation_noise,D2_phase_randomization,,,
confirmatory,10134,direct_coupling_SCM,mutual_information,0.011814488973115989,0.947433502117808,1.0,-0.05256649788219203,P5_observation_noise,D2_phase_randomization,,,
confirmatory,10134,direct_coupling_SCM,largest_covariance_eigenvalue,1.5453551613731027,0.8710276965524343,1.0,-0.12897230344756572,P7_coarse_graining,D5_source_swap,,,
confirmatory,10134,direct_coupling_SCM,pca_rank1_explained_variance,0.12877959678109188,0.9999999999999991,1.0,-8.881784197001252e-16,P4_orthogonal_basis_rotation,D5_source_swap,,,
confirmatory,10134,direct_coupling_SCM,spectral_coherence,0.12658744558842855,0.9999999999999978,1.0,-2.220446049250313e-15,P1_node_permutation,D1_temporal_shuffle,,,
confirmatory,10134,direct_coupling_SCM,autocorrelation_persistence,0.6194370350518658,0.7941443759830661,1.0,-0.2058556240169339,P7_coarse_graining,D5_source_swap,,,
confirmatory,10134,direct_coupling_SCM,linear_CKA,0.024896190820878107,0.7621351517318796,1.0,-0.23786484826812038,P2_global_scaling,D2_phase_randomization,,,
confirmatory,10134,direct_coupling_SCM,VAR_ARX_predictive,0.04852196709048007,0.9638949579397343,0.79370854593634,0.17018641200339435,P2_global_scaling,D6_common_driver_replacement,,,
confirmatory,10134,history_dependent_relational_mode,correlon_v1,0.0,0.0,1.0,-1.0,P1_node_permutation,D1_temporal_shuffle,-0.02447976508538241,0.05297985099569677,-0.03180928678418968
confirmatory,10134,history_dependent_relational_mode,pearson,0.07099937565839855,0.9989082497174604,1.0,-0.0010917502825396053,P4_orthogonal_basis_rotation,D6_common_driver_replacement,,,
confirmatory,10134,history_dependent_relational_mode,mutual_information,0.01374610681232269,0.99999940034857,0.8246471432537725,0.17535225709479751,P2_global_scaling,D6_common_driver_replacement,,,
confirmatory,10134,history_dependent_relational_mode,largest_covariance_eigenvalue,1.7168694348212388,0.8824032142224858,1.0,-0.1175967857775142,P7_coarse_graining,D8_block_shuffle,,,
confirmatory,10134,history_dependent_relational_mode,pca_rank1_explained_variance,0.14307245290176993,0.9949042933611011,1.0,-0.005095706638898911,P5_observation_noise,D8_block_shuffle,,,
confirmatory,10134,history_dependent_relational_mode,spectral_coherence,0.12886159127296157,0.9999999999999998,1.0,-2.220446049250313e-16,P3_affine_offset,D1_temporal_shuffle,,,
confirmatory,10134,history_dependent_relational_mode,autocorrelation_persistence,0.623598733731349,0.8386944576174793,1.0,-0.1613055423825207,P7_coarse_graining,D7_history_destruction,,,
confirmatory,10134,history_dependent_relational_mode,linear_CKA,0.028666531003345857,0.9999999999999998,1.0,-2.220446049250313e-16,P1_node_permutation,D6_common_driver_replacement,,,
confirmatory,10134,history_dependent_relational_mode,VAR_ARX_predictive,0.03858867529466603,0.9883419207704391,1.0,-0.011658079229560858,P2_global_scaling,D6_common_driver_replacement,,,
confirmatory,10135,persistent_shared_mode,correlon_v1,0.24420554400186914,0.948418333492603,1.0,-0.05158166650739704,P5_observation_noise,D6_common_driver_replacement,0.09910965626755716,0.6017208611868669,0.45379782055394396
confirmatory,10135,persistent_shared_mode,pearson,0.19809701111288952,0.9036683536603299,0.7084772087396171,0.19519114492071288,P4_orthogonal_basis_rotation,D6_common_driver_replacement,,,
confirmatory,10135,persistent_shared_mode,mutual_information,0.07003818418635266,0.9793056259481382,0.4332517216073666,0.5460539043407716,P5_observation_noise,D6_common_driver_replacement,,,
confirmatory,10135,persistent_shared_mode,largest_covariance_eigenvalue,2.77119375186558,0.9648844144819152,0.8713084768975446,0.09357593758437055,P7_coarse_graining,D6_common_driver_replacement,,,
confirmatory,10135,persistent_shared_mode,pca_rank1_explained_variance,0.23093281265546495,0.9953720701726286,0.8713084768975449,0.12406359327508376,P5_observation_noise,D6_common_driver_replacement,,,
confirmatory,10135,persistent_shared_mode,spectral_coherence,0.1950755451442005,0.7830692356081161,1.0,-0.21693076439188386,P2_global_scaling,D6_common_driver_replacement,,,
confirmatory,10135,persistent_shared_mode,autocorrelation_persistence,0.7063029650217345,0.8859331767675884,0.9969097408352708,-0.11097656406768241,P7_coarse_graining,D2_phase_randomization,,,
confirmatory,10135,persistent_shared_mode,linear_CKA,0.21371631930085727,0.9848000991893433,0.5101554251006543,0.47464467408868904,P5_observation_noise,D6_common_driver_replacement,,,
confirmatory,10135,persistent_shared_mode,VAR_ARX_predictive,0.04976544958838802,0.939304302956651,0.8447096180053342,0.09459468495131684,P6_time_reparameterization,D6_common_driver_replacement,,,
confirmatory,10135,direct_coupling_SCM,correlon_v1,0.07864175651039187,0.9999999999999919,1.0,-8.104628079763643e-15,P4_orthogonal_basis_rotation,D5_source_swap,0.0801529675604789,0.07715903796541616,0.07642200699726398
confirmatory,10135,direct_coupling_SCM,pearson,0.0653186174726931,0.9696670269312085,1.0,-0.030332973068791458,P4_orthogonal_basis_rotation,D6_common_driver_replacement,,,
confirmatory,10135,direct_coupling_SCM,mutual_information,0.011806328556670076,0.9999987114629633,1.0,-1.2885370367365923e-06,P2_global_scaling,D6_common_driver_replacement,,,
confirmatory,10135,direct_coupling_SCM,largest_covariance_eigenvalue,1.571049998545259,0.8587490150133309,1.0,-0.1412509849866691,P7_coarse_graining,D6_common_driver_replacement,,,
confirmatory,10135,direct_coupling_SCM,pca_rank1_explained_variance,0.13092083321210493,0.9978084824718338,1.0,-0.0021915175281661536,P5_observation_noise,D6_common_driver_replacement,,,
confirmatory,10135,direct_coupling_SCM,spectral_coherence,0.16416433689760662,0.9999999999999983,1.0,-1.6653345369377348e-15,P3_affine_offset,D6_common_driver_replacement,,,
confirmatory,10135,direct_coupling_SCM,autocorrelation_persistence,0.6012217055349789,0.7900021509805278,1.0,-0.20999784901947216,P7_coarse_graining,D5_source_swap,,,
confirmatory,10135,direct_coupling_SCM,linear_CKA,0.024779605920143485,0.5450046129856,1.0,-0.4549953870144,P2_global_scaling,D6_common_driver_replacement,,,
confirmatory,10135,direct_coupling_SCM,VAR_ARX_predictive,0.050946917025184335,0.9612415233916125,0.6722867800533536,0.2889547433382589,P6_time_reparameterization,D4_edge_cutting,,,
confirmatory,10135,history_dependent_relational_mode,correlon_v1,0.0,0.0,1.0,-1.0,P1_node_permutation,D3_IAAFT_surrogate,-0.016568260145302688,-0.05918484812156808,0.015173803798090524
confirmatory,10135,history_dependent_relational_mode,pearson,0.050236089758480214,0.9795604981227893,1.0,-0.020439501877210664,P5_observation_noise,D2_phase_randomization,,,
confirmatory,10135,history_dependent_relational_mode,mutual_information,0.007719435728091306,0.9431477494850848,1.0,-0.05685225051491516,P5_observation_noise,D2_phase_randomization,,,
confirmatory,10135,history_dependent_relational_mode,largest_covariance_eigenvalue,1.4501981848776198,0.8772516223101664,1.0,-0.1227483776898336,P7_coarse_graining,D5_source_swap,,,
confirmatory,10135,history_dependent_relational_mode,pca_rank1_explained_variance,0.12084984873980163,0.9999999999999992,1.0,-7.771561172376096e-16,P3_affine_offset,D5_source_swap,,,
confirmatory,10135,history_dependent_relational_mode,spectral_coherence,0.1648728090051824,0.7462486485798484,0.9414804478678868,-0.19523179928803835,P6_time_reparameterization,D4_edge_cutting,,,
confirmatory,10135,history_dependent_relational_mode,autocorrelation_persistence,0.6225184065173425,0.821894052095582,0.9997280122480935,-0.17783396015251152,P7_coarse_graining,D2_phase_randomization,,,
confirmatory,10135,history_dependent_relational_mode,linear_CKA,0.014710822567986592,0.6613592179357195,1.0,-0.3386407820642805,P2_global_scaling,D2_phase_randomization,,,
confirmatory,10135,history_dependent_relational_mode,VAR_ARX_predictive,0.03577145416910926,0.9847500590312087,1.0,-0.015249940968791287,P5_observation_noise,D1_temporal_shuffle,,,
confirmatory,10136,persistent_shared_mode,correlon_v1,0.3807090425917967,0.9380696379674757,1.0,-0.06193036203252433,P6_time_reparameterization,D6_common_driver_replacement,0.18841929280760303,0.7692385049930193,0.5089596359785982
confirmatory,10136,persistent_shared_mode,pearson,0.17755924713115856,0.9380830395801087,0.7115077394788171,0.22657530010129168,P4_orthogonal_basis_rotation,D6_common_driver_replacement,,,
confirmatory,10136,persistent_shared_mode,mutual_information,0.06685525755716326,0.9803690913147348,0.4306272697152921,0.5497418215994427,P5_observation_noise,D6_common_driver_replacement,,,
confirmatory,10136,persistent_shared_mode,largest_covariance_eigenvalue,2.529671342901631,0.9185890642612852,0.8596346955771859,0.05895436868409931,P6_time_reparameterization,D6_common_driver_replacement,,,
confirmatory,10136,persistent_shared_mode,pca_rank1_explained_variance,0.21080594524180268,0.9899089557995666,0.8596346955771855,0.1302742602223811,P5_observation_noise,D6_common_driver_replacement,,,
confirmatory,10136,persistent_shared_mode,spectral_coherence,0.23242364679543498,0.5119131213999171,1.0,-0.48808687860008293,P2_global_scaling,D6_common_driver_replacement,,,
confirmatory,10136,persistent_shared_mode,autocorrelation_persistence,0.692732885428173,0.8720348247350451,1.0,-0.12796517526495488,P7_coarse_graining,D5_source_swap,,,
confirmatory,10136,persistent_shared_mode,linear_CKA,0.17404154661891158,0.5477807630289004,0.5224391146680586,0.02534164836084185,P2_global_scaling,D6_common_driver_replacement,,,
confirmatory,10136,persistent_shared_mode,VAR_ARX_predictive,0.049548223614111875,0.9793074400341979,0.8682717816792729,0.11103565835492502,P2_global_scaling,D6_common_driver_replacement,,,
confirmatory,10136,direct_coupling_SCM,correlon_v1,0.04846583879799756,0.0,1.0,-1.0,P6_time_reparameterization,D6_common_driver_replacement,0.008609421877410414,0.2728333637078093,0.012987310949446107
confirmatory,10136,direct_coupling_SCM,pearson,0.10477786333917724,0.9602481900045051,0.7568908480121975,0.2033573419923076,P4_orthogonal_basis_rotation,D6_common_driver_replacement,,,
confirmatory,10136,direct_coupling_SCM,mutual_information,0.02399362404076355,0.9830968004206361,0.5393396701882496,0.4437571302323865,P5_observation_noise,D6_common_driver_replacement,,,
confirmatory,10136,direct_coupling_SCM,largest_covariance_eigenvalue,1.94914572277336,0.88851167966395,0.9027697947575394,-0.01425811509358943,P7_coarse_graining,D6_common_driver_replacement,,,
confirmatory,10136,direct_coupling_SCM,pca_rank1_explained_variance,0.16242881023111333,0.9913459571253926,0.9027697947575397,0.08857616236785293,P5_observation_noise,D6_common_driver_replacement,,,
confirmatory,10136,direct_coupling_SCM,spectral_coherence,0.20087910491427177,0.663009494974261,1.0,-0.336990505025739,P2_global_scaling,D6_common_driver_replacement,,,
confirmatory,10136,direct_coupling_SCM,autocorrelation_persistence,0.6174304020825012,0.8241128298352619,1.0,-0.1758871701647381,P7_coarse_graining,D5_source_swap,,,
confirmatory,10136,direct_coupling_SCM,linear_CKA,0.0627473452080369,0.3400174758844848,0.5855119690387289,-0.24549449315424415,P2_global_scaling,D6_common_driver_replacement,,,
confirmatory,10136,direct_coupling_SCM,VAR_ARX_predictive,0.05162304460456224,0.7883483443048137,0.7282669293028432,0.060081415001970506,P2_global_scaling,D6_common_driver_replacement,,,
confirmatory,10136,history_dependent_relational_mode,correlon_v1,0.05275054332852633,0.0,1.0,-1.0,P6_time_reparameterization,D6_common_driver_replacement,0.02850604135963078,0.0976150910029682,0.027404648412561072
confirmatory,10136,history_dependent_relational_mode,pearson,0.07007467264032448,0.98371057935754,0.9834834945614992,0.00022708479604083287,P4_orthogonal_basis_rotation,D2_phase_randomization,,,
confirmatory,10136,history_dependent_relational_mode,mutual_information,0.013671298452866187,0.9999991635979728,1.0,-8.364020271933725e-07,P2_global_scaling,D2_phase_randomization,,,
confirmatory,10136,history_dependent_relational_mode,largest_covariance_eigenvalue,1.6313915499444724,0.8783511285416228,0.9322835208311969,-0.05393239228957414,P7_coarse_graining,D8_block_shuffle,,,
confirmatory,10136,history_dependent_relational_mode,pca_rank1_explained_variance,0.135949295828706,1.0,0.9322835208311971,0.06771647916880286,P1_node_permutation,D8_block_shuffle,,,
confirmatory,10136,history_dependent_relational_mode,spectral_coherence,0.13511173332684145,0.8072131175782646,1.0,-0.19278688242173536,P2_global_scaling,D6_common_driver_replacement,,,
confirmatory,10136,history_dependent_relational_mode,autocorrelation_persistence,0.6158633816096277,0.8345100372475819,0.9979662628501156,-0.1634562256025337,P7_coarse_graining,D3_IAAFT_surrogate,,,
confirmatory,10136,history_dependent_relational_mode,linear_CKA,0.02842760667254749,0.5501561211335421,0.9831770453196583,-0.43302092418611626,P2_global_scaling,D2_phase_randomization,,,
confirmatory,10136,history_dependent_relational_mode,VAR_ARX_predictive,0.040846241054051935,0.9832996299818121,0.9087832769783715,0.07451635300344062,P6_time_reparameterization,D6_common_driver_replacement,,,
confirmatory,10137,persistent_shared_mode,correlon_v1,0.2839152518959333,0.9364606845641663,1.0,-0.06353931543583369,P5_observation_noise,D6_common_driver_replacement,0.13107895207402753,0.6149566271601525,0.38214209003000216
confirmatory,10137,persistent_shared_mode,pearson,0.22195166348502138,0.7831376435007853,0.6962402947419807,0.08689734875880462,P4_orthogonal_basis_rotation,D6_common_driver_replacement,,,
confirmatory,10137,persistent_shared_mode,mutual_information,0.07948143299958754,0.997044703764941,0.46266356571815925,0.5343811380467818,P5_observation_noise,D6_common_driver_replacement,,,
confirmatory,10137,persistent_shared_mode,largest_covariance_eigenvalue,3.1264530249626805,0.9688654466840986,0.8128062145668852,0.1560592321172134,P7_coarse_graining,D6_common_driver_replacement,,,
confirmatory,10137,persistent_shared_mode,pca_rank1_explained_variance,0.26053775208022345,0.9882293313260901,0.8128062145668846,0.17542311675920552,P5_observation_noise,D6_common_driver_replacement,,,
confirmatory,10137,persistent_shared_mode,spectral_coherence,0.2079687345364865,0.7492715660241029,1.0,-0.25072843397589706,P2_global_scaling,D6_common_driver_replacement,,,
confirmatory,10137,persistent_shared_mode,autocorrelation_persistence,0.7052015387887206,0.8829588391167797,1.0,-0.11704116088322025,P7_coarse_graining,D5_source_swap,,,
confirmatory,10137,persistent_shared_mode,linear_CKA,0.2511795706701596,0.9301013760471101,0.5173553968908553,0.41274597915625477,P2_global_scaling,D6_common_driver_replacement,,,
confirmatory,10137,persistent_shared_mode,VAR_ARX_predictive,0.04195019306139097,0.9888767644368232,1.0,-0.011123235563176848,P5_observation_noise,D6_common_driver_replacement,,,
confirmatory,10137,direct_coupling_SCM,correlon_v1,0.08346642237281261,0.0,0.7663310828070071,-0.7663310828070071,P6_time_reparameterization,D6_common_driver_replacement,0.05139822363018011,0.13554249878056226,0.04046750823590589
confirmatory,10137,direct_coupling_SCM,pearson,0.07827380600275397,0.9910298728465836,0.8780676903913189,0.11296218245526468,P5_observation_noise,D3_IAAFT_surrogate,,,
confirmatory,10137,direct_coupling_SCM,mutual_information,0.01783326568672383,0.9843578369046263,0.7889820120964837,0.19537582480814264,P5_observation_noise,D3_IAAFT_surrogate,,,
confirmatory,10137,direct_coupling_SCM,largest_covariance_eigenvalue,1.564871885722757,0.8900755875040091,1.0,-0.10992441249599094,P7_coarse_graining,D6_common_driver_replacement,,,
confirmatory,10137,direct_coupling_SCM,pca_rank1_explained_variance,0.13040599047689644,0.9972715228965732,1.0,-0.0027284771034268296,P5_observation_noise,D6_common_driver_replacement,,,
confirmatory,10137,direct_coupling_SCM,spectral_coherence,0.15012005321993632,0.8734390940750288,1.0,-0.12656090592497116,P2_global_scaling,D3_IAAFT_surrogate,,,
confirmatory,10137,direct_coupling_SCM,autocorrelation_persistence,0.6329986110403863,0.8049486608527895,0.9985789635075326,-0.19363030265474312,P7_coarse_graining,D2_phase_randomization,,,
confirmatory,10137,direct_coupling_SCM,linear_CKA,0.03583031215953077,0.5452257788354152,0.7762523167834591,-0.23102653794804384,P2_global_scaling,D3_IAAFT_surrogate,,,
confirmatory,10137,direct_coupling_SCM,VAR_ARX_predictive,0.051967182582879023,0.9872132881576453,0.6762562720086135,0.3109570161490318,P6_time_reparameterization,D2_phase_randomization,,,
confirmatory,10137,history_dependent_relational_mode,correlon_v1,0.04390709866800097,0.0,1.0,-1.0,P6_time_reparameterization,D2_phase_randomization,0.029860952839466062,0.06456034152043635,0.03202516439943931
confirmatory,10137,history_dependent_relational_mode,pearson,0.05266397481199991,0.9755947599835361,1.0,-0.024405240016463936,P5_observation_noise,D2_phase_randomization,,,
confirmatory,10137,history_dependent_relational_mode,mutual_information,0.008960438597073628,0.9451322065910989,1.0,-0.05486779340890113,P5_observation_noise,D2_phase_randomization,,,
confirmatory,10137,history_dependent_relational_mode,largest_covariance_eigenvalue,1.377344873896315,0.8546572434609034,1.0,-0.14534275653909656,P7_coarse_graining,D1_temporal_shuffle,,,
confirmatory,10137,history_dependent_relational_mode,pca_rank1_explained_variance,0.11477873949135953,0.9964243854009434,1.0,-0.0035756145990566424,P5_observation_noise,D1_temporal_shuffle,,,
confirmatory,10137,history_dependent_relational_mode,spectral_coherence,0.14674344798583458,0.7866232506671292,1.0,-0.21337674933287076,P2_global_scaling,D1_temporal_shuffle,,,
confirmatory,10137,history_dependent_relational_mode,autocorrelation_persistence,0.6010489487355101,0.8131830321260813,1.0,-0.18681696787391866,P7_coarse_graining,D5_source_swap,,,
confirmatory,10137,history_dependent_relational_mode,linear_CKA,0.01623796721145615,0.6427572195037298,1.0,-0.35724278049627023,P2_global_scaling,D2_phase_randomization,,,
confirmatory,10137,history_dependent_relational_mode,VAR_ARX_predictive,0.037727333295050514,0.9359352338482774,0.9092114083111047,0.026723825537172674,P2_global_scaling,D5_source_swap,,,
confirmatory,10138,persistent_shared_mode,correlon_v1,0.42775663888362686,0.9215219735251935,0.9637128835747242,-0.04219091004953068,P6_time_reparameterization,D6_common_driver_replacement,0.25757261918979724,0.7103850661012552,0.5376170258226756
confirmatory,10138,persistent_shared_mode,pearson,0.21196648825205855,0.8603691678867775,0.7258201306218374,0.13454903726494016,P4_orthogonal_basis_rotation,D6_common_driver_replacement,,,
confirmatory,10138,persistent_shared_mode,mutual_information,0.0688693473703953,0.9951937548888485,0.4685092145359672,0.5266845403528813,P5_observation_noise,D6_common_driver_replacement,,,
confirmatory,10138,persistent_shared_mode,largest_covariance_eigenvalue,2.9776457969567875,0.9681552787362654,0.8715840461569004,0.09657123257936495,P7_coarse_graining,D6_common_driver_replacement,,,
confirmatory,10138,persistent_shared_mode,pca_rank1_explained_variance,0.24813714974639892,0.9900716356112744,0.8715840461569003,0.1184875894543741,P5_observation_noise,D6_common_driver_replacement,,,
confirmatory,10138,persistent_shared_mode,spectral_coherence,0.2556948640948321,0.6769690799651512,0.9986297238723627,-0.3216606439072115,P2_global_scaling,D6_common_driver_replacement,,,
confirmatory,10138,persistent_shared_mode,autocorrelation_persistence,0.6962008203357982,0.8799380972981117,1.0,-0.12006190270188832,P7_coarse_graining,D5_source_swap,,,
confirmatory,10138,persistent_shared_mode,linear_CKA,0.23836177650769222,0.9355090198822938,0.5337536456961417,0.40175537418615215,P2_global_scaling,D6_common_driver_replacement,,,
confirmatory,10138,persistent_shared_mode,VAR_ARX_predictive,0.04508785991411168,0.9479687321585905,0.8898560733735965,0.05811265878499394,P5_observation_noise,D6_common_driver_replacement,,,
confirmatory,10138,direct_coupling_SCM,correlon_v1,0.0,0.0,1.0,-1.0,P1_node_permutation,D5_source_swap,-0.038716780239651125,-0.07191337102687044,-0.06901358550871606
confirmatory,10138,direct_coupling_SCM,pearson,0.07523049251995474,0.9832646732056924,0.9609498980786432,0.02231477512704927,P4_orthogonal_basis_rotation,D7_history_destruction,,,
confirmatory,10138,direct_coupling_SCM,mutual_information,0.013184855283571717,0.994621773690226,1.0,-0.005378226309774026,P5_observation_noise,D7_history_destruction,,,
confirmatory,10138,direct_coupling_SCM,largest_covariance_eigenvalue,1.7889628439866603,0.885919361645371,0.937486579715991,-0.051567218070620036,P7_coarse_graining,D7_history_destruction,,,
confirmatory,10138,direct_coupling_SCM,pca_rank1_explained_variance,0.14908023699888837,0.9994016131562308,0.9374865797159909,0.06191503344023985,P5_observation_noise,D7_history_destruction,,,
confirmatory,10138,direct_coupling_SCM,spectral_coherence,0.17125569351339492,0.856145413887418,0.9331097981668759,-0.07696438427945784,P2_global_scaling,D3_IAAFT_surrogate,,,
confirmatory,10138,direct_coupling_SCM,autocorrelation_persistence,0.603957919256814,0.8030487127337692,1.0,-0.1969512872662308,P7_coarse_graining,D5_source_swap,,,
confirmatory,10138,direct_coupling_SCM,linear_CKA,0.03232344755793569,0.8437151006491941,0.9188211737459423,-0.07510607309674822,P2_global_scaling,D7_history_destruction,,,
confirmatory,10138,direct_coupling_SCM,VAR_ARX_predictive,0.05115018217286477,0.9781694284198079,0.7488858571631611,0.22928357125664678,P2_global_scaling,D7_history_destruction,,,
confirmatory,10138,history_dependent_relational_mode,correlon_v1,0.0,0.0,1.0,-1.0,P1_node_permutation,D1_temporal_shuffle,0.027715934293661662,-0.0635600061175524,-0.01341128761402055
confirmatory,10138,history_dependent_relational_mode,pearson,0.05820132637996369,0.9856151339705446,1.0,-0.014384866029455434,P4_orthogonal_basis_rotation,D2_phase_randomization,,,
confirmatory,10138,history_dependent_relational_mode,mutual_information,0.009711989824281897,0.9951548581906368,1.0,-0.00484514180936324,P5_observation_noise,D2_phase_randomization,,,
confirmatory,10138,history_dependent_relational_mode,largest_covariance_eigenvalue,1.4825913448775474,0.86964013432385,1.0,-0.13035986567615,P7_coarse_graining,D5_source_swap,,,
confirmatory,10138,history_dependent_relational_mode,pca_rank1_explained_variance,0.1235492787397956,0.9999620962328963,1.0,-3.7903767103664165e-05,P5_observation_noise,D5_source_swap,,,
confirmatory,10138,history_dependent_relational_mode,spectral_coherence,0.12950937799088527,0.9806759788705136,1.0,-0.01932402112948639,P5_observation_noise,D1_temporal_shuffle,,,
confirmatory,10138,history_dependent_relational_mode,autocorrelation_persistence,0.6211822635516125,0.8185859798311739,1.0,-0.18141402016882613,P7_coarse_graining,D5_source_swap,,,
confirmatory,10138,history_dependent_relational_mode,linear_CKA,0.01969564326831408,0.6741610112538496,1.0,-0.32583898874615036,P2_global_scaling,D2_phase_randomization,,,
confirmatory,10138,history_dependent_relational_mode,VAR_ARX_predictive,0.02929478735622071,0.9424373455858419,1.0,-0.05756265441415809,P2_global_scaling,D2_phase_randomization,,,
confirmatory,10139,persistent_shared_mode,correlon_v1,0.2952597068681479,0.9712357390969462,1.0,-0.02876426090305384,P5_observation_noise,D6_common_driver_replacement,0.16049744276326106,0.543175598308164,0.4273807689841058
confirmatory,10139,persistent_shared_mode,pearson,0.2566021879340116,0.8798417087443428,0.7401060117018665,0.13973569704247624,P4_orthogonal_basis_rotation,D6_common_driver_replacement,,,
confirmatory,10139,persistent_shared_mode,mutual_information,0.0836679001790872,0.983917712314869,0.5088683129998789,0.47504939931499013,P5_observation_noise,D6_common_driver_replacement,,,
confirmatory,10139,persistent_shared_mode,largest_covariance_eigenvalue,3.4939000648794583,0.97169257817909,0.856629383262874,0.11506319491621608,P7_coarse_graining,D6_common_driver_replacement,,,
confirmatory,10139,persistent_shared_mode,pca_rank1_explained_variance,0.29115833873995484,0.9889427691980389,0.8566293832628741,0.13231338593516484,P5_observation_noise,D6_common_driver_replacement,,,
confirmatory,10139,persistent_shared_mode,spectral_coherence,0.2958846585835339,0.49654079082629465,0.9200531348472931,-0.42351234402099847,P2_global_scaling,D6_common_driver_replacement,,,
confirmatory,10139,persistent_shared_mode,autocorrelation_persistence,0.721701707877774,0.8965538687580044,0.9979846583686761,-0.10143078961067176,P7_coarse_graining,D2_phase_randomization,,,
confirmatory,10139,persistent_shared_mode,linear_CKA,0.32491669486022184,0.122049848143628,0.5719735745242006,-0.4499237263805726,P2_global_scaling,D6_common_driver_replacement,,,
confirmatory,10139,persistent_shared_mode,VAR_ARX_predictive,0.05925353676046563,0.7941914059555144,0.7490494621746017,0.04514194378091274,P2_global_scaling,D6_common_driver_replacement,,,
confirmatory,10139,direct_coupling_SCM,correlon_v1,0.0,0.0,1.0,-1.0,P1_node_permutation,D6_common_driver_replacement,-0.005024263867430878,-0.020592140451423144,0.03978418883917367
confirmatory,10139,direct_coupling_SCM,pearson,0.057364657959298834,0.977818260933334,1.0,-0.022181739066665984,P5_observation_noise,D2_phase_randomization,,,
confirmatory,10139,direct_coupling_SCM,mutual_information,0.01001411426696397,0.9455553523139907,1.0,-0.05444464768600932,P5_observation_noise,D2_phase_randomization,,,
confirmatory,10139,direct_coupling_SCM,largest_covariance_eigenvalue,1.4216630419519063,0.8569896876025723,1.0,-0.14301031239742767,P7_coarse_graining,D2_phase_randomization,,,
confirmatory,10139,direct_coupling_SCM,pca_rank1_explained_variance,0.11847192016265883,0.9919538541556465,1.0,-0.00804614584435348,P5_observation_noise,D2_phase_randomization,,,
confirmatory,10139,direct_coupling_SCM,spectral_coherence,0.1361877278004769,0.8303576297324005,1.0,-0.16964237026759954,P2_global_scaling,D2_phase_randomization,,,
confirmatory,10139,direct_coupling_SCM,autocorrelation_persistence,0.6041730017961132,0.8182751148102226,1.0,-0.18172488518977736,P7_coarse_graining,D5_source_swap,,,
confirmatory,10139,direct_coupling_SCM,linear_CKA,0.019166414673360447,0.39798620683146985,1.0,-0.6020137931685301,P2_global_scaling,D2_phase_randomization,,,
confirmatory,10139,direct_coupling_SCM,VAR_ARX_predictive,0.05039161392534419,0.6902071513990626,0.6755250463987641,0.01468210500029854,P2_global_scaling,D7_history_destruction,,,
confirmatory,10139,history_dependent_relational_mode,correlon_v1,0.05489151239141569,0.0,1.0,-1.0,P6_time_reparameterization,D6_common_driver_replacement,0.02055290204173771,0.1466011041408239,0.01748505502412967
confirmatory,10139,history_dependent_relational_mode,pearson,0.06589602392484088,0.9949104489804542,1.0,-0.005089551019545779,P4_orthogonal_basis_rotation,D2_phase_randomization,,,
confirmatory,10139,history_dependent_relational_mode,mutual_information,0.01314145343121531,0.9873714038004845,1.0,-0.012628596199515507,P5_observation_noise,D3_IAAFT_surrogate,,,
confirmatory,10139,history_dependent_relational_mode,largest_covariance_eigenvalue,1.4675300899089798,0.8721390866686646,1.0,-0.12786091333133542,P7_coarse_graining,D5_source_swap,,,
confirmatory,10139,history_dependent_relational_mode,pca_rank1_explained_variance,0.12229417415908166,0.9999999999999993,1.0,-6.661338147750939e-16,P3_affine_offset,D5_source_swap,,,
confirmatory,10139,history_dependent_relational_mode,spectral_coherence,0.10192726232643787,0.9999999999999987,1.0,-1.3322676295501878e-15,P3_affine_offset,D1_temporal_shuffle,,,
confirmatory,10139,history_dependent_relational_mode,autocorrelation_persistence,0.6126361627863627,0.8139668386904195,1.0,-0.18603316130958047,P7_coarse_graining,D5_source_swap,,,
confirmatory,10139,history_dependent_relational_mode,linear_CKA,0.025468053440366366,0.9985416853165362,1.0,-0.0014583146834638017,P5_observation_noise,D2_phase_randomization,,,
confirmatory,10139,history_dependent_relational_mode,VAR_ARX_predictive,0.03850941434258959,0.9649823334670866,1.0,-0.03501766653291338,P6_time_reparameterization,D4_edge_cutting,,,
confirmatory,10140,persistent_shared_mode,correlon_v1,0.2588881833697607,1.0,1.0,0.0,P1_node_permutation,D6_common_driver_replacement,0.20157730396630974,0.3324932428885775,0.3882445961620473
confirmatory,10140,persistent_shared_mode,pearson,0.23174994022822845,0.8927340137097546,0.7055055646925813,0.18722844901717328,P4_orthogonal_basis_rotation,D6_common_driver_replacement,,,
confirmatory,10140,persistent_shared_mode,mutual_information,0.0743075517316868,0.9999997261355534,0.43989809197012736,0.5601016341654261,P2_global_scaling,D6_common_driver_replacement,,,
confirmatory,10140,persistent_shared_mode,largest_covariance_eigenvalue,3.2279779293684587,0.9676642536373298,0.8477045388500528,0.11995971478727696,P7_coarse_graining,D6_common_driver_replacement,,,
confirmatory,10140,persistent_shared_mode,pca_rank1_explained_variance,0.2689981607807049,1.0,0.8477045388500529,0.15229546114994708,P1_node_permutation,D6_common_driver_replacement,,,
confirmatory,10140,persistent_shared_mode,spectral_coherence,0.2034035462569898,0.9730336182093277,1.0,-0.026966381790672345,P2_global_scaling,D6_common_driver_replacement,,,
confirmatory,10140,persistent_shared_mode,autocorrelation_persistence,0.7270536271109994,0.8854769945789541,0.9994019506215032,-0.11392495604254904,P7_coarse_graining,D2_phase_randomization,,,
confirmatory,10140,persistent_shared_mode,linear_CKA,0.27431999815050306,0.9999999999999996,0.5156041825020751,0.4843958174979245,P4_orthogonal_basis_rotation,D6_common_driver_replacement,,,
confirmatory,10140,persistent_shared_mode,VAR_ARX_predictive,0.05370116773095407,0.9469967739140371,0.8587818916041023,0.0882148823099348,P6_time_reparameterization,D6_common_driver_replacement,,,
confirmatory,10140,direct_coupling_SCM,correlon_v1,0.024765277005458813,0.0,0.0,0.0,P7_coarse_graining,D1_temporal_shuffle,0.004841068630020276,0.1266908180879349,-0.008959476896384155
confirmatory,10140,direct_coupling_SCM,pearson,0.08295243107478033,0.9760306341163505,0.8770853584493054,0.09894527566704514,P4_orthogonal_basis_rotation,D6_common_driver_replacement,,,
confirmatory,10140,direct_coupling_SCM,mutual_information,0.018556547994660888,0.9810959201963038,0.6732780609055234,0.3078178592907803,P5_observation_noise,D4_edge_cutting,,,
confirmatory,10140,direct_coupling_SCM,largest_covariance_eigenvalue,1.6346535160175488,0.8828527362623055,1.0,-0.11714726373769446,P7_coarse_graining,D6_common_driver_replacement,,,
confirmatory,10140,direct_coupling_SCM,pca_rank1_explained_variance,0.1362211263347958,0.989509186592205,1.0,-0.010490813407795008,P5_observation_noise,D6_common_driver_replacement,,,
confirmatory,10140,direct_coupling_SCM,spectral_coherence,0.14725303103676612,0.8882647199758615,1.0,-0.11173528002413846,P2_global_scaling,D6_common_driver_replacement,,,
confirmatory,10140,direct_coupling_SCM,autocorrelation_persistence,0.6275975951266831,0.7904534995605396,0.9982825464744539,-0.20782904691391435,P7_coarse_graining,D2_phase_randomization,,,
confirmatory,10140,direct_coupling_SCM,linear_CKA,0.04008314053840079,0.6265683757729279,0.7713365916901943,-0.1447682159172664,P2_global_scaling,D6_common_driver_replacement,,,
confirmatory,10140,direct_coupling_SCM,VAR_ARX_predictive,0.05053369774394362,0.8736481018727296,0.6915883448270234,0.1820597570457062,P2_global_scaling,D6_common_driver_replacement,,,
confirmatory,10140,history_dependent_relational_mode,correlon_v1,0.010433315624884375,0.0,0.0,0.0,P2_global_scaling,D1_temporal_shuffle,0.020808704279252813,0.005231179869137202,0.03798771048400812
confirmatory,10140,history_dependent_relational_mode,pearson,0.06549793824422694,0.9789285891302174,1.0,-0.021071410869782592,P5_observation_noise,D6_common_driver_replacement,,,
confirmatory,10140,history_dependent_relational_mode,mutual_information,0.013398219359772257,0.9434657425121306,0.9074023930816705,0.03606334943046008,P5_observation_noise,D8_block_shuffle,,,
confirmatory,10140,history_dependent_relational_mode,largest_covariance_eigenvalue,1.4929248623996065,0.8835290264473943,1.0,-0.11647097355260572,P7_coarse_graining,D5_source_swap,,,
confirmatory,10140,history_dependent_relational_mode,pca_rank1_explained_variance,0.12441040519996723,0.9935885064490858,1.0,-0.0064114935509141935,P5_observation_noise,D5_source_swap,,,
confirmatory,10140,history_dependent_relational_mode,spectral_coherence,0.13761477991801835,0.9632231768142158,1.0,-0.036776823185784235,P2_global_scaling,D6_common_driver_replacement,,,
confirmatory,10140,history_dependent_relational_mode,autocorrelation_persistence,0.6125042323121626,0.8311710282300687,1.0,-0.16882897176993128,P7_coarse_graining,D5_source_swap,,,
confirmatory,10140,history_dependent_relational_mode,linear_CKA,0.025031436401055967,0.7933541794609693,1.0,-0.2066458205390307,P2_global_scaling,D6_common_driver_replacement,,,
confirmatory,10140,history_dependent_relational_mode,VAR_ARX_predictive,0.034133114651946184,0.9989286387438404,1.0,-0.0010713612561595864,P5_observation_noise,D6_common_driver_replacement,,,
confirmatory,10141,persistent_shared_mode,correlon_v1,0.3352466248897069,0.9413678167155222,0.7292511729359222,0.21211664377959993,P5_observation_noise,D6_common_driver_replacement,0.17301861745645483,0.6495850050832024,0.4387613841812149
confirmatory,10141,persistent_shared_mode,pearson,0.15655661426921816,0.9404346104642106,0.6724920045931421,0.26794260587106855,P4_orthogonal_basis_rotation,D6_common_driver_replacement,,,
confirmatory,10141,persistent_shared_mode,mutual_information,0.06419626882341967,0.9721925310411105,0.370321597883522,0.6018709331575884,P5_observation_noise,D6_common_driver_replacement,,,
confirmatory,10141,persistent_shared_mode,largest_covariance_eigenvalue,2.264243897719279,0.9455591799285795,0.8637676277916304,0.08179155213694911,P6_time_reparameterization,D6_common_driver_replacement,,,
confirmatory,10141,persistent_shared_mode,pca_rank1_explained_variance,0.1886869914766066,0.992733964365565,0.8637676277916305,0.12896633657393453,P5_observation_noise,D6_common_driver_replacement,,,
confirmatory,10141,persistent_shared_mode,spectral_coherence,0.18481477480610364,0.8740435251012272,1.0,-0.12595647489877282,P2_global_scaling,D6_common_driver_replacement,,,
confirmatory,10141,persistent_shared_mode,autocorrelation_persistence,0.6757189262575142,0.8409184326618249,1.0,-0.15908156733817513,P7_coarse_graining,D5_source_swap,,,
confirmatory,10141,persistent_shared_mode,linear_CKA,0.13960284692567132,0.9713980510223104,0.4566967996476679,0.5147012513746425,P5_observation_noise,D6_common_driver_replacement,,,
confirmatory,10141,persistent_shared_mode,VAR_ARX_predictive,0.0438119371406836,0.9976292557016437,0.9999184429167183,-0.0022891872150745396,P5_observation_noise,D6_common_driver_replacement,,,
confirmatory,10141,direct_coupling_SCM,correlon_v1,0.0,0.0,1.0,-1.0,P1_node_permutation,D3_IAAFT_surrogate,-0.0064439914928599434,-0.04138801454922465,-0.003086945218690018
confirmatory,10141,direct_coupling_SCM,pearson,0.06752736695218958,0.9815423744641799,1.0,-0.018457625535820088,P4_orthogonal_basis_rotation,D8_block_shuffle,,,
confirmatory,10141,direct_coupling_SCM,mutual_information,0.01397478221326609,0.9840306462785198,1.0,-0.01596935372148023,P5_observation_noise,D8_block_shuffle,,,
confirmatory,10141,direct_coupling_SCM,largest_covariance_eigenvalue,1.4878010590384232,0.8849283426320129,0.9721322511839672,-0.08720390855195426,P7_coarse_graining,D7_history_destruction,,,
confirmatory,10141,direct_coupling_SCM,pca_rank1_explained_variance,0.1239834215865353,0.9917496952179794,0.9721322511839671,0.019617444034012332,P5_observation_noise,D7_history_destruction,,,
confirmatory,10141,direct_coupling_SCM,spectral_coherence,0.13985751536895977,0.9999999999999998,1.0,-2.220446049250313e-16,P4_orthogonal_basis_rotation,D7_history_destruction,,,
confirmatory,10141,direct_coupling_SCM,autocorrelation_persistence,0.6248827058025495,0.8029571676984377,1.0,-0.19704283230156228,P7_coarse_graining,D5_source_swap,,,
confirmatory,10141,direct_coupling_SCM,linear_CKA,0.02658471735201897,0.9219326506741642,1.0,-0.07806734932583581,P2_global_scaling,D8_block_shuffle,,,
confirmatory,10141,direct_coupling_SCM,VAR_ARX_predictive,0.049870285616308796,0.9912280625825501,0.7107973019273371,0.280430760655213,P5_observation_noise,D2_phase_randomization,,,
confirmatory,10141,history_dependent_relational_mode,correlon_v1,0.04419159662036973,0.0,1.0,-1.0,P6_time_reparameterization,D4_edge_cutting,0.008005507862010194,0.24394420010813628,0.05633144758560388
confirmatory,10141,history_dependent_relational_mode,pearson,0.056531003693703084,0.9891031906003549,1.0,-0.010896809399645102,P4_orthogonal_basis_rotation,D2_phase_randomization,,,
confirmatory,10141,history_dependent_relational_mode,mutual_information,0.009683609377333924,0.9999991042453327,1.0,-8.957546673293848e-07,P2_global_scaling,D2_phase_randomization,,,
confirmatory,10141,history_dependent_relational_mode,largest_covariance_eigenvalue,1.3045856138833036,0.8302912930819956,1.0,-0.16970870691800444,P7_coarse_graining,D3_IAAFT_surrogate,,,
confirmatory,10141,history_dependent_relational_mode,pca_rank1_explained_variance,0.10871546782360864,0.9999999999999993,1.0,-6.661338147750939e-16,P1_node_permutation,D3_IAAFT_surrogate,,,
confirmatory,10141,history_dependent_relational_mode,spectral_coherence,0.10834928814417735,0.7838726340203467,1.0,-0.21612736597965332,P2_global_scaling,D1_temporal_shuffle,,,
confirmatory,10141,history_dependent_relational_mode,autocorrelation_persistence,0.6179929033700228,0.829544571878781,1.0,-0.17045542812121905,P7_coarse_graining,D5_source_swap,,,
confirmatory,10141,history_dependent_relational_mode,linear_CKA,0.018949857617117732,0.5394594097210123,1.0,-0.46054059027898775,P2_global_scaling,D2_phase_randomization,,,
confirmatory,10141,history_dependent_relational_mode,VAR_ARX_predictive,0.036645339999296034,0.9131017685750519,0.9566083167360001,-0.04350654816094823,P2_global_scaling,D8_block_shuffle,,,
confirmatory,10142,persistent_shared_mode,correlon_v1,0.33926201853977406,0.894863229289653,1.0,-0.105136770710347,P5_observation_noise,D6_common_driver_replacement,0.17625463930284363,0.6530251781112978,0.4134103402068411
confirmatory,10142,persistent_shared_mode,pearson,0.23141286983421316,0.8400837891905403,0.7165271932533577,0.1235565959371826,P4_orthogonal_basis_rotation,D6_common_driver_replacement,,,
confirmatory,10142,persistent_shared_mode,mutual_information,0.07779220417150579,0.974316589145663,0.47987286316744443,0.49444372597821856,P5_observation_noise,D6_common_driver_replacement,,,
confirmatory,10142,persistent_shared_mode,largest_covariance_eigenvalue,3.166942929140049,0.967704430054062,0.8434341706150928,0.12427025943896919,P7_coarse_graining,D6_common_driver_replacement,,,
confirmatory,10142,persistent_shared_mode,pca_rank1_explained_variance,0.26391191076167086,0.9948872390070574,0.8434341706150925,0.15145306839196493,P5_observation_noise,D6_common_driver_replacement,,,
confirmatory,10142,persistent_shared_mode,spectral_coherence,0.2323556041732323,0.5763929604376351,1.0,-0.4236070395623649,P2_global_scaling,D6_common_driver_replacement,,,
confirmatory,10142,persistent_shared_mode,autocorrelation_persistence,0.7184540030894527,0.8891887381218316,0.998995555789502,-0.10980681766767042,P7_coarse_graining,D2_phase_randomization,,,
confirmatory,10142,persistent_shared_mode,linear_CKA,0.2766443736342147,0.3140349526169205,0.536703086083011,-0.2226681334660905,P2_global_scaling,D6_common_driver_replacement,,,
confirmatory,10142,persistent_shared_mode,VAR_ARX_predictive,0.04779759143259832,0.8701703973700191,0.937378508918819,-0.06720811154879991,P2_global_scaling,D6_common_driver_replacement,,,
confirmatory,10142,direct_coupling_SCM,correlon_v1,0.0,0.0,1.0,-1.0,P1_node_permutation,D6_common_driver_replacement,-0.011541182623981905,0.18241833004896116,0.030864520914274773
confirmatory,10142,direct_coupling_SCM,pearson,0.07813617930176749,0.9653189596906847,0.8940549633788848,0.07126399631179992,P4_orthogonal_basis_rotation,D6_common_driver_replacement,,,
confirmatory,10142,direct_coupling_SCM,mutual_information,0.01569425180329298,0.9999980691912606,0.83873223433484,0.16126583485642054,P2_global_scaling,D2_phase_randomization,,,
confirmatory,10142,direct_coupling_SCM,largest_covariance_eigenvalue,1.6519042306516378,0.8781099929394804,1.0,-0.12189000706051956,P7_coarse_graining,D6_common_driver_replacement,,,
confirmatory,10142,direct_coupling_SCM,pca_rank1_explained_variance,0.13765868588763652,0.9999999999999998,1.0,-2.220446049250313e-16,P3_affine_offset,D6_common_driver_replacement,,,
confirmatory,10142,direct_coupling_SCM,spectral_coherence,0.17786940160937,0.803404790176066,1.0,-0.19659520982393397,P2_global_scaling,D6_common_driver_replacement,,,
confirmatory,10142,direct_coupling_SCM,autocorrelation_persistence,0.6225709097940938,0.8121923801102549,0.9987097088785373,-0.18651732876828242,P7_coarse_graining,D2_phase_randomization,,,
confirmatory,10142,direct_coupling_SCM,linear_CKA,0.03525305840246111,0.5849280361310163,0.8114120053195006,-0.22648396918848435,P2_global_scaling,D6_common_driver_replacement,,,
confirmatory,10142,direct_coupling_SCM,VAR_ARX_predictive,0.05102739758927005,0.9458203459520639,0.7265273875574113,0.21929295839465257,P6_time_reparameterization,D6_common_driver_replacement,,,
confirmatory,10142,history_dependent_relational_mode,correlon_v1,0.018049394027347745,0.9999999999998623,1.0,-1.376676550535194e-13,P1_node_permutation,D8_block_shuffle,0.012572320229804118,0.025912529970574277,0.008014497061150483
confirmatory,10142,history_dependent_relational_mode,pearson,0.06157447280408539,0.9891145638748643,1.0,-0.010885436125135706,P4_orthogonal_basis_rotation,D4_edge_cutting,,,
confirmatory,10142,history_dependent_relational_mode,mutual_information,0.01103960214821742,0.9999983613817026,1.0,-1.6386182973837649e-06,P2_global_scaling,D4_edge_cutting,,,
confirmatory,10142,history_dependent_relational_mode,largest_covariance_eigenvalue,1.4072103246627037,0.8222872368268871,1.0,-0.1777127631731129,P7_coarse_graining,D4_edge_cutting,,,
confirmatory,10142,history_dependent_relational_mode,pca_rank1_explained_variance,0.11726752705522535,0.9996188681386422,1.0,-0.0003811318613577974,P5_observation_noise,D4_edge_cutting,,,
confirmatory,10142,history_dependent_relational_mode,spectral_coherence,0.16481452227039725,0.7644036395062931,1.0,-0.2355963604937069,P2_global_scaling,D8_block_shuffle,,,
confirmatory,10142,history_dependent_relational_mode,autocorrelation_persistence,0.6097162178338281,0.8108698332285248,1.0,-0.1891301667714752,P7_coarse_graining,D5_source_swap,,,
confirmatory,10142,history_dependent_relational_mode,linear_CKA,0.022237872274863343,0.4391471031363727,1.0,-0.5608528968636273,P2_global_scaling,D4_edge_cutting,,,
confirmatory,10142,history_dependent_relational_mode,VAR_ARX_predictive,0.03425577391233109,0.8770289114712029,1.0,-0.12297108852879712,P2_global_scaling,D8_block_shuffle,,,
confirmatory,10143,persistent_shared_mode,correlon_v1,0.3321175294556848,0.9903191128774008,1.0,-0.00968088712259918,P5_observation_noise,D6_common_driver_replacement,0.14636472205087098,0.7536109236309738,0.5610656794667345
confirmatory,10143,persistent_shared_mode,pearson,0.2169053646682255,0.8498421651519761,0.7110446020177239,0.13879756313425218,P4_orthogonal_basis_rotation,D6_common_driver_replacement,,,
confirmatory,10143,persistent_shared_mode,mutual_information,0.08488646529810406,0.9813408708728971,0.433699321744845,0.5476415491280522,P5_observation_noise,D6_common_driver_replacement,,,
confirmatory,10143,persistent_shared_mode,largest_covariance_eigenvalue,2.934977886399823,0.9663855848068796,0.8516435726577486,0.11474201214913105,P7_coarse_graining,D6_common_driver_replacement,,,
confirmatory,10143,persistent_shared_mode,pca_rank1_explained_variance,0.24458149053331843,0.9671333346252381,0.851643572657749,0.11548976196748906,P2_global_scaling,D6_common_driver_replacement,,,
confirmatory,10143,persistent_shared_mode,spectral_coherence,0.23707588258599327,0.4782900414561343,1.0,-0.5217099585438657,P2_global_scaling,D6_common_driver_replacement,,,
confirmatory,10143,persistent_shared_mode,autocorrelation_persistence,0.722481016091609,0.8960682336453063,0.9993594815795454,-0.10329124793423905,P7_coarse_graining,D2_phase_randomization,,,
confirmatory,10143,persistent_shared_mode,linear_CKA,0.2523532694412795,0.389369574577323,0.5197490114315834,-0.13037943685426034,P2_global_scaling,D6_common_driver_replacement,,,
confirmatory,10143,persistent_shared_mode,VAR_ARX_predictive,0.049295238590069734,0.830886885393269,0.8754686586292825,-0.04458177323601342,P2_global_scaling,D6_common_driver_replacement,,,
confirmatory,10143,direct_coupling_SCM,correlon_v1,0.0,0.0,1.0,-1.0,P1_node_permutation,D2_phase_randomization,0.0354634168314108,-0.012890159961636692,-0.09761041566128786
confirmatory,10143,direct_coupling_SCM,pearson,0.06430833529090395,0.9773558513143267,1.0,-0.022644148685673327,P5_observation_noise,D3_IAAFT_surrogate,,,
confirmatory,10143,direct_coupling_SCM,mutual_information,0.011471026023531117,0.9567946413997508,1.0,-0.04320535860024921,P5_observation_noise,D3_IAAFT_surrogate,,,
confirmatory,10143,direct_coupling_SCM,largest_covariance_eigenvalue,1.5387499435786687,0.8781785893251184,0.9862583201267977,-0.10807973080167932,P7_coarse_graining,D6_common_driver_replacement,,,
confirmatory,10143,direct_coupling_SCM,pca_rank1_explained_variance,0.12822916196488907,0.9971591907334924,0.9862583201267979,0.010900870606694424,P5_observation_noise,D6_common_driver_replacement,,,
confirmatory,10143,direct_coupling_SCM,spectral_coherence,0.14095474810963196,0.9410524160325909,1.0,-0.05894758396740907,P2_global_scaling,D3_IAAFT_surrogate,,,
confirmatory,10143,direct_coupling_SCM,autocorrelation_persistence,0.6149717043258769,0.8125079317157585,0.9986286444584507,-0.18612071274269215,P7_coarse_graining,D3_IAAFT_surrogate,,,
confirmatory,10143,direct_coupling_SCM,linear_CKA,0.023994663144132164,0.576040433293087,1.0,-0.42395956670691304,P2_global_scaling,D3_IAAFT_surrogate,,,
confirmatory,10143,direct_coupling_SCM,VAR_ARX_predictive,0.050282753490671905,0.872770775085398,0.7298287717881107,0.14294200329728735,P2_global_scaling,D5_source_swap,,,
confirmatory,10143,history_dependent_relational_mode,correlon_v1,0.0,0.0,1.0,-1.0,P1_node_permutation,D1_temporal_shuffle,-0.016509129125367256,0.0380577442695626,0.025712666059722
confirmatory,10143,history_dependent_relational_mode,pearson,0.05248099676254091,0.9778902850750979,1.0,-0.022109714924902102,P5_observation_noise,D2_phase_randomization,,,
confirmatory,10143,history_dependent_relational_mode,mutual_information,0.008154353328413966,0.960717741088292,1.0,-0.039282258911708,P5_observation_noise,D2_phase_randomization,,,
confirmatory,10143,history_dependent_relational_mode,largest_covariance_eigenvalue,1.4707464189455903,0.8565065078620828,1.0,-0.14349349213791718,P7_coarse_graining,D5_source_swap,,,
confirmatory,10143,history_dependent_relational_mode,pca_rank1_explained_variance,0.12256220157879916,0.9958712010736716,1.0,-0.0041287989263284475,P5_observation_noise,D5_source_swap,,,
confirmatory,10143,history_dependent_relational_mode,spectral_coherence,0.12876571791074004,0.8996036474703185,1.0,-0.10039635252968149,P2_global_scaling,D1_temporal_shuffle,,,
confirmatory,10143,history_dependent_relational_mode,autocorrelation_persistence,0.6118497447923322,0.8045201019289459,1.0,-0.19547989807105415,P7_coarse_graining,D5_source_swap,,,
confirmatory,10143,history_dependent_relational_mode,linear_CKA,0.016100796851018024,0.8195538231873499,1.0,-0.18044617681265007,P2_global_scaling,D2_phase_randomization,,,
confirmatory,10143,history_dependent_relational_mode,VAR_ARX_predictive,0.039545344920538406,0.9747518487230905,0.8902663864250624,0.08448546229802811,P5_observation_noise,D7_history_destruction,,,
confirmatory,10144,persistent_shared_mode,correlon_v1,0.3293749549905231,0.9935646353347023,1.0,-0.006435364665297705,P5_observation_noise,D6_common_driver_replacement,0.14068327904180022,0.7711496470221945,0.5070473967441234
confirmatory,10144,persistent_shared_mode,pearson,0.23260697125673027,0.8415426165306618,0.7715574368977485,0.06998517963291329,P4_orthogonal_basis_rotation,D6_common_driver_replacement,,,
confirmatory,10144,persistent_shared_mode,mutual_information,0.07687645177697355,0.9786268397250562,0.4827191812321967,0.49590765849285945,P5_observation_noise,D6_common_driver_replacement,,,
confirmatory,10144,persistent_shared_mode,largest_covariance_eigenvalue,3.205582861798399,0.9659714401871856,0.9042732042966817,0.06169823589050394,P7_coarse_graining,D6_common_driver_replacement,,,
confirmatory,10144,persistent_shared_mode,pca_rank1_explained_variance,0.26713190514986657,0.9941229556881374,0.9042732042966812,0.08984975139145612,P5_observation_noise,D6_common_driver_replacement,,,
confirmatory,10144,persistent_shared_mode,spectral_coherence,0.27055492979653784,0.6174194932977904,1.0,-0.38258050670220956,P2_global_scaling,D6_common_driver_replacement,,,
confirmatory,10144,persistent_shared_mode,autocorrelation_persistence,0.7069092839447991,0.8802257273752025,0.9979568900111007,-0.11773116263589811,P7_coarse_graining,D2_phase_randomization,,,
confirmatory,10144,persistent_shared_mode,linear_CKA,0.2800422688114191,0.655526248671355,0.5977540706683707,0.05777217800298429,P2_global_scaling,D6_common_driver_replacement,,,
confirmatory,10144,persistent_shared_mode,VAR_ARX_predictive,0.046420974328622855,0.9481482502040314,0.9549058795188109,-0.006757629314779523,P2_global_scaling,D6_common_driver_replacement,,,
confirmatory,10144,direct_coupling_SCM,correlon_v1,0.06504751286291736,0.0,1.0,-1.0,P6_time_reparameterization,D2_phase_randomization,0.012049030671004712,0.3511634292568849,0.19975854721285968
confirmatory,10144,direct_coupling_SCM,pearson,0.0842906048345287,0.9554236245164707,0.9254543446661372,0.029969279850333486,P4_orthogonal_basis_rotation,D6_common_driver_replacement,,,
confirmatory,10144,direct_coupling_SCM,mutual_information,0.016818223198419413,0.9727190266687733,0.8812851081787465,0.0914339184900268,P5_observation_noise,D2_phase_randomization,,,
confirmatory,10144,direct_coupling_SCM,largest_covariance_eigenvalue,1.791107927348984,0.8808071531086399,0.97988284191464,-0.09907568880600015,P7_coarse_graining,D6_common_driver_replacement,,,
confirmatory,10144,direct_coupling_SCM,pca_rank1_explained_variance,0.14925899394574874,0.9967117677814877,0.9798828419146395,0.016828925866848254,P5_observation_noise,D6_common_driver_replacement,,,
confirmatory,10144,direct_coupling_SCM,spectral_coherence,0.18309131004989446,0.9952842674574305,1.0,-0.004715732542569517,P5_observation_noise,D6_common_driver_replacement,,,
confirmatory,10144,direct_coupling_SCM,autocorrelation_persistence,0.5937336965729408,0.786345680458667,1.0,-0.21365431954133296,P7_coarse_graining,D5_source_swap,,,
confirmatory,10144,direct_coupling_SCM,linear_CKA,0.04085381685673552,0.984063420365615,0.8689152097240942,0.11514821064152081,P5_observation_noise,D6_common_driver_replacement,,,
confirmatory,10144,direct_coupling_SCM,VAR_ARX_predictive,0.060889149371092466,0.993734150370469,0.6209649945904583,0.3727691557800107,P5_observation_noise,D4_edge_cutting,,,
confirmatory,10144,history_dependent_relational_mode,correlon_v1,0.06829528023760706,0.0,0.9768370924675925,-0.9768370924675925,P6_time_reparameterization,D4_edge_cutting,0.016728882894873814,0.2788139131610834,0.08428188902370032
confirmatory,10144,history_dependent_relational_mode,pearson,0.05927438254876921,0.9860360370707777,1.0,-0.013963962929222307,P5_observation_noise,D2_phase_randomization,,,
confirmatory,10144,history_dependent_relational_mode,mutual_information,0.010222494688309158,0.9956986923662607,1.0,-0.00430130763373926,P5_observation_noise,D2_phase_randomization,,,
confirmatory,10144,history_dependent_relational_mode,largest_covariance_eigenvalue,1.46755238042796,0.8474236531752591,1.0,-0.15257634682474086,P7_coarse_graining,D2_phase_randomization,,,
confirmatory,10144,history_dependent_relational_mode,pca_rank1_explained_variance,0.12229603170233001,0.990164551213897,1.0,-0.009835448786102985,P5_observation_noise,D2_phase_randomization,,,
confirmatory,10144,history_dependent_relational_mode,spectral_coherence,0.11945186483224839,0.9301630755152122,1.0,-0.06983692448478784,P6_time_reparameterization,D1_temporal_shuffle,,,
confirmatory,10144,history_dependent_relational_mode,autocorrelation_persistence,0.6135835069185742,0.8212195060407548,1.0,-0.17878049395924522,P7_coarse_graining,D5_source_swap,,,
confirmatory,10144,history_dependent_relational_mode,linear_CKA,0.020635876543582055,0.8756605164330673,1.0,-0.1243394835669327,P2_global_scaling,D2_phase_randomization,,,
confirmatory,10144,history_dependent_relational_mode,VAR_ARX_predictive,0.03490437759108572,0.9971400310771257,1.0,-0.002859968922874323,P5_observation_noise,D6_common_driver_replacement,,,
confirmatory,10145,persistent_shared_mode,correlon_v1,0.26016632361087066,1.0,0.3115959435186006,0.6884040564813994,P1_node_permutation,D7_history_destruction,0.11758312132293589,0.5756482323283356,0.4486994933311717
confirmatory,10145,persistent_shared_mode,pearson,0.17048749225412763,0.9597622657611463,0.6380455598956981,0.3217167058654482,P4_orthogonal_basis_rotation,D6_common_driver_replacement,,,
confirmatory,10145,persistent_shared_mode,mutual_information,0.06472679107311496,0.9672300559125471,0.330754156881402,0.6364758990311451,P5_observation_noise,D6_common_driver_replacement,,,
confirmatory,10145,persistent_shared_mode,largest_covariance_eigenvalue,2.4218877142491895,0.7679740368753524,0.8555542480725576,-0.08758021119720527,P2_global_scaling,D6_common_driver_replacement,,,
confirmatory,10145,persistent_shared_mode,pca_rank1_explained_variance,0.20182397618743256,0.8968042942065289,0.8555542480725573,0.04125004613397154,P2_global_scaling,D6_common_driver_replacement,,,
confirmatory,10145,persistent_shared_mode,spectral_coherence,0.2367263156838126,0.4996659271817604,0.9453313491848611,-0.44566542200310066,P2_global_scaling,D6_common_driver_replacement,,,
confirmatory,10145,persistent_shared_mode,autocorrelation_persistence,0.6806326342584278,0.8626178677135659,1.0,-0.13738213228643414,P7_coarse_graining,D5_source_swap,,,
confirmatory,10145,persistent_shared_mode,linear_CKA,0.16418015266859803,0.3904716444530714,0.4102801098655183,-0.019808465412446907,P2_global_scaling,D6_common_driver_replacement,,,
confirmatory,10145,persistent_shared_mode,VAR_ARX_predictive,0.04170762348436674,0.9864118061667834,0.9614222509950112,0.02498955517177215,P5_observation_noise,D6_common_driver_replacement,,,
confirmatory,10145,direct_coupling_SCM,correlon_v1,0.01437127377442946,0.0,1.0,-1.0,P6_time_reparameterization,D2_phase_randomization,0.022709609142157403,0.009094542693656567,0.058994966445884645
confirmatory,10145,direct_coupling_SCM,pearson,0.062022910405830176,0.9892515656766498,0.9510231210381543,0.03822844463849551,P5_observation_noise,D7_history_destruction,,,
confirmatory,10145,direct_coupling_SCM,mutual_information,0.01168514927387676,0.9843694095090633,0.9774741103345462,0.006895299174517033,P5_observation_noise,D7_history_destruction,,,
confirmatory,10145,direct_coupling_SCM,largest_covariance_eigenvalue,1.4074580291299381,0.8615182822199161,1.0,-0.1384817177800839,P7_coarse_graining,D5_source_swap,,,
confirmatory,10145,direct_coupling_SCM,pca_rank1_explained_variance,0.11728816909416151,0.9911436962507587,1.0,-0.00885630374924129,P5_observation_noise,D5_source_swap,,,
confirmatory,10145,direct_coupling_SCM,spectral_coherence,0.1636628655073946,0.7702269506625954,0.9740366550390335,-0.20380970437643808,P2_global_scaling,D3_IAAFT_surrogate,,,
confirmatory,10145,direct_coupling_SCM,autocorrelation_persistence,0.6051163674371779,0.7876484277200728,1.0,-0.21235157227992718,P7_coarse_graining,D5_source_swap,,,
confirmatory,10145,direct_coupling_SCM,linear_CKA,0.02269494163137437,0.6347110955588259,0.8799842425671311,-0.24527314700830527,P2_global_scaling,D7_history_destruction,,,
confirmatory,10145,direct_coupling_SCM,VAR_ARX_predictive,0.04495700505373712,0.9499275751189379,0.7513397179945225,0.1985878571244154,P2_global_scaling,D2_phase_randomization,,,
confirmatory,10145,history_dependent_relational_mode,correlon_v1,0.05257286411767718,0.0,1.0,-1.0,P6_time_reparameterization,D1_temporal_shuffle,0.033170776183685566,0.08332352629406137,0.08211600459076102
confirmatory,10145,history_dependent_relational_mode,pearson,0.04836842591955094,0.9999999999999997,1.0,-3.3306690738754696e-16,P2_global_scaling,D2_phase_randomization,,,
confirmatory,10145,history_dependent_relational_mode,mutual_information,0.0075639290769240475,0.9999990366115524,1.0,-9.633884475723775e-07,P2_global_scaling,D2_phase_randomization,,,
confirmatory,10145,history_dependent_relational_mode,largest_covariance_eigenvalue,1.495681109909609,0.8468169221658214,1.0,-0.15318307783417862,P7_coarse_graining,D7_history_destruction,,,
confirmatory,10145,history_dependent_relational_mode,pca_rank1_explained_variance,0.12464009249246745,0.9999999999999999,1.0,-1.1102230246251565e-16,P4_orthogonal_basis_rotation,D7_history_destruction,,,
confirmatory,10145,history_dependent_relational_mode,spectral_coherence,0.16972947668832902,0.8220526150503054,0.8502060895816442,-0.028153474531338873,P6_time_reparameterization,D4_edge_cutting,,,
confirmatory,10145,history_dependent_relational_mode,autocorrelation_persistence,0.6147278307194582,0.808066373491606,0.9983014790152936,-0.1902351055236876,P7_coarse_graining,D2_phase_randomization,,,
confirmatory,10145,history_dependent_relational_mode,linear_CKA,0.013581306473483039,0.9500707657849086,1.0,-0.049929234215091434,P2_global_scaling,D2_phase_randomization,,,
confirmatory,10145,history_dependent_relational_mode,VAR_ARX_predictive,0.03456968281427186,0.9469078022613487,0.9870297752399166,-0.0401219729785679,P5_observation_noise,D2_phase_randomization,,,
confirmatory,10146,persistent_shared_mode,correlon_v1,0.31351272628790106,0.9999999999999932,0.4351712699199281,0.5648287300800652,P4_orthogonal_basis_rotation,D6_common_driver_replacement,0.17258252236855942,0.5695259763011703,0.48980955139817195
confirmatory,10146,persistent_shared_mode,pearson,0.19339816921226094,0.8636611388425721,0.6943289922378486,0.1693321466047235,P4_orthogonal_basis_rotation,D6_common_driver_replacement,,,
confirmatory,10146,persistent_shared_mode,mutual_information,0.07596322305889103,0.96531902271034,0.39451512897720276,0.5708038937331372,P5_observation_noise,D6_common_driver_replacement,,,
confirmatory,10146,persistent_shared_mode,largest_covariance_eigenvalue,2.690062273929767,0.9529657438759457,0.8862142136279322,0.0667515302480135,P7_coarse_graining,D6_common_driver_replacement,,,
confirmatory,10146,persistent_shared_mode,pca_rank1_explained_variance,0.22417185616081378,0.9889815226067685,0.8862142136279328,0.10276730897883568,P5_observation_noise,D6_common_driver_replacement,,,
confirmatory,10146,persistent_shared_mode,spectral_coherence,0.1966847593499482,0.6382303992003602,1.0,-0.3617696007996398,P2_global_scaling,D6_common_driver_replacement,,,
confirmatory,10146,persistent_shared_mode,autocorrelation_persistence,0.6954252001498226,0.8888068228772982,0.9986686365983084,-0.10986181372101023,P7_coarse_graining,D2_phase_randomization,,,
confirmatory,10146,persistent_shared_mode,linear_CKA,0.20485385578552748,0.5227162910308539,0.4860155438212135,0.03670074720964045,P2_global_scaling,D6_common_driver_replacement,,,
confirmatory,10146,persistent_shared_mode,VAR_ARX_predictive,0.0441941856135179,0.9487892778793645,0.8715166225932949,0.07727265528606964,P2_global_scaling,D6_common_driver_replacement,,,
confirmatory,10146,direct_coupling_SCM,correlon_v1,0.023778754599772033,0.0,1.0,-1.0,P6_time_reparameterization,D1_temporal_shuffle,0.018520711485351365,0.030529559880212803,0.12157623063458656
confirmatory,10146,direct_coupling_SCM,pearson,0.07192650768520517,0.9754523601092219,0.9061585163916948,0.06929384371752711,P4_orthogonal_basis_rotation,D6_common_driver_replacement,,,
confirmatory,10146,direct_coupling_SCM,mutual_information,0.015247955027998139,0.9782068532539323,0.7960487598737043,0.18215809338022804,P5_observation_noise,D4_edge_cutting,,,
confirmatory,10146,direct_coupling_SCM,largest_covariance_eigenvalue,1.5215251903198936,0.855730586393463,1.0,-0.144269413606537,P7_coarse_graining,D6_common_driver_replacement,,,
confirmatory,10146,direct_coupling_SCM,pca_rank1_explained_variance,0.12679376585999116,0.9881155563674907,1.0,-0.01188444363250929,P5_observation_noise,D6_common_driver_replacement,,,
confirmatory,10146,direct_coupling_SCM,spectral_coherence,0.16808273300356943,0.6763835651394672,0.9835026560482548,-0.30711909090878764,P6_time_reparameterization,D6_common_driver_replacement,,,
confirmatory,10146,direct_coupling_SCM,autocorrelation_persistence,0.593461477727471,0.7856946611407527,1.0,-0.2143053388592473,P7_coarse_graining,D2_phase_randomization,,,
confirmatory,10146,direct_coupling_SCM,linear_CKA,0.03021169308749968,0.9675871719002385,0.8272200165879902,0.1403671553122483,P5_observation_noise,D6_common_driver_replacement,,,
confirmatory,10146,direct_coupling_SCM,VAR_ARX_predictive,0.05295613811150218,0.9671599744380968,0.6823047202211872,0.2848552542169096,P6_time_reparameterization,D1_temporal_shuffle,,,
confirmatory,10146,history_dependent_relational_mode,correlon_v1,0.07870607194211567,0.0,1.0,-1.0,P7_coarse_graining,D6_common_driver_replacement,0.050679346918146476,0.12223215446249969,0.011380223093245878
confirmatory,10146,history_dependent_relational_mode,pearson,0.058099955705650436,0.9958529467693105,1.0,-0.004147053230689535,P4_orthogonal_basis_rotation,D3_IAAFT_surrogate,,,
confirmatory,10146,history_dependent_relational_mode,mutual_information,0.009815857611735868,0.9999999709816111,1.0,-2.901838891400388e-08,P2_global_scaling,D3_IAAFT_surrogate,,,
confirmatory,10146,history_dependent_relational_mode,largest_covariance_eigenvalue,1.4499006199500288,0.8562459236154227,1.0,-0.14375407638457727,P7_coarse_graining,D5_source_swap,,,
confirmatory,10146,history_dependent_relational_mode,pca_rank1_explained_variance,0.12082505166250244,0.9999999999999997,1.0,-3.3306690738754696e-16,P4_orthogonal_basis_rotation,D5_source_swap,,,
confirmatory,10146,history_dependent_relational_mode,spectral_coherence,0.14954840328196373,0.9237402255871924,1.0,-0.07625977441280762,P2_global_scaling,D6_common_driver_replacement,,,
confirmatory,10146,history_dependent_relational_mode,autocorrelation_persistence,0.6055855203051018,0.7996193738345755,0.9979845519381505,-0.198365178103575,P7_coarse_graining,D2_phase_randomization,,,
confirmatory,10146,history_dependent_relational_mode,linear_CKA,0.01974774561717035,0.7699035581679745,1.0,-0.2300964418320255,P2_global_scaling,D3_IAAFT_surrogate,,,
confirmatory,10146,history_dependent_relational_mode,VAR_ARX_predictive,0.03442225665329757,0.9425942199649069,1.0,-0.05740578003509311,P2_global_scaling,D7_history_destruction,,,
confirmatory,10147,persistent_shared_mode,correlon_v1,0.2107203222278927,0.8998146727430992,1.0,-0.10018532725690077,P5_observation_noise,D6_common_driver_replacement,0.09102255913804634,0.4878247175239768,0.3067656651270851
confirmatory,10147,persistent_shared_mode,pearson,0.15382913816734964,0.9210167120216309,0.6280940892628506,0.29292262275878034,P4_orthogonal_basis_rotation,D6_common_driver_replacement,,,
confirmatory,10147,persistent_shared_mode,mutual_information,0.05908644826737319,0.9917786620460304,0.37055155827363445,0.621227103772396,P5_observation_noise,D6_common_driver_replacement,,,
confirmatory,10147,persistent_shared_mode,largest_covariance_eigenvalue,2.227805463160049,0.9514024027511068,0.8699159519379778,0.081486450813129,P7_coarse_graining,D5_source_swap,,,
confirmatory,10147,persistent_shared_mode,pca_rank1_explained_variance,0.18565045526333745,0.9997247166432677,0.8699159519379779,0.1298087647052898,P5_observation_noise,D5_source_swap,,,
confirmatory,10147,persistent_shared_mode,spectral_coherence,0.21275439822784387,0.5701241955127532,0.9499428514871359,-0.3798186559743827,P2_global_scaling,D6_common_driver_replacement,,,
confirmatory,10147,persistent_shared_mode,autocorrelation_persistence,0.6840594530910488,0.8309422276964326,1.0,-0.16905777230356744,P7_coarse_graining,D5_source_swap,,,
confirmatory,10147,persistent_shared_mode,linear_CKA,0.1343940564489428,0.3204111168504451,0.4056265561608227,-0.08521543931037762,P2_global_scaling,D6_common_driver_replacement,,,
confirmatory,10147,persistent_shared_mode,VAR_ARX_predictive,0.03957397580930255,0.8952533488378951,1.0,-0.10474665116210491,P2_global_scaling,D6_common_driver_replacement,,,
confirmatory,10147,direct_coupling_SCM,correlon_v1,0.10387116498483863,0.3168686117909175,0.24978589945786475,0.06708271233305277,P6_time_reparameterization,D6_common_driver_replacement,0.03897516516438648,0.27682291710122636,0.07700825507747211
confirmatory,10147,direct_coupling_SCM,pearson,0.06793816974175984,0.9802904188026954,0.9774978259814177,0.0027925928212777507,P5_observation_noise,D2_phase_randomization,,,
confirmatory,10147,direct_coupling_SCM,mutual_information,0.012068280057644265,0.9564578506709428,1.0,-0.0435421493290572,P5_observation_noise,D2_phase_randomization,,,
confirmatory,10147,direct_coupling_SCM,largest_covariance_eigenvalue,1.6714206939894685,0.9069554673198529,0.9506262752469883,-0.0436708079271354,P7_coarse_graining,D8_block_shuffle,,,
confirmatory,10147,direct_coupling_SCM,pca_rank1_explained_variance,0.1392850578324558,0.9937681146138343,0.9506262752469881,0.043141839366846235,P5_observation_noise,D8_block_shuffle,,,
confirmatory,10147,direct_coupling_SCM,spectral_coherence,0.1859943380828502,0.9169047993461958,0.8091392273935925,0.10776557195260339,P2_global_scaling,D1_temporal_shuffle,,,
confirmatory,10147,direct_coupling_SCM,autocorrelation_persistence,0.620615327401367,0.8090562090096972,0.9979271890502488,-0.18887098004055158,P7_coarse_graining,D2_phase_randomization,,,
confirmatory,10147,direct_coupling_SCM,linear_CKA,0.02650692115853873,0.9617234482592747,0.9806207611095815,-0.018897312850306824,P5_observation_noise,D2_phase_randomization,,,
confirmatory,10147,direct_coupling_SCM,VAR_ARX_predictive,0.04919809016841231,0.9938886635626883,0.8283266213453371,0.16556204221735127,P5_observation_noise,D5_source_swap,,,
confirmatory,10147,history_dependent_relational_mode,correlon_v1,0.0,0.0,1.0,-1.0,P1_node_permutation,D1_temporal_shuffle,0.02838183783229266,-0.08700854146615708,0.034466828308774344
confirmatory,10147,history_dependent_relational_mode,pearson,0.06999829048238629,0.9850645122049142,1.0,-0.0149354877950858,P5_observation_noise,D5_source_swap,,,
confirmatory,10147,history_dependent_relational_mode,mutual_information,0.015493654913800947,0.9704279291173389,0.9692143001493633,0.0012136289679756107,P5_observation_noise,D5_source_swap,,,
confirmatory,10147,history_dependent_relational_mode,largest_covariance_eigenvalue,1.4466721718775528,0.8770426703594243,1.0,-0.12295732964057571,P7_coarse_graining,D5_source_swap,,,
confirmatory,10147,history_dependent_relational_mode,pca_rank1_explained_variance,0.12055601432312939,0.9918986819179139,1.0,-0.00810131808208614,P5_observation_noise,D5_source_swap,,,
confirmatory,10147,history_dependent_relational_mode,spectral_coherence,0.1615230070846539,0.7896352988122175,1.0,-0.2103647011877825,P6_time_reparameterization,D2_phase_randomization,,,
confirmatory,10147,history_dependent_relational_mode,autocorrelation_persistence,0.6083724966405085,0.816057342867418,1.0,-0.18394265713258195,P7_coarse_graining,D5_source_swap,,,
confirmatory,10147,history_dependent_relational_mode,linear_CKA,0.02865137078444727,0.5554645678687439,1.0,-0.4445354321312561,P2_global_scaling,D5_source_swap,,,
confirmatory,10147,history_dependent_relational_mode,VAR_ARX_predictive,0.03760085955821424,0.9705132676729494,0.9688274844329481,0.0016857832400013484,P5_observation_noise,D8_block_shuffle,,,
confirmatory,10148,persistent_shared_mode,correlon_v1,0.3533797027851437,0.9504672710575446,0.954215956370956,-0.0037486853134114373,P6_time_reparameterization,D6_common_driver_replacement,0.16456426142943265,0.7588355652424904,0.5526542819052244
confirmatory,10148,persistent_shared_mode,pearson,0.23299486243592352,0.9361455281045051,0.7220163827531965,0.21412914535130867,P4_orthogonal_basis_rotation,D6_common_driver_replacement,,,
confirmatory,10148,persistent_shared_mode,mutual_information,0.07685755719455944,0.9848318175562544,0.46484232523123453,0.5199894923250199,P5_observation_noise,D6_common_driver_replacement,,,
confirmatory,10148,persistent_shared_mode,largest_covariance_eigenvalue,3.233935002132212,0.9657784556264892,0.8558390846177889,0.10993937100870033,P7_coarse_graining,D6_common_driver_replacement,,,
confirmatory,10148,persistent_shared_mode,pca_rank1_explained_variance,0.2694945835110177,0.9894868555911959,0.8558390846177886,0.1336477709734073,P5_observation_noise,D6_common_driver_replacement,,,
confirmatory,10148,persistent_shared_mode,spectral_coherence,0.21782520038993083,0.9176438075546727,1.0,-0.08235619244532733,P2_global_scaling,D6_common_driver_replacement,,,
confirmatory,10148,persistent_shared_mode,autocorrelation_persistence,0.7092588032801949,0.8765282902206177,0.9979210588471564,-0.1213927686265387,P7_coarse_graining,D2_phase_randomization,,,
confirmatory,10148,persistent_shared_mode,linear_CKA,0.2763329235850484,0.9218768318845443,0.5416060432802616,0.38027078860428265,P2_global_scaling,D6_common_driver_replacement,,,
confirmatory,10148,persistent_shared_mode,VAR_ARX_predictive,0.04604506260131552,0.9873379748156275,1.0,-0.012662025184372538,P6_time_reparameterization,D6_common_driver_replacement,,,
confirmatory,10148,direct_coupling_SCM,correlon_v1,0.0,0.0,1.0,-1.0,P1_node_permutation,D6_common_driver_replacement,0.019343063436562058,-0.04425598693678119,-0.04912344425999954
confirmatory,10148,direct_coupling_SCM,pearson,0.07580282069307519,0.9999999999999998,0.9509085383470708,0.04909146165292899,P3_affine_offset,D2_phase_randomization,,,
confirmatory,10148,direct_coupling_SCM,mutual_information,0.014607812809748988,0.9999993041879722,1.0,-6.95812027773357e-07,P2_global_scaling,D2_phase_randomization,,,
confirmatory,10148,direct_coupling_SCM,largest_covariance_eigenvalue,1.7419059836822237,0.8759325501594881,1.0,-0.12406744984051188,P7_coarse_graining,D7_history_destruction,,,
confirmatory,10148,direct_coupling_SCM,pca_rank1_explained_variance,0.1451588319735186,0.9915818415516136,1.0,-0.008418158448386448,P5_observation_noise,D7_history_destruction,,,
confirmatory,10148,direct_coupling_SCM,spectral_coherence,0.10706769155504242,1.0,1.0,0.0,P1_node_permutation,D1_temporal_shuffle,,,
confirmatory,10148,direct_coupling_SCM,autocorrelation_persistence,0.6179676374216737,0.7997508654299058,0.9986399594121511,-0.1988890939822453,P7_coarse_graining,D2_phase_randomization,,,
confirmatory,10148,direct_coupling_SCM,linear_CKA,0.03292927081013562,0.42992082827739914,0.92200967334082,-0.4920888450634208,P2_global_scaling,D2_phase_randomization,,,
confirmatory,10148,direct_coupling_SCM,VAR_ARX_predictive,0.05366608399925438,0.9425608980280507,0.6847089710415079,0.2578519269865428,P2_global_scaling,D6_common_driver_replacement,,,
confirmatory,10148,history_dependent_relational_mode,correlon_v1,0.0,0.0,1.0,-1.0,P1_node_permutation,D1_temporal_shuffle,-0.009086837445699977,0.09975164104074818,0.02676920170083391
confirmatory,10148,history_dependent_relational_mode,pearson,0.0689264890391701,0.9999999999999996,0.9733984576662461,0.026601542333753447,P2_global_scaling,D2_phase_randomization,,,
confirmatory,10148,history_dependent_relational_mode,mutual_information,0.015442753454849245,0.9999991166596695,0.849343630677439,0.15065548598223044,P2_global_scaling,D4_edge_cutting,,,
confirmatory,10148,history_dependent_relational_mode,largest_covariance_eigenvalue,1.387385780920273,0.8675152746978799,1.0,-0.13248472530212008,P7_coarse_graining,D2_phase_randomization,,,
confirmatory,10148,history_dependent_relational_mode,pca_rank1_explained_variance,0.11561548174335606,1.0,1.0,0.0,P1_node_permutation,D2_phase_randomization,,,
confirmatory,10148,history_dependent_relational_mode,spectral_coherence,0.12942043513087534,0.9104973528964683,1.0,-0.08950264710353173,P2_global_scaling,D1_temporal_shuffle,,,
confirmatory,10148,history_dependent_relational_mode,autocorrelation_persistence,0.6116805102488237,0.8005921889963667,1.0,-0.19940781100363325,P7_coarse_graining,D5_source_swap,,,
confirmatory,10148,history_dependent_relational_mode,linear_CKA,0.027917709507437743,0.5239660163742791,0.9399011626285882,-0.41593514625430916,P2_global_scaling,D2_phase_randomization,,,
confirmatory,10148,history_dependent_relational_mode,VAR_ARX_predictive,0.03588557102066059,0.9992977105075127,1.0,-0.0007022894924872958,P6_time_reparameterization,D2_phase_randomization,,,
confirmatory,10149,persistent_shared_mode,correlon_v1,0.42248872336399684,0.9208292179607172,1.0,-0.07917078203928285,P6_time_reparameterization,D6_common_driver_replacement,0.21529099209958044,0.8290951684925962,0.5499930389103553
confirmatory,10149,persistent_shared_mode,pearson,0.22654502330494292,0.8672502101362328,0.8123967315286723,0.05485347860756051,P4_orthogonal_basis_rotation,D6_common_driver_replacement,,,
confirmatory,10149,persistent_shared_mode,mutual_information,0.0752810570429221,0.9897639103844112,0.5929346403375659,0.3968292700468453,P5_observation_noise,D6_common_driver_replacement,,,
confirmatory,10149,persistent_shared_mode,largest_covariance_eigenvalue,3.1289017114040742,0.9624046169680985,0.9127037785184771,0.049700838449621476,P7_coarse_graining,D6_common_driver_replacement,,,
confirmatory,10149,persistent_shared_mode,pca_rank1_explained_variance,0.2607418092836729,0.9957608535456104,0.9127037785184771,0.08305707502713333,P5_observation_noise,D6_common_driver_replacement,,,
confirmatory,10149,persistent_shared_mode,spectral_coherence,0.2582338217928807,0.7708092644798182,1.0,-0.22919073552018177,P2_global_scaling,D6_common_driver_replacement,,,
confirmatory,10149,persistent_shared_mode,autocorrelation_persistence,0.7116536363322056,0.8881442154522591,0.9968226808592917,-0.10867846540703263,P7_coarse_graining,D2_phase_randomization,,,
confirmatory,10149,persistent_shared_mode,linear_CKA,0.2679141492171953,0.7779743167210705,0.6668422060032605,0.11113211071781004,P2_global_scaling,D6_common_driver_replacement,,,
confirmatory,10149,persistent_shared_mode,VAR_ARX_predictive,0.05345728749963419,0.999999999999999,0.7967446776869705,0.20325532231302845,P1_node_permutation,D6_common_driver_replacement,,,
confirmatory,10149,direct_coupling_SCM,correlon_v1,0.0,0.0,1.0,-1.0,P1_node_permutation,D6_common_driver_replacement,-0.02353768857889378,-0.03232050558229659,-0.04365775373430597
confirmatory,10149,direct_coupling_SCM,pearson,0.07002618004621679,0.9999059121240416,1.0,-9.408787595843737e-05,P5_observation_noise,D6_common_driver_replacement,,,
confirmatory,10149,direct_coupling_SCM,mutual_information,0.01465581431496299,0.9999996635410058,0.962841414138945,0.037158249402060806,P2_global_scaling,D3_IAAFT_surrogate,,,
confirmatory,10149,direct_coupling_SCM,largest_covariance_eigenvalue,1.4689052067036328,0.8767287605226568,1.0,-0.1232712394773432,P7_coarse_graining,D5_source_swap,,,
confirmatory,10149,direct_coupling_SCM,pca_rank1_explained_variance,0.12240876722530275,0.9881207909393431,1.0,-0.01187920906065687,P5_observation_noise,D5_source_swap,,,
confirmatory,10149,direct_coupling_SCM,spectral_coherence,0.15659977508477907,0.8064437015032803,1.0,-0.19355629849671974,P2_global_scaling,D6_common_driver_replacement,,,
confirmatory,10149,direct_coupling_SCM,autocorrelation_persistence,0.6070288412204955,0.7875766345286076,1.0,-0.2124233654713924,P7_coarse_graining,D5_source_swap,,,
confirmatory,10149,direct_coupling_SCM,linear_CKA,0.028658813322788784,0.6388605920590323,1.0,-0.36113940794096766,P2_global_scaling,D6_common_driver_replacement,,,
confirmatory,10149,direct_coupling_SCM,VAR_ARX_predictive,0.044653374025173664,0.8676242850624425,0.8278415008354393,0.03978278422700321,P2_global_scaling,D6_common_driver_replacement,,,
confirmatory,10149,history_dependent_relational_mode,correlon_v1,0.05982461270778537,0.0,0.9356469849690527,-0.9356469849690527,P6_time_reparameterization,D6_common_driver_replacement,0.009975780498367032,0.3587673451939295,0.055968530265516736
confirmatory,10149,history_dependent_relational_mode,pearson,0.059671688908612776,0.9819144440120513,1.0,-0.018085555987948698,P5_observation_noise,D5_source_swap,,,
confirmatory,10149,history_dependent_relational_mode,mutual_information,0.010215101082223565,0.9469239103084648,1.0,-0.05307608969153521,P5_observation_noise,D5_source_swap,,,
confirmatory,10149,history_dependent_relational_mode,largest_covariance_eigenvalue,1.6189934399365402,0.8840187298714636,1.0,-0.11598127012853643,P7_coarse_graining,D8_block_shuffle,,,
confirmatory,10149,history_dependent_relational_mode,pca_rank1_explained_variance,0.13491611999471168,0.9997973857366054,1.0,-0.0002026142633946293,P5_observation_noise,D8_block_shuffle,,,
confirmatory,10149,history_dependent_relational_mode,spectral_coherence,0.10787855582765689,0.9827986633545963,1.0,-0.017201336645403686,P2_global_scaling,D1_temporal_shuffle,,,
confirmatory,10149,history_dependent_relational_mode,autocorrelation_persistence,0.6255647170486547,0.8260005296450932,1.0,-0.17399947035490682,P7_coarse_graining,D3_IAAFT_surrogate,,,
confirmatory,10149,history_dependent_relational_mode,linear_CKA,0.020505026867908154,0.966045636035602,1.0,-0.03395436396439799,P5_observation_noise,D5_source_swap,,,
confirmatory,10149,history_dependent_relational_mode,VAR_ARX_predictive,0.0321464666956357,0.9857338123914238,1.0,-0.01426618760857623,P5_observation_noise,D3_IAAFT_surrogate,,,
confirmatory,10150,persistent_shared_mode,correlon_v1,0.4527518257826108,0.9425445967626169,0.9314444847197263,0.01110011204289063,P6_time_reparameterization,D6_common_driver_replacement,0.24294365197475634,0.8437520967651666,0.5774233627987224
confirmatory,10150,persistent_shared_mode,pearson,0.22112117663223643,0.9031856024621606,0.7461198527229188,0.1570657497392418,P4_orthogonal_basis_rotation,D6_common_driver_replacement,,,
confirmatory,10150,persistent_shared_mode,mutual_information,0.06996551014014807,0.972701370051357,0.4930511692381069,0.47965020081325016,P5_observation_noise,D6_common_driver_replacement,,,
confirmatory,10150,persistent_shared_mode,largest_covariance_eigenvalue,3.1001941340916632,0.9508183698378957,0.8819440656265127,0.06887430421138296,P6_time_reparameterization,D6_common_driver_replacement,,,
confirmatory,10150,persistent_shared_mode,pca_rank1_explained_variance,0.2583495111743052,0.9888759767389041,0.8819440656265133,0.10693191111239086,P5_observation_noise,D6_common_driver_replacement,,,
confirmatory,10150,persistent_shared_mode,spectral_coherence,0.270111128138147,0.55676300378226,1.0,-0.44323699621774004,P2_global_scaling,D6_common_driver_replacement,,,
confirmatory,10150,persistent_shared_mode,autocorrelation_persistence,0.7106976619620697,0.8816990363356347,0.99855756605028,-0.11685852971464528,P7_coarse_graining,D2_phase_randomization,,,
confirmatory,10150,persistent_shared_mode,linear_CKA,0.25572656663101606,0.3798052600235673,0.5649606291613727,-0.1851553691378054,P2_global_scaling,D6_common_driver_replacement,,,
confirmatory,10150,persistent_shared_mode,VAR_ARX_predictive,0.04902733271642079,0.8784803139830182,0.8471672452296479,0.031313068753370255,P2_global_scaling,D6_common_driver_replacement,,,
confirmatory,10150,direct_coupling_SCM,correlon_v1,0.028992500852317343,0.0,1.0,-1.0,P5_observation_noise,D4_edge_cutting,0.0029435729273187133,0.28555946342300703,0.09233260681284822
confirmatory,10150,direct_coupling_SCM,pearson,0.07601520532358524,0.9486508832308791,1.0,-0.051349116769120906,P4_orthogonal_basis_rotation,D8_block_shuffle,,,
confirmatory,10150,direct_coupling_SCM,mutual_information,0.015593988085883081,0.9564480466188648,1.0,-0.043551953381135156,P5_observation_noise,D5_source_swap,,,
confirmatory,10150,direct_coupling_SCM,largest_covariance_eigenvalue,1.6102833142987796,0.8644417067844175,1.0,-0.13555829321558255,P7_coarse_graining,D6_common_driver_replacement,,,
confirmatory,10150,direct_coupling_SCM,pca_rank1_explained_variance,0.13419027619156498,0.9941263780601185,1.0,-0.0058736219398815015,P5_observation_noise,D6_common_driver_replacement,,,
confirmatory,10150,direct_coupling_SCM,spectral_coherence,0.1791614730839263,0.7192977350914875,0.980811170297466,-0.2615134352059785,P2_global_scaling,D6_common_driver_replacement,,,
confirmatory,10150,direct_coupling_SCM,autocorrelation_persistence,0.6190969113330749,0.7985346924624012,1.0,-0.20146530753759884,P7_coarse_graining,D5_source_swap,,,
confirmatory,10150,direct_coupling_SCM,linear_CKA,0.033586980040215424,0.8065362536928878,1.0,-0.19346374630711216,P2_global_scaling,D8_block_shuffle,,,
confirmatory,10150,direct_coupling_SCM,VAR_ARX_predictive,0.05506122400771646,0.9960220790455909,0.6601879138901493,0.3358341651554416,P5_observation_noise,D5_source_swap,,,
confirmatory,10150,history_dependent_relational_mode,correlon_v1,0.014625440969731864,0.0,1.0,-1.0,P5_observation_noise,D2_phase_randomization,0.00836464625080939,0.02557233350285594,0.11099291244007387
confirmatory,10150,history_dependent_relational_mode,pearson,0.08245187669106717,0.9849727098166356,0.9215414063855374,0.06343130343109826,P4_orthogonal_basis_rotation,D5_source_swap,,,
confirmatory,10150,history_dependent_relational_mode,mutual_information,0.018183237690967746,0.9999985846554442,0.9328276953101227,0.06717088934532156,P2_global_scaling,D3_IAAFT_surrogate,,,
confirmatory,10150,history_dependent_relational_mode,largest_covariance_eigenvalue,1.5981518648023305,0.8901901952471517,1.0,-0.1098098047528483,P7_coarse_graining,D5_source_swap,,,
confirmatory,10150,history_dependent_relational_mode,pca_rank1_explained_variance,0.1331793220668609,0.9999999999999998,1.0,-2.220446049250313e-16,P4_orthogonal_basis_rotation,D5_source_swap,,,
confirmatory,10150,history_dependent_relational_mode,spectral_coherence,0.15451021943897578,0.8399154158293055,1.0,-0.1600845841706945,P2_global_scaling,D6_common_driver_replacement,,,
confirmatory,10150,history_dependent_relational_mode,autocorrelation_persistence,0.6110224327307966,0.8200249314209477,1.0,-0.17997506857905232,P7_coarse_graining,D5_source_swap,,,
confirmatory,10150,history_dependent_relational_mode,linear_CKA,0.039900880555458124,0.5594810652612314,0.8276876043013489,-0.2682065390401175,P2_global_scaling,D5_source_swap,,,
confirmatory,10150,history_dependent_relational_mode,VAR_ARX_predictive,0.03054534581403462,0.8908121880580163,1.0,-0.10918781194198368,P2_global_scaling,D2_phase_randomization,,,
confirmatory,10151,persistent_shared_mode,correlon_v1,0.38982413751135936,1.0,0.9385564284228302,0.06144357157716984,P1_node_permutation,D6_common_driver_replacement,0.22527799879902022,0.6745570317412466,0.5528855943021734
confirmatory,10151,persistent_shared_mode,pearson,0.25295912505617923,0.8342364702359725,0.7147723524639021,0.11946411777207033,P4_orthogonal_basis_rotation,D6_common_driver_replacement,,,
confirmatory,10151,persistent_shared_mode,mutual_information,0.0866975217316609,0.9935426466488766,0.47517969540560423,0.5183629512432724,P5_observation_noise,D6_common_driver_replacement,,,
confirmatory,10151,persistent_shared_mode,largest_covariance_eigenvalue,3.4315125014976333,0.9678861871711106,0.8317636629747406,0.13612252419637005,P7_coarse_graining,D6_common_driver_replacement,,,
confirmatory,10151,persistent_shared_mode,pca_rank1_explained_variance,0.28595937512480285,0.9999999999999994,0.8317636629747404,0.1682363370252591,P3_affine_offset,D6_common_driver_replacement,,,
confirmatory,10151,persistent_shared_mode,spectral_coherence,0.2352808470428717,0.7781244304324553,1.0,-0.22187556956754473,P2_global_scaling,D6_common_driver_replacement,,,
confirmatory,10151,persistent_shared_mode,autocorrelation_persistence,0.7041957961616082,0.8899048168449745,0.9989389254061579,-0.10903410856118345,P7_coarse_graining,D2_phase_randomization,,,
confirmatory,10151,persistent_shared_mode,linear_CKA,0.3183382099929086,0.7384233473511759,0.5411245745576657,0.19729877279351016,P2_global_scaling,D6_common_driver_replacement,,,
confirmatory,10151,persistent_shared_mode,VAR_ARX_predictive,0.05024295873226259,0.9721575959705494,0.7740384666312939,0.19811912933925546,P5_observation_noise,D6_common_driver_replacement,,,
confirmatory,10151,direct_coupling_SCM,correlon_v1,0.0,0.0,1.0,-1.0,P1_node_permutation,D1_temporal_shuffle,0.040095888740096425,-0.012156248553269869,-0.04349199630520423
confirmatory,10151,direct_coupling_SCM,pearson,0.06362867338837534,0.9879869826901636,1.0,-0.012013017309836393,P4_orthogonal_basis_rotation,D8_block_shuffle,,,
confirmatory,10151,direct_coupling_SCM,mutual_information,0.010747858116457287,0.9999996150246193,1.0,-3.8497538068504866e-07,P2_global_scaling,D3_IAAFT_surrogate,,,
confirmatory,10151,direct_coupling_SCM,largest_covariance_eigenvalue,1.502218643236904,0.8746879438047066,1.0,-0.1253120561952934,P7_coarse_graining,D5_source_swap,,,
confirmatory,10151,direct_coupling_SCM,pca_rank1_explained_variance,0.12518488693640864,1.0,1.0,0.0,P1_node_permutation,D5_source_swap,,,
confirmatory,10151,direct_coupling_SCM,spectral_coherence,0.12674318508744303,0.8922712427592357,1.0,-0.10772875724076425,P5_observation_noise,D1_temporal_shuffle,,,
confirmatory,10151,direct_coupling_SCM,autocorrelation_persistence,0.6124964042581408,0.7920524837811472,0.9980683332382606,-0.20601584945711338,P7_coarse_graining,D2_phase_randomization,,,
confirmatory,10151,direct_coupling_SCM,linear_CKA,0.023735937857573584,0.840898037553969,1.0,-0.15910196244603103,P2_global_scaling,D8_block_shuffle,,,
confirmatory,10151,direct_coupling_SCM,VAR_ARX_predictive,0.05380324576173312,0.903669952071322,0.6504447743376758,0.25322517773364617,P2_global_scaling,D8_block_shuffle,,,
confirmatory,10151,history_dependent_relational_mode,correlon_v1,0.0,0.0,1.0,-1.0,P1_node_permutation,D6_common_driver_replacement,-0.025174370292642245,-0.08769720438624533,-0.005495578519563227
confirmatory,10151,history_dependent_relational_mode,pearson,0.0724064458476065,0.9759300697066394,1.0,-0.024069930293360575,P4_orthogonal_basis_rotation,D2_phase_randomization,,,
confirmatory,10151,history_dependent_relational_mode,mutual_information,0.014492723259666551,0.9944726671270092,1.0,-0.005527332872990787,P5_observation_noise,D2_phase_randomization,,,
confirmatory,10151,history_dependent_relational_mode,largest_covariance_eigenvalue,1.592511515885994,0.8683131372858268,0.9622960291033555,-0.09398289181752872,P7_coarse_graining,D7_history_destruction,,,
confirmatory,10151,history_dependent_relational_mode,pca_rank1_explained_variance,0.13270929299049952,0.9979888003952645,0.9622960291033554,0.035692771291909065,P5_observation_noise,D7_history_destruction,,,
confirmatory,10151,history_dependent_relational_mode,spectral_coherence,0.16231664461711828,0.6675617689476155,1.0,-0.33243823105238446,P6_time_reparameterization,D6_common_driver_replacement,,,
confirmatory,10151,history_dependent_relational_mode,autocorrelation_persistence,0.601274071085396,0.8323272966679721,1.0,-0.16767270333202788,P7_coarse_graining,D5_source_swap,,,
confirmatory,10151,history_dependent_relational_mode,linear_CKA,0.030245869546161326,0.9210205970166734,1.0,-0.07897940298332662,P2_global_scaling,D2_phase_randomization,,,
confirmatory,10151,history_dependent_relational_mode,VAR_ARX_predictive,0.0345433585791472,0.9999999999999984,0.9942664548420445,0.00573354515795399,P1_node_permutation,D5_source_swap,,,
confirmatory,10152,persistent_shared_mode,correlon_v1,0.27854156347316344,0.3079001888978682,1.0,-0.6920998111021318,P6_time_reparameterization,D6_common_driver_replacement,0.13335063355898838,0.5818150278810188,0.4431218325960774
confirmatory,10152,persistent_shared_mode,pearson,0.1644222942227936,0.9388846920191436,0.7918756351266246,0.14700905689251897,P4_orthogonal_basis_rotation,D6_common_driver_replacement,,,
confirmatory,10152,persistent_shared_mode,mutual_information,0.05261933904113869,0.997062470248001,0.5571576804971584,0.4399047897508426,P5_observation_noise,D6_common_driver_replacement,,,
confirmatory,10152,persistent_shared_mode,largest_covariance_eigenvalue,2.4461663827078426,0.9462255851309882,0.9197311031953599,0.02649448193562831,P6_time_reparameterization,D6_common_driver_replacement,,,
confirmatory,10152,persistent_shared_mode,pca_rank1_explained_variance,0.20384719855898686,0.9942458467898384,0.9197311031953601,0.0745147435944783,P5_observation_noise,D6_common_driver_replacement,,,
confirmatory,10152,persistent_shared_mode,spectral_coherence,0.22113117491598083,0.9678818597545202,1.0,-0.032118140245479765,P5_observation_noise,D6_common_driver_replacement,,,
confirmatory,10152,persistent_shared_mode,autocorrelation_persistence,0.6763181870381851,0.8707380574663514,1.0,-0.12926194253364864,P7_coarse_graining,D5_source_swap,,,
confirmatory,10152,persistent_shared_mode,linear_CKA,0.15208436082339774,0.9894793030735135,0.63064844953551,0.3588308535380035,P5_observation_noise,D6_common_driver_replacement,,,
confirmatory,10152,persistent_shared_mode,VAR_ARX_predictive,0.04716387474543299,0.9549806716260341,0.952260629054007,0.0027200425720270704,P5_observation_noise,D6_common_driver_replacement,,,
confirmatory,10152,direct_coupling_SCM,correlon_v1,0.0,0.0,1.0,-1.0,P1_node_permutation,D5_source_swap,0.007183491975805825,-0.09590673287648283,-0.09377594121117813
confirmatory,10152,direct_coupling_SCM,pearson,0.0707387012050133,0.9764424910634584,1.0,-0.023557508936541627,P4_orthogonal_basis_rotation,D5_source_swap,,,
confirmatory,10152,direct_coupling_SCM,mutual_information,0.014441415424704562,0.9999995598289297,0.9594154801186214,0.04058407971030831,P2_global_scaling,D5_source_swap,,,
confirmatory,10152,direct_coupling_SCM,largest_covariance_eigenvalue,1.5457600130116673,0.8769730686313669,1.0,-0.12302693136863307,P7_coarse_graining,D5_source_swap,,,
confirmatory,10152,direct_coupling_SCM,pca_rank1_explained_variance,0.12881333441763895,0.9899881239864817,1.0,-0.010011876013518273,P5_observation_noise,D5_source_swap,,,
confirmatory,10152,direct_coupling_SCM,spectral_coherence,0.13071773978073223,0.9474093222510854,1.0,-0.05259067774891457,P6_time_reparameterization,D2_phase_randomization,,,
confirmatory,10152,direct_coupling_SCM,autocorrelation_persistence,0.6071061149151897,0.7994369285565215,0.9988033003705535,-0.19936637181403205,P7_coarse_graining,D7_history_destruction,,,
confirmatory,10152,direct_coupling_SCM,linear_CKA,0.029275459553867893,0.5817883428015224,0.9980344893254983,-0.41624614652397596,P2_global_scaling,D5_source_swap,,,
confirmatory,10152,direct_coupling_SCM,VAR_ARX_predictive,0.050938732187256475,0.9095604194859649,0.7220708617070711,0.18748955777889376,P2_global_scaling,D6_common_driver_replacement,,,
confirmatory,10152,history_dependent_relational_mode,correlon_v1,0.0,0.0,1.0,-1.0,P1_node_permutation,D3_IAAFT_surrogate,-0.004328479001849447,0.026228871165654595,-0.03504127817169822
confirmatory,10152,history_dependent_relational_mode,pearson,0.06994971930131634,0.9928891543748973,0.9845798228515248,0.008309331523372543,P4_orthogonal_basis_rotation,D3_IAAFT_surrogate,,,
confirmatory,10152,history_dependent_relational_mode,mutual_information,0.014768559242441137,0.9963073225310017,0.9941197530495651,0.002187569481436613,P5_observation_noise,D3_IAAFT_surrogate,,,
confirmatory,10152,history_dependent_relational_mode,largest_covariance_eigenvalue,1.4851934485764136,0.8663195070783891,1.0,-0.13368049292161088,P7_coarse_graining,D5_source_swap,,,
confirmatory,10152,history_dependent_relational_mode,pca_rank1_explained_variance,0.12376612071470107,0.9935297352164317,1.0,-0.006470264783568269,P5_observation_noise,D5_source_swap,,,
confirmatory,10152,history_dependent_relational_mode,spectral_coherence,0.13462419174261633,0.9830209938636386,1.0,-0.016979006136361385,P5_observation_noise,D5_source_swap,,,
confirmatory,10152,history_dependent_relational_mode,autocorrelation_persistence,0.6030744372351795,0.8190081382152218,1.0,-0.18099186178477822,P7_coarse_graining,D5_source_swap,,,
confirmatory,10152,history_dependent_relational_mode,linear_CKA,0.028569023845418318,0.747724760741048,0.9754311459903524,-0.22770638524930442,P2_global_scaling,D3_IAAFT_surrogate,,,
confirmatory,10152,history_dependent_relational_mode,VAR_ARX_predictive,0.03563260585860534,0.9509409148246654,1.0,-0.04905908517533464,P2_global_scaling,D6_common_driver_replacement,,,
confirmatory,10153,persistent_shared_mode,correlon_v1,0.2701746861940939,0.9568362266220809,1.0,-0.0431637733779191,P5_observation_noise,D6_common_driver_replacement,0.09217415123644909,0.7919179084473351,0.48095247311722894
confirmatory,10153,persistent_shared_mode,pearson,0.1702185957070911,0.9358700504282033,0.6767367482454847,0.2591333021827186,P4_orthogonal_basis_rotation,D6_common_driver_replacement,,,
confirmatory,10153,persistent_shared_mode,mutual_information,0.06134452386059275,0.9823253981487565,0.34510397061227666,0.6372214275364798,P5_observation_noise,D6_common_driver_replacement,,,
confirmatory,10153,persistent_shared_mode,largest_covariance_eigenvalue,2.4150095479842726,0.9132655284968606,0.9071274891271908,0.006138039369669834,P6_time_reparameterization,D6_common_driver_replacement,,,
confirmatory,10153,persistent_shared_mode,pca_rank1_explained_variance,0.20125079566535595,0.9926807939146566,0.9071274891271912,0.08555330478746537,P5_observation_noise,D6_common_driver_replacement,,,
confirmatory,10153,persistent_shared_mode,spectral_coherence,0.23754838332426326,0.5013640104576764,0.9438641317625075,-0.4425001213048311,P2_global_scaling,D6_common_driver_replacement,,,
confirmatory,10153,persistent_shared_mode,autocorrelation_persistence,0.6835438758331159,0.8606690110723575,0.9986139231541805,-0.13794491208182302,P7_coarse_graining,D5_source_swap,,,
confirmatory,10153,persistent_shared_mode,linear_CKA,0.1640536929492312,0.23829468428295794,0.45515607901206595,-0.216861394729108,P2_global_scaling,D6_common_driver_replacement,,,
confirmatory,10153,persistent_shared_mode,VAR_ARX_predictive,0.04765531577804738,0.8408006164418613,1.0,-0.15919938355813867,P2_global_scaling,D6_common_driver_replacement,,,
confirmatory,10153,direct_coupling_SCM,correlon_v1,0.0,0.0,1.0,-1.0,P1_node_permutation,D3_IAAFT_surrogate,-0.0015602430569066489,0.06342169397862751,0.04984188843121656
confirmatory,10153,direct_coupling_SCM,pearson,0.07068646909333304,0.9792351847527412,0.8818716558142663,0.09736352893847489,P4_orthogonal_basis_rotation,D3_IAAFT_surrogate,,,
confirmatory,10153,direct_coupling_SCM,mutual_information,0.013981566257337485,0.9529876138186942,0.8485820936687023,0.10440552014999194,P5_observation_noise,D8_block_shuffle,,,
confirmatory,10153,direct_coupling_SCM,largest_covariance_eigenvalue,1.5687129106000408,0.853097800448451,0.9922917071318331,-0.13919390668338216,P7_coarse_graining,D7_history_destruction,,,
confirmatory,10153,direct_coupling_SCM,pca_rank1_explained_variance,0.13072607588333673,0.9928563317414306,0.9922917071318333,0.0005646246095972751,P5_observation_noise,D7_history_destruction,,,
confirmatory,10153,direct_coupling_SCM,spectral_coherence,0.15622866447613926,0.6431791365906745,1.0,-0.3568208634093255,P2_global_scaling,D3_IAAFT_surrogate,,,
confirmatory,10153,direct_coupling_SCM,autocorrelation_persistence,0.5916515009425851,0.7838052612630761,0.9993090194051971,-0.21550375814212097,P7_coarse_graining,D5_source_swap,,,
confirmatory,10153,direct_coupling_SCM,linear_CKA,0.02879828426311514,0.5952352087569079,0.7980488980632499,-0.20281368930634192,P2_global_scaling,D3_IAAFT_surrogate,,,
confirmatory,10153,direct_coupling_SCM,VAR_ARX_predictive,0.049971582685379434,0.7715233804023871,0.7510071200326088,0.020516260369778272,P2_global_scaling,D6_common_driver_replacement,,,
confirmatory,10153,history_dependent_relational_mode,correlon_v1,0.0,0.0,1.0,-1.0,P1_node_permutation,D6_common_driver_replacement,0.010056192119259705,-0.19543000676398514,0.030248523537925842
confirmatory,10153,history_dependent_relational_mode,pearson,0.06404268555041444,0.9783527796463013,1.0,-0.021647220353698704,P5_observation_noise,D3_IAAFT_surrogate,,,
confirmatory,10153,history_dependent_relational_mode,mutual_information,0.011331871824235118,0.9681793978101527,1.0,-0.03182060218984728,P5_observation_noise,D3_IAAFT_surrogate,,,
confirmatory,10153,history_dependent_relational_mode,largest_covariance_eigenvalue,1.4746991015621702,0.8683671584423547,1.0,-0.13163284155764532,P7_coarse_graining,D3_IAAFT_surrogate,,,
confirmatory,10153,history_dependent_relational_mode,pca_rank1_explained_variance,0.12289159179684757,0.9956421532996769,1.0,-0.004357846700323131,P5_observation_noise,D3_IAAFT_surrogate,,,
confirmatory,10153,history_dependent_relational_mode,spectral_coherence,0.13779943355633895,0.9418704723640685,1.0,-0.05812952763593149,P5_observation_noise,D1_temporal_shuffle,,,
confirmatory,10153,history_dependent_relational_mode,autocorrelation_persistence,0.6050830133473549,0.8075951697171982,1.0,-0.19240483028280175,P7_coarse_graining,D5_source_swap,,,
confirmatory,10153,history_dependent_relational_mode,linear_CKA,0.023998281560386824,0.6191264358394339,1.0,-0.38087356416056606,P2_global_scaling,D3_IAAFT_surrogate,,,
confirmatory,10153,history_dependent_relational_mode,VAR_ARX_predictive,0.028803645448430337,0.890252437815051,1.0,-0.10974756218494897,P2_global_scaling,D1_temporal_shuffle,,,
confirmatory,10154,persistent_shared_mode,correlon_v1,0.36241796009657745,0.9995606215569892,1.0,-0.000439378443010785,P2_global_scaling,D6_common_driver_replacement,0.24024323063163633,0.5467241572436135,0.44134120668633026
confirmatory,10154,persistent_shared_mode,pearson,0.23715313825869686,0.9024609135335215,0.7712150923874567,0.13124582114606487,P4_orthogonal_basis_rotation,D6_common_driver_replacement,,,
confirmatory,10154,persistent_shared_mode,mutual_information,0.07876467097981688,0.976732096598972,0.5368398943179141,0.43989220228105785,P5_observation_noise,D6_common_driver_replacement,,,
confirmatory,10154,persistent_shared_mode,largest_covariance_eigenvalue,3.29638097339386,0.9159795278479301,0.8748908262263894,0.04108870162154077,P2_global_scaling,D6_common_driver_replacement,,,
confirmatory,10154,persistent_shared_mode,pca_rank1_explained_variance,0.27469841444948834,0.813218946931457,0.8748908262263898,-0.061671879294932785,P2_global_scaling,D6_common_driver_replacement,,,
confirmatory,10154,persistent_shared_mode,spectral_coherence,0.2046533961768196,0.6727865557102329,1.0,-0.32721344428976706,P2_global_scaling,D6_common_driver_replacement,,,
confirmatory,10154,persistent_shared_mode,autocorrelation_persistence,0.7249020815357783,0.8778335063633043,0.9971447903394033,-0.11931128397609903,P7_coarse_graining,D2_phase_randomization,,,
confirmatory,10154,persistent_shared_mode,linear_CKA,0.2832456595978388,0.37540032968411874,0.6195016829986374,-0.24410135331451865,P2_global_scaling,D6_common_driver_replacement,,,
confirmatory,10154,persistent_shared_mode,VAR_ARX_predictive,0.04863152888024941,0.9419091051804901,0.889526885684489,0.05238221949600108,P2_global_scaling,D6_common_driver_replacement,,,
confirmatory,10154,direct_coupling_SCM,correlon_v1,0.0,0.0,1.0,-1.0,P1_node_permutation,D1_temporal_shuffle,0.01686152604103605,-0.150646916811986,0.02126504494792425
confirmatory,10154,direct_coupling_SCM,pearson,0.06664233294856355,0.9747665277925559,0.9626705663934141,0.012095961399141819,P4_orthogonal_basis_rotation,D2_phase_randomization,,,
confirmatory,10154,direct_coupling_SCM,mutual_information,0.011820794254686628,0.9835707713157402,0.989866402466745,-0.0062956311510047325,P5_observation_noise,D2_phase_randomization,,,
confirmatory,10154,direct_coupling_SCM,largest_covariance_eigenvalue,1.564609827667263,0.8840513995218747,0.9654761430632373,-0.08142474354136253,P7_coarse_graining,D5_source_swap,,,
confirmatory,10154,direct_coupling_SCM,pca_rank1_explained_variance,0.1303841523056053,0.9944531025170376,0.9654761430632371,0.02897695945380041,P5_observation_noise,D5_source_swap,,,
confirmatory,10154,direct_coupling_SCM,spectral_coherence,0.16049496199134264,0.7541717579302596,0.9283076192329314,-0.17413586130267178,P2_global_scaling,D1_temporal_shuffle,,,
confirmatory,10154,direct_coupling_SCM,autocorrelation_persistence,0.6272010929982561,0.7943500438025032,0.9966724548953287,-0.20232241109282556,P7_coarse_graining,D2_phase_randomization,,,
confirmatory,10154,direct_coupling_SCM,linear_CKA,0.025908205860291474,0.47731620994219237,0.9389080796500653,-0.4615918697078729,P2_global_scaling,D2_phase_randomization,,,
confirmatory,10154,direct_coupling_SCM,VAR_ARX_predictive,0.052250139420145725,0.8020896972751659,0.6458401297949808,0.15624956748018504,P2_global_scaling,D6_common_driver_replacement,,,
confirmatory,10154,history_dependent_relational_mode,correlon_v1,0.0,0.0,1.0,-1.0,P1_node_permutation,D2_phase_randomization,-0.018385418160123554,-0.057585310776006704,-0.05698191054209015
confirmatory,10154,history_dependent_relational_mode,pearson,0.06000305657876129,0.9891103278501672,1.0,-0.01088967214983283,P4_orthogonal_basis_rotation,D2_phase_randomization,,,
confirmatory,10154,history_dependent_relational_mode,mutual_information,0.01081853426316648,0.9999991258679183,1.0,-8.741320817184928e-07,P2_global_scaling,D2_phase_randomization,,,
confirmatory,10154,history_dependent_relational_mode,largest_covariance_eigenvalue,1.4621439964402292,0.8432513022756561,1.0,-0.15674869772434386,P7_coarse_graining,D5_source_swap,,,
confirmatory,10154,history_dependent_relational_mode,pca_rank1_explained_variance,0.12184533303668577,0.9999999999999997,1.0,-3.3306690738754696e-16,P1_node_permutation,D5_source_swap,,,
confirmatory,10154,history_dependent_relational_mode,spectral_coherence,0.11327437519703061,0.9999999999999897,1.0,-1.0325074129013956e-14,P3_affine_offset,D1_temporal_shuffle,,,
confirmatory,10154,history_dependent_relational_mode,autocorrelation_persistence,0.6011058150234209,0.806747171696043,1.0,-0.19325282830395696,P7_coarse_graining,D5_source_swap,,,
confirmatory,10154,history_dependent_relational_mode,linear_CKA,0.021059829654446433,0.5694790346816344,1.0,-0.4305209653183656,P2_global_scaling,D2_phase_randomization,,,
confirmatory,10154,history_dependent_relational_mode,VAR_ARX_predictive,0.0342798792298602,0.8908663411348978,1.0,-0.10913365886510218,P2_global_scaling,D8_block_shuffle,,,
confirmatory,10155,persistent_shared_mode,correlon_v1,0.2833942392334539,0.9323456511940434,1.0,-0.06765434880595655,P5_observation_noise,D6_common_driver_replacement,0.11558375320516018,0.6948406900073099,0.536440949581176
confirmatory,10155,persistent_shared_mode,pearson,0.18736661915977654,0.8908837221596216,0.7734476675799848,0.1174360545796368,P4_orthogonal_basis_rotation,D6_common_driver_replacement,,,
confirmatory,10155,persistent_shared_mode,mutual_information,0.056646551256931854,0.9674094037623675,0.5809081488348347,0.38650125492753284,P5_observation_noise,D6_common_driver_replacement,,,
confirmatory,10155,persistent_shared_mode,largest_covariance_eigenvalue,2.7565681294997124,0.9533845332387177,0.8864715610521151,0.06691297218660264,P6_time_reparameterization,D6_common_driver_replacement,,,
confirmatory,10155,persistent_shared_mode,pca_rank1_explained_variance,0.22971401079164266,0.9949021102263987,0.8864715610521157,0.10843054917428308,P5_observation_noise,D6_common_driver_replacement,,,
confirmatory,10155,persistent_shared_mode,spectral_coherence,0.2601166694471845,0.5419201194171819,0.9831281724210693,-0.44120805300388743,P2_global_scaling,D6_common_driver_replacement,,,
confirmatory,10155,persistent_shared_mode,autocorrelation_persistence,0.6868924784217924,0.8851373754709179,1.0,-0.11486262452908214,P7_coarse_graining,D5_source_swap,,,
confirmatory,10155,persistent_shared_mode,linear_CKA,0.18996913979625643,0.8840920377654904,0.6126249540747273,0.2714670836907631,P2_global_scaling,D6_common_driver_replacement,,,
confirmatory,10155,persistent_shared_mode,VAR_ARX_predictive,0.050119472493641515,0.9711952500859359,0.7781569020638587,0.1930383480220772,P5_observation_noise,D6_common_driver_replacement,,,
confirmatory,10155,direct_coupling_SCM,correlon_v1,0.14226418494963097,0.5925150507677321,0.7982777169620291,-0.20576266619429695,P6_time_reparameterization,D6_common_driver_replacement,0.041872599385084974,0.4833494604252341,0.2924039913575443
confirmatory,10155,direct_coupling_SCM,pearson,0.10162775530659598,0.9742152504228985,0.9382599247334801,0.035955325689418394,P4_orthogonal_basis_rotation,D6_common_driver_replacement,,,
confirmatory,10155,direct_coupling_SCM,mutual_information,0.023306913664366657,0.9999997821078853,0.7417594598463316,0.2582403222615537,P2_global_scaling,D6_common_driver_replacement,,,
confirmatory,10155,direct_coupling_SCM,largest_covariance_eigenvalue,1.9189459060635312,0.9059566207270016,1.0,-0.09404337927299844,P7_coarse_graining,D6_common_driver_replacement,,,
confirmatory,10155,direct_coupling_SCM,pca_rank1_explained_variance,0.15991215883862764,0.9925422027007541,1.0,-0.007457797299245894,P5_observation_noise,D6_common_driver_replacement,,,
confirmatory,10155,direct_coupling_SCM,spectral_coherence,0.21202911195821808,0.6518911267245272,1.0,-0.3481088732754728,P2_global_scaling,D6_common_driver_replacement,,,
confirmatory,10155,direct_coupling_SCM,autocorrelation_persistence,0.6239830519762696,0.8254240887426076,1.0,-0.17457591125739236,P7_coarse_graining,D7_history_destruction,,,
confirmatory,10155,direct_coupling_SCM,linear_CKA,0.05881542278245644,0.7517730878496615,0.8942715482910143,-0.14249846044135284,P2_global_scaling,D6_common_driver_replacement,,,
confirmatory,10155,direct_coupling_SCM,VAR_ARX_predictive,0.05118769932418943,1.0,0.6883686103102565,0.31163138968974347,P1_node_permutation,D6_common_driver_replacement,,,
confirmatory,10155,history_dependent_relational_mode,correlon_v1,0.16083883765597976,0.7049729409770666,1.0,-0.29502705902293336,P6_time_reparameterization,D6_common_driver_replacement,0.0675193455285184,0.3831365884256116,0.31880137938040987
confirmatory,10155,history_dependent_relational_mode,pearson,0.07659469084761646,0.97311500746167,1.0,-0.026884992538329988,P4_orthogonal_basis_rotation,D6_common_driver_replacement,,,
confirmatory,10155,history_dependent_relational_mode,mutual_information,0.01755430481938436,0.9999999999999937,0.992608442398193,0.007391557601800658,P4_orthogonal_basis_rotation,D2_phase_randomization,,,
confirmatory,10155,history_dependent_relational_mode,largest_covariance_eigenvalue,1.6473316926719388,0.876979202960836,1.0,-0.12302079703916402,P7_coarse_graining,D6_common_driver_replacement,,,
confirmatory,10155,history_dependent_relational_mode,pca_rank1_explained_variance,0.1372776410559949,0.9982879955692769,1.0,-0.0017120044307230575,P5_observation_noise,D6_common_driver_replacement,,,
confirmatory,10155,history_dependent_relational_mode,spectral_coherence,0.0936118291350795,0.9923244700959384,1.0,-0.007675529904061618,P5_observation_noise,D1_temporal_shuffle,,,
confirmatory,10155,history_dependent_relational_mode,autocorrelation_persistence,0.6159382801913683,0.8340333123821103,1.0,-0.16596668761788969,P7_coarse_graining,D5_source_swap,,,
confirmatory,10155,history_dependent_relational_mode,linear_CKA,0.03348278607147419,0.999999999999999,1.0,-9.992007221626409e-16,P4_orthogonal_basis_rotation,D6_common_driver_replacement,,,
confirmatory,10155,history_dependent_relational_mode,VAR_ARX_predictive,0.0384257675112617,1.0,1.0,0.0,P1_node_permutation,D8_block_shuffle,,,
confirmatory,10156,persistent_shared_mode,correlon_v1,0.35607320625625577,0.9842897790342998,1.0,-0.015710220965700183,P5_observation_noise,D6_common_driver_replacement,0.14849484251897677,0.8538217628494893,0.4939951050672916
confirmatory,10156,persistent_shared_mode,pearson,0.22781553452356715,0.9354662882951619,0.6709708740244542,0.26449541427070766,P4_orthogonal_basis_rotation,D6_common_driver_replacement,,,
confirmatory,10156,persistent_shared_mode,mutual_information,0.08469541140559167,0.9787910101934743,0.39363170165745476,0.5851593085360195,P5_observation_noise,D6_common_driver_replacement,,,
confirmatory,10156,persistent_shared_mode,largest_covariance_eigenvalue,3.076545138600216,0.9557009868365316,0.8254379305613346,0.13026305627519696,P6_time_reparameterization,D6_common_driver_replacement,,,
confirmatory,10156,persistent_shared_mode,pca_rank1_explained_variance,0.2563787615500179,1.0,0.825437930561335,0.17456206943866504,P1_node_permutation,D6_common_driver_replacement,,,
confirmatory,10156,persistent_shared_mode,spectral_coherence,0.23440916443303716,0.6553718664031701,0.9756835958234126,-0.32031172942024244,P2_global_scaling,D6_common_driver_replacement,,,
confirmatory,10156,persistent_shared_mode,autocorrelation_persistence,0.7072778720400851,0.8825234470850094,1.0,-0.1174765529149906,P7_coarse_graining,D5_source_swap,,,
confirmatory,10156,persistent_shared_mode,linear_CKA,0.27383941154376895,0.6738912457870552,0.4664744173914569,0.20741682839559827,P2_global_scaling,D6_common_driver_replacement,,,
confirmatory,10156,persistent_shared_mode,VAR_ARX_predictive,0.052401481170010145,0.9719682339000824,0.7137213340337766,0.2582468998663058,P5_observation_noise,D6_common_driver_replacement,,,
confirmatory,10156,direct_coupling_SCM,correlon_v1,0.09038124440883179,0.23003905261528432,0.5622285570815517,-0.3321895044662674,P7_coarse_graining,D8_block_shuffle,0.04551257293353529,0.1794837956715461,0.08567043101458965
confirmatory,10156,direct_coupling_SCM,pearson,0.08798585416632809,0.9793042196583956,0.8156615556519765,0.16364266400641914,P4_orthogonal_basis_rotation,D6_common_driver_replacement,,,
confirmatory,10156,direct_coupling_SCM,mutual_information,0.020676556425938797,0.9999999999999947,0.5330424886926803,0.46695751130731433,P1_node_permutation,D6_common_driver_replacement,,,
confirmatory,10156,direct_coupling_SCM,largest_covariance_eigenvalue,1.7446534119156283,0.8971883614405772,0.9886223169452226,-0.09143395550464539,P7_coarse_graining,D6_common_driver_replacement,,,
confirmatory,10156,direct_coupling_SCM,pca_rank1_explained_variance,0.14538778432630242,1.0,0.9886223169452223,0.01137768305477771,P1_node_permutation,D6_common_driver_replacement,,,
confirmatory,10156,direct_coupling_SCM,spectral_coherence,0.16660787988584536,0.859248644431454,1.0,-0.140751355568546,P2_global_scaling,D6_common_driver_replacement,,,
confirmatory,10156,direct_coupling_SCM,autocorrelation_persistence,0.6266851840471279,0.819871723876512,1.0,-0.18012827612348803,P7_coarse_graining,D7_history_destruction,,,
confirmatory,10156,direct_coupling_SCM,linear_CKA,0.04457098754134721,0.8397316450969469,0.6720468491972003,0.1676847958997466,P2_global_scaling,D6_common_driver_replacement,,,
confirmatory,10156,direct_coupling_SCM,VAR_ARX_predictive,0.05528598017908942,1.0,0.6462913075035891,0.3537086924964109,P1_node_permutation,D4_edge_cutting,,,
confirmatory,10156,history_dependent_relational_mode,correlon_v1,0.0,0.0,1.0,-1.0,P1_node_permutation,D1_temporal_shuffle,0.008605528414131744,-0.05656271518009745,-0.00883509347125333
confirmatory,10156,history_dependent_relational_mode,pearson,0.05659947651054925,0.9970249742218597,1.0,-0.00297502577814035,P5_observation_noise,D3_IAAFT_surrogate,,,
confirmatory,10156,history_dependent_relational_mode,mutual_information,0.009277901787553389,0.9999987898534627,1.0,-1.2101465373115516e-06,P2_global_scaling,D3_IAAFT_surrogate,,,
confirmatory,10156,history_dependent_relational_mode,largest_covariance_eigenvalue,1.512488638590654,0.8675545978550513,0.9965198765226594,-0.1289652786676081,P7_coarse_graining,D7_history_destruction,,,
confirmatory,10156,history_dependent_relational_mode,pca_rank1_explained_variance,0.12604071988255452,0.9968678612637316,0.9965198765226589,0.0003479847410726711,P5_observation_noise,D7_history_destruction,,,
confirmatory,10156,history_dependent_relational_mode,spectral_coherence,0.11096931399752358,0.9747183173467772,1.0,-0.025281682653222837,P5_observation_noise,D2_phase_randomization,,,
confirmatory,10156,history_dependent_relational_mode,autocorrelation_persistence,0.6097700474891722,0.7903444082534324,1.0,-0.20965559174656756,P7_coarse_graining,D7_history_destruction,,,
confirmatory,10156,history_dependent_relational_mode,linear_CKA,0.018697251419702927,0.473895519781673,1.0,-0.526104480218327,P2_global_scaling,D3_IAAFT_surrogate,,,
confirmatory,10156,history_dependent_relational_mode,VAR_ARX_predictive,0.03309325353298426,0.9753619151502838,1.0,-0.02463808484971619,P5_observation_noise,D2_phase_randomization,,,
confirmatory,10157,persistent_shared_mode,correlon_v1,0.25887759220851375,0.9999999999999966,1.0,-3.4416913763379853e-15,P3_affine_offset,D6_common_driver_replacement,0.09674036513107831,0.6927574405665314,0.5176168108854118
confirmatory,10157,persistent_shared_mode,pearson,0.18792488347837108,0.8589450049773041,0.8361934155317988,0.02275158944550526,P4_orthogonal_basis_rotation,D6_common_driver_replacement,,,
confirmatory,10157,persistent_shared_mode,mutual_information,0.060199861881540584,0.9847236738252018,0.578116320272565,0.4066073535526368,P5_observation_noise,D6_common_driver_replacement,,,
confirmatory,10157,persistent_shared_mode,largest_covariance_eigenvalue,2.7034658833549754,0.9438915349398707,0.9670682546687898,-0.023176719728919104,P6_time_reparameterization,D6_common_driver_replacement,,,
confirmatory,10157,persistent_shared_mode,pca_rank1_explained_variance,0.2252888236129146,0.9957670203360968,0.9670682546687892,0.028698765667307558,P5_observation_noise,D6_common_driver_replacement,,,
confirmatory,10157,persistent_shared_mode,spectral_coherence,0.24010371741082062,0.8559660364378398,1.0,-0.14403396356216025,P2_global_scaling,D6_common_driver_replacement,,,
confirmatory,10157,persistent_shared_mode,autocorrelation_persistence,0.6888056589860625,0.8681605403765119,1.0,-0.1318394596234881,P7_coarse_graining,D7_history_destruction,,,
confirmatory,10157,persistent_shared_mode,linear_CKA,0.19354195895640786,0.9781796895623122,0.6893132268546184,0.2888664627076938,P2_global_scaling,D6_common_driver_replacement,,,
confirmatory,10157,persistent_shared_mode,VAR_ARX_predictive,0.05747188294504835,0.868220384149761,0.8341759610690839,0.03404442308067712,P6_time_reparameterization,D6_common_driver_replacement,,,
confirmatory,10157,direct_coupling_SCM,correlon_v1,0.0,0.0,1.0,-1.0,P1_node_permutation,D1_temporal_shuffle,-0.00951939560953416,-0.06383957917699046,-0.12067460789413556
confirmatory,10157,direct_coupling_SCM,pearson,0.07081181679029981,0.9779452126259066,1.0,-0.022054787374093388,P4_orthogonal_basis_rotation,D2_phase_randomization,,,
confirmatory,10157,direct_coupling_SCM,mutual_information,0.013891403676831504,0.9712311192617761,1.0,-0.028768880738223923,P5_observation_noise,D2_phase_randomization,,,
confirmatory,10157,direct_coupling_SCM,largest_covariance_eigenvalue,1.6255020715371973,0.8669238520034308,0.9892365788098707,-0.1223127268064399,P7_coarse_graining,D7_history_destruction,,,
confirmatory,10157,direct_coupling_SCM,pca_rank1_explained_variance,0.13545850596143308,0.9922042082099362,0.989236578809871,0.0029676294000651193,P5_observation_noise,D7_history_destruction,,,
confirmatory,10157,direct_coupling_SCM,spectral_coherence,0.14803125118759453,0.9419951597946453,1.0,-0.05800484020535468,P2_global_scaling,D6_common_driver_replacement,,,
confirmatory,10157,direct_coupling_SCM,autocorrelation_persistence,0.5967486785778439,0.8024979770309754,1.0,-0.19750202296902464,P7_coarse_graining,D5_source_swap,,,
confirmatory,10157,direct_coupling_SCM,linear_CKA,0.028905604996940355,0.8880276236209702,1.0,-0.11197237637902979,P2_global_scaling,D2_phase_randomization,,,
confirmatory,10157,direct_coupling_SCM,VAR_ARX_predictive,0.05325378617586185,0.9238110220575867,0.7295205527559776,0.1942904693016091,P2_global_scaling,D6_common_driver_replacement,,,
confirmatory,10157,history_dependent_relational_mode,correlon_v1,0.0,0.0,1.0,-1.0,P1_node_permutation,D1_temporal_shuffle,0.02497356280214537,-0.04904577334327062,0.08247011869158816
confirmatory,10157,history_dependent_relational_mode,pearson,0.07209518822128347,0.9913394999119212,1.0,-0.008660500088078837,P5_observation_noise,D3_IAAFT_surrogate,,,
confirmatory,10157,history_dependent_relational_mode,mutual_information,0.015613188287176172,0.9820417999634896,1.0,-0.017958200036510386,P5_observation_noise,D3_IAAFT_surrogate,,,
confirmatory,10157,history_dependent_relational_mode,largest_covariance_eigenvalue,1.4918961813659584,0.8929659114413979,1.0,-0.10703408855860208,P7_coarse_graining,D5_source_swap,,,
confirmatory,10157,history_dependent_relational_mode,pca_rank1_explained_variance,0.1243246817804965,0.9894114339188113,1.0,-0.010588566081188744,P5_observation_noise,D5_source_swap,,,
confirmatory,10157,history_dependent_relational_mode,spectral_coherence,0.13681710173912415,0.824609043773744,1.0,-0.175390956226256,P2_global_scaling,D1_temporal_shuffle,,,
confirmatory,10157,history_dependent_relational_mode,autocorrelation_persistence,0.6076176062827571,0.8213861284767378,1.0,-0.17861387152326225,P7_coarse_graining,D5_source_swap,,,
confirmatory,10157,history_dependent_relational_mode,linear_CKA,0.030466234993604544,0.7600078215377487,1.0,-0.2399921784622513,P2_global_scaling,D3_IAAFT_surrogate,,,
confirmatory,10157,history_dependent_relational_mode,VAR_ARX_predictive,0.03188262573861056,0.9703419973641273,1.0,-0.029658002635872704,P2_global_scaling,D2_phase_randomization,,,
confirmatory,10158,persistent_shared_mode,correlon_v1,0.1368190257611899,0.9227366343827096,1.0,-0.07726336561729041,P5_observation_noise,D6_common_driver_replacement,0.2544957529303789,0.07355504205746854,0.3440623572058765
confirmatory,10158,persistent_shared_mode,pearson,0.24102700102962743,0.9254600309922443,0.7468875527857242,0.1785724782065201,P4_orthogonal_basis_rotation,D6_common_driver_replacement,,,
confirmatory,10158,persistent_shared_mode,mutual_information,0.07513268272802298,0.990821851201302,0.533901998250988,0.4569198529503139,P5_observation_noise,D6_common_driver_replacement,,,
confirmatory,10158,persistent_shared_mode,largest_covariance_eigenvalue,3.3705134746309424,0.9651260723978236,0.8604190517037751,0.10470702069404847,P7_coarse_graining,D6_common_driver_replacement,,,
confirmatory,10158,persistent_shared_mode,pca_rank1_explained_variance,0.2808761228859118,0.991935914468652,0.8604190517037756,0.1315168627648764,P5_observation_noise,D6_common_driver_replacement,,,
confirmatory,10158,persistent_shared_mode,spectral_coherence,0.20231213318356905,0.8919121387587691,1.0,-0.10808786124123093,P2_global_scaling,D6_common_driver_replacement,,,
confirmatory,10158,persistent_shared_mode,autocorrelation_persistence,0.7080202747296926,0.8950773588617003,1.0,-0.10492264113829974,P7_coarse_graining,D7_history_destruction,,,
confirmatory,10158,persistent_shared_mode,linear_CKA,0.2899983845076248,0.923227411416465,0.5773153625601328,0.3459120488563322,P2_global_scaling,D6_common_driver_replacement,,,
confirmatory,10158,persistent_shared_mode,VAR_ARX_predictive,0.04595677712944929,0.9680672686198805,0.8930555598465477,0.07501170877333274,P5_observation_noise,D6_common_driver_replacement,,,
confirmatory,10158,direct_coupling_SCM,correlon_v1,0.03607071761824438,0.7299131105118781,1.0,-0.2700868894881219,P5_observation_noise,D6_common_driver_replacement,0.00342225023611141,0.38018747307430056,0.07688486076701351
confirmatory,10158,direct_coupling_SCM,pearson,0.06927919499173717,0.9654053791126328,0.9943069769989892,-0.02890159788635638,P4_orthogonal_basis_rotation,D7_history_destruction,,,
confirmatory,10158,direct_coupling_SCM,mutual_information,0.013934461404939369,1.0,1.0,0.0,P1_node_permutation,D7_history_destruction,,,
confirmatory,10158,direct_coupling_SCM,largest_covariance_eigenvalue,1.5695117423032212,0.882099192296144,1.0,-0.11790080770385603,P7_coarse_graining,D7_history_destruction,,,
confirmatory,10158,direct_coupling_SCM,pca_rank1_explained_variance,0.13079264519193504,1.0,1.0,0.0,P1_node_permutation,D7_history_destruction,,,
confirmatory,10158,direct_coupling_SCM,spectral_coherence,0.1691363779154024,0.9307710415036172,0.9396751197477471,-0.008904078244129865,P6_time_reparameterization,D6_common_driver_replacement,,,
confirmatory,10158,direct_coupling_SCM,autocorrelation_persistence,0.6041713301626958,0.8085407521860282,1.0,-0.19145924781397183,P7_coarse_graining,D5_source_swap,,,
confirmatory,10158,direct_coupling_SCM,linear_CKA,0.02776856405979743,0.9794965313789691,0.9631983493287204,0.01629818205024869,P2_global_scaling,D7_history_destruction,,,
confirmatory,10158,direct_coupling_SCM,VAR_ARX_predictive,0.05194455600095588,0.9884379871175354,0.6445168637857341,0.34392112333180125,P5_observation_noise,D4_edge_cutting,,,
confirmatory,10158,history_dependent_relational_mode,correlon_v1,0.07520045801997723,0.0,0.9482925541875233,-0.9482925541875233,P6_time_reparameterization,D4_edge_cutting,0.057309918465325405,0.0986759192448669,0.11889638068533825
confirmatory,10158,history_dependent_relational_mode,pearson,0.07935093235829248,0.9928876738138249,0.8984286926612163,0.09445898115260865,P4_orthogonal_basis_rotation,D7_history_destruction,,,
confirmatory,10158,history_dependent_relational_mode,mutual_information,0.01641180269628273,0.9937130805310734,0.9343054487177089,0.0594076318133645,P5_observation_noise,D7_history_destruction,,,
confirmatory,10158,history_dependent_relational_mode,largest_covariance_eigenvalue,1.602526284916133,0.887642719757733,1.0,-0.11235728024226699,P7_coarse_graining,D6_common_driver_replacement,,,
confirmatory,10158,history_dependent_relational_mode,pca_rank1_explained_variance,0.13354385707634445,0.9919970997012884,1.0,-0.008002900298711646,P5_observation_noise,D6_common_driver_replacement,,,
confirmatory,10158,history_dependent_relational_mode,spectral_coherence,0.13819886608930337,0.8445268009386652,1.0,-0.15547319906133483,P2_global_scaling,D1_temporal_shuffle,,,
confirmatory,10158,history_dependent_relational_mode,autocorrelation_persistence,0.60210149549527,0.7929809995087396,1.0,-0.20701900049126043,P7_coarse_graining,D7_history_destruction,,,
confirmatory,10158,history_dependent_relational_mode,linear_CKA,0.03673928103448471,0.5666752864863001,0.7928689631305427,-0.22619367664424261,P2_global_scaling,D7_history_destruction,,,
confirmatory,10158,history_dependent_relational_mode,VAR_ARX_predictive,0.040531064302722186,0.9143118581449741,0.9112130928478007,0.003098765297173345,P2_global_scaling,D4_edge_cutting,,,
confirmatory,10159,persistent_shared_mode,correlon_v1,0.34812221233033075,1.0,1.0,0.0,P1_node_permutation,D6_common_driver_replacement,0.18459630149648815,0.6565086826513121,0.48622002734766734
confirmatory,10159,persistent_shared_mode,pearson,0.19857933065762856,0.9231836377115703,0.7395484038757661,0.18363523383580416,P4_orthogonal_basis_rotation,D6_common_driver_replacement,,,
confirmatory,10159,persistent_shared_mode,mutual_information,0.06627805786905394,0.9941496335227306,0.5287055037348204,0.46544412978791017,P5_observation_noise,D6_common_driver_replacement,,,
confirmatory,10159,persistent_shared_mode,largest_covariance_eigenvalue,2.823538210717297,0.911087263555915,0.8585508093741818,0.05253645418173314,P6_time_reparameterization,D6_common_driver_replacement,,,
confirmatory,10159,persistent_shared_mode,pca_rank1_explained_variance,0.2352948508931081,0.9958173234703552,0.8585508093741815,0.13726651409617374,P5_observation_noise,D6_common_driver_replacement,,,
confirmatory,10159,persistent_shared_mode,spectral_coherence,0.21378671750393416,0.7652687925374347,1.0,-0.23473120746256526,P2_global_scaling,D6_common_driver_replacement,,,
confirmatory,10159,persistent_shared_mode,autocorrelation_persistence,0.7041789368813473,0.8733765173567459,0.9982595639388496,-0.1248830465821037,P7_coarse_graining,D2_phase_randomization,,,
confirmatory,10159,persistent_shared_mode,linear_CKA,0.21139940868382837,0.5464193741776031,0.5683824923544255,-0.021963118176822394,P2_global_scaling,D6_common_driver_replacement,,,
confirmatory,10159,persistent_shared_mode,VAR_ARX_predictive,0.045069190845974993,0.924627451036025,0.8212819018952686,0.10334554914075633,P2_global_scaling,D6_common_driver_replacement,,,
confirmatory,10159,direct_coupling_SCM,correlon_v1,0.0,0.0,1.0,-1.0,P1_node_permutation,D5_source_swap,-0.0460363889376319,-0.11654199386243129,0.027345234120821904
confirmatory,10159,direct_coupling_SCM,pearson,0.0745279729953968,0.9957447294949543,0.8757021818902985,0.12004254760465582,P4_orthogonal_basis_rotation,D3_IAAFT_surrogate,,,
confirmatory,10159,direct_coupling_SCM,mutual_information,0.015165844524667627,0.9999999999999927,0.8412701320064061,0.15872986799358657,P1_node_permutation,D3_IAAFT_surrogate,,,
confirmatory,10159,direct_coupling_SCM,largest_covariance_eigenvalue,1.564508050025469,0.8756904117395111,0.9836050967385024,-0.10791468499899126,P7_coarse_graining,D6_common_driver_replacement,,,
confirmatory,10159,direct_coupling_SCM,pca_rank1_explained_variance,0.13037567083545576,0.9999999999999993,0.9836050967385024,0.01639490326149695,P1_node_permutation,D6_common_driver_replacement,,,
confirmatory,10159,direct_coupling_SCM,spectral_coherence,0.17252105071411505,0.7573014817993013,1.0,-0.24269851820069865,P6_time_reparameterization,D5_source_swap,,,
confirmatory,10159,direct_coupling_SCM,autocorrelation_persistence,0.5989738719528233,0.8160440632130558,1.0,-0.18395593678694422,P7_coarse_graining,D5_source_swap,,,
confirmatory,10159,direct_coupling_SCM,linear_CKA,0.03200466467304724,0.9728312725613594,0.7877589052790142,0.18507236728234522,P2_global_scaling,D3_IAAFT_surrogate,,,
confirmatory,10159,direct_coupling_SCM,VAR_ARX_predictive,0.055306906378193965,0.999999999999998,0.6363221250287878,0.3636778749712102,P1_node_permutation,D1_temporal_shuffle,,,
confirmatory,10159,history_dependent_relational_mode,correlon_v1,0.004312566399735802,0.0,1.0,-1.0,P2_global_scaling,D7_history_destruction,0.04256208072105176,0.0004369670992830782,-0.1051628943827061
confirmatory,10159,history_dependent_relational_mode,pearson,0.04503244517715212,0.9999999999999992,1.0,-7.771561172376096e-16,P2_global_scaling,D2_phase_randomization,,,
confirmatory,10159,history_dependent_relational_mode,mutual_information,0.00585931603474088,0.999999864856557,1.0,-1.3514344299192516e-07,P2_global_scaling,D2_phase_randomization,,,
confirmatory,10159,history_dependent_relational_mode,largest_covariance_eigenvalue,1.3138865726545617,0.858931004642981,1.0,-0.141068995357019,P7_coarse_graining,D1_temporal_shuffle,,,
confirmatory,10159,history_dependent_relational_mode,pca_rank1_explained_variance,0.10949054772121349,0.996735881173901,1.0,-0.003264118826099005,P5_observation_noise,D1_temporal_shuffle,,,
confirmatory,10159,history_dependent_relational_mode,spectral_coherence,0.140871912512028,0.799208778905811,0.9776426111293055,-0.17843383222349452,P6_time_reparameterization,D5_source_swap,,,
confirmatory,10159,history_dependent_relational_mode,autocorrelation_persistence,0.6097173562399011,0.8178017495411082,1.0,-0.18219825045889182,P7_coarse_graining,D5_source_swap,,,
confirmatory,10159,history_dependent_relational_mode,linear_CKA,0.011901519118644241,0.9466102320321667,1.0,-0.053389767967833346,P2_global_scaling,D2_phase_randomization,,,
confirmatory,10159,history_dependent_relational_mode,VAR_ARX_predictive,0.03244008608907023,0.9866978827514243,1.0,-0.013302117248575662,P5_observation_noise,D3_IAAFT_surrogate,,,
confirmatory,10160,persistent_shared_mode,correlon_v1,0.24841934022384915,0.9999999999999967,1.0,-3.3306690738754696e-15,P1_node_permutation,D6_common_driver_replacement,0.09284971135960936,0.6646457774999394,0.42146620540098734
confirmatory,10160,persistent_shared_mode,pearson,0.2080686599881751,0.7977399613145846,0.7412692584506272,0.05647070286395739,P4_orthogonal_basis_rotation,D6_common_driver_replacement,,,
confirmatory,10160,persistent_shared_mode,mutual_information,0.07375196803868878,0.989099592023956,0.4703841570451878,0.5187154349787682,P5_observation_noise,D6_common_driver_replacement,,,
confirmatory,10160,persistent_shared_mode,largest_covariance_eigenvalue,2.887645280960765,0.9621984394833959,0.8836553570360993,0.07854308244729657,P6_time_reparameterization,D6_common_driver_replacement,,,
confirmatory,10160,persistent_shared_mode,pca_rank1_explained_variance,0.24063710674673036,0.9920395564821103,0.8836553570360995,0.10838419944601074,P5_observation_noise,D6_common_driver_replacement,,,
confirmatory,10160,persistent_shared_mode,spectral_coherence,0.25016469399571845,0.49165536668279763,0.9184615006438949,-0.42680613396109723,P2_global_scaling,D6_common_driver_replacement,,,
confirmatory,10160,persistent_shared_mode,autocorrelation_persistence,0.7047603288705936,0.8523222033052151,1.0,-0.14767779669478487,P7_coarse_graining,D5_source_swap,,,
confirmatory,10160,persistent_shared_mode,linear_CKA,0.23308568728657988,0.5601064419473599,0.5580899550041797,0.00201648694318024,P2_global_scaling,D6_common_driver_replacement,,,
confirmatory,10160,persistent_shared_mode,VAR_ARX_predictive,0.04709122571926161,0.8869530937245809,1.0,-0.11304690627541913,P2_global_scaling,D6_common_driver_replacement,,,
confirmatory,10160,direct_coupling_SCM,correlon_v1,0.0,0.0,1.0,-1.0,P1_node_permutation,D1_temporal_shuffle,0.005950993343480648,-0.0691329073731643,-0.01950349758825476
confirmatory,10160,direct_coupling_SCM,pearson,0.07848266180605513,0.9979758665296565,0.8898066432811963,0.10816922324846023,P4_orthogonal_basis_rotation,D6_common_driver_replacement,,,
confirmatory,10160,direct_coupling_SCM,mutual_information,0.015836760762812707,0.9927317857786013,0.9170255932482814,0.07570619253031996,P5_observation_noise,D2_phase_randomization,,,
confirmatory,10160,direct_coupling_SCM,largest_covariance_eigenvalue,1.7256993794589515,0.8851849894968601,0.9384371660654174,-0.0532521765685573,P7_coarse_graining,D6_common_driver_replacement,,,
confirmatory,10160,direct_coupling_SCM,pca_rank1_explained_variance,0.1438082816215793,1.0,0.9384371660654175,0.061562833934582506,P1_node_permutation,D6_common_driver_replacement,,,
confirmatory,10160,direct_coupling_SCM,spectral_coherence,0.18841939073920103,0.614542131271126,1.0,-0.385457868728874,P2_global_scaling,D6_common_driver_replacement,,,
confirmatory,10160,direct_coupling_SCM,autocorrelation_persistence,0.6166663918515395,0.8380108200169523,0.9968226751300678,-0.15881185511311557,P7_coarse_graining,D2_phase_randomization,,,
confirmatory,10160,direct_coupling_SCM,linear_CKA,0.03557485275820316,1.0,0.8088932322069148,0.19110676779308522,P1_node_permutation,D6_common_driver_replacement,,,
confirmatory,10160,direct_coupling_SCM,VAR_ARX_predictive,0.04613882098092659,0.9578309451943324,0.9038416887854823,0.053989256408850106,P2_global_scaling,D1_temporal_shuffle,,,
confirmatory,10160,history_dependent_relational_mode,correlon_v1,0.07400863095813721,0.0,1.0,-1.0,P6_time_reparameterization,D6_common_driver_replacement,0.03032638866909171,0.18061093643768145,-0.016198043869043943
confirmatory,10160,history_dependent_relational_mode,pearson,0.060629544938353104,0.9681072343099527,1.0,-0.03189276569004729,P4_orthogonal_basis_rotation,D3_IAAFT_surrogate,,,
confirmatory,10160,history_dependent_relational_mode,mutual_information,0.01084211565967308,0.9999998637442692,1.0,-1.362557308093315e-07,P2_global_scaling,D2_phase_randomization,,,
confirmatory,10160,history_dependent_relational_mode,largest_covariance_eigenvalue,1.5904468354931172,0.8687294477567662,1.0,-0.1312705522432338,P7_coarse_graining,D7_history_destruction,,,
confirmatory,10160,history_dependent_relational_mode,pca_rank1_explained_variance,0.13253723629109312,1.0,1.0,0.0,P1_node_permutation,D7_history_destruction,,,
confirmatory,10160,history_dependent_relational_mode,spectral_coherence,0.18698092909158692,0.7971891908249538,0.8613280326537899,-0.06413884182883611,P2_global_scaling,D4_edge_cutting,,,
confirmatory,10160,history_dependent_relational_mode,autocorrelation_persistence,0.6066331224415443,0.8410115331145693,0.9993423956399957,-0.15833086252542639,P7_coarse_graining,D5_source_swap,,,
confirmatory,10160,history_dependent_relational_mode,linear_CKA,0.021060548704886196,0.8729377789417545,1.0,-0.1270622210582455,P2_global_scaling,D3_IAAFT_surrogate,,,
confirmatory,10160,history_dependent_relational_mode,VAR_ARX_predictive,0.03200406786118032,0.9710286446218194,1.0,-0.02897135537818063,P2_global_scaling,D2_phase_randomization,,,
confirmatory,10161,persistent_shared_mode,correlon_v1,0.2586139999129821,0.9878046073966132,1.0,-0.012195392603386757,P5_observation_noise,D6_common_driver_replacement,0.12677085308622138,0.527575537458154,0.4601108180296346
confirmatory,10161,persistent_shared_mode,pearson,0.17408436830772941,0.9381218053425874,0.8987849660086584,0.03933683933392895,P4_orthogonal_basis_rotation,D6_common_driver_replacement,,,
confirmatory,10161,persistent_shared_mode,mutual_information,0.049710766345635315,0.9709383587226119,0.6657434324603385,0.3051949262622734,P5_observation_noise,D6_common_driver_replacement,,,
confirmatory,10161,persistent_shared_mode,largest_covariance_eigenvalue,2.6329306997118636,0.9387486504407699,1.0,-0.06125134955923006,P6_time_reparameterization,D6_common_driver_replacement,,,
confirmatory,10161,persistent_shared_mode,pca_rank1_explained_variance,0.2194108916426554,0.9938239826578368,1.0,-0.00617601734216322,P5_observation_noise,D6_common_driver_replacement,,,
confirmatory,10161,persistent_shared_mode,spectral_coherence,0.24524542632617793,0.6542498325379991,1.0,-0.34575016746200093,P2_global_scaling,D6_common_driver_replacement,,,
confirmatory,10161,persistent_shared_mode,autocorrelation_persistence,0.6823202325231786,0.8840226260777989,1.0,-0.11597737392220109,P7_coarse_graining,D5_source_swap,,,
confirmatory,10161,persistent_shared_mode,linear_CKA,0.1663992520528843,0.8910058189016999,0.792703035435657,0.09830278346604293,P2_global_scaling,D6_common_driver_replacement,,,
confirmatory,10161,persistent_shared_mode,VAR_ARX_predictive,0.04924652446471567,0.9855984726152021,0.9508618996874942,0.03473657292770782,P5_observation_noise,D6_common_driver_replacement,,,
confirmatory,10161,direct_coupling_SCM,correlon_v1,0.07371857534215295,0.0,1.0,-1.0,P5_observation_noise,D6_common_driver_replacement,0.026579383930197972,0.20446028262913934,0.14697129400603248
confirmatory,10161,direct_coupling_SCM,pearson,0.09561722257971025,0.9586736852332571,0.9588122697158203,-0.00013858448256320877,P4_orthogonal_basis_rotation,D6_common_driver_replacement,,,
confirmatory,10161,direct_coupling_SCM,mutual_information,0.01990574162302161,0.9999995936334216,0.9233254439212187,0.07667414971220288,P2_global_scaling,D6_common_driver_replacement,,,
confirmatory,10161,direct_coupling_SCM,largest_covariance_eigenvalue,1.949938072891674,0.8994512733100543,0.9552799965623857,-0.05582872325233146,P7_coarse_graining,D6_common_driver_replacement,,,
confirmatory,10161,direct_coupling_SCM,pca_rank1_explained_variance,0.16249483940763945,0.9976331904700945,0.955279996562386,0.04235319390770842,P5_observation_noise,D6_common_driver_replacement,,,
confirmatory,10161,direct_coupling_SCM,spectral_coherence,0.1896017345357251,0.7542124544755089,1.0,-0.2457875455244911,P2_global_scaling,D6_common_driver_replacement,,,
confirmatory,10161,direct_coupling_SCM,autocorrelation_persistence,0.6093539126617351,0.8240301242166761,0.9996630667051185,-0.1756329424884424,P7_coarse_graining,D2_phase_randomization,,,
confirmatory,10161,direct_coupling_SCM,linear_CKA,0.051884762428785106,0.43953077960729703,0.9345618394457607,-0.4950310598384636,P2_global_scaling,D6_common_driver_replacement,,,
confirmatory,10161,direct_coupling_SCM,VAR_ARX_predictive,0.06022068973217365,0.9778479288173394,0.7108623370151285,0.26698559180221093,P2_global_scaling,D6_common_driver_replacement,,,
confirmatory,10161,history_dependent_relational_mode,correlon_v1,0.04270737019262517,0.0,1.0,-1.0,P6_time_reparameterization,D6_common_driver_replacement,0.025271184460756477,0.07217388134704512,0.20968864885813276
confirmatory,10161,history_dependent_relational_mode,pearson,0.055026738592942666,0.9800222336473281,1.0,-0.0199777663526719,P5_observation_noise,D2_phase_randomization,,,
confirmatory,10161,history_dependent_relational_mode,mutual_information,0.009164106962886387,0.9580825904978698,1.0,-0.04191740950213019,P5_observation_noise,D2_phase_randomization,,,
confirmatory,10161,history_dependent_relational_mode,largest_covariance_eigenvalue,1.4195489114291746,0.8624366790978976,1.0,-0.13756332090210244,P7_coarse_graining,D1_temporal_shuffle,,,
confirmatory,10161,history_dependent_relational_mode,pca_rank1_explained_variance,0.11829574261909788,0.9854899851774369,1.0,-0.014510014822563089,P5_observation_noise,D1_temporal_shuffle,,,
confirmatory,10161,history_dependent_relational_mode,spectral_coherence,0.1319921316285621,0.9948889738739366,1.0,-0.0051110261260634005,P5_observation_noise,D1_temporal_shuffle,,,
confirmatory,10161,history_dependent_relational_mode,autocorrelation_persistence,0.6006821617272519,0.7894663682218471,1.0,-0.21053363177815287,P7_coarse_graining,D5_source_swap,,,
confirmatory,10161,history_dependent_relational_mode,linear_CKA,0.017605826808380257,0.9473381221354842,1.0,-0.052661877864515816,P2_global_scaling,D2_phase_randomization,,,
confirmatory,10161,history_dependent_relational_mode,VAR_ARX_predictive,0.03645280565833725,0.9862896022755715,0.9590291424874229,0.027260459788148617,P5_observation_noise,D3_IAAFT_surrogate,,,
confirmatory,10162,persistent_shared_mode,correlon_v1,0.504033556670814,0.9354042019617737,0.8180629945783573,0.11734120738341636,P6_time_reparameterization,D6_common_driver_replacement,0.29693506145516607,0.855573690103246,0.49252649471466914
confirmatory,10162,persistent_shared_mode,pearson,0.23078884565364183,0.902641240204955,0.7696148495611559,0.13302639064379906,P4_orthogonal_basis_rotation,D6_common_driver_replacement,,,
confirmatory,10162,persistent_shared_mode,mutual_information,0.08289161454447291,0.9798388012345998,0.45050383464332217,0.5293349665912777,P5_observation_noise,D6_common_driver_replacement,,,
confirmatory,10162,persistent_shared_mode,largest_covariance_eigenvalue,3.1747399827379175,0.9537469497396217,0.9065171995471261,0.047229750192495645,P6_time_reparameterization,D6_common_driver_replacement,,,
confirmatory,10162,persistent_shared_mode,pca_rank1_explained_variance,0.2645616652281597,0.9964523527756098,0.9065171995471266,0.08993515322848322,P5_observation_noise,D6_common_driver_replacement,,,
confirmatory,10162,persistent_shared_mode,spectral_coherence,0.2269365524947378,0.7223858651860731,1.0,-0.27761413481392694,P2_global_scaling,D6_common_driver_replacement,,,
confirmatory,10162,persistent_shared_mode,autocorrelation_persistence,0.714506856843891,0.8818046581212993,0.9994538467520471,-0.1176491886307478,P7_coarse_graining,D5_source_swap,,,
confirmatory,10162,persistent_shared_mode,linear_CKA,0.27523050459268855,0.7290894693987724,0.5982655733680571,0.13082389603071531,P2_global_scaling,D6_common_driver_replacement,,,
confirmatory,10162,persistent_shared_mode,VAR_ARX_predictive,0.042726620228556667,0.9679315689044932,1.0,-0.03206843109550683,P2_global_scaling,D6_common_driver_replacement,,,
confirmatory,10162,direct_coupling_SCM,correlon_v1,0.10634698315553462,0.721089214213184,0.9983427978019247,-0.27725358358874075,P5_observation_noise,D6_common_driver_replacement,0.04504911436316168,0.2510522345702739,0.2090023253589809
confirmatory,10162,direct_coupling_SCM,pearson,0.07456838635984245,0.9899303713593065,0.9829781361952753,0.006952235164031206,P5_observation_noise,D2_phase_randomization,,,
confirmatory,10162,direct_coupling_SCM,mutual_information,0.01412995306280107,0.9879999099055222,1.0,-0.012000090094477778,P5_observation_noise,D2_phase_randomization,,,
confirmatory,10162,direct_coupling_SCM,largest_covariance_eigenvalue,1.7806386777946157,0.8809074667935066,0.974189200800922,-0.09328173400741535,P7_coarse_graining,D8_block_shuffle,,,
confirmatory,10162,direct_coupling_SCM,pca_rank1_explained_variance,0.1483865564828846,0.9943440878784949,0.9741892008009221,0.020154887077572847,P5_observation_noise,D8_block_shuffle,,,
confirmatory,10162,direct_coupling_SCM,spectral_coherence,0.1694626460338348,0.7894435834485645,0.996025893080735,-0.2065823096321705,P2_global_scaling,D6_common_driver_replacement,,,
confirmatory,10162,direct_coupling_SCM,autocorrelation_persistence,0.6210579373522968,0.8072197984054765,0.9981177804697885,-0.19089798206431197,P7_coarse_graining,D2_phase_randomization,,,
confirmatory,10162,direct_coupling_SCM,linear_CKA,0.0317634338228349,0.501358173413416,0.986594850039917,-0.48523667662650094,P2_global_scaling,D2_phase_randomization,,,
confirmatory,10162,direct_coupling_SCM,VAR_ARX_predictive,0.052749902489506506,0.8656692184428341,0.6735237308148011,0.19214548762803296,P2_global_scaling,D8_block_shuffle,,,
confirmatory,10162,history_dependent_relational_mode,correlon_v1,0.0,0.0,1.0,-1.0,P1_node_permutation,D5_source_swap,-0.009785928978053457,-0.0627946452375033,0.032725185085105524
confirmatory,10162,history_dependent_relational_mode,pearson,0.07391024281812815,0.9788362217465569,1.0,-0.021163778253443066,P4_orthogonal_basis_rotation,D2_phase_randomization,,,
confirmatory,10162,history_dependent_relational_mode,mutual_information,0.015430834352607836,0.9918540859207169,1.0,-0.008145914079283112,P5_observation_noise,D2_phase_randomization,,,
confirmatory,10162,history_dependent_relational_mode,largest_covariance_eigenvalue,1.4790070631976435,0.8755223790533175,1.0,-0.12447762094668247,P7_coarse_graining,D5_source_swap,,,
confirmatory,10162,history_dependent_relational_mode,pca_rank1_explained_variance,0.12325058859980363,0.9999999999999993,1.0,-6.661338147750939e-16,P3_affine_offset,D5_source_swap,,,
confirmatory,10162,history_dependent_relational_mode,spectral_coherence,0.1551453093190312,0.7410621352996628,1.0,-0.2589378647003372,P2_global_scaling,D6_common_driver_replacement,,,
confirmatory,10162,history_dependent_relational_mode,autocorrelation_persistence,0.6104329071489627,0.8113586901736805,1.0,-0.18864130982631955,P7_coarse_graining,D5_source_swap,,,
confirmatory,10162,history_dependent_relational_mode,linear_CKA,0.032129300693490806,0.6058807096173684,1.0,-0.3941192903826316,P2_global_scaling,D2_phase_randomization,,,
confirmatory,10162,history_dependent_relational_mode,VAR_ARX_predictive,0.03206872939614874,0.8949847242595609,1.0,-0.10501527574043912,P2_global_scaling,D2_phase_randomization,,,
confirmatory,10163,persistent_shared_mode,correlon_v1,0.39271318137945166,0.8465813335646434,1.0,-0.15341866643535662,P6_time_reparameterization,D6_common_driver_replacement,0.19079213638512632,0.8083333294086065,0.6003834107937324
confirmatory,10163,persistent_shared_mode,pearson,0.21915239817933868,0.9445931287309601,0.7291392485206433,0.21545388021031686,P4_orthogonal_basis_rotation,D6_common_driver_replacement,,,
confirmatory,10163,persistent_shared_mode,mutual_information,0.07489565834678913,0.9922865164868656,0.48194294688072625,0.5103435696061394,P5_observation_noise,D6_common_driver_replacement,,,
confirmatory,10163,persistent_shared_mode,largest_covariance_eigenvalue,3.0246668150289917,0.9070394936016024,0.8635283505346241,0.04351114306697834,P6_time_reparameterization,D6_common_driver_replacement,,,
confirmatory,10163,persistent_shared_mode,pca_rank1_explained_variance,0.2520555679190826,0.9886627547678867,0.8635283505346244,0.12513440423326228,P5_observation_noise,D6_common_driver_replacement,,,
confirmatory,10163,persistent_shared_mode,spectral_coherence,0.23630098652977632,0.5572158795490572,1.0,-0.44278412045094284,P2_global_scaling,D6_common_driver_replacement,,,
confirmatory,10163,persistent_shared_mode,autocorrelation_persistence,0.7079126515568435,0.8745497736177641,0.9979063333371556,-0.12335655971939152,P7_coarse_graining,D2_phase_randomization,,,
confirmatory,10163,persistent_shared_mode,linear_CKA,0.2545650071729661,0.35308924174863693,0.5433148000640716,-0.1902255583154347,P2_global_scaling,D6_common_driver_replacement,,,
confirmatory,10163,persistent_shared_mode,VAR_ARX_predictive,0.04550480900008458,0.9134426684899843,0.9532450651571438,-0.039802396667159456,P2_global_scaling,D6_common_driver_replacement,,,
confirmatory,10163,direct_coupling_SCM,correlon_v1,0.0,0.0,1.0,-1.0,P1_node_permutation,D6_common_driver_replacement,-0.029072136349809125,0.03075760571415083,-0.0790951071087598
confirmatory,10163,direct_coupling_SCM,pearson,0.0647225734412124,0.9995854189700654,1.0,-0.0004145810299346353,P4_orthogonal_basis_rotation,D2_phase_randomization,,,
confirmatory,10163,direct_coupling_SCM,mutual_information,0.012207739272152796,0.9999992028751467,1.0,-7.97124853346709e-07,P2_global_scaling,D2_phase_randomization,,,
confirmatory,10163,direct_coupling_SCM,largest_covariance_eigenvalue,1.5602584039936769,0.8725197385060315,1.0,-0.12748026149396852,P7_coarse_graining,D5_source_swap,,,
confirmatory,10163,direct_coupling_SCM,pca_rank1_explained_variance,0.13002153366613972,0.9973622184196607,1.0,-0.002637781580339338,P5_observation_noise,D5_source_swap,,,
confirmatory,10163,direct_coupling_SCM,spectral_coherence,0.11565119019015208,0.9999999999999964,1.0,-3.552713678800501e-15,P3_affine_offset,D1_temporal_shuffle,,,
confirmatory,10163,direct_coupling_SCM,autocorrelation_persistence,0.6055737306445345,0.8270348553304684,1.0,-0.1729651446695316,P7_coarse_graining,D5_source_swap,,,
confirmatory,10163,direct_coupling_SCM,linear_CKA,0.024277674264584596,0.5287076038625547,1.0,-0.47129239613744534,P2_global_scaling,D2_phase_randomization,,,
confirmatory,10163,direct_coupling_SCM,VAR_ARX_predictive,0.04617632360159385,0.9975044521627315,0.7882908022806668,0.2092136498820647,P5_observation_noise,D2_phase_randomization,,,
confirmatory,10163,history_dependent_relational_mode,correlon_v1,0.0,0.0,1.0,-1.0,P1_node_permutation,D3_IAAFT_surrogate,-0.02079141432438543,-0.0635059818619544,0.006931872499551794
confirmatory,10163,history_dependent_relational_mode,pearson,0.06318432475980573,0.9636708019156253,1.0,-0.036329198084374736,P4_orthogonal_basis_rotation,D2_phase_randomization,,,
confirmatory,10163,history_dependent_relational_mode,mutual_information,0.0100465624388002,0.9602844358867387,1.0,-0.03971556411326127,P5_observation_noise,D2_phase_randomization,,,
confirmatory,10163,history_dependent_relational_mode,largest_covariance_eigenvalue,1.6984285366906458,0.8803603090291853,0.9916652077750374,-0.11130489874585214,P7_coarse_graining,D7_history_destruction,,,
confirmatory,10163,history_dependent_relational_mode,pca_rank1_explained_variance,0.1415357113908871,0.9878732774887347,0.9916652077750382,-0.0037919302863035353,P5_observation_noise,D7_history_destruction,,,
confirmatory,10163,history_dependent_relational_mode,spectral_coherence,0.13773961596810225,0.828396178552192,1.0,-0.17160382144780795,P2_global_scaling,D2_phase_randomization,,,
confirmatory,10163,history_dependent_relational_mode,autocorrelation_persistence,0.6090989825137437,0.8111706957838117,0.997918797799301,-0.1867481020154893,P7_coarse_graining,D2_phase_randomization,,,
confirmatory,10163,history_dependent_relational_mode,linear_CKA,0.02297826724272074,0.6042875973630024,1.0,-0.3957124026369976,P2_global_scaling,D2_phase_randomization,,,
confirmatory,10163,history_dependent_relational_mode,VAR_ARX_predictive,0.039203739201383925,1.0,0.9288539471620733,0.07114605283792674,P1_node_permutation,D2_phase_randomization,,,
confirmatory,10164,persistent_shared_mode,correlon_v1,0.33440412937459646,0.9982586439414678,1.0,-0.0017413560585322063,P2_global_scaling,D6_common_driver_replacement,0.16086719463482207,0.6951455950769433,0.5196329004369012
confirmatory,10164,persistent_shared_mode,pearson,0.20479303230881246,0.936061402741029,0.7779132275808714,0.15814817516015756,P4_orthogonal_basis_rotation,D6_common_driver_replacement,,,
confirmatory,10164,persistent_shared_mode,mutual_information,0.058037715435803494,0.9947310733786938,0.5327782389921869,0.4619528343865069,P5_observation_noise,D6_common_driver_replacement,,,
confirmatory,10164,persistent_shared_mode,largest_covariance_eigenvalue,2.9906641755038743,0.9594646702442259,0.9043444816654305,0.055120188578795415,P7_coarse_graining,D6_common_driver_replacement,,,
confirmatory,10164,persistent_shared_mode,pca_rank1_explained_variance,0.24922201462532287,0.9972794731615818,0.9043444816654305,0.09293499149615136,P5_observation_noise,D6_common_driver_replacement,,,
confirmatory,10164,persistent_shared_mode,spectral_coherence,0.26738557523228146,0.5398536458714888,1.0,-0.46014635412851124,P2_global_scaling,D6_common_driver_replacement,,,
confirmatory,10164,persistent_shared_mode,autocorrelation_persistence,0.6856395265077411,0.8534869126911744,1.0,-0.14651308730882562,P7_coarse_graining,D5_source_swap,,,
confirmatory,10164,persistent_shared_mode,linear_CKA,0.21973032505458262,0.3930233072135234,0.6162252638686522,-0.22320195665512876,P2_global_scaling,D6_common_driver_replacement,,,
confirmatory,10164,persistent_shared_mode,VAR_ARX_predictive,0.05555736327003735,0.9978687551939625,0.8260936260058974,0.17177512918806503,P2_global_scaling,D6_common_driver_replacement,,,
confirmatory,10164,direct_coupling_SCM,correlon_v1,0.07918067043718068,0.0,0.5236630840721964,-0.5236630840721964,P6_time_reparameterization,D2_phase_randomization,0.025310086259581588,0.24771067575907438,0.14011267917954634
confirmatory,10164,direct_coupling_SCM,pearson,0.07553224481545774,0.9999999999999994,0.9294860284667208,0.07051397153327865,P2_global_scaling,D2_phase_randomization,,,
confirmatory,10164,direct_coupling_SCM,mutual_information,0.017414109250080245,0.9999992744292473,0.8383256557205376,0.16167361870870967,P2_global_scaling,D2_phase_randomization,,,
confirmatory,10164,direct_coupling_SCM,largest_covariance_eigenvalue,1.481074764872226,0.8544868803798243,1.0,-0.14551311962017566,P7_coarse_graining,D7_history_destruction,,,
confirmatory,10164,direct_coupling_SCM,pca_rank1_explained_variance,0.12342289707268551,0.9887915091174362,1.0,-0.011208490882563815,P5_observation_noise,D7_history_destruction,,,
confirmatory,10164,direct_coupling_SCM,spectral_coherence,0.1319330606328647,0.9060449096903858,1.0,-0.09395509030961424,P2_global_scaling,D2_phase_randomization,,,
confirmatory,10164,direct_coupling_SCM,autocorrelation_persistence,0.5995034233270867,0.8025877286558556,0.9990648629465186,-0.19647713429066305,P7_coarse_graining,D2_phase_randomization,,,
confirmatory,10164,direct_coupling_SCM,linear_CKA,0.03331548802993476,0.6454321168554509,0.8762284832379293,-0.23079636638247847,P2_global_scaling,D2_phase_randomization,,,
confirmatory,10164,direct_coupling_SCM,VAR_ARX_predictive,0.05610435999933683,0.7858569629340526,0.663496586549018,0.12236037638503461,P2_global_scaling,D2_phase_randomization,,,
confirmatory,10164,history_dependent_relational_mode,correlon_v1,0.0,0.0,1.0,-1.0,P1_node_permutation,D5_source_swap,0.0192952604567177,-0.1228726897599523,-0.06796903632812468
confirmatory,10164,history_dependent_relational_mode,pearson,0.05945789836783344,0.995231798467722,1.0,-0.004768201532277971,P4_orthogonal_basis_rotation,D2_phase_randomization,,,
confirmatory,10164,history_dependent_relational_mode,mutual_information,0.010462398993131061,0.999999391243054,1.0,-6.087569459634068e-07,P2_global_scaling,D2_phase_randomization,,,
confirmatory,10164,history_dependent_relational_mode,largest_covariance_eigenvalue,1.4712593232087388,0.8873010982564165,1.0,-0.11269890174358355,P7_coarse_graining,D5_source_swap,,,
confirmatory,10164,history_dependent_relational_mode,pca_rank1_explained_variance,0.12260494360072827,0.9955590358327167,1.0,-0.0044409641672833455,P5_observation_noise,D5_source_swap,,,
confirmatory,10164,history_dependent_relational_mode,spectral_coherence,0.18888948936485833,0.6298083140205016,0.937722739990576,-0.30791442597007435,P2_global_scaling,D6_common_driver_replacement,,,
confirmatory,10164,history_dependent_relational_mode,autocorrelation_persistence,0.6125973825585864,0.8177630037631128,0.9998101043423518,-0.182047100579239,P7_coarse_graining,D2_phase_randomization,,,
confirmatory,10164,history_dependent_relational_mode,linear_CKA,0.02057838735318238,0.5501863941652003,1.0,-0.4498136058347997,P2_global_scaling,D2_phase_randomization,,,
confirmatory,10164,history_dependent_relational_mode,VAR_ARX_predictive,0.04157927063233691,0.9999999999999973,0.9371851402328374,0.06281485976715995,P1_node_permutation,D2_phase_randomization,,,
confirmatory,10165,persistent_shared_mode,correlon_v1,0.34821050281948246,0.747569158074609,1.0,-0.252430841925391,P6_time_reparameterization,D6_common_driver_replacement,0.17487158794440322,0.6933690927101656,0.45564160703705037
confirmatory,10165,persistent_shared_mode,pearson,0.2601559358574177,0.8270015574616699,0.8026464444950819,0.02435511296658799,P4_orthogonal_basis_rotation,D6_common_driver_replacement,,,
confirmatory,10165,persistent_shared_mode,mutual_information,0.08248987999015034,0.9999993697750263,0.5989808903401436,0.4010184794348828,P2_global_scaling,D6_common_driver_replacement,,,
confirmatory,10165,persistent_shared_mode,largest_covariance_eigenvalue,3.5469906883761038,0.9343177344589589,0.8871723707284677,0.047145363730491274,P6_time_reparameterization,D6_common_driver_replacement,,,
confirmatory,10165,persistent_shared_mode,pca_rank1_explained_variance,0.2955825573646754,0.9722045978702726,0.8871723707284671,0.08503222714180547,P2_global_scaling,D6_common_driver_replacement,,,
confirmatory,10165,persistent_shared_mode,spectral_coherence,0.2330855303326551,0.7351870676986783,1.0,-0.26481293230132175,P2_global_scaling,D6_common_driver_replacement,,,
confirmatory,10165,persistent_shared_mode,autocorrelation_persistence,0.7105993692718443,0.9014301297827573,0.9980617828296816,-0.09663165304692434,P7_coarse_graining,D2_phase_randomization,,,
confirmatory,10165,persistent_shared_mode,linear_CKA,0.3288639630525927,0.5618389496595332,0.6739281305726076,-0.1120891809130744,P2_global_scaling,D6_common_driver_replacement,,,
confirmatory,10165,persistent_shared_mode,VAR_ARX_predictive,0.056831757670636696,0.8907087522233144,0.8255692095568831,0.0651395426664313,P2_global_scaling,D6_common_driver_replacement,,,
confirmatory,10165,direct_coupling_SCM,correlon_v1,0.0,0.0,1.0,-1.0,P1_node_permutation,D7_history_destruction,0.010316176319301096,-0.004345840774684369,-0.004897943823982787
confirmatory,10165,direct_coupling_SCM,pearson,0.08259212144944467,0.9401322122870394,0.9065868479268325,0.03354536436020683,P4_orthogonal_basis_rotation,D6_common_driver_replacement,,,
confirmatory,10165,direct_coupling_SCM,mutual_information,0.01698108753333294,1.0,0.7162728128450343,0.2837271871549657,P1_node_permutation,D6_common_driver_replacement,,,
confirmatory,10165,direct_coupling_SCM,largest_covariance_eigenvalue,1.7061633594650463,0.8779231465156103,1.0,-0.12207685348438968,P7_coarse_graining,D6_common_driver_replacement,,,
confirmatory,10165,direct_coupling_SCM,pca_rank1_explained_variance,0.14218027995542049,0.9944521297427571,1.0,-0.005547870257242904,P5_observation_noise,D6_common_driver_replacement,,,
confirmatory,10165,direct_coupling_SCM,spectral_coherence,0.1710326582391657,0.984568449458097,1.0,-0.015431550541903039,P5_observation_noise,D6_common_driver_replacement,,,
confirmatory,10165,direct_coupling_SCM,autocorrelation_persistence,0.6037035701280073,0.8019244696517009,1.0,-0.19807553034829906,P7_coarse_graining,D5_source_swap,,,
confirmatory,10165,direct_coupling_SCM,linear_CKA,0.03956438812648114,1.0,0.8261705896637528,0.17382941033624721,P1_node_permutation,D6_common_driver_replacement,,,
confirmatory,10165,direct_coupling_SCM,VAR_ARX_predictive,0.052345687636344396,0.9943761122879411,0.7506539764245086,0.2437221358634325,P5_observation_noise,D8_block_shuffle,,,
confirmatory,10165,history_dependent_relational_mode,correlon_v1,0.0,0.0,1.0,-1.0,P1_node_permutation,D4_edge_cutting,-0.0031817608583916135,0.026092804320599405,-0.029470876976058158
confirmatory,10165,history_dependent_relational_mode,pearson,0.05343186559083901,0.9872586986184932,1.0,-0.012741301381506753,P5_observation_noise,D3_IAAFT_surrogate,,,
confirmatory,10165,history_dependent_relational_mode,mutual_information,0.009073580678469195,0.9676886932480255,1.0,-0.03231130675197447,P5_observation_noise,D3_IAAFT_surrogate,,,
confirmatory,10165,history_dependent_relational_mode,largest_covariance_eigenvalue,1.3582250403565022,0.8577299155636071,1.0,-0.14227008443639289,P7_coarse_graining,D1_temporal_shuffle,,,
confirmatory,10165,history_dependent_relational_mode,pca_rank1_explained_variance,0.11318542002970851,0.9870923796313296,1.0,-0.012907620368670436,P5_observation_noise,D1_temporal_shuffle,,,
confirmatory,10165,history_dependent_relational_mode,spectral_coherence,0.12150502040853817,0.8109650752789513,1.0,-0.18903492472104866,P2_global_scaling,D1_temporal_shuffle,,,
confirmatory,10165,history_dependent_relational_mode,autocorrelation_persistence,0.6170456369096843,0.803004318481319,0.9974249913170197,-0.19442067283570064,P7_coarse_graining,D2_phase_randomization,,,
confirmatory,10165,history_dependent_relational_mode,linear_CKA,0.01668494916244028,0.6962951893001741,1.0,-0.3037048106998259,P2_global_scaling,D3_IAAFT_surrogate,,,
confirmatory,10165,history_dependent_relational_mode,VAR_ARX_predictive,0.036976682539969885,1.0,0.8901666834791944,0.10983331652080564,P1_node_permutation,D4_edge_cutting,,,
confirmatory,10166,persistent_shared_mode,correlon_v1,0.40023616687843094,0.9559908494080553,1.0,-0.04400915059194466,P5_observation_noise,D6_common_driver_replacement,0.19462875070891997,0.8230489518843612,0.5860549573128901
confirmatory,10166,persistent_shared_mode,pearson,0.2480091201353404,0.8717026009134162,0.7744491867078682,0.097253414205548,P4_orthogonal_basis_rotation,D6_common_driver_replacement,,,
confirmatory,10166,persistent_shared_mode,mutual_information,0.08851761879631226,0.9808244623608412,0.5424673416123393,0.43835712074850186,P5_observation_noise,D6_common_driver_replacement,,,
confirmatory,10166,persistent_shared_mode,largest_covariance_eigenvalue,3.3694935047626764,0.9473348017214838,0.8736392088305125,0.07369559289097127,P6_time_reparameterization,D6_common_driver_replacement,,,
confirmatory,10166,persistent_shared_mode,pca_rank1_explained_variance,0.28079112539688955,0.9953967884135677,0.8736392088305132,0.12175757958305455,P5_observation_noise,D6_common_driver_replacement,,,
confirmatory,10166,persistent_shared_mode,spectral_coherence,0.18575961957184708,0.9999999999999994,1.0,-5.551115123125783e-16,P4_orthogonal_basis_rotation,D6_common_driver_replacement,,,
confirmatory,10166,persistent_shared_mode,autocorrelation_persistence,0.722308360750277,0.8860930506888337,0.998112464763357,-0.11201941407452332,P7_coarse_graining,D2_phase_randomization,,,
confirmatory,10166,persistent_shared_mode,linear_CKA,0.30952172546531326,0.9819132778583078,0.6230583617179255,0.35885491614038234,P5_observation_noise,D6_common_driver_replacement,,,
confirmatory,10166,persistent_shared_mode,VAR_ARX_predictive,0.050217772659802595,0.9999999999999967,0.8279335059091023,0.17206649409089436,P1_node_permutation,D6_common_driver_replacement,,,
confirmatory,10166,direct_coupling_SCM,correlon_v1,0.038587310442525294,0.0,1.0,-1.0,P6_time_reparameterization,D6_common_driver_replacement,0.02519131423630104,0.059106901419306634,0.1585428020346203
confirmatory,10166,direct_coupling_SCM,pearson,0.07381489367763627,0.984188999802737,1.0,-0.015811000197263003,P5_observation_noise,D2_phase_randomization,,,
confirmatory,10166,direct_coupling_SCM,mutual_information,0.014744095375036959,0.9716849852343885,1.0,-0.02831501476561149,P5_observation_noise,D2_phase_randomization,,,
confirmatory,10166,direct_coupling_SCM,largest_covariance_eigenvalue,1.6861519691294014,0.8906848337961262,0.9681666443010294,-0.07748181050490321,P7_coarse_graining,D8_block_shuffle,,,
confirmatory,10166,direct_coupling_SCM,pca_rank1_explained_variance,0.14051266409411686,0.9934598427501682,0.9681666443010292,0.02529319844913902,P5_observation_noise,D8_block_shuffle,,,
confirmatory,10166,direct_coupling_SCM,spectral_coherence,0.1608397024573667,0.875184177374736,1.0,-0.12481582262526403,P6_time_reparameterization,D4_edge_cutting,,,
confirmatory,10166,direct_coupling_SCM,autocorrelation_persistence,0.6287968120934058,0.8080314828843715,0.9983619815679298,-0.19033049868355822,P7_coarse_graining,D3_IAAFT_surrogate,,,
confirmatory,10166,direct_coupling_SCM,linear_CKA,0.031518146018880824,0.9731762168257281,1.0,-0.02682378317427192,P5_observation_noise,D2_phase_randomization,,,
confirmatory,10166,direct_coupling_SCM,VAR_ARX_predictive,0.05595134369434562,0.9879064494766238,0.642797971802394,0.3451084776742298,P5_observation_noise,D4_edge_cutting,,,
confirmatory,10166,history_dependent_relational_mode,correlon_v1,0.0,0.0,1.0,-1.0,P1_node_permutation,D6_common_driver_replacement,-0.014170434095986686,-0.013696937217049628,-0.052684852772178575
confirmatory,10166,history_dependent_relational_mode,pearson,0.0674701677644865,0.994704591440523,0.9858620606837377,0.008842530756785316,P4_orthogonal_basis_rotation,D5_source_swap,,,
confirmatory,10166,history_dependent_relational_mode,mutual_information,0.013034852394421037,0.9917130876390021,1.0,-0.008286912360997878,P5_observation_noise,D5_source_swap,,,
confirmatory,10166,history_dependent_relational_mode,largest_covariance_eigenvalue,1.5201014825097068,0.873854749804686,1.0,-0.12614525019531397,P7_coarse_graining,D5_source_swap,,,
confirmatory,10166,history_dependent_relational_mode,pca_rank1_explained_variance,0.12667512354247554,0.9933433722510463,1.0,-0.006656627748953703,P5_observation_noise,D5_source_swap,,,
confirmatory,10166,history_dependent_relational_mode,spectral_coherence,0.14460195743441806,0.9019029626303253,1.0,-0.09809703736967468,P6_time_reparameterization,D2_phase_randomization,,,
confirmatory,10166,history_dependent_relational_mode,autocorrelation_persistence,0.5945736972847641,0.8033494503171804,1.0,-0.1966505496828196,P7_coarse_graining,D5_source_swap,,,
confirmatory,10166,history_dependent_relational_mode,linear_CKA,0.026538079374860562,0.6160418882999275,0.9645909446526072,-0.34854905635267974,P2_global_scaling,D5_source_swap,,,
confirmatory,10166,history_dependent_relational_mode,VAR_ARX_predictive,0.03442776151432786,0.9378678671160124,0.9918370398907682,-0.05396917277475577,P2_global_scaling,D2_phase_randomization,,,
confirmatory,10167,persistent_shared_mode,correlon_v1,0.45167954174306296,0.8758615680240085,0.9602215042297982,-0.08435993620578974,P6_time_reparameterization,D6_common_driver_replacement,0.26261436922206344,0.7768592748126105,0.5630162606732918
confirmatory,10167,persistent_shared_mode,pearson,0.19243382998134298,0.936133718653718,0.8197950912305437,0.11633862742317425,P4_orthogonal_basis_rotation,D6_common_driver_replacement,,,
confirmatory,10167,persistent_shared_mode,mutual_information,0.06365113494144858,0.9776953177635702,0.5779630335661741,0.39973228419739615,P5_observation_noise,D6_common_driver_replacement,,,
confirmatory,10167,persistent_shared_mode,largest_covariance_eigenvalue,2.737338292154344,0.9606949790954575,0.9357230253100659,0.024971953785391632,P7_coarse_graining,D6_common_driver_replacement,,,
confirmatory,10167,persistent_shared_mode,pca_rank1_explained_variance,0.22811152434619528,0.9961596114933782,0.9357230253100662,0.060436586183311936,P5_observation_noise,D6_common_driver_replacement,,,
confirmatory,10167,persistent_shared_mode,spectral_coherence,0.21434272314621355,0.7325523917104699,1.0,-0.26744760828953007,P2_global_scaling,D6_common_driver_replacement,,,
confirmatory,10167,persistent_shared_mode,autocorrelation_persistence,0.6842919546349341,0.8836531107909052,1.0,-0.11634688920909475,P7_coarse_graining,D5_source_swap,,,
confirmatory,10167,persistent_shared_mode,linear_CKA,0.20212265131668633,0.6960582009011637,0.6758691532850525,0.020189047616111178,P2_global_scaling,D6_common_driver_replacement,,,
confirmatory,10167,persistent_shared_mode,VAR_ARX_predictive,0.0417655828788398,0.9999999999999987,0.8524386013860932,0.1475613986139055,P3_affine_offset,D6_common_driver_replacement,,,
confirmatory,10167,direct_coupling_SCM,correlon_v1,0.0,0.0,1.0,-1.0,P1_node_permutation,D1_temporal_shuffle,-0.030790433120668287,0.054599783586851004,-0.1143308272319935
confirmatory,10167,direct_coupling_SCM,pearson,0.06580000339055167,0.9822065035130249,0.9937387055379072,-0.011532202024882365,P4_orthogonal_basis_rotation,D6_common_driver_replacement,,,
confirmatory,10167,direct_coupling_SCM,mutual_information,0.012602681662653548,0.9894685407849528,0.8895134069672674,0.0999551338176854,P5_observation_noise,D8_block_shuffle,,,
confirmatory,10167,direct_coupling_SCM,largest_covariance_eigenvalue,1.566727691711903,0.8781461494794934,0.9995265105272848,-0.12138036104779137,P7_coarse_graining,D6_common_driver_replacement,,,
confirmatory,10167,direct_coupling_SCM,pca_rank1_explained_variance,0.13056064097599193,1.0,0.9995265105272849,0.0004734894727150829,P1_node_permutation,D6_common_driver_replacement,,,
confirmatory,10167,direct_coupling_SCM,spectral_coherence,0.12814977551509193,0.9315250233771267,1.0,-0.06847497662287327,P5_observation_noise,D1_temporal_shuffle,,,
confirmatory,10167,direct_coupling_SCM,autocorrelation_persistence,0.6146016306616142,0.8055416723948032,1.0,-0.19445832760519677,P7_coarse_graining,D5_source_swap,,,
confirmatory,10167,direct_coupling_SCM,linear_CKA,0.02487844250907734,0.6731822569914742,1.0,-0.32681774300852584,P2_global_scaling,D6_common_driver_replacement,,,
confirmatory,10167,direct_coupling_SCM,VAR_ARX_predictive,0.06086950413905917,0.9303853153368166,0.626160871062125,0.30422444427469153,P2_global_scaling,D4_edge_cutting,,,
confirmatory,10167,history_dependent_relational_mode,correlon_v1,0.0,0.0,1.0,-1.0,P1_node_permutation,D2_phase_randomization,0.012686859417606708,-0.03773188081457457,-0.015548133604572079
confirmatory,10167,history_dependent_relational_mode,pearson,0.061807377130686084,0.972842779896327,1.0,-0.027157220103673052,P5_observation_noise,D8_block_shuffle,,,
confirmatory,10167,history_dependent_relational_mode,mutual_information,0.01139770203170476,0.9396549226494628,1.0,-0.06034507735053718,P5_observation_noise,D8_block_shuffle,,,
confirmatory,10167,history_dependent_relational_mode,largest_covariance_eigenvalue,1.605073656983369,0.8823101250909919,1.0,-0.11768987490900806,P7_coarse_graining,D8_block_shuffle,,,
confirmatory,10167,history_dependent_relational_mode,pca_rank1_explained_variance,0.13375613808194745,0.9942845553442495,1.0,-0.005715444655750468,P5_observation_noise,D8_block_shuffle,,,
confirmatory,10167,history_dependent_relational_mode,spectral_coherence,0.15322052040628634,0.7511548603234788,1.0,-0.24884513967652122,P6_time_reparameterization,D6_common_driver_replacement,,,
confirmatory,10167,history_dependent_relational_mode,autocorrelation_persistence,0.6397569037368102,0.8332161883676545,0.9990121610677473,-0.16579597270009272,P7_coarse_graining,D2_phase_randomization,,,
confirmatory,10167,history_dependent_relational_mode,linear_CKA,0.021986709927153864,0.617290615807923,1.0,-0.382709384192077,P2_global_scaling,D8_block_shuffle,,,
confirmatory,10167,history_dependent_relational_mode,VAR_ARX_predictive,0.04194026192468098,0.943732472001918,0.9045789875228173,0.03915348447910072,P2_global_scaling,D4_edge_cutting,,,
confirmatory,10168,persistent_shared_mode,correlon_v1,0.2967738787502712,0.8375617784009272,0.9950573429499256,-0.1574955645489985,P5_observation_noise,D6_common_driver_replacement,0.12231457226480977,0.7200673924428219,0.5016990391897764
confirmatory,10168,persistent_shared_mode,pearson,0.1816944587179751,0.8828457550568531,0.7710917617968531,0.11175399326000002,P4_orthogonal_basis_rotation,D6_common_driver_replacement,,,
confirmatory,10168,persistent_shared_mode,mutual_information,0.0535369049379989,0.9795861095495768,0.5087076310658527,0.4708784784837241,P5_observation_noise,D6_common_driver_replacement,,,
confirmatory,10168,persistent_shared_mode,largest_covariance_eigenvalue,2.699929013567921,0.9386976745074336,0.9303999013118647,0.008297773195568903,P6_time_reparameterization,D6_common_driver_replacement,,,
confirmatory,10168,persistent_shared_mode,pca_rank1_explained_variance,0.2249940844639935,0.992997076269747,0.9303999013118645,0.06259717495788253,P5_observation_noise,D6_common_driver_replacement,,,
confirmatory,10168,persistent_shared_mode,spectral_coherence,0.3027069239009815,0.7416259416047236,0.8365501361100158,-0.09492419450529221,P2_global_scaling,D6_common_driver_replacement,,,
confirmatory,10168,persistent_shared_mode,autocorrelation_persistence,0.6928481587128602,0.8606312897459041,1.0,-0.13936871025409592,P7_coarse_graining,D5_source_swap,,,
confirmatory,10168,persistent_shared_mode,linear_CKA,0.17931924762528514,0.6449087407749128,0.5936431704976414,0.05126557027727141,P2_global_scaling,D6_common_driver_replacement,,,
confirmatory,10168,persistent_shared_mode,VAR_ARX_predictive,0.04375319340281775,0.9410024657445274,1.0,-0.058997534255472606,P2_global_scaling,D6_common_driver_replacement,,,
confirmatory,10168,direct_coupling_SCM,correlon_v1,0.0,0.0,1.0,-1.0,P1_node_permutation,D1_temporal_shuffle,0.014036022420918878,-0.003372156012438017,0.039960706127026624
confirmatory,10168,direct_coupling_SCM,pearson,0.054671669553503735,0.9908259567183232,1.0,-0.009174043281676814,P5_observation_noise,D2_phase_randomization,,,
confirmatory,10168,direct_coupling_SCM,mutual_information,0.00874778415995181,0.9837408999865239,1.0,-0.01625910001347608,P5_observation_noise,D2_phase_randomization,,,
confirmatory,10168,direct_coupling_SCM,largest_covariance_eigenvalue,1.399227856655262,0.8587898113867412,1.0,-0.14121018861325885,P7_coarse_graining,D1_temporal_shuffle,,,
confirmatory,10168,direct_coupling_SCM,pca_rank1_explained_variance,0.11660232138793852,0.9999999999999994,1.0,-5.551115123125783e-16,P3_affine_offset,D1_temporal_shuffle,,,
confirmatory,10168,direct_coupling_SCM,spectral_coherence,0.2268011460293458,0.6102721777903678,0.6993954705998452,-0.0891232928094774,P2_global_scaling,D6_common_driver_replacement,,,
confirmatory,10168,direct_coupling_SCM,autocorrelation_persistence,0.5960770934119822,0.8070944860540825,1.0,-0.19290551394591748,P7_coarse_graining,D5_source_swap,,,
confirmatory,10168,direct_coupling_SCM,linear_CKA,0.01750928132816415,0.9864837650173391,1.0,-0.013516234982660857,P5_observation_noise,D2_phase_randomization,,,
confirmatory,10168,direct_coupling_SCM,VAR_ARX_predictive,0.05666380091518308,0.7505821066305808,0.6322115814025362,0.11837052522804459,P2_global_scaling,D5_source_swap,,,
confirmatory,10168,history_dependent_relational_mode,correlon_v1,0.08761307975006374,0.0,0.6650530291941326,-0.6650530291941326,P7_coarse_graining,D3_IAAFT_surrogate,0.02348865854747227,0.3267982174366057,0.03940174195772339
confirmatory,10168,history_dependent_relational_mode,pearson,0.0717043973472315,0.9926493531620324,0.9831745890192525,0.009474764142779923,P4_orthogonal_basis_rotation,D3_IAAFT_surrogate,,,
confirmatory,10168,history_dependent_relational_mode,mutual_information,0.014818762101675875,1.0,0.9700112060346998,0.029988793965300187,P1_node_permutation,D3_IAAFT_surrogate,,,
confirmatory,10168,history_dependent_relational_mode,largest_covariance_eigenvalue,1.6695309620682308,0.8824021646954461,0.9612819704651404,-0.07887980576969433,P7_coarse_graining,D8_block_shuffle,,,
confirmatory,10168,history_dependent_relational_mode,pca_rank1_explained_variance,0.13912758017235252,0.9933296612971099,0.9612819704651405,0.032047690831969344,P5_observation_noise,D8_block_shuffle,,,
confirmatory,10168,history_dependent_relational_mode,spectral_coherence,0.12471144634366142,0.9999999999999969,1.0,-3.1086244689504383e-15,P4_orthogonal_basis_rotation,D6_common_driver_replacement,,,
confirmatory,10168,history_dependent_relational_mode,autocorrelation_persistence,0.6248927149798088,0.8341203158638161,0.9986855538091277,-0.16456523794531164,P7_coarse_graining,D2_phase_randomization,,,
confirmatory,10168,history_dependent_relational_mode,linear_CKA,0.029400086555253873,0.5607085992144291,0.9951717405546361,-0.434463141340207,P2_global_scaling,D3_IAAFT_surrogate,,,
confirmatory,10168,history_dependent_relational_mode,VAR_ARX_predictive,0.03363318655207548,0.9355859970997016,1.0,-0.06441400290029842,P2_global_scaling,D6_common_driver_replacement,,,
confirmatory,10169,persistent_shared_mode,correlon_v1,0.1864449206996265,0.9450109947009628,1.0,-0.054989005299037164,P5_observation_noise,D6_common_driver_replacement,0.1125831435176532,0.3087647703604877,0.36594393981828516
confirmatory,10169,persistent_shared_mode,pearson,0.23515546174407256,0.8696177230721404,0.8255264585941545,0.044091264477985836,P4_orthogonal_basis_rotation,D6_common_driver_replacement,,,
confirmatory,10169,persistent_shared_mode,mutual_information,0.0687581677402177,0.9990273882545091,0.6288599475564857,0.37016744069802343,P5_observation_noise,D6_common_driver_replacement,,,
confirmatory,10169,persistent_shared_mode,largest_covariance_eigenvalue,3.3047938371008474,0.9317093696978498,0.9177956560764462,0.01391371362140359,P6_time_reparameterization,D6_common_driver_replacement,,,
confirmatory,10169,persistent_shared_mode,pca_rank1_explained_variance,0.27539948642507056,0.9942982979689632,0.9177956560764466,0.07650264189251654,P5_observation_noise,D6_common_driver_replacement,,,
confirmatory,10169,persistent_shared_mode,spectral_coherence,0.29486974244249975,0.4946779683260903,0.9735320049977104,-0.47885403667162013,P2_global_scaling,D6_common_driver_replacement,,,
confirmatory,10169,persistent_shared_mode,autocorrelation_persistence,0.7104951184981942,0.8769033114166371,0.9981017991685165,-0.12119848775187936,P7_coarse_graining,D2_phase_randomization,,,
confirmatory,10169,persistent_shared_mode,linear_CKA,0.2799663346051504,0.7104820540966454,0.6926891856538762,0.017792868442769283,P2_global_scaling,D6_common_driver_replacement,,,
confirmatory,10169,persistent_shared_mode,VAR_ARX_predictive,0.05270792132652069,0.9724858447933683,0.8256404098172577,0.14684543497611058,P5_observation_noise,D6_common_driver_replacement,,,
confirmatory,10169,direct_coupling_SCM,correlon_v1,0.06865096248311604,0.0,1.0,-1.0,P6_time_reparameterization,D7_history_destruction,0.04338006265551818,0.10864333431889808,-0.04781210536976163
confirmatory,10169,direct_coupling_SCM,pearson,0.06500514691572691,0.963313955736624,0.9760663741416872,-0.012752418405063137,P5_observation_noise,D2_phase_randomization,,,
confirmatory,10169,direct_coupling_SCM,mutual_information,0.011102859541165189,0.9265448015315441,1.0,-0.07345519846845594,P5_observation_noise,D2_phase_randomization,,,
confirmatory,10169,direct_coupling_SCM,largest_covariance_eigenvalue,1.6436548362564922,0.8710823742679441,0.9675194221596006,-0.09643704789165652,P7_coarse_graining,D5_source_swap,,,
confirmatory,10169,direct_coupling_SCM,pca_rank1_explained_variance,0.13697123635470768,0.9937610981951092,0.9675194221596011,0.026241676035508088,P5_observation_noise,D5_source_swap,,,
confirmatory,10169,direct_coupling_SCM,spectral_coherence,0.12273821917407682,0.9876080185140877,1.0,-0.012391981485912251,P5_observation_noise,D2_phase_randomization,,,
confirmatory,10169,direct_coupling_SCM,autocorrelation_persistence,0.6140409616485757,0.8168099678949051,0.998097490335917,-0.18128752244101187,P7_coarse_graining,D2_phase_randomization,,,
confirmatory,10169,direct_coupling_SCM,linear_CKA,0.02441396790930209,0.48133200716268354,0.965794821525393,-0.48446281436270944,P2_global_scaling,D2_phase_randomization,,,
confirmatory,10169,direct_coupling_SCM,VAR_ARX_predictive,0.04809743134202338,0.9496041897632213,0.6866066576079338,0.26299753215528743,P2_global_scaling,D5_source_swap,,,
confirmatory,10169,history_dependent_relational_mode,correlon_v1,0.00207731414007233,0.0,1.0,-1.0,P7_coarse_graining,D4_edge_cutting,0.02395816037906319,0.00018011541655408095,0.05017034723906366
confirmatory,10169,history_dependent_relational_mode,pearson,0.06260584613015444,0.9813405547978845,1.0,-0.018659445202115488,P5_observation_noise,D2_phase_randomization,,,
confirmatory,10169,history_dependent_relational_mode,mutual_information,0.01006875092670867,0.9576208472116032,1.0,-0.04237915278839677,P5_observation_noise,D2_phase_randomization,,,
confirmatory,10169,history_dependent_relational_mode,largest_covariance_eigenvalue,1.661112520860974,0.8589928874706484,1.0,-0.1410071125293516,P7_coarse_graining,D7_history_destruction,,,
confirmatory,10169,history_dependent_relational_mode,pca_rank1_explained_variance,0.13842604340508122,0.9953405631051929,1.0,-0.0046594368948070786,P5_observation_noise,D7_history_destruction,,,
confirmatory,10169,history_dependent_relational_mode,spectral_coherence,0.15244756909378743,0.7628267976090902,0.9688739325456511,-0.2060471349365609,P6_time_reparameterization,D6_common_driver_replacement,,,
confirmatory,10169,history_dependent_relational_mode,autocorrelation_persistence,0.605190922260796,0.8368311675700866,0.999212480283789,-0.16238131271370237,P7_coarse_graining,D2_phase_randomization,,,
confirmatory,10169,history_dependent_relational_mode,linear_CKA,0.022653223562550503,0.7327882462595764,1.0,-0.2672117537404236,P2_global_scaling,D2_phase_randomization,,,
confirmatory,10169,history_dependent_relational_mode,VAR_ARX_predictive,0.03643908892364389,0.9561277183736402,1.0,-0.04387228162635981,P2_global_scaling,D5_source_swap,,,
confirmatory,10170,persistent_shared_mode,correlon_v1,0.3240844869798322,0.9647175347006113,0.9857996593271608,-0.02108212462654957,P5_observation_noise,D6_common_driver_replacement,0.1346634599524189,0.7799499191398462,0.4259202559686559
confirmatory,10170,persistent_shared_mode,pearson,0.15686542389402652,0.9598028769986513,0.8030553702293031,0.15674750676934823,P4_orthogonal_basis_rotation,D6_common_driver_replacement,,,
confirmatory,10170,persistent_shared_mode,mutual_information,0.05335984793628312,0.9908688021216775,0.4897459222724805,0.501122879849197,P5_observation_noise,D6_common_driver_replacement,,,
confirmatory,10170,persistent_shared_mode,largest_covariance_eigenvalue,2.348418706049948,0.953218630676148,0.9640600549855285,-0.01084142430938051,P7_coarse_graining,D6_common_driver_replacement,,,
confirmatory,10170,persistent_shared_mode,pca_rank1_explained_variance,0.19570155883749565,0.9916275186010131,0.9640600549855288,0.027567463615484233,P5_observation_noise,D6_common_driver_replacement,,,
confirmatory,10170,persistent_shared_mode,spectral_coherence,0.20752897391197805,0.762478177255692,1.0,-0.237521822744308,P2_global_scaling,D6_common_driver_replacement,,,
confirmatory,10170,persistent_shared_mode,autocorrelation_persistence,0.6837269667939038,0.8639912465062707,1.0,-0.13600875349372932,P7_coarse_graining,D5_source_swap,,,
confirmatory,10170,persistent_shared_mode,linear_CKA,0.13963318600196217,0.9784904597378167,0.6400359778325279,0.3384544819052888,P5_observation_noise,D6_common_driver_replacement,,,
confirmatory,10170,persistent_shared_mode,VAR_ARX_predictive,0.044044007601096724,0.9795378877884269,0.9319298960525952,0.047607991735831634,P5_observation_noise,D6_common_driver_replacement,,,
confirmatory,10170,direct_coupling_SCM,correlon_v1,0.02930654705182534,0.0,1.0,-1.0,P5_observation_noise,D6_common_driver_replacement,0.0067501409456425104,0.12723789132955665,-0.0014335880033873871
confirmatory,10170,direct_coupling_SCM,pearson,0.07789220051227094,0.9778194793438296,0.8577603067212227,0.1200591726226069,P5_observation_noise,D2_phase_randomization,,,
confirmatory,10170,direct_coupling_SCM,mutual_information,0.015216534004948157,0.9396905965525602,0.8853111190651225,0.054379477487437655,P5_observation_noise,D2_phase_randomization,,,
confirmatory,10170,direct_coupling_SCM,largest_covariance_eigenvalue,1.7994995389739632,0.8875779331746619,1.0,-0.11242206682533806,P7_coarse_graining,D7_history_destruction,,,
confirmatory,10170,direct_coupling_SCM,pca_rank1_explained_variance,0.14995829491449694,0.9998457450974497,1.0,-0.00015425490255027707,P5_observation_noise,D7_history_destruction,,,
confirmatory,10170,direct_coupling_SCM,spectral_coherence,0.12601622782769129,0.9355744752928863,1.0,-0.06442552470711371,P5_observation_noise,D2_phase_randomization,,,
confirmatory,10170,direct_coupling_SCM,autocorrelation_persistence,0.6094675443717984,0.7922075326774359,0.99854827969909,-0.20634074702165406,P7_coarse_graining,D2_phase_randomization,,,
confirmatory,10170,direct_coupling_SCM,linear_CKA,0.03465009591902293,0.701249545514116,0.765156418881973,-0.06390687336785705,P2_global_scaling,D2_phase_randomization,,,
confirmatory,10170,direct_coupling_SCM,VAR_ARX_predictive,0.051309759179657466,0.9999999999999979,0.8043732807210722,0.19562671927892572,P4_orthogonal_basis_rotation,D6_common_driver_replacement,,,
confirmatory,10170,history_dependent_relational_mode,correlon_v1,0.018192447411757445,0.0,1.0,-1.0,P5_observation_noise,D5_source_swap,0.038295965092670095,0.008642298007862644,-0.0012335300011873107
confirmatory,10170,history_dependent_relational_mode,pearson,0.06612930697399247,0.9650299632028619,0.9569496777383928,0.00808028546446915,P5_observation_noise,D5_source_swap,,,
confirmatory,10170,history_dependent_relational_mode,mutual_information,0.013045965643180946,0.9501167877263869,0.9457593050013461,0.004357482725040773,P5_observation_noise,D4_edge_cutting,,,
confirmatory,10170,history_dependent_relational_mode,largest_covariance_eigenvalue,1.5341799396566724,0.883129430828546,1.0,-0.116870569171454,P7_coarse_graining,D5_source_swap,,,
confirmatory,10170,history_dependent_relational_mode,pca_rank1_explained_variance,0.12784832830472267,0.9800186249945649,1.0,-0.019981375005435065,P5_observation_noise,D5_source_swap,,,
confirmatory,10170,history_dependent_relational_mode,spectral_coherence,0.12840140566500088,0.9131230394405949,1.0,-0.08687696055940508,P5_observation_noise,D1_temporal_shuffle,,,
confirmatory,10170,history_dependent_relational_mode,autocorrelation_persistence,0.6118639487982919,0.8089049130971979,1.0,-0.19109508690280208,P7_coarse_graining,D5_source_swap,,,
confirmatory,10170,history_dependent_relational_mode,linear_CKA,0.025347111609995643,0.7776960686682408,0.9157670441295401,-0.13807097546129932,P2_global_scaling,D5_source_swap,,,
confirmatory,10170,history_dependent_relational_mode,VAR_ARX_predictive,0.03207251785502108,0.9945847837337999,1.0,-0.005415216266200118,P5_observation_noise,D3_IAAFT_surrogate,,,
confirmatory,10171,persistent_shared_mode,correlon_v1,0.3206580515019906,0.7116591443134206,1.0,-0.2883408556865794,P5_observation_noise,D6_common_driver_replacement,0.20283737343744507,0.5069163746826143,0.3479987653345601
confirmatory,10171,persistent_shared_mode,pearson,0.20955309806068115,0.9036721131950636,0.772267691006024,0.13140442218903958,P4_orthogonal_basis_rotation,D6_common_driver_replacement,,,
confirmatory,10171,persistent_shared_mode,mutual_information,0.07159971217365146,0.9854408663664487,0.499442192555536,0.48599867381091266,P5_observation_noise,D6_common_driver_replacement,,,
confirmatory,10171,persistent_shared_mode,largest_covariance_eigenvalue,2.9222771622425743,0.9669168836697193,0.913219593987522,0.053697289682197336,P7_coarse_graining,D6_common_driver_replacement,,,
confirmatory,10171,persistent_shared_mode,pca_rank1_explained_variance,0.24352309685354767,0.9960519104181551,0.9132195939875227,0.08283231643063238,P5_observation_noise,D6_common_driver_replacement,,,
confirmatory,10171,persistent_shared_mode,spectral_coherence,0.2584126025616416,0.7324447898243863,0.9858450773729757,-0.25340028754858934,P2_global_scaling,D6_common_driver_replacement,,,
confirmatory,10171,persistent_shared_mode,autocorrelation_persistence,0.6964608899613697,0.8748800801668047,0.9973811403964117,-0.12250106022960694,P7_coarse_graining,D2_phase_randomization,,,
confirmatory,10171,persistent_shared_mode,linear_CKA,0.23434149637831422,0.7424523718125023,0.5979553967530461,0.14449697505945625,P2_global_scaling,D6_common_driver_replacement,,,
confirmatory,10171,persistent_shared_mode,VAR_ARX_predictive,0.04460090292927266,0.9990498189522771,0.9323025534198411,0.06674726553243593,P5_observation_noise,D6_common_driver_replacement,,,
confirmatory,10171,direct_coupling_SCM,correlon_v1,0.03441137510692369,0.0,1.0,-1.0,P7_coarse_graining,D6_common_driver_replacement,0.024598856299501926,0.04813812163996356,0.03777328097576127
confirmatory,10171,direct_coupling_SCM,pearson,0.07476469467758606,0.9893611426920571,0.958759105768713,0.030602036923344067,P4_orthogonal_basis_rotation,D5_source_swap,,,
confirmatory,10171,direct_coupling_SCM,mutual_information,0.015526142664719855,0.9999998747618583,1.0,-1.2523814174603132e-07,P2_global_scaling,D5_source_swap,,,
confirmatory,10171,direct_coupling_SCM,largest_covariance_eigenvalue,1.5331177952620991,0.8671122864204226,0.9904948070730079,-0.12338252065258526,P7_coarse_graining,D6_common_driver_replacement,,,
confirmatory,10171,direct_coupling_SCM,pca_rank1_explained_variance,0.12775981627184158,0.9999999999999996,0.9904948070730082,0.009505192926991368,P1_node_permutation,D6_common_driver_replacement,,,
confirmatory,10171,direct_coupling_SCM,spectral_coherence,0.18289937864738734,0.7939115933396066,0.9107363423774949,-0.11682474903788831,P2_global_scaling,D2_phase_randomization,,,
confirmatory,10171,direct_coupling_SCM,autocorrelation_persistence,0.601872805428124,0.8137211272595901,1.0,-0.18627887274040988,P7_coarse_graining,D5_source_swap,,,
confirmatory,10171,direct_coupling_SCM,linear_CKA,0.03278727119748483,0.8999690013271986,0.915583741988111,-0.015614740660912396,P2_global_scaling,D5_source_swap,,,
confirmatory,10171,direct_coupling_SCM,VAR_ARX_predictive,0.04766316301680029,0.9791490112467396,0.73335017259191,0.24579883865482954,P5_observation_noise,D8_block_shuffle,,,
confirmatory,10171,history_dependent_relational_mode,correlon_v1,0.03711834115280565,0.0,1.0,-1.0,P5_observation_noise,D5_source_swap,0.026154406518306805,0.05267836029740125,-0.01924653808829241
confirmatory,10171,history_dependent_relational_mode,pearson,0.057365735709749094,0.9916042585344464,1.0,-0.008395741465553552,P4_orthogonal_basis_rotation,D2_phase_randomization,,,
confirmatory,10171,history_dependent_relational_mode,mutual_information,0.009992331332326576,0.984159030268397,1.0,-0.015840969731602983,P5_observation_noise,D2_phase_randomization,,,
confirmatory,10171,history_dependent_relational_mode,largest_covariance_eigenvalue,1.3449260055236547,0.8505545352934324,1.0,-0.1494454647065676,P7_coarse_graining,D2_phase_randomization,,,
confirmatory,10171,history_dependent_relational_mode,pca_rank1_explained_variance,0.11207716712697123,1.0,1.0,0.0,P1_node_permutation,D2_phase_randomization,,,
confirmatory,10171,history_dependent_relational_mode,spectral_coherence,0.15177941654780347,0.8336393479422011,0.9647420188294075,-0.1311026708872064,P2_global_scaling,D6_common_driver_replacement,,,
confirmatory,10171,history_dependent_relational_mode,autocorrelation_persistence,0.605370650061223,0.8261030629735507,0.995870823996094,-0.1697677610225432,P7_coarse_graining,D2_phase_randomization,,,
confirmatory,10171,history_dependent_relational_mode,linear_CKA,0.019427374964913313,0.5742743794828525,1.0,-0.42572562051714746,P2_global_scaling,D2_phase_randomization,,,
confirmatory,10171,history_dependent_relational_mode,VAR_ARX_predictive,0.02921128786820537,0.9368087066112826,1.0,-0.06319129338871743,P2_global_scaling,D2_phase_randomization,,,
confirmatory,10172,persistent_shared_mode,correlon_v1,0.36731939683155473,0.9674418763692688,0.766632555929314,0.2008093204399548,P5_observation_noise,D6_common_driver_replacement,0.19561903999779545,0.6897260066822622,0.46048159284423085
confirmatory,10172,persistent_shared_mode,pearson,0.17140482446543528,0.947773299281475,0.7018057122577379,0.2459675870237371,P4_orthogonal_basis_rotation,D6_common_driver_replacement,,,
confirmatory,10172,persistent_shared_mode,mutual_information,0.06450341619171984,0.9909186176064765,0.3894441126718159,0.6014745049346606,P5_observation_noise,D6_common_driver_replacement,,,
confirmatory,10172,persistent_shared_mode,largest_covariance_eigenvalue,2.460745847032541,0.9390636068055754,0.8985940461928915,0.04046956061268392,P6_time_reparameterization,D6_common_driver_replacement,,,
confirmatory,10172,persistent_shared_mode,pca_rank1_explained_variance,0.2050621539193784,0.9981991510532381,0.8985940461928911,0.09960510486034702,P5_observation_noise,D6_common_driver_replacement,,,
confirmatory,10172,persistent_shared_mode,spectral_coherence,0.17825400243982278,0.8447177887745296,1.0,-0.15528221122547037,P2_global_scaling,D6_common_driver_replacement,,,
confirmatory,10172,persistent_shared_mode,autocorrelation_persistence,0.689834671587899,0.8678252466877459,0.9984378306834081,-0.13061258399566222,P7_coarse_graining,D2_phase_randomization,,,
confirmatory,10172,persistent_shared_mode,linear_CKA,0.16400028459135768,0.7275034944337709,0.4957693152889809,0.23173417914479005,P2_global_scaling,D6_common_driver_replacement,,,
confirmatory,10172,persistent_shared_mode,VAR_ARX_predictive,0.045286219950929185,0.9698614963797969,0.8415806783263405,0.12828081805345637,P5_observation_noise,D6_common_driver_replacement,,,
confirmatory,10172,direct_coupling_SCM,correlon_v1,0.0,0.0,1.0,-1.0,P1_node_permutation,D1_temporal_shuffle,0.014902858945727182,-0.12598684634486793,0.012814912260806943
confirmatory,10172,direct_coupling_SCM,pearson,0.07612222422945293,1.0,0.9884837381413569,0.011516261858643073,P1_node_permutation,D6_common_driver_replacement,,,
confirmatory,10172,direct_coupling_SCM,mutual_information,0.015757280261183948,1.0,0.9915847141115358,0.008415285888464186,P1_node_permutation,D5_source_swap,,,
confirmatory,10172,direct_coupling_SCM,largest_covariance_eigenvalue,1.6535014517972217,0.866189719846785,1.0,-0.13381028015321506,P7_coarse_graining,D7_history_destruction,,,
confirmatory,10172,direct_coupling_SCM,pca_rank1_explained_variance,0.13779178764976857,0.9976241871682436,1.0,-0.002375812831756363,P5_observation_noise,D7_history_destruction,,,
confirmatory,10172,direct_coupling_SCM,spectral_coherence,0.14181186353539585,0.9999999999999998,1.0,-2.220446049250313e-16,P1_node_permutation,D5_source_swap,,,
confirmatory,10172,direct_coupling_SCM,autocorrelation_persistence,0.6269072621230692,0.8128376206621838,1.0,-0.1871623793378162,P7_coarse_graining,D7_history_destruction,,,
confirmatory,10172,direct_coupling_SCM,linear_CKA,0.03344613316962894,0.7091701486352341,0.9983506081362112,-0.28918045950097715,P2_global_scaling,D6_common_driver_replacement,,,
confirmatory,10172,direct_coupling_SCM,VAR_ARX_predictive,0.04793383949643121,0.9858199300108035,0.7656884998382119,0.22013143017259162,P5_observation_noise,D1_temporal_shuffle,,,
confirmatory,10172,history_dependent_relational_mode,correlon_v1,0.012516480215798348,0.0,1.0,-1.0,P5_observation_noise,D3_IAAFT_surrogate,0.0025657513393003845,0.06105902571025816,0.06221380217531608
confirmatory,10172,history_dependent_relational_mode,pearson,0.06087473446152625,0.992300282057608,1.0,-0.007699717942391993,P5_observation_noise,D3_IAAFT_surrogate,,,
confirmatory,10172,history_dependent_relational_mode,mutual_information,0.011709398581503327,0.9851863466542331,1.0,-0.014813653345766897,P5_observation_noise,D3_IAAFT_surrogate,,,
confirmatory,10172,history_dependent_relational_mode,largest_covariance_eigenvalue,1.560660667594715,0.8743452178923852,1.0,-0.12565478210761483,P7_coarse_graining,D7_history_destruction,,,
confirmatory,10172,history_dependent_relational_mode,pca_rank1_explained_variance,0.13005505563289296,0.9999999999999996,1.0,-4.440892098500626e-16,P1_node_permutation,D7_history_destruction,,,
confirmatory,10172,history_dependent_relational_mode,spectral_coherence,0.1643776641890045,0.650078596179495,0.9955418184740247,-0.34546322229452964,P2_global_scaling,D8_block_shuffle,,,
confirmatory,10172,history_dependent_relational_mode,autocorrelation_persistence,0.6080872712336663,0.8026195562173843,1.0,-0.19738044378261566,P7_coarse_graining,D5_source_swap,,,
confirmatory,10172,history_dependent_relational_mode,linear_CKA,0.021454091244878848,0.9132285952229071,1.0,-0.08677140477709289,P2_global_scaling,D3_IAAFT_surrogate,,,
confirmatory,10172,history_dependent_relational_mode,VAR_ARX_predictive,0.03379072986189935,1.0,1.0,0.0,P1_node_permutation,D2_phase_randomization,,,
confirmatory,10173,persistent_shared_mode,correlon_v1,0.2673297976239552,0.6722001128896068,1.0,-0.3277998871103932,P6_time_reparameterization,D6_common_driver_replacement,0.13852978576702288,0.5158834275384925,0.3948422361399891
confirmatory,10173,persistent_shared_mode,pearson,0.18718045479011683,0.8850569594736535,0.7833724805354281,0.10168447893822541,P4_orthogonal_basis_rotation,D6_common_driver_replacement,,,
confirmatory,10173,persistent_shared_mode,mutual_information,0.06586895957279038,0.9896607312623599,0.4638851393820251,0.5257755918803348,P5_observation_noise,D6_common_driver_replacement,,,
confirmatory,10173,persistent_shared_mode,largest_covariance_eigenvalue,2.6316345266335555,0.9087947722899682,0.9509044468123321,-0.042109674522363916,P6_time_reparameterization,D6_common_driver_replacement,,,
confirmatory,10173,persistent_shared_mode,pca_rank1_explained_variance,0.21930287721946295,0.993614433749257,0.9509044468123321,0.04270998693692485,P5_observation_noise,D6_common_driver_replacement,,,
confirmatory,10173,persistent_shared_mode,spectral_coherence,0.2396756750211318,0.6200991828498833,1.0,-0.3799008171501167,P2_global_scaling,D6_common_driver_replacement,,,
confirmatory,10173,persistent_shared_mode,autocorrelation_persistence,0.6949248206719435,0.8780377993901904,1.0,-0.12196220060980956,P7_coarse_graining,D5_source_swap,,,
confirmatory,10173,persistent_shared_mode,linear_CKA,0.1932396472579109,0.5887290830959354,0.610425401858852,-0.021696318762916555,P2_global_scaling,D6_common_driver_replacement,,,
confirmatory,10173,persistent_shared_mode,VAR_ARX_predictive,0.04498978785895236,0.947102662265043,1.0,-0.05289733773495697,P2_global_scaling,D6_common_driver_replacement,,,
confirmatory,10173,direct_coupling_SCM,correlon_v1,0.0,0.0,1.0,-1.0,P1_node_permutation,D3_IAAFT_surrogate,-0.0371029903570298,0.059243556678832535,-0.08396586287581612
confirmatory,10173,direct_coupling_SCM,pearson,0.08176068902387243,0.9802455353441311,0.8657997876258838,0.11444574771824723,P4_orthogonal_basis_rotation,D2_phase_randomization,,,
confirmatory,10173,direct_coupling_SCM,mutual_information,0.01756362376455778,1.0,0.8630013467844128,0.13699865321558724,P1_node_permutation,D2_phase_randomization,,,
confirmatory,10173,direct_coupling_SCM,largest_covariance_eigenvalue,1.6797512863114912,0.8864318295897524,0.9448977756740965,-0.05846594608434408,P7_coarse_graining,D7_history_destruction,,,
confirmatory,10173,direct_coupling_SCM,pca_rank1_explained_variance,0.13997927385929085,0.9999999999999992,0.9448977756740969,0.05510222432590228,P1_node_permutation,D7_history_destruction,,,
confirmatory,10173,direct_coupling_SCM,spectral_coherence,0.19501457691065666,0.647207365874804,1.0,-0.352792634125196,P2_global_scaling,D6_common_driver_replacement,,,
confirmatory,10173,direct_coupling_SCM,autocorrelation_persistence,0.6249517325289897,0.822422417925491,1.0,-0.17757758207450902,P7_coarse_graining,D5_source_swap,,,
confirmatory,10173,direct_coupling_SCM,linear_CKA,0.03880273993013673,0.7811700798937806,0.759036466598161,0.02213361329561958,P2_global_scaling,D2_phase_randomization,,,
confirmatory,10173,direct_coupling_SCM,VAR_ARX_predictive,0.05257929474292505,0.9999999999999979,0.724832916359152,0.27516708364084586,P4_orthogonal_basis_rotation,D3_IAAFT_surrogate,,,
confirmatory,10173,history_dependent_relational_mode,correlon_v1,0.0,0.0,1.0,-1.0,P1_node_permutation,D2_phase_randomization,0.03147976417860418,-0.01804300621552779,-0.00880634247153611
confirmatory,10173,history_dependent_relational_mode,pearson,0.0749927741629509,0.9710379668832103,0.9821825779541817,-0.011144611070971422,P5_observation_noise,D2_phase_randomization,,,
confirmatory,10173,history_dependent_relational_mode,mutual_information,0.01560294114553018,0.9270290177643724,1.0,-0.07297098223562759,P5_observation_noise,D2_phase_randomization,,,
confirmatory,10173,history_dependent_relational_mode,largest_covariance_eigenvalue,1.5694433844555509,0.8912085727148712,0.9713900310984379,-0.08018145838356672,P7_coarse_graining,D5_source_swap,,,
confirmatory,10173,history_dependent_relational_mode,pca_rank1_explained_variance,0.13078694870462917,1.0,0.971390031098438,0.028609968901561977,P1_node_permutation,D5_source_swap,,,
confirmatory,10173,history_dependent_relational_mode,spectral_coherence,0.1388448277542122,0.7631601862216663,1.0,-0.23683981377833374,P2_global_scaling,D2_phase_randomization,,,
confirmatory,10173,history_dependent_relational_mode,autocorrelation_persistence,0.6289083011255979,0.8200490846479949,0.9992185082125746,-0.17916942356457977,P7_coarse_graining,D2_phase_randomization,,,
confirmatory,10173,history_dependent_relational_mode,linear_CKA,0.03277693171290122,0.5474308284615766,0.9669467858249836,-0.41951595736340697,P2_global_scaling,D2_phase_randomization,,,
confirmatory,10173,history_dependent_relational_mode,VAR_ARX_predictive,0.03653870256552211,0.9971537050951089,0.9665022209285415,0.030651484166567378,P5_observation_noise,D6_common_driver_replacement,,,
confirmatory,10174,persistent_shared_mode,correlon_v1,0.19467004538456947,0.7387044792168258,1.0,-0.2612955207831742,P6_time_reparameterization,D6_common_driver_replacement,0.06211918463874433,0.6100599483141634,0.500488280238182
confirmatory,10174,persistent_shared_mode,pearson,0.1957863198129899,0.8997916839527568,0.8070946877551816,0.09269699619757521,P4_orthogonal_basis_rotation,D6_common_driver_replacement,,,
confirmatory,10174,persistent_shared_mode,mutual_information,0.0635059505512664,0.9935910898186405,0.5561488574047644,0.43744223241387614,P5_observation_noise,D6_common_driver_replacement,,,
confirmatory,10174,persistent_shared_mode,largest_covariance_eigenvalue,2.794834918794993,0.9599026210424514,0.9306406872802226,0.029261933762228742,P7_coarse_graining,D6_common_driver_replacement,,,
confirmatory,10174,persistent_shared_mode,pca_rank1_explained_variance,0.23290290989958268,0.9930335717647827,0.9306406872802229,0.06239288448455982,P5_observation_noise,D6_common_driver_replacement,,,
confirmatory,10174,persistent_shared_mode,spectral_coherence,0.18102004775627412,0.7108978427153341,1.0,-0.28910215728466593,P2_global_scaling,D6_common_driver_replacement,,,
confirmatory,10174,persistent_shared_mode,autocorrelation_persistence,0.707455719989608,0.8905140139576943,1.0,-0.10948598604230575,P7_coarse_graining,D5_source_swap,,,
confirmatory,10174,persistent_shared_mode,linear_CKA,0.20787520550396302,0.7543783466413266,0.6537534628098252,0.10062488383150148,P2_global_scaling,D6_common_driver_replacement,,,
confirmatory,10174,persistent_shared_mode,VAR_ARX_predictive,0.041713299639937806,1.0,1.0,0.0,P1_node_permutation,D6_common_driver_replacement,,,
confirmatory,10174,direct_coupling_SCM,correlon_v1,0.06670837240669503,0.9926563896280295,1.0,-0.00734361037197051,P2_global_scaling,D6_common_driver_replacement,0.06400494392504251,0.06952598777934724,0.1160014125261189
confirmatory,10174,direct_coupling_SCM,pearson,0.0842705281727957,0.9412793371401099,0.8824753376721078,0.05880399946800208,P4_orthogonal_basis_rotation,D6_common_driver_replacement,,,
confirmatory,10174,direct_coupling_SCM,mutual_information,0.01629192797865253,0.9710608973541489,0.8552726884389635,0.11578820891518538,P5_observation_noise,D6_common_driver_replacement,,,
confirmatory,10174,direct_coupling_SCM,largest_covariance_eigenvalue,1.799219673242439,0.8585302423556502,0.9362679513182436,-0.07773770896259335,P7_coarse_graining,D5_source_swap,,,
confirmatory,10174,direct_coupling_SCM,pca_rank1_explained_variance,0.14993497277020323,0.9912343642766427,0.9362679513182435,0.05496641295839921,P5_observation_noise,D5_source_swap,,,
confirmatory,10174,direct_coupling_SCM,spectral_coherence,0.14113622848241952,0.7772808548671851,1.0,-0.22271914513281488,P6_time_reparameterization,D5_source_swap,,,
confirmatory,10174,direct_coupling_SCM,autocorrelation_persistence,0.6186456627444574,0.8226211965261463,1.0,-0.1773788034738537,P7_coarse_graining,D5_source_swap,,,
confirmatory,10174,direct_coupling_SCM,linear_CKA,0.0407872635492914,0.9696473779647656,0.7992232321092159,0.17042414585554977,P5_observation_noise,D6_common_driver_replacement,,,
confirmatory,10174,direct_coupling_SCM,VAR_ARX_predictive,0.054230812940645245,0.9844936749721238,0.6963281317784966,0.2881655431936272,P5_observation_noise,D6_common_driver_replacement,,,
confirmatory,10174,history_dependent_relational_mode,correlon_v1,0.0,0.0,1.0,-1.0,P1_node_permutation,D5_source_swap,-0.001312616338876041,0.15676689521728432,0.042889581214818784
confirmatory,10174,history_dependent_relational_mode,pearson,0.07318944397204691,0.9763379168024184,1.0,-0.023662083197581563,P5_observation_noise,D8_block_shuffle,,,
confirmatory,10174,history_dependent_relational_mode,mutual_information,0.01536428209968943,0.9620836351598732,1.0,-0.03791636484012684,P5_observation_noise,D8_block_shuffle,,,
confirmatory,10174,history_dependent_relational_mode,largest_covariance_eigenvalue,1.490215784777225,0.8710190031708113,1.0,-0.12898099682918873,P7_coarse_graining,D6_common_driver_replacement,,,
confirmatory,10174,history_dependent_relational_mode,pca_rank1_explained_variance,0.12418464873143535,0.9888057234075672,1.0,-0.011194276592432773,P5_observation_noise,D6_common_driver_replacement,,,
confirmatory,10174,history_dependent_relational_mode,spectral_coherence,0.11940557705570541,0.9012829466089449,1.0,-0.09871705339105508,P2_global_scaling,D1_temporal_shuffle,,,
confirmatory,10174,history_dependent_relational_mode,autocorrelation_persistence,0.6099028411565465,0.802048553509148,1.0,-0.19795144649085195,P7_coarse_graining,D5_source_swap,,,
confirmatory,10174,history_dependent_relational_mode,linear_CKA,0.03144437252838873,0.692053020683602,1.0,-0.30794697931639803,P2_global_scaling,D8_block_shuffle,,,
confirmatory,10174,history_dependent_relational_mode,VAR_ARX_predictive,0.03570065812584994,0.9982885828001986,0.9760456721938473,0.022242910606351307,P5_observation_noise,D6_common_driver_replacement,,,
confirmatory,10175,persistent_shared_mode,correlon_v1,0.3476371320754456,0.9587974717520809,0.9743837578480229,-0.015586286095942037,P5_observation_noise,D6_common_driver_replacement,0.15382421067612104,0.785647298734368,0.600313305073915
confirmatory,10175,persistent_shared_mode,pearson,0.21116638214695096,0.937049441640866,0.6806860403667752,0.25636340127409085,P4_orthogonal_basis_rotation,D6_common_driver_replacement,,,
confirmatory,10175,persistent_shared_mode,mutual_information,0.08503421369746056,0.9797712443243444,0.4315728377801452,0.5481984065441992,P5_observation_noise,D6_common_driver_replacement,,,
confirmatory,10175,persistent_shared_mode,largest_covariance_eigenvalue,2.9505994165669667,0.9715696404035987,0.8057747485145017,0.16579489188909702,P7_coarse_graining,D6_common_driver_replacement,,,
confirmatory,10175,persistent_shared_mode,pca_rank1_explained_variance,0.24588328471391396,0.9918181128195639,0.8057747485145018,0.18604336430506208,P5_observation_noise,D6_common_driver_replacement,,,
confirmatory,10175,persistent_shared_mode,spectral_coherence,0.2150072157678285,0.5709519650452652,0.9484691957521147,-0.3775172307068495,P2_global_scaling,D6_common_driver_replacement,,,
confirmatory,10175,persistent_shared_mode,autocorrelation_persistence,0.7235508656364713,0.8798432213604113,1.0,-0.12015677863958873,P7_coarse_graining,D7_history_destruction,,,
confirmatory,10175,persistent_shared_mode,linear_CKA,0.23506238696521695,0.30868938865609463,0.4883264407412342,-0.17963705208513958,P2_global_scaling,D6_common_driver_replacement,,,
confirmatory,10175,persistent_shared_mode,VAR_ARX_predictive,0.04672849220877068,0.8932182701789648,0.9182315530762069,-0.02501328289724203,P2_global_scaling,D6_common_driver_replacement,,,
confirmatory,10175,direct_coupling_SCM,correlon_v1,0.10394824187321147,0.0,1.0,-1.0,P6_time_reparameterization,D6_common_driver_replacement,0.04137560545890444,0.26114994254921003,0.1758166162461231
confirmatory,10175,direct_coupling_SCM,pearson,0.07331311914690518,0.916846602381696,0.9082217474540981,0.008624854927597903,P4_orthogonal_basis_rotation,D6_common_driver_replacement,,,
confirmatory,10175,direct_coupling_SCM,mutual_information,0.012485142859388287,0.9768960644086252,1.0,-0.023103935591374802,P5_observation_noise,D8_block_shuffle,,,
confirmatory,10175,direct_coupling_SCM,largest_covariance_eigenvalue,1.736243701561643,0.8769108041328689,1.0,-0.12308919586713107,P7_coarse_graining,D7_history_destruction,,,
confirmatory,10175,direct_coupling_SCM,pca_rank1_explained_variance,0.14468697513013692,0.9875607997993078,1.0,-0.012439200200692224,P5_observation_noise,D7_history_destruction,,,
confirmatory,10175,direct_coupling_SCM,spectral_coherence,0.12226689730819623,1.0,1.0,0.0,P1_node_permutation,D1_temporal_shuffle,,,
confirmatory,10175,direct_coupling_SCM,autocorrelation_persistence,0.6019186626062556,0.7971673962298704,1.0,-0.20283260377012957,P7_coarse_graining,D5_source_swap,,,
confirmatory,10175,direct_coupling_SCM,linear_CKA,0.03081804421783482,0.7222152988874312,0.8475579354592332,-0.125342636571802,P2_global_scaling,D6_common_driver_replacement,,,
confirmatory,10175,direct_coupling_SCM,VAR_ARX_predictive,0.05411460930306644,0.9879259378061137,0.6520494425771235,0.3358764952289902,P2_global_scaling,D4_edge_cutting,,,
confirmatory,10175,history_dependent_relational_mode,correlon_v1,0.0,0.0,1.0,-1.0,P1_node_permutation,D1_temporal_shuffle,-0.013156057509783908,-0.03958078347917099,-0.00046701460619302804
confirmatory,10175,history_dependent_relational_mode,pearson,0.0581660018299266,0.9595334555928385,1.0,-0.040466544407161464,P4_orthogonal_basis_rotation,D5_source_swap,,,
confirmatory,10175,history_dependent_relational_mode,mutual_information,0.008755577251632785,0.9454268103159189,1.0,-0.05457318968408109,P5_observation_noise,D3_IAAFT_surrogate,,,
confirmatory,10175,history_dependent_relational_mode,largest_covariance_eigenvalue,1.6027672564954263,0.8891846132074026,1.0,-0.11081538679259739,P6_time_reparameterization,D7_history_destruction,,,
confirmatory,10175,history_dependent_relational_mode,pca_rank1_explained_variance,0.13356393804128552,0.9963232253121441,1.0,-0.003676774687855877,P5_observation_noise,D7_history_destruction,,,
confirmatory,10175,history_dependent_relational_mode,spectral_coherence,0.14975505613123707,0.952618236087315,1.0,-0.047381763912685004,P2_global_scaling,D6_common_driver_replacement,,,
confirmatory,10175,history_dependent_relational_mode,autocorrelation_persistence,0.6139896856937134,0.7877994097601252,1.0,-0.2122005902398748,P7_coarse_graining,D7_history_destruction,,,
confirmatory,10175,history_dependent_relational_mode,linear_CKA,0.019545037972985457,0.8392482113483384,1.0,-0.16075178865166162,P2_global_scaling,D5_source_swap,,,
confirmatory,10175,history_dependent_relational_mode,VAR_ARX_predictive,0.03625812236783299,0.9697491076274252,0.9707283096821553,-0.0009792020547301217,P5_observation_noise,D1_temporal_shuffle,,,
confirmatory,10176,persistent_shared_mode,correlon_v1,0.38300208184932355,0.8981303677633518,1.0,-0.10186963223664824,P6_time_reparameterization,D6_common_driver_replacement,0.18825329822445672,0.779219254506845,0.5199627382687386
confirmatory,10176,persistent_shared_mode,pearson,0.2309010323347446,0.8467365594074932,0.7876231697065192,0.059113389700973906,P4_orthogonal_basis_rotation,D6_common_driver_replacement,,,
confirmatory,10176,persistent_shared_mode,mutual_information,0.07899024011555578,0.9857009921103613,0.5483925953574614,0.4373083967528999,P5_observation_noise,D6_common_driver_replacement,,,
confirmatory,10176,persistent_shared_mode,largest_covariance_eigenvalue,3.1756001118418586,0.9717748616127535,0.899013012744161,0.0727618488685925,P7_coarse_graining,D6_common_driver_replacement,,,
confirmatory,10176,persistent_shared_mode,pca_rank1_explained_variance,0.26463334265348815,0.9932754221710886,0.8990130127441612,0.09426240942692732,P5_observation_noise,D6_common_driver_replacement,,,
confirmatory,10176,persistent_shared_mode,spectral_coherence,0.21917383933871923,0.6697637265170037,1.0,-0.33023627348299633,P2_global_scaling,D6_common_driver_replacement,,,
confirmatory,10176,persistent_shared_mode,autocorrelation_persistence,0.7093828118722026,0.8814762102879649,1.0,-0.11852378971203514,P7_coarse_graining,D5_source_swap,,,
confirmatory,10176,persistent_shared_mode,linear_CKA,0.2738517607790785,0.527201826834157,0.6343761136640875,-0.10717428682993058,P2_global_scaling,D6_common_driver_replacement,,,
confirmatory,10176,persistent_shared_mode,VAR_ARX_predictive,0.04093716324032637,0.9999999999999973,1.0,-2.6645352591003757e-15,P3_affine_offset,D6_common_driver_replacement,,,
confirmatory,10176,direct_coupling_SCM,correlon_v1,0.010641205427954657,0.0,1.0,-1.0,P5_observation_noise,D1_temporal_shuffle,0.006994329549453712,0.016189579309824745,0.038690324629319095
confirmatory,10176,direct_coupling_SCM,pearson,0.08555391913176785,0.9589084450132295,0.9128298645403946,0.04607858047283486,P4_orthogonal_basis_rotation,D3_IAAFT_surrogate,,,
confirmatory,10176,direct_coupling_SCM,mutual_information,0.017177269976151877,0.9456204225729148,1.0,-0.05437957742708521,P5_observation_noise,D3_IAAFT_surrogate,,,
confirmatory,10176,direct_coupling_SCM,largest_covariance_eigenvalue,1.8423315662936595,0.8870184105504005,0.9266617586626478,-0.039643348112247234,P7_coarse_graining,D8_block_shuffle,,,
confirmatory,10176,direct_coupling_SCM,pca_rank1_explained_variance,0.1535276305244717,0.9999493904671126,0.9266617586626473,0.07328763180446529,P5_observation_noise,D8_block_shuffle,,,
confirmatory,10176,direct_coupling_SCM,spectral_coherence,0.12798846773694203,1.0,1.0,0.0,P1_node_permutation,D1_temporal_shuffle,,,
confirmatory,10176,direct_coupling_SCM,autocorrelation_persistence,0.6101554241546565,0.7964660297142789,0.9993106522294234,-0.20284462251514446,P7_coarse_graining,D2_phase_randomization,,,
confirmatory,10176,direct_coupling_SCM,linear_CKA,0.04172882584782654,0.3367809399059738,0.8615191281368269,-0.524738188230853,P2_global_scaling,D3_IAAFT_surrogate,,,
confirmatory,10176,direct_coupling_SCM,VAR_ARX_predictive,0.061068841173523736,0.7465981016382703,0.5933235523644773,0.15327454927379303,P2_global_scaling,D6_common_driver_replacement,,,
confirmatory,10176,history_dependent_relational_mode,correlon_v1,0.0,0.0,1.0,-1.0,P1_node_permutation,D1_temporal_shuffle,-0.014326402868792748,0.24578099286898647,0.07045412212608843
confirmatory,10176,history_dependent_relational_mode,pearson,0.07679396690275922,0.9768008530163368,0.9802241515467421,-0.00342329853040535,P4_orthogonal_basis_rotation,D2_phase_randomization,,,
confirmatory,10176,history_dependent_relational_mode,mutual_information,0.013994537723774236,0.9734810930791672,1.0,-0.026518906920832808,P5_observation_noise,D2_phase_randomization,,,
confirmatory,10176,history_dependent_relational_mode,largest_covariance_eigenvalue,1.6284003370874227,0.885089432361046,0.9796487781687921,-0.09455934580774616,P7_coarse_graining,D6_common_driver_replacement,,,
confirmatory,10176,history_dependent_relational_mode,pca_rank1_explained_variance,0.13570002809061854,0.9909997159436618,0.9796487781687923,0.011350937774869507,P5_observation_noise,D6_common_driver_replacement,,,
confirmatory,10176,history_dependent_relational_mode,spectral_coherence,0.11961193800359658,0.9999999999999949,1.0,-5.10702591327572e-15,P1_node_permutation,D1_temporal_shuffle,,,
confirmatory,10176,history_dependent_relational_mode,autocorrelation_persistence,0.600572747641667,0.8221723696119163,1.0,-0.1778276303880837,P7_coarse_graining,D5_source_swap,,,
confirmatory,10176,history_dependent_relational_mode,linear_CKA,0.0339960144991775,0.49083538140822847,0.9829739109217879,-0.4921385295135594,P2_global_scaling,D2_phase_randomization,,,
confirmatory,10176,history_dependent_relational_mode,VAR_ARX_predictive,0.03855496069129233,0.9625857970488486,1.0,-0.03741420295115139,P2_global_scaling,D1_temporal_shuffle,,,
confirmatory,10177,persistent_shared_mode,correlon_v1,0.3470233658047709,0.9961724101937667,1.0,-0.0038275898062333225,P2_global_scaling,D6_common_driver_replacement,0.17757895564362114,0.6781502683017815,0.36794424139148263
confirmatory,10177,persistent_shared_mode,pearson,0.22443684615554021,0.8795752008879051,0.6922800555650285,0.1872951453228766,P4_orthogonal_basis_rotation,D6_common_driver_replacement,,,
confirmatory,10177,persistent_shared_mode,mutual_information,0.07917319756567875,0.990097273417028,0.41770176602754033,0.5723955073894877,P5_observation_noise,D6_common_driver_replacement,,,
confirmatory,10177,persistent_shared_mode,largest_covariance_eigenvalue,3.076758935007634,0.9701712056216659,0.8446592811562992,0.12551192446536674,P7_coarse_graining,D6_common_driver_replacement,,,
confirmatory,10177,persistent_shared_mode,pca_rank1_explained_variance,0.2563965779173028,0.9918946791727535,0.8446592811562995,0.14723539801645402,P5_observation_noise,D6_common_driver_replacement,,,
confirmatory,10177,persistent_shared_mode,spectral_coherence,0.25376637593686896,0.6180234421635338,0.99072055774664,-0.37269711558310625,P2_global_scaling,D6_common_driver_replacement,,,
confirmatory,10177,persistent_shared_mode,autocorrelation_persistence,0.7246838535084389,0.900729102026205,0.9987579452652279,-0.09802884323902283,P7_coarse_graining,D2_phase_randomization,,,
confirmatory,10177,persistent_shared_mode,linear_CKA,0.26405582570841735,0.49092698313719774,0.49135195232737255,-0.0004249691901748176,P2_global_scaling,D6_common_driver_replacement,,,
confirmatory,10177,persistent_shared_mode,VAR_ARX_predictive,0.044851788529532755,0.9675550859980288,1.0,-0.03244491400197125,P2_global_scaling,D6_common_driver_replacement,,,
confirmatory,10177,direct_coupling_SCM,correlon_v1,0.0,0.0,1.0,-1.0,P1_node_permutation,D1_temporal_shuffle,-0.011381771690851208,0.01017465795042112,0.13376887208738236
confirmatory,10177,direct_coupling_SCM,pearson,0.07841049966852012,0.9783247029430185,0.9227083777277892,0.0556163252152293,P4_orthogonal_basis_rotation,D7_history_destruction,,,
confirmatory,10177,direct_coupling_SCM,mutual_information,0.014318324835908114,1.0,1.0,0.0,P1_node_permutation,D7_history_destruction,,,
confirmatory,10177,direct_coupling_SCM,largest_covariance_eigenvalue,1.761366792421656,0.8946134850017184,0.9508676629632178,-0.05625417796149934,P7_coarse_graining,D5_source_swap,,,
confirmatory,10177,direct_coupling_SCM,pca_rank1_explained_variance,0.14678056603513803,0.9999999999999989,0.9508676629632177,0.049132337036781215,P4_orthogonal_basis_rotation,D5_source_swap,,,
confirmatory,10177,direct_coupling_SCM,spectral_coherence,0.15790317292103875,0.9999999999999951,1.0,-4.884981308350689e-15,P4_orthogonal_basis_rotation,D6_common_driver_replacement,,,
confirmatory,10177,direct_coupling_SCM,autocorrelation_persistence,0.6121154100023752,0.806269507514217,1.0,-0.193730492485783,P7_coarse_graining,D5_source_swap,,,
confirmatory,10177,direct_coupling_SCM,linear_CKA,0.03523708786673,0.7852836250673191,0.8457478877475203,-0.06046426268020122,P2_global_scaling,D7_history_destruction,,,
confirmatory,10177,direct_coupling_SCM,VAR_ARX_predictive,0.05585056957571444,0.9668241149001222,0.7030791252049342,0.263744989695188,P6_time_reparameterization,D7_history_destruction,,,
confirmatory,10177,history_dependent_relational_mode,correlon_v1,0.0,0.0,1.0,-1.0,P1_node_permutation,D2_phase_randomization,-0.030685952734250052,-0.015154686657935484,-0.0395254936195539
confirmatory,10177,history_dependent_relational_mode,pearson,0.06394808784201277,0.9941188350517048,1.0,-0.005881164948295159,P4_orthogonal_basis_rotation,D5_source_swap,,,
confirmatory,10177,history_dependent_relational_mode,mutual_information,0.01247265738384784,0.9999997648255881,1.0,-2.3517441194442767e-07,P2_global_scaling,D5_source_swap,,,
confirmatory,10177,history_dependent_relational_mode,largest_covariance_eigenvalue,1.5791562878250751,0.8745735692120539,0.984231729466209,-0.10965816025415509,P7_coarse_graining,D8_block_shuffle,,,
confirmatory,10177,history_dependent_relational_mode,pca_rank1_explained_variance,0.13159635731875627,0.9999999999999998,0.9842317294662087,0.01576827053379104,P1_node_permutation,D8_block_shuffle,,,
confirmatory,10177,history_dependent_relational_mode,spectral_coherence,0.1484267162582344,0.81752723542086,1.0,-0.18247276457913997,P2_global_scaling,D2_phase_randomization,,,
confirmatory,10177,history_dependent_relational_mode,autocorrelation_persistence,0.6240549869412958,0.8062943355831709,1.0,-0.19370566441682913,P7_coarse_graining,D5_source_swap,,,
confirmatory,10177,history_dependent_relational_mode,linear_CKA,0.023692788456995906,0.5934162217854512,1.0,-0.40658377821454883,P2_global_scaling,D5_source_swap,,,
confirmatory,10177,history_dependent_relational_mode,VAR_ARX_predictive,0.038486701790856725,0.8718195206654161,1.0,-0.12818047933458387,P2_global_scaling,D6_common_driver_replacement,,,
confirmatory,10178,persistent_shared_mode,correlon_v1,0.45146228722441073,0.9735655134306881,0.8968796986418157,0.07668581478887238,P6_time_reparameterization,D6_common_driver_replacement,0.2767569931276005,0.7364518398706722,0.5697667623087672
confirmatory,10178,persistent_shared_mode,pearson,0.2210782222681213,0.8129606742052669,0.8132385895689269,-0.000277915363660064,P4_orthogonal_basis_rotation,D6_common_driver_replacement,,,
confirmatory,10178,persistent_shared_mode,mutual_information,0.07165296107566621,0.9783720493269593,0.567471391300699,0.4109006580262603,P5_observation_noise,D6_common_driver_replacement,,,
confirmatory,10178,persistent_shared_mode,largest_covariance_eigenvalue,3.0822863879895994,0.9686363561238389,0.9248860360179632,0.04375032010587576,P7_coarse_graining,D6_common_driver_replacement,,,
confirmatory,10178,persistent_shared_mode,pca_rank1_explained_variance,0.25685719899913334,0.9960135413277416,0.9248860360179629,0.07112750530977863,P5_observation_noise,D6_common_driver_replacement,,,
confirmatory,10178,persistent_shared_mode,spectral_coherence,0.24311707654630896,0.45251664938675873,1.0,-0.5474833506132413,P2_global_scaling,D6_common_driver_replacement,,,
confirmatory,10178,persistent_shared_mode,autocorrelation_persistence,0.6989069842825936,0.8611217751590544,1.0,-0.13887822484094559,P7_coarse_graining,D5_source_swap,,,
confirmatory,10178,persistent_shared_mode,linear_CKA,0.25479158881842745,0.7407554387270545,0.6694430793652476,0.07131235936180691,P2_global_scaling,D6_common_driver_replacement,,,
confirmatory,10178,persistent_shared_mode,VAR_ARX_predictive,0.05212951620477452,0.9957845532216668,0.8218360819525725,0.1739484712690943,P5_observation_noise,D6_common_driver_replacement,,,
confirmatory,10178,direct_coupling_SCM,correlon_v1,0.0,0.0,1.0,-1.0,P1_node_permutation,D1_temporal_shuffle,-0.02200150283038979,0.06219277916918096,0.060473145255598604
confirmatory,10178,direct_coupling_SCM,pearson,0.061408768528960614,0.972742755723155,1.0,-0.02725724427684495,P5_observation_noise,D2_phase_randomization,,,
confirmatory,10178,direct_coupling_SCM,mutual_information,0.010408764899104472,0.9621701817656231,1.0,-0.03782981823437692,P5_observation_noise,D2_phase_randomization,,,
confirmatory,10178,direct_coupling_SCM,largest_covariance_eigenvalue,1.5667984137204927,0.8720659698490456,1.0,-0.1279340301509544,P7_coarse_graining,D5_source_swap,,,
confirmatory,10178,direct_coupling_SCM,pca_rank1_explained_variance,0.1305665344767077,0.987241966426909,1.0,-0.012758033573091021,P5_observation_noise,D5_source_swap,,,
confirmatory,10178,direct_coupling_SCM,spectral_coherence,0.16065334225626227,0.6081551135627451,0.8281700889149846,-0.22001497535223946,P2_global_scaling,D6_common_driver_replacement,,,
confirmatory,10178,direct_coupling_SCM,autocorrelation_persistence,0.6074297047715801,0.803824596414536,1.0,-0.19617540358546404,P7_coarse_graining,D5_source_swap,,,
confirmatory,10178,direct_coupling_SCM,linear_CKA,0.02190146765200743,0.8668586918694342,1.0,-0.1331413081305658,P2_global_scaling,D2_phase_randomization,,,
confirmatory,10178,direct_coupling_SCM,VAR_ARX_predictive,0.053730807418461535,0.9267837238014517,0.6753897603464661,0.25139396345498555,P6_time_reparameterization,D6_common_driver_replacement,,,
confirmatory,10178,history_dependent_relational_mode,correlon_v1,0.0,0.0,1.0,-1.0,P1_node_permutation,D1_temporal_shuffle,-0.0063501908172204635,0.021661865782284198,0.07405841491492954
confirmatory,10178,history_dependent_relational_mode,pearson,0.06966875516434873,0.9728283288197234,0.9840211973038745,-0.01119286848415113,P4_orthogonal_basis_rotation,D6_common_driver_replacement,,,
confirmatory,10178,history_dependent_relational_mode,mutual_information,0.013106390177012761,0.9734448894415321,0.9964371948702767,-0.02299230542874464,P5_observation_noise,D2_phase_randomization,,,
confirmatory,10178,history_dependent_relational_mode,largest_covariance_eigenvalue,1.6051664734549176,0.9065338246107477,0.9895152396971504,-0.08298141508640267,P7_coarse_graining,D6_common_driver_replacement,,,
confirmatory,10178,history_dependent_relational_mode,pca_rank1_explained_variance,0.13376387278790988,0.9991356909659125,0.9895152396971497,0.009620451268762764,P5_observation_noise,D6_common_driver_replacement,,,
confirmatory,10178,history_dependent_relational_mode,spectral_coherence,0.1560757341971722,0.7958549621303045,1.0,-0.2041450378696955,P2_global_scaling,D6_common_driver_replacement,,,
confirmatory,10178,history_dependent_relational_mode,autocorrelation_persistence,0.6219698868180098,0.8316888593196773,1.0,-0.1683111406803227,P7_coarse_graining,D7_history_destruction,,,
confirmatory,10178,history_dependent_relational_mode,linear_CKA,0.028240179690203204,0.9654896633536122,0.9803287352858295,-0.01483907193221734,P5_observation_noise,D6_common_driver_replacement,,,
confirmatory,10178,history_dependent_relational_mode,VAR_ARX_predictive,0.028771317761330295,0.9960900638801956,1.0,-0.003909936119804391,P5_observation_noise,D1_temporal_shuffle,,,
confirmatory,10179,persistent_shared_mode,correlon_v1,0.3387406805242673,0.9992310071274503,1.0,-0.000768992872549723,P2_global_scaling,D6_common_driver_replacement,0.18307824108501258,0.6267552493513505,0.413731256587727
confirmatory,10179,persistent_shared_mode,pearson,0.16629847068849665,0.9535382868514157,0.7780703411447999,0.17546794570661584,P4_orthogonal_basis_rotation,D6_common_driver_replacement,,,
confirmatory,10179,persistent_shared_mode,mutual_information,0.05496333799876474,0.9869400244074168,0.507958438379537,0.47898158602787977,P5_observation_noise,D6_common_driver_replacement,,,
confirmatory,10179,persistent_shared_mode,largest_covariance_eigenvalue,2.4394720893105584,0.9298406470634388,0.9350805109322703,-0.0052398638688314625,P6_time_reparameterization,D6_common_driver_replacement,,,
confirmatory,10179,persistent_shared_mode,pca_rank1_explained_variance,0.20328934077587993,0.9908317238099467,0.9350805109322701,0.05575121287767659,P5_observation_noise,D6_common_driver_replacement,,,
confirmatory,10179,persistent_shared_mode,spectral_coherence,0.194614692904476,0.8973342703432444,1.0,-0.10266572965675558,P2_global_scaling,D6_common_driver_replacement,,,
confirmatory,10179,persistent_shared_mode,autocorrelation_persistence,0.6829396977609542,0.8645005370263632,1.0,-0.1354994629736368,P7_coarse_graining,D5_source_swap,,,
confirmatory,10179,persistent_shared_mode,linear_CKA,0.155197133921446,0.913151119026789,0.6032019841543392,0.3099491348724498,P2_global_scaling,D6_common_driver_replacement,,,
confirmatory,10179,persistent_shared_mode,VAR_ARX_predictive,0.051722039391326025,0.9755898556622493,0.8442801626213601,0.13130969304088924,P5_observation_noise,D6_common_driver_replacement,,,
confirmatory,10179,direct_coupling_SCM,correlon_v1,0.0,0.0,1.0,-1.0,P1_node_permutation,D1_temporal_shuffle,0.007970478992312721,-0.10028180879485571,0.003963017958895088
confirmatory,10179,direct_coupling_SCM,pearson,0.08323841678601179,0.9869433472875293,0.9744444443433757,0.012498902944153567,P4_orthogonal_basis_rotation,D6_common_driver_replacement,,,
confirmatory,10179,direct_coupling_SCM,mutual_information,0.01778179685139092,0.9999999279262163,0.8415535206717799,0.15844640725443637,P2_global_scaling,D6_common_driver_replacement,,,
confirmatory,10179,direct_coupling_SCM,largest_covariance_eigenvalue,1.7252524653572527,0.8851100702209527,0.9893159727450661,-0.10420590252411344,P7_coarse_graining,D6_common_driver_replacement,,,
confirmatory,10179,direct_coupling_SCM,pca_rank1_explained_variance,0.14377103877977107,0.9941365734096609,0.9893159727450657,0.00482060066459522,P5_observation_noise,D6_common_driver_replacement,,,
confirmatory,10179,direct_coupling_SCM,spectral_coherence,0.12348913130871045,1.0,1.0,0.0,P1_node_permutation,D1_temporal_shuffle,,,
confirmatory,10179,direct_coupling_SCM,autocorrelation_persistence,0.6263086056587613,0.8418677987902254,0.999056103038358,-0.15718830424813257,P7_coarse_graining,D3_IAAFT_surrogate,,,
confirmatory,10179,direct_coupling_SCM,linear_CKA,0.03994357711959322,0.745708735329257,0.9683084849490261,-0.22259974961976914,P2_global_scaling,D6_common_driver_replacement,,,
confirmatory,10179,direct_coupling_SCM,VAR_ARX_predictive,0.050115230301810754,0.9136179772587706,0.7794769607245946,0.13414101653417598,P2_global_scaling,D3_IAAFT_surrogate,,,
confirmatory,10179,history_dependent_relational_mode,correlon_v1,0.0,0.0,1.0,-1.0,P1_node_permutation,D2_phase_randomization,-0.010115611555910078,0.015273549605847099,0.025555629170742444
confirmatory,10179,history_dependent_relational_mode,pearson,0.05691351541744348,0.9999999999999998,1.0,-2.220446049250313e-16,P2_global_scaling,D2_phase_randomization,,,
confirmatory,10179,history_dependent_relational_mode,mutual_information,0.009851278867938129,0.9999994096167432,1.0,-5.903832568376899e-07,P2_global_scaling,D2_phase_randomization,,,
confirmatory,10179,history_dependent_relational_mode,largest_covariance_eigenvalue,1.3424585622938408,0.8641644736684788,1.0,-0.13583552633152118,P7_coarse_graining,D3_IAAFT_surrogate,,,
confirmatory,10179,history_dependent_relational_mode,pca_rank1_explained_variance,0.11187154685782007,0.9980653864306986,1.0,-0.0019346135693013577,P5_observation_noise,D3_IAAFT_surrogate,,,
confirmatory,10179,history_dependent_relational_mode,spectral_coherence,0.12519691105902897,0.9898760965591747,1.0,-0.010123903440825255,P5_observation_noise,D1_temporal_shuffle,,,
confirmatory,10179,history_dependent_relational_mode,autocorrelation_persistence,0.6109782316610322,0.8104071752362813,0.9985198941267163,-0.18811271889043502,P7_coarse_graining,D3_IAAFT_surrogate,,,
confirmatory,10179,history_dependent_relational_mode,linear_CKA,0.01914311440981827,0.6354337745974273,1.0,-0.36456622540257266,P2_global_scaling,D2_phase_randomization,,,
confirmatory,10179,history_dependent_relational_mode,VAR_ARX_predictive,0.03662680027953452,0.9914981855712425,0.9608879556532254,0.030610229918017096,P5_observation_noise,D2_phase_randomization,,,
confirmatory,10180,persistent_shared_mode,correlon_v1,0.1407505234139712,0.0,1.0,-1.0,P5_observation_noise,D6_common_driver_replacement,0.16037526195336566,0.12352721735268293,0.34041074672606275
confirmatory,10180,persistent_shared_mode,pearson,0.23241978110030923,0.8087769980354254,0.6737039083588612,0.13507308967656417,P4_orthogonal_basis_rotation,D6_common_driver_replacement,,,
confirmatory,10180,persistent_shared_mode,mutual_information,0.07782665849290682,0.974031473514172,0.4183336850597356,0.5556977884544363,P5_observation_noise,D6_common_driver_replacement,,,
confirmatory,10180,persistent_shared_mode,largest_covariance_eigenvalue,3.2002324924411916,0.9681980121027686,0.8248798189066332,0.14331819319613537,P7_coarse_graining,D6_common_driver_replacement,,,
confirmatory,10180,persistent_shared_mode,pca_rank1_explained_variance,0.266686041036766,0.986033728949869,0.8248798189066328,0.1611539100432362,P5_observation_noise,D6_common_driver_replacement,,,
confirmatory,10180,persistent_shared_mode,spectral_coherence,0.27086448902096694,0.481492370984508,0.8792083674550831,-0.39771599647057515,P2_global_scaling,D6_common_driver_replacement,,,
confirmatory,10180,persistent_shared_mode,autocorrelation_persistence,0.7170692534940981,0.9020689075454403,1.0,-0.09793109245455967,P7_coarse_graining,D7_history_destruction,,,
confirmatory,10180,persistent_shared_mode,linear_CKA,0.27605087114289845,0.7910354156416263,0.47615756757605615,0.3148778480655701,P2_global_scaling,D6_common_driver_replacement,,,
confirmatory,10180,persistent_shared_mode,VAR_ARX_predictive,0.054606030829374874,0.9809532215703018,0.7930226322347845,0.18793058933551732,P5_observation_noise,D6_common_driver_replacement,,,
confirmatory,10180,direct_coupling_SCM,correlon_v1,0.0,0.0,1.0,-1.0,P1_node_permutation,D4_edge_cutting,-0.01588449169480155,0.019323421701020277,0.07673715050294583
confirmatory,10180,direct_coupling_SCM,pearson,0.07711146773586258,0.9810594218542542,0.9137697465748498,0.06728967527940444,P5_observation_noise,D4_edge_cutting,,,
confirmatory,10180,direct_coupling_SCM,mutual_information,0.017071760325059637,0.9567774053584333,0.8347035101179405,0.12207389524049272,P5_observation_noise,D4_edge_cutting,,,
confirmatory,10180,direct_coupling_SCM,largest_covariance_eigenvalue,1.4680867667468571,0.8718573630074977,1.0,-0.12814263699250228,P7_coarse_graining,D5_source_swap,,,
confirmatory,10180,direct_coupling_SCM,pca_rank1_explained_variance,0.12234056389557142,0.9969581380393601,1.0,-0.0030418619606399355,P5_observation_noise,D5_source_swap,,,
confirmatory,10180,direct_coupling_SCM,spectral_coherence,0.1199254287419527,0.9305241598614578,1.0,-0.06947584013854224,P2_global_scaling,D3_IAAFT_surrogate,,,
confirmatory,10180,direct_coupling_SCM,autocorrelation_persistence,0.611868066672396,0.8295576593375783,1.0,-0.1704423406624217,P7_coarse_graining,D7_history_destruction,,,
confirmatory,10180,direct_coupling_SCM,linear_CKA,0.03483005858115491,0.5277700992470717,0.8366771900472407,-0.308907090800169,P2_global_scaling,D4_edge_cutting,,,
confirmatory,10180,direct_coupling_SCM,VAR_ARX_predictive,0.051341375446606496,0.9999999999999979,0.6480165572243672,0.35198344277563065,P4_orthogonal_basis_rotation,D3_IAAFT_surrogate,,,
confirmatory,10180,history_dependent_relational_mode,correlon_v1,0.0,0.0,1.0,-1.0,P1_node_permutation,D1_temporal_shuffle,-0.014708173662085128,-0.06845064249915592,-0.05365404886339109
confirmatory,10180,history_dependent_relational_mode,pearson,0.06629072004083797,0.9904592478210029,0.969056370462735,0.021402877358267958,P4_orthogonal_basis_rotation,D6_common_driver_replacement,,,
confirmatory,10180,history_dependent_relational_mode,mutual_information,0.01172948459940315,0.9805332588619127,1.0,-0.01946674113808733,P5_observation_noise,D3_IAAFT_surrogate,,,
confirmatory,10180,history_dependent_relational_mode,largest_covariance_eigenvalue,1.610337171083063,0.8662701237311834,0.9673390237136618,-0.10106889998247837,P7_coarse_graining,D7_history_destruction,,,
confirmatory,10180,history_dependent_relational_mode,pca_rank1_explained_variance,0.13419476425692187,1.0,0.967339023713662,0.03266097628633802,P1_node_permutation,D7_history_destruction,,,
confirmatory,10180,history_dependent_relational_mode,spectral_coherence,0.16313730036097449,0.7690618652166131,1.0,-0.23093813478338687,P2_global_scaling,D6_common_driver_replacement,,,
confirmatory,10180,history_dependent_relational_mode,autocorrelation_persistence,0.5984584343160323,0.7943321284513774,1.0,-0.20566787154862265,P7_coarse_graining,D5_source_swap,,,
confirmatory,10180,history_dependent_relational_mode,linear_CKA,0.025346445838841918,0.8595924366377454,0.9638641278082505,-0.10427169117050505,P2_global_scaling,D6_common_driver_replacement,,,
confirmatory,10180,history_dependent_relational_mode,VAR_ARX_predictive,0.032149828932165114,0.9960259267596779,1.0,-0.0039740732403220624,P2_global_scaling,D3_IAAFT_surrogate,,,
confirmatory,10181,persistent_shared_mode,correlon_v1,0.37171822656878406,0.8656293656510702,1.0,-0.13437063434892982,P6_time_reparameterization,D6_common_driver_replacement,0.18350952699564183,0.7529551311345454,0.5407878454399638
confirmatory,10181,persistent_shared_mode,pearson,0.25321385555992054,0.9667836475771386,0.6669090990508143,0.29987454852632434,P4_orthogonal_basis_rotation,D6_common_driver_replacement,,,
confirmatory,10181,persistent_shared_mode,mutual_information,0.0816442082837876,0.9951443299546102,0.43534494939820856,0.5597993805564017,P5_observation_noise,D6_common_driver_replacement,,,
confirmatory,10181,persistent_shared_mode,largest_covariance_eigenvalue,3.4760842253073543,0.9337931403091702,0.8010598787127513,0.13273326159641885,P6_time_reparameterization,D6_common_driver_replacement,,,
confirmatory,10181,persistent_shared_mode,pca_rank1_explained_variance,0.2896736854422795,0.8470697204166401,0.8010598787127516,0.04600984170388844,P2_global_scaling,D6_common_driver_replacement,,,
confirmatory,10181,persistent_shared_mode,spectral_coherence,0.19920482683488522,0.646090703519913,1.0,-0.35390929648008695,P2_global_scaling,D6_common_driver_replacement,,,
confirmatory,10181,persistent_shared_mode,autocorrelation_persistence,0.7187470521857385,0.8903361090656359,1.0,-0.10966389093436413,P7_coarse_graining,D7_history_destruction,,,
confirmatory,10181,persistent_shared_mode,linear_CKA,0.3139047593586353,0.5052018504313254,0.4780458915740986,0.02715595885722677,P2_global_scaling,D6_common_driver_replacement,,,
confirmatory,10181,persistent_shared_mode,VAR_ARX_predictive,0.05086809959576927,0.9727905178476534,0.8163352437662931,0.15645527408136028,P5_observation_noise,D6_common_driver_replacement,,,
confirmatory,10181,direct_coupling_SCM,correlon_v1,0.0,0.0,1.0,-1.0,P1_node_permutation,D5_source_swap,0.045383391317999636,-0.0637081767297691,0.009654013155717955
confirmatory,10181,direct_coupling_SCM,pearson,0.07168383738937417,0.9728616189192004,0.9171754904098711,0.0556861285093293,P4_orthogonal_basis_rotation,D6_common_driver_replacement,,,
confirmatory,10181,direct_coupling_SCM,mutual_information,0.014742960854559728,0.9866300099270178,0.8388934268880672,0.14773658303895054,P5_observation_noise,D4_edge_cutting,,,
confirmatory,10181,direct_coupling_SCM,largest_covariance_eigenvalue,1.595865112399225,0.8420630402535488,1.0,-0.15793695974645117,P7_coarse_graining,D7_history_destruction,,,
confirmatory,10181,direct_coupling_SCM,pca_rank1_explained_variance,0.13298875936660207,0.9889957428044941,1.0,-0.011004257195505907,P5_observation_noise,D7_history_destruction,,,
confirmatory,10181,direct_coupling_SCM,spectral_coherence,0.1426741643944451,0.7751184121099681,1.0,-0.22488158789003188,P2_global_scaling,D2_phase_randomization,,,
confirmatory,10181,direct_coupling_SCM,autocorrelation_persistence,0.5949239073151925,0.82143267891873,1.0,-0.17856732108127005,P7_coarse_graining,D5_source_swap,,,
confirmatory,10181,direct_coupling_SCM,linear_CKA,0.02978380057680039,0.6151774236846507,0.8576100691719865,-0.24243264548733579,P2_global_scaling,D6_common_driver_replacement,,,
confirmatory,10181,direct_coupling_SCM,VAR_ARX_predictive,0.054849940203458625,0.982664371767921,0.704975129274797,0.277689242493124,P5_observation_noise,D2_phase_randomization,,,
confirmatory,10181,history_dependent_relational_mode,correlon_v1,0.0,0.0,1.0,-1.0,P1_node_permutation,D2_phase_randomization,-0.016044737073634227,0.07375874076614156,-0.044433508448614184
confirmatory,10181,history_dependent_relational_mode,pearson,0.07056723947000486,0.990396529079793,1.0,-0.009603470920206969,P5_observation_noise,D2_phase_randomization,,,
confirmatory,10181,history_dependent_relational_mode,mutual_information,0.014372207877017984,0.9754833264833597,1.0,-0.02451667351664033,P5_observation_noise,D2_phase_randomization,,,
confirmatory,10181,history_dependent_relational_mode,largest_covariance_eigenvalue,1.543766439350073,0.8838312581081995,1.0,-0.11616874189180049,P7_coarse_graining,D7_history_destruction,,,
confirmatory,10181,history_dependent_relational_mode,pca_rank1_explained_variance,0.12864720327917276,0.991975560249947,1.0,-0.008024439750052959,P5_observation_noise,D7_history_destruction,,,
confirmatory,10181,history_dependent_relational_mode,spectral_coherence,0.14213497246984122,0.7260105379673576,1.0,-0.2739894620326424,P2_global_scaling,D1_temporal_shuffle,,,
confirmatory,10181,history_dependent_relational_mode,autocorrelation_persistence,0.6173019646783051,0.8030202653232847,1.0,-0.19697973467671526,P7_coarse_graining,D5_source_swap,,,
confirmatory,10181,history_dependent_relational_mode,linear_CKA,0.029034278990449587,0.7376525315496423,1.0,-0.2623474684503577,P2_global_scaling,D2_phase_randomization,,,
confirmatory,10181,history_dependent_relational_mode,VAR_ARX_predictive,0.036761602495652246,0.9559596010866503,1.0,-0.044040398913349654,P5_observation_noise,D8_block_shuffle,,,
confirmatory,10182,persistent_shared_mode,correlon_v1,0.29983086323541835,0.7652526321336294,1.0,-0.23474736786637063,P6_time_reparameterization,D6_common_driver_replacement,0.1732924021284643,0.518767963536295,0.47253963036278224
confirmatory,10182,persistent_shared_mode,pearson,0.18227110490906157,0.9434886606737272,0.7137678137121057,0.22972084696162143,P4_orthogonal_basis_rotation,D6_common_driver_replacement,,,
confirmatory,10182,persistent_shared_mode,mutual_information,0.06340669670078958,0.998121139213324,0.4268692078614742,0.5712519313518498,P5_observation_noise,D6_common_driver_replacement,,,
confirmatory,10182,persistent_shared_mode,largest_covariance_eigenvalue,2.609979309947857,0.9575022002492097,0.879660713848857,0.07784148640035271,P6_time_reparameterization,D6_common_driver_replacement,,,
confirmatory,10182,persistent_shared_mode,pca_rank1_explained_variance,0.21749827582898812,0.9979756239414554,0.8796607138488567,0.11831491009259876,P5_observation_noise,D6_common_driver_replacement,,,
confirmatory,10182,persistent_shared_mode,spectral_coherence,0.19976023780517155,0.9117232401188293,1.0,-0.08827675988117067,P2_global_scaling,D6_common_driver_replacement,,,
confirmatory,10182,persistent_shared_mode,autocorrelation_persistence,0.6904842916095743,0.8654133366032903,1.0,-0.13458666339670966,P7_coarse_graining,D5_source_swap,,,
confirmatory,10182,persistent_shared_mode,linear_CKA,0.18346025415369166,0.9978356078216066,0.5139718556238242,0.48386375219778244,P5_observation_noise,D6_common_driver_replacement,,,
confirmatory,10182,persistent_shared_mode,VAR_ARX_predictive,0.04459433622565634,0.9999999999999988,0.8808873883540163,0.11911261164598252,P4_orthogonal_basis_rotation,D6_common_driver_replacement,,,
confirmatory,10182,direct_coupling_SCM,correlon_v1,0.04660796746789768,0.0,1.0,-1.0,P6_time_reparameterization,D2_phase_randomization,0.007776098996112327,0.2793563498323073,0.09546367061622846
confirmatory,10182,direct_coupling_SCM,pearson,0.07315956022816539,0.9963435956860343,1.0,-0.0036564043139657443,P4_orthogonal_basis_rotation,D7_history_destruction,,,
confirmatory,10182,direct_coupling_SCM,mutual_information,0.01581914109866489,1.0,1.0,0.0,P1_node_permutation,D7_history_destruction,,,
confirmatory,10182,direct_coupling_SCM,largest_covariance_eigenvalue,1.5687444328727962,0.866382167899434,1.0,-0.133617832100566,P7_coarse_graining,D7_history_destruction,,,
confirmatory,10182,direct_coupling_SCM,pca_rank1_explained_variance,0.1307287027393997,0.9999999999999996,1.0,-4.440892098500626e-16,P4_orthogonal_basis_rotation,D7_history_destruction,,,
confirmatory,10182,direct_coupling_SCM,spectral_coherence,0.10071129133885183,0.9999999999999996,1.0,-4.440892098500626e-16,P4_orthogonal_basis_rotation,D1_temporal_shuffle,,,
confirmatory,10182,direct_coupling_SCM,autocorrelation_persistence,0.6064481638913902,0.8094555771532554,1.0,-0.19054442284674455,P7_coarse_graining,D5_source_swap,,,
confirmatory,10182,direct_coupling_SCM,linear_CKA,0.03070412893531009,0.6059539144314987,1.0,-0.3940460855685013,P2_global_scaling,D7_history_destruction,,,
confirmatory,10182,direct_coupling_SCM,VAR_ARX_predictive,0.051845974612791224,0.997524700842957,0.6765571367976768,0.32096756404528015,P5_observation_noise,D7_history_destruction,,,
confirmatory,10182,history_dependent_relational_mode,correlon_v1,0.0,0.0,1.0,-1.0,P1_node_permutation,D3_IAAFT_surrogate,-0.03173610133760861,0.10240486996254104,0.048314716144464476
confirmatory,10182,history_dependent_relational_mode,pearson,0.06727794139236569,0.9970269218260136,1.0,-0.0029730781739863987,P4_orthogonal_basis_rotation,D3_IAAFT_surrogate,,,
confirmatory,10182,history_dependent_relational_mode,mutual_information,0.01255200076865759,0.9999995964204932,1.0,-4.0357950681357835e-07,P2_global_scaling,D2_phase_randomization,,,
confirmatory,10182,history_dependent_relational_mode,largest_covariance_eigenvalue,1.6774926977380828,0.9013972952809526,1.0,-0.09860270471904742,P7_coarse_graining,D6_common_driver_replacement,,,
confirmatory,10182,history_dependent_relational_mode,pca_rank1_explained_variance,0.1397910581448403,0.9964279508473968,1.0,-0.0035720491526032294,P5_observation_noise,D6_common_driver_replacement,,,
confirmatory,10182,history_dependent_relational_mode,spectral_coherence,0.1449525912197326,0.7951364108591168,1.0,-0.2048635891408832,P6_time_reparameterization,D6_common_driver_replacement,,,
confirmatory,10182,history_dependent_relational_mode,autocorrelation_persistence,0.6428634717234885,0.8557144135610065,1.0,-0.14428558643899347,P7_coarse_graining,D7_history_destruction,,,
confirmatory,10182,history_dependent_relational_mode,linear_CKA,0.025996426407640796,0.7098627404508308,1.0,-0.29013725954916925,P2_global_scaling,D2_phase_randomization,,,
confirmatory,10182,history_dependent_relational_mode,VAR_ARX_predictive,0.03537288321513693,0.9435740178845761,0.9980015559802324,-0.05442753809565637,P5_observation_noise,D7_history_destruction,,,
confirmatory,10183,persistent_shared_mode,correlon_v1,0.4474549505943323,0.9699186887057601,1.0,-0.030081311294239854,P5_observation_noise,D6_common_driver_replacement,0.2345343926076479,0.8536740841515605,0.5359307513887062
confirmatory,10183,persistent_shared_mode,pearson,0.20940040165019883,0.8589263488255101,0.7733094883360513,0.08561686048945882,P4_orthogonal_basis_rotation,D6_common_driver_replacement,,,
confirmatory,10183,persistent_shared_mode,mutual_information,0.06914681025505776,0.994918928816876,0.4801484095713328,0.5147705192455432,P5_observation_noise,D6_common_driver_replacement,,,
confirmatory,10183,persistent_shared_mode,largest_covariance_eigenvalue,2.9449999809034173,0.9573281862008343,0.9268751925110887,0.030452993689745522,P7_coarse_graining,D6_common_driver_replacement,,,
confirmatory,10183,persistent_shared_mode,pca_rank1_explained_variance,0.2454166650752847,0.9999999999999996,0.9268751925110889,0.0731248074889107,P1_node_permutation,D6_common_driver_replacement,,,
confirmatory,10183,persistent_shared_mode,spectral_coherence,0.21984729257331795,0.5711856518358549,1.0,-0.4288143481641451,P2_global_scaling,D6_common_driver_replacement,,,
confirmatory,10183,persistent_shared_mode,autocorrelation_persistence,0.6972638773168671,0.8741896478282049,1.0,-0.12581035217179515,P7_coarse_graining,D5_source_swap,,,
confirmatory,10183,persistent_shared_mode,linear_CKA,0.2338532098058384,0.7084176046055969,0.5922580726612522,0.1161595319443447,P2_global_scaling,D6_common_driver_replacement,,,
confirmatory,10183,persistent_shared_mode,VAR_ARX_predictive,0.05408005285199041,0.9521738884895996,0.8383506476021239,0.11382324088747575,P2_global_scaling,D6_common_driver_replacement,,,
confirmatory,10183,direct_coupling_SCM,correlon_v1,0.0,0.0,1.0,-1.0,P1_node_permutation,D6_common_driver_replacement,-0.024869819340454638,0.24626361256481494,0.0076906280004894745
confirmatory,10183,direct_coupling_SCM,pearson,0.07572339630286695,0.9999999999999998,0.8937959696608888,0.10620403033911097,P1_node_permutation,D6_common_driver_replacement,,,
confirmatory,10183,direct_coupling_SCM,mutual_information,0.015075027275531006,0.999999191007155,0.8403889790589294,0.15961021194822556,P2_global_scaling,D3_IAAFT_surrogate,,,
confirmatory,10183,direct_coupling_SCM,largest_covariance_eigenvalue,1.6026428363304375,0.8891566484980213,1.0,-0.11084335150197866,P7_coarse_graining,D5_source_swap,,,
confirmatory,10183,direct_coupling_SCM,pca_rank1_explained_variance,0.1335535696942032,1.0,1.0,0.0,P1_node_permutation,D5_source_swap,,,
confirmatory,10183,direct_coupling_SCM,spectral_coherence,0.14249574716859856,0.9999999999999964,1.0,-3.552713678800501e-15,P1_node_permutation,D3_IAAFT_surrogate,,,
confirmatory,10183,direct_coupling_SCM,autocorrelation_persistence,0.6069475958013701,0.802689911203172,1.0,-0.197310088796828,P7_coarse_graining,D7_history_destruction,,,
confirmatory,10183,direct_coupling_SCM,linear_CKA,0.03364740737623664,0.4284279880457487,0.8001771683076372,-0.37174918026188847,P2_global_scaling,D6_common_driver_replacement,,,
confirmatory,10183,direct_coupling_SCM,VAR_ARX_predictive,0.04508137021686143,0.8216898392076879,0.7729286309460427,0.048761208261645206,P2_global_scaling,D2_phase_randomization,,,
confirmatory,10183,history_dependent_relational_mode,correlon_v1,0.0,0.0,1.0,-1.0,P1_node_permutation,D3_IAAFT_surrogate,0.026037169752560624,-0.022577153395326885,-0.09621746941195825
confirmatory,10183,history_dependent_relational_mode,pearson,0.06335347971619214,1.0,1.0,0.0,P1_node_permutation,D4_edge_cutting,,,
confirmatory,10183,history_dependent_relational_mode,mutual_information,0.01256194013641232,0.9999997733849458,1.0,-2.2661505416632366e-07,P2_global_scaling,D5_source_swap,,,
confirmatory,10183,history_dependent_relational_mode,largest_covariance_eigenvalue,1.571486906613019,0.8779815288717451,0.9920486610576045,-0.1140671321858594,P7_coarse_graining,D8_block_shuffle,,,
confirmatory,10183,history_dependent_relational_mode,pca_rank1_explained_variance,0.1309572422177516,0.9981175579873569,0.9920486610576045,0.006068896929752432,P5_observation_noise,D8_block_shuffle,,,
confirmatory,10183,history_dependent_relational_mode,spectral_coherence,0.10652265379534231,1.0,1.0,0.0,P1_node_permutation,D1_temporal_shuffle,,,
confirmatory,10183,history_dependent_relational_mode,autocorrelation_persistence,0.6041448337029406,0.7990426501193962,1.0,-0.20095734988060376,P7_coarse_graining,D5_source_swap,,,
confirmatory,10183,history_dependent_relational_mode,linear_CKA,0.023169685450582053,0.4854082901205676,1.0,-0.5145917098794324,P2_global_scaling,D4_edge_cutting,,,
confirmatory,10183,history_dependent_relational_mode,VAR_ARX_predictive,0.0366205028829073,0.9565256331168506,1.0,-0.04347436688314943,P2_global_scaling,D5_source_swap,,,
confirmatory,10184,persistent_shared_mode,correlon_v1,0.0748719670858024,0.0,1.0,-1.0,P5_observation_noise,D6_common_driver_replacement,0.0967852000503619,0.05792013089171186,0.22130892538522562
confirmatory,10184,persistent_shared_mode,pearson,0.15633651745120075,0.9108181799761249,0.7481381474207321,0.16268003255539276,P4_orthogonal_basis_rotation,D6_common_driver_replacement,,,
confirmatory,10184,persistent_shared_mode,mutual_information,0.05706897808590805,0.98369616522848,0.4481974077707044,0.5354987574577756,P5_observation_noise,D6_common_driver_replacement,,,
confirmatory,10184,persistent_shared_mode,largest_covariance_eigenvalue,2.26247300183225,0.9183162183253517,0.9277106250178772,-0.009394406692525448,P6_time_reparameterization,D6_common_driver_replacement,,,
confirmatory,10184,persistent_shared_mode,pca_rank1_explained_variance,0.1885394168193541,0.9923061218132632,0.9277106250178774,0.06459549679538579,P5_observation_noise,D6_common_driver_replacement,,,
confirmatory,10184,persistent_shared_mode,spectral_coherence,0.21430377077791585,0.591744291227877,1.0,-0.408255708772123,P2_global_scaling,D6_common_driver_replacement,,,
confirmatory,10184,persistent_shared_mode,autocorrelation_persistence,0.6756404853155132,0.8633798505438421,1.0,-0.13662014945615786,P7_coarse_graining,D5_source_swap,,,
confirmatory,10184,persistent_shared_mode,linear_CKA,0.13912263083485213,0.4341065296882984,0.5621689732190692,-0.12806244353077084,P2_global_scaling,D6_common_driver_replacement,,,
confirmatory,10184,persistent_shared_mode,VAR_ARX_predictive,0.04148497907346982,0.895187160929947,0.858914212400484,0.036272948529462945,P2_global_scaling,D7_history_destruction,,,
confirmatory,10184,direct_coupling_SCM,correlon_v1,0.0,0.0,1.0,-1.0,P1_node_permutation,D4_edge_cutting,0.004225862471244582,-0.0013296636095539924,-0.010918934784135581
confirmatory,10184,direct_coupling_SCM,pearson,0.07593458639185557,0.9900627684991996,0.8553594445867702,0.13470332391242945,P4_orthogonal_basis_rotation,D8_block_shuffle,,,
confirmatory,10184,direct_coupling_SCM,mutual_information,0.01600047264611526,0.999998912773466,0.8195577199161126,0.18044119285735338,P2_global_scaling,D8_block_shuffle,,,
confirmatory,10184,direct_coupling_SCM,largest_covariance_eigenvalue,1.6296401338240472,0.8861850579038105,0.9596989033544598,-0.07351384545064932,P7_coarse_graining,D5_source_swap,,,
confirmatory,10184,direct_coupling_SCM,pca_rank1_explained_variance,0.13580334448533718,0.9922785595877773,0.95969890335446,0.03257965623331738,P5_observation_noise,D5_source_swap,,,
confirmatory,10184,direct_coupling_SCM,spectral_coherence,0.1968919511137675,0.7420012413689535,0.8566349099151727,-0.11463366854621915,P2_global_scaling,D6_common_driver_replacement,,,
confirmatory,10184,direct_coupling_SCM,autocorrelation_persistence,0.6171975764578562,0.8143474017266256,0.9987881252762714,-0.1844407235496458,P7_coarse_graining,D2_phase_randomization,,,
confirmatory,10184,direct_coupling_SCM,linear_CKA,0.03344086969860264,0.8445265388038027,0.7316397794437867,0.11288675936001602,P2_global_scaling,D8_block_shuffle,,,
confirmatory,10184,direct_coupling_SCM,VAR_ARX_predictive,0.04684157806661504,0.9748506824519237,0.7621438043795674,0.21270687807235633,P2_global_scaling,D3_IAAFT_surrogate,,,
confirmatory,10184,history_dependent_relational_mode,correlon_v1,0.0,0.0,1.0,-1.0,P1_node_permutation,D1_temporal_shuffle,-0.020383241674736777,0.10191523545043085,-0.012684510137833283
confirmatory,10184,history_dependent_relational_mode,pearson,0.059814569932027516,0.9983104256421043,1.0,-0.00168957435789574,P5_observation_noise,D2_phase_randomization,,,
confirmatory,10184,history_dependent_relational_mode,mutual_information,0.010926454983086309,0.9999063763363175,1.0,-9.362366368248498e-05,P5_observation_noise,D2_phase_randomization,,,
confirmatory,10184,history_dependent_relational_mode,largest_covariance_eigenvalue,1.4375842224074147,0.8738504122409628,1.0,-0.12614958775903717,P7_coarse_graining,D3_IAAFT_surrogate,,,
confirmatory,10184,history_dependent_relational_mode,pca_rank1_explained_variance,0.11979868520061787,0.9999999999999997,1.0,-3.3306690738754696e-16,P3_affine_offset,D3_IAAFT_surrogate,,,
confirmatory,10184,history_dependent_relational_mode,spectral_coherence,0.12232353213842462,0.9744826707862982,1.0,-0.025517329213701756,P6_time_reparameterization,D1_temporal_shuffle,,,
confirmatory,10184,history_dependent_relational_mode,autocorrelation_persistence,0.6294695546387696,0.8131136600339822,1.0,-0.18688633996601778,P7_coarse_graining,D5_source_swap,,,
confirmatory,10184,history_dependent_relational_mode,linear_CKA,0.020935508798436208,0.6661979193948275,1.0,-0.33380208060517247,P2_global_scaling,D2_phase_randomization,,,
confirmatory,10184,history_dependent_relational_mode,VAR_ARX_predictive,0.0351829762866524,0.9959051100173136,1.0,-0.004094889982686367,P2_global_scaling,D8_block_shuffle,,,
confirmatory,10185,persistent_shared_mode,correlon_v1,0.21202141701602323,0.6099146228443739,1.0,-0.3900853771556261,P6_time_reparameterization,D6_common_driver_replacement,0.06838613403838946,0.657342046097348,0.4072408771480331
confirmatory,10185,persistent_shared_mode,pearson,0.18387674481120936,0.9147553231031512,0.8039510501155716,0.11080427298757967,P4_orthogonal_basis_rotation,D6_common_driver_replacement,,,
confirmatory,10185,persistent_shared_mode,mutual_information,0.06196955457264197,0.9941241293860299,0.5127506046049255,0.4813735247811044,P5_observation_noise,D6_common_driver_replacement,,,
confirmatory,10185,persistent_shared_mode,largest_covariance_eigenvalue,2.6647814576681217,0.9161006614565268,0.9403756152283825,-0.024274953771855734,P6_time_reparameterization,D6_common_driver_replacement,,,
confirmatory,10185,persistent_shared_mode,pca_rank1_explained_variance,0.22206512147234345,0.9961336065040027,0.9403756152283828,0.05575799127561998,P5_observation_noise,D6_common_driver_replacement,,,
confirmatory,10185,persistent_shared_mode,spectral_coherence,0.201806592522414,0.9370701270087437,1.0,-0.0629298729912563,P2_global_scaling,D6_common_driver_replacement,,,
confirmatory,10185,persistent_shared_mode,autocorrelation_persistence,0.6902644296134008,0.8676208347596565,1.0,-0.13237916524034354,P7_coarse_graining,D5_source_swap,,,
confirmatory,10185,persistent_shared_mode,linear_CKA,0.18416807268809648,0.7913257884380713,0.6477813556380528,0.1435444328000185,P2_global_scaling,D6_common_driver_replacement,,,
confirmatory,10185,persistent_shared_mode,VAR_ARX_predictive,0.049637381351549714,0.9665464807395999,0.8364467066993174,0.1300997740402825,P6_time_reparameterization,D6_common_driver_replacement,,,
confirmatory,10185,direct_coupling_SCM,correlon_v1,0.0,0.0,1.0,-1.0,P1_node_permutation,D1_temporal_shuffle,-0.006213238559573439,0.20386799798103922,0.09365929647740678
confirmatory,10185,direct_coupling_SCM,pearson,0.08271204249580459,0.9987916648763546,0.8699307387718413,0.12886092610451327,P4_orthogonal_basis_rotation,D2_phase_randomization,,,
confirmatory,10185,direct_coupling_SCM,mutual_information,0.0189867222038288,0.9999984916031373,0.8935468384381483,0.10645165316498895,P2_global_scaling,D2_phase_randomization,,,
confirmatory,10185,direct_coupling_SCM,largest_covariance_eigenvalue,1.8690475769896069,0.8858470892934655,0.9668987833375723,-0.08105169404410684,P7_coarse_graining,D7_history_destruction,,,
confirmatory,10185,direct_coupling_SCM,pca_rank1_explained_variance,0.1557539647491339,0.9988864132967304,0.9668987833375723,0.03198762995915816,P5_observation_noise,D7_history_destruction,,,
confirmatory,10185,direct_coupling_SCM,spectral_coherence,0.14437508648611244,0.7836967250684863,1.0,-0.2163032749315137,P6_time_reparameterization,D2_phase_randomization,,,
confirmatory,10185,direct_coupling_SCM,autocorrelation_persistence,0.6206692869305853,0.7928374674830098,1.0,-0.20716253251699024,P7_coarse_graining,D7_history_destruction,,,
confirmatory,10185,direct_coupling_SCM,linear_CKA,0.03874771432585106,0.9999999999999998,0.781304575323629,0.21869542467637082,P1_node_permutation,D2_phase_randomization,,,
confirmatory,10185,direct_coupling_SCM,VAR_ARX_predictive,0.05590760433796477,0.9608980899648671,0.6504945224326595,0.31040356753220766,P5_observation_noise,D3_IAAFT_surrogate,,,
confirmatory,10185,history_dependent_relational_mode,correlon_v1,0.0,0.0,1.0,-1.0,P1_node_permutation,D3_IAAFT_surrogate,-0.009480873413643273,0.2912082464999543,0.022391701684086718
confirmatory,10185,history_dependent_relational_mode,pearson,0.0718793120704904,0.9789372677360697,1.0,-0.021062732263930295,P4_orthogonal_basis_rotation,D8_block_shuffle,,,
confirmatory,10185,history_dependent_relational_mode,mutual_information,0.01358379152452005,0.9999975158335912,1.0,-2.484166408800448e-06,P2_global_scaling,D8_block_shuffle,,,
confirmatory,10185,history_dependent_relational_mode,largest_covariance_eigenvalue,1.601427813962774,0.8838262690788412,1.0,-0.11617373092115879,P7_coarse_graining,D7_history_destruction,,,
confirmatory,10185,history_dependent_relational_mode,pca_rank1_explained_variance,0.13345231783023115,0.9957814274560324,1.0,-0.004218572543967625,P5_observation_noise,D7_history_destruction,,,
confirmatory,10185,history_dependent_relational_mode,spectral_coherence,0.15570632958242947,0.9478460947100791,1.0,-0.05215390528992092,P5_observation_noise,D6_common_driver_replacement,,,
confirmatory,10185,history_dependent_relational_mode,autocorrelation_persistence,0.6216955110139252,0.8325055687908567,0.9981577536985077,-0.165652184907651,P7_coarse_graining,D5_source_swap,,,
confirmatory,10185,history_dependent_relational_mode,linear_CKA,0.029947132484139397,0.6096614886846065,1.0,-0.39033851131539354,P2_global_scaling,D8_block_shuffle,,,
confirmatory,10185,history_dependent_relational_mode,VAR_ARX_predictive,0.03872402644470402,0.9705857287317597,1.0,-0.029414271268240255,P5_observation_noise,D5_source_swap,,,
confirmatory,10186,persistent_shared_mode,correlon_v1,0.12089205178134683,0.9566670183227823,0.5830327905586792,0.37363422776410316,P2_global_scaling,D4_edge_cutting,0.05351656239150317,0.2730909372875611,0.23810425889956893
confirmatory,10186,persistent_shared_mode,pearson,0.12755506636447114,0.9980545107257217,0.7342643890258673,0.2637901216998544,P5_observation_noise,D6_common_driver_replacement,,,
confirmatory,10186,persistent_shared_mode,mutual_information,0.039894773932133365,0.9999980162108426,0.43554737373641805,0.5644506424744246,P2_global_scaling,D7_history_destruction,,,
confirmatory,10186,persistent_shared_mode,largest_covariance_eigenvalue,1.9854195088744482,0.9405750884987776,1.0,-0.05942491150122242,P6_time_reparameterization,D6_common_driver_replacement,,,
confirmatory,10186,persistent_shared_mode,pca_rank1_explained_variance,0.16545162573953734,0.9922950292747583,1.0,-0.007704970725241678,P5_observation_noise,D6_common_driver_replacement,,,
confirmatory,10186,persistent_shared_mode,spectral_coherence,0.20893798073374156,0.6417291241229076,0.9359959874852131,-0.29426686336230545,P2_global_scaling,D6_common_driver_replacement,,,
confirmatory,10186,persistent_shared_mode,autocorrelation_persistence,0.6658140401151452,0.8703542635502809,1.0,-0.1296457364497191,P7_coarse_graining,D5_source_swap,,,
confirmatory,10186,persistent_shared_mode,linear_CKA,0.09466192183476922,0.5333517770424886,0.5193434211765776,0.014008355865910982,P2_global_scaling,D6_common_driver_replacement,,,
confirmatory,10186,persistent_shared_mode,VAR_ARX_predictive,0.049239202366380685,0.9493930785622138,0.7508799777876282,0.19851310077458562,P5_observation_noise,D7_history_destruction,,,
confirmatory,10186,direct_coupling_SCM,correlon_v1,0.004937696576369682,0.0,1.0,-1.0,P5_observation_noise,D1_temporal_shuffle,0.001704397626618906,0.014304671104628512,-0.04641229861769744
confirmatory,10186,direct_coupling_SCM,pearson,0.06971601915488283,0.9765030604918645,1.0,-0.023496939508135473,P4_orthogonal_basis_rotation,D7_history_destruction,,,
confirmatory,10186,direct_coupling_SCM,mutual_information,0.013090957623326682,0.9901577350583002,1.0,-0.009842264941699819,P5_observation_noise,D3_IAAFT_surrogate,,,
confirmatory,10186,direct_coupling_SCM,largest_covariance_eigenvalue,1.6649439478880859,0.8757328353949834,1.0,-0.12426716460501663,P7_coarse_graining,D7_history_destruction,,,
confirmatory,10186,direct_coupling_SCM,pca_rank1_explained_variance,0.13874532899067388,0.9999999999999998,1.0,-2.220446049250313e-16,P3_affine_offset,D7_history_destruction,,,
confirmatory,10186,direct_coupling_SCM,spectral_coherence,0.19415716834229993,0.6654309748874864,0.9409681317850119,-0.27553715689752556,P6_time_reparameterization,D6_common_driver_replacement,,,
confirmatory,10186,direct_coupling_SCM,autocorrelation_persistence,0.6095479632742108,0.7922987168507141,1.0,-0.20770128314928593,P7_coarse_graining,D5_source_swap,,,
confirmatory,10186,direct_coupling_SCM,linear_CKA,0.028069165004355898,0.3920222406684826,1.0,-0.6079777593315174,P2_global_scaling,D7_history_destruction,,,
confirmatory,10186,direct_coupling_SCM,VAR_ARX_predictive,0.05492886614556469,0.9619850148687568,0.6683151873652009,0.29366982750355586,P5_observation_noise,D7_history_destruction,,,
confirmatory,10186,history_dependent_relational_mode,correlon_v1,0.010940422638183303,0.0,0.0,0.0,P6_time_reparameterization,D1_temporal_shuffle,0.03268754484122595,0.003661726449124915,0.04655088659593254
confirmatory,10186,history_dependent_relational_mode,pearson,0.06633022704263812,0.9861991607679137,1.0,-0.013800839232086304,P5_observation_noise,D3_IAAFT_surrogate,,,
confirmatory,10186,history_dependent_relational_mode,mutual_information,0.01286471464234451,0.9713994379099367,1.0,-0.02860056209006334,P5_observation_noise,D3_IAAFT_surrogate,,,
confirmatory,10186,history_dependent_relational_mode,largest_covariance_eigenvalue,1.5558604516738146,0.8452846197192213,0.9617434401518001,-0.11645882043257882,P7_coarse_graining,D8_block_shuffle,,,
confirmatory,10186,history_dependent_relational_mode,pca_rank1_explained_variance,0.12965503763948458,0.9999999999999993,0.9617434401517999,0.03825655984819942,P1_node_permutation,D8_block_shuffle,,,
confirmatory,10186,history_dependent_relational_mode,spectral_coherence,0.14349789814349997,0.8203906068470492,1.0,-0.17960939315295077,P6_time_reparameterization,D2_phase_randomization,,,
confirmatory,10186,history_dependent_relational_mode,autocorrelation_persistence,0.6161081139486848,0.8131501860574736,0.9980808565073357,-0.1849306704498621,P7_coarse_graining,D2_phase_randomization,,,
confirmatory,10186,history_dependent_relational_mode,linear_CKA,0.025555513694896694,0.5411865989796172,1.0,-0.4588134010203828,P2_global_scaling,D3_IAAFT_surrogate,,,
confirmatory,10186,history_dependent_relational_mode,VAR_ARX_predictive,0.034621070108023566,0.9986805466972964,1.0,-0.0013194533027035549,P2_global_scaling,D3_IAAFT_surrogate,,,
confirmatory,10187,persistent_shared_mode,correlon_v1,0.2670907941478617,0.9803702574104459,1.0,-0.019629742589554078,P5_observation_noise,D6_common_driver_replacement,0.10171657551388567,0.701335961795105,0.48150909865953195
confirmatory,10187,persistent_shared_mode,pearson,0.2074851908892661,0.9297840157559158,0.7263792431284138,0.203404772627502,P4_orthogonal_basis_rotation,D6_common_driver_replacement,,,
confirmatory,10187,persistent_shared_mode,mutual_information,0.072806296272658,0.9867462487036226,0.41365452330309616,0.5730917254005264,P5_observation_noise,D6_common_driver_replacement,,,
confirmatory,10187,persistent_shared_mode,largest_covariance_eigenvalue,2.8662848070332156,0.9342515834680739,0.8994796524975319,0.03477193097054199,P6_time_reparameterization,D6_common_driver_replacement,,,
confirmatory,10187,persistent_shared_mode,pca_rank1_explained_variance,0.238857067252768,0.9944717606446152,0.8994796524975316,0.09499210814708359,P5_observation_noise,D6_common_driver_replacement,,,
confirmatory,10187,persistent_shared_mode,spectral_coherence,0.2478491813949882,0.5160522437087925,0.9631236227126214,-0.4470713790038289,P2_global_scaling,D6_common_driver_replacement,,,
confirmatory,10187,persistent_shared_mode,autocorrelation_persistence,0.70863353653009,0.8817429640987595,0.9986369515041051,-0.11689398740534562,P7_coarse_graining,D2_phase_randomization,,,
confirmatory,10187,persistent_shared_mode,linear_CKA,0.23165739443303157,0.47064788034450017,0.5301647330896035,-0.05951685274510338,P2_global_scaling,D6_common_driver_replacement,,,
confirmatory,10187,persistent_shared_mode,VAR_ARX_predictive,0.051341725459149945,0.8684529444788444,0.9069763478032873,-0.03852340332444293,P2_global_scaling,D6_common_driver_replacement,,,
confirmatory,10187,direct_coupling_SCM,correlon_v1,0.0,0.0,1.0,-1.0,P1_node_permutation,D5_source_swap,0.008504728680735457,-0.05241935854450132,-0.06486592600201785
confirmatory,10187,direct_coupling_SCM,pearson,0.0671393022067786,0.9760055312491732,1.0,-0.02399446875082678,P5_observation_noise,D3_IAAFT_surrogate,,,
confirmatory,10187,direct_coupling_SCM,mutual_information,0.012918343158829337,0.9564711586364338,1.0,-0.04352884136356616,P5_observation_noise,D3_IAAFT_surrogate,,,
confirmatory,10187,direct_coupling_SCM,largest_covariance_eigenvalue,1.4517975270518604,0.8632647417286108,1.0,-0.13673525827138922,P7_coarse_graining,D3_IAAFT_surrogate,,,
confirmatory,10187,direct_coupling_SCM,pca_rank1_explained_variance,0.12098312725432168,0.9939053604413123,1.0,-0.00609463955868772,P5_observation_noise,D3_IAAFT_surrogate,,,
confirmatory,10187,direct_coupling_SCM,spectral_coherence,0.1686500316026333,0.6785000063422234,1.0,-0.3214999936577766,P2_global_scaling,D6_common_driver_replacement,,,
confirmatory,10187,direct_coupling_SCM,autocorrelation_persistence,0.6057294810096168,0.8011099784414377,1.0,-0.19889002155856228,P7_coarse_graining,D5_source_swap,,,
confirmatory,10187,direct_coupling_SCM,linear_CKA,0.026529007508576903,0.5938175173947531,1.0,-0.4061824826052469,P2_global_scaling,D3_IAAFT_surrogate,,,
confirmatory,10187,direct_coupling_SCM,VAR_ARX_predictive,0.04828600448301529,0.9999999999999977,0.8372509054427721,0.16274909455722553,P1_node_permutation,D3_IAAFT_surrogate,,,
confirmatory,10187,history_dependent_relational_mode,correlon_v1,0.030429781142092223,0.0,1.0,-1.0,P5_observation_noise,D5_source_swap,0.006384938271429233,0.14502435904495564,0.09526857415675627
confirmatory,10187,history_dependent_relational_mode,pearson,0.06324235201786384,0.9798998543401609,1.0,-0.020100145659839086,P4_orthogonal_basis_rotation,D2_phase_randomization,,,
confirmatory,10187,history_dependent_relational_mode,mutual_information,0.011204649098257802,0.9848313553828006,1.0,-0.015168644617199356,P5_observation_noise,D2_phase_randomization,,,
confirmatory,10187,history_dependent_relational_mode,largest_covariance_eigenvalue,1.6692444315937787,0.8854255430407755,1.0,-0.11457445695922452,P7_coarse_graining,D7_history_destruction,,,
confirmatory,10187,history_dependent_relational_mode,pca_rank1_explained_variance,0.13910370263281496,0.9960109321508956,1.0,-0.003989067849104355,P5_observation_noise,D7_history_destruction,,,
confirmatory,10187,history_dependent_relational_mode,spectral_coherence,0.12890734861517375,0.9927134019081061,1.0,-0.007286598091893914,P5_observation_noise,D2_phase_randomization,,,
confirmatory,10187,history_dependent_relational_mode,autocorrelation_persistence,0.6289428988746144,0.8473213934976993,0.9998704762915069,-0.15254908279380763,P7_coarse_graining,D2_phase_randomization,,,
confirmatory,10187,history_dependent_relational_mode,linear_CKA,0.02274914377537707,0.790136145035477,1.0,-0.20986385496452298,P2_global_scaling,D2_phase_randomization,,,
confirmatory,10187,history_dependent_relational_mode,VAR_ARX_predictive,0.0376972208355732,0.8832025691097108,0.8696359047449526,0.013566664364758285,P6_time_reparameterization,D7_history_destruction,,,
confirmatory,10188,persistent_shared_mode,correlon_v1,0.443662231220958,0.999999999999999,0.8122007301442954,0.1877992698557036,P3_affine_offset,D6_common_driver_replacement,0.2463334718892335,0.7990638620985633,0.5309298631090889
confirmatory,10188,persistent_shared_mode,pearson,0.23860046091260792,0.7805960074466424,0.7322186290452934,0.048377378401348925,P4_orthogonal_basis_rotation,D6_common_driver_replacement,,,
confirmatory,10188,persistent_shared_mode,mutual_information,0.08261008169164474,0.9667974034765444,0.42795022470181027,0.5388471787747342,P5_observation_noise,D6_common_driver_replacement,,,
confirmatory,10188,persistent_shared_mode,largest_covariance_eigenvalue,3.251808983881208,0.9632241785443146,0.8935241520940435,0.06970002645027118,P6_time_reparameterization,D6_common_driver_replacement,,,
confirmatory,10188,persistent_shared_mode,pca_rank1_explained_variance,0.2709840819901007,0.9932667142772075,0.8935241520940432,0.09974256218316424,P5_observation_noise,D6_common_driver_replacement,,,
confirmatory,10188,persistent_shared_mode,spectral_coherence,0.2751472362421918,0.6837976077792681,0.9071047331284622,-0.22330712534919406,P2_global_scaling,D6_common_driver_replacement,,,
confirmatory,10188,persistent_shared_mode,autocorrelation_persistence,0.702578874417379,0.8798794997042946,1.0,-0.12012050029570542,P7_coarse_graining,D5_source_swap,,,
confirmatory,10188,persistent_shared_mode,linear_CKA,0.29196891018283777,0.5384312363556872,0.53458635064427,0.0038448857114172785,P2_global_scaling,D6_common_driver_replacement,,,
confirmatory,10188,persistent_shared_mode,VAR_ARX_predictive,0.04392715452227153,0.8638687103217719,1.0,-0.13613128967822807,P2_global_scaling,D6_common_driver_replacement,,,
confirmatory,10188,direct_coupling_SCM,correlon_v1,0.0,0.0,1.0,-1.0,P1_node_permutation,D4_edge_cutting,-0.004153954992997352,0.006994364813158863,-0.010537005456894344
confirmatory,10188,direct_coupling_SCM,pearson,0.06592663887108872,0.9691548699942687,1.0,-0.030845130005731303,P4_orthogonal_basis_rotation,D3_IAAFT_surrogate,,,
confirmatory,10188,direct_coupling_SCM,mutual_information,0.011989237946646525,0.9790337036550614,1.0,-0.02096629634493863,P5_observation_noise,D2_phase_randomization,,,
confirmatory,10188,direct_coupling_SCM,largest_covariance_eigenvalue,1.5849254377697575,0.875315452573427,1.0,-0.12468454742657298,P7_coarse_graining,D5_source_swap,,,
confirmatory,10188,direct_coupling_SCM,pca_rank1_explained_variance,0.1320771198141464,0.996368063801949,1.0,-0.0036319361980510223,P5_observation_noise,D5_source_swap,,,
confirmatory,10188,direct_coupling_SCM,spectral_coherence,0.13332426680778167,0.9108930877867122,1.0,-0.08910691221328781,P6_time_reparameterization,D1_temporal_shuffle,,,
confirmatory,10188,direct_coupling_SCM,autocorrelation_persistence,0.6073968809135591,0.8039247160169367,0.9981588874527313,-0.19423417143579458,P7_coarse_graining,D3_IAAFT_surrogate,,,
confirmatory,10188,direct_coupling_SCM,linear_CKA,0.025173213503524614,0.9999999999999999,1.0,-1.1102230246251565e-16,P4_orthogonal_basis_rotation,D3_IAAFT_surrogate,,,
confirmatory,10188,direct_coupling_SCM,VAR_ARX_predictive,0.05423087979473312,0.9669773087311613,0.6627434361876929,0.30423387254346834,P6_time_reparameterization,D5_source_swap,,,
confirmatory,10188,history_dependent_relational_mode,correlon_v1,0.0,0.0,1.0,-1.0,P1_node_permutation,D1_temporal_shuffle,-0.015243239348430346,0.2560296889075269,0.06400135968416121
confirmatory,10188,history_dependent_relational_mode,pearson,0.04890306299416632,0.9754352811862171,1.0,-0.02456471881378286,P4_orthogonal_basis_rotation,D2_phase_randomization,,,
confirmatory,10188,history_dependent_relational_mode,mutual_information,0.006959807643131644,0.9999989746996504,1.0,-1.0253003496218938e-06,P2_global_scaling,D2_phase_randomization,,,
confirmatory,10188,history_dependent_relational_mode,largest_covariance_eigenvalue,1.3413678297703793,0.8317547755744068,1.0,-0.1682452244255932,P7_coarse_graining,D1_temporal_shuffle,,,
confirmatory,10188,history_dependent_relational_mode,pca_rank1_explained_variance,0.11178065248086497,0.9907152679734973,1.0,-0.009284732026502707,P5_observation_noise,D1_temporal_shuffle,,,
confirmatory,10188,history_dependent_relational_mode,spectral_coherence,0.11548438179174374,0.9962989718245472,1.0,-0.003701028175452814,P5_observation_noise,D1_temporal_shuffle,,,
confirmatory,10188,history_dependent_relational_mode,autocorrelation_persistence,0.596692664879224,0.8192956287795344,1.0,-0.18070437122046556,P7_coarse_graining,D5_source_swap,,,
confirmatory,10188,history_dependent_relational_mode,linear_CKA,0.01399892063757157,0.6160150067718543,1.0,-0.3839849932281457,P2_global_scaling,D2_phase_randomization,,,
confirmatory,10188,history_dependent_relational_mode,VAR_ARX_predictive,0.037426921270968305,0.9630161766984047,0.9236625038279022,0.03935367287050251,P2_global_scaling,D4_edge_cutting,,,
confirmatory,10189,persistent_shared_mode,correlon_v1,0.32666175887739307,0.8898588094458711,1.0,-0.11014119055412885,P6_time_reparameterization,D6_common_driver_replacement,0.14985092793473304,0.7120937199624702,0.5008353644139915
confirmatory,10189,persistent_shared_mode,pearson,0.2530501409696862,0.7901433237765202,0.7493171821131736,0.04082614166334664,P4_orthogonal_basis_rotation,D6_common_driver_replacement,,,
confirmatory,10189,persistent_shared_mode,mutual_information,0.08259795681670645,0.994824604110848,0.5106277251058906,0.48419687900495745,P5_observation_noise,D6_common_driver_replacement,,,
confirmatory,10189,persistent_shared_mode,largest_covariance_eigenvalue,3.4870841644111303,0.9290923005274729,0.8675567765067687,0.06153552402070428,P6_time_reparameterization,D6_common_driver_replacement,,,
confirmatory,10189,persistent_shared_mode,pca_rank1_explained_variance,0.29059034703426084,0.9951797217859065,0.8675567765067687,0.12762294527913787,P5_observation_noise,D6_common_driver_replacement,,,
confirmatory,10189,persistent_shared_mode,spectral_coherence,0.23091840849381737,0.5804281429761917,1.0,-0.4195718570238083,P2_global_scaling,D6_common_driver_replacement,,,
confirmatory,10189,persistent_shared_mode,autocorrelation_persistence,0.7054109393878116,0.8893312132114356,0.9996263320078262,-0.11029511879639065,P7_coarse_graining,D2_phase_randomization,,,
confirmatory,10189,persistent_shared_mode,linear_CKA,0.31317871667701513,0.719795956095471,0.5810542215550766,0.1387417345403944,P2_global_scaling,D6_common_driver_replacement,,,
confirmatory,10189,persistent_shared_mode,VAR_ARX_predictive,0.055420149552657894,1.0,0.9283105950234052,0.07168940497659482,P1_node_permutation,D6_common_driver_replacement,,,
confirmatory,10189,direct_coupling_SCM,correlon_v1,0.0,0.0,1.0,-1.0,P1_node_permutation,D1_temporal_shuffle,-0.022427441536400347,-0.02894851201662258,0.03604648379037878
confirmatory,10189,direct_coupling_SCM,pearson,0.07214840989074164,0.984347436986246,0.9824719650448787,0.0018754719413673904,P4_orthogonal_basis_rotation,D5_source_swap,,,
confirmatory,10189,direct_coupling_SCM,mutual_information,0.015364971389857929,0.9999994964377737,1.0,-5.035622262505868e-07,P2_global_scaling,D5_source_swap,,,
confirmatory,10189,direct_coupling_SCM,largest_covariance_eigenvalue,1.555395106723853,0.8589623597060053,0.9938845056074367,-0.13492214590143137,P7_coarse_graining,D5_source_swap,,,
confirmatory,10189,direct_coupling_SCM,pca_rank1_explained_variance,0.12961625889365444,0.9872713625167147,0.9938845056074362,-0.006613143090721585,P5_observation_noise,D5_source_swap,,,
confirmatory,10189,direct_coupling_SCM,spectral_coherence,0.15770596772387865,0.9361313928678474,0.9952399667183559,-0.059108573850508495,P2_global_scaling,D6_common_driver_replacement,,,
confirmatory,10189,direct_coupling_SCM,autocorrelation_persistence,0.5995573366846789,0.8035015852555756,1.0,-0.19649841474442442,P7_coarse_graining,D5_source_swap,,,
confirmatory,10189,direct_coupling_SCM,linear_CKA,0.030464270783191836,0.6787941128135013,0.9534237293135658,-0.27462961650006446,P2_global_scaling,D5_source_swap,,,
confirmatory,10189,direct_coupling_SCM,VAR_ARX_predictive,0.047147326047443094,0.970725504770514,0.7943385996145191,0.17638690515599487,P5_observation_noise,D3_IAAFT_surrogate,,,
confirmatory,10189,history_dependent_relational_mode,correlon_v1,0.0,0.0,1.0,-1.0,P1_node_permutation,D1_temporal_shuffle,0.0179808451642329,-0.11394207057344428,-0.03781214091356325
confirmatory,10189,history_dependent_relational_mode,pearson,0.06157086729082403,0.9980803825260544,1.0,-0.001919617473945645,P4_orthogonal_basis_rotation,D5_source_swap,,,
confirmatory,10189,history_dependent_relational_mode,mutual_information,0.011367379593091753,0.9999993686226485,1.0,-6.313773515120857e-07,P2_global_scaling,D4_edge_cutting,,,
confirmatory,10189,history_dependent_relational_mode,largest_covariance_eigenvalue,1.4557004040815726,0.8673248044206043,1.0,-0.13267519557939567,P7_coarse_graining,D5_source_swap,,,
confirmatory,10189,history_dependent_relational_mode,pca_rank1_explained_variance,0.12130836700679774,0.9886093368875637,1.0,-0.011390663112436306,P5_observation_noise,D5_source_swap,,,
confirmatory,10189,history_dependent_relational_mode,spectral_coherence,0.1387593699127111,0.769651405035855,1.0,-0.23034859496414495,P2_global_scaling,D6_common_driver_replacement,,,
confirmatory,10189,history_dependent_relational_mode,autocorrelation_persistence,0.6221938118332871,0.8204811418158436,1.0,-0.17951885818415636,P7_coarse_graining,D3_IAAFT_surrogate,,,
confirmatory,10189,history_dependent_relational_mode,linear_CKA,0.02208852817588627,0.7076885036183218,1.0,-0.2923114963816782,P2_global_scaling,D4_edge_cutting,,,
confirmatory,10189,history_dependent_relational_mode,VAR_ARX_predictive,0.035599142758313496,0.9741217131799054,1.0,-0.02587828682009463,P2_global_scaling,D6_common_driver_replacement,,,
confirmatory,10190,persistent_shared_mode,correlon_v1,0.37245970324536426,0.8769837228728666,1.0,-0.12301627712713337,P6_time_reparameterization,D6_common_driver_replacement,0.22255670459714347,0.6233298196643291,0.5611308273410269
confirmatory,10190,persistent_shared_mode,pearson,0.21982097816972412,0.8864118778107131,0.7081774140249608,0.17823446378575225,P4_orthogonal_basis_rotation,D6_common_driver_replacement,,,
confirmatory,10190,persistent_shared_mode,mutual_information,0.06915660351073527,0.9836989595228193,0.5079568282135194,0.4757421313092999,P5_observation_noise,D6_common_driver_replacement,,,
confirmatory,10190,persistent_shared_mode,largest_covariance_eigenvalue,3.131502373045987,0.9205443040956492,0.8198508056343907,0.10069349846125852,P6_time_reparameterization,D6_common_driver_replacement,,,
confirmatory,10190,persistent_shared_mode,pca_rank1_explained_variance,0.26095853108716566,0.9302633655748348,0.8198508056343905,0.1104125599404443,P2_global_scaling,D6_common_driver_replacement,,,
confirmatory,10190,persistent_shared_mode,spectral_coherence,0.1932937896750558,0.6034865855418504,1.0,-0.3965134144581496,P2_global_scaling,D6_common_driver_replacement,,,
confirmatory,10190,persistent_shared_mode,autocorrelation_persistence,0.7019953646739988,0.8792943930746697,1.0,-0.12070560692533028,P7_coarse_graining,D5_source_swap,,,
confirmatory,10190,persistent_shared_mode,linear_CKA,0.24661923354705928,0.5011846225909851,0.5351045338764668,-0.033919911285481774,P2_global_scaling,D6_common_driver_replacement,,,
confirmatory,10190,persistent_shared_mode,VAR_ARX_predictive,0.04507779202306883,0.8815352343242155,1.0,-0.11846476567578446,P2_global_scaling,D6_common_driver_replacement,,,
confirmatory,10190,direct_coupling_SCM,correlon_v1,0.021658515910624312,0.0,1.0,-1.0,P6_time_reparameterization,D1_temporal_shuffle,0.029537280422166787,0.01588133046598049,0.021586492900864368
confirmatory,10190,direct_coupling_SCM,pearson,0.06656290733318594,0.9865837290903476,0.9534624083150557,0.03312132077529195,P5_observation_noise,D2_phase_randomization,,,
confirmatory,10190,direct_coupling_SCM,mutual_information,0.012546119224098873,0.9893931405887926,1.0,-0.010606859411207425,P5_observation_noise,D2_phase_randomization,,,
confirmatory,10190,direct_coupling_SCM,largest_covariance_eigenvalue,1.499054398749868,0.8619327313842209,1.0,-0.13806726861577912,P7_coarse_graining,D5_source_swap,,,
confirmatory,10190,direct_coupling_SCM,pca_rank1_explained_variance,0.12492119989582227,0.9892829319924669,1.0,-0.010717068007533137,P5_observation_noise,D5_source_swap,,,
confirmatory,10190,direct_coupling_SCM,spectral_coherence,0.18207441151583303,0.6927153672390344,0.8693361762854585,-0.17662080904642408,P2_global_scaling,D3_IAAFT_surrogate,,,
confirmatory,10190,direct_coupling_SCM,autocorrelation_persistence,0.607822919381429,0.7965586900276594,1.0,-0.20344130997234056,P7_coarse_graining,D7_history_destruction,,,
confirmatory,10190,direct_coupling_SCM,linear_CKA,0.025776919584350324,0.9722317842857273,0.9191683737308909,0.05306341055483643,P5_observation_noise,D2_phase_randomization,,,
confirmatory,10190,direct_coupling_SCM,VAR_ARX_predictive,0.048810946324311266,0.9797752608335103,0.7183843490327376,0.2613909118007727,P5_observation_noise,D8_block_shuffle,,,
confirmatory,10190,history_dependent_relational_mode,correlon_v1,0.0,0.0,1.0,-1.0,P1_node_permutation,D6_common_driver_replacement,-0.0006739814310506576,-0.1162028111753242,-0.044343916559926394
confirmatory,10190,history_dependent_relational_mode,pearson,0.06469693691783565,0.9806414907902788,1.0,-0.019358509209721153,P4_orthogonal_basis_rotation,D2_phase_randomization,,,
confirmatory,10190,history_dependent_relational_mode,mutual_information,0.011645052024589542,0.9953017644147917,1.0,-0.004698235585208321,P5_observation_noise,D2_phase_randomization,,,
confirmatory,10190,history_dependent_relational_mode,largest_covariance_eigenvalue,1.505138346386018,0.8822983410052466,1.0,-0.11770165899475338,P7_coarse_graining,D5_source_swap,,,
confirmatory,10190,history_dependent_relational_mode,pca_rank1_explained_variance,0.12542819553216814,0.9849832432643675,1.0,-0.01501675673563252,P5_observation_noise,D5_source_swap,,,
confirmatory,10190,history_dependent_relational_mode,spectral_coherence,0.13344928565835584,0.9107276454133807,1.0,-0.0892723545866193,P2_global_scaling,D4_edge_cutting,,,
confirmatory,10190,history_dependent_relational_mode,autocorrelation_persistence,0.6082802510117714,0.8281014022218514,1.0,-0.17189859777814864,P7_coarse_graining,D5_source_swap,,,
confirmatory,10190,history_dependent_relational_mode,linear_CKA,0.024488757540458223,0.5640834782990001,1.0,-0.4359165217009999,P2_global_scaling,D2_phase_randomization,,,
confirmatory,10190,history_dependent_relational_mode,VAR_ARX_predictive,0.03832369397450469,0.9999999999999957,1.0,-4.3298697960381105e-15,P4_orthogonal_basis_rotation,D2_phase_randomization,,,
confirmatory,10191,persistent_shared_mode,correlon_v1,0.3077661908321002,0.748993277247141,1.0,-0.25100672275285896,P6_time_reparameterization,D6_common_driver_replacement,0.11926340502088006,0.7942086527105074,0.4588419193819835
confirmatory,10191,persistent_shared_mode,pearson,0.17356443336580854,0.9728322365744301,0.722062544949307,0.2507696916251231,P4_orthogonal_basis_rotation,D6_common_driver_replacement,,,
confirmatory,10191,persistent_shared_mode,mutual_information,0.05933812525721216,0.9739865156679295,0.43967668918402825,0.5343098264839012,P5_observation_noise,D6_common_driver_replacement,,,
confirmatory,10191,persistent_shared_mode,largest_covariance_eigenvalue,2.495182555016617,0.9177353473678733,0.9024561069036715,0.015279240464201815,P6_time_reparameterization,D6_common_driver_replacement,,,
confirmatory,10191,persistent_shared_mode,pca_rank1_explained_variance,0.20793187958471818,0.914693174875868,0.9024561069036711,0.012237067972196924,P2_global_scaling,D6_common_driver_replacement,,,
confirmatory,10191,persistent_shared_mode,spectral_coherence,0.20656184968625274,0.6242251745068158,1.0,-0.3757748254931842,P2_global_scaling,D6_common_driver_replacement,,,
confirmatory,10191,persistent_shared_mode,autocorrelation_persistence,0.6861140585517252,0.8695995107294464,1.0,-0.1304004892705536,P7_coarse_graining,D7_history_destruction,,,
confirmatory,10191,persistent_shared_mode,linear_CKA,0.16928039999112443,0.3178853241709159,0.5207751317646724,-0.20288980759375647,P2_global_scaling,D6_common_driver_replacement,,,
confirmatory,10191,persistent_shared_mode,VAR_ARX_predictive,0.04618454270626604,0.9105002398637632,1.0,-0.08949976013623684,P2_global_scaling,D6_common_driver_replacement,,,
confirmatory,10191,direct_coupling_SCM,correlon_v1,0.01996405653782444,0.0,1.0,-1.0,P5_observation_noise,D1_temporal_shuffle,0.004360131647060103,0.09141089896085805,0.1564779986110696
confirmatory,10191,direct_coupling_SCM,pearson,0.07061597534238696,0.9999999999999996,1.0,-4.440892098500626e-16,P2_global_scaling,D5_source_swap,,,
confirmatory,10191,direct_coupling_SCM,mutual_information,0.013462274772623739,1.0,1.0,0.0,P1_node_permutation,D5_source_swap,,,
confirmatory,10191,direct_coupling_SCM,largest_covariance_eigenvalue,1.6497026557441326,0.8841187007503885,1.0,-0.11588129924961155,P7_coarse_graining,D5_source_swap,,,
confirmatory,10191,direct_coupling_SCM,pca_rank1_explained_variance,0.13747522131201104,0.9963750148950742,1.0,-0.0036249851049258153,P5_observation_noise,D5_source_swap,,,
confirmatory,10191,direct_coupling_SCM,spectral_coherence,0.19538930104628,0.7696128977541519,0.8467102127329331,-0.07709731497878125,P2_global_scaling,D1_temporal_shuffle,,,
confirmatory,10191,direct_coupling_SCM,autocorrelation_persistence,0.6173057313398752,0.7821334012787308,1.0,-0.21786659872126923,P7_coarse_graining,D5_source_swap,,,
confirmatory,10191,direct_coupling_SCM,linear_CKA,0.028649510959537633,0.5005016924746496,1.0,-0.4994983075253504,P2_global_scaling,D5_source_swap,,,
confirmatory,10191,direct_coupling_SCM,VAR_ARX_predictive,0.04220819750607979,0.8026382704381251,0.9885111961771001,-0.18587292573897507,P2_global_scaling,D6_common_driver_replacement,,,
confirmatory,10191,history_dependent_relational_mode,correlon_v1,0.06511140677593284,0.0,1.0,-1.0,P7_coarse_graining,D4_edge_cutting,0.05946272669314384,0.07129668496735475,0.03757561871769066
confirmatory,10191,history_dependent_relational_mode,pearson,0.06354086520045718,0.9970009827635031,1.0,-0.0029990172364968704,P5_observation_noise,D2_phase_randomization,,,
confirmatory,10191,history_dependent_relational_mode,mutual_information,0.012278037754047677,0.997241482461172,1.0,-0.0027585175388280536,P5_observation_noise,D2_phase_randomization,,,
confirmatory,10191,history_dependent_relational_mode,largest_covariance_eigenvalue,1.641788555348815,0.8924886969523244,1.0,-0.10751130304767564,P7_coarse_graining,D8_block_shuffle,,,
confirmatory,10191,history_dependent_relational_mode,pca_rank1_explained_variance,0.13681571294573458,0.9989537011326053,1.0,-0.0010462988673947127,P5_observation_noise,D8_block_shuffle,,,
confirmatory,10191,history_dependent_relational_mode,spectral_coherence,0.1318285584345789,0.9946049990595781,1.0,-0.00539500094042189,P2_global_scaling,D1_temporal_shuffle,,,
confirmatory,10191,history_dependent_relational_mode,autocorrelation_persistence,0.6275567548635902,0.8191894593400539,1.0,-0.18081054065994606,P7_coarse_graining,D7_history_destruction,,,
confirmatory,10191,history_dependent_relational_mode,linear_CKA,0.023000165386455395,0.7827517305355429,1.0,-0.21724826946445708,P2_global_scaling,D2_phase_randomization,,,
confirmatory,10191,history_dependent_relational_mode,VAR_ARX_predictive,0.03627345674202748,1.0,1.0,0.0,P1_node_permutation,D6_common_driver_replacement,,,
confirmatory,10192,persistent_shared_mode,correlon_v1,0.2297541120528329,0.9417705332231204,0.7569817205342269,0.18478881268889358,P5_observation_noise,D6_common_driver_replacement,0.11748031587731166,0.44932592844160163,0.42717270612540176
confirmatory,10192,persistent_shared_mode,pearson,0.13296071941501492,0.9359276225567414,0.8119765383816775,0.12395108417506395,P4_orthogonal_basis_rotation,D6_common_driver_replacement,,,
confirmatory,10192,persistent_shared_mode,mutual_information,0.03723565249850036,0.9999984336788096,0.5620463076659752,0.4379521260128344,P2_global_scaling,D6_common_driver_replacement,,,
confirmatory,10192,persistent_shared_mode,largest_covariance_eigenvalue,2.131626679301232,0.9402486839242717,0.9770122972900689,-0.03676361336579714,P7_coarse_graining,D6_common_driver_replacement,,,
confirmatory,10192,persistent_shared_mode,pca_rank1_explained_variance,0.17763555660843605,0.9999999999999992,0.9770122972900682,0.022987702709931,P1_node_permutation,D6_common_driver_replacement,,,
confirmatory,10192,persistent_shared_mode,spectral_coherence,0.24742503468555369,0.5281297253858095,1.0,-0.4718702746141905,P2_global_scaling,D6_common_driver_replacement,,,
confirmatory,10192,persistent_shared_mode,autocorrelation_persistence,0.6781353654117739,0.8767552104892722,1.0,-0.12324478951072781,P7_coarse_graining,D2_phase_randomization,,,
confirmatory,10192,persistent_shared_mode,linear_CKA,0.10078340449228522,0.34399043173766525,0.6587746402395681,-0.31478420850190286,P2_global_scaling,D6_common_driver_replacement,,,
confirmatory,10192,persistent_shared_mode,VAR_ARX_predictive,0.049208868048402354,0.871914088279913,0.9126359452576656,-0.040721856977752546,P2_global_scaling,D6_common_driver_replacement,,,
confirmatory,10192,direct_coupling_SCM,correlon_v1,0.0,0.0,1.0,-1.0,P1_node_permutation,D6_common_driver_replacement,-0.015486098371797208,-0.002055940849462947,0.12451710197813887
confirmatory,10192,direct_coupling_SCM,pearson,0.07604422427158578,0.9817013979067096,0.90500917759115,0.07669222031555967,P5_observation_noise,D2_phase_randomization,,,
confirmatory,10192,direct_coupling_SCM,mutual_information,0.014751093278895677,0.9539140276744498,0.9429197925256484,0.010994235148801379,P5_observation_noise,D2_phase_randomization,,,
confirmatory,10192,direct_coupling_SCM,largest_covariance_eigenvalue,1.693233308823757,0.8850785377408773,0.9701864966572791,-0.08510795891640177,P7_coarse_graining,D6_common_driver_replacement,,,
confirmatory,10192,direct_coupling_SCM,pca_rank1_explained_variance,0.1411027757353131,0.9956040982758124,0.970186496657279,0.02541760161853346,P5_observation_noise,D6_common_driver_replacement,,,
confirmatory,10192,direct_coupling_SCM,spectral_coherence,0.19561808270716005,0.8790409907699529,0.9144736489855714,-0.03543265821561847,P2_global_scaling,D6_common_driver_replacement,,,
confirmatory,10192,direct_coupling_SCM,autocorrelation_persistence,0.6134344858758098,0.8074117126715673,1.0,-0.1925882873284327,P7_coarse_graining,D7_history_destruction,,,
confirmatory,10192,direct_coupling_SCM,linear_CKA,0.033553157147898346,0.2721169874470858,0.8269822815624805,-0.5548652941153948,P2_global_scaling,D2_phase_randomization,,,
confirmatory,10192,direct_coupling_SCM,VAR_ARX_predictive,0.04984408805207563,0.9999999999999978,0.7644011998662757,0.23559880013372203,P1_node_permutation,D6_common_driver_replacement,,,
confirmatory,10192,history_dependent_relational_mode,correlon_v1,0.0,0.0,1.0,-1.0,P1_node_permutation,D6_common_driver_replacement,0.000937417503875923,-0.14070272658494473,0.00851156490365923
confirmatory,10192,history_dependent_relational_mode,pearson,0.061422423973378354,0.9980935864753686,1.0,-0.0019064135246313896,P4_orthogonal_basis_rotation,D2_phase_randomization,,,
confirmatory,10192,history_dependent_relational_mode,mutual_information,0.011089060609917656,0.9999987902506767,1.0,-1.2097493232721135e-06,P2_global_scaling,D2_phase_randomization,,,
confirmatory,10192,history_dependent_relational_mode,largest_covariance_eigenvalue,1.4949614186786397,0.8666261209476827,0.9955742301543473,-0.12894810920666466,P7_coarse_graining,D5_source_swap,,,
confirmatory,10192,history_dependent_relational_mode,pca_rank1_explained_variance,0.12458011822321997,0.9927974596634926,0.9955742301543474,-0.0027767704908547852,P5_observation_noise,D5_source_swap,,,
confirmatory,10192,history_dependent_relational_mode,spectral_coherence,0.1679615145779657,0.7700898476563689,1.0,-0.2299101523436311,P2_global_scaling,D6_common_driver_replacement,,,
confirmatory,10192,history_dependent_relational_mode,autocorrelation_persistence,0.6115301138071668,0.8078026793909647,1.0,-0.19219732060903527,P7_coarse_graining,D5_source_swap,,,
confirmatory,10192,history_dependent_relational_mode,linear_CKA,0.022022753953612906,0.7226166322093627,1.0,-0.2773833677906373,P2_global_scaling,D2_phase_randomization,,,
confirmatory,10192,history_dependent_relational_mode,VAR_ARX_predictive,0.03351769184103914,0.8696319439288591,1.0,-0.13036805607114088,P2_global_scaling,D3_IAAFT_surrogate,,,
confirmatory,10193,persistent_shared_mode,correlon_v1,0.37223585778356566,0.9999999999999966,0.3026974176688914,0.6973025823311052,P4_orthogonal_basis_rotation,D6_common_driver_replacement,0.1922615719976188,0.7206824139645701,0.5175227823582611
confirmatory,10193,persistent_shared_mode,pearson,0.19806666758086514,0.9371280649589437,0.7347072153772903,0.2024208495816534,P4_orthogonal_basis_rotation,D6_common_driver_replacement,,,
confirmatory,10193,persistent_shared_mode,mutual_information,0.07201519742513329,0.9874908599229526,0.41731321240053454,0.5701776475224181,P5_observation_noise,D6_common_driver_replacement,,,
confirmatory,10193,persistent_shared_mode,largest_covariance_eigenvalue,2.798683295195275,0.9598643780529525,0.900760138918188,0.05910423913476459,P7_coarse_graining,D6_common_driver_replacement,,,
confirmatory,10193,persistent_shared_mode,pca_rank1_explained_variance,0.2332236079329396,0.9924152749973678,0.900760138918188,0.09165513607917986,P5_observation_noise,D6_common_driver_replacement,,,
confirmatory,10193,persistent_shared_mode,spectral_coherence,0.2340302642011658,0.7366045655276351,0.980531340519256,-0.24392677499162085,P2_global_scaling,D6_common_driver_replacement,,,
confirmatory,10193,persistent_shared_mode,autocorrelation_persistence,0.700154272112472,0.8770717275821617,1.0,-0.12292827241783832,P7_coarse_graining,D5_source_swap,,,
confirmatory,10193,persistent_shared_mode,linear_CKA,0.21137769108495735,0.8784982062078882,0.5451438175374453,0.33335438867044287,P2_global_scaling,D6_common_driver_replacement,,,
confirmatory,10193,persistent_shared_mode,VAR_ARX_predictive,0.05172280273233615,0.9827324394139182,0.7738637752199335,0.20886866419398464,P5_observation_noise,D6_common_driver_replacement,,,
confirmatory,10193,direct_coupling_SCM,correlon_v1,0.0,0.0,1.0,-1.0,P1_node_permutation,D5_source_swap,-0.006489739760894633,-0.10224657304013826,0.12011036921543533
confirmatory,10193,direct_coupling_SCM,pearson,0.0785166835543265,0.9723106104366711,0.9580836491726386,0.014226961264032556,P4_orthogonal_basis_rotation,D3_IAAFT_surrogate,,,
confirmatory,10193,direct_coupling_SCM,mutual_information,0.016146391552624095,0.9999998253276065,1.0,-1.7467239354918007e-07,P2_global_scaling,D3_IAAFT_surrogate,,,
confirmatory,10193,direct_coupling_SCM,largest_covariance_eigenvalue,1.7087332647477562,0.8892081019724943,0.979399151761723,-0.09019104978922865,P7_coarse_graining,D8_block_shuffle,,,
confirmatory,10193,direct_coupling_SCM,pca_rank1_explained_variance,0.14239443872897972,0.9999999999999998,0.979399151761723,0.020600848238276792,P3_affine_offset,D8_block_shuffle,,,
confirmatory,10193,direct_coupling_SCM,spectral_coherence,0.16594467770176913,0.7004306106724201,0.9954977543135027,-0.29506714364108266,P2_global_scaling,D8_block_shuffle,,,
confirmatory,10193,direct_coupling_SCM,autocorrelation_persistence,0.6296345840924221,0.808937320165198,1.0,-0.19106267983480196,P7_coarse_graining,D7_history_destruction,,,
confirmatory,10193,direct_coupling_SCM,linear_CKA,0.03533850143334103,0.8469424667854086,0.9407423735659717,-0.09379990678056305,P2_global_scaling,D3_IAAFT_surrogate,,,
confirmatory,10193,direct_coupling_SCM,VAR_ARX_predictive,0.052826433581126375,0.9772769248899811,0.6566763383928766,0.32060058649710443,P5_observation_noise,D6_common_driver_replacement,,,
confirmatory,10193,history_dependent_relational_mode,correlon_v1,0.0,0.0,1.0,-1.0,P1_node_permutation,D2_phase_randomization,-0.007647853044378164,-0.0041600819090944485,-0.02510961495443792
confirmatory,10193,history_dependent_relational_mode,pearson,0.06429025324296184,0.9769634119233273,1.0,-0.023036588076672748,P5_observation_noise,D2_phase_randomization,,,
confirmatory,10193,history_dependent_relational_mode,mutual_information,0.010980634781686538,0.9344529142875909,1.0,-0.06554708571240908,P5_observation_noise,D2_phase_randomization,,,
confirmatory,10193,history_dependent_relational_mode,largest_covariance_eigenvalue,1.5370531721643255,0.8967114351145975,1.0,-0.1032885648854025,P7_coarse_graining,D5_source_swap,,,
confirmatory,10193,history_dependent_relational_mode,pca_rank1_explained_variance,0.1280877643470271,1.0,1.0,0.0,P1_node_permutation,D5_source_swap,,,
confirmatory,10193,history_dependent_relational_mode,spectral_coherence,0.1687909033596409,0.8386064551872896,1.0,-0.1613935448127104,P6_time_reparameterization,D6_common_driver_replacement,,,
confirmatory,10193,history_dependent_relational_mode,autocorrelation_persistence,0.6277933859969099,0.8198271562913376,1.0,-0.18017284370866238,P7_coarse_graining,D7_history_destruction,,,
confirmatory,10193,history_dependent_relational_mode,linear_CKA,0.024222033872001572,0.8783134119473134,1.0,-0.12168658805268662,P2_global_scaling,D2_phase_randomization,,,
confirmatory,10193,history_dependent_relational_mode,VAR_ARX_predictive,0.034601700835535265,0.9872148847865815,1.0,-0.012785115213418519,P5_observation_noise,D8_block_shuffle,,,
confirmatory,10194,persistent_shared_mode,correlon_v1,0.22147348117517246,0.9990553187845386,1.0,-0.0009446812154614292,P2_global_scaling,D6_common_driver_replacement,0.16548086490990355,0.2964119319206794,0.35569647469402843
confirmatory,10194,persistent_shared_mode,pearson,0.22212871633323655,0.9390019786396615,0.771076884545757,0.16792509409390455,P4_orthogonal_basis_rotation,D6_common_driver_replacement,,,
confirmatory,10194,persistent_shared_mode,mutual_information,0.07462548302948002,0.9999986814278656,0.5228095374598094,0.47718914396805623,P2_global_scaling,D6_common_driver_replacement,,,
confirmatory,10194,persistent_shared_mode,largest_covariance_eigenvalue,3.0949419359331483,0.9103439536522319,0.8832716728391031,0.027072280813128735,P6_time_reparameterization,D6_common_driver_replacement,,,
confirmatory,10194,persistent_shared_mode,pca_rank1_explained_variance,0.25791182799442897,0.9934980332837845,0.8832716728391034,0.11022636044468115,P5_observation_noise,D6_common_driver_replacement,,,
confirmatory,10194,persistent_shared_mode,spectral_coherence,0.21821277889407636,0.6777210262959958,1.0,-0.32227897370400416,P2_global_scaling,D6_common_driver_replacement,,,
confirmatory,10194,persistent_shared_mode,autocorrelation_persistence,0.711172700654417,0.9017548359887138,1.0,-0.09824516401128625,P7_coarse_graining,D7_history_destruction,,,
confirmatory,10194,persistent_shared_mode,linear_CKA,0.25670343842792614,0.456505381679449,0.6125464488184302,-0.15604106713898125,P2_global_scaling,D6_common_driver_replacement,,,
confirmatory,10194,persistent_shared_mode,VAR_ARX_predictive,0.04265617346761286,0.8430318643529764,0.98724670495929,-0.14421484060631362,P2_global_scaling,D6_common_driver_replacement,,,
confirmatory,10194,direct_coupling_SCM,correlon_v1,0.0,0.0,1.0,-1.0,P1_node_permutation,D2_phase_randomization,-0.02225028897746399,0.051183848316063804,-0.08718164775102408
confirmatory,10194,direct_coupling_SCM,pearson,0.06273689083596154,0.9824105257529037,1.0,-0.017589474247096337,P4_orthogonal_basis_rotation,D2_phase_randomization,,,
confirmatory,10194,direct_coupling_SCM,mutual_information,0.011362709420064565,0.9792867268401014,1.0,-0.02071327315989857,P5_observation_noise,D2_phase_randomization,,,
confirmatory,10194,direct_coupling_SCM,largest_covariance_eigenvalue,1.4389411702954829,0.8813045058159177,1.0,-0.11869549418408232,P7_coarse_graining,D5_source_swap,,,
confirmatory,10194,direct_coupling_SCM,pca_rank1_explained_variance,0.11991176419129025,0.990890623311612,1.0,-0.00910937668838796,P5_observation_noise,D5_source_swap,,,
confirmatory,10194,direct_coupling_SCM,spectral_coherence,0.16101983836519948,0.9532841690494893,0.8791326412420694,0.07415152780741996,P5_observation_noise,D3_IAAFT_surrogate,,,
confirmatory,10194,direct_coupling_SCM,autocorrelation_persistence,0.6128957185861562,0.7750698194173694,1.0,-0.2249301805826306,P7_coarse_graining,D7_history_destruction,,,
confirmatory,10194,direct_coupling_SCM,linear_CKA,0.02313173658604971,0.5717683048329437,1.0,-0.4282316951670563,P2_global_scaling,D2_phase_randomization,,,
confirmatory,10194,direct_coupling_SCM,VAR_ARX_predictive,0.04580921691780443,0.9789828597122291,0.801670365253514,0.1773124944587151,P5_observation_noise,D6_common_driver_replacement,,,
confirmatory,10194,history_dependent_relational_mode,correlon_v1,0.0,0.0,1.0,-1.0,P1_node_permutation,D5_source_swap,-0.013779988286874156,0.011206245485478813,0.07625603020422578
confirmatory,10194,history_dependent_relational_mode,pearson,0.06910865754028708,0.9999999999999996,0.9742227370985304,0.0257772629014692,P1_node_permutation,D4_edge_cutting,,,
confirmatory,10194,history_dependent_relational_mode,mutual_information,0.015323242790827751,0.9999992022625994,0.9532369997471142,0.04676220251548524,P2_global_scaling,D4_edge_cutting,,,
confirmatory,10194,history_dependent_relational_mode,largest_covariance_eigenvalue,1.3312705843619084,0.8385468441862758,1.0,-0.16145315581372421,P7_coarse_graining,D2_phase_randomization,,,
confirmatory,10194,history_dependent_relational_mode,pca_rank1_explained_variance,0.11093921536349237,0.992745200664192,1.0,-0.007254799335807971,P5_observation_noise,D2_phase_randomization,,,
confirmatory,10194,history_dependent_relational_mode,spectral_coherence,0.13084883925690693,0.9620929554043259,1.0,-0.037907044595674066,P5_observation_noise,D2_phase_randomization,,,
confirmatory,10194,history_dependent_relational_mode,autocorrelation_persistence,0.614801927423021,0.7972682734881027,1.0,-0.2027317265118973,P7_coarse_graining,D5_source_swap,,,
confirmatory,10194,history_dependent_relational_mode,linear_CKA,0.02831200746873324,0.44308741324029816,0.9504343518745526,-0.5073469386342544,P2_global_scaling,D4_edge_cutting,,,
confirmatory,10194,history_dependent_relational_mode,VAR_ARX_predictive,0.036228322924432454,0.9589100757959894,0.9649754916000316,-0.006065415804042185,P2_global_scaling,D3_IAAFT_surrogate,,,
confirmatory,10195,persistent_shared_mode,correlon_v1,0.38510114013775837,0.93304613222321,1.0,-0.06695386777679002,P6_time_reparameterization,D6_common_driver_replacement,0.18048637086997552,0.8216846924261142,0.5118855405829739
confirmatory,10195,persistent_shared_mode,pearson,0.242250205302738,0.8909345113653183,0.671259966176534,0.21967454518878426,P4_orthogonal_basis_rotation,D6_common_driver_replacement,,,
confirmatory,10195,persistent_shared_mode,mutual_information,0.09092149351441792,0.9772120420766565,0.4068563364232999,0.5703557056533566,P5_observation_noise,D6_common_driver_replacement,,,
confirmatory,10195,persistent_shared_mode,largest_covariance_eigenvalue,3.312598175582413,0.9699659745987848,0.8026792070077051,0.16728676759107963,P7_coarse_graining,D6_common_driver_replacement,,,
confirmatory,10195,persistent_shared_mode,pca_rank1_explained_variance,0.276049847965201,0.9969985510391272,0.8026792070077052,0.19431934403142193,P5_observation_noise,D6_common_driver_replacement,,,
confirmatory,10195,persistent_shared_mode,spectral_coherence,0.21247804993334984,0.9999999999999999,1.0,-1.1102230246251565e-16,P4_orthogonal_basis_rotation,D6_common_driver_replacement,,,
confirmatory,10195,persistent_shared_mode,autocorrelation_persistence,0.7125485634284955,0.8988750036729957,1.0,-0.10112499632700434,P7_coarse_graining,D7_history_destruction,,,
confirmatory,10195,persistent_shared_mode,linear_CKA,0.2953373324069529,0.9889031157214151,0.48236931931385474,0.5065337964075604,P5_observation_noise,D6_common_driver_replacement,,,
confirmatory,10195,persistent_shared_mode,VAR_ARX_predictive,0.042437923784058806,0.9999999999999987,1.0,-1.3322676295501878e-15,P4_orthogonal_basis_rotation,D6_common_driver_replacement,,,
confirmatory,10195,direct_coupling_SCM,correlon_v1,0.03593978710552616,0.0,1.0,-1.0,P7_coarse_graining,D2_phase_randomization,0.03012706676279342,0.04287401449867466,0.06850580272890106
confirmatory,10195,direct_coupling_SCM,pearson,0.06752032409192198,0.9892731269879911,1.0,-0.01072687301200892,P4_orthogonal_basis_rotation,D3_IAAFT_surrogate,,,
confirmatory,10195,direct_coupling_SCM,mutual_information,0.012394250145135954,0.984924329198929,1.0,-0.015075670801070973,P5_observation_noise,D3_IAAFT_surrogate,,,
confirmatory,10195,direct_coupling_SCM,largest_covariance_eigenvalue,1.6001028592066608,0.8797635382875189,0.982001935647285,-0.10223839735976614,P7_coarse_graining,D7_history_destruction,,,
confirmatory,10195,direct_coupling_SCM,pca_rank1_explained_variance,0.13334190493388842,0.999185642634001,0.9820019356472851,0.017183706986715896,P5_observation_noise,D7_history_destruction,,,
confirmatory,10195,direct_coupling_SCM,spectral_coherence,0.164094984250718,0.9395543248656729,1.0,-0.06044567513432708,P6_time_reparameterization,D6_common_driver_replacement,,,
confirmatory,10195,direct_coupling_SCM,autocorrelation_persistence,0.6042928523588496,0.8068375901654427,1.0,-0.19316240983455735,P7_coarse_graining,D7_history_destruction,,,
confirmatory,10195,direct_coupling_SCM,linear_CKA,0.02631873772919655,0.9840621130071121,1.0,-0.015937886992887895,P5_observation_noise,D3_IAAFT_surrogate,,,
confirmatory,10195,direct_coupling_SCM,VAR_ARX_predictive,0.05464688635310361,0.953848760458562,0.699191098432874,0.25465766202568807,P2_global_scaling,D2_phase_randomization,,,
confirmatory,10195,history_dependent_relational_mode,correlon_v1,0.038644282647824164,0.0,1.0,-1.0,P6_time_reparameterization,D4_edge_cutting,0.03671351557952347,0.04067658892895125,0.0392266966555338
confirmatory,10195,history_dependent_relational_mode,pearson,0.055596932455325425,0.9971862910958293,1.0,-0.002813708904170653,P4_orthogonal_basis_rotation,D3_IAAFT_surrogate,,,
confirmatory,10195,history_dependent_relational_mode,mutual_information,0.0097547701231262,0.9999993247329914,1.0,-6.752670086429546e-07,P2_global_scaling,D3_IAAFT_surrogate,,,
confirmatory,10195,history_dependent_relational_mode,largest_covariance_eigenvalue,1.2974436438633434,0.8464273155357883,1.0,-0.15357268446421168,P7_coarse_graining,D2_phase_randomization,,,
confirmatory,10195,history_dependent_relational_mode,pca_rank1_explained_variance,0.10812030365527858,0.9999999999999997,1.0,-3.3306690738754696e-16,P4_orthogonal_basis_rotation,D2_phase_randomization,,,
confirmatory,10195,history_dependent_relational_mode,spectral_coherence,0.15632064045349642,0.8031103956914941,0.9584379407276872,-0.15532754503619306,P2_global_scaling,D6_common_driver_replacement,,,
confirmatory,10195,history_dependent_relational_mode,autocorrelation_persistence,0.6039480184109868,0.7915430467739789,1.0,-0.2084569532260211,P7_coarse_graining,D5_source_swap,,,
confirmatory,10195,history_dependent_relational_mode,linear_CKA,0.01824745783364524,0.7111125485001245,1.0,-0.2888874514998755,P2_global_scaling,D3_IAAFT_surrogate,,,
confirmatory,10195,history_dependent_relational_mode,VAR_ARX_predictive,0.03496000223375029,0.9611889944124431,1.0,-0.0388110055875569,P5_observation_noise,D2_phase_randomization,,,
confirmatory,10196,persistent_shared_mode,correlon_v1,0.3104600638669415,0.6629912294941033,1.0,-0.3370087705058967,P6_time_reparameterization,D6_common_driver_replacement,0.18069834726950476,0.5334052730018064,0.4075332735317005
confirmatory,10196,persistent_shared_mode,pearson,0.17506437300251051,0.8829255697951923,0.6871910611923115,0.19573450860288077,P4_orthogonal_basis_rotation,D6_common_driver_replacement,,,
confirmatory,10196,persistent_shared_mode,mutual_information,0.06821386771615245,0.9691009267409105,0.412920026385855,0.5561809003550555,P5_observation_noise,D6_common_driver_replacement,,,
confirmatory,10196,persistent_shared_mode,largest_covariance_eigenvalue,2.5276032958388974,0.961737727457427,0.8367280420039797,0.12500968545344737,P7_coarse_graining,D6_common_driver_replacement,,,
confirmatory,10196,persistent_shared_mode,pca_rank1_explained_variance,0.21063360798657477,0.989082936188498,0.8367280420039798,0.1523548941845182,P5_observation_noise,D6_common_driver_replacement,,,
confirmatory,10196,persistent_shared_mode,spectral_coherence,0.19181988458642887,0.9154810518509684,1.0,-0.0845189481490316,P5_observation_noise,D6_common_driver_replacement,,,
confirmatory,10196,persistent_shared_mode,autocorrelation_persistence,0.6918388139193886,0.8633715801420503,1.0,-0.1366284198579497,P7_coarse_graining,D7_history_destruction,,,
confirmatory,10196,persistent_shared_mode,linear_CKA,0.1678739677680001,0.9697193414728834,0.49356063605345857,0.47615870541942484,P5_observation_noise,D6_common_driver_replacement,,,
confirmatory,10196,persistent_shared_mode,VAR_ARX_predictive,0.04341313341121095,0.9950732570815869,1.0,-0.004926742918413107,P5_observation_noise,D6_common_driver_replacement,,,
confirmatory,10196,direct_coupling_SCM,correlon_v1,0.05023777846077586,0.0,1.0,-1.0,P6_time_reparameterization,D8_block_shuffle,0.014168796418877916,0.1781262367007647,0.08187998690027581
confirmatory,10196,direct_coupling_SCM,pearson,0.07679655145870216,0.9921653018945741,0.8955349459341737,0.09663035596040037,P5_observation_noise,D4_edge_cutting,,,
confirmatory,10196,direct_coupling_SCM,mutual_information,0.01703524478762164,0.9926155107288724,0.8725535657798613,0.12006194494901112,P5_observation_noise,D4_edge_cutting,,,
confirmatory,10196,direct_coupling_SCM,largest_covariance_eigenvalue,1.7356033151469867,0.8711111481768229,0.988679066152835,-0.11756791797601207,P7_coarse_graining,D7_history_destruction,,,
confirmatory,10196,direct_coupling_SCM,pca_rank1_explained_variance,0.1446336095955823,0.9898867575111246,0.9886790661528347,0.0012076913582899085,P5_observation_noise,D7_history_destruction,,,
confirmatory,10196,direct_coupling_SCM,spectral_coherence,0.13260118814295446,0.9727326037549148,1.0,-0.02726739624508523,P5_observation_noise,D1_temporal_shuffle,,,
confirmatory,10196,direct_coupling_SCM,autocorrelation_persistence,0.6084404995347402,0.8189161589117773,1.0,-0.18108384108822273,P7_coarse_graining,D2_phase_randomization,,,
confirmatory,10196,direct_coupling_SCM,linear_CKA,0.033534928434446526,0.7938777547553519,0.8303629292286852,-0.036485174473333215,P2_global_scaling,D4_edge_cutting,,,
confirmatory,10196,direct_coupling_SCM,VAR_ARX_predictive,0.06261698610837763,0.9096691203595363,0.5723394007088513,0.33732971965068503,P2_global_scaling,D6_common_driver_replacement,,,
confirmatory,10196,history_dependent_relational_mode,correlon_v1,0.0,0.0,1.0,-1.0,P1_node_permutation,D4_edge_cutting,0.010011113185839346,-0.037555113002864945,-0.00990880594445176
confirmatory,10196,history_dependent_relational_mode,pearson,0.06046854140988824,0.9749194926981053,1.0,-0.025080507301894706,P4_orthogonal_basis_rotation,D3_IAAFT_surrogate,,,
confirmatory,10196,history_dependent_relational_mode,mutual_information,0.010607501960028465,0.9880188440924917,1.0,-0.011981155907508256,P5_observation_noise,D3_IAAFT_surrogate,,,
confirmatory,10196,history_dependent_relational_mode,largest_covariance_eigenvalue,1.4231374891423112,0.865186287516109,1.0,-0.13481371248389096,P7_coarse_graining,D3_IAAFT_surrogate,,,
confirmatory,10196,history_dependent_relational_mode,pca_rank1_explained_variance,0.11859479076185929,0.9912152576691823,1.0,-0.008784742330817719,P5_observation_noise,D3_IAAFT_surrogate,,,
confirmatory,10196,history_dependent_relational_mode,spectral_coherence,0.15639115849937846,0.9626499521207051,1.0,-0.037350047879294856,P2_global_scaling,D2_phase_randomization,,,
confirmatory,10196,history_dependent_relational_mode,autocorrelation_persistence,0.5965479873770484,0.8128891654110257,1.0,-0.18711083458897426,P7_coarse_graining,D7_history_destruction,,,
confirmatory,10196,history_dependent_relational_mode,linear_CKA,0.021382297054830135,0.9844885653678457,1.0,-0.01551143463215432,P5_observation_noise,D3_IAAFT_surrogate,,,
confirmatory,10196,history_dependent_relational_mode,VAR_ARX_predictive,0.03834485736047777,0.9483601391039651,0.9704539877711225,-0.022093848667157356,P6_time_reparameterization,D1_temporal_shuffle,,,
confirmatory,10197,persistent_shared_mode,correlon_v1,0.34109551757903345,0.8886795925123016,1.0,-0.11132040748769845,P5_observation_noise,D6_common_driver_replacement,0.1631278992333557,0.7132204402759744,0.512184200585204
confirmatory,10197,persistent_shared_mode,pearson,0.2501970526623888,0.8578999940912209,0.7744446814847996,0.08345531260642125,P4_orthogonal_basis_rotation,D6_common_driver_replacement,,,
confirmatory,10197,persistent_shared_mode,mutual_information,0.08905226039385827,0.9887343902224388,0.4888846268852938,0.499849763337145,P5_observation_noise,D6_common_driver_replacement,,,
confirmatory,10197,persistent_shared_mode,largest_covariance_eigenvalue,3.4175510653251937,0.9732898283283532,0.8815992120751217,0.0916906162532315,P7_coarse_graining,D6_common_driver_replacement,,,
confirmatory,10197,persistent_shared_mode,pca_rank1_explained_variance,0.2847959221104328,0.9877644782705207,0.8815992120751218,0.1061652661953989,P5_observation_noise,D6_common_driver_replacement,,,
confirmatory,10197,persistent_shared_mode,spectral_coherence,0.23949182066108873,0.9570979000233087,1.0,-0.042902099976691255,P5_observation_noise,D6_common_driver_replacement,,,
confirmatory,10197,persistent_shared_mode,autocorrelation_persistence,0.7183320193917592,0.901541773126614,1.0,-0.09845822687338601,P7_coarse_graining,D7_history_destruction,,,
confirmatory,10197,persistent_shared_mode,linear_CKA,0.3085370081654762,0.9797557564944311,0.6265952674878946,0.3531604890065365,P5_observation_noise,D6_common_driver_replacement,,,
confirmatory,10197,persistent_shared_mode,VAR_ARX_predictive,0.05393606125945449,0.9920421513283031,0.8223526072736899,0.16968954405461323,P5_observation_noise,D6_common_driver_replacement,,,
confirmatory,10197,direct_coupling_SCM,correlon_v1,0.0,0.0,1.0,-1.0,P1_node_permutation,D1_temporal_shuffle,-0.008021511834047701,0.2309563765723598,0.19756082073108833
confirmatory,10197,direct_coupling_SCM,pearson,0.08591668456620502,0.9899353360345361,0.8184175715075371,0.17151776452699896,P5_observation_noise,D6_common_driver_replacement,,,
confirmatory,10197,direct_coupling_SCM,mutual_information,0.019192126455772396,0.999999233549251,0.6488407699808012,0.3511584635684498,P2_global_scaling,D5_source_swap,,,
confirmatory,10197,direct_coupling_SCM,largest_covariance_eigenvalue,1.8222114759191332,0.8961548173292605,0.9393080195972494,-0.04315320226798891,P7_coarse_graining,D8_block_shuffle,,,
confirmatory,10197,direct_coupling_SCM,pca_rank1_explained_variance,0.15185095632659446,0.9762087048703654,0.9393080195972493,0.036900685273116074,P5_observation_noise,D8_block_shuffle,,,
confirmatory,10197,direct_coupling_SCM,spectral_coherence,0.16980811352266084,0.7104749186361283,1.0,-0.2895250813638717,P2_global_scaling,D6_common_driver_replacement,,,
confirmatory,10197,direct_coupling_SCM,autocorrelation_persistence,0.6214211201792463,0.8141247607081991,1.0,-0.18587523929180094,P7_coarse_graining,D7_history_destruction,,,
confirmatory,10197,direct_coupling_SCM,linear_CKA,0.042096736713561796,0.7561328030490437,0.6830530383298431,0.07307976471920063,P2_global_scaling,D6_common_driver_replacement,,,
confirmatory,10197,direct_coupling_SCM,VAR_ARX_predictive,0.05614924040902719,0.8684885741157341,0.6009078854936315,0.2675806886221026,P2_global_scaling,D6_common_driver_replacement,,,
confirmatory,10197,history_dependent_relational_mode,correlon_v1,0.0,0.0,1.0,-1.0,P1_node_permutation,D1_temporal_shuffle,-0.05100302772135683,-0.02167873121232263,0.054032262109947105
confirmatory,10197,history_dependent_relational_mode,pearson,0.05825209053928126,0.9744195914500188,1.0,-0.025580408549981226,P6_time_reparameterization,D2_phase_randomization,,,
confirmatory,10197,history_dependent_relational_mode,mutual_information,0.010251554011455943,0.9248417392696765,1.0,-0.0751582607303235,P6_time_reparameterization,D2_phase_randomization,,,
confirmatory,10197,history_dependent_relational_mode,largest_covariance_eigenvalue,1.48348814489418,0.8772339899779377,0.9759389906925473,-0.09870500071460964,P7_coarse_graining,D6_common_driver_replacement,,,
confirmatory,10197,history_dependent_relational_mode,pca_rank1_explained_variance,0.12362401207451502,0.984892260830213,0.975938990692547,0.008953270137666003,P5_observation_noise,D6_common_driver_replacement,,,
confirmatory,10197,history_dependent_relational_mode,spectral_coherence,0.13001766919949959,0.8668521198941097,1.0,-0.1331478801058903,P2_global_scaling,D2_phase_randomization,,,
confirmatory,10197,history_dependent_relational_mode,autocorrelation_persistence,0.6232121908112371,0.8051050736617168,0.9997551299237958,-0.19465005626207899,P7_coarse_graining,D2_phase_randomization,,,
confirmatory,10197,history_dependent_relational_mode,linear_CKA,0.019807903471920615,0.8555725152505147,1.0,-0.1444274847494853,P2_global_scaling,D2_phase_randomization,,,
confirmatory,10197,history_dependent_relational_mode,VAR_ARX_predictive,0.03364710008946714,0.9837613295318872,1.0,-0.01623867046811278,P2_global_scaling,D1_temporal_shuffle,,,
confirmatory,10198,persistent_shared_mode,correlon_v1,0.3722838219495183,0.9912447418762453,1.0,-0.008755258123754661,P5_observation_noise,D6_common_driver_replacement,0.17536303101458545,0.790333306190478,0.5439176095728091
confirmatory,10198,persistent_shared_mode,pearson,0.2101975604095959,0.7859822853528644,0.7600513570219468,0.02593092833091759,P4_orthogonal_basis_rotation,D6_common_driver_replacement,,,
confirmatory,10198,persistent_shared_mode,mutual_information,0.06333067185259289,0.9945145787187729,0.5287223661102533,0.46579221260851966,P5_observation_noise,D6_common_driver_replacement,,,
confirmatory,10198,persistent_shared_mode,largest_covariance_eigenvalue,2.9964191533198816,0.9423884379896769,0.8841650108781316,0.05822342711154527,P6_time_reparameterization,D6_common_driver_replacement,,,
confirmatory,10198,persistent_shared_mode,pca_rank1_explained_variance,0.2497015961099903,0.9984401021202405,0.8841650108781307,0.11427509124210977,P5_observation_noise,D6_common_driver_replacement,,,
confirmatory,10198,persistent_shared_mode,spectral_coherence,0.28505405309489434,0.8373289851357285,0.9930079019559136,-0.1556789168201851,P2_global_scaling,D6_common_driver_replacement,,,
confirmatory,10198,persistent_shared_mode,autocorrelation_persistence,0.6781085572713296,0.8532126880944321,1.0,-0.14678731190556793,P7_coarse_graining,D5_source_swap,,,
confirmatory,10198,persistent_shared_mode,linear_CKA,0.23204798312691421,0.9477615769014988,0.5929086861505315,0.35485289075096726,P2_global_scaling,D6_common_driver_replacement,,,
confirmatory,10198,persistent_shared_mode,VAR_ARX_predictive,0.05559110188209926,0.9922025211412365,0.9120005464602764,0.08020197468096013,P5_observation_noise,D6_common_driver_replacement,,,
confirmatory,10198,direct_coupling_SCM,correlon_v1,0.026792996378217387,0.0,0.0,0.0,P6_time_reparameterization,D1_temporal_shuffle,0.004737464454942095,0.15152929626190606,0.11262485650616905
confirmatory,10198,direct_coupling_SCM,pearson,0.07615808955429698,0.9740844721444609,0.8580319829003731,0.11605248924408784,P4_orthogonal_basis_rotation,D2_phase_randomization,,,
confirmatory,10198,direct_coupling_SCM,mutual_information,0.014684884924084374,0.9864065765889116,0.8651922292043908,0.12121434738452086,P5_observation_noise,D8_block_shuffle,,,
confirmatory,10198,direct_coupling_SCM,largest_covariance_eigenvalue,1.6604847765045032,0.8820851461593964,0.9477274171011384,-0.06564227094174202,P7_coarse_graining,D6_common_driver_replacement,,,
confirmatory,10198,direct_coupling_SCM,pca_rank1_explained_variance,0.13837373137537526,1.0,0.9477274171011385,0.0522725828988615,P1_node_permutation,D6_common_driver_replacement,,,
confirmatory,10198,direct_coupling_SCM,spectral_coherence,0.2378700679934036,0.7350956681018578,0.7527213818633655,-0.017625713761507678,P2_global_scaling,D6_common_driver_replacement,,,
confirmatory,10198,direct_coupling_SCM,autocorrelation_persistence,0.6058084809092564,0.7775132475043427,1.0,-0.2224867524956573,P7_coarse_graining,D2_phase_randomization,,,
confirmatory,10198,direct_coupling_SCM,linear_CKA,0.033661781072258964,0.843667402842981,0.7370206595234594,0.10664674331952162,P2_global_scaling,D2_phase_randomization,,,
confirmatory,10198,direct_coupling_SCM,VAR_ARX_predictive,0.056142114502930496,0.9883161555517397,0.7114569061054383,0.27685924944630136,P5_observation_noise,D6_common_driver_replacement,,,
confirmatory,10198,history_dependent_relational_mode,correlon_v1,0.0,0.0,1.0,-1.0,P1_node_permutation,D7_history_destruction,-0.027501774010653415,-0.15262184812951268,-0.07243966128247989
confirmatory,10198,history_dependent_relational_mode,pearson,0.07367231485645477,0.9733338093373805,0.9421602657368774,0.031173543600503062,P5_observation_noise,D8_block_shuffle,,,
confirmatory,10198,history_dependent_relational_mode,mutual_information,0.01589036638206809,0.9412586719375949,0.8806312943248887,0.0606273776127062,P5_observation_noise,D8_block_shuffle,,,
confirmatory,10198,history_dependent_relational_mode,largest_covariance_eigenvalue,1.577109185555243,0.8724560744036228,1.0,-0.12754392559637717,P7_coarse_graining,D5_source_swap,,,
confirmatory,10198,history_dependent_relational_mode,pca_rank1_explained_variance,0.13142576546293697,0.996574837119379,1.0,-0.003425162880621002,P5_observation_noise,D5_source_swap,,,
confirmatory,10198,history_dependent_relational_mode,spectral_coherence,0.11018434912912524,0.9136834900488059,1.0,-0.08631650995119411,P5_observation_noise,D1_temporal_shuffle,,,
confirmatory,10198,history_dependent_relational_mode,autocorrelation_persistence,0.6124535940754074,0.8333294491782023,1.0,-0.1666705508217977,P7_coarse_graining,D7_history_destruction,,,
confirmatory,10198,history_dependent_relational_mode,linear_CKA,0.03148940740727154,0.7569933208045974,0.8876659663333837,-0.13067264552878632,P2_global_scaling,D8_block_shuffle,,,
confirmatory,10198,history_dependent_relational_mode,VAR_ARX_predictive,0.030423387387309597,0.9790502950225118,1.0,-0.02094970497748816,P2_global_scaling,D2_phase_randomization,,,
confirmatory,10199,persistent_shared_mode,correlon_v1,0.2939532090731864,0.9948033590815806,1.0,-0.005196640918419426,P2_global_scaling,D6_common_driver_replacement,0.122075911680729,0.707825876004209,0.4543243924892143
confirmatory,10199,persistent_shared_mode,pearson,0.23273999688337418,0.9206497886931243,0.8031935023879668,0.11745628630515748,P4_orthogonal_basis_rotation,D6_common_driver_replacement,,,
confirmatory,10199,persistent_shared_mode,mutual_information,0.0746645496079813,0.9999984661464503,0.5934613236113354,0.40653714253511486,P2_global_scaling,D6_common_driver_replacement,,,
confirmatory,10199,persistent_shared_mode,largest_covariance_eigenvalue,3.2355678425407,0.9407501675493448,0.8986194013227765,0.042130766226568306,P6_time_reparameterization,D6_common_driver_replacement,,,
confirmatory,10199,persistent_shared_mode,pca_rank1_explained_variance,0.2696306535450584,1.0,0.8986194013227766,0.10138059867722338,P1_node_permutation,D6_common_driver_replacement,,,
confirmatory,10199,persistent_shared_mode,spectral_coherence,0.2426961520274696,0.6733889053213054,1.0,-0.32661109467869465,P2_global_scaling,D6_common_driver_replacement,,,
confirmatory,10199,persistent_shared_mode,autocorrelation_persistence,0.7037091089609318,0.8772766469343133,1.0,-0.12272335306568671,P7_coarse_graining,D5_source_swap,,,
confirmatory,10199,persistent_shared_mode,linear_CKA,0.274720539782877,0.699781981900917,0.6618232316374354,0.03795875026348161,P2_global_scaling,D6_common_driver_replacement,,,
confirmatory,10199,persistent_shared_mode,VAR_ARX_predictive,0.048632108208000735,0.9667494557049147,0.9880868434176733,-0.021337387712758615,P5_observation_noise,D6_common_driver_replacement,,,
confirmatory,10199,direct_coupling_SCM,correlon_v1,0.04889050443849369,0.33066308088627494,1.0,-0.6693369191137251,P6_time_reparameterization,D4_edge_cutting,0.05163452897733761,0.04629230616782551,0.11960334253389027
confirmatory,10199,direct_coupling_SCM,pearson,0.08951692933693735,0.9544258852995405,1.0,-0.04557411470045947,P4_orthogonal_basis_rotation,D6_common_driver_replacement,,,
confirmatory,10199,direct_coupling_SCM,mutual_information,0.018190948964161957,0.9674038786648677,0.9619295935573358,0.0054742851075318955,P5_observation_noise,D6_common_driver_replacement,,,
confirmatory,10199,direct_coupling_SCM,largest_covariance_eigenvalue,1.8312711318970107,0.8861855770860609,1.0,-0.11381442291393906,P7_coarse_graining,D6_common_driver_replacement,,,
confirmatory,10199,direct_coupling_SCM,pca_rank1_explained_variance,0.1526059276580843,0.9892760595586968,1.0,-0.010723940441303204,P5_observation_noise,D6_common_driver_replacement,,,
confirmatory,10199,direct_coupling_SCM,spectral_coherence,0.21340455843349523,0.5719296807745871,1.0,-0.42807031922541294,P2_global_scaling,D6_common_driver_replacement,,,
confirmatory,10199,direct_coupling_SCM,autocorrelation_persistence,0.607057589519712,0.8161506696955145,1.0,-0.18384933030448547,P7_coarse_graining,D7_history_destruction,,,
confirmatory,10199,direct_coupling_SCM,linear_CKA,0.04622986642048557,0.6150285124559567,1.0,-0.3849714875440433,P2_global_scaling,D6_common_driver_replacement,,,
confirmatory,10199,direct_coupling_SCM,VAR_ARX_predictive,0.05551185676152609,0.8466429129704425,0.7693898178717669,0.07725309509867562,P2_global_scaling,D7_history_destruction,,,
confirmatory,10199,history_dependent_relational_mode,correlon_v1,0.0,0.0,1.0,-1.0,P1_node_permutation,D3_IAAFT_surrogate,0.00811962410684268,-0.06106914467688094,0.02185559385601965
confirmatory,10199,history_dependent_relational_mode,pearson,0.07341998103649684,0.9957751679725333,0.956524259152809,0.03925090881972426,P5_observation_noise,D5_source_swap,,,
confirmatory,10199,history_dependent_relational_mode,mutual_information,0.015934515838585406,0.9799332338900314,0.9580753184108846,0.02185791547914684,P5_observation_noise,D7_history_destruction,,,
confirmatory,10199,history_dependent_relational_mode,largest_covariance_eigenvalue,1.5097090037213683,0.8691597166739872,1.0,-0.13084028332601283,P7_coarse_graining,D5_source_swap,,,
confirmatory,10199,history_dependent_relational_mode,pca_rank1_explained_variance,0.12580908364344742,0.9978811794008378,1.0,-0.002118820599162241,P5_observation_noise,D5_source_swap,,,
confirmatory,10199,history_dependent_relational_mode,spectral_coherence,0.14557486885869866,1.0,1.0,0.0,P1_node_permutation,D4_edge_cutting,,,
confirmatory,10199,history_dependent_relational_mode,autocorrelation_persistence,0.5906504598782476,0.8105794028344441,1.0,-0.18942059716555593,P7_coarse_graining,D5_source_swap,,,
confirmatory,10199,history_dependent_relational_mode,linear_CKA,0.031374737259703425,0.5468152258325365,0.911942959138612,-0.3651277333060755,P2_global_scaling,D5_source_swap,,,
confirmatory,10199,history_dependent_relational_mode,VAR_ARX_predictive,0.04320216015404699,0.8710761760257749,0.9859262657851019,-0.11485008975932698,P2_global_scaling,D7_history_destruction,,,
