seed,metric,P,D,Delta,weakest_target_class,weakest_preserve_transform,strongest_destroy_target_class,strongest_destroy_transform,target_class_count,strongest_baseline_metric,strongest_baseline_delta,baseline_advantage
10000,VAR_ARX_predictive,0.8326426253456111,1.0,-0.16735737465438894,direct_coupling_SCM,P2_global_scaling,history_dependent_relational_mode,D6_common_driver_replacement,3,,,
10000,autocorrelation_persistence,0.8023608238867221,1.0,-0.19763917611327786,history_dependent_relational_mode,P7_coarse_graining,persistent_shared_mode,D5_source_swap,3,,,
10000,correlon_v1,0.0,1.0,-1.0,direct_coupling_SCM,P6_time_reparameterization,persistent_shared_mode,D6_common_driver_replacement,3,pca_rank1_explained_variance,-0.010085908421816003,-0.989914091578184
10000,largest_covariance_eigenvalue,0.8858443146522746,1.0,-0.11415568534772536,direct_coupling_SCM,P7_coarse_graining,direct_coupling_SCM,D7_history_destruction,3,,,
10000,linear_CKA,0.3434764990078447,1.0,-0.6565235009921553,persistent_shared_mode,P2_global_scaling,history_dependent_relational_mode,D2_phase_randomization,3,,,
10000,mutual_information,0.9650256670158232,1.0,-0.03497433298417685,persistent_shared_mode,P5_observation_noise,history_dependent_relational_mode,D2_phase_randomization,3,,,
10000,pca_rank1_explained_variance,0.989914091578184,1.0,-0.010085908421816003,history_dependent_relational_mode,P5_observation_noise,direct_coupling_SCM,D7_history_destruction,3,,,
10000,pearson,0.9215621151815108,1.0,-0.07843788481848923,persistent_shared_mode,P4_orthogonal_basis_rotation,history_dependent_relational_mode,D2_phase_randomization,3,,,
10000,spectral_coherence,0.4477877936396577,1.0,-0.5522122063603423,persistent_shared_mode,P2_global_scaling,direct_coupling_SCM,D2_phase_randomization,3,,,
10001,VAR_ARX_predictive,0.9152911635828728,1.0,-0.08470883641712723,history_dependent_relational_mode,P2_global_scaling,history_dependent_relational_mode,D3_IAAFT_surrogate,3,,,
10001,autocorrelation_persistence,0.7876710577727583,1.0,-0.21232894222724175,direct_coupling_SCM,P7_coarse_graining,persistent_shared_mode,D5_source_swap,3,,,
10001,correlon_v1,0.0,1.0,-1.0,direct_coupling_SCM,P6_time_reparameterization,direct_coupling_SCM,D6_common_driver_replacement,3,pca_rank1_explained_variance,-0.006184461241731998,-0.993815538758268
10001,largest_covariance_eigenvalue,0.8448016351170806,1.0,-0.15519836488291938,direct_coupling_SCM,P7_coarse_graining,direct_coupling_SCM,D4_edge_cutting,3,,,
10001,linear_CKA,0.4119964159337748,1.0,-0.5880035840662252,persistent_shared_mode,P2_global_scaling,direct_coupling_SCM,D4_edge_cutting,3,,,
10001,mutual_information,0.9695446919312408,1.0,-0.03045530806875918,direct_coupling_SCM,P5_observation_noise,direct_coupling_SCM,D4_edge_cutting,3,,,
10001,pca_rank1_explained_variance,0.993815538758268,1.0,-0.006184461241731998,persistent_shared_mode,P5_observation_noise,direct_coupling_SCM,D4_edge_cutting,3,,,
10001,pearson,0.8383500139432712,1.0,-0.16164998605672876,persistent_shared_mode,P4_orthogonal_basis_rotation,direct_coupling_SCM,D4_edge_cutting,3,,,
10001,spectral_coherence,0.5947251141791092,0.9613201998912664,-0.36659508571215715,persistent_shared_mode,P2_global_scaling,persistent_shared_mode,D6_common_driver_replacement,3,,,
10002,VAR_ARX_predictive,0.9254640625399412,0.9421543176029138,-0.016690255062972614,persistent_shared_mode,P2_global_scaling,persistent_shared_mode,D6_common_driver_replacement,3,,,
10002,autocorrelation_persistence,0.7956216455560201,1.0,-0.2043783544439799,history_dependent_relational_mode,P7_coarse_graining,persistent_shared_mode,D7_history_destruction,3,,,
10002,correlon_v1,0.0,1.0,-1.0,direct_coupling_SCM,P6_time_reparameterization,direct_coupling_SCM,D1_temporal_shuffle,3,pca_rank1_explained_variance,-0.011519132234200757,-0.9884808677657992
10002,largest_covariance_eigenvalue,0.8793756976301688,1.0,-0.12062430236983124,history_dependent_relational_mode,P7_coarse_graining,history_dependent_relational_mode,D1_temporal_shuffle,3,,,
10002,linear_CKA,0.6828290442629426,1.0,-0.31717095573705745,persistent_shared_mode,P2_global_scaling,history_dependent_relational_mode,D2_phase_randomization,3,,,
10002,mutual_information,0.981674332068392,1.0,-0.018325667931607947,persistent_shared_mode,P5_observation_noise,history_dependent_relational_mode,D5_source_swap,3,,,
10002,pca_rank1_explained_variance,0.9884808677657992,1.0,-0.011519132234200757,persistent_shared_mode,P5_observation_noise,history_dependent_relational_mode,D1_temporal_shuffle,3,,,
10002,pearson,0.8679945371304414,1.0,-0.1320054628695586,persistent_shared_mode,P4_orthogonal_basis_rotation,history_dependent_relational_mode,D2_phase_randomization,3,,,
10002,spectral_coherence,0.7046684338917277,1.0,-0.29533156610827227,persistent_shared_mode,P2_global_scaling,persistent_shared_mode,D6_common_driver_replacement,3,,,
10003,VAR_ARX_predictive,0.8853045839484983,0.9262644464787868,-0.04095986253028849,direct_coupling_SCM,P2_global_scaling,history_dependent_relational_mode,D4_edge_cutting,3,,,
10003,autocorrelation_persistence,0.796370643787995,1.0,-0.20362935621200495,direct_coupling_SCM,P7_coarse_graining,persistent_shared_mode,D5_source_swap,3,,,
10003,correlon_v1,0.0,1.0,-1.0,direct_coupling_SCM,P1_node_permutation,direct_coupling_SCM,D3_IAAFT_surrogate,3,mutual_information,-0.0038613305005179566,-0.996138669499482
10003,largest_covariance_eigenvalue,0.8693612072203915,1.0,-0.13063879277960855,history_dependent_relational_mode,P7_coarse_graining,history_dependent_relational_mode,D3_IAAFT_surrogate,3,,,
10003,linear_CKA,0.5992670614716089,1.0,-0.4007329385283911,persistent_shared_mode,P2_global_scaling,history_dependent_relational_mode,D3_IAAFT_surrogate,3,,,
10003,mutual_information,0.9726275048641064,0.9764888353646244,-0.0038613305005179566,history_dependent_relational_mode,P5_observation_noise,history_dependent_relational_mode,D3_IAAFT_surrogate,3,,,
10003,pca_rank1_explained_variance,0.9890607858192793,1.0,-0.010939214180720747,history_dependent_relational_mode,P5_observation_noise,history_dependent_relational_mode,D3_IAAFT_surrogate,3,,,
10003,pearson,0.8823518079900012,1.0,-0.11764819200999876,persistent_shared_mode,P4_orthogonal_basis_rotation,history_dependent_relational_mode,D3_IAAFT_surrogate,3,,,
10003,spectral_coherence,0.5165971242875415,1.0,-0.48340287571245855,direct_coupling_SCM,P2_global_scaling,persistent_shared_mode,D6_common_driver_replacement,3,,,
10004,VAR_ARX_predictive,0.9069909380428112,1.0,-0.09300906195718883,persistent_shared_mode,P2_global_scaling,history_dependent_relational_mode,D3_IAAFT_surrogate,3,,,
10004,autocorrelation_persistence,0.7851361073321437,1.0,-0.21486389266785633,history_dependent_relational_mode,P7_coarse_graining,persistent_shared_mode,D5_source_swap,3,,,
10004,correlon_v1,0.0,1.0,-1.0,direct_coupling_SCM,P1_node_permutation,direct_coupling_SCM,D2_phase_randomization,3,mutual_information,-0.008980154030091558,-0.9910198459699084
10004,largest_covariance_eigenvalue,0.8741333882226386,1.0,-0.12586661177736136,history_dependent_relational_mode,P7_coarse_graining,direct_coupling_SCM,D7_history_destruction,3,,,
10004,linear_CKA,0.4927532637003635,1.0,-0.5072467362996365,persistent_shared_mode,P2_global_scaling,direct_coupling_SCM,D3_IAAFT_surrogate,3,,,
10004,mutual_information,0.9910198459699084,1.0,-0.008980154030091558,direct_coupling_SCM,P5_observation_noise,direct_coupling_SCM,D3_IAAFT_surrogate,3,,,
10004,pca_rank1_explained_variance,0.9902805317711928,1.0,-0.009719468228807204,persistent_shared_mode,P5_observation_noise,direct_coupling_SCM,D7_history_destruction,3,,,
10004,pearson,0.9146122466066594,1.0,-0.08538775339334059,persistent_shared_mode,P4_orthogonal_basis_rotation,direct_coupling_SCM,D3_IAAFT_surrogate,3,,,
10004,spectral_coherence,0.6375970828708023,1.0,-0.3624029171291977,persistent_shared_mode,P2_global_scaling,persistent_shared_mode,D6_common_driver_replacement,3,,,
10005,VAR_ARX_predictive,0.8581799321491445,1.0,-0.14182006785085555,persistent_shared_mode,P2_global_scaling,history_dependent_relational_mode,D8_block_shuffle,3,,,
10005,autocorrelation_persistence,0.7889992585536812,1.0,-0.21100074144631875,direct_coupling_SCM,P7_coarse_graining,direct_coupling_SCM,D5_source_swap,3,,,
10005,correlon_v1,0.0,1.0,-1.0,direct_coupling_SCM,P6_time_reparameterization,persistent_shared_mode,D6_common_driver_replacement,3,pca_rank1_explained_variance,-0.0038218203919794247,-0.9961781796080206
10005,largest_covariance_eigenvalue,0.8524428961451678,1.0,-0.14755710385483223,history_dependent_relational_mode,P7_coarse_graining,history_dependent_relational_mode,D2_phase_randomization,3,,,
10005,linear_CKA,0.4360451207432627,1.0,-0.5639548792567373,direct_coupling_SCM,P2_global_scaling,history_dependent_relational_mode,D2_phase_randomization,3,,,
10005,mutual_information,0.9880367617525554,1.0,-0.011963238247444608,history_dependent_relational_mode,P5_observation_noise,history_dependent_relational_mode,D2_phase_randomization,3,,,
10005,pca_rank1_explained_variance,0.9961781796080206,1.0,-0.0038218203919794247,persistent_shared_mode,P5_observation_noise,history_dependent_relational_mode,D2_phase_randomization,3,,,
10005,pearson,0.8845003776483518,1.0,-0.11549962235164823,persistent_shared_mode,P4_orthogonal_basis_rotation,history_dependent_relational_mode,D2_phase_randomization,3,,,
10005,spectral_coherence,0.4038619756580962,1.0,-0.5961380243419039,persistent_shared_mode,P2_global_scaling,persistent_shared_mode,D6_common_driver_replacement,3,,,
10006,VAR_ARX_predictive,0.7944255583147364,1.0,-0.20557444168526362,direct_coupling_SCM,P2_global_scaling,history_dependent_relational_mode,D5_source_swap,3,,,
10006,autocorrelation_persistence,0.8041893485390338,1.0,-0.1958106514609662,direct_coupling_SCM,P7_coarse_graining,persistent_shared_mode,D5_source_swap,3,,,
10006,correlon_v1,0.0,1.0,-1.0,persistent_shared_mode,P6_time_reparameterization,persistent_shared_mode,D6_common_driver_replacement,3,pca_rank1_explained_variance,-0.008715771851018794,-0.9912842281489812
10006,largest_covariance_eigenvalue,0.8797805271378624,1.0,-0.12021947286213763,direct_coupling_SCM,P7_coarse_graining,direct_coupling_SCM,D6_common_driver_replacement,3,,,
10006,linear_CKA,0.6181875715884569,0.9456931667419256,-0.32750559515346866,direct_coupling_SCM,P2_global_scaling,history_dependent_relational_mode,D3_IAAFT_surrogate,3,,,
10006,mutual_information,0.9768573161291948,1.0,-0.023142683870805203,persistent_shared_mode,P5_observation_noise,direct_coupling_SCM,D3_IAAFT_surrogate,3,,,
10006,pca_rank1_explained_variance,0.9912842281489812,1.0,-0.008715771851018794,history_dependent_relational_mode,P5_observation_noise,direct_coupling_SCM,D6_common_driver_replacement,3,,,
10006,pearson,0.8323958365611136,0.9641049742550808,-0.1317091376939672,persistent_shared_mode,P4_orthogonal_basis_rotation,history_dependent_relational_mode,D3_IAAFT_surrogate,3,,,
10006,spectral_coherence,0.6570579640676428,1.0,-0.34294203593235717,history_dependent_relational_mode,P2_global_scaling,persistent_shared_mode,D6_common_driver_replacement,3,,,
10007,VAR_ARX_predictive,0.9409173624893112,1.0,-0.05908263751068876,direct_coupling_SCM,P2_global_scaling,history_dependent_relational_mode,D5_source_swap,3,,,
10007,autocorrelation_persistence,0.8259357907463128,1.0,-0.17406420925368715,direct_coupling_SCM,P7_coarse_graining,direct_coupling_SCM,D5_source_swap,3,,,
10007,correlon_v1,0.0,1.0,-1.0,direct_coupling_SCM,P1_node_permutation,persistent_shared_mode,D6_common_driver_replacement,3,pca_rank1_explained_variance,6.557764778925002e-05,-1.0000655776477894
10007,largest_covariance_eigenvalue,0.8600803840760585,0.991679598767318,-0.13159921469125957,direct_coupling_SCM,P7_coarse_graining,history_dependent_relational_mode,D6_common_driver_replacement,3,,,
10007,linear_CKA,0.6086109936185412,0.9345716553491444,-0.32596066173060323,persistent_shared_mode,P2_global_scaling,history_dependent_relational_mode,D6_common_driver_replacement,3,,,
10007,mutual_information,0.9546209608226884,1.0,-0.045379039177311564,history_dependent_relational_mode,P5_observation_noise,history_dependent_relational_mode,D8_block_shuffle,3,,,
10007,pca_rank1_explained_variance,0.9917451764151068,0.9916795987673176,6.557764778925002e-05,history_dependent_relational_mode,P5_observation_noise,history_dependent_relational_mode,D6_common_driver_replacement,3,,,
10007,pearson,0.9302060786889124,0.9598107689551588,-0.02960469026624646,persistent_shared_mode,P4_orthogonal_basis_rotation,history_dependent_relational_mode,D6_common_driver_replacement,3,,,
10007,spectral_coherence,0.6273156112560005,1.0,-0.37268438874399945,persistent_shared_mode,P2_global_scaling,persistent_shared_mode,D6_common_driver_replacement,3,,,
10008,VAR_ARX_predictive,0.9610447945116944,1.0,-0.038955205488305555,history_dependent_relational_mode,P5_observation_noise,history_dependent_relational_mode,D1_temporal_shuffle,3,,,
10008,autocorrelation_persistence,0.786556870065296,1.0,-0.21344312993470405,direct_coupling_SCM,P7_coarse_graining,persistent_shared_mode,D5_source_swap,3,,,
10008,correlon_v1,0.0,1.0,-1.0,direct_coupling_SCM,P5_observation_noise,history_dependent_relational_mode,D1_temporal_shuffle,3,pca_rank1_explained_variance,-0.007865332172686035,-0.992134667827314
10008,largest_covariance_eigenvalue,0.8419232671453414,1.0,-0.15807673285465862,history_dependent_relational_mode,P7_coarse_graining,direct_coupling_SCM,D5_source_swap,3,,,
10008,linear_CKA,0.7464800252664193,1.0,-0.2535199747335807,persistent_shared_mode,P2_global_scaling,direct_coupling_SCM,D2_phase_randomization,3,,,
10008,mutual_information,0.9666972203332712,1.0,-0.03330277966672879,history_dependent_relational_mode,P5_observation_noise,direct_coupling_SCM,D2_phase_randomization,3,,,
10008,pca_rank1_explained_variance,0.992134667827314,1.0,-0.007865332172686035,persistent_shared_mode,P5_observation_noise,direct_coupling_SCM,D5_source_swap,3,,,
10008,pearson,0.9325028426406315,1.0,-0.06749715735936845,persistent_shared_mode,P4_orthogonal_basis_rotation,direct_coupling_SCM,D2_phase_randomization,3,,,
10008,spectral_coherence,0.5636732101617327,1.0,-0.43632678983826734,persistent_shared_mode,P2_global_scaling,persistent_shared_mode,D6_common_driver_replacement,3,,,
10009,VAR_ARX_predictive,0.947618454676294,1.0,-0.05238154532370598,persistent_shared_mode,P6_time_reparameterization,history_dependent_relational_mode,D6_common_driver_replacement,3,,,
10009,autocorrelation_persistence,0.7906084452187494,1.0,-0.2093915547812506,history_dependent_relational_mode,P7_coarse_graining,persistent_shared_mode,D7_history_destruction,3,,,
10009,correlon_v1,0.0,1.0,-1.0,history_dependent_relational_mode,P5_observation_noise,persistent_shared_mode,D6_common_driver_replacement,3,pca_rank1_explained_variance,-0.007181000782550795,-0.9928189992174492
10009,largest_covariance_eigenvalue,0.8784040436134088,1.0,-0.12159595638659115,history_dependent_relational_mode,P7_coarse_graining,direct_coupling_SCM,D7_history_destruction,3,,,
10009,linear_CKA,0.5396410230135623,1.0,-0.4603589769864377,history_dependent_relational_mode,P2_global_scaling,direct_coupling_SCM,D5_source_swap,3,,,
10009,mutual_information,0.9911175909757588,1.0,-0.0088824090242412,direct_coupling_SCM,P5_observation_noise,direct_coupling_SCM,D5_source_swap,3,,,
10009,pca_rank1_explained_variance,0.9928189992174492,1.0,-0.007181000782550795,persistent_shared_mode,P5_observation_noise,direct_coupling_SCM,D7_history_destruction,3,,,
10009,pearson,0.7893389316925601,1.0,-0.2106610683074399,persistent_shared_mode,P4_orthogonal_basis_rotation,direct_coupling_SCM,D5_source_swap,3,,,
10009,spectral_coherence,0.6991838070308187,1.0,-0.3008161929691813,persistent_shared_mode,P2_global_scaling,persistent_shared_mode,D6_common_driver_replacement,3,,,
10010,VAR_ARX_predictive,0.8392464510498453,1.0,-0.1607535489501547,direct_coupling_SCM,P2_global_scaling,history_dependent_relational_mode,D1_temporal_shuffle,3,,,
10010,autocorrelation_persistence,0.7955603256157096,1.0,-0.20443967438429045,direct_coupling_SCM,P7_coarse_graining,history_dependent_relational_mode,D5_source_swap,3,,,
10010,correlon_v1,0.0,1.0,-1.0,direct_coupling_SCM,P5_observation_noise,persistent_shared_mode,D6_common_driver_replacement,3,pca_rank1_explained_variance,-0.007785657606367402,-0.9922143423936326
10010,largest_covariance_eigenvalue,0.8797854345610399,1.0,-0.12021456543896014,history_dependent_relational_mode,P7_coarse_graining,direct_coupling_SCM,D6_common_driver_replacement,3,,,
10010,linear_CKA,0.192420863691286,1.0,-0.807579136308714,history_dependent_relational_mode,P2_global_scaling,direct_coupling_SCM,D6_common_driver_replacement,3,,,
10010,mutual_information,0.9352866233420856,1.0,-0.06471337665791443,direct_coupling_SCM,P5_observation_noise,history_dependent_relational_mode,D2_phase_randomization,3,,,
10010,pca_rank1_explained_variance,0.9922143423936326,1.0,-0.007785657606367402,direct_coupling_SCM,P5_observation_noise,direct_coupling_SCM,D6_common_driver_replacement,3,,,
10010,pearson,0.8343993296242352,1.0,-0.16560067037576476,persistent_shared_mode,P4_orthogonal_basis_rotation,direct_coupling_SCM,D6_common_driver_replacement,3,,,
10010,spectral_coherence,0.6145066730207203,1.0,-0.38549332697927974,persistent_shared_mode,P2_global_scaling,persistent_shared_mode,D6_common_driver_replacement,3,,,
10011,VAR_ARX_predictive,0.7913547634989825,1.0,-0.20864523650101752,persistent_shared_mode,P2_global_scaling,history_dependent_relational_mode,D3_IAAFT_surrogate,3,,,
10011,autocorrelation_persistence,0.7951513149825222,1.0,-0.20484868501747777,direct_coupling_SCM,P7_coarse_graining,direct_coupling_SCM,D7_history_destruction,3,,,
10011,correlon_v1,0.0,1.0,-1.0,direct_coupling_SCM,P1_node_permutation,persistent_shared_mode,D6_common_driver_replacement,3,pca_rank1_explained_variance,-0.014395428739216398,-0.9856045712607836
10011,largest_covariance_eigenvalue,0.8632247519304875,1.0,-0.13677524806951247,direct_coupling_SCM,P7_coarse_graining,direct_coupling_SCM,D7_history_destruction,3,,,
10011,linear_CKA,0.3481379259957699,1.0,-0.65186207400423,persistent_shared_mode,P2_global_scaling,direct_coupling_SCM,D2_phase_randomization,3,,,
10011,mutual_information,0.8984113447353428,1.0,-0.10158865526465721,direct_coupling_SCM,P5_observation_noise,direct_coupling_SCM,D2_phase_randomization,3,,,
10011,pca_rank1_explained_variance,0.9856045712607836,1.0,-0.014395428739216398,history_dependent_relational_mode,P5_observation_noise,direct_coupling_SCM,D7_history_destruction,3,,,
10011,pearson,0.9187978538762416,1.0,-0.08120214612375842,persistent_shared_mode,P4_orthogonal_basis_rotation,direct_coupling_SCM,D2_phase_randomization,3,,,
10011,spectral_coherence,0.6317184057557489,1.0,-0.3682815942442511,persistent_shared_mode,P2_global_scaling,persistent_shared_mode,D6_common_driver_replacement,3,,,
10012,VAR_ARX_predictive,0.962691759246726,0.9761116365699448,-0.01341987732321881,direct_coupling_SCM,P6_time_reparameterization,persistent_shared_mode,D6_common_driver_replacement,3,,,
10012,autocorrelation_persistence,0.8298965213131526,1.0,-0.1701034786868474,direct_coupling_SCM,P7_coarse_graining,persistent_shared_mode,D5_source_swap,3,,,
10012,correlon_v1,0.0,1.0,-1.0,direct_coupling_SCM,P1_node_permutation,persistent_shared_mode,D6_common_driver_replacement,3,pca_rank1_explained_variance,-0.01223520184966076,-0.9877647981503392
10012,largest_covariance_eigenvalue,0.8829610165600666,1.0,-0.11703898343993335,direct_coupling_SCM,P7_coarse_graining,history_dependent_relational_mode,D5_source_swap,3,,,
10012,linear_CKA,0.4457540315291646,1.0,-0.5542459684708354,direct_coupling_SCM,P2_global_scaling,history_dependent_relational_mode,D2_phase_randomization,3,,,
10012,mutual_information,0.96409720782358,1.0,-0.035902792176420006,direct_coupling_SCM,P5_observation_noise,direct_coupling_SCM,D2_phase_randomization,3,,,
10012,pca_rank1_explained_variance,0.9877647981503392,1.0,-0.01223520184966076,history_dependent_relational_mode,P5_observation_noise,history_dependent_relational_mode,D5_source_swap,3,,,
10012,pearson,0.920530943089249,1.0,-0.07946905691075101,direct_coupling_SCM,P4_orthogonal_basis_rotation,history_dependent_relational_mode,D2_phase_randomization,3,,,
10012,spectral_coherence,0.7175581475107993,1.0,-0.28244185248920073,persistent_shared_mode,P2_global_scaling,persistent_shared_mode,D6_common_driver_replacement,3,,,
10013,VAR_ARX_predictive,0.8394422030990745,1.0,-0.16055779690092553,persistent_shared_mode,P2_global_scaling,persistent_shared_mode,D6_common_driver_replacement,3,,,
10013,autocorrelation_persistence,0.8042300832491581,1.0,-0.19576991675084188,history_dependent_relational_mode,P7_coarse_graining,persistent_shared_mode,D5_source_swap,3,,,
10013,correlon_v1,0.3239279884182713,1.0,-0.6760720115817287,history_dependent_relational_mode,P7_coarse_graining,direct_coupling_SCM,D5_source_swap,3,pca_rank1_explained_variance,-0.012390875774033194,-0.6636811358076955
10013,largest_covariance_eigenvalue,0.8700725719767305,1.0,-0.1299274280232695,history_dependent_relational_mode,P7_coarse_graining,history_dependent_relational_mode,D6_common_driver_replacement,3,,,
10013,linear_CKA,0.3364592841498999,1.0,-0.6635407158501001,persistent_shared_mode,P2_global_scaling,history_dependent_relational_mode,D7_history_destruction,3,,,
10013,mutual_information,0.9725298314500848,1.0,-0.02747016854991524,history_dependent_relational_mode,P5_observation_noise,direct_coupling_SCM,D7_history_destruction,3,,,
10013,pca_rank1_explained_variance,0.9876091242259668,1.0,-0.012390875774033194,history_dependent_relational_mode,P5_observation_noise,history_dependent_relational_mode,D6_common_driver_replacement,3,,,
10013,pearson,0.8897677414963021,1.0,-0.11023225850369789,persistent_shared_mode,P4_orthogonal_basis_rotation,history_dependent_relational_mode,D7_history_destruction,3,,,
10013,spectral_coherence,0.8984760489429492,1.0,-0.10152395105705081,persistent_shared_mode,P2_global_scaling,persistent_shared_mode,D6_common_driver_replacement,3,,,
10014,VAR_ARX_predictive,0.865213715425243,0.883808511492293,-0.018594796067050057,direct_coupling_SCM,P2_global_scaling,history_dependent_relational_mode,D3_IAAFT_surrogate,3,,,
10014,autocorrelation_persistence,0.835069694920545,1.0,-0.16493030507945505,direct_coupling_SCM,P7_coarse_graining,persistent_shared_mode,D5_source_swap,3,,,
10014,correlon_v1,0.0,1.0,-1.0,persistent_shared_mode,P1_node_permutation,persistent_shared_mode,D4_edge_cutting,3,mutual_information,0.05166976880136798,-1.0516697688013679
10014,largest_covariance_eigenvalue,0.8804214559351858,1.0,-0.11957854406481416,history_dependent_relational_mode,P7_coarse_graining,history_dependent_relational_mode,D7_history_destruction,3,,,
10014,linear_CKA,0.4887342440153864,0.9137321340533175,-0.42499789003793115,direct_coupling_SCM,P2_global_scaling,history_dependent_relational_mode,D5_source_swap,3,,,
10014,mutual_information,0.9852492248867676,0.9335794560853996,0.05166976880136798,persistent_shared_mode,P5_observation_noise,history_dependent_relational_mode,D5_source_swap,3,,,
10014,pca_rank1_explained_variance,0.9995254714132978,1.0,-0.0004745285867021609,persistent_shared_mode,P5_observation_noise,history_dependent_relational_mode,D7_history_destruction,3,,,
10014,pearson,0.880471961854038,0.9441544216388528,-0.0636824597848148,persistent_shared_mode,P4_orthogonal_basis_rotation,history_dependent_relational_mode,D5_source_swap,3,,,
10014,spectral_coherence,0.7756176585900414,1.0,-0.2243823414099586,persistent_shared_mode,P2_global_scaling,persistent_shared_mode,D6_common_driver_replacement,3,,,
10015,VAR_ARX_predictive,0.9333682781400476,1.0,-0.06663172185995236,direct_coupling_SCM,P2_global_scaling,history_dependent_relational_mode,D2_phase_randomization,3,,,
10015,autocorrelation_persistence,0.7820569421312992,1.0,-0.21794305786870083,direct_coupling_SCM,P7_coarse_graining,persistent_shared_mode,D2_phase_randomization,3,,,
10015,correlon_v1,0.0,1.0,-1.0,direct_coupling_SCM,P1_node_permutation,persistent_shared_mode,D6_common_driver_replacement,3,pearson,0.03779096014440786,-1.0377909601444077
10015,largest_covariance_eigenvalue,0.8609408657798077,1.0,-0.13905913422019234,direct_coupling_SCM,P7_coarse_graining,direct_coupling_SCM,D5_source_swap,3,,,
10015,linear_CKA,0.5854613234603706,0.7950701179883563,-0.20960879452798564,direct_coupling_SCM,P2_global_scaling,direct_coupling_SCM,D3_IAAFT_surrogate,3,,,
10015,mutual_information,0.9904817663685213,0.960518207411445,0.029963558957076253,persistent_shared_mode,P5_observation_noise,history_dependent_relational_mode,D3_IAAFT_surrogate,3,,,
10015,pca_rank1_explained_variance,0.9874671978797988,1.0,-0.012532802120201247,persistent_shared_mode,P5_observation_noise,direct_coupling_SCM,D5_source_swap,3,,,
10015,pearson,0.9248840801953966,0.8870931200509887,0.03779096014440786,persistent_shared_mode,P4_orthogonal_basis_rotation,direct_coupling_SCM,D3_IAAFT_surrogate,3,,,
10015,spectral_coherence,0.8595301694172354,1.0,-0.14046983058276463,persistent_shared_mode,P2_global_scaling,direct_coupling_SCM,D1_temporal_shuffle,3,,,
10016,VAR_ARX_predictive,0.873952443640638,0.9413400826798548,-0.06738763903921685,direct_coupling_SCM,P2_global_scaling,history_dependent_relational_mode,D4_edge_cutting,3,,,
10016,autocorrelation_persistence,0.7908274636695111,1.0,-0.20917253633048893,direct_coupling_SCM,P7_coarse_graining,persistent_shared_mode,D7_history_destruction,3,,,
10016,correlon_v1,0.0,1.0,-1.0,direct_coupling_SCM,P1_node_permutation,persistent_shared_mode,D6_common_driver_replacement,3,pca_rank1_explained_variance,-0.010824772997781618,-0.9891752270022184
10016,largest_covariance_eigenvalue,0.8644372420825974,1.0,-0.13556275791740258,direct_coupling_SCM,P7_coarse_graining,history_dependent_relational_mode,D7_history_destruction,3,,,
10016,linear_CKA,0.3535993060669678,1.0,-0.6464006939330322,persistent_shared_mode,P2_global_scaling,direct_coupling_SCM,D6_common_driver_replacement,3,,,
10016,mutual_information,0.9758521029890592,1.0,-0.024147897010940778,persistent_shared_mode,P5_observation_noise,history_dependent_relational_mode,D7_history_destruction,3,,,
10016,pca_rank1_explained_variance,0.9891752270022184,1.0,-0.010824772997781618,persistent_shared_mode,P5_observation_noise,history_dependent_relational_mode,D7_history_destruction,3,,,
10016,pearson,0.8618701267878676,1.0,-0.13812987321213244,persistent_shared_mode,P4_orthogonal_basis_rotation,history_dependent_relational_mode,D7_history_destruction,3,,,
10016,spectral_coherence,0.4946985252818264,1.0,-0.5053014747181737,persistent_shared_mode,P2_global_scaling,direct_coupling_SCM,D1_temporal_shuffle,3,,,
10017,VAR_ARX_predictive,0.894872703548599,0.9434471405662024,-0.048574437017603334,direct_coupling_SCM,P2_global_scaling,history_dependent_relational_mode,D6_common_driver_replacement,3,,,
10017,autocorrelation_persistence,0.7866960665709739,1.0,-0.2133039334290261,direct_coupling_SCM,P7_coarse_graining,persistent_shared_mode,D5_source_swap,3,,,
10017,correlon_v1,0.0,1.0,-1.0,direct_coupling_SCM,P1_node_permutation,persistent_shared_mode,D6_common_driver_replacement,3,mutual_information,0.1357991595136414,-1.1357991595136414
10017,largest_covariance_eigenvalue,0.8482976878537318,1.0,-0.15170231214626817,direct_coupling_SCM,P7_coarse_graining,direct_coupling_SCM,D5_source_swap,3,,,
10017,linear_CKA,0.7305045676097974,0.8995977522724803,-0.16909318466268286,history_dependent_relational_mode,P2_global_scaling,history_dependent_relational_mode,D6_common_driver_replacement,3,,,
10017,mutual_information,0.9716496383032472,0.8358504787896058,0.1357991595136414,persistent_shared_mode,P5_observation_noise,direct_coupling_SCM,D4_edge_cutting,3,,,
10017,pca_rank1_explained_variance,0.991527769703099,1.0,-0.008472230296901029,history_dependent_relational_mode,P5_observation_noise,direct_coupling_SCM,D5_source_swap,3,,,
10017,pearson,0.774355262081565,0.9239571708916564,-0.1496019088100914,persistent_shared_mode,P4_orthogonal_basis_rotation,history_dependent_relational_mode,D6_common_driver_replacement,3,,,
10017,spectral_coherence,0.7973669256104242,1.0,-0.20263307438957578,persistent_shared_mode,P2_global_scaling,persistent_shared_mode,D6_common_driver_replacement,3,,,
10018,VAR_ARX_predictive,0.8416526322483852,1.0,-0.15834736775161484,history_dependent_relational_mode,P2_global_scaling,history_dependent_relational_mode,D6_common_driver_replacement,3,,,
10018,autocorrelation_persistence,0.7996204894953244,1.0,-0.20037951050467562,direct_coupling_SCM,P7_coarse_graining,persistent_shared_mode,D5_source_swap,3,,,
10018,correlon_v1,0.0,1.0,-1.0,direct_coupling_SCM,P7_coarse_graining,persistent_shared_mode,D6_common_driver_replacement,3,pca_rank1_explained_variance,-0.012032907981899044,-0.987967092018101
10018,largest_covariance_eigenvalue,0.8705719313548647,1.0,-0.12942806864513534,history_dependent_relational_mode,P7_coarse_graining,history_dependent_relational_mode,D5_source_swap,3,,,
10018,linear_CKA,0.5169615885492926,1.0,-0.48303841145070736,history_dependent_relational_mode,P2_global_scaling,history_dependent_relational_mode,D2_phase_randomization,3,,,
10018,mutual_information,0.9747843151889772,1.0,-0.025215684811022765,direct_coupling_SCM,P5_observation_noise,direct_coupling_SCM,D2_phase_randomization,3,,,
10018,pca_rank1_explained_variance,0.987967092018101,1.0,-0.012032907981899044,direct_coupling_SCM,P5_observation_noise,history_dependent_relational_mode,D5_source_swap,3,,,
10018,pearson,0.9271341896114788,1.0,-0.07286581038852125,persistent_shared_mode,P4_orthogonal_basis_rotation,history_dependent_relational_mode,D2_phase_randomization,3,,,
10018,spectral_coherence,0.6612798908890558,1.0,-0.3387201091109442,persistent_shared_mode,P2_global_scaling,persistent_shared_mode,D6_common_driver_replacement,3,,,
10019,VAR_ARX_predictive,0.918745173823787,0.9146746460263628,0.004070527797424117,direct_coupling_SCM,P6_time_reparameterization,history_dependent_relational_mode,D3_IAAFT_surrogate,3,,,
10019,autocorrelation_persistence,0.8004083060219954,1.0,-0.19959169397800458,direct_coupling_SCM,P7_coarse_graining,direct_coupling_SCM,D2_phase_randomization,3,,,
10019,correlon_v1,0.0,1.0,-1.0,direct_coupling_SCM,P6_time_reparameterization,persistent_shared_mode,D6_common_driver_replacement,3,VAR_ARX_predictive,0.004070527797424117,-1.004070527797424
10019,largest_covariance_eigenvalue,0.8526700608072459,1.0,-0.14732993919275406,direct_coupling_SCM,P7_coarse_graining,direct_coupling_SCM,D1_temporal_shuffle,3,,,
10019,linear_CKA,0.6485471848007696,1.0,-0.35145281519923044,persistent_shared_mode,P2_global_scaling,direct_coupling_SCM,D4_edge_cutting,3,,,
10019,mutual_information,0.9531048840939992,1.0,-0.04689511590600082,direct_coupling_SCM,P5_observation_noise,direct_coupling_SCM,D4_edge_cutting,3,,,
10019,pca_rank1_explained_variance,0.9906852682870768,1.0,-0.009314731712923185,persistent_shared_mode,P5_observation_noise,direct_coupling_SCM,D1_temporal_shuffle,3,,,
10019,pearson,0.9185081687834294,1.0,-0.08149183121657055,persistent_shared_mode,P4_orthogonal_basis_rotation,direct_coupling_SCM,D4_edge_cutting,3,,,
10019,spectral_coherence,0.7402019644490605,1.0,-0.2597980355509395,persistent_shared_mode,P2_global_scaling,persistent_shared_mode,D6_common_driver_replacement,3,,,
10020,VAR_ARX_predictive,0.9784569747116434,1.0,-0.02154302528835661,persistent_shared_mode,P5_observation_noise,history_dependent_relational_mode,D1_temporal_shuffle,3,,,
10020,autocorrelation_persistence,0.7893866409162072,1.0,-0.21061335908379275,direct_coupling_SCM,P7_coarse_graining,direct_coupling_SCM,D5_source_swap,3,,,
10020,correlon_v1,0.0,1.0,-1.0,direct_coupling_SCM,P1_node_permutation,persistent_shared_mode,D6_common_driver_replacement,3,pca_rank1_explained_variance,-0.013067672183490808,-0.9869323278165092
10020,largest_covariance_eigenvalue,0.8513400253394016,1.0,-0.14865997466059844,direct_coupling_SCM,P7_coarse_graining,direct_coupling_SCM,D5_source_swap,3,,,
10020,linear_CKA,0.5937991278080014,1.0,-0.40620087219199863,history_dependent_relational_mode,P2_global_scaling,direct_coupling_SCM,D2_phase_randomization,3,,,
10020,mutual_information,0.9274472662239872,1.0,-0.07255273377601279,history_dependent_relational_mode,P5_observation_noise,direct_coupling_SCM,D2_phase_randomization,3,,,
10020,pca_rank1_explained_variance,0.9869323278165092,1.0,-0.013067672183490808,history_dependent_relational_mode,P5_observation_noise,direct_coupling_SCM,D5_source_swap,3,,,
10020,pearson,0.9287341468763876,1.0,-0.07126585312361244,persistent_shared_mode,P4_orthogonal_basis_rotation,direct_coupling_SCM,D2_phase_randomization,3,,,
10020,spectral_coherence,0.8932037665316361,1.0,-0.10679623346836387,direct_coupling_SCM,P6_time_reparameterization,persistent_shared_mode,D6_common_driver_replacement,3,,,
10021,VAR_ARX_predictive,0.9112253656768264,1.0,-0.08877463432317356,persistent_shared_mode,P2_global_scaling,history_dependent_relational_mode,D1_temporal_shuffle,3,,,
10021,autocorrelation_persistence,0.8136932310068206,1.0,-0.18630676899317944,direct_coupling_SCM,P7_coarse_graining,persistent_shared_mode,D5_source_swap,3,,,
10021,correlon_v1,0.0,1.0,-1.0,direct_coupling_SCM,P1_node_permutation,direct_coupling_SCM,D3_IAAFT_surrogate,3,pca_rank1_explained_variance,-0.015186269385578766,-0.9848137306144212
10021,largest_covariance_eigenvalue,0.8812022121660749,1.0,-0.11879778783392514,history_dependent_relational_mode,P7_coarse_graining,direct_coupling_SCM,D5_source_swap,3,,,
10021,linear_CKA,0.5590021469170817,1.0,-0.4409978530829183,persistent_shared_mode,P2_global_scaling,direct_coupling_SCM,D5_source_swap,3,,,
10021,mutual_information,0.9675485312564268,1.0,-0.032451468743573186,history_dependent_relational_mode,P5_observation_noise,direct_coupling_SCM,D5_source_swap,3,,,
10021,pca_rank1_explained_variance,0.9848137306144212,1.0,-0.015186269385578766,history_dependent_relational_mode,P5_observation_noise,direct_coupling_SCM,D5_source_swap,3,,,
10021,pearson,0.9053709773613244,1.0,-0.09462902263867556,persistent_shared_mode,P4_orthogonal_basis_rotation,direct_coupling_SCM,D5_source_swap,3,,,
10021,spectral_coherence,0.6454191028751435,1.0,-0.3545808971248565,direct_coupling_SCM,P2_global_scaling,history_dependent_relational_mode,D1_temporal_shuffle,3,,,
10022,VAR_ARX_predictive,0.9960719446317492,1.0,-0.003928055368250805,persistent_shared_mode,P5_observation_noise,history_dependent_relational_mode,D1_temporal_shuffle,3,,,
10022,autocorrelation_persistence,0.7942260103993793,1.0,-0.20577398960062065,direct_coupling_SCM,P7_coarse_graining,direct_coupling_SCM,D7_history_destruction,3,,,
10022,correlon_v1,0.0,1.0,-1.0,direct_coupling_SCM,P1_node_permutation,persistent_shared_mode,D6_common_driver_replacement,3,VAR_ARX_predictive,-0.003928055368250805,-0.9960719446317492
10022,largest_covariance_eigenvalue,0.8449538526431708,1.0,-0.1550461473568292,history_dependent_relational_mode,P7_coarse_graining,history_dependent_relational_mode,D5_source_swap,3,,,
10022,linear_CKA,0.3190763742732867,1.0,-0.6809236257267133,direct_coupling_SCM,P2_global_scaling,history_dependent_relational_mode,D3_IAAFT_surrogate,3,,,
10022,mutual_information,0.9779827230318208,1.0,-0.022017276968179234,persistent_shared_mode,P5_observation_noise,history_dependent_relational_mode,D3_IAAFT_surrogate,3,,,
10022,pca_rank1_explained_variance,0.9938735362005612,1.0,-0.006126463799438819,direct_coupling_SCM,P5_observation_noise,history_dependent_relational_mode,D5_source_swap,3,,,
10022,pearson,0.8367508974706981,1.0,-0.16324910252930191,persistent_shared_mode,P4_orthogonal_basis_rotation,history_dependent_relational_mode,D3_IAAFT_surrogate,3,,,
10022,spectral_coherence,0.8653183911156724,1.0,-0.13468160888432756,direct_coupling_SCM,P2_global_scaling,persistent_shared_mode,D6_common_driver_replacement,3,,,
10023,VAR_ARX_predictive,0.9037273152626516,1.0,-0.0962726847373484,direct_coupling_SCM,P2_global_scaling,history_dependent_relational_mode,D1_temporal_shuffle,3,,,
10023,autocorrelation_persistence,0.8103893516579668,1.0,-0.18961064834203323,direct_coupling_SCM,P7_coarse_graining,persistent_shared_mode,D5_source_swap,3,,,
10023,correlon_v1,0.0,1.0,-1.0,direct_coupling_SCM,P6_time_reparameterization,persistent_shared_mode,D6_common_driver_replacement,3,pca_rank1_explained_variance,-0.020193157994103594,-0.9798068420058964
10023,largest_covariance_eigenvalue,0.8716045182005996,1.0,-0.1283954817994004,history_dependent_relational_mode,P7_coarse_graining,persistent_shared_mode,D6_common_driver_replacement,3,,,
10023,linear_CKA,0.5522089104605385,1.0,-0.44779108953946145,direct_coupling_SCM,P2_global_scaling,direct_coupling_SCM,D6_common_driver_replacement,3,,,
10023,mutual_information,0.9646475744726122,1.0,-0.03535242552738782,history_dependent_relational_mode,P5_observation_noise,direct_coupling_SCM,D6_common_driver_replacement,3,,,
10023,pca_rank1_explained_variance,0.9798068420058964,1.0,-0.020193157994103594,direct_coupling_SCM,P5_observation_noise,persistent_shared_mode,D6_common_driver_replacement,3,,,
10023,pearson,0.9092194689615788,1.0,-0.09078053103842121,persistent_shared_mode,P4_orthogonal_basis_rotation,direct_coupling_SCM,D6_common_driver_replacement,3,,,
10023,spectral_coherence,0.7856340057184054,1.0,-0.21436599428159464,persistent_shared_mode,P2_global_scaling,persistent_shared_mode,D6_common_driver_replacement,3,,,
10024,VAR_ARX_predictive,0.8078946225833658,1.0,-0.19210537741663425,persistent_shared_mode,P2_global_scaling,history_dependent_relational_mode,D2_phase_randomization,3,,,
10024,autocorrelation_persistence,0.7961209108710406,1.0,-0.20387908912895936,direct_coupling_SCM,P7_coarse_graining,direct_coupling_SCM,D5_source_swap,3,,,
10024,correlon_v1,0.0,1.0,-1.0,direct_coupling_SCM,P1_node_permutation,persistent_shared_mode,D6_common_driver_replacement,3,mutual_information,-0.007788815190356013,-0.992211184809644
10024,largest_covariance_eigenvalue,0.8644027602030088,1.0,-0.13559723979699123,history_dependent_relational_mode,P7_coarse_graining,history_dependent_relational_mode,D2_phase_randomization,3,,,
10024,linear_CKA,0.2912700125159164,1.0,-0.7087299874840836,persistent_shared_mode,P2_global_scaling,history_dependent_relational_mode,D4_edge_cutting,3,,,
10024,mutual_information,0.992211184809644,1.0,-0.007788815190356013,persistent_shared_mode,P5_observation_noise,history_dependent_relational_mode,D7_history_destruction,3,,,
10024,pca_rank1_explained_variance,0.8727630188039806,1.0,-0.12723698119601945,persistent_shared_mode,P2_global_scaling,history_dependent_relational_mode,D2_phase_randomization,3,,,
10024,pearson,0.8991000085856972,1.0,-0.10089999141430284,persistent_shared_mode,P4_orthogonal_basis_rotation,history_dependent_relational_mode,D4_edge_cutting,3,,,
10024,spectral_coherence,0.7259018518722424,1.0,-0.27409814812775757,persistent_shared_mode,P2_global_scaling,persistent_shared_mode,D6_common_driver_replacement,3,,,
10025,VAR_ARX_predictive,0.904052797691968,1.0,-0.095947202308032,direct_coupling_SCM,P2_global_scaling,history_dependent_relational_mode,D8_block_shuffle,3,,,
10025,autocorrelation_persistence,0.8159198420909575,1.0,-0.18408015790904253,direct_coupling_SCM,P7_coarse_graining,persistent_shared_mode,D5_source_swap,3,,,
10025,correlon_v1,0.0,1.0,-1.0,direct_coupling_SCM,P1_node_permutation,persistent_shared_mode,D6_common_driver_replacement,3,pca_rank1_explained_variance,-0.008013405147642816,-0.9919865948523572
10025,largest_covariance_eigenvalue,0.8609412237684392,1.0,-0.13905877623156082,direct_coupling_SCM,P7_coarse_graining,direct_coupling_SCM,D3_IAAFT_surrogate,3,,,
10025,linear_CKA,0.4105626980538821,1.0,-0.5894373019461179,direct_coupling_SCM,P2_global_scaling,direct_coupling_SCM,D2_phase_randomization,3,,,
10025,mutual_information,0.954062515919901,1.0,-0.04593748408009901,direct_coupling_SCM,P5_observation_noise,direct_coupling_SCM,D2_phase_randomization,3,,,
10025,pca_rank1_explained_variance,0.9919865948523572,1.0,-0.008013405147642816,direct_coupling_SCM,P5_observation_noise,direct_coupling_SCM,D3_IAAFT_surrogate,3,,,
10025,pearson,0.9395605947562018,1.0,-0.060439405243798205,persistent_shared_mode,P4_orthogonal_basis_rotation,direct_coupling_SCM,D2_phase_randomization,3,,,
10025,spectral_coherence,0.5388901092124816,1.0,-0.4611098907875184,persistent_shared_mode,P2_global_scaling,persistent_shared_mode,D6_common_driver_replacement,3,,,
10026,VAR_ARX_predictive,0.8919294031388618,1.0,-0.10807059686113818,persistent_shared_mode,P2_global_scaling,history_dependent_relational_mode,D2_phase_randomization,3,,,
10026,autocorrelation_persistence,0.8309110072631201,1.0,-0.16908899273687994,direct_coupling_SCM,P7_coarse_graining,persistent_shared_mode,D5_source_swap,3,,,
10026,correlon_v1,0.0,1.0,-1.0,direct_coupling_SCM,P6_time_reparameterization,persistent_shared_mode,D6_common_driver_replacement,3,pca_rank1_explained_variance,-0.00851206326473164,-0.9914879367352684
10026,largest_covariance_eigenvalue,0.8671126195311916,1.0,-0.13288738046880844,history_dependent_relational_mode,P7_coarse_graining,persistent_shared_mode,D5_source_swap,3,,,
10026,linear_CKA,0.3254762031558643,1.0,-0.6745237968441358,persistent_shared_mode,P2_global_scaling,direct_coupling_SCM,D6_common_driver_replacement,3,,,
10026,mutual_information,0.9112102218544714,1.0,-0.08878977814552858,direct_coupling_SCM,P5_observation_noise,direct_coupling_SCM,D6_common_driver_replacement,3,,,
10026,pca_rank1_explained_variance,0.9914879367352684,1.0,-0.00851206326473164,persistent_shared_mode,P5_observation_noise,persistent_shared_mode,D5_source_swap,3,,,
10026,pearson,0.952165417153348,1.0,-0.047834582846651985,persistent_shared_mode,P4_orthogonal_basis_rotation,direct_coupling_SCM,D6_common_driver_replacement,3,,,
10026,spectral_coherence,0.8792673753154069,1.0,-0.12073262468459312,persistent_shared_mode,P2_global_scaling,persistent_shared_mode,D3_IAAFT_surrogate,3,,,
10027,VAR_ARX_predictive,0.8531548042722314,1.0,-0.14684519572776855,history_dependent_relational_mode,P2_global_scaling,persistent_shared_mode,D6_common_driver_replacement,3,,,
10027,autocorrelation_persistence,0.7993342202552908,1.0,-0.20066577974470923,direct_coupling_SCM,P7_coarse_graining,direct_coupling_SCM,D5_source_swap,3,,,
10027,correlon_v1,0.0,1.0,-1.0,direct_coupling_SCM,P1_node_permutation,persistent_shared_mode,D6_common_driver_replacement,3,pca_rank1_explained_variance,-0.004727961643892775,-0.9952720383561072
10027,largest_covariance_eigenvalue,0.8603711808505559,1.0,-0.13962881914944414,direct_coupling_SCM,P7_coarse_graining,direct_coupling_SCM,D6_common_driver_replacement,3,,,
10027,linear_CKA,0.5557305443385886,1.0,-0.4442694556614114,history_dependent_relational_mode,P2_global_scaling,direct_coupling_SCM,D3_IAAFT_surrogate,3,,,
10027,mutual_information,0.9690352442675751,1.0,-0.030964755732424853,direct_coupling_SCM,P5_observation_noise,direct_coupling_SCM,D3_IAAFT_surrogate,3,,,
10027,pca_rank1_explained_variance,0.9952720383561072,1.0,-0.004727961643892775,direct_coupling_SCM,P5_observation_noise,direct_coupling_SCM,D6_common_driver_replacement,3,,,
10027,pearson,0.931490639396572,1.0,-0.06850936060342805,persistent_shared_mode,P4_orthogonal_basis_rotation,direct_coupling_SCM,D3_IAAFT_surrogate,3,,,
10027,spectral_coherence,0.6111371369164028,1.0,-0.3888628630835972,persistent_shared_mode,P2_global_scaling,persistent_shared_mode,D6_common_driver_replacement,3,,,
10028,VAR_ARX_predictive,0.8746551246991854,1.0,-0.12534487530081462,persistent_shared_mode,P2_global_scaling,history_dependent_relational_mode,D6_common_driver_replacement,3,,,
10028,autocorrelation_persistence,0.8113829054422746,1.0,-0.18861709455772535,direct_coupling_SCM,P7_coarse_graining,persistent_shared_mode,D7_history_destruction,3,,,
10028,correlon_v1,0.0,1.0,-1.0,direct_coupling_SCM,P6_time_reparameterization,persistent_shared_mode,D6_common_driver_replacement,3,pca_rank1_explained_variance,-0.009720210721690603,-0.9902797892783094
10028,largest_covariance_eigenvalue,0.8577590443743631,1.0,-0.14224095562563688,direct_coupling_SCM,P7_coarse_graining,direct_coupling_SCM,D5_source_swap,3,,,
10028,linear_CKA,0.4241750326556988,1.0,-0.5758249673443012,persistent_shared_mode,P2_global_scaling,history_dependent_relational_mode,D5_source_swap,3,,,
10028,mutual_information,0.9453294703296428,1.0,-0.05467052967035724,history_dependent_relational_mode,P5_observation_noise,history_dependent_relational_mode,D5_source_swap,3,,,
10028,pca_rank1_explained_variance,0.9902797892783094,1.0,-0.009720210721690603,history_dependent_relational_mode,P5_observation_noise,direct_coupling_SCM,D5_source_swap,3,,,
10028,pearson,0.8768848542538346,1.0,-0.12311514574616544,persistent_shared_mode,P4_orthogonal_basis_rotation,history_dependent_relational_mode,D6_common_driver_replacement,3,,,
10028,spectral_coherence,0.6898372189031097,1.0,-0.3101627810968903,persistent_shared_mode,P2_global_scaling,persistent_shared_mode,D6_common_driver_replacement,3,,,
10029,VAR_ARX_predictive,0.9066640166572368,1.0,-0.09333598334276316,history_dependent_relational_mode,P2_global_scaling,history_dependent_relational_mode,D2_phase_randomization,3,,,
10029,autocorrelation_persistence,0.798520696445229,1.0,-0.20147930355477095,history_dependent_relational_mode,P7_coarse_graining,persistent_shared_mode,D5_source_swap,3,,,
10029,correlon_v1,0.0,1.0,-1.0,direct_coupling_SCM,P1_node_permutation,persistent_shared_mode,D6_common_driver_replacement,3,pca_rank1_explained_variance,-0.009653848047581404,-0.9903461519524186
10029,largest_covariance_eigenvalue,0.861740139830903,1.0,-0.13825986016909697,direct_coupling_SCM,P7_coarse_graining,direct_coupling_SCM,D8_block_shuffle,3,,,
10029,linear_CKA,0.4806908698712275,1.0,-0.5193091301287724,persistent_shared_mode,P2_global_scaling,direct_coupling_SCM,D3_IAAFT_surrogate,3,,,
10029,mutual_information,0.9615296302368316,1.0,-0.03847036976316842,direct_coupling_SCM,P5_observation_noise,direct_coupling_SCM,D3_IAAFT_surrogate,3,,,
10029,pca_rank1_explained_variance,0.9903461519524186,1.0,-0.009653848047581404,history_dependent_relational_mode,P5_observation_noise,direct_coupling_SCM,D8_block_shuffle,3,,,
10029,pearson,0.9734779649984444,1.0,-0.02652203500155559,persistent_shared_mode,P4_orthogonal_basis_rotation,direct_coupling_SCM,D3_IAAFT_surrogate,3,,,
10029,spectral_coherence,0.6099337606291964,1.0,-0.39006623937080365,persistent_shared_mode,P2_global_scaling,persistent_shared_mode,D6_common_driver_replacement,3,,,
10030,VAR_ARX_predictive,0.9601321984424136,1.0,-0.0398678015575864,direct_coupling_SCM,P2_global_scaling,history_dependent_relational_mode,D1_temporal_shuffle,3,,,
10030,autocorrelation_persistence,0.7762806991204071,1.0,-0.2237193008795929,direct_coupling_SCM,P7_coarse_graining,direct_coupling_SCM,D5_source_swap,3,,,
10030,correlon_v1,0.0,1.0,-1.0,direct_coupling_SCM,P1_node_permutation,persistent_shared_mode,D6_common_driver_replacement,3,pca_rank1_explained_variance,-0.010487116875026792,-0.9895128831249732
10030,largest_covariance_eigenvalue,0.8501900185545024,1.0,-0.14980998144549762,direct_coupling_SCM,P7_coarse_graining,direct_coupling_SCM,D7_history_destruction,3,,,
10030,linear_CKA,0.6626842078303752,1.0,-0.3373157921696248,history_dependent_relational_mode,P2_global_scaling,direct_coupling_SCM,D7_history_destruction,3,,,
10030,mutual_information,0.9807993224251506,1.0,-0.019200677574849445,persistent_shared_mode,P5_observation_noise,direct_coupling_SCM,D7_history_destruction,3,,,
10030,pca_rank1_explained_variance,0.9895128831249732,1.0,-0.010487116875026792,history_dependent_relational_mode,P5_observation_noise,direct_coupling_SCM,D7_history_destruction,3,,,
10030,pearson,0.9123466254654392,1.0,-0.08765337453456079,persistent_shared_mode,P4_orthogonal_basis_rotation,direct_coupling_SCM,D7_history_destruction,3,,,
10030,spectral_coherence,0.8282705515976403,1.0,-0.1717294484023597,persistent_shared_mode,P2_global_scaling,direct_coupling_SCM,D3_IAAFT_surrogate,3,,,
10031,VAR_ARX_predictive,0.7919312743484831,1.0,-0.2080687256515169,direct_coupling_SCM,P2_global_scaling,history_dependent_relational_mode,D3_IAAFT_surrogate,3,,,
10031,autocorrelation_persistence,0.791916709872595,1.0,-0.208083290127405,history_dependent_relational_mode,P7_coarse_graining,persistent_shared_mode,D5_source_swap,3,,,
10031,correlon_v1,0.0,1.0,-1.0,direct_coupling_SCM,P1_node_permutation,persistent_shared_mode,D6_common_driver_replacement,3,pca_rank1_explained_variance,-0.00617722883801064,-0.9938227711619894
10031,largest_covariance_eigenvalue,0.8758610798051344,1.0,-0.12413892019486561,direct_coupling_SCM,P7_coarse_graining,history_dependent_relational_mode,D1_temporal_shuffle,3,,,
10031,linear_CKA,0.5335492086892589,1.0,-0.4664507913107411,history_dependent_relational_mode,P2_global_scaling,direct_coupling_SCM,D6_common_driver_replacement,3,,,
10031,mutual_information,0.9689663338086344,1.0,-0.031033666191365605,direct_coupling_SCM,P5_observation_noise,direct_coupling_SCM,D5_source_swap,3,,,
10031,pca_rank1_explained_variance,0.9938227711619894,1.0,-0.00617722883801064,persistent_shared_mode,P5_observation_noise,history_dependent_relational_mode,D1_temporal_shuffle,3,,,
10031,pearson,0.7886130225630023,1.0,-0.21138697743699775,persistent_shared_mode,P4_orthogonal_basis_rotation,direct_coupling_SCM,D6_common_driver_replacement,3,,,
10031,spectral_coherence,0.5656523957515504,1.0,-0.43434760424844965,persistent_shared_mode,P2_global_scaling,direct_coupling_SCM,D5_source_swap,3,,,
10032,VAR_ARX_predictive,0.984060187935922,1.0,-0.01593981206407802,direct_coupling_SCM,P5_observation_noise,history_dependent_relational_mode,D1_temporal_shuffle,3,,,
10032,autocorrelation_persistence,0.7990442198531721,1.0,-0.2009557801468279,direct_coupling_SCM,P7_coarse_graining,persistent_shared_mode,D5_source_swap,3,,,
10032,correlon_v1,0.0,1.0,-1.0,direct_coupling_SCM,P1_node_permutation,persistent_shared_mode,D6_common_driver_replacement,3,pca_rank1_explained_variance,-0.007743891952419646,-0.9922561080475804
10032,largest_covariance_eigenvalue,0.865303252708417,1.0,-0.13469674729158299,history_dependent_relational_mode,P7_coarse_graining,history_dependent_relational_mode,D3_IAAFT_surrogate,3,,,
10032,linear_CKA,0.665488875444145,1.0,-0.33451112455585497,persistent_shared_mode,P2_global_scaling,history_dependent_relational_mode,D6_common_driver_replacement,3,,,
10032,mutual_information,0.9585634750251382,1.0,-0.04143652497486183,direct_coupling_SCM,P5_observation_noise,history_dependent_relational_mode,D6_common_driver_replacement,3,,,
10032,pca_rank1_explained_variance,0.9922561080475804,1.0,-0.007743891952419646,direct_coupling_SCM,P5_observation_noise,history_dependent_relational_mode,D3_IAAFT_surrogate,3,,,
10032,pearson,0.8974434020960848,1.0,-0.10255659790391525,persistent_shared_mode,P4_orthogonal_basis_rotation,history_dependent_relational_mode,D6_common_driver_replacement,3,,,
10032,spectral_coherence,0.6166090427677863,1.0,-0.3833909572322137,persistent_shared_mode,P2_global_scaling,persistent_shared_mode,D6_common_driver_replacement,3,,,
10033,VAR_ARX_predictive,0.814076323296353,1.0,-0.18592367670364696,direct_coupling_SCM,P2_global_scaling,history_dependent_relational_mode,D2_phase_randomization,3,,,
10033,autocorrelation_persistence,0.8134617714756672,1.0,-0.18653822852433277,direct_coupling_SCM,P7_coarse_graining,persistent_shared_mode,D5_source_swap,3,,,
10033,correlon_v1,0.0,1.0,-1.0,direct_coupling_SCM,P1_node_permutation,persistent_shared_mode,D6_common_driver_replacement,3,pca_rank1_explained_variance,-0.009304464835122594,-0.9906955351648774
10033,largest_covariance_eigenvalue,0.8640277787103177,1.0,-0.13597222128968234,history_dependent_relational_mode,P7_coarse_graining,direct_coupling_SCM,D6_common_driver_replacement,3,,,
10033,linear_CKA,0.2961570345446743,1.0,-0.7038429654553258,persistent_shared_mode,P2_global_scaling,direct_coupling_SCM,D6_common_driver_replacement,3,,,
10033,mutual_information,0.9713453819569282,1.0,-0.02865461804307179,direct_coupling_SCM,P5_observation_noise,history_dependent_relational_mode,D2_phase_randomization,3,,,
10033,pca_rank1_explained_variance,0.9906955351648774,1.0,-0.009304464835122594,persistent_shared_mode,P5_observation_noise,direct_coupling_SCM,D6_common_driver_replacement,3,,,
10033,pearson,0.953576701013716,1.0,-0.046423298986283945,direct_coupling_SCM,P4_orthogonal_basis_rotation,direct_coupling_SCM,D6_common_driver_replacement,3,,,
10033,spectral_coherence,0.7746777238960382,1.0,-0.22532227610396183,persistent_shared_mode,P2_global_scaling,persistent_shared_mode,D6_common_driver_replacement,3,,,
10034,VAR_ARX_predictive,0.9991643211294672,1.0,-0.0008356788705328189,persistent_shared_mode,P5_observation_noise,history_dependent_relational_mode,D2_phase_randomization,3,,,
10034,autocorrelation_persistence,0.808861564536807,1.0,-0.19113843546319298,direct_coupling_SCM,P7_coarse_graining,persistent_shared_mode,D5_source_swap,3,,,
10034,correlon_v1,0.0,1.0,-1.0,direct_coupling_SCM,P1_node_permutation,direct_coupling_SCM,D2_phase_randomization,3,VAR_ARX_predictive,-0.0008356788705328189,-0.9991643211294672
10034,largest_covariance_eigenvalue,0.8385428530746826,1.0,-0.16145714692531743,history_dependent_relational_mode,P7_coarse_graining,direct_coupling_SCM,D8_block_shuffle,3,,,
10034,linear_CKA,0.8312301710957001,1.0,-0.16876982890429992,direct_coupling_SCM,P2_global_scaling,direct_coupling_SCM,D3_IAAFT_surrogate,3,,,
10034,mutual_information,0.91335716363749,1.0,-0.08664283636251002,direct_coupling_SCM,P5_observation_noise,direct_coupling_SCM,D2_phase_randomization,3,,,
10034,pca_rank1_explained_variance,0.9813816874221384,1.0,-0.018618312577861618,direct_coupling_SCM,P5_observation_noise,direct_coupling_SCM,D8_block_shuffle,3,,,
10034,pearson,0.942553916328288,1.0,-0.057446083671712,direct_coupling_SCM,P5_observation_noise,direct_coupling_SCM,D3_IAAFT_surrogate,3,,,
10034,spectral_coherence,0.8154373333178924,1.0,-0.18456266668210763,history_dependent_relational_mode,P2_global_scaling,persistent_shared_mode,D6_common_driver_replacement,3,,,
10035,VAR_ARX_predictive,0.8801405177826654,1.0,-0.11985948221733456,direct_coupling_SCM,P2_global_scaling,history_dependent_relational_mode,D3_IAAFT_surrogate,3,,,
10035,autocorrelation_persistence,0.8096862892980552,1.0,-0.1903137107019448,history_dependent_relational_mode,P7_coarse_graining,persistent_shared_mode,D5_source_swap,3,,,
10035,correlon_v1,0.0,1.0,-1.0,persistent_shared_mode,P6_time_reparameterization,persistent_shared_mode,D6_common_driver_replacement,3,mutual_information,-1.7699922053582284e-06,-0.9999982300077946
10035,largest_covariance_eigenvalue,0.8671675774629607,1.0,-0.1328324225370393,history_dependent_relational_mode,P7_coarse_graining,history_dependent_relational_mode,D5_source_swap,3,,,
10035,linear_CKA,0.3164543033893423,0.984678365304092,-0.6682240619147497,history_dependent_relational_mode,P2_global_scaling,history_dependent_relational_mode,D3_IAAFT_surrogate,3,,,
10035,mutual_information,0.9999982300077946,1.0,-1.7699922053582284e-06,history_dependent_relational_mode,P2_global_scaling,direct_coupling_SCM,D7_history_destruction,3,,,
10035,pca_rank1_explained_variance,0.9950828823117628,1.0,-0.004917117688237216,persistent_shared_mode,P5_observation_noise,history_dependent_relational_mode,D5_source_swap,3,,,
10035,pearson,0.9128498423555116,0.989780137521748,-0.0769302951662364,persistent_shared_mode,P4_orthogonal_basis_rotation,history_dependent_relational_mode,D7_history_destruction,3,,,
10035,spectral_coherence,0.4101438719168113,1.0,-0.5898561280831887,direct_coupling_SCM,P2_global_scaling,persistent_shared_mode,D6_common_driver_replacement,3,,,
10036,VAR_ARX_predictive,0.9799145578065148,1.0,-0.02008544219348518,direct_coupling_SCM,P6_time_reparameterization,history_dependent_relational_mode,D1_temporal_shuffle,3,,,
10036,autocorrelation_persistence,0.7708487909966026,1.0,-0.22915120900339736,direct_coupling_SCM,P7_coarse_graining,persistent_shared_mode,D5_source_swap,3,,,
10036,correlon_v1,0.0,1.0,-1.0,direct_coupling_SCM,P1_node_permutation,persistent_shared_mode,D6_common_driver_replacement,3,pca_rank1_explained_variance,-0.010289141247627587,-0.9897108587523724
10036,largest_covariance_eigenvalue,0.851306375654985,1.0,-0.14869362434501499,history_dependent_relational_mode,P7_coarse_graining,direct_coupling_SCM,D7_history_destruction,3,,,
10036,linear_CKA,0.6299033569484237,1.0,-0.3700966430515763,history_dependent_relational_mode,P2_global_scaling,direct_coupling_SCM,D2_phase_randomization,3,,,
10036,mutual_information,0.9722234199745838,1.0,-0.027776580025416164,direct_coupling_SCM,P5_observation_noise,direct_coupling_SCM,D2_phase_randomization,3,,,
10036,pca_rank1_explained_variance,0.9897108587523724,1.0,-0.010289141247627587,direct_coupling_SCM,P5_observation_noise,direct_coupling_SCM,D7_history_destruction,3,,,
10036,pearson,0.9475600637764372,1.0,-0.0524399362235628,persistent_shared_mode,P4_orthogonal_basis_rotation,direct_coupling_SCM,D2_phase_randomization,3,,,
10036,spectral_coherence,0.7144288845963832,1.0,-0.2855711154036168,persistent_shared_mode,P2_global_scaling,persistent_shared_mode,D6_common_driver_replacement,3,,,
10037,VAR_ARX_predictive,0.9054800921372932,1.0,-0.09451990786270681,direct_coupling_SCM,P2_global_scaling,history_dependent_relational_mode,D1_temporal_shuffle,3,,,
10037,autocorrelation_persistence,0.7928595398710724,1.0,-0.20714046012892762,direct_coupling_SCM,P7_coarse_graining,persistent_shared_mode,D7_history_destruction,3,,,
10037,correlon_v1,0.0,1.0,-1.0,direct_coupling_SCM,P6_time_reparameterization,persistent_shared_mode,D6_common_driver_replacement,3,pca_rank1_explained_variance,-0.011641062381195777,-0.9883589376188042
10037,largest_covariance_eigenvalue,0.8871791058793949,1.0,-0.11282089412060514,history_dependent_relational_mode,P7_coarse_graining,direct_coupling_SCM,D8_block_shuffle,3,,,
10037,linear_CKA,0.8958055624025621,1.0,-0.10419443759743785,history_dependent_relational_mode,P2_global_scaling,direct_coupling_SCM,D7_history_destruction,3,,,
10037,mutual_information,0.9530042953567036,1.0,-0.04699570464329639,history_dependent_relational_mode,P5_observation_noise,direct_coupling_SCM,D7_history_destruction,3,,,
10037,pca_rank1_explained_variance,0.9883589376188042,1.0,-0.011641062381195777,history_dependent_relational_mode,P5_observation_noise,direct_coupling_SCM,D8_block_shuffle,3,,,
10037,pearson,0.9055537804740778,1.0,-0.09444621952592225,persistent_shared_mode,P4_orthogonal_basis_rotation,direct_coupling_SCM,D7_history_destruction,3,,,
10037,spectral_coherence,0.6500037456321777,1.0,-0.34999625436782233,direct_coupling_SCM,P2_global_scaling,persistent_shared_mode,D6_common_driver_replacement,3,,,
10038,VAR_ARX_predictive,0.8077383494261662,0.9481503015196024,-0.14041195209343627,direct_coupling_SCM,P2_global_scaling,history_dependent_relational_mode,D8_block_shuffle,3,,,
10038,autocorrelation_persistence,0.7742091953809049,1.0,-0.22579080461909506,direct_coupling_SCM,P7_coarse_graining,persistent_shared_mode,D7_history_destruction,3,,,
10038,correlon_v1,0.0,1.0,-1.0,direct_coupling_SCM,P1_node_permutation,persistent_shared_mode,D6_common_driver_replacement,3,pca_rank1_explained_variance,-0.0070574753829936165,-0.9929425246170064
10038,largest_covariance_eigenvalue,0.8586767266043496,1.0,-0.14132327339565043,direct_coupling_SCM,P7_coarse_graining,direct_coupling_SCM,D5_source_swap,3,,,
10038,linear_CKA,0.6316072083868227,1.0,-0.3683927916131773,history_dependent_relational_mode,P2_global_scaling,direct_coupling_SCM,D3_IAAFT_surrogate,3,,,
10038,mutual_information,0.9889077800718996,1.0,-0.011092219928100389,persistent_shared_mode,P5_observation_noise,direct_coupling_SCM,D3_IAAFT_surrogate,3,,,
10038,pca_rank1_explained_variance,0.9929425246170064,1.0,-0.0070574753829936165,persistent_shared_mode,P5_observation_noise,direct_coupling_SCM,D5_source_swap,3,,,
10038,pearson,0.8389707601284131,1.0,-0.1610292398715869,persistent_shared_mode,P4_orthogonal_basis_rotation,direct_coupling_SCM,D3_IAAFT_surrogate,3,,,
10038,spectral_coherence,0.5697928714553323,1.0,-0.4302071285446677,direct_coupling_SCM,P2_global_scaling,persistent_shared_mode,D6_common_driver_replacement,3,,,
10039,VAR_ARX_predictive,0.8672499352811565,1.0,-0.13275006471884354,persistent_shared_mode,P2_global_scaling,history_dependent_relational_mode,D3_IAAFT_surrogate,3,,,
10039,autocorrelation_persistence,0.7905686853329219,1.0,-0.2094313146670781,history_dependent_relational_mode,P7_coarse_graining,persistent_shared_mode,D5_source_swap,3,,,
10039,correlon_v1,0.0,1.0,-1.0,direct_coupling_SCM,P1_node_permutation,persistent_shared_mode,D6_common_driver_replacement,3,pca_rank1_explained_variance,-0.007618587941917165,-0.9923814120580828
10039,largest_covariance_eigenvalue,0.868056640901758,1.0,-0.13194335909824195,history_dependent_relational_mode,P7_coarse_graining,direct_coupling_SCM,D6_common_driver_replacement,3,,,
10039,linear_CKA,0.3985258159001717,1.0,-0.6014741840998283,persistent_shared_mode,P2_global_scaling,direct_coupling_SCM,D3_IAAFT_surrogate,3,,,
10039,mutual_information,0.9538850470615384,1.0,-0.04611495293846157,history_dependent_relational_mode,P5_observation_noise,direct_coupling_SCM,D3_IAAFT_surrogate,3,,,
10039,pca_rank1_explained_variance,0.9923814120580828,1.0,-0.007618587941917165,persistent_shared_mode,P5_observation_noise,direct_coupling_SCM,D6_common_driver_replacement,3,,,
10039,pearson,0.9038513940777536,1.0,-0.09614860592224639,persistent_shared_mode,P4_orthogonal_basis_rotation,direct_coupling_SCM,D3_IAAFT_surrogate,3,,,
10039,spectral_coherence,0.5272670442576232,1.0,-0.47273295574237684,persistent_shared_mode,P2_global_scaling,direct_coupling_SCM,D6_common_driver_replacement,3,,,
10040,VAR_ARX_predictive,0.9403245445416992,0.911708101481308,0.02861644306039124,persistent_shared_mode,P5_observation_noise,history_dependent_relational_mode,D2_phase_randomization,3,,,
10040,autocorrelation_persistence,0.8216729646974191,1.0,-0.17832703530258087,direct_coupling_SCM,P7_coarse_graining,persistent_shared_mode,D5_source_swap,3,,,
10040,correlon_v1,0.0,1.0,-1.0,direct_coupling_SCM,P5_observation_noise,persistent_shared_mode,D6_common_driver_replacement,3,VAR_ARX_predictive,0.02861644306039124,-1.0286164430603912
10040,largest_covariance_eigenvalue,0.8728576394392396,1.0,-0.12714236056076045,history_dependent_relational_mode,P7_coarse_graining,direct_coupling_SCM,D6_common_driver_replacement,3,,,
10040,linear_CKA,0.609352521969691,1.0,-0.39064747803030897,history_dependent_relational_mode,P2_global_scaling,direct_coupling_SCM,D6_common_driver_replacement,3,,,
10040,mutual_information,0.9948084658175336,0.9990345068263604,-0.004226041008826842,persistent_shared_mode,P5_observation_noise,history_dependent_relational_mode,D4_edge_cutting,3,,,
10040,pca_rank1_explained_variance,0.987906251488265,1.0,-0.012093748511734947,persistent_shared_mode,P5_observation_noise,direct_coupling_SCM,D6_common_driver_replacement,3,,,
10040,pearson,0.9153626154913296,1.0,-0.08463738450867042,persistent_shared_mode,P4_orthogonal_basis_rotation,direct_coupling_SCM,D6_common_driver_replacement,3,,,
10040,spectral_coherence,0.8106316254577904,1.0,-0.18936837454220956,persistent_shared_mode,P2_global_scaling,persistent_shared_mode,D6_common_driver_replacement,3,,,
10041,VAR_ARX_predictive,0.9794290510562972,0.9529614711599644,0.02646757989633275,persistent_shared_mode,P5_observation_noise,persistent_shared_mode,D6_common_driver_replacement,3,,,
10041,autocorrelation_persistence,0.7979701810811496,1.0,-0.2020298189188504,direct_coupling_SCM,P7_coarse_graining,direct_coupling_SCM,D5_source_swap,3,,,
10041,correlon_v1,0.0,1.0,-1.0,direct_coupling_SCM,P1_node_permutation,persistent_shared_mode,D6_common_driver_replacement,3,VAR_ARX_predictive,0.02646757989633275,-1.0264675798963327
10041,largest_covariance_eigenvalue,0.8692692345733071,1.0,-0.13073076542669293,history_dependent_relational_mode,P7_coarse_graining,direct_coupling_SCM,D5_source_swap,3,,,
10041,linear_CKA,0.7585256671866375,1.0,-0.2414743328133625,persistent_shared_mode,P2_global_scaling,history_dependent_relational_mode,D5_source_swap,3,,,
10041,mutual_information,0.981028325854328,1.0,-0.018971674145672024,direct_coupling_SCM,P5_observation_noise,history_dependent_relational_mode,D5_source_swap,3,,,
10041,pca_rank1_explained_variance,0.9908909185241443,1.0,-0.009109081475855652,history_dependent_relational_mode,P5_observation_noise,direct_coupling_SCM,D5_source_swap,3,,,
10041,pearson,0.8656131542357212,1.0,-0.13438684576427884,persistent_shared_mode,P4_orthogonal_basis_rotation,history_dependent_relational_mode,D5_source_swap,3,,,
10041,spectral_coherence,0.5730270248885968,1.0,-0.4269729751114032,persistent_shared_mode,P2_global_scaling,persistent_shared_mode,D6_common_driver_replacement,3,,,
10042,VAR_ARX_predictive,0.9580227412804684,1.0,-0.04197725871953162,persistent_shared_mode,P5_observation_noise,persistent_shared_mode,D6_common_driver_replacement,3,,,
10042,autocorrelation_persistence,0.7921670895259645,1.0,-0.20783291047403551,direct_coupling_SCM,P7_coarse_graining,direct_coupling_SCM,D5_source_swap,3,,,
10042,correlon_v1,0.0,1.0,-1.0,direct_coupling_SCM,P1_node_permutation,direct_coupling_SCM,D1_temporal_shuffle,3,pca_rank1_explained_variance,-0.008066512740583787,-0.9919334872594162
10042,largest_covariance_eigenvalue,0.8647297181168141,1.0,-0.1352702818831859,history_dependent_relational_mode,P7_coarse_graining,history_dependent_relational_mode,D5_source_swap,3,,,
10042,linear_CKA,0.8201855681553992,1.0,-0.17981443184460078,history_dependent_relational_mode,P2_global_scaling,history_dependent_relational_mode,D3_IAAFT_surrogate,3,,,
10042,mutual_information,0.9588898918511896,1.0,-0.04111010814881044,persistent_shared_mode,P5_observation_noise,history_dependent_relational_mode,D3_IAAFT_surrogate,3,,,
10042,pca_rank1_explained_variance,0.9919334872594162,1.0,-0.008066512740583787,direct_coupling_SCM,P5_observation_noise,history_dependent_relational_mode,D5_source_swap,3,,,
10042,pearson,0.9219555699156526,1.0,-0.07804443008434736,persistent_shared_mode,P4_orthogonal_basis_rotation,history_dependent_relational_mode,D3_IAAFT_surrogate,3,,,
10042,spectral_coherence,0.4842042214978669,1.0,-0.5157957785021331,direct_coupling_SCM,P6_time_reparameterization,persistent_shared_mode,D6_common_driver_replacement,3,,,
10043,VAR_ARX_predictive,0.9428401235127952,1.0,-0.057159876487204775,direct_coupling_SCM,P6_time_reparameterization,persistent_shared_mode,D6_common_driver_replacement,3,,,
10043,autocorrelation_persistence,0.8017765319075647,1.0,-0.1982234680924353,direct_coupling_SCM,P7_coarse_graining,direct_coupling_SCM,D5_source_swap,3,,,
10043,correlon_v1,0.0,1.0,-1.0,direct_coupling_SCM,P6_time_reparameterization,persistent_shared_mode,D6_common_driver_replacement,3,pca_rank1_explained_variance,-0.003870907356568365,-0.9961290926434316
10043,largest_covariance_eigenvalue,0.8619872356176025,1.0,-0.1380127643823975,direct_coupling_SCM,P7_coarse_graining,direct_coupling_SCM,D2_phase_randomization,3,,,
10043,linear_CKA,0.7842328089939862,1.0,-0.21576719100601383,persistent_shared_mode,P2_global_scaling,direct_coupling_SCM,D2_phase_randomization,3,,,
10043,mutual_information,0.9700671545927028,1.0,-0.029932845407297237,persistent_shared_mode,P5_observation_noise,direct_coupling_SCM,D2_phase_randomization,3,,,
10043,pca_rank1_explained_variance,0.9961290926434316,1.0,-0.003870907356568365,persistent_shared_mode,P5_observation_noise,direct_coupling_SCM,D2_phase_randomization,3,,,
10043,pearson,0.9259749995708864,1.0,-0.07402500042911364,persistent_shared_mode,P4_orthogonal_basis_rotation,direct_coupling_SCM,D2_phase_randomization,3,,,
10043,spectral_coherence,0.7334387159463734,1.0,-0.26656128405362656,history_dependent_relational_mode,P6_time_reparameterization,persistent_shared_mode,D6_common_driver_replacement,3,,,
10044,VAR_ARX_predictive,0.9482496232985944,1.0,-0.05175037670140559,history_dependent_relational_mode,P2_global_scaling,persistent_shared_mode,D6_common_driver_replacement,3,,,
10044,autocorrelation_persistence,0.7958902125991053,1.0,-0.2041097874008947,history_dependent_relational_mode,P7_coarse_graining,history_dependent_relational_mode,D5_source_swap,3,,,
10044,correlon_v1,0.0,1.0,-1.0,history_dependent_relational_mode,P1_node_permutation,persistent_shared_mode,D6_common_driver_replacement,3,pca_rank1_explained_variance,-0.006651877643823578,-0.9933481223561764
10044,largest_covariance_eigenvalue,0.8457530749189195,1.0,-0.1542469250810805,history_dependent_relational_mode,P7_coarse_graining,direct_coupling_SCM,D6_common_driver_replacement,3,,,
10044,linear_CKA,0.363229165272721,1.0,-0.636770834727279,persistent_shared_mode,P2_global_scaling,history_dependent_relational_mode,D4_edge_cutting,3,,,
10044,mutual_information,0.9666212333969028,1.0,-0.03337876660309724,history_dependent_relational_mode,P5_observation_noise,history_dependent_relational_mode,D4_edge_cutting,3,,,
10044,pca_rank1_explained_variance,0.9933481223561764,1.0,-0.006651877643823578,persistent_shared_mode,P5_observation_noise,direct_coupling_SCM,D6_common_driver_replacement,3,,,
10044,pearson,0.8741166123596591,1.0,-0.1258833876403409,persistent_shared_mode,P4_orthogonal_basis_rotation,history_dependent_relational_mode,D4_edge_cutting,3,,,
10044,spectral_coherence,0.6069041499756068,1.0,-0.3930958500243932,persistent_shared_mode,P2_global_scaling,persistent_shared_mode,D6_common_driver_replacement,3,,,
10045,VAR_ARX_predictive,0.9577061860409825,1.0,-0.042293813959017545,persistent_shared_mode,P2_global_scaling,history_dependent_relational_mode,D6_common_driver_replacement,3,,,
10045,autocorrelation_persistence,0.7816490985638663,1.0,-0.21835090143613367,direct_coupling_SCM,P7_coarse_graining,persistent_shared_mode,D7_history_destruction,3,,,
10045,correlon_v1,0.0,1.0,-1.0,history_dependent_relational_mode,P1_node_permutation,history_dependent_relational_mode,D5_source_swap,3,pca_rank1_explained_variance,0.006502434107822808,-1.0065024341078228
10045,largest_covariance_eigenvalue,0.8412683219094003,0.978881363353554,-0.13761304144415376,history_dependent_relational_mode,P7_coarse_graining,history_dependent_relational_mode,D5_source_swap,3,,,
10045,linear_CKA,0.4259211271746826,1.0,-0.5740788728253174,persistent_shared_mode,P2_global_scaling,history_dependent_relational_mode,D2_phase_randomization,3,,,
10045,mutual_information,0.930099567761872,1.0,-0.06990043223812803,direct_coupling_SCM,P5_observation_noise,history_dependent_relational_mode,D2_phase_randomization,3,,,
10045,pca_rank1_explained_variance,0.9853837974613774,0.9788813633535546,0.006502434107822808,direct_coupling_SCM,P5_observation_noise,history_dependent_relational_mode,D5_source_swap,3,,,
10045,pearson,0.8381191471649937,1.0,-0.1618808528350063,persistent_shared_mode,P4_orthogonal_basis_rotation,history_dependent_relational_mode,D2_phase_randomization,3,,,
10045,spectral_coherence,0.8128544193681727,1.0,-0.1871455806318273,persistent_shared_mode,P2_global_scaling,persistent_shared_mode,D6_common_driver_replacement,3,,,
10046,VAR_ARX_predictive,0.8561419914692332,0.9401963926793632,-0.08405440121012997,persistent_shared_mode,P2_global_scaling,history_dependent_relational_mode,D5_source_swap,3,,,
10046,autocorrelation_persistence,0.800943893933573,1.0,-0.19905610606642699,direct_coupling_SCM,P7_coarse_graining,persistent_shared_mode,D5_source_swap,3,,,
10046,correlon_v1,0.0,1.0,-1.0,direct_coupling_SCM,P1_node_permutation,persistent_shared_mode,D6_common_driver_replacement,3,pearson,0.024657214115871184,-1.0246572141158712
10046,largest_covariance_eigenvalue,0.8889816174839339,1.0,-0.1110183825160661,history_dependent_relational_mode,P7_coarse_graining,history_dependent_relational_mode,D7_history_destruction,3,,,
10046,linear_CKA,0.3741824966879932,0.8448807377604908,-0.4706982410724976,persistent_shared_mode,P2_global_scaling,direct_coupling_SCM,D3_IAAFT_surrogate,3,,,
10046,mutual_information,0.9596238197442998,1.0,-0.04037618025570022,direct_coupling_SCM,P5_observation_noise,direct_coupling_SCM,D3_IAAFT_surrogate,3,,,
10046,pca_rank1_explained_variance,0.998992635309112,1.0,-0.001007364690888024,direct_coupling_SCM,P5_observation_noise,history_dependent_relational_mode,D7_history_destruction,3,,,
10046,pearson,0.9263473173701816,0.9016901032543104,0.024657214115871184,persistent_shared_mode,P4_orthogonal_basis_rotation,direct_coupling_SCM,D3_IAAFT_surrogate,3,,,
10046,spectral_coherence,0.5968924374818722,1.0,-0.40310756251812785,persistent_shared_mode,P2_global_scaling,persistent_shared_mode,D6_common_driver_replacement,3,,,
10047,VAR_ARX_predictive,0.9378243152168848,0.9140780137596616,0.02374630145722323,direct_coupling_SCM,P2_global_scaling,history_dependent_relational_mode,D5_source_swap,3,,,
10047,autocorrelation_persistence,0.8171204829122783,1.0,-0.18287951708772165,direct_coupling_SCM,P7_coarse_graining,persistent_shared_mode,D5_source_swap,3,,,
10047,correlon_v1,0.0,1.0,-1.0,direct_coupling_SCM,P1_node_permutation,persistent_shared_mode,D4_edge_cutting,3,VAR_ARX_predictive,0.02374630145722323,-1.0237463014572232
10047,largest_covariance_eigenvalue,0.8759773223898113,0.9907140782569758,-0.11473675586716447,direct_coupling_SCM,P7_coarse_graining,direct_coupling_SCM,D5_source_swap,3,,,
10047,linear_CKA,0.6241832248325075,1.0,-0.37581677516749246,direct_coupling_SCM,P2_global_scaling,direct_coupling_SCM,D7_history_destruction,3,,,
10047,mutual_information,0.9639185141147184,1.0,-0.036081485885281595,history_dependent_relational_mode,P5_observation_noise,direct_coupling_SCM,D3_IAAFT_surrogate,3,,,
10047,pca_rank1_explained_variance,0.991102220133443,0.990714078256976,0.0003881418764669631,history_dependent_relational_mode,P5_observation_noise,direct_coupling_SCM,D5_source_swap,3,,,
10047,pearson,0.8718187009459457,1.0,-0.1281812990540543,persistent_shared_mode,P4_orthogonal_basis_rotation,direct_coupling_SCM,D7_history_destruction,3,,,
10047,spectral_coherence,0.7245473859762743,1.0,-0.2754526140237257,history_dependent_relational_mode,P6_time_reparameterization,direct_coupling_SCM,D1_temporal_shuffle,3,,,
10048,VAR_ARX_predictive,0.9188343715411404,0.9506617889913884,-0.031827417450247975,history_dependent_relational_mode,P6_time_reparameterization,history_dependent_relational_mode,D5_source_swap,3,,,
10048,autocorrelation_persistence,0.7904752191616992,1.0,-0.20952478083830084,direct_coupling_SCM,P7_coarse_graining,persistent_shared_mode,D5_source_swap,3,,,
10048,correlon_v1,0.0,1.0,-1.0,direct_coupling_SCM,P1_node_permutation,persistent_shared_mode,D6_common_driver_replacement,3,mutual_information,0.10342744382144542,-1.1034274438214453
10048,largest_covariance_eigenvalue,0.8615082115907459,1.0,-0.13849178840925414,history_dependent_relational_mode,P7_coarse_graining,history_dependent_relational_mode,D6_common_driver_replacement,3,,,
10048,linear_CKA,0.3944096477990693,0.7576762516104927,-0.3632666038114234,persistent_shared_mode,P2_global_scaling,history_dependent_relational_mode,D4_edge_cutting,3,,,
10048,mutual_information,0.9491161064879164,0.845688662666471,0.10342744382144542,direct_coupling_SCM,P5_observation_noise,history_dependent_relational_mode,D4_edge_cutting,3,,,
10048,pca_rank1_explained_variance,0.985326929963428,1.0,-0.014673070036572033,direct_coupling_SCM,P5_observation_noise,history_dependent_relational_mode,D6_common_driver_replacement,3,,,
10048,pearson,0.9591456248992576,0.8685605731377274,0.0905850517615302,persistent_shared_mode,P4_orthogonal_basis_rotation,history_dependent_relational_mode,D3_IAAFT_surrogate,3,,,
10048,spectral_coherence,0.5882283027497769,1.0,-0.4117716972502231,direct_coupling_SCM,P2_global_scaling,persistent_shared_mode,D6_common_driver_replacement,3,,,
10049,VAR_ARX_predictive,0.9728671672919236,0.9014962208342192,0.07137094645770437,persistent_shared_mode,P5_observation_noise,history_dependent_relational_mode,D4_edge_cutting,3,,,
10049,autocorrelation_persistence,0.8060092633379049,1.0,-0.1939907366620951,direct_coupling_SCM,P7_coarse_graining,persistent_shared_mode,D5_source_swap,3,,,
10049,correlon_v1,0.0,1.0,-1.0,history_dependent_relational_mode,P1_node_permutation,direct_coupling_SCM,D6_common_driver_replacement,3,VAR_ARX_predictive,0.07137094645770437,-1.0713709464577044
10049,largest_covariance_eigenvalue,0.8584506367941283,1.0,-0.14154936320587175,history_dependent_relational_mode,P7_coarse_graining,direct_coupling_SCM,D6_common_driver_replacement,3,,,
10049,linear_CKA,0.5259554788036489,1.0,-0.4740445211963511,persistent_shared_mode,P2_global_scaling,history_dependent_relational_mode,D8_block_shuffle,3,,,
10049,mutual_information,0.9810046448197836,1.0,-0.018995355180216444,direct_coupling_SCM,P5_observation_noise,history_dependent_relational_mode,D8_block_shuffle,3,,,
10049,pca_rank1_explained_variance,0.9883191822856454,1.0,-0.011680817714354585,history_dependent_relational_mode,P6_time_reparameterization,direct_coupling_SCM,D6_common_driver_replacement,3,,,
10049,pearson,0.8934073245972317,1.0,-0.10659267540276829,persistent_shared_mode,P4_orthogonal_basis_rotation,history_dependent_relational_mode,D8_block_shuffle,3,,,
10049,spectral_coherence,0.5364180253725185,1.0,-0.4635819746274815,persistent_shared_mode,P2_global_scaling,persistent_shared_mode,D6_common_driver_replacement,3,,,
10050,VAR_ARX_predictive,0.935737555180468,1.0,-0.06426244481953203,direct_coupling_SCM,P6_time_reparameterization,history_dependent_relational_mode,D1_temporal_shuffle,3,,,
10050,autocorrelation_persistence,0.7997975697373134,1.0,-0.20020243026268658,direct_coupling_SCM,P7_coarse_graining,persistent_shared_mode,D5_source_swap,3,,,
10050,correlon_v1,0.0,1.0,-1.0,direct_coupling_SCM,P1_node_permutation,direct_coupling_SCM,D6_common_driver_replacement,3,mutual_information,0.16010527809998942,-1.1601052780999894
10050,largest_covariance_eigenvalue,0.8645725966306994,1.0,-0.1354274033693006,history_dependent_relational_mode,P7_coarse_graining,history_dependent_relational_mode,D5_source_swap,3,,,
10050,linear_CKA,0.5867140371317154,0.8038535572771663,-0.2171395201454509,history_dependent_relational_mode,P2_global_scaling,history_dependent_relational_mode,D5_source_swap,3,,,
10050,mutual_information,0.9636034503508658,0.8034981722508764,0.16010527809998942,history_dependent_relational_mode,P5_observation_noise,history_dependent_relational_mode,D5_source_swap,3,,,
10050,pca_rank1_explained_variance,0.998766160212864,1.0,-0.0012338397871359819,persistent_shared_mode,P5_observation_noise,history_dependent_relational_mode,D5_source_swap,3,,,
10050,pearson,0.9568205817774867,0.896709105365842,0.060111476411644715,persistent_shared_mode,P4_orthogonal_basis_rotation,history_dependent_relational_mode,D5_source_swap,3,,,
10050,spectral_coherence,0.6950053909090047,1.0,-0.3049946090909953,persistent_shared_mode,P2_global_scaling,persistent_shared_mode,D6_common_driver_replacement,3,,,
10051,VAR_ARX_predictive,0.9739004208590673,1.0,-0.02609957914093275,direct_coupling_SCM,P5_observation_noise,history_dependent_relational_mode,D6_common_driver_replacement,3,,,
10051,autocorrelation_persistence,0.7987337904234115,1.0,-0.20126620957658847,direct_coupling_SCM,P7_coarse_graining,direct_coupling_SCM,D5_source_swap,3,,,
10051,correlon_v1,0.0,1.0,-1.0,direct_coupling_SCM,P5_observation_noise,persistent_shared_mode,D6_common_driver_replacement,3,pca_rank1_explained_variance,-0.009669521184601182,-0.9903304788153988
10051,largest_covariance_eigenvalue,0.8401163680396403,1.0,-0.1598836319603597,direct_coupling_SCM,P7_coarse_graining,direct_coupling_SCM,D5_source_swap,3,,,
10051,linear_CKA,0.7048647309060281,1.0,-0.2951352690939719,history_dependent_relational_mode,P2_global_scaling,direct_coupling_SCM,D3_IAAFT_surrogate,3,,,
10051,mutual_information,0.9653145373841364,1.0,-0.03468546261586358,history_dependent_relational_mode,P5_observation_noise,direct_coupling_SCM,D3_IAAFT_surrogate,3,,,
10051,pca_rank1_explained_variance,0.9903304788153988,1.0,-0.009669521184601182,direct_coupling_SCM,P5_observation_noise,direct_coupling_SCM,D5_source_swap,3,,,
10051,pearson,0.8503697392085809,1.0,-0.14963026079141906,persistent_shared_mode,P4_orthogonal_basis_rotation,direct_coupling_SCM,D3_IAAFT_surrogate,3,,,
10051,spectral_coherence,0.857709299265247,1.0,-0.14229070073475303,direct_coupling_SCM,P6_time_reparameterization,persistent_shared_mode,D6_common_driver_replacement,3,,,
10052,VAR_ARX_predictive,0.8732619644323627,1.0,-0.1267380355676373,direct_coupling_SCM,P2_global_scaling,history_dependent_relational_mode,D6_common_driver_replacement,3,,,
10052,autocorrelation_persistence,0.7940481504996727,1.0,-0.2059518495003273,direct_coupling_SCM,P7_coarse_graining,direct_coupling_SCM,D5_source_swap,3,,,
10052,correlon_v1,0.0,1.0,-1.0,direct_coupling_SCM,P1_node_permutation,persistent_shared_mode,D6_common_driver_replacement,3,pca_rank1_explained_variance,-0.00550873986799838,-0.9944912601320016
10052,largest_covariance_eigenvalue,0.8708239036284372,1.0,-0.1291760963715628,history_dependent_relational_mode,P7_coarse_graining,direct_coupling_SCM,D5_source_swap,3,,,
10052,linear_CKA,0.4684885975089523,1.0,-0.5315114024910477,persistent_shared_mode,P2_global_scaling,history_dependent_relational_mode,D3_IAAFT_surrogate,3,,,
10052,mutual_information,0.9697449323083616,1.0,-0.030255067691638438,direct_coupling_SCM,P5_observation_noise,history_dependent_relational_mode,D3_IAAFT_surrogate,3,,,
10052,pca_rank1_explained_variance,0.9944912601320016,1.0,-0.00550873986799838,history_dependent_relational_mode,P5_observation_noise,direct_coupling_SCM,D5_source_swap,3,,,
10052,pearson,0.9278428729356362,1.0,-0.07215712706436384,persistent_shared_mode,P4_orthogonal_basis_rotation,history_dependent_relational_mode,D3_IAAFT_surrogate,3,,,
10052,spectral_coherence,0.7298990158815181,1.0,-0.27010098411848193,persistent_shared_mode,P2_global_scaling,persistent_shared_mode,D6_common_driver_replacement,3,,,
10053,VAR_ARX_predictive,0.9508089008510682,1.0,-0.04919109914893183,direct_coupling_SCM,P6_time_reparameterization,persistent_shared_mode,D6_common_driver_replacement,3,,,
10053,autocorrelation_persistence,0.8014806712266135,1.0,-0.19851932877338652,direct_coupling_SCM,P7_coarse_graining,persistent_shared_mode,D5_source_swap,3,,,
10053,correlon_v1,0.0,1.0,-1.0,direct_coupling_SCM,P6_time_reparameterization,direct_coupling_SCM,D2_phase_randomization,3,pca_rank1_explained_variance,-0.007082055886548422,-0.9929179441134516
10053,largest_covariance_eigenvalue,0.8432064240683106,1.0,-0.1567935759316894,history_dependent_relational_mode,P7_coarse_graining,history_dependent_relational_mode,D3_IAAFT_surrogate,3,,,
10053,linear_CKA,0.6080884385650556,1.0,-0.39191156143494443,history_dependent_relational_mode,P2_global_scaling,history_dependent_relational_mode,D2_phase_randomization,3,,,
10053,mutual_information,0.9843851270326912,1.0,-0.01561487296730879,persistent_shared_mode,P5_observation_noise,history_dependent_relational_mode,D2_phase_randomization,3,,,
10053,pca_rank1_explained_variance,0.9929179441134516,1.0,-0.007082055886548422,history_dependent_relational_mode,P5_observation_noise,history_dependent_relational_mode,D3_IAAFT_surrogate,3,,,
10053,pearson,0.9114485335993237,1.0,-0.08855146640067635,persistent_shared_mode,P4_orthogonal_basis_rotation,history_dependent_relational_mode,D2_phase_randomization,3,,,
10053,spectral_coherence,0.6992787550587191,1.0,-0.30072124494128094,direct_coupling_SCM,P2_global_scaling,persistent_shared_mode,D6_common_driver_replacement,3,,,
10054,VAR_ARX_predictive,0.756117474372953,1.0,-0.24388252562704704,direct_coupling_SCM,P2_global_scaling,history_dependent_relational_mode,D6_common_driver_replacement,3,,,
10054,autocorrelation_persistence,0.7971872218498322,1.0,-0.20281277815016785,direct_coupling_SCM,P7_coarse_graining,direct_coupling_SCM,D5_source_swap,3,,,
10054,correlon_v1,0.0,1.0,-1.0,direct_coupling_SCM,P1_node_permutation,persistent_shared_mode,D6_common_driver_replacement,3,pca_rank1_explained_variance,-0.006420231885308381,-0.9935797681146916
10054,largest_covariance_eigenvalue,0.8760792525716901,1.0,-0.12392074742830994,direct_coupling_SCM,P7_coarse_graining,direct_coupling_SCM,D8_block_shuffle,3,,,
10054,linear_CKA,0.3464506176244567,1.0,-0.6535493823755433,direct_coupling_SCM,P2_global_scaling,direct_coupling_SCM,D2_phase_randomization,3,,,
10054,mutual_information,0.9779018046828664,1.0,-0.02209819531713364,direct_coupling_SCM,P5_observation_noise,direct_coupling_SCM,D2_phase_randomization,3,,,
10054,pca_rank1_explained_variance,0.9935797681146916,1.0,-0.006420231885308381,direct_coupling_SCM,P5_observation_noise,direct_coupling_SCM,D8_block_shuffle,3,,,
10054,pearson,0.8182313498963322,1.0,-0.18176865010366783,persistent_shared_mode,P4_orthogonal_basis_rotation,direct_coupling_SCM,D2_phase_randomization,3,,,
10054,spectral_coherence,0.5489449737688471,1.0,-0.4510550262311529,persistent_shared_mode,P2_global_scaling,direct_coupling_SCM,D1_temporal_shuffle,3,,,
10055,VAR_ARX_predictive,0.8440464227229256,1.0,-0.15595357727707437,history_dependent_relational_mode,P2_global_scaling,history_dependent_relational_mode,D2_phase_randomization,3,,,
10055,autocorrelation_persistence,0.8076107467590945,1.0,-0.1923892532409055,direct_coupling_SCM,P7_coarse_graining,history_dependent_relational_mode,D2_phase_randomization,3,,,
10055,correlon_v1,0.0,1.0,-1.0,direct_coupling_SCM,P1_node_permutation,persistent_shared_mode,D6_common_driver_replacement,3,pca_rank1_explained_variance,-0.0019739226963796375,-0.9980260773036204
10055,largest_covariance_eigenvalue,0.8474925967972677,1.0,-0.15250740320273226,history_dependent_relational_mode,P7_coarse_graining,direct_coupling_SCM,D6_common_driver_replacement,3,,,
10055,linear_CKA,0.438996083909586,1.0,-0.561003916090414,direct_coupling_SCM,P2_global_scaling,direct_coupling_SCM,D6_common_driver_replacement,3,,,
10055,mutual_information,0.944414756139506,1.0,-0.055585243860494016,history_dependent_relational_mode,P5_observation_noise,direct_coupling_SCM,D3_IAAFT_surrogate,3,,,
10055,pca_rank1_explained_variance,0.9980260773036204,1.0,-0.0019739226963796375,persistent_shared_mode,P5_observation_noise,direct_coupling_SCM,D6_common_driver_replacement,3,,,
10055,pearson,0.9414662724155552,1.0,-0.05853372758444475,persistent_shared_mode,P4_orthogonal_basis_rotation,direct_coupling_SCM,D6_common_driver_replacement,3,,,
10055,spectral_coherence,0.8258672060772725,1.0,-0.1741327939227275,persistent_shared_mode,P2_global_scaling,persistent_shared_mode,D6_common_driver_replacement,3,,,
10056,VAR_ARX_predictive,0.851364986760203,0.9442121574396642,-0.09284717067946124,persistent_shared_mode,P2_global_scaling,persistent_shared_mode,D6_common_driver_replacement,3,,,
10056,autocorrelation_persistence,0.7706492345240888,1.0,-0.22935076547591116,direct_coupling_SCM,P7_coarse_graining,direct_coupling_SCM,D5_source_swap,3,,,
10056,correlon_v1,0.0,1.0,-1.0,direct_coupling_SCM,P1_node_permutation,persistent_shared_mode,D6_common_driver_replacement,3,pca_rank1_explained_variance,-0.007216668184057196,-0.9927833318159428
10056,largest_covariance_eigenvalue,0.8560250567450575,1.0,-0.14397494325494253,history_dependent_relational_mode,P7_coarse_graining,direct_coupling_SCM,D5_source_swap,3,,,
10056,linear_CKA,0.3621243154597282,1.0,-0.6378756845402718,persistent_shared_mode,P2_global_scaling,direct_coupling_SCM,D2_phase_randomization,3,,,
10056,mutual_information,0.9520700646471896,1.0,-0.04792993535281043,history_dependent_relational_mode,P5_observation_noise,direct_coupling_SCM,D2_phase_randomization,3,,,
10056,pca_rank1_explained_variance,0.9927833318159428,1.0,-0.007216668184057196,persistent_shared_mode,P5_observation_noise,direct_coupling_SCM,D5_source_swap,3,,,
10056,pearson,0.9517535988232136,1.0,-0.04824640117678636,persistent_shared_mode,P4_orthogonal_basis_rotation,direct_coupling_SCM,D2_phase_randomization,3,,,
10056,spectral_coherence,0.5293345650903529,1.0,-0.4706654349096471,direct_coupling_SCM,P2_global_scaling,persistent_shared_mode,D6_common_driver_replacement,3,,,
10057,VAR_ARX_predictive,0.962033818968094,1.0,-0.037966181031905966,persistent_shared_mode,P5_observation_noise,persistent_shared_mode,D6_common_driver_replacement,3,,,
10057,autocorrelation_persistence,0.7976385400941467,1.0,-0.2023614599058533,direct_coupling_SCM,P7_coarse_graining,persistent_shared_mode,D7_history_destruction,3,,,
10057,correlon_v1,0.0,1.0,-1.0,direct_coupling_SCM,P1_node_permutation,direct_coupling_SCM,D2_phase_randomization,3,pca_rank1_explained_variance,-0.01143352173133605,-0.988566478268664
10057,largest_covariance_eigenvalue,0.8482114607649862,1.0,-0.1517885392350138,history_dependent_relational_mode,P7_coarse_graining,history_dependent_relational_mode,D5_source_swap,3,,,
10057,linear_CKA,0.6513342580370116,1.0,-0.3486657419629884,direct_coupling_SCM,P2_global_scaling,history_dependent_relational_mode,D4_edge_cutting,3,,,
10057,mutual_information,0.953637882025262,0.999846544515699,-0.04620866249043698,history_dependent_relational_mode,P5_observation_noise,history_dependent_relational_mode,D4_edge_cutting,3,,,
10057,pca_rank1_explained_variance,0.988566478268664,1.0,-0.01143352173133605,persistent_shared_mode,P5_observation_noise,history_dependent_relational_mode,D5_source_swap,3,,,
10057,pearson,0.90726752328047,1.0,-0.09273247671953,persistent_shared_mode,P4_orthogonal_basis_rotation,history_dependent_relational_mode,D4_edge_cutting,3,,,
10057,spectral_coherence,0.6249821563474804,1.0,-0.37501784365251956,persistent_shared_mode,P2_global_scaling,persistent_shared_mode,D6_common_driver_replacement,3,,,
10058,VAR_ARX_predictive,0.909905920334372,0.9415514520879372,-0.031645531753565215,direct_coupling_SCM,P2_global_scaling,history_dependent_relational_mode,D4_edge_cutting,3,,,
10058,autocorrelation_persistence,0.7927977729250903,1.0,-0.20720222707490965,direct_coupling_SCM,P7_coarse_graining,persistent_shared_mode,D7_history_destruction,3,,,
10058,correlon_v1,0.0,1.0,-1.0,persistent_shared_mode,P1_node_permutation,persistent_shared_mode,D2_phase_randomization,3,pca_rank1_explained_variance,-0.016069179763448793,-0.9839308202365512
10058,largest_covariance_eigenvalue,0.868446924669112,1.0,-0.131553075330888,history_dependent_relational_mode,P7_coarse_graining,direct_coupling_SCM,D6_common_driver_replacement,3,,,
10058,linear_CKA,0.4860970640409257,1.0,-0.5139029359590743,persistent_shared_mode,P2_global_scaling,direct_coupling_SCM,D6_common_driver_replacement,3,,,
10058,mutual_information,0.9738411504984792,1.0,-0.02615884950152081,direct_coupling_SCM,P5_observation_noise,history_dependent_relational_mode,D5_source_swap,3,,,
10058,pca_rank1_explained_variance,0.9839308202365512,1.0,-0.016069179763448793,persistent_shared_mode,P5_observation_noise,direct_coupling_SCM,D6_common_driver_replacement,3,,,
10058,pearson,0.8704817209798107,1.0,-0.1295182790201893,persistent_shared_mode,P4_orthogonal_basis_rotation,direct_coupling_SCM,D6_common_driver_replacement,3,,,
10058,spectral_coherence,0.5815473907417206,1.0,-0.41845260925827943,persistent_shared_mode,P2_global_scaling,persistent_shared_mode,D6_common_driver_replacement,3,,,
10059,VAR_ARX_predictive,0.8230902793009828,1.0,-0.17690972069901723,direct_coupling_SCM,P2_global_scaling,history_dependent_relational_mode,D5_source_swap,3,,,
10059,autocorrelation_persistence,0.8052974080700054,1.0,-0.19470259192999462,history_dependent_relational_mode,P7_coarse_graining,persistent_shared_mode,D5_source_swap,3,,,
10059,correlon_v1,0.0,1.0,-1.0,direct_coupling_SCM,P1_node_permutation,direct_coupling_SCM,D2_phase_randomization,3,mutual_information,0.06781023121351071,-1.0678102312135107
10059,largest_covariance_eigenvalue,0.905503724632397,1.0,-0.09449627536760297,direct_coupling_SCM,P7_coarse_graining,direct_coupling_SCM,D6_common_driver_replacement,3,,,
10059,linear_CKA,0.5090838350552156,0.836540124133993,-0.32745628907877744,direct_coupling_SCM,P2_global_scaling,direct_coupling_SCM,D6_common_driver_replacement,3,,,
10059,mutual_information,0.9399209612833505,0.8721107300698397,0.06781023121351071,history_dependent_relational_mode,P5_observation_noise,history_dependent_relational_mode,D2_phase_randomization,3,,,
10059,pca_rank1_explained_variance,0.9871954923659292,1.0,-0.012804507634070816,persistent_shared_mode,P5_observation_noise,direct_coupling_SCM,D6_common_driver_replacement,3,,,
10059,pearson,0.8572545284330756,0.91306038289422,-0.05580585446114439,persistent_shared_mode,P4_orthogonal_basis_rotation,direct_coupling_SCM,D6_common_driver_replacement,3,,,
10059,spectral_coherence,0.5577488367049493,1.0,-0.44225116329505065,direct_coupling_SCM,P2_global_scaling,direct_coupling_SCM,D6_common_driver_replacement,3,,,
10060,VAR_ARX_predictive,0.8998532864579413,0.9639959887849696,-0.06414270232702834,history_dependent_relational_mode,P2_global_scaling,history_dependent_relational_mode,D8_block_shuffle,3,,,
10060,autocorrelation_persistence,0.7819862195217007,1.0,-0.21801378047829933,direct_coupling_SCM,P7_coarse_graining,persistent_shared_mode,D5_source_swap,3,,,
10060,correlon_v1,0.0,1.0,-1.0,direct_coupling_SCM,P1_node_permutation,persistent_shared_mode,D6_common_driver_replacement,3,pca_rank1_explained_variance,-0.009533126956492777,-0.9904668730435072
10060,largest_covariance_eigenvalue,0.855635059603191,1.0,-0.14436494039680903,history_dependent_relational_mode,P7_coarse_graining,history_dependent_relational_mode,D5_source_swap,3,,,
10060,linear_CKA,0.5010299418894192,1.0,-0.4989700581105808,direct_coupling_SCM,P2_global_scaling,history_dependent_relational_mode,D3_IAAFT_surrogate,3,,,
10060,mutual_information,0.9768626089874684,1.0,-0.02313739101253165,persistent_shared_mode,P5_observation_noise,history_dependent_relational_mode,D5_source_swap,3,,,
10060,pca_rank1_explained_variance,0.9904668730435072,1.0,-0.009533126956492777,direct_coupling_SCM,P5_observation_noise,history_dependent_relational_mode,D5_source_swap,3,,,
10060,pearson,0.7547949261607054,1.0,-0.24520507383929457,persistent_shared_mode,P4_orthogonal_basis_rotation,history_dependent_relational_mode,D3_IAAFT_surrogate,3,,,
10060,spectral_coherence,0.7320776015363125,1.0,-0.2679223984636875,persistent_shared_mode,P2_global_scaling,persistent_shared_mode,D6_common_driver_replacement,3,,,
10061,VAR_ARX_predictive,0.8300424875131649,1.0,-0.1699575124868351,persistent_shared_mode,P2_global_scaling,history_dependent_relational_mode,D1_temporal_shuffle,3,,,
10061,autocorrelation_persistence,0.7814768357224036,1.0,-0.21852316427759644,direct_coupling_SCM,P7_coarse_graining,persistent_shared_mode,D5_source_swap,3,,,
10061,correlon_v1,0.0,1.0,-1.0,direct_coupling_SCM,P1_node_permutation,persistent_shared_mode,D6_common_driver_replacement,3,mutual_information,-0.01778136350011683,-0.9822186364998832
10061,largest_covariance_eigenvalue,0.8915713083340281,1.0,-0.10842869166597191,history_dependent_relational_mode,P7_coarse_graining,history_dependent_relational_mode,D5_source_swap,3,,,
10061,linear_CKA,0.4585610283031797,0.9755160139749636,-0.5169549856717839,persistent_shared_mode,P2_global_scaling,history_dependent_relational_mode,D5_source_swap,3,,,
10061,mutual_information,0.9822186364998832,1.0,-0.01778136350011683,persistent_shared_mode,P5_observation_noise,history_dependent_relational_mode,D3_IAAFT_surrogate,3,,,
10061,pca_rank1_explained_variance,0.914586470350754,1.0,-0.08541352964924598,persistent_shared_mode,P2_global_scaling,history_dependent_relational_mode,D5_source_swap,3,,,
10061,pearson,0.8881180051530749,0.9934583240556584,-0.10534031890258344,persistent_shared_mode,P4_orthogonal_basis_rotation,history_dependent_relational_mode,D5_source_swap,3,,,
10061,spectral_coherence,0.5277788376554328,1.0,-0.47222116234456724,persistent_shared_mode,P2_global_scaling,persistent_shared_mode,D6_common_driver_replacement,3,,,
10062,VAR_ARX_predictive,0.7377907585668747,1.0,-0.2622092414331253,direct_coupling_SCM,P2_global_scaling,persistent_shared_mode,D6_common_driver_replacement,3,,,
10062,autocorrelation_persistence,0.7910807657351268,1.0,-0.20891923426487324,direct_coupling_SCM,P7_coarse_graining,direct_coupling_SCM,D5_source_swap,3,,,
10062,correlon_v1,0.0,1.0,-1.0,direct_coupling_SCM,P1_node_permutation,direct_coupling_SCM,D2_phase_randomization,3,pca_rank1_explained_variance,-0.011046205817954347,-0.9889537941820457
10062,largest_covariance_eigenvalue,0.8858410975654291,1.0,-0.11415890243457094,history_dependent_relational_mode,P6_time_reparameterization,direct_coupling_SCM,D5_source_swap,3,,,
10062,linear_CKA,0.2281287829953383,1.0,-0.7718712170046618,direct_coupling_SCM,P2_global_scaling,history_dependent_relational_mode,D8_block_shuffle,3,,,
10062,mutual_information,0.9847507721388628,1.0,-0.015249227861137249,history_dependent_relational_mode,P5_observation_noise,history_dependent_relational_mode,D8_block_shuffle,3,,,
10062,pca_rank1_explained_variance,0.9889537941820457,1.0,-0.011046205817954347,history_dependent_relational_mode,P5_observation_noise,direct_coupling_SCM,D5_source_swap,3,,,
10062,pearson,0.8436349587938308,1.0,-0.15636504120616923,persistent_shared_mode,P4_orthogonal_basis_rotation,history_dependent_relational_mode,D8_block_shuffle,3,,,
10062,spectral_coherence,0.6608559258925151,1.0,-0.3391440741074849,direct_coupling_SCM,P2_global_scaling,persistent_shared_mode,D6_common_driver_replacement,3,,,
10063,VAR_ARX_predictive,0.9016824055440792,1.0,-0.09831759445592081,persistent_shared_mode,P2_global_scaling,history_dependent_relational_mode,D1_temporal_shuffle,3,,,
10063,autocorrelation_persistence,0.7925992103505022,1.0,-0.20740078964949782,direct_coupling_SCM,P7_coarse_graining,persistent_shared_mode,D7_history_destruction,3,,,
10063,correlon_v1,0.0,1.0,-1.0,direct_coupling_SCM,P1_node_permutation,persistent_shared_mode,D6_common_driver_replacement,3,pca_rank1_explained_variance,-0.013462463972955585,-0.9865375360270444
10063,largest_covariance_eigenvalue,0.8318710421601172,1.0,-0.1681289578398828,history_dependent_relational_mode,P7_coarse_graining,history_dependent_relational_mode,D2_phase_randomization,3,,,
10063,linear_CKA,0.5774459162380107,1.0,-0.42255408376198933,direct_coupling_SCM,P2_global_scaling,history_dependent_relational_mode,D2_phase_randomization,3,,,
10063,mutual_information,0.9596860177775028,1.0,-0.04031398222249716,persistent_shared_mode,P5_observation_noise,history_dependent_relational_mode,D2_phase_randomization,3,,,
10063,pca_rank1_explained_variance,0.9865375360270444,1.0,-0.013462463972955585,direct_coupling_SCM,P5_observation_noise,history_dependent_relational_mode,D2_phase_randomization,3,,,
10063,pearson,0.9819710423676764,1.0,-0.018028957632323594,persistent_shared_mode,P5_observation_noise,history_dependent_relational_mode,D2_phase_randomization,3,,,
10063,spectral_coherence,0.7209930503683898,1.0,-0.2790069496316102,persistent_shared_mode,P2_global_scaling,persistent_shared_mode,D6_common_driver_replacement,3,,,
10064,VAR_ARX_predictive,0.8915137813202654,0.9945154245975408,-0.10300164327727546,direct_coupling_SCM,P2_global_scaling,history_dependent_relational_mode,D6_common_driver_replacement,3,,,
10064,autocorrelation_persistence,0.8008484567611952,1.0,-0.1991515432388048,history_dependent_relational_mode,P7_coarse_graining,persistent_shared_mode,D5_source_swap,3,,,
10064,correlon_v1,0.0,1.0,-1.0,direct_coupling_SCM,P1_node_permutation,direct_coupling_SCM,D6_common_driver_replacement,3,pca_rank1_explained_variance,-2.220446049250313e-16,-0.9999999999999998
10064,largest_covariance_eigenvalue,0.8880939572258024,1.0,-0.11190604277419758,direct_coupling_SCM,P7_coarse_graining,direct_coupling_SCM,D6_common_driver_replacement,3,,,
10064,linear_CKA,0.6776638124647975,1.0,-0.32233618753520255,direct_coupling_SCM,P2_global_scaling,direct_coupling_SCM,D3_IAAFT_surrogate,3,,,
10064,mutual_information,0.992200224039164,1.0,-0.007799775960836031,persistent_shared_mode,P5_observation_noise,history_dependent_relational_mode,D3_IAAFT_surrogate,3,,,
10064,pca_rank1_explained_variance,0.9999999999999998,1.0,-2.220446049250313e-16,persistent_shared_mode,P4_orthogonal_basis_rotation,direct_coupling_SCM,D6_common_driver_replacement,3,,,
10064,pearson,0.9369955320468925,1.0,-0.06300446795310755,persistent_shared_mode,P4_orthogonal_basis_rotation,direct_coupling_SCM,D3_IAAFT_surrogate,3,,,
10064,spectral_coherence,0.7464714028789432,1.0,-0.2535285971210568,direct_coupling_SCM,P2_global_scaling,direct_coupling_SCM,D6_common_driver_replacement,3,,,
10065,VAR_ARX_predictive,0.9664209056170486,0.9169111329743544,0.04950977264269418,persistent_shared_mode,P5_observation_noise,history_dependent_relational_mode,D5_source_swap,3,,,
10065,autocorrelation_persistence,0.7791016352304135,1.0,-0.22089836476958646,direct_coupling_SCM,P7_coarse_graining,persistent_shared_mode,D7_history_destruction,3,,,
10065,correlon_v1,0.0,1.0,-1.0,direct_coupling_SCM,P7_coarse_graining,persistent_shared_mode,D6_common_driver_replacement,3,VAR_ARX_predictive,0.04950977264269418,-1.0495097726426943
10065,largest_covariance_eigenvalue,0.8791282741410568,1.0,-0.12087172585894324,history_dependent_relational_mode,P7_coarse_graining,direct_coupling_SCM,D5_source_swap,3,,,
10065,linear_CKA,0.8063690606191332,1.0,-0.19363093938086684,history_dependent_relational_mode,P2_global_scaling,direct_coupling_SCM,D2_phase_randomization,3,,,
10065,mutual_information,0.9375430577851432,1.0,-0.06245694221485676,direct_coupling_SCM,P5_observation_noise,direct_coupling_SCM,D2_phase_randomization,3,,,
10065,pca_rank1_explained_variance,0.984563208706118,1.0,-0.01543679129388198,direct_coupling_SCM,P5_observation_noise,direct_coupling_SCM,D5_source_swap,3,,,
10065,pearson,0.9539827880428936,1.0,-0.046017211957106396,persistent_shared_mode,P4_orthogonal_basis_rotation,direct_coupling_SCM,D2_phase_randomization,3,,,
10065,spectral_coherence,0.7324220963158768,1.0,-0.26757790368412315,persistent_shared_mode,P2_global_scaling,direct_coupling_SCM,D1_temporal_shuffle,3,,,
10066,VAR_ARX_predictive,0.9381354982580896,1.0,-0.06186450174191038,direct_coupling_SCM,P2_global_scaling,history_dependent_relational_mode,D2_phase_randomization,3,,,
10066,autocorrelation_persistence,0.7929567466211749,1.0,-0.20704325337882512,direct_coupling_SCM,P7_coarse_graining,persistent_shared_mode,D7_history_destruction,3,,,
10066,correlon_v1,0.0,1.0,-1.0,direct_coupling_SCM,P1_node_permutation,persistent_shared_mode,D6_common_driver_replacement,3,mutual_information,0.035568045136869286,-1.0355680451368694
10066,largest_covariance_eigenvalue,0.8914466002198881,1.0,-0.10855339978011191,history_dependent_relational_mode,P7_coarse_graining,history_dependent_relational_mode,D6_common_driver_replacement,3,,,
10066,linear_CKA,0.6752179840069265,0.8954937788580286,-0.22027579485110216,history_dependent_relational_mode,P2_global_scaling,history_dependent_relational_mode,D6_common_driver_replacement,3,,,
10066,mutual_information,0.9337819908760796,0.8982139457392103,0.035568045136869286,history_dependent_relational_mode,P5_observation_noise,history_dependent_relational_mode,D5_source_swap,3,,,
10066,pca_rank1_explained_variance,0.989734504210277,1.0,-0.010265495789723023,persistent_shared_mode,P5_observation_noise,history_dependent_relational_mode,D6_common_driver_replacement,3,,,
10066,pearson,0.8981969310928531,0.9423534948370272,-0.04415656374417409,persistent_shared_mode,P4_orthogonal_basis_rotation,history_dependent_relational_mode,D6_common_driver_replacement,3,,,
10066,spectral_coherence,0.6866774334094984,1.0,-0.3133225665905016,persistent_shared_mode,P2_global_scaling,persistent_shared_mode,D6_common_driver_replacement,3,,,
10067,VAR_ARX_predictive,0.9347637863756316,1.0,-0.06523621362436838,persistent_shared_mode,P2_global_scaling,history_dependent_relational_mode,D2_phase_randomization,3,,,
10067,autocorrelation_persistence,0.8016694652742826,1.0,-0.19833053472571738,history_dependent_relational_mode,P7_coarse_graining,persistent_shared_mode,D5_source_swap,3,,,
10067,correlon_v1,0.0,1.0,-1.0,direct_coupling_SCM,P5_observation_noise,persistent_shared_mode,D6_common_driver_replacement,3,pca_rank1_explained_variance,-0.012345534321386853,-0.9876544656786131
10067,largest_covariance_eigenvalue,0.8615646033477957,1.0,-0.13843539665220428,history_dependent_relational_mode,P7_coarse_graining,direct_coupling_SCM,D6_common_driver_replacement,3,,,
10067,linear_CKA,0.6068995881841699,1.0,-0.3931004118158301,direct_coupling_SCM,P2_global_scaling,direct_coupling_SCM,D6_common_driver_replacement,3,,,
10067,mutual_information,0.9712914187420436,1.0,-0.02870858125795639,persistent_shared_mode,P5_observation_noise,history_dependent_relational_mode,D3_IAAFT_surrogate,3,,,
10067,pca_rank1_explained_variance,0.9876544656786131,1.0,-0.012345534321386853,persistent_shared_mode,P2_global_scaling,direct_coupling_SCM,D6_common_driver_replacement,3,,,
10067,pearson,0.927588035255128,1.0,-0.07241196474487199,persistent_shared_mode,P4_orthogonal_basis_rotation,direct_coupling_SCM,D6_common_driver_replacement,3,,,
10067,spectral_coherence,0.4601583259192829,1.0,-0.539841674080717,persistent_shared_mode,P2_global_scaling,direct_coupling_SCM,D3_IAAFT_surrogate,3,,,
10068,VAR_ARX_predictive,0.931418991242539,1.0,-0.06858100875746098,persistent_shared_mode,P2_global_scaling,history_dependent_relational_mode,D1_temporal_shuffle,3,,,
10068,autocorrelation_persistence,0.8091646108718878,1.0,-0.19083538912811215,direct_coupling_SCM,P7_coarse_graining,direct_coupling_SCM,D2_phase_randomization,3,,,
10068,correlon_v1,0.0,1.0,-1.0,direct_coupling_SCM,P1_node_permutation,persistent_shared_mode,D6_common_driver_replacement,3,mutual_information,-0.0030552156853608237,-0.9969447843146392
10068,largest_covariance_eigenvalue,0.862509073046091,1.0,-0.13749092695390897,direct_coupling_SCM,P7_coarse_graining,history_dependent_relational_mode,D5_source_swap,3,,,
10068,linear_CKA,0.5096410702686169,1.0,-0.49035892973138306,history_dependent_relational_mode,P2_global_scaling,direct_coupling_SCM,D3_IAAFT_surrogate,3,,,
10068,mutual_information,0.9969447843146392,1.0,-0.0030552156853608237,persistent_shared_mode,P5_observation_noise,direct_coupling_SCM,D3_IAAFT_surrogate,3,,,
10068,pca_rank1_explained_variance,0.9896364147073434,1.0,-0.010363585292656574,persistent_shared_mode,P5_observation_noise,history_dependent_relational_mode,D5_source_swap,3,,,
10068,pearson,0.9021728003783054,1.0,-0.09782719962169462,persistent_shared_mode,P4_orthogonal_basis_rotation,direct_coupling_SCM,D3_IAAFT_surrogate,3,,,
10068,spectral_coherence,0.7622850546859954,1.0,-0.2377149453140046,persistent_shared_mode,P2_global_scaling,persistent_shared_mode,D6_common_driver_replacement,3,,,
10069,VAR_ARX_predictive,0.9702332308068377,1.0,-0.029766769193162346,direct_coupling_SCM,P6_time_reparameterization,history_dependent_relational_mode,D2_phase_randomization,3,,,
10069,autocorrelation_persistence,0.7872055576957844,1.0,-0.21279444230421563,history_dependent_relational_mode,P7_coarse_graining,persistent_shared_mode,D5_source_swap,3,,,
10069,correlon_v1,0.0,1.0,-1.0,direct_coupling_SCM,P1_node_permutation,persistent_shared_mode,D6_common_driver_replacement,3,pca_rank1_explained_variance,-0.009922472388167014,-0.990077527611833
10069,largest_covariance_eigenvalue,0.8738596326393017,1.0,-0.12614036736069834,history_dependent_relational_mode,P7_coarse_graining,direct_coupling_SCM,D5_source_swap,3,,,
10069,linear_CKA,0.6287009998523161,1.0,-0.3712990001476839,persistent_shared_mode,P2_global_scaling,direct_coupling_SCM,D6_common_driver_replacement,3,,,
10069,mutual_information,0.9851370928438596,1.0,-0.01486290715614036,persistent_shared_mode,P5_observation_noise,direct_coupling_SCM,D7_history_destruction,3,,,
10069,pca_rank1_explained_variance,0.990077527611833,1.0,-0.009922472388167014,direct_coupling_SCM,P5_observation_noise,direct_coupling_SCM,D5_source_swap,3,,,
10069,pearson,0.9137846993091968,1.0,-0.08621530069080319,persistent_shared_mode,P4_orthogonal_basis_rotation,direct_coupling_SCM,D6_common_driver_replacement,3,,,
10069,spectral_coherence,0.7162029982942353,1.0,-0.2837970017057647,persistent_shared_mode,P2_global_scaling,persistent_shared_mode,D6_common_driver_replacement,3,,,
10070,VAR_ARX_predictive,0.919303313108363,0.9576875741037162,-0.03838426099535319,direct_coupling_SCM,P2_global_scaling,history_dependent_relational_mode,D6_common_driver_replacement,3,,,
10070,autocorrelation_persistence,0.797362330611872,1.0,-0.202637669388128,direct_coupling_SCM,P7_coarse_graining,persistent_shared_mode,D7_history_destruction,3,,,
10070,correlon_v1,0.0,1.0,-1.0,direct_coupling_SCM,P1_node_permutation,direct_coupling_SCM,D6_common_driver_replacement,3,pca_rank1_explained_variance,-0.007181678095943611,-0.9928183219040564
10070,largest_covariance_eigenvalue,0.8649154523269538,1.0,-0.13508454767304623,direct_coupling_SCM,P7_coarse_graining,direct_coupling_SCM,D7_history_destruction,3,,,
10070,linear_CKA,0.631467448381681,1.0,-0.368532551618319,history_dependent_relational_mode,P2_global_scaling,direct_coupling_SCM,D7_history_destruction,3,,,
10070,mutual_information,0.9709482909855948,1.0,-0.029051709014405236,persistent_shared_mode,P5_observation_noise,direct_coupling_SCM,D7_history_destruction,3,,,
10070,pca_rank1_explained_variance,0.9928183219040564,1.0,-0.007181678095943611,persistent_shared_mode,P5_observation_noise,direct_coupling_SCM,D7_history_destruction,3,,,
10070,pearson,0.7956743230756185,1.0,-0.20432567692438153,persistent_shared_mode,P4_orthogonal_basis_rotation,direct_coupling_SCM,D7_history_destruction,3,,,
10070,spectral_coherence,0.744588789131447,1.0,-0.255411210868553,direct_coupling_SCM,P2_global_scaling,persistent_shared_mode,D6_common_driver_replacement,3,,,
10071,VAR_ARX_predictive,0.8637121401846161,1.0,-0.13628785981538394,history_dependent_relational_mode,P2_global_scaling,history_dependent_relational_mode,D8_block_shuffle,3,,,
10071,autocorrelation_persistence,0.8105222974106132,1.0,-0.1894777025893868,direct_coupling_SCM,P7_coarse_graining,persistent_shared_mode,D5_source_swap,3,,,
10071,correlon_v1,0.0,1.0,-1.0,direct_coupling_SCM,P1_node_permutation,direct_coupling_SCM,D2_phase_randomization,3,pca_rank1_explained_variance,-0.011099660333737216,-0.9889003396662628
10071,largest_covariance_eigenvalue,0.8790117868441601,1.0,-0.12098821315583985,history_dependent_relational_mode,P7_coarse_graining,direct_coupling_SCM,D6_common_driver_replacement,3,,,
10071,linear_CKA,0.6633950088493938,1.0,-0.33660499115060616,history_dependent_relational_mode,P2_global_scaling,history_dependent_relational_mode,D2_phase_randomization,3,,,
10071,mutual_information,0.9628085532418728,1.0,-0.037191446758127245,history_dependent_relational_mode,P5_observation_noise,history_dependent_relational_mode,D2_phase_randomization,3,,,
10071,pca_rank1_explained_variance,0.9889003396662628,1.0,-0.011099660333737216,direct_coupling_SCM,P5_observation_noise,direct_coupling_SCM,D6_common_driver_replacement,3,,,
10071,pearson,0.9313633393428628,1.0,-0.06863666065713725,persistent_shared_mode,P4_orthogonal_basis_rotation,history_dependent_relational_mode,D2_phase_randomization,3,,,
10071,spectral_coherence,0.6584858497465922,1.0,-0.3415141502534078,persistent_shared_mode,P2_global_scaling,persistent_shared_mode,D6_common_driver_replacement,3,,,
10072,VAR_ARX_predictive,0.8957754069712749,0.9578123804640588,-0.06203697349278392,persistent_shared_mode,P2_global_scaling,persistent_shared_mode,D6_common_driver_replacement,3,,,
10072,autocorrelation_persistence,0.7900201762893417,1.0,-0.20997982371065826,direct_coupling_SCM,P7_coarse_graining,history_dependent_relational_mode,D2_phase_randomization,3,,,
10072,correlon_v1,0.0,1.0,-1.0,direct_coupling_SCM,P1_node_permutation,persistent_shared_mode,D6_common_driver_replacement,3,pca_rank1_explained_variance,-0.009314722887171833,-0.9906852771128282
10072,largest_covariance_eigenvalue,0.8795172654438986,1.0,-0.12048273455610137,history_dependent_relational_mode,P7_coarse_graining,direct_coupling_SCM,D7_history_destruction,3,,,
10072,linear_CKA,0.5427531794485215,1.0,-0.4572468205514785,direct_coupling_SCM,P2_global_scaling,direct_coupling_SCM,D3_IAAFT_surrogate,3,,,
10072,mutual_information,0.9103751538609978,1.0,-0.08962484613900223,history_dependent_relational_mode,P5_observation_noise,direct_coupling_SCM,D3_IAAFT_surrogate,3,,,
10072,pca_rank1_explained_variance,0.9906852771128282,1.0,-0.009314722887171833,persistent_shared_mode,P5_observation_noise,direct_coupling_SCM,D7_history_destruction,3,,,
10072,pearson,0.848544593438201,1.0,-0.151455406561799,persistent_shared_mode,P4_orthogonal_basis_rotation,direct_coupling_SCM,D3_IAAFT_surrogate,3,,,
10072,spectral_coherence,0.6074764560030228,1.0,-0.3925235439969772,persistent_shared_mode,P2_global_scaling,persistent_shared_mode,D6_common_driver_replacement,3,,,
10073,VAR_ARX_predictive,0.9062652966080772,1.0,-0.0937347033919228,persistent_shared_mode,P2_global_scaling,history_dependent_relational_mode,D2_phase_randomization,3,,,
10073,autocorrelation_persistence,0.7897724105854564,1.0,-0.21022758941454356,history_dependent_relational_mode,P7_coarse_graining,persistent_shared_mode,D5_source_swap,3,,,
10073,correlon_v1,0.0,1.0,-1.0,direct_coupling_SCM,P1_node_permutation,persistent_shared_mode,D6_common_driver_replacement,3,mutual_information,-0.037036438737299004,-0.962963561262701
10073,largest_covariance_eigenvalue,0.8468978320489721,1.0,-0.15310216795102793,history_dependent_relational_mode,P7_coarse_graining,direct_coupling_SCM,D7_history_destruction,3,,,
10073,linear_CKA,0.3935396167262425,1.0,-0.6064603832737575,persistent_shared_mode,P2_global_scaling,history_dependent_relational_mode,D3_IAAFT_surrogate,3,,,
10073,mutual_information,0.962963561262701,1.0,-0.037036438737299004,history_dependent_relational_mode,P5_observation_noise,history_dependent_relational_mode,D3_IAAFT_surrogate,3,,,
10073,pca_rank1_explained_variance,0.8198361556422119,1.0,-0.1801638443577881,persistent_shared_mode,P2_global_scaling,direct_coupling_SCM,D7_history_destruction,3,,,
10073,pearson,0.8951877312477129,1.0,-0.10481226875228711,persistent_shared_mode,P4_orthogonal_basis_rotation,history_dependent_relational_mode,D3_IAAFT_surrogate,3,,,
10073,spectral_coherence,0.5385695272571895,1.0,-0.46143047274281046,persistent_shared_mode,P2_global_scaling,history_dependent_relational_mode,D1_temporal_shuffle,3,,,
10074,VAR_ARX_predictive,0.8901631332367288,1.0,-0.1098368667632712,direct_coupling_SCM,P2_global_scaling,persistent_shared_mode,D6_common_driver_replacement,3,,,
10074,autocorrelation_persistence,0.7921131140726478,1.0,-0.20788688592735216,direct_coupling_SCM,P7_coarse_graining,direct_coupling_SCM,D5_source_swap,3,,,
10074,correlon_v1,0.0,1.0,-1.0,direct_coupling_SCM,P1_node_permutation,persistent_shared_mode,D6_common_driver_replacement,3,pca_rank1_explained_variance,0.011702466964450209,-1.0117024669644503
10074,largest_covariance_eigenvalue,0.8750258997385519,0.9771393684448868,-0.10211346870633486,direct_coupling_SCM,P7_coarse_graining,history_dependent_relational_mode,D6_common_driver_replacement,3,,,
10074,linear_CKA,0.4932099645018104,1.0,-0.5067900354981896,direct_coupling_SCM,P2_global_scaling,direct_coupling_SCM,D3_IAAFT_surrogate,3,,,
10074,mutual_information,0.9825738838130283,1.0,-0.017426116186971652,direct_coupling_SCM,P5_observation_noise,direct_coupling_SCM,D3_IAAFT_surrogate,3,,,
10074,pca_rank1_explained_variance,0.9888418354093368,0.9771393684448866,0.011702466964450209,persistent_shared_mode,P5_observation_noise,history_dependent_relational_mode,D6_common_driver_replacement,3,,,
10074,pearson,0.8918907987017511,1.0,-0.10810920129824886,persistent_shared_mode,P4_orthogonal_basis_rotation,direct_coupling_SCM,D3_IAAFT_surrogate,3,,,
10074,spectral_coherence,0.6875082015467435,1.0,-0.3124917984532565,direct_coupling_SCM,P2_global_scaling,persistent_shared_mode,D6_common_driver_replacement,3,,,
10075,VAR_ARX_predictive,0.8252421920820041,0.9078883924396852,-0.08264620035768111,direct_coupling_SCM,P2_global_scaling,history_dependent_relational_mode,D5_source_swap,3,,,
10075,autocorrelation_persistence,0.8001109432113355,1.0,-0.19988905678866453,direct_coupling_SCM,P7_coarse_graining,persistent_shared_mode,D5_source_swap,3,,,
10075,correlon_v1,0.0,1.0,-1.0,direct_coupling_SCM,P6_time_reparameterization,persistent_shared_mode,D6_common_driver_replacement,3,pca_rank1_explained_variance,-0.007251769401258379,-0.9927482305987416
10075,largest_covariance_eigenvalue,0.8672313643045207,1.0,-0.13276863569547925,history_dependent_relational_mode,P7_coarse_graining,history_dependent_relational_mode,D5_source_swap,3,,,
10075,linear_CKA,0.5790518824093599,1.0,-0.4209481175906401,direct_coupling_SCM,P2_global_scaling,history_dependent_relational_mode,D5_source_swap,3,,,
10075,mutual_information,0.9570990206765456,1.0,-0.04290097932345438,direct_coupling_SCM,P5_observation_noise,history_dependent_relational_mode,D5_source_swap,3,,,
10075,pca_rank1_explained_variance,0.9927482305987416,1.0,-0.007251769401258379,persistent_shared_mode,P5_observation_noise,history_dependent_relational_mode,D5_source_swap,3,,,
10075,pearson,0.7913696978057028,1.0,-0.20863030219429723,persistent_shared_mode,P4_orthogonal_basis_rotation,history_dependent_relational_mode,D5_source_swap,3,,,
10075,spectral_coherence,0.6098742385961388,1.0,-0.39012576140386124,direct_coupling_SCM,P2_global_scaling,persistent_shared_mode,D6_common_driver_replacement,3,,,
10076,VAR_ARX_predictive,0.9196057038993722,1.0,-0.08039429610062776,direct_coupling_SCM,P2_global_scaling,history_dependent_relational_mode,D6_common_driver_replacement,3,,,
10076,autocorrelation_persistence,0.8340342462329646,1.0,-0.16596575376703537,direct_coupling_SCM,P7_coarse_graining,direct_coupling_SCM,D5_source_swap,3,,,
10076,correlon_v1,0.0,1.0,-1.0,direct_coupling_SCM,P1_node_permutation,persistent_shared_mode,D6_common_driver_replacement,3,mutual_information,0.07006909434395403,-1.0700690943439541
10076,largest_covariance_eigenvalue,0.8607135978851773,1.0,-0.13928640211482268,direct_coupling_SCM,P7_coarse_graining,history_dependent_relational_mode,D6_common_driver_replacement,3,,,
10076,linear_CKA,0.7394618953972357,1.0,-0.2605381046027643,persistent_shared_mode,P2_global_scaling,history_dependent_relational_mode,D6_common_driver_replacement,3,,,
10076,mutual_information,0.9535000147552068,0.8834309204112528,0.07006909434395403,history_dependent_relational_mode,P5_observation_noise,direct_coupling_SCM,D8_block_shuffle,3,,,
10076,pca_rank1_explained_variance,0.9900665209001204,1.0,-0.009933479099879627,persistent_shared_mode,P5_observation_noise,history_dependent_relational_mode,D6_common_driver_replacement,3,,,
10076,pearson,0.7251820494828962,1.0,-0.2748179505171038,persistent_shared_mode,P4_orthogonal_basis_rotation,history_dependent_relational_mode,D6_common_driver_replacement,3,,,
10076,spectral_coherence,0.6865546977085664,1.0,-0.31344530229143364,persistent_shared_mode,P2_global_scaling,persistent_shared_mode,D6_common_driver_replacement,3,,,
10077,VAR_ARX_predictive,0.9687581124633,1.0,-0.031241887536699986,history_dependent_relational_mode,P5_observation_noise,persistent_shared_mode,D6_common_driver_replacement,3,,,
10077,autocorrelation_persistence,0.8068865733130474,1.0,-0.19311342668695264,history_dependent_relational_mode,P7_coarse_graining,persistent_shared_mode,D5_source_swap,3,,,
10077,correlon_v1,0.0,1.0,-1.0,direct_coupling_SCM,P6_time_reparameterization,persistent_shared_mode,D6_common_driver_replacement,3,pca_rank1_explained_variance,-0.007648216651093831,-0.9923517833489062
10077,largest_covariance_eigenvalue,0.864122843832301,1.0,-0.13587715616769902,history_dependent_relational_mode,P7_coarse_graining,history_dependent_relational_mode,D4_edge_cutting,3,,,
10077,linear_CKA,0.5911603280521207,1.0,-0.4088396719478793,history_dependent_relational_mode,P2_global_scaling,direct_coupling_SCM,D6_common_driver_replacement,3,,,
10077,mutual_information,0.9646016387628124,1.0,-0.03539836123718765,direct_coupling_SCM,P5_observation_noise,direct_coupling_SCM,D6_common_driver_replacement,3,,,
10077,pca_rank1_explained_variance,0.9923517833489062,1.0,-0.007648216651093831,persistent_shared_mode,P5_observation_noise,history_dependent_relational_mode,D4_edge_cutting,3,,,
10077,pearson,0.8899883796054451,1.0,-0.11001162039455492,persistent_shared_mode,P4_orthogonal_basis_rotation,direct_coupling_SCM,D6_common_driver_replacement,3,,,
10077,spectral_coherence,0.6733110270695961,1.0,-0.3266889729304039,direct_coupling_SCM,P2_global_scaling,persistent_shared_mode,D6_common_driver_replacement,3,,,
10078,VAR_ARX_predictive,0.9659804694694069,1.0,-0.034019530530593145,persistent_shared_mode,P2_global_scaling,persistent_shared_mode,D6_common_driver_replacement,3,,,
10078,autocorrelation_persistence,0.7763060587298538,1.0,-0.2236939412701462,history_dependent_relational_mode,P7_coarse_graining,persistent_shared_mode,D7_history_destruction,3,,,
10078,correlon_v1,0.0,1.0,-1.0,direct_coupling_SCM,P1_node_permutation,direct_coupling_SCM,D6_common_driver_replacement,3,mutual_information,0.03866396628453128,-1.0386639662845312
10078,largest_covariance_eigenvalue,0.8587435423930111,0.9914070212902504,-0.13266347889723928,direct_coupling_SCM,P7_coarse_graining,direct_coupling_SCM,D7_history_destruction,3,,,
10078,linear_CKA,0.4083598835500482,0.8714658287920956,-0.46310594524204735,persistent_shared_mode,P2_global_scaling,history_dependent_relational_mode,D7_history_destruction,3,,,
10078,mutual_information,0.970736910269214,0.9320729439846828,0.03866396628453128,persistent_shared_mode,P5_observation_noise,history_dependent_relational_mode,D7_history_destruction,3,,,
10078,pca_rank1_explained_variance,0.965330126933736,0.9914070212902504,-0.02607689435651439,persistent_shared_mode,P2_global_scaling,direct_coupling_SCM,D7_history_destruction,3,,,
10078,pearson,0.9357015045724104,0.9379011133242432,-0.0021996087518327823,persistent_shared_mode,P4_orthogonal_basis_rotation,history_dependent_relational_mode,D7_history_destruction,3,,,
10078,spectral_coherence,0.4972404113882693,1.0,-0.5027595886117306,persistent_shared_mode,P2_global_scaling,persistent_shared_mode,D6_common_driver_replacement,3,,,
10079,VAR_ARX_predictive,0.900854741679416,0.9562533621108116,-0.05539862043139554,direct_coupling_SCM,P2_global_scaling,persistent_shared_mode,D6_common_driver_replacement,3,,,
10079,autocorrelation_persistence,0.8122029224188846,1.0,-0.1877970775811154,direct_coupling_SCM,P7_coarse_graining,direct_coupling_SCM,D5_source_swap,3,,,
10079,correlon_v1,0.0,1.0,-1.0,direct_coupling_SCM,P7_coarse_graining,persistent_shared_mode,D6_common_driver_replacement,3,pca_rank1_explained_variance,-0.0073248766113284125,-0.9926751233886716
10079,largest_covariance_eigenvalue,0.8593349675453044,1.0,-0.14066503245469564,direct_coupling_SCM,P7_coarse_graining,history_dependent_relational_mode,D6_common_driver_replacement,3,,,
10079,linear_CKA,0.5689500659651144,1.0,-0.43104993403488556,history_dependent_relational_mode,P2_global_scaling,direct_coupling_SCM,D5_source_swap,3,,,
10079,mutual_information,0.9600378271337816,1.0,-0.03996217286621839,persistent_shared_mode,P5_observation_noise,direct_coupling_SCM,D3_IAAFT_surrogate,3,,,
10079,pca_rank1_explained_variance,0.9926751233886716,1.0,-0.0073248766113284125,persistent_shared_mode,P5_observation_noise,history_dependent_relational_mode,D6_common_driver_replacement,3,,,
10079,pearson,0.666912762547335,1.0,-0.333087237452665,persistent_shared_mode,P4_orthogonal_basis_rotation,direct_coupling_SCM,D5_source_swap,3,,,
10079,spectral_coherence,0.7044436201369665,1.0,-0.2955563798630335,persistent_shared_mode,P2_global_scaling,direct_coupling_SCM,D4_edge_cutting,3,,,
10080,VAR_ARX_predictive,0.9797623215818612,1.0,-0.020237678418138838,direct_coupling_SCM,P5_observation_noise,history_dependent_relational_mode,D1_temporal_shuffle,3,,,
10080,autocorrelation_persistence,0.824204742236582,1.0,-0.17579525776341798,history_dependent_relational_mode,P7_coarse_graining,persistent_shared_mode,D5_source_swap,3,,,
10080,correlon_v1,0.2512382755615995,1.0,-0.7487617244384005,persistent_shared_mode,P6_time_reparameterization,direct_coupling_SCM,D4_edge_cutting,3,mutual_information,0.14227939650925825,-0.8910411209476587
10080,largest_covariance_eigenvalue,0.8859499631146266,0.9642971040320628,-0.07834714091743622,direct_coupling_SCM,P7_coarse_graining,direct_coupling_SCM,D7_history_destruction,3,,,
10080,linear_CKA,0.6489873556180686,0.7679185506124089,-0.11893119499434024,direct_coupling_SCM,P2_global_scaling,direct_coupling_SCM,D6_common_driver_replacement,3,,,
10080,mutual_information,0.9683799588696046,0.8261005623603463,0.14227939650925825,persistent_shared_mode,P5_observation_noise,history_dependent_relational_mode,D4_edge_cutting,3,,,
10080,pca_rank1_explained_variance,0.992301613221105,0.9642971040320626,0.028004509189042404,history_dependent_relational_mode,P5_observation_noise,direct_coupling_SCM,D7_history_destruction,3,,,
10080,pearson,0.8810255143309745,0.8594953353865862,0.021530178944388356,persistent_shared_mode,P4_orthogonal_basis_rotation,direct_coupling_SCM,D6_common_driver_replacement,3,,,
10080,spectral_coherence,0.8183108926877671,1.0,-0.18168910731223287,persistent_shared_mode,P2_global_scaling,persistent_shared_mode,D6_common_driver_replacement,3,,,
10081,VAR_ARX_predictive,0.9512652913376606,0.878816643940467,0.07244864739719359,persistent_shared_mode,P2_global_scaling,history_dependent_relational_mode,D4_edge_cutting,3,,,
10081,autocorrelation_persistence,0.8012190779593922,1.0,-0.19878092204060782,direct_coupling_SCM,P7_coarse_graining,direct_coupling_SCM,D5_source_swap,3,,,
10081,correlon_v1,0.0,1.0,-1.0,direct_coupling_SCM,P1_node_permutation,persistent_shared_mode,D6_common_driver_replacement,3,VAR_ARX_predictive,0.07244864739719359,-1.0724486473971937
10081,largest_covariance_eigenvalue,0.8627959979684456,1.0,-0.13720400203155436,history_dependent_relational_mode,P7_coarse_graining,history_dependent_relational_mode,D5_source_swap,3,,,
10081,linear_CKA,0.4330787259570123,1.0,-0.5669212740429876,persistent_shared_mode,P2_global_scaling,history_dependent_relational_mode,D2_phase_randomization,3,,,
10081,mutual_information,0.9829906562974672,1.0,-0.01700934370253282,history_dependent_relational_mode,P5_observation_noise,history_dependent_relational_mode,D2_phase_randomization,3,,,
10081,pca_rank1_explained_variance,0.8326067097299061,1.0,-0.16739329027009386,persistent_shared_mode,P2_global_scaling,history_dependent_relational_mode,D5_source_swap,3,,,
10081,pearson,0.8869854937393427,1.0,-0.11301450626065734,persistent_shared_mode,P4_orthogonal_basis_rotation,history_dependent_relational_mode,D2_phase_randomization,3,,,
10081,spectral_coherence,0.7027858844034403,1.0,-0.29721411559655975,direct_coupling_SCM,P2_global_scaling,persistent_shared_mode,D6_common_driver_replacement,3,,,
10082,VAR_ARX_predictive,0.9351359633421356,1.0,-0.06486403665786444,history_dependent_relational_mode,P6_time_reparameterization,history_dependent_relational_mode,D1_temporal_shuffle,3,,,
10082,autocorrelation_persistence,0.7959972652549749,1.0,-0.20400273474502506,direct_coupling_SCM,P7_coarse_graining,persistent_shared_mode,D5_source_swap,3,,,
10082,correlon_v1,0.0,1.0,-1.0,direct_coupling_SCM,P1_node_permutation,persistent_shared_mode,D6_common_driver_replacement,3,pca_rank1_explained_variance,-0.012653537587621,-0.987346462412379
10082,largest_covariance_eigenvalue,0.8497409604357401,1.0,-0.1502590395642599,history_dependent_relational_mode,P7_coarse_graining,direct_coupling_SCM,D6_common_driver_replacement,3,,,
10082,linear_CKA,0.4874570485253065,1.0,-0.5125429514746935,direct_coupling_SCM,P2_global_scaling,history_dependent_relational_mode,D2_phase_randomization,3,,,
10082,mutual_information,0.9347587118732648,1.0,-0.06524128812673524,direct_coupling_SCM,P5_observation_noise,history_dependent_relational_mode,D2_phase_randomization,3,,,
10082,pca_rank1_explained_variance,0.987346462412379,1.0,-0.012653537587621,persistent_shared_mode,P5_observation_noise,direct_coupling_SCM,D6_common_driver_replacement,3,,,
10082,pearson,0.9225094223741144,1.0,-0.07749057762588563,persistent_shared_mode,P4_orthogonal_basis_rotation,history_dependent_relational_mode,D2_phase_randomization,3,,,
10082,spectral_coherence,0.6334040358628211,1.0,-0.3665959641371789,persistent_shared_mode,P2_global_scaling,persistent_shared_mode,D6_common_driver_replacement,3,,,
10083,VAR_ARX_predictive,0.8710999665481544,0.9501081785952212,-0.07900821204706687,direct_coupling_SCM,P2_global_scaling,history_dependent_relational_mode,D2_phase_randomization,3,,,
10083,autocorrelation_persistence,0.7935992375424088,1.0,-0.2064007624575912,history_dependent_relational_mode,P7_coarse_graining,persistent_shared_mode,D7_history_destruction,3,,,
10083,correlon_v1,0.0,1.0,-1.0,direct_coupling_SCM,P6_time_reparameterization,direct_coupling_SCM,D6_common_driver_replacement,3,mutual_information,-0.0011012378131564082,-0.9988987621868436
10083,largest_covariance_eigenvalue,0.8670319655620763,1.0,-0.1329680344379237,history_dependent_relational_mode,P7_coarse_graining,direct_coupling_SCM,D6_common_driver_replacement,3,,,
10083,linear_CKA,0.4206230475587375,1.0,-0.5793769524412625,history_dependent_relational_mode,P2_global_scaling,history_dependent_relational_mode,D5_source_swap,3,,,
10083,mutual_information,0.9988987621868436,1.0,-0.0011012378131564082,persistent_shared_mode,P5_observation_noise,history_dependent_relational_mode,D5_source_swap,3,,,
10083,pca_rank1_explained_variance,0.987907124482259,1.0,-0.012092875517740964,direct_coupling_SCM,P5_observation_noise,direct_coupling_SCM,D6_common_driver_replacement,3,,,
10083,pearson,0.7301314408678072,1.0,-0.26986855913219276,persistent_shared_mode,P4_orthogonal_basis_rotation,history_dependent_relational_mode,D5_source_swap,3,,,
10083,spectral_coherence,0.683361140044893,1.0,-0.316638859955107,persistent_shared_mode,P2_global_scaling,direct_coupling_SCM,D1_temporal_shuffle,3,,,
10084,VAR_ARX_predictive,0.8881302761871696,0.9107928333955864,-0.02266255720841681,persistent_shared_mode,P2_global_scaling,history_dependent_relational_mode,D4_edge_cutting,3,,,
10084,autocorrelation_persistence,0.811291247690081,1.0,-0.18870875230991901,direct_coupling_SCM,P7_coarse_graining,persistent_shared_mode,D7_history_destruction,3,,,
10084,correlon_v1,0.0,1.0,-1.0,direct_coupling_SCM,P6_time_reparameterization,persistent_shared_mode,D6_common_driver_replacement,3,mutual_information,-0.006952598815533562,-0.9930474011844664
10084,largest_covariance_eigenvalue,0.8404614260873473,1.0,-0.1595385739126527,direct_coupling_SCM,P7_coarse_graining,direct_coupling_SCM,D5_source_swap,3,,,
10084,linear_CKA,0.416163771970762,1.0,-0.583836228029238,persistent_shared_mode,P2_global_scaling,direct_coupling_SCM,D2_phase_randomization,3,,,
10084,mutual_information,0.9930474011844664,1.0,-0.006952598815533562,history_dependent_relational_mode,P5_observation_noise,direct_coupling_SCM,D2_phase_randomization,3,,,
10084,pca_rank1_explained_variance,0.9793181446344198,1.0,-0.020681855365580204,direct_coupling_SCM,P6_time_reparameterization,direct_coupling_SCM,D5_source_swap,3,,,
10084,pearson,0.8296702662298074,1.0,-0.17032973377019256,persistent_shared_mode,P4_orthogonal_basis_rotation,direct_coupling_SCM,D2_phase_randomization,3,,,
10084,spectral_coherence,0.5756093500496401,1.0,-0.4243906499503599,persistent_shared_mode,P2_global_scaling,persistent_shared_mode,D6_common_driver_replacement,3,,,
10085,VAR_ARX_predictive,0.9535919993613208,1.0,-0.046408000638679225,persistent_shared_mode,P5_observation_noise,persistent_shared_mode,D6_common_driver_replacement,3,,,
10085,autocorrelation_persistence,0.7878983097172508,1.0,-0.21210169028274917,direct_coupling_SCM,P7_coarse_graining,direct_coupling_SCM,D5_source_swap,3,,,
10085,correlon_v1,0.0,1.0,-1.0,direct_coupling_SCM,P1_node_permutation,persistent_shared_mode,D6_common_driver_replacement,3,pca_rank1_explained_variance,0.0031311225740882076,-1.0031311225740882
10085,largest_covariance_eigenvalue,0.8579769652441719,0.9897513550671304,-0.13177438982295853,direct_coupling_SCM,P7_coarse_graining,history_dependent_relational_mode,D7_history_destruction,3,,,
10085,linear_CKA,0.6725149691471007,1.0,-0.32748503085289926,history_dependent_relational_mode,P2_global_scaling,direct_coupling_SCM,D5_source_swap,3,,,
10085,mutual_information,0.93460362487628,1.0,-0.06539637512371999,history_dependent_relational_mode,P5_observation_noise,direct_coupling_SCM,D5_source_swap,3,,,
10085,pca_rank1_explained_variance,0.9928824776412184,0.9897513550671302,0.0031311225740882076,direct_coupling_SCM,P5_observation_noise,history_dependent_relational_mode,D7_history_destruction,3,,,
10085,pearson,0.9055245559647336,1.0,-0.09447544403526642,persistent_shared_mode,P4_orthogonal_basis_rotation,direct_coupling_SCM,D5_source_swap,3,,,
10085,spectral_coherence,0.47233885819444,1.0,-0.52766114180556,persistent_shared_mode,P2_global_scaling,persistent_shared_mode,D6_common_driver_replacement,3,,,
10086,VAR_ARX_predictive,0.9349175535519896,0.8876797141775553,0.047237839374434265,direct_coupling_SCM,P6_time_reparameterization,history_dependent_relational_mode,D4_edge_cutting,3,,,
10086,autocorrelation_persistence,0.8076084112908128,0.9998850405494988,-0.19227662925868594,direct_coupling_SCM,P7_coarse_graining,persistent_shared_mode,D2_phase_randomization,3,,,
10086,correlon_v1,0.0,1.0,-1.0,direct_coupling_SCM,P1_node_permutation,persistent_shared_mode,D6_common_driver_replacement,3,VAR_ARX_predictive,0.047237839374434265,-1.0472378393744344
10086,largest_covariance_eigenvalue,0.870563151404364,1.0,-0.12943684859563598,direct_coupling_SCM,P7_coarse_graining,history_dependent_relational_mode,D5_source_swap,3,,,
10086,linear_CKA,0.4717054089699073,1.0,-0.5282945910300927,persistent_shared_mode,P2_global_scaling,direct_coupling_SCM,D6_common_driver_replacement,3,,,
10086,mutual_information,0.97177394243224,1.0,-0.028226057567759977,persistent_shared_mode,P5_observation_noise,history_dependent_relational_mode,D3_IAAFT_surrogate,3,,,
10086,pca_rank1_explained_variance,0.9880194867579022,1.0,-0.011980513242097812,persistent_shared_mode,P5_observation_noise,history_dependent_relational_mode,D5_source_swap,3,,,
10086,pearson,0.8337127983318656,1.0,-0.16628720166813438,persistent_shared_mode,P4_orthogonal_basis_rotation,direct_coupling_SCM,D6_common_driver_replacement,3,,,
10086,spectral_coherence,0.5987533105235523,1.0,-0.4012466894764477,persistent_shared_mode,P2_global_scaling,persistent_shared_mode,D6_common_driver_replacement,3,,,
10087,VAR_ARX_predictive,0.9055236768846856,1.0,-0.0944763231153144,direct_coupling_SCM,P2_global_scaling,persistent_shared_mode,D6_common_driver_replacement,3,,,
10087,autocorrelation_persistence,0.810474499352747,1.0,-0.18952550064725304,direct_coupling_SCM,P7_coarse_graining,persistent_shared_mode,D5_source_swap,3,,,
10087,correlon_v1,0.0,1.0,-1.0,direct_coupling_SCM,P1_node_permutation,persistent_shared_mode,D6_common_driver_replacement,3,pca_rank1_explained_variance,-0.01263426651865196,-0.987365733481348
10087,largest_covariance_eigenvalue,0.8672162758674615,0.995059555011987,-0.12784327914452542,history_dependent_relational_mode,P7_coarse_graining,history_dependent_relational_mode,D7_history_destruction,3,,,
10087,linear_CKA,0.7195812678026211,1.0,-0.2804187321973789,history_dependent_relational_mode,P2_global_scaling,history_dependent_relational_mode,D7_history_destruction,3,,,
10087,mutual_information,0.9440446052852636,1.0,-0.05595539471473643,direct_coupling_SCM,P5_observation_noise,history_dependent_relational_mode,D7_history_destruction,3,,,
10087,pca_rank1_explained_variance,0.9824252884933352,0.9950595550119872,-0.01263426651865196,persistent_shared_mode,P5_observation_noise,history_dependent_relational_mode,D7_history_destruction,3,,,
10087,pearson,0.924321859296963,1.0,-0.07567814070303702,persistent_shared_mode,P4_orthogonal_basis_rotation,history_dependent_relational_mode,D7_history_destruction,3,,,
10087,spectral_coherence,0.5997317800135216,1.0,-0.40026821998647844,persistent_shared_mode,P2_global_scaling,persistent_shared_mode,D6_common_driver_replacement,3,,,
10088,VAR_ARX_predictive,0.829745374806041,0.9048343537875424,-0.07508897898150135,direct_coupling_SCM,P2_global_scaling,history_dependent_relational_mode,D7_history_destruction,3,,,
10088,autocorrelation_persistence,0.7867757098851343,1.0,-0.21322429011486566,direct_coupling_SCM,P7_coarse_graining,persistent_shared_mode,D7_history_destruction,3,,,
10088,correlon_v1,0.0,1.0,-1.0,direct_coupling_SCM,P5_observation_noise,persistent_shared_mode,D6_common_driver_replacement,3,pca_rank1_explained_variance,-0.007104908564069423,-0.9928950914359306
10088,largest_covariance_eigenvalue,0.8711133549830924,1.0,-0.1288866450169076,direct_coupling_SCM,P7_coarse_graining,direct_coupling_SCM,D5_source_swap,3,,,
10088,linear_CKA,0.5352924670636,1.0,-0.4647075329364,direct_coupling_SCM,P2_global_scaling,direct_coupling_SCM,D5_source_swap,3,,,
10088,mutual_information,0.970055533759616,1.0,-0.02994446624038405,direct_coupling_SCM,P5_observation_noise,direct_coupling_SCM,D5_source_swap,3,,,
10088,pca_rank1_explained_variance,0.9928950914359306,1.0,-0.007104908564069423,history_dependent_relational_mode,P5_observation_noise,direct_coupling_SCM,D5_source_swap,3,,,
10088,pearson,0.967465878585299,1.0,-0.03253412141470102,persistent_shared_mode,P4_orthogonal_basis_rotation,direct_coupling_SCM,D5_source_swap,3,,,
10088,spectral_coherence,0.5557071493445572,1.0,-0.4442928506554428,persistent_shared_mode,P2_global_scaling,persistent_shared_mode,D6_common_driver_replacement,3,,,
10089,VAR_ARX_predictive,0.96706151102106,0.8764295985628759,0.09063191245818403,history_dependent_relational_mode,P6_time_reparameterization,history_dependent_relational_mode,D1_temporal_shuffle,3,,,
10089,autocorrelation_persistence,0.8101090911780142,1.0,-0.18989090882198578,history_dependent_relational_mode,P7_coarse_graining,persistent_shared_mode,D5_source_swap,3,,,
10089,correlon_v1,0.0,1.0,-1.0,direct_coupling_SCM,P1_node_permutation,persistent_shared_mode,D6_common_driver_replacement,3,VAR_ARX_predictive,0.09063191245818403,-1.090631912458184
10089,largest_covariance_eigenvalue,0.882580489089056,1.0,-0.11741951091094405,direct_coupling_SCM,P7_coarse_graining,direct_coupling_SCM,D5_source_swap,3,,,
10089,linear_CKA,0.7018901518475601,1.0,-0.2981098481524399,persistent_shared_mode,P2_global_scaling,direct_coupling_SCM,D6_common_driver_replacement,3,,,
10089,mutual_information,0.9532693867393998,1.0,-0.04673061326060024,history_dependent_relational_mode,P5_observation_noise,direct_coupling_SCM,D6_common_driver_replacement,3,,,
10089,pca_rank1_explained_variance,0.9918233671898468,1.0,-0.00817663281015324,persistent_shared_mode,P5_observation_noise,direct_coupling_SCM,D5_source_swap,3,,,
10089,pearson,0.8590095535378339,1.0,-0.14099044646216607,persistent_shared_mode,P4_orthogonal_basis_rotation,direct_coupling_SCM,D6_common_driver_replacement,3,,,
10089,spectral_coherence,0.7890260414173289,1.0,-0.2109739585826711,history_dependent_relational_mode,P6_time_reparameterization,persistent_shared_mode,D6_common_driver_replacement,3,,,
10090,VAR_ARX_predictive,0.88763902814153,0.9339507972138532,-0.04631176907232326,direct_coupling_SCM,P2_global_scaling,history_dependent_relational_mode,D6_common_driver_replacement,3,,,
10090,autocorrelation_persistence,0.7963800885966152,1.0,-0.20361991140338476,direct_coupling_SCM,P7_coarse_graining,history_dependent_relational_mode,D5_source_swap,3,,,
10090,correlon_v1,0.0,1.0,-1.0,direct_coupling_SCM,P1_node_permutation,direct_coupling_SCM,D2_phase_randomization,3,pca_rank1_explained_variance,-0.008476258687953764,-0.9915237413120462
10090,largest_covariance_eigenvalue,0.8787151576793798,1.0,-0.1212848423206202,history_dependent_relational_mode,P7_coarse_graining,direct_coupling_SCM,D6_common_driver_replacement,3,,,
10090,linear_CKA,0.3929047747978539,1.0,-0.6070952252021461,persistent_shared_mode,P2_global_scaling,history_dependent_relational_mode,D5_source_swap,3,,,
10090,mutual_information,0.9835944283707584,1.0,-0.01640557162924161,history_dependent_relational_mode,P5_observation_noise,direct_coupling_SCM,D3_IAAFT_surrogate,3,,,
10090,pca_rank1_explained_variance,0.9915237413120462,1.0,-0.008476258687953764,persistent_shared_mode,P5_observation_noise,direct_coupling_SCM,D6_common_driver_replacement,3,,,
10090,pearson,0.9120947431512084,1.0,-0.08790525684879158,persistent_shared_mode,P4_orthogonal_basis_rotation,history_dependent_relational_mode,D5_source_swap,3,,,
10090,spectral_coherence,0.4752866329276841,0.9858451153128608,-0.5105584823851768,persistent_shared_mode,P2_global_scaling,history_dependent_relational_mode,D5_source_swap,3,,,
10091,VAR_ARX_predictive,0.910175141274704,1.0,-0.089824858725296,persistent_shared_mode,P2_global_scaling,history_dependent_relational_mode,D3_IAAFT_surrogate,3,,,
10091,autocorrelation_persistence,0.7970036117093005,0.9991936439135102,-0.20219003220420972,direct_coupling_SCM,P7_coarse_graining,direct_coupling_SCM,D2_phase_randomization,3,,,
10091,correlon_v1,0.0,1.0,-1.0,history_dependent_relational_mode,P5_observation_noise,persistent_shared_mode,D6_common_driver_replacement,3,pca_rank1_explained_variance,-0.007415062149605189,-0.9925849378503948
10091,largest_covariance_eigenvalue,0.8794228455392937,1.0,-0.12057715446070627,history_dependent_relational_mode,P7_coarse_graining,direct_coupling_SCM,D6_common_driver_replacement,3,,,
10091,linear_CKA,0.8210727060822978,1.0,-0.17892729391770223,direct_coupling_SCM,P2_global_scaling,history_dependent_relational_mode,D4_edge_cutting,3,,,
10091,mutual_information,0.9820747239729086,1.0,-0.017925276027091375,direct_coupling_SCM,P5_observation_noise,history_dependent_relational_mode,D3_IAAFT_surrogate,3,,,
10091,pca_rank1_explained_variance,0.9925849378503948,1.0,-0.007415062149605189,persistent_shared_mode,P5_observation_noise,direct_coupling_SCM,D6_common_driver_replacement,3,,,
10091,pearson,0.9329989136428124,1.0,-0.0670010863571876,persistent_shared_mode,P4_orthogonal_basis_rotation,history_dependent_relational_mode,D4_edge_cutting,3,,,
10091,spectral_coherence,0.8146113877292734,1.0,-0.18538861227072656,persistent_shared_mode,P2_global_scaling,persistent_shared_mode,D6_common_driver_replacement,3,,,
10092,VAR_ARX_predictive,0.8807778487324456,1.0,-0.11922215126755442,history_dependent_relational_mode,P2_global_scaling,history_dependent_relational_mode,D1_temporal_shuffle,3,,,
10092,autocorrelation_persistence,0.8190033689813402,1.0,-0.18099663101865981,direct_coupling_SCM,P7_coarse_graining,direct_coupling_SCM,D5_source_swap,3,,,
10092,correlon_v1,0.0,1.0,-1.0,direct_coupling_SCM,P1_node_permutation,persistent_shared_mode,D6_common_driver_replacement,3,mutual_information,0.03008160652846703,-1.030081606528467
10092,largest_covariance_eigenvalue,0.8546043903164237,1.0,-0.14539560968357634,history_dependent_relational_mode,P7_coarse_graining,direct_coupling_SCM,D6_common_driver_replacement,3,,,
10092,linear_CKA,0.70039320390014,0.9587157073206892,-0.2583225034205492,direct_coupling_SCM,P2_global_scaling,direct_coupling_SCM,D6_common_driver_replacement,3,,,
10092,mutual_information,0.9828305399875854,0.9527489334591184,0.03008160652846703,direct_coupling_SCM,P5_observation_noise,history_dependent_relational_mode,D3_IAAFT_surrogate,3,,,
10092,pca_rank1_explained_variance,0.9931174806413612,1.0,-0.006882519358638817,direct_coupling_SCM,P5_observation_noise,direct_coupling_SCM,D6_common_driver_replacement,3,,,
10092,pearson,0.9075176778682011,0.9809153653759652,-0.0733976875077641,persistent_shared_mode,P4_orthogonal_basis_rotation,direct_coupling_SCM,D6_common_driver_replacement,3,,,
10092,spectral_coherence,0.6593200314634461,1.0,-0.3406799685365539,direct_coupling_SCM,P5_observation_noise,persistent_shared_mode,D6_common_driver_replacement,3,,,
10093,VAR_ARX_predictive,0.980863240207616,0.993458773491472,-0.012595533283856097,direct_coupling_SCM,P5_observation_noise,persistent_shared_mode,D6_common_driver_replacement,3,,,
10093,autocorrelation_persistence,0.8005137385703752,1.0,-0.19948626142962478,direct_coupling_SCM,P7_coarse_graining,persistent_shared_mode,D5_source_swap,3,,,
10093,correlon_v1,0.0,1.0,-1.0,history_dependent_relational_mode,P1_node_permutation,history_dependent_relational_mode,D2_phase_randomization,3,mutual_information,-2.6541258746348717e-08,-0.9999999734587413
10093,largest_covariance_eigenvalue,0.8627537738993812,0.9956191057278418,-0.1328653318284606,direct_coupling_SCM,P7_coarse_graining,direct_coupling_SCM,D8_block_shuffle,3,,,
10093,linear_CKA,0.7989893020105343,1.0,-0.2010106979894657,direct_coupling_SCM,P2_global_scaling,direct_coupling_SCM,D3_IAAFT_surrogate,3,,,
10093,mutual_information,0.9999999734587413,1.0,-2.6541258746348717e-08,history_dependent_relational_mode,P2_global_scaling,direct_coupling_SCM,D3_IAAFT_surrogate,3,,,
10093,pca_rank1_explained_variance,0.9904826181532947,0.9956191057278414,-0.005136487574546655,direct_coupling_SCM,P5_observation_noise,direct_coupling_SCM,D8_block_shuffle,3,,,
10093,pearson,0.9116499430424914,1.0,-0.08835005695750864,persistent_shared_mode,P4_orthogonal_basis_rotation,direct_coupling_SCM,D3_IAAFT_surrogate,3,,,
10093,spectral_coherence,0.690725463226738,1.0,-0.309274536773262,persistent_shared_mode,P2_global_scaling,persistent_shared_mode,D6_common_driver_replacement,3,,,
10094,VAR_ARX_predictive,0.8823883684942136,1.0,-0.11761163150578635,direct_coupling_SCM,P2_global_scaling,history_dependent_relational_mode,D8_block_shuffle,3,,,
10094,autocorrelation_persistence,0.7870153254245605,1.0,-0.21298467457543946,direct_coupling_SCM,P7_coarse_graining,persistent_shared_mode,D5_source_swap,3,,,
10094,correlon_v1,0.0,1.0,-1.0,direct_coupling_SCM,P1_node_permutation,persistent_shared_mode,D6_common_driver_replacement,3,pca_rank1_explained_variance,-0.00829676425953596,-0.991703235740464
10094,largest_covariance_eigenvalue,0.8564697611936316,0.9969047751131171,-0.14043501391948554,history_dependent_relational_mode,P7_coarse_graining,direct_coupling_SCM,D7_history_destruction,3,,,
10094,linear_CKA,0.6509875462951694,1.0,-0.3490124537048306,persistent_shared_mode,P2_global_scaling,history_dependent_relational_mode,D2_phase_randomization,3,,,
10094,mutual_information,0.9745036940656576,1.0,-0.025496305934342378,direct_coupling_SCM,P5_observation_noise,history_dependent_relational_mode,D2_phase_randomization,3,,,
10094,pca_rank1_explained_variance,0.9886080108535809,0.9969047751131168,-0.00829676425953596,direct_coupling_SCM,P5_observation_noise,direct_coupling_SCM,D7_history_destruction,3,,,
10094,pearson,0.8509191109944028,1.0,-0.14908088900559724,persistent_shared_mode,P4_orthogonal_basis_rotation,history_dependent_relational_mode,D2_phase_randomization,3,,,
10094,spectral_coherence,0.6814163753274171,1.0,-0.31858362467258294,persistent_shared_mode,P2_global_scaling,persistent_shared_mode,D6_common_driver_replacement,3,,,
10095,VAR_ARX_predictive,0.8683773539777749,0.8889655614588611,-0.02058820748108614,persistent_shared_mode,P2_global_scaling,history_dependent_relational_mode,D7_history_destruction,3,,,
10095,autocorrelation_persistence,0.7685817960787157,1.0,-0.23141820392128432,direct_coupling_SCM,P7_coarse_graining,persistent_shared_mode,D7_history_destruction,3,,,
10095,correlon_v1,0.0,1.0,-1.0,direct_coupling_SCM,P1_node_permutation,persistent_shared_mode,D6_common_driver_replacement,3,pca_rank1_explained_variance,-0.005220083118473551,-0.9947799168815264
10095,largest_covariance_eigenvalue,0.8548547629888315,1.0,-0.14514523701116855,direct_coupling_SCM,P7_coarse_graining,direct_coupling_SCM,D5_source_swap,3,,,
10095,linear_CKA,0.5584437144932773,1.0,-0.44155628550672266,history_dependent_relational_mode,P2_global_scaling,direct_coupling_SCM,D5_source_swap,3,,,
10095,mutual_information,0.9664579655000548,1.0,-0.033542034499945195,history_dependent_relational_mode,P5_observation_noise,direct_coupling_SCM,D5_source_swap,3,,,
10095,pca_rank1_explained_variance,0.9947799168815264,1.0,-0.005220083118473551,persistent_shared_mode,P5_observation_noise,direct_coupling_SCM,D5_source_swap,3,,,
10095,pearson,0.8949819573990923,1.0,-0.10501804260090775,persistent_shared_mode,P4_orthogonal_basis_rotation,direct_coupling_SCM,D5_source_swap,3,,,
10095,spectral_coherence,0.4926669924179835,1.0,-0.5073330075820165,persistent_shared_mode,P2_global_scaling,direct_coupling_SCM,D1_temporal_shuffle,3,,,
10096,VAR_ARX_predictive,0.9790112430091082,1.0,-0.020988756990891755,direct_coupling_SCM,P2_global_scaling,persistent_shared_mode,D6_common_driver_replacement,3,,,
10096,autocorrelation_persistence,0.7923827273023911,1.0,-0.20761727269760888,direct_coupling_SCM,P7_coarse_graining,persistent_shared_mode,D7_history_destruction,3,,,
10096,correlon_v1,0.0,1.0,-1.0,direct_coupling_SCM,P1_node_permutation,direct_coupling_SCM,D5_source_swap,3,pca_rank1_explained_variance,-0.007946257800000578,-0.9920537421999994
10096,largest_covariance_eigenvalue,0.869430804329286,1.0,-0.130569195670714,direct_coupling_SCM,P7_coarse_graining,history_dependent_relational_mode,D6_common_driver_replacement,3,,,
10096,linear_CKA,0.935218546947388,1.0,-0.06478145305261196,history_dependent_relational_mode,P2_global_scaling,history_dependent_relational_mode,D8_block_shuffle,3,,,
10096,mutual_information,0.947307436946166,0.9853179374225878,-0.03801050047642174,history_dependent_relational_mode,P5_observation_noise,history_dependent_relational_mode,D8_block_shuffle,3,,,
10096,pca_rank1_explained_variance,0.9920537421999994,1.0,-0.007946257800000578,persistent_shared_mode,P5_observation_noise,history_dependent_relational_mode,D6_common_driver_replacement,3,,,
10096,pearson,0.83231258824226,1.0,-0.16768741175774005,persistent_shared_mode,P4_orthogonal_basis_rotation,history_dependent_relational_mode,D8_block_shuffle,3,,,
10096,spectral_coherence,0.7392573576367291,1.0,-0.26074264236327094,history_dependent_relational_mode,P6_time_reparameterization,persistent_shared_mode,D6_common_driver_replacement,3,,,
10097,VAR_ARX_predictive,0.8934687879655744,1.0,-0.10653121203442562,persistent_shared_mode,P2_global_scaling,history_dependent_relational_mode,D2_phase_randomization,3,,,
10097,autocorrelation_persistence,0.8199406984644432,1.0,-0.18005930153555683,direct_coupling_SCM,P7_coarse_graining,direct_coupling_SCM,D5_source_swap,3,,,
10097,correlon_v1,0.0,1.0,-1.0,direct_coupling_SCM,P1_node_permutation,persistent_shared_mode,D6_common_driver_replacement,3,pearson,0.037636498840536214,-1.0376364988405362
10097,largest_covariance_eigenvalue,0.8707323387895928,0.988436125577016,-0.11770378678742321,direct_coupling_SCM,P7_coarse_graining,direct_coupling_SCM,D6_common_driver_replacement,3,,,
10097,linear_CKA,0.4722507237743517,0.8336849054755406,-0.36143418170118896,persistent_shared_mode,P2_global_scaling,history_dependent_relational_mode,D7_history_destruction,3,,,
10097,mutual_information,0.9334894150785568,1.0,-0.06651058492144324,history_dependent_relational_mode,P5_observation_noise,direct_coupling_SCM,D7_history_destruction,3,,,
10097,pca_rank1_explained_variance,0.8904030505873494,0.988436125577016,-0.09803307498966662,persistent_shared_mode,P2_global_scaling,direct_coupling_SCM,D6_common_driver_replacement,3,,,
10097,pearson,0.9490785214916074,0.9114420226510712,0.037636498840536214,persistent_shared_mode,P4_orthogonal_basis_rotation,direct_coupling_SCM,D7_history_destruction,3,,,
10097,spectral_coherence,0.625240724212979,1.0,-0.37475927578702095,persistent_shared_mode,P2_global_scaling,persistent_shared_mode,D6_common_driver_replacement,3,,,
10098,VAR_ARX_predictive,0.9270353716556275,0.9361295289021364,-0.00909415724650886,history_dependent_relational_mode,P2_global_scaling,history_dependent_relational_mode,D5_source_swap,3,,,
10098,autocorrelation_persistence,0.8115416051513538,1.0,-0.18845839484864624,direct_coupling_SCM,P7_coarse_graining,persistent_shared_mode,D5_source_swap,3,,,
10098,correlon_v1,0.0,1.0,-1.0,direct_coupling_SCM,P1_node_permutation,persistent_shared_mode,D6_common_driver_replacement,3,VAR_ARX_predictive,-0.00909415724650886,-0.9909058427534911
10098,largest_covariance_eigenvalue,0.8728784174742112,1.0,-0.12712158252578876,direct_coupling_SCM,P7_coarse_graining,direct_coupling_SCM,D5_source_swap,3,,,
10098,linear_CKA,0.5222243349938658,1.0,-0.4777756650061342,history_dependent_relational_mode,P2_global_scaling,direct_coupling_SCM,D2_phase_randomization,3,,,
10098,mutual_information,0.9641027003611676,1.0,-0.03589729963883237,direct_coupling_SCM,P5_observation_noise,direct_coupling_SCM,D2_phase_randomization,3,,,
10098,pca_rank1_explained_variance,0.9693677155684408,1.0,-0.030632284431559187,persistent_shared_mode,P2_global_scaling,direct_coupling_SCM,D5_source_swap,3,,,
10098,pearson,0.8212091607197843,1.0,-0.17879083928021566,persistent_shared_mode,P4_orthogonal_basis_rotation,direct_coupling_SCM,D2_phase_randomization,3,,,
10098,spectral_coherence,0.5856517851817212,1.0,-0.41434821481827877,persistent_shared_mode,P2_global_scaling,history_dependent_relational_mode,D6_common_driver_replacement,3,,,
10099,VAR_ARX_predictive,0.8322779438322315,1.0,-0.16772205616776847,history_dependent_relational_mode,P2_global_scaling,history_dependent_relational_mode,D2_phase_randomization,3,,,
10099,autocorrelation_persistence,0.7761815218603516,1.0,-0.2238184781396484,direct_coupling_SCM,P7_coarse_graining,direct_coupling_SCM,D5_source_swap,3,,,
10099,correlon_v1,0.0,1.0,-1.0,direct_coupling_SCM,P1_node_permutation,persistent_shared_mode,D6_common_driver_replacement,3,pca_rank1_explained_variance,-0.0013795379280393538,-0.9986204620719606
10099,largest_covariance_eigenvalue,0.8613275022263166,1.0,-0.1386724977736834,direct_coupling_SCM,P7_coarse_graining,history_dependent_relational_mode,D7_history_destruction,3,,,
10099,linear_CKA,0.4661818391848682,1.0,-0.5338181608151318,persistent_shared_mode,P2_global_scaling,direct_coupling_SCM,D2_phase_randomization,3,,,
10099,mutual_information,0.9937448724161898,1.0,-0.006255127583810194,persistent_shared_mode,P5_observation_noise,direct_coupling_SCM,D2_phase_randomization,3,,,
10099,pca_rank1_explained_variance,0.9986204620719606,1.0,-0.0013795379280393538,history_dependent_relational_mode,P5_observation_noise,history_dependent_relational_mode,D7_history_destruction,3,,,
10099,pearson,0.8981217510092422,1.0,-0.10187824899075781,persistent_shared_mode,P4_orthogonal_basis_rotation,direct_coupling_SCM,D2_phase_randomization,3,,,
10099,spectral_coherence,0.6940544545893585,1.0,-0.30594554541064145,persistent_shared_mode,P2_global_scaling,persistent_shared_mode,D6_common_driver_replacement,3,,,
10100,VAR_ARX_predictive,0.8696399435519552,1.0,-0.13036005644804483,direct_coupling_SCM,P2_global_scaling,history_dependent_relational_mode,D2_phase_randomization,3,,,
10100,autocorrelation_persistence,0.7776859978540137,1.0,-0.2223140021459863,history_dependent_relational_mode,P7_coarse_graining,history_dependent_relational_mode,D2_phase_randomization,3,,,
10100,correlon_v1,0.0,1.0,-1.0,direct_coupling_SCM,P5_observation_noise,persistent_shared_mode,D6_common_driver_replacement,3,pca_rank1_explained_variance,-0.01338659658905117,-0.9866134034109488
10100,largest_covariance_eigenvalue,0.8466400303897278,1.0,-0.1533599696102722,history_dependent_relational_mode,P7_coarse_graining,direct_coupling_SCM,D7_history_destruction,3,,,
10100,linear_CKA,0.559895509130033,1.0,-0.44010449086996695,direct_coupling_SCM,P2_global_scaling,direct_coupling_SCM,D3_IAAFT_surrogate,3,,,
10100,mutual_information,0.92644196202258,1.0,-0.07355803797742,direct_coupling_SCM,P5_observation_noise,direct_coupling_SCM,D3_IAAFT_surrogate,3,,,
10100,pca_rank1_explained_variance,0.9866134034109488,1.0,-0.01338659658905117,history_dependent_relational_mode,P5_observation_noise,direct_coupling_SCM,D7_history_destruction,3,,,
10100,pearson,0.8920787228702386,1.0,-0.1079212771297614,persistent_shared_mode,P4_orthogonal_basis_rotation,direct_coupling_SCM,D3_IAAFT_surrogate,3,,,
10100,spectral_coherence,0.83327415929731,1.0,-0.16672584070269003,persistent_shared_mode,P2_global_scaling,persistent_shared_mode,D6_common_driver_replacement,3,,,
10101,VAR_ARX_predictive,0.944627069392822,1.0,-0.05537293060717796,persistent_shared_mode,P2_global_scaling,history_dependent_relational_mode,D1_temporal_shuffle,3,,,
10101,autocorrelation_persistence,0.8146155419962319,1.0,-0.18538445800376813,direct_coupling_SCM,P7_coarse_graining,persistent_shared_mode,D5_source_swap,3,,,
10101,correlon_v1,0.0,1.0,-1.0,history_dependent_relational_mode,P1_node_permutation,persistent_shared_mode,D6_common_driver_replacement,3,pca_rank1_explained_variance,-0.008703211144869605,-0.9912967888551304
10101,largest_covariance_eigenvalue,0.7376782634241312,1.0,-0.26232173657586877,persistent_shared_mode,P2_global_scaling,direct_coupling_SCM,D6_common_driver_replacement,3,,,
10101,linear_CKA,0.5013161175576359,0.9608984753876484,-0.45958235783001244,persistent_shared_mode,P2_global_scaling,history_dependent_relational_mode,D7_history_destruction,3,,,
10101,mutual_information,0.9616317606921744,1.0,-0.038368239307825625,history_dependent_relational_mode,P5_observation_noise,history_dependent_relational_mode,D7_history_destruction,3,,,
10101,pca_rank1_explained_variance,0.9912967888551304,1.0,-0.008703211144869605,direct_coupling_SCM,P5_observation_noise,direct_coupling_SCM,D6_common_driver_replacement,3,,,
10101,pearson,0.8729152518817563,0.9942783901869888,-0.12136313830523249,persistent_shared_mode,P4_orthogonal_basis_rotation,history_dependent_relational_mode,D7_history_destruction,3,,,
10101,spectral_coherence,0.402250404402998,1.0,-0.597749595597002,persistent_shared_mode,P2_global_scaling,direct_coupling_SCM,D1_temporal_shuffle,3,,,
10102,VAR_ARX_predictive,0.9147321188523078,1.0,-0.08526788114769224,persistent_shared_mode,P2_global_scaling,history_dependent_relational_mode,D2_phase_randomization,3,,,
10102,autocorrelation_persistence,0.8124552897705634,1.0,-0.18754471022943664,history_dependent_relational_mode,P7_coarse_graining,persistent_shared_mode,D5_source_swap,3,,,
10102,correlon_v1,0.0,1.0,-1.0,history_dependent_relational_mode,P5_observation_noise,persistent_shared_mode,D6_common_driver_replacement,3,pca_rank1_explained_variance,-0.005211094633698843,-0.9947889053663012
10102,largest_covariance_eigenvalue,0.845907904325609,1.0,-0.15409209567439097,history_dependent_relational_mode,P7_coarse_graining,history_dependent_relational_mode,D5_source_swap,3,,,
10102,linear_CKA,0.481217669663473,1.0,-0.518782330336527,persistent_shared_mode,P2_global_scaling,history_dependent_relational_mode,D7_history_destruction,3,,,
10102,mutual_information,0.951314825074484,1.0,-0.04868517492551605,history_dependent_relational_mode,P5_observation_noise,history_dependent_relational_mode,D7_history_destruction,3,,,
10102,pca_rank1_explained_variance,0.9947889053663012,1.0,-0.005211094633698843,direct_coupling_SCM,P5_observation_noise,history_dependent_relational_mode,D5_source_swap,3,,,
10102,pearson,0.9020514795211608,1.0,-0.09794852047883917,persistent_shared_mode,P4_orthogonal_basis_rotation,history_dependent_relational_mode,D5_source_swap,3,,,
10102,spectral_coherence,0.5000833911173925,1.0,-0.49991660888260747,direct_coupling_SCM,P2_global_scaling,persistent_shared_mode,D6_common_driver_replacement,3,,,
10103,VAR_ARX_predictive,0.9099443516372556,1.0,-0.09005564836274438,history_dependent_relational_mode,P2_global_scaling,history_dependent_relational_mode,D1_temporal_shuffle,3,,,
10103,autocorrelation_persistence,0.7966549278123448,1.0,-0.20334507218765518,direct_coupling_SCM,P7_coarse_graining,persistent_shared_mode,D7_history_destruction,3,,,
10103,correlon_v1,0.0,1.0,-1.0,direct_coupling_SCM,P5_observation_noise,persistent_shared_mode,D6_common_driver_replacement,3,pca_rank1_explained_variance,0.02368823470478476,-1.0236882347047849
10103,largest_covariance_eigenvalue,0.8665396946504611,0.961455061055881,-0.09491536640541987,history_dependent_relational_mode,P7_coarse_graining,history_dependent_relational_mode,D8_block_shuffle,3,,,
10103,linear_CKA,0.5154755479384022,0.9634452996876636,-0.44796975174926135,history_dependent_relational_mode,P2_global_scaling,history_dependent_relational_mode,D4_edge_cutting,3,,,
10103,mutual_information,0.9692673682369828,1.0,-0.030732631763017215,direct_coupling_SCM,P5_observation_noise,history_dependent_relational_mode,D4_edge_cutting,3,,,
10103,pca_rank1_explained_variance,0.985143295760666,0.9614550610558812,0.02368823470478476,history_dependent_relational_mode,P5_observation_noise,history_dependent_relational_mode,D8_block_shuffle,3,,,
10103,pearson,0.8601772541148479,0.9699538560477466,-0.10977660193289873,persistent_shared_mode,P4_orthogonal_basis_rotation,history_dependent_relational_mode,D4_edge_cutting,3,,,
10103,spectral_coherence,0.621543422459378,1.0,-0.378456577540622,persistent_shared_mode,P2_global_scaling,persistent_shared_mode,D6_common_driver_replacement,3,,,
10104,VAR_ARX_predictive,0.966865014724842,0.929609535327298,0.037255479397544033,history_dependent_relational_mode,P2_global_scaling,history_dependent_relational_mode,D4_edge_cutting,3,,,
10104,autocorrelation_persistence,0.7987736549754111,1.0,-0.20122634502458892,direct_coupling_SCM,P7_coarse_graining,persistent_shared_mode,D7_history_destruction,3,,,
10104,correlon_v1,0.0,1.0,-1.0,direct_coupling_SCM,P1_node_permutation,persistent_shared_mode,D6_common_driver_replacement,3,VAR_ARX_predictive,0.037255479397544033,-1.037255479397544
10104,largest_covariance_eigenvalue,0.8568986027184327,1.0,-0.14310139728156734,history_dependent_relational_mode,P7_coarse_graining,history_dependent_relational_mode,D2_phase_randomization,3,,,
10104,linear_CKA,0.4539809482489016,1.0,-0.5460190517510983,history_dependent_relational_mode,P2_global_scaling,direct_coupling_SCM,D2_phase_randomization,3,,,
10104,mutual_information,0.9782332227336734,1.0,-0.021766777266326587,persistent_shared_mode,P5_observation_noise,direct_coupling_SCM,D2_phase_randomization,3,,,
10104,pca_rank1_explained_variance,0.9882140312771384,1.0,-0.01178596872286164,persistent_shared_mode,P5_observation_noise,history_dependent_relational_mode,D2_phase_randomization,3,,,
10104,pearson,0.7844750290177182,1.0,-0.21552497098228185,persistent_shared_mode,P4_orthogonal_basis_rotation,direct_coupling_SCM,D2_phase_randomization,3,,,
10104,spectral_coherence,0.8544487643556201,1.0,-0.14555123564437988,direct_coupling_SCM,P2_global_scaling,persistent_shared_mode,D6_common_driver_replacement,3,,,
10105,VAR_ARX_predictive,0.8684422844759713,0.9824128917639204,-0.11397060728794917,direct_coupling_SCM,P2_global_scaling,persistent_shared_mode,D6_common_driver_replacement,3,,,
10105,autocorrelation_persistence,0.8210018598776861,1.0,-0.17899814012231385,history_dependent_relational_mode,P7_coarse_graining,direct_coupling_SCM,D7_history_destruction,3,,,
10105,correlon_v1,0.0,1.0,-1.0,direct_coupling_SCM,P1_node_permutation,persistent_shared_mode,D6_common_driver_replacement,3,pca_rank1_explained_variance,-0.004733456229598976,-0.995266543770401
10105,largest_covariance_eigenvalue,0.876676651071982,1.0,-0.123323348928018,direct_coupling_SCM,P6_time_reparameterization,history_dependent_relational_mode,D2_phase_randomization,3,,,
10105,linear_CKA,0.3558539031459828,1.0,-0.6441460968540171,history_dependent_relational_mode,P2_global_scaling,history_dependent_relational_mode,D2_phase_randomization,3,,,
10105,mutual_information,0.9245399386554088,1.0,-0.07546006134459116,history_dependent_relational_mode,P5_observation_noise,history_dependent_relational_mode,D2_phase_randomization,3,,,
10105,pca_rank1_explained_variance,0.995266543770401,1.0,-0.004733456229598976,persistent_shared_mode,P5_observation_noise,history_dependent_relational_mode,D2_phase_randomization,3,,,
10105,pearson,0.8608245158988777,1.0,-0.13917548410112235,persistent_shared_mode,P4_orthogonal_basis_rotation,history_dependent_relational_mode,D2_phase_randomization,3,,,
10105,spectral_coherence,0.5885508482566969,1.0,-0.4114491517433031,persistent_shared_mode,P2_global_scaling,direct_coupling_SCM,D2_phase_randomization,3,,,
10106,VAR_ARX_predictive,0.8314769808996743,0.9315937595271412,-0.10011677862746693,direct_coupling_SCM,P2_global_scaling,history_dependent_relational_mode,D3_IAAFT_surrogate,3,,,
10106,autocorrelation_persistence,0.8037634791967714,1.0,-0.19623652080322862,history_dependent_relational_mode,P7_coarse_graining,persistent_shared_mode,D5_source_swap,3,,,
10106,correlon_v1,0.0,1.0,-1.0,direct_coupling_SCM,P5_observation_noise,direct_coupling_SCM,D3_IAAFT_surrogate,3,mutual_information,-0.005151666209965988,-0.994848333790034
10106,largest_covariance_eigenvalue,0.870162721952559,1.0,-0.12983727804744105,direct_coupling_SCM,P7_coarse_graining,direct_coupling_SCM,D7_history_destruction,3,,,
10106,linear_CKA,0.5319012605860569,1.0,-0.4680987394139431,direct_coupling_SCM,P2_global_scaling,direct_coupling_SCM,D6_common_driver_replacement,3,,,
10106,mutual_information,0.994848333790034,1.0,-0.005151666209965988,direct_coupling_SCM,P5_observation_noise,history_dependent_relational_mode,D2_phase_randomization,3,,,
10106,pca_rank1_explained_variance,0.9882673465470724,1.0,-0.011732653452927622,direct_coupling_SCM,P5_observation_noise,direct_coupling_SCM,D7_history_destruction,3,,,
10106,pearson,0.9453534420303036,1.0,-0.05464655796969642,direct_coupling_SCM,P4_orthogonal_basis_rotation,history_dependent_relational_mode,D2_phase_randomization,3,,,
10106,spectral_coherence,0.7548485276366242,1.0,-0.24515147236337576,persistent_shared_mode,P2_global_scaling,direct_coupling_SCM,D3_IAAFT_surrogate,3,,,
10107,VAR_ARX_predictive,0.8482897711693894,0.9900184967469808,-0.14172872557759142,persistent_shared_mode,P2_global_scaling,history_dependent_relational_mode,D6_common_driver_replacement,3,,,
10107,autocorrelation_persistence,0.8091548773314743,1.0,-0.1908451226685257,direct_coupling_SCM,P7_coarse_graining,persistent_shared_mode,D7_history_destruction,3,,,
10107,correlon_v1,0.0,1.0,-1.0,direct_coupling_SCM,P1_node_permutation,persistent_shared_mode,D6_common_driver_replacement,3,pca_rank1_explained_variance,-0.008192419523743166,-0.9918075804762568
10107,largest_covariance_eigenvalue,0.8716473478696667,1.0,-0.1283526521303333,history_dependent_relational_mode,P7_coarse_graining,direct_coupling_SCM,D7_history_destruction,3,,,
10107,linear_CKA,0.634497095408936,1.0,-0.36550290459106405,direct_coupling_SCM,P2_global_scaling,history_dependent_relational_mode,D6_common_driver_replacement,3,,,
10107,mutual_information,0.9729286574001412,1.0,-0.027071342599858772,persistent_shared_mode,P5_observation_noise,history_dependent_relational_mode,D2_phase_randomization,3,,,
10107,pca_rank1_explained_variance,0.9918075804762568,1.0,-0.008192419523743166,persistent_shared_mode,P5_observation_noise,direct_coupling_SCM,D7_history_destruction,3,,,
10107,pearson,0.9054844955098243,1.0,-0.09451550449017565,persistent_shared_mode,P4_orthogonal_basis_rotation,history_dependent_relational_mode,D6_common_driver_replacement,3,,,
10107,spectral_coherence,0.6349959903785177,1.0,-0.3650040096214823,persistent_shared_mode,P2_global_scaling,persistent_shared_mode,D6_common_driver_replacement,3,,,
10108,VAR_ARX_predictive,0.8548549628727595,1.0,-0.14514503712724047,direct_coupling_SCM,P2_global_scaling,history_dependent_relational_mode,D3_IAAFT_surrogate,3,,,
10108,autocorrelation_persistence,0.8012286860266123,1.0,-0.19877131397338765,direct_coupling_SCM,P7_coarse_graining,persistent_shared_mode,D7_history_destruction,3,,,
10108,correlon_v1,0.0,1.0,-1.0,history_dependent_relational_mode,P1_node_permutation,persistent_shared_mode,D6_common_driver_replacement,3,pca_rank1_explained_variance,-0.01367364906010915,-0.9863263509398909
10108,largest_covariance_eigenvalue,0.8825859926385565,1.0,-0.11741400736144347,history_dependent_relational_mode,P7_coarse_graining,direct_coupling_SCM,D6_common_driver_replacement,3,,,
10108,linear_CKA,0.402332984004506,1.0,-0.597667015995494,persistent_shared_mode,P2_global_scaling,direct_coupling_SCM,D6_common_driver_replacement,3,,,
10108,mutual_information,0.9429379893162438,1.0,-0.05706201068375616,direct_coupling_SCM,P5_observation_noise,direct_coupling_SCM,D6_common_driver_replacement,3,,,
10108,pca_rank1_explained_variance,0.9863263509398909,1.0,-0.01367364906010915,history_dependent_relational_mode,P5_observation_noise,direct_coupling_SCM,D6_common_driver_replacement,3,,,
10108,pearson,0.8216059287496367,1.0,-0.17839407125036333,persistent_shared_mode,P4_orthogonal_basis_rotation,direct_coupling_SCM,D6_common_driver_replacement,3,,,
10108,spectral_coherence,0.533936681037837,1.0,-0.466063318962163,persistent_shared_mode,P2_global_scaling,persistent_shared_mode,D6_common_driver_replacement,3,,,
10109,VAR_ARX_predictive,0.8736529314401885,1.0,-0.12634706855981148,direct_coupling_SCM,P2_global_scaling,persistent_shared_mode,D6_common_driver_replacement,3,,,
10109,autocorrelation_persistence,0.8056987138410782,1.0,-0.19430128615892184,direct_coupling_SCM,P7_coarse_graining,direct_coupling_SCM,D5_source_swap,3,,,
10109,correlon_v1,0.0,1.0,-1.0,direct_coupling_SCM,P1_node_permutation,direct_coupling_SCM,D2_phase_randomization,3,pca_rank1_explained_variance,-0.006174809143069004,-0.993825190856931
10109,largest_covariance_eigenvalue,0.8570361538495979,1.0,-0.14296384615040214,direct_coupling_SCM,P7_coarse_graining,direct_coupling_SCM,D5_source_swap,3,,,
10109,linear_CKA,0.583870624303472,1.0,-0.41612937569652797,history_dependent_relational_mode,P2_global_scaling,history_dependent_relational_mode,D2_phase_randomization,3,,,
10109,mutual_information,0.9690321671768464,1.0,-0.03096783282315363,history_dependent_relational_mode,P5_observation_noise,history_dependent_relational_mode,D2_phase_randomization,3,,,
10109,pca_rank1_explained_variance,0.993825190856931,1.0,-0.006174809143069004,persistent_shared_mode,P5_observation_noise,direct_coupling_SCM,D5_source_swap,3,,,
10109,pearson,0.8556744290339143,1.0,-0.14432557096608567,persistent_shared_mode,P4_orthogonal_basis_rotation,history_dependent_relational_mode,D2_phase_randomization,3,,,
10109,spectral_coherence,0.66713825362655,1.0,-0.33286174637345,direct_coupling_SCM,P6_time_reparameterization,persistent_shared_mode,D6_common_driver_replacement,3,,,
10110,VAR_ARX_predictive,0.8873293320886629,1.0,-0.11267066791133706,persistent_shared_mode,P2_global_scaling,history_dependent_relational_mode,D5_source_swap,3,,,
10110,autocorrelation_persistence,0.7915691097141454,1.0,-0.2084308902858546,direct_coupling_SCM,P7_coarse_graining,persistent_shared_mode,D5_source_swap,3,,,
10110,correlon_v1,0.0,1.0,-1.0,direct_coupling_SCM,P1_node_permutation,persistent_shared_mode,D6_common_driver_replacement,3,mutual_information,-0.044474691490968166,-0.9555253085090318
10110,largest_covariance_eigenvalue,0.8603905474881992,1.0,-0.1396094525118008,history_dependent_relational_mode,P7_coarse_graining,history_dependent_relational_mode,D5_source_swap,3,,,
10110,linear_CKA,0.3973359435553941,1.0,-0.602664056444606,persistent_shared_mode,P2_global_scaling,direct_coupling_SCM,D6_common_driver_replacement,3,,,
10110,mutual_information,0.9555253085090318,1.0,-0.044474691490968166,direct_coupling_SCM,P5_observation_noise,direct_coupling_SCM,D2_phase_randomization,3,,,
10110,pca_rank1_explained_variance,0.9470078600338222,1.0,-0.0529921399661778,persistent_shared_mode,P2_global_scaling,history_dependent_relational_mode,D5_source_swap,3,,,
10110,pearson,0.8890552334824908,1.0,-0.11094476651750917,persistent_shared_mode,P4_orthogonal_basis_rotation,direct_coupling_SCM,D6_common_driver_replacement,3,,,
10110,spectral_coherence,0.6831355678827203,1.0,-0.31686443211727966,persistent_shared_mode,P2_global_scaling,persistent_shared_mode,D6_common_driver_replacement,3,,,
10111,VAR_ARX_predictive,0.8274333667412197,0.9475634719696052,-0.12013010522838552,direct_coupling_SCM,P2_global_scaling,history_dependent_relational_mode,D2_phase_randomization,3,,,
10111,autocorrelation_persistence,0.7672065135616284,1.0,-0.2327934864383716,direct_coupling_SCM,P7_coarse_graining,direct_coupling_SCM,D5_source_swap,3,,,
10111,correlon_v1,0.0,1.0,-1.0,direct_coupling_SCM,P1_node_permutation,direct_coupling_SCM,D1_temporal_shuffle,3,mutual_information,-0.017720167639849183,-0.9822798323601508
10111,largest_covariance_eigenvalue,0.8740602233728896,0.9965252292194928,-0.12246500584660325,direct_coupling_SCM,P7_coarse_graining,direct_coupling_SCM,D6_common_driver_replacement,3,,,
10111,linear_CKA,0.452530720157554,1.0,-0.547469279842446,persistent_shared_mode,P2_global_scaling,direct_coupling_SCM,D2_phase_randomization,3,,,
10111,mutual_information,0.9822798323601508,1.0,-0.017720167639849183,persistent_shared_mode,P5_observation_noise,direct_coupling_SCM,D2_phase_randomization,3,,,
10111,pca_rank1_explained_variance,0.8321816765891261,0.996525229219493,-0.16434355263036693,persistent_shared_mode,P2_global_scaling,direct_coupling_SCM,D6_common_driver_replacement,3,,,
10111,pearson,0.869006868546909,1.0,-0.130993131453091,persistent_shared_mode,P4_orthogonal_basis_rotation,direct_coupling_SCM,D2_phase_randomization,3,,,
10111,spectral_coherence,0.6021911411690141,1.0,-0.39780885883098593,persistent_shared_mode,P2_global_scaling,persistent_shared_mode,D6_common_driver_replacement,3,,,
10112,VAR_ARX_predictive,0.8917953259957279,1.0,-0.10820467400427214,history_dependent_relational_mode,P2_global_scaling,history_dependent_relational_mode,D3_IAAFT_surrogate,3,,,
10112,autocorrelation_persistence,0.7950375464432899,1.0,-0.20496245355671006,direct_coupling_SCM,P7_coarse_graining,direct_coupling_SCM,D5_source_swap,3,,,
10112,correlon_v1,0.0,1.0,-1.0,direct_coupling_SCM,P1_node_permutation,persistent_shared_mode,D6_common_driver_replacement,3,pca_rank1_explained_variance,-0.010539181741173631,-0.9894608182588264
10112,largest_covariance_eigenvalue,0.8697306848436617,1.0,-0.13026931515633833,direct_coupling_SCM,P6_time_reparameterization,direct_coupling_SCM,D5_source_swap,3,,,
10112,linear_CKA,0.3779780666917778,1.0,-0.6220219333082222,history_dependent_relational_mode,P2_global_scaling,direct_coupling_SCM,D6_common_driver_replacement,3,,,
10112,mutual_information,0.9832026623082548,1.0,-0.016797337691745184,history_dependent_relational_mode,P5_observation_noise,direct_coupling_SCM,D6_common_driver_replacement,3,,,
10112,pca_rank1_explained_variance,0.9894608182588264,1.0,-0.010539181741173631,direct_coupling_SCM,P6_time_reparameterization,direct_coupling_SCM,D5_source_swap,3,,,
10112,pearson,0.9207978637513848,1.0,-0.07920213624861516,persistent_shared_mode,P4_orthogonal_basis_rotation,direct_coupling_SCM,D6_common_driver_replacement,3,,,
10112,spectral_coherence,0.9188433049087752,1.0,-0.0811566950912248,persistent_shared_mode,P5_observation_noise,persistent_shared_mode,D1_temporal_shuffle,3,,,
10113,VAR_ARX_predictive,0.8777544235338869,1.0,-0.12224557646611312,history_dependent_relational_mode,P2_global_scaling,history_dependent_relational_mode,D3_IAAFT_surrogate,3,,,
10113,autocorrelation_persistence,0.792931934043791,1.0,-0.20706806595620897,history_dependent_relational_mode,P7_coarse_graining,persistent_shared_mode,D5_source_swap,3,,,
10113,correlon_v1,0.0,1.0,-1.0,direct_coupling_SCM,P6_time_reparameterization,direct_coupling_SCM,D4_edge_cutting,3,mutual_information,0.041487739356098396,-1.0414877393560984
10113,largest_covariance_eigenvalue,0.8710724882730985,1.0,-0.12892751172690153,direct_coupling_SCM,P7_coarse_graining,direct_coupling_SCM,D5_source_swap,3,,,
10113,linear_CKA,0.6569064649096935,0.9403471260339118,-0.2834406611242183,direct_coupling_SCM,P2_global_scaling,direct_coupling_SCM,D2_phase_randomization,3,,,
10113,mutual_information,0.956441693725499,0.9149539543694006,0.041487739356098396,direct_coupling_SCM,P5_observation_noise,direct_coupling_SCM,D2_phase_randomization,3,,,
10113,pca_rank1_explained_variance,0.9935016405092616,1.0,-0.0064983594907384035,direct_coupling_SCM,P5_observation_noise,direct_coupling_SCM,D5_source_swap,3,,,
10113,pearson,0.936473793125892,0.9606926936146069,-0.02421890048871489,persistent_shared_mode,P4_orthogonal_basis_rotation,direct_coupling_SCM,D2_phase_randomization,3,,,
10113,spectral_coherence,0.6825587288009427,1.0,-0.3174412711990573,persistent_shared_mode,P2_global_scaling,persistent_shared_mode,D6_common_driver_replacement,3,,,
10114,VAR_ARX_predictive,0.9367493637469864,1.0,-0.06325063625301364,direct_coupling_SCM,P6_time_reparameterization,history_dependent_relational_mode,D1_temporal_shuffle,3,,,
10114,autocorrelation_persistence,0.7988373813896764,1.0,-0.20116261861032358,direct_coupling_SCM,P7_coarse_graining,persistent_shared_mode,D5_source_swap,3,,,
10114,correlon_v1,0.0,1.0,-1.0,direct_coupling_SCM,P1_node_permutation,persistent_shared_mode,D6_common_driver_replacement,3,mutual_information,-0.04598464903582078,-0.9540153509641792
10114,largest_covariance_eigenvalue,0.8381217599161449,1.0,-0.1618782400838551,persistent_shared_mode,P2_global_scaling,direct_coupling_SCM,D7_history_destruction,3,,,
10114,linear_CKA,0.7013077807903145,1.0,-0.29869221920968547,history_dependent_relational_mode,P2_global_scaling,direct_coupling_SCM,D5_source_swap,3,,,
10114,mutual_information,0.9540153509641792,1.0,-0.04598464903582078,direct_coupling_SCM,P5_observation_noise,direct_coupling_SCM,D5_source_swap,3,,,
10114,pca_rank1_explained_variance,0.9514043782291262,1.0,-0.04859562177087384,persistent_shared_mode,P2_global_scaling,direct_coupling_SCM,D7_history_destruction,3,,,
10114,pearson,0.8774717340190953,1.0,-0.12252826598090472,persistent_shared_mode,P4_orthogonal_basis_rotation,direct_coupling_SCM,D5_source_swap,3,,,
10114,spectral_coherence,0.5647885124359238,1.0,-0.43521148756407624,persistent_shared_mode,P2_global_scaling,persistent_shared_mode,D6_common_driver_replacement,3,,,
10115,VAR_ARX_predictive,0.8699822623690034,0.8868881127033347,-0.01690585033433123,direct_coupling_SCM,P2_global_scaling,history_dependent_relational_mode,D1_temporal_shuffle,3,,,
10115,autocorrelation_persistence,0.774342858301378,1.0,-0.22565714169862205,direct_coupling_SCM,P7_coarse_graining,direct_coupling_SCM,D5_source_swap,3,,,
10115,correlon_v1,0.0,1.0,-1.0,persistent_shared_mode,P2_global_scaling,persistent_shared_mode,D6_common_driver_replacement,3,mutual_information,0.008411312989692,-1.008411312989692
10115,largest_covariance_eigenvalue,0.8784276974227898,1.0,-0.12157230257721019,direct_coupling_SCM,P7_coarse_graining,direct_coupling_SCM,D6_common_driver_replacement,3,,,
10115,linear_CKA,0.5783721429631753,1.0,-0.4216278570368247,history_dependent_relational_mode,P2_global_scaling,direct_coupling_SCM,D6_common_driver_replacement,3,,,
10115,mutual_information,0.9719086672359276,0.9634973542462356,0.008411312989692,history_dependent_relational_mode,P5_observation_noise,history_dependent_relational_mode,D6_common_driver_replacement,3,,,
10115,pca_rank1_explained_variance,0.9928460089308364,1.0,-0.00715399106916359,persistent_shared_mode,P5_observation_noise,direct_coupling_SCM,D6_common_driver_replacement,3,,,
10115,pearson,0.9198053930153351,1.0,-0.08019460698466485,persistent_shared_mode,P4_orthogonal_basis_rotation,direct_coupling_SCM,D6_common_driver_replacement,3,,,
10115,spectral_coherence,0.6460405140639547,1.0,-0.3539594859360453,history_dependent_relational_mode,P2_global_scaling,direct_coupling_SCM,D2_phase_randomization,3,,,
10116,VAR_ARX_predictive,0.8411592351448302,0.8715895049944403,-0.03043026984961017,direct_coupling_SCM,P2_global_scaling,history_dependent_relational_mode,D4_edge_cutting,3,,,
10116,autocorrelation_persistence,0.8026708006151262,1.0,-0.1973291993848738,direct_coupling_SCM,P7_coarse_graining,direct_coupling_SCM,D5_source_swap,3,,,
10116,correlon_v1,0.0,1.0,-1.0,direct_coupling_SCM,P1_node_permutation,persistent_shared_mode,D6_common_driver_replacement,3,mutual_information,0.03223118828216387,-1.032231188282164
10116,largest_covariance_eigenvalue,0.8757858163833445,1.0,-0.12421418361665548,history_dependent_relational_mode,P7_coarse_graining,history_dependent_relational_mode,D5_source_swap,3,,,
10116,linear_CKA,0.6065495308894686,1.0,-0.3934504691105314,history_dependent_relational_mode,P2_global_scaling,history_dependent_relational_mode,D6_common_driver_replacement,3,,,
10116,mutual_information,0.9840108815196272,0.9517796932374634,0.03223118828216387,history_dependent_relational_mode,P5_observation_noise,history_dependent_relational_mode,D6_common_driver_replacement,3,,,
10116,pca_rank1_explained_variance,0.993825916515694,1.0,-0.006174083484306037,history_dependent_relational_mode,P5_observation_noise,history_dependent_relational_mode,D5_source_swap,3,,,
10116,pearson,0.9286035193803428,1.0,-0.0713964806196572,persistent_shared_mode,P4_orthogonal_basis_rotation,history_dependent_relational_mode,D6_common_driver_replacement,3,,,
10116,spectral_coherence,0.6838641706959863,1.0,-0.31613582930401374,history_dependent_relational_mode,P6_time_reparameterization,persistent_shared_mode,D6_common_driver_replacement,3,,,
10117,VAR_ARX_predictive,0.9310540454059948,1.0,-0.06894595459400521,direct_coupling_SCM,P2_global_scaling,history_dependent_relational_mode,D1_temporal_shuffle,3,,,
10117,autocorrelation_persistence,0.8081008363886257,1.0,-0.19189916361137427,history_dependent_relational_mode,P7_coarse_graining,history_dependent_relational_mode,D5_source_swap,3,,,
10117,correlon_v1,0.0,1.0,-1.0,direct_coupling_SCM,P7_coarse_graining,persistent_shared_mode,D6_common_driver_replacement,3,pca_rank1_explained_variance,-0.008859641173580846,-0.9911403588264192
10117,largest_covariance_eigenvalue,0.8643677831052016,1.0,-0.13563221689479843,history_dependent_relational_mode,P7_coarse_graining,direct_coupling_SCM,D6_common_driver_replacement,3,,,
10117,linear_CKA,0.6192913588543002,1.0,-0.3807086411456998,direct_coupling_SCM,P2_global_scaling,history_dependent_relational_mode,D2_phase_randomization,3,,,
10117,mutual_information,0.986844148812626,1.0,-0.013155851187373946,persistent_shared_mode,P5_observation_noise,history_dependent_relational_mode,D2_phase_randomization,3,,,
10117,pca_rank1_explained_variance,0.9911403588264192,1.0,-0.008859641173580846,history_dependent_relational_mode,P5_observation_noise,direct_coupling_SCM,D6_common_driver_replacement,3,,,
10117,pearson,0.9370040867491384,1.0,-0.06299591325086162,persistent_shared_mode,P4_orthogonal_basis_rotation,history_dependent_relational_mode,D2_phase_randomization,3,,,
10117,spectral_coherence,0.6906971579579523,1.0,-0.3093028420420477,history_dependent_relational_mode,P2_global_scaling,persistent_shared_mode,D6_common_driver_replacement,3,,,
10118,VAR_ARX_predictive,0.8590231937461685,0.9769956136759952,-0.11797241992982666,direct_coupling_SCM,P2_global_scaling,persistent_shared_mode,D6_common_driver_replacement,3,,,
10118,autocorrelation_persistence,0.7913305472685886,1.0,-0.20866945273141135,history_dependent_relational_mode,P7_coarse_graining,persistent_shared_mode,D5_source_swap,3,,,
10118,correlon_v1,0.0,1.0,-1.0,direct_coupling_SCM,P1_node_permutation,persistent_shared_mode,D6_common_driver_replacement,3,pca_rank1_explained_variance,-0.004272955153147628,-0.9957270448468524
10118,largest_covariance_eigenvalue,0.8530576350098753,1.0,-0.1469423649901247,direct_coupling_SCM,P7_coarse_graining,direct_coupling_SCM,D5_source_swap,3,,,
10118,linear_CKA,0.545691342540439,1.0,-0.45430865745956095,direct_coupling_SCM,P2_global_scaling,direct_coupling_SCM,D2_phase_randomization,3,,,
10118,mutual_information,0.9507031729955516,1.0,-0.049296827004448374,history_dependent_relational_mode,P5_observation_noise,direct_coupling_SCM,D2_phase_randomization,3,,,
10118,pca_rank1_explained_variance,0.9957270448468524,1.0,-0.004272955153147628,persistent_shared_mode,P5_observation_noise,direct_coupling_SCM,D5_source_swap,3,,,
10118,pearson,0.9066463277045655,1.0,-0.09335367229543445,persistent_shared_mode,P4_orthogonal_basis_rotation,history_dependent_relational_mode,D2_phase_randomization,3,,,
10118,spectral_coherence,0.6795522564599212,1.0,-0.32044774354007877,persistent_shared_mode,P2_global_scaling,persistent_shared_mode,D6_common_driver_replacement,3,,,
10119,VAR_ARX_predictive,0.8253065718170294,0.956485787658228,-0.13117921584119863,persistent_shared_mode,P2_global_scaling,history_dependent_relational_mode,D2_phase_randomization,3,,,
10119,autocorrelation_persistence,0.8016643070166231,1.0,-0.19833569298337694,history_dependent_relational_mode,P7_coarse_graining,persistent_shared_mode,D5_source_swap,3,,,
10119,correlon_v1,0.0,1.0,-1.0,direct_coupling_SCM,P1_node_permutation,persistent_shared_mode,D6_common_driver_replacement,3,pca_rank1_explained_variance,-0.009073216781302018,-0.990926783218698
10119,largest_covariance_eigenvalue,0.8354929536155441,1.0,-0.1645070463844559,history_dependent_relational_mode,P7_coarse_graining,history_dependent_relational_mode,D2_phase_randomization,3,,,
10119,linear_CKA,0.3326499779942405,1.0,-0.6673500220057595,persistent_shared_mode,P2_global_scaling,history_dependent_relational_mode,D2_phase_randomization,3,,,
10119,mutual_information,0.9796541506234188,1.0,-0.020345849376581238,persistent_shared_mode,P5_observation_noise,history_dependent_relational_mode,D2_phase_randomization,3,,,
10119,pca_rank1_explained_variance,0.990926783218698,1.0,-0.009073216781302018,persistent_shared_mode,P5_observation_noise,history_dependent_relational_mode,D2_phase_randomization,3,,,
10119,pearson,0.9373549540762782,1.0,-0.06264504592372178,persistent_shared_mode,P4_orthogonal_basis_rotation,history_dependent_relational_mode,D2_phase_randomization,3,,,
10119,spectral_coherence,0.561318248904606,1.0,-0.438681751095394,persistent_shared_mode,P2_global_scaling,persistent_shared_mode,D6_common_driver_replacement,3,,,
10120,VAR_ARX_predictive,0.854560968273825,1.0,-0.145439031726175,direct_coupling_SCM,P2_global_scaling,persistent_shared_mode,D6_common_driver_replacement,3,,,
10120,autocorrelation_persistence,0.7701382468876942,1.0,-0.22986175311230583,history_dependent_relational_mode,P7_coarse_graining,persistent_shared_mode,D5_source_swap,3,,,
10120,correlon_v1,0.0,1.0,-1.0,direct_coupling_SCM,P1_node_permutation,persistent_shared_mode,D6_common_driver_replacement,3,pca_rank1_explained_variance,-0.01029332865278565,-0.9897066713472144
10120,largest_covariance_eigenvalue,0.844303617907529,1.0,-0.15569638209247105,history_dependent_relational_mode,P7_coarse_graining,direct_coupling_SCM,D6_common_driver_replacement,3,,,
10120,linear_CKA,0.3789310198022297,1.0,-0.6210689801977702,persistent_shared_mode,P2_global_scaling,direct_coupling_SCM,D8_block_shuffle,3,,,
10120,mutual_information,0.9499222776840048,1.0,-0.050077722315995166,history_dependent_relational_mode,P5_observation_noise,direct_coupling_SCM,D8_block_shuffle,3,,,
10120,pca_rank1_explained_variance,0.9897066713472144,1.0,-0.01029332865278565,persistent_shared_mode,P5_observation_noise,direct_coupling_SCM,D6_common_driver_replacement,3,,,
10120,pearson,0.899132961314224,1.0,-0.10086703868577596,persistent_shared_mode,P4_orthogonal_basis_rotation,direct_coupling_SCM,D8_block_shuffle,3,,,
10120,spectral_coherence,0.5333971501385356,1.0,-0.4666028498614644,persistent_shared_mode,P2_global_scaling,direct_coupling_SCM,D6_common_driver_replacement,3,,,
10121,VAR_ARX_predictive,0.7633683661568751,1.0,-0.2366316338431249,direct_coupling_SCM,P2_global_scaling,persistent_shared_mode,D6_common_driver_replacement,3,,,
10121,autocorrelation_persistence,0.8187797362783077,1.0,-0.1812202637216923,direct_coupling_SCM,P7_coarse_graining,history_dependent_relational_mode,D5_source_swap,3,,,
10121,correlon_v1,0.0,1.0,-1.0,direct_coupling_SCM,P5_observation_noise,direct_coupling_SCM,D1_temporal_shuffle,3,mutual_information,0.165446138572088,-1.165446138572088
10121,largest_covariance_eigenvalue,0.875105444641633,1.0,-0.12489455535836702,direct_coupling_SCM,P7_coarse_graining,history_dependent_relational_mode,D6_common_driver_replacement,3,,,
10121,linear_CKA,0.486950728588831,0.8548238506018513,-0.3678731220130203,direct_coupling_SCM,P2_global_scaling,history_dependent_relational_mode,D6_common_driver_replacement,3,,,
10121,mutual_information,0.9740532004719294,0.8086070618998414,0.165446138572088,persistent_shared_mode,P5_observation_noise,direct_coupling_SCM,D8_block_shuffle,3,,,
10121,pca_rank1_explained_variance,0.9885258311439692,1.0,-0.011474168856030809,persistent_shared_mode,P5_observation_noise,history_dependent_relational_mode,D6_common_driver_replacement,3,,,
10121,pearson,0.8803274849732203,0.9214195354322584,-0.041092050459038076,persistent_shared_mode,P4_orthogonal_basis_rotation,history_dependent_relational_mode,D6_common_driver_replacement,3,,,
10121,spectral_coherence,0.641742631091362,1.0,-0.358257368908638,persistent_shared_mode,P2_global_scaling,direct_coupling_SCM,D1_temporal_shuffle,3,,,
10122,VAR_ARX_predictive,0.9598001132356956,1.0,-0.040199886764304416,direct_coupling_SCM,P6_time_reparameterization,persistent_shared_mode,D6_common_driver_replacement,3,,,
10122,autocorrelation_persistence,0.8194983216830926,1.0,-0.18050167831690744,direct_coupling_SCM,P7_coarse_graining,persistent_shared_mode,D5_source_swap,3,,,
10122,correlon_v1,0.0,1.0,-1.0,direct_coupling_SCM,P7_coarse_graining,persistent_shared_mode,D6_common_driver_replacement,3,pca_rank1_explained_variance,-0.006933156755157599,-0.9930668432448424
10122,largest_covariance_eigenvalue,0.8806017820541148,1.0,-0.11939821794588523,direct_coupling_SCM,P7_coarse_graining,direct_coupling_SCM,D7_history_destruction,3,,,
10122,linear_CKA,0.5420690913296465,1.0,-0.45793090867035346,persistent_shared_mode,P2_global_scaling,direct_coupling_SCM,D8_block_shuffle,3,,,
10122,mutual_information,0.9724287753697876,1.0,-0.027571224630212443,history_dependent_relational_mode,P5_observation_noise,direct_coupling_SCM,D5_source_swap,3,,,
10122,pca_rank1_explained_variance,0.9930668432448424,1.0,-0.006933156755157599,persistent_shared_mode,P5_observation_noise,direct_coupling_SCM,D7_history_destruction,3,,,
10122,pearson,0.9545524670129948,1.0,-0.04544753298700521,persistent_shared_mode,P4_orthogonal_basis_rotation,direct_coupling_SCM,D8_block_shuffle,3,,,
10122,spectral_coherence,0.7422121496887226,1.0,-0.2577878503112774,persistent_shared_mode,P2_global_scaling,persistent_shared_mode,D6_common_driver_replacement,3,,,
10123,VAR_ARX_predictive,0.9021785231496302,1.0,-0.09782147685036979,direct_coupling_SCM,P6_time_reparameterization,history_dependent_relational_mode,D1_temporal_shuffle,3,,,
10123,autocorrelation_persistence,0.8155986420098568,1.0,-0.18440135799014323,history_dependent_relational_mode,P7_coarse_graining,persistent_shared_mode,D5_source_swap,3,,,
10123,correlon_v1,0.0,1.0,-1.0,direct_coupling_SCM,P1_node_permutation,persistent_shared_mode,D6_common_driver_replacement,3,mutual_information,-0.00423280657119518,-0.9957671934288048
10123,largest_covariance_eigenvalue,0.8877646250025715,1.0,-0.11223537499742853,history_dependent_relational_mode,P7_coarse_graining,history_dependent_relational_mode,D7_history_destruction,3,,,
10123,linear_CKA,0.4170413669891087,1.0,-0.5829586330108913,persistent_shared_mode,P2_global_scaling,history_dependent_relational_mode,D2_phase_randomization,3,,,
10123,mutual_information,0.9957671934288048,1.0,-0.00423280657119518,direct_coupling_SCM,P5_observation_noise,history_dependent_relational_mode,D2_phase_randomization,3,,,
10123,pca_rank1_explained_variance,0.9413749634907016,1.0,-0.0586250365092984,persistent_shared_mode,P2_global_scaling,history_dependent_relational_mode,D7_history_destruction,3,,,
10123,pearson,0.9342400958928848,1.0,-0.06575990410711519,persistent_shared_mode,P4_orthogonal_basis_rotation,history_dependent_relational_mode,D2_phase_randomization,3,,,
10123,spectral_coherence,0.5914289461199278,1.0,-0.4085710538800722,persistent_shared_mode,P2_global_scaling,persistent_shared_mode,D6_common_driver_replacement,3,,,
10124,VAR_ARX_predictive,0.8676450168635762,0.9488211767371472,-0.08117615987357096,persistent_shared_mode,P2_global_scaling,persistent_shared_mode,D6_common_driver_replacement,3,,,
10124,autocorrelation_persistence,0.7741119896419643,1.0,-0.22588801035803574,direct_coupling_SCM,P7_coarse_graining,history_dependent_relational_mode,D5_source_swap,3,,,
10124,correlon_v1,0.0,1.0,-1.0,direct_coupling_SCM,P1_node_permutation,persistent_shared_mode,D6_common_driver_replacement,3,pca_rank1_explained_variance,-0.01146058977780584,-0.9885394102221942
10124,largest_covariance_eigenvalue,0.8411468030609391,1.0,-0.15885319693906086,history_dependent_relational_mode,P7_coarse_graining,history_dependent_relational_mode,D2_phase_randomization,3,,,
10124,linear_CKA,0.540276783615521,1.0,-0.459723216384479,persistent_shared_mode,P2_global_scaling,history_dependent_relational_mode,D2_phase_randomization,3,,,
10124,mutual_information,0.9511951845578932,1.0,-0.0488048154421068,direct_coupling_SCM,P5_observation_noise,history_dependent_relational_mode,D2_phase_randomization,3,,,
10124,pca_rank1_explained_variance,0.9885394102221942,1.0,-0.01146058977780584,persistent_shared_mode,P5_observation_noise,history_dependent_relational_mode,D2_phase_randomization,3,,,
10124,pearson,0.8256098969138769,1.0,-0.17439010308612313,persistent_shared_mode,P4_orthogonal_basis_rotation,history_dependent_relational_mode,D2_phase_randomization,3,,,
10124,spectral_coherence,0.4933448081183563,1.0,-0.5066551918816438,persistent_shared_mode,P2_global_scaling,direct_coupling_SCM,D2_phase_randomization,3,,,
10125,VAR_ARX_predictive,0.856535429928051,0.934304992901184,-0.07776956297313298,direct_coupling_SCM,P6_time_reparameterization,history_dependent_relational_mode,D1_temporal_shuffle,3,,,
10125,autocorrelation_persistence,0.8100933045311627,1.0,-0.18990669546883732,direct_coupling_SCM,P7_coarse_graining,direct_coupling_SCM,D5_source_swap,3,,,
10125,correlon_v1,0.0,1.0,-1.0,direct_coupling_SCM,P1_node_permutation,persistent_shared_mode,D6_common_driver_replacement,3,pca_rank1_explained_variance,-0.008197148057086823,-0.9918028519429132
10125,largest_covariance_eigenvalue,0.841374853358657,1.0,-0.15862514664134297,direct_coupling_SCM,P7_coarse_graining,direct_coupling_SCM,D5_source_swap,3,,,
10125,linear_CKA,0.6075805389288852,1.0,-0.3924194610711148,persistent_shared_mode,P2_global_scaling,direct_coupling_SCM,D5_source_swap,3,,,
10125,mutual_information,0.9448353830335984,1.0,-0.055164616966401625,direct_coupling_SCM,P5_observation_noise,direct_coupling_SCM,D5_source_swap,3,,,
10125,pca_rank1_explained_variance,0.9918028519429132,1.0,-0.008197148057086823,direct_coupling_SCM,P5_observation_noise,direct_coupling_SCM,D5_source_swap,3,,,
10125,pearson,0.8936866404117915,1.0,-0.10631335958820853,persistent_shared_mode,P4_orthogonal_basis_rotation,direct_coupling_SCM,D5_source_swap,3,,,
10125,spectral_coherence,0.4690651661945144,1.0,-0.5309348338054856,persistent_shared_mode,P2_global_scaling,persistent_shared_mode,D6_common_driver_replacement,3,,,
10126,VAR_ARX_predictive,0.976517671353595,0.9517583367386738,0.02475933461492119,history_dependent_relational_mode,P5_observation_noise,history_dependent_relational_mode,D4_edge_cutting,3,,,
10126,autocorrelation_persistence,0.8029193214262476,1.0,-0.19708067857375244,direct_coupling_SCM,P7_coarse_graining,persistent_shared_mode,D5_source_swap,3,,,
10126,correlon_v1,0.0,1.0,-1.0,direct_coupling_SCM,P1_node_permutation,direct_coupling_SCM,D1_temporal_shuffle,3,VAR_ARX_predictive,0.02475933461492119,-1.024759334614921
10126,largest_covariance_eigenvalue,0.8811363541788627,1.0,-0.11886364582113729,history_dependent_relational_mode,P7_coarse_graining,direct_coupling_SCM,D7_history_destruction,3,,,
10126,linear_CKA,0.3471091709783486,1.0,-0.6528908290216514,direct_coupling_SCM,P2_global_scaling,direct_coupling_SCM,D3_IAAFT_surrogate,3,,,
10126,mutual_information,0.9524613585515236,1.0,-0.047538641448476415,history_dependent_relational_mode,P5_observation_noise,direct_coupling_SCM,D3_IAAFT_surrogate,3,,,
10126,pca_rank1_explained_variance,0.9897600899543834,1.0,-0.01023991004561664,persistent_shared_mode,P5_observation_noise,direct_coupling_SCM,D7_history_destruction,3,,,
10126,pearson,0.9374410650562526,1.0,-0.06255893494374742,direct_coupling_SCM,P4_orthogonal_basis_rotation,direct_coupling_SCM,D3_IAAFT_surrogate,3,,,
10126,spectral_coherence,0.7695124190354539,1.0,-0.23048758096454613,direct_coupling_SCM,P2_global_scaling,persistent_shared_mode,D6_common_driver_replacement,3,,,
10127,VAR_ARX_predictive,0.9253370974005558,1.0,-0.07466290259944419,direct_coupling_SCM,P2_global_scaling,history_dependent_relational_mode,D1_temporal_shuffle,3,,,
10127,autocorrelation_persistence,0.8027395473377538,1.0,-0.19726045266224623,history_dependent_relational_mode,P7_coarse_graining,persistent_shared_mode,D7_history_destruction,3,,,
10127,correlon_v1,0.0,1.0,-1.0,direct_coupling_SCM,P5_observation_noise,persistent_shared_mode,D6_common_driver_replacement,3,pca_rank1_explained_variance,-0.010269834865838434,-0.9897301651341616
10127,largest_covariance_eigenvalue,0.8610134889507958,1.0,-0.13898651104920423,history_dependent_relational_mode,P7_coarse_graining,history_dependent_relational_mode,D2_phase_randomization,3,,,
10127,linear_CKA,0.6066667701595151,1.0,-0.3933332298404849,direct_coupling_SCM,P2_global_scaling,history_dependent_relational_mode,D2_phase_randomization,3,,,
10127,mutual_information,0.9591955711534972,1.0,-0.040804428846502816,direct_coupling_SCM,P5_observation_noise,history_dependent_relational_mode,D2_phase_randomization,3,,,
10127,pca_rank1_explained_variance,0.9897301651341616,1.0,-0.010269834865838434,history_dependent_relational_mode,P5_observation_noise,history_dependent_relational_mode,D2_phase_randomization,3,,,
10127,pearson,0.9389955782381736,1.0,-0.06100442176182641,persistent_shared_mode,P4_orthogonal_basis_rotation,history_dependent_relational_mode,D2_phase_randomization,3,,,
10127,spectral_coherence,0.6080257230979805,1.0,-0.39197427690201947,direct_coupling_SCM,P2_global_scaling,persistent_shared_mode,D6_common_driver_replacement,3,,,
10128,VAR_ARX_predictive,0.8916725053871506,1.0,-0.1083274946128494,direct_coupling_SCM,P2_global_scaling,history_dependent_relational_mode,D5_source_swap,3,,,
10128,autocorrelation_persistence,0.7999056209481571,1.0,-0.2000943790518429,history_dependent_relational_mode,P7_coarse_graining,persistent_shared_mode,D5_source_swap,3,,,
10128,correlon_v1,0.0,1.0,-1.0,direct_coupling_SCM,P1_node_permutation,direct_coupling_SCM,D3_IAAFT_surrogate,3,pca_rank1_explained_variance,-0.009128247874022999,-0.990871752125977
10128,largest_covariance_eigenvalue,0.8699445770659783,1.0,-0.13005542293402172,history_dependent_relational_mode,P7_coarse_graining,history_dependent_relational_mode,D2_phase_randomization,3,,,
10128,linear_CKA,0.5147607706845959,1.0,-0.4852392293154041,direct_coupling_SCM,P2_global_scaling,history_dependent_relational_mode,D2_phase_randomization,3,,,
10128,mutual_information,0.9716957783199424,1.0,-0.02830422168005764,persistent_shared_mode,P5_observation_noise,history_dependent_relational_mode,D2_phase_randomization,3,,,
10128,pca_rank1_explained_variance,0.990871752125977,1.0,-0.009128247874022999,persistent_shared_mode,P5_observation_noise,history_dependent_relational_mode,D2_phase_randomization,3,,,
10128,pearson,0.8640627058895759,1.0,-0.1359372941104241,persistent_shared_mode,P4_orthogonal_basis_rotation,history_dependent_relational_mode,D2_phase_randomization,3,,,
10128,spectral_coherence,0.9496929585041468,1.0,-0.05030704149585319,persistent_shared_mode,P5_observation_noise,persistent_shared_mode,D6_common_driver_replacement,3,,,
10129,VAR_ARX_predictive,0.9396627465671747,0.931246057918474,0.00841668864870071,direct_coupling_SCM,P6_time_reparameterization,history_dependent_relational_mode,D4_edge_cutting,3,,,
10129,autocorrelation_persistence,0.8147393814304829,1.0,-0.18526061856951714,direct_coupling_SCM,P7_coarse_graining,persistent_shared_mode,D5_source_swap,3,,,
10129,correlon_v1,0.0,1.0,-1.0,direct_coupling_SCM,P1_node_permutation,direct_coupling_SCM,D6_common_driver_replacement,3,VAR_ARX_predictive,0.00841668864870071,-1.0084166886487007
10129,largest_covariance_eigenvalue,0.8268582923698703,1.0,-0.1731417076301297,history_dependent_relational_mode,P7_coarse_graining,direct_coupling_SCM,D7_history_destruction,3,,,
10129,linear_CKA,0.6698784228813814,0.9745781799137228,-0.3046997570323413,persistent_shared_mode,P2_global_scaling,direct_coupling_SCM,D5_source_swap,3,,,
10129,mutual_information,0.9655400276431584,1.0,-0.03445997235684162,direct_coupling_SCM,P5_observation_noise,direct_coupling_SCM,D5_source_swap,3,,,
10129,pca_rank1_explained_variance,0.9920779748736224,1.0,-0.00792202512637763,direct_coupling_SCM,P5_observation_noise,direct_coupling_SCM,D7_history_destruction,3,,,
10129,pearson,0.9050259963038944,0.9768350222775808,-0.07180902597368644,persistent_shared_mode,P4_orthogonal_basis_rotation,direct_coupling_SCM,D5_source_swap,3,,,
10129,spectral_coherence,0.833532065538493,1.0,-0.16646793446150698,persistent_shared_mode,P2_global_scaling,persistent_shared_mode,D6_common_driver_replacement,3,,,
10130,VAR_ARX_predictive,0.7633189215029924,0.997055518896077,-0.2337365973930846,direct_coupling_SCM,P2_global_scaling,history_dependent_relational_mode,D6_common_driver_replacement,3,,,
10130,autocorrelation_persistence,0.8001496312020218,1.0,-0.19985036879797824,direct_coupling_SCM,P7_coarse_graining,persistent_shared_mode,D5_source_swap,3,,,
10130,correlon_v1,0.0,1.0,-1.0,direct_coupling_SCM,P1_node_permutation,persistent_shared_mode,D6_common_driver_replacement,3,pca_rank1_explained_variance,0.020633830074001214,-1.0206338300740012
10130,largest_covariance_eigenvalue,0.8905453053577553,0.9743780074884008,-0.08383270213064542,direct_coupling_SCM,P7_coarse_graining,persistent_shared_mode,D6_common_driver_replacement,3,,,
10130,linear_CKA,0.4418100765527605,0.987714778865866,-0.5459047023131055,direct_coupling_SCM,P2_global_scaling,direct_coupling_SCM,D6_common_driver_replacement,3,,,
10130,mutual_information,0.9489403057726892,1.0,-0.051059694227310826,direct_coupling_SCM,P5_observation_noise,direct_coupling_SCM,D3_IAAFT_surrogate,3,,,
10130,pca_rank1_explained_variance,0.9950118375624024,0.9743780074884012,0.020633830074001214,direct_coupling_SCM,P5_observation_noise,persistent_shared_mode,D6_common_driver_replacement,3,,,
10130,pearson,0.8301668893725008,0.9839965633079656,-0.15382967393546476,persistent_shared_mode,P4_orthogonal_basis_rotation,direct_coupling_SCM,D6_common_driver_replacement,3,,,
10130,spectral_coherence,0.7267251497579277,1.0,-0.2732748502420723,persistent_shared_mode,P2_global_scaling,persistent_shared_mode,D6_common_driver_replacement,3,,,
10131,VAR_ARX_predictive,0.9600746181980522,1.0,-0.039925381801947823,direct_coupling_SCM,P6_time_reparameterization,history_dependent_relational_mode,D1_temporal_shuffle,3,,,
10131,autocorrelation_persistence,0.8085473773133183,1.0,-0.19145262268668173,history_dependent_relational_mode,P7_coarse_graining,direct_coupling_SCM,D5_source_swap,3,,,
10131,correlon_v1,0.0,1.0,-1.0,direct_coupling_SCM,P1_node_permutation,direct_coupling_SCM,D1_temporal_shuffle,3,mutual_information,-0.00672254863201982,-0.9932774513679802
10131,largest_covariance_eigenvalue,0.8711935978267756,1.0,-0.12880640217322437,history_dependent_relational_mode,P7_coarse_graining,history_dependent_relational_mode,D2_phase_randomization,3,,,
10131,linear_CKA,0.6427545292424849,1.0,-0.3572454707575151,history_dependent_relational_mode,P2_global_scaling,history_dependent_relational_mode,D2_phase_randomization,3,,,
10131,mutual_information,0.9932774513679802,1.0,-0.00672254863201982,persistent_shared_mode,P5_observation_noise,direct_coupling_SCM,D8_block_shuffle,3,,,
10131,pca_rank1_explained_variance,0.9927696834137576,1.0,-0.007230316586242402,history_dependent_relational_mode,P5_observation_noise,history_dependent_relational_mode,D2_phase_randomization,3,,,
10131,pearson,0.913978938368685,1.0,-0.08602106163131495,persistent_shared_mode,P4_orthogonal_basis_rotation,history_dependent_relational_mode,D2_phase_randomization,3,,,
10131,spectral_coherence,0.4639513683896307,1.0,-0.5360486316103693,direct_coupling_SCM,P2_global_scaling,history_dependent_relational_mode,D4_edge_cutting,3,,,
10132,VAR_ARX_predictive,0.9059076770999652,1.0,-0.09409232290003477,history_dependent_relational_mode,P2_global_scaling,history_dependent_relational_mode,D6_common_driver_replacement,3,,,
10132,autocorrelation_persistence,0.8021576411364018,1.0,-0.19784235886359824,direct_coupling_SCM,P7_coarse_graining,direct_coupling_SCM,D7_history_destruction,3,,,
10132,correlon_v1,0.0,1.0,-1.0,direct_coupling_SCM,P1_node_permutation,persistent_shared_mode,D6_common_driver_replacement,3,pca_rank1_explained_variance,-0.007136200538105153,-0.9928637994618948
10132,largest_covariance_eigenvalue,0.8884719327292223,1.0,-0.11152806727077769,direct_coupling_SCM,P7_coarse_graining,direct_coupling_SCM,D6_common_driver_replacement,3,,,
10132,linear_CKA,0.4767576964471423,1.0,-0.5232423035528577,direct_coupling_SCM,P2_global_scaling,history_dependent_relational_mode,D3_IAAFT_surrogate,3,,,
10132,mutual_information,0.985150049908772,1.0,-0.014849950091228026,persistent_shared_mode,P5_observation_noise,history_dependent_relational_mode,D2_phase_randomization,3,,,
10132,pca_rank1_explained_variance,0.9928637994618948,1.0,-0.007136200538105153,persistent_shared_mode,P5_observation_noise,direct_coupling_SCM,D6_common_driver_replacement,3,,,
10132,pearson,0.96484814869166,1.0,-0.035151851308339976,persistent_shared_mode,P4_orthogonal_basis_rotation,history_dependent_relational_mode,D3_IAAFT_surrogate,3,,,
10132,spectral_coherence,0.6205265002619492,1.0,-0.3794734997380508,persistent_shared_mode,P2_global_scaling,persistent_shared_mode,D6_common_driver_replacement,3,,,
10133,VAR_ARX_predictive,0.8089852820394263,1.0,-0.19101471796057368,history_dependent_relational_mode,P2_global_scaling,history_dependent_relational_mode,D3_IAAFT_surrogate,3,,,
10133,autocorrelation_persistence,0.8075391324977764,1.0,-0.19246086750222358,history_dependent_relational_mode,P7_coarse_graining,persistent_shared_mode,D5_source_swap,3,,,
10133,correlon_v1,0.0,1.0,-1.0,direct_coupling_SCM,P1_node_permutation,persistent_shared_mode,D6_common_driver_replacement,3,pca_rank1_explained_variance,-0.011772311732953233,-0.9882276882670468
10133,largest_covariance_eigenvalue,0.852515726792283,1.0,-0.14748427320771695,direct_coupling_SCM,P7_coarse_graining,direct_coupling_SCM,D5_source_swap,3,,,
10133,linear_CKA,0.1683296979498224,1.0,-0.8316703020501777,persistent_shared_mode,P2_global_scaling,direct_coupling_SCM,D3_IAAFT_surrogate,3,,,
10133,mutual_information,0.9759086917791564,1.0,-0.0240913082208436,persistent_shared_mode,P5_observation_noise,direct_coupling_SCM,D2_phase_randomization,3,,,
10133,pca_rank1_explained_variance,0.9882276882670468,1.0,-0.011772311732953233,persistent_shared_mode,P5_observation_noise,direct_coupling_SCM,D5_source_swap,3,,,
10133,pearson,0.9666672682190282,1.0,-0.03333273178097185,history_dependent_relational_mode,P4_orthogonal_basis_rotation,direct_coupling_SCM,D3_IAAFT_surrogate,3,,,
10133,spectral_coherence,0.7176275542038004,1.0,-0.2823724457961996,direct_coupling_SCM,P2_global_scaling,persistent_shared_mode,D6_common_driver_replacement,3,,,
10134,VAR_ARX_predictive,0.9638949579397345,1.0,-0.036105042060265546,direct_coupling_SCM,P2_global_scaling,history_dependent_relational_mode,D6_common_driver_replacement,3,,,
10134,autocorrelation_persistence,0.7941443759830661,1.0,-0.2058556240169339,direct_coupling_SCM,P7_coarse_graining,persistent_shared_mode,D5_source_swap,3,,,
10134,correlon_v1,0.0,1.0,-1.0,history_dependent_relational_mode,P1_node_permutation,history_dependent_relational_mode,D1_temporal_shuffle,3,pca_rank1_explained_variance,-0.016352695412994778,-0.9836473045870052
10134,largest_covariance_eigenvalue,0.8710276965524343,1.0,-0.12897230344756572,direct_coupling_SCM,P7_coarse_graining,direct_coupling_SCM,D5_source_swap,3,,,
10134,linear_CKA,0.4475049956349268,1.0,-0.5524950043650732,persistent_shared_mode,P2_global_scaling,direct_coupling_SCM,D2_phase_randomization,3,,,
10134,mutual_information,0.947433502117808,1.0,-0.05256649788219203,direct_coupling_SCM,P5_observation_noise,direct_coupling_SCM,D2_phase_randomization,3,,,
10134,pca_rank1_explained_variance,0.9836473045870052,1.0,-0.016352695412994778,persistent_shared_mode,P5_observation_noise,direct_coupling_SCM,D5_source_swap,3,,,
10134,pearson,0.9758423675446204,1.0,-0.024157632455379607,persistent_shared_mode,P4_orthogonal_basis_rotation,history_dependent_relational_mode,D6_common_driver_replacement,3,,,
10134,spectral_coherence,0.6314180634498504,1.0,-0.3685819365501496,persistent_shared_mode,P2_global_scaling,persistent_shared_mode,D6_common_driver_replacement,3,,,
10135,VAR_ARX_predictive,0.939304302956651,1.0,-0.060695697043348984,persistent_shared_mode,P6_time_reparameterization,history_dependent_relational_mode,D1_temporal_shuffle,3,,,
10135,autocorrelation_persistence,0.7900021509805278,1.0,-0.20999784901947216,direct_coupling_SCM,P7_coarse_graining,direct_coupling_SCM,D5_source_swap,3,,,
10135,correlon_v1,0.0,1.0,-1.0,history_dependent_relational_mode,P1_node_permutation,persistent_shared_mode,D6_common_driver_replacement,3,pca_rank1_explained_variance,-0.004627929827371369,-0.9953720701726286
10135,largest_covariance_eigenvalue,0.8587490150133309,1.0,-0.1412509849866691,direct_coupling_SCM,P7_coarse_graining,direct_coupling_SCM,D6_common_driver_replacement,3,,,
10135,linear_CKA,0.5450046129856,1.0,-0.4549953870144,direct_coupling_SCM,P2_global_scaling,direct_coupling_SCM,D6_common_driver_replacement,3,,,
10135,mutual_information,0.9431477494850848,1.0,-0.05685225051491516,history_dependent_relational_mode,P5_observation_noise,direct_coupling_SCM,D6_common_driver_replacement,3,,,
10135,pca_rank1_explained_variance,0.9953720701726286,1.0,-0.004627929827371369,persistent_shared_mode,P5_observation_noise,direct_coupling_SCM,D6_common_driver_replacement,3,,,
10135,pearson,0.90366835366033,1.0,-0.09633164633966995,persistent_shared_mode,P4_orthogonal_basis_rotation,direct_coupling_SCM,D6_common_driver_replacement,3,,,
10135,spectral_coherence,0.7462486485798484,1.0,-0.2537513514201516,history_dependent_relational_mode,P6_time_reparameterization,persistent_shared_mode,D6_common_driver_replacement,3,,,
10136,VAR_ARX_predictive,0.7883483443048137,0.9087832769783716,-0.12043493267355787,direct_coupling_SCM,P2_global_scaling,history_dependent_relational_mode,D6_common_driver_replacement,3,,,
10136,autocorrelation_persistence,0.8241128298352619,1.0,-0.1758871701647381,direct_coupling_SCM,P7_coarse_graining,persistent_shared_mode,D5_source_swap,3,,,
10136,correlon_v1,0.0,1.0,-1.0,direct_coupling_SCM,P6_time_reparameterization,persistent_shared_mode,D6_common_driver_replacement,3,pca_rank1_explained_variance,0.05762543496836936,-1.0576254349683694
10136,largest_covariance_eigenvalue,0.8783511285416228,0.9322835208311968,-0.05393239228957403,history_dependent_relational_mode,P7_coarse_graining,history_dependent_relational_mode,D8_block_shuffle,3,,,
10136,linear_CKA,0.3400174758844848,0.9831770453196584,-0.6431595694351737,direct_coupling_SCM,P2_global_scaling,history_dependent_relational_mode,D2_phase_randomization,3,,,
10136,mutual_information,0.9803690913147348,1.0,-0.01963090868526518,persistent_shared_mode,P5_observation_noise,history_dependent_relational_mode,D2_phase_randomization,3,,,
10136,pca_rank1_explained_variance,0.9899089557995666,0.9322835208311973,0.05762543496836936,persistent_shared_mode,P5_observation_noise,history_dependent_relational_mode,D8_block_shuffle,3,,,
10136,pearson,0.9380830395801087,0.9834834945614992,-0.04540045498139045,persistent_shared_mode,P4_orthogonal_basis_rotation,history_dependent_relational_mode,D2_phase_randomization,3,,,
10136,spectral_coherence,0.5119131213999171,1.0,-0.48808687860008293,persistent_shared_mode,P2_global_scaling,persistent_shared_mode,D6_common_driver_replacement,3,,,
10137,VAR_ARX_predictive,0.9359352338482774,1.0,-0.06406476615172263,history_dependent_relational_mode,P2_global_scaling,persistent_shared_mode,D6_common_driver_replacement,3,,,
10137,autocorrelation_persistence,0.8049486608527895,1.0,-0.1950513391472105,direct_coupling_SCM,P7_coarse_graining,persistent_shared_mode,D5_source_swap,3,,,
10137,correlon_v1,0.0,1.0,-1.0,direct_coupling_SCM,P6_time_reparameterization,persistent_shared_mode,D6_common_driver_replacement,3,pca_rank1_explained_variance,-0.011770668673909968,-0.98822933132609
10137,largest_covariance_eigenvalue,0.8546572434609034,1.0,-0.14534275653909656,history_dependent_relational_mode,P7_coarse_graining,direct_coupling_SCM,D6_common_driver_replacement,3,,,
10137,linear_CKA,0.5452257788354152,1.0,-0.45477422116458477,direct_coupling_SCM,P2_global_scaling,history_dependent_relational_mode,D2_phase_randomization,3,,,
10137,mutual_information,0.9451322065910988,1.0,-0.054867793408901244,history_dependent_relational_mode,P5_observation_noise,history_dependent_relational_mode,D2_phase_randomization,3,,,
10137,pca_rank1_explained_variance,0.98822933132609,1.0,-0.011770668673909968,persistent_shared_mode,P5_observation_noise,direct_coupling_SCM,D6_common_driver_replacement,3,,,
10137,pearson,0.7831376435007853,1.0,-0.2168623564992147,persistent_shared_mode,P4_orthogonal_basis_rotation,history_dependent_relational_mode,D2_phase_randomization,3,,,
10137,spectral_coherence,0.7492715660241029,1.0,-0.25072843397589706,persistent_shared_mode,P2_global_scaling,persistent_shared_mode,D6_common_driver_replacement,3,,,
10138,VAR_ARX_predictive,0.942437345585842,1.0,-0.05756265441415798,history_dependent_relational_mode,P2_global_scaling,history_dependent_relational_mode,D2_phase_randomization,3,,,
10138,autocorrelation_persistence,0.8030487127337692,1.0,-0.1969512872662308,direct_coupling_SCM,P7_coarse_graining,persistent_shared_mode,D5_source_swap,3,,,
10138,correlon_v1,0.0,1.0,-1.0,direct_coupling_SCM,P1_node_permutation,direct_coupling_SCM,D5_source_swap,3,mutual_information,-0.005378226309774026,-0.994621773690226
10138,largest_covariance_eigenvalue,0.86964013432385,1.0,-0.13035986567615,history_dependent_relational_mode,P7_coarse_graining,history_dependent_relational_mode,D5_source_swap,3,,,
10138,linear_CKA,0.6741610112538496,1.0,-0.32583898874615036,history_dependent_relational_mode,P2_global_scaling,history_dependent_relational_mode,D2_phase_randomization,3,,,
10138,mutual_information,0.994621773690226,1.0,-0.005378226309774026,direct_coupling_SCM,P5_observation_noise,direct_coupling_SCM,D7_history_destruction,3,,,
10138,pca_rank1_explained_variance,0.9900716356112744,1.0,-0.009928364388725575,persistent_shared_mode,P5_observation_noise,history_dependent_relational_mode,D5_source_swap,3,,,
10138,pearson,0.8603691678867775,1.0,-0.13963083211322247,persistent_shared_mode,P4_orthogonal_basis_rotation,history_dependent_relational_mode,D2_phase_randomization,3,,,
10138,spectral_coherence,0.6769690799651512,1.0,-0.3230309200348488,persistent_shared_mode,P2_global_scaling,history_dependent_relational_mode,D1_temporal_shuffle,3,,,
10139,VAR_ARX_predictive,0.6902071513990626,1.0,-0.30979284860093736,direct_coupling_SCM,P2_global_scaling,history_dependent_relational_mode,D4_edge_cutting,3,,,
10139,autocorrelation_persistence,0.8139668386904195,1.0,-0.18603316130958047,history_dependent_relational_mode,P7_coarse_graining,direct_coupling_SCM,D5_source_swap,3,,,
10139,correlon_v1,0.0,1.0,-1.0,direct_coupling_SCM,P1_node_permutation,persistent_shared_mode,D6_common_driver_replacement,3,pca_rank1_explained_variance,-0.011057230801961193,-0.9889427691980388
10139,largest_covariance_eigenvalue,0.8569896876025723,1.0,-0.14301031239742767,direct_coupling_SCM,P7_coarse_graining,direct_coupling_SCM,D2_phase_randomization,3,,,
10139,linear_CKA,0.122049848143628,1.0,-0.877950151856372,persistent_shared_mode,P2_global_scaling,direct_coupling_SCM,D2_phase_randomization,3,,,
10139,mutual_information,0.9455553523139908,1.0,-0.05444464768600921,direct_coupling_SCM,P5_observation_noise,direct_coupling_SCM,D2_phase_randomization,3,,,
10139,pca_rank1_explained_variance,0.9889427691980388,1.0,-0.011057230801961193,persistent_shared_mode,P5_observation_noise,direct_coupling_SCM,D2_phase_randomization,3,,,
10139,pearson,0.8798417087443428,1.0,-0.12015829125565725,persistent_shared_mode,P4_orthogonal_basis_rotation,direct_coupling_SCM,D2_phase_randomization,3,,,
10139,spectral_coherence,0.4965407908262946,1.0,-0.5034592091737053,persistent_shared_mode,P2_global_scaling,direct_coupling_SCM,D2_phase_randomization,3,,,
10140,VAR_ARX_predictive,0.8736481018727296,1.0,-0.12635189812727043,direct_coupling_SCM,P2_global_scaling,history_dependent_relational_mode,D6_common_driver_replacement,3,,,
10140,autocorrelation_persistence,0.7904534995605396,1.0,-0.20954650043946044,direct_coupling_SCM,P7_coarse_graining,history_dependent_relational_mode,D5_source_swap,3,,,
10140,correlon_v1,0.0,1.0,-1.0,direct_coupling_SCM,P7_coarse_graining,persistent_shared_mode,D6_common_driver_replacement,3,mutual_information,0.03606334943046019,-1.03606334943046
10140,largest_covariance_eigenvalue,0.8828527362623055,1.0,-0.11714726373769446,direct_coupling_SCM,P7_coarse_graining,direct_coupling_SCM,D6_common_driver_replacement,3,,,
10140,linear_CKA,0.6265683757729279,1.0,-0.3734316242270721,direct_coupling_SCM,P2_global_scaling,history_dependent_relational_mode,D6_common_driver_replacement,3,,,
10140,mutual_information,0.9434657425121306,0.9074023930816704,0.03606334943046019,history_dependent_relational_mode,P5_observation_noise,history_dependent_relational_mode,D8_block_shuffle,3,,,
10140,pca_rank1_explained_variance,0.989509186592205,1.0,-0.010490813407795008,direct_coupling_SCM,P5_observation_noise,direct_coupling_SCM,D6_common_driver_replacement,3,,,
10140,pearson,0.8927340137097546,1.0,-0.10726598629024542,persistent_shared_mode,P4_orthogonal_basis_rotation,history_dependent_relational_mode,D6_common_driver_replacement,3,,,
10140,spectral_coherence,0.8882647199758615,1.0,-0.11173528002413846,direct_coupling_SCM,P2_global_scaling,persistent_shared_mode,D6_common_driver_replacement,3,,,
10141,VAR_ARX_predictive,0.913101768575052,0.9999184429167184,-0.0868166743416664,history_dependent_relational_mode,P2_global_scaling,persistent_shared_mode,D6_common_driver_replacement,3,,,
10141,autocorrelation_persistence,0.8029571676984377,1.0,-0.19704283230156228,direct_coupling_SCM,P7_coarse_graining,persistent_shared_mode,D5_source_swap,3,,,
10141,correlon_v1,0.0,1.0,-1.0,direct_coupling_SCM,P1_node_permutation,direct_coupling_SCM,D3_IAAFT_surrogate,3,pca_rank1_explained_variance,-0.008250304782020601,-0.9917496952179794
10141,largest_covariance_eigenvalue,0.8302912930819956,1.0,-0.16970870691800444,history_dependent_relational_mode,P7_coarse_graining,history_dependent_relational_mode,D3_IAAFT_surrogate,3,,,
10141,linear_CKA,0.5394594097210123,1.0,-0.46054059027898775,history_dependent_relational_mode,P2_global_scaling,direct_coupling_SCM,D8_block_shuffle,3,,,
10141,mutual_information,0.9721925310411104,1.0,-0.027807468958889636,persistent_shared_mode,P5_observation_noise,direct_coupling_SCM,D8_block_shuffle,3,,,
10141,pca_rank1_explained_variance,0.9917496952179794,1.0,-0.008250304782020601,direct_coupling_SCM,P5_observation_noise,history_dependent_relational_mode,D3_IAAFT_surrogate,3,,,
10141,pearson,0.9404346104642106,1.0,-0.05956538953578938,persistent_shared_mode,P4_orthogonal_basis_rotation,direct_coupling_SCM,D8_block_shuffle,3,,,
10141,spectral_coherence,0.7838726340203467,1.0,-0.21612736597965332,history_dependent_relational_mode,P2_global_scaling,persistent_shared_mode,D6_common_driver_replacement,3,,,
10142,VAR_ARX_predictive,0.8701703973700191,1.0,-0.1298296026299809,persistent_shared_mode,P2_global_scaling,history_dependent_relational_mode,D8_block_shuffle,3,,,
10142,autocorrelation_persistence,0.8108698332285248,1.0,-0.1891301667714752,history_dependent_relational_mode,P7_coarse_graining,history_dependent_relational_mode,D5_source_swap,3,,,
10142,correlon_v1,0.0,1.0,-1.0,direct_coupling_SCM,P1_node_permutation,persistent_shared_mode,D6_common_driver_replacement,3,pca_rank1_explained_variance,-0.0051127609929425555,-0.9948872390070574
10142,largest_covariance_eigenvalue,0.8222872368268871,1.0,-0.1777127631731129,history_dependent_relational_mode,P7_coarse_graining,direct_coupling_SCM,D6_common_driver_replacement,3,,,
10142,linear_CKA,0.3140349526169205,1.0,-0.6859650473830795,persistent_shared_mode,P2_global_scaling,history_dependent_relational_mode,D4_edge_cutting,3,,,
10142,mutual_information,0.974316589145663,1.0,-0.025683410854337008,persistent_shared_mode,P5_observation_noise,history_dependent_relational_mode,D4_edge_cutting,3,,,
10142,pca_rank1_explained_variance,0.9948872390070574,1.0,-0.0051127609929425555,persistent_shared_mode,P5_observation_noise,direct_coupling_SCM,D6_common_driver_replacement,3,,,
10142,pearson,0.8400837891905403,1.0,-0.15991621080945972,persistent_shared_mode,P4_orthogonal_basis_rotation,history_dependent_relational_mode,D4_edge_cutting,3,,,
10142,spectral_coherence,0.5763929604376351,1.0,-0.4236070395623649,persistent_shared_mode,P2_global_scaling,persistent_shared_mode,D6_common_driver_replacement,3,,,
10143,VAR_ARX_predictive,0.830886885393269,0.8902663864250624,-0.05937950103179335,persistent_shared_mode,P2_global_scaling,history_dependent_relational_mode,D7_history_destruction,3,,,
10143,autocorrelation_persistence,0.8045201019289459,1.0,-0.19547989807105415,history_dependent_relational_mode,P7_coarse_graining,history_dependent_relational_mode,D5_source_swap,3,,,
10143,correlon_v1,0.0,1.0,-1.0,direct_coupling_SCM,P1_node_permutation,persistent_shared_mode,D6_common_driver_replacement,3,pca_rank1_explained_variance,-0.032866665374762016,-0.967133334625238
10143,largest_covariance_eigenvalue,0.8565065078620828,1.0,-0.14349349213791718,history_dependent_relational_mode,P7_coarse_graining,history_dependent_relational_mode,D5_source_swap,3,,,
10143,linear_CKA,0.389369574577323,1.0,-0.610630425422677,persistent_shared_mode,P2_global_scaling,direct_coupling_SCM,D3_IAAFT_surrogate,3,,,
10143,mutual_information,0.9567946413997508,1.0,-0.04320535860024921,direct_coupling_SCM,P5_observation_noise,direct_coupling_SCM,D3_IAAFT_surrogate,3,,,
10143,pca_rank1_explained_variance,0.967133334625238,1.0,-0.032866665374762016,persistent_shared_mode,P2_global_scaling,history_dependent_relational_mode,D5_source_swap,3,,,
10143,pearson,0.8498421651519761,1.0,-0.15015783484802392,persistent_shared_mode,P4_orthogonal_basis_rotation,direct_coupling_SCM,D3_IAAFT_surrogate,3,,,
10143,spectral_coherence,0.4782900414561343,1.0,-0.5217099585438657,persistent_shared_mode,P2_global_scaling,persistent_shared_mode,D6_common_driver_replacement,3,,,
10144,VAR_ARX_predictive,0.9481482502040314,1.0,-0.05185174979596863,persistent_shared_mode,P2_global_scaling,history_dependent_relational_mode,D6_common_driver_replacement,3,,,
10144,autocorrelation_persistence,0.786345680458667,1.0,-0.21365431954133296,direct_coupling_SCM,P7_coarse_graining,direct_coupling_SCM,D5_source_swap,3,,,
10144,correlon_v1,0.0,1.0,-1.0,direct_coupling_SCM,P6_time_reparameterization,persistent_shared_mode,D6_common_driver_replacement,3,pca_rank1_explained_variance,-0.009835448786102985,-0.990164551213897
10144,largest_covariance_eigenvalue,0.8474236531752591,1.0,-0.15257634682474086,history_dependent_relational_mode,P7_coarse_graining,history_dependent_relational_mode,D2_phase_randomization,3,,,
10144,linear_CKA,0.655526248671355,1.0,-0.344473751328645,persistent_shared_mode,P2_global_scaling,history_dependent_relational_mode,D2_phase_randomization,3,,,
10144,mutual_information,0.9727190266687732,1.0,-0.02728097333122681,direct_coupling_SCM,P5_observation_noise,history_dependent_relational_mode,D2_phase_randomization,3,,,
10144,pca_rank1_explained_variance,0.990164551213897,1.0,-0.009835448786102985,history_dependent_relational_mode,P5_observation_noise,history_dependent_relational_mode,D2_phase_randomization,3,,,
10144,pearson,0.8415426165306618,1.0,-0.15845738346933824,persistent_shared_mode,P4_orthogonal_basis_rotation,history_dependent_relational_mode,D2_phase_randomization,3,,,
10144,spectral_coherence,0.6174194932977904,1.0,-0.38258050670220956,persistent_shared_mode,P2_global_scaling,persistent_shared_mode,D6_common_driver_replacement,3,,,
10145,VAR_ARX_predictive,0.9469078022613489,0.9870297752399166,-0.04012197297856779,history_dependent_relational_mode,P5_observation_noise,history_dependent_relational_mode,D2_phase_randomization,3,,,
10145,autocorrelation_persistence,0.7876484277200728,1.0,-0.21235157227992718,direct_coupling_SCM,P7_coarse_graining,persistent_shared_mode,D5_source_swap,3,,,
10145,correlon_v1,0.0,1.0,-1.0,direct_coupling_SCM,P6_time_reparameterization,direct_coupling_SCM,D2_phase_randomization,3,mutual_information,-0.03276994408745282,-0.9672300559125472
10145,largest_covariance_eigenvalue,0.7679740368753524,1.0,-0.23202596312464763,persistent_shared_mode,P2_global_scaling,direct_coupling_SCM,D5_source_swap,3,,,
10145,linear_CKA,0.3904716444530714,1.0,-0.6095283555469286,persistent_shared_mode,P2_global_scaling,history_dependent_relational_mode,D2_phase_randomization,3,,,
10145,mutual_information,0.9672300559125472,1.0,-0.03276994408745282,persistent_shared_mode,P5_observation_noise,history_dependent_relational_mode,D2_phase_randomization,3,,,
10145,pca_rank1_explained_variance,0.8968042942065289,1.0,-0.10319570579347115,persistent_shared_mode,P2_global_scaling,direct_coupling_SCM,D5_source_swap,3,,,
10145,pearson,0.9597622657611464,1.0,-0.04023773423885357,persistent_shared_mode,P4_orthogonal_basis_rotation,history_dependent_relational_mode,D2_phase_randomization,3,,,
10145,spectral_coherence,0.4996659271817604,0.9740366550390336,-0.4743707278572732,persistent_shared_mode,P2_global_scaling,direct_coupling_SCM,D3_IAAFT_surrogate,3,,,
10146,VAR_ARX_predictive,0.9425942199649068,1.0,-0.05740578003509322,history_dependent_relational_mode,P2_global_scaling,history_dependent_relational_mode,D7_history_destruction,3,,,
10146,autocorrelation_persistence,0.7856946611407527,1.0,-0.2143053388592473,direct_coupling_SCM,P7_coarse_graining,direct_coupling_SCM,D2_phase_randomization,3,,,
10146,correlon_v1,0.0,1.0,-1.0,direct_coupling_SCM,P6_time_reparameterization,direct_coupling_SCM,D1_temporal_shuffle,3,pca_rank1_explained_variance,-0.011884443632509178,-0.9881155563674908
10146,largest_covariance_eigenvalue,0.855730586393463,1.0,-0.144269413606537,direct_coupling_SCM,P7_coarse_graining,direct_coupling_SCM,D6_common_driver_replacement,3,,,
10146,linear_CKA,0.5227162910308539,1.0,-0.47728370896914607,persistent_shared_mode,P2_global_scaling,history_dependent_relational_mode,D3_IAAFT_surrogate,3,,,
10146,mutual_information,0.96531902271034,1.0,-0.03468097728966002,persistent_shared_mode,P5_observation_noise,history_dependent_relational_mode,D3_IAAFT_surrogate,3,,,
10146,pca_rank1_explained_variance,0.9881155563674908,1.0,-0.011884443632509178,direct_coupling_SCM,P5_observation_noise,direct_coupling_SCM,D6_common_driver_replacement,3,,,
10146,pearson,0.8636611388425721,1.0,-0.13633886115742788,persistent_shared_mode,P4_orthogonal_basis_rotation,history_dependent_relational_mode,D3_IAAFT_surrogate,3,,,
10146,spectral_coherence,0.6382303992003602,1.0,-0.3617696007996398,persistent_shared_mode,P2_global_scaling,persistent_shared_mode,D6_common_driver_replacement,3,,,
10147,VAR_ARX_predictive,0.8952533488378951,1.0,-0.10474665116210491,persistent_shared_mode,P2_global_scaling,persistent_shared_mode,D6_common_driver_replacement,3,,,
10147,autocorrelation_persistence,0.8090562090096972,1.0,-0.1909437909903028,direct_coupling_SCM,P7_coarse_graining,persistent_shared_mode,D5_source_swap,3,,,
10147,correlon_v1,0.0,1.0,-1.0,history_dependent_relational_mode,P1_node_permutation,persistent_shared_mode,D6_common_driver_replacement,3,pca_rank1_explained_variance,-0.008101318082086029,-0.991898681917914
10147,largest_covariance_eigenvalue,0.8770426703594243,1.0,-0.12295732964057571,history_dependent_relational_mode,P7_coarse_graining,history_dependent_relational_mode,D5_source_swap,3,,,
10147,linear_CKA,0.3204111168504451,1.0,-0.6795888831495549,persistent_shared_mode,P2_global_scaling,history_dependent_relational_mode,D5_source_swap,3,,,
10147,mutual_information,0.9564578506709428,1.0,-0.0435421493290572,direct_coupling_SCM,P5_observation_noise,direct_coupling_SCM,D2_phase_randomization,3,,,
10147,pca_rank1_explained_variance,0.991898681917914,1.0,-0.008101318082086029,history_dependent_relational_mode,P5_observation_noise,history_dependent_relational_mode,D5_source_swap,3,,,
10147,pearson,0.9210167120216308,1.0,-0.07898328797836918,persistent_shared_mode,P4_orthogonal_basis_rotation,history_dependent_relational_mode,D5_source_swap,3,,,
10147,spectral_coherence,0.5701241955127532,1.0,-0.4298758044872468,persistent_shared_mode,P2_global_scaling,history_dependent_relational_mode,D2_phase_randomization,3,,,
10148,VAR_ARX_predictive,0.9425608980280508,1.0,-0.057439101971949236,direct_coupling_SCM,P2_global_scaling,persistent_shared_mode,D6_common_driver_replacement,3,,,
10148,autocorrelation_persistence,0.7997508654299058,1.0,-0.2002491345700942,direct_coupling_SCM,P7_coarse_graining,history_dependent_relational_mode,D5_source_swap,3,,,
10148,correlon_v1,0.0,1.0,-1.0,direct_coupling_SCM,P1_node_permutation,direct_coupling_SCM,D6_common_driver_replacement,3,pca_rank1_explained_variance,-0.01051314440880402,-0.989486855591196
10148,largest_covariance_eigenvalue,0.8675152746978799,1.0,-0.13248472530212008,history_dependent_relational_mode,P7_coarse_graining,direct_coupling_SCM,D7_history_destruction,3,,,
10148,linear_CKA,0.4299208282773991,0.9399011626285882,-0.5099803343511892,direct_coupling_SCM,P2_global_scaling,history_dependent_relational_mode,D2_phase_randomization,3,,,
10148,mutual_information,0.9848318175562544,1.0,-0.015168182443745626,persistent_shared_mode,P5_observation_noise,direct_coupling_SCM,D2_phase_randomization,3,,,
10148,pca_rank1_explained_variance,0.989486855591196,1.0,-0.01051314440880402,persistent_shared_mode,P5_observation_noise,direct_coupling_SCM,D7_history_destruction,3,,,
10148,pearson,0.9361455281045052,0.973398457666246,-0.037252929561740755,persistent_shared_mode,P4_orthogonal_basis_rotation,history_dependent_relational_mode,D2_phase_randomization,3,,,
10148,spectral_coherence,0.9104973528964684,1.0,-0.08950264710353162,history_dependent_relational_mode,P2_global_scaling,persistent_shared_mode,D6_common_driver_replacement,3,,,
10149,VAR_ARX_predictive,0.8676242850624425,1.0,-0.1323757149375575,direct_coupling_SCM,P2_global_scaling,history_dependent_relational_mode,D3_IAAFT_surrogate,3,,,
10149,autocorrelation_persistence,0.7875766345286076,1.0,-0.2124233654713924,direct_coupling_SCM,P7_coarse_graining,direct_coupling_SCM,D5_source_swap,3,,,
10149,correlon_v1,0.0,1.0,-1.0,direct_coupling_SCM,P1_node_permutation,persistent_shared_mode,D6_common_driver_replacement,3,pca_rank1_explained_variance,-0.011879209060656759,-0.9881207909393432
10149,largest_covariance_eigenvalue,0.8767287605226568,1.0,-0.1232712394773432,direct_coupling_SCM,P7_coarse_graining,direct_coupling_SCM,D5_source_swap,3,,,
10149,linear_CKA,0.6388605920590323,1.0,-0.36113940794096766,direct_coupling_SCM,P2_global_scaling,direct_coupling_SCM,D6_common_driver_replacement,3,,,
10149,mutual_information,0.9469239103084648,1.0,-0.05307608969153521,history_dependent_relational_mode,P5_observation_noise,history_dependent_relational_mode,D5_source_swap,3,,,
10149,pca_rank1_explained_variance,0.9881207909393432,1.0,-0.011879209060656759,direct_coupling_SCM,P5_observation_noise,direct_coupling_SCM,D5_source_swap,3,,,
10149,pearson,0.8672502101362328,1.0,-0.13274978986376718,persistent_shared_mode,P4_orthogonal_basis_rotation,direct_coupling_SCM,D6_common_driver_replacement,3,,,
10149,spectral_coherence,0.7708092644798182,1.0,-0.22919073552018177,persistent_shared_mode,P2_global_scaling,persistent_shared_mode,D6_common_driver_replacement,3,,,
10150,VAR_ARX_predictive,0.8784803139830182,1.0,-0.12151968601698182,persistent_shared_mode,P2_global_scaling,history_dependent_relational_mode,D2_phase_randomization,3,,,
10150,autocorrelation_persistence,0.7985346924624012,1.0,-0.20146530753759884,direct_coupling_SCM,P7_coarse_graining,direct_coupling_SCM,D5_source_swap,3,,,
10150,correlon_v1,0.0,1.0,-1.0,direct_coupling_SCM,P5_observation_noise,direct_coupling_SCM,D4_edge_cutting,3,pca_rank1_explained_variance,-0.011124023261095961,-0.988875976738904
10150,largest_covariance_eigenvalue,0.8644417067844175,1.0,-0.13555829321558255,direct_coupling_SCM,P7_coarse_graining,direct_coupling_SCM,D6_common_driver_replacement,3,,,
10150,linear_CKA,0.3798052600235673,1.0,-0.6201947399764327,persistent_shared_mode,P2_global_scaling,direct_coupling_SCM,D8_block_shuffle,3,,,
10150,mutual_information,0.9564480466188648,1.0,-0.043551953381135156,direct_coupling_SCM,P5_observation_noise,direct_coupling_SCM,D5_source_swap,3,,,
10150,pca_rank1_explained_variance,0.988875976738904,1.0,-0.011124023261095961,persistent_shared_mode,P5_observation_noise,direct_coupling_SCM,D6_common_driver_replacement,3,,,
10150,pearson,0.9031856024621606,1.0,-0.09681439753783938,persistent_shared_mode,P4_orthogonal_basis_rotation,direct_coupling_SCM,D8_block_shuffle,3,,,
10150,spectral_coherence,0.55676300378226,1.0,-0.44323699621774004,persistent_shared_mode,P2_global_scaling,persistent_shared_mode,D6_common_driver_replacement,3,,,
10151,VAR_ARX_predictive,0.903669952071322,0.9942664548420443,-0.0905965027707224,direct_coupling_SCM,P2_global_scaling,history_dependent_relational_mode,D5_source_swap,3,,,
10151,autocorrelation_persistence,0.7920524837811472,1.0,-0.20794751621885277,direct_coupling_SCM,P7_coarse_graining,history_dependent_relational_mode,D5_source_swap,3,,,
10151,correlon_v1,0.0,1.0,-1.0,direct_coupling_SCM,P1_node_permutation,direct_coupling_SCM,D1_temporal_shuffle,3,pca_rank1_explained_variance,-0.002011199604735614,-0.9979888003952644
10151,largest_covariance_eigenvalue,0.8683131372858268,1.0,-0.13168686271417318,history_dependent_relational_mode,P7_coarse_graining,direct_coupling_SCM,D5_source_swap,3,,,
10151,linear_CKA,0.7384233473511759,1.0,-0.2615766526488241,persistent_shared_mode,P2_global_scaling,direct_coupling_SCM,D8_block_shuffle,3,,,
10151,mutual_information,0.9935426466488766,1.0,-0.006457353351123407,persistent_shared_mode,P5_observation_noise,direct_coupling_SCM,D3_IAAFT_surrogate,3,,,
10151,pca_rank1_explained_variance,0.9979888003952644,1.0,-0.002011199604735614,history_dependent_relational_mode,P5_observation_noise,direct_coupling_SCM,D5_source_swap,3,,,
10151,pearson,0.8342364702359725,1.0,-0.16576352976402753,persistent_shared_mode,P4_orthogonal_basis_rotation,direct_coupling_SCM,D8_block_shuffle,3,,,
10151,spectral_coherence,0.6675617689476155,1.0,-0.33243823105238446,history_dependent_relational_mode,P6_time_reparameterization,persistent_shared_mode,D6_common_driver_replacement,3,,,
10152,VAR_ARX_predictive,0.9095604194859648,1.0,-0.09043958051403522,direct_coupling_SCM,P2_global_scaling,history_dependent_relational_mode,D6_common_driver_replacement,3,,,
10152,autocorrelation_persistence,0.7994369285565215,1.0,-0.2005630714434785,direct_coupling_SCM,P7_coarse_graining,persistent_shared_mode,D5_source_swap,3,,,
10152,correlon_v1,0.0,1.0,-1.0,direct_coupling_SCM,P1_node_permutation,persistent_shared_mode,D6_common_driver_replacement,3,mutual_information,0.002187569481436391,-1.0021875694814364
10152,largest_covariance_eigenvalue,0.8663195070783891,1.0,-0.13368049292161088,history_dependent_relational_mode,P7_coarse_graining,direct_coupling_SCM,D5_source_swap,3,,,
10152,linear_CKA,0.5817883428015224,0.9980344893254984,-0.41624614652397607,direct_coupling_SCM,P2_global_scaling,direct_coupling_SCM,D5_source_swap,3,,,
10152,mutual_information,0.9963073225310016,0.9941197530495652,0.002187569481436391,history_dependent_relational_mode,P5_observation_noise,history_dependent_relational_mode,D3_IAAFT_surrogate,3,,,
10152,pca_rank1_explained_variance,0.9899881239864816,1.0,-0.010011876013518384,direct_coupling_SCM,P5_observation_noise,direct_coupling_SCM,D5_source_swap,3,,,
10152,pearson,0.9388846920191436,1.0,-0.061115307980856404,persistent_shared_mode,P4_orthogonal_basis_rotation,direct_coupling_SCM,D5_source_swap,3,,,
10152,spectral_coherence,0.9474093222510854,1.0,-0.05259067774891457,direct_coupling_SCM,P6_time_reparameterization,persistent_shared_mode,D6_common_driver_replacement,3,,,
10153,VAR_ARX_predictive,0.7715233804023871,1.0,-0.2284766195976129,direct_coupling_SCM,P2_global_scaling,persistent_shared_mode,D6_common_driver_replacement,3,,,
10153,autocorrelation_persistence,0.7838052612630761,1.0,-0.21619473873692385,direct_coupling_SCM,P7_coarse_graining,history_dependent_relational_mode,D5_source_swap,3,,,
10153,correlon_v1,0.0,1.0,-1.0,direct_coupling_SCM,P1_node_permutation,persistent_shared_mode,D6_common_driver_replacement,3,pca_rank1_explained_variance,-0.0073192060853434215,-0.9926807939146566
10153,largest_covariance_eigenvalue,0.853097800448451,1.0,-0.14690219955154904,direct_coupling_SCM,P7_coarse_graining,history_dependent_relational_mode,D3_IAAFT_surrogate,3,,,
10153,linear_CKA,0.2382946842829579,1.0,-0.7617053157170421,persistent_shared_mode,P2_global_scaling,history_dependent_relational_mode,D3_IAAFT_surrogate,3,,,
10153,mutual_information,0.9529876138186942,1.0,-0.047012386181305765,direct_coupling_SCM,P5_observation_noise,history_dependent_relational_mode,D3_IAAFT_surrogate,3,,,
10153,pca_rank1_explained_variance,0.9926807939146566,1.0,-0.0073192060853434215,persistent_shared_mode,P5_observation_noise,history_dependent_relational_mode,D3_IAAFT_surrogate,3,,,
10153,pearson,0.9358700504282031,1.0,-0.06412994957179685,persistent_shared_mode,P4_orthogonal_basis_rotation,history_dependent_relational_mode,D3_IAAFT_surrogate,3,,,
10153,spectral_coherence,0.5013640104576764,1.0,-0.4986359895423236,persistent_shared_mode,P2_global_scaling,direct_coupling_SCM,D3_IAAFT_surrogate,3,,,
10154,VAR_ARX_predictive,0.8020896972751659,1.0,-0.19791030272483412,direct_coupling_SCM,P2_global_scaling,history_dependent_relational_mode,D8_block_shuffle,3,,,
10154,autocorrelation_persistence,0.7943500438025032,1.0,-0.20564995619749682,direct_coupling_SCM,P7_coarse_graining,history_dependent_relational_mode,D5_source_swap,3,,,
10154,correlon_v1,0.0,1.0,-1.0,direct_coupling_SCM,P1_node_permutation,persistent_shared_mode,D6_common_driver_replacement,3,mutual_information,-0.023267903401028023,-0.976732096598972
10154,largest_covariance_eigenvalue,0.8432513022756561,1.0,-0.15674869772434386,history_dependent_relational_mode,P7_coarse_graining,history_dependent_relational_mode,D5_source_swap,3,,,
10154,linear_CKA,0.3754003296841187,1.0,-0.6245996703158814,persistent_shared_mode,P2_global_scaling,history_dependent_relational_mode,D2_phase_randomization,3,,,
10154,mutual_information,0.976732096598972,1.0,-0.023267903401028023,persistent_shared_mode,P5_observation_noise,history_dependent_relational_mode,D2_phase_randomization,3,,,
10154,pca_rank1_explained_variance,0.813218946931457,1.0,-0.18678105306854298,persistent_shared_mode,P2_global_scaling,history_dependent_relational_mode,D5_source_swap,3,,,
10154,pearson,0.9024609135335216,1.0,-0.09753908646647835,persistent_shared_mode,P4_orthogonal_basis_rotation,history_dependent_relational_mode,D2_phase_randomization,3,,,
10154,spectral_coherence,0.6727865557102329,1.0,-0.32721344428976706,persistent_shared_mode,P2_global_scaling,persistent_shared_mode,D6_common_driver_replacement,3,,,
10155,VAR_ARX_predictive,0.971195250085936,1.0,-0.02880474991406401,persistent_shared_mode,P5_observation_noise,history_dependent_relational_mode,D8_block_shuffle,3,,,
10155,autocorrelation_persistence,0.8254240887426076,1.0,-0.17457591125739236,direct_coupling_SCM,P7_coarse_graining,persistent_shared_mode,D5_source_swap,3,,,
10155,correlon_v1,0.5925150507677321,1.0,-0.40748494923226786,direct_coupling_SCM,P6_time_reparameterization,persistent_shared_mode,D6_common_driver_replacement,3,pca_rank1_explained_variance,-0.007457797299246005,-0.40002715193302185
10155,largest_covariance_eigenvalue,0.876979202960836,1.0,-0.12302079703916402,history_dependent_relational_mode,P7_coarse_graining,direct_coupling_SCM,D6_common_driver_replacement,3,,,
10155,linear_CKA,0.7517730878496615,1.0,-0.24822691215033854,direct_coupling_SCM,P2_global_scaling,history_dependent_relational_mode,D6_common_driver_replacement,3,,,
10155,mutual_information,0.9674094037623676,0.992608442398193,-0.0251990386358254,persistent_shared_mode,P5_observation_noise,history_dependent_relational_mode,D2_phase_randomization,3,,,
10155,pca_rank1_explained_variance,0.992542202700754,1.0,-0.007457797299246005,direct_coupling_SCM,P5_observation_noise,direct_coupling_SCM,D6_common_driver_replacement,3,,,
10155,pearson,0.8908837221596216,1.0,-0.10911627784037836,persistent_shared_mode,P4_orthogonal_basis_rotation,history_dependent_relational_mode,D6_common_driver_replacement,3,,,
10155,spectral_coherence,0.5419201194171819,1.0,-0.4580798805828181,persistent_shared_mode,P2_global_scaling,direct_coupling_SCM,D6_common_driver_replacement,3,,,
10156,VAR_ARX_predictive,0.9719682339000824,1.0,-0.028031766099917643,persistent_shared_mode,P5_observation_noise,history_dependent_relational_mode,D2_phase_randomization,3,,,
10156,autocorrelation_persistence,0.7903444082534324,1.0,-0.20965559174656756,history_dependent_relational_mode,P7_coarse_graining,persistent_shared_mode,D5_source_swap,3,,,
10156,correlon_v1,0.0,1.0,-1.0,history_dependent_relational_mode,P1_node_permutation,persistent_shared_mode,D6_common_driver_replacement,3,pca_rank1_explained_variance,0.0003479847410727821,-1.0003479847410728
10156,largest_covariance_eigenvalue,0.8675545978550513,0.9965198765226594,-0.1289652786676081,history_dependent_relational_mode,P7_coarse_graining,history_dependent_relational_mode,D7_history_destruction,3,,,
10156,linear_CKA,0.473895519781673,1.0,-0.526104480218327,history_dependent_relational_mode,P2_global_scaling,history_dependent_relational_mode,D3_IAAFT_surrogate,3,,,
10156,mutual_information,0.9787910101934744,1.0,-0.021208989806525635,persistent_shared_mode,P5_observation_noise,history_dependent_relational_mode,D3_IAAFT_surrogate,3,,,
10156,pca_rank1_explained_variance,0.9968678612637316,0.9965198765226588,0.0003479847410727821,history_dependent_relational_mode,P5_observation_noise,history_dependent_relational_mode,D7_history_destruction,3,,,
10156,pearson,0.935466288295162,1.0,-0.06453371170483801,persistent_shared_mode,P4_orthogonal_basis_rotation,history_dependent_relational_mode,D3_IAAFT_surrogate,3,,,
10156,spectral_coherence,0.6553718664031701,1.0,-0.34462813359682987,persistent_shared_mode,P2_global_scaling,direct_coupling_SCM,D6_common_driver_replacement,3,,,
10157,VAR_ARX_predictive,0.868220384149761,1.0,-0.131779615850239,persistent_shared_mode,P6_time_reparameterization,history_dependent_relational_mode,D2_phase_randomization,3,,,
10157,autocorrelation_persistence,0.8024979770309754,1.0,-0.19750202296902464,direct_coupling_SCM,P7_coarse_graining,persistent_shared_mode,D7_history_destruction,3,,,
10157,correlon_v1,0.0,1.0,-1.0,direct_coupling_SCM,P1_node_permutation,persistent_shared_mode,D6_common_driver_replacement,3,pca_rank1_explained_variance,-0.010588566081188855,-0.9894114339188111
10157,largest_covariance_eigenvalue,0.8669238520034308,1.0,-0.1330761479965692,direct_coupling_SCM,P7_coarse_graining,history_dependent_relational_mode,D5_source_swap,3,,,
10157,linear_CKA,0.7600078215377487,1.0,-0.2399921784622513,history_dependent_relational_mode,P2_global_scaling,direct_coupling_SCM,D2_phase_randomization,3,,,
10157,mutual_information,0.971231119261776,1.0,-0.028768880738224034,direct_coupling_SCM,P5_observation_noise,direct_coupling_SCM,D2_phase_randomization,3,,,
10157,pca_rank1_explained_variance,0.9894114339188111,1.0,-0.010588566081188855,history_dependent_relational_mode,P5_observation_noise,history_dependent_relational_mode,D5_source_swap,3,,,
10157,pearson,0.8589450049773041,1.0,-0.14105499502269592,persistent_shared_mode,P4_orthogonal_basis_rotation,direct_coupling_SCM,D2_phase_randomization,3,,,
10157,spectral_coherence,0.824609043773744,1.0,-0.175390956226256,history_dependent_relational_mode,P2_global_scaling,persistent_shared_mode,D6_common_driver_replacement,3,,,
10158,VAR_ARX_predictive,0.914311858144974,0.9112130928478008,0.0030987652971731228,history_dependent_relational_mode,P2_global_scaling,history_dependent_relational_mode,D4_edge_cutting,3,,,
10158,autocorrelation_persistence,0.7929809995087396,1.0,-0.20701900049126043,history_dependent_relational_mode,P7_coarse_graining,persistent_shared_mode,D7_history_destruction,3,,,
10158,correlon_v1,0.0,1.0,-1.0,history_dependent_relational_mode,P6_time_reparameterization,persistent_shared_mode,D6_common_driver_replacement,3,VAR_ARX_predictive,0.0030987652971731228,-1.0030987652971732
10158,largest_covariance_eigenvalue,0.882099192296144,1.0,-0.11790080770385603,direct_coupling_SCM,P7_coarse_graining,direct_coupling_SCM,D7_history_destruction,3,,,
10158,linear_CKA,0.5666752864863001,0.9631983493287204,-0.39652306284242034,history_dependent_relational_mode,P2_global_scaling,direct_coupling_SCM,D7_history_destruction,3,,,
10158,mutual_information,0.990821851201302,1.0,-0.00917814879869805,persistent_shared_mode,P5_observation_noise,direct_coupling_SCM,D7_history_destruction,3,,,
10158,pca_rank1_explained_variance,0.991935914468652,1.0,-0.008064085531347964,persistent_shared_mode,P5_observation_noise,direct_coupling_SCM,D7_history_destruction,3,,,
10158,pearson,0.9254600309922444,0.9943069769989892,-0.06884694600674479,persistent_shared_mode,P4_orthogonal_basis_rotation,direct_coupling_SCM,D7_history_destruction,3,,,
10158,spectral_coherence,0.8445268009386652,1.0,-0.15547319906133483,history_dependent_relational_mode,P2_global_scaling,persistent_shared_mode,D6_common_driver_replacement,3,,,
10159,VAR_ARX_predictive,0.924627451036025,1.0,-0.07537254896397505,persistent_shared_mode,P2_global_scaling,history_dependent_relational_mode,D3_IAAFT_surrogate,3,,,
10159,autocorrelation_persistence,0.8160440632130558,1.0,-0.18395593678694422,direct_coupling_SCM,P7_coarse_graining,direct_coupling_SCM,D5_source_swap,3,,,
10159,correlon_v1,0.0,1.0,-1.0,direct_coupling_SCM,P1_node_permutation,persistent_shared_mode,D6_common_driver_replacement,3,pca_rank1_explained_variance,-0.004182676529644769,-0.9958173234703552
10159,largest_covariance_eigenvalue,0.858931004642981,1.0,-0.141068995357019,history_dependent_relational_mode,P7_coarse_graining,history_dependent_relational_mode,D1_temporal_shuffle,3,,,
10159,linear_CKA,0.5464193741776031,1.0,-0.4535806258223969,persistent_shared_mode,P2_global_scaling,history_dependent_relational_mode,D2_phase_randomization,3,,,
10159,mutual_information,0.9941496335227306,1.0,-0.005850366477269442,persistent_shared_mode,P5_observation_noise,history_dependent_relational_mode,D2_phase_randomization,3,,,
10159,pca_rank1_explained_variance,0.9958173234703552,1.0,-0.004182676529644769,persistent_shared_mode,P5_observation_noise,history_dependent_relational_mode,D1_temporal_shuffle,3,,,
10159,pearson,0.9231836377115704,1.0,-0.07681636228842958,persistent_shared_mode,P4_orthogonal_basis_rotation,history_dependent_relational_mode,D2_phase_randomization,3,,,
10159,spectral_coherence,0.7573014817993013,1.0,-0.24269851820069865,direct_coupling_SCM,P6_time_reparameterization,persistent_shared_mode,D6_common_driver_replacement,3,,,
10160,VAR_ARX_predictive,0.8869530937245809,1.0,-0.11304690627541913,persistent_shared_mode,P2_global_scaling,persistent_shared_mode,D6_common_driver_replacement,3,,,
10160,autocorrelation_persistence,0.8380108200169523,1.0,-0.16198917998304774,direct_coupling_SCM,P7_coarse_graining,persistent_shared_mode,D5_source_swap,3,,,
10160,correlon_v1,0.0,1.0,-1.0,direct_coupling_SCM,P1_node_permutation,persistent_shared_mode,D6_common_driver_replacement,3,pca_rank1_explained_variance,-0.007960443517889604,-0.9920395564821104
10160,largest_covariance_eigenvalue,0.8687294477567662,1.0,-0.1312705522432338,history_dependent_relational_mode,P7_coarse_graining,history_dependent_relational_mode,D7_history_destruction,3,,,
10160,linear_CKA,0.5601064419473599,1.0,-0.4398935580526401,persistent_shared_mode,P2_global_scaling,history_dependent_relational_mode,D3_IAAFT_surrogate,3,,,
10160,mutual_information,0.989099592023956,1.0,-0.010900407976043969,persistent_shared_mode,P5_observation_noise,history_dependent_relational_mode,D2_phase_randomization,3,,,
10160,pca_rank1_explained_variance,0.9920395564821104,1.0,-0.007960443517889604,persistent_shared_mode,P5_observation_noise,history_dependent_relational_mode,D7_history_destruction,3,,,
10160,pearson,0.7977399613145846,1.0,-0.20226003868541542,persistent_shared_mode,P4_orthogonal_basis_rotation,history_dependent_relational_mode,D3_IAAFT_surrogate,3,,,
10160,spectral_coherence,0.4916553666827976,1.0,-0.5083446333172024,persistent_shared_mode,P2_global_scaling,direct_coupling_SCM,D6_common_driver_replacement,3,,,
10161,VAR_ARX_predictive,0.9778479288173394,0.9590291424874228,0.018818786329916626,direct_coupling_SCM,P2_global_scaling,history_dependent_relational_mode,D3_IAAFT_surrogate,3,,,
10161,autocorrelation_persistence,0.7894663682218471,1.0,-0.21053363177815287,history_dependent_relational_mode,P7_coarse_graining,persistent_shared_mode,D5_source_swap,3,,,
10161,correlon_v1,0.0,1.0,-1.0,direct_coupling_SCM,P5_observation_noise,persistent_shared_mode,D6_common_driver_replacement,3,VAR_ARX_predictive,0.018818786329916626,-1.0188187863299167
10161,largest_covariance_eigenvalue,0.8624366790978976,1.0,-0.13756332090210244,history_dependent_relational_mode,P7_coarse_graining,persistent_shared_mode,D6_common_driver_replacement,3,,,
10161,linear_CKA,0.439530779607297,1.0,-0.5604692203927031,direct_coupling_SCM,P2_global_scaling,history_dependent_relational_mode,D2_phase_randomization,3,,,
10161,mutual_information,0.9580825904978698,1.0,-0.04191740950213019,history_dependent_relational_mode,P5_observation_noise,history_dependent_relational_mode,D2_phase_randomization,3,,,
10161,pca_rank1_explained_variance,0.9854899851774368,1.0,-0.0145100148225632,history_dependent_relational_mode,P5_observation_noise,persistent_shared_mode,D6_common_driver_replacement,3,,,
10161,pearson,0.9381218053425874,1.0,-0.06187819465741262,persistent_shared_mode,P4_orthogonal_basis_rotation,history_dependent_relational_mode,D2_phase_randomization,3,,,
10161,spectral_coherence,0.6542498325379991,1.0,-0.34575016746200093,persistent_shared_mode,P2_global_scaling,persistent_shared_mode,D6_common_driver_replacement,3,,,
10162,VAR_ARX_predictive,0.8656692184428341,1.0,-0.13433078155716593,direct_coupling_SCM,P2_global_scaling,persistent_shared_mode,D6_common_driver_replacement,3,,,
10162,autocorrelation_persistence,0.8072197984054765,1.0,-0.19278020159452347,direct_coupling_SCM,P7_coarse_graining,history_dependent_relational_mode,D5_source_swap,3,,,
10162,correlon_v1,0.0,1.0,-1.0,history_dependent_relational_mode,P1_node_permutation,history_dependent_relational_mode,D5_source_swap,3,pca_rank1_explained_variance,-0.00565591212150518,-0.9943440878784948
10162,largest_covariance_eigenvalue,0.8755223790533175,1.0,-0.12447762094668247,history_dependent_relational_mode,P7_coarse_graining,history_dependent_relational_mode,D5_source_swap,3,,,
10162,linear_CKA,0.501358173413416,1.0,-0.49864182658658396,direct_coupling_SCM,P2_global_scaling,history_dependent_relational_mode,D2_phase_randomization,3,,,
10162,mutual_information,0.9798388012345998,1.0,-0.020161198765400234,persistent_shared_mode,P5_observation_noise,direct_coupling_SCM,D2_phase_randomization,3,,,
10162,pca_rank1_explained_variance,0.9943440878784948,1.0,-0.00565591212150518,direct_coupling_SCM,P5_observation_noise,history_dependent_relational_mode,D5_source_swap,3,,,
10162,pearson,0.902641240204955,1.0,-0.09735875979504505,persistent_shared_mode,P4_orthogonal_basis_rotation,history_dependent_relational_mode,D2_phase_randomization,3,,,
10162,spectral_coherence,0.7223858651860731,1.0,-0.27761413481392694,persistent_shared_mode,P2_global_scaling,persistent_shared_mode,D6_common_driver_replacement,3,,,
10163,VAR_ARX_predictive,0.9134426684899845,0.9532450651571438,-0.039802396667159345,persistent_shared_mode,P2_global_scaling,persistent_shared_mode,D6_common_driver_replacement,3,,,
10163,autocorrelation_persistence,0.8111706957838117,1.0,-0.18882930421618827,history_dependent_relational_mode,P7_coarse_graining,direct_coupling_SCM,D5_source_swap,3,,,
10163,correlon_v1,0.0,1.0,-1.0,direct_coupling_SCM,P1_node_permutation,persistent_shared_mode,D6_common_driver_replacement,3,pca_rank1_explained_variance,-0.012126722511265231,-0.9878732774887348
10163,largest_covariance_eigenvalue,0.8725197385060315,1.0,-0.12748026149396852,direct_coupling_SCM,P7_coarse_graining,direct_coupling_SCM,D5_source_swap,3,,,
10163,linear_CKA,0.3530892417486369,1.0,-0.6469107582513631,persistent_shared_mode,P2_global_scaling,direct_coupling_SCM,D2_phase_randomization,3,,,
10163,mutual_information,0.9602844358867388,1.0,-0.03971556411326116,history_dependent_relational_mode,P5_observation_noise,direct_coupling_SCM,D2_phase_randomization,3,,,
10163,pca_rank1_explained_variance,0.9878732774887348,1.0,-0.012126722511265231,history_dependent_relational_mode,P5_observation_noise,direct_coupling_SCM,D5_source_swap,3,,,
10163,pearson,0.94459312873096,1.0,-0.05540687126903998,persistent_shared_mode,P4_orthogonal_basis_rotation,direct_coupling_SCM,D2_phase_randomization,3,,,
10163,spectral_coherence,0.5572158795490572,1.0,-0.44278412045094284,persistent_shared_mode,P2_global_scaling,persistent_shared_mode,D6_common_driver_replacement,3,,,
10164,VAR_ARX_predictive,0.7858569629340526,0.9371851402328374,-0.15132817729878478,direct_coupling_SCM,P2_global_scaling,history_dependent_relational_mode,D2_phase_randomization,3,,,
10164,autocorrelation_persistence,0.8025877286558556,1.0,-0.1974122713441444,direct_coupling_SCM,P7_coarse_graining,persistent_shared_mode,D5_source_swap,3,,,
10164,correlon_v1,0.0,1.0,-1.0,direct_coupling_SCM,P6_time_reparameterization,persistent_shared_mode,D6_common_driver_replacement,3,mutual_information,-0.00526892662130618,-0.9947310733786938
10164,largest_covariance_eigenvalue,0.8544868803798243,1.0,-0.14551311962017566,direct_coupling_SCM,P7_coarse_graining,direct_coupling_SCM,D7_history_destruction,3,,,
10164,linear_CKA,0.3930233072135234,1.0,-0.6069766927864766,persistent_shared_mode,P2_global_scaling,history_dependent_relational_mode,D2_phase_randomization,3,,,
10164,mutual_information,0.9947310733786938,1.0,-0.00526892662130618,persistent_shared_mode,P5_observation_noise,history_dependent_relational_mode,D2_phase_randomization,3,,,
10164,pca_rank1_explained_variance,0.9887915091174362,1.0,-0.011208490882563815,direct_coupling_SCM,P5_observation_noise,direct_coupling_SCM,D7_history_destruction,3,,,
10164,pearson,0.936061402741029,1.0,-0.063938597258971,persistent_shared_mode,P4_orthogonal_basis_rotation,history_dependent_relational_mode,D2_phase_randomization,3,,,
10164,spectral_coherence,0.5398536458714888,1.0,-0.46014635412851124,persistent_shared_mode,P2_global_scaling,persistent_shared_mode,D6_common_driver_replacement,3,,,
10165,VAR_ARX_predictive,0.8907087522233144,0.8901666834791944,0.0005420687441199945,persistent_shared_mode,P2_global_scaling,history_dependent_relational_mode,D4_edge_cutting,3,,,
10165,autocorrelation_persistence,0.8019244696517009,1.0,-0.19807553034829906,direct_coupling_SCM,P7_coarse_graining,direct_coupling_SCM,D5_source_swap,3,,,
10165,correlon_v1,0.0,1.0,-1.0,direct_coupling_SCM,P1_node_permutation,persistent_shared_mode,D6_common_driver_replacement,3,VAR_ARX_predictive,0.0005420687441199945,-1.00054206874412
10165,largest_covariance_eigenvalue,0.8577299155636071,1.0,-0.14227008443639289,history_dependent_relational_mode,P7_coarse_graining,direct_coupling_SCM,D6_common_driver_replacement,3,,,
10165,linear_CKA,0.5618389496595332,1.0,-0.4381610503404668,persistent_shared_mode,P2_global_scaling,history_dependent_relational_mode,D3_IAAFT_surrogate,3,,,
10165,mutual_information,0.9676886932480256,1.0,-0.032311306751974356,history_dependent_relational_mode,P5_observation_noise,history_dependent_relational_mode,D3_IAAFT_surrogate,3,,,
10165,pca_rank1_explained_variance,0.9722045978702726,1.0,-0.02779540212972742,persistent_shared_mode,P2_global_scaling,direct_coupling_SCM,D6_common_driver_replacement,3,,,
10165,pearson,0.8270015574616699,1.0,-0.17299844253833008,persistent_shared_mode,P4_orthogonal_basis_rotation,history_dependent_relational_mode,D3_IAAFT_surrogate,3,,,
10165,spectral_coherence,0.7351870676986783,1.0,-0.26481293230132175,persistent_shared_mode,P2_global_scaling,persistent_shared_mode,D6_common_driver_replacement,3,,,
10166,VAR_ARX_predictive,0.9378678671160124,0.9918370398907682,-0.05396917277475577,history_dependent_relational_mode,P2_global_scaling,history_dependent_relational_mode,D2_phase_randomization,3,,,
10166,autocorrelation_persistence,0.8033494503171804,1.0,-0.1966505496828196,history_dependent_relational_mode,P7_coarse_graining,history_dependent_relational_mode,D5_source_swap,3,,,
10166,correlon_v1,0.0,1.0,-1.0,direct_coupling_SCM,P6_time_reparameterization,persistent_shared_mode,D6_common_driver_replacement,3,pca_rank1_explained_variance,-0.006656627748953592,-0.9933433722510464
10166,largest_covariance_eigenvalue,0.873854749804686,1.0,-0.12614525019531397,history_dependent_relational_mode,P7_coarse_graining,history_dependent_relational_mode,D5_source_swap,3,,,
10166,linear_CKA,0.6160418882999275,1.0,-0.38395811170007255,history_dependent_relational_mode,P2_global_scaling,direct_coupling_SCM,D2_phase_randomization,3,,,
10166,mutual_information,0.9716849852343884,1.0,-0.0283150147656116,direct_coupling_SCM,P5_observation_noise,direct_coupling_SCM,D2_phase_randomization,3,,,
10166,pca_rank1_explained_variance,0.9933433722510464,1.0,-0.006656627748953592,history_dependent_relational_mode,P5_observation_noise,history_dependent_relational_mode,D5_source_swap,3,,,
10166,pearson,0.8717026009134162,1.0,-0.12829739908658377,persistent_shared_mode,P4_orthogonal_basis_rotation,direct_coupling_SCM,D2_phase_randomization,3,,,
10166,spectral_coherence,0.875184177374736,1.0,-0.12481582262526403,direct_coupling_SCM,P6_time_reparameterization,persistent_shared_mode,D6_common_driver_replacement,3,,,
10167,VAR_ARX_predictive,0.9303853153368166,0.9045789875228172,0.025806327813999386,direct_coupling_SCM,P2_global_scaling,history_dependent_relational_mode,D4_edge_cutting,3,,,
10167,autocorrelation_persistence,0.8055416723948032,1.0,-0.19445832760519677,direct_coupling_SCM,P7_coarse_graining,persistent_shared_mode,D5_source_swap,3,,,
10167,correlon_v1,0.0,1.0,-1.0,direct_coupling_SCM,P1_node_permutation,direct_coupling_SCM,D1_temporal_shuffle,3,VAR_ARX_predictive,0.025806327813999386,-1.0258063278139993
10167,largest_covariance_eigenvalue,0.8781461494794934,1.0,-0.12185385052050657,direct_coupling_SCM,P7_coarse_graining,history_dependent_relational_mode,D8_block_shuffle,3,,,
10167,linear_CKA,0.617290615807923,1.0,-0.382709384192077,history_dependent_relational_mode,P2_global_scaling,direct_coupling_SCM,D6_common_driver_replacement,3,,,
10167,mutual_information,0.9396549226494628,1.0,-0.06034507735053718,history_dependent_relational_mode,P5_observation_noise,history_dependent_relational_mode,D8_block_shuffle,3,,,
10167,pca_rank1_explained_variance,0.9942845553442496,1.0,-0.005715444655750357,history_dependent_relational_mode,P5_observation_noise,history_dependent_relational_mode,D8_block_shuffle,3,,,
10167,pearson,0.936133718653718,1.0,-0.06386628134628203,persistent_shared_mode,P4_orthogonal_basis_rotation,history_dependent_relational_mode,D8_block_shuffle,3,,,
10167,spectral_coherence,0.7325523917104699,1.0,-0.26744760828953007,persistent_shared_mode,P2_global_scaling,persistent_shared_mode,D6_common_driver_replacement,3,,,
10168,VAR_ARX_predictive,0.7505821066305808,1.0,-0.24941789336941922,direct_coupling_SCM,P2_global_scaling,persistent_shared_mode,D6_common_driver_replacement,3,,,
10168,autocorrelation_persistence,0.8070944860540825,1.0,-0.19290551394591748,direct_coupling_SCM,P7_coarse_graining,persistent_shared_mode,D5_source_swap,3,,,
10168,correlon_v1,0.0,1.0,-1.0,direct_coupling_SCM,P1_node_permutation,direct_coupling_SCM,D1_temporal_shuffle,3,pca_rank1_explained_variance,-0.007002923730253019,-0.992997076269747
10168,largest_covariance_eigenvalue,0.8587898113867412,1.0,-0.14121018861325885,direct_coupling_SCM,P7_coarse_graining,direct_coupling_SCM,D1_temporal_shuffle,3,,,
10168,linear_CKA,0.5607085992144291,1.0,-0.43929140078557094,history_dependent_relational_mode,P2_global_scaling,direct_coupling_SCM,D2_phase_randomization,3,,,
10168,mutual_information,0.9795861095495768,1.0,-0.02041389045042319,persistent_shared_mode,P5_observation_noise,direct_coupling_SCM,D2_phase_randomization,3,,,
10168,pca_rank1_explained_variance,0.992997076269747,1.0,-0.007002923730253019,persistent_shared_mode,P5_observation_noise,direct_coupling_SCM,D1_temporal_shuffle,3,,,
10168,pearson,0.8828457550568531,1.0,-0.11715424494314686,persistent_shared_mode,P4_orthogonal_basis_rotation,direct_coupling_SCM,D2_phase_randomization,3,,,
10168,spectral_coherence,0.6102721777903678,1.0,-0.3897278222096322,direct_coupling_SCM,P2_global_scaling,history_dependent_relational_mode,D6_common_driver_replacement,3,,,
10169,VAR_ARX_predictive,0.9496041897632213,1.0,-0.05039581023677875,direct_coupling_SCM,P2_global_scaling,history_dependent_relational_mode,D5_source_swap,3,,,
10169,autocorrelation_persistence,0.8168099678949051,0.999212480283789,-0.18240251238888383,direct_coupling_SCM,P7_coarse_graining,history_dependent_relational_mode,D2_phase_randomization,3,,,
10169,correlon_v1,0.0,1.0,-1.0,direct_coupling_SCM,P6_time_reparameterization,persistent_shared_mode,D6_common_driver_replacement,3,pca_rank1_explained_variance,-0.0062389018048908396,-0.9937610981951092
10169,largest_covariance_eigenvalue,0.8589928874706484,1.0,-0.1410071125293516,history_dependent_relational_mode,P7_coarse_graining,history_dependent_relational_mode,D7_history_destruction,3,,,
10169,linear_CKA,0.4813320071626835,1.0,-0.5186679928373166,direct_coupling_SCM,P2_global_scaling,history_dependent_relational_mode,D2_phase_randomization,3,,,
10169,mutual_information,0.926544801531544,1.0,-0.07345519846845605,direct_coupling_SCM,P5_observation_noise,direct_coupling_SCM,D2_phase_randomization,3,,,
10169,pca_rank1_explained_variance,0.9937610981951092,1.0,-0.0062389018048908396,direct_coupling_SCM,P5_observation_noise,history_dependent_relational_mode,D7_history_destruction,3,,,
10169,pearson,0.8696177230721404,1.0,-0.13038227692785964,persistent_shared_mode,P4_orthogonal_basis_rotation,history_dependent_relational_mode,D2_phase_randomization,3,,,
10169,spectral_coherence,0.4946779683260903,1.0,-0.5053220316739098,persistent_shared_mode,P2_global_scaling,direct_coupling_SCM,D2_phase_randomization,3,,,
10170,VAR_ARX_predictive,0.9795378877884268,1.0,-0.020462112211573236,persistent_shared_mode,P5_observation_noise,history_dependent_relational_mode,D3_IAAFT_surrogate,3,,,
10170,autocorrelation_persistence,0.7922075326774359,1.0,-0.20779246732256407,direct_coupling_SCM,P7_coarse_graining,persistent_shared_mode,D5_source_swap,3,,,
10170,correlon_v1,0.0,1.0,-1.0,direct_coupling_SCM,P5_observation_noise,direct_coupling_SCM,D6_common_driver_replacement,3,pearson,0.002853199260258399,-1.0028531992602585
10170,largest_covariance_eigenvalue,0.883129430828546,1.0,-0.116870569171454,history_dependent_relational_mode,P7_coarse_graining,direct_coupling_SCM,D7_history_destruction,3,,,
10170,linear_CKA,0.701249545514116,0.91576704412954,-0.21451749861542402,direct_coupling_SCM,P2_global_scaling,history_dependent_relational_mode,D5_source_swap,3,,,
10170,mutual_information,0.9396905965525602,0.945759305001346,-0.00606870844878582,direct_coupling_SCM,P5_observation_noise,history_dependent_relational_mode,D4_edge_cutting,3,,,
10170,pca_rank1_explained_variance,0.9800186249945648,1.0,-0.019981375005435176,history_dependent_relational_mode,P5_observation_noise,direct_coupling_SCM,D7_history_destruction,3,,,
10170,pearson,0.9598028769986512,0.9569496777383928,0.002853199260258399,persistent_shared_mode,P4_orthogonal_basis_rotation,history_dependent_relational_mode,D5_source_swap,3,,,
10170,spectral_coherence,0.762478177255692,1.0,-0.237521822744308,persistent_shared_mode,P2_global_scaling,persistent_shared_mode,D6_common_driver_replacement,3,,,
10171,VAR_ARX_predictive,0.9368087066112826,1.0,-0.06319129338871743,history_dependent_relational_mode,P2_global_scaling,history_dependent_relational_mode,D2_phase_randomization,3,,,
10171,autocorrelation_persistence,0.8137211272595901,1.0,-0.18627887274040988,direct_coupling_SCM,P7_coarse_graining,direct_coupling_SCM,D5_source_swap,3,,,
10171,correlon_v1,0.0,1.0,-1.0,direct_coupling_SCM,P7_coarse_graining,persistent_shared_mode,D6_common_driver_replacement,3,pca_rank1_explained_variance,-0.0039480895818447825,-0.9960519104181552
10171,largest_covariance_eigenvalue,0.8505545352934324,1.0,-0.1494454647065676,history_dependent_relational_mode,P7_coarse_graining,history_dependent_relational_mode,D2_phase_randomization,3,,,
10171,linear_CKA,0.5742743794828525,1.0,-0.42572562051714746,history_dependent_relational_mode,P2_global_scaling,history_dependent_relational_mode,D2_phase_randomization,3,,,
10171,mutual_information,0.984159030268397,1.0,-0.015840969731602983,history_dependent_relational_mode,P5_observation_noise,direct_coupling_SCM,D5_source_swap,3,,,
10171,pca_rank1_explained_variance,0.9960519104181552,1.0,-0.0039480895818447825,persistent_shared_mode,P5_observation_noise,history_dependent_relational_mode,D2_phase_randomization,3,,,
10171,pearson,0.9036721131950636,1.0,-0.09632788680493642,persistent_shared_mode,P4_orthogonal_basis_rotation,history_dependent_relational_mode,D2_phase_randomization,3,,,
10171,spectral_coherence,0.7324447898243863,0.9858450773729756,-0.25340028754858923,persistent_shared_mode,P2_global_scaling,persistent_shared_mode,D6_common_driver_replacement,3,,,
10172,VAR_ARX_predictive,0.9698614963797968,1.0,-0.030138503620203205,persistent_shared_mode,P5_observation_noise,history_dependent_relational_mode,D2_phase_randomization,3,,,
10172,autocorrelation_persistence,0.8026195562173843,1.0,-0.19738044378261566,history_dependent_relational_mode,P7_coarse_graining,direct_coupling_SCM,D7_history_destruction,3,,,
10172,correlon_v1,0.0,1.0,-1.0,direct_coupling_SCM,P1_node_permutation,direct_coupling_SCM,D1_temporal_shuffle,3,pca_rank1_explained_variance,-0.002375812831756363,-0.9976241871682436
10172,largest_covariance_eigenvalue,0.866189719846785,1.0,-0.13381028015321506,direct_coupling_SCM,P7_coarse_graining,direct_coupling_SCM,D7_history_destruction,3,,,
10172,linear_CKA,0.7091701486352341,1.0,-0.2908298513647659,direct_coupling_SCM,P2_global_scaling,history_dependent_relational_mode,D3_IAAFT_surrogate,3,,,
10172,mutual_information,0.9851863466542332,1.0,-0.014813653345766786,history_dependent_relational_mode,P5_observation_noise,history_dependent_relational_mode,D3_IAAFT_surrogate,3,,,
10172,pca_rank1_explained_variance,0.9976241871682436,1.0,-0.002375812831756363,direct_coupling_SCM,P5_observation_noise,direct_coupling_SCM,D7_history_destruction,3,,,
10172,pearson,0.947773299281475,1.0,-0.052226700718524977,persistent_shared_mode,P4_orthogonal_basis_rotation,history_dependent_relational_mode,D3_IAAFT_surrogate,3,,,
10172,spectral_coherence,0.650078596179495,1.0,-0.34992140382050496,history_dependent_relational_mode,P2_global_scaling,persistent_shared_mode,D6_common_driver_replacement,3,,,
10173,VAR_ARX_predictive,0.947102662265043,1.0,-0.05289733773495697,persistent_shared_mode,P2_global_scaling,persistent_shared_mode,D6_common_driver_replacement,3,,,
10173,autocorrelation_persistence,0.8200490846479949,1.0,-0.17995091535200514,history_dependent_relational_mode,P7_coarse_graining,persistent_shared_mode,D5_source_swap,3,,,
10173,correlon_v1,0.0,1.0,-1.0,direct_coupling_SCM,P1_node_permutation,persistent_shared_mode,D6_common_driver_replacement,3,pca_rank1_explained_variance,0.02222440265081893,-1.022224402650819
10173,largest_covariance_eigenvalue,0.8864318295897524,0.971390031098438,-0.0849582015086856,direct_coupling_SCM,P7_coarse_graining,history_dependent_relational_mode,D5_source_swap,3,,,
10173,linear_CKA,0.5474308284615766,0.9669467858249836,-0.41951595736340697,history_dependent_relational_mode,P2_global_scaling,history_dependent_relational_mode,D2_phase_randomization,3,,,
10173,mutual_information,0.9270290177643724,1.0,-0.07297098223562759,history_dependent_relational_mode,P5_observation_noise,history_dependent_relational_mode,D2_phase_randomization,3,,,
10173,pca_rank1_explained_variance,0.993614433749257,0.971390031098438,0.02222440265081893,persistent_shared_mode,P5_observation_noise,history_dependent_relational_mode,D5_source_swap,3,,,
10173,pearson,0.8850569594736535,0.9821825779541816,-0.09712561848052814,persistent_shared_mode,P4_orthogonal_basis_rotation,history_dependent_relational_mode,D2_phase_randomization,3,,,
10173,spectral_coherence,0.6200991828498833,1.0,-0.3799008171501167,persistent_shared_mode,P2_global_scaling,persistent_shared_mode,D6_common_driver_replacement,3,,,
10174,VAR_ARX_predictive,0.9844936749721238,1.0,-0.015506325027876189,direct_coupling_SCM,P5_observation_noise,persistent_shared_mode,D6_common_driver_replacement,3,,,
10174,autocorrelation_persistence,0.802048553509148,1.0,-0.19795144649085195,history_dependent_relational_mode,P7_coarse_graining,persistent_shared_mode,D5_source_swap,3,,,
10174,correlon_v1,0.0,1.0,-1.0,history_dependent_relational_mode,P1_node_permutation,persistent_shared_mode,D6_common_driver_replacement,3,pca_rank1_explained_variance,-0.011194276592432773,-0.9888057234075672
10174,largest_covariance_eigenvalue,0.8585302423556502,1.0,-0.14146975764434977,direct_coupling_SCM,P7_coarse_graining,history_dependent_relational_mode,D6_common_driver_replacement,3,,,
10174,linear_CKA,0.692053020683602,1.0,-0.30794697931639803,history_dependent_relational_mode,P2_global_scaling,history_dependent_relational_mode,D8_block_shuffle,3,,,
10174,mutual_information,0.9620836351598732,1.0,-0.03791636484012684,history_dependent_relational_mode,P5_observation_noise,history_dependent_relational_mode,D8_block_shuffle,3,,,
10174,pca_rank1_explained_variance,0.9888057234075672,1.0,-0.011194276592432773,history_dependent_relational_mode,P5_observation_noise,history_dependent_relational_mode,D6_common_driver_replacement,3,,,
10174,pearson,0.8997916839527568,1.0,-0.10020831604724323,persistent_shared_mode,P4_orthogonal_basis_rotation,history_dependent_relational_mode,D8_block_shuffle,3,,,
10174,spectral_coherence,0.7108978427153341,1.0,-0.28910215728466593,persistent_shared_mode,P2_global_scaling,persistent_shared_mode,D6_common_driver_replacement,3,,,
10175,VAR_ARX_predictive,0.8932182701789648,0.9707283096821552,-0.07751003950319035,persistent_shared_mode,P2_global_scaling,history_dependent_relational_mode,D1_temporal_shuffle,3,,,
10175,autocorrelation_persistence,0.7877994097601252,1.0,-0.2122005902398748,history_dependent_relational_mode,P7_coarse_graining,persistent_shared_mode,D7_history_destruction,3,,,
10175,correlon_v1,0.0,1.0,-1.0,direct_coupling_SCM,P6_time_reparameterization,direct_coupling_SCM,D6_common_driver_replacement,3,pca_rank1_explained_variance,-0.012439200200692224,-0.9875607997993078
10175,largest_covariance_eigenvalue,0.8769108041328689,1.0,-0.12308919586713107,direct_coupling_SCM,P7_coarse_graining,direct_coupling_SCM,D7_history_destruction,3,,,
10175,linear_CKA,0.3086893886560946,1.0,-0.6913106113439054,persistent_shared_mode,P2_global_scaling,history_dependent_relational_mode,D5_source_swap,3,,,
10175,mutual_information,0.9454268103159188,1.0,-0.0545731896840812,history_dependent_relational_mode,P5_observation_noise,direct_coupling_SCM,D8_block_shuffle,3,,,
10175,pca_rank1_explained_variance,0.9875607997993078,1.0,-0.012439200200692224,direct_coupling_SCM,P5_observation_noise,direct_coupling_SCM,D7_history_destruction,3,,,
10175,pearson,0.916846602381696,1.0,-0.08315339761830398,direct_coupling_SCM,P4_orthogonal_basis_rotation,history_dependent_relational_mode,D5_source_swap,3,,,
10175,spectral_coherence,0.5709519650452652,1.0,-0.42904803495473476,persistent_shared_mode,P2_global_scaling,direct_coupling_SCM,D1_temporal_shuffle,3,,,
10176,VAR_ARX_predictive,0.7465981016382703,1.0,-0.25340189836172966,direct_coupling_SCM,P2_global_scaling,persistent_shared_mode,D6_common_driver_replacement,3,,,
10176,autocorrelation_persistence,0.7964660297142789,1.0,-0.20353397028572107,direct_coupling_SCM,P7_coarse_graining,persistent_shared_mode,D5_source_swap,3,,,
10176,correlon_v1,0.0,1.0,-1.0,direct_coupling_SCM,P5_observation_noise,persistent_shared_mode,D6_common_driver_replacement,3,pca_rank1_explained_variance,0.011350937774869396,-1.0113509377748695
10176,largest_covariance_eigenvalue,0.885089432361046,0.979648778168792,-0.09455934580774605,history_dependent_relational_mode,P7_coarse_graining,history_dependent_relational_mode,D6_common_driver_replacement,3,,,
10176,linear_CKA,0.3367809399059738,0.982973910921788,-0.6461929710158142,direct_coupling_SCM,P2_global_scaling,history_dependent_relational_mode,D2_phase_randomization,3,,,
10176,mutual_information,0.9456204225729148,1.0,-0.05437957742708521,direct_coupling_SCM,P5_observation_noise,direct_coupling_SCM,D3_IAAFT_surrogate,3,,,
10176,pca_rank1_explained_variance,0.9909997159436618,0.9796487781687924,0.011350937774869396,history_dependent_relational_mode,P5_observation_noise,history_dependent_relational_mode,D6_common_driver_replacement,3,,,
10176,pearson,0.8467365594074932,0.980224151546742,-0.13348759213924888,persistent_shared_mode,P4_orthogonal_basis_rotation,history_dependent_relational_mode,D2_phase_randomization,3,,,
10176,spectral_coherence,0.6697637265170037,1.0,-0.33023627348299633,persistent_shared_mode,P2_global_scaling,persistent_shared_mode,D6_common_driver_replacement,3,,,
10177,VAR_ARX_predictive,0.8718195206654161,1.0,-0.12818047933458387,history_dependent_relational_mode,P2_global_scaling,persistent_shared_mode,D6_common_driver_replacement,3,,,
10177,autocorrelation_persistence,0.806269507514217,1.0,-0.193730492485783,direct_coupling_SCM,P7_coarse_graining,direct_coupling_SCM,D5_source_swap,3,,,
10177,correlon_v1,0.0,1.0,-1.0,direct_coupling_SCM,P1_node_permutation,persistent_shared_mode,D6_common_driver_replacement,3,pca_rank1_explained_variance,0.007662949706544797,-1.0076629497065448
10177,largest_covariance_eigenvalue,0.8745735692120539,0.984231729466209,-0.10965816025415509,history_dependent_relational_mode,P7_coarse_graining,history_dependent_relational_mode,D8_block_shuffle,3,,,
10177,linear_CKA,0.4909269831371977,1.0,-0.5090730168628024,persistent_shared_mode,P2_global_scaling,history_dependent_relational_mode,D5_source_swap,3,,,
10177,mutual_information,0.990097273417028,1.0,-0.009902726582971977,persistent_shared_mode,P5_observation_noise,direct_coupling_SCM,D7_history_destruction,3,,,
10177,pca_rank1_explained_variance,0.9918946791727536,0.9842317294662088,0.007662949706544797,persistent_shared_mode,P5_observation_noise,history_dependent_relational_mode,D8_block_shuffle,3,,,
10177,pearson,0.8795752008879051,1.0,-0.12042479911209492,persistent_shared_mode,P4_orthogonal_basis_rotation,history_dependent_relational_mode,D5_source_swap,3,,,
10177,spectral_coherence,0.6180234421635338,1.0,-0.3819765578364662,persistent_shared_mode,P2_global_scaling,direct_coupling_SCM,D6_common_driver_replacement,3,,,
10178,VAR_ARX_predictive,0.9267837238014516,1.0,-0.07321627619854842,direct_coupling_SCM,P6_time_reparameterization,history_dependent_relational_mode,D1_temporal_shuffle,3,,,
10178,autocorrelation_persistence,0.803824596414536,1.0,-0.19617540358546404,direct_coupling_SCM,P7_coarse_graining,persistent_shared_mode,D5_source_swap,3,,,
10178,correlon_v1,0.0,1.0,-1.0,direct_coupling_SCM,P1_node_permutation,direct_coupling_SCM,D1_temporal_shuffle,3,pca_rank1_explained_variance,-0.012758033573091021,-0.987241966426909
10178,largest_covariance_eigenvalue,0.8720659698490456,1.0,-0.1279340301509544,direct_coupling_SCM,P7_coarse_graining,direct_coupling_SCM,D5_source_swap,3,,,
10178,linear_CKA,0.7407554387270545,1.0,-0.2592445612729455,persistent_shared_mode,P2_global_scaling,direct_coupling_SCM,D2_phase_randomization,3,,,
10178,mutual_information,0.9621701817656232,1.0,-0.03782981823437681,direct_coupling_SCM,P5_observation_noise,direct_coupling_SCM,D2_phase_randomization,3,,,
10178,pca_rank1_explained_variance,0.987241966426909,1.0,-0.012758033573091021,direct_coupling_SCM,P5_observation_noise,direct_coupling_SCM,D5_source_swap,3,,,
10178,pearson,0.8129606742052669,1.0,-0.18703932579473315,persistent_shared_mode,P4_orthogonal_basis_rotation,direct_coupling_SCM,D2_phase_randomization,3,,,
10178,spectral_coherence,0.4525166493867587,1.0,-0.5474833506132413,persistent_shared_mode,P2_global_scaling,persistent_shared_mode,D6_common_driver_replacement,3,,,
10179,VAR_ARX_predictive,0.9136179772587706,0.9608879556532254,-0.04726997839445479,direct_coupling_SCM,P2_global_scaling,history_dependent_relational_mode,D2_phase_randomization,3,,,
10179,autocorrelation_persistence,0.8104071752362813,1.0,-0.18959282476371875,history_dependent_relational_mode,P7_coarse_graining,persistent_shared_mode,D5_source_swap,3,,,
10179,correlon_v1,0.0,1.0,-1.0,direct_coupling_SCM,P1_node_permutation,persistent_shared_mode,D6_common_driver_replacement,3,pca_rank1_explained_variance,-0.009168276190053226,-0.9908317238099468
10179,largest_covariance_eigenvalue,0.8641644736684788,1.0,-0.13583552633152118,history_dependent_relational_mode,P7_coarse_graining,history_dependent_relational_mode,D3_IAAFT_surrogate,3,,,
10179,linear_CKA,0.6354337745974273,1.0,-0.36456622540257266,history_dependent_relational_mode,P2_global_scaling,history_dependent_relational_mode,D2_phase_randomization,3,,,
10179,mutual_information,0.9869400244074168,1.0,-0.013059975592583206,persistent_shared_mode,P5_observation_noise,history_dependent_relational_mode,D2_phase_randomization,3,,,
10179,pca_rank1_explained_variance,0.9908317238099468,1.0,-0.009168276190053226,persistent_shared_mode,P5_observation_noise,history_dependent_relational_mode,D3_IAAFT_surrogate,3,,,
10179,pearson,0.9535382868514156,1.0,-0.04646171314858438,persistent_shared_mode,P4_orthogonal_basis_rotation,history_dependent_relational_mode,D2_phase_randomization,3,,,
10179,spectral_coherence,0.8973342703432444,1.0,-0.10266572965675558,persistent_shared_mode,P2_global_scaling,persistent_shared_mode,D6_common_driver_replacement,3,,,
10180,VAR_ARX_predictive,0.9809532215703018,1.0,-0.019046778429698152,persistent_shared_mode,P5_observation_noise,history_dependent_relational_mode,D3_IAAFT_surrogate,3,,,
10180,autocorrelation_persistence,0.7943321284513774,1.0,-0.20566787154862265,history_dependent_relational_mode,P7_coarse_graining,persistent_shared_mode,D7_history_destruction,3,,,
10180,correlon_v1,0.0,1.0,-1.0,persistent_shared_mode,P5_observation_noise,persistent_shared_mode,D6_common_driver_replacement,3,pca_rank1_explained_variance,-0.01396627105013104,-0.986033728949869
10180,largest_covariance_eigenvalue,0.8662701237311834,1.0,-0.1337298762688166,history_dependent_relational_mode,P7_coarse_graining,direct_coupling_SCM,D5_source_swap,3,,,
10180,linear_CKA,0.5277700992470717,0.9638641278082504,-0.4360940285611786,direct_coupling_SCM,P2_global_scaling,history_dependent_relational_mode,D6_common_driver_replacement,3,,,
10180,mutual_information,0.9567774053584333,1.0,-0.04322259464156675,direct_coupling_SCM,P5_observation_noise,history_dependent_relational_mode,D3_IAAFT_surrogate,3,,,
10180,pca_rank1_explained_variance,0.986033728949869,1.0,-0.01396627105013104,persistent_shared_mode,P5_observation_noise,direct_coupling_SCM,D5_source_swap,3,,,
10180,pearson,0.8087769980354254,0.969056370462735,-0.1602793724273096,persistent_shared_mode,P4_orthogonal_basis_rotation,history_dependent_relational_mode,D6_common_driver_replacement,3,,,
10180,spectral_coherence,0.481492370984508,1.0,-0.518507629015492,persistent_shared_mode,P2_global_scaling,direct_coupling_SCM,D3_IAAFT_surrogate,3,,,
10181,VAR_ARX_predictive,0.9559596010866503,1.0,-0.044040398913349654,history_dependent_relational_mode,P5_observation_noise,history_dependent_relational_mode,D8_block_shuffle,3,,,
10181,autocorrelation_persistence,0.8030202653232847,1.0,-0.19697973467671526,history_dependent_relational_mode,P7_coarse_graining,persistent_shared_mode,D7_history_destruction,3,,,
10181,correlon_v1,0.0,1.0,-1.0,direct_coupling_SCM,P1_node_permutation,persistent_shared_mode,D6_common_driver_replacement,3,mutual_information,-0.02451667351664044,-0.9754833264833596
10181,largest_covariance_eigenvalue,0.8420630402535488,1.0,-0.15793695974645117,direct_coupling_SCM,P7_coarse_graining,direct_coupling_SCM,D7_history_destruction,3,,,
10181,linear_CKA,0.5052018504313254,1.0,-0.49479814956867463,persistent_shared_mode,P2_global_scaling,history_dependent_relational_mode,D2_phase_randomization,3,,,
10181,mutual_information,0.9754833264833596,1.0,-0.02451667351664044,history_dependent_relational_mode,P5_observation_noise,history_dependent_relational_mode,D2_phase_randomization,3,,,
10181,pca_rank1_explained_variance,0.8470697204166401,1.0,-0.15293027958335992,persistent_shared_mode,P2_global_scaling,direct_coupling_SCM,D7_history_destruction,3,,,
10181,pearson,0.9667836475771386,1.0,-0.03321635242286136,persistent_shared_mode,P4_orthogonal_basis_rotation,history_dependent_relational_mode,D2_phase_randomization,3,,,
10181,spectral_coherence,0.646090703519913,1.0,-0.35390929648008695,persistent_shared_mode,P2_global_scaling,persistent_shared_mode,D6_common_driver_replacement,3,,,
10182,VAR_ARX_predictive,0.943574017884576,0.9980015559802324,-0.05442753809565648,history_dependent_relational_mode,P5_observation_noise,history_dependent_relational_mode,D7_history_destruction,3,,,
10182,autocorrelation_persistence,0.8094555771532554,1.0,-0.19054442284674455,direct_coupling_SCM,P7_coarse_graining,persistent_shared_mode,D5_source_swap,3,,,
10182,correlon_v1,0.0,1.0,-1.0,direct_coupling_SCM,P6_time_reparameterization,persistent_shared_mode,D6_common_driver_replacement,3,mutual_information,-0.0018788607866759843,-0.998121139213324
10182,largest_covariance_eigenvalue,0.866382167899434,1.0,-0.133617832100566,direct_coupling_SCM,P7_coarse_graining,direct_coupling_SCM,D7_history_destruction,3,,,
10182,linear_CKA,0.6059539144314987,1.0,-0.3940460855685013,direct_coupling_SCM,P2_global_scaling,direct_coupling_SCM,D7_history_destruction,3,,,
10182,mutual_information,0.998121139213324,1.0,-0.0018788607866759843,persistent_shared_mode,P5_observation_noise,direct_coupling_SCM,D7_history_destruction,3,,,
10182,pca_rank1_explained_variance,0.9964279508473968,1.0,-0.0035720491526032294,history_dependent_relational_mode,P5_observation_noise,direct_coupling_SCM,D7_history_destruction,3,,,
10182,pearson,0.9434886606737272,1.0,-0.056511339326272836,persistent_shared_mode,P4_orthogonal_basis_rotation,direct_coupling_SCM,D7_history_destruction,3,,,
10182,spectral_coherence,0.7951364108591168,1.0,-0.2048635891408832,history_dependent_relational_mode,P6_time_reparameterization,persistent_shared_mode,D6_common_driver_replacement,3,,,
10183,VAR_ARX_predictive,0.8216898392076879,1.0,-0.1783101607923121,direct_coupling_SCM,P2_global_scaling,history_dependent_relational_mode,D5_source_swap,3,,,
10183,autocorrelation_persistence,0.7990426501193962,1.0,-0.20095734988060376,history_dependent_relational_mode,P7_coarse_graining,persistent_shared_mode,D5_source_swap,3,,,
10183,correlon_v1,0.0,1.0,-1.0,direct_coupling_SCM,P1_node_permutation,persistent_shared_mode,D6_common_driver_replacement,3,pca_rank1_explained_variance,-0.001882442012643204,-0.9981175579873568
10183,largest_covariance_eigenvalue,0.8779815288717451,1.0,-0.12201847112825492,history_dependent_relational_mode,P7_coarse_graining,direct_coupling_SCM,D5_source_swap,3,,,
10183,linear_CKA,0.4284279880457487,1.0,-0.5715720119542513,direct_coupling_SCM,P2_global_scaling,history_dependent_relational_mode,D4_edge_cutting,3,,,
10183,mutual_information,0.994918928816876,1.0,-0.005081071183123953,persistent_shared_mode,P5_observation_noise,history_dependent_relational_mode,D5_source_swap,3,,,
10183,pca_rank1_explained_variance,0.9981175579873568,1.0,-0.001882442012643204,history_dependent_relational_mode,P5_observation_noise,direct_coupling_SCM,D5_source_swap,3,,,
10183,pearson,0.8589263488255101,1.0,-0.1410736511744899,persistent_shared_mode,P4_orthogonal_basis_rotation,history_dependent_relational_mode,D4_edge_cutting,3,,,
10183,spectral_coherence,0.5711856518358549,1.0,-0.4288143481641451,persistent_shared_mode,P2_global_scaling,persistent_shared_mode,D6_common_driver_replacement,3,,,
10184,VAR_ARX_predictive,0.895187160929947,1.0,-0.10481283907005301,persistent_shared_mode,P2_global_scaling,history_dependent_relational_mode,D8_block_shuffle,3,,,
10184,autocorrelation_persistence,0.8131136600339822,1.0,-0.18688633996601778,history_dependent_relational_mode,P7_coarse_graining,persistent_shared_mode,D5_source_swap,3,,,
10184,correlon_v1,0.0,1.0,-1.0,persistent_shared_mode,P5_observation_noise,persistent_shared_mode,D6_common_driver_replacement,3,pca_rank1_explained_variance,-0.00772144041222278,-0.9922785595877772
10184,largest_covariance_eigenvalue,0.8738504122409628,1.0,-0.12614958775903717,history_dependent_relational_mode,P7_coarse_graining,history_dependent_relational_mode,D3_IAAFT_surrogate,3,,,
10184,linear_CKA,0.4341065296882984,1.0,-0.5658934703117016,persistent_shared_mode,P2_global_scaling,history_dependent_relational_mode,D2_phase_randomization,3,,,
10184,mutual_information,0.98369616522848,1.0,-0.016303834771519976,persistent_shared_mode,P5_observation_noise,history_dependent_relational_mode,D2_phase_randomization,3,,,
10184,pca_rank1_explained_variance,0.9922785595877772,1.0,-0.00772144041222278,direct_coupling_SCM,P5_observation_noise,history_dependent_relational_mode,D3_IAAFT_surrogate,3,,,
10184,pearson,0.9108181799761248,1.0,-0.0891818200238752,persistent_shared_mode,P4_orthogonal_basis_rotation,history_dependent_relational_mode,D2_phase_randomization,3,,,
10184,spectral_coherence,0.591744291227877,1.0,-0.408255708772123,persistent_shared_mode,P2_global_scaling,persistent_shared_mode,D6_common_driver_replacement,3,,,
10185,VAR_ARX_predictive,0.9608980899648673,1.0,-0.03910191003513275,direct_coupling_SCM,P5_observation_noise,history_dependent_relational_mode,D5_source_swap,3,,,
10185,autocorrelation_persistence,0.7928374674830098,1.0,-0.20716253251699024,direct_coupling_SCM,P7_coarse_graining,persistent_shared_mode,D5_source_swap,3,,,
10185,correlon_v1,0.0,1.0,-1.0,direct_coupling_SCM,P1_node_permutation,persistent_shared_mode,D6_common_driver_replacement,3,pca_rank1_explained_variance,-0.004218572543967625,-0.9957814274560324
10185,largest_covariance_eigenvalue,0.8838262690788412,1.0,-0.11617373092115879,history_dependent_relational_mode,P7_coarse_graining,history_dependent_relational_mode,D7_history_destruction,3,,,
10185,linear_CKA,0.6096614886846065,1.0,-0.39033851131539354,history_dependent_relational_mode,P2_global_scaling,history_dependent_relational_mode,D8_block_shuffle,3,,,
10185,mutual_information,0.99412412938603,1.0,-0.005875870613969991,persistent_shared_mode,P5_observation_noise,history_dependent_relational_mode,D8_block_shuffle,3,,,
10185,pca_rank1_explained_variance,0.9957814274560324,1.0,-0.004218572543967625,history_dependent_relational_mode,P5_observation_noise,history_dependent_relational_mode,D7_history_destruction,3,,,
10185,pearson,0.9147553231031512,1.0,-0.08524467689684878,persistent_shared_mode,P4_orthogonal_basis_rotation,history_dependent_relational_mode,D8_block_shuffle,3,,,
10185,spectral_coherence,0.7836967250684863,1.0,-0.2163032749315137,direct_coupling_SCM,P6_time_reparameterization,persistent_shared_mode,D6_common_driver_replacement,3,,,
10186,VAR_ARX_predictive,0.9493930785622138,1.0,-0.05060692143778622,persistent_shared_mode,P5_observation_noise,history_dependent_relational_mode,D3_IAAFT_surrogate,3,,,
10186,autocorrelation_persistence,0.7922987168507141,1.0,-0.20770128314928593,direct_coupling_SCM,P7_coarse_graining,persistent_shared_mode,D5_source_swap,3,,,
10186,correlon_v1,0.0,1.0,-1.0,direct_coupling_SCM,P5_observation_noise,direct_coupling_SCM,D1_temporal_shuffle,3,pca_rank1_explained_variance,-0.007704970725241567,-0.9922950292747584
10186,largest_covariance_eigenvalue,0.8452846197192213,1.0,-0.1547153802807787,history_dependent_relational_mode,P7_coarse_graining,persistent_shared_mode,D6_common_driver_replacement,3,,,
10186,linear_CKA,0.3920222406684826,1.0,-0.6079777593315174,direct_coupling_SCM,P2_global_scaling,direct_coupling_SCM,D7_history_destruction,3,,,
10186,mutual_information,0.9713994379099368,1.0,-0.02860056209006323,history_dependent_relational_mode,P5_observation_noise,direct_coupling_SCM,D3_IAAFT_surrogate,3,,,
10186,pca_rank1_explained_variance,0.9922950292747584,1.0,-0.007704970725241567,persistent_shared_mode,P5_observation_noise,persistent_shared_mode,D6_common_driver_replacement,3,,,
10186,pearson,0.9765030604918644,1.0,-0.023496939508135584,direct_coupling_SCM,P4_orthogonal_basis_rotation,direct_coupling_SCM,D7_history_destruction,3,,,
10186,spectral_coherence,0.6417291241229076,1.0,-0.3582708758770924,persistent_shared_mode,P2_global_scaling,history_dependent_relational_mode,D2_phase_randomization,3,,,
10187,VAR_ARX_predictive,0.8684529444788444,0.9069763478032872,-0.03852340332444282,persistent_shared_mode,P2_global_scaling,persistent_shared_mode,D6_common_driver_replacement,3,,,
10187,autocorrelation_persistence,0.8011099784414377,1.0,-0.19889002155856228,direct_coupling_SCM,P7_coarse_graining,direct_coupling_SCM,D5_source_swap,3,,,
10187,correlon_v1,0.0,1.0,-1.0,direct_coupling_SCM,P1_node_permutation,persistent_shared_mode,D6_common_driver_replacement,3,pca_rank1_explained_variance,-0.006094639558687609,-0.9939053604413124
10187,largest_covariance_eigenvalue,0.8632647417286108,1.0,-0.13673525827138922,direct_coupling_SCM,P7_coarse_graining,direct_coupling_SCM,D3_IAAFT_surrogate,3,,,
10187,linear_CKA,0.4706478803445001,1.0,-0.5293521196554999,persistent_shared_mode,P2_global_scaling,direct_coupling_SCM,D3_IAAFT_surrogate,3,,,
10187,mutual_information,0.9564711586364338,1.0,-0.04352884136356616,direct_coupling_SCM,P5_observation_noise,direct_coupling_SCM,D3_IAAFT_surrogate,3,,,
10187,pca_rank1_explained_variance,0.9939053604413124,1.0,-0.006094639558687609,direct_coupling_SCM,P5_observation_noise,direct_coupling_SCM,D3_IAAFT_surrogate,3,,,
10187,pearson,0.9297840157559158,1.0,-0.07021598424408415,persistent_shared_mode,P4_orthogonal_basis_rotation,direct_coupling_SCM,D3_IAAFT_surrogate,3,,,
10187,spectral_coherence,0.5160522437087925,1.0,-0.48394775629120745,persistent_shared_mode,P2_global_scaling,direct_coupling_SCM,D6_common_driver_replacement,3,,,
10188,VAR_ARX_predictive,0.8638687103217719,1.0,-0.13613128967822807,persistent_shared_mode,P2_global_scaling,persistent_shared_mode,D6_common_driver_replacement,3,,,
10188,autocorrelation_persistence,0.8039247160169367,1.0,-0.1960752839830633,direct_coupling_SCM,P7_coarse_graining,persistent_shared_mode,D5_source_swap,3,,,
10188,correlon_v1,0.0,1.0,-1.0,direct_coupling_SCM,P1_node_permutation,direct_coupling_SCM,D4_edge_cutting,3,pca_rank1_explained_variance,-0.009284732026502818,-0.9907152679734972
10188,largest_covariance_eigenvalue,0.8317547755744068,1.0,-0.1682452244255932,history_dependent_relational_mode,P7_coarse_graining,direct_coupling_SCM,D5_source_swap,3,,,
10188,linear_CKA,0.5384312363556872,1.0,-0.46156876364431276,persistent_shared_mode,P2_global_scaling,direct_coupling_SCM,D3_IAAFT_surrogate,3,,,
10188,mutual_information,0.9667974034765444,1.0,-0.033202596523455585,persistent_shared_mode,P5_observation_noise,direct_coupling_SCM,D2_phase_randomization,3,,,
10188,pca_rank1_explained_variance,0.9907152679734972,1.0,-0.009284732026502818,history_dependent_relational_mode,P5_observation_noise,direct_coupling_SCM,D5_source_swap,3,,,
10188,pearson,0.7805960074466424,1.0,-0.21940399255335763,persistent_shared_mode,P4_orthogonal_basis_rotation,direct_coupling_SCM,D3_IAAFT_surrogate,3,,,
10188,spectral_coherence,0.6837976077792681,1.0,-0.3162023922207319,persistent_shared_mode,P2_global_scaling,direct_coupling_SCM,D1_temporal_shuffle,3,,,
10189,VAR_ARX_predictive,0.970725504770514,1.0,-0.029274495229485997,direct_coupling_SCM,P5_observation_noise,history_dependent_relational_mode,D6_common_driver_replacement,3,,,
10189,autocorrelation_persistence,0.8035015852555756,1.0,-0.19649841474442442,direct_coupling_SCM,P7_coarse_graining,direct_coupling_SCM,D5_source_swap,3,,,
10189,correlon_v1,0.0,1.0,-1.0,direct_coupling_SCM,P1_node_permutation,persistent_shared_mode,D6_common_driver_replacement,3,mutual_information,-0.005175395889151946,-0.994824604110848
10189,largest_covariance_eigenvalue,0.8589623597060053,1.0,-0.14103764029399468,direct_coupling_SCM,P7_coarse_graining,history_dependent_relational_mode,D5_source_swap,3,,,
10189,linear_CKA,0.6787941128135013,1.0,-0.3212058871864987,direct_coupling_SCM,P2_global_scaling,history_dependent_relational_mode,D4_edge_cutting,3,,,
10189,mutual_information,0.994824604110848,1.0,-0.005175395889151946,persistent_shared_mode,P5_observation_noise,direct_coupling_SCM,D5_source_swap,3,,,
10189,pca_rank1_explained_variance,0.9872713625167148,1.0,-0.012728637483285232,direct_coupling_SCM,P5_observation_noise,history_dependent_relational_mode,D5_source_swap,3,,,
10189,pearson,0.7901433237765202,1.0,-0.2098566762234798,persistent_shared_mode,P4_orthogonal_basis_rotation,history_dependent_relational_mode,D5_source_swap,3,,,
10189,spectral_coherence,0.5804281429761917,1.0,-0.4195718570238083,persistent_shared_mode,P2_global_scaling,persistent_shared_mode,D6_common_driver_replacement,3,,,
10190,VAR_ARX_predictive,0.8815352343242155,1.0,-0.11846476567578446,persistent_shared_mode,P2_global_scaling,persistent_shared_mode,D6_common_driver_replacement,3,,,
10190,autocorrelation_persistence,0.7965586900276594,1.0,-0.20344130997234056,direct_coupling_SCM,P7_coarse_graining,persistent_shared_mode,D5_source_swap,3,,,
10190,correlon_v1,0.0,1.0,-1.0,direct_coupling_SCM,P6_time_reparameterization,persistent_shared_mode,D6_common_driver_replacement,3,mutual_information,-0.01630104047718084,-0.9836989595228192
10190,largest_covariance_eigenvalue,0.8619327313842209,1.0,-0.13806726861577912,direct_coupling_SCM,P7_coarse_graining,direct_coupling_SCM,D5_source_swap,3,,,
10190,linear_CKA,0.5011846225909851,1.0,-0.49881537740901494,persistent_shared_mode,P2_global_scaling,history_dependent_relational_mode,D2_phase_randomization,3,,,
10190,mutual_information,0.9836989595228192,1.0,-0.01630104047718084,persistent_shared_mode,P5_observation_noise,direct_coupling_SCM,D2_phase_randomization,3,,,
10190,pca_rank1_explained_variance,0.9302633655748348,1.0,-0.0697366344251652,persistent_shared_mode,P2_global_scaling,direct_coupling_SCM,D5_source_swap,3,,,
10190,pearson,0.8864118778107131,1.0,-0.11358812218928693,persistent_shared_mode,P4_orthogonal_basis_rotation,history_dependent_relational_mode,D2_phase_randomization,3,,,
10190,spectral_coherence,0.6034865855418504,1.0,-0.3965134144581496,persistent_shared_mode,P2_global_scaling,persistent_shared_mode,D6_common_driver_replacement,3,,,
10191,VAR_ARX_predictive,0.8026382704381251,1.0,-0.19736172956187492,direct_coupling_SCM,P2_global_scaling,persistent_shared_mode,D6_common_driver_replacement,3,,,
10191,autocorrelation_persistence,0.7821334012787308,1.0,-0.21786659872126923,direct_coupling_SCM,P7_coarse_graining,persistent_shared_mode,D7_history_destruction,3,,,
10191,correlon_v1,0.0,1.0,-1.0,direct_coupling_SCM,P5_observation_noise,persistent_shared_mode,D6_common_driver_replacement,3,mutual_information,-0.026013484332070402,-0.9739865156679296
10191,largest_covariance_eigenvalue,0.8841187007503885,1.0,-0.11588129924961155,direct_coupling_SCM,P7_coarse_graining,direct_coupling_SCM,D5_source_swap,3,,,
10191,linear_CKA,0.3178853241709159,1.0,-0.6821146758290841,persistent_shared_mode,P2_global_scaling,direct_coupling_SCM,D5_source_swap,3,,,
10191,mutual_information,0.9739865156679296,1.0,-0.026013484332070402,persistent_shared_mode,P5_observation_noise,direct_coupling_SCM,D5_source_swap,3,,,
10191,pca_rank1_explained_variance,0.914693174875868,1.0,-0.08530682512413201,persistent_shared_mode,P2_global_scaling,direct_coupling_SCM,D5_source_swap,3,,,
10191,pearson,0.97283223657443,1.0,-0.027167763425570035,persistent_shared_mode,P4_orthogonal_basis_rotation,direct_coupling_SCM,D5_source_swap,3,,,
10191,spectral_coherence,0.6242251745068158,1.0,-0.3757748254931842,persistent_shared_mode,P2_global_scaling,persistent_shared_mode,D6_common_driver_replacement,3,,,
10192,VAR_ARX_predictive,0.8696319439288591,1.0,-0.13036805607114088,history_dependent_relational_mode,P2_global_scaling,history_dependent_relational_mode,D3_IAAFT_surrogate,3,,,
10192,autocorrelation_persistence,0.8074117126715673,1.0,-0.1925882873284327,direct_coupling_SCM,P7_coarse_graining,persistent_shared_mode,D2_phase_randomization,3,,,
10192,correlon_v1,0.0,1.0,-1.0,direct_coupling_SCM,P1_node_permutation,direct_coupling_SCM,D6_common_driver_replacement,3,pca_rank1_explained_variance,-0.0027767704908547852,-0.9972232295091452
10192,largest_covariance_eigenvalue,0.8666261209476827,0.9955742301543472,-0.12894810920666455,history_dependent_relational_mode,P7_coarse_graining,history_dependent_relational_mode,D5_source_swap,3,,,
10192,linear_CKA,0.2721169874470858,1.0,-0.7278830125529142,direct_coupling_SCM,P2_global_scaling,history_dependent_relational_mode,D2_phase_randomization,3,,,
10192,mutual_information,0.9539140276744498,1.0,-0.04608597232555023,direct_coupling_SCM,P5_observation_noise,history_dependent_relational_mode,D2_phase_randomization,3,,,
10192,pca_rank1_explained_variance,0.9927974596634926,0.9955742301543474,-0.0027767704908547852,history_dependent_relational_mode,P5_observation_noise,history_dependent_relational_mode,D5_source_swap,3,,,
10192,pearson,0.9359276225567414,1.0,-0.06407237744325855,persistent_shared_mode,P4_orthogonal_basis_rotation,history_dependent_relational_mode,D2_phase_randomization,3,,,
10192,spectral_coherence,0.5281297253858095,1.0,-0.4718702746141905,persistent_shared_mode,P2_global_scaling,persistent_shared_mode,D6_common_driver_replacement,3,,,
10193,VAR_ARX_predictive,0.9772769248899812,1.0,-0.02272307511001881,direct_coupling_SCM,P5_observation_noise,history_dependent_relational_mode,D8_block_shuffle,3,,,
10193,autocorrelation_persistence,0.808937320165198,1.0,-0.19106267983480196,direct_coupling_SCM,P7_coarse_graining,persistent_shared_mode,D5_source_swap,3,,,
10193,correlon_v1,0.0,1.0,-1.0,direct_coupling_SCM,P1_node_permutation,direct_coupling_SCM,D5_source_swap,3,pca_rank1_explained_variance,-0.007584725002632187,-0.9924152749973678
10193,largest_covariance_eigenvalue,0.8892081019724943,1.0,-0.11079189802750566,direct_coupling_SCM,P7_coarse_graining,history_dependent_relational_mode,D5_source_swap,3,,,
10193,linear_CKA,0.8469424667854086,1.0,-0.15305753321459137,direct_coupling_SCM,P2_global_scaling,history_dependent_relational_mode,D2_phase_randomization,3,,,
10193,mutual_information,0.9344529142875908,1.0,-0.06554708571240919,history_dependent_relational_mode,P5_observation_noise,direct_coupling_SCM,D3_IAAFT_surrogate,3,,,
10193,pca_rank1_explained_variance,0.9924152749973678,1.0,-0.007584725002632187,persistent_shared_mode,P5_observation_noise,history_dependent_relational_mode,D5_source_swap,3,,,
10193,pearson,0.9371280649589436,1.0,-0.06287193504105637,persistent_shared_mode,P4_orthogonal_basis_rotation,history_dependent_relational_mode,D2_phase_randomization,3,,,
10193,spectral_coherence,0.7004306106724201,1.0,-0.2995693893275799,direct_coupling_SCM,P2_global_scaling,history_dependent_relational_mode,D6_common_driver_replacement,3,,,
10194,VAR_ARX_predictive,0.8430318643529764,0.98724670495929,-0.14421484060631362,persistent_shared_mode,P2_global_scaling,persistent_shared_mode,D6_common_driver_replacement,3,,,
10194,autocorrelation_persistence,0.7750698194173694,1.0,-0.2249301805826306,direct_coupling_SCM,P7_coarse_graining,persistent_shared_mode,D7_history_destruction,3,,,
10194,correlon_v1,0.0,1.0,-1.0,direct_coupling_SCM,P1_node_permutation,persistent_shared_mode,D6_common_driver_replacement,3,pca_rank1_explained_variance,-0.00910937668838796,-0.990890623311612
10194,largest_covariance_eigenvalue,0.8385468441862758,1.0,-0.16145315581372421,history_dependent_relational_mode,P7_coarse_graining,direct_coupling_SCM,D5_source_swap,3,,,
10194,linear_CKA,0.4430874132402981,1.0,-0.5569125867597019,history_dependent_relational_mode,P2_global_scaling,direct_coupling_SCM,D2_phase_randomization,3,,,
10194,mutual_information,0.9792867268401014,1.0,-0.02071327315989857,direct_coupling_SCM,P5_observation_noise,direct_coupling_SCM,D2_phase_randomization,3,,,
10194,pca_rank1_explained_variance,0.990890623311612,1.0,-0.00910937668838796,direct_coupling_SCM,P5_observation_noise,direct_coupling_SCM,D5_source_swap,3,,,
10194,pearson,0.9390019786396616,1.0,-0.060998021360338384,persistent_shared_mode,P4_orthogonal_basis_rotation,direct_coupling_SCM,D2_phase_randomization,3,,,
10194,spectral_coherence,0.6777210262959958,1.0,-0.32227897370400416,persistent_shared_mode,P2_global_scaling,persistent_shared_mode,D6_common_driver_replacement,3,,,
10195,VAR_ARX_predictive,0.953848760458562,1.0,-0.04615123954143796,direct_coupling_SCM,P2_global_scaling,persistent_shared_mode,D6_common_driver_replacement,3,,,
10195,autocorrelation_persistence,0.7915430467739789,1.0,-0.2084569532260211,history_dependent_relational_mode,P7_coarse_graining,persistent_shared_mode,D7_history_destruction,3,,,
10195,correlon_v1,0.0,1.0,-1.0,direct_coupling_SCM,P7_coarse_graining,persistent_shared_mode,D6_common_driver_replacement,3,pca_rank1_explained_variance,-0.0030014489608728434,-0.9969985510391272
10195,largest_covariance_eigenvalue,0.8464273155357883,1.0,-0.15357268446421168,history_dependent_relational_mode,P7_coarse_graining,history_dependent_relational_mode,D2_phase_randomization,3,,,
10195,linear_CKA,0.7111125485001245,1.0,-0.2888874514998755,history_dependent_relational_mode,P2_global_scaling,direct_coupling_SCM,D3_IAAFT_surrogate,3,,,
10195,mutual_information,0.9772120420766564,1.0,-0.02278795792334365,persistent_shared_mode,P5_observation_noise,direct_coupling_SCM,D3_IAAFT_surrogate,3,,,
10195,pca_rank1_explained_variance,0.9969985510391272,1.0,-0.0030014489608728434,persistent_shared_mode,P5_observation_noise,history_dependent_relational_mode,D2_phase_randomization,3,,,
10195,pearson,0.8909345113653183,1.0,-0.10906548863468168,persistent_shared_mode,P4_orthogonal_basis_rotation,direct_coupling_SCM,D3_IAAFT_surrogate,3,,,
10195,spectral_coherence,0.8031103956914941,1.0,-0.19688960430850588,history_dependent_relational_mode,P2_global_scaling,persistent_shared_mode,D6_common_driver_replacement,3,,,
10196,VAR_ARX_predictive,0.9096691203595364,1.0,-0.0903308796404636,direct_coupling_SCM,P2_global_scaling,persistent_shared_mode,D6_common_driver_replacement,3,,,
10196,autocorrelation_persistence,0.8128891654110257,1.0,-0.18711083458897426,history_dependent_relational_mode,P7_coarse_graining,persistent_shared_mode,D7_history_destruction,3,,,
10196,correlon_v1,0.0,1.0,-1.0,direct_coupling_SCM,P6_time_reparameterization,persistent_shared_mode,D6_common_driver_replacement,3,pca_rank1_explained_variance,-0.010917063811502037,-0.989082936188498
10196,largest_covariance_eigenvalue,0.865186287516109,1.0,-0.13481371248389096,history_dependent_relational_mode,P7_coarse_graining,history_dependent_relational_mode,D3_IAAFT_surrogate,3,,,
10196,linear_CKA,0.7938777547553519,1.0,-0.20612224524464806,direct_coupling_SCM,P2_global_scaling,history_dependent_relational_mode,D3_IAAFT_surrogate,3,,,
10196,mutual_information,0.9691009267409104,1.0,-0.030899073259089582,persistent_shared_mode,P5_observation_noise,history_dependent_relational_mode,D3_IAAFT_surrogate,3,,,
10196,pca_rank1_explained_variance,0.989082936188498,1.0,-0.010917063811502037,persistent_shared_mode,P5_observation_noise,history_dependent_relational_mode,D3_IAAFT_surrogate,3,,,
10196,pearson,0.8829255697951923,1.0,-0.11707443020480768,persistent_shared_mode,P4_orthogonal_basis_rotation,history_dependent_relational_mode,D3_IAAFT_surrogate,3,,,
10196,spectral_coherence,0.9154810518509684,1.0,-0.0845189481490316,persistent_shared_mode,P5_observation_noise,persistent_shared_mode,D6_common_driver_replacement,3,,,
10197,VAR_ARX_predictive,0.8684885741157341,1.0,-0.1315114258842659,direct_coupling_SCM,P2_global_scaling,history_dependent_relational_mode,D1_temporal_shuffle,3,,,
10197,autocorrelation_persistence,0.8051050736617168,1.0,-0.1948949263382832,history_dependent_relational_mode,P7_coarse_graining,persistent_shared_mode,D7_history_destruction,3,,,
10197,correlon_v1,0.0,1.0,-1.0,direct_coupling_SCM,P1_node_permutation,persistent_shared_mode,D6_common_driver_replacement,3,pca_rank1_explained_variance,0.0002697141778184031,-1.0002697141778185
10197,largest_covariance_eigenvalue,0.8772339899779377,0.9759389906925472,-0.09870500071460953,history_dependent_relational_mode,P7_coarse_graining,history_dependent_relational_mode,D6_common_driver_replacement,3,,,
10197,linear_CKA,0.7561328030490437,1.0,-0.24386719695095627,direct_coupling_SCM,P2_global_scaling,history_dependent_relational_mode,D2_phase_randomization,3,,,
10197,mutual_information,0.9248417392696764,1.0,-0.07515826073032361,history_dependent_relational_mode,P6_time_reparameterization,history_dependent_relational_mode,D2_phase_randomization,3,,,
10197,pca_rank1_explained_variance,0.9762087048703654,0.975938990692547,0.0002697141778184031,direct_coupling_SCM,P5_observation_noise,history_dependent_relational_mode,D6_common_driver_replacement,3,,,
10197,pearson,0.8578999940912209,1.0,-0.14210000590877914,persistent_shared_mode,P4_orthogonal_basis_rotation,history_dependent_relational_mode,D2_phase_randomization,3,,,
10197,spectral_coherence,0.7104749186361283,1.0,-0.2895250813638717,direct_coupling_SCM,P2_global_scaling,persistent_shared_mode,D6_common_driver_replacement,3,,,
10198,VAR_ARX_predictive,0.9790502950225118,1.0,-0.02094970497748816,history_dependent_relational_mode,P2_global_scaling,history_dependent_relational_mode,D2_phase_randomization,3,,,
10198,autocorrelation_persistence,0.7775132475043427,1.0,-0.2224867524956573,direct_coupling_SCM,P7_coarse_graining,persistent_shared_mode,D5_source_swap,3,,,
10198,correlon_v1,0.0,1.0,-1.0,direct_coupling_SCM,P6_time_reparameterization,persistent_shared_mode,D6_common_driver_replacement,3,mutual_information,0.06062737761270609,-1.0606273776127062
10198,largest_covariance_eigenvalue,0.8724560744036228,1.0,-0.12754392559637717,history_dependent_relational_mode,P7_coarse_graining,history_dependent_relational_mode,D5_source_swap,3,,,
10198,linear_CKA,0.7569933208045974,0.8876659663333837,-0.13067264552878632,history_dependent_relational_mode,P2_global_scaling,history_dependent_relational_mode,D8_block_shuffle,3,,,
10198,mutual_information,0.9412586719375948,0.8806312943248887,0.06062737761270609,history_dependent_relational_mode,P5_observation_noise,history_dependent_relational_mode,D8_block_shuffle,3,,,
10198,pca_rank1_explained_variance,0.996574837119379,1.0,-0.003425162880621002,history_dependent_relational_mode,P5_observation_noise,history_dependent_relational_mode,D5_source_swap,3,,,
10198,pearson,0.7859822853528644,0.9421602657368774,-0.15617798038401298,persistent_shared_mode,P4_orthogonal_basis_rotation,history_dependent_relational_mode,D8_block_shuffle,3,,,
10198,spectral_coherence,0.7350956681018578,1.0,-0.2649043318981422,direct_coupling_SCM,P2_global_scaling,history_dependent_relational_mode,D1_temporal_shuffle,3,,,
10199,VAR_ARX_predictive,0.8466429129704425,0.9880868434176732,-0.1414439304472307,direct_coupling_SCM,P2_global_scaling,persistent_shared_mode,D6_common_driver_replacement,3,,,
10199,autocorrelation_persistence,0.8105794028344441,1.0,-0.18942059716555593,history_dependent_relational_mode,P7_coarse_graining,persistent_shared_mode,D5_source_swap,3,,,
10199,correlon_v1,0.0,1.0,-1.0,history_dependent_relational_mode,P1_node_permutation,persistent_shared_mode,D6_common_driver_replacement,3,mutual_information,0.005474285107531784,-1.0054742851075318
10199,largest_covariance_eigenvalue,0.8691597166739872,1.0,-0.13084028332601283,history_dependent_relational_mode,P7_coarse_graining,direct_coupling_SCM,D6_common_driver_replacement,3,,,
10199,linear_CKA,0.5468152258325365,1.0,-0.4531847741674635,history_dependent_relational_mode,P2_global_scaling,direct_coupling_SCM,D6_common_driver_replacement,3,,,
10199,mutual_information,0.9674038786648675,0.9619295935573358,0.005474285107531784,direct_coupling_SCM,P5_observation_noise,direct_coupling_SCM,D6_common_driver_replacement,3,,,
10199,pca_rank1_explained_variance,0.9892760595586968,1.0,-0.010723940441303204,direct_coupling_SCM,P5_observation_noise,direct_coupling_SCM,D6_common_driver_replacement,3,,,
10199,pearson,0.9206497886931244,1.0,-0.07935021130687558,persistent_shared_mode,P4_orthogonal_basis_rotation,direct_coupling_SCM,D6_common_driver_replacement,3,,,
10199,spectral_coherence,0.5719296807745871,1.0,-0.42807031922541294,direct_coupling_SCM,P2_global_scaling,persistent_shared_mode,D6_common_driver_replacement,3,,,
