stage,seed,dimension,true_rank,strength,rank,method,train_samples,heldout_samples,field_evaluation_samples,cca_identity_diff,scale,generator_error,vector_field_cosine,orbit_shape_error,frequency_error,stability_max_real_eigenvalue
confirmation,10000,4,1,0.1,4,correlon,2000,1000,1000,0.0,1.0121528897268612,0.05408889048206787,0.9985695275330647,0.02674390086482576,0.014358860366746159,1.6653345369377348e-16
confirmation,10000,4,1,0.1,4,cca_equivalent,2000,1000,1000,0.0,1.0121528897268612,0.05408889048206787,0.9985695275330647,0.02674390086482576,0.014358860366746159,1.6653345369377348e-16
confirmation,10000,4,1,0.1,4,raw_svd,2000,1000,1000,0.0,1.0121528897268617,0.05408889048206803,0.9985695275330647,0.026743900864825837,0.014358860366745337,2.220446049250313e-16
confirmation,10000,4,1,0.1,4,full_state_oracle,2000,1000,1000,0.0,1.0,0.0,1.0,0.0,0.0,1.249000902703301e-16
confirmation,10000,4,1,0.25,4,correlon,2000,1000,1000,0.0,0.9795660272679504,0.06169157009171513,0.9982895308681826,0.029244393751772152,0.018794519845580164,7.771561172376096e-16
confirmation,10000,4,1,0.25,4,cca_equivalent,2000,1000,1000,0.0,0.9795660272679504,0.06169157009171513,0.9982895308681826,0.029244393751772152,0.018794519845580164,7.771561172376096e-16
confirmation,10000,4,1,0.25,4,raw_svd,2000,1000,1000,0.0,0.9795660272679512,0.06169157009171498,0.9982895308681826,0.029244393751772086,0.01879451984558051,3.608224830031759e-16
confirmation,10000,4,1,0.25,4,full_state_oracle,2000,1000,1000,0.0,1.0,0.0,1.0,0.0,0.0,2.220446049250313e-16
confirmation,10000,4,1,0.5,4,correlon,2000,1000,1000,0.0,0.9804323542784152,0.057603052978976596,0.9985473958846492,0.02694999179360474,0.016303838820439,4.996003610813204e-16
confirmation,10000,4,1,0.5,4,cca_equivalent,2000,1000,1000,0.0,0.9804323542784152,0.057603052978976596,0.9985473958846492,0.02694999179360474,0.016303838820439,4.996003610813204e-16
confirmation,10000,4,1,0.5,4,raw_svd,2000,1000,1000,0.0,0.9804323542784144,0.05760305297897654,0.9985473958846492,0.026949991793604813,0.016303838820438794,2.220446049250313e-16
confirmation,10000,4,1,0.5,4,full_state_oracle,2000,1000,1000,0.0,1.0,0.0,1.0,0.0,0.0,3.469446951953614e-16
confirmation,10000,4,1,1.0,4,correlon,2000,1000,1000,0.0,0.9985681191732576,0.06142031060232031,0.9983866037724402,0.028402431476546204,0.01428650008157201,3.3306690738754696e-16
confirmation,10000,4,1,1.0,4,cca_equivalent,2000,1000,1000,0.0,0.9985681191732576,0.06142031060232031,0.9983866037724402,0.028402431476546204,0.01428650008157201,3.3306690738754696e-16
confirmation,10000,4,1,1.0,4,raw_svd,2000,1000,1000,0.0,0.998568119173259,0.06142031060232065,0.9983866037724402,0.02840243147654636,0.01428650008157184,3.885780586188048e-16
confirmation,10000,4,1,1.0,4,full_state_oracle,2000,1000,1000,0.0,1.0,0.0,1.0,0.0,0.0,5.273559366969494e-16
confirmation,10000,4,2,0.1,4,correlon,2000,1000,1000,0.0,1.0205646357073859,0.06304632320782176,0.9984367248892136,0.02795778166080381,0.014578157700058256,6.106226635438361e-16
confirmation,10000,4,2,0.1,4,cca_equivalent,2000,1000,1000,0.0,1.0205646357073859,0.06304632320782176,0.9984367248892136,0.02795778166080381,0.014578157700058256,6.106226635438361e-16
confirmation,10000,4,2,0.1,4,raw_svd,2000,1000,1000,0.0,1.0205646357073845,0.06304632320782216,0.9984367248892135,0.027957781660803975,0.014578157700059026,1.6653345369377348e-16
confirmation,10000,4,2,0.1,4,full_state_oracle,2000,1000,1000,0.0,1.0,0.0,1.0,0.0,0.0,3.608224830031759e-16
confirmation,10000,4,2,0.25,4,correlon,2000,1000,1000,0.0,0.9806536854405993,0.055643256916810706,0.9986413706213159,0.02606366607639939,0.01692956172412549,1.6653345369377348e-16
confirmation,10000,4,2,0.25,4,cca_equivalent,2000,1000,1000,0.0,0.9806536854405993,0.055643256916810706,0.9986413706213159,0.02606366607639939,0.01692956172412549,1.6653345369377348e-16
confirmation,10000,4,2,0.25,4,raw_svd,2000,1000,1000,0.0,0.9806536854405995,0.05564325691681062,0.9986413706213159,0.02606366607639941,0.016929561724126505,2.0816681711721685e-16
confirmation,10000,4,2,0.25,4,full_state_oracle,2000,1000,1000,0.0,1.0,0.0,1.0,0.0,0.0,1.1102230246251565e-16
confirmation,10000,4,2,0.5,4,correlon,2000,1000,1000,0.0,1.0049810281405023,0.05544063266893934,0.9984589776217137,0.02775808331177045,0.01919478535128916,2.3592239273284576e-16
confirmation,10000,4,2,0.5,4,cca_equivalent,2000,1000,1000,0.0,1.0049810281405023,0.05544063266893934,0.9984589776217137,0.02775808331177045,0.01919478535128916,2.3592239273284576e-16
confirmation,10000,4,2,0.5,4,raw_svd,2000,1000,1000,0.0,1.0049810281405034,0.05544063266893932,0.9984589776217137,0.027758083311770473,0.019194785351288872,2.220446049250313e-16
confirmation,10000,4,2,0.5,4,full_state_oracle,2000,1000,1000,0.0,1.0,0.0,1.0,0.0,0.0,4.996003610813204e-16
confirmation,10000,4,2,1.0,4,correlon,2000,1000,1000,0.0,0.9845620452380353,0.06355886137139533,0.9982235988036959,0.029802694478050368,0.011696345112430593,5.551115123125783e-16
confirmation,10000,4,2,1.0,4,cca_equivalent,2000,1000,1000,0.0,0.9845620452380353,0.06355886137139533,0.9982235988036959,0.029802694478050368,0.011696345112430593,5.551115123125783e-16
confirmation,10000,4,2,1.0,4,raw_svd,2000,1000,1000,0.0,0.9845620452380355,0.06355886137139523,0.9982235988036959,0.029802694478050402,0.01169634511243056,2.7755575615628914e-16
confirmation,10000,4,2,1.0,4,full_state_oracle,2000,1000,1000,0.0,1.0,0.0,1.0,0.0,0.0,6.106226635438361e-16
confirmation,10000,4,4,0.1,4,correlon,2000,1000,1000,0.0,0.9987208239645325,0.05758694927220336,0.998428424769281,0.02803190352722328,0.012867129332216242,2.498001805406602e-16
confirmation,10000,4,4,0.1,4,cca_equivalent,2000,1000,1000,0.0,0.9987208239645325,0.05758694927220336,0.998428424769281,0.02803190352722328,0.012867129332216242,2.498001805406602e-16
confirmation,10000,4,4,0.1,4,raw_svd,2000,1000,1000,0.0,0.998720823964529,0.057586949272202266,0.9984284247692811,0.028031903527222703,0.012867129332215895,1.942890293094024e-16
confirmation,10000,4,4,0.1,4,full_state_oracle,2000,1000,1000,0.0,1.0,0.0,1.0,0.0,0.0,2.498001805406602e-16
confirmation,10000,4,4,0.25,4,correlon,2000,1000,1000,0.0,1.0020777468182065,0.08111306115448508,0.9972225694931501,0.03726546998797855,0.027178475276447067,2.7755575615628914e-16
confirmation,10000,4,4,0.25,4,cca_equivalent,2000,1000,1000,0.0,1.0020777468182065,0.08111306115448508,0.9972225694931501,0.03726546998797855,0.027178475276447067,2.7755575615628914e-16
confirmation,10000,4,4,0.25,4,raw_svd,2000,1000,1000,0.0,1.0020777468182065,0.08111306115448587,0.9972225694931501,0.03726546998797879,0.027178475276446665,4.440892098500626e-16
confirmation,10000,4,4,0.25,4,full_state_oracle,2000,1000,1000,0.0,1.0,0.0,1.0,0.0,0.0,3.3306690738754696e-16
confirmation,10000,4,4,0.5,4,correlon,2000,1000,1000,0.0,0.9777936815974334,0.08842798544045621,0.9969014423601454,0.03936087930836068,0.018840896440260213,3.191891195797325e-16
confirmation,10000,4,4,0.5,4,cca_equivalent,2000,1000,1000,0.0,0.9777936815974334,0.08842798544045621,0.9969014423601454,0.03936087930836068,0.018840896440260213,3.191891195797325e-16
confirmation,10000,4,4,0.5,4,raw_svd,2000,1000,1000,0.0,0.9777936815974332,0.08842798544045653,0.9969014423601453,0.039360879308360845,0.018840896440260338,1.6653345369377348e-16
confirmation,10000,4,4,0.5,4,full_state_oracle,2000,1000,1000,0.0,1.0,0.0,1.0,0.0,0.0,3.885780586188048e-16
confirmation,10000,4,4,1.0,4,correlon,2000,1000,1000,0.0,1.001074432031538,0.0646148717967022,0.9981124625121345,0.030720819389019376,0.014523903637756385,4.440892098500626e-16
confirmation,10000,4,4,1.0,4,cca_equivalent,2000,1000,1000,0.0,1.001074432031538,0.0646148717967022,0.9981124625121345,0.030720819389019376,0.014523903637756385,4.440892098500626e-16
confirmation,10000,4,4,1.0,4,raw_svd,2000,1000,1000,0.0,1.0010744320315395,0.06461487179670235,0.9981124625121345,0.030720819389019445,0.014523903637757081,5.551115123125783e-16
confirmation,10000,4,4,1.0,4,full_state_oracle,2000,1000,1000,0.0,1.0,0.0,1.0,0.0,0.0,2.220446049250313e-16
confirmation,10000,8,1,0.1,4,correlon,2000,1000,1000,0.0,0.9998225361729545,0.08096893522445728,0.996859699173753,0.0396251235092524,0.012534380483650928,5.689893001203927e-16
confirmation,10000,8,1,0.1,4,cca_equivalent,2000,1000,1000,0.0,0.9998225361729545,0.08096893522445728,0.996859699173753,0.0396251235092524,0.012534380483650928,5.689893001203927e-16
confirmation,10000,8,1,0.1,4,raw_svd,2000,1000,1000,0.0,0.9999949709187975,0.08033547947282446,0.9968876072252718,0.039448655076745845,0.011798847032679468,4.440892098500626e-16
confirmation,10000,8,1,0.1,4,full_state_oracle,2000,1000,1000,0.0,1.0,0.0,1.0,0.0,0.0,3.3306690738754696e-16
confirmation,10000,8,1,0.25,4,correlon,2000,1000,1000,0.0,0.9813545284802623,0.09096966897481416,0.9961593061899928,0.0438217629152864,0.02883257064155858,4.440892098500626e-16
confirmation,10000,8,1,0.25,4,cca_equivalent,2000,1000,1000,0.0,0.9813545284802623,0.09096966897481416,0.9961593061899928,0.0438217629152864,0.02883257064155858,4.440892098500626e-16
confirmation,10000,8,1,0.25,4,raw_svd,2000,1000,1000,0.0,0.9813709183067323,0.09085688431674646,0.9961628796596838,0.04380137178397637,0.028817012942478168,5.551115123125783e-16
confirmation,10000,8,1,0.25,4,full_state_oracle,2000,1000,1000,0.0,1.0,0.0,1.0,0.0,0.0,4.718447854656915e-16
confirmation,10000,8,1,0.5,4,correlon,2000,1000,1000,0.0,1.003188554315536,0.08789728752136468,0.996275028362402,0.04315652695478459,0.018337206649646304,2.7755575615628914e-16
confirmation,10000,8,1,0.5,4,cca_equivalent,2000,1000,1000,0.0,1.003188554315536,0.08789728752136468,0.996275028362402,0.04315652695478459,0.018337206649646304,2.7755575615628914e-16
confirmation,10000,8,1,0.5,4,raw_svd,2000,1000,1000,0.0,1.0032513228795983,0.08778263323192921,0.9962735821810169,0.043164903677542645,0.018220925383986803,3.2959746043559335e-16
confirmation,10000,8,1,0.5,4,full_state_oracle,2000,1000,1000,0.0,1.0,0.0,1.0,0.0,0.0,3.608224830031759e-16
confirmation,10000,8,1,1.0,4,correlon,2000,1000,1000,0.0,0.9793963405954227,0.08271159652799732,0.9966832818349535,0.04072295522826414,0.01663558081282212,3.885780586188048e-16
confirmation,10000,8,1,1.0,4,cca_equivalent,2000,1000,1000,0.0,0.9793963405954227,0.08271159652799732,0.9966832818349535,0.04072295522826414,0.01663558081282212,3.885780586188048e-16
confirmation,10000,8,1,1.0,4,raw_svd,2000,1000,1000,0.0,0.9797797103289385,0.08159541059860845,0.9967390064109157,0.04037941052742266,0.01772981698559107,7.771561172376096e-16
confirmation,10000,8,1,1.0,4,full_state_oracle,2000,1000,1000,0.0,1.0,0.0,1.0,0.0,0.0,3.885780586188048e-16
confirmation,10000,8,2,0.1,4,correlon,2000,1000,1000,0.0,0.9853407535085892,0.09347863470912206,0.9959710593162402,0.04488285131183026,0.01571806030608231,3.3306690738754696e-16
confirmation,10000,8,2,0.1,4,cca_equivalent,2000,1000,1000,0.0,0.9853407535085892,0.09347863470912206,0.9959710593162402,0.04488285131183026,0.01571806030608231,3.3306690738754696e-16
confirmation,10000,8,2,0.1,4,raw_svd,2000,1000,1000,0.0,0.9860199461512764,0.09238288647264553,0.9960034371109768,0.04470214138619734,0.016381904203401503,4.440892098500626e-16
confirmation,10000,8,2,0.1,4,full_state_oracle,2000,1000,1000,0.0,1.0,0.0,1.0,0.0,0.0,2.7755575615628914e-16
confirmation,10000,8,2,0.25,4,correlon,2000,1000,1000,0.0,1.002320295126243,0.0791377797984838,0.9969467846458544,0.039071827152985746,0.012131463730349987,2.7755575615628914e-16
confirmation,10000,8,2,0.25,4,cca_equivalent,2000,1000,1000,0.0,1.002320295126243,0.0791377797984838,0.9969467846458544,0.039071827152985746,0.012131463730349987,2.7755575615628914e-16
confirmation,10000,8,2,0.25,4,raw_svd,2000,1000,1000,0.0,1.0023029077777572,0.07932618095327094,0.9969292028274398,0.03918416244198785,0.011732326946038126,2.220446049250313e-16
confirmation,10000,8,2,0.25,4,full_state_oracle,2000,1000,1000,0.0,1.0,0.0,1.0,0.0,0.0,4.996003610813204e-16
confirmation,10000,8,2,0.5,4,correlon,2000,1000,1000,0.0,0.9806680937028946,0.08309956496261942,0.9966360861794226,0.04101166797740246,0.018977419944088338,3.3306690738754696e-16
confirmation,10000,8,2,0.5,4,cca_equivalent,2000,1000,1000,0.0,0.9806680937028946,0.08309956496261942,0.9966360861794226,0.04101166797740246,0.018977419944088338,3.3306690738754696e-16
confirmation,10000,8,2,0.5,4,raw_svd,2000,1000,1000,0.0,0.9811662962061594,0.0819716501340173,0.9966816542487861,0.040732945825300675,0.019600380784263745,2.220446049250313e-16
confirmation,10000,8,2,0.5,4,full_state_oracle,2000,1000,1000,0.0,1.0,0.0,1.0,0.0,0.0,3.3306690738754696e-16
confirmation,10000,8,2,1.0,4,correlon,2000,1000,1000,0.0,0.9822766511455449,0.08653660496002974,0.9962481939256558,0.043311696309104565,0.02157292668666154,5.689893001203927e-16
confirmation,10000,8,2,1.0,4,cca_equivalent,2000,1000,1000,0.0,0.9822766511455449,0.08653660496002974,0.9962481939256558,0.043311696309104565,0.02157292668666154,5.689893001203927e-16
confirmation,10000,8,2,1.0,4,raw_svd,2000,1000,1000,0.0,0.9825109599845426,0.08610968320872175,0.9962485710724952,0.043309519320264826,0.021791795873484274,4.440892098500626e-16
confirmation,10000,8,2,1.0,4,full_state_oracle,2000,1000,1000,0.0,1.0,0.0,1.0,0.0,0.0,4.440892098500626e-16
confirmation,10000,8,4,0.1,4,correlon,2000,1000,1000,0.0,0.9958761598641211,0.08283702183635577,0.9968462677945815,0.03970977339030322,0.015655232673622267,3.3306690738754696e-16
confirmation,10000,8,4,0.1,4,cca_equivalent,2000,1000,1000,0.0,0.9958761598641211,0.08283702183635577,0.9968462677945815,0.03970977339030322,0.015655232673622267,3.3306690738754696e-16
confirmation,10000,8,4,0.1,4,raw_svd,2000,1000,1000,0.0,0.9961646602761836,0.08219469493123967,0.9968697818384992,0.03956145953766588,0.015494718055798225,4.440892098500626e-16
confirmation,10000,8,4,0.1,4,full_state_oracle,2000,1000,1000,0.0,1.0,0.0,1.0,0.0,0.0,3.885780586188048e-16
confirmation,10000,8,4,0.25,4,correlon,2000,1000,1000,0.0,0.9733825875745361,0.07533893585419936,0.9972735201670494,0.03692207898365629,0.021616658880253256,3.3306690738754696e-16
confirmation,10000,8,4,0.25,4,cca_equivalent,2000,1000,1000,0.0,0.9733825875745361,0.07533893585419936,0.9972735201670494,0.03692207898365629,0.021616658880253256,3.3306690738754696e-16
confirmation,10000,8,4,0.25,4,raw_svd,2000,1000,1000,0.0,0.973348073418654,0.07583601251272966,0.9972404050476983,0.03714562526261858,0.021808587596719515,3.3306690738754696e-16
confirmation,10000,8,4,0.25,4,full_state_oracle,2000,1000,1000,0.0,1.0,0.0,1.0,0.0,0.0,3.469446951953614e-16
confirmation,10000,8,4,0.5,4,correlon,2000,1000,1000,0.0,0.9732685005874057,0.09032343979458574,0.9962425786453635,0.04334409622218772,0.0244829014525001,4.996003610813204e-16
confirmation,10000,8,4,0.5,4,cca_equivalent,2000,1000,1000,0.0,0.9732685005874057,0.09032343979458574,0.9962425786453635,0.04334409622218772,0.0244829014525001,4.996003610813204e-16
confirmation,10000,8,4,0.5,4,raw_svd,2000,1000,1000,0.0,0.9736396442916377,0.09048593460316263,0.9962635960380357,0.0432227021480859,0.023017424702299248,4.440892098500626e-16
confirmation,10000,8,4,0.5,4,full_state_oracle,2000,1000,1000,0.0,1.0,0.0,1.0,0.0,0.0,2.220446049250313e-16
confirmation,10000,8,4,1.0,4,correlon,2000,1000,1000,0.0,0.9898707964488273,0.08249272860768132,0.9967452070640197,0.04034100231761904,0.02203950015016826,5.551115123125783e-16
confirmation,10000,8,4,1.0,4,cca_equivalent,2000,1000,1000,0.0,0.9898707964488273,0.08249272860768132,0.9967452070640197,0.04034100231761904,0.02203950015016826,5.551115123125783e-16
confirmation,10000,8,4,1.0,4,raw_svd,2000,1000,1000,0.0,0.9901999521828048,0.08278305130848651,0.9967279877110207,0.04044757278860696,0.02114805688444124,3.885780586188048e-16
confirmation,10000,8,4,1.0,4,full_state_oracle,2000,1000,1000,0.0,1.0,0.0,1.0,0.0,0.0,2.220446049250313e-16
confirmation,10000,16,1,0.1,4,correlon,2000,1000,1000,0.0,0.9753882244115827,0.11997226449816563,0.9932047368256424,0.0582892064380604,0.027591329014833018,6.661338147750939e-16
confirmation,10000,16,1,0.1,4,cca_equivalent,2000,1000,1000,0.0,0.9753882244115827,0.11997226449816563,0.9932047368256424,0.0582892064380604,0.027591329014833018,6.661338147750939e-16
confirmation,10000,16,1,0.1,4,raw_svd,2000,1000,1000,0.0,0.9771646704949516,0.11606691880158615,0.9935050205332089,0.05698675050742599,0.023177930553371015,5.828670879282072e-16
confirmation,10000,16,1,0.1,4,full_state_oracle,2000,1000,1000,0.0,1.0,0.0,1.0,0.0,0.0,3.400058012914542e-16
confirmation,10000,16,1,0.25,4,correlon,2000,1000,1000,0.0,0.9645782651901009,0.11369883452411923,0.993795426910342,0.055698173622022985,0.030819773538314152,4.996003610813204e-16
confirmation,10000,16,1,0.25,4,cca_equivalent,2000,1000,1000,0.0,0.9645782651901009,0.11369883452411923,0.993795426910342,0.055698173622022985,0.030819773538314152,4.996003610813204e-16
confirmation,10000,16,1,0.25,4,raw_svd,2000,1000,1000,0.0,0.9655544668203928,0.11116857057162022,0.9939988409893034,0.05477754563092741,0.029499636913566787,2.7755575615628914e-16
confirmation,10000,16,1,0.25,4,full_state_oracle,2000,1000,1000,0.0,1.0,0.0,1.0,0.0,0.0,3.3306690738754696e-16
confirmation,10000,16,1,0.5,4,correlon,2000,1000,1000,0.0,0.9555762752598684,0.11920787964242768,0.9929553104559888,0.05934934516913905,0.026989659210954635,3.3306690738754696e-16
confirmation,10000,16,1,0.5,4,cca_equivalent,2000,1000,1000,0.0,0.9555762752598684,0.11920787964242768,0.9929553104559888,0.05934934516913905,0.026989659210954635,3.3306690738754696e-16
confirmation,10000,16,1,0.5,4,raw_svd,2000,1000,1000,0.0,0.9561539533714875,0.1175917805066356,0.9930681316745884,0.05887218496629664,0.026333649567246938,4.996003610813204e-16
confirmation,10000,16,1,0.5,4,full_state_oracle,2000,1000,1000,0.0,1.0,0.0,1.0,0.0,0.0,3.677613769070831e-16
confirmation,10000,16,1,1.0,4,correlon,2000,1000,1000,0.0,0.9700221999726233,0.11460377386223662,0.9935948144014142,0.05659145517914271,0.026122889051507874,3.608224830031759e-16
confirmation,10000,16,1,1.0,4,cca_equivalent,2000,1000,1000,0.0,0.9700221999726233,0.11460377386223662,0.9935948144014142,0.05659145517914271,0.026122889051507874,3.608224830031759e-16
confirmation,10000,16,1,1.0,4,raw_svd,2000,1000,1000,0.0,0.9706117169004219,0.11342021182787332,0.9936621880421055,0.056293036682587956,0.024653510040616063,6.661338147750939e-16
confirmation,10000,16,1,1.0,4,full_state_oracle,2000,1000,1000,0.0,1.0,0.0,1.0,0.0,0.0,2.7755575615628914e-16
confirmation,10000,16,2,0.1,4,correlon,2000,1000,1000,0.0,0.9712128624874214,0.11349618553827245,0.9936966722927137,0.05613968163111653,0.02675746386533167,7.216449660063518e-16
confirmation,10000,16,2,0.1,4,cca_equivalent,2000,1000,1000,0.0,0.9712128624874214,0.11349618553827245,0.9936966722927137,0.05613968163111653,0.02675746386533167,7.216449660063518e-16
confirmation,10000,16,2,0.1,4,raw_svd,2000,1000,1000,0.0,0.9718748029871151,0.11175020129719819,0.993834311075904,0.05552336861221621,0.026058553256164553,4.718447854656915e-16
confirmation,10000,16,2,0.1,4,full_state_oracle,2000,1000,1000,0.0,1.0,0.0,1.0,0.0,0.0,7.771561172376096e-16
confirmation,10000,16,2,0.25,4,correlon,2000,1000,1000,0.0,0.9732991370729644,0.1132760001893167,0.9938993551948383,0.055229723904622656,0.019412720563444404,4.579669976578771e-16
confirmation,10000,16,2,0.25,4,cca_equivalent,2000,1000,1000,0.0,0.9732991370729644,0.1132760001893167,0.9938993551948383,0.055229723904622656,0.019412720563444404,4.579669976578771e-16
confirmation,10000,16,2,0.25,4,raw_svd,2000,1000,1000,0.0,0.9738363260484989,0.11206622788285575,0.9940024271906762,0.05476117607084275,0.018977396771118378,3.885780586188048e-16
confirmation,10000,16,2,0.25,4,full_state_oracle,2000,1000,1000,0.0,1.0,0.0,1.0,0.0,0.0,4.996003610813204e-16
confirmation,10000,16,2,0.5,4,correlon,2000,1000,1000,0.0,0.9751142273042874,0.11400306261670785,0.9935180593639925,0.056929520619830885,0.02849857744370161,5.551115123125783e-16
confirmation,10000,16,2,0.5,4,cca_equivalent,2000,1000,1000,0.0,0.9751142273042874,0.11400306261670785,0.9935180593639925,0.056929520619830885,0.02849857744370161,5.551115123125783e-16
confirmation,10000,16,2,0.5,4,raw_svd,2000,1000,1000,0.0,0.9759610072018362,0.11187689099702877,0.9937478811303936,0.05591117450745603,0.02779667202990006,3.885780586188048e-16
confirmation,10000,16,2,0.5,4,full_state_oracle,2000,1000,1000,0.0,1.0,0.0,1.0,0.0,0.0,5.828670879282072e-16
confirmation,10000,16,2,1.0,4,correlon,2000,1000,1000,0.0,0.9772085249899016,0.10458900575985802,0.9946198652125231,0.05186585961630688,0.02445607615136001,4.440892098500626e-16
confirmation,10000,16,2,1.0,4,cca_equivalent,2000,1000,1000,0.0,0.9772085249899016,0.10458900575985802,0.9946198652125231,0.05186585961630688,0.02445607615136001,4.440892098500626e-16
confirmation,10000,16,2,1.0,4,raw_svd,2000,1000,1000,0.0,0.977616226668298,0.10362317015541184,0.9946978744460575,0.051488472272647974,0.024159788473343168,4.996003610813204e-16
confirmation,10000,16,2,1.0,4,full_state_oracle,2000,1000,1000,0.0,1.0,0.0,1.0,0.0,0.0,5.551115123125783e-16
confirmation,10000,16,4,0.1,4,correlon,2000,1000,1000,0.0,0.973093253432598,0.1101780354229728,0.9940278232302026,0.05464511309256066,0.02310762252640861,3.885780586188048e-16
confirmation,10000,16,4,0.1,4,cca_equivalent,2000,1000,1000,0.0,0.973093253432598,0.1101780354229728,0.9940278232302026,0.05464511309256066,0.02310762252640861,3.885780586188048e-16
confirmation,10000,16,4,0.1,4,raw_svd,2000,1000,1000,0.0,0.9735629044409658,0.10913878046796019,0.9941113225942784,0.05426176096350728,0.02263113699133238,4.440892098500626e-16
confirmation,10000,16,4,0.1,4,full_state_oracle,2000,1000,1000,0.0,1.0,0.0,1.0,0.0,0.0,3.885780586188048e-16
confirmation,10000,16,4,0.25,4,correlon,2000,1000,1000,0.0,0.9725144101144816,0.11435674876803374,0.9936290965379005,0.05643980626339681,0.0246225022879039,2.220446049250313e-16
confirmation,10000,16,4,0.25,4,cca_equivalent,2000,1000,1000,0.0,0.9725144101144816,0.11435674876803374,0.9936290965379005,0.05643980626339681,0.0246225022879039,2.220446049250313e-16
confirmation,10000,16,4,0.25,4,raw_svd,2000,1000,1000,0.0,0.9731013206129754,0.11288254847959507,0.9937494430033186,0.055904190346884375,0.024223317228242856,6.661338147750939e-16
confirmation,10000,16,4,0.25,4,full_state_oracle,2000,1000,1000,0.0,1.0,0.0,1.0,0.0,0.0,3.3306690738754696e-16
confirmation,10000,16,4,0.5,4,correlon,2000,1000,1000,0.0,0.973055380371839,0.116129605335804,0.9931617734654585,0.05847318417249686,0.028521786321239147,4.440892098500626e-16
confirmation,10000,16,4,0.5,4,cca_equivalent,2000,1000,1000,0.0,0.973055380371839,0.116129605335804,0.9931617734654585,0.05847318417249686,0.028521786321239147,4.440892098500626e-16
confirmation,10000,16,4,0.5,4,raw_svd,2000,1000,1000,0.0,0.9742732229638318,0.11199377386845896,0.9935975002216235,0.056579588980375795,0.02733499931128494,3.3306690738754696e-16
confirmation,10000,16,4,0.5,4,full_state_oracle,2000,1000,1000,0.0,1.0,0.0,1.0,0.0,0.0,4.996003610813204e-16
confirmation,10000,16,4,1.0,4,correlon,2000,1000,1000,0.0,0.9805932835244247,0.1107719184949378,0.9940460610592899,0.05456161169132619,0.019186846884659263,3.3306690738754696e-16
confirmation,10000,16,4,1.0,4,cca_equivalent,2000,1000,1000,0.0,0.9805932835244247,0.1107719184949378,0.9940460610592899,0.05456161169132619,0.019186846884659263,3.3306690738754696e-16
confirmation,10000,16,4,1.0,4,raw_svd,2000,1000,1000,0.0,0.9809306524433328,0.11030983294614562,0.9940873331264666,0.05437217520723972,0.019180360478254624,4.440892098500626e-16
confirmation,10000,16,4,1.0,4,full_state_oracle,2000,1000,1000,0.0,1.0,0.0,1.0,0.0,0.0,3.3306690738754696e-16
confirmation,10001,4,1,0.1,4,correlon,2000,1000,1000,0.0,0.9980451268381711,0.06474217628586935,0.9982717777946857,0.02939576674722318,0.010312310245856703,6.106226635438361e-16
confirmation,10001,4,1,0.1,4,cca_equivalent,2000,1000,1000,0.0,0.9980451268381711,0.06474217628586935,0.9982717777946857,0.02939576674722318,0.010312310245856703,6.106226635438361e-16
confirmation,10001,4,1,0.1,4,raw_svd,2000,1000,1000,0.0,0.9980451268381716,0.06474217628586945,0.9982717777946857,0.029395766747223148,0.010312310245855867,1.1102230246251565e-16
confirmation,10001,4,1,0.1,4,full_state_oracle,2000,1000,1000,0.0,1.0,0.0,1.0,0.0,0.0,4.996003610813204e-16
confirmation,10001,4,1,0.25,4,correlon,2000,1000,1000,0.0,1.0168968114810648,0.061226276864529375,0.9982658978305824,0.029445731179727017,0.005420699231686384,1.6653345369377348e-16
confirmation,10001,4,1,0.25,4,cca_equivalent,2000,1000,1000,0.0,1.0168968114810648,0.061226276864529375,0.9982658978305824,0.029445731179727017,0.005420699231686384,1.6653345369377348e-16
confirmation,10001,4,1,0.25,4,raw_svd,2000,1000,1000,0.0,1.0168968114810655,0.06122627686452985,0.9982658978305824,0.029445731179727246,0.005420699231685894,3.885780586188048e-16
confirmation,10001,4,1,0.25,4,full_state_oracle,2000,1000,1000,0.0,1.0,0.0,1.0,0.0,0.0,1.6653345369377348e-16
confirmation,10001,4,1,0.5,4,correlon,2000,1000,1000,0.0,1.0052353549206057,0.0540164404226515,0.9987806882436036,0.024691210545419277,0.010896424797265838,2.498001805406602e-16
confirmation,10001,4,1,0.5,4,cca_equivalent,2000,1000,1000,0.0,1.0052353549206057,0.0540164404226515,0.9987806882436036,0.024691210545419277,0.010896424797265838,2.498001805406602e-16
confirmation,10001,4,1,0.5,4,raw_svd,2000,1000,1000,0.0,1.0052353549206066,0.054016440422651225,0.9987806882436036,0.024691210545419152,0.010896424797265509,3.885780586188048e-16
confirmation,10001,4,1,0.5,4,full_state_oracle,2000,1000,1000,0.0,1.0,0.0,1.0,0.0,0.0,4.440892098500626e-16
confirmation,10001,4,1,1.0,4,correlon,2000,1000,1000,0.0,0.9767036422822073,0.05835368707885245,0.9984282194474535,0.028033734611593412,0.017112702409946542,1.8041124150158794e-16
confirmation,10001,4,1,1.0,4,cca_equivalent,2000,1000,1000,0.0,0.9767036422822073,0.05835368707885245,0.9984282194474535,0.028033734611593412,0.017112702409946542,1.8041124150158794e-16
confirmation,10001,4,1,1.0,4,raw_svd,2000,1000,1000,0.0,0.9767036422822084,0.0583536870788521,0.9984282194474535,0.02803373461159322,0.017112702409947153,2.7755575615628914e-16
confirmation,10001,4,1,1.0,4,full_state_oracle,2000,1000,1000,0.0,1.0,0.0,1.0,0.0,0.0,7.494005416219807e-16
confirmation,10001,4,2,0.1,4,correlon,2000,1000,1000,0.0,0.9960215033653007,0.05224841317092655,0.9988314273987592,0.024172014823353332,0.009850833185315143,1.1102230246251565e-16
confirmation,10001,4,2,0.1,4,cca_equivalent,2000,1000,1000,0.0,0.9960215033653007,0.05224841317092655,0.9988314273987592,0.024172014823353332,0.009850833185315143,1.1102230246251565e-16
confirmation,10001,4,2,0.1,4,raw_svd,2000,1000,1000,0.0,0.9960215033653006,0.05224841317092674,0.9988314273987592,0.024172014823353377,0.009850833185315436,2.7755575615628914e-16
confirmation,10001,4,2,0.1,4,full_state_oracle,2000,1000,1000,0.0,1.0,0.0,1.0,0.0,0.0,1.1102230246251565e-16
confirmation,10001,4,2,0.25,4,correlon,2000,1000,1000,0.0,0.9945857460668871,0.06680124561215492,0.9981812364867574,0.030155957232715244,0.01993801275417726,1.1102230246251565e-16
confirmation,10001,4,2,0.25,4,cca_equivalent,2000,1000,1000,0.0,0.9945857460668871,0.06680124561215492,0.9981812364867574,0.030155957232715244,0.01993801275417726,1.1102230246251565e-16
confirmation,10001,4,2,0.25,4,raw_svd,2000,1000,1000,0.0,0.9945857460668877,0.06680124561215472,0.9981812364867574,0.030155957232715108,0.019938012754176886,2.0816681711721685e-16
confirmation,10001,4,2,0.25,4,full_state_oracle,2000,1000,1000,0.0,1.0,0.0,1.0,0.0,0.0,3.885780586188048e-16
confirmation,10001,4,2,0.5,4,correlon,2000,1000,1000,0.0,0.9960308248390565,0.07274571586078804,0.9978415701043301,0.032851407090640175,0.01201686465823748,3.3306690738754696e-16
confirmation,10001,4,2,0.5,4,cca_equivalent,2000,1000,1000,0.0,0.9960308248390565,0.07274571586078804,0.9978415701043301,0.032851407090640175,0.01201686465823748,3.3306690738754696e-16
confirmation,10001,4,2,0.5,4,raw_svd,2000,1000,1000,0.0,0.9960308248390567,0.07274571586078786,0.9978415701043302,0.03285140709064014,0.012016864658237578,3.885780586188048e-16
confirmation,10001,4,2,0.5,4,full_state_oracle,2000,1000,1000,0.0,1.0,0.0,1.0,0.0,0.0,2.7755575615628914e-16
confirmation,10001,4,2,1.0,4,correlon,2000,1000,1000,0.0,0.9865226670232022,0.056969628141647126,0.9985576275559037,0.026854910576059807,0.011678416123811493,2.220446049250313e-16
confirmation,10001,4,2,1.0,4,cca_equivalent,2000,1000,1000,0.0,0.9865226670232022,0.056969628141647126,0.9985576275559037,0.026854910576059807,0.011678416123811493,2.220446049250313e-16
confirmation,10001,4,2,1.0,4,raw_svd,2000,1000,1000,0.0,0.9865226670231999,0.056969628141647397,0.9985576275559037,0.026854910576059928,0.011678416123811779,3.3306690738754696e-16
confirmation,10001,4,2,1.0,4,full_state_oracle,2000,1000,1000,0.0,1.0,0.0,1.0,0.0,0.0,3.3306690738754696e-16
confirmation,10001,4,4,0.1,4,correlon,2000,1000,1000,0.0,0.9998741981832326,0.06525455751016784,0.9982637307501886,0.029464124370252538,0.013439333288725127,2.220446049250313e-16
confirmation,10001,4,4,0.1,4,cca_equivalent,2000,1000,1000,0.0,0.9998741981832326,0.06525455751016784,0.9982637307501886,0.029464124370252538,0.013439333288725127,2.220446049250313e-16
confirmation,10001,4,4,0.1,4,raw_svd,2000,1000,1000,0.0,0.9998741981832315,0.06525455751016797,0.9982637307501886,0.029464124370252393,0.013439333288724943,3.885780586188048e-16
confirmation,10001,4,4,0.1,4,full_state_oracle,2000,1000,1000,0.0,1.0,0.0,1.0,0.0,0.0,1.6653345369377348e-16
confirmation,10001,4,4,0.25,4,correlon,2000,1000,1000,0.0,0.9874337461470881,0.06780483376429115,0.9980209838388439,0.031456447361041834,0.01830030285036937,3.3306690738754696e-16
confirmation,10001,4,4,0.25,4,cca_equivalent,2000,1000,1000,0.0,0.9874337461470881,0.06780483376429115,0.9980209838388439,0.031456447361041834,0.01830030285036937,3.3306690738754696e-16
confirmation,10001,4,4,0.25,4,raw_svd,2000,1000,1000,0.0,0.9874337461470878,0.06780483376429114,0.9980209838388439,0.03145644736104181,0.01830030285036922,3.885780586188048e-16
confirmation,10001,4,4,0.25,4,full_state_oracle,2000,1000,1000,0.0,1.0,0.0,1.0,0.0,0.0,4.579669976578771e-16
confirmation,10001,4,4,0.5,4,correlon,2000,1000,1000,0.0,1.0054362735443598,0.06113929215614699,0.9982742860434034,0.029374427284600754,0.010125144852099442,6.800116025829084e-16
confirmation,10001,4,4,0.5,4,cca_equivalent,2000,1000,1000,0.0,1.0054362735443598,0.06113929215614699,0.9982742860434034,0.029374427284600754,0.010125144852099442,6.800116025829084e-16
confirmation,10001,4,4,0.5,4,raw_svd,2000,1000,1000,0.0,1.0054362735443585,0.06113929215614725,0.9982742860434034,0.029374427284600838,0.010125144852099907,3.191891195797325e-16
confirmation,10001,4,4,0.5,4,full_state_oracle,2000,1000,1000,0.0,1.0,0.0,1.0,0.0,0.0,2.2898349882893854e-16
confirmation,10001,4,4,1.0,4,correlon,2000,1000,1000,0.0,1.0067222475558404,0.06951971415739852,0.9982404539087347,0.029660968386630508,0.018445609875103786,1.3877787807814457e-16
confirmation,10001,4,4,1.0,4,cca_equivalent,2000,1000,1000,0.0,1.0067222475558404,0.06951971415739852,0.9982404539087347,0.029660968386630508,0.018445609875103786,1.3877787807814457e-16
confirmation,10001,4,4,1.0,4,raw_svd,2000,1000,1000,0.0,1.0067222475558415,0.06951971415739766,0.9982404539087347,0.02966096838663017,0.01844560987510321,2.220446049250313e-16
confirmation,10001,4,4,1.0,4,full_state_oracle,2000,1000,1000,0.0,1.0,0.0,1.0,0.0,0.0,6.938893903907228e-16
confirmation,10001,8,1,0.1,4,correlon,2000,1000,1000,0.0,0.9660321193787622,0.08090354296310351,0.9968702413653345,0.039558555551646876,0.019174753470803635,3.3306690738754696e-16
confirmation,10001,8,1,0.1,4,cca_equivalent,2000,1000,1000,0.0,0.9660321193787622,0.08090354296310351,0.9968702413653345,0.039558555551646876,0.019174753470803635,3.3306690738754696e-16
confirmation,10001,8,1,0.1,4,raw_svd,2000,1000,1000,0.0,0.9664262293501498,0.07952573815838536,0.9969432619450599,0.039094360558398045,0.01921505177146526,3.3306690738754696e-16
confirmation,10001,8,1,0.1,4,full_state_oracle,2000,1000,1000,0.0,1.0,0.0,1.0,0.0,0.0,2.7755575615628914e-16
confirmation,10001,8,1,0.25,4,correlon,2000,1000,1000,0.0,0.9976055218520921,0.07957059163928223,0.9968616224290018,0.03961298758613305,0.017924454347056196,5.551115123125783e-16
confirmation,10001,8,1,0.25,4,cca_equivalent,2000,1000,1000,0.0,0.9976055218520921,0.07957059163928223,0.9968616224290018,0.03961298758613305,0.017924454347056196,5.551115123125783e-16
confirmation,10001,8,1,0.25,4,raw_svd,2000,1000,1000,0.0,0.997758441628981,0.07914805586591898,0.996886749129716,0.039454092755277254,0.018072546371611427,4.440892098500626e-16
confirmation,10001,8,1,0.25,4,full_state_oracle,2000,1000,1000,0.0,1.0,0.0,1.0,0.0,0.0,3.885780586188048e-16
confirmation,10001,8,1,0.5,4,correlon,2000,1000,1000,0.0,1.0014593356540926,0.08740021222095723,0.9965040722835743,0.041808657694464395,0.021981990855269074,5.568462357885551e-16
confirmation,10001,8,1,0.5,4,cca_equivalent,2000,1000,1000,0.0,1.0014593356540926,0.08740021222095723,0.9965040722835743,0.041808657694464395,0.021981990855269074,5.568462357885551e-16
confirmation,10001,8,1,0.5,4,raw_svd,2000,1000,1000,0.0,1.0015446864554103,0.08721652852083991,0.996515562918801,0.041739891478052314,0.02231524855410851,5.273559366969494e-16
confirmation,10001,8,1,0.5,4,full_state_oracle,2000,1000,1000,0.0,1.0,0.0,1.0,0.0,0.0,2.7755575615628914e-16
confirmation,10001,8,1,1.0,4,correlon,2000,1000,1000,0.0,0.9799615541967578,0.08974948676879534,0.9962246429435593,0.04344742257281053,0.0175406798163208,3.3306690738754696e-16
confirmation,10001,8,1,1.0,4,cca_equivalent,2000,1000,1000,0.0,0.9799615541967578,0.08974948676879534,0.9962246429435593,0.04344742257281053,0.0175406798163208,3.3306690738754696e-16
confirmation,10001,8,1,1.0,4,raw_svd,2000,1000,1000,0.0,0.980112764088558,0.08924190618018614,0.9962603073242965,0.04324171987620009,0.017408151579595584,3.885780586188048e-16
confirmation,10001,8,1,1.0,4,full_state_oracle,2000,1000,1000,0.0,1.0,0.0,1.0,0.0,0.0,4.996003610813204e-16
confirmation,10001,8,2,0.1,4,correlon,2000,1000,1000,0.0,1.00409299878211,0.07595220439718885,0.9973611595138311,0.03632382473094548,0.02162147090050582,4.718447854656915e-16
confirmation,10001,8,2,0.1,4,cca_equivalent,2000,1000,1000,0.0,1.00409299878211,0.07595220439718885,0.9973611595138311,0.03632382473094548,0.02162147090050582,4.718447854656915e-16
confirmation,10001,8,2,0.1,4,raw_svd,2000,1000,1000,0.0,1.0042494317280768,0.07557313515530978,0.9973750720205857,0.036227944872806395,0.021701293879306804,2.636779683484747e-16
confirmation,10001,8,2,0.1,4,full_state_oracle,2000,1000,1000,0.0,1.0,0.0,1.0,0.0,0.0,2.2898349882893854e-16
confirmation,10001,8,2,0.25,4,correlon,2000,1000,1000,0.0,0.9711290569007727,0.08591316344082472,0.9965843024851182,0.04132612681392837,0.01760035679536182,2.7755575615628914e-16
confirmation,10001,8,2,0.25,4,cca_equivalent,2000,1000,1000,0.0,0.9711290569007727,0.08591316344082472,0.9965843024851182,0.04132612681392837,0.01760035679536182,2.7755575615628914e-16
confirmation,10001,8,2,0.25,4,raw_svd,2000,1000,1000,0.0,0.9711780450803115,0.08576558780760374,0.996596890399835,0.04124990666756089,0.017472782882142768,3.0531133177191805e-16
confirmation,10001,8,2,0.25,4,full_state_oracle,2000,1000,1000,0.0,1.0,0.0,1.0,0.0,0.0,2.220446049250313e-16
confirmation,10001,8,2,0.5,4,correlon,2000,1000,1000,0.0,0.9725014817564178,0.08896467088409035,0.9960611525939486,0.044378189496933125,0.03019482694618561,2.7755575615628914e-16
confirmation,10001,8,2,0.5,4,cca_equivalent,2000,1000,1000,0.0,0.9725014817564178,0.08896467088409035,0.9960611525939486,0.044378189496933125,0.03019482694618561,2.7755575615628914e-16
confirmation,10001,8,2,0.5,4,raw_svd,2000,1000,1000,0.0,0.9726578553137345,0.08920270201430422,0.9960470648877323,0.044457480316970534,0.03075287873738554,4.440892098500626e-16
confirmation,10001,8,2,0.5,4,full_state_oracle,2000,1000,1000,0.0,1.0,0.0,1.0,0.0,0.0,4.3021142204224816e-16
confirmation,10001,8,2,1.0,4,correlon,2000,1000,1000,0.0,0.9820614548017237,0.08930755888362173,0.9963512398614665,0.04271276236989133,0.021185561079112535,4.440892098500626e-16
confirmation,10001,8,2,1.0,4,cca_equivalent,2000,1000,1000,0.0,0.9820614548017237,0.08930755888362173,0.9963512398614665,0.04271276236989133,0.021185561079112535,4.440892098500626e-16
confirmation,10001,8,2,1.0,4,raw_svd,2000,1000,1000,0.0,0.9819560054900466,0.08931152284999175,0.9963496995023188,0.042721777220061354,0.021608876031301506,4.579669976578771e-16
confirmation,10001,8,2,1.0,4,full_state_oracle,2000,1000,1000,0.0,1.0,0.0,1.0,0.0,0.0,3.885780586188048e-16
confirmation,10001,8,4,0.1,4,correlon,2000,1000,1000,0.0,0.9857316344559651,0.08555226143192975,0.9964395552178171,0.042192681724340264,0.01328847691793399,3.3306690738754696e-16
confirmation,10001,8,4,0.1,4,cca_equivalent,2000,1000,1000,0.0,0.9857316344559651,0.08555226143192975,0.9964395552178171,0.042192681724340264,0.01328847691793399,3.3306690738754696e-16
confirmation,10001,8,4,0.1,4,raw_svd,2000,1000,1000,0.0,0.9857937143454694,0.08535706428945025,0.996451073777349,0.042124376687679474,0.013371559014932116,3.0531133177191805e-16
confirmation,10001,8,4,0.1,4,full_state_oracle,2000,1000,1000,0.0,1.0,0.0,1.0,0.0,0.0,2.2898349882893854e-16
confirmation,10001,8,4,0.25,4,correlon,2000,1000,1000,0.0,0.9701839479209883,0.09381286684303947,0.9959438326312453,0.04503425012562476,0.02516426746345201,2.220446049250313e-16
confirmation,10001,8,4,0.25,4,cca_equivalent,2000,1000,1000,0.0,0.9701839479209883,0.09381286684303947,0.9959438326312453,0.04503425012562476,0.02516426746345201,2.220446049250313e-16
confirmation,10001,8,4,0.25,4,raw_svd,2000,1000,1000,0.0,0.9710732915322171,0.09261657302570457,0.9959938522699388,0.04475571321106022,0.025408151814785698,6.106226635438361e-16
confirmation,10001,8,4,0.25,4,full_state_oracle,2000,1000,1000,0.0,1.0,0.0,1.0,0.0,0.0,2.220446049250313e-16
confirmation,10001,8,4,0.5,4,correlon,2000,1000,1000,0.0,0.9799289880650632,0.07993593131177044,0.9970014504642688,0.038720469623515046,0.0244802903732051,3.3306690738754696e-16
confirmation,10001,8,4,0.5,4,cca_equivalent,2000,1000,1000,0.0,0.9799289880650632,0.07993593131177044,0.9970014504642688,0.038720469623515046,0.0244802903732051,3.3306690738754696e-16
confirmation,10001,8,4,0.5,4,raw_svd,2000,1000,1000,0.0,0.9800135003395037,0.08087742635619662,0.9969373526199795,0.03913213117133105,0.0244854000954718,4.440892098500626e-16
confirmation,10001,8,4,0.5,4,full_state_oracle,2000,1000,1000,0.0,1.0,0.0,1.0,0.0,0.0,3.2612801348363973e-16
confirmation,10001,8,4,1.0,4,correlon,2000,1000,1000,0.0,0.9783413859819409,0.08248061500413338,0.9966885248366052,0.04069075548201807,0.012249081953902336,4.440892098500626e-16
confirmation,10001,8,4,1.0,4,cca_equivalent,2000,1000,1000,0.0,0.9783413859819409,0.08248061500413338,0.9966885248366052,0.04069075548201807,0.012249081953902336,4.440892098500626e-16
confirmation,10001,8,4,1.0,4,raw_svd,2000,1000,1000,0.0,0.9784632846005177,0.0825977917675987,0.9966710614572294,0.040797907683916224,0.011846074415238338,4.996003610813204e-16
confirmation,10001,8,4,1.0,4,full_state_oracle,2000,1000,1000,0.0,1.0,0.0,1.0,0.0,0.0,2.7755575615628914e-16
confirmation,10001,16,1,0.1,4,correlon,2000,1000,1000,0.0,0.980321623257405,0.10486834427755029,0.9944358382206969,0.05274543477545262,0.020943740309074983,4.440892098500626e-16
confirmation,10001,16,1,0.1,4,cca_equivalent,2000,1000,1000,0.0,0.980321623257405,0.10486834427755029,0.9944358382206969,0.05274543477545262,0.020943740309074983,4.440892098500626e-16
confirmation,10001,16,1,0.1,4,raw_svd,2000,1000,1000,0.0,0.9808225863684398,0.10348415357487172,0.9945687469903752,0.05211167340253406,0.020342631604642704,6.106226635438361e-16
confirmation,10001,16,1,0.1,4,full_state_oracle,2000,1000,1000,0.0,1.0,0.0,1.0,0.0,0.0,2.7755575615628914e-16
confirmation,10001,16,1,0.25,4,correlon,2000,1000,1000,0.0,0.983682706032737,0.11118476677601243,0.9938752497677008,0.05533873070598601,0.022068048337943666,4.996003610813204e-16
confirmation,10001,16,1,0.25,4,cca_equivalent,2000,1000,1000,0.0,0.983682706032737,0.11118476677601243,0.9938752497677008,0.05533873070598601,0.022068048337943666,4.996003610813204e-16
confirmation,10001,16,1,0.25,4,raw_svd,2000,1000,1000,0.0,0.9849618435371629,0.10808254929816023,0.9940983294419404,0.054321591278513034,0.021053257887829913,4.440892098500626e-16
confirmation,10001,16,1,0.25,4,full_state_oracle,2000,1000,1000,0.0,1.0,0.0,1.0,0.0,0.0,2.7755575615628914e-16
confirmation,10001,16,1,0.5,4,correlon,2000,1000,1000,0.0,0.965701646505177,0.11016263286461125,0.9939796696518797,0.05486497219593013,0.021136057644897253,4.996003610813204e-16
confirmation,10001,16,1,0.5,4,cca_equivalent,2000,1000,1000,0.0,0.965701646505177,0.11016263286461125,0.9939796696518797,0.05486497219593013,0.021136057644897253,4.996003610813204e-16
confirmation,10001,16,1,0.5,4,raw_svd,2000,1000,1000,0.0,0.966349500445741,0.10890585319408225,0.9940866932479072,0.054375117250875064,0.020032209956975015,2.7755575615628914e-16
confirmation,10001,16,1,0.5,4,full_state_oracle,2000,1000,1000,0.0,1.0,0.0,1.0,0.0,0.0,2.220446049250313e-16
confirmation,10001,16,1,1.0,4,correlon,2000,1000,1000,0.0,0.9772572793841835,0.1086269287602965,0.9940705957882853,0.054449078099242196,0.01933899280427671,8.326672684688674e-16
confirmation,10001,16,1,1.0,4,cca_equivalent,2000,1000,1000,0.0,0.9772572793841835,0.1086269287602965,0.9940705957882853,0.054449078099242196,0.01933899280427671,8.326672684688674e-16
confirmation,10001,16,1,1.0,4,raw_svd,2000,1000,1000,0.0,0.9777033396161624,0.10763593802349097,0.9941513659193822,0.05407695479877612,0.018606657746702025,3.885780586188048e-16
confirmation,10001,16,1,1.0,4,full_state_oracle,2000,1000,1000,0.0,1.0,0.0,1.0,0.0,0.0,4.996003610813204e-16
confirmation,10001,16,2,0.1,4,correlon,2000,1000,1000,0.0,0.9742967857202995,0.12214986314871858,0.9928630193534322,0.05973684226073424,0.03127134127129862,5.551115123125783e-16
confirmation,10001,16,2,0.1,4,cca_equivalent,2000,1000,1000,0.0,0.9742967857202995,0.12214986314871858,0.9928630193534322,0.05973684226073424,0.03127134127129862,5.551115123125783e-16
confirmation,10001,16,2,0.1,4,raw_svd,2000,1000,1000,0.0,0.9758371734722444,0.11879093271787966,0.9931449442016349,0.05854509287021917,0.027498073140403985,6.522560269672795e-16
confirmation,10001,16,2,0.1,4,full_state_oracle,2000,1000,1000,0.0,1.0,0.0,1.0,0.0,0.0,2.220446049250313e-16
confirmation,10001,16,2,0.25,4,correlon,2000,1000,1000,0.0,0.9812425618280773,0.11450695196778825,0.9936409422052715,0.056387311492606326,0.027603566426937398,6.106226635438361e-16
confirmation,10001,16,2,0.25,4,cca_equivalent,2000,1000,1000,0.0,0.9812425618280773,0.11450695196778825,0.9936409422052715,0.056387311492606326,0.027603566426937398,6.106226635438361e-16
confirmation,10001,16,2,0.25,4,raw_svd,2000,1000,1000,0.0,0.982217251696649,0.11220728236098393,0.9938013793196395,0.05567144995579167,0.026020918487170863,4.579669976578771e-16
confirmation,10001,16,2,0.25,4,full_state_oracle,2000,1000,1000,0.0,1.0,0.0,1.0,0.0,0.0,3.3306690738754696e-16
confirmation,10001,16,2,0.5,4,correlon,2000,1000,1000,0.0,0.9783635003357506,0.11215216847470483,0.9939219018034939,0.05512757112600774,0.022221878221645362,2.7755575615628914e-16
confirmation,10001,16,2,0.5,4,cca_equivalent,2000,1000,1000,0.0,0.9783635003357506,0.11215216847470483,0.9939219018034939,0.05512757112600774,0.022221878221645362,2.7755575615628914e-16
confirmation,10001,16,2,0.5,4,raw_svd,2000,1000,1000,0.0,0.9794302497683411,0.10886783198140117,0.9942205921944178,0.05375596620646943,0.020206032399407613,3.191891195797325e-16
confirmation,10001,16,2,0.5,4,full_state_oracle,2000,1000,1000,0.0,1.0,0.0,1.0,0.0,0.0,3.3306690738754696e-16
confirmation,10001,16,2,1.0,4,correlon,2000,1000,1000,0.0,0.9729617141522425,0.11319495544717287,0.9937438551712195,0.05592917319601824,0.025956971913638337,6.661338147750939e-16
confirmation,10001,16,2,1.0,4,cca_equivalent,2000,1000,1000,0.0,0.9729617141522425,0.11319495544717287,0.9937438551712195,0.05592917319601824,0.025956971913638337,6.661338147750939e-16
confirmation,10001,16,2,1.0,4,raw_svd,2000,1000,1000,0.0,0.9734713831324593,0.11211962386730444,0.9938117192000789,0.05562499797717296,0.0259196490520333,7.216449660063518e-16
confirmation,10001,16,2,1.0,4,full_state_oracle,2000,1000,1000,0.0,1.0,0.0,1.0,0.0,0.0,3.885780586188048e-16
confirmation,10001,16,4,0.1,4,correlon,2000,1000,1000,0.0,0.9653027018721386,0.11584052013405823,0.9934690294684992,0.057144424625246125,0.02969479298027783,3.365363543395006e-16
confirmation,10001,16,4,0.1,4,cca_equivalent,2000,1000,1000,0.0,0.9653027018721386,0.11584052013405823,0.9934690294684992,0.057144424625246125,0.02969479298027783,3.365363543395006e-16
confirmation,10001,16,4,0.1,4,raw_svd,2000,1000,1000,0.0,0.9655544637567013,0.1154680431126224,0.9934970821982684,0.05702156522637553,0.02932315368219014,2.220446049250313e-16
confirmation,10001,16,4,0.1,4,full_state_oracle,2000,1000,1000,0.0,1.0,0.0,1.0,0.0,0.0,6.661338147750939e-16
confirmation,10001,16,4,0.25,4,correlon,2000,1000,1000,0.0,0.9680399476980853,0.11391469972351762,0.9937711436713152,0.055807061957626816,0.028467493294220342,3.885780586188048e-16
confirmation,10001,16,4,0.25,4,cca_equivalent,2000,1000,1000,0.0,0.9680399476980853,0.11391469972351762,0.9937711436713152,0.055807061957626816,0.028467493294220342,3.885780586188048e-16
confirmation,10001,16,4,0.25,4,raw_svd,2000,1000,1000,0.0,0.9700189266589258,0.10948170011809956,0.9941521463913935,0.05407334652398805,0.026299051703778983,3.885780586188048e-16
confirmation,10001,16,4,0.25,4,full_state_oracle,2000,1000,1000,0.0,1.0,0.0,1.0,0.0,0.0,4.440892098500626e-16
confirmation,10001,16,4,0.5,4,correlon,2000,1000,1000,0.0,0.9705448998425827,0.1189741356301259,0.9931710893024224,0.0584333410715898,0.023966121162884945,6.106226635438361e-16
confirmation,10001,16,4,0.5,4,cca_equivalent,2000,1000,1000,0.0,0.9705448998425827,0.1189741356301259,0.9931710893024224,0.0584333410715898,0.023966121162884945,6.106226635438361e-16
confirmation,10001,16,4,0.5,4,raw_svd,2000,1000,1000,0.0,0.9712571858157618,0.11704669296119202,0.9933274217258165,0.05776061925820918,0.02303006982976763,4.996003610813204e-16
confirmation,10001,16,4,0.5,4,full_state_oracle,2000,1000,1000,0.0,1.0,0.0,1.0,0.0,0.0,3.3306690738754696e-16
confirmation,10001,16,4,1.0,4,correlon,2000,1000,1000,0.0,0.9758848077300851,0.11049978047941293,0.993975141190182,0.054885602892825666,0.027045911282478595,4.718447854656915e-16
confirmation,10001,16,4,1.0,4,cca_equivalent,2000,1000,1000,0.0,0.9758848077300851,0.11049978047941293,0.993975141190182,0.054885602892825666,0.027045911282478595,4.718447854656915e-16
confirmation,10001,16,4,1.0,4,raw_svd,2000,1000,1000,0.0,0.9761827602145073,0.11023322155286738,0.9940110750401736,0.05472168199089971,0.025721791998697674,6.106226635438361e-16
confirmation,10001,16,4,1.0,4,full_state_oracle,2000,1000,1000,0.0,1.0,0.0,1.0,0.0,0.0,2.7755575615628914e-16
confirmation,10002,4,1,0.1,4,correlon,2000,1000,1000,0.0,0.9832159413845757,0.06059118842232195,0.998377021725576,0.0284866484025763,0.01744200449815947,4.3021142204224816e-16
confirmation,10002,4,1,0.1,4,cca_equivalent,2000,1000,1000,0.0,0.9832159413845757,0.06059118842232195,0.998377021725576,0.0284866484025763,0.01744200449815947,4.3021142204224816e-16
confirmation,10002,4,1,0.1,4,raw_svd,2000,1000,1000,0.0,0.9832159413845775,0.060591188422321765,0.998377021725576,0.028486648402576243,0.017442004498159937,1.942890293094024e-16
confirmation,10002,4,1,0.1,4,full_state_oracle,2000,1000,1000,0.0,1.0,0.0,1.0,0.0,0.0,2.220446049250313e-16
confirmation,10002,4,1,0.25,4,correlon,2000,1000,1000,0.0,0.9960800506594796,0.06507222813342883,0.9981395981724034,0.030499195297553523,0.016631527940748132,2.220446049250313e-16
confirmation,10002,4,1,0.25,4,cca_equivalent,2000,1000,1000,0.0,0.9960800506594796,0.06507222813342883,0.9981395981724034,0.030499195297553523,0.016631527940748132,2.220446049250313e-16
confirmation,10002,4,1,0.25,4,raw_svd,2000,1000,1000,0.0,0.9960800506594804,0.06507222813342847,0.9981395981724035,0.030499195297553402,0.01663152794074822,5.551115123125783e-17
confirmation,10002,4,1,0.25,4,full_state_oracle,2000,1000,1000,0.0,1.0,0.0,1.0,0.0,0.0,1.1102230246251565e-16
confirmation,10002,4,1,0.5,4,correlon,2000,1000,1000,0.0,0.972112986031192,0.06991645643692843,0.9981641706180185,0.030297106973946608,0.016693177783958298,2.7755575615628914e-16
confirmation,10002,4,1,0.5,4,cca_equivalent,2000,1000,1000,0.0,0.972112986031192,0.06991645643692843,0.9981641706180185,0.030297106973946608,0.016693177783958298,2.7755575615628914e-16
confirmation,10002,4,1,0.5,4,raw_svd,2000,1000,1000,0.0,0.9721129860311936,0.06991645643692858,0.9981641706180185,0.030297106973946643,0.01669317778395902,2.3592239273284576e-16
confirmation,10002,4,1,0.5,4,full_state_oracle,2000,1000,1000,0.0,1.0,0.0,1.0,0.0,0.0,1.6653345369377348e-16
confirmation,10002,4,1,1.0,4,correlon,2000,1000,1000,0.0,1.0030726889482695,0.06010890765117358,0.9985141375188459,0.02725676504240834,0.014564961854327492,2.220446049250313e-16
confirmation,10002,4,1,1.0,4,cca_equivalent,2000,1000,1000,0.0,1.0030726889482695,0.06010890765117358,0.9985141375188459,0.02725676504240834,0.014564961854327492,2.220446049250313e-16
confirmation,10002,4,1,1.0,4,raw_svd,2000,1000,1000,0.0,1.003072688948271,0.06010890765117352,0.9985141375188459,0.027256765042408235,0.014564961854327374,3.885780586188048e-16
confirmation,10002,4,1,1.0,4,full_state_oracle,2000,1000,1000,0.0,1.0,0.0,1.0,0.0,0.0,2.7755575615628914e-16
confirmation,10002,4,2,0.1,4,correlon,2000,1000,1000,0.0,0.9773779781733629,0.07603884823310574,0.997445695425653,0.03573726748330858,0.019524361433150995,2.671474153004283e-16
confirmation,10002,4,2,0.1,4,cca_equivalent,2000,1000,1000,0.0,0.9773779781733629,0.07603884823310574,0.997445695425653,0.03573726748330858,0.019524361433150995,2.671474153004283e-16
confirmation,10002,4,2,0.1,4,raw_svd,2000,1000,1000,0.0,0.9773779781733625,0.07603884823310532,0.997445695425653,0.03573726748330832,0.01952436143315062,6.106226635438361e-16
confirmation,10002,4,2,0.1,4,full_state_oracle,2000,1000,1000,0.0,1.0,0.0,1.0,0.0,0.0,6.106226635438361e-16
confirmation,10002,4,2,0.25,4,correlon,2000,1000,1000,0.0,0.9812738172087058,0.07165088136521705,0.9978300536168404,0.03293893124525776,0.03468099787984551,2.220446049250313e-16
confirmation,10002,4,2,0.25,4,cca_equivalent,2000,1000,1000,0.0,0.9812738172087058,0.07165088136521705,0.9978300536168404,0.03293893124525776,0.03468099787984551,2.220446049250313e-16
confirmation,10002,4,2,0.25,4,raw_svd,2000,1000,1000,0.0,0.9812738172087065,0.07165088136521716,0.9978300536168404,0.03293893124525781,0.0346809978798465,3.885780586188048e-16
confirmation,10002,4,2,0.25,4,full_state_oracle,2000,1000,1000,0.0,1.0,0.0,1.0,0.0,0.0,4.440892098500626e-16
confirmation,10002,4,2,0.5,4,correlon,2000,1000,1000,0.0,0.9733679074241567,0.06409450170339587,0.9983036624606236,0.029123337200400577,0.020954246586419794,2.3592239273284576e-16
confirmation,10002,4,2,0.5,4,cca_equivalent,2000,1000,1000,0.0,0.9733679074241567,0.06409450170339587,0.9983036624606236,0.029123337200400577,0.020954246586419794,2.3592239273284576e-16
confirmation,10002,4,2,0.5,4,raw_svd,2000,1000,1000,0.0,0.9733679074241561,0.06409450170339587,0.9983036624606235,0.0291233372004006,0.020954246586419485,2.220446049250313e-16
confirmation,10002,4,2,0.5,4,full_state_oracle,2000,1000,1000,0.0,1.0,0.0,1.0,0.0,0.0,5.551115123125783e-17
confirmation,10002,4,2,1.0,4,correlon,2000,1000,1000,0.0,0.9994598264889482,0.07628091755590005,0.9976752724952562,0.03409345615175803,0.010373911142370225,3.3306690738754696e-16
confirmation,10002,4,2,1.0,4,cca_equivalent,2000,1000,1000,0.0,0.9994598264889482,0.07628091755590005,0.9976752724952562,0.03409345615175803,0.010373911142370225,3.3306690738754696e-16
confirmation,10002,4,2,1.0,4,raw_svd,2000,1000,1000,0.0,0.9994598264889469,0.07628091755589941,0.9976752724952564,0.03409345615175774,0.01037391114237025,4.996003610813204e-16
confirmation,10002,4,2,1.0,4,full_state_oracle,2000,1000,1000,0.0,1.0,0.0,1.0,0.0,0.0,1.6653345369377348e-16
confirmation,10002,4,4,0.1,4,correlon,2000,1000,1000,0.0,0.9798729242934294,0.07944803254300813,0.9975138636964288,0.035257171636216104,0.03425869710485239,5.551115123125783e-16
confirmation,10002,4,4,0.1,4,cca_equivalent,2000,1000,1000,0.0,0.9798729242934294,0.07944803254300813,0.9975138636964288,0.035257171636216104,0.03425869710485239,5.551115123125783e-16
confirmation,10002,4,4,0.1,4,raw_svd,2000,1000,1000,0.0,0.9798729242934308,0.07944803254300768,0.9975138636964289,0.035257171636215924,0.0342586971048513,2.220446049250313e-16
confirmation,10002,4,4,0.1,4,full_state_oracle,2000,1000,1000,0.0,1.0,0.0,1.0,0.0,0.0,4.440892098500626e-16
confirmation,10002,4,4,0.25,4,correlon,2000,1000,1000,0.0,0.9880370319238678,0.05003964851338316,0.9988650038423743,0.02382221817574639,0.012820847082143984,3.885780586188048e-16
confirmation,10002,4,4,0.25,4,cca_equivalent,2000,1000,1000,0.0,0.9880370319238678,0.05003964851338316,0.9988650038423743,0.02382221817574639,0.012820847082143984,3.885780586188048e-16
confirmation,10002,4,4,0.25,4,raw_svd,2000,1000,1000,0.0,0.9880370319238688,0.05003964851338318,0.9988650038423743,0.02382221817574636,0.01282084708214487,1.6653345369377348e-16
confirmation,10002,4,4,0.25,4,full_state_oracle,2000,1000,1000,0.0,1.0,0.0,1.0,0.0,0.0,1.1785277614917433e-16
confirmation,10002,4,4,0.5,4,correlon,2000,1000,1000,0.0,0.9844710298024171,0.06658660548107057,0.9980218307099971,0.03144971613546728,0.015882967348167784,6.522560269672795e-16
confirmation,10002,4,4,0.5,4,cca_equivalent,2000,1000,1000,0.0,0.9844710298024171,0.06658660548107057,0.9980218307099971,0.03144971613546728,0.015882967348167784,6.522560269672795e-16
confirmation,10002,4,4,0.5,4,raw_svd,2000,1000,1000,0.0,0.9844710298024184,0.06658660548107012,0.9980218307099972,0.031449716135467105,0.015882967348168013,2.1510571102112408e-16
confirmation,10002,4,4,0.5,4,full_state_oracle,2000,1000,1000,0.0,1.0,0.0,1.0,0.0,0.0,4.440892098500626e-16
confirmation,10002,4,4,1.0,4,correlon,2000,1000,1000,0.0,0.9924955780479576,0.060871135615099665,0.9983562542464245,0.02866832532234465,0.013725052149542321,4.996003610813204e-16
confirmation,10002,4,4,1.0,4,cca_equivalent,2000,1000,1000,0.0,0.9924955780479576,0.060871135615099665,0.9983562542464245,0.02866832532234465,0.013725052149542321,4.996003610813204e-16
confirmation,10002,4,4,1.0,4,raw_svd,2000,1000,1000,0.0,0.9924955780479586,0.060871135615099436,0.9983562542464245,0.028668325322344555,0.013725052149542595,6.106226635438361e-16
confirmation,10002,4,4,1.0,4,full_state_oracle,2000,1000,1000,0.0,1.0,0.0,1.0,0.0,0.0,3.3306690738754696e-16
confirmation,10002,8,1,0.1,4,correlon,2000,1000,1000,0.0,0.9721815493768468,0.09038489517016061,0.9962344904697223,0.04339072210898091,0.034776929186029495,3.8163916471489756e-16
confirmation,10002,8,1,0.1,4,cca_equivalent,2000,1000,1000,0.0,0.9721815493768468,0.09038489517016061,0.9962344904697223,0.04339072210898091,0.034776929186029495,3.8163916471489756e-16
confirmation,10002,8,1,0.1,4,raw_svd,2000,1000,1000,0.0,0.9727712744067509,0.08882765368713992,0.99631501159842,0.042924284511102424,0.034129762914075025,4.996003610813204e-16
confirmation,10002,8,1,0.1,4,full_state_oracle,2000,1000,1000,0.0,1.0,0.0,1.0,0.0,0.0,2.255140518769849e-16
confirmation,10002,8,1,0.25,4,correlon,2000,1000,1000,0.0,0.9758320180974762,0.09270943594347733,0.9959855910574495,0.04480183557930687,0.0222984811590771,3.191891195797325e-16
confirmation,10002,8,1,0.25,4,cca_equivalent,2000,1000,1000,0.0,0.9758320180974762,0.09270943594347733,0.9959855910574495,0.04480183557930687,0.0222984811590771,3.191891195797325e-16
confirmation,10002,8,1,0.25,4,raw_svd,2000,1000,1000,0.0,0.9759573978997556,0.09225380325102679,0.9960210680704834,0.04460342996629703,0.022131144278094938,2.498001805406602e-16
confirmation,10002,8,1,0.25,4,full_state_oracle,2000,1000,1000,0.0,1.0,0.0,1.0,0.0,0.0,2.7755575615628914e-16
confirmation,10002,8,1,0.5,4,correlon,2000,1000,1000,0.0,0.9879267742326564,0.09293601837849248,0.9958892544338049,0.045336219329555255,0.013419562178712924,4.440892098500626e-16
confirmation,10002,8,1,0.5,4,cca_equivalent,2000,1000,1000,0.0,0.9879267742326564,0.09293601837849248,0.9958892544338049,0.045336219329555255,0.013419562178712924,4.440892098500626e-16
confirmation,10002,8,1,0.5,4,raw_svd,2000,1000,1000,0.0,0.9879931545624586,0.09276091358332023,0.9958993671275131,0.04528042000957386,0.013145822835627492,6.696032617270475e-16
confirmation,10002,8,1,0.5,4,full_state_oracle,2000,1000,1000,0.0,1.0,0.0,1.0,0.0,0.0,4.475586568020162e-16
confirmation,10002,8,1,1.0,4,correlon,2000,1000,1000,0.0,0.9789750649425651,0.09815604297578735,0.9955904936119677,0.0469547994779674,0.024162110711271383,5.551115123125783e-16
confirmation,10002,8,1,1.0,4,cca_equivalent,2000,1000,1000,0.0,0.9789750649425651,0.09815604297578735,0.9955904936119677,0.0469547994779674,0.024162110711271383,5.551115123125783e-16
confirmation,10002,8,1,1.0,4,raw_svd,2000,1000,1000,0.0,0.97892212542956,0.09829781669872123,0.9955969203472924,0.0469205693310915,0.024122528849844796,5.828670879282072e-16
confirmation,10002,8,1,1.0,4,full_state_oracle,2000,1000,1000,0.0,1.0,0.0,1.0,0.0,0.0,2.7755575615628914e-16
confirmation,10002,8,2,0.1,4,correlon,2000,1000,1000,0.0,0.9745247878949407,0.08548361639616159,0.9966408879038292,0.04098238704718632,0.018570567822638724,4.996003610813204e-16
confirmation,10002,8,2,0.1,4,cca_equivalent,2000,1000,1000,0.0,0.9745247878949407,0.08548361639616159,0.9966408879038292,0.04098238704718632,0.018570567822638724,4.996003610813204e-16
confirmation,10002,8,2,0.1,4,raw_svd,2000,1000,1000,0.0,0.9747009158603931,0.0850229187661237,0.9966615880270884,0.04085591739828978,0.018544609374663144,4.996003610813204e-16
confirmation,10002,8,2,0.1,4,full_state_oracle,2000,1000,1000,0.0,1.0,0.0,1.0,0.0,0.0,4.440892098500626e-16
confirmation,10002,8,2,0.25,4,correlon,2000,1000,1000,0.0,0.9795724016491937,0.10033131300537602,0.9953633611520011,0.04814892962464933,0.022741009042887377,3.885780586188048e-16
confirmation,10002,8,2,0.25,4,cca_equivalent,2000,1000,1000,0.0,0.9795724016491937,0.10033131300537602,0.9953633611520011,0.04814892962464933,0.022741009042887377,3.885780586188048e-16
confirmation,10002,8,2,0.25,4,raw_svd,2000,1000,1000,0.0,0.9801816941178532,0.09854155848036612,0.9954637551893414,0.0476248087169838,0.02125356465399246,4.996003610813204e-16
confirmation,10002,8,2,0.25,4,full_state_oracle,2000,1000,1000,0.0,1.0,0.0,1.0,0.0,0.0,2.7755575615628914e-16
confirmation,10002,8,2,0.5,4,correlon,2000,1000,1000,0.0,0.9852310713039097,0.0925933191233483,0.9958646237691571,0.04547183870728611,0.027087129247033666,3.3306690738754696e-16
confirmation,10002,8,2,0.5,4,cca_equivalent,2000,1000,1000,0.0,0.9852310713039097,0.0925933191233483,0.9958646237691571,0.04547183870728611,0.027087129247033666,3.3306690738754696e-16
confirmation,10002,8,2,0.5,4,raw_svd,2000,1000,1000,0.0,0.9855045621261181,0.09149251095619584,0.9959561471809684,0.044965836025985174,0.02722958411436963,4.440892098500626e-16
confirmation,10002,8,2,0.5,4,full_state_oracle,2000,1000,1000,0.0,1.0,0.0,1.0,0.0,0.0,4.996003610813204e-16
confirmation,10002,8,2,1.0,4,correlon,2000,1000,1000,0.0,0.9859065546771484,0.0915650413366075,0.9960103577520958,0.04466342042378869,0.018614509009975556,4.996003610813204e-16
confirmation,10002,8,2,1.0,4,cca_equivalent,2000,1000,1000,0.0,0.9859065546771484,0.0915650413366075,0.9960103577520958,0.04466342042378869,0.018614509009975556,4.996003610813204e-16
confirmation,10002,8,2,1.0,4,raw_svd,2000,1000,1000,0.0,0.9857612335016055,0.09165470198948827,0.9959983019168648,0.04473085111606531,0.018604355997761383,3.95516952522712e-16
confirmation,10002,8,2,1.0,4,full_state_oracle,2000,1000,1000,0.0,1.0,0.0,1.0,0.0,0.0,2.220446049250313e-16
confirmation,10002,8,4,0.1,4,correlon,2000,1000,1000,0.0,0.9801262250964863,0.07974957226903025,0.9970505414294221,0.03840220417227313,0.01980771024355935,3.3306690738754696e-16
confirmation,10002,8,4,0.1,4,cca_equivalent,2000,1000,1000,0.0,0.9801262250964863,0.07974957226903025,0.9970505414294221,0.03840220417227313,0.01980771024355935,3.3306690738754696e-16
confirmation,10002,8,4,0.1,4,raw_svd,2000,1000,1000,0.0,0.980503348822611,0.07907524348071121,0.9970534923775078,0.038382988565848916,0.020246197170868875,2.0816681711721685e-16
confirmation,10002,8,4,0.1,4,full_state_oracle,2000,1000,1000,0.0,1.0,0.0,1.0,0.0,0.0,2.220446049250313e-16
confirmation,10002,8,4,0.25,4,correlon,2000,1000,1000,0.0,0.9728638402447686,0.08087664539295077,0.9969332564319561,0.039158291382821245,0.01907668441693449,4.440892098500626e-16
confirmation,10002,8,4,0.25,4,cca_equivalent,2000,1000,1000,0.0,0.9728638402447686,0.08087664539295077,0.9969332564319561,0.039158291382821245,0.01907668441693449,4.440892098500626e-16
confirmation,10002,8,4,0.25,4,raw_svd,2000,1000,1000,0.0,0.9731826055044179,0.08032335969610789,0.9969565452468531,0.03900932422605544,0.019292793712211893,4.440892098500626e-16
confirmation,10002,8,4,0.25,4,full_state_oracle,2000,1000,1000,0.0,1.0,0.0,1.0,0.0,0.0,2.7755575615628914e-16
confirmation,10002,8,4,0.5,4,correlon,2000,1000,1000,0.0,0.9797899471575013,0.09319106308555072,0.9959834508408772,0.04481377667148107,0.03484572220485735,2.220446049250313e-16
confirmation,10002,8,4,0.5,4,cca_equivalent,2000,1000,1000,0.0,0.9797899471575013,0.09319106308555072,0.9959834508408772,0.04481377667148107,0.03484572220485735,2.220446049250313e-16
confirmation,10002,8,4,0.5,4,raw_svd,2000,1000,1000,0.0,0.9800068958891339,0.0948030543769742,0.9958323915211535,0.045648704685053075,0.03439267525484026,4.996003610813204e-16
confirmation,10002,8,4,0.5,4,full_state_oracle,2000,1000,1000,0.0,1.0,0.0,1.0,0.0,0.0,3.885780586188048e-16
confirmation,10002,8,4,1.0,4,correlon,2000,1000,1000,0.0,0.9894796272895425,0.09168546481352319,0.9957614152788581,0.046035772618377845,0.026263089032168556,3.3306690738754696e-16
confirmation,10002,8,4,1.0,4,cca_equivalent,2000,1000,1000,0.0,0.9894796272895425,0.09168546481352319,0.9957614152788581,0.046035772618377845,0.026263089032168556,3.3306690738754696e-16
confirmation,10002,8,4,1.0,4,raw_svd,2000,1000,1000,0.0,0.9894874923181147,0.09181032071500154,0.9957339087644493,0.04618490681786984,0.026193981958370603,5.516420653606247e-16
confirmation,10002,8,4,1.0,4,full_state_oracle,2000,1000,1000,0.0,1.0,0.0,1.0,0.0,0.0,5.551115123125783e-16
confirmation,10002,16,1,0.1,4,correlon,2000,1000,1000,0.0,0.971371029521107,0.1165872824407298,0.993150743916717,0.05852032161259448,0.02970003447895356,5.551115123125783e-16
confirmation,10002,16,1,0.1,4,cca_equivalent,2000,1000,1000,0.0,0.971371029521107,0.1165872824407298,0.993150743916717,0.05852032161259448,0.02970003447895356,5.551115123125783e-16
confirmation,10002,16,1,0.1,4,raw_svd,2000,1000,1000,0.0,0.9722636615457692,0.11438566932658109,0.993310708244624,0.05783291344630706,0.028039883799138514,4.996003610813204e-16
confirmation,10002,16,1,0.1,4,full_state_oracle,2000,1000,1000,0.0,1.0,0.0,1.0,0.0,0.0,3.3306690738754696e-16
confirmation,10002,16,1,0.25,4,correlon,2000,1000,1000,0.0,0.9817515522793328,0.115999191034995,0.9934078922031979,0.057411269785653085,0.017828107437065893,4.440892098500626e-16
confirmation,10002,16,1,0.25,4,cca_equivalent,2000,1000,1000,0.0,0.9817515522793328,0.115999191034995,0.9934078922031979,0.057411269785653085,0.017828107437065893,4.440892098500626e-16
confirmation,10002,16,1,0.25,4,raw_svd,2000,1000,1000,0.0,0.9826814367781433,0.11346488304138166,0.9936195173640091,0.056482221255855974,0.0176793034902159,4.85722573273506e-16
confirmation,10002,16,1,0.25,4,full_state_oracle,2000,1000,1000,0.0,1.0,0.0,1.0,0.0,0.0,3.3306690738754696e-16
confirmation,10002,16,1,0.5,4,correlon,2000,1000,1000,0.0,0.9715817482348186,0.11334181699957661,0.9936118613212143,0.05651609805526993,0.025975898436123766,4.440892098500626e-16
confirmation,10002,16,1,0.5,4,cca_equivalent,2000,1000,1000,0.0,0.9715817482348186,0.11334181699957661,0.9936118613212143,0.05651609805526993,0.025975898436123766,4.440892098500626e-16
confirmation,10002,16,1,0.5,4,raw_svd,2000,1000,1000,0.0,0.9718759787821879,0.11336096519321025,0.9935928154754678,0.05660028500163304,0.025435117154883547,3.885780586188048e-16
confirmation,10002,16,1,0.5,4,full_state_oracle,2000,1000,1000,0.0,1.0,0.0,1.0,0.0,0.0,4.440892098500626e-16
confirmation,10002,16,1,1.0,4,correlon,2000,1000,1000,0.0,0.9799673477473294,0.11745736532813228,0.9932365088481917,0.058152777886392955,0.02690899775108671,6.106226635438361e-16
confirmation,10002,16,1,1.0,4,cca_equivalent,2000,1000,1000,0.0,0.9799673477473294,0.11745736532813228,0.9932365088481917,0.058152777886392955,0.02690899775108671,6.106226635438361e-16
confirmation,10002,16,1,1.0,4,raw_svd,2000,1000,1000,0.0,0.9804416886973751,0.11656451500189577,0.9932730982986301,0.05799526576096527,0.02662420972344718,5.551115123125783e-16
confirmation,10002,16,1,1.0,4,full_state_oracle,2000,1000,1000,0.0,1.0,0.0,1.0,0.0,0.0,5.689893001203927e-16
confirmation,10002,16,2,0.1,4,correlon,2000,1000,1000,0.0,0.9745402210062234,0.11547164749129367,0.9933854710106079,0.057508821016397454,0.03326771451454841,4.544975507059235e-16
confirmation,10002,16,2,0.1,4,cca_equivalent,2000,1000,1000,0.0,0.9745402210062234,0.11547164749129367,0.9933854710106079,0.057508821016397454,0.03326771451454841,4.544975507059235e-16
confirmation,10002,16,2,0.1,4,raw_svd,2000,1000,1000,0.0,0.9747875348972475,0.11487698374521163,0.9934259945044558,0.057332388296425195,0.03266042070628322,3.3306690738754696e-16
confirmation,10002,16,2,0.1,4,full_state_oracle,2000,1000,1000,0.0,1.0,0.0,1.0,0.0,0.0,3.469446951953614e-16
confirmation,10002,16,2,0.25,4,correlon,2000,1000,1000,0.0,0.9762024314199196,0.11330567237781193,0.9936456269976515,0.05636653706920676,0.02635907596408109,3.0531133177191805e-16
confirmation,10002,16,2,0.25,4,cca_equivalent,2000,1000,1000,0.0,0.9762024314199196,0.11330567237781193,0.9936456269976515,0.05636653706920676,0.02635907596408109,3.0531133177191805e-16
confirmation,10002,16,2,0.25,4,raw_svd,2000,1000,1000,0.0,0.9769465548530789,0.11193760694265568,0.9937859724664816,0.0557405935271522,0.026731547016798057,4.440892098500626e-16
confirmation,10002,16,2,0.25,4,full_state_oracle,2000,1000,1000,0.0,1.0,0.0,1.0,0.0,0.0,2.7755575615628914e-16
confirmation,10002,16,2,0.5,4,correlon,2000,1000,1000,0.0,0.9638277520764786,0.12112770561842823,0.9928271883267894,0.05988660815746164,0.03160765945970036,5.828670879282072e-16
confirmation,10002,16,2,0.5,4,cca_equivalent,2000,1000,1000,0.0,0.9638277520764786,0.12112770561842823,0.9928271883267894,0.05988660815746164,0.03160765945970036,5.828670879282072e-16
confirmation,10002,16,2,0.5,4,raw_svd,2000,1000,1000,0.0,0.9643272405511102,0.12027775868974971,0.9928671891965347,0.05971938882584668,0.03071510473720762,5.551115123125783e-16
confirmation,10002,16,2,0.5,4,full_state_oracle,2000,1000,1000,0.0,1.0,0.0,1.0,0.0,0.0,4.440892098500626e-16
confirmation,10002,16,2,1.0,4,correlon,2000,1000,1000,0.0,0.9722846103435769,0.12022923340097441,0.9931099258241557,0.05869443830485314,0.030461474645220792,4.440892098500626e-16
confirmation,10002,16,2,1.0,4,cca_equivalent,2000,1000,1000,0.0,0.9722846103435769,0.12022923340097441,0.9931099258241557,0.05869443830485314,0.030461474645220792,4.440892098500626e-16
confirmation,10002,16,2,1.0,4,raw_svd,2000,1000,1000,0.0,0.9732823462134842,0.11776354241511125,0.9933040133253456,0.057861846992013626,0.02796225495535143,5.551115123125783e-16
confirmation,10002,16,2,1.0,4,full_state_oracle,2000,1000,1000,0.0,1.0,0.0,1.0,0.0,0.0,4.718447854656915e-16
confirmation,10002,16,4,0.1,4,correlon,2000,1000,1000,0.0,0.9688562604717349,0.11087148142406353,0.9940433187719055,0.05457417534005632,0.026401826861653467,3.3306690738754696e-16
confirmation,10002,16,4,0.1,4,cca_equivalent,2000,1000,1000,0.0,0.9688562604717349,0.11087148142406353,0.9940433187719055,0.05457417534005632,0.026401826861653467,3.3306690738754696e-16
confirmation,10002,16,4,0.1,4,raw_svd,2000,1000,1000,0.0,0.9694369432068071,0.10945172761326363,0.9941221210476155,0.0542119864623333,0.0256789488237884,3.885780586188048e-16
confirmation,10002,16,4,0.1,4,full_state_oracle,2000,1000,1000,0.0,1.0,0.0,1.0,0.0,0.0,3.885780586188048e-16
confirmation,10002,16,4,0.25,4,correlon,2000,1000,1000,0.0,0.9695812429243857,0.11810251887516812,0.9931103449970913,0.05869265287456679,0.028512562314486463,6.106226635438361e-16
confirmation,10002,16,4,0.25,4,cca_equivalent,2000,1000,1000,0.0,0.9695812429243857,0.11810251887516812,0.9931103449970913,0.05869265287456679,0.028512562314486463,6.106226635438361e-16
confirmation,10002,16,4,0.25,4,raw_svd,2000,1000,1000,0.0,0.9705623219853582,0.11534834392500985,0.993345670161206,0.057681582150604684,0.02690323151391307,3.3306690738754696e-16
confirmation,10002,16,4,0.25,4,full_state_oracle,2000,1000,1000,0.0,1.0,0.0,1.0,0.0,0.0,5.551115123125783e-16
confirmation,10002,16,4,0.5,4,correlon,2000,1000,1000,0.0,0.9891905205047737,0.11498827754353184,0.9935047072814182,0.05698812472165495,0.025098523789606718,5.48172618408671e-16
confirmation,10002,16,4,0.5,4,cca_equivalent,2000,1000,1000,0.0,0.9891905205047737,0.11498827754353184,0.9935047072814182,0.05698812472165495,0.025098523789606718,5.48172618408671e-16
confirmation,10002,16,4,0.5,4,raw_svd,2000,1000,1000,0.0,0.9899041818671763,0.11310860122875165,0.9936837110628693,0.05619737065526583,0.02456911300860301,3.3306690738754696e-16
confirmation,10002,16,4,0.5,4,full_state_oracle,2000,1000,1000,0.0,1.0,0.0,1.0,0.0,0.0,4.440892098500626e-16
confirmation,10002,16,4,1.0,4,correlon,2000,1000,1000,0.0,0.9772485723310225,0.10595644292859295,0.9942963058095213,0.05340268809001429,0.02294674697940722,4.996003610813204e-16
confirmation,10002,16,4,1.0,4,cca_equivalent,2000,1000,1000,0.0,0.9772485723310225,0.10595644292859295,0.9942963058095213,0.05340268809001429,0.02294674697940722,4.996003610813204e-16
confirmation,10002,16,4,1.0,4,raw_svd,2000,1000,1000,0.0,0.9777318677348261,0.10547748007166496,0.9943288646764833,0.05325004846719274,0.022915828469394918,4.579669976578771e-16
confirmation,10002,16,4,1.0,4,full_state_oracle,2000,1000,1000,0.0,1.0,0.0,1.0,0.0,0.0,4.3021142204224816e-16
confirmation,10003,4,1,0.1,4,correlon,2000,1000,1000,0.0,0.9655181312842238,0.07290143942769405,0.9975936667217529,0.03468669253652649,0.012655759539973305,3.3306690738754696e-16
confirmation,10003,4,1,0.1,4,cca_equivalent,2000,1000,1000,0.0,0.9655181312842238,0.07290143942769405,0.9975936667217529,0.03468669253652649,0.012655759539973305,3.3306690738754696e-16
confirmation,10003,4,1,0.1,4,raw_svd,2000,1000,1000,0.0,0.965518131284224,0.07290143942769405,0.9975936667217529,0.034686692536526446,0.01265575953997287,2.7755575615628914e-16
confirmation,10003,4,1,0.1,4,full_state_oracle,2000,1000,1000,0.0,1.0,0.0,1.0,0.0,0.0,3.3306690738754696e-16
confirmation,10003,4,1,0.25,4,correlon,2000,1000,1000,0.0,0.9886485378185249,0.064503184261477,0.9982111147220949,0.029907233890024067,0.018797627565313987,3.3306690738754696e-16
confirmation,10003,4,1,0.25,4,cca_equivalent,2000,1000,1000,0.0,0.9886485378185249,0.064503184261477,0.9982111147220949,0.029907233890024067,0.018797627565313987,3.3306690738754696e-16
confirmation,10003,4,1,0.25,4,raw_svd,2000,1000,1000,0.0,0.9886485378185228,0.06450318426147847,0.9982111147220949,0.029907233890024566,0.018797627565314924,1.734723475976807e-16
confirmation,10003,4,1,0.25,4,full_state_oracle,2000,1000,1000,0.0,1.0,0.0,1.0,0.0,0.0,6.938893903907228e-17
confirmation,10003,4,1,0.5,4,correlon,2000,1000,1000,0.0,0.9938929616020702,0.075276990966585,0.9976768008547451,0.03408224717690212,0.022032129836671903,5.551115123125783e-17
confirmation,10003,4,1,0.5,4,cca_equivalent,2000,1000,1000,0.0,0.9938929616020702,0.075276990966585,0.9976768008547451,0.03408224717690212,0.022032129836671903,5.551115123125783e-17
confirmation,10003,4,1,0.5,4,raw_svd,2000,1000,1000,0.0,0.9938929616020693,0.07527699096658474,0.9976768008547451,0.034082247176902086,0.02203212983667159,3.0531133177191805e-16
confirmation,10003,4,1,0.5,4,full_state_oracle,2000,1000,1000,0.0,1.0,0.0,1.0,0.0,0.0,3.3306690738754696e-16
confirmation,10003,4,1,1.0,4,correlon,2000,1000,1000,0.0,1.005660498735978,0.06700741800074772,0.9982146008284126,0.029878078683103937,0.02751296587610097,4.85722573273506e-16
confirmation,10003,4,1,1.0,4,cca_equivalent,2000,1000,1000,0.0,1.005660498735978,0.06700741800074772,0.9982146008284126,0.029878078683103937,0.02751296587610097,4.85722573273506e-16
confirmation,10003,4,1,1.0,4,raw_svd,2000,1000,1000,0.0,1.0056604987359792,0.06700741800074804,0.9982146008284125,0.02987807868310408,0.02751296587610092,4.0245584642661925e-16
confirmation,10003,4,1,1.0,4,full_state_oracle,2000,1000,1000,0.0,1.0,0.0,1.0,0.0,0.0,8.326672684688674e-17
confirmation,10003,4,2,0.1,4,correlon,2000,1000,1000,0.0,1.0002239018903518,0.06319536504578417,0.9983727686856466,0.028523948835613412,0.013960361247655258,2.7755575615628914e-16
confirmation,10003,4,2,0.1,4,cca_equivalent,2000,1000,1000,0.0,1.0002239018903518,0.06319536504578417,0.9983727686856466,0.028523948835613412,0.013960361247655258,2.7755575615628914e-16
confirmation,10003,4,2,0.1,4,raw_svd,2000,1000,1000,0.0,1.0002239018903494,0.06319536504578459,0.9983727686856466,0.028523948835613527,0.013960361247655519,1.1102230246251565e-16
confirmation,10003,4,2,0.1,4,full_state_oracle,2000,1000,1000,0.0,1.0,0.0,1.0,0.0,0.0,4.996003610813204e-16
confirmation,10003,4,2,0.25,4,correlon,2000,1000,1000,0.0,1.0019486061802234,0.06890652215517344,0.9980517682615587,0.031210829358102966,0.00980333692277907,2.7755575615628914e-16
confirmation,10003,4,2,0.25,4,cca_equivalent,2000,1000,1000,0.0,1.0019486061802234,0.06890652215517344,0.9980517682615587,0.031210829358102966,0.00980333692277907,2.7755575615628914e-16
confirmation,10003,4,2,0.25,4,raw_svd,2000,1000,1000,0.0,1.0019486061802239,0.06890652215517401,0.9980517682615587,0.03121082935810317,0.009803336922779318,1.6653345369377348e-16
confirmation,10003,4,2,0.25,4,full_state_oracle,2000,1000,1000,0.0,1.0,0.0,1.0,0.0,0.0,2.220446049250313e-16
confirmation,10003,4,2,0.5,4,correlon,2000,1000,1000,0.0,0.9768810324992002,0.06266731449564975,0.9984093120226342,0.02820184371070303,0.00554248179027713,1.3877787807814457e-16
confirmation,10003,4,2,0.5,4,cca_equivalent,2000,1000,1000,0.0,0.9768810324992002,0.06266731449564975,0.9984093120226342,0.02820184371070303,0.00554248179027713,1.3877787807814457e-16
confirmation,10003,4,2,0.5,4,raw_svd,2000,1000,1000,0.0,0.9768810324992008,0.06266731449565006,0.9984093120226342,0.028201843710703025,0.005542481790277009,4.0245584642661925e-16
confirmation,10003,4,2,0.5,4,full_state_oracle,2000,1000,1000,0.0,1.0,0.0,1.0,0.0,0.0,2.0816681711721685e-16
confirmation,10003,4,2,1.0,4,correlon,2000,1000,1000,0.0,1.0001470152248857,0.06294277977555435,0.998246298880578,0.02961166256242572,0.008801800523673232,2.220446049250313e-16
confirmation,10003,4,2,1.0,4,cca_equivalent,2000,1000,1000,0.0,1.0001470152248857,0.06294277977555435,0.998246298880578,0.02961166256242572,0.008801800523673232,2.220446049250313e-16
confirmation,10003,4,2,1.0,4,raw_svd,2000,1000,1000,0.0,1.0001470152248852,0.06294277977555453,0.998246298880578,0.02961166256242579,0.008801800523673943,1.3877787807814457e-16
confirmation,10003,4,2,1.0,4,full_state_oracle,2000,1000,1000,0.0,1.0,0.0,1.0,0.0,0.0,4.996003610813204e-16
confirmation,10003,4,4,0.1,4,correlon,2000,1000,1000,0.0,0.9888840672726223,0.07376256874944619,0.9978088245598472,0.03309966344355258,0.019585361596060932,2.220446049250313e-16
confirmation,10003,4,4,0.1,4,cca_equivalent,2000,1000,1000,0.0,0.9888840672726223,0.07376256874944619,0.9978088245598472,0.03309966344355258,0.019585361596060932,2.220446049250313e-16
confirmation,10003,4,4,0.1,4,raw_svd,2000,1000,1000,0.0,0.9888840672726216,0.07376256874944499,0.9978088245598472,0.033099663443552134,0.019585361596061106,2.220446049250313e-16
confirmation,10003,4,4,0.1,4,full_state_oracle,2000,1000,1000,0.0,1.0,0.0,1.0,0.0,0.0,3.885780586188048e-16
confirmation,10003,4,4,0.25,4,correlon,2000,1000,1000,0.0,0.9916773148475765,0.05372002083276756,0.9987626260370667,0.024873419175229977,0.01697629848670927,1.3877787807814457e-16
confirmation,10003,4,4,0.25,4,cca_equivalent,2000,1000,1000,0.0,0.9916773148475765,0.05372002083276756,0.9987626260370667,0.024873419175229977,0.01697629848670927,1.3877787807814457e-16
confirmation,10003,4,4,0.25,4,raw_svd,2000,1000,1000,0.0,0.9916773148475759,0.053720020832767876,0.9987626260370667,0.024873419175230168,0.016976298486709257,1.6653345369377348e-16
confirmation,10003,4,4,0.25,4,full_state_oracle,2000,1000,1000,0.0,1.0,0.0,1.0,0.0,0.0,1.6653345369377348e-16
confirmation,10003,4,4,0.5,4,correlon,2000,1000,1000,0.0,0.9537854786138297,0.06275319504338556,0.9983022166039904,0.029135746051968406,0.018335533932102778,1.6653345369377348e-16
confirmation,10003,4,4,0.5,4,cca_equivalent,2000,1000,1000,0.0,0.9537854786138297,0.06275319504338556,0.9983022166039904,0.029135746051968406,0.018335533932102778,1.6653345369377348e-16
confirmation,10003,4,4,0.5,4,raw_svd,2000,1000,1000,0.0,0.9537854786138298,0.06275319504338553,0.9983022166039904,0.029135746051968413,0.018335533932102924,2.2898349882893854e-16
confirmation,10003,4,4,0.5,4,full_state_oracle,2000,1000,1000,0.0,1.0,0.0,1.0,0.0,0.0,3.3306690738754696e-16
confirmation,10003,4,4,1.0,4,correlon,2000,1000,1000,0.0,0.979656842122067,0.06037969044209068,0.998279212569667,0.029332468616985793,0.012263669866264279,4.440892098500626e-16
confirmation,10003,4,4,1.0,4,cca_equivalent,2000,1000,1000,0.0,0.979656842122067,0.06037969044209068,0.998279212569667,0.029332468616985793,0.012263669866264279,4.440892098500626e-16
confirmation,10003,4,4,1.0,4,raw_svd,2000,1000,1000,0.0,0.9796568421220666,0.06037969044209059,0.998279212569667,0.029332468616985696,0.012263669866263935,3.3306690738754696e-16
confirmation,10003,4,4,1.0,4,full_state_oracle,2000,1000,1000,0.0,1.0,0.0,1.0,0.0,0.0,4.996003610813204e-16
confirmation,10003,8,1,0.1,4,correlon,2000,1000,1000,0.0,0.9866038970316493,0.08362977368036623,0.996670912880786,0.04079881811532036,0.020745758001559658,3.885780586188048e-16
confirmation,10003,8,1,0.1,4,cca_equivalent,2000,1000,1000,0.0,0.9866038970316493,0.08362977368036623,0.996670912880786,0.04079881811532036,0.020745758001559658,3.885780586188048e-16
confirmation,10003,8,1,0.1,4,raw_svd,2000,1000,1000,0.0,0.986607361457708,0.0836386808572528,0.9966674266145774,0.040820175069581764,0.020544046630217815,4.440892098500626e-16
confirmation,10003,8,1,0.1,4,full_state_oracle,2000,1000,1000,0.0,1.0,0.0,1.0,0.0,0.0,4.163336342344337e-16
confirmation,10003,8,1,0.25,4,correlon,2000,1000,1000,0.0,0.9737573897870367,0.08464973298544433,0.9966148261496248,0.04114106130361269,0.023087588004438574,1.6653345369377348e-16
confirmation,10003,8,1,0.25,4,cca_equivalent,2000,1000,1000,0.0,0.9737573897870367,0.08464973298544433,0.9966148261496248,0.04114106130361269,0.023087588004438574,1.6653345369377348e-16
confirmation,10003,8,1,0.25,4,raw_svd,2000,1000,1000,0.0,0.973797494320614,0.08442276599066476,0.9966285785474112,0.041057407690871746,0.023159360103228572,3.885780586188048e-16
confirmation,10003,8,1,0.25,4,full_state_oracle,2000,1000,1000,0.0,1.0,0.0,1.0,0.0,0.0,3.3306690738754696e-16
confirmation,10003,8,1,0.5,4,correlon,2000,1000,1000,0.0,0.9825492231420881,0.08459096695127555,0.996679268728223,0.04074758441783416,0.022833817659329445,4.440892098500626e-16
confirmation,10003,8,1,0.5,4,cca_equivalent,2000,1000,1000,0.0,0.9825492231420881,0.08459096695127555,0.996679268728223,0.04074758441783416,0.022833817659329445,4.440892098500626e-16
confirmation,10003,8,1,0.5,4,raw_svd,2000,1000,1000,0.0,0.9826054460195572,0.08439871359462146,0.9966838738584838,0.04071932060776698,0.02280254866370021,2.220446049250313e-16
confirmation,10003,8,1,0.5,4,full_state_oracle,2000,1000,1000,0.0,1.0,0.0,1.0,0.0,0.0,2.220446049250313e-16
confirmation,10003,8,1,1.0,4,correlon,2000,1000,1000,0.0,0.9775461245188728,0.0952370794574131,0.9957487836836085,0.04610431821636385,0.0223861019366494,2.220446049250313e-16
confirmation,10003,8,1,1.0,4,cca_equivalent,2000,1000,1000,0.0,0.9775461245188728,0.0952370794574131,0.9957487836836085,0.04610431821636385,0.0223861019366494,2.220446049250313e-16
confirmation,10003,8,1,1.0,4,raw_svd,2000,1000,1000,0.0,0.9777545210765729,0.0947222962560576,0.9957831032263048,0.04591784388282677,0.021969439252981816,2.7755575615628914e-16
confirmation,10003,8,1,1.0,4,full_state_oracle,2000,1000,1000,0.0,1.0,0.0,1.0,0.0,0.0,3.3306690738754696e-16
confirmation,10003,8,2,0.1,4,correlon,2000,1000,1000,0.0,0.9749101767022162,0.07490324142374727,0.9973720529863749,0.03624877248697601,0.01533661002651303,4.440892098500626e-16
confirmation,10003,8,2,0.1,4,cca_equivalent,2000,1000,1000,0.0,0.9749101767022162,0.07490324142374727,0.9973720529863749,0.03624877248697601,0.01533661002651303,4.440892098500626e-16
confirmation,10003,8,2,0.1,4,raw_svd,2000,1000,1000,0.0,0.9749520732724837,0.07478699170055648,0.9973746058585234,0.036231161597970615,0.015411912287427446,3.885780586188048e-16
confirmation,10003,8,2,0.1,4,full_state_oracle,2000,1000,1000,0.0,1.0,0.0,1.0,0.0,0.0,4.996003610813204e-16
confirmation,10003,8,2,0.25,4,correlon,2000,1000,1000,0.0,0.9906004547205947,0.08209841079343246,0.9968245654000173,0.03984617045578384,0.020178047499020343,5.689893001203927e-16
confirmation,10003,8,2,0.25,4,cca_equivalent,2000,1000,1000,0.0,0.9906004547205947,0.08209841079343246,0.9968245654000173,0.03984617045578384,0.020178047499020343,5.689893001203927e-16
confirmation,10003,8,2,0.25,4,raw_svd,2000,1000,1000,0.0,0.9908588986814283,0.08140177894009382,0.9968676225285069,0.03957510247297576,0.01945897445255816,3.885780586188048e-16
confirmation,10003,8,2,0.25,4,full_state_oracle,2000,1000,1000,0.0,1.0,0.0,1.0,0.0,0.0,3.3306690738754696e-16
confirmation,10003,8,2,0.5,4,correlon,2000,1000,1000,0.0,0.9880198569388339,0.09614169045369708,0.9956463634902744,0.04665638493135628,0.018203109814515214,7.494005416219807e-16
confirmation,10003,8,2,0.5,4,cca_equivalent,2000,1000,1000,0.0,0.9880198569388339,0.09614169045369708,0.9956463634902744,0.04665638493135628,0.018203109814515214,7.494005416219807e-16
confirmation,10003,8,2,0.5,4,raw_svd,2000,1000,1000,0.0,0.9882064201727786,0.09544804697399759,0.995690081530083,0.04642153848116774,0.01759367587479496,4.440892098500626e-16
confirmation,10003,8,2,0.5,4,full_state_oracle,2000,1000,1000,0.0,1.0,0.0,1.0,0.0,0.0,4.440892098500626e-16
confirmation,10003,8,2,1.0,4,correlon,2000,1000,1000,0.0,0.990482685953988,0.0909789531426298,0.996110868210952,0.044097232277367046,0.021300051228368963,3.608224830031759e-16
confirmation,10003,8,2,1.0,4,cca_equivalent,2000,1000,1000,0.0,0.990482685953988,0.0909789531426298,0.996110868210952,0.044097232277367046,0.021300051228368963,3.608224830031759e-16
confirmation,10003,8,2,1.0,4,raw_svd,2000,1000,1000,0.0,0.9905014120658487,0.09085993174481528,0.9961185764011302,0.04405351063689389,0.021404715351305063,3.608224830031759e-16
confirmation,10003,8,2,1.0,4,full_state_oracle,2000,1000,1000,0.0,1.0,0.0,1.0,0.0,0.0,2.220446049250313e-16
confirmation,10003,8,4,0.1,4,correlon,2000,1000,1000,0.0,0.9783297016507453,0.0940363155125616,0.9959427325402859,0.0450403566799496,0.028756275783299062,2.498001805406602e-16
confirmation,10003,8,4,0.1,4,cca_equivalent,2000,1000,1000,0.0,0.9783297016507453,0.0940363155125616,0.9959427325402859,0.0450403566799496,0.028756275783299062,2.498001805406602e-16
confirmation,10003,8,4,0.1,4,raw_svd,2000,1000,1000,0.0,0.9786141268682023,0.09317693154126346,0.9960117680614126,0.04465552563002359,0.02832295105402366,3.3306690738754696e-16
confirmation,10003,8,4,0.1,4,full_state_oracle,2000,1000,1000,0.0,1.0,0.0,1.0,0.0,0.0,3.3306690738754696e-16
confirmation,10003,8,4,0.25,4,correlon,2000,1000,1000,0.0,0.9966575326323922,0.0941131946447774,0.9958627521896041,0.04548212731610035,0.018395493973702676,2.7755575615628914e-16
confirmation,10003,8,4,0.25,4,cca_equivalent,2000,1000,1000,0.0,0.9966575326323922,0.0941131946447774,0.9958627521896041,0.04548212731610035,0.018395493973702676,2.7755575615628914e-16
confirmation,10003,8,4,0.25,4,raw_svd,2000,1000,1000,0.0,0.9972057338672649,0.09199900546236708,0.9960098088414211,0.04466649280265273,0.018048897331785465,4.996003610813204e-16
confirmation,10003,8,4,0.25,4,full_state_oracle,2000,1000,1000,0.0,1.0,0.0,1.0,0.0,0.0,3.3306690738754696e-16
confirmation,10003,8,4,0.5,4,correlon,2000,1000,1000,0.0,0.9844563297067463,0.09143292353888098,0.9958391255191053,0.04561181031758485,0.02122990940291352,6.661338147750939e-16
confirmation,10003,8,4,0.5,4,cca_equivalent,2000,1000,1000,0.0,0.9844563297067463,0.09143292353888098,0.9958391255191053,0.04561181031758485,0.02122990940291352,6.661338147750939e-16
confirmation,10003,8,4,0.5,4,raw_svd,2000,1000,1000,0.0,0.9850030684606067,0.09048682983228293,0.9959106540880639,0.045218060064182906,0.02152765637945183,2.7755575615628914e-16
confirmation,10003,8,4,0.5,4,full_state_oracle,2000,1000,1000,0.0,1.0,0.0,1.0,0.0,0.0,3.3306690738754696e-16
confirmation,10003,8,4,1.0,4,correlon,2000,1000,1000,0.0,0.9958747177666432,0.08464272007742418,0.996603491416882,0.04120988099423454,0.010467459321753225,3.3306690738754696e-16
confirmation,10003,8,4,1.0,4,cca_equivalent,2000,1000,1000,0.0,0.9958747177666432,0.08464272007742418,0.996603491416882,0.04120988099423454,0.010467459321753225,3.3306690738754696e-16
confirmation,10003,8,4,1.0,4,raw_svd,2000,1000,1000,0.0,0.995971234295929,0.08427873285807061,0.9966246244571876,0.04108147723008746,0.010628675585548157,6.661338147750939e-16
confirmation,10003,8,4,1.0,4,full_state_oracle,2000,1000,1000,0.0,1.0,0.0,1.0,0.0,0.0,3.3306690738754696e-16
confirmation,10003,16,1,0.1,4,correlon,2000,1000,1000,0.0,0.9720832321938161,0.11716653250733491,0.9931901943398614,0.05835154522434889,0.024399551634232915,3.3306690738754696e-16
confirmation,10003,16,1,0.1,4,cca_equivalent,2000,1000,1000,0.0,0.9720832321938161,0.11716653250733491,0.9931901943398614,0.05835154522434889,0.024399551634232915,3.3306690738754696e-16
confirmation,10003,16,1,0.1,4,raw_svd,2000,1000,1000,0.0,0.9721568144878794,0.11696239933503047,0.9932103835354492,0.05826498289946886,0.024218423712877062,3.885780586188048e-16
confirmation,10003,16,1,0.1,4,full_state_oracle,2000,1000,1000,0.0,1.0,0.0,1.0,0.0,0.0,3.885780586188048e-16
confirmation,10003,16,1,0.25,4,correlon,2000,1000,1000,0.0,0.9743746586088364,0.11351747688261998,0.9936733685031106,0.056243361816704154,0.026658353574900977,4.996003610813204e-16
confirmation,10003,16,1,0.25,4,cca_equivalent,2000,1000,1000,0.0,0.9743746586088364,0.11351747688261998,0.9936733685031106,0.056243361816704154,0.026658353574900977,4.996003610813204e-16
confirmation,10003,16,1,0.25,4,raw_svd,2000,1000,1000,0.0,0.9755245641623235,0.11097017451445994,0.9938499018272055,0.05545312512741974,0.02429200743573875,4.718447854656915e-16
confirmation,10003,16,1,0.25,4,full_state_oracle,2000,1000,1000,0.0,1.0,0.0,1.0,0.0,0.0,3.3306690738754696e-16
confirmation,10003,16,1,0.5,4,correlon,2000,1000,1000,0.0,0.9629675233371258,0.1120119457154267,0.9938612637327786,0.05540187843034461,0.029348376059035838,3.3306690738754696e-16
confirmation,10003,16,1,0.5,4,cca_equivalent,2000,1000,1000,0.0,0.9629675233371258,0.1120119457154267,0.9938612637327786,0.05540187843034461,0.029348376059035838,3.3306690738754696e-16
confirmation,10003,16,1,0.5,4,raw_svd,2000,1000,1000,0.0,0.9635113236133012,0.11106107167653652,0.9939054445846366,0.05520215310729906,0.029319697134106888,5.551115123125783e-16
confirmation,10003,16,1,0.5,4,full_state_oracle,2000,1000,1000,0.0,1.0,0.0,1.0,0.0,0.0,2.7755575615628914e-16
confirmation,10003,16,1,1.0,4,correlon,2000,1000,1000,0.0,0.9717855011509665,0.11749226754368625,0.9932836449908187,0.05794978433601546,0.02967197738381421,6.661338147750939e-16
confirmation,10003,16,1,1.0,4,cca_equivalent,2000,1000,1000,0.0,0.9717855011509665,0.11749226754368625,0.9932836449908187,0.05794978433601546,0.02967197738381421,6.661338147750939e-16
confirmation,10003,16,1,1.0,4,raw_svd,2000,1000,1000,0.0,0.9718908664896244,0.11761145099158743,0.9932669046016115,0.058021958767300215,0.02933007349296835,4.996003610813204e-16
confirmation,10003,16,1,1.0,4,full_state_oracle,2000,1000,1000,0.0,1.0,0.0,1.0,0.0,0.0,4.440892098500626e-16
confirmation,10003,16,2,0.1,4,correlon,2000,1000,1000,0.0,0.9709692007334005,0.11447856224349583,0.9936175249119231,0.05649103950219393,0.032026439216617394,3.3306690738754696e-16
confirmation,10003,16,2,0.1,4,cca_equivalent,2000,1000,1000,0.0,0.9709692007334005,0.11447856224349583,0.9936175249119231,0.05649103950219393,0.032026439216617394,3.3306690738754696e-16
confirmation,10003,16,2,0.1,4,raw_svd,2000,1000,1000,0.0,0.9716803497768496,0.11273861535193822,0.9937743149116974,0.05579285388068307,0.03136367437071515,6.661338147750939e-16
confirmation,10003,16,2,0.1,4,full_state_oracle,2000,1000,1000,0.0,1.0,0.0,1.0,0.0,0.0,4.996003610813204e-16
confirmation,10003,16,2,0.25,4,correlon,2000,1000,1000,0.0,0.9767947880802503,0.12444702396859451,0.9925046195012573,0.061218381629795246,0.02823509792400254,3.3306690738754696e-16
confirmation,10003,16,2,0.25,4,cca_equivalent,2000,1000,1000,0.0,0.9767947880802503,0.12444702396859451,0.9925046195012573,0.061218381629795246,0.02823509792400254,3.3306690738754696e-16
confirmation,10003,16,2,0.25,4,raw_svd,2000,1000,1000,0.0,0.9783871573299511,0.12064720459754197,0.9928429940507386,0.059820589888688436,0.02615128089178744,3.3306690738754696e-16
confirmation,10003,16,2,0.25,4,full_state_oracle,2000,1000,1000,0.0,1.0,0.0,1.0,0.0,0.0,3.3306690738754696e-16
confirmation,10003,16,2,0.5,4,correlon,2000,1000,1000,0.0,0.966026531871478,0.11133697599800042,0.9938961424768521,0.055244264512924336,0.032113338846157524,3.3306690738754696e-16
confirmation,10003,16,2,0.5,4,cca_equivalent,2000,1000,1000,0.0,0.966026531871478,0.11133697599800042,0.9938961424768521,0.055244264512924336,0.032113338846157524,3.3306690738754696e-16
confirmation,10003,16,2,0.5,4,raw_svd,2000,1000,1000,0.0,0.9671853054339842,0.10917566677234071,0.994066154576957,0.054469465864110146,0.029422215318515473,2.220446049250313e-16
confirmation,10003,16,2,0.5,4,full_state_oracle,2000,1000,1000,0.0,1.0,0.0,1.0,0.0,0.0,6.106226635438361e-16
confirmation,10003,16,2,1.0,4,correlon,2000,1000,1000,0.0,0.9704442046877197,0.10727670856034757,0.9942007758763141,0.053848046035515205,0.01993685617555315,3.885780586188048e-16
confirmation,10003,16,2,1.0,4,cca_equivalent,2000,1000,1000,0.0,0.9704442046877197,0.10727670856034757,0.9942007758763141,0.053848046035515205,0.01993685617555315,3.885780586188048e-16
confirmation,10003,16,2,1.0,4,raw_svd,2000,1000,1000,0.0,0.9711168895146561,0.10566571032266521,0.9943487313607499,0.053156695905831816,0.01919230445917792,3.400058012914542e-16
confirmation,10003,16,2,1.0,4,full_state_oracle,2000,1000,1000,0.0,1.0,0.0,1.0,0.0,0.0,3.469446951953614e-16
confirmation,10003,16,4,0.1,4,correlon,2000,1000,1000,0.0,0.9756536275052734,0.1093424914966348,0.994007404413724,0.05473844894713353,0.02358884041389249,6.38378239159465e-16
confirmation,10003,16,4,0.1,4,cca_equivalent,2000,1000,1000,0.0,0.9756536275052734,0.1093424914966348,0.994007404413724,0.05473844894713353,0.02358884041389249,6.38378239159465e-16
confirmation,10003,16,4,0.1,4,raw_svd,2000,1000,1000,0.0,0.9767496150675672,0.1070780645990539,0.9941476016909438,0.05409435418348312,0.023407101331469747,5.585809592645319e-16
confirmation,10003,16,4,0.1,4,full_state_oracle,2000,1000,1000,0.0,1.0,0.0,1.0,0.0,0.0,3.642919299551295e-16
confirmation,10003,16,4,0.25,4,correlon,2000,1000,1000,0.0,0.9756102381768273,0.12216554101112358,0.9926020223007661,0.060819313130098605,0.021129139409424832,3.885780586188048e-16
confirmation,10003,16,4,0.25,4,cca_equivalent,2000,1000,1000,0.0,0.9756102381768273,0.12216554101112358,0.9926020223007661,0.060819313130098605,0.021129139409424832,3.885780586188048e-16
confirmation,10003,16,4,0.25,4,raw_svd,2000,1000,1000,0.0,0.976401678636603,0.12059912926890765,0.9926943746607383,0.06043850320475202,0.02078817441626228,3.885780586188048e-16
confirmation,10003,16,4,0.25,4,full_state_oracle,2000,1000,1000,0.0,1.0,0.0,1.0,0.0,0.0,3.885780586188048e-16
confirmation,10003,16,4,0.5,4,correlon,2000,1000,1000,0.0,0.9785658302624742,0.12081205128091492,0.9927715963892781,0.06011823188817932,0.026588860187024735,7.216449660063518e-16
confirmation,10003,16,4,0.5,4,cca_equivalent,2000,1000,1000,0.0,0.9785658302624742,0.12081205128091492,0.9927715963892781,0.06011823188817932,0.026588860187024735,7.216449660063518e-16
confirmation,10003,16,4,0.5,4,raw_svd,2000,1000,1000,0.0,0.97955579884653,0.12116396974831183,0.992690942625886,0.06045269793034079,0.025478957395674965,3.885780586188048e-16
confirmation,10003,16,4,0.5,4,full_state_oracle,2000,1000,1000,0.0,1.0,0.0,1.0,0.0,0.0,3.885780586188048e-16
confirmation,10003,16,4,1.0,4,correlon,2000,1000,1000,0.0,0.9802399580966429,0.11336273519075434,0.9936140407043511,0.05650645669146586,0.02745237947357248,4.995461509726962e-16
confirmation,10003,16,4,1.0,4,cca_equivalent,2000,1000,1000,0.0,0.9802399580966429,0.11336273519075434,0.9936140407043511,0.05650645669146586,0.02745237947357248,4.995461509726962e-16
confirmation,10003,16,4,1.0,4,raw_svd,2000,1000,1000,0.0,0.9803814641132849,0.11461092500300789,0.9934402616191315,0.05727014222467328,0.026888118263703024,3.3306690738754696e-16
confirmation,10003,16,4,1.0,4,full_state_oracle,2000,1000,1000,0.0,1.0,0.0,1.0,0.0,0.0,3.885780586188048e-16
confirmation,10004,4,1,0.1,4,correlon,2000,1000,1000,0.0,0.9982933925284853,0.05422898826860078,0.9987961122856802,0.024534544160425623,0.014480489903473857,1.942890293094024e-16
confirmation,10004,4,1,0.1,4,cca_equivalent,2000,1000,1000,0.0,0.9982933925284853,0.05422898826860078,0.9987961122856802,0.024534544160425623,0.014480489903473857,1.942890293094024e-16
confirmation,10004,4,1,0.1,4,raw_svd,2000,1000,1000,0.0,0.9982933925284845,0.05422898826860142,0.9987961122856802,0.024534544160425883,0.014480489903473157,2.220446049250313e-16
confirmation,10004,4,1,0.1,4,full_state_oracle,2000,1000,1000,0.0,1.0,0.0,1.0,0.0,0.0,1.1102230246251565e-16
confirmation,10004,4,1,0.25,4,correlon,2000,1000,1000,0.0,0.9742919588680012,0.07346530794306973,0.9977547881708768,0.03350531173652372,0.02732459705883363,3.3306690738754696e-16
confirmation,10004,4,1,0.25,4,cca_equivalent,2000,1000,1000,0.0,0.9742919588680012,0.07346530794306973,0.9977547881708768,0.03350531173652372,0.02732459705883363,3.3306690738754696e-16
confirmation,10004,4,1,0.25,4,raw_svd,2000,1000,1000,0.0,0.9742919588680001,0.07346530794307023,0.9977547881708766,0.03350531173652393,0.027324597058833888,5.828670879282072e-16
confirmation,10004,4,1,0.25,4,full_state_oracle,2000,1000,1000,0.0,1.0,0.0,1.0,0.0,0.0,1.8041124150158794e-16
confirmation,10004,4,1,0.5,4,correlon,2000,1000,1000,0.0,1.0101264741302582,0.08249413381297906,0.9976701129440889,0.034131269064532246,0.027927446683617747,2.220446049250313e-16
confirmation,10004,4,1,0.5,4,cca_equivalent,2000,1000,1000,0.0,1.0101264741302582,0.08249413381297906,0.9976701129440889,0.034131269064532246,0.027927446683617747,2.220446049250313e-16
confirmation,10004,4,1,0.5,4,raw_svd,2000,1000,1000,0.0,1.0101264741302591,0.08249413381297888,0.997670112944089,0.0341312690645322,0.02792744668361824,2.220446049250313e-16
confirmation,10004,4,1,0.5,4,full_state_oracle,2000,1000,1000,0.0,1.0,0.0,1.0,0.0,0.0,3.3306690738754696e-16
confirmation,10004,4,1,1.0,4,correlon,2000,1000,1000,0.0,0.9836508160388275,0.05349192568251312,0.9987558172974718,0.02494175918543331,0.016104856386367564,3.3306690738754696e-16
confirmation,10004,4,1,1.0,4,cca_equivalent,2000,1000,1000,0.0,0.9836508160388275,0.05349192568251312,0.9987558172974718,0.02494175918543331,0.016104856386367564,3.3306690738754696e-16
confirmation,10004,4,1,1.0,4,raw_svd,2000,1000,1000,0.0,0.9836508160388279,0.05349192568251327,0.9987558172974718,0.024941759185433402,0.016104856386367265,2.7755575615628914e-16
confirmation,10004,4,1,1.0,4,full_state_oracle,2000,1000,1000,0.0,1.0,0.0,1.0,0.0,0.0,1.942890293094024e-16
confirmation,10004,4,2,0.1,4,correlon,2000,1000,1000,0.0,1.0212108573715495,0.06576276724508029,0.998165258456158,0.030288129224516243,0.01571749550175435,1.249000902703301e-16
confirmation,10004,4,2,0.1,4,cca_equivalent,2000,1000,1000,0.0,1.0212108573715495,0.06576276724508029,0.998165258456158,0.030288129224516243,0.01571749550175435,1.249000902703301e-16
confirmation,10004,4,2,0.1,4,raw_svd,2000,1000,1000,0.0,1.0212108573715486,0.06576276724508105,0.998165258456158,0.030288129224516593,0.01571749550175588,1.5265566588595902e-16
confirmation,10004,4,2,0.1,4,full_state_oracle,2000,1000,1000,0.0,1.0,0.0,1.0,0.0,0.0,1.6653345369377348e-16
confirmation,10004,4,2,0.25,4,correlon,2000,1000,1000,0.0,0.9792524253226494,0.05954941778001673,0.9984228978900949,0.028081151239801164,0.01649330618484429,4.996003610813204e-16
confirmation,10004,4,2,0.25,4,cca_equivalent,2000,1000,1000,0.0,0.9792524253226494,0.05954941778001673,0.9984228978900949,0.028081151239801164,0.01649330618484429,4.996003610813204e-16
confirmation,10004,4,2,0.25,4,raw_svd,2000,1000,1000,0.0,0.9792524253226492,0.059549417780016406,0.9984228978900949,0.028081151239801014,0.01649330618484257,3.885780586188048e-16
confirmation,10004,4,2,0.25,4,full_state_oracle,2000,1000,1000,0.0,1.0,0.0,1.0,0.0,0.0,3.2612801348363973e-16
confirmation,10004,4,2,0.5,4,correlon,2000,1000,1000,0.0,0.9604528355432409,0.0718731035948952,0.9979083682272378,0.03233907677069795,0.0242356371259623,1.3877787807814457e-16
confirmation,10004,4,2,0.5,4,cca_equivalent,2000,1000,1000,0.0,0.9604528355432409,0.0718731035948952,0.9979083682272378,0.03233907677069795,0.0242356371259623,1.3877787807814457e-16
confirmation,10004,4,2,0.5,4,raw_svd,2000,1000,1000,0.0,0.9604528355432411,0.07187310359489536,0.9979083682272378,0.032339076770698076,0.02423563712596235,3.885780586188048e-16
confirmation,10004,4,2,0.5,4,full_state_oracle,2000,1000,1000,0.0,1.0,0.0,1.0,0.0,0.0,2.7755575615628914e-16
confirmation,10004,4,2,1.0,4,correlon,2000,1000,1000,0.0,1.016387818310243,0.0508296049481674,0.9988088717462739,0.024404182569040995,0.013090634275872412,3.469446951953614e-16
confirmation,10004,4,2,1.0,4,cca_equivalent,2000,1000,1000,0.0,1.016387818310243,0.0508296049481674,0.9988088717462739,0.024404182569040995,0.013090634275872412,3.469446951953614e-16
confirmation,10004,4,2,1.0,4,raw_svd,2000,1000,1000,0.0,1.016387818310242,0.05082960494816725,0.9988088717462739,0.02440418256904096,0.013090634275871526,1.6653345369377348e-16
confirmation,10004,4,2,1.0,4,full_state_oracle,2000,1000,1000,0.0,1.0,0.0,1.0,0.0,0.0,1.6653345369377348e-16
confirmation,10004,4,4,0.1,4,correlon,2000,1000,1000,0.0,0.9924028199723612,0.05838673988652767,0.9985965325332994,0.02649025732887998,0.014152336541498991,1.942890293094024e-16
confirmation,10004,4,4,0.1,4,cca_equivalent,2000,1000,1000,0.0,0.9924028199723612,0.05838673988652767,0.9985965325332994,0.02649025732887998,0.014152336541498991,1.942890293094024e-16
confirmation,10004,4,4,0.1,4,raw_svd,2000,1000,1000,0.0,0.9924028199723629,0.058386739886527615,0.9985965325332994,0.026490257328879985,0.014152336541498955,2.914335439641036e-16
confirmation,10004,4,4,0.1,4,full_state_oracle,2000,1000,1000,0.0,1.0,0.0,1.0,0.0,0.0,2.220446049250313e-16
confirmation,10004,4,4,0.25,4,correlon,2000,1000,1000,0.0,0.9934598025299316,0.05942461320360284,0.9985282756988073,0.02712677921531287,0.016812441102534485,2.7755575615628914e-16
confirmation,10004,4,4,0.25,4,cca_equivalent,2000,1000,1000,0.0,0.9934598025299316,0.05942461320360284,0.9985282756988073,0.02712677921531287,0.016812441102534485,2.7755575615628914e-16
confirmation,10004,4,4,0.25,4,raw_svd,2000,1000,1000,0.0,0.9934598025299307,0.059424613203602435,0.9985282756988074,0.02712677921531268,0.01681244110253517,2.7755575615628914e-16
confirmation,10004,4,4,0.25,4,full_state_oracle,2000,1000,1000,0.0,1.0,0.0,1.0,0.0,0.0,4.440892098500626e-16
confirmation,10004,4,4,0.5,4,correlon,2000,1000,1000,0.0,0.9711642177752081,0.06001560749066983,0.9982857113054914,0.029277027636942596,0.01887713010417194,1.6653345369377348e-16
confirmation,10004,4,4,0.5,4,cca_equivalent,2000,1000,1000,0.0,0.9711642177752081,0.06001560749066983,0.9982857113054914,0.029277027636942596,0.01887713010417194,1.6653345369377348e-16
confirmation,10004,4,4,0.5,4,raw_svd,2000,1000,1000,0.0,0.9711642177752087,0.0600156074906694,0.9982857113054915,0.029277027636942454,0.018877130104171157,4.510281037539698e-16
confirmation,10004,4,4,0.5,4,full_state_oracle,2000,1000,1000,0.0,1.0,0.0,1.0,0.0,0.0,1.6653345369377348e-16
confirmation,10004,4,4,1.0,4,correlon,2000,1000,1000,0.0,0.9544715393867756,0.06161621174749654,0.998373682198013,0.02851594117320144,0.013496832386525125,5.551115123125783e-16
confirmation,10004,4,4,1.0,4,cca_equivalent,2000,1000,1000,0.0,0.9544715393867756,0.06161621174749654,0.998373682198013,0.02851594117320144,0.013496832386525125,5.551115123125783e-16
confirmation,10004,4,4,1.0,4,raw_svd,2000,1000,1000,0.0,0.9544715393867756,0.061616211747496256,0.998373682198013,0.028515941173201418,0.013496832386524622,4.163336342344337e-16
confirmation,10004,4,4,1.0,4,full_state_oracle,2000,1000,1000,0.0,1.0,0.0,1.0,0.0,0.0,2.220446049250313e-16
confirmation,10004,8,1,0.1,4,correlon,2000,1000,1000,0.0,0.9733949240017428,0.08377845640761368,0.9966536361757934,0.04090454635004903,0.01935231085035507,3.0531133177191805e-16
confirmation,10004,8,1,0.1,4,cca_equivalent,2000,1000,1000,0.0,0.9733949240017428,0.08377845640761368,0.9966536361757934,0.04090454635004903,0.01935231085035507,3.0531133177191805e-16
confirmation,10004,8,1,0.1,4,raw_svd,2000,1000,1000,0.0,0.9737969637997024,0.08228575826918004,0.9967215148950828,0.040487560465636896,0.01936539961465878,5.828670879282072e-16
confirmation,10004,8,1,0.1,4,full_state_oracle,2000,1000,1000,0.0,1.0,0.0,1.0,0.0,0.0,3.885780586188048e-16
confirmation,10004,8,1,0.25,4,correlon,2000,1000,1000,0.0,0.98696514341724,0.08926437773395532,0.9962344448673279,0.0433909848509573,0.03241910166219363,2.7755575615628914e-16
confirmation,10004,8,1,0.25,4,cca_equivalent,2000,1000,1000,0.0,0.98696514341724,0.08926437773395532,0.9962344448673279,0.0433909848509573,0.03241910166219363,2.7755575615628914e-16
confirmation,10004,8,1,0.25,4,raw_svd,2000,1000,1000,0.0,0.9870730699618817,0.08901629184176112,0.9962573952746743,0.04325855247997562,0.032185006148416496,4.996003610813204e-16
confirmation,10004,8,1,0.25,4,full_state_oracle,2000,1000,1000,0.0,1.0,0.0,1.0,0.0,0.0,3.3306690738754696e-16
confirmation,10004,8,1,0.5,4,correlon,2000,1000,1000,0.0,0.9873871859135749,0.08712110777579683,0.9965776149838645,0.04136656268132144,0.01931491824975168,3.885780586188048e-16
confirmation,10004,8,1,0.5,4,cca_equivalent,2000,1000,1000,0.0,0.9873871859135749,0.08712110777579683,0.9965776149838645,0.04136656268132144,0.01931491824975168,3.885780586188048e-16
confirmation,10004,8,1,0.5,4,raw_svd,2000,1000,1000,0.0,0.9875553520592245,0.08651233183424066,0.9965985358153362,0.041239933224144786,0.01820364781716687,3.469446951953614e-16
confirmation,10004,8,1,0.5,4,full_state_oracle,2000,1000,1000,0.0,1.0,0.0,1.0,0.0,0.0,4.440892098500626e-16
confirmation,10004,8,1,1.0,4,correlon,2000,1000,1000,0.0,0.9920728227843022,0.0861473091521826,0.9964517601342465,0.042120303095736396,0.022867348035490995,3.3306690738754696e-16
confirmation,10004,8,1,1.0,4,cca_equivalent,2000,1000,1000,0.0,0.9920728227843022,0.0861473091521826,0.9964517601342465,0.042120303095736396,0.022867348035490995,3.3306690738754696e-16
confirmation,10004,8,1,1.0,4,raw_svd,2000,1000,1000,0.0,0.9921678508575758,0.08586050488133141,0.996460589891569,0.04206786248688515,0.02273926151119869,3.608224830031759e-16
confirmation,10004,8,1,1.0,4,full_state_oracle,2000,1000,1000,0.0,1.0,0.0,1.0,0.0,0.0,2.7755575615628914e-16
confirmation,10004,8,2,0.1,4,correlon,2000,1000,1000,0.0,0.9782965840283355,0.08813038683899445,0.9964538133229361,0.042108114877442746,0.017615502273481104,4.440892098500626e-16
confirmation,10004,8,2,0.1,4,cca_equivalent,2000,1000,1000,0.0,0.9782965840283355,0.08813038683899445,0.9964538133229361,0.042108114877442746,0.017615502273481104,4.440892098500626e-16
confirmation,10004,8,2,0.1,4,raw_svd,2000,1000,1000,0.0,0.9785660422398191,0.08752800041058388,0.9964798421358111,0.04195329465124851,0.018563393163680036,3.3306690738754696e-16
confirmation,10004,8,2,0.1,4,full_state_oracle,2000,1000,1000,0.0,1.0,0.0,1.0,0.0,0.0,2.220446049250313e-16
confirmation,10004,8,2,0.25,4,correlon,2000,1000,1000,0.0,0.9761561575021247,0.09040210331612732,0.9963371558493247,0.04279511742404319,0.019001026715436783,5.551115123125783e-16
confirmation,10004,8,2,0.25,4,cca_equivalent,2000,1000,1000,0.0,0.9761561575021247,0.09040210331612732,0.9963371558493247,0.04279511742404319,0.019001026715436783,5.551115123125783e-16
confirmation,10004,8,2,0.25,4,raw_svd,2000,1000,1000,0.0,0.976085720427128,0.09064828098865806,0.9963151930376207,0.04292322775828545,0.019380055968265947,3.3306690738754696e-16
confirmation,10004,8,2,0.25,4,full_state_oracle,2000,1000,1000,0.0,1.0,0.0,1.0,0.0,0.0,3.2612801348363973e-16
confirmation,10004,8,2,0.5,4,correlon,2000,1000,1000,0.0,0.9851177340821795,0.08701150513687546,0.9963548179263385,0.04269181463501874,0.023555914278346194,3.885780586188048e-16
confirmation,10004,8,2,0.5,4,cca_equivalent,2000,1000,1000,0.0,0.9851177340821795,0.08701150513687546,0.9963548179263385,0.04269181463501874,0.023555914278346194,3.885780586188048e-16
confirmation,10004,8,2,0.5,4,raw_svd,2000,1000,1000,0.0,0.9854833518327102,0.08583600545837079,0.9964210813412737,0.0423020014817633,0.023911318520683733,6.661338147750939e-16
confirmation,10004,8,2,0.5,4,full_state_oracle,2000,1000,1000,0.0,1.0,0.0,1.0,0.0,0.0,4.440892098500626e-16
confirmation,10004,8,2,1.0,4,correlon,2000,1000,1000,0.0,1.0002126903518145,0.07528217529967719,0.9973406267318031,0.0364648684914461,0.0157517631824134,3.885780586188048e-16
confirmation,10004,8,2,1.0,4,cca_equivalent,2000,1000,1000,0.0,1.0002126903518145,0.07528217529967719,0.9973406267318031,0.0364648684914461,0.0157517631824134,3.885780586188048e-16
confirmation,10004,8,2,1.0,4,raw_svd,2000,1000,1000,0.0,1.0008310086937942,0.07347142256180472,0.9974145056027685,0.03595479381968036,0.016352616013223423,3.885780586188048e-16
confirmation,10004,8,2,1.0,4,full_state_oracle,2000,1000,1000,0.0,1.0,0.0,1.0,0.0,0.0,1.942890293094024e-16
confirmation,10004,8,4,0.1,4,correlon,2000,1000,1000,0.0,0.9908318839460634,0.08271543727410328,0.996689935412858,0.04068208811714327,0.01728584458652628,2.220446049250313e-16
confirmation,10004,8,4,0.1,4,cca_equivalent,2000,1000,1000,0.0,0.9908318839460634,0.08271543727410328,0.996689935412858,0.04068208811714327,0.01728584458652628,2.220446049250313e-16
confirmation,10004,8,4,0.1,4,raw_svd,2000,1000,1000,0.0,0.9910589356615749,0.081900907362667,0.9967205924771376,0.04049325575242359,0.016465508312701726,2.7755575615628914e-16
confirmation,10004,8,4,0.1,4,full_state_oracle,2000,1000,1000,0.0,1.0,0.0,1.0,0.0,0.0,3.3306690738754696e-16
confirmation,10004,8,4,0.25,4,correlon,2000,1000,1000,0.0,0.9902719074626045,0.09993772423181617,0.9952734108649572,0.0486137281796139,0.022885358706917797,3.885780586188048e-16
confirmation,10004,8,4,0.25,4,cca_equivalent,2000,1000,1000,0.0,0.9902719074626045,0.09993772423181617,0.9952734108649572,0.0486137281796139,0.022885358706917797,3.885780586188048e-16
confirmation,10004,8,4,0.25,4,raw_svd,2000,1000,1000,0.0,0.9906371954805278,0.09923891177065995,0.9953076455704415,0.048437353507177365,0.022544458703939604,2.7755575615628914e-16
confirmation,10004,8,4,0.25,4,full_state_oracle,2000,1000,1000,0.0,1.0,0.0,1.0,0.0,0.0,3.3306690738754696e-16
confirmation,10004,8,4,0.5,4,correlon,2000,1000,1000,0.0,0.9793270385911012,0.08680266969837765,0.9964946987633319,0.041864670288133586,0.022266321649644098,4.996003610813204e-16
confirmation,10004,8,4,0.5,4,cca_equivalent,2000,1000,1000,0.0,0.9793270385911012,0.08680266969837765,0.9964946987633319,0.041864670288133586,0.022266321649644098,4.996003610813204e-16
confirmation,10004,8,4,0.5,4,raw_svd,2000,1000,1000,0.0,0.9796376495971865,0.08825255714553572,0.9963818171290549,0.042533415516186196,0.0210384789456295,2.220446049250313e-16
confirmation,10004,8,4,0.5,4,full_state_oracle,2000,1000,1000,0.0,1.0,0.0,1.0,0.0,0.0,3.885780586188048e-16
confirmation,10004,8,4,1.0,4,correlon,2000,1000,1000,0.0,0.9836429617716826,0.08131762808811817,0.9967894662899097,0.04006578159783217,0.02073444822821202,4.423544863740858e-16
confirmation,10004,8,4,1.0,4,cca_equivalent,2000,1000,1000,0.0,0.9836429617716826,0.08131762808811817,0.9967894662899097,0.04006578159783217,0.02073444822821202,4.423544863740858e-16
confirmation,10004,8,4,1.0,4,raw_svd,2000,1000,1000,0.0,0.9833514402032367,0.08246314829182717,0.9967133451450709,0.04053797512782952,0.021218776043505,2.7755575615628914e-16
confirmation,10004,8,4,1.0,4,full_state_oracle,2000,1000,1000,0.0,1.0,0.0,1.0,0.0,0.0,3.885780586188048e-16
confirmation,10004,16,1,0.1,4,correlon,2000,1000,1000,0.0,0.9764183247819472,0.11660476939915948,0.9933117805302991,0.05782827798621067,0.024909361883563054,2.220446049250313e-16
confirmation,10004,16,1,0.1,4,cca_equivalent,2000,1000,1000,0.0,0.9764183247819472,0.11660476939915948,0.9933117805302991,0.05782827798621067,0.024909361883563054,2.220446049250313e-16
confirmation,10004,16,1,0.1,4,raw_svd,2000,1000,1000,0.0,0.976749227963502,0.11584305421736425,0.9933866633690173,0.05750363741096235,0.02455814473735808,6.661338147750939e-16
confirmation,10004,16,1,0.1,4,full_state_oracle,2000,1000,1000,0.0,1.0,0.0,1.0,0.0,0.0,6.106226635438361e-16
confirmation,10004,16,1,0.25,4,correlon,2000,1000,1000,0.0,0.983467882280564,0.11522332045855395,0.9936531600630968,0.05633311609037385,0.022481440869286377,4.440892098500626e-16
confirmation,10004,16,1,0.25,4,cca_equivalent,2000,1000,1000,0.0,0.983467882280564,0.11522332045855395,0.9936531600630968,0.05633311609037385,0.022481440869286377,4.440892098500626e-16
confirmation,10004,16,1,0.25,4,raw_svd,2000,1000,1000,0.0,0.9840859657239198,0.1140202775905711,0.9937258128341202,0.05600976328230595,0.022279547693338123,6.106226635438361e-16
confirmation,10004,16,1,0.25,4,full_state_oracle,2000,1000,1000,0.0,1.0,0.0,1.0,0.0,0.0,3.3306690738754696e-16
confirmation,10004,16,1,0.5,4,correlon,2000,1000,1000,0.0,0.9728638539756178,0.12334046025717037,0.9926253590193428,0.060723310930223574,0.02853660150080953,7.216449660063518e-16
confirmation,10004,16,1,0.5,4,cca_equivalent,2000,1000,1000,0.0,0.9728638539756178,0.12334046025717037,0.9926253590193428,0.060723310930223574,0.02853660150080953,7.216449660063518e-16
confirmation,10004,16,1,0.5,4,raw_svd,2000,1000,1000,0.0,0.9732227197981907,0.12286027486962173,0.9926464377516383,0.06063646695002028,0.028016920708051257,6.661338147750939e-16
confirmation,10004,16,1,0.5,4,full_state_oracle,2000,1000,1000,0.0,1.0,0.0,1.0,0.0,0.0,3.3306690738754696e-16
confirmation,10004,16,1,1.0,4,correlon,2000,1000,1000,0.0,0.9724889674483561,0.1106151396560566,0.9938767721977604,0.055331852500343906,0.020901617767023678,4.440892098500626e-16
confirmation,10004,16,1,1.0,4,cca_equivalent,2000,1000,1000,0.0,0.9724889674483561,0.1106151396560566,0.9938767721977604,0.055331852500343906,0.020901617767023678,4.440892098500626e-16
confirmation,10004,16,1,1.0,4,raw_svd,2000,1000,1000,0.0,0.9727793537024884,0.10974341043633991,0.9939479750433143,0.05500920357851774,0.02058177000438042,6.106226635438361e-16
confirmation,10004,16,1,1.0,4,full_state_oracle,2000,1000,1000,0.0,1.0,0.0,1.0,0.0,0.0,3.3306690738754696e-16
confirmation,10004,16,2,0.1,4,correlon,2000,1000,1000,0.0,0.9680444964282469,0.12545821823488323,0.992456842155154,0.06141318199232968,0.03328267596586086,5.551115123125783e-16
confirmation,10004,16,2,0.1,4,cca_equivalent,2000,1000,1000,0.0,0.9680444964282469,0.12545821823488323,0.992456842155154,0.06141318199232968,0.03328267596586086,5.551115123125783e-16
confirmation,10004,16,2,0.1,4,raw_svd,2000,1000,1000,0.0,0.9706215999008823,0.11919677342861197,0.9931005021439446,0.05873456331690665,0.030868663152509156,6.106226635438361e-16
confirmation,10004,16,2,0.1,4,full_state_oracle,2000,1000,1000,0.0,1.0,0.0,1.0,0.0,0.0,2.7755575615628914e-16
confirmation,10004,16,2,0.25,4,correlon,2000,1000,1000,0.0,0.9629242747812492,0.1136784369031262,0.993870818384059,0.05535874644507848,0.043513616291579994,4.0245584642661925e-16
confirmation,10004,16,2,0.25,4,cca_equivalent,2000,1000,1000,0.0,0.9629242747812492,0.1136784369031262,0.993870818384059,0.05535874644507848,0.043513616291579994,4.0245584642661925e-16
confirmation,10004,16,2,0.25,4,raw_svd,2000,1000,1000,0.0,0.9647419577482362,0.10929208215040397,0.9942389162972138,0.053670679624848186,0.04136952003778519,5.551115123125783e-16
confirmation,10004,16,2,0.25,4,full_state_oracle,2000,1000,1000,0.0,1.0,0.0,1.0,0.0,0.0,2.7755575615628914e-16
confirmation,10004,16,2,0.5,4,correlon,2000,1000,1000,0.0,0.9738812929136468,0.10537034228355235,0.9944400779907069,0.052725335510042236,0.021617276886832945,4.371503159461554e-16
confirmation,10004,16,2,0.5,4,cca_equivalent,2000,1000,1000,0.0,0.9738812929136468,0.10537034228355235,0.9944400779907069,0.052725335510042236,0.021617276886832945,4.371503159461554e-16
confirmation,10004,16,2,0.5,4,raw_svd,2000,1000,1000,0.0,0.9749825714466496,0.10278820453322061,0.9946234212240286,0.05184871635812835,0.02033251353234992,4.163336342344337e-16
confirmation,10004,16,2,0.5,4,full_state_oracle,2000,1000,1000,0.0,1.0,0.0,1.0,0.0,0.0,3.3306690738754696e-16
confirmation,10004,16,2,1.0,4,correlon,2000,1000,1000,0.0,0.9649097421338172,0.11601033095021027,0.9933351505235832,0.05772715771808294,0.02599151392734695,4.996003610813204e-16
confirmation,10004,16,2,1.0,4,cca_equivalent,2000,1000,1000,0.0,0.9649097421338172,0.11601033095021027,0.9933351505235832,0.05772715771808294,0.02599151392734695,4.996003610813204e-16
confirmation,10004,16,2,1.0,4,raw_svd,2000,1000,1000,0.0,0.9651231411739815,0.11553291850983956,0.993396621114018,0.05746032929762016,0.026227855028444068,4.996003610813204e-16
confirmation,10004,16,2,1.0,4,full_state_oracle,2000,1000,1000,0.0,1.0,0.0,1.0,0.0,0.0,5.551115123125783e-16
confirmation,10004,16,4,0.1,4,correlon,2000,1000,1000,0.0,0.9782246718783697,0.11333898685597292,0.9938356926926647,0.055517147384098214,0.029197169342293435,3.885780586188048e-16
confirmation,10004,16,4,0.1,4,cca_equivalent,2000,1000,1000,0.0,0.9782246718783697,0.11333898685597292,0.9938356926926647,0.055517147384098214,0.029197169342293435,3.885780586188048e-16
confirmation,10004,16,4,0.1,4,raw_svd,2000,1000,1000,0.0,0.9788589935014205,0.11169334408661877,0.9939843072025704,0.05484383646969636,0.02851584044083969,3.469446951953614e-16
confirmation,10004,16,4,0.1,4,full_state_oracle,2000,1000,1000,0.0,1.0,0.0,1.0,0.0,0.0,4.996003610813204e-16
confirmation,10004,16,4,0.25,4,correlon,2000,1000,1000,0.0,0.981120291220433,0.11915228516984815,0.9930371848404819,0.059003453964654125,0.02378837130174621,3.885780586188048e-16
confirmation,10004,16,4,0.25,4,cca_equivalent,2000,1000,1000,0.0,0.981120291220433,0.11915228516984815,0.9930371848404819,0.059003453964654125,0.02378837130174621,3.885780586188048e-16
confirmation,10004,16,4,0.25,4,raw_svd,2000,1000,1000,0.0,0.9819793424191733,0.11703908090501207,0.9932142862473745,0.05824823496306787,0.022359412532184923,6.661338147750939e-16
confirmation,10004,16,4,0.25,4,full_state_oracle,2000,1000,1000,0.0,1.0,0.0,1.0,0.0,0.0,3.2612801348363973e-16
confirmation,10004,16,4,0.5,4,correlon,2000,1000,1000,0.0,0.9794426093030989,0.11630167217271344,0.9933989714771663,0.057450102362109505,0.024434324397607544,4.440892098500626e-16
confirmation,10004,16,4,0.5,4,cca_equivalent,2000,1000,1000,0.0,0.9794426093030989,0.11630167217271344,0.9933989714771663,0.057450102362109505,0.024434324397607544,4.440892098500626e-16
confirmation,10004,16,4,0.5,4,raw_svd,2000,1000,1000,0.0,0.9807872514356445,0.11328451161452407,0.9936147106343046,0.05650349266061046,0.023075853096551524,4.440892098500626e-16
confirmation,10004,16,4,0.5,4,full_state_oracle,2000,1000,1000,0.0,1.0,0.0,1.0,0.0,0.0,3.3306690738754696e-16
confirmation,10004,16,4,1.0,4,correlon,2000,1000,1000,0.0,0.9789917925154781,0.11088965064125283,0.9938574131287801,0.05541925148908026,0.02424552417567372,7.216449660063518e-16
confirmation,10004,16,4,1.0,4,cca_equivalent,2000,1000,1000,0.0,0.9789917925154781,0.11088965064125283,0.9938574131287801,0.05541925148908026,0.02424552417567372,7.216449660063518e-16
confirmation,10004,16,4,1.0,4,raw_svd,2000,1000,1000,0.0,0.9791208784004087,0.11102837273631161,0.993830486494949,0.05554058653386246,0.02415214673138695,4.440892098500626e-16
confirmation,10004,16,4,1.0,4,full_state_oracle,2000,1000,1000,0.0,1.0,0.0,1.0,0.0,0.0,5.551115123125783e-16
confirmation,10005,4,1,0.1,4,correlon,2000,1000,1000,0.0,0.9694899832586983,0.07739560130186215,0.9973351189830987,0.03650260961151488,0.025611606769860545,2.7755575615628914e-16
confirmation,10005,4,1,0.1,4,cca_equivalent,2000,1000,1000,0.0,0.9694899832586983,0.07739560130186215,0.9973351189830987,0.03650260961151488,0.025611606769860545,2.7755575615628914e-16
confirmation,10005,4,1,0.1,4,raw_svd,2000,1000,1000,0.0,0.9694899832586983,0.07739560130186263,0.9973351189830987,0.036502609611515066,0.02561160676986117,3.3306690738754696e-16
confirmation,10005,4,1,0.1,4,full_state_oracle,2000,1000,1000,0.0,1.0,0.0,1.0,0.0,0.0,2.7755575615628914e-16
confirmation,10005,4,1,0.25,4,correlon,2000,1000,1000,0.0,0.994979497566037,0.06499062075878426,0.9979266481795723,0.03219745192113449,0.017452752515558997,3.885780586188048e-16
confirmation,10005,4,1,0.25,4,cca_equivalent,2000,1000,1000,0.0,0.994979497566037,0.06499062075878426,0.9979266481795723,0.03219745192113449,0.017452752515558997,3.885780586188048e-16
confirmation,10005,4,1,0.25,4,raw_svd,2000,1000,1000,0.0,0.9949794975660358,0.06499062075878452,0.9979266481795724,0.03219745192113456,0.017452752515558747,5.551115123125783e-16
confirmation,10005,4,1,0.25,4,full_state_oracle,2000,1000,1000,0.0,1.0,0.0,1.0,0.0,0.0,4.440892098500626e-16
confirmation,10005,4,1,0.5,4,correlon,2000,1000,1000,0.0,1.0062842295139407,0.05155237958698892,0.9988350766235158,0.024134243063376973,0.011908488062487597,2.220446049250313e-16
confirmation,10005,4,1,0.5,4,cca_equivalent,2000,1000,1000,0.0,1.0062842295139407,0.05155237958698892,0.9988350766235158,0.024134243063376973,0.011908488062487597,2.220446049250313e-16
confirmation,10005,4,1,0.5,4,raw_svd,2000,1000,1000,0.0,1.0062842295139394,0.05155237958698917,0.9988350766235157,0.024134243063377126,0.011908488062487625,3.3306690738754696e-16
confirmation,10005,4,1,0.5,4,full_state_oracle,2000,1000,1000,0.0,1.0,0.0,1.0,0.0,0.0,1.6653345369377348e-16
confirmation,10005,4,1,1.0,4,correlon,2000,1000,1000,0.0,0.9707668819461431,0.062445161160066376,0.998259054025611,0.029503779201900074,0.02300492333237767,4.440892098500626e-16
confirmation,10005,4,1,1.0,4,cca_equivalent,2000,1000,1000,0.0,0.9707668819461431,0.062445161160066376,0.998259054025611,0.029503779201900074,0.02300492333237767,4.440892098500626e-16
confirmation,10005,4,1,1.0,4,raw_svd,2000,1000,1000,0.0,0.9707668819461441,0.06244516116006619,0.998259054025611,0.029503779201900053,0.02300492333237774,2.498001805406602e-16
confirmation,10005,4,1,1.0,4,full_state_oracle,2000,1000,1000,0.0,1.0,0.0,1.0,0.0,0.0,2.7755575615628914e-16
confirmation,10005,4,2,0.1,4,correlon,2000,1000,1000,0.0,1.0065074113309365,0.05921093315929604,0.9984631563485177,0.02772042253900785,0.011174262684339489,9.71445146547012e-17
confirmation,10005,4,2,0.1,4,cca_equivalent,2000,1000,1000,0.0,1.0065074113309365,0.05921093315929604,0.9984631563485177,0.02772042253900785,0.011174262684339489,9.71445146547012e-17
confirmation,10005,4,2,0.1,4,raw_svd,2000,1000,1000,0.0,1.006507411330937,0.05921093315929598,0.9984631563485177,0.02772042253900781,0.011174262684338417,2.7755575615628914e-16
confirmation,10005,4,2,0.1,4,full_state_oracle,2000,1000,1000,0.0,1.0,0.0,1.0,0.0,0.0,2.0816681711721685e-16
confirmation,10005,4,2,0.25,4,correlon,2000,1000,1000,0.0,0.9808303823227071,0.0796374332906121,0.9977437553427286,0.03358753233918329,0.024145172447588594,5.551115123125783e-16
confirmation,10005,4,2,0.25,4,cca_equivalent,2000,1000,1000,0.0,0.9808303823227071,0.0796374332906121,0.9977437553427286,0.03358753233918329,0.024145172447588594,5.551115123125783e-16
confirmation,10005,4,2,0.25,4,raw_svd,2000,1000,1000,0.0,0.9808303823227069,0.07963743329061249,0.9977437553427285,0.03358753233918358,0.02414517244758874,1.1796119636642288e-16
confirmation,10005,4,2,0.25,4,full_state_oracle,2000,1000,1000,0.0,1.0,0.0,1.0,0.0,0.0,2.7755575615628914e-16
confirmation,10005,4,2,0.5,4,correlon,2000,1000,1000,0.0,0.9986239069859796,0.06952158426579415,0.9981812812378718,0.03015558623313627,0.014897513436513117,3.3306690738754696e-16
confirmation,10005,4,2,0.5,4,cca_equivalent,2000,1000,1000,0.0,0.9986239069859796,0.06952158426579415,0.9981812812378718,0.03015558623313627,0.014897513436513117,3.3306690738754696e-16
confirmation,10005,4,2,0.5,4,raw_svd,2000,1000,1000,0.0,0.9986239069859802,0.06952158426579332,0.9981812812378718,0.030155586233135908,0.014897513436512267,4.440892098500626e-16
confirmation,10005,4,2,0.5,4,full_state_oracle,2000,1000,1000,0.0,1.0,0.0,1.0,0.0,0.0,2.220446049250313e-16
confirmation,10005,4,2,1.0,4,correlon,2000,1000,1000,0.0,1.0216905063496664,0.06803514202491139,0.99781396589924,0.033060808374570025,0.011792094427485182,5.828670879282072e-16
confirmation,10005,4,2,1.0,4,cca_equivalent,2000,1000,1000,0.0,1.0216905063496664,0.06803514202491139,0.99781396589924,0.033060808374570025,0.011792094427485182,5.828670879282072e-16
confirmation,10005,4,2,1.0,4,raw_svd,2000,1000,1000,0.0,1.0216905063496649,0.0680351420249111,0.99781396589924,0.03306080837456998,0.01179209442748453,1.249000902703301e-16
confirmation,10005,4,2,1.0,4,full_state_oracle,2000,1000,1000,0.0,1.0,0.0,1.0,0.0,0.0,3.3306690738754696e-16
confirmation,10005,4,4,0.1,4,correlon,2000,1000,1000,0.0,0.9961437381630388,0.05711083816787041,0.9985258224011317,0.027149379356333155,0.007648399952181318,3.608224830031759e-16
confirmation,10005,4,4,0.1,4,cca_equivalent,2000,1000,1000,0.0,0.9961437381630388,0.05711083816787041,0.9985258224011317,0.027149379356333155,0.007648399952181318,3.608224830031759e-16
confirmation,10005,4,4,0.1,4,raw_svd,2000,1000,1000,0.0,0.9961437381630399,0.05711083816787079,0.9985258224011317,0.02714937935633331,0.007648399952180661,1.1102230246251565e-16
confirmation,10005,4,4,0.1,4,full_state_oracle,2000,1000,1000,0.0,1.0,0.0,1.0,0.0,0.0,3.3306690738754696e-16
confirmation,10005,4,4,0.25,4,correlon,2000,1000,1000,0.0,0.980485554840736,0.05955763271829802,0.9983916435828715,0.028358036049139394,0.01741244720896032,5.412337245047638e-16
confirmation,10005,4,4,0.25,4,cca_equivalent,2000,1000,1000,0.0,0.980485554840736,0.05955763271829802,0.9983916435828715,0.028358036049139394,0.01741244720896032,5.412337245047638e-16
confirmation,10005,4,4,0.25,4,raw_svd,2000,1000,1000,0.0,0.9804855548407371,0.059557632718297934,0.9983916435828715,0.028358036049139355,0.01741244720896114,7.494005416219807e-16
confirmation,10005,4,4,0.25,4,full_state_oracle,2000,1000,1000,0.0,1.0,0.0,1.0,0.0,0.0,1.1102230246251565e-16
confirmation,10005,4,4,0.5,4,correlon,2000,1000,1000,0.0,1.004606212326259,0.0643199514271437,0.9981715359260906,0.030236270222279215,0.0186671209526186,4.996003610813204e-16
confirmation,10005,4,4,0.5,4,cca_equivalent,2000,1000,1000,0.0,1.004606212326259,0.0643199514271437,0.9981715359260906,0.030236270222279215,0.0186671209526186,4.996003610813204e-16
confirmation,10005,4,4,0.5,4,raw_svd,2000,1000,1000,0.0,1.0046062123262576,0.06431995142714377,0.9981715359260905,0.030236270222279253,0.018667120952618424,4.718447854656915e-16
confirmation,10005,4,4,0.5,4,full_state_oracle,2000,1000,1000,0.0,1.0,0.0,1.0,0.0,0.0,3.885780586188048e-16
confirmation,10005,4,4,1.0,4,correlon,2000,1000,1000,0.0,0.9685337947078032,0.07326964576634701,0.9978229354810751,0.032992912261005904,0.01782322725276407,5.551115123125783e-16
confirmation,10005,4,4,1.0,4,cca_equivalent,2000,1000,1000,0.0,0.9685337947078032,0.07326964576634701,0.9978229354810751,0.032992912261005904,0.01782322725276407,5.551115123125783e-16
confirmation,10005,4,4,1.0,4,raw_svd,2000,1000,1000,0.0,0.9685337947078018,0.07326964576634676,0.9978229354810751,0.032992912261005834,0.017823227252763328,5.551115123125783e-16
confirmation,10005,4,4,1.0,4,full_state_oracle,2000,1000,1000,0.0,1.0,0.0,1.0,0.0,0.0,1.1102230246251565e-16
confirmation,10005,8,1,0.1,4,correlon,2000,1000,1000,0.0,0.9805539407419318,0.07776912050959592,0.997256496868601,0.03703716465524213,0.017103762173367853,6.38378239159465e-16
confirmation,10005,8,1,0.1,4,cca_equivalent,2000,1000,1000,0.0,0.9805539407419318,0.07776912050959592,0.997256496868601,0.03703716465524213,0.017103762173367853,6.38378239159465e-16
confirmation,10005,8,1,0.1,4,raw_svd,2000,1000,1000,0.0,0.9809553642995164,0.07654342779146509,0.9973031731142321,0.03672074948695835,0.017664695392705928,4.718447854656915e-16
confirmation,10005,8,1,0.1,4,full_state_oracle,2000,1000,1000,0.0,1.0,0.0,1.0,0.0,0.0,2.220446049250313e-16
confirmation,10005,8,1,0.25,4,correlon,2000,1000,1000,0.0,0.9849807739377553,0.09111038053650887,0.9959359413112407,0.04507803616374198,0.024053167672910342,5.828670879282072e-16
confirmation,10005,8,1,0.25,4,cca_equivalent,2000,1000,1000,0.0,0.9849807739377553,0.09111038053650887,0.9959359413112407,0.04507803616374198,0.024053167672910342,5.828670879282072e-16
confirmation,10005,8,1,0.25,4,raw_svd,2000,1000,1000,0.0,0.9850213323957233,0.09107079921406423,0.9959351133182591,0.0450826279277333,0.02397523913816553,2.7755575615628914e-16
confirmation,10005,8,1,0.25,4,full_state_oracle,2000,1000,1000,0.0,1.0,0.0,1.0,0.0,0.0,4.0245584642661925e-16
confirmation,10005,8,1,0.5,4,correlon,2000,1000,1000,0.0,0.9784811321780847,0.08073734131677898,0.9969468139029041,0.03907163995211879,0.031202900118389186,4.996003610813204e-16
confirmation,10005,8,1,0.5,4,cca_equivalent,2000,1000,1000,0.0,0.9784811321780847,0.08073734131677898,0.9969468139029041,0.03907163995211879,0.031202900118389186,4.996003610813204e-16
confirmation,10005,8,1,0.5,4,raw_svd,2000,1000,1000,0.0,0.9785310545216562,0.08048753745165015,0.9969539547124593,0.03902592271516946,0.031486110206468784,4.440892098500626e-16
confirmation,10005,8,1,0.5,4,full_state_oracle,2000,1000,1000,0.0,1.0,0.0,1.0,0.0,0.0,3.885780586188048e-16
confirmation,10005,8,1,1.0,4,correlon,2000,1000,1000,0.0,0.9822125498485692,0.0832066841903198,0.9965951181037103,0.04126064648239079,0.01379919988751646,3.3306690738754696e-16
confirmation,10005,8,1,1.0,4,cca_equivalent,2000,1000,1000,0.0,0.9822125498485692,0.0832066841903198,0.9965951181037103,0.04126064648239079,0.01379919988751646,3.3306690738754696e-16
confirmation,10005,8,1,1.0,4,raw_svd,2000,1000,1000,0.0,0.9825797626107197,0.08211666326519429,0.9966211339557837,0.04110271307478588,0.012212872307657044,4.996003610813204e-16
confirmation,10005,8,1,1.0,4,full_state_oracle,2000,1000,1000,0.0,1.0,0.0,1.0,0.0,0.0,3.885780586188048e-16
confirmation,10005,8,2,0.1,4,correlon,2000,1000,1000,0.0,0.9783644646807611,0.09056785990909265,0.9960572332958552,0.04440026297300993,0.02169137359414929,8.881784197001252e-16
confirmation,10005,8,2,0.1,4,cca_equivalent,2000,1000,1000,0.0,0.9783644646807611,0.09056785990909265,0.9960572332958552,0.04440026297300993,0.02169137359414929,8.881784197001252e-16
confirmation,10005,8,2,0.1,4,raw_svd,2000,1000,1000,0.0,0.9786236120230402,0.08963318556883612,0.9961278118136256,0.0440010692277719,0.020889968970587935,2.220446049250313e-16
confirmation,10005,8,2,0.1,4,full_state_oracle,2000,1000,1000,0.0,1.0,0.0,1.0,0.0,0.0,2.220446049250313e-16
confirmation,10005,8,2,0.25,4,correlon,2000,1000,1000,0.0,0.9804939783087198,0.0835350857393321,0.9967396036902311,0.04037571243810406,0.015973092962779184,4.996003610813204e-16
confirmation,10005,8,2,0.25,4,cca_equivalent,2000,1000,1000,0.0,0.9804939783087198,0.0835350857393321,0.9967396036902311,0.04037571243810406,0.015973092962779184,4.996003610813204e-16
confirmation,10005,8,2,0.25,4,raw_svd,2000,1000,1000,0.0,0.9808545640142715,0.08233965430157034,0.9968185109073847,0.03988413903179604,0.015595572875707838,3.3306690738754696e-16
confirmation,10005,8,2,0.25,4,full_state_oracle,2000,1000,1000,0.0,1.0,0.0,1.0,0.0,0.0,3.885780586188048e-16
confirmation,10005,8,2,0.5,4,correlon,2000,1000,1000,0.0,0.9875907633675569,0.08322763726612725,0.996768281197597,0.04019775368352708,0.016706986287885462,4.996003610813204e-16
confirmation,10005,8,2,0.5,4,cca_equivalent,2000,1000,1000,0.0,0.9875907633675569,0.08322763726612725,0.996768281197597,0.04019775368352708,0.016706986287885462,4.996003610813204e-16
confirmation,10005,8,2,0.5,4,raw_svd,2000,1000,1000,0.0,0.987593183721916,0.08300850003238487,0.9967797204739802,0.04012654686127285,0.016742444266459634,2.220446049250313e-16
confirmation,10005,8,2,0.5,4,full_state_oracle,2000,1000,1000,0.0,1.0,0.0,1.0,0.0,0.0,3.3306690738754696e-16
confirmation,10005,8,2,1.0,4,correlon,2000,1000,1000,0.0,0.984154012034252,0.10187200520393375,0.9952222389868648,0.04887617524487359,0.021470474429263496,4.440892098500626e-16
confirmation,10005,8,2,1.0,4,cca_equivalent,2000,1000,1000,0.0,0.984154012034252,0.10187200520393375,0.9952222389868648,0.04887617524487359,0.021470474429263496,4.440892098500626e-16
confirmation,10005,8,2,1.0,4,raw_svd,2000,1000,1000,0.0,0.9844622921152687,0.10110697514134108,0.9952693859270118,0.048634422341527976,0.021296034840885103,2.7755575615628914e-16
confirmation,10005,8,2,1.0,4,full_state_oracle,2000,1000,1000,0.0,1.0,0.0,1.0,0.0,0.0,3.3306690738754696e-16
confirmation,10005,8,4,0.1,4,correlon,2000,1000,1000,0.0,0.9974129212654028,0.07344091038935623,0.997462125327277,0.035622146711863874,0.009758795782063828,3.3306690738754696e-16
confirmation,10005,8,4,0.1,4,cca_equivalent,2000,1000,1000,0.0,0.9974129212654028,0.07344091038935623,0.997462125327277,0.035622146711863874,0.009758795782063828,3.3306690738754696e-16
confirmation,10005,8,4,0.1,4,raw_svd,2000,1000,1000,0.0,0.9974686229535892,0.07327792186147049,0.9974708229628132,0.03556105339544114,0.009666741903054405,4.579669976578771e-16
confirmation,10005,8,4,0.1,4,full_state_oracle,2000,1000,1000,0.0,1.0,0.0,1.0,0.0,0.0,2.220446049250313e-16
confirmation,10005,8,4,0.25,4,correlon,2000,1000,1000,0.0,0.9870597726125477,0.0836213089095776,0.9968212270580986,0.039867110140448386,0.026399514863679,3.608224830031759e-16
confirmation,10005,8,4,0.25,4,cca_equivalent,2000,1000,1000,0.0,0.9870597726125477,0.0836213089095776,0.9968212270580986,0.039867110140448386,0.026399514863679,3.608224830031759e-16
confirmation,10005,8,4,0.25,4,raw_svd,2000,1000,1000,0.0,0.9876392019183216,0.08142874641549393,0.9969413297802739,0.039106714383377164,0.026119795226647702,5.551115123125783e-16
confirmation,10005,8,4,0.25,4,full_state_oracle,2000,1000,1000,0.0,1.0,0.0,1.0,0.0,0.0,3.885780586188048e-16
confirmation,10005,8,4,0.5,4,correlon,2000,1000,1000,0.0,0.9813476593100011,0.0822534438822053,0.9969421068062864,0.03910174672385875,0.015236965202827437,4.440892098500626e-16
confirmation,10005,8,4,0.5,4,cca_equivalent,2000,1000,1000,0.0,0.9813476593100011,0.0822534438822053,0.9969421068062864,0.03910174672385875,0.015236965202827437,4.440892098500626e-16
confirmation,10005,8,4,0.5,4,raw_svd,2000,1000,1000,0.0,0.9812307668190862,0.08446685140684698,0.9967880777990876,0.04007444448094354,0.015895626943167554,6.106226635438361e-16
confirmation,10005,8,4,0.5,4,full_state_oracle,2000,1000,1000,0.0,1.0,0.0,1.0,0.0,0.0,4.718447854656915e-16
confirmation,10005,8,4,1.0,4,correlon,2000,1000,1000,0.0,0.9882545573421546,0.07904307415266906,0.9969988647916255,0.03873716050754492,0.01324618090990149,2.220446049250313e-16
confirmation,10005,8,4,1.0,4,cca_equivalent,2000,1000,1000,0.0,0.9882545573421546,0.07904307415266906,0.9969988647916255,0.03873716050754492,0.01324618090990149,2.220446049250313e-16
confirmation,10005,8,4,1.0,4,raw_svd,2000,1000,1000,0.0,0.9884096632826528,0.07852073083283602,0.9970359536220177,0.038497054289791326,0.013376687554301617,2.7755575615628914e-16
confirmation,10005,8,4,1.0,4,full_state_oracle,2000,1000,1000,0.0,1.0,0.0,1.0,0.0,0.0,7.494005416219807e-16
confirmation,10005,16,1,0.1,4,correlon,2000,1000,1000,0.0,0.9659164570740285,0.11582290287800462,0.993611085233806,0.05651953098794224,0.03379968122632099,3.608224830031759e-16
confirmation,10005,16,1,0.1,4,cca_equivalent,2000,1000,1000,0.0,0.9659164570740285,0.11582290287800462,0.993611085233806,0.05651953098794224,0.03379968122632099,3.608224830031759e-16
confirmation,10005,16,1,0.1,4,raw_svd,2000,1000,1000,0.0,0.9670476311624102,0.11312846188028389,0.9938048576160761,0.0556558280143414,0.032735454180616616,3.3306690738754696e-16
confirmation,10005,16,1,0.1,4,full_state_oracle,2000,1000,1000,0.0,1.0,0.0,1.0,0.0,0.0,3.885780586188048e-16
confirmation,10005,16,1,0.25,4,correlon,2000,1000,1000,0.0,0.9711834287761962,0.11250317942352119,0.99362394062193,0.05646263976325371,0.02749056007041881,5.551115123125783e-16
confirmation,10005,16,1,0.25,4,cca_equivalent,2000,1000,1000,0.0,0.9711834287761962,0.11250317942352119,0.99362394062193,0.05646263976325371,0.02749056007041881,5.551115123125783e-16
confirmation,10005,16,1,0.25,4,raw_svd,2000,1000,1000,0.0,0.9722120760401951,0.110588084816753,0.9937460484746966,0.055919368403547845,0.02563621971154204,4.440892098500626e-16
confirmation,10005,16,1,0.25,4,full_state_oracle,2000,1000,1000,0.0,1.0,0.0,1.0,0.0,0.0,4.440892098500626e-16
confirmation,10005,16,1,0.5,4,correlon,2000,1000,1000,0.0,0.9708870633939465,0.1202069264363843,0.9928219367133988,0.059908527300381334,0.025233468518727216,3.3306690738754696e-16
confirmation,10005,16,1,0.5,4,cca_equivalent,2000,1000,1000,0.0,0.9708870633939465,0.1202069264363843,0.9928219367133988,0.059908527300381334,0.025233468518727216,3.3306690738754696e-16
confirmation,10005,16,1,0.5,4,raw_svd,2000,1000,1000,0.0,0.9718640563534742,0.11816018681454007,0.9929954792801445,0.05917989827574709,0.02390583654029617,7.771561172376096e-16
confirmation,10005,16,1,0.5,4,full_state_oracle,2000,1000,1000,0.0,1.0,0.0,1.0,0.0,0.0,4.440892098500626e-16
confirmation,10005,16,1,1.0,4,correlon,2000,1000,1000,0.0,0.9702094401620762,0.1171058585568689,0.9933209977417266,0.05778841691149484,0.0398337727243067,3.885780586188048e-16
confirmation,10005,16,1,1.0,4,cca_equivalent,2000,1000,1000,0.0,0.9702094401620762,0.1171058585568689,0.9933209977417266,0.05778841691149484,0.0398337727243067,3.885780586188048e-16
confirmation,10005,16,1,1.0,4,raw_svd,2000,1000,1000,0.0,0.970439375857386,0.11656976639843171,0.9933606975801599,0.057616414413950344,0.03949685541048547,2.7755575615628914e-16
confirmation,10005,16,1,1.0,4,full_state_oracle,2000,1000,1000,0.0,1.0,0.0,1.0,0.0,0.0,4.163336342344337e-16
confirmation,10005,16,2,0.1,4,correlon,2000,1000,1000,0.0,0.9661597829356515,0.11930206125625513,0.9931154158499198,0.058671049718239325,0.03015448652201603,3.3306690738754696e-16
confirmation,10005,16,2,0.1,4,cca_equivalent,2000,1000,1000,0.0,0.9661597829356515,0.11930206125625513,0.9931154158499198,0.058671049718239325,0.03015448652201603,3.3306690738754696e-16
confirmation,10005,16,2,0.1,4,raw_svd,2000,1000,1000,0.0,0.9668593985500715,0.11773952316630694,0.9932247232841369,0.058203422218385065,0.02909386407149587,4.440892098500626e-16
confirmation,10005,16,2,0.1,4,full_state_oracle,2000,1000,1000,0.0,1.0,0.0,1.0,0.0,0.0,2.7755575615628914e-16
confirmation,10005,16,2,0.25,4,correlon,2000,1000,1000,0.0,0.9674360595726808,0.1184063902944716,0.9931901470472566,0.0583517478433313,0.03019605757382089,5.134781488891349e-16
confirmation,10005,16,2,0.25,4,cca_equivalent,2000,1000,1000,0.0,0.9674360595726808,0.1184063902944716,0.9931901470472566,0.0583517478433313,0.03019605757382089,5.134781488891349e-16
confirmation,10005,16,2,0.25,4,raw_svd,2000,1000,1000,0.0,0.9689619793424588,0.11533790428588515,0.9934350062448625,0.057293078792894185,0.027246122054982357,4.996003610813204e-16
confirmation,10005,16,2,0.25,4,full_state_oracle,2000,1000,1000,0.0,1.0,0.0,1.0,0.0,0.0,4.996003610813204e-16
confirmation,10005,16,2,0.5,4,correlon,2000,1000,1000,0.0,0.9759360923608607,0.11466606822072126,0.9933888005831711,0.05749434501248295,0.02446628898580165,3.3480163086352377e-16
confirmation,10005,16,2,0.5,4,cca_equivalent,2000,1000,1000,0.0,0.9759360923608607,0.11466606822072126,0.9933888005831711,0.05749434501248295,0.02446628898580165,3.3480163086352377e-16
confirmation,10005,16,2,0.5,4,raw_svd,2000,1000,1000,0.0,0.9764078848193267,0.11447727013185358,0.9934137681062274,0.05738567719288739,0.023854454315622053,3.885780586188048e-16
confirmation,10005,16,2,0.5,4,full_state_oracle,2000,1000,1000,0.0,1.0,0.0,1.0,0.0,0.0,3.885780586188048e-16
confirmation,10005,16,2,1.0,4,correlon,2000,1000,1000,0.0,0.9692973142206652,0.11199535341563117,0.9937002833348929,0.05612359871349673,0.03161378882712042,4.718447854656915e-16
confirmation,10005,16,2,1.0,4,cca_equivalent,2000,1000,1000,0.0,0.9692973142206652,0.11199535341563117,0.9937002833348929,0.05612359871349673,0.03161378882712042,4.718447854656915e-16
confirmation,10005,16,2,1.0,4,raw_svd,2000,1000,1000,0.0,0.9699272748918304,0.1108033145593007,0.9938165028020636,0.055603494485222935,0.030653310671370972,3.885780586188048e-16
confirmation,10005,16,2,1.0,4,full_state_oracle,2000,1000,1000,0.0,1.0,0.0,1.0,0.0,0.0,3.608224830031759e-16
confirmation,10005,16,4,0.1,4,correlon,2000,1000,1000,0.0,0.9655157086002376,0.11441010563600118,0.9936342619470669,0.056416921455060866,0.028304200967656443,6.661338147750939e-16
confirmation,10005,16,4,0.1,4,cca_equivalent,2000,1000,1000,0.0,0.9655157086002376,0.11441010563600118,0.9936342619470669,0.056416921455060866,0.028304200967656443,6.661338147750939e-16
confirmation,10005,16,4,0.1,4,raw_svd,2000,1000,1000,0.0,0.9660214001668492,0.11307747529004214,0.9937447177423393,0.055925317422705456,0.027661766298579728,8.881784197001252e-16
confirmation,10005,16,4,0.1,4,full_state_oracle,2000,1000,1000,0.0,1.0,0.0,1.0,0.0,0.0,4.163336342344337e-16
confirmation,10005,16,4,0.25,4,correlon,2000,1000,1000,0.0,0.9776767176285444,0.12051523388540343,0.9929732212792983,0.05927385056119503,0.029566861863064176,4.996003610813204e-16
confirmation,10005,16,4,0.25,4,cca_equivalent,2000,1000,1000,0.0,0.9776767176285444,0.12051523388540343,0.9929732212792983,0.05927385056119503,0.029566861863064176,4.996003610813204e-16
confirmation,10005,16,4,0.25,4,raw_svd,2000,1000,1000,0.0,0.9794040396462201,0.117248640545968,0.9932662626134953,0.05802472484426206,0.027184802930581176,3.3306690738754696e-16
confirmation,10005,16,4,0.25,4,full_state_oracle,2000,1000,1000,0.0,1.0,0.0,1.0,0.0,0.0,6.661338147750939e-16
confirmation,10005,16,4,0.5,4,correlon,2000,1000,1000,0.0,0.9731060895719909,0.10688826492547376,0.9944077004136059,0.0528786326714024,0.024451879976809317,4.996003610813204e-16
confirmation,10005,16,4,0.5,4,cca_equivalent,2000,1000,1000,0.0,0.9731060895719909,0.10688826492547376,0.9944077004136059,0.0528786326714024,0.024451879976809317,4.996003610813204e-16
confirmation,10005,16,4,0.5,4,raw_svd,2000,1000,1000,0.0,0.9743151529677408,0.10466256483845847,0.9945517434482879,0.05219318227370326,0.022490265891461296,6.661338147750939e-16
confirmation,10005,16,4,0.5,4,full_state_oracle,2000,1000,1000,0.0,1.0,0.0,1.0,0.0,0.0,3.885780586188048e-16
confirmation,10005,16,4,1.0,4,correlon,2000,1000,1000,0.0,0.9689882581686976,0.10860797484320046,0.994126545039338,0.05419158126804384,0.026182367762191672,7.216449660063518e-16
confirmation,10005,16,4,1.0,4,cca_equivalent,2000,1000,1000,0.0,0.9689882581686976,0.10860797484320046,0.994126545039338,0.05419158126804384,0.026182367762191672,7.216449660063518e-16
confirmation,10005,16,4,1.0,4,raw_svd,2000,1000,1000,0.0,0.9698214502517886,0.10752979522209612,0.9942183788249304,0.053766258820330856,0.025025526221332382,4.440892098500626e-16
confirmation,10005,16,4,1.0,4,full_state_oracle,2000,1000,1000,0.0,1.0,0.0,1.0,0.0,0.0,4.996003610813204e-16
confirmation,10006,4,1,0.1,4,correlon,2000,1000,1000,0.0,0.9929415413163414,0.06841592462258003,0.9980529240491157,0.03120157007975914,0.008565746787921281,2.220446049250313e-16
confirmation,10006,4,1,0.1,4,cca_equivalent,2000,1000,1000,0.0,0.9929415413163414,0.06841592462258003,0.9980529240491157,0.03120157007975914,0.008565746787921281,2.220446049250313e-16
confirmation,10006,4,1,0.1,4,raw_svd,2000,1000,1000,0.0,0.9929415413163419,0.06841592462258053,0.9980529240491157,0.03120157007975932,0.008565746787921248,4.718447854656915e-16
confirmation,10006,4,1,0.1,4,full_state_oracle,2000,1000,1000,0.0,1.0,0.0,1.0,0.0,0.0,1.6653345369377348e-16
confirmation,10006,4,1,0.25,4,correlon,2000,1000,1000,0.0,0.9870939864276873,0.08485068255533101,0.9968240487021441,0.03984941215285222,0.02220454209730359,3.3306690738754696e-16
confirmation,10006,4,1,0.25,4,cca_equivalent,2000,1000,1000,0.0,0.9870939864276873,0.08485068255533101,0.9968240487021441,0.03984941215285222,0.02220454209730359,3.3306690738754696e-16
confirmation,10006,4,1,0.25,4,raw_svd,2000,1000,1000,0.0,0.9870939864276884,0.08485068255533063,0.9968240487021442,0.03984941215285205,0.022204542097302805,3.3306690738754696e-16
confirmation,10006,4,1,0.25,4,full_state_oracle,2000,1000,1000,0.0,1.0,0.0,1.0,0.0,0.0,1.6653345369377348e-16
confirmation,10006,4,1,0.5,4,correlon,2000,1000,1000,0.0,1.0130439287149122,0.06127498088426966,0.9983769203605022,0.028487537972750925,0.016701520338061736,3.885780586188048e-16
confirmation,10006,4,1,0.5,4,cca_equivalent,2000,1000,1000,0.0,1.0130439287149122,0.06127498088426966,0.9983769203605022,0.028487537972750925,0.016701520338061736,3.885780586188048e-16
confirmation,10006,4,1,0.5,4,raw_svd,2000,1000,1000,0.0,1.0130439287149104,0.06127498088426966,0.9983769203605022,0.028487537972750953,0.01670152033806185,2.220446049250313e-16
confirmation,10006,4,1,0.5,4,full_state_oracle,2000,1000,1000,0.0,1.0,0.0,1.0,0.0,0.0,3.3306690738754696e-16
confirmation,10006,4,1,1.0,4,correlon,2000,1000,1000,0.0,1.000965712764178,0.049148348239622525,0.9988935899623731,0.02352031077204163,0.010808783241119745,3.3306690738754696e-16
confirmation,10006,4,1,1.0,4,cca_equivalent,2000,1000,1000,0.0,1.000965712764178,0.049148348239622525,0.9988935899623731,0.02352031077204163,0.010808783241119745,3.3306690738754696e-16
confirmation,10006,4,1,1.0,4,raw_svd,2000,1000,1000,0.0,1.0009657127641778,0.04914834823962176,0.9988935899623731,0.023520310772041315,0.010808783241119047,1.942890293094024e-16
confirmation,10006,4,1,1.0,4,full_state_oracle,2000,1000,1000,0.0,1.0,0.0,1.0,0.0,0.0,3.3306690738754696e-16
confirmation,10006,4,2,0.1,4,correlon,2000,1000,1000,0.0,0.9950271128907553,0.056797060191271224,0.9986234999163874,0.026234520041468957,0.012489888438259846,2.255140518769849e-16
confirmation,10006,4,2,0.1,4,cca_equivalent,2000,1000,1000,0.0,0.9950271128907553,0.056797060191271224,0.9986234999163874,0.026234520041468957,0.012489888438259846,2.255140518769849e-16
confirmation,10006,4,2,0.1,4,raw_svd,2000,1000,1000,0.0,0.9950271128907558,0.05679706019127116,0.9986234999163875,0.026234520041468954,0.012489888438258923,2.498001805406602e-16
confirmation,10006,4,2,0.1,4,full_state_oracle,2000,1000,1000,0.0,1.0,0.0,1.0,0.0,0.0,6.938893903907228e-17
confirmation,10006,4,2,0.25,4,correlon,2000,1000,1000,0.0,0.9906839285712704,0.06153623132888942,0.9985237437643761,0.027168513352996346,0.011162192769211678,1.1102230246251565e-16
confirmation,10006,4,2,0.25,4,cca_equivalent,2000,1000,1000,0.0,0.9906839285712704,0.06153623132888942,0.9985237437643761,0.027168513352996346,0.011162192769211678,1.1102230246251565e-16
confirmation,10006,4,2,0.25,4,raw_svd,2000,1000,1000,0.0,0.9906839285712711,0.06153623132888908,0.9985237437643761,0.027168513352996228,0.011162192769210315,4.440892098500626e-16
confirmation,10006,4,2,0.25,4,full_state_oracle,2000,1000,1000,0.0,1.0,0.0,1.0,0.0,0.0,4.440892098500626e-16
confirmation,10006,4,2,0.5,4,correlon,2000,1000,1000,0.0,0.9770987927801771,0.05633894046555239,0.9983989079645066,0.028293921922325972,0.016499211800884477,2.7755575615628914e-16
confirmation,10006,4,2,0.5,4,cca_equivalent,2000,1000,1000,0.0,0.9770987927801771,0.05633894046555239,0.9983989079645066,0.028293921922325972,0.016499211800884477,2.7755575615628914e-16
confirmation,10006,4,2,0.5,4,raw_svd,2000,1000,1000,0.0,0.9770987927801754,0.05633894046555228,0.9983989079645066,0.028293921922325927,0.016499211800884296,4.440892098500626e-16
confirmation,10006,4,2,0.5,4,full_state_oracle,2000,1000,1000,0.0,1.0,0.0,1.0,0.0,0.0,1.942890293094024e-16
confirmation,10006,4,2,1.0,4,correlon,2000,1000,1000,0.0,1.0062071010103835,0.08339602740189477,0.9972804173607686,0.03687534839992336,0.029054397269043505,3.885780586188048e-16
confirmation,10006,4,2,1.0,4,cca_equivalent,2000,1000,1000,0.0,1.0062071010103835,0.08339602740189477,0.9972804173607686,0.03687534839992336,0.029054397269043505,3.885780586188048e-16
confirmation,10006,4,2,1.0,4,raw_svd,2000,1000,1000,0.0,1.0062071010103835,0.08339602740189458,0.9972804173607686,0.036875348399923194,0.02905439726904285,5.551115123125783e-17
confirmation,10006,4,2,1.0,4,full_state_oracle,2000,1000,1000,0.0,1.0,0.0,1.0,0.0,0.0,2.1510571102112408e-16
confirmation,10006,4,4,0.1,4,correlon,2000,1000,1000,0.0,0.9979130160804527,0.05216464240432928,0.9988203328015739,0.024286490055440688,0.020802391044272388,4.163336342344337e-16
confirmation,10006,4,4,0.1,4,cca_equivalent,2000,1000,1000,0.0,0.9979130160804527,0.05216464240432928,0.9988203328015739,0.024286490055440688,0.020802391044272388,4.163336342344337e-16
confirmation,10006,4,4,0.1,4,raw_svd,2000,1000,1000,0.0,0.9979130160804519,0.05216464240432928,0.9988203328015739,0.024286490055440667,0.020802391044271708,5.551115123125783e-17
confirmation,10006,4,4,0.1,4,full_state_oracle,2000,1000,1000,0.0,1.0,0.0,1.0,0.0,0.0,1.1102230246251565e-16
confirmation,10006,4,4,0.25,4,correlon,2000,1000,1000,0.0,1.0036476315415637,0.06692823821475415,0.9981979855994713,0.030016781977160043,0.011879317760961027,2.220446049250313e-16
confirmation,10006,4,4,0.25,4,cca_equivalent,2000,1000,1000,0.0,1.0036476315415637,0.06692823821475415,0.9981979855994713,0.030016781977160043,0.011879317760961027,2.220446049250313e-16
confirmation,10006,4,4,0.25,4,raw_svd,2000,1000,1000,0.0,1.003647631541564,0.06692823821475334,0.9981979855994714,0.030016781977159762,0.011879317760960078,2.220446049250313e-16
confirmation,10006,4,4,0.25,4,full_state_oracle,2000,1000,1000,0.0,1.0,0.0,1.0,0.0,0.0,1.1102230246251565e-16
confirmation,10006,4,4,0.5,4,correlon,2000,1000,1000,0.0,0.9951571868729776,0.052987496914148606,0.9986475341748214,0.02600447870250952,0.006876271955920068,3.3306690738754696e-16
confirmation,10006,4,4,0.5,4,cca_equivalent,2000,1000,1000,0.0,0.9951571868729776,0.052987496914148606,0.9986475341748214,0.02600447870250952,0.006876271955920068,3.3306690738754696e-16
confirmation,10006,4,4,0.5,4,raw_svd,2000,1000,1000,0.0,0.9951571868729775,0.05298749691414852,0.9986475341748214,0.026004478702509506,0.0068762719559193625,2.498001805406602e-16
confirmation,10006,4,4,0.5,4,full_state_oracle,2000,1000,1000,0.0,1.0,0.0,1.0,0.0,0.0,4.0245584642661925e-16
confirmation,10006,4,4,1.0,4,correlon,2000,1000,1000,0.0,0.9829222589571347,0.05323861218455495,0.9986913482004401,0.025579794756406544,0.013674437009450133,2.220446049250313e-16
confirmation,10006,4,4,1.0,4,cca_equivalent,2000,1000,1000,0.0,0.9829222589571347,0.05323861218455495,0.9986913482004401,0.025579794756406544,0.013674437009450133,2.220446049250313e-16
confirmation,10006,4,4,1.0,4,raw_svd,2000,1000,1000,0.0,0.9829222589571345,0.05323861218455446,0.9986913482004403,0.025579794756406343,0.013674437009449118,3.3306690738754696e-16
confirmation,10006,4,4,1.0,4,full_state_oracle,2000,1000,1000,0.0,1.0,0.0,1.0,0.0,0.0,7.494005416219807e-16
confirmation,10006,8,1,0.1,4,correlon,2000,1000,1000,0.0,0.9811638313292038,0.09126154354073578,0.9961961029569621,0.0436113347825875,0.012491820414685727,9.992007221626409e-16
confirmation,10006,8,1,0.1,4,cca_equivalent,2000,1000,1000,0.0,0.9811638313292038,0.09126154354073578,0.9961961029569621,0.0436113347825875,0.012491820414685727,9.992007221626409e-16
confirmation,10006,8,1,0.1,4,raw_svd,2000,1000,1000,0.0,0.9813083785482416,0.09086444675087975,0.9962197206819958,0.04347573644001979,0.012825575138756075,4.996003610813204e-16
confirmation,10006,8,1,0.1,4,full_state_oracle,2000,1000,1000,0.0,1.0,0.0,1.0,0.0,0.0,1.6653345369377348e-16
confirmation,10006,8,1,0.25,4,correlon,2000,1000,1000,0.0,0.9734008763661214,0.10046919279725068,0.9955722470376344,0.04705184886040965,0.023668988524524436,3.3306690738754696e-16
confirmation,10006,8,1,0.25,4,cca_equivalent,2000,1000,1000,0.0,0.9734008763661214,0.10046919279725068,0.9955722470376344,0.04705184886040965,0.023668988524524436,3.3306690738754696e-16
confirmation,10006,8,1,0.25,4,raw_svd,2000,1000,1000,0.0,0.9733963504885537,0.10047859696233681,0.9955724127950664,0.04705096813527594,0.023656316321366826,3.3306690738754696e-16
confirmation,10006,8,1,0.25,4,full_state_oracle,2000,1000,1000,0.0,1.0,0.0,1.0,0.0,0.0,4.579669976578771e-16
confirmation,10006,8,1,0.5,4,correlon,2000,1000,1000,0.0,0.974181586453062,0.0867926709496571,0.9966408994318735,0.04098231672396262,0.02187463756399418,4.163336342344337e-16
confirmation,10006,8,1,0.5,4,cca_equivalent,2000,1000,1000,0.0,0.974181586453062,0.0867926709496571,0.9966408994318735,0.04098231672396262,0.02187463756399418,4.163336342344337e-16
confirmation,10006,8,1,0.5,4,raw_svd,2000,1000,1000,0.0,0.9742995555837257,0.08652275273926065,0.9966182315582814,0.041120362606126615,0.019712625847168125,2.7755575615628914e-16
confirmation,10006,8,1,0.5,4,full_state_oracle,2000,1000,1000,0.0,1.0,0.0,1.0,0.0,0.0,3.3306690738754696e-16
confirmation,10006,8,1,1.0,4,correlon,2000,1000,1000,0.0,0.9852140718530416,0.09369693372939217,0.995865195156793,0.04546869716193259,0.017032474822517393,2.7755575615628914e-16
confirmation,10006,8,1,1.0,4,cca_equivalent,2000,1000,1000,0.0,0.9852140718530416,0.09369693372939217,0.995865195156793,0.04546869716193259,0.017032474822517393,2.7755575615628914e-16
confirmation,10006,8,1,1.0,4,raw_svd,2000,1000,1000,0.0,0.985124283961487,0.09406255243532477,0.9958306421236305,0.045658284441980064,0.016612875984582876,4.996003610813204e-16
confirmation,10006,8,1,1.0,4,full_state_oracle,2000,1000,1000,0.0,1.0,0.0,1.0,0.0,0.0,3.3306690738754696e-16
confirmation,10006,8,2,0.1,4,correlon,2000,1000,1000,0.0,0.9769703793314816,0.0927874824548589,0.9960924634269575,0.04420145118116883,0.016733111607408327,3.885780586188048e-16
confirmation,10006,8,2,0.1,4,cca_equivalent,2000,1000,1000,0.0,0.9769703793314816,0.0927874824548589,0.9960924634269575,0.04420145118116883,0.016733111607408327,3.885780586188048e-16
confirmation,10006,8,2,0.1,4,raw_svd,2000,1000,1000,0.0,0.9771458027623934,0.09218970849740679,0.996121263473486,0.044038259085221465,0.016913932759788357,1.942890293094024e-16
confirmation,10006,8,2,0.1,4,full_state_oracle,2000,1000,1000,0.0,1.0,0.0,1.0,0.0,0.0,2.220446049250313e-16
confirmation,10006,8,2,0.25,4,correlon,2000,1000,1000,0.0,1.0033613515796143,0.08893333793418148,0.9961773806785238,0.043718527659769815,0.013635002196998968,3.885780586188048e-16
confirmation,10006,8,2,0.25,4,cca_equivalent,2000,1000,1000,0.0,1.0033613515796143,0.08893333793418148,0.9961773806785238,0.043718527659769815,0.013635002196998968,3.885780586188048e-16
confirmation,10006,8,2,0.25,4,raw_svd,2000,1000,1000,0.0,1.0034233794556955,0.08881197940263504,0.996179345185493,0.043707292380716974,0.012822940548990788,3.885780586188048e-16
confirmation,10006,8,2,0.25,4,full_state_oracle,2000,1000,1000,0.0,1.0,0.0,1.0,0.0,0.0,2.7755575615628914e-16
confirmation,10006,8,2,0.5,4,correlon,2000,1000,1000,0.0,0.9938493168386088,0.09467192300922067,0.9958895473164964,0.04533460424170242,0.020471455217488724,5.551115123125783e-16
confirmation,10006,8,2,0.5,4,cca_equivalent,2000,1000,1000,0.0,0.9938493168386088,0.09467192300922067,0.9958895473164964,0.04533460424170242,0.020471455217488724,5.551115123125783e-16
confirmation,10006,8,2,0.5,4,raw_svd,2000,1000,1000,0.0,0.9945692915106614,0.0926895933442855,0.9960359536552572,0.04451991882709781,0.018948851450539168,4.579669976578771e-16
confirmation,10006,8,2,0.5,4,full_state_oracle,2000,1000,1000,0.0,1.0,0.0,1.0,0.0,0.0,5.551115123125783e-16
confirmation,10006,8,2,1.0,4,correlon,2000,1000,1000,0.0,0.9866249424829898,0.09180050089157751,0.996187732988278,0.04365928888405132,0.01233414507562508,6.661338147750939e-16
confirmation,10006,8,2,1.0,4,cca_equivalent,2000,1000,1000,0.0,0.9866249424829898,0.09180050089157751,0.996187732988278,0.04365928888405132,0.01233414507562508,6.661338147750939e-16
confirmation,10006,8,2,1.0,4,raw_svd,2000,1000,1000,0.0,0.9868644345372506,0.091620595449295,0.9961932076065564,0.04362792909045536,0.012147803311288053,3.885780586188048e-16
confirmation,10006,8,2,1.0,4,full_state_oracle,2000,1000,1000,0.0,1.0,0.0,1.0,0.0,0.0,4.44956571588051e-16
confirmation,10006,8,4,0.1,4,correlon,2000,1000,1000,0.0,0.9827202760688164,0.09732261564741056,0.9955969732391483,0.0469202875143136,0.023049259511384527,4.996003610813204e-16
confirmation,10006,8,4,0.1,4,cca_equivalent,2000,1000,1000,0.0,0.9827202760688164,0.09732261564741056,0.9955969732391483,0.0469202875143136,0.023049259511384527,4.996003610813204e-16
confirmation,10006,8,4,0.1,4,raw_svd,2000,1000,1000,0.0,0.9827076778813344,0.0973917368809098,0.9955856175311122,0.04698075387266459,0.02272060507678063,4.718447854656915e-16
confirmation,10006,8,4,0.1,4,full_state_oracle,2000,1000,1000,0.0,1.0,0.0,1.0,0.0,0.0,2.7755575615628914e-16
confirmation,10006,8,4,0.25,4,correlon,2000,1000,1000,0.0,0.9866320740867143,0.0879476533044284,0.9963009239159747,0.043006255847407686,0.018038390160589213,3.885780586188048e-16
confirmation,10006,8,4,0.25,4,cca_equivalent,2000,1000,1000,0.0,0.9866320740867143,0.0879476533044284,0.9963009239159747,0.043006255847407686,0.018038390160589213,3.885780586188048e-16
confirmation,10006,8,4,0.25,4,raw_svd,2000,1000,1000,0.0,0.9869881829845436,0.08751142275516231,0.9963462280524658,0.04274208668007567,0.018919659000663273,3.95516952522712e-16
confirmation,10006,8,4,0.25,4,full_state_oracle,2000,1000,1000,0.0,1.0,0.0,1.0,0.0,0.0,3.3306690738754696e-16
confirmation,10006,8,4,0.5,4,correlon,2000,1000,1000,0.0,0.983253069905754,0.07666600520602201,0.9971040068890902,0.03805254992053615,0.020975366615111356,2.220446049250313e-16
confirmation,10006,8,4,0.5,4,cca_equivalent,2000,1000,1000,0.0,0.983253069905754,0.07666600520602201,0.9971040068890902,0.03805254992053615,0.020975366615111356,2.220446049250313e-16
confirmation,10006,8,4,0.5,4,raw_svd,2000,1000,1000,0.0,0.9835052813929057,0.07710266273638519,0.9970822890702984,0.03819496648579215,0.019402286578763694,2.7755575615628914e-16
confirmation,10006,8,4,0.5,4,full_state_oracle,2000,1000,1000,0.0,1.0,0.0,1.0,0.0,0.0,3.469446951953614e-16
confirmation,10006,8,4,1.0,4,correlon,2000,1000,1000,0.0,0.9911932169860387,0.07653656606661885,0.997301663820384,0.03673102353335756,0.01758187483360231,3.7470027081099033e-16
confirmation,10006,8,4,1.0,4,cca_equivalent,2000,1000,1000,0.0,0.9911932169860387,0.07653656606661885,0.997301663820384,0.03673102353335756,0.01758187483360231,3.7470027081099033e-16
confirmation,10006,8,4,1.0,4,raw_svd,2000,1000,1000,0.0,0.9914305309121599,0.07736790766061727,0.9972328755451143,0.03719626631051593,0.017213632529034555,3.3306690738754696e-16
confirmation,10006,8,4,1.0,4,full_state_oracle,2000,1000,1000,0.0,1.0,0.0,1.0,0.0,0.0,3.3306690738754696e-16
confirmation,10006,16,1,0.1,4,correlon,2000,1000,1000,0.0,0.9737559060027255,0.1128682035847294,0.9937972301894611,0.055690079056053506,0.02892054550279858,6.661338147750939e-16
confirmation,10006,16,1,0.1,4,cca_equivalent,2000,1000,1000,0.0,0.9737559060027255,0.1128682035847294,0.9937972301894611,0.055690079056053506,0.02892054550279858,6.661338147750939e-16
confirmation,10006,16,1,0.1,4,raw_svd,2000,1000,1000,0.0,0.9752715134223364,0.10910841899076569,0.994045474508644,0.05456429918617142,0.027240855707172537,2.7755575615628914e-16
confirmation,10006,16,1,0.1,4,full_state_oracle,2000,1000,1000,0.0,1.0,0.0,1.0,0.0,0.0,3.7816971776294395e-16
confirmation,10006,16,1,0.25,4,correlon,2000,1000,1000,0.0,0.9739851699156389,0.11765139076331564,0.9933125744188588,0.05782484578942411,0.02911328289734918,4.718447854656915e-16
confirmation,10006,16,1,0.25,4,cca_equivalent,2000,1000,1000,0.0,0.9739851699156389,0.11765139076331564,0.9933125744188588,0.05782484578942411,0.02911328289734918,4.718447854656915e-16
confirmation,10006,16,1,0.25,4,raw_svd,2000,1000,1000,0.0,0.9745873533726573,0.11631858372408148,0.9934666925545341,0.05715464742899679,0.02800323456244888,5.551115123125783e-16
confirmation,10006,16,1,0.25,4,full_state_oracle,2000,1000,1000,0.0,1.0,0.0,1.0,0.0,0.0,3.3306690738754696e-16
confirmation,10006,16,1,0.5,4,correlon,2000,1000,1000,0.0,0.9695896453949737,0.12082704442518097,0.9928332266973955,0.059861395333739374,0.028461505861634102,4.996003610813204e-16
confirmation,10006,16,1,0.5,4,cca_equivalent,2000,1000,1000,0.0,0.9695896453949737,0.12082704442518097,0.9928332266973955,0.059861395333739374,0.028461505861634102,4.996003610813204e-16
confirmation,10006,16,1,0.5,4,raw_svd,2000,1000,1000,0.0,0.9700798075198543,0.11993646709954053,0.9928950886640673,0.05960248038434577,0.027882036325171184,2.7755575615628914e-16
confirmation,10006,16,1,0.5,4,full_state_oracle,2000,1000,1000,0.0,1.0,0.0,1.0,0.0,0.0,4.996003610813204e-16
confirmation,10006,16,1,1.0,4,correlon,2000,1000,1000,0.0,0.9797213827985719,0.10871026493325217,0.9941241795142481,0.05420249295812814,0.025742398762833484,6.938893903907228e-16
confirmation,10006,16,1,1.0,4,cca_equivalent,2000,1000,1000,0.0,0.9797213827985719,0.10871026493325217,0.9941241795142481,0.05420249295812814,0.025742398762833484,6.938893903907228e-16
confirmation,10006,16,1,1.0,4,raw_svd,2000,1000,1000,0.0,0.9806175752975893,0.1068095844178738,0.994232826050148,0.05369904072631129,0.023150052248292148,5.551115123125783e-16
confirmation,10006,16,1,1.0,4,full_state_oracle,2000,1000,1000,0.0,1.0,0.0,1.0,0.0,0.0,7.216449660063518e-16
confirmation,10006,16,2,0.1,4,correlon,2000,1000,1000,0.0,0.9703889999375547,0.12402084669141947,0.9926526915640388,0.060610677425521606,0.035248571348783765,4.440892098500626e-16
confirmation,10006,16,2,0.1,4,cca_equivalent,2000,1000,1000,0.0,0.9703889999375547,0.12402084669141947,0.9926526915640388,0.060610677425521606,0.035248571348783765,4.440892098500626e-16
confirmation,10006,16,2,0.1,4,raw_svd,2000,1000,1000,0.0,0.9710511985566179,0.12259173927747839,0.9927704322663917,0.06012307266602526,0.03361596815117561,3.3306690738754696e-16
confirmation,10006,16,2,0.1,4,full_state_oracle,2000,1000,1000,0.0,1.0,0.0,1.0,0.0,0.0,6.661338147750939e-16
confirmation,10006,16,2,0.25,4,correlon,2000,1000,1000,0.0,0.9691674456420788,0.11559503930950266,0.9934114578592194,0.05739574087325937,0.024174685444625692,4.996003610813204e-16
confirmation,10006,16,2,0.25,4,cca_equivalent,2000,1000,1000,0.0,0.9691674456420788,0.11559503930950266,0.9934114578592194,0.05739574087325937,0.024174685444625692,4.996003610813204e-16
confirmation,10006,16,2,0.25,4,raw_svd,2000,1000,1000,0.0,0.9702237995419741,0.11309246495285319,0.993565542930088,0.056720618252589755,0.022301454381600423,7.771561172376096e-16
confirmation,10006,16,2,0.25,4,full_state_oracle,2000,1000,1000,0.0,1.0,0.0,1.0,0.0,0.0,4.996003610813204e-16
confirmation,10006,16,2,0.5,4,correlon,2000,1000,1000,0.0,0.967034918257786,0.12168664514140426,0.9926425392872167,0.060652537922099015,0.029970066253917564,3.885780586188048e-16
confirmation,10006,16,2,0.5,4,cca_equivalent,2000,1000,1000,0.0,0.967034918257786,0.12168664514140426,0.9926425392872167,0.060652537922099015,0.029970066253917564,3.885780586188048e-16
confirmation,10006,16,2,0.5,4,raw_svd,2000,1000,1000,0.0,0.9677093552740483,0.12065434586819136,0.99276373364289,0.060150920014202906,0.029052732153809054,6.800116025829084e-16
confirmation,10006,16,2,0.5,4,full_state_oracle,2000,1000,1000,0.0,1.0,0.0,1.0,0.0,0.0,6.661338147750939e-16
confirmation,10006,16,2,1.0,4,correlon,2000,1000,1000,0.0,0.9808684644229605,0.1116256270932954,0.9938057219194841,0.055651945520870626,0.02147917291728183,5.620504062164855e-16
confirmation,10006,16,2,1.0,4,cca_equivalent,2000,1000,1000,0.0,0.9808684644229605,0.1116256270932954,0.9938057219194841,0.055651945520870626,0.02147917291728183,5.620504062164855e-16
confirmation,10006,16,2,1.0,4,raw_svd,2000,1000,1000,0.0,0.9821455721849024,0.10917472235840787,0.9940287233551033,0.0546409948888961,0.021452006072342635,3.885780586188048e-16
confirmation,10006,16,2,1.0,4,full_state_oracle,2000,1000,1000,0.0,1.0,0.0,1.0,0.0,0.0,2.7755575615628914e-16
confirmation,10006,16,4,0.1,4,correlon,2000,1000,1000,0.0,0.9657788620818657,0.11659743166752422,0.9934662520155295,0.05715657435706925,0.03146345311844416,3.3306690738754696e-16
confirmation,10006,16,4,0.1,4,cca_equivalent,2000,1000,1000,0.0,0.9657788620818657,0.11659743166752422,0.9934662520155295,0.05715657435706925,0.03146345311844416,3.3306690738754696e-16
confirmation,10006,16,4,0.1,4,raw_svd,2000,1000,1000,0.0,0.9658939441495552,0.11628575568283213,0.9934901625220168,0.05705189513935168,0.031229592100832936,3.3306690738754696e-16
confirmation,10006,16,4,0.1,4,full_state_oracle,2000,1000,1000,0.0,1.0,0.0,1.0,0.0,0.0,3.469446951953614e-16
confirmation,10006,16,4,0.25,4,correlon,2000,1000,1000,0.0,0.9740894071913848,0.11875189748330921,0.9930703065146295,0.05886294881065021,0.024505985128434393,2.2898349882893854e-16
confirmation,10006,16,4,0.25,4,cca_equivalent,2000,1000,1000,0.0,0.9740894071913848,0.11875189748330921,0.9930703065146295,0.05886294881065021,0.024505985128434393,2.2898349882893854e-16
confirmation,10006,16,4,0.25,4,raw_svd,2000,1000,1000,0.0,0.9748492183771279,0.11699287402789965,0.9932388839718562,0.058142566283850276,0.024027060647918753,4.440892098500626e-16
confirmation,10006,16,4,0.25,4,full_state_oracle,2000,1000,1000,0.0,1.0,0.0,1.0,0.0,0.0,4.996003610813204e-16
confirmation,10006,16,4,0.5,4,correlon,2000,1000,1000,0.0,0.9809415155217981,0.11180866227593844,0.9939641288252462,0.05493574052815592,0.025955006858892564,4.440892098500626e-16
confirmation,10006,16,4,0.5,4,cca_equivalent,2000,1000,1000,0.0,0.9809415155217981,0.11180866227593844,0.9939641288252462,0.05493574052815592,0.025955006858892564,4.440892098500626e-16
confirmation,10006,16,4,0.5,4,raw_svd,2000,1000,1000,0.0,0.9820848395666822,0.10915685659500157,0.9941711379513806,0.053985470492620966,0.02488578242064992,6.661338147750939e-16
confirmation,10006,16,4,0.5,4,full_state_oracle,2000,1000,1000,0.0,1.0,0.0,1.0,0.0,0.0,4.440892098500626e-16
confirmation,10006,16,4,1.0,4,correlon,2000,1000,1000,0.0,0.9755061552750997,0.1037756984595975,0.9944200837764461,0.05282005406828949,0.031044293063423968,4.371503159461554e-16
confirmation,10006,16,4,1.0,4,cca_equivalent,2000,1000,1000,0.0,0.9755061552750997,0.1037756984595975,0.9944200837764461,0.05282005406828949,0.031044293063423968,4.371503159461554e-16
confirmation,10006,16,4,1.0,4,raw_svd,2000,1000,1000,0.0,0.9756673237712888,0.10514713696233999,0.9942632097674607,0.05355740020080919,0.03115116990155972,4.440892098500626e-16
confirmation,10006,16,4,1.0,4,full_state_oracle,2000,1000,1000,0.0,1.0,0.0,1.0,0.0,0.0,3.885780586188048e-16
confirmation,10007,4,1,0.1,4,correlon,2000,1000,1000,0.0,1.0012766119607353,0.06442099747491711,0.998180943894037,0.030158382797847483,0.008766045616753346,2.220446049250313e-16
confirmation,10007,4,1,0.1,4,cca_equivalent,2000,1000,1000,0.0,1.0012766119607353,0.06442099747491711,0.998180943894037,0.030158382797847483,0.008766045616753346,2.220446049250313e-16
confirmation,10007,4,1,0.1,4,raw_svd,2000,1000,1000,0.0,1.001276611960736,0.06442099747491695,0.998180943894037,0.030158382797847334,0.008766045616752847,2.914335439641036e-16
confirmation,10007,4,1,0.1,4,full_state_oracle,2000,1000,1000,0.0,1.0,0.0,1.0,0.0,0.0,1.6653345369377348e-16
confirmation,10007,4,1,0.25,4,correlon,2000,1000,1000,0.0,0.9822412596644035,0.07933220099794758,0.9971958548362541,0.037444259665173896,0.015005674886969434,4.996003610813204e-16
confirmation,10007,4,1,0.25,4,cca_equivalent,2000,1000,1000,0.0,0.9822412596644035,0.07933220099794758,0.9971958548362541,0.037444259665173896,0.015005674886969434,4.996003610813204e-16
confirmation,10007,4,1,0.25,4,raw_svd,2000,1000,1000,0.0,0.9822412596644033,0.07933220099794787,0.9971958548362541,0.03744425966517396,0.01500567488696785,2.220446049250313e-16
confirmation,10007,4,1,0.25,4,full_state_oracle,2000,1000,1000,0.0,1.0,0.0,1.0,0.0,0.0,4.440892098500626e-16
confirmation,10007,4,1,0.5,4,correlon,2000,1000,1000,0.0,0.9794412030308932,0.06358795638913008,0.9982861173617334,0.029273560069341027,0.021031045348138017,1.1102230246251565e-16
confirmation,10007,4,1,0.5,4,cca_equivalent,2000,1000,1000,0.0,0.9794412030308932,0.06358795638913008,0.9982861173617334,0.029273560069341027,0.021031045348138017,1.1102230246251565e-16
confirmation,10007,4,1,0.5,4,raw_svd,2000,1000,1000,0.0,0.9794412030308935,0.0635879563891302,0.9982861173617334,0.02927356006934103,0.021031045348137822,3.365363543395006e-16
confirmation,10007,4,1,0.5,4,full_state_oracle,2000,1000,1000,0.0,1.0,0.0,1.0,0.0,0.0,3.3306690738754696e-16
confirmation,10007,4,1,1.0,4,correlon,2000,1000,1000,0.0,0.9941453427923067,0.08094987694525718,0.9974346921178917,0.03581415838818657,0.027633090167468788,3.608224830031759e-16
confirmation,10007,4,1,1.0,4,cca_equivalent,2000,1000,1000,0.0,0.9941453427923067,0.08094987694525718,0.9974346921178917,0.03581415838818657,0.027633090167468788,3.608224830031759e-16
confirmation,10007,4,1,1.0,4,raw_svd,2000,1000,1000,0.0,0.9941453427923077,0.08094987694525738,0.9974346921178917,0.035814158388186655,0.027633090167468857,5.273559366969494e-16
confirmation,10007,4,1,1.0,4,full_state_oracle,2000,1000,1000,0.0,1.0,0.0,1.0,0.0,0.0,2.220446049250313e-16
confirmation,10007,4,2,0.1,4,correlon,2000,1000,1000,0.0,0.9821195356339013,0.06563952388120814,0.9980868987116975,0.030928152937916974,0.012683572589537484,3.3306690738754696e-16
confirmation,10007,4,2,0.1,4,cca_equivalent,2000,1000,1000,0.0,0.9821195356339013,0.06563952388120814,0.9980868987116975,0.030928152937916974,0.012683572589537484,3.3306690738754696e-16
confirmation,10007,4,2,0.1,4,raw_svd,2000,1000,1000,0.0,0.9821195356339016,0.06563952388120813,0.9980868987116975,0.030928152937916963,0.012683572589537381,3.3306690738754696e-16
confirmation,10007,4,2,0.1,4,full_state_oracle,2000,1000,1000,0.0,1.0,0.0,1.0,0.0,0.0,4.996003610813204e-16
confirmation,10007,4,2,0.25,4,correlon,2000,1000,1000,0.0,0.9804581145497128,0.06313247460343945,0.9982873792546095,0.029262781356106115,0.02442041537558324,2.7755575615628914e-16
confirmation,10007,4,2,0.25,4,cca_equivalent,2000,1000,1000,0.0,0.9804581145497128,0.06313247460343945,0.9982873792546095,0.029262781356106115,0.02442041537558324,2.7755575615628914e-16
confirmation,10007,4,2,0.25,4,raw_svd,2000,1000,1000,0.0,0.9804581145497115,0.06313247460343943,0.9982873792546094,0.029262781356106077,0.024420415375582486,9.992007221626409e-16
confirmation,10007,4,2,0.25,4,full_state_oracle,2000,1000,1000,0.0,1.0,0.0,1.0,0.0,0.0,2.220446049250313e-16
confirmation,10007,4,2,0.5,4,correlon,2000,1000,1000,0.0,1.0064513263463,0.047970414490097986,0.9990313145989885,0.022007787269640183,0.00613512278660521,3.3306690738754696e-16
confirmation,10007,4,2,0.5,4,cca_equivalent,2000,1000,1000,0.0,1.0064513263463,0.047970414490097986,0.9990313145989885,0.022007787269640183,0.00613512278660521,3.3306690738754696e-16
confirmation,10007,4,2,0.5,4,raw_svd,2000,1000,1000,0.0,1.0064513263463009,0.047970414490097785,0.9990313145989886,0.02200778726964001,0.006135122786605433,4.440892098500626e-16
confirmation,10007,4,2,0.5,4,full_state_oracle,2000,1000,1000,0.0,1.0,0.0,1.0,0.0,0.0,4.440892098500626e-16
confirmation,10007,4,2,1.0,4,correlon,2000,1000,1000,0.0,1.0037569038459033,0.06147107163118043,0.9983437900809099,0.028776812880252113,0.01995875191475388,5.273559366969494e-16
confirmation,10007,4,2,1.0,4,cca_equivalent,2000,1000,1000,0.0,1.0037569038459033,0.06147107163118043,0.9983437900809099,0.028776812880252113,0.01995875191475388,5.273559366969494e-16
confirmation,10007,4,2,1.0,4,raw_svd,2000,1000,1000,0.0,1.003756903845903,0.06147107163118045,0.9983437900809099,0.028776812880252065,0.019958751914753305,3.3306690738754696e-16
confirmation,10007,4,2,1.0,4,full_state_oracle,2000,1000,1000,0.0,1.0,0.0,1.0,0.0,0.0,2.0816681711721685e-16
confirmation,10007,4,4,0.1,4,correlon,2000,1000,1000,0.0,0.9684883742961,0.0658129171090874,0.9981627936577162,0.030308466987657056,0.026879181338701832,1.6653345369377348e-16
confirmation,10007,4,4,0.1,4,cca_equivalent,2000,1000,1000,0.0,0.9684883742961,0.0658129171090874,0.9981627936577162,0.030308466987657056,0.026879181338701832,1.6653345369377348e-16
confirmation,10007,4,4,0.1,4,raw_svd,2000,1000,1000,0.0,0.9684883742961007,0.06581291710908738,0.9981627936577162,0.030308466987657066,0.02687918133870193,1.3877787807814457e-16
confirmation,10007,4,4,0.1,4,full_state_oracle,2000,1000,1000,0.0,1.0,0.0,1.0,0.0,0.0,2.914335439641036e-16
confirmation,10007,4,4,0.25,4,correlon,2000,1000,1000,0.0,0.9819614215315667,0.06420300667395828,0.9982795803743884,0.029329333657718726,0.016364618227727244,2.220446049250313e-16
confirmation,10007,4,4,0.25,4,cca_equivalent,2000,1000,1000,0.0,0.9819614215315667,0.06420300667395828,0.9982795803743884,0.029329333657718726,0.016364618227727244,2.220446049250313e-16
confirmation,10007,4,4,0.25,4,raw_svd,2000,1000,1000,0.0,0.981961421531567,0.06420300667395784,0.9982795803743884,0.029329333657718563,0.016364618227726314,2.7755575615628914e-16
confirmation,10007,4,4,0.25,4,full_state_oracle,2000,1000,1000,0.0,1.0,0.0,1.0,0.0,0.0,3.608224830031759e-16
confirmation,10007,4,4,0.5,4,correlon,2000,1000,1000,0.0,0.9738204630199782,0.06346235173073743,0.9981293756447219,0.030582873927069588,0.029012762417612824,4.440892098500626e-16
confirmation,10007,4,4,0.5,4,cca_equivalent,2000,1000,1000,0.0,0.9738204630199782,0.06346235173073743,0.9981293756447219,0.030582873927069588,0.029012762417612824,4.440892098500626e-16
confirmation,10007,4,4,0.5,4,raw_svd,2000,1000,1000,0.0,0.973820463019977,0.06346235173073728,0.9981293756447219,0.030582873927069574,0.02901276241761218,4.440892098500626e-16
confirmation,10007,4,4,0.5,4,full_state_oracle,2000,1000,1000,0.0,1.0,0.0,1.0,0.0,0.0,6.106226635438361e-16
confirmation,10007,4,4,1.0,4,correlon,2000,1000,1000,0.0,0.9999843130931609,0.051107025195193154,0.9988010706495593,0.024483967718087397,0.009415911986265846,2.7755575615628914e-16
confirmation,10007,4,4,1.0,4,cca_equivalent,2000,1000,1000,0.0,0.9999843130931609,0.051107025195193154,0.9988010706495593,0.024483967718087397,0.009415911986265846,2.7755575615628914e-16
confirmation,10007,4,4,1.0,4,raw_svd,2000,1000,1000,0.0,0.9999843130931602,0.05110702519519255,0.9988010706495593,0.024483967718087262,0.009415911986265525,3.885780586188048e-16
confirmation,10007,4,4,1.0,4,full_state_oracle,2000,1000,1000,0.0,1.0,0.0,1.0,0.0,0.0,6.106226635438361e-16
confirmation,10007,8,1,0.1,4,correlon,2000,1000,1000,0.0,0.9868083784983365,0.08710421016293214,0.996382249950683,0.042530871430743675,0.013832141534057775,3.3306690738754696e-16
confirmation,10007,8,1,0.1,4,cca_equivalent,2000,1000,1000,0.0,0.9868083784983365,0.08710421016293214,0.996382249950683,0.042530871430743675,0.013832141534057775,3.3306690738754696e-16
confirmation,10007,8,1,0.1,4,raw_svd,2000,1000,1000,0.0,0.9869689232189223,0.08653394828572299,0.9964072306366994,0.04238377852021112,0.013670094703936507,3.3306690738754696e-16
confirmation,10007,8,1,0.1,4,full_state_oracle,2000,1000,1000,0.0,1.0,0.0,1.0,0.0,0.0,2.220446049250313e-16
confirmation,10007,8,1,0.25,4,correlon,2000,1000,1000,0.0,0.9906443605291545,0.07351968061051221,0.9975289033653912,0.035150367242809746,0.0157278512577453,4.440892098500626e-16
confirmation,10007,8,1,0.25,4,cca_equivalent,2000,1000,1000,0.0,0.9906443605291545,0.07351968061051221,0.9975289033653912,0.035150367242809746,0.0157278512577453,4.440892098500626e-16
confirmation,10007,8,1,0.25,4,raw_svd,2000,1000,1000,0.0,0.9909489426745864,0.07234058969127305,0.9975925311279342,0.034694876221610806,0.016528683363305704,3.608224830031759e-16
confirmation,10007,8,1,0.25,4,full_state_oracle,2000,1000,1000,0.0,1.0,0.0,1.0,0.0,0.0,4.718447854656915e-16
confirmation,10007,8,1,0.5,4,correlon,2000,1000,1000,0.0,0.9755085776431421,0.08974919982122342,0.9964364815235395,0.04221089004309573,0.023431233846165876,2.498001805406602e-16
confirmation,10007,8,1,0.5,4,cca_equivalent,2000,1000,1000,0.0,0.9755085776431421,0.08974919982122342,0.9964364815235395,0.04221089004309573,0.023431233846165876,2.498001805406602e-16
confirmation,10007,8,1,0.5,4,raw_svd,2000,1000,1000,0.0,0.9755305017708799,0.08967336763156103,0.9964375191961626,0.042204743831928515,0.023231109435577345,6.106226635438361e-16
confirmation,10007,8,1,0.5,4,full_state_oracle,2000,1000,1000,0.0,1.0,0.0,1.0,0.0,0.0,3.885780586188048e-16
confirmation,10007,8,1,1.0,4,correlon,2000,1000,1000,0.0,0.9902156276622117,0.08971337893306879,0.9962297268518427,0.04341815949667425,0.015891473931524125,4.440892098500626e-16
confirmation,10007,8,1,1.0,4,cca_equivalent,2000,1000,1000,0.0,0.9902156276622117,0.08971337893306879,0.9962297268518427,0.04341815949667425,0.015891473931524125,4.440892098500626e-16
confirmation,10007,8,1,1.0,4,raw_svd,2000,1000,1000,0.0,0.9906046285430863,0.08877564940128645,0.9962695774133767,0.04318809203138775,0.015134312235342978,4.440892098500626e-16
confirmation,10007,8,1,1.0,4,full_state_oracle,2000,1000,1000,0.0,1.0,0.0,1.0,0.0,0.0,2.7755575615628914e-16
confirmation,10007,8,2,0.1,4,correlon,2000,1000,1000,0.0,0.9759481888812507,0.0821510625140961,0.9968331207068618,0.03979245715671601,0.02658097470468619,4.440892098500626e-16
confirmation,10007,8,2,0.1,4,cca_equivalent,2000,1000,1000,0.0,0.9759481888812507,0.0821510625140961,0.9968331207068618,0.03979245715671601,0.02658097470468619,4.440892098500626e-16
confirmation,10007,8,2,0.1,4,raw_svd,2000,1000,1000,0.0,0.9761274379537668,0.08155520162118898,0.9968669564191291,0.03957931013086841,0.025944114267185424,3.608224830031759e-16
confirmation,10007,8,2,0.1,4,full_state_oracle,2000,1000,1000,0.0,1.0,0.0,1.0,0.0,0.0,4.440892098500626e-16
confirmation,10007,8,2,0.25,4,correlon,2000,1000,1000,0.0,0.9911453500725552,0.08819353671121008,0.9963585623089867,0.04266988218294862,0.02505780837943289,2.220446049250313e-16
confirmation,10007,8,2,0.25,4,cca_equivalent,2000,1000,1000,0.0,0.9911453500725552,0.08819353671121008,0.9963585623089867,0.04266988218294862,0.02505780837943289,2.220446049250313e-16
confirmation,10007,8,2,0.25,4,raw_svd,2000,1000,1000,0.0,0.9912531922818466,0.08832029979320263,0.9963437232992107,0.042756734561875696,0.024993965220998463,5.412337245047638e-16
confirmation,10007,8,2,0.25,4,full_state_oracle,2000,1000,1000,0.0,1.0,0.0,1.0,0.0,0.0,4.440892098500626e-16
confirmation,10007,8,2,0.5,4,correlon,2000,1000,1000,0.0,0.9614932826580059,0.10611422521330922,0.9950303741048867,0.049847898125764435,0.023718857533598744,4.718447854656915e-16
confirmation,10007,8,2,0.5,4,cca_equivalent,2000,1000,1000,0.0,0.9614932826580059,0.10611422521330922,0.9950303741048867,0.049847898125764435,0.023718857533598744,4.718447854656915e-16
confirmation,10007,8,2,0.5,4,raw_svd,2000,1000,1000,0.0,0.9614711348657377,0.10663261006589461,0.9949781598367674,0.05010908182771157,0.023993652972744146,1.6653345369377348e-16
confirmation,10007,8,2,0.5,4,full_state_oracle,2000,1000,1000,0.0,1.0,0.0,1.0,0.0,0.0,3.885780586188048e-16
confirmation,10007,8,2,1.0,4,correlon,2000,1000,1000,0.0,0.998402022698078,0.08305897586899516,0.9965814012599351,0.04134367388165353,0.018342916648869445,2.220446049250313e-16
confirmation,10007,8,2,1.0,4,cca_equivalent,2000,1000,1000,0.0,0.998402022698078,0.08305897586899516,0.9965814012599351,0.04134367388165353,0.018342916648869445,2.220446049250313e-16
confirmation,10007,8,2,1.0,4,raw_svd,2000,1000,1000,0.0,0.9984379602971102,0.08257893045835045,0.9966164674266351,0.04113108662170735,0.018419329346133002,6.245004513516506e-16
confirmation,10007,8,2,1.0,4,full_state_oracle,2000,1000,1000,0.0,1.0,0.0,1.0,0.0,0.0,2.498001805406602e-16
confirmation,10007,8,4,0.1,4,correlon,2000,1000,1000,0.0,0.9769703515087973,0.07953376404339542,0.9971126336608609,0.03799583094985001,0.022818021299607777,3.885780586188048e-16
confirmation,10007,8,4,0.1,4,cca_equivalent,2000,1000,1000,0.0,0.9769703515087973,0.07953376404339542,0.9971126336608609,0.03799583094985001,0.022818021299607777,3.885780586188048e-16
confirmation,10007,8,4,0.1,4,raw_svd,2000,1000,1000,0.0,0.978014795825147,0.07540548312972029,0.9973198732521005,0.03660687604740102,0.02382611766400082,3.885780586188048e-16
confirmation,10007,8,4,0.1,4,full_state_oracle,2000,1000,1000,0.0,1.0,0.0,1.0,0.0,0.0,3.400058012914542e-16
confirmation,10007,8,4,0.25,4,correlon,2000,1000,1000,0.0,0.9772853918371947,0.08665327086213379,0.996592153659782,0.04127860426551444,0.02321849305940908,3.885780586188048e-16
confirmation,10007,8,4,0.25,4,cca_equivalent,2000,1000,1000,0.0,0.9772853918371947,0.08665327086213379,0.996592153659782,0.04127860426551444,0.02321849305940908,3.885780586188048e-16
confirmation,10007,8,4,0.25,4,raw_svd,2000,1000,1000,0.0,0.9777908756066431,0.0849616614537055,0.9967039403737199,0.040595933455706036,0.022529914648459028,2.7755575615628914e-16
confirmation,10007,8,4,0.25,4,full_state_oracle,2000,1000,1000,0.0,1.0,0.0,1.0,0.0,0.0,3.469446951953614e-16
confirmation,10007,8,4,0.5,4,correlon,2000,1000,1000,0.0,0.9862485544231914,0.08103880751384937,0.9968914747199007,0.039424137784480194,0.011761582332837852,2.2898349882893854e-16
confirmation,10007,8,4,0.5,4,cca_equivalent,2000,1000,1000,0.0,0.9862485544231914,0.08103880751384937,0.9968914747199007,0.039424137784480194,0.011761582332837852,2.2898349882893854e-16
confirmation,10007,8,4,0.5,4,raw_svd,2000,1000,1000,0.0,0.9862081210484702,0.08112669841869112,0.9968793888809535,0.03950070327884403,0.012342978895662464,3.885780586188048e-16
confirmation,10007,8,4,0.5,4,full_state_oracle,2000,1000,1000,0.0,1.0,0.0,1.0,0.0,0.0,2.220446049250313e-16
confirmation,10007,8,4,1.0,4,correlon,2000,1000,1000,0.0,0.9955917983302698,0.07628222952998429,0.9971979195403433,0.03743047194236773,0.013483479151387158,4.996003610813204e-16
confirmation,10007,8,4,1.0,4,cca_equivalent,2000,1000,1000,0.0,0.9955917983302698,0.07628222952998429,0.9971979195403433,0.03743047194236773,0.013483479151387158,4.996003610813204e-16
confirmation,10007,8,4,1.0,4,raw_svd,2000,1000,1000,0.0,0.9962702544555679,0.07659773999795706,0.99715127285089,0.037740741573993604,0.012028959368242845,3.3306690738754696e-16
confirmation,10007,8,4,1.0,4,full_state_oracle,2000,1000,1000,0.0,1.0,0.0,1.0,0.0,0.0,3.885780586188048e-16
confirmation,10007,16,1,0.1,4,correlon,2000,1000,1000,0.0,0.971909771168274,0.10981529754250183,0.9940514988774195,0.054536690047070624,0.020034064962452035,3.3306690738754696e-16
confirmation,10007,16,1,0.1,4,cca_equivalent,2000,1000,1000,0.0,0.971909771168274,0.10981529754250183,0.9940514988774195,0.054536690047070624,0.020034064962452035,3.3306690738754696e-16
confirmation,10007,16,1,0.1,4,raw_svd,2000,1000,1000,0.0,0.9723644138065908,0.1086743175060018,0.9941512923293678,0.054077295007387755,0.01903276432076296,3.608224830031759e-16
confirmation,10007,16,1,0.1,4,full_state_oracle,2000,1000,1000,0.0,1.0,0.0,1.0,0.0,0.0,4.440892098500626e-16
confirmation,10007,16,1,0.25,4,correlon,2000,1000,1000,0.0,0.9751761131257604,0.11214249521483906,0.9938126232256516,0.055620934792344465,0.028700667471922445,3.885780586188048e-16
confirmation,10007,16,1,0.25,4,cca_equivalent,2000,1000,1000,0.0,0.9751761131257604,0.11214249521483906,0.9938126232256516,0.055620934792344465,0.028700667471922445,3.885780586188048e-16
confirmation,10007,16,1,0.25,4,raw_svd,2000,1000,1000,0.0,0.9761814066105123,0.10943938449551692,0.9940609501450403,0.05449334755252106,0.027115790297107402,5.828670879282072e-16
confirmation,10007,16,1,0.25,4,full_state_oracle,2000,1000,1000,0.0,1.0,0.0,1.0,0.0,0.0,4.440892098500626e-16
confirmation,10007,16,1,0.5,4,correlon,2000,1000,1000,0.0,0.9782132698898032,0.10937664581393058,0.9941847549064189,0.0539223751961145,0.024531070701491534,4.440892098500626e-16
confirmation,10007,16,1,0.5,4,cca_equivalent,2000,1000,1000,0.0,0.9782132698898032,0.10937664581393058,0.9941847549064189,0.0539223751961145,0.024531070701491534,4.440892098500626e-16
confirmation,10007,16,1,0.5,4,raw_svd,2000,1000,1000,0.0,0.9789026821478263,0.10816265784025685,0.9942315300246718,0.053705074133308286,0.022963356167222643,3.608224830031759e-16
confirmation,10007,16,1,0.5,4,full_state_oracle,2000,1000,1000,0.0,1.0,0.0,1.0,0.0,0.0,3.885780586188048e-16
confirmation,10007,16,1,1.0,4,correlon,2000,1000,1000,0.0,0.9769681572172615,0.10452745726484287,0.9944490249896355,0.05268289575547482,0.028692574941388348,4.996003610813204e-16
confirmation,10007,16,1,1.0,4,cca_equivalent,2000,1000,1000,0.0,0.9769681572172615,0.10452745726484287,0.9944490249896355,0.05268289575547482,0.028692574941388348,4.996003610813204e-16
confirmation,10007,16,1,1.0,4,raw_svd,2000,1000,1000,0.0,0.977796947540164,0.10237942722744055,0.9946303104369204,0.051815487853921094,0.027643699364399924,3.608224830031759e-16
confirmation,10007,16,1,1.0,4,full_state_oracle,2000,1000,1000,0.0,1.0,0.0,1.0,0.0,0.0,3.608224830031759e-16
confirmation,10007,16,2,0.1,4,correlon,2000,1000,1000,0.0,0.9692082441869337,0.11382774871448936,0.993598533490297,0.05657502324216421,0.022843155097247124,5.551115123125783e-16
confirmation,10007,16,2,0.1,4,cca_equivalent,2000,1000,1000,0.0,0.9692082441869337,0.11382774871448936,0.993598533490297,0.05657502324216421,0.022843155097247124,5.551115123125783e-16
confirmation,10007,16,2,0.1,4,raw_svd,2000,1000,1000,0.0,0.9699545331724518,0.1118878035673434,0.9937762574119945,0.05578414912860826,0.022458306607436553,4.440892098500626e-16
confirmation,10007,16,2,0.1,4,full_state_oracle,2000,1000,1000,0.0,1.0,0.0,1.0,0.0,0.0,4.996003610813204e-16
confirmation,10007,16,2,0.25,4,correlon,2000,1000,1000,0.0,0.9782952525663515,0.11557553021536936,0.993733429052128,0.055975757913010744,0.033123211030054195,6.106226635438361e-16
confirmation,10007,16,2,0.25,4,cca_equivalent,2000,1000,1000,0.0,0.9782952525663515,0.11557553021536936,0.993733429052128,0.055975757913010744,0.033123211030054195,6.106226635438361e-16
confirmation,10007,16,2,0.25,4,raw_svd,2000,1000,1000,0.0,0.9801275631840339,0.11063247081248472,0.9941184862339526,0.05422874591048288,0.0320645706205461,3.3306690738754696e-16
confirmation,10007,16,2,0.25,4,full_state_oracle,2000,1000,1000,0.0,1.0,0.0,1.0,0.0,0.0,4.440892098500626e-16
confirmation,10007,16,2,0.5,4,correlon,2000,1000,1000,0.0,0.977162569213607,0.10799126422005503,0.994236592419724,0.05368150324029688,0.02645129165820295,3.3306690738754696e-16
confirmation,10007,16,2,0.5,4,cca_equivalent,2000,1000,1000,0.0,0.977162569213607,0.10799126422005503,0.994236592419724,0.05368150324029688,0.02645129165820295,3.3306690738754696e-16
confirmation,10007,16,2,0.5,4,raw_svd,2000,1000,1000,0.0,0.9780116182341732,0.10607724217866508,0.9944063301731205,0.05288511050796559,0.02505828425799414,3.885780586188048e-16
confirmation,10007,16,2,0.5,4,full_state_oracle,2000,1000,1000,0.0,1.0,0.0,1.0,0.0,0.0,3.608224830031759e-16
confirmation,10007,16,2,1.0,4,correlon,2000,1000,1000,0.0,0.9796389089403049,0.11514411714272677,0.9935899209760712,0.05661306838499732,0.03294895333219995,5.551115123125783e-16
confirmation,10007,16,2,1.0,4,cca_equivalent,2000,1000,1000,0.0,0.9796389089403049,0.11514411714272677,0.9935899209760712,0.05661306838499732,0.03294895333219995,5.551115123125783e-16
confirmation,10007,16,2,1.0,4,raw_svd,2000,1000,1000,0.0,0.9804845918802174,0.11368059136131752,0.9937035748694449,0.056108934807903306,0.03202484301223493,7.216449660063518e-16
confirmation,10007,16,2,1.0,4,full_state_oracle,2000,1000,1000,0.0,1.0,0.0,1.0,0.0,0.0,3.95516952522712e-16
confirmation,10007,16,4,0.1,4,correlon,2000,1000,1000,0.0,0.9674976654642534,0.11605238748828972,0.993403637261059,0.0574297951369363,0.027407794075576863,3.885780586188048e-16
confirmation,10007,16,4,0.1,4,cca_equivalent,2000,1000,1000,0.0,0.9674976654642534,0.11605238748828972,0.993403637261059,0.0574297951369363,0.027407794075576863,3.885780586188048e-16
confirmation,10007,16,4,0.1,4,raw_svd,2000,1000,1000,0.0,0.9678152900374176,0.11543865690912233,0.9934491543090926,0.05723131000993911,0.027394496739660847,3.9898639947466563e-16
confirmation,10007,16,4,0.1,4,full_state_oracle,2000,1000,1000,0.0,1.0,0.0,1.0,0.0,0.0,4.440892098500626e-16
confirmation,10007,16,4,0.25,4,correlon,2000,1000,1000,0.0,0.9748641731332275,0.10808710417766942,0.9942756527538221,0.05349928619233146,0.024196733929591912,2.7755575615628914e-16
confirmation,10007,16,4,0.25,4,cca_equivalent,2000,1000,1000,0.0,0.9748641731332275,0.10808710417766942,0.9942756527538221,0.05349928619233146,0.024196733929591912,2.7755575615628914e-16
confirmation,10007,16,4,0.25,4,raw_svd,2000,1000,1000,0.0,0.975587096622953,0.10658906981279614,0.9943853767895425,0.052984069353237996,0.023069383169478173,4.996003610813204e-16
confirmation,10007,16,4,0.25,4,full_state_oracle,2000,1000,1000,0.0,1.0,0.0,1.0,0.0,0.0,4.440892098500626e-16
confirmation,10007,16,4,0.5,4,correlon,2000,1000,1000,0.0,0.9699893280732915,0.10986241906830911,0.9940468727676346,0.054557892336331265,0.028632590476207656,3.3306690738754696e-16
confirmation,10007,16,4,0.5,4,cca_equivalent,2000,1000,1000,0.0,0.9699893280732915,0.10986241906830911,0.9940468727676346,0.054557892336331265,0.028632590476207656,3.3306690738754696e-16
confirmation,10007,16,4,0.5,4,raw_svd,2000,1000,1000,0.0,0.9705093895582954,0.10958162762784472,0.9940533534042607,0.054528188103673506,0.028708709143827168,4.440892098500626e-16
confirmation,10007,16,4,0.5,4,full_state_oracle,2000,1000,1000,0.0,1.0,0.0,1.0,0.0,0.0,6.661338147750939e-16
confirmation,10007,16,4,1.0,4,correlon,2000,1000,1000,0.0,0.9741138389930459,0.1117368123180283,0.9939390123920322,0.055049921017054006,0.024562287805858788,3.885780586188048e-16
confirmation,10007,16,4,1.0,4,cca_equivalent,2000,1000,1000,0.0,0.9741138389930459,0.1117368123180283,0.9939390123920322,0.055049921017054006,0.024562287805858788,3.885780586188048e-16
confirmation,10007,16,4,1.0,4,raw_svd,2000,1000,1000,0.0,0.975088236813214,0.11244575857461975,0.9938260052348638,0.05556075397767842,0.0243127081568377,3.885780586188048e-16
confirmation,10007,16,4,1.0,4,full_state_oracle,2000,1000,1000,0.0,1.0,0.0,1.0,0.0,0.0,4.440892098500626e-16
confirmation,10008,4,1,0.1,4,correlon,2000,1000,1000,0.0,0.9821657343446021,0.06547336266856663,0.998400369266345,0.028281007174913404,0.001441434965866786,5.551115123125783e-16
confirmation,10008,4,1,0.1,4,cca_equivalent,2000,1000,1000,0.0,0.9821657343446021,0.06547336266856663,0.998400369266345,0.028281007174913404,0.001441434965866786,5.551115123125783e-16
confirmation,10008,4,1,0.1,4,raw_svd,2000,1000,1000,0.0,0.9821657343446023,0.06547336266856614,0.998400369266345,0.028281007174913247,0.001441434965866954,2.220446049250313e-16
confirmation,10008,4,1,0.1,4,full_state_oracle,2000,1000,1000,0.0,1.0,0.0,1.0,0.0,0.0,3.400058012914542e-16
confirmation,10008,4,1,0.25,4,correlon,2000,1000,1000,0.0,1.0166932922836511,0.052142848172448436,0.9988824305294144,0.023638628033217732,0.012921564471210721,2.7755575615628914e-16
confirmation,10008,4,1,0.25,4,cca_equivalent,2000,1000,1000,0.0,1.0166932922836511,0.052142848172448436,0.9988824305294144,0.023638628033217732,0.012921564471210721,2.7755575615628914e-16
confirmation,10008,4,1,0.25,4,raw_svd,2000,1000,1000,0.0,1.016693292283651,0.05214284817244852,0.9988824305294144,0.023638628033217774,0.012921564471211075,1.6653345369377348e-16
confirmation,10008,4,1,0.25,4,full_state_oracle,2000,1000,1000,0.0,1.0,0.0,1.0,0.0,0.0,6.938893903907228e-17
confirmation,10008,4,1,0.5,4,correlon,2000,1000,1000,0.0,0.9805892776990399,0.06271337404759438,0.998203186652776,0.029973432796596478,0.016129639722283567,3.469446951953614e-16
confirmation,10008,4,1,0.5,4,cca_equivalent,2000,1000,1000,0.0,0.9805892776990399,0.06271337404759438,0.998203186652776,0.029973432796596478,0.016129639722283567,3.469446951953614e-16
confirmation,10008,4,1,0.5,4,raw_svd,2000,1000,1000,0.0,0.9805892776990398,0.0627133740475947,0.998203186652776,0.02997343279659663,0.016129639722283748,1.6653345369377348e-16
confirmation,10008,4,1,0.5,4,full_state_oracle,2000,1000,1000,0.0,1.0,0.0,1.0,0.0,0.0,2.7755575615628914e-16
confirmation,10008,4,1,1.0,4,correlon,2000,1000,1000,0.0,0.9979303090025233,0.06087994063705202,0.9984359971046718,0.02796428879238854,0.014086153145251346,2.220446049250313e-16
confirmation,10008,4,1,1.0,4,cca_equivalent,2000,1000,1000,0.0,0.9979303090025233,0.06087994063705202,0.9984359971046718,0.02796428879238854,0.014086153145251346,2.220446049250313e-16
confirmation,10008,4,1,1.0,4,raw_svd,2000,1000,1000,0.0,0.9979303090025232,0.06087994063705241,0.9984359971046718,0.027964288792388655,0.014086153145250649,3.3306690738754696e-16
confirmation,10008,4,1,1.0,4,full_state_oracle,2000,1000,1000,0.0,1.0,0.0,1.0,0.0,0.0,4.440892098500626e-16
confirmation,10008,4,2,0.1,4,correlon,2000,1000,1000,0.0,0.9871259663604246,0.0615187042200342,0.998473923304642,0.027623148764741843,0.027766799115976352,6.661338147750939e-16
confirmation,10008,4,2,0.1,4,cca_equivalent,2000,1000,1000,0.0,0.9871259663604246,0.0615187042200342,0.998473923304642,0.027623148764741843,0.027766799115976352,6.661338147750939e-16
confirmation,10008,4,2,0.1,4,raw_svd,2000,1000,1000,0.0,0.9871259663604264,0.061518704220034116,0.9984739233046419,0.02762314876474186,0.02776679911597639,1.1102230246251565e-16
confirmation,10008,4,2,0.1,4,full_state_oracle,2000,1000,1000,0.0,1.0,0.0,1.0,0.0,0.0,1.6653345369377348e-16
confirmation,10008,4,2,0.25,4,correlon,2000,1000,1000,0.0,1.0145942984022982,0.0636266606428595,0.9982769758594744,0.029351525859191385,0.015647702295139652,4.440892098500626e-16
confirmation,10008,4,2,0.25,4,cca_equivalent,2000,1000,1000,0.0,1.0145942984022982,0.0636266606428595,0.9982769758594744,0.029351525859191385,0.015647702295139652,4.440892098500626e-16
confirmation,10008,4,2,0.25,4,raw_svd,2000,1000,1000,0.0,1.0145942984022975,0.06362666064285902,0.9982769758594745,0.029351525859191114,0.015647702295140058,1.6653345369377348e-16
confirmation,10008,4,2,0.25,4,full_state_oracle,2000,1000,1000,0.0,1.0,0.0,1.0,0.0,0.0,5.551115123125783e-17
confirmation,10008,4,2,0.5,4,correlon,2000,1000,1000,0.0,1.0067528182043033,0.05511167069996273,0.9986365550853036,0.026109815344965936,0.007088757803028529,3.469446951953614e-16
confirmation,10008,4,2,0.5,4,cca_equivalent,2000,1000,1000,0.0,1.0067528182043033,0.05511167069996273,0.9986365550853036,0.026109815344965936,0.007088757803028529,3.469446951953614e-16
confirmation,10008,4,2,0.5,4,raw_svd,2000,1000,1000,0.0,1.0067528182043033,0.05511167069996277,0.9986365550853036,0.026109815344966016,0.0070887578030282205,3.885780586188048e-16
confirmation,10008,4,2,0.5,4,full_state_oracle,2000,1000,1000,0.0,1.0,0.0,1.0,0.0,0.0,1.5265566588595902e-16
confirmation,10008,4,2,1.0,4,correlon,2000,1000,1000,0.0,1.0051782906048492,0.061575990202948065,0.9984839024133269,0.027532685908508773,0.011685826192371705,3.885780586188048e-16
confirmation,10008,4,2,1.0,4,cca_equivalent,2000,1000,1000,0.0,1.0051782906048492,0.061575990202948065,0.9984839024133269,0.027532685908508773,0.011685826192371705,3.885780586188048e-16
confirmation,10008,4,2,1.0,4,raw_svd,2000,1000,1000,0.0,1.00517829060485,0.06157599020294865,0.9984839024133267,0.027532685908508985,0.011685826192371553,6.661338147750939e-16
confirmation,10008,4,2,1.0,4,full_state_oracle,2000,1000,1000,0.0,1.0,0.0,1.0,0.0,0.0,2.220446049250313e-16
confirmation,10008,4,4,0.1,4,correlon,2000,1000,1000,0.0,1.0045152461475224,0.08097746424847603,0.9973945450082206,0.03609331649889977,0.027457202308591378,1.3877787807814457e-16
confirmation,10008,4,4,0.1,4,cca_equivalent,2000,1000,1000,0.0,1.0045152461475224,0.08097746424847603,0.9973945450082206,0.03609331649889977,0.027457202308591378,1.3877787807814457e-16
confirmation,10008,4,4,0.1,4,raw_svd,2000,1000,1000,0.0,1.004515246147522,0.08097746424847577,0.9973945450082206,0.036093316498899665,0.027457202308591912,1.8735013540549517e-16
confirmation,10008,4,4,0.1,4,full_state_oracle,2000,1000,1000,0.0,1.0,0.0,1.0,0.0,0.0,2.3592239273284576e-16
confirmation,10008,4,4,0.25,4,correlon,2000,1000,1000,0.0,1.0047488865808003,0.0632322684170548,0.9982334758263461,0.02971972555100252,0.016087782317153215,4.579669976578771e-16
confirmation,10008,4,4,0.25,4,cca_equivalent,2000,1000,1000,0.0,1.0047488865808003,0.0632322684170548,0.9982334758263461,0.02971972555100252,0.016087782317153215,4.579669976578771e-16
confirmation,10008,4,4,0.25,4,raw_svd,2000,1000,1000,0.0,1.0047488865808012,0.06323226841705566,0.9982334758263461,0.029719725551002933,0.01608778231715321,4.440892098500626e-16
confirmation,10008,4,4,0.25,4,full_state_oracle,2000,1000,1000,0.0,1.0,0.0,1.0,0.0,0.0,4.440892098500626e-16
confirmation,10008,4,4,0.5,4,correlon,2000,1000,1000,0.0,0.9947430138623388,0.06285795788299173,0.9983543349787128,0.02868505727105265,0.013789742171414328,1.1102230246251565e-16
confirmation,10008,4,4,0.5,4,cca_equivalent,2000,1000,1000,0.0,0.9947430138623388,0.06285795788299173,0.9983543349787128,0.02868505727105265,0.013789742171414328,1.1102230246251565e-16
confirmation,10008,4,4,0.5,4,raw_svd,2000,1000,1000,0.0,0.9947430138623383,0.06285795788299231,0.9983543349787128,0.02868505727105291,0.013789742171414909,2.7755575615628914e-16
confirmation,10008,4,4,0.5,4,full_state_oracle,2000,1000,1000,0.0,1.0,0.0,1.0,0.0,0.0,3.885780586188048e-16
confirmation,10008,4,4,1.0,4,correlon,2000,1000,1000,0.0,0.9835694010466851,0.07009209176648232,0.9981192198321198,0.030665780341287835,0.01529807052656888,3.885780586188048e-16
confirmation,10008,4,4,1.0,4,cca_equivalent,2000,1000,1000,0.0,0.9835694010466851,0.07009209176648232,0.9981192198321198,0.030665780341287835,0.01529807052656888,3.885780586188048e-16
confirmation,10008,4,4,1.0,4,raw_svd,2000,1000,1000,0.0,0.9835694010466853,0.07009209176648258,0.9981192198321198,0.03066578034128799,0.015298070526569112,1.6653345369377348e-16
confirmation,10008,4,4,1.0,4,full_state_oracle,2000,1000,1000,0.0,1.0,0.0,1.0,0.0,0.0,2.220446049250313e-16
confirmation,10008,8,1,0.1,4,correlon,2000,1000,1000,0.0,0.997689950786279,0.09009226193148191,0.9960887495096938,0.04422245182204547,0.011254081031119873,3.885780586188048e-16
confirmation,10008,8,1,0.1,4,cca_equivalent,2000,1000,1000,0.0,0.997689950786279,0.09009226193148191,0.9960887495096938,0.04422245182204547,0.011254081031119873,3.885780586188048e-16
confirmation,10008,8,1,0.1,4,raw_svd,2000,1000,1000,0.0,0.997695000454602,0.09027382603722789,0.9960659849906711,0.04435095832859112,0.012881750080849247,4.440892098500626e-16
confirmation,10008,8,1,0.1,4,full_state_oracle,2000,1000,1000,0.0,1.0,0.0,1.0,0.0,0.0,3.7470027081099033e-16
confirmation,10008,8,1,0.25,4,correlon,2000,1000,1000,0.0,0.9899655762779195,0.09788706018697356,0.9955272734744718,0.04729020260861744,0.020626413676548,2.7755575615628914e-16
confirmation,10008,8,1,0.25,4,cca_equivalent,2000,1000,1000,0.0,0.9899655762779195,0.09788706018697356,0.9955272734744718,0.04729020260861744,0.020626413676548,2.7755575615628914e-16
confirmation,10008,8,1,0.25,4,raw_svd,2000,1000,1000,0.0,0.9899234706633312,0.09803124976509979,0.995516700492971,0.04734606375945652,0.020724458170492843,6.522560269672795e-16
confirmation,10008,8,1,0.25,4,full_state_oracle,2000,1000,1000,0.0,1.0,0.0,1.0,0.0,0.0,3.885780586188048e-16
confirmation,10008,8,1,0.5,4,correlon,2000,1000,1000,0.0,0.9866743570862625,0.08085566082089327,0.9967695508180942,0.04018985681677597,0.01245362698814661,3.885780586188048e-16
confirmation,10008,8,1,0.5,4,cca_equivalent,2000,1000,1000,0.0,0.9866743570862625,0.08085566082089327,0.9967695508180942,0.04018985681677597,0.01245362698814661,3.885780586188048e-16
confirmation,10008,8,1,0.5,4,raw_svd,2000,1000,1000,0.0,0.986850412943914,0.08032222788820731,0.996791209929748,0.04005490026358799,0.012887709561619581,2.8449465006019636e-16
confirmation,10008,8,1,0.5,4,full_state_oracle,2000,1000,1000,0.0,1.0,0.0,1.0,0.0,0.0,3.3306690738754696e-16
confirmation,10008,8,1,1.0,4,correlon,2000,1000,1000,0.0,0.9867416703328173,0.07976900654766848,0.9969868579135923,0.03881457256242631,0.017361923563013984,3.885780586188048e-16
confirmation,10008,8,1,1.0,4,cca_equivalent,2000,1000,1000,0.0,0.9867416703328173,0.07976900654766848,0.9969868579135923,0.03881457256242631,0.017361923563013984,3.885780586188048e-16
confirmation,10008,8,1,1.0,4,raw_svd,2000,1000,1000,0.0,0.9870655822843608,0.07883512697708338,0.9970374082519969,0.03848760675856003,0.016956550450680376,4.440892098500626e-16
confirmation,10008,8,1,1.0,4,full_state_oracle,2000,1000,1000,0.0,1.0,0.0,1.0,0.0,0.0,4.440892098500626e-16
confirmation,10008,8,2,0.1,4,correlon,2000,1000,1000,0.0,0.9815508822049248,0.09121640337881633,0.9961512537000381,0.04386767773635811,0.018972358801950903,4.718447854656915e-16
confirmation,10008,8,2,0.1,4,cca_equivalent,2000,1000,1000,0.0,0.9815508822049248,0.09121640337881633,0.9961512537000381,0.04386767773635811,0.018972358801950903,4.718447854656915e-16
confirmation,10008,8,2,0.1,4,raw_svd,2000,1000,1000,0.0,0.9818928829829685,0.09028440916130823,0.996205212063365,0.04355908594446733,0.01897308298364893,5.551115123125783e-16
confirmation,10008,8,2,0.1,4,full_state_oracle,2000,1000,1000,0.0,1.0,0.0,1.0,0.0,0.0,4.718447854656915e-16
confirmation,10008,8,2,0.25,4,correlon,2000,1000,1000,0.0,0.9797436958150131,0.09093110071901696,0.9962720407477745,0.04317383033867567,0.020351056082067023,6.106226635438361e-16
confirmation,10008,8,2,0.25,4,cca_equivalent,2000,1000,1000,0.0,0.9797436958150131,0.09093110071901696,0.9962720407477745,0.04317383033867567,0.020351056082067023,6.106226635438361e-16
confirmation,10008,8,2,0.25,4,raw_svd,2000,1000,1000,0.0,0.979905244857891,0.09057111690753493,0.9962967189992789,0.043030692538705444,0.01954949895943367,4.440892098500626e-16
confirmation,10008,8,2,0.25,4,full_state_oracle,2000,1000,1000,0.0,1.0,0.0,1.0,0.0,0.0,2.220446049250313e-16
confirmation,10008,8,2,0.5,4,correlon,2000,1000,1000,0.0,0.9875696480462858,0.08735306507553721,0.9963768647227267,0.042562514477373206,0.020117503934616032,4.996003610813204e-16
confirmation,10008,8,2,0.5,4,cca_equivalent,2000,1000,1000,0.0,0.9875696480462858,0.08735306507553721,0.9963768647227267,0.042562514477373206,0.020117503934616032,4.996003610813204e-16
confirmation,10008,8,2,0.5,4,raw_svd,2000,1000,1000,0.0,0.9873280967066252,0.0877730541298898,0.9963556904194336,0.042686705076442656,0.020144929015025383,4.996003610813204e-16
confirmation,10008,8,2,0.5,4,full_state_oracle,2000,1000,1000,0.0,1.0,0.0,1.0,0.0,0.0,4.440892098500626e-16
confirmation,10008,8,2,1.0,4,correlon,2000,1000,1000,0.0,0.9908757804008268,0.08888970008662767,0.9964393433241021,0.04219393721791042,0.017569400381863706,4.440892098500626e-16
confirmation,10008,8,2,1.0,4,cca_equivalent,2000,1000,1000,0.0,0.9908757804008268,0.08888970008662767,0.9964393433241021,0.04219393721791042,0.017569400381863706,4.440892098500626e-16
confirmation,10008,8,2,1.0,4,raw_svd,2000,1000,1000,0.0,0.9918307161275378,0.08548292716603735,0.9966271986080536,0.04106580933055126,0.01717451553206947,4.996003610813204e-16
confirmation,10008,8,2,1.0,4,full_state_oracle,2000,1000,1000,0.0,1.0,0.0,1.0,0.0,0.0,4.440892098500626e-16
confirmation,10008,8,4,0.1,4,correlon,2000,1000,1000,0.0,0.9794986019984933,0.10650622633680387,0.9950568549859277,0.04971491232051118,0.030642020496402356,3.3306690738754696e-16
confirmation,10008,8,4,0.1,4,cca_equivalent,2000,1000,1000,0.0,0.9794986019984933,0.10650622633680387,0.9950568549859277,0.04971491232051118,0.030642020496402356,3.3306690738754696e-16
confirmation,10008,8,4,0.1,4,raw_svd,2000,1000,1000,0.0,0.9799504684650299,0.10534651250365541,0.9951408051272539,0.0492909467993168,0.029423848394958894,4.163336342344337e-16
confirmation,10008,8,4,0.1,4,full_state_oracle,2000,1000,1000,0.0,1.0,0.0,1.0,0.0,0.0,1.6653345369377348e-16
confirmation,10008,8,4,0.25,4,correlon,2000,1000,1000,0.0,0.9837610224723192,0.08114896195137866,0.9968076423034984,0.03995220705106091,0.017403451922988214,6.106226635438361e-16
confirmation,10008,8,4,0.25,4,cca_equivalent,2000,1000,1000,0.0,0.9837610224723192,0.08114896195137866,0.9968076423034984,0.03995220705106091,0.017403451922988214,6.106226635438361e-16
confirmation,10008,8,4,0.25,4,raw_svd,2000,1000,1000,0.0,0.9839586113539169,0.08073461326545094,0.996812312727766,0.03992297128367212,0.017229702677945755,5.551115123125783e-16
confirmation,10008,8,4,0.25,4,full_state_oracle,2000,1000,1000,0.0,1.0,0.0,1.0,0.0,0.0,2.7755575615628914e-16
confirmation,10008,8,4,0.5,4,correlon,2000,1000,1000,0.0,0.9886923015771444,0.0840379721982889,0.9968394246787463,0.03975283210825157,0.021967248545335175,6.106226635438361e-16
confirmation,10008,8,4,0.5,4,cca_equivalent,2000,1000,1000,0.0,0.9886923015771444,0.0840379721982889,0.9968394246787463,0.03975283210825157,0.021967248545335175,6.106226635438361e-16
confirmation,10008,8,4,0.5,4,raw_svd,2000,1000,1000,0.0,0.9888733855182646,0.08384261673583213,0.9968430874969879,0.03972979047901029,0.022222853546411226,2.220446049250313e-16
confirmation,10008,8,4,0.5,4,full_state_oracle,2000,1000,1000,0.0,1.0,0.0,1.0,0.0,0.0,4.996003610813204e-16
confirmation,10008,8,4,1.0,4,correlon,2000,1000,1000,0.0,0.981027230695639,0.08506427612830715,0.9966719499345527,0.04079246294015206,0.01858791474946153,4.718447854656915e-16
confirmation,10008,8,4,1.0,4,cca_equivalent,2000,1000,1000,0.0,0.981027230695639,0.08506427612830715,0.9966719499345527,0.04079246294015206,0.01858791474946153,4.718447854656915e-16
confirmation,10008,8,4,1.0,4,raw_svd,2000,1000,1000,0.0,0.9811274126430151,0.08493917339592896,0.9966958040761387,0.040646007945807174,0.01816313694933477,3.608224830031759e-16
confirmation,10008,8,4,1.0,4,full_state_oracle,2000,1000,1000,0.0,1.0,0.0,1.0,0.0,0.0,5.551115123125783e-16
confirmation,10008,16,1,0.1,4,correlon,2000,1000,1000,0.0,0.9791870902634039,0.11380290404416829,0.9937288947307518,0.055996005523824194,0.026422847768801532,3.885780586188048e-16
confirmation,10008,16,1,0.1,4,cca_equivalent,2000,1000,1000,0.0,0.9791870902634039,0.11380290404416829,0.9937288947307518,0.055996005523824194,0.026422847768801532,3.885780586188048e-16
confirmation,10008,16,1,0.1,4,raw_svd,2000,1000,1000,0.0,0.9795748558988107,0.11307692744176312,0.9937685061189628,0.05581887620257705,0.02638067431536565,5.551115123125783e-16
confirmation,10008,16,1,0.1,4,full_state_oracle,2000,1000,1000,0.0,1.0,0.0,1.0,0.0,0.0,4.996003610813204e-16
confirmation,10008,16,1,0.25,4,correlon,2000,1000,1000,0.0,0.9697158890137327,0.11238574322811973,0.9939454980790796,0.055020459471547635,0.02694569155121089,3.3306690738754696e-16
confirmation,10008,16,1,0.25,4,cca_equivalent,2000,1000,1000,0.0,0.9697158890137327,0.11238574322811973,0.9939454980790796,0.055020459471547635,0.02694569155121089,3.3306690738754696e-16
confirmation,10008,16,1,0.25,4,raw_svd,2000,1000,1000,0.0,0.9703242703400613,0.110922640523484,0.9940695229660808,0.05445400368163646,0.02687267497314414,4.440892098500626e-16
confirmation,10008,16,1,0.25,4,full_state_oracle,2000,1000,1000,0.0,1.0,0.0,1.0,0.0,0.0,3.885780586188048e-16
confirmation,10008,16,1,0.5,4,correlon,2000,1000,1000,0.0,0.9696708024550033,0.11791662642569156,0.9931274825855498,0.058619610261627146,0.03323561714722438,4.440892098500626e-16
confirmation,10008,16,1,0.5,4,cca_equivalent,2000,1000,1000,0.0,0.9696708024550033,0.11791662642569156,0.9931274825855498,0.058619610261627146,0.03323561714722438,4.440892098500626e-16
confirmation,10008,16,1,0.5,4,raw_svd,2000,1000,1000,0.0,0.9701919280197361,0.1166853341806558,0.9932437575104854,0.058121607382773735,0.033085336771091,3.885780586188048e-16
confirmation,10008,16,1,0.5,4,full_state_oracle,2000,1000,1000,0.0,1.0,0.0,1.0,0.0,0.0,3.3306690738754696e-16
confirmation,10008,16,1,1.0,4,correlon,2000,1000,1000,0.0,0.9794727570384041,0.11340819920582362,0.9937328035652556,0.055978551404731694,0.020418600706371335,4.440892098500626e-16
confirmation,10008,16,1,1.0,4,cca_equivalent,2000,1000,1000,0.0,0.9794727570384041,0.11340819920582362,0.9937328035652556,0.055978551404731694,0.020418600706371335,4.440892098500626e-16
confirmation,10008,16,1,1.0,4,raw_svd,2000,1000,1000,0.0,0.9802268550328069,0.11180583873182183,0.9938317478496803,0.05553490861755204,0.018873395889761377,5.551115123125783e-16
confirmation,10008,16,1,1.0,4,full_state_oracle,2000,1000,1000,0.0,1.0,0.0,1.0,0.0,0.0,6.661338147750939e-16
confirmation,10008,16,2,0.1,4,correlon,2000,1000,1000,0.0,0.9679450430812132,0.11586910631276709,0.9933572191769529,0.05763150537270027,0.031262633273412214,6.106226635438361e-16
confirmation,10008,16,2,0.1,4,cca_equivalent,2000,1000,1000,0.0,0.9679450430812132,0.11586910631276709,0.9933572191769529,0.05763150537270027,0.031262633273412214,6.106226635438361e-16
confirmation,10008,16,2,0.1,4,raw_svd,2000,1000,1000,0.0,0.9685047257546734,0.11449621186058333,0.9934630743022139,0.05717047182674858,0.030676239251084564,4.163336342344337e-16
confirmation,10008,16,2,0.1,4,full_state_oracle,2000,1000,1000,0.0,1.0,0.0,1.0,0.0,0.0,3.3306690738754696e-16
confirmation,10008,16,2,0.25,4,correlon,2000,1000,1000,0.0,0.9622113163186853,0.11334601096128506,0.9934738653483282,0.05712326431355221,0.02795745047442819,3.885780586188048e-16
confirmation,10008,16,2,0.25,4,cca_equivalent,2000,1000,1000,0.0,0.9622113163186853,0.11334601096128506,0.9934738653483282,0.05712326431355221,0.02795745047442819,3.885780586188048e-16
confirmation,10008,16,2,0.25,4,raw_svd,2000,1000,1000,0.0,0.9635552340640452,0.11049195108194822,0.9937078886252159,0.0560897110653288,0.02925973654215021,4.996003610813204e-16
confirmation,10008,16,2,0.25,4,full_state_oracle,2000,1000,1000,0.0,1.0,0.0,1.0,0.0,0.0,3.885780586188048e-16
confirmation,10008,16,2,0.5,4,correlon,2000,1000,1000,0.0,0.9693982381251701,0.10836314323487602,0.9943364100498532,0.053214612420588364,0.024087974292219847,3.3306690738754696e-16
confirmation,10008,16,2,0.5,4,cca_equivalent,2000,1000,1000,0.0,0.9693982381251701,0.10836314323487602,0.9943364100498532,0.053214612420588364,0.024087974292219847,3.3306690738754696e-16
confirmation,10008,16,2,0.5,4,raw_svd,2000,1000,1000,0.0,0.9714719863441176,0.10309174538533057,0.9947748585774464,0.05111331246629201,0.020349527883374706,4.440892098500626e-16
confirmation,10008,16,2,0.5,4,full_state_oracle,2000,1000,1000,0.0,1.0,0.0,1.0,0.0,0.0,4.440892098500626e-16
confirmation,10008,16,2,1.0,4,correlon,2000,1000,1000,0.0,0.9836654172309345,0.10786921290484965,0.9942518130312996,0.05361057250533831,0.023985968853335454,5.273559366969494e-16
confirmation,10008,16,2,1.0,4,cca_equivalent,2000,1000,1000,0.0,0.9836654172309345,0.10786921290484965,0.9942518130312996,0.05361057250533831,0.023985968853335454,5.273559366969494e-16
confirmation,10008,16,2,1.0,4,raw_svd,2000,1000,1000,0.0,0.9840410691777891,0.10667900007190462,0.9943474791134519,0.05316258499428013,0.024020640128958284,4.996003610813204e-16
confirmation,10008,16,2,1.0,4,full_state_oracle,2000,1000,1000,0.0,1.0,0.0,1.0,0.0,0.0,3.3306690738754696e-16
confirmation,10008,16,4,0.1,4,correlon,2000,1000,1000,0.0,0.9770133932157049,0.11610963523418476,0.993246787920395,0.05810857113888174,0.02076800353011928,4.440892098500626e-16
confirmation,10008,16,4,0.1,4,cca_equivalent,2000,1000,1000,0.0,0.9770133932157049,0.11610963523418476,0.993246787920395,0.05810857113888174,0.02076800353011928,4.440892098500626e-16
confirmation,10008,16,4,0.1,4,raw_svd,2000,1000,1000,0.0,0.9775410266135683,0.11476082729557148,0.9933518367304961,0.0576548491867941,0.01988204983810705,3.3306690738754696e-16
confirmation,10008,16,4,0.1,4,full_state_oracle,2000,1000,1000,0.0,1.0,0.0,1.0,0.0,0.0,3.3306690738754696e-16
confirmation,10008,16,4,0.25,4,correlon,2000,1000,1000,0.0,0.96716088420052,0.12092529347339986,0.9928449047739816,0.05981260413164798,0.025541427309020828,3.608224830031759e-16
confirmation,10008,16,4,0.25,4,cca_equivalent,2000,1000,1000,0.0,0.96716088420052,0.12092529347339986,0.9928449047739816,0.05981260413164798,0.025541427309020828,3.608224830031759e-16
confirmation,10008,16,4,0.25,4,raw_svd,2000,1000,1000,0.0,0.9681352161211886,0.11815739952572575,0.993065237276906,0.05888447470723471,0.0241537060063731,4.440892098500626e-16
confirmation,10008,16,4,0.25,4,full_state_oracle,2000,1000,1000,0.0,1.0,0.0,1.0,0.0,0.0,3.608224830031759e-16
confirmation,10008,16,4,0.5,4,correlon,2000,1000,1000,0.0,0.9848902753261727,0.10097681727534148,0.9947803564009762,0.05108641501918036,0.02296130182386072,3.608224830031759e-16
confirmation,10008,16,4,0.5,4,cca_equivalent,2000,1000,1000,0.0,0.9848902753261727,0.10097681727534148,0.9947803564009762,0.05108641501918036,0.02296130182386072,3.608224830031759e-16
confirmation,10008,16,4,0.5,4,raw_svd,2000,1000,1000,0.0,0.9853923794330574,0.0999681216157241,0.9948521645238048,0.05073379286134266,0.02214717904818668,6.106226635438361e-16
confirmation,10008,16,4,0.5,4,full_state_oracle,2000,1000,1000,0.0,1.0,0.0,1.0,0.0,0.0,5.551115123125783e-16
confirmation,10008,16,4,1.0,4,correlon,2000,1000,1000,0.0,0.9748365348726654,0.10962289684425666,0.99389341047123,0.0552566264296417,0.025087592907975017,5.273559366969494e-16
confirmation,10008,16,4,1.0,4,cca_equivalent,2000,1000,1000,0.0,0.9748365348726654,0.10962289684425666,0.99389341047123,0.0552566264296417,0.025087592907975017,5.273559366969494e-16
confirmation,10008,16,4,1.0,4,raw_svd,2000,1000,1000,0.0,0.9755400499400159,0.1091639673886758,0.993919320868804,0.055139274257084654,0.025137460422082855,5.828670879282072e-16
confirmation,10008,16,4,1.0,4,full_state_oracle,2000,1000,1000,0.0,1.0,0.0,1.0,0.0,0.0,2.7755575615628914e-16
confirmation,10009,4,1,0.1,4,correlon,2000,1000,1000,0.0,1.0019224248672678,0.057242723439075924,0.9986711415223399,0.025776524956441414,0.005706844611585216,2.220446049250313e-16
confirmation,10009,4,1,0.1,4,cca_equivalent,2000,1000,1000,0.0,1.0019224248672678,0.057242723439075924,0.9986711415223399,0.025776524956441414,0.005706844611585216,2.220446049250313e-16
confirmation,10009,4,1,0.1,4,raw_svd,2000,1000,1000,0.0,1.0019224248672682,0.057242723439076486,0.9986711415223399,0.025776524956441706,0.005706844611584845,2.498001805406602e-16
confirmation,10009,4,1,0.1,4,full_state_oracle,2000,1000,1000,0.0,1.0,0.0,1.0,0.0,0.0,2.7755575615628914e-16
confirmation,10009,4,1,0.25,4,correlon,2000,1000,1000,0.0,0.9891452898361744,0.0607527736990077,0.9983797333176789,0.028462841410521977,0.01998149569551809,3.885780586188048e-16
confirmation,10009,4,1,0.25,4,cca_equivalent,2000,1000,1000,0.0,0.9891452898361744,0.0607527736990077,0.9983797333176789,0.028462841410521977,0.01998149569551809,3.885780586188048e-16
confirmation,10009,4,1,0.25,4,raw_svd,2000,1000,1000,0.0,0.9891452898361758,0.060752773699006744,0.9983797333176789,0.028462841410521567,0.019981495695517736,2.7755575615628914e-16
confirmation,10009,4,1,0.25,4,full_state_oracle,2000,1000,1000,0.0,1.0,0.0,1.0,0.0,0.0,3.2612801348363973e-16
confirmation,10009,4,1,0.5,4,correlon,2000,1000,1000,0.0,1.0017020413041735,0.06065205641811988,0.9981944620099096,0.030046114475007643,0.013017255637261447,1.6653345369377348e-16
confirmation,10009,4,1,0.5,4,cca_equivalent,2000,1000,1000,0.0,1.0017020413041735,0.06065205641811988,0.9981944620099096,0.030046114475007643,0.013017255637261447,1.6653345369377348e-16
confirmation,10009,4,1,0.5,4,raw_svd,2000,1000,1000,0.0,1.0017020413041735,0.0606520564181197,0.9981944620099096,0.0300461144750076,0.013017255637261447,2.0816681711721685e-16
confirmation,10009,4,1,0.5,4,full_state_oracle,2000,1000,1000,0.0,1.0,0.0,1.0,0.0,0.0,3.3306690738754696e-16
confirmation,10009,4,1,1.0,4,correlon,2000,1000,1000,0.0,0.9851031624991133,0.061162613058205376,0.9984005610179163,0.0282793120680434,0.017422701761017255,4.996003610813204e-16
confirmation,10009,4,1,1.0,4,cca_equivalent,2000,1000,1000,0.0,0.9851031624991133,0.061162613058205376,0.9984005610179163,0.0282793120680434,0.017422701761017255,4.996003610813204e-16
confirmation,10009,4,1,1.0,4,raw_svd,2000,1000,1000,0.0,0.9851031624991122,0.06116261305820573,0.9984005610179163,0.028279312068043586,0.017422701761017515,4.996003610813204e-16
confirmation,10009,4,1,1.0,4,full_state_oracle,2000,1000,1000,0.0,1.0,0.0,1.0,0.0,0.0,2.220446049250313e-16
confirmation,10009,4,2,0.1,4,correlon,2000,1000,1000,0.0,0.997897848462305,0.057626683421588845,0.9984764133026482,0.027600604136067897,0.007966579545384489,4.440892098500626e-16
confirmation,10009,4,2,0.1,4,cca_equivalent,2000,1000,1000,0.0,0.997897848462305,0.057626683421588845,0.9984764133026482,0.027600604136067897,0.007966579545384489,4.440892098500626e-16
confirmation,10009,4,2,0.1,4,raw_svd,2000,1000,1000,0.0,0.9978978484623042,0.05762668342158833,0.9984764133026482,0.027600604136067644,0.007966579545383256,2.220446049250313e-16
confirmation,10009,4,2,0.1,4,full_state_oracle,2000,1000,1000,0.0,1.0,0.0,1.0,0.0,0.0,4.440892098500626e-16
confirmation,10009,4,2,0.25,4,correlon,2000,1000,1000,0.0,0.9914906588146379,0.07768874033580339,0.9974936191820732,0.03540042950252732,0.028415158786565205,5.551115123125783e-16
confirmation,10009,4,2,0.25,4,cca_equivalent,2000,1000,1000,0.0,0.9914906588146379,0.07768874033580339,0.9974936191820732,0.03540042950252732,0.028415158786565205,5.551115123125783e-16
confirmation,10009,4,2,0.25,4,raw_svd,2000,1000,1000,0.0,0.9914906588146375,0.07768874033580339,0.9974936191820732,0.03540042950252735,0.028415158786565614,2.220446049250313e-16
confirmation,10009,4,2,0.25,4,full_state_oracle,2000,1000,1000,0.0,1.0,0.0,1.0,0.0,0.0,2.220446049250313e-16
confirmation,10009,4,2,0.5,4,correlon,2000,1000,1000,0.0,0.9786466284637765,0.06850373223929741,0.9980644707546453,0.03110891548539265,0.013960689073474291,1.6653345369377348e-16
confirmation,10009,4,2,0.5,4,cca_equivalent,2000,1000,1000,0.0,0.9786466284637765,0.06850373223929741,0.9980644707546453,0.03110891548539265,0.013960689073474291,1.6653345369377348e-16
confirmation,10009,4,2,0.5,4,raw_svd,2000,1000,1000,0.0,0.978646628463776,0.06850373223929718,0.9980644707546453,0.031108915485392526,0.01396068907347345,1.6653345369377348e-16
confirmation,10009,4,2,0.5,4,full_state_oracle,2000,1000,1000,0.0,1.0,0.0,1.0,0.0,0.0,1.6653345369377348e-16
confirmation,10009,4,2,1.0,4,correlon,2000,1000,1000,0.0,0.9776046371342844,0.06523624137362337,0.998126943791254,0.030602746680209045,0.020538922405851017,1.6653345369377348e-16
confirmation,10009,4,2,1.0,4,cca_equivalent,2000,1000,1000,0.0,0.9776046371342844,0.06523624137362337,0.998126943791254,0.030602746680209045,0.020538922405851017,1.6653345369377348e-16
confirmation,10009,4,2,1.0,4,raw_svd,2000,1000,1000,0.0,0.9776046371342819,0.06523624137362344,0.9981269437912539,0.030602746680209035,0.020538922405851295,1.942890293094024e-16
confirmation,10009,4,2,1.0,4,full_state_oracle,2000,1000,1000,0.0,1.0,0.0,1.0,0.0,0.0,2.3592239273284576e-16
confirmation,10009,4,4,0.1,4,correlon,2000,1000,1000,0.0,0.9952114725651384,0.060526544066449785,0.9983961113009643,0.028318621956547007,0.00984706257500615,4.718447854656915e-16
confirmation,10009,4,4,0.1,4,cca_equivalent,2000,1000,1000,0.0,0.9952114725651384,0.060526544066449785,0.9983961113009643,0.028318621956547007,0.00984706257500615,4.718447854656915e-16
confirmation,10009,4,4,0.1,4,raw_svd,2000,1000,1000,0.0,0.9952114725651381,0.060526544066449806,0.9983961113009643,0.02831862195654706,0.009847062575006997,3.3306690738754696e-16
confirmation,10009,4,4,0.1,4,full_state_oracle,2000,1000,1000,0.0,1.0,0.0,1.0,0.0,0.0,3.0531133177191805e-16
confirmation,10009,4,4,0.25,4,correlon,2000,1000,1000,0.0,0.9987464359738187,0.06395787963670073,0.9980921031778803,0.03088605528486647,0.01181507462784676,2.0816681711721685e-16
confirmation,10009,4,4,0.25,4,cca_equivalent,2000,1000,1000,0.0,0.9987464359738187,0.06395787963670073,0.9980921031778803,0.03088605528486647,0.01181507462784676,2.0816681711721685e-16
confirmation,10009,4,4,0.25,4,raw_svd,2000,1000,1000,0.0,0.9987464359738192,0.06395787963670084,0.9980921031778803,0.03088605528486652,0.011815074627846674,2.220446049250313e-16
confirmation,10009,4,4,0.25,4,full_state_oracle,2000,1000,1000,0.0,1.0,0.0,1.0,0.0,0.0,4.996003610813204e-16
confirmation,10009,4,4,0.5,4,correlon,2000,1000,1000,0.0,0.9960168538829216,0.057278615323009666,0.9984488111603493,0.0278494958630373,0.013290202479528813,2.220446049250313e-16
confirmation,10009,4,4,0.5,4,cca_equivalent,2000,1000,1000,0.0,0.9960168538829216,0.057278615323009666,0.9984488111603493,0.0278494958630373,0.013290202479528813,2.220446049250313e-16
confirmation,10009,4,4,0.5,4,raw_svd,2000,1000,1000,0.0,0.9960168538829226,0.05727861532301037,0.9984488111603492,0.02784949586303753,0.013290202479529403,4.440892098500626e-16
confirmation,10009,4,4,0.5,4,full_state_oracle,2000,1000,1000,0.0,1.0,0.0,1.0,0.0,0.0,3.3306690738754696e-16
confirmation,10009,4,4,1.0,4,correlon,2000,1000,1000,0.0,0.988285267893086,0.05648354620050931,0.9983841795471186,0.028423761651841642,0.01152046414978412,4.440892098500626e-16
confirmation,10009,4,4,1.0,4,cca_equivalent,2000,1000,1000,0.0,0.988285267893086,0.05648354620050931,0.9983841795471186,0.028423761651841642,0.01152046414978412,4.440892098500626e-16
confirmation,10009,4,4,1.0,4,raw_svd,2000,1000,1000,0.0,0.9882852678930868,0.05648354620050915,0.9983841795471186,0.02842376165184147,0.011520464149783192,6.106226635438361e-16
confirmation,10009,4,4,1.0,4,full_state_oracle,2000,1000,1000,0.0,1.0,0.0,1.0,0.0,0.0,3.885780586188048e-16
confirmation,10009,8,1,0.1,4,correlon,2000,1000,1000,0.0,0.9861104996895178,0.08045308262721379,0.9970584237497285,0.03835085559848394,0.020019299831070272,2.7755575615628914e-16
confirmation,10009,8,1,0.1,4,cca_equivalent,2000,1000,1000,0.0,0.9861104996895178,0.08045308262721379,0.9970584237497285,0.03835085559848394,0.020019299831070272,2.7755575615628914e-16
confirmation,10009,8,1,0.1,4,raw_svd,2000,1000,1000,0.0,0.9863242259560341,0.0796658267532991,0.9970915164696881,0.038134521960501745,0.01989096474861469,4.996003610813204e-16
confirmation,10009,8,1,0.1,4,full_state_oracle,2000,1000,1000,0.0,1.0,0.0,1.0,0.0,0.0,5.551115123125783e-16
confirmation,10009,8,1,0.25,4,correlon,2000,1000,1000,0.0,0.9865062284933162,0.09480746474665012,0.9960179901061414,0.04462067846782758,0.02693264413022494,4.440892098500626e-16
confirmation,10009,8,1,0.25,4,cca_equivalent,2000,1000,1000,0.0,0.9865062284933162,0.09480746474665012,0.9960179901061414,0.04462067846782758,0.02693264413022494,4.440892098500626e-16
confirmation,10009,8,1,0.25,4,raw_svd,2000,1000,1000,0.0,0.986744346969736,0.09408223480625963,0.9960618257729343,0.04437439704979435,0.02638293561974738,5.412337245047638e-16
confirmation,10009,8,1,0.25,4,full_state_oracle,2000,1000,1000,0.0,1.0,0.0,1.0,0.0,0.0,2.220446049250313e-16
confirmation,10009,8,1,0.5,4,correlon,2000,1000,1000,0.0,0.9821316659003053,0.08190735938828206,0.9967960943201,0.040024403055511006,0.013984018729100371,2.220446049250313e-16
confirmation,10009,8,1,0.5,4,cca_equivalent,2000,1000,1000,0.0,0.9821316659003053,0.08190735938828206,0.9967960943201,0.040024403055511006,0.013984018729100371,2.220446049250313e-16
confirmation,10009,8,1,0.5,4,raw_svd,2000,1000,1000,0.0,0.9821352921493387,0.0818733574502,0.9967971739227651,0.04001765908467681,0.014152015172989451,6.106226635438361e-16
confirmation,10009,8,1,0.5,4,full_state_oracle,2000,1000,1000,0.0,1.0,0.0,1.0,0.0,0.0,2.7755575615628914e-16
confirmation,10009,8,1,1.0,4,correlon,2000,1000,1000,0.0,0.9815931789825345,0.08850003359275119,0.9962318112191793,0.043406156134935564,0.015542558442421726,2.7755575615628914e-16
confirmation,10009,8,1,1.0,4,cca_equivalent,2000,1000,1000,0.0,0.9815931789825345,0.08850003359275119,0.9962318112191793,0.043406156134935564,0.015542558442421726,2.7755575615628914e-16
confirmation,10009,8,1,1.0,4,raw_svd,2000,1000,1000,0.0,0.9817462366807452,0.08850036343234834,0.9962203562388222,0.04347208162244962,0.015619805817419606,4.440892098500626e-16
confirmation,10009,8,1,1.0,4,full_state_oracle,2000,1000,1000,0.0,1.0,0.0,1.0,0.0,0.0,3.469446951953614e-16
confirmation,10009,8,2,0.1,4,correlon,2000,1000,1000,0.0,0.9857683839004275,0.0832602821101094,0.9967563784326607,0.040271711953548915,0.021628424724770307,5.828670879282072e-16
confirmation,10009,8,2,0.1,4,cca_equivalent,2000,1000,1000,0.0,0.9857683839004275,0.0832602821101094,0.9967563784326607,0.040271711953548915,0.021628424724770307,5.828670879282072e-16
confirmation,10009,8,2,0.1,4,raw_svd,2000,1000,1000,0.0,0.9861357888404926,0.08201301328830529,0.9968122252431638,0.03992351911365168,0.021284637313185875,2.7755575615628914e-16
confirmation,10009,8,2,0.1,4,full_state_oracle,2000,1000,1000,0.0,1.0,0.0,1.0,0.0,0.0,3.3306690738754696e-16
confirmation,10009,8,2,0.25,4,correlon,2000,1000,1000,0.0,0.9820759895410636,0.09454865932229103,0.9956564479596218,0.04660231775554844,0.021476995023536064,2.220446049250313e-16
confirmation,10009,8,2,0.25,4,cca_equivalent,2000,1000,1000,0.0,0.9820759895410636,0.09454865932229103,0.9956564479596218,0.04660231775554844,0.021476995023536064,2.220446049250313e-16
confirmation,10009,8,2,0.25,4,raw_svd,2000,1000,1000,0.0,0.9821123085445923,0.09432516791230179,0.9956757266314733,0.04649878153525483,0.020874969732883893,2.7755575615628914e-16
confirmation,10009,8,2,0.25,4,full_state_oracle,2000,1000,1000,0.0,1.0,0.0,1.0,0.0,0.0,2.7755575615628914e-16
confirmation,10009,8,2,0.5,4,correlon,2000,1000,1000,0.0,0.98409067108428,0.08416427870159202,0.9966165950116299,0.04113031113649747,0.017261168238404005,5.065392549852277e-16
confirmation,10009,8,2,0.5,4,cca_equivalent,2000,1000,1000,0.0,0.98409067108428,0.08416427870159202,0.9966165950116299,0.04113031113649747,0.017261168238404005,5.065392549852277e-16
confirmation,10009,8,2,0.5,4,raw_svd,2000,1000,1000,0.0,0.9842865467424621,0.08346201095270721,0.9966537322112625,0.040903959397211774,0.01716324738821219,5.551115123125783e-16
confirmation,10009,8,2,0.5,4,full_state_oracle,2000,1000,1000,0.0,1.0,0.0,1.0,0.0,0.0,2.7755575615628914e-16
confirmation,10009,8,2,1.0,4,correlon,2000,1000,1000,0.0,0.9765306820976161,0.09689342866354425,0.9958225666883179,0.04570247975592816,0.026834075136001945,4.440892098500626e-16
confirmation,10009,8,2,1.0,4,cca_equivalent,2000,1000,1000,0.0,0.9765306820976161,0.09689342866354425,0.9958225666883179,0.04570247975592816,0.026834075136001945,4.440892098500626e-16
confirmation,10009,8,2,1.0,4,raw_svd,2000,1000,1000,0.0,0.976539781367244,0.09681376217674745,0.9958216318084262,0.045707593414955824,0.027418639629877964,3.885780586188048e-16
confirmation,10009,8,2,1.0,4,full_state_oracle,2000,1000,1000,0.0,1.0,0.0,1.0,0.0,0.0,3.885780586188048e-16
confirmation,10009,8,4,0.1,4,correlon,2000,1000,1000,0.0,0.9797356893162806,0.08100349942541793,0.9968342952709479,0.03978507715872903,0.016624508200293972,2.7755575615628914e-16
confirmation,10009,8,4,0.1,4,cca_equivalent,2000,1000,1000,0.0,0.9797356893162806,0.08100349942541793,0.9968342952709479,0.03978507715872903,0.016624508200293972,2.7755575615628914e-16
confirmation,10009,8,4,0.1,4,raw_svd,2000,1000,1000,0.0,0.9797750428934128,0.08091651762130783,0.9968347891841555,0.03978197340407145,0.016769992830629746,6.106226635438361e-16
confirmation,10009,8,4,0.1,4,full_state_oracle,2000,1000,1000,0.0,1.0,0.0,1.0,0.0,0.0,1.6653345369377348e-16
confirmation,10009,8,4,0.25,4,correlon,2000,1000,1000,0.0,0.9798298501410921,0.08137252942318642,0.9967246566996949,0.04046815600138603,0.02041005241913632,1.6653345369377348e-16
confirmation,10009,8,4,0.25,4,cca_equivalent,2000,1000,1000,0.0,0.9798298501410921,0.08137252942318642,0.9967246566996949,0.04046815600138603,0.02041005241913632,1.6653345369377348e-16
confirmation,10009,8,4,0.25,4,raw_svd,2000,1000,1000,0.0,0.9799239123002705,0.08134864355049014,0.9967139133094963,0.04053447107403579,0.02015055215402347,2.7755575615628914e-16
confirmation,10009,8,4,0.25,4,full_state_oracle,2000,1000,1000,0.0,1.0,0.0,1.0,0.0,0.0,3.3306690738754696e-16
confirmation,10009,8,4,0.5,4,correlon,2000,1000,1000,0.0,0.9708210285804588,0.0870535414314328,0.9963813981380247,0.04253587816170752,0.016940568933692005,3.885780586188048e-16
confirmation,10009,8,4,0.5,4,cca_equivalent,2000,1000,1000,0.0,0.9708210285804588,0.0870535414314328,0.9963813981380247,0.04253587816170752,0.016940568933692005,3.885780586188048e-16
confirmation,10009,8,4,0.5,4,raw_svd,2000,1000,1000,0.0,0.9713076470999102,0.08771849435319032,0.9962939367211706,0.04304685400136293,0.01692702802509472,3.469446951953614e-16
confirmation,10009,8,4,0.5,4,full_state_oracle,2000,1000,1000,0.0,1.0,0.0,1.0,0.0,0.0,5.551115123125783e-16
confirmation,10009,8,4,1.0,4,correlon,2000,1000,1000,0.0,0.9960575567019635,0.08557241098282957,0.996443141897632,0.0421714245809177,0.013739825426173233,3.7470027081099033e-16
confirmation,10009,8,4,1.0,4,cca_equivalent,2000,1000,1000,0.0,0.9960575567019635,0.08557241098282957,0.996443141897632,0.0421714245809177,0.013739825426173233,3.7470027081099033e-16
confirmation,10009,8,4,1.0,4,raw_svd,2000,1000,1000,0.0,0.9963335388491308,0.08582413940402286,0.9963964339763324,0.04244741466607645,0.014926146579949989,3.3306690738754696e-16
confirmation,10009,8,4,1.0,4,full_state_oracle,2000,1000,1000,0.0,1.0,0.0,1.0,0.0,0.0,1.6653345369377348e-16
confirmation,10009,16,1,0.1,4,correlon,2000,1000,1000,0.0,0.9841460323872474,0.11041382233196008,0.9942004656561307,0.05384948627363708,0.02671549357486673,5.533767888366015e-16
confirmation,10009,16,1,0.1,4,cca_equivalent,2000,1000,1000,0.0,0.9841460323872474,0.11041382233196008,0.9942004656561307,0.05384948627363708,0.02671549357486673,5.533767888366015e-16
confirmation,10009,16,1,0.1,4,raw_svd,2000,1000,1000,0.0,0.9850112834802055,0.10837524557445165,0.9943620600387695,0.053093973110092424,0.025589184245833466,4.996003610813204e-16
confirmation,10009,16,1,0.1,4,full_state_oracle,2000,1000,1000,0.0,1.0,0.0,1.0,0.0,0.0,4.996003610813204e-16
confirmation,10009,16,1,0.25,4,correlon,2000,1000,1000,0.0,0.970134298084458,0.11164493373418082,0.993667753260963,0.056268315858203154,0.02776117117322434,4.718447854656915e-16
confirmation,10009,16,1,0.25,4,cca_equivalent,2000,1000,1000,0.0,0.970134298084458,0.11164493373418082,0.993667753260963,0.056268315858203154,0.02776117117322434,4.718447854656915e-16
confirmation,10009,16,1,0.25,4,raw_svd,2000,1000,1000,0.0,0.9703552675870335,0.11109159045614557,0.993714638815802,0.05605961641055886,0.02743634716430007,3.885780586188048e-16
confirmation,10009,16,1,0.25,4,full_state_oracle,2000,1000,1000,0.0,1.0,0.0,1.0,0.0,0.0,3.469446951953614e-16
confirmation,10009,16,1,0.5,4,correlon,2000,1000,1000,0.0,0.9651943994590111,0.11808133054587787,0.993073413736753,0.05884975048055464,0.028763434917807845,4.718447854656915e-16
confirmation,10009,16,1,0.5,4,cca_equivalent,2000,1000,1000,0.0,0.9651943994590111,0.11808133054587787,0.993073413736753,0.05884975048055464,0.028763434917807845,4.718447854656915e-16
confirmation,10009,16,1,0.5,4,raw_svd,2000,1000,1000,0.0,0.966002232998635,0.11607587351243807,0.9932268546429923,0.058194266715062774,0.028251374292470717,4.440892098500626e-16
confirmation,10009,16,1,0.5,4,full_state_oracle,2000,1000,1000,0.0,1.0,0.0,1.0,0.0,0.0,5.551115123125783e-16
confirmation,10009,16,1,1.0,4,correlon,2000,1000,1000,0.0,0.9785153452018607,0.11603417942429504,0.9933803062801763,0.0575312685407848,0.027596930445208084,5.551115123125783e-16
confirmation,10009,16,1,1.0,4,cca_equivalent,2000,1000,1000,0.0,0.9785153452018607,0.11603417942429504,0.9933803062801763,0.0575312685407848,0.027596930445208084,5.551115123125783e-16
confirmation,10009,16,1,1.0,4,raw_svd,2000,1000,1000,0.0,0.9790877053297004,0.11475828605168399,0.9934650172124532,0.05716197506886362,0.02745635173783,6.106226635438361e-16
confirmation,10009,16,1,1.0,4,full_state_oracle,2000,1000,1000,0.0,1.0,0.0,1.0,0.0,0.0,5.551115123125783e-16
confirmation,10009,16,2,0.1,4,correlon,2000,1000,1000,0.0,0.9786046634639876,0.11612106975355622,0.993378901396932,0.057537373085100124,0.022712422709074503,3.885780586188048e-16
confirmation,10009,16,2,0.1,4,cca_equivalent,2000,1000,1000,0.0,0.9786046634639876,0.11612106975355622,0.993378901396932,0.057537373085100124,0.022712422709074503,3.885780586188048e-16
confirmation,10009,16,2,0.1,4,raw_svd,2000,1000,1000,0.0,0.9792042942871981,0.11476923159762943,0.9934848997635911,0.057074951758231386,0.021649438660164118,5.551115123125783e-16
confirmation,10009,16,2,0.1,4,full_state_oracle,2000,1000,1000,0.0,1.0,0.0,1.0,0.0,0.0,2.220446049250313e-16
confirmation,10009,16,2,0.25,4,correlon,2000,1000,1000,0.0,0.9674425256015581,0.11619872999542134,0.9934591692412094,0.05718754566682564,0.030655923803580752,3.0531133177191805e-16
confirmation,10009,16,2,0.25,4,cca_equivalent,2000,1000,1000,0.0,0.9674425256015581,0.11619872999542134,0.9934591692412094,0.05718754566682564,0.030655923803580752,3.0531133177191805e-16
confirmation,10009,16,2,0.25,4,raw_svd,2000,1000,1000,0.0,0.9688077750668989,0.11266013138383878,0.9937648808045592,0.05583511079706427,0.028664646404136476,4.440892098500626e-16
confirmation,10009,16,2,0.25,4,full_state_oracle,2000,1000,1000,0.0,1.0,0.0,1.0,0.0,0.0,3.3306690738754696e-16
confirmation,10009,16,2,0.5,4,correlon,2000,1000,1000,0.0,0.9800156873372874,0.11464115743222106,0.9935675039889327,0.05671197409307496,0.024248464025889538,3.3306690738754696e-16
confirmation,10009,16,2,0.5,4,cca_equivalent,2000,1000,1000,0.0,0.9800156873372874,0.11464115743222106,0.9935675039889327,0.05671197409307496,0.024248464025889538,3.3306690738754696e-16
confirmation,10009,16,2,0.5,4,raw_svd,2000,1000,1000,0.0,0.9806763583261806,0.11347548214003624,0.9936602195398767,0.05630177821402809,0.023337519663226405,7.771561172376096e-16
confirmation,10009,16,2,0.5,4,full_state_oracle,2000,1000,1000,0.0,1.0,0.0,1.0,0.0,0.0,3.3306690738754696e-16
confirmation,10009,16,2,1.0,4,correlon,2000,1000,1000,0.0,0.9752478858162243,0.10979588460774774,0.9941095386433317,0.05426997953135933,0.026773723452849688,6.106226635438361e-16
confirmation,10009,16,2,1.0,4,cca_equivalent,2000,1000,1000,0.0,0.9752478858162243,0.10979588460774774,0.9941095386433317,0.05426997953135933,0.026773723452849688,6.106226635438361e-16
confirmation,10009,16,2,1.0,4,raw_svd,2000,1000,1000,0.0,0.9761188619862275,0.10749253041705768,0.9943048752143606,0.053362556093385055,0.025483124694230582,5.551115123125783e-16
confirmation,10009,16,2,1.0,4,full_state_oracle,2000,1000,1000,0.0,1.0,0.0,1.0,0.0,0.0,6.661338147750939e-16
confirmation,10009,16,4,0.1,4,correlon,2000,1000,1000,0.0,0.9711941681563921,0.11245820244094176,0.9937566397799324,0.055871997548269055,0.02477452174145995,4.510281037539698e-16
confirmation,10009,16,4,0.1,4,cca_equivalent,2000,1000,1000,0.0,0.9711941681563921,0.11245820244094176,0.9937566397799324,0.055871997548269055,0.02477452174145995,4.510281037539698e-16
confirmation,10009,16,4,0.1,4,raw_svd,2000,1000,1000,0.0,0.9729574431626121,0.1078137552891184,0.9941299654504,0.05417579971537103,0.023326997615176356,4.3021142204224816e-16
confirmation,10009,16,4,0.1,4,full_state_oracle,2000,1000,1000,0.0,1.0,0.0,1.0,0.0,0.0,4.440892098500626e-16
confirmation,10009,16,4,0.25,4,correlon,2000,1000,1000,0.0,0.9699396424502608,0.11152558922131925,0.9940579216884896,0.054507239480231,0.02828780689893743,5.551115123125783e-16
confirmation,10009,16,4,0.25,4,cca_equivalent,2000,1000,1000,0.0,0.9699396424502608,0.11152558922131925,0.9940579216884896,0.054507239480231,0.02828780689893743,5.551115123125783e-16
confirmation,10009,16,4,0.25,4,raw_svd,2000,1000,1000,0.0,0.971111383903282,0.10850366377196292,0.9942589774493548,0.05357715254959542,0.026944064734762657,6.106226635438361e-16
confirmation,10009,16,4,0.25,4,full_state_oracle,2000,1000,1000,0.0,1.0,0.0,1.0,0.0,0.0,5.551115123125783e-16
confirmation,10009,16,4,0.5,4,correlon,2000,1000,1000,0.0,0.9744937343184548,0.11617083549126353,0.9934964212191493,0.05702446308756796,0.03256048229213364,4.718447854656915e-16
confirmation,10009,16,4,0.5,4,cca_equivalent,2000,1000,1000,0.0,0.9744937343184548,0.11617083549126353,0.9934964212191493,0.05702446308756796,0.03256048229213364,4.718447854656915e-16
confirmation,10009,16,4,0.5,4,raw_svd,2000,1000,1000,0.0,0.9761955056201652,0.11219581719580168,0.993880111046426,0.05531676487997976,0.028695437945348713,4.440892098500626e-16
confirmation,10009,16,4,0.5,4,full_state_oracle,2000,1000,1000,0.0,1.0,0.0,1.0,0.0,0.0,3.885780586188048e-16
confirmation,10009,16,4,1.0,4,correlon,2000,1000,1000,0.0,0.9811170349440574,0.1057359478231632,0.9944696272369647,0.052585039521879616,0.02756657643361534,4.440892098500626e-16
confirmation,10009,16,4,1.0,4,cca_equivalent,2000,1000,1000,0.0,0.9811170349440574,0.1057359478231632,0.9944696272369647,0.052585039521879616,0.02756657643361534,4.440892098500626e-16
confirmation,10009,16,4,1.0,4,raw_svd,2000,1000,1000,0.0,0.9816667840095907,0.10590504774651716,0.9944206481576435,0.05281738275585261,0.02721890380726936,5.551115123125783e-16
confirmation,10009,16,4,1.0,4,full_state_oracle,2000,1000,1000,0.0,1.0,0.0,1.0,0.0,0.0,4.440892098500626e-16
confirmation,10010,4,1,0.1,4,correlon,2000,1000,1000,0.0,1.002092089099556,0.05807663706358598,0.998579660841611,0.026649007095846187,0.014407664294267592,4.440892098500626e-16
confirmation,10010,4,1,0.1,4,cca_equivalent,2000,1000,1000,0.0,1.002092089099556,0.05807663706358598,0.998579660841611,0.026649007095846187,0.014407664294267592,4.440892098500626e-16
confirmation,10010,4,1,0.1,4,raw_svd,2000,1000,1000,0.0,1.002092089099556,0.05807663706358596,0.998579660841611,0.026649007095846187,0.014407664294266646,4.440892098500626e-16
confirmation,10010,4,1,0.1,4,full_state_oracle,2000,1000,1000,0.0,1.0,0.0,1.0,0.0,0.0,1.6653345369377348e-16
confirmation,10010,4,1,0.25,4,correlon,2000,1000,1000,0.0,1.0049000511444022,0.06546658744113787,0.9983201263362885,0.028981663717870355,0.01439659116994363,1.6653345369377348e-16
confirmation,10010,4,1,0.25,4,cca_equivalent,2000,1000,1000,0.0,1.0049000511444022,0.06546658744113787,0.9983201263362885,0.028981663717870355,0.01439659116994363,1.6653345369377348e-16
confirmation,10010,4,1,0.25,4,raw_svd,2000,1000,1000,0.0,1.0049000511444035,0.06546658744113842,0.9983201263362885,0.02898166371787061,0.014396591169943698,3.885780586188048e-16
confirmation,10010,4,1,0.25,4,full_state_oracle,2000,1000,1000,0.0,1.0,0.0,1.0,0.0,0.0,3.3306690738754696e-16
confirmation,10010,4,1,0.5,4,correlon,2000,1000,1000,0.0,0.9809999901138436,0.06741568825770752,0.9979078773793023,0.03234287109006958,0.013283158496127073,3.3306690738754696e-16
confirmation,10010,4,1,0.5,4,cca_equivalent,2000,1000,1000,0.0,0.9809999901138436,0.06741568825770752,0.9979078773793023,0.03234287109006958,0.013283158496127073,3.3306690738754696e-16
confirmation,10010,4,1,0.5,4,raw_svd,2000,1000,1000,0.0,0.9809999901138441,0.06741568825770737,0.9979078773793023,0.032342871090069475,0.013283158496125842,4.718447854656915e-16
confirmation,10010,4,1,0.5,4,full_state_oracle,2000,1000,1000,0.0,1.0,0.0,1.0,0.0,0.0,3.885780586188048e-16
confirmation,10010,4,1,1.0,4,correlon,2000,1000,1000,0.0,1.0056550582411563,0.06798290467578591,0.9979986224869425,0.03163366492407674,0.011973081940578893,4.440892098500626e-16
confirmation,10010,4,1,1.0,4,cca_equivalent,2000,1000,1000,0.0,1.0056550582411563,0.06798290467578591,0.9979986224869425,0.03163366492407674,0.011973081940578893,4.440892098500626e-16
confirmation,10010,4,1,1.0,4,raw_svd,2000,1000,1000,0.0,1.0056550582411563,0.06798290467578584,0.9979986224869426,0.031633664924076724,0.011973081940580683,7.771561172376096e-16
confirmation,10010,4,1,1.0,4,full_state_oracle,2000,1000,1000,0.0,1.0,0.0,1.0,0.0,0.0,5.551115123125783e-16
confirmation,10010,4,2,0.1,4,correlon,2000,1000,1000,0.0,0.9689776638240344,0.06261398736011589,0.9983399440340202,0.028810206229562884,0.00582089605558435,4.440892098500626e-16
confirmation,10010,4,2,0.1,4,cca_equivalent,2000,1000,1000,0.0,0.9689776638240344,0.06261398736011589,0.9983399440340202,0.028810206229562884,0.00582089605558435,4.440892098500626e-16
confirmation,10010,4,2,0.1,4,raw_svd,2000,1000,1000,0.0,0.968977663824033,0.06261398736011578,0.99833994403402,0.02881020622956285,0.0058208960555834865,4.440892098500626e-16
confirmation,10010,4,2,0.1,4,full_state_oracle,2000,1000,1000,0.0,1.0,0.0,1.0,0.0,0.0,5.551115123125783e-17
confirmation,10010,4,2,0.25,4,correlon,2000,1000,1000,0.0,0.9675767666476841,0.07813121805772431,0.997589465627396,0.03471695819483575,0.025189006910138863,3.608224830031759e-16
confirmation,10010,4,2,0.25,4,cca_equivalent,2000,1000,1000,0.0,0.9675767666476841,0.07813121805772431,0.997589465627396,0.03471695819483575,0.025189006910138863,3.608224830031759e-16
confirmation,10010,4,2,0.25,4,raw_svd,2000,1000,1000,0.0,0.9675767666476841,0.07813121805772268,0.997589465627396,0.03471695819483517,0.025189006910137368,2.220446049250313e-16
confirmation,10010,4,2,0.25,4,full_state_oracle,2000,1000,1000,0.0,1.0,0.0,1.0,0.0,0.0,2.220446049250313e-16
confirmation,10010,4,2,0.5,4,correlon,2000,1000,1000,0.0,1.0129181366416402,0.06013743172256248,0.9983937071313028,0.028339838290798804,0.011361748987108197,4.440892098500626e-16
confirmation,10010,4,2,0.5,4,cca_equivalent,2000,1000,1000,0.0,1.0129181366416402,0.06013743172256248,0.9983937071313028,0.028339838290798804,0.011361748987108197,4.440892098500626e-16
confirmation,10010,4,2,0.5,4,raw_svd,2000,1000,1000,0.0,1.0129181366416409,0.060137431722562314,0.9983937071313028,0.028339838290798808,0.01136174898710781,7.771561172376096e-16
confirmation,10010,4,2,0.5,4,full_state_oracle,2000,1000,1000,0.0,1.0,0.0,1.0,0.0,0.0,4.718447854656915e-16
confirmation,10010,4,2,1.0,4,correlon,2000,1000,1000,0.0,1.0094624022411698,0.06977587785761086,0.9977889461542302,0.033249465001483555,0.01827020478833975,3.608224830031759e-16
confirmation,10010,4,2,1.0,4,cca_equivalent,2000,1000,1000,0.0,1.0094624022411698,0.06977587785761086,0.9977889461542302,0.033249465001483555,0.01827020478833975,3.608224830031759e-16
confirmation,10010,4,2,1.0,4,raw_svd,2000,1000,1000,0.0,1.0094624022411691,0.06977587785761044,0.9977889461542302,0.03324946500148346,0.018270204788339267,3.885780586188048e-16
confirmation,10010,4,2,1.0,4,full_state_oracle,2000,1000,1000,0.0,1.0,0.0,1.0,0.0,0.0,2.220446049250313e-16
confirmation,10010,4,4,0.1,4,correlon,2000,1000,1000,0.0,0.9963125933571598,0.06754031361048718,0.9978194689416037,0.03301916911732013,0.017789593986438396,3.3306690738754696e-16
confirmation,10010,4,4,0.1,4,cca_equivalent,2000,1000,1000,0.0,0.9963125933571598,0.06754031361048718,0.9978194689416037,0.03301916911732013,0.017789593986438396,3.3306690738754696e-16
confirmation,10010,4,4,0.1,4,raw_svd,2000,1000,1000,0.0,0.9963125933571592,0.06754031361048683,0.9978194689416037,0.033019169117319974,0.017789593986438527,2.220446049250313e-16
confirmation,10010,4,4,0.1,4,full_state_oracle,2000,1000,1000,0.0,1.0,0.0,1.0,0.0,0.0,2.498001805406602e-16
confirmation,10010,4,4,0.25,4,correlon,2000,1000,1000,0.0,0.9881490353635927,0.052210690396099574,0.9988123183599044,0.024368849378824574,0.024889591208665057,2.7755575615628914e-16
confirmation,10010,4,4,0.25,4,cca_equivalent,2000,1000,1000,0.0,0.9881490353635927,0.052210690396099574,0.9988123183599044,0.024368849378824574,0.024889591208665057,2.7755575615628914e-16
confirmation,10010,4,4,0.25,4,raw_svd,2000,1000,1000,0.0,0.9881490353635924,0.052210690396099324,0.9988123183599044,0.02436884937882454,0.024889591208664536,1.1102230246251565e-16
confirmation,10010,4,4,0.25,4,full_state_oracle,2000,1000,1000,0.0,1.0,0.0,1.0,0.0,0.0,3.469446951953614e-16
confirmation,10010,4,4,0.5,4,correlon,2000,1000,1000,0.0,0.9938891106813745,0.05860847831514519,0.9985417414637888,0.02700239374769541,0.010425611753650471,3.0531133177191805e-16
confirmation,10010,4,4,0.5,4,cca_equivalent,2000,1000,1000,0.0,0.9938891106813745,0.05860847831514519,0.9985417414637888,0.02700239374769541,0.010425611753650471,3.0531133177191805e-16
confirmation,10010,4,4,0.5,4,raw_svd,2000,1000,1000,0.0,0.993889110681373,0.05860847831514529,0.9985417414637888,0.02700239374769547,0.010425611753650836,8.326672684688674e-16
confirmation,10010,4,4,0.5,4,full_state_oracle,2000,1000,1000,0.0,1.0,0.0,1.0,0.0,0.0,3.3306690738754696e-16
confirmation,10010,4,4,1.0,4,correlon,2000,1000,1000,0.0,1.0073205556968234,0.06940496489211725,0.997900804431124,0.032397496576711086,0.017162258897741405,3.885780586188048e-16
confirmation,10010,4,4,1.0,4,cca_equivalent,2000,1000,1000,0.0,1.0073205556968234,0.06940496489211725,0.997900804431124,0.032397496576711086,0.017162258897741405,3.885780586188048e-16
confirmation,10010,4,4,1.0,4,raw_svd,2000,1000,1000,0.0,1.0073205556968245,0.06940496489211691,0.997900804431124,0.03239749657671093,0.017162258897740305,4.163336342344337e-16
confirmation,10010,4,4,1.0,4,full_state_oracle,2000,1000,1000,0.0,1.0,0.0,1.0,0.0,0.0,4.440892098500626e-16
confirmation,10010,8,1,0.1,4,correlon,2000,1000,1000,0.0,0.9771960077412152,0.08965590375069381,0.9963421644048339,0.042765848496002845,0.02472761655933646,2.7755575615628914e-16
confirmation,10010,8,1,0.1,4,cca_equivalent,2000,1000,1000,0.0,0.9771960077412152,0.08965590375069381,0.9963421644048339,0.042765848496002845,0.02472761655933646,2.7755575615628914e-16
confirmation,10010,8,1,0.1,4,raw_svd,2000,1000,1000,0.0,0.9772389499131381,0.08952848848219604,0.9963352247591628,0.042806396956747136,0.02438527605818694,3.0531133177191805e-16
confirmation,10010,8,1,0.1,4,full_state_oracle,2000,1000,1000,0.0,1.0,0.0,1.0,0.0,0.0,2.220446049250313e-16
confirmation,10010,8,1,0.25,4,correlon,2000,1000,1000,0.0,0.9817723231787556,0.08558494722560278,0.9965022466758622,0.04181957271504512,0.01850923487185818,2.220446049250313e-16
confirmation,10010,8,1,0.25,4,cca_equivalent,2000,1000,1000,0.0,0.9817723231787556,0.08558494722560278,0.9965022466758622,0.04181957271504512,0.01850923487185818,2.220446049250313e-16
confirmation,10010,8,1,0.25,4,raw_svd,2000,1000,1000,0.0,0.9817746708351355,0.08564462641138013,0.9964968672369453,0.041851718979360436,0.01842095250581257,3.885780586188048e-16
confirmation,10010,8,1,0.25,4,full_state_oracle,2000,1000,1000,0.0,1.0,0.0,1.0,0.0,0.0,1.6653345369377348e-16
confirmation,10010,8,1,0.5,4,correlon,2000,1000,1000,0.0,0.9928443135149215,0.08334174452776834,0.9967915276361432,0.040052917271134435,0.014092557323019153,4.440892098500626e-16
confirmation,10010,8,1,0.5,4,cca_equivalent,2000,1000,1000,0.0,0.9928443135149215,0.08334174452776834,0.9967915276361432,0.040052917271134435,0.014092557323019153,4.440892098500626e-16
confirmation,10010,8,1,0.5,4,raw_svd,2000,1000,1000,0.0,0.9929485818217917,0.08308992874417967,0.996805993005167,0.039962526164101224,0.014943938429956529,3.400058012914542e-16
confirmation,10010,8,1,0.5,4,full_state_oracle,2000,1000,1000,0.0,1.0,0.0,1.0,0.0,0.0,5.689893001203927e-16
confirmation,10010,8,1,1.0,4,correlon,2000,1000,1000,0.0,0.9726760970621178,0.0751606478497071,0.9974094570546674,0.0359898801424271,0.013955253948267347,3.3306690738754696e-16
confirmation,10010,8,1,1.0,4,cca_equivalent,2000,1000,1000,0.0,0.9726760970621178,0.0751606478497071,0.9974094570546674,0.0359898801424271,0.013955253948267347,3.3306690738754696e-16
confirmation,10010,8,1,1.0,4,raw_svd,2000,1000,1000,0.0,0.972757032131007,0.07511807466484896,0.9974105041452551,0.03598260590024601,0.013686157133086208,3.3306690738754696e-16
confirmation,10010,8,1,1.0,4,full_state_oracle,2000,1000,1000,0.0,1.0,0.0,1.0,0.0,0.0,5.551115123125783e-16
confirmation,10010,8,2,0.1,4,correlon,2000,1000,1000,0.0,0.9763851668645382,0.09253770497270478,0.99603463174741,0.044527341334229704,0.015133564153864076,4.440892098500626e-16
confirmation,10010,8,2,0.1,4,cca_equivalent,2000,1000,1000,0.0,0.9763851668645382,0.09253770497270478,0.99603463174741,0.044527341334229704,0.015133564153864076,4.440892098500626e-16
confirmation,10010,8,2,0.1,4,raw_svd,2000,1000,1000,0.0,0.9764447592462355,0.09242151854908905,0.9960414736758967,0.04448891055141341,0.015309923057578589,2.7755575615628914e-16
confirmation,10010,8,2,0.1,4,full_state_oracle,2000,1000,1000,0.0,1.0,0.0,1.0,0.0,0.0,3.608224830031759e-16
confirmation,10010,8,2,0.25,4,correlon,2000,1000,1000,0.0,0.9839169037729898,0.07979825131361744,0.9968581545472984,0.03963486755813336,0.009029915104063785,3.3306690738754696e-16
confirmation,10010,8,2,0.25,4,cca_equivalent,2000,1000,1000,0.0,0.9839169037729898,0.07979825131361744,0.9968581545472984,0.03963486755813336,0.009029915104063785,3.3306690738754696e-16
confirmation,10010,8,2,0.25,4,raw_svd,2000,1000,1000,0.0,0.9839868017245205,0.07964257495380114,0.9968673509536159,0.03957681800236112,0.00917547246021181,1.1102230246251565e-16
confirmation,10010,8,2,0.25,4,full_state_oracle,2000,1000,1000,0.0,1.0,0.0,1.0,0.0,0.0,6.522560269672795e-16
confirmation,10010,8,2,0.5,4,correlon,2000,1000,1000,0.0,0.9920341821055583,0.08965028928605022,0.9962634797696944,0.043223374638646526,0.021031139191611217,2.7755575615628914e-16
confirmation,10010,8,2,0.5,4,cca_equivalent,2000,1000,1000,0.0,0.9920341821055583,0.08965028928605022,0.9962634797696944,0.043223374638646526,0.021031139191611217,2.7755575615628914e-16
confirmation,10010,8,2,0.5,4,raw_svd,2000,1000,1000,0.0,0.9930473506059284,0.08669814536361005,0.9964485052854984,0.04213961743123426,0.021772270690065973,1.3877787807814457e-16
confirmation,10010,8,2,0.5,4,full_state_oracle,2000,1000,1000,0.0,1.0,0.0,1.0,0.0,0.0,3.885780586188048e-16
confirmation,10010,8,2,1.0,4,correlon,2000,1000,1000,0.0,0.9814947926183866,0.08445312815078618,0.9966048654149108,0.041201544783473924,0.014981813617694387,7.632783294297951e-16
confirmation,10010,8,2,1.0,4,cca_equivalent,2000,1000,1000,0.0,0.9814947926183866,0.08445312815078618,0.9966048654149108,0.041201544783473924,0.014981813617694387,7.632783294297951e-16
confirmation,10010,8,2,1.0,4,raw_svd,2000,1000,1000,0.0,0.9816789989355114,0.08370537294127717,0.9966440879410451,0.04096286158799728,0.015239900655170016,4.440892098500626e-16
confirmation,10010,8,2,1.0,4,full_state_oracle,2000,1000,1000,0.0,1.0,0.0,1.0,0.0,0.0,5.828670879282072e-16
confirmation,10010,8,4,0.1,4,correlon,2000,1000,1000,0.0,0.960153875069045,0.09280545701700646,0.9960458580171123,0.04446426645570405,0.025872431294277704,4.440892098500626e-16
confirmation,10010,8,4,0.1,4,cca_equivalent,2000,1000,1000,0.0,0.960153875069045,0.09280545701700646,0.9960458580171123,0.04446426645570405,0.025872431294277704,4.440892098500626e-16
confirmation,10010,8,4,0.1,4,raw_svd,2000,1000,1000,0.0,0.960506140306501,0.09170448829751557,0.9961050503084994,0.04413020332776981,0.02552070645733384,4.475586568020162e-16
confirmation,10010,8,4,0.1,4,full_state_oracle,2000,1000,1000,0.0,1.0,0.0,1.0,0.0,0.0,6.661338147750939e-16
confirmation,10010,8,4,0.25,4,correlon,2000,1000,1000,0.0,0.9727315361483818,0.09231646993404687,0.996183227615003,0.04368507974696241,0.01506999299483518,2.220446049250313e-16
confirmation,10010,8,4,0.25,4,cca_equivalent,2000,1000,1000,0.0,0.9727315361483818,0.09231646993404687,0.996183227615003,0.04368507974696241,0.01506999299483518,2.220446049250313e-16
confirmation,10010,8,4,0.25,4,raw_svd,2000,1000,1000,0.0,0.9727312459799111,0.09224222556196253,0.9961917479308484,0.04363629263097089,0.014938423188067939,3.885780586188048e-16
confirmation,10010,8,4,0.25,4,full_state_oracle,2000,1000,1000,0.0,1.0,0.0,1.0,0.0,0.0,4.996003610813204e-16
confirmation,10010,8,4,0.5,4,correlon,2000,1000,1000,0.0,0.986084333963181,0.08676644254578125,0.9963124491533273,0.04293920613304792,0.014459877494116303,2.220446049250313e-16
confirmation,10010,8,4,0.5,4,cca_equivalent,2000,1000,1000,0.0,0.986084333963181,0.08676644254578125,0.9963124491533273,0.04293920613304792,0.014459877494116303,2.220446049250313e-16
confirmation,10010,8,4,0.5,4,raw_svd,2000,1000,1000,0.0,0.98627089567592,0.08648983880567261,0.9963232886651159,0.04287605004477493,0.013086139977186077,3.191891195797325e-16
confirmation,10010,8,4,0.5,4,full_state_oracle,2000,1000,1000,0.0,1.0,0.0,1.0,0.0,0.0,6.106226635438361e-16
confirmation,10010,8,4,1.0,4,correlon,2000,1000,1000,0.0,0.9853912325356552,0.07605933902769162,0.9970888364514969,0.0381520874166998,0.011353787732222172,3.3306690738754696e-16
confirmation,10010,8,4,1.0,4,cca_equivalent,2000,1000,1000,0.0,0.9853912325356552,0.07605933902769162,0.9970888364514969,0.0381520874166998,0.011353787732222172,3.3306690738754696e-16
confirmation,10010,8,4,1.0,4,raw_svd,2000,1000,1000,0.0,0.9859764162595182,0.0758628585204336,0.9970924111589151,0.038128656159671655,0.010720366662893272,3.885780586188048e-16
confirmation,10010,8,4,1.0,4,full_state_oracle,2000,1000,1000,0.0,1.0,0.0,1.0,0.0,0.0,6.696032617270475e-16
confirmation,10010,16,1,0.1,4,correlon,2000,1000,1000,0.0,0.9773627091899671,0.11088169440078446,0.9937723323347406,0.05580173682449065,0.02766265644492926,3.608224830031759e-16
confirmation,10010,16,1,0.1,4,cca_equivalent,2000,1000,1000,0.0,0.9773627091899671,0.11088169440078446,0.9937723323347406,0.05580173682449065,0.02766265644492926,3.608224830031759e-16
confirmation,10010,16,1,0.1,4,raw_svd,2000,1000,1000,0.0,0.97766918378383,0.11001141534085229,0.9938654268872453,0.05538308908301601,0.026997155774680273,3.0531133177191805e-16
confirmation,10010,16,1,0.1,4,full_state_oracle,2000,1000,1000,0.0,1.0,0.0,1.0,0.0,0.0,2.7755575615628914e-16
confirmation,10010,16,1,0.25,4,correlon,2000,1000,1000,0.0,0.9765070392861976,0.11584730220922881,0.9934301517693513,0.05731425752222833,0.03928141205849314,3.3306690738754696e-16
confirmation,10010,16,1,0.25,4,cca_equivalent,2000,1000,1000,0.0,0.9765070392861976,0.11584730220922881,0.9934301517693513,0.05731425752222833,0.03928141205849314,3.3306690738754696e-16
confirmation,10010,16,1,0.25,4,raw_svd,2000,1000,1000,0.0,0.9779364816004616,0.11229032401423546,0.993755604612685,0.05587662922597956,0.03659153343940617,4.996003610813204e-16
confirmation,10010,16,1,0.25,4,full_state_oracle,2000,1000,1000,0.0,1.0,0.0,1.0,0.0,0.0,3.95516952522712e-16
confirmation,10010,16,1,0.5,4,correlon,2000,1000,1000,0.0,0.9807774060145275,0.11173651993168106,0.9937275688268579,0.056001924847018006,0.0217247471208152,4.440892098500626e-16
confirmation,10010,16,1,0.5,4,cca_equivalent,2000,1000,1000,0.0,0.9807774060145275,0.11173651993168106,0.9937275688268579,0.056001924847018006,0.0217247471208152,4.440892098500626e-16
confirmation,10010,16,1,0.5,4,raw_svd,2000,1000,1000,0.0,0.9818377201120444,0.10925175333094976,0.9939335485998702,0.05507472832493062,0.020993664792019737,3.3306690738754696e-16
confirmation,10010,16,1,0.5,4,full_state_oracle,2000,1000,1000,0.0,1.0,0.0,1.0,0.0,0.0,2.7755575615628914e-16
confirmation,10010,16,1,1.0,4,correlon,2000,1000,1000,0.0,0.9768976888772423,0.11714943378442967,0.9934077990029798,0.057411675628830955,0.02826214777596655,5.551115123125783e-16
confirmation,10010,16,1,1.0,4,cca_equivalent,2000,1000,1000,0.0,0.9768976888772423,0.11714943378442967,0.9934077990029798,0.057411675628830955,0.02826214777596655,5.551115123125783e-16
confirmation,10010,16,1,1.0,4,raw_svd,2000,1000,1000,0.0,0.9776538876277417,0.11524600115180701,0.9935571613076055,0.05675754880363725,0.027992647220237157,4.996003610813204e-16
confirmation,10010,16,1,1.0,4,full_state_oracle,2000,1000,1000,0.0,1.0,0.0,1.0,0.0,0.0,5.551115123125783e-16
confirmation,10010,16,2,0.1,4,correlon,2000,1000,1000,0.0,0.9729488211750144,0.11328493819260815,0.9937640357225558,0.05583889449767155,0.03185108700766169,6.661338147750939e-16
confirmation,10010,16,2,0.1,4,cca_equivalent,2000,1000,1000,0.0,0.9729488211750144,0.11328493819260815,0.9937640357225558,0.05583889449767155,0.03185108700766169,6.661338147750939e-16
confirmation,10010,16,2,0.1,4,raw_svd,2000,1000,1000,0.0,0.9739591316721672,0.11070428304265723,0.9939851874504079,0.05483982380347342,0.0311133175480975,4.996003610813204e-16
confirmation,10010,16,2,0.1,4,full_state_oracle,2000,1000,1000,0.0,1.0,0.0,1.0,0.0,0.0,2.7755575615628914e-16
confirmation,10010,16,2,0.25,4,correlon,2000,1000,1000,0.0,0.9767385134719533,0.10994685604384284,0.9940178072343872,0.054690916821775924,0.028619547905860042,3.885780586188048e-16
confirmation,10010,16,2,0.25,4,cca_equivalent,2000,1000,1000,0.0,0.9767385134719533,0.10994685604384284,0.9940178072343872,0.054690916821775924,0.028619547905860042,3.885780586188048e-16
confirmation,10010,16,2,0.25,4,raw_svd,2000,1000,1000,0.0,0.9773752517293667,0.10792145232914362,0.9942001620375429,0.053850895825682726,0.02779526663912843,3.885780586188048e-16
confirmation,10010,16,2,0.25,4,full_state_oracle,2000,1000,1000,0.0,1.0,0.0,1.0,0.0,0.0,3.608224830031759e-16
confirmation,10010,16,2,0.5,4,correlon,2000,1000,1000,0.0,0.9689314977240608,0.11455319566409566,0.9935001097097113,0.05700829014401657,0.018667067420983473,7.216449660063518e-16
confirmation,10010,16,2,0.5,4,cca_equivalent,2000,1000,1000,0.0,0.9689314977240608,0.11455319566409566,0.9935001097097113,0.05700829014401657,0.018667067420983473,7.216449660063518e-16
confirmation,10010,16,2,0.5,4,raw_svd,2000,1000,1000,0.0,0.9700543372370574,0.11204860320604947,0.9937186204942234,0.05604185715060006,0.018410268766273427,4.440892098500626e-16
confirmation,10010,16,2,0.5,4,full_state_oracle,2000,1000,1000,0.0,1.0,0.0,1.0,0.0,0.0,9.43689570931383e-16
confirmation,10010,16,2,1.0,4,correlon,2000,1000,1000,0.0,0.9766607322917766,0.1068101676491814,0.9942307331307247,0.05370878358925694,0.023299138855677064,6.661338147750939e-16
confirmation,10010,16,2,1.0,4,cca_equivalent,2000,1000,1000,0.0,0.9766607322917766,0.1068101676491814,0.9942307331307247,0.05370878358925694,0.023299138855677064,6.661338147750939e-16
confirmation,10010,16,2,1.0,4,raw_svd,2000,1000,1000,0.0,0.977542563794644,0.10427293736974974,0.9944156627553057,0.05284097484289256,0.023735647862825456,5.551115123125783e-16
confirmation,10010,16,2,1.0,4,full_state_oracle,2000,1000,1000,0.0,1.0,0.0,1.0,0.0,0.0,4.996003610813204e-16
confirmation,10010,16,4,0.1,4,correlon,2000,1000,1000,0.0,0.9623902011162301,0.11523252281221205,0.9935150949554884,0.056942537019839284,0.037844342263526724,5.559788740505667e-16
confirmation,10010,16,4,0.1,4,cca_equivalent,2000,1000,1000,0.0,0.9623902011162301,0.11523252281221205,0.9935150949554884,0.056942537019839284,0.037844342263526724,5.559788740505667e-16
confirmation,10010,16,4,0.1,4,raw_svd,2000,1000,1000,0.0,0.963168456324563,0.11313989475279117,0.9937315256140787,0.05598425843896354,0.03705281448620963,3.885780586188048e-16
confirmation,10010,16,4,0.1,4,full_state_oracle,2000,1000,1000,0.0,1.0,0.0,1.0,0.0,0.0,2.220446049250313e-16
confirmation,10010,16,4,0.25,4,correlon,2000,1000,1000,0.0,0.9777927558393242,0.11632808597263357,0.993519780972305,0.056921959855995255,0.021495296712059422,3.885780586188048e-16
confirmation,10010,16,4,0.25,4,cca_equivalent,2000,1000,1000,0.0,0.9777927558393242,0.11632808597263357,0.993519780972305,0.056921959855995255,0.021495296712059422,3.885780586188048e-16
confirmation,10010,16,4,0.25,4,raw_svd,2000,1000,1000,0.0,0.9785498570140759,0.11428544582326544,0.9936971004326206,0.05613777501548922,0.02051550813554147,4.996003610813204e-16
confirmation,10010,16,4,0.25,4,full_state_oracle,2000,1000,1000,0.0,1.0,0.0,1.0,0.0,0.0,3.400058012914542e-16
confirmation,10010,16,4,0.5,4,correlon,2000,1000,1000,0.0,0.9823288192622552,0.10722683848888179,0.9941850813526255,0.05392086167419129,0.02070815755841455,4.996003610813204e-16
confirmation,10010,16,4,0.5,4,cca_equivalent,2000,1000,1000,0.0,0.9823288192622552,0.10722683848888179,0.9941850813526255,0.05392086167419129,0.02070815755841455,4.996003610813204e-16
confirmation,10010,16,4,0.5,4,raw_svd,2000,1000,1000,0.0,0.9828870766760791,0.10634338651226241,0.9942248473980969,0.053736173114127754,0.020419695569486127,3.885780586188048e-16
confirmation,10010,16,4,0.5,4,full_state_oracle,2000,1000,1000,0.0,1.0,0.0,1.0,0.0,0.0,4.718447854656915e-16
confirmation,10010,16,4,1.0,4,correlon,2000,1000,1000,0.0,0.9700304468480143,0.11287147832981904,0.9936964827209844,0.056140525821439746,0.030230163443643685,5.273559366969494e-16
confirmation,10010,16,4,1.0,4,cca_equivalent,2000,1000,1000,0.0,0.9700304468480143,0.11287147832981904,0.9936964827209844,0.056140525821439746,0.030230163443643685,5.273559366969494e-16
confirmation,10010,16,4,1.0,4,raw_svd,2000,1000,1000,0.0,0.970485096684395,0.1125985220973197,0.9937238705218604,0.056018432136840844,0.029879914941581945,7.216449660063518e-16
confirmation,10010,16,4,1.0,4,full_state_oracle,2000,1000,1000,0.0,1.0,0.0,1.0,0.0,0.0,6.106226635438361e-16
confirmation,10011,4,1,0.1,4,correlon,2000,1000,1000,0.0,0.9850186597484825,0.06939252884418562,0.9979793122428721,0.031785906917437094,0.013350110282673553,4.440892098500626e-16
confirmation,10011,4,1,0.1,4,cca_equivalent,2000,1000,1000,0.0,0.9850186597484825,0.06939252884418562,0.9979793122428721,0.031785906917437094,0.013350110282673553,4.440892098500626e-16
confirmation,10011,4,1,0.1,4,raw_svd,2000,1000,1000,0.0,0.9850186597484815,0.06939252884418551,0.9979793122428721,0.031785906917437066,0.013350110282673732,1.1102230246251565e-16
confirmation,10011,4,1,0.1,4,full_state_oracle,2000,1000,1000,0.0,1.0,0.0,1.0,0.0,0.0,2.7755575615628914e-16
confirmation,10011,4,1,0.25,4,correlon,2000,1000,1000,0.0,0.9896496804275324,0.05977241266182204,0.9984559326044445,0.027785494377061376,0.007019656568653146,2.220446049250313e-16
confirmation,10011,4,1,0.25,4,cca_equivalent,2000,1000,1000,0.0,0.9896496804275324,0.05977241266182204,0.9984559326044445,0.027785494377061376,0.007019656568653146,2.220446049250313e-16
confirmation,10011,4,1,0.25,4,raw_svd,2000,1000,1000,0.0,0.9896496804275332,0.059772412661822184,0.9984559326044445,0.027785494377061407,0.007019656568653117,3.3306690738754696e-16
confirmation,10011,4,1,0.25,4,full_state_oracle,2000,1000,1000,0.0,1.0,0.0,1.0,0.0,0.0,2.220446049250313e-16
confirmation,10011,4,1,0.5,4,correlon,2000,1000,1000,0.0,0.9843920075510094,0.07084847576943769,0.9980083367216054,0.03155680020530214,0.023803476461485715,2.7755575615628914e-16
confirmation,10011,4,1,0.5,4,cca_equivalent,2000,1000,1000,0.0,0.9843920075510094,0.07084847576943769,0.9980083367216054,0.03155680020530214,0.023803476461485715,2.7755575615628914e-16
confirmation,10011,4,1,0.5,4,raw_svd,2000,1000,1000,0.0,0.9843920075510094,0.07084847576943751,0.9980083367216054,0.0315568002053021,0.023803476461485742,2.0816681711721685e-16
confirmation,10011,4,1,0.5,4,full_state_oracle,2000,1000,1000,0.0,1.0,0.0,1.0,0.0,0.0,2.7755575615628914e-16
confirmation,10011,4,1,1.0,4,correlon,2000,1000,1000,0.0,0.986618763480881,0.06523579945304252,0.9980702177546109,0.031062696642348772,0.015251829627698131,2.220446049250313e-16
confirmation,10011,4,1,1.0,4,cca_equivalent,2000,1000,1000,0.0,0.986618763480881,0.06523579945304252,0.9980702177546109,0.031062696642348772,0.015251829627698131,2.220446049250313e-16
confirmation,10011,4,1,1.0,4,raw_svd,2000,1000,1000,0.0,0.9866187634808811,0.06523579945304221,0.9980702177546109,0.031062696642348658,0.015251829627699102,5.551115123125783e-16
confirmation,10011,4,1,1.0,4,full_state_oracle,2000,1000,1000,0.0,1.0,0.0,1.0,0.0,0.0,1.6653345369377348e-16
confirmation,10011,4,2,0.1,4,correlon,2000,1000,1000,0.0,0.955949178513177,0.0630632079250079,0.9981221374105198,0.03064198581587091,0.014008097887337347,5.551115123125783e-16
confirmation,10011,4,2,0.1,4,cca_equivalent,2000,1000,1000,0.0,0.955949178513177,0.0630632079250079,0.9981221374105198,0.03064198581587091,0.014008097887337347,5.551115123125783e-16
confirmation,10011,4,2,0.1,4,raw_svd,2000,1000,1000,0.0,0.9559491785131778,0.06306320792500794,0.9981221374105199,0.03064198581587097,0.014008097887337641,4.996003610813204e-16
confirmation,10011,4,2,0.1,4,full_state_oracle,2000,1000,1000,0.0,1.0,0.0,1.0,0.0,0.0,1.6653345369377348e-16
confirmation,10011,4,2,0.25,4,correlon,2000,1000,1000,0.0,1.015913756267173,0.06502357423999656,0.9981793557010505,0.030171545361063205,0.024905547577146806,1.6653345369377348e-16
confirmation,10011,4,2,0.25,4,cca_equivalent,2000,1000,1000,0.0,1.015913756267173,0.06502357423999656,0.9981793557010505,0.030171545361063205,0.024905547577146806,1.6653345369377348e-16
confirmation,10011,4,2,0.25,4,raw_svd,2000,1000,1000,0.0,1.0159137562671732,0.0650235742399968,0.9981793557010505,0.03017154536106336,0.02490554757714781,1.942890293094024e-16
confirmation,10011,4,2,0.25,4,full_state_oracle,2000,1000,1000,0.0,1.0,0.0,1.0,0.0,0.0,2.220446049250313e-16
confirmation,10011,4,2,0.5,4,correlon,2000,1000,1000,0.0,0.9969881706051785,0.050832498191170646,0.9988458476087565,0.02402241027919195,0.015549487383355114,4.440892098500626e-16
confirmation,10011,4,2,0.5,4,cca_equivalent,2000,1000,1000,0.0,0.9969881706051785,0.050832498191170646,0.9988458476087565,0.02402241027919195,0.015549487383355114,4.440892098500626e-16
confirmation,10011,4,2,0.5,4,raw_svd,2000,1000,1000,0.0,0.9969881706051789,0.05083249819117024,0.9988458476087565,0.024022410279191737,0.015549487383355012,4.718447854656915e-16
confirmation,10011,4,2,0.5,4,full_state_oracle,2000,1000,1000,0.0,1.0,0.0,1.0,0.0,0.0,2.7755575615628914e-16
confirmation,10011,4,2,1.0,4,correlon,2000,1000,1000,0.0,0.9889067054874917,0.06059637923653098,0.9982970211187929,0.029180291989688766,0.019105736768530255,3.3306690738754696e-16
confirmation,10011,4,2,1.0,4,cca_equivalent,2000,1000,1000,0.0,0.9889067054874917,0.06059637923653098,0.9982970211187929,0.029180291989688766,0.019105736768530255,3.3306690738754696e-16
confirmation,10011,4,2,1.0,4,raw_svd,2000,1000,1000,0.0,0.9889067054874917,0.060596379236530204,0.998297021118793,0.029180291989688488,0.019105736768528225,4.440892098500626e-16
confirmation,10011,4,2,1.0,4,full_state_oracle,2000,1000,1000,0.0,1.0,0.0,1.0,0.0,0.0,2.220446049250313e-16
confirmation,10011,4,4,0.1,4,correlon,2000,1000,1000,0.0,0.992703621504218,0.053623356665489515,0.9987019404123301,0.025476063154164754,0.007887126598575591,3.0531133177191805e-16
confirmation,10011,4,4,0.1,4,cca_equivalent,2000,1000,1000,0.0,0.992703621504218,0.053623356665489515,0.9987019404123301,0.025476063154164754,0.007887126598575591,3.0531133177191805e-16
confirmation,10011,4,4,0.1,4,raw_svd,2000,1000,1000,0.0,0.9927036215042181,0.053623356665489674,0.9987019404123301,0.02547606315416483,0.00788712659857581,2.7755575615628914e-16
confirmation,10011,4,4,0.1,4,full_state_oracle,2000,1000,1000,0.0,1.0,0.0,1.0,0.0,0.0,3.3306690738754696e-16
confirmation,10011,4,4,0.25,4,correlon,2000,1000,1000,0.0,1.0017643220058536,0.06587756573221205,0.9981175309302767,0.0306795458711779,0.026436195353363664,4.440892098500626e-16
confirmation,10011,4,4,0.25,4,cca_equivalent,2000,1000,1000,0.0,1.0017643220058536,0.06587756573221205,0.9981175309302767,0.0306795458711779,0.026436195353363664,4.440892098500626e-16
confirmation,10011,4,4,0.25,4,raw_svd,2000,1000,1000,0.0,1.0017643220058545,0.06587756573221189,0.9981175309302767,0.030679545871177816,0.026436195353363008,2.220446049250313e-16
confirmation,10011,4,4,0.25,4,full_state_oracle,2000,1000,1000,0.0,1.0,0.0,1.0,0.0,0.0,1.6653345369377348e-16
confirmation,10011,4,4,0.5,4,correlon,2000,1000,1000,0.0,1.0033385198165463,0.06619124649227816,0.9980502861690715,0.03122269872167016,0.020370631820437315,3.885780586188048e-16
confirmation,10011,4,4,0.5,4,cca_equivalent,2000,1000,1000,0.0,1.0033385198165463,0.06619124649227816,0.9980502861690715,0.03122269872167016,0.020370631820437315,3.885780586188048e-16
confirmation,10011,4,4,0.5,4,raw_svd,2000,1000,1000,0.0,1.0033385198165468,0.06619124649227748,0.9980502861690717,0.031222698721669877,0.02037063182043716,3.885780586188048e-16
confirmation,10011,4,4,0.5,4,full_state_oracle,2000,1000,1000,0.0,1.0,0.0,1.0,0.0,0.0,2.220446049250313e-16
confirmation,10011,4,4,1.0,4,correlon,2000,1000,1000,0.0,1.0196693349017365,0.07352869209301377,0.9975072412729953,0.03530409839526175,0.014557051569648401,3.3306690738754696e-16
confirmation,10011,4,4,1.0,4,cca_equivalent,2000,1000,1000,0.0,1.0196693349017365,0.07352869209301377,0.9975072412729953,0.03530409839526175,0.014557051569648401,3.3306690738754696e-16
confirmation,10011,4,4,1.0,4,raw_svd,2000,1000,1000,0.0,1.0196693349017358,0.07352869209301421,0.9975072412729953,0.03530409839526198,0.014557051569648451,6.661338147750939e-16
confirmation,10011,4,4,1.0,4,full_state_oracle,2000,1000,1000,0.0,1.0,0.0,1.0,0.0,0.0,4.440892098500626e-16
confirmation,10011,8,1,0.1,4,correlon,2000,1000,1000,0.0,0.9823118656563311,0.0910760817339941,0.9961231184155802,0.0440277275385621,0.016391393755570464,3.608224830031759e-16
confirmation,10011,8,1,0.1,4,cca_equivalent,2000,1000,1000,0.0,0.9823118656563311,0.0910760817339941,0.9961231184155802,0.0440277275385621,0.016391393755570464,3.608224830031759e-16
confirmation,10011,8,1,0.1,4,raw_svd,2000,1000,1000,0.0,0.9823540079079891,0.09094708641720016,0.9961275241397334,0.04400270366844819,0.01638566529104725,3.885780586188048e-16
confirmation,10011,8,1,0.1,4,full_state_oracle,2000,1000,1000,0.0,1.0,0.0,1.0,0.0,0.0,3.9898639947466563e-16
confirmation,10011,8,1,0.25,4,correlon,2000,1000,1000,0.0,0.9707772315090047,0.09709422331582712,0.9956860405407928,0.046443295852077744,0.0283023922330378,3.3306690738754696e-16
confirmation,10011,8,1,0.25,4,cca_equivalent,2000,1000,1000,0.0,0.9707772315090047,0.09709422331582712,0.9956860405407928,0.046443295852077744,0.0283023922330378,3.3306690738754696e-16
confirmation,10011,8,1,0.25,4,raw_svd,2000,1000,1000,0.0,0.9708621107529396,0.09668288287413249,0.9957168124950364,0.04627735680094287,0.028337813202689098,4.440892098500626e-16
confirmation,10011,8,1,0.25,4,full_state_oracle,2000,1000,1000,0.0,1.0,0.0,1.0,0.0,0.0,2.7755575615628914e-16
confirmation,10011,8,1,0.5,4,correlon,2000,1000,1000,0.0,0.9910489588968523,0.09613110324343002,0.9958364929569476,0.04562623720543034,0.020659375090257583,6.661338147750939e-16
confirmation,10011,8,1,0.5,4,cca_equivalent,2000,1000,1000,0.0,0.9910489588968523,0.09613110324343002,0.9958364929569476,0.04562623720543034,0.020659375090257583,6.661338147750939e-16
confirmation,10011,8,1,0.5,4,raw_svd,2000,1000,1000,0.0,0.9919482708577724,0.09349366864335906,0.9960014547902775,0.044713226285533106,0.02013918480382415,4.718447854656915e-16
confirmation,10011,8,1,0.5,4,full_state_oracle,2000,1000,1000,0.0,1.0,0.0,1.0,0.0,0.0,4.440892098500626e-16
confirmation,10011,8,1,1.0,4,correlon,2000,1000,1000,0.0,0.9871423321494832,0.07885249336082503,0.9971620836112066,0.037669061501405414,0.01293369594972434,4.996003610813204e-16
confirmation,10011,8,1,1.0,4,cca_equivalent,2000,1000,1000,0.0,0.9871423321494832,0.07885249336082503,0.9971620836112066,0.037669061501405414,0.01293369594972434,4.996003610813204e-16
confirmation,10011,8,1,1.0,4,raw_svd,2000,1000,1000,0.0,0.9875200585669658,0.07765777726727528,0.9972160209328158,0.03730937594750272,0.013134320002397629,8.326672684688674e-16
confirmation,10011,8,1,1.0,4,full_state_oracle,2000,1000,1000,0.0,1.0,0.0,1.0,0.0,0.0,4.440892098500626e-16
confirmation,10011,8,2,0.1,4,correlon,2000,1000,1000,0.0,0.9873869174619576,0.08500666920678857,0.996718888906242,0.04050377200803659,0.01166038358866196,2.7755575615628914e-16
confirmation,10011,8,2,0.1,4,cca_equivalent,2000,1000,1000,0.0,0.9873869174619576,0.08500666920678857,0.996718888906242,0.04050377200803659,0.01166038358866196,2.7755575615628914e-16
confirmation,10011,8,2,0.1,4,raw_svd,2000,1000,1000,0.0,0.9877796093425687,0.08382229641178308,0.9967764057065225,0.04014719351011692,0.012390546207101356,2.498001805406602e-16
confirmation,10011,8,2,0.1,4,full_state_oracle,2000,1000,1000,0.0,1.0,0.0,1.0,0.0,0.0,2.220446049250313e-16
confirmation,10011,8,2,0.25,4,correlon,2000,1000,1000,0.0,0.9836047037554779,0.08808218026916992,0.9963558855732244,0.04268556211868091,0.013607599981542436,3.3306690738754696e-16
confirmation,10011,8,2,0.25,4,cca_equivalent,2000,1000,1000,0.0,0.9836047037554779,0.08808218026916992,0.9963558855732244,0.04268556211868091,0.013607599981542436,3.3306690738754696e-16
confirmation,10011,8,2,0.25,4,raw_svd,2000,1000,1000,0.0,0.9836681562015028,0.08791483447773557,0.99635751802235,0.04267600015026067,0.013529826528524597,3.608224830031759e-16
confirmation,10011,8,2,0.25,4,full_state_oracle,2000,1000,1000,0.0,1.0,0.0,1.0,0.0,0.0,4.440892098500626e-16
confirmation,10011,8,2,0.5,4,correlon,2000,1000,1000,0.0,0.9691318526293796,0.10477323367574967,0.994927519339812,0.050361099373365595,0.027932879489868084,3.3306690738754696e-16
confirmation,10011,8,2,0.5,4,cca_equivalent,2000,1000,1000,0.0,0.9691318526293796,0.10477323367574967,0.994927519339812,0.050361099373365595,0.027932879489868084,3.3306690738754696e-16
confirmation,10011,8,2,0.5,4,raw_svd,2000,1000,1000,0.0,0.9695003097258624,0.10370171026260806,0.995007309138837,0.049963440940166845,0.028871349718006634,3.3306690738754696e-16
confirmation,10011,8,2,0.5,4,full_state_oracle,2000,1000,1000,0.0,1.0,0.0,1.0,0.0,0.0,4.996003610813204e-16
confirmation,10011,8,2,1.0,4,correlon,2000,1000,1000,0.0,0.9948205986632348,0.08659774261693261,0.9965404663809693,0.04159046536786204,0.019286939375520368,1.6653345369377348e-16
confirmation,10011,8,2,1.0,4,cca_equivalent,2000,1000,1000,0.0,0.9948205986632348,0.08659774261693261,0.9965404663809693,0.04159046536786204,0.019286939375520368,1.6653345369377348e-16
confirmation,10011,8,2,1.0,4,raw_svd,2000,1000,1000,0.0,0.9951495836608533,0.08521567991927531,0.9966252373021132,0.04107774761283009,0.018625641603650985,3.95516952522712e-16
confirmation,10011,8,2,1.0,4,full_state_oracle,2000,1000,1000,0.0,1.0,0.0,1.0,0.0,0.0,5.273559366969494e-16
confirmation,10011,8,4,0.1,4,correlon,2000,1000,1000,0.0,0.9871373097161472,0.08586252493946189,0.996551769922675,0.04152246426529239,0.008886661664824255,3.3306690738754696e-16
confirmation,10011,8,4,0.1,4,cca_equivalent,2000,1000,1000,0.0,0.9871373097161472,0.08586252493946189,0.996551769922675,0.04152246426529239,0.008886661664824255,3.3306690738754696e-16
confirmation,10011,8,4,0.1,4,raw_svd,2000,1000,1000,0.0,0.9871855397731518,0.08555057864329627,0.9965686371315168,0.04142078505100609,0.008970086071038486,3.885780586188048e-16
confirmation,10011,8,4,0.1,4,full_state_oracle,2000,1000,1000,0.0,1.0,0.0,1.0,0.0,0.0,3.3306690738754696e-16
confirmation,10011,8,4,0.25,4,correlon,2000,1000,1000,0.0,0.9877307334413594,0.08798243736320029,0.996424875002366,0.04227957543326375,0.017309518725737726,2.7755575615628914e-16
confirmation,10011,8,4,0.25,4,cca_equivalent,2000,1000,1000,0.0,0.9877307334413594,0.08798243736320029,0.996424875002366,0.04227957543326375,0.017309518725737726,2.7755575615628914e-16
confirmation,10011,8,4,0.25,4,raw_svd,2000,1000,1000,0.0,0.9880103445583526,0.08685610754744662,0.9964922866223086,0.041879072206123,0.017038557499111557,3.3306690738754696e-16
confirmation,10011,8,4,0.25,4,full_state_oracle,2000,1000,1000,0.0,1.0,0.0,1.0,0.0,0.0,2.7755575615628914e-16
confirmation,10011,8,4,0.5,4,correlon,2000,1000,1000,0.0,0.9803669175206688,0.0834396253739929,0.9966190321800191,0.041115494767672525,0.019873700765828308,2.7755575615628914e-16
confirmation,10011,8,4,0.5,4,cca_equivalent,2000,1000,1000,0.0,0.9803669175206688,0.0834396253739929,0.9966190321800191,0.041115494767672525,0.019873700765828308,2.7755575615628914e-16
confirmation,10011,8,4,0.5,4,raw_svd,2000,1000,1000,0.0,0.9802521869690434,0.08544551897015903,0.9964843949997737,0.041926155322341625,0.0202578317073352,3.885780586188048e-16
confirmation,10011,8,4,0.5,4,full_state_oracle,2000,1000,1000,0.0,1.0,0.0,1.0,0.0,0.0,3.365363543395006e-16
confirmation,10011,8,4,1.0,4,correlon,2000,1000,1000,0.0,0.9713696040242548,0.08973670726394663,0.9961852374619257,0.04367357632524651,0.029573387114700176,3.469446951953614e-16
confirmation,10011,8,4,1.0,4,cca_equivalent,2000,1000,1000,0.0,0.9713696040242548,0.08973670726394663,0.9961852374619257,0.04367357632524651,0.029573387114700176,3.469446951953614e-16
confirmation,10011,8,4,1.0,4,raw_svd,2000,1000,1000,0.0,0.9713566884651872,0.09001793948875605,0.9961681406518736,0.043771333930589816,0.029837440550901893,5.828670879282072e-16
confirmation,10011,8,4,1.0,4,full_state_oracle,2000,1000,1000,0.0,1.0,0.0,1.0,0.0,0.0,3.885780586188048e-16
confirmation,10011,16,1,0.1,4,correlon,2000,1000,1000,0.0,0.969970279248208,0.11959283489785036,0.9930420399239152,0.05898287919424118,0.03117412980048533,3.608224830031759e-16
confirmation,10011,16,1,0.1,4,cca_equivalent,2000,1000,1000,0.0,0.969970279248208,0.11959283489785036,0.9930420399239152,0.05898287919424118,0.03117412980048533,3.608224830031759e-16
confirmation,10011,16,1,0.1,4,raw_svd,2000,1000,1000,0.0,0.9706516444054876,0.11788967371145982,0.9932002010540466,0.058308656929967576,0.030119028467376772,4.718447854656915e-16
confirmation,10011,16,1,0.1,4,full_state_oracle,2000,1000,1000,0.0,1.0,0.0,1.0,0.0,0.0,4.371503159461554e-16
confirmation,10011,16,1,0.25,4,correlon,2000,1000,1000,0.0,0.976008044993121,0.11352024141458732,0.9937338674883374,0.05597379972658019,0.02623821796233845,4.440892098500626e-16
confirmation,10011,16,1,0.25,4,cca_equivalent,2000,1000,1000,0.0,0.976008044993121,0.11352024141458732,0.9937338674883374,0.05597379972658019,0.02623821796233845,4.440892098500626e-16
confirmation,10011,16,1,0.25,4,raw_svd,2000,1000,1000,0.0,0.9763668515729931,0.11272156739982572,0.9937839907204084,0.055749481071986705,0.026323474018151112,5.551115123125783e-16
confirmation,10011,16,1,0.25,4,full_state_oracle,2000,1000,1000,0.0,1.0,0.0,1.0,0.0,0.0,4.440892098500626e-16
confirmation,10011,16,1,0.5,4,correlon,2000,1000,1000,0.0,0.9750306172697697,0.11423419847750353,0.9935533210775704,0.056774461346760716,0.029865834510539147,5.689893001203927e-16
confirmation,10011,16,1,0.5,4,cca_equivalent,2000,1000,1000,0.0,0.9750306172697697,0.11423419847750353,0.9935533210775704,0.056774461346760716,0.029865834510539147,5.689893001203927e-16
confirmation,10011,16,1,0.5,4,raw_svd,2000,1000,1000,0.0,0.975681662663024,0.1128289802035069,0.9936487684310354,0.05635260228669333,0.029404482656156965,4.440892098500626e-16
confirmation,10011,16,1,0.5,4,full_state_oracle,2000,1000,1000,0.0,1.0,0.0,1.0,0.0,0.0,5.551115123125783e-16
confirmation,10011,16,1,1.0,4,correlon,2000,1000,1000,0.0,0.9750306054075485,0.12043738523766036,0.9928027767724539,0.0599884289990416,0.02626924825429898,4.440892098500626e-16
confirmation,10011,16,1,1.0,4,cca_equivalent,2000,1000,1000,0.0,0.9750306054075485,0.12043738523766036,0.9928027767724539,0.0599884289990416,0.02626924825429898,4.440892098500626e-16
confirmation,10011,16,1,1.0,4,raw_svd,2000,1000,1000,0.0,0.9762439220218525,0.11759820640330182,0.9930319964814089,0.05902543315635685,0.02515070454368567,3.885780586188048e-16
confirmation,10011,16,1,1.0,4,full_state_oracle,2000,1000,1000,0.0,1.0,0.0,1.0,0.0,0.0,4.440892098500626e-16
confirmation,10011,16,2,0.1,4,correlon,2000,1000,1000,0.0,0.9672456380236857,0.11976754204535013,0.9929973289545022,0.05917208398179763,0.02807497419583462,3.3306690738754696e-16
confirmation,10011,16,2,0.1,4,cca_equivalent,2000,1000,1000,0.0,0.9672456380236857,0.11976754204535013,0.9929973289545022,0.05917208398179763,0.02807497419583462,3.3306690738754696e-16
confirmation,10011,16,2,0.1,4,raw_svd,2000,1000,1000,0.0,0.9674127565376627,0.1193740074457304,0.9930295527244455,0.05903578268963024,0.027586815529514665,4.440892098500626e-16
confirmation,10011,16,2,0.1,4,full_state_oracle,2000,1000,1000,0.0,1.0,0.0,1.0,0.0,0.0,4.718447854656915e-16
confirmation,10011,16,2,0.25,4,correlon,2000,1000,1000,0.0,0.9758097921420799,0.11217972818048559,0.9939426354118144,0.055033465219744164,0.021750247998130183,4.996003610813204e-16
confirmation,10011,16,2,0.25,4,cca_equivalent,2000,1000,1000,0.0,0.9758097921420799,0.11217972818048559,0.9939426354118144,0.055033465219744164,0.021750247998130183,4.996003610813204e-16
confirmation,10011,16,2,0.25,4,raw_svd,2000,1000,1000,0.0,0.9774761271736608,0.1081752242944097,0.9942676658449677,0.053536595684785165,0.021328951007783682,6.106226635438361e-16
confirmation,10011,16,2,0.25,4,full_state_oracle,2000,1000,1000,0.0,1.0,0.0,1.0,0.0,0.0,3.885780586188048e-16
confirmation,10011,16,2,0.5,4,correlon,2000,1000,1000,0.0,0.9753515376255306,0.11103595358176131,0.9939358600537723,0.055064234972564574,0.022946654495375914,3.3306690738754696e-16
confirmation,10011,16,2,0.5,4,cca_equivalent,2000,1000,1000,0.0,0.9753515376255306,0.11103595358176131,0.9939358600537723,0.055064234972564574,0.022946654495375914,3.3306690738754696e-16
confirmation,10011,16,2,0.5,4,raw_svd,2000,1000,1000,0.0,0.9758567546737638,0.10994801094543372,0.9940176137082269,0.05469180145036852,0.02243017817994888,3.3306690738754696e-16
confirmation,10011,16,2,0.5,4,full_state_oracle,2000,1000,1000,0.0,1.0,0.0,1.0,0.0,0.0,3.920475055707584e-16
confirmation,10011,16,2,1.0,4,correlon,2000,1000,1000,0.0,0.9698704856976516,0.11689259015921484,0.9933450865981974,0.05768411133840324,0.027941829978087234,6.106226635438361e-16
confirmation,10011,16,2,1.0,4,cca_equivalent,2000,1000,1000,0.0,0.9698704856976516,0.11689259015921484,0.9933450865981974,0.05768411133840324,0.027941829978087234,6.106226635438361e-16
confirmation,10011,16,2,1.0,4,raw_svd,2000,1000,1000,0.0,0.9712892153083353,0.11396604272867594,0.993587336952946,0.05662447813028417,0.025870886463674025,4.718447854656915e-16
confirmation,10011,16,2,1.0,4,full_state_oracle,2000,1000,1000,0.0,1.0,0.0,1.0,0.0,0.0,3.3306690738754696e-16
confirmation,10011,16,4,0.1,4,correlon,2000,1000,1000,0.0,0.9812581330876515,0.11217064401702254,0.9939132640534173,0.05516672886161869,0.02627570349624429,3.608224830031759e-16
confirmation,10011,16,4,0.1,4,cca_equivalent,2000,1000,1000,0.0,0.9812581330876515,0.11217064401702254,0.9939132640534173,0.05516672886161869,0.02627570349624429,3.608224830031759e-16
confirmation,10011,16,4,0.1,4,raw_svd,2000,1000,1000,0.0,0.9823778257211652,0.10951903290169095,0.9941393627671354,0.05413241742645772,0.025227716096864382,5.551115123125783e-16
confirmation,10011,16,4,0.1,4,full_state_oracle,2000,1000,1000,0.0,1.0,0.0,1.0,0.0,0.0,4.440892098500626e-16
confirmation,10011,16,4,0.25,4,correlon,2000,1000,1000,0.0,0.973653109329691,0.1212000509200197,0.9928296056977294,0.05987651585668102,0.030222923286436627,5.412337245047638e-16
confirmation,10011,16,4,0.25,4,cca_equivalent,2000,1000,1000,0.0,0.973653109329691,0.1212000509200197,0.9928296056977294,0.05987651585668102,0.030222923286436627,5.412337245047638e-16
confirmation,10011,16,4,0.25,4,raw_svd,2000,1000,1000,0.0,0.9742332822582006,0.11995068035808375,0.9929344501666012,0.059437150980673883,0.029523455165496572,4.440892098500626e-16
confirmation,10011,16,4,0.25,4,full_state_oracle,2000,1000,1000,0.0,1.0,0.0,1.0,0.0,0.0,5.551115123125783e-16
confirmation,10011,16,4,0.5,4,correlon,2000,1000,1000,0.0,0.9686671985304087,0.11882101717310939,0.993033114300197,0.05902069848706876,0.032250789452169,4.996003610813204e-16
confirmation,10011,16,4,0.5,4,cca_equivalent,2000,1000,1000,0.0,0.9686671985304087,0.11882101717310939,0.993033114300197,0.05902069848706876,0.032250789452169,4.996003610813204e-16
confirmation,10011,16,4,0.5,4,raw_svd,2000,1000,1000,0.0,0.9696270776111138,0.11641724338588148,0.9932893316742967,0.0579252463339748,0.0305444469491933,3.3306690738754696e-16
confirmation,10011,16,4,0.5,4,full_state_oracle,2000,1000,1000,0.0,1.0,0.0,1.0,0.0,0.0,6.661338147750939e-16
confirmation,10011,16,4,1.0,4,correlon,2000,1000,1000,0.0,0.9647303542110129,0.10812815244286214,0.993910511268473,0.05517920229364954,0.02756775188164217,5.551115123125783e-16
confirmation,10011,16,4,1.0,4,cca_equivalent,2000,1000,1000,0.0,0.9647303542110129,0.10812815244286214,0.993910511268473,0.05517920229364954,0.02756775188164217,5.551115123125783e-16
confirmation,10011,16,4,1.0,4,raw_svd,2000,1000,1000,0.0,0.9652877943078851,0.10675836704753915,0.9940732818121037,0.0544367439690149,0.026271066297293644,4.440892098500626e-16
confirmation,10011,16,4,1.0,4,full_state_oracle,2000,1000,1000,0.0,1.0,0.0,1.0,0.0,0.0,3.3306690738754696e-16
confirmation,10012,4,1,0.1,4,correlon,2000,1000,1000,0.0,0.9855807235095427,0.061263057341844715,0.9984478972998291,0.027857698219441816,0.013607267913733104,2.7755575615628914e-16
confirmation,10012,4,1,0.1,4,cca_equivalent,2000,1000,1000,0.0,0.9855807235095427,0.061263057341844715,0.9984478972998291,0.027857698219441816,0.013607267913733104,2.7755575615628914e-16
confirmation,10012,4,1,0.1,4,raw_svd,2000,1000,1000,0.0,0.9855807235095446,0.06126305734184401,0.9984478972998291,0.02785769821944149,0.01360726791373401,3.0531133177191805e-16
confirmation,10012,4,1,0.1,4,full_state_oracle,2000,1000,1000,0.0,1.0,0.0,1.0,0.0,0.0,2.7755575615628914e-16
confirmation,10012,4,1,0.25,4,correlon,2000,1000,1000,0.0,0.9939997501844405,0.04601933299647243,0.9990634540892215,0.021639615416850853,0.015135426359726851,3.885780586188048e-16
confirmation,10012,4,1,0.25,4,cca_equivalent,2000,1000,1000,0.0,0.9939997501844405,0.04601933299647243,0.9990634540892215,0.021639615416850853,0.015135426359726851,3.885780586188048e-16
confirmation,10012,4,1,0.25,4,raw_svd,2000,1000,1000,0.0,0.9939997501844406,0.04601933299647219,0.9990634540892215,0.021639615416850715,0.015135426359726596,6.661338147750939e-16
confirmation,10012,4,1,0.25,4,full_state_oracle,2000,1000,1000,0.0,1.0,0.0,1.0,0.0,0.0,2.220446049250313e-16
confirmation,10012,4,1,0.5,4,correlon,2000,1000,1000,0.0,0.9807670336856127,0.08330065506369598,0.9971627822383399,0.03766442460505751,0.01611102593200709,3.3306690738754696e-16
confirmation,10012,4,1,0.5,4,cca_equivalent,2000,1000,1000,0.0,0.9807670336856127,0.08330065506369598,0.9971627822383399,0.03766442460505751,0.01611102593200709,3.3306690738754696e-16
confirmation,10012,4,1,0.5,4,raw_svd,2000,1000,1000,0.0,0.9807670336856132,0.08330065506369635,0.9971627822383399,0.03766442460505775,0.01611102593200766,4.440892098500626e-16
confirmation,10012,4,1,0.5,4,full_state_oracle,2000,1000,1000,0.0,1.0,0.0,1.0,0.0,0.0,1.6653345369377348e-16
confirmation,10012,4,1,1.0,4,correlon,2000,1000,1000,0.0,0.9824161215393505,0.07341192549783382,0.997802082212613,0.03315054891994199,0.022596024481265343,3.3306690738754696e-16
confirmation,10012,4,1,1.0,4,cca_equivalent,2000,1000,1000,0.0,0.9824161215393505,0.07341192549783382,0.997802082212613,0.03315054891994199,0.022596024481265343,3.3306690738754696e-16
confirmation,10012,4,1,1.0,4,raw_svd,2000,1000,1000,0.0,0.9824161215393501,0.07341192549783425,0.9978020822126129,0.03315054891994218,0.022596024481266137,2.3592239273284576e-16
confirmation,10012,4,1,1.0,4,full_state_oracle,2000,1000,1000,0.0,1.0,0.0,1.0,0.0,0.0,1.6653345369377348e-16
confirmation,10012,4,2,0.1,4,correlon,2000,1000,1000,0.0,1.0157279667367334,0.05461176620715012,0.998729055775323,0.02520857219952219,0.008009290301867467,3.608224830031759e-16
confirmation,10012,4,2,0.1,4,cca_equivalent,2000,1000,1000,0.0,1.0157279667367334,0.05461176620715012,0.998729055775323,0.02520857219952219,0.008009290301867467,3.608224830031759e-16
confirmation,10012,4,2,0.1,4,raw_svd,2000,1000,1000,0.0,1.0157279667367325,0.05461176620714945,0.998729055775323,0.025208572199521894,0.00800929030186725,4.440892098500626e-16
confirmation,10012,4,2,0.1,4,full_state_oracle,2000,1000,1000,0.0,1.0,0.0,1.0,0.0,0.0,3.3306690738754696e-16
confirmation,10012,4,2,0.25,4,correlon,2000,1000,1000,0.0,0.9880272712628879,0.07194744907065694,0.9977386946782039,0.03362517897198599,0.014133709418483839,2.3592239273284576e-16
confirmation,10012,4,2,0.25,4,cca_equivalent,2000,1000,1000,0.0,0.9880272712628879,0.07194744907065694,0.9977386946782039,0.03362517897198599,0.014133709418483839,2.3592239273284576e-16
confirmation,10012,4,2,0.25,4,raw_svd,2000,1000,1000,0.0,0.9880272712628871,0.07194744907065678,0.9977386946782038,0.03362517897198592,0.014133709418483607,3.885780586188048e-16
confirmation,10012,4,2,0.25,4,full_state_oracle,2000,1000,1000,0.0,1.0,0.0,1.0,0.0,0.0,4.996003610813204e-16
confirmation,10012,4,2,0.5,4,correlon,2000,1000,1000,0.0,1.0026392076771014,0.07285249482070645,0.9978578641078041,0.032727174428873344,0.025971734275552195,3.885780586188048e-16
confirmation,10012,4,2,0.5,4,cca_equivalent,2000,1000,1000,0.0,1.0026392076771014,0.07285249482070645,0.9978578641078041,0.032727174428873344,0.025971734275552195,3.885780586188048e-16
confirmation,10012,4,2,0.5,4,raw_svd,2000,1000,1000,0.0,1.0026392076771018,0.07285249482070574,0.9978578641078042,0.03272717442887303,0.025971734275551044,2.7755575615628914e-16
confirmation,10012,4,2,0.5,4,full_state_oracle,2000,1000,1000,0.0,1.0,0.0,1.0,0.0,0.0,3.885780586188048e-16
confirmation,10012,4,2,1.0,4,correlon,2000,1000,1000,0.0,1.003123039702324,0.06306365695487258,0.9982044919765949,0.029962543478525668,0.0076171240452648495,3.3306690738754696e-16
confirmation,10012,4,2,1.0,4,cca_equivalent,2000,1000,1000,0.0,1.003123039702324,0.06306365695487258,0.9982044919765949,0.029962543478525668,0.0076171240452648495,3.3306690738754696e-16
confirmation,10012,4,2,1.0,4,raw_svd,2000,1000,1000,0.0,1.0031230397023236,0.0630636569548724,0.9982044919765949,0.029962543478525613,0.0076171240452652025,6.661338147750939e-16
confirmation,10012,4,2,1.0,4,full_state_oracle,2000,1000,1000,0.0,1.0,0.0,1.0,0.0,0.0,5.551115123125783e-16
confirmation,10012,4,4,0.1,4,correlon,2000,1000,1000,0.0,0.9988811354898103,0.05699462700741682,0.9985749094279832,0.02669354390125802,0.00880330775822767,3.3306690738754696e-16
confirmation,10012,4,4,0.1,4,cca_equivalent,2000,1000,1000,0.0,0.9988811354898103,0.05699462700741682,0.9985749094279832,0.02669354390125802,0.00880330775822767,3.3306690738754696e-16
confirmation,10012,4,4,0.1,4,raw_svd,2000,1000,1000,0.0,0.9988811354898103,0.05699462700741687,0.9985749094279832,0.026693543901258037,0.00880330775822752,4.440892098500626e-16
confirmation,10012,4,4,0.1,4,full_state_oracle,2000,1000,1000,0.0,1.0,0.0,1.0,0.0,0.0,1.6653345369377348e-16
confirmation,10012,4,4,0.25,4,correlon,2000,1000,1000,0.0,0.9684241282964173,0.08837107628823299,0.9967492735861528,0.04031579351722527,0.026554069463509727,6.106226635438361e-16
confirmation,10012,4,4,0.25,4,cca_equivalent,2000,1000,1000,0.0,0.9684241282964173,0.08837107628823299,0.9967492735861528,0.04031579351722527,0.026554069463509727,6.106226635438361e-16
confirmation,10012,4,4,0.25,4,raw_svd,2000,1000,1000,0.0,0.9684241282964181,0.08837107628823294,0.9967492735861528,0.040315793517225196,0.02655406946351031,3.3306690738754696e-16
confirmation,10012,4,4,0.25,4,full_state_oracle,2000,1000,1000,0.0,1.0,0.0,1.0,0.0,0.0,1.3877787807814457e-16
confirmation,10012,4,4,0.5,4,correlon,2000,1000,1000,0.0,1.0009135392910824,0.07652375952506824,0.997519016579609,0.03522061484692631,0.021462593398050386,4.718447854656915e-16
confirmation,10012,4,4,0.5,4,cca_equivalent,2000,1000,1000,0.0,1.0009135392910824,0.07652375952506824,0.997519016579609,0.03522061484692631,0.021462593398050386,4.718447854656915e-16
confirmation,10012,4,4,0.5,4,raw_svd,2000,1000,1000,0.0,1.0009135392910837,0.07652375952506774,0.997519016579609,0.035220614846926096,0.02146259339804909,1.6653345369377348e-16
confirmation,10012,4,4,0.5,4,full_state_oracle,2000,1000,1000,0.0,1.0,0.0,1.0,0.0,0.0,3.608224830031759e-16
confirmation,10012,4,4,1.0,4,correlon,2000,1000,1000,0.0,0.9640693560221641,0.06624526805256256,0.9979487370417169,0.03202548171599513,0.014289688458252337,3.3306690738754696e-16
confirmation,10012,4,4,1.0,4,cca_equivalent,2000,1000,1000,0.0,0.9640693560221641,0.06624526805256256,0.9979487370417169,0.03202548171599513,0.014289688458252337,3.3306690738754696e-16
confirmation,10012,4,4,1.0,4,raw_svd,2000,1000,1000,0.0,0.9640693560221639,0.0662452680525627,0.9979487370417168,0.03202548171599517,0.01428968845825177,2.498001805406602e-16
confirmation,10012,4,4,1.0,4,full_state_oracle,2000,1000,1000,0.0,1.0,0.0,1.0,0.0,0.0,1.6653345369377348e-16
confirmation,10012,8,1,0.1,4,correlon,2000,1000,1000,0.0,0.9730837942098737,0.0951801952508112,0.9958013490352902,0.045818396767618536,0.03358427475297521,2.7755575615628914e-16
confirmation,10012,8,1,0.1,4,cca_equivalent,2000,1000,1000,0.0,0.9730837942098737,0.0951801952508112,0.9958013490352902,0.045818396767618536,0.03358427475297521,2.7755575615628914e-16
confirmation,10012,8,1,0.1,4,raw_svd,2000,1000,1000,0.0,0.9730600688186176,0.09524278259515934,0.9957914231161755,0.045872523823223876,0.033652746726595316,4.163336342344337e-16
confirmation,10012,8,1,0.1,4,full_state_oracle,2000,1000,1000,0.0,1.0,0.0,1.0,0.0,0.0,4.440892098500626e-16
confirmation,10012,8,1,0.25,4,correlon,2000,1000,1000,0.0,0.9813415289562437,0.0895814883445669,0.9961652417583274,0.0437878878325534,0.025757593552731245,3.0531133177191805e-16
confirmation,10012,8,1,0.25,4,cca_equivalent,2000,1000,1000,0.0,0.9813415289562437,0.0895814883445669,0.9961652417583274,0.0437878878325534,0.025757593552731245,3.0531133177191805e-16
confirmation,10012,8,1,0.25,4,raw_svd,2000,1000,1000,0.0,0.9813795967926403,0.08932406277097141,0.9961821957086194,0.04369098471870717,0.02569441019702891,4.440892098500626e-16
confirmation,10012,8,1,0.25,4,full_state_oracle,2000,1000,1000,0.0,1.0,0.0,1.0,0.0,0.0,3.885780586188048e-16
confirmation,10012,8,1,0.5,4,correlon,2000,1000,1000,0.0,0.991142250803533,0.08534768855498222,0.9966598937419314,0.04086628352363667,0.015808679302933875,6.002143226879753e-16
confirmation,10012,8,1,0.5,4,cca_equivalent,2000,1000,1000,0.0,0.991142250803533,0.08534768855498222,0.9966598937419314,0.04086628352363667,0.015808679302933875,6.002143226879753e-16
confirmation,10012,8,1,0.5,4,raw_svd,2000,1000,1000,0.0,0.9911153471190319,0.08545407415109217,0.9966551291115391,0.040895420822268505,0.015887937901940187,3.3306690738754696e-16
confirmation,10012,8,1,0.5,4,full_state_oracle,2000,1000,1000,0.0,1.0,0.0,1.0,0.0,0.0,5.551115123125783e-16
confirmation,10012,8,1,1.0,4,correlon,2000,1000,1000,0.0,0.9720746333256759,0.0794913769568219,0.9970682003366237,0.03828707133861458,0.015551559988428332,4.440892098500626e-16
confirmation,10012,8,1,1.0,4,cca_equivalent,2000,1000,1000,0.0,0.9720746333256759,0.0794913769568219,0.9970682003366237,0.03828707133861458,0.015551559988428332,4.440892098500626e-16
confirmation,10012,8,1,1.0,4,raw_svd,2000,1000,1000,0.0,0.9724979244983847,0.07851927853662195,0.99711590601703,0.03797429382470441,0.01461560204673968,2.7755575615628914e-16
confirmation,10012,8,1,1.0,4,full_state_oracle,2000,1000,1000,0.0,1.0,0.0,1.0,0.0,0.0,5.551115123125783e-16
confirmation,10012,8,2,0.1,4,correlon,2000,1000,1000,0.0,0.9841209632073312,0.08472800121122237,0.9967067488141712,0.04057863468519363,0.025067669962047484,4.996003610813204e-16
confirmation,10012,8,2,0.1,4,cca_equivalent,2000,1000,1000,0.0,0.9841209632073312,0.08472800121122237,0.9967067488141712,0.04057863468519363,0.025067669962047484,4.996003610813204e-16
confirmation,10012,8,2,0.1,4,raw_svd,2000,1000,1000,0.0,0.9843474021788795,0.08398284862383901,0.99674416520402,0.040347458383273485,0.024832295148580773,2.3592239273284576e-16
confirmation,10012,8,2,0.1,4,full_state_oracle,2000,1000,1000,0.0,1.0,0.0,1.0,0.0,0.0,2.7755575615628914e-16
confirmation,10012,8,2,0.25,4,correlon,2000,1000,1000,0.0,0.9697998514092486,0.08163685307130461,0.9968532026672277,0.03966608962812201,0.01706207939955553,3.885780586188048e-16
confirmation,10012,8,2,0.25,4,cca_equivalent,2000,1000,1000,0.0,0.9697998514092486,0.08163685307130461,0.9968532026672277,0.03966608962812201,0.01706207939955553,3.885780586188048e-16
confirmation,10012,8,2,0.25,4,raw_svd,2000,1000,1000,0.0,0.9699191049377062,0.08166792926404784,0.996852528443624,0.0396703387707745,0.01817076006539796,5.620504062164855e-16
confirmation,10012,8,2,0.25,4,full_state_oracle,2000,1000,1000,0.0,1.0,0.0,1.0,0.0,0.0,4.440892098500626e-16
confirmation,10012,8,2,0.5,4,correlon,2000,1000,1000,0.0,0.9734513431483126,0.09642987864230163,0.9957650151932059,0.04601621891677976,0.03199942426072058,3.885780586188048e-16
confirmation,10012,8,2,0.5,4,cca_equivalent,2000,1000,1000,0.0,0.9734513431483126,0.09642987864230163,0.9957650151932059,0.04601621891677976,0.03199942426072058,3.885780586188048e-16
confirmation,10012,8,2,0.5,4,raw_svd,2000,1000,1000,0.0,0.9735201755989173,0.09759772189112785,0.9956770089140196,0.04649188685125869,0.03219030732783525,4.996003610813204e-16
confirmation,10012,8,2,0.5,4,full_state_oracle,2000,1000,1000,0.0,1.0,0.0,1.0,0.0,0.0,2.0122792321330962e-16
confirmation,10012,8,2,1.0,4,correlon,2000,1000,1000,0.0,0.9988138108768481,0.08633934573260678,0.9965207066910169,0.04170907160908186,0.01799564934445086,4.440892098500626e-16
confirmation,10012,8,2,1.0,4,cca_equivalent,2000,1000,1000,0.0,0.9988138108768481,0.08633934573260678,0.9965207066910169,0.04170907160908186,0.01799564934445086,4.440892098500626e-16
confirmation,10012,8,2,1.0,4,raw_svd,2000,1000,1000,0.0,0.9993455667538846,0.08484422805385122,0.9966024246608415,0.04121635196835375,0.017265221495530614,2.7755575615628914e-16
confirmation,10012,8,2,1.0,4,full_state_oracle,2000,1000,1000,0.0,1.0,0.0,1.0,0.0,0.0,2.7755575615628914e-16
confirmation,10012,8,4,0.1,4,correlon,2000,1000,1000,0.0,0.9764652589981234,0.08116152861881516,0.9969411159496976,0.039108081327920104,0.01832917057060115,4.440892098500626e-16
confirmation,10012,8,4,0.1,4,cca_equivalent,2000,1000,1000,0.0,0.9764652589981234,0.08116152861881516,0.9969411159496976,0.039108081327920104,0.01832917057060115,4.440892098500626e-16
confirmation,10012,8,4,0.1,4,raw_svd,2000,1000,1000,0.0,0.9765488775793525,0.08094173130991657,0.9969479723369213,0.03906422700552655,0.018012897876854072,7.494005416219807e-16
confirmation,10012,8,4,0.1,4,full_state_oracle,2000,1000,1000,0.0,1.0,0.0,1.0,0.0,0.0,3.0531133177191805e-16
confirmation,10012,8,4,0.25,4,correlon,2000,1000,1000,0.0,0.985905316339245,0.09379569719258628,0.9959599895188879,0.04494446840887171,0.025167281476937774,3.3306690738754696e-16
confirmation,10012,8,4,0.25,4,cca_equivalent,2000,1000,1000,0.0,0.985905316339245,0.09379569719258628,0.9959599895188879,0.04494446840887171,0.025167281476937774,3.3306690738754696e-16
confirmation,10012,8,4,0.25,4,raw_svd,2000,1000,1000,0.0,0.9866134066651964,0.09196394284254496,0.9960512456780336,0.04443396404759722,0.02488870577398787,3.885780586188048e-16
confirmation,10012,8,4,0.25,4,full_state_oracle,2000,1000,1000,0.0,1.0,0.0,1.0,0.0,0.0,5.551115123125783e-16
confirmation,10012,8,4,0.5,4,correlon,2000,1000,1000,0.0,0.976147318640107,0.0855591233777083,0.9965861439792042,0.04131498530071011,0.014902689866398266,5.689893001203927e-16
confirmation,10012,8,4,0.5,4,cca_equivalent,2000,1000,1000,0.0,0.976147318640107,0.0855591233777083,0.9965861439792042,0.04131498530071011,0.014902689866398266,5.689893001203927e-16
confirmation,10012,8,4,0.5,4,raw_svd,2000,1000,1000,0.0,0.9763818605706895,0.08499082283721755,0.9966203961327733,0.0411072005081024,0.01481081265753455,2.7755575615628914e-16
confirmation,10012,8,4,0.5,4,full_state_oracle,2000,1000,1000,0.0,1.0,0.0,1.0,0.0,0.0,4.163336342344337e-16
confirmation,10012,8,4,1.0,4,correlon,2000,1000,1000,0.0,1.0041813397731119,0.07033210191033848,0.9976161984273146,0.03452391615015076,0.017283082395263997,7.216449660063518e-16
confirmation,10012,8,4,1.0,4,cca_equivalent,2000,1000,1000,0.0,1.0041813397731119,0.07033210191033848,0.9976161984273146,0.03452391615015076,0.017283082395263997,7.216449660063518e-16
confirmation,10012,8,4,1.0,4,raw_svd,2000,1000,1000,0.0,1.0041607072639216,0.0701853311083845,0.9976157339786176,0.034527279225146965,0.016946962496592843,6.661338147750939e-16
confirmation,10012,8,4,1.0,4,full_state_oracle,2000,1000,1000,0.0,1.0,0.0,1.0,0.0,0.0,4.440892098500626e-16
confirmation,10012,16,1,0.1,4,correlon,2000,1000,1000,0.0,0.9732963905148941,0.11610475864643224,0.9932896391158661,0.05792391942942877,0.02666630756301022,4.440892098500626e-16
confirmation,10012,16,1,0.1,4,cca_equivalent,2000,1000,1000,0.0,0.9732963905148941,0.11610475864643224,0.9932896391158661,0.05792391942942877,0.02666630756301022,4.440892098500626e-16
confirmation,10012,16,1,0.1,4,raw_svd,2000,1000,1000,0.0,0.9739327738104275,0.11460680817061039,0.9934269907658364,0.05732804389722156,0.02528479733653665,4.440892098500626e-16
confirmation,10012,16,1,0.1,4,full_state_oracle,2000,1000,1000,0.0,1.0,0.0,1.0,0.0,0.0,2.220446049250313e-16
confirmation,10012,16,1,0.25,4,correlon,2000,1000,1000,0.0,0.9802959336833438,0.11175215785040214,0.9938518697183283,0.055444252550069115,0.025950935165474455,3.3306690738754696e-16
confirmation,10012,16,1,0.25,4,cca_equivalent,2000,1000,1000,0.0,0.9802959336833438,0.11175215785040214,0.9938518697183283,0.055444252550069115,0.025950935165474455,3.3306690738754696e-16
confirmation,10012,16,1,0.25,4,raw_svd,2000,1000,1000,0.0,0.98135303907708,0.10920158951348158,0.9940680175428377,0.054460914687334806,0.025355231927385417,4.440892098500626e-16
confirmation,10012,16,1,0.25,4,full_state_oracle,2000,1000,1000,0.0,1.0,0.0,1.0,0.0,0.0,5.828670879282072e-16
confirmation,10012,16,1,0.5,4,correlon,2000,1000,1000,0.0,0.9716806356438085,0.11782230372126026,0.9931381043672629,0.058574293135884546,0.02733363724424645,5.551115123125783e-16
confirmation,10012,16,1,0.5,4,cca_equivalent,2000,1000,1000,0.0,0.9716806356438085,0.11782230372126026,0.9931381043672629,0.058574293135884546,0.02733363724424645,5.551115123125783e-16
confirmation,10012,16,1,0.5,4,raw_svd,2000,1000,1000,0.0,0.972242635859581,0.11657428669382784,0.9932368843205768,0.05815116370040716,0.026495451664917454,3.365363543395006e-16
confirmation,10012,16,1,0.5,4,full_state_oracle,2000,1000,1000,0.0,1.0,0.0,1.0,0.0,0.0,4.996003610813204e-16
confirmation,10012,16,1,1.0,4,correlon,2000,1000,1000,0.0,0.9785698724717503,0.11383870100415971,0.9936148503713936,0.056502874389743364,0.023015008594070383,4.996003610813204e-16
confirmation,10012,16,1,1.0,4,cca_equivalent,2000,1000,1000,0.0,0.9785698724717503,0.11383870100415971,0.9936148503713936,0.056502874389743364,0.023015008594070383,4.996003610813204e-16
confirmation,10012,16,1,1.0,4,raw_svd,2000,1000,1000,0.0,0.9799198532765384,0.11057255229385933,0.9938789613238177,0.05532196072168062,0.021985118832577918,5.551115123125783e-16
confirmation,10012,16,1,1.0,4,full_state_oracle,2000,1000,1000,0.0,1.0,0.0,1.0,0.0,0.0,4.996003610813204e-16
confirmation,10012,16,2,0.1,4,correlon,2000,1000,1000,0.0,0.9712826440802295,0.10993576903882148,0.9939866120566684,0.054833329022281864,0.02288336921833716,4.996003610813204e-16
confirmation,10012,16,2,0.1,4,cca_equivalent,2000,1000,1000,0.0,0.9712826440802295,0.10993576903882148,0.9939866120566684,0.054833329022281864,0.02288336921833716,4.996003610813204e-16
confirmation,10012,16,2,0.1,4,raw_svd,2000,1000,1000,0.0,0.9718939541930284,0.10840685572551809,0.9941214313750859,0.05421516681203703,0.023145383349076697,6.106226635438361e-16
confirmation,10012,16,2,0.1,4,full_state_oracle,2000,1000,1000,0.0,1.0,0.0,1.0,0.0,0.0,3.885780586188048e-16
confirmation,10012,16,2,0.25,4,correlon,2000,1000,1000,0.0,0.9817438096741488,0.1098539373477099,0.9940289010575857,0.05464018183724504,0.017914802143692003,3.3306690738754696e-16
confirmation,10012,16,2,0.25,4,cca_equivalent,2000,1000,1000,0.0,0.9817438096741488,0.1098539373477099,0.9940289010575857,0.05464018183724504,0.017914802143692003,3.3306690738754696e-16
confirmation,10012,16,2,0.25,4,raw_svd,2000,1000,1000,0.0,0.9825424403760755,0.10805643745514282,0.9941818514231363,0.053935834919206095,0.01727178762407032,4.440892098500626e-16
confirmation,10012,16,2,0.25,4,full_state_oracle,2000,1000,1000,0.0,1.0,0.0,1.0,0.0,0.0,4.996003610813204e-16
confirmation,10012,16,2,0.5,4,correlon,2000,1000,1000,0.0,0.9659595979272427,0.11797111559884653,0.9932252993458277,0.058200947819482575,0.027475552964541045,4.440892098500626e-16
confirmation,10012,16,2,0.5,4,cca_equivalent,2000,1000,1000,0.0,0.9659595979272427,0.11797111559884653,0.9932252993458277,0.058200947819482575,0.027475552964541045,4.440892098500626e-16
confirmation,10012,16,2,0.5,4,raw_svd,2000,1000,1000,0.0,0.966937688399246,0.11525685324767936,0.9934419932201721,0.05726258280861879,0.0268797594193867,5.551115123125783e-16
confirmation,10012,16,2,0.5,4,full_state_oracle,2000,1000,1000,0.0,1.0,0.0,1.0,0.0,0.0,7.216449660063518e-16
confirmation,10012,16,2,1.0,4,correlon,2000,1000,1000,0.0,0.9758160085571964,0.11629972575458451,0.9933247167924986,0.05777232558717625,0.017290012088432193,7.563394355258879e-16
confirmation,10012,16,2,1.0,4,cca_equivalent,2000,1000,1000,0.0,0.9758160085571964,0.11629972575458451,0.9933247167924986,0.05777232558717625,0.017290012088432193,7.563394355258879e-16
confirmation,10012,16,2,1.0,4,raw_svd,2000,1000,1000,0.0,0.9766149191888202,0.11436128722919779,0.9934744732361712,0.057120603830092744,0.016580412843403516,4.440892098500626e-16
confirmation,10012,16,2,1.0,4,full_state_oracle,2000,1000,1000,0.0,1.0,0.0,1.0,0.0,0.0,4.440892098500626e-16
confirmation,10012,16,4,0.1,4,correlon,2000,1000,1000,0.0,0.9851870830360457,0.11162486131942455,0.9939618737583303,0.05494600186396501,0.022312374490243023,7.771561172376096e-16
confirmation,10012,16,4,0.1,4,cca_equivalent,2000,1000,1000,0.0,0.9851870830360457,0.11162486131942455,0.9939618737583303,0.05494600186396501,0.022312374490243023,7.771561172376096e-16
confirmation,10012,16,4,0.1,4,raw_svd,2000,1000,1000,0.0,0.9858256012710542,0.11032922194983297,0.9940361480279344,0.054607014073585765,0.021956865237723354,3.7470027081099033e-16
confirmation,10012,16,4,0.1,4,full_state_oracle,2000,1000,1000,0.0,1.0,0.0,1.0,0.0,0.0,6.938893903907228e-16
confirmation,10012,16,4,0.25,4,correlon,2000,1000,1000,0.0,0.9618753122875238,0.11380403382767777,0.9936913154234556,0.05616353165776035,0.028973396397412213,3.3306690738754696e-16
confirmation,10012,16,4,0.25,4,cca_equivalent,2000,1000,1000,0.0,0.9618753122875238,0.11380403382767777,0.9936913154234556,0.05616353165776035,0.028973396397412213,3.3306690738754696e-16
confirmation,10012,16,4,0.25,4,raw_svd,2000,1000,1000,0.0,0.9633176696503376,0.1101443014097008,0.9940543928893427,0.054523422080135914,0.027116223880856445,3.3306690738754696e-16
confirmation,10012,16,4,0.25,4,full_state_oracle,2000,1000,1000,0.0,1.0,0.0,1.0,0.0,0.0,4.440892098500626e-16
confirmation,10012,16,4,0.5,4,correlon,2000,1000,1000,0.0,0.9712115156411362,0.1122012916582346,0.9937027159430543,0.056112761725590515,0.027407334873775203,4.510281037539698e-16
confirmation,10012,16,4,0.5,4,cca_equivalent,2000,1000,1000,0.0,0.9712115156411362,0.1122012916582346,0.9937027159430543,0.056112761725590515,0.027407334873775203,4.510281037539698e-16
confirmation,10012,16,4,0.5,4,raw_svd,2000,1000,1000,0.0,0.9725623229350877,0.1094018186219998,0.9939259110708965,0.05510938635615346,0.025959321747754883,4.440892098500626e-16
confirmation,10012,16,4,0.5,4,full_state_oracle,2000,1000,1000,0.0,1.0,0.0,1.0,0.0,0.0,4.440892098500626e-16
confirmation,10012,16,4,1.0,4,correlon,2000,1000,1000,0.0,0.958020507626944,0.10939350681661658,0.9940050687364314,0.05474911535161413,0.03659906356837598,5.065392549852277e-16
confirmation,10012,16,4,1.0,4,cca_equivalent,2000,1000,1000,0.0,0.958020507626944,0.10939350681661658,0.9940050687364314,0.05474911535161413,0.03659906356837598,5.065392549852277e-16
confirmation,10012,16,4,1.0,4,raw_svd,2000,1000,1000,0.0,0.9583870284673083,0.1095127853395725,0.9939687350284815,0.0549147747492356,0.03550675611714251,3.3306690738754696e-16
confirmation,10012,16,4,1.0,4,full_state_oracle,2000,1000,1000,0.0,1.0,0.0,1.0,0.0,0.0,3.885780586188048e-16
confirmation,10013,4,1,0.1,4,correlon,2000,1000,1000,0.0,0.9970073367002762,0.06776259907785703,0.9978719747098357,0.03261920668995707,0.01533016952736249,5.551115123125783e-16
confirmation,10013,4,1,0.1,4,cca_equivalent,2000,1000,1000,0.0,0.9970073367002762,0.06776259907785703,0.9978719747098357,0.03261920668995707,0.01533016952736249,5.551115123125783e-16
confirmation,10013,4,1,0.1,4,raw_svd,2000,1000,1000,0.0,0.997007336700275,0.06776259907785713,0.9978719747098357,0.03261920668995718,0.015330169527362384,3.677613769070831e-16
confirmation,10013,4,1,0.1,4,full_state_oracle,2000,1000,1000,0.0,1.0,0.0,1.0,0.0,0.0,1.1102230246251565e-16
confirmation,10013,4,1,0.25,4,correlon,2000,1000,1000,0.0,1.00121622634887,0.07342570219618728,0.9977047894073746,0.03387632353595478,0.005767645407270025,2.220446049250313e-16
confirmation,10013,4,1,0.25,4,cca_equivalent,2000,1000,1000,0.0,1.00121622634887,0.07342570219618728,0.9977047894073746,0.03387632353595478,0.005767645407270025,2.220446049250313e-16
confirmation,10013,4,1,0.25,4,raw_svd,2000,1000,1000,0.0,1.0012162263488698,0.07342570219618727,0.9977047894073746,0.033876323535954767,0.005767645407269477,1.6653345369377348e-16
confirmation,10013,4,1,0.25,4,full_state_oracle,2000,1000,1000,0.0,1.0,0.0,1.0,0.0,0.0,1.8735013540549517e-16
confirmation,10013,4,1,0.5,4,correlon,2000,1000,1000,0.0,0.998847390604287,0.052661023300703005,0.9987635975369746,0.024863652819178343,0.022063307613351707,3.3306690738754696e-16
confirmation,10013,4,1,0.5,4,cca_equivalent,2000,1000,1000,0.0,0.998847390604287,0.052661023300703005,0.9987635975369746,0.024863652819178343,0.022063307613351707,3.3306690738754696e-16
confirmation,10013,4,1,0.5,4,raw_svd,2000,1000,1000,0.0,0.9988473906042873,0.052661023300704386,0.9987635975369746,0.024863652819178964,0.022063307613353296,1.214306433183765e-16
confirmation,10013,4,1,0.5,4,full_state_oracle,2000,1000,1000,0.0,1.0,0.0,1.0,0.0,0.0,6.106226635438361e-16
confirmation,10013,4,1,1.0,4,correlon,2000,1000,1000,0.0,0.9802730559865115,0.048761331006390275,0.9989083674633504,0.02336271106538767,0.015694683162106392,2.498001805406602e-16
confirmation,10013,4,1,1.0,4,cca_equivalent,2000,1000,1000,0.0,0.9802730559865115,0.048761331006390275,0.9989083674633504,0.02336271106538767,0.015694683162106392,2.498001805406602e-16
confirmation,10013,4,1,1.0,4,raw_svd,2000,1000,1000,0.0,0.9802730559865116,0.048761331006390865,0.9989083674633504,0.023362711065387995,0.015694683162106576,4.996003610813204e-16
confirmation,10013,4,1,1.0,4,full_state_oracle,2000,1000,1000,0.0,1.0,0.0,1.0,0.0,0.0,2.220446049250313e-16
confirmation,10013,4,2,0.1,4,correlon,2000,1000,1000,0.0,1.0032014264262694,0.06676018181766208,0.9981079070752683,0.0307578683000933,0.00582005950406124,2.498001805406602e-16
confirmation,10013,4,2,0.1,4,cca_equivalent,2000,1000,1000,0.0,1.0032014264262694,0.06676018181766208,0.9981079070752683,0.0307578683000933,0.00582005950406124,2.498001805406602e-16
confirmation,10013,4,2,0.1,4,raw_svd,2000,1000,1000,0.0,1.0032014264262687,0.0667601818176622,0.9981079070752683,0.030757868300093277,0.005820059504061892,2.7755575615628914e-16
confirmation,10013,4,2,0.1,4,full_state_oracle,2000,1000,1000,0.0,1.0,0.0,1.0,0.0,0.0,3.3306690738754696e-16
confirmation,10013,4,2,0.25,4,correlon,2000,1000,1000,0.0,0.9843315091292434,0.06474791882311197,0.9981963701568198,0.03003023345880065,0.010500840845596457,2.7755575615628914e-16
confirmation,10013,4,2,0.25,4,cca_equivalent,2000,1000,1000,0.0,0.9843315091292434,0.06474791882311197,0.9981963701568198,0.03003023345880065,0.010500840845596457,2.7755575615628914e-16
confirmation,10013,4,2,0.25,4,raw_svd,2000,1000,1000,0.0,0.9843315091292423,0.06474791882311144,0.99819637015682,0.030030233458800407,0.010500840845596396,1.3877787807814457e-16
confirmation,10013,4,2,0.25,4,full_state_oracle,2000,1000,1000,0.0,1.0,0.0,1.0,0.0,0.0,2.7755575615628914e-16
confirmation,10013,4,2,0.5,4,correlon,2000,1000,1000,0.0,1.0003072810937998,0.05995954264118152,0.9984500986276323,0.027837936097775424,0.007765774847152405,2.0816681711721685e-16
confirmation,10013,4,2,0.5,4,cca_equivalent,2000,1000,1000,0.0,1.0003072810937998,0.05995954264118152,0.9984500986276323,0.027837936097775424,0.007765774847152405,2.0816681711721685e-16
confirmation,10013,4,2,0.5,4,raw_svd,2000,1000,1000,0.0,1.0003072810937992,0.05995954264118162,0.9984500986276323,0.02783793609777552,0.007765774847152837,2.7755575615628914e-16
confirmation,10013,4,2,0.5,4,full_state_oracle,2000,1000,1000,0.0,1.0,0.0,1.0,0.0,0.0,2.220446049250313e-16
confirmation,10013,4,2,1.0,4,correlon,2000,1000,1000,0.0,0.9924646170757461,0.0483573955738024,0.9988121846137233,0.024370221442126624,0.01583977615547001,3.400058012914542e-16
confirmation,10013,4,2,1.0,4,cca_equivalent,2000,1000,1000,0.0,0.9924646170757461,0.0483573955738024,0.9988121846137233,0.024370221442126624,0.01583977615547001,3.400058012914542e-16
confirmation,10013,4,2,1.0,4,raw_svd,2000,1000,1000,0.0,0.9924646170757457,0.048357395573801684,0.9988121846137235,0.024370221442126378,0.015839776155470192,6.106226635438361e-16
confirmation,10013,4,2,1.0,4,full_state_oracle,2000,1000,1000,0.0,1.0,0.0,1.0,0.0,0.0,1.6653345369377348e-16
confirmation,10013,4,4,0.1,4,correlon,2000,1000,1000,0.0,0.9947467348033893,0.0741086859310489,0.9978085151904302,0.0331020000118554,0.02288755121760101,2.7755575615628914e-16
confirmation,10013,4,4,0.1,4,cca_equivalent,2000,1000,1000,0.0,0.9947467348033893,0.0741086859310489,0.9978085151904302,0.0331020000118554,0.02288755121760101,2.7755575615628914e-16
confirmation,10013,4,4,0.1,4,raw_svd,2000,1000,1000,0.0,0.9947467348033888,0.07410868593104862,0.9978085151904302,0.03310200001185524,0.022887551217600756,3.3306690738754696e-16
confirmation,10013,4,4,0.1,4,full_state_oracle,2000,1000,1000,0.0,1.0,0.0,1.0,0.0,0.0,1.6653345369377348e-16
confirmation,10013,4,4,0.25,4,correlon,2000,1000,1000,0.0,0.9998143828378562,0.06890998497849286,0.9981164653506448,0.03068822778652382,0.027995094350270013,4.440892098500626e-16
confirmation,10013,4,4,0.25,4,cca_equivalent,2000,1000,1000,0.0,0.9998143828378562,0.06890998497849286,0.9981164653506448,0.03068822778652382,0.027995094350270013,4.440892098500626e-16
confirmation,10013,4,4,0.25,4,raw_svd,2000,1000,1000,0.0,0.9998143828378551,0.06890998497849347,0.9981164653506448,0.030688227786524063,0.027995094350269884,4.440892098500626e-16
confirmation,10013,4,4,0.25,4,full_state_oracle,2000,1000,1000,0.0,1.0,0.0,1.0,0.0,0.0,2.7755575615628914e-16
confirmation,10013,4,4,0.5,4,correlon,2000,1000,1000,0.0,0.9982140297928845,0.06280045741576878,0.9983246574921029,0.02894255092331364,0.012211350600505742,1.6653345369377348e-16
confirmation,10013,4,4,0.5,4,cca_equivalent,2000,1000,1000,0.0,0.9982140297928845,0.06280045741576878,0.9983246574921029,0.02894255092331364,0.012211350600505742,1.6653345369377348e-16
confirmation,10013,4,4,0.5,4,raw_svd,2000,1000,1000,0.0,0.9982140297928845,0.06280045741576858,0.9983246574921029,0.028942550923313586,0.012211350600507083,2.220446049250313e-16
confirmation,10013,4,4,0.5,4,full_state_oracle,2000,1000,1000,0.0,1.0,0.0,1.0,0.0,0.0,1.6653345369377348e-16
confirmation,10013,4,4,1.0,4,correlon,2000,1000,1000,0.0,0.9866872319798876,0.0661068775604073,0.9979611849344945,0.03192816206349428,0.0336325905345204,2.498001805406602e-16
confirmation,10013,4,4,1.0,4,cca_equivalent,2000,1000,1000,0.0,0.9866872319798876,0.0661068775604073,0.9979611849344945,0.03192816206349428,0.0336325905345204,2.498001805406602e-16
confirmation,10013,4,4,1.0,4,raw_svd,2000,1000,1000,0.0,0.9866872319798876,0.0661068775604073,0.9979611849344945,0.031928162063494255,0.03363259053451947,1.6653345369377348e-16
confirmation,10013,4,4,1.0,4,full_state_oracle,2000,1000,1000,0.0,1.0,0.0,1.0,0.0,0.0,4.996003610813204e-16
confirmation,10013,8,1,0.1,4,correlon,2000,1000,1000,0.0,0.9808876665817755,0.08298364601837097,0.9967926841307562,0.04004569807884383,0.025746340569672347,4.440892098500626e-16
confirmation,10013,8,1,0.1,4,cca_equivalent,2000,1000,1000,0.0,0.9808876665817755,0.08298364601837097,0.9967926841307562,0.04004569807884383,0.025746340569672347,4.440892098500626e-16
confirmation,10013,8,1,0.1,4,raw_svd,2000,1000,1000,0.0,0.9809613745104483,0.08288860487451367,0.9967948103788893,0.040032421992121814,0.025470425288540557,4.440892098500626e-16
confirmation,10013,8,1,0.1,4,full_state_oracle,2000,1000,1000,0.0,1.0,0.0,1.0,0.0,0.0,2.220446049250313e-16
confirmation,10013,8,1,0.25,4,correlon,2000,1000,1000,0.0,0.9793065621733148,0.09244442235198862,0.9960240330546469,0.044586808280886216,0.02892667913825843,2.7755575615628914e-16
confirmation,10013,8,1,0.25,4,cca_equivalent,2000,1000,1000,0.0,0.9793065621733148,0.09244442235198862,0.9960240330546469,0.044586808280886216,0.02892667913825843,2.7755575615628914e-16
confirmation,10013,8,1,0.25,4,raw_svd,2000,1000,1000,0.0,0.9793122732649312,0.09252253936163801,0.9960160364994471,0.04463162276095743,0.028950406042442058,4.458239333260394e-16
confirmation,10013,8,1,0.25,4,full_state_oracle,2000,1000,1000,0.0,1.0,0.0,1.0,0.0,0.0,4.996003610813204e-16
confirmation,10013,8,1,0.5,4,correlon,2000,1000,1000,0.0,0.993533835702938,0.0912416670579053,0.9961195042033593,0.04404824512191571,0.026238175413944572,2.220446049250313e-16
confirmation,10013,8,1,0.5,4,cca_equivalent,2000,1000,1000,0.0,0.993533835702938,0.0912416670579053,0.9961195042033593,0.04404824512191571,0.026238175413944572,2.220446049250313e-16
confirmation,10013,8,1,0.5,4,raw_svd,2000,1000,1000,0.0,0.9935753367237524,0.09147783417138294,0.9961067272890198,0.04412070211918733,0.026566620266187783,3.885780586188048e-16
confirmation,10013,8,1,0.5,4,full_state_oracle,2000,1000,1000,0.0,1.0,0.0,1.0,0.0,0.0,2.7755575615628914e-16
confirmation,10013,8,1,1.0,4,correlon,2000,1000,1000,0.0,0.9839810591626889,0.07613755311273201,0.9972372767655975,0.03716667347505342,0.019323255902393234,3.885780586188048e-16
confirmation,10013,8,1,1.0,4,cca_equivalent,2000,1000,1000,0.0,0.9839810591626889,0.07613755311273201,0.9972372767655975,0.03716667347505342,0.019323255902393234,3.885780586188048e-16
confirmation,10013,8,1,1.0,4,raw_svd,2000,1000,1000,0.0,0.9840962172142509,0.07587169328039385,0.9972518740791515,0.03706835524304043,0.019394545659685646,4.440892098500626e-16
confirmation,10013,8,1,1.0,4,full_state_oracle,2000,1000,1000,0.0,1.0,0.0,1.0,0.0,0.0,3.885780586188048e-16
confirmation,10013,8,2,0.1,4,correlon,2000,1000,1000,0.0,0.9940543194949789,0.086462093273832,0.9963753188795256,0.042571593348583854,0.01680248107616199,3.3306690738754696e-16
confirmation,10013,8,2,0.1,4,cca_equivalent,2000,1000,1000,0.0,0.9940543194949789,0.086462093273832,0.9963753188795256,0.042571593348583854,0.01680248107616199,3.3306690738754696e-16
confirmation,10013,8,2,0.1,4,raw_svd,2000,1000,1000,0.0,0.9941221946984797,0.08628417098481213,0.9963885268155056,0.04249395947952138,0.016943241210808327,6.106226635438361e-16
confirmation,10013,8,2,0.1,4,full_state_oracle,2000,1000,1000,0.0,1.0,0.0,1.0,0.0,0.0,3.885780586188048e-16
confirmation,10013,8,2,0.25,4,correlon,2000,1000,1000,0.0,0.987167695348281,0.07963671003919787,0.9970955695341931,0.038107941861289185,0.025824832527136583,3.3306690738754696e-16
confirmation,10013,8,2,0.25,4,cca_equivalent,2000,1000,1000,0.0,0.987167695348281,0.07963671003919787,0.9970955695341931,0.038107941861289185,0.025824832527136583,3.3306690738754696e-16
confirmation,10013,8,2,0.25,4,raw_svd,2000,1000,1000,0.0,0.9873336094156953,0.07901816421779853,0.9971364716508428,0.037838659788351665,0.02483698922113884,2.0816681711721685e-16
confirmation,10013,8,2,0.25,4,full_state_oracle,2000,1000,1000,0.0,1.0,0.0,1.0,0.0,0.0,2.7755575615628914e-16
confirmation,10013,8,2,0.5,4,correlon,2000,1000,1000,0.0,0.9775330651103192,0.07706404553600513,0.9972871813804232,0.03682946252375191,0.014790340261550336,3.3306690738754696e-16
confirmation,10013,8,2,0.5,4,cca_equivalent,2000,1000,1000,0.0,0.9775330651103192,0.07706404553600513,0.9972871813804232,0.03682946252375191,0.014790340261550336,3.3306690738754696e-16
confirmation,10013,8,2,0.5,4,raw_svd,2000,1000,1000,0.0,0.9776292403944513,0.07695483837491554,0.9972808921697127,0.03687212924613426,0.014912563793614697,3.3306690738754696e-16
confirmation,10013,8,2,0.5,4,full_state_oracle,2000,1000,1000,0.0,1.0,0.0,1.0,0.0,0.0,3.885780586188048e-16
confirmation,10013,8,2,1.0,4,correlon,2000,1000,1000,0.0,0.9987668904932828,0.0827231482199535,0.9969042691916961,0.03934292063576334,0.021294869473495105,5.342948306008566e-16
confirmation,10013,8,2,1.0,4,cca_equivalent,2000,1000,1000,0.0,0.9987668904932828,0.0827231482199535,0.9969042691916961,0.03934292063576334,0.021294869473495105,5.342948306008566e-16
confirmation,10013,8,2,1.0,4,raw_svd,2000,1000,1000,0.0,0.9993892467777424,0.08137203104826743,0.9969501051039718,0.03905057551450638,0.02039335170995385,3.469446951953614e-16
confirmation,10013,8,2,1.0,4,full_state_oracle,2000,1000,1000,0.0,1.0,0.0,1.0,0.0,0.0,8.049116928532385e-16
confirmation,10013,8,4,0.1,4,correlon,2000,1000,1000,0.0,0.976040753415789,0.08233957783482931,0.9969306693302741,0.03917480484779634,0.017547813523505883,4.440892098500626e-16
confirmation,10013,8,4,0.1,4,cca_equivalent,2000,1000,1000,0.0,0.976040753415789,0.08233957783482931,0.9969306693302741,0.03917480484779634,0.017547813523505883,4.440892098500626e-16
confirmation,10013,8,4,0.1,4,raw_svd,2000,1000,1000,0.0,0.976454513257843,0.08081740912306953,0.9970037433263299,0.03870566285228897,0.01712187966647169,2.220446049250313e-16
confirmation,10013,8,4,0.1,4,full_state_oracle,2000,1000,1000,0.0,1.0,0.0,1.0,0.0,0.0,4.0245584642661925e-16
confirmation,10013,8,4,0.25,4,correlon,2000,1000,1000,0.0,0.997588170071425,0.072931260225285,0.997333988969778,0.03651034805518802,0.011292430289260448,3.885780586188048e-16
confirmation,10013,8,4,0.25,4,cca_equivalent,2000,1000,1000,0.0,0.997588170071425,0.072931260225285,0.997333988969778,0.03651034805518802,0.011292430289260448,3.885780586188048e-16
confirmation,10013,8,4,0.25,4,raw_svd,2000,1000,1000,0.0,0.9977038684325765,0.07286768401186393,0.9973361534050539,0.03649552434851509,0.010899052513344318,3.3306690738754696e-16
confirmation,10013,8,4,0.25,4,full_state_oracle,2000,1000,1000,0.0,1.0,0.0,1.0,0.0,0.0,3.608224830031759e-16
confirmation,10013,8,4,0.5,4,correlon,2000,1000,1000,0.0,0.9785799268413751,0.08100107615782828,0.9967523215042736,0.040296888811211684,0.029870773739935262,2.7755575615628914e-16
confirmation,10013,8,4,0.5,4,cca_equivalent,2000,1000,1000,0.0,0.9785799268413751,0.08100107615782828,0.9967523215042736,0.040296888811211684,0.029870773739935262,2.7755575615628914e-16
confirmation,10013,8,4,0.5,4,raw_svd,2000,1000,1000,0.0,0.9786122651327095,0.08149220247304967,0.9967097730959938,0.04055999817558005,0.029592753866381587,4.440892098500626e-16
confirmation,10013,8,4,0.5,4,full_state_oracle,2000,1000,1000,0.0,1.0,0.0,1.0,0.0,0.0,5.551115123125783e-16
confirmation,10013,8,4,1.0,4,correlon,2000,1000,1000,0.0,0.9817019294052544,0.08499779978582679,0.9964052709905453,0.04239533588412002,0.020688523752195848,2.7755575615628914e-16
confirmation,10013,8,4,1.0,4,cca_equivalent,2000,1000,1000,0.0,0.9817019294052544,0.08499779978582679,0.9964052709905453,0.04239533588412002,0.020688523752195848,2.7755575615628914e-16
confirmation,10013,8,4,1.0,4,raw_svd,2000,1000,1000,0.0,0.9816597483827888,0.08464470465208698,0.9964339377888538,0.04222595298596728,0.021212888394385947,8.881784197001252e-16
confirmation,10013,8,4,1.0,4,full_state_oracle,2000,1000,1000,0.0,1.0,0.0,1.0,0.0,0.0,3.3306690738754696e-16
confirmation,10013,16,1,0.1,4,correlon,2000,1000,1000,0.0,0.9751954308436105,0.111868331161789,0.9939832061047263,0.054848855481557546,0.025371219376336074,4.440892098500626e-16
confirmation,10013,16,1,0.1,4,cca_equivalent,2000,1000,1000,0.0,0.9751954308436105,0.111868331161789,0.9939832061047263,0.054848855481557546,0.025371219376336074,4.440892098500626e-16
confirmation,10013,16,1,0.1,4,raw_svd,2000,1000,1000,0.0,0.9761747950363872,0.10923167254833924,0.9941870885259955,0.053911554763355476,0.02312018078724444,5.551115123125783e-16
confirmation,10013,16,1,0.1,4,full_state_oracle,2000,1000,1000,0.0,1.0,0.0,1.0,0.0,0.0,4.996003610813204e-16
confirmation,10013,16,1,0.25,4,correlon,2000,1000,1000,0.0,0.9760822675767798,0.11584828112631777,0.9935023571732159,0.056998433429279946,0.02737371573359438,4.996003610813204e-16
confirmation,10013,16,1,0.25,4,cca_equivalent,2000,1000,1000,0.0,0.9760822675767798,0.11584828112631777,0.9935023571732159,0.056998433429279946,0.02737371573359438,4.996003610813204e-16
confirmation,10013,16,1,0.25,4,raw_svd,2000,1000,1000,0.0,0.9779213811166495,0.11182593561066441,0.9937758033948635,0.05578618379642276,0.025580147362607795,7.216449660063518e-16
confirmation,10013,16,1,0.25,4,full_state_oracle,2000,1000,1000,0.0,1.0,0.0,1.0,0.0,0.0,3.885780586188048e-16
confirmation,10013,16,1,0.5,4,correlon,2000,1000,1000,0.0,0.9708792001082717,0.11300362122123313,0.9937372695683978,0.05595860269700372,0.03454044623444701,3.885780586188048e-16
confirmation,10013,16,1,0.5,4,cca_equivalent,2000,1000,1000,0.0,0.9708792001082717,0.11300362122123313,0.9937372695683978,0.05595860269700372,0.03454044623444701,3.885780586188048e-16
confirmation,10013,16,1,0.5,4,raw_svd,2000,1000,1000,0.0,0.9712439847619287,0.11217112425120604,0.9938189468296401,0.05559250475720585,0.033795051680305915,3.3306690738754696e-16
confirmation,10013,16,1,0.5,4,full_state_oracle,2000,1000,1000,0.0,1.0,0.0,1.0,0.0,0.0,3.400058012914542e-16
confirmation,10013,16,1,1.0,4,correlon,2000,1000,1000,0.0,0.966445415273211,0.116784495309394,0.9932954407656893,0.05789887405775131,0.02937463223816583,3.469446951953614e-16
confirmation,10013,16,1,1.0,4,cca_equivalent,2000,1000,1000,0.0,0.966445415273211,0.116784495309394,0.9932954407656893,0.05789887405775131,0.02937463223816583,3.469446951953614e-16
confirmation,10013,16,1,1.0,4,raw_svd,2000,1000,1000,0.0,0.9673675979374954,0.11449274039782201,0.9934801874893927,0.057095588755206435,0.02861706718012722,6.106226635438361e-16
confirmation,10013,16,1,1.0,4,full_state_oracle,2000,1000,1000,0.0,1.0,0.0,1.0,0.0,0.0,6.106226635438361e-16
confirmation,10013,16,2,0.1,4,correlon,2000,1000,1000,0.0,0.9690654155738521,0.11397269367482339,0.9937877651035307,0.05573255285947923,0.02982562512868813,4.440892098500626e-16
confirmation,10013,16,2,0.1,4,cca_equivalent,2000,1000,1000,0.0,0.9690654155738521,0.11397269367482339,0.9937877651035307,0.05573255285947923,0.02982562512868813,4.440892098500626e-16
confirmation,10013,16,2,0.1,4,raw_svd,2000,1000,1000,0.0,0.9707495048117372,0.10995016461335648,0.9941069348213321,0.054281972968324786,0.02808401900709936,6.106226635438361e-16
confirmation,10013,16,2,0.1,4,full_state_oracle,2000,1000,1000,0.0,1.0,0.0,1.0,0.0,0.0,4.440892098500626e-16
confirmation,10013,16,2,0.25,4,correlon,2000,1000,1000,0.0,0.9729084362408924,0.11512412521282873,0.9934482497126478,0.05723526136636454,0.029178795358669855,4.718447854656915e-16
confirmation,10013,16,2,0.25,4,cca_equivalent,2000,1000,1000,0.0,0.9729084362408924,0.11512412521282873,0.9934482497126478,0.05723526136636454,0.029178795358669855,4.718447854656915e-16
confirmation,10013,16,2,0.25,4,raw_svd,2000,1000,1000,0.0,0.9733621436630339,0.11429149454010108,0.9935053728686548,0.05698520479626778,0.028656600565429662,4.996003610813204e-16
confirmation,10013,16,2,0.25,4,full_state_oracle,2000,1000,1000,0.0,1.0,0.0,1.0,0.0,0.0,3.3306690738754696e-16
confirmation,10013,16,2,0.5,4,correlon,2000,1000,1000,0.0,0.9734027876075015,0.11399817317085763,0.9936664050775309,0.05627430551534615,0.025875689416386623,3.885780586188048e-16
confirmation,10013,16,2,0.5,4,cca_equivalent,2000,1000,1000,0.0,0.9734027876075015,0.11399817317085763,0.9936664050775309,0.05627430551534615,0.025875689416386623,3.885780586188048e-16
confirmation,10013,16,2,0.5,4,raw_svd,2000,1000,1000,0.0,0.974645654539104,0.11074693648341391,0.9939422568704616,0.05503518478908926,0.024576232335335117,4.787836793695988e-16
confirmation,10013,16,2,0.5,4,full_state_oracle,2000,1000,1000,0.0,1.0,0.0,1.0,0.0,0.0,3.3306690738754696e-16
confirmation,10013,16,2,1.0,4,correlon,2000,1000,1000,0.0,0.9716616485632404,0.11918714810273907,0.993030741776421,0.05903074717288883,0.028138866257814782,6.661338147750939e-16
confirmation,10013,16,2,1.0,4,cca_equivalent,2000,1000,1000,0.0,0.9716616485632404,0.11918714810273907,0.993030741776421,0.05903074717288883,0.028138866257814782,6.661338147750939e-16
confirmation,10013,16,2,1.0,4,raw_svd,2000,1000,1000,0.0,0.9721332238157899,0.11857230131048223,0.993071054243783,0.058859773004221905,0.02730757564679879,4.440892098500626e-16
confirmation,10013,16,2,1.0,4,full_state_oracle,2000,1000,1000,0.0,1.0,0.0,1.0,0.0,0.0,3.885780586188048e-16
confirmation,10013,16,4,0.1,4,correlon,2000,1000,1000,0.0,0.9815265024254605,0.11593442774968986,0.9935418406169918,0.05682499178622158,0.02906842074698112,7.771561172376096e-16
confirmation,10013,16,4,0.1,4,cca_equivalent,2000,1000,1000,0.0,0.9815265024254605,0.11593442774968986,0.9935418406169918,0.05682499178622158,0.02906842074698112,7.771561172376096e-16
confirmation,10013,16,4,0.1,4,raw_svd,2000,1000,1000,0.0,0.9824789685261419,0.11355681263351185,0.9937374829706166,0.05595764929562065,0.02772401419790175,4.440892098500626e-16
confirmation,10013,16,4,0.1,4,full_state_oracle,2000,1000,1000,0.0,1.0,0.0,1.0,0.0,0.0,2.7755575615628914e-16
confirmation,10013,16,4,0.25,4,correlon,2000,1000,1000,0.0,0.9746942148462036,0.11268587056186993,0.9936421205822503,0.056382086772970866,0.027675560009884533,5.551115123125783e-16
confirmation,10013,16,4,0.25,4,cca_equivalent,2000,1000,1000,0.0,0.9746942148462036,0.11268587056186993,0.9936421205822503,0.056382086772970866,0.027675560009884533,5.551115123125783e-16
confirmation,10013,16,4,0.25,4,raw_svd,2000,1000,1000,0.0,0.9754041261513386,0.11078573574182139,0.9938054781936475,0.0556530403767502,0.026659968048933003,4.440892098500626e-16
confirmation,10013,16,4,0.25,4,full_state_oracle,2000,1000,1000,0.0,1.0,0.0,1.0,0.0,0.0,5.689893001203927e-16
confirmation,10013,16,4,0.5,4,correlon,2000,1000,1000,0.0,0.9786091203799508,0.11866337113078736,0.9929638332458719,0.05931343336095181,0.030720456952655337,3.3306690738754696e-16
confirmation,10013,16,4,0.5,4,cca_equivalent,2000,1000,1000,0.0,0.9786091203799508,0.11866337113078736,0.9929638332458719,0.05931343336095181,0.030720456952655337,3.3306690738754696e-16
confirmation,10013,16,4,0.5,4,raw_svd,2000,1000,1000,0.0,0.9807901799553451,0.11293847813743253,0.9935218825291817,0.05691272911580595,0.027716226452544793,4.996003610813204e-16
confirmation,10013,16,4,0.5,4,full_state_oracle,2000,1000,1000,0.0,1.0,0.0,1.0,0.0,0.0,4.996003610813204e-16
confirmation,10013,16,4,1.0,4,correlon,2000,1000,1000,0.0,0.9797120603835628,0.10291392412061551,0.9947769889246074,0.05110289167646312,0.022442331793245947,5.551115123125783e-16
confirmation,10013,16,4,1.0,4,cca_equivalent,2000,1000,1000,0.0,0.9797120603835628,0.10291392412061551,0.9947769889246074,0.05110289167646312,0.022442331793245947,5.551115123125783e-16
confirmation,10013,16,4,1.0,4,raw_svd,2000,1000,1000,0.0,0.9801812915330581,0.10360238602499644,0.9946938466880008,0.05150802516113036,0.02181537963862243,3.3306690738754696e-16
confirmation,10013,16,4,1.0,4,full_state_oracle,2000,1000,1000,0.0,1.0,0.0,1.0,0.0,0.0,4.996003610813204e-16
confirmation,10014,4,1,0.1,4,correlon,2000,1000,1000,0.0,0.9868860044767699,0.07438892648807824,0.9976177473186044,0.03451269825292962,0.022779245974500453,3.885780586188048e-16
confirmation,10014,4,1,0.1,4,cca_equivalent,2000,1000,1000,0.0,0.9868860044767699,0.07438892648807824,0.9976177473186044,0.03451269825292962,0.022779245974500453,3.885780586188048e-16
confirmation,10014,4,1,0.1,4,raw_svd,2000,1000,1000,0.0,0.9868860044767699,0.07438892648807915,0.9976177473186044,0.034512698252930026,0.02277924597450049,2.220446049250313e-16
confirmation,10014,4,1,0.1,4,full_state_oracle,2000,1000,1000,0.0,1.0,0.0,1.0,0.0,0.0,1.3877787807814457e-16
confirmation,10014,4,1,0.25,4,correlon,2000,1000,1000,0.0,0.9979172299840411,0.06199812981313011,0.998425788890325,0.028055401526934347,0.008869275579676775,2.220446049250313e-16
confirmation,10014,4,1,0.25,4,cca_equivalent,2000,1000,1000,0.0,0.9979172299840411,0.06199812981313011,0.998425788890325,0.028055401526934347,0.008869275579676775,2.220446049250313e-16
confirmation,10014,4,1,0.25,4,raw_svd,2000,1000,1000,0.0,0.9979172299840414,0.061998129813130146,0.998425788890325,0.028055401526934302,0.008869275579675557,1.6653345369377348e-16
confirmation,10014,4,1,0.25,4,full_state_oracle,2000,1000,1000,0.0,1.0,0.0,1.0,0.0,0.0,2.498001805406602e-16
confirmation,10014,4,1,0.5,4,correlon,2000,1000,1000,0.0,0.9949111750535433,0.05684193540945874,0.9986707242461712,0.025780571694871315,0.010516488937297671,4.718447854656915e-16
confirmation,10014,4,1,0.5,4,cca_equivalent,2000,1000,1000,0.0,0.9949111750535433,0.05684193540945874,0.9986707242461712,0.025780571694871315,0.010516488937297671,4.718447854656915e-16
confirmation,10014,4,1,0.5,4,raw_svd,2000,1000,1000,0.0,0.9949111750535442,0.05684193540945876,0.9986707242461712,0.025780571694871326,0.010516488937297095,2.220446049250313e-16
confirmation,10014,4,1,0.5,4,full_state_oracle,2000,1000,1000,0.0,1.0,0.0,1.0,0.0,0.0,5.551115123125783e-16
confirmation,10014,4,1,1.0,4,correlon,2000,1000,1000,0.0,0.9926872309954591,0.06215912136564941,0.9982398970508635,0.029665661539366416,0.010691955848922458,2.7755575615628914e-16
confirmation,10014,4,1,1.0,4,cca_equivalent,2000,1000,1000,0.0,0.9926872309954591,0.06215912136564941,0.9982398970508635,0.029665661539366416,0.010691955848922458,2.7755575615628914e-16
confirmation,10014,4,1,1.0,4,raw_svd,2000,1000,1000,0.0,0.9926872309954616,0.06215912136564946,0.9982398970508636,0.0296656615393664,0.010691955848922956,2.498001805406602e-16
confirmation,10014,4,1,1.0,4,full_state_oracle,2000,1000,1000,0.0,1.0,0.0,1.0,0.0,0.0,1.1102230246251565e-16
confirmation,10014,4,2,0.1,4,correlon,2000,1000,1000,0.0,0.9932581319420589,0.05325293489078915,0.9986659483072737,0.025826843523030812,0.008977004245799947,3.3306690738754696e-16
confirmation,10014,4,2,0.1,4,cca_equivalent,2000,1000,1000,0.0,0.9932581319420589,0.05325293489078915,0.9986659483072737,0.025826843523030812,0.008977004245799947,3.3306690738754696e-16
confirmation,10014,4,2,0.1,4,raw_svd,2000,1000,1000,0.0,0.9932581319420593,0.05325293489078876,0.9986659483072737,0.025826843523030583,0.008977004245799383,3.3306690738754696e-16
confirmation,10014,4,2,0.1,4,full_state_oracle,2000,1000,1000,0.0,1.0,0.0,1.0,0.0,0.0,1.1102230246251565e-16
confirmation,10014,4,2,0.25,4,correlon,2000,1000,1000,0.0,0.995979997594873,0.06384745357328009,0.9983499043863815,0.028723645430362953,0.014792115123168447,2.7755575615628914e-16
confirmation,10014,4,2,0.25,4,cca_equivalent,2000,1000,1000,0.0,0.995979997594873,0.06384745357328009,0.9983499043863815,0.028723645430362953,0.014792115123168447,2.7755575615628914e-16
confirmation,10014,4,2,0.25,4,raw_svd,2000,1000,1000,0.0,0.9959799975948738,0.06384745357327974,0.9983499043863815,0.028723645430362797,0.014792115123167752,5.551115123125783e-16
confirmation,10014,4,2,0.25,4,full_state_oracle,2000,1000,1000,0.0,1.0,0.0,1.0,0.0,0.0,4.440892098500626e-16
confirmation,10014,4,2,0.5,4,correlon,2000,1000,1000,0.0,1.0148685175857293,0.06181927214808758,0.9984308119824429,0.028010605291185212,0.022149420653684138,3.3306690738754696e-16
confirmation,10014,4,2,0.5,4,cca_equivalent,2000,1000,1000,0.0,1.0148685175857293,0.06181927214808758,0.9984308119824429,0.028010605291185212,0.022149420653684138,3.3306690738754696e-16
confirmation,10014,4,2,0.5,4,raw_svd,2000,1000,1000,0.0,1.0148685175857295,0.06181927214808835,0.9984308119824428,0.028010605291185604,0.02214942065368402,2.220446049250313e-16
confirmation,10014,4,2,0.5,4,full_state_oracle,2000,1000,1000,0.0,1.0,0.0,1.0,0.0,0.0,4.718447854656915e-16
confirmation,10014,4,2,1.0,4,correlon,2000,1000,1000,0.0,0.9613655660671536,0.06786089383209928,0.9979353921648593,0.0321294867305769,0.0324149064978365,3.191891195797325e-16
confirmation,10014,4,2,1.0,4,cca_equivalent,2000,1000,1000,0.0,0.9613655660671536,0.06786089383209928,0.9979353921648593,0.0321294867305769,0.0324149064978365,3.191891195797325e-16
confirmation,10014,4,2,1.0,4,raw_svd,2000,1000,1000,0.0,0.9613655660671536,0.06786089383209946,0.9979353921648593,0.03212948673057695,0.032414906497837,2.220446049250313e-16
confirmation,10014,4,2,1.0,4,full_state_oracle,2000,1000,1000,0.0,1.0,0.0,1.0,0.0,0.0,3.3306690738754696e-16
confirmation,10014,4,4,0.1,4,correlon,2000,1000,1000,0.0,0.993865470105475,0.07621986522776258,0.997573980856464,0.03482828694851367,0.015107385881641643,1.1102230246251565e-16
confirmation,10014,4,4,0.1,4,cca_equivalent,2000,1000,1000,0.0,0.993865470105475,0.07621986522776258,0.997573980856464,0.03482828694851367,0.015107385881641643,1.1102230246251565e-16
confirmation,10014,4,4,0.1,4,raw_svd,2000,1000,1000,0.0,0.9938654701054741,0.07621986522776246,0.997573980856464,0.034828286948513566,0.015107385881641506,1.3877787807814457e-16
confirmation,10014,4,4,0.1,4,full_state_oracle,2000,1000,1000,0.0,1.0,0.0,1.0,0.0,0.0,1.6653345369377348e-16
confirmation,10014,4,4,0.25,4,correlon,2000,1000,1000,0.0,0.9849142097802629,0.06342978756814095,0.9982389065663384,0.029674007427895537,0.02067556178968927,4.163336342344337e-16
confirmation,10014,4,4,0.25,4,cca_equivalent,2000,1000,1000,0.0,0.9849142097802629,0.06342978756814095,0.9982389065663384,0.029674007427895537,0.02067556178968927,4.163336342344337e-16
confirmation,10014,4,4,0.25,4,raw_svd,2000,1000,1000,0.0,0.9849142097802639,0.0634297875681404,0.9982389065663384,0.029674007427895378,0.0206755617896896,2.220446049250313e-16
confirmation,10014,4,4,0.25,4,full_state_oracle,2000,1000,1000,0.0,1.0,0.0,1.0,0.0,0.0,1.6653345369377348e-16
confirmation,10014,4,4,0.5,4,correlon,2000,1000,1000,0.0,0.993914290933216,0.04687229366064853,0.9991293985388804,0.02086386183235906,0.01670171463863967,3.0531133177191805e-16
confirmation,10014,4,4,0.5,4,cca_equivalent,2000,1000,1000,0.0,0.993914290933216,0.04687229366064853,0.9991293985388804,0.02086386183235906,0.01670171463863967,3.0531133177191805e-16
confirmation,10014,4,4,0.5,4,raw_svd,2000,1000,1000,0.0,0.9939142909332138,0.04687229366064844,0.9991293985388804,0.02086386183235897,0.016701714638640095,2.7755575615628914e-16
confirmation,10014,4,4,0.5,4,full_state_oracle,2000,1000,1000,0.0,1.0,0.0,1.0,0.0,0.0,3.3306690738754696e-16
confirmation,10014,4,4,1.0,4,correlon,2000,1000,1000,0.0,0.9878350679495699,0.07989138952300057,0.9974709914450033,0.03555986891846434,0.01166051616309901,5.551115123125783e-16
confirmation,10014,4,4,1.0,4,cca_equivalent,2000,1000,1000,0.0,0.9878350679495699,0.07989138952300057,0.9974709914450033,0.03555986891846434,0.01166051616309901,5.551115123125783e-16
confirmation,10014,4,4,1.0,4,raw_svd,2000,1000,1000,0.0,0.987835067949571,0.0798913895230005,0.9974709914450033,0.03555986891846431,0.011660516163098364,4.440892098500626e-16
confirmation,10014,4,4,1.0,4,full_state_oracle,2000,1000,1000,0.0,1.0,0.0,1.0,0.0,0.0,2.220446049250313e-16
confirmation,10014,8,1,0.1,4,correlon,2000,1000,1000,0.0,0.9792118552942851,0.09138302892960255,0.9960359349471116,0.044520023881891434,0.01743499543734642,6.557254739192331e-16
confirmation,10014,8,1,0.1,4,cca_equivalent,2000,1000,1000,0.0,0.9792118552942851,0.09138302892960255,0.9960359349471116,0.044520023881891434,0.01743499543734642,6.557254739192331e-16
confirmation,10014,8,1,0.1,4,raw_svd,2000,1000,1000,0.0,0.9797380959862005,0.08985023099291156,0.9961055796737824,0.04412720434277225,0.01698452589256544,3.3306690738754696e-16
confirmation,10014,8,1,0.1,4,full_state_oracle,2000,1000,1000,0.0,1.0,0.0,1.0,0.0,0.0,1.942890293094024e-16
confirmation,10014,8,1,0.25,4,correlon,2000,1000,1000,0.0,0.9711627678499367,0.09245097430639103,0.996046766502111,0.04445915821227903,0.015845238705186948,3.3306690738754696e-16
confirmation,10014,8,1,0.25,4,cca_equivalent,2000,1000,1000,0.0,0.9711627678499367,0.09245097430639103,0.996046766502111,0.04445915821227903,0.015845238705186948,3.3306690738754696e-16
confirmation,10014,8,1,0.25,4,raw_svd,2000,1000,1000,0.0,0.9712608877756168,0.09210963340337426,0.9960747974057377,0.044301256157485897,0.015744409733613834,4.440892098500626e-16
confirmation,10014,8,1,0.25,4,full_state_oracle,2000,1000,1000,0.0,1.0,0.0,1.0,0.0,0.0,3.3306690738754696e-16
confirmation,10014,8,1,0.5,4,correlon,2000,1000,1000,0.0,0.9786141642196462,0.09207947471027189,0.9961309195450856,0.04398340854751044,0.014614891397721581,6.38378239159465e-16
confirmation,10014,8,1,0.5,4,cca_equivalent,2000,1000,1000,0.0,0.9786141642196462,0.09207947471027189,0.9961309195450856,0.04398340854751044,0.014614891397721581,6.38378239159465e-16
confirmation,10014,8,1,0.5,4,raw_svd,2000,1000,1000,0.0,0.9785767046374645,0.09207804245673838,0.9961345270059652,0.04396289909705025,0.014446479495839196,2.7755575615628914e-16
confirmation,10014,8,1,0.5,4,full_state_oracle,2000,1000,1000,0.0,1.0,0.0,1.0,0.0,0.0,3.2612801348363973e-16
confirmation,10014,8,1,1.0,4,correlon,2000,1000,1000,0.0,0.9874558438317107,0.08837229844081809,0.9963379411518279,0.04279052960744937,0.015195858947089799,3.885780586188048e-16
confirmation,10014,8,1,1.0,4,cca_equivalent,2000,1000,1000,0.0,0.9874558438317107,0.08837229844081809,0.9963379411518279,0.04279052960744937,0.015195858947089799,3.885780586188048e-16
confirmation,10014,8,1,1.0,4,raw_svd,2000,1000,1000,0.0,0.9877800239830454,0.08730373534928368,0.9963872464897227,0.0425014912107645,0.01501630141630398,5.551115123125783e-16
confirmation,10014,8,1,1.0,4,full_state_oracle,2000,1000,1000,0.0,1.0,0.0,1.0,0.0,0.0,2.220446049250313e-16
confirmation,10014,8,2,0.1,4,correlon,2000,1000,1000,0.0,0.9818767487350496,0.08877146407866164,0.996296329526147,0.043032955242772404,0.021384820565911553,3.885780586188048e-16
confirmation,10014,8,2,0.1,4,cca_equivalent,2000,1000,1000,0.0,0.9818767487350496,0.08877146407866164,0.996296329526147,0.043032955242772404,0.021384820565911553,3.885780586188048e-16
confirmation,10014,8,2,0.1,4,raw_svd,2000,1000,1000,0.0,0.9820853192892024,0.08821795905027137,0.9963182087923153,0.042905659345154314,0.02088824594989186,4.440892098500626e-16
confirmation,10014,8,2,0.1,4,full_state_oracle,2000,1000,1000,0.0,1.0,0.0,1.0,0.0,0.0,3.3306690738754696e-16
confirmation,10014,8,2,0.25,4,correlon,2000,1000,1000,0.0,0.9645652425060687,0.09147773172221438,0.9963218318655829,0.04288454345342271,0.022251130800932033,3.885780586188048e-16
confirmation,10014,8,2,0.25,4,cca_equivalent,2000,1000,1000,0.0,0.9645652425060687,0.09147773172221438,0.9963218318655829,0.04288454345342271,0.022251130800932033,3.885780586188048e-16
confirmation,10014,8,2,0.25,4,raw_svd,2000,1000,1000,0.0,0.9646116107003496,0.09196958599439596,0.9962795337536818,0.043130419927925094,0.022694720606705993,5.412337245047638e-16
confirmation,10014,8,2,0.25,4,full_state_oracle,2000,1000,1000,0.0,1.0,0.0,1.0,0.0,0.0,5.551115123125783e-16
confirmation,10014,8,2,0.5,4,correlon,2000,1000,1000,0.0,0.9783526151554962,0.09197344426898346,0.9960512710726468,0.04443382116897698,0.019591727698340312,4.440892098500626e-16
confirmation,10014,8,2,0.5,4,cca_equivalent,2000,1000,1000,0.0,0.9783526151554962,0.09197344426898346,0.9960512710726468,0.04443382116897698,0.019591727698340312,4.440892098500626e-16
confirmation,10014,8,2,0.5,4,raw_svd,2000,1000,1000,0.0,0.9788330242664974,0.0898721868498768,0.9961881448722403,0.043656930307568315,0.019261300953961107,3.3306690738754696e-16
confirmation,10014,8,2,0.5,4,full_state_oracle,2000,1000,1000,0.0,1.0,0.0,1.0,0.0,0.0,3.885780586188048e-16
confirmation,10014,8,2,1.0,4,correlon,2000,1000,1000,0.0,1.0014326354274867,0.08533312067318861,0.9966719871913188,0.040792234608324596,0.01417296907000988,4.163336342344337e-16
confirmation,10014,8,2,1.0,4,cca_equivalent,2000,1000,1000,0.0,1.0014326354274867,0.08533312067318861,0.9966719871913188,0.040792234608324596,0.01417296907000988,4.163336342344337e-16
confirmation,10014,8,2,1.0,4,raw_svd,2000,1000,1000,0.0,1.001910531987843,0.08465393640471652,0.9966783037754382,0.04075350429448834,0.012210785515296328,4.440892098500626e-16
confirmation,10014,8,2,1.0,4,full_state_oracle,2000,1000,1000,0.0,1.0,0.0,1.0,0.0,0.0,4.996003610813204e-16
confirmation,10014,8,4,0.1,4,correlon,2000,1000,1000,0.0,0.9929208329343939,0.10420222680727403,0.9951593909313611,0.04919659067780504,0.021634933209171835,4.440892098500626e-16
confirmation,10014,8,4,0.1,4,cca_equivalent,2000,1000,1000,0.0,0.9929208329343939,0.10420222680727403,0.9951593909313611,0.04919659067780504,0.021634933209171835,4.440892098500626e-16
confirmation,10014,8,4,0.1,4,raw_svd,2000,1000,1000,0.0,0.9929211653134483,0.10419280838003979,0.9951606507775714,0.049190188159981045,0.021643131863509878,3.885780586188048e-16
confirmation,10014,8,4,0.1,4,full_state_oracle,2000,1000,1000,0.0,1.0,0.0,1.0,0.0,0.0,4.440892098500626e-16
confirmation,10014,8,4,0.25,4,correlon,2000,1000,1000,0.0,0.9827091780308014,0.08198356537343285,0.9966311531650419,0.04104172775942906,0.016459495850603786,4.718447854656915e-16
confirmation,10014,8,4,0.25,4,cca_equivalent,2000,1000,1000,0.0,0.9827091780308014,0.08198356537343285,0.9966311531650419,0.04104172775942906,0.016459495850603786,4.718447854656915e-16
confirmation,10014,8,4,0.25,4,raw_svd,2000,1000,1000,0.0,0.9826638225558084,0.08227321448479688,0.9966176033126426,0.04112418198187917,0.01644669753372446,5.551115123125783e-16
confirmation,10014,8,4,0.25,4,full_state_oracle,2000,1000,1000,0.0,1.0,0.0,1.0,0.0,0.0,3.885780586188048e-16
confirmation,10014,8,4,0.5,4,correlon,2000,1000,1000,0.0,0.9777478373556847,0.09382875101435846,0.9957160601829534,0.04628142077036145,0.014122838761309629,4.440892098500626e-16
confirmation,10014,8,4,0.5,4,cca_equivalent,2000,1000,1000,0.0,0.9777478373556847,0.09382875101435846,0.9957160601829534,0.04628142077036145,0.014122838761309629,4.440892098500626e-16
confirmation,10014,8,4,0.5,4,raw_svd,2000,1000,1000,0.0,0.9779091441848444,0.09248559066120599,0.9958228832557795,0.045700748047600166,0.014451477379909268,4.440892098500626e-16
confirmation,10014,8,4,0.5,4,full_state_oracle,2000,1000,1000,0.0,1.0,0.0,1.0,0.0,0.0,3.2612801348363973e-16
confirmation,10014,8,4,1.0,4,correlon,2000,1000,1000,0.0,0.9724596881596757,0.08359613974614882,0.9965791601332525,0.041357223472734315,0.032905338083787594,4.440892098500626e-16
confirmation,10014,8,4,1.0,4,cca_equivalent,2000,1000,1000,0.0,0.9724596881596757,0.08359613974614882,0.9965791601332525,0.041357223472734315,0.032905338083787594,4.440892098500626e-16
confirmation,10014,8,4,1.0,4,raw_svd,2000,1000,1000,0.0,0.9724782874313985,0.0840215791455875,0.9965397535020759,0.04159475025723869,0.03339566668273052,3.3306690738754696e-16
confirmation,10014,8,4,1.0,4,full_state_oracle,2000,1000,1000,0.0,1.0,0.0,1.0,0.0,0.0,4.996003610813204e-16
confirmation,10014,16,1,0.1,4,correlon,2000,1000,1000,0.0,0.9805611369344956,0.1112788464989687,0.9938864595825307,0.055288065698979386,0.02470727681826065,3.3306690738754696e-16
confirmation,10014,16,1,0.1,4,cca_equivalent,2000,1000,1000,0.0,0.9805611369344956,0.1112788464989687,0.9938864595825307,0.055288065698979386,0.02470727681826065,3.3306690738754696e-16
confirmation,10014,16,1,0.1,4,raw_svd,2000,1000,1000,0.0,0.9811262690781957,0.10998912940134045,0.9939803117049987,0.05486204651214393,0.023425989708083506,4.440892098500626e-16
confirmation,10014,16,1,0.1,4,full_state_oracle,2000,1000,1000,0.0,1.0,0.0,1.0,0.0,0.0,3.608224830031759e-16
confirmation,10014,16,1,0.25,4,correlon,2000,1000,1000,0.0,0.9731211691534901,0.11424089031970107,0.9936254711149907,0.05645586278239529,0.021879593922933788,4.440892098500626e-16
confirmation,10014,16,1,0.25,4,cca_equivalent,2000,1000,1000,0.0,0.9731211691534901,0.11424089031970107,0.9936254711149907,0.05645586278239529,0.021879593922933788,4.440892098500626e-16
confirmation,10014,16,1,0.25,4,raw_svd,2000,1000,1000,0.0,0.974043693282226,0.11240153437473992,0.9937312764726105,0.05598537097934406,0.02019358809488723,3.885780586188048e-16
confirmation,10014,16,1,0.25,4,full_state_oracle,2000,1000,1000,0.0,1.0,0.0,1.0,0.0,0.0,3.885780586188048e-16
confirmation,10014,16,1,0.5,4,correlon,2000,1000,1000,0.0,0.9578396801914522,0.11467573458704608,0.9935615093516849,0.056738393739667485,0.027328429497051825,3.885780586188048e-16
confirmation,10014,16,1,0.5,4,cca_equivalent,2000,1000,1000,0.0,0.9578396801914522,0.11467573458704608,0.9935615093516849,0.056738393739667485,0.027328429497051825,3.885780586188048e-16
confirmation,10014,16,1,0.5,4,raw_svd,2000,1000,1000,0.0,0.9583935127387926,0.11320297177289754,0.9936916569089531,0.05616201158722398,0.02690171336305945,3.3306690738754696e-16
confirmation,10014,16,1,0.5,4,full_state_oracle,2000,1000,1000,0.0,1.0,0.0,1.0,0.0,0.0,5.551115123125783e-16
confirmation,10014,16,1,1.0,4,correlon,2000,1000,1000,0.0,0.9669514817581925,0.12744511522459373,0.992194532348831,0.06247186427172204,0.026318473262917357,5.551115123125783e-16
confirmation,10014,16,1,1.0,4,cca_equivalent,2000,1000,1000,0.0,0.9669514817581925,0.12744511522459373,0.992194532348831,0.06247186427172204,0.026318473262917357,5.551115123125783e-16
confirmation,10014,16,1,1.0,4,raw_svd,2000,1000,1000,0.0,0.968056829501487,0.12494425832971733,0.9923810998365717,0.06172074271842629,0.024749530558879476,5.551115123125783e-16
confirmation,10014,16,1,1.0,4,full_state_oracle,2000,1000,1000,0.0,1.0,0.0,1.0,0.0,0.0,4.996003610813204e-16
confirmation,10014,16,2,0.1,4,correlon,2000,1000,1000,0.0,0.9625403416640667,0.11401417875673696,0.9936080499866209,0.05653295505003722,0.02710771364723226,3.3306690738754696e-16
confirmation,10014,16,2,0.1,4,cca_equivalent,2000,1000,1000,0.0,0.9625403416640667,0.11401417875673696,0.9936080499866209,0.05653295505003722,0.02710771364723226,3.3306690738754696e-16
confirmation,10014,16,2,0.1,4,raw_svd,2000,1000,1000,0.0,0.9633236472034948,0.11217539977600338,0.9937854676956751,0.05574285740937935,0.025751029097111626,4.996003610813204e-16
confirmation,10014,16,2,0.1,4,full_state_oracle,2000,1000,1000,0.0,1.0,0.0,1.0,0.0,0.0,5.551115123125783e-16
confirmation,10014,16,2,0.25,4,correlon,2000,1000,1000,0.0,0.9836936654874054,0.11667362447306072,0.9933249626265859,0.057771261771810904,0.024353892864291654,2.7755575615628914e-16
confirmation,10014,16,2,0.25,4,cca_equivalent,2000,1000,1000,0.0,0.9836936654874054,0.11667362447306072,0.9933249626265859,0.057771261771810904,0.024353892864291654,2.7755575615628914e-16
confirmation,10014,16,2,0.25,4,raw_svd,2000,1000,1000,0.0,0.9845970146717252,0.1144859714854015,0.9935258194657163,0.0568954327441299,0.022316348456868695,3.3306690738754696e-16
confirmation,10014,16,2,0.25,4,full_state_oracle,2000,1000,1000,0.0,1.0,0.0,1.0,0.0,0.0,3.0531133177191805e-16
confirmation,10014,16,2,0.5,4,correlon,2000,1000,1000,0.0,0.9749605678386479,0.11817867994149923,0.9930740172099386,0.05884718680642838,0.020182482848660074,4.440892098500626e-16
confirmation,10014,16,2,0.5,4,cca_equivalent,2000,1000,1000,0.0,0.9749605678386479,0.11817867994149923,0.9930740172099386,0.05884718680642838,0.020182482848660074,4.440892098500626e-16
confirmation,10014,16,2,0.5,4,raw_svd,2000,1000,1000,0.0,0.9756561858995625,0.11686200871673957,0.9931726125253366,0.05842682378267448,0.01982325309022131,4.996003610813204e-16
confirmation,10014,16,2,0.5,4,full_state_oracle,2000,1000,1000,0.0,1.0,0.0,1.0,0.0,0.0,5.551115123125783e-16
confirmation,10014,16,2,1.0,4,correlon,2000,1000,1000,0.0,0.9673591465679102,0.11486277215517943,0.9935642634128825,0.05672625753175298,0.019990853067257612,4.440892098500626e-16
confirmation,10014,16,2,1.0,4,cca_equivalent,2000,1000,1000,0.0,0.9673591465679102,0.11486277215517943,0.9935642634128825,0.05672625753175298,0.019990853067257612,4.440892098500626e-16
confirmation,10014,16,2,1.0,4,raw_svd,2000,1000,1000,0.0,0.9684769907882648,0.11090752652537934,0.9939105157087463,0.05517918217613296,0.019546069860856493,3.608224830031759e-16
confirmation,10014,16,2,1.0,4,full_state_oracle,2000,1000,1000,0.0,1.0,0.0,1.0,0.0,0.0,4.440892098500626e-16
confirmation,10014,16,4,0.1,4,correlon,2000,1000,1000,0.0,0.9768755564359505,0.10988165651532308,0.9939954255967448,0.05479313097120493,0.025184700633511702,6.106226635438361e-16
confirmation,10014,16,4,0.1,4,cca_equivalent,2000,1000,1000,0.0,0.9768755564359505,0.10988165651532308,0.9939954255967448,0.05479313097120493,0.025184700633511702,6.106226635438361e-16
confirmation,10014,16,4,0.1,4,raw_svd,2000,1000,1000,0.0,0.9776251765772889,0.10790323677945353,0.9941523688806021,0.0540723178687481,0.02434629919055147,5.551115123125783e-16
confirmation,10014,16,4,0.1,4,full_state_oracle,2000,1000,1000,0.0,1.0,0.0,1.0,0.0,0.0,3.469446951953614e-16
confirmation,10014,16,4,0.25,4,correlon,2000,1000,1000,0.0,0.9774864910476556,0.112015707990027,0.9937096808190851,0.05608172242769872,0.02571845912897885,5.273559366969494e-16
confirmation,10014,16,4,0.25,4,cca_equivalent,2000,1000,1000,0.0,0.9774864910476556,0.112015707990027,0.9937096808190851,0.05608172242769872,0.02571845912897885,5.273559366969494e-16
confirmation,10014,16,4,0.25,4,raw_svd,2000,1000,1000,0.0,0.9784325643069807,0.11011916855067268,0.9938674158599113,0.05537411010611674,0.023968055352584144,6.106226635438361e-16
confirmation,10014,16,4,0.25,4,full_state_oracle,2000,1000,1000,0.0,1.0,0.0,1.0,0.0,0.0,3.3306690738754696e-16
confirmation,10014,16,4,0.5,4,correlon,2000,1000,1000,0.0,0.9753565007731486,0.11010516414003216,0.9939370161029194,0.05505898608347542,0.026748193524830856,4.440892098500626e-16
confirmation,10014,16,4,0.5,4,cca_equivalent,2000,1000,1000,0.0,0.9753565007731486,0.11010516414003216,0.9939370161029194,0.05505898608347542,0.026748193524830856,4.440892098500626e-16
confirmation,10014,16,4,0.5,4,raw_svd,2000,1000,1000,0.0,0.9765716522583823,0.10903430000219891,0.9939542066637322,0.05498087547624003,0.025138612967241444,4.996003610813204e-16
confirmation,10014,16,4,0.5,4,full_state_oracle,2000,1000,1000,0.0,1.0,0.0,1.0,0.0,0.0,3.885780586188048e-16
confirmation,10014,16,4,1.0,4,correlon,2000,1000,1000,0.0,0.9750880442298174,0.1080140209451528,0.9942475250506015,0.053630564743430156,0.02451532371778109,4.440892098500626e-16
confirmation,10014,16,4,1.0,4,cca_equivalent,2000,1000,1000,0.0,0.9750880442298174,0.1080140209451528,0.9942475250506015,0.053630564743430156,0.02451532371778109,4.440892098500626e-16
confirmation,10014,16,4,1.0,4,raw_svd,2000,1000,1000,0.0,0.9755996211988077,0.10834629803525678,0.9941795908119392,0.053946312144857546,0.023793801146568896,5.551115123125783e-16
confirmation,10014,16,4,1.0,4,full_state_oracle,2000,1000,1000,0.0,1.0,0.0,1.0,0.0,0.0,4.996003610813204e-16
confirmation,10015,4,1,0.1,4,correlon,2000,1000,1000,0.0,0.9789472634648606,0.06160032450490546,0.9982902087780514,0.029238597965262954,0.019397254019451148,2.7755575615628914e-16
confirmation,10015,4,1,0.1,4,cca_equivalent,2000,1000,1000,0.0,0.9789472634648606,0.06160032450490546,0.9982902087780514,0.029238597965262954,0.019397254019451148,2.7755575615628914e-16
confirmation,10015,4,1,0.1,4,raw_svd,2000,1000,1000,0.0,0.9789472634648609,0.06160032450490555,0.9982902087780514,0.029238597965262972,0.019397254019451207,3.885780586188048e-16
confirmation,10015,4,1,0.1,4,full_state_oracle,2000,1000,1000,0.0,1.0,0.0,1.0,0.0,0.0,1.1102230246251565e-16
confirmation,10015,4,1,0.25,4,correlon,2000,1000,1000,0.0,1.006414977796979,0.06478644948758026,0.9981031509886075,0.030796501517156835,0.021016261263523767,1.1102230246251565e-16
confirmation,10015,4,1,0.25,4,cca_equivalent,2000,1000,1000,0.0,1.006414977796979,0.06478644948758026,0.9981031509886075,0.030796501517156835,0.021016261263523767,1.1102230246251565e-16
confirmation,10015,4,1,0.25,4,raw_svd,2000,1000,1000,0.0,1.0064149777969782,0.0647864494875807,0.9981031509886075,0.03079650151715697,0.021016261263524294,1.3877787807814457e-16
confirmation,10015,4,1,0.25,4,full_state_oracle,2000,1000,1000,0.0,1.0,0.0,1.0,0.0,0.0,4.440892098500626e-16
confirmation,10015,4,1,0.5,4,correlon,2000,1000,1000,0.0,0.9821162701499244,0.06767888858771187,0.9982700601497261,0.029410371047251294,0.00624414482922867,2.498001805406602e-16
confirmation,10015,4,1,0.5,4,cca_equivalent,2000,1000,1000,0.0,0.9821162701499244,0.06767888858771187,0.9982700601497261,0.029410371047251294,0.00624414482922867,2.498001805406602e-16
confirmation,10015,4,1,0.5,4,raw_svd,2000,1000,1000,0.0,0.9821162701499235,0.06767888858771205,0.9982700601497261,0.029410371047251343,0.006244144829228974,4.718447854656915e-16
confirmation,10015,4,1,0.5,4,full_state_oracle,2000,1000,1000,0.0,1.0,0.0,1.0,0.0,0.0,3.0531133177191805e-16
confirmation,10015,4,1,1.0,4,correlon,2000,1000,1000,0.0,1.0105093926802833,0.06368337516501066,0.9982856713222105,0.029277369056915088,0.010204012819323847,2.7755575615628914e-16
confirmation,10015,4,1,1.0,4,cca_equivalent,2000,1000,1000,0.0,1.0105093926802833,0.06368337516501066,0.9982856713222105,0.029277369056915088,0.010204012819323847,2.7755575615628914e-16
confirmation,10015,4,1,1.0,4,raw_svd,2000,1000,1000,0.0,1.0105093926802828,0.06368337516501041,0.9982856713222105,0.029277369056914977,0.01020401281932392,2.7755575615628914e-16
confirmation,10015,4,1,1.0,4,full_state_oracle,2000,1000,1000,0.0,1.0,0.0,1.0,0.0,0.0,4.440892098500626e-16
confirmation,10015,4,2,0.1,4,correlon,2000,1000,1000,0.0,0.9810180170782306,0.05528208245430403,0.9986485977100092,0.025994252153031625,0.016142256060888226,4.440892098500626e-16
confirmation,10015,4,2,0.1,4,cca_equivalent,2000,1000,1000,0.0,0.9810180170782306,0.05528208245430403,0.9986485977100092,0.025994252153031625,0.016142256060888226,4.440892098500626e-16
confirmation,10015,4,2,0.1,4,raw_svd,2000,1000,1000,0.0,0.9810180170782313,0.05528208245430429,0.9986485977100092,0.025994252153031763,0.016142256060888146,1.6653345369377348e-16
confirmation,10015,4,2,0.1,4,full_state_oracle,2000,1000,1000,0.0,1.0,0.0,1.0,0.0,0.0,1.3877787807814457e-16
confirmation,10015,4,2,0.25,4,correlon,2000,1000,1000,0.0,0.989565871858668,0.06039315128922133,0.9985021774137256,0.027366243679708732,0.01777217735710126,4.163336342344337e-16
confirmation,10015,4,2,0.25,4,cca_equivalent,2000,1000,1000,0.0,0.989565871858668,0.06039315128922133,0.9985021774137256,0.027366243679708732,0.01777217735710126,4.163336342344337e-16
confirmation,10015,4,2,0.25,4,raw_svd,2000,1000,1000,0.0,0.9895658718586663,0.06039315128922052,0.9985021774137256,0.027366243679708413,0.017772177357101182,4.440892098500626e-16
confirmation,10015,4,2,0.25,4,full_state_oracle,2000,1000,1000,0.0,1.0,0.0,1.0,0.0,0.0,6.106226635438361e-16
confirmation,10015,4,2,0.5,4,correlon,2000,1000,1000,0.0,0.9923939248510226,0.048338291334102355,0.9989289455837058,0.023141460804085755,0.011499900917392673,1.6653345369377348e-16
confirmation,10015,4,2,0.5,4,cca_equivalent,2000,1000,1000,0.0,0.9923939248510226,0.048338291334102355,0.9989289455837058,0.023141460804085755,0.011499900917392673,1.6653345369377348e-16
confirmation,10015,4,2,0.5,4,raw_svd,2000,1000,1000,0.0,0.9923939248510235,0.0483382913341027,0.9989289455837058,0.023141460804085866,0.011499900917392943,6.106226635438361e-16
confirmation,10015,4,2,0.5,4,full_state_oracle,2000,1000,1000,0.0,1.0,0.0,1.0,0.0,0.0,3.0531133177191805e-16
confirmation,10015,4,2,1.0,4,correlon,2000,1000,1000,0.0,0.9829806555307895,0.05552550949218762,0.9986546898451284,0.025935594796260373,0.022744839026166776,3.191891195797325e-16
confirmation,10015,4,2,1.0,4,cca_equivalent,2000,1000,1000,0.0,0.9829806555307895,0.05552550949218762,0.9986546898451284,0.025935594796260373,0.022744839026166776,3.191891195797325e-16
confirmation,10015,4,2,1.0,4,raw_svd,2000,1000,1000,0.0,0.9829806555307878,0.05552550949218782,0.9986546898451284,0.025935594796260404,0.02274483902616712,1.6653345369377348e-16
confirmation,10015,4,2,1.0,4,full_state_oracle,2000,1000,1000,0.0,1.0,0.0,1.0,0.0,0.0,2.7755575615628914e-16
confirmation,10015,4,4,0.1,4,correlon,2000,1000,1000,0.0,1.0027920456517152,0.08091206681998664,0.9972274232980683,0.03723289340040335,0.025710081085681374,2.220446049250313e-16
confirmation,10015,4,4,0.1,4,cca_equivalent,2000,1000,1000,0.0,1.0027920456517152,0.08091206681998664,0.9972274232980683,0.03723289340040335,0.025710081085681374,2.220446049250313e-16
confirmation,10015,4,4,0.1,4,raw_svd,2000,1000,1000,0.0,1.002792045651715,0.0809120668199863,0.9972274232980683,0.03723289340040319,0.025710081085681704,3.885780586188048e-16
confirmation,10015,4,4,0.1,4,full_state_oracle,2000,1000,1000,0.0,1.0,0.0,1.0,0.0,0.0,2.7755575615628914e-16
confirmation,10015,4,4,0.25,4,correlon,2000,1000,1000,0.0,1.0044554560137047,0.06883893703870779,0.9980170909074375,0.0314873712189705,0.020019710249327787,2.220446049250313e-16
confirmation,10015,4,4,0.25,4,cca_equivalent,2000,1000,1000,0.0,1.0044554560137047,0.06883893703870779,0.9980170909074375,0.0314873712189705,0.020019710249327787,2.220446049250313e-16
confirmation,10015,4,4,0.25,4,raw_svd,2000,1000,1000,0.0,1.004455456013705,0.06883893703870715,0.9980170909074375,0.03148737121897029,0.020019710249327118,1.1102230246251565e-16
confirmation,10015,4,4,0.25,4,full_state_oracle,2000,1000,1000,0.0,1.0,0.0,1.0,0.0,0.0,1.3877787807814457e-16
confirmation,10015,4,4,0.5,4,correlon,2000,1000,1000,0.0,0.9702108955490087,0.0756210020297288,0.9974906526063904,0.035421373446054776,0.015144716242952647,2.7755575615628914e-16
confirmation,10015,4,4,0.5,4,cca_equivalent,2000,1000,1000,0.0,0.9702108955490087,0.0756210020297288,0.9974906526063904,0.035421373446054776,0.015144716242952647,2.7755575615628914e-16
confirmation,10015,4,4,0.5,4,raw_svd,2000,1000,1000,0.0,0.9702108955490091,0.07562100202972812,0.9974906526063904,0.03542137344605452,0.015144716242951384,5.551115123125783e-16
confirmation,10015,4,4,0.5,4,full_state_oracle,2000,1000,1000,0.0,1.0,0.0,1.0,0.0,0.0,2.220446049250313e-16
confirmation,10015,4,4,1.0,4,correlon,2000,1000,1000,0.0,0.9888518708709781,0.06381526982582943,0.9981972779062112,0.030022675545233243,0.015923678689725076,2.220446049250313e-16
confirmation,10015,4,4,1.0,4,cca_equivalent,2000,1000,1000,0.0,0.9888518708709781,0.06381526982582943,0.9981972779062112,0.030022675545233243,0.015923678689725076,2.220446049250313e-16
confirmation,10015,4,4,1.0,4,raw_svd,2000,1000,1000,0.0,0.9888518708709781,0.06381526982582972,0.9981972779062112,0.03002267554523346,0.015923678689723803,6.106226635438361e-16
confirmation,10015,4,4,1.0,4,full_state_oracle,2000,1000,1000,0.0,1.0,0.0,1.0,0.0,0.0,2.636779683484747e-16
confirmation,10015,8,1,0.1,4,correlon,2000,1000,1000,0.0,0.9810778235340977,0.09125847197072398,0.996144601826839,0.04390557010881952,0.028968053816978742,3.885780586188048e-16
confirmation,10015,8,1,0.1,4,cca_equivalent,2000,1000,1000,0.0,0.9810778235340977,0.09125847197072398,0.996144601826839,0.04390557010881952,0.028968053816978742,3.885780586188048e-16
confirmation,10015,8,1,0.1,4,raw_svd,2000,1000,1000,0.0,0.9811440361313452,0.09100378664000168,0.9961577197137101,0.043830812713717235,0.029310407370701196,3.0531133177191805e-16
confirmation,10015,8,1,0.1,4,full_state_oracle,2000,1000,1000,0.0,1.0,0.0,1.0,0.0,0.0,4.440892098500626e-16
confirmation,10015,8,1,0.25,4,correlon,2000,1000,1000,0.0,0.9879793526757712,0.08798735316532212,0.9962480305185167,0.04331263950328606,0.024260540812612502,2.7755575615628914e-16
confirmation,10015,8,1,0.25,4,cca_equivalent,2000,1000,1000,0.0,0.9879793526757712,0.08798735316532212,0.9962480305185167,0.04331263950328606,0.024260540812612502,2.7755575615628914e-16
confirmation,10015,8,1,0.25,4,raw_svd,2000,1000,1000,0.0,0.9880186379437789,0.08796690668244929,0.9962464841743078,0.043321564062786255,0.023908312866324062,4.440892098500626e-16
confirmation,10015,8,1,0.25,4,full_state_oracle,2000,1000,1000,0.0,1.0,0.0,1.0,0.0,0.0,4.996003610813204e-16
confirmation,10015,8,1,0.5,4,correlon,2000,1000,1000,0.0,0.9894463837513645,0.08022861283483461,0.9970500347004025,0.03840550285829798,0.014388049225217848,4.85722573273506e-16
confirmation,10015,8,1,0.5,4,cca_equivalent,2000,1000,1000,0.0,0.9894463837513645,0.08022861283483461,0.9970500347004025,0.03840550285829798,0.014388049225217848,4.85722573273506e-16
confirmation,10015,8,1,0.5,4,raw_svd,2000,1000,1000,0.0,0.9897056448808187,0.07942315640669578,0.9970782272399347,0.03822154340202273,0.014973942474528327,2.7755575615628914e-16
confirmation,10015,8,1,0.5,4,full_state_oracle,2000,1000,1000,0.0,1.0,0.0,1.0,0.0,0.0,2.7755575615628914e-16
confirmation,10015,8,1,1.0,4,correlon,2000,1000,1000,0.0,0.9867996161085699,0.09498745830055433,0.9956603631773637,0.04658130967800397,0.015593395209106523,4.440892098500626e-16
confirmation,10015,8,1,1.0,4,cca_equivalent,2000,1000,1000,0.0,0.9867996161085699,0.09498745830055433,0.9956603631773637,0.04658130967800397,0.015593395209106523,4.440892098500626e-16
confirmation,10015,8,1,1.0,4,raw_svd,2000,1000,1000,0.0,0.986860600792829,0.0950016081508253,0.9956550464932533,0.04660983537166147,0.01496325740697239,4.440892098500626e-16
confirmation,10015,8,1,1.0,4,full_state_oracle,2000,1000,1000,0.0,1.0,0.0,1.0,0.0,0.0,4.466912950640278e-16
confirmation,10015,8,2,0.1,4,correlon,2000,1000,1000,0.0,1.0025004404688285,0.07939194550975458,0.996933222626284,0.03915850720926417,0.012451022930264354,4.579669976578771e-16
confirmation,10015,8,2,0.1,4,cca_equivalent,2000,1000,1000,0.0,1.0025004404688285,0.07939194550975458,0.996933222626284,0.03915850720926417,0.012451022930264354,4.579669976578771e-16
confirmation,10015,8,2,0.1,4,raw_svd,2000,1000,1000,0.0,1.0025099606622452,0.07938334095887713,0.9969292251560069,0.0391840199825967,0.012271930283731886,1.6653345369377348e-16
confirmation,10015,8,2,0.1,4,full_state_oracle,2000,1000,1000,0.0,1.0,0.0,1.0,0.0,0.0,2.8449465006019636e-16
confirmation,10015,8,2,0.25,4,correlon,2000,1000,1000,0.0,0.9818984586282147,0.08324500933881872,0.9968167668847828,0.039895069339563174,0.014772060832247106,4.996003610813204e-16
confirmation,10015,8,2,0.25,4,cca_equivalent,2000,1000,1000,0.0,0.9818984586282147,0.08324500933881872,0.9968167668847828,0.039895069339563174,0.014772060832247106,4.996003610813204e-16
confirmation,10015,8,2,0.25,4,raw_svd,2000,1000,1000,0.0,0.9820976961513848,0.08229390776775578,0.9968814240585464,0.039487820536550235,0.014818612317998317,3.885780586188048e-16
confirmation,10015,8,2,0.25,4,full_state_oracle,2000,1000,1000,0.0,1.0,0.0,1.0,0.0,0.0,3.3306690738754696e-16
confirmation,10015,8,2,0.5,4,correlon,2000,1000,1000,0.0,0.9859859202291664,0.08334626471795348,0.9967978432578659,0.040013477367844795,0.00942262583569451,4.996003610813204e-16
confirmation,10015,8,2,0.5,4,cca_equivalent,2000,1000,1000,0.0,0.9859859202291664,0.08334626471795348,0.9967978432578659,0.040013477367844795,0.00942262583569451,4.996003610813204e-16
confirmation,10015,8,2,0.5,4,raw_svd,2000,1000,1000,0.0,0.9861751864000282,0.0829609653631636,0.9968176808546974,0.03988934159210154,0.009814365370659826,3.3306690738754696e-16
confirmation,10015,8,2,0.5,4,full_state_oracle,2000,1000,1000,0.0,1.0,0.0,1.0,0.0,0.0,2.498001805406602e-16
confirmation,10015,8,2,1.0,4,correlon,2000,1000,1000,0.0,0.9859267763421866,0.08833021523264797,0.996248956073582,0.04330729688180721,0.010644111428490045,3.3306690738754696e-16
confirmation,10015,8,2,1.0,4,cca_equivalent,2000,1000,1000,0.0,0.9859267763421866,0.08833021523264797,0.996248956073582,0.04330729688180721,0.010644111428490045,3.3306690738754696e-16
confirmation,10015,8,2,1.0,4,raw_svd,2000,1000,1000,0.0,0.9859970939603441,0.08809038722958384,0.9962755460094455,0.043153528190372485,0.010667434733541098,3.0531133177191805e-16
confirmation,10015,8,2,1.0,4,full_state_oracle,2000,1000,1000,0.0,1.0,0.0,1.0,0.0,0.0,4.3021142204224816e-16
confirmation,10015,8,4,0.1,4,correlon,2000,1000,1000,0.0,0.9731769567291171,0.07510952906485531,0.9972893365268576,0.036814830389005515,0.023017334450846763,1.6653345369377348e-16
confirmation,10015,8,4,0.1,4,cca_equivalent,2000,1000,1000,0.0,0.9731769567291171,0.07510952906485531,0.9972893365268576,0.036814830389005515,0.023017334450846763,1.6653345369377348e-16
confirmation,10015,8,4,0.1,4,raw_svd,2000,1000,1000,0.0,0.9731864626964404,0.07512853125312634,0.9972850999052012,0.036843588959267405,0.023149705133806403,3.3306690738754696e-16
confirmation,10015,8,4,0.1,4,full_state_oracle,2000,1000,1000,0.0,1.0,0.0,1.0,0.0,0.0,3.3480163086352377e-16
confirmation,10015,8,4,0.25,4,correlon,2000,1000,1000,0.0,0.9896478875519386,0.09134690257543819,0.9961225939613177,0.0440307054149842,0.021872805002453866,4.510281037539698e-16
confirmation,10015,8,4,0.25,4,cca_equivalent,2000,1000,1000,0.0,0.9896478875519386,0.09134690257543819,0.9961225939613177,0.0440307054149842,0.021872805002453866,4.510281037539698e-16
confirmation,10015,8,4,0.25,4,raw_svd,2000,1000,1000,0.0,0.9896163592302283,0.09164725688492623,0.9961037409143629,0.044137620493390456,0.021951190028191653,3.885780586188048e-16
confirmation,10015,8,4,0.25,4,full_state_oracle,2000,1000,1000,0.0,1.0,0.0,1.0,0.0,0.0,3.3306690738754696e-16
confirmation,10015,8,4,0.5,4,correlon,2000,1000,1000,0.0,0.9985926427373542,0.08876958252986819,0.9962933323676073,0.043050363717353136,0.024584429234912143,4.440892098500626e-16
confirmation,10015,8,4,0.5,4,cca_equivalent,2000,1000,1000,0.0,0.9985926427373542,0.08876958252986819,0.9962933323676073,0.043050363717353136,0.024584429234912143,4.440892098500626e-16
confirmation,10015,8,4,0.5,4,raw_svd,2000,1000,1000,0.0,0.9987126520744685,0.08932234977099725,0.9962535896362451,0.04328054045269614,0.024464145347090422,3.469446951953614e-16
confirmation,10015,8,4,0.5,4,full_state_oracle,2000,1000,1000,0.0,1.0,0.0,1.0,0.0,0.0,1.6653345369377348e-16
confirmation,10015,8,4,1.0,4,correlon,2000,1000,1000,0.0,0.9989409218014249,0.08615060477442799,0.996597994852963,0.0412432124539123,0.012815581861089765,5.689893001203927e-16
confirmation,10015,8,4,1.0,4,cca_equivalent,2000,1000,1000,0.0,0.9989409218014249,0.08615060477442799,0.996597994852963,0.0412432124539123,0.012815581861089765,5.689893001203927e-16
confirmation,10015,8,4,1.0,4,raw_svd,2000,1000,1000,0.0,0.999563791239212,0.08466149548970514,0.9966600097257449,0.04086557398504955,0.012293910242521177,8.326672684688674e-16
confirmation,10015,8,4,1.0,4,full_state_oracle,2000,1000,1000,0.0,1.0,0.0,1.0,0.0,0.0,2.7755575615628914e-16
confirmation,10015,16,1,0.1,4,correlon,2000,1000,1000,0.0,0.9645049364765187,0.1135097699213544,0.9938170418898933,0.05560107062866143,0.030818612347660545,4.163336342344337e-16
confirmation,10015,16,1,0.1,4,cca_equivalent,2000,1000,1000,0.0,0.9645049364765187,0.1135097699213544,0.9938170418898933,0.05560107062866143,0.030818612347660545,4.163336342344337e-16
confirmation,10015,16,1,0.1,4,raw_svd,2000,1000,1000,0.0,0.9655383928165276,0.1107447583186328,0.9940542090352781,0.05452426507859574,0.03010339402965196,4.440892098500626e-16
confirmation,10015,16,1,0.1,4,full_state_oracle,2000,1000,1000,0.0,1.0,0.0,1.0,0.0,0.0,5.48172618408671e-16
confirmation,10015,16,1,0.25,4,correlon,2000,1000,1000,0.0,0.9755857316133687,0.11799251994078216,0.9931286374815277,0.05861468467232523,0.02132527567064113,3.885780586188048e-16
confirmation,10015,16,1,0.25,4,cca_equivalent,2000,1000,1000,0.0,0.9755857316133687,0.11799251994078216,0.9931286374815277,0.05861468467232523,0.02132527567064113,3.885780586188048e-16
confirmation,10015,16,1,0.25,4,raw_svd,2000,1000,1000,0.0,0.9760659337208999,0.11680516828544542,0.9932227183767228,0.058212033220276835,0.02131625294400296,5.273559366969494e-16
confirmation,10015,16,1,0.25,4,full_state_oracle,2000,1000,1000,0.0,1.0,0.0,1.0,0.0,0.0,3.3306690738754696e-16
confirmation,10015,16,1,0.5,4,correlon,2000,1000,1000,0.0,0.9793255745206247,0.11245645540503414,0.9939020982536053,0.0552173059212175,0.025315416227521592,3.3306690738754696e-16
confirmation,10015,16,1,0.5,4,cca_equivalent,2000,1000,1000,0.0,0.9793255745206247,0.11245645540503414,0.9939020982536053,0.0552173059212175,0.025315416227521592,3.3306690738754696e-16
confirmation,10015,16,1,0.5,4,raw_svd,2000,1000,1000,0.0,0.9800163934353154,0.11084753016480184,0.9940198184905727,0.05468172230931994,0.025047992596463575,3.885780586188048e-16
confirmation,10015,16,1,0.5,4,full_state_oracle,2000,1000,1000,0.0,1.0,0.0,1.0,0.0,0.0,2.498001805406602e-16
confirmation,10015,16,1,1.0,4,correlon,2000,1000,1000,0.0,0.9855893386977467,0.11323587415792409,0.9937790556730447,0.05577160714447488,0.017403596428484817,3.608224830031759e-16
confirmation,10015,16,1,1.0,4,cca_equivalent,2000,1000,1000,0.0,0.9855893386977467,0.11323587415792409,0.9937790556730447,0.05577160714447488,0.017403596428484817,3.608224830031759e-16
confirmation,10015,16,1,1.0,4,raw_svd,2000,1000,1000,0.0,0.9859262259930022,0.11238127130712484,0.9938651021576692,0.05538455489724008,0.017277959676200813,2.7755575615628914e-16
confirmation,10015,16,1,1.0,4,full_state_oracle,2000,1000,1000,0.0,1.0,0.0,1.0,0.0,0.0,3.0531133177191805e-16
confirmation,10015,16,2,0.1,4,correlon,2000,1000,1000,0.0,0.9731095520006993,0.11279740780892905,0.9939382174592838,0.05505353095268316,0.020097389713018637,4.996003610813204e-16
confirmation,10015,16,2,0.1,4,cca_equivalent,2000,1000,1000,0.0,0.9731095520006993,0.11279740780892905,0.9939382174592838,0.05505353095268316,0.020097389713018637,4.996003610813204e-16
confirmation,10015,16,2,0.1,4,raw_svd,2000,1000,1000,0.0,0.9735795461925885,0.11161192150506294,0.9940496451884737,0.054545186824898687,0.01972613681548946,2.220446049250313e-16
confirmation,10015,16,2,0.1,4,full_state_oracle,2000,1000,1000,0.0,1.0,0.0,1.0,0.0,0.0,4.996003610813204e-16
confirmation,10015,16,2,0.25,4,correlon,2000,1000,1000,0.0,0.9826505550592408,0.1058498875108811,0.9945000865700745,0.052440029700246735,0.02029674196502497,4.996003610813204e-16
confirmation,10015,16,2,0.25,4,cca_equivalent,2000,1000,1000,0.0,0.9826505550592408,0.1058498875108811,0.9945000865700745,0.052440029700246735,0.02029674196502497,4.996003610813204e-16
confirmation,10015,16,2,0.25,4,raw_svd,2000,1000,1000,0.0,0.9834247150630471,0.10422391152005275,0.9946004334480137,0.051959438757487465,0.01981062153769072,3.3306690738754696e-16
confirmation,10015,16,2,0.25,4,full_state_oracle,2000,1000,1000,0.0,1.0,0.0,1.0,0.0,0.0,4.996003610813204e-16
confirmation,10015,16,2,0.5,4,correlon,2000,1000,1000,0.0,0.9714573288177819,0.11746901266794976,0.9931953299985081,0.05832953797816278,0.018776780462825438,7.216449660063518e-16
confirmation,10015,16,2,0.5,4,cca_equivalent,2000,1000,1000,0.0,0.9714573288177819,0.11746901266794976,0.9931953299985081,0.05832953797816278,0.018776780462825438,7.216449660063518e-16
confirmation,10015,16,2,0.5,4,raw_svd,2000,1000,1000,0.0,0.9726362912067823,0.11558247563264656,0.9933149373113219,0.057814629155076736,0.017110238669086925,3.885780586188048e-16
confirmation,10015,16,2,0.5,4,full_state_oracle,2000,1000,1000,0.0,1.0,0.0,1.0,0.0,0.0,6.38378239159465e-16
confirmation,10015,16,2,1.0,4,correlon,2000,1000,1000,0.0,0.9756740409582895,0.11154496873634438,0.9937430708349327,0.055932679021602795,0.032450173902405746,4.440892098500626e-16
confirmation,10015,16,2,1.0,4,cca_equivalent,2000,1000,1000,0.0,0.9756740409582895,0.11154496873634438,0.9937430708349327,0.055932679021602795,0.032450173902405746,4.440892098500626e-16
confirmation,10015,16,2,1.0,4,raw_svd,2000,1000,1000,0.0,0.9758834732942192,0.11106761799899781,0.9937695851546924,0.055814043238720995,0.0318067167953235,3.3306690738754696e-16
confirmation,10015,16,2,1.0,4,full_state_oracle,2000,1000,1000,0.0,1.0,0.0,1.0,0.0,0.0,2.7755575615628914e-16
confirmation,10015,16,4,0.1,4,correlon,2000,1000,1000,0.0,0.9725506510184145,0.11343969847107266,0.9937490334898447,0.055906021635219856,0.024012401368007235,5.551115123125783e-16
confirmation,10015,16,4,0.1,4,cca_equivalent,2000,1000,1000,0.0,0.9725506510184145,0.11343969847107266,0.9937490334898447,0.055906021635219856,0.024012401368007235,5.551115123125783e-16
confirmation,10015,16,4,0.1,4,raw_svd,2000,1000,1000,0.0,0.9732450989213337,0.11172409671588253,0.9938941796284493,0.05525314638801473,0.02337119473083791,7.216449660063518e-16
confirmation,10015,16,4,0.1,4,full_state_oracle,2000,1000,1000,0.0,1.0,0.0,1.0,0.0,0.0,4.440892098500626e-16
confirmation,10015,16,4,0.25,4,correlon,2000,1000,1000,0.0,0.97572331532255,0.12081534367773288,0.9927435835531112,0.060234609847200096,0.02973045627607383,6.106226635438361e-16
confirmation,10015,16,4,0.25,4,cca_equivalent,2000,1000,1000,0.0,0.97572331532255,0.12081534367773288,0.9927435835531112,0.060234609847200096,0.02973045627607383,6.106226635438361e-16
confirmation,10015,16,4,0.25,4,raw_svd,2000,1000,1000,0.0,0.9770305868554462,0.11758223766288069,0.9930392606177073,0.058994658157721,0.028481055031065135,3.885780586188048e-16
confirmation,10015,16,4,0.25,4,full_state_oracle,2000,1000,1000,0.0,1.0,0.0,1.0,0.0,0.0,9.020562075079397e-16
confirmation,10015,16,4,0.5,4,correlon,2000,1000,1000,0.0,0.9671044939897866,0.11316142369260083,0.993533642047036,0.05686104973074315,0.02668673893506157,4.440892098500626e-16
confirmation,10015,16,4,0.5,4,cca_equivalent,2000,1000,1000,0.0,0.9671044939897866,0.11316142369260083,0.993533642047036,0.05686104973074315,0.02668673893506157,4.440892098500626e-16
confirmation,10015,16,4,0.5,4,raw_svd,2000,1000,1000,0.0,0.9676449760586534,0.112346898358078,0.9935947444234214,0.05659176431504266,0.025438381059110927,3.885780586188048e-16
confirmation,10015,16,4,0.5,4,full_state_oracle,2000,1000,1000,0.0,1.0,0.0,1.0,0.0,0.0,4.440892098500626e-16
confirmation,10015,16,4,1.0,4,correlon,2000,1000,1000,0.0,0.9804344340522247,0.10766747497555372,0.9941497594782732,0.05408438093260729,0.023609792957255987,4.996003610813204e-16
confirmation,10015,16,4,1.0,4,cca_equivalent,2000,1000,1000,0.0,0.9804344340522247,0.10766747497555372,0.9941497594782732,0.05408438093260729,0.023609792957255987,4.996003610813204e-16
confirmation,10015,16,4,1.0,4,raw_svd,2000,1000,1000,0.0,0.9806413026359362,0.10739752345745862,0.99416315459828,0.054022427757922827,0.023536783473909254,6.38378239159465e-16
confirmation,10015,16,4,1.0,4,full_state_oracle,2000,1000,1000,0.0,1.0,0.0,1.0,0.0,0.0,4.440892098500626e-16
confirmation,10016,4,1,0.1,4,correlon,2000,1000,1000,0.0,1.0167391124024228,0.06088276593441537,0.998270047469142,0.029410478837125324,0.008913189391697444,2.1510571102112408e-16
confirmation,10016,4,1,0.1,4,cca_equivalent,2000,1000,1000,0.0,1.0167391124024228,0.06088276593441537,0.998270047469142,0.029410478837125324,0.008913189391697444,2.1510571102112408e-16
confirmation,10016,4,1,0.1,4,raw_svd,2000,1000,1000,0.0,1.0167391124024239,0.060882765934414454,0.998270047469142,0.02941047883712493,0.008913189391696826,1.942890293094024e-16
confirmation,10016,4,1,0.1,4,full_state_oracle,2000,1000,1000,0.0,1.0,0.0,1.0,0.0,0.0,2.7755575615628914e-16
confirmation,10016,4,1,0.25,4,correlon,2000,1000,1000,0.0,0.9782502690741405,0.07273441423272413,0.9976798732073883,0.03405970340895388,0.01431613920362924,1.1102230246251565e-16
confirmation,10016,4,1,0.25,4,cca_equivalent,2000,1000,1000,0.0,0.9782502690741405,0.07273441423272413,0.9976798732073883,0.03405970340895388,0.01431613920362924,1.1102230246251565e-16
confirmation,10016,4,1,0.25,4,raw_svd,2000,1000,1000,0.0,0.9782502690741398,0.07273441423272366,0.9976798732073883,0.03405970340895368,0.014316139203630483,2.220446049250313e-16
confirmation,10016,4,1,0.25,4,full_state_oracle,2000,1000,1000,0.0,1.0,0.0,1.0,0.0,0.0,1.6653345369377348e-16
confirmation,10016,4,1,0.5,4,correlon,2000,1000,1000,0.0,0.996983551389414,0.062469524378803654,0.9982815658743521,0.029312404589592007,0.012499333809488401,5.551115123125783e-16
confirmation,10016,4,1,0.5,4,cca_equivalent,2000,1000,1000,0.0,0.996983551389414,0.062469524378803654,0.9982815658743521,0.029312404589592007,0.012499333809488401,5.551115123125783e-16
confirmation,10016,4,1,0.5,4,raw_svd,2000,1000,1000,0.0,0.996983551389414,0.062469524378804174,0.998281565874352,0.029312404589592295,0.012499333809487468,2.220446049250313e-16
confirmation,10016,4,1,0.5,4,full_state_oracle,2000,1000,1000,0.0,1.0,0.0,1.0,0.0,0.0,2.7755575615628914e-16
confirmation,10016,4,1,1.0,4,correlon,2000,1000,1000,0.0,0.9967964209044873,0.07101758672159289,0.9977014754281197,0.03390077117028731,0.019608102108006772,4.440892098500626e-16
confirmation,10016,4,1,1.0,4,cca_equivalent,2000,1000,1000,0.0,0.9967964209044873,0.07101758672159289,0.9977014754281197,0.03390077117028731,0.019608102108006772,4.440892098500626e-16
confirmation,10016,4,1,1.0,4,raw_svd,2000,1000,1000,0.0,0.9967964209044856,0.07101758672159328,0.9977014754281197,0.03390077117028744,0.01960810210800687,1.5265566588595902e-16
confirmation,10016,4,1,1.0,4,full_state_oracle,2000,1000,1000,0.0,1.0,0.0,1.0,0.0,0.0,3.0531133177191805e-16
confirmation,10016,4,2,0.1,4,correlon,2000,1000,1000,0.0,0.9942563321085287,0.06704263248431636,0.9981792148828634,0.03017271215135091,0.02070510197469814,2.7755575615628914e-16
confirmation,10016,4,2,0.1,4,cca_equivalent,2000,1000,1000,0.0,0.9942563321085287,0.06704263248431636,0.9981792148828634,0.03017271215135091,0.02070510197469814,2.7755575615628914e-16
confirmation,10016,4,2,0.1,4,raw_svd,2000,1000,1000,0.0,0.9942563321085298,0.067042632484316,0.9981792148828635,0.030172712151350728,0.020705101974697705,2.7755575615628914e-16
confirmation,10016,4,2,0.1,4,full_state_oracle,2000,1000,1000,0.0,1.0,0.0,1.0,0.0,0.0,2.220446049250313e-16
confirmation,10016,4,2,0.25,4,correlon,2000,1000,1000,0.0,1.0067319250807514,0.06845634222425186,0.9980098587161744,0.03154474032089618,0.025890325731419535,2.7755575615628914e-16
confirmation,10016,4,2,0.25,4,cca_equivalent,2000,1000,1000,0.0,1.0067319250807514,0.06845634222425186,0.9980098587161744,0.03154474032089618,0.025890325731419535,2.7755575615628914e-16
confirmation,10016,4,2,0.25,4,raw_svd,2000,1000,1000,0.0,1.006731925080754,0.06845634222425216,0.9980098587161744,0.03154474032089622,0.025890325731419396,2.3592239273284576e-16
confirmation,10016,4,2,0.25,4,full_state_oracle,2000,1000,1000,0.0,1.0,0.0,1.0,0.0,0.0,4.718447854656915e-16
confirmation,10016,4,2,0.5,4,correlon,2000,1000,1000,0.0,0.9933888113963446,0.0757869924443902,0.9975979144317657,0.03465606417522244,0.027287017835213506,2.7755575615628914e-16
confirmation,10016,4,2,0.5,4,cca_equivalent,2000,1000,1000,0.0,0.9933888113963446,0.0757869924443902,0.9975979144317657,0.03465606417522244,0.027287017835213506,2.7755575615628914e-16
confirmation,10016,4,2,0.5,4,raw_svd,2000,1000,1000,0.0,0.9933888113963468,0.07578699244439019,0.9975979144317657,0.03465606417522253,0.027287017835213,1.6653345369377348e-16
confirmation,10016,4,2,0.5,4,full_state_oracle,2000,1000,1000,0.0,1.0,0.0,1.0,0.0,0.0,2.220446049250313e-16
confirmation,10016,4,2,1.0,4,correlon,2000,1000,1000,0.0,0.9720205475665058,0.051943398743194515,0.9987388436098363,0.02511131607626023,0.01829511417517053,2.7755575615628914e-16
confirmation,10016,4,2,1.0,4,cca_equivalent,2000,1000,1000,0.0,0.9720205475665058,0.051943398743194515,0.9987388436098363,0.02511131607626023,0.01829511417517053,2.7755575615628914e-16
confirmation,10016,4,2,1.0,4,raw_svd,2000,1000,1000,0.0,0.9720205475665051,0.051943398743194875,0.9987388436098363,0.025111316076260406,0.018295114175169866,5.551115123125783e-16
confirmation,10016,4,2,1.0,4,full_state_oracle,2000,1000,1000,0.0,1.0,0.0,1.0,0.0,0.0,2.7755575615628914e-16
confirmation,10016,4,4,0.1,4,correlon,2000,1000,1000,0.0,0.9867414900274457,0.0680496067141236,0.9980138122518742,0.031513391979647365,0.017366627213673012,5.551115123125783e-16
confirmation,10016,4,4,0.1,4,cca_equivalent,2000,1000,1000,0.0,0.9867414900274457,0.0680496067141236,0.9980138122518742,0.031513391979647365,0.017366627213673012,5.551115123125783e-16
confirmation,10016,4,4,0.1,4,raw_svd,2000,1000,1000,0.0,0.9867414900274467,0.06804960671412354,0.9980138122518741,0.03151339197964732,0.017366627213673096,2.7755575615628914e-16
confirmation,10016,4,4,0.1,4,full_state_oracle,2000,1000,1000,0.0,1.0,0.0,1.0,0.0,0.0,1.6653345369377348e-16
confirmation,10016,4,4,0.25,4,correlon,2000,1000,1000,0.0,0.9859003940705031,0.07549838966675583,0.9975549475690979,0.034964642361263516,0.01631611167119267,3.3306690738754696e-16
confirmation,10016,4,4,0.25,4,cca_equivalent,2000,1000,1000,0.0,0.9859003940705031,0.07549838966675583,0.9975549475690979,0.034964642361263516,0.01631611167119267,3.3306690738754696e-16
confirmation,10016,4,4,0.25,4,raw_svd,2000,1000,1000,0.0,0.9859003940705025,0.07549838966675607,0.9975549475690979,0.034964642361263586,0.016316111671193474,4.996003610813204e-16
confirmation,10016,4,4,0.25,4,full_state_oracle,2000,1000,1000,0.0,1.0,0.0,1.0,0.0,0.0,1.942890293094024e-16
confirmation,10016,4,4,0.5,4,correlon,2000,1000,1000,0.0,0.9762801198751291,0.06421442391856146,0.9981977066706247,0.03001910499478005,0.020225296081821362,2.220446049250313e-16
confirmation,10016,4,4,0.5,4,cca_equivalent,2000,1000,1000,0.0,0.9762801198751291,0.06421442391856146,0.9981977066706247,0.03001910499478005,0.020225296081821362,2.220446049250313e-16
confirmation,10016,4,4,0.5,4,raw_svd,2000,1000,1000,0.0,0.9762801198751286,0.06421442391856139,0.9981977066706247,0.030019104994780096,0.020225296081821505,1.1102230246251565e-16
confirmation,10016,4,4,0.5,4,full_state_oracle,2000,1000,1000,0.0,1.0,0.0,1.0,0.0,0.0,3.885780586188048e-16
confirmation,10016,4,4,1.0,4,correlon,2000,1000,1000,0.0,0.9781289328706034,0.06859436078795207,0.9979210799161173,0.03224065821197318,0.03379999902460887,3.885780586188048e-16
confirmation,10016,4,4,1.0,4,cca_equivalent,2000,1000,1000,0.0,0.9781289328706034,0.06859436078795207,0.9979210799161173,0.03224065821197318,0.03379999902460887,3.885780586188048e-16
confirmation,10016,4,4,1.0,4,raw_svd,2000,1000,1000,0.0,0.9781289328706027,0.06859436078795231,0.9979210799161173,0.03224065821197325,0.033799999024609104,4.718447854656915e-16
confirmation,10016,4,4,1.0,4,full_state_oracle,2000,1000,1000,0.0,1.0,0.0,1.0,0.0,0.0,4.440892098500626e-16
confirmation,10016,8,1,0.1,4,correlon,2000,1000,1000,0.0,0.9977019372928859,0.07965984732472671,0.9968568331246642,0.039643201657634554,0.017942262123582284,4.3021142204224816e-16
confirmation,10016,8,1,0.1,4,cca_equivalent,2000,1000,1000,0.0,0.9977019372928859,0.07965984732472671,0.9968568331246642,0.039643201657634554,0.017942262123582284,4.3021142204224816e-16
confirmation,10016,8,1,0.1,4,raw_svd,2000,1000,1000,0.0,0.9978498876657722,0.07919427667789129,0.9968828012149257,0.039479100705781464,0.017914510663062884,3.0531133177191805e-16
confirmation,10016,8,1,0.1,4,full_state_oracle,2000,1000,1000,0.0,1.0,0.0,1.0,0.0,0.0,2.7755575615628914e-16
confirmation,10016,8,1,0.25,4,correlon,2000,1000,1000,0.0,0.9659492280257549,0.08900152236934823,0.9964627398886191,0.04205508358915031,0.027533084310737206,3.885780586188048e-16
confirmation,10016,8,1,0.25,4,cca_equivalent,2000,1000,1000,0.0,0.9659492280257549,0.08900152236934823,0.9964627398886191,0.04205508358915031,0.027533084310737206,3.885780586188048e-16
confirmation,10016,8,1,0.25,4,raw_svd,2000,1000,1000,0.0,0.966232664642626,0.08817064330267413,0.9965027242343278,0.041816717743458784,0.02690508476686041,6.106226635438361e-16
confirmation,10016,8,1,0.25,4,full_state_oracle,2000,1000,1000,0.0,1.0,0.0,1.0,0.0,0.0,3.885780586188048e-16
confirmation,10016,8,1,0.5,4,correlon,2000,1000,1000,0.0,0.9679314892991407,0.09260586987484645,0.9959352111410805,0.045082085460409864,0.018698175650215025,4.440892098500626e-16
confirmation,10016,8,1,0.5,4,cca_equivalent,2000,1000,1000,0.0,0.9679314892991407,0.09260586987484645,0.9959352111410805,0.045082085460409864,0.018698175650215025,4.440892098500626e-16
confirmation,10016,8,1,0.5,4,raw_svd,2000,1000,1000,0.0,0.9680717113068503,0.09219468005097461,0.995950135847064,0.044999245287760184,0.018767642984095008,5.551115123125783e-16
confirmation,10016,8,1,0.5,4,full_state_oracle,2000,1000,1000,0.0,1.0,0.0,1.0,0.0,0.0,3.3306690738754696e-16
confirmation,10016,8,1,1.0,4,correlon,2000,1000,1000,0.0,0.9790082833170671,0.08619613878144936,0.996488492275819,0.04190171669622279,0.019573223015065786,3.3306690738754696e-16
confirmation,10016,8,1,1.0,4,cca_equivalent,2000,1000,1000,0.0,0.9790082833170671,0.08619613878144936,0.996488492275819,0.04190171669622279,0.019573223015065786,3.3306690738754696e-16
confirmation,10016,8,1,1.0,4,raw_svd,2000,1000,1000,0.0,0.9792931158153058,0.08548315196602518,0.9965212234113902,0.041705974323889235,0.01951387975654669,3.3306690738754696e-16
confirmation,10016,8,1,1.0,4,full_state_oracle,2000,1000,1000,0.0,1.0,0.0,1.0,0.0,0.0,2.220446049250313e-16
confirmation,10016,8,2,0.1,4,correlon,2000,1000,1000,0.0,0.9712123334011572,0.08528096620008074,0.9966360843088898,0.04101167937984336,0.017793028799576643,5.551115123125783e-16
confirmation,10016,8,2,0.1,4,cca_equivalent,2000,1000,1000,0.0,0.9712123334011572,0.08528096620008074,0.9966360843088898,0.04101167937984336,0.017793028799576643,5.551115123125783e-16
confirmation,10016,8,2,0.1,4,raw_svd,2000,1000,1000,0.0,0.9712658668773543,0.08512722841497478,0.9966442525563599,0.040961856913719535,0.017732169608305797,4.718447854656915e-16
confirmation,10016,8,2,0.1,4,full_state_oracle,2000,1000,1000,0.0,1.0,0.0,1.0,0.0,0.0,2.7755575615628914e-16
confirmation,10016,8,2,0.25,4,correlon,2000,1000,1000,0.0,0.9793957731363946,0.08573094994693173,0.9966368872192126,0.041006784687337754,0.02632920338553387,7.077671781985373e-16
confirmation,10016,8,2,0.25,4,cca_equivalent,2000,1000,1000,0.0,0.9793957731363946,0.08573094994693173,0.9966368872192126,0.041006784687337754,0.02632920338553387,7.077671781985373e-16
confirmation,10016,8,2,0.25,4,raw_svd,2000,1000,1000,0.0,0.9796352363748201,0.08577310095760858,0.9966320509830477,0.041036258460977054,0.02575692870343407,1.6653345369377348e-16
confirmation,10016,8,2,0.25,4,full_state_oracle,2000,1000,1000,0.0,1.0,0.0,1.0,0.0,0.0,2.220446049250313e-16
confirmation,10016,8,2,0.5,4,correlon,2000,1000,1000,0.0,0.987632008449608,0.08420550530075864,0.9967506103103939,0.04030750357939627,0.015051978044344617,5.551115123125783e-16
confirmation,10016,8,2,0.5,4,cca_equivalent,2000,1000,1000,0.0,0.987632008449608,0.08420550530075864,0.9967506103103939,0.04030750357939627,0.015051978044344617,5.551115123125783e-16
confirmation,10016,8,2,0.5,4,raw_svd,2000,1000,1000,0.0,0.9882714527647803,0.082571484187257,0.9968437558860007,0.039725584413569034,0.014895545143781106,3.608224830031759e-16
confirmation,10016,8,2,0.5,4,full_state_oracle,2000,1000,1000,0.0,1.0,0.0,1.0,0.0,0.0,5.551115123125783e-16
confirmation,10016,8,2,1.0,4,correlon,2000,1000,1000,0.0,0.9915826150859455,0.07974481579547174,0.9969683217854958,0.038933778486708565,0.010903770144672493,4.163336342344337e-16
confirmation,10016,8,2,1.0,4,cca_equivalent,2000,1000,1000,0.0,0.9915826150859455,0.07974481579547174,0.9969683217854958,0.038933778486708565,0.010903770144672493,4.163336342344337e-16
confirmation,10016,8,2,1.0,4,raw_svd,2000,1000,1000,0.0,0.9917663143849924,0.07922317740744847,0.9970059785754735,0.0386912226772857,0.011212979309299454,2.498001805406602e-16
confirmation,10016,8,2,1.0,4,full_state_oracle,2000,1000,1000,0.0,1.0,0.0,1.0,0.0,0.0,3.885780586188048e-16
confirmation,10016,8,4,0.1,4,correlon,2000,1000,1000,0.0,0.9701539443305746,0.0927738747105906,0.9960176813228074,0.0446224084804515,0.02699695888869466,4.996003610813204e-16
confirmation,10016,8,4,0.1,4,cca_equivalent,2000,1000,1000,0.0,0.9701539443305746,0.0927738747105906,0.9960176813228074,0.0446224084804515,0.02699695888869466,4.996003610813204e-16
confirmation,10016,8,4,0.1,4,raw_svd,2000,1000,1000,0.0,0.9708095140920111,0.09148934854436791,0.9960573870119447,0.04439939745117788,0.027527478960851698,4.440892098500626e-16
confirmation,10016,8,4,0.1,4,full_state_oracle,2000,1000,1000,0.0,1.0,0.0,1.0,0.0,0.0,4.440892098500626e-16
confirmation,10016,8,4,0.25,4,correlon,2000,1000,1000,0.0,0.9862133093303961,0.08414194005038822,0.9966899386146281,0.04068206844158633,0.017637462989452193,2.220446049250313e-16
confirmation,10016,8,4,0.25,4,cca_equivalent,2000,1000,1000,0.0,0.9862133093303961,0.08414194005038822,0.9966899386146281,0.04068206844158633,0.017637462989452193,2.220446049250313e-16
confirmation,10016,8,4,0.25,4,raw_svd,2000,1000,1000,0.0,0.9862451996578336,0.08387704662185723,0.9967016413945451,0.04061008868160139,0.017506183415825972,4.440892098500626e-16
confirmation,10016,8,4,0.25,4,full_state_oracle,2000,1000,1000,0.0,1.0,0.0,1.0,0.0,0.0,4.718447854656915e-16
confirmation,10016,8,4,0.5,4,correlon,2000,1000,1000,0.0,0.9720274728900002,0.0921059449322038,0.996095538802621,0.04418405366972905,0.02024233980209654,4.718447854656915e-16
confirmation,10016,8,4,0.5,4,cca_equivalent,2000,1000,1000,0.0,0.9720274728900002,0.0921059449322038,0.996095538802621,0.04418405366972905,0.02024233980209654,4.718447854656915e-16
confirmation,10016,8,4,0.5,4,raw_svd,2000,1000,1000,0.0,0.9721286866892236,0.09112739426319443,0.9961758732054495,0.04372714714311066,0.020498387394125836,2.498001805406602e-16
confirmation,10016,8,4,0.5,4,full_state_oracle,2000,1000,1000,0.0,1.0,0.0,1.0,0.0,0.0,4.996003610813204e-16
confirmation,10016,8,4,1.0,4,correlon,2000,1000,1000,0.0,0.9847771607860075,0.08422577532453607,0.9965021652264786,0.04182005962167805,0.012880373517020628,4.0245584642661925e-16
confirmation,10016,8,4,1.0,4,cca_equivalent,2000,1000,1000,0.0,0.9847771607860075,0.08422577532453607,0.9965021652264786,0.04182005962167805,0.012880373517020628,4.0245584642661925e-16
confirmation,10016,8,4,1.0,4,raw_svd,2000,1000,1000,0.0,0.9852553681843687,0.08559237195665288,0.9963971485086363,0.04244320611925877,0.012717668186303372,8.881784197001252e-16
confirmation,10016,8,4,1.0,4,full_state_oracle,2000,1000,1000,0.0,1.0,0.0,1.0,0.0,0.0,4.441976300673112e-16
confirmation,10016,16,1,0.1,4,correlon,2000,1000,1000,0.0,0.9833770936450092,0.11149037278064694,0.9938396031896567,0.05549953517978019,0.022091059313898036,3.885780586188048e-16
confirmation,10016,16,1,0.1,4,cca_equivalent,2000,1000,1000,0.0,0.9833770936450092,0.11149037278064694,0.9938396031896567,0.05549953517978019,0.022091059313898036,3.885780586188048e-16
confirmation,10016,16,1,0.1,4,raw_svd,2000,1000,1000,0.0,0.9849585943243794,0.10758407975926676,0.994153070015583,0.0540690761175791,0.021619456259151598,3.3306690738754696e-16
confirmation,10016,16,1,0.1,4,full_state_oracle,2000,1000,1000,0.0,1.0,0.0,1.0,0.0,0.0,2.7755575615628914e-16
confirmation,10016,16,1,0.25,4,correlon,2000,1000,1000,0.0,0.9756379157537217,0.10797681362397948,0.9941561128909339,0.05405500489809498,0.023632849160983724,3.885780586188048e-16
confirmation,10016,16,1,0.25,4,cca_equivalent,2000,1000,1000,0.0,0.9756379157537217,0.10797681362397948,0.9941561128909339,0.05405500489809498,0.023632849160983724,3.885780586188048e-16
confirmation,10016,16,1,0.25,4,raw_svd,2000,1000,1000,0.0,0.9773970788105032,0.10320429001149288,0.9946027915109616,0.05194809182750779,0.020379007834627608,2.7755575615628914e-16
confirmation,10016,16,1,0.25,4,full_state_oracle,2000,1000,1000,0.0,1.0,0.0,1.0,0.0,0.0,5.551115123125783e-16
confirmation,10016,16,1,0.5,4,correlon,2000,1000,1000,0.0,0.983200046849623,0.1162501942775512,0.9933261745045551,0.057766017239571185,0.02946916271224577,3.3306690738754696e-16
confirmation,10016,16,1,0.5,4,cca_equivalent,2000,1000,1000,0.0,0.983200046849623,0.1162501942775512,0.9933261745045551,0.057766017239571185,0.02946916271224577,3.3306690738754696e-16
confirmation,10016,16,1,0.5,4,raw_svd,2000,1000,1000,0.0,0.9840686011072326,0.11502401192267725,0.993423793086646,0.057341986856726465,0.028467601529608054,4.996003610813204e-16
confirmation,10016,16,1,0.5,4,full_state_oracle,2000,1000,1000,0.0,1.0,0.0,1.0,0.0,0.0,5.551115123125783e-16
confirmation,10016,16,1,1.0,4,correlon,2000,1000,1000,0.0,0.9752448459804638,0.11239591364658347,0.9936993424891052,0.0561277895115015,0.026105150796988254,4.440892098500626e-16
confirmation,10016,16,1,1.0,4,cca_equivalent,2000,1000,1000,0.0,0.9752448459804638,0.11239591364658347,0.9936993424891052,0.0561277895115015,0.026105150796988254,4.440892098500626e-16
confirmation,10016,16,1,1.0,4,raw_svd,2000,1000,1000,0.0,0.9758244527098433,0.11167169173521772,0.9937544910634456,0.055881611181829945,0.024926718393529113,2.7755575615628914e-16
confirmation,10016,16,1,1.0,4,full_state_oracle,2000,1000,1000,0.0,1.0,0.0,1.0,0.0,0.0,4.440892098500626e-16
confirmation,10016,16,2,0.1,4,correlon,2000,1000,1000,0.0,0.9809805774161027,0.1147775387929247,0.9936381348377411,0.05639975692438299,0.02892200379836202,4.996003610813204e-16
confirmation,10016,16,2,0.1,4,cca_equivalent,2000,1000,1000,0.0,0.9809805774161027,0.1147775387929247,0.9936381348377411,0.05639975692438299,0.02892200379836202,4.996003610813204e-16
confirmation,10016,16,2,0.1,4,raw_svd,2000,1000,1000,0.0,0.9822089112632488,0.11186468185691717,0.9938429138550311,0.055484620143643706,0.02655270079053786,4.440892098500626e-16
confirmation,10016,16,2,0.1,4,full_state_oracle,2000,1000,1000,0.0,1.0,0.0,1.0,0.0,0.0,2.7755575615628914e-16
confirmation,10016,16,2,0.25,4,correlon,2000,1000,1000,0.0,0.9731021184316042,ç_:×­Ê×¬¢h­µç]×ÜÝ™ŒLLŒŽNLÌÌÍÍÎMÌM‹ŒMŒÍLLMLNÎKŽNNLÎLMLÎLŒŒMŒŒMMÍÍL‹ŒNÎLŽÍLNLM‹‹ŒŒŒŒLLÌLÙKLM‚˜ÛÛ™š\›X][Û‹LNË‹K[ÜÝ]WÛÜ˜XÛKŒLLŒKŒŒKŒŒŒËŒLŒLŒMÍNLÙKLM‚˜ÛÛ™š\›X][Û‹LNË‹KŒÛÜœ™[Û‹ŒLLŒŽNŽMÌMLMLŒKŒMLLÍNLÎNKŽNNLLÌMNMŽLÍŒŽËŒŒÍÍLNLLÍMŒŒÌÌLÍÌÍŒÍŒŽMMËŽMÎNŒNKLM‚˜ÛÛ™š\›X][Û‹LNË‹KŒØØWÙ\]Z]˜[[ŒLLŒŽNŽMÌMLMLŒKŒMLLÍNLÎNKŽNNLLÌMNMŽLÍŒŽËŒŒÍÍLNLLÍMŒŒÌÌLÍÌÍŒÍŒŽMMËŽMÎNŒNKLM‚˜ÛÛ™š\›X][Û‹LNË‹KŒ˜]×ÜÝ™ŒLLŒŽNŽMÌMLMLMŒMLLÍNLÎKŽNNLLÌMNMŽLÍŒŽËŒŒÍÍLNLLÍL‹ŒŒÌÌLÍÌÍŒÍŒŽMLL‹‹NNMŒ™KLM‚˜ÛÛ™š\›X][Û‹LNË‹KŒ[ÜÝ]WÛÜ˜XÛKŒLLŒKŒŒKŒŒŒLŒNLŒ™KLM‚˜ÛÛ™š\›X][Û‹LNËŒKÛÜœ™[Û‹ŒLLŒKŒMŒLÍÎ‹ŒNMÌÍŒÌLÍŒÍLKŽNNMŒÌÍÍMŒŽMNNÍÌÍÌLŒNMÎNNÍNLŽËËŒÌÌŽLÌÎÍMŽM™KLM‚˜ÛÛ™š\›X][Û‹LNËŒKØØWÙ\]Z]˜[[ŒLLŒKŒMŒLÍÎ‹ŒNMÌÍŒÌLÍŒÍLKŽNNMŒÌÍÍMŒŽMNNÍÌÍÌLŒNMÎNNÍNLŽËËŒÌÌŽLÌÎÍMŽM™KLM‚˜ÛÛ™š\›X][Û‹LNËŒK˜]×ÜÝ™ŒLLŒKŒMŒLÍÎÍËŒNMÌÍŒÌLÍŒÍÍŽNNMŒÌÍÍMŒŽMNNÍÌÍÌKŒNMÎNNÍNLÌËËŒÌÌŽLÌÎÍMŽM™KLM‚˜ÛÛ™š\›X][Û‹LNËŒK[ÜÝ]WÛÜ˜XÛKŒLLŒKŒŒKŒŒŒ‹ÍÍMMMÍMŒMMŒŽLMKLM‚˜ÛÛ™š\›X][Û‹LNËŒKÛÜœ™[Û‹ŒLLŒŽNNLÍÍMŒÎ‹ŒÌMŒÌLLÌMKŽNMÎLMLLÌNÍÌËŒÌÍÍMÌMÍÍŽLMÍŒMÍŒÍÍŒÎMŒÍNK‹ÍÍMMMÍMŒMMŒŽLMKLM‚˜ÛÛ™š\›X][Û‹LNËŒKØØWÙ\]Z]˜[[ŒLLŒŽNNLÍÍMŒÎ‹ŒÌMŒÌLLÌMKŽNMÎLMLLÌNÍÌËŒÌÍÍMÌMÍÍŽLMÍŒMÍŒÍÍŒÎMŒÍNK‹ÍÍMMMÍMŒMMŒŽLMKLM‚˜ÛÛ™š\›X][Û‹LNËŒK˜]×ÜÝ™ŒLLŒŽNNLÍÍMŒÎLËŒÌMŒÌLLÌŽKŽNMÎLMLLÌNÍÌËŒÌÍÍMÌMÍÍŽL‹ŒMÍŒÍÍŒÎMLËKLÌÍLÍŽLÍÍÌÍKLM‚˜ÛÛ™š\›X][Û‹LNËŒK[ÜÝ]WÛÜ˜XÛKŒLLŒKŒŒKŒŒŒ‹ÍÍMMMÍMŒMMŒŽLMKLM‚˜ÛÛ™š\›X][Û‹LNËKÛÜœ™[Û‹ŒLLŒKŒNMLMNLMÍŒMŽŒÍŽNLÍÌŽŽNNLMÎLMÍŒMMKŒÌŒŒMÌL‹ŒLŒÎMÎŒŽLŒÌKLŒNLŒ™KLM‚˜ÛÛ™š\›X][Û‹LNËKØØWÙ\]Z]˜[[ŒLLŒKŒNMLMNLMÍŒMŽŒÍŽNLÍÌŽŽNNLMÎLMÍŒMMKŒÌŒŒMÌL‹ŒLŒÎMÎŒŽLŒÌKLŒNLŒ™KLM‚˜ÛÛ™š\›X][Û‹LNËK˜]×ÜÝ™ŒLLŒKŒNMLMNLMÍÌËŒMŽŒÍŽNLÍÌMMËŽNNLMÎLMÍŒMMKŒÌŒŒMÌLLLËŒLŒÎMÎŒŽLŒNKLÌÍLÍŽLÍÍÌÍKLM‚˜ÛÛ™š\›X][Û‹LNËK[ÜÝ]WÛÜ˜XÛKŒLLŒKŒŒKŒŒŒËŽMÎNŒNKLM‚˜ÛÛ™š\›X][Û‹LNËKŒÛÜœ™[Û‹ŒLLŒKŒMÍMÌÌÍŒLÌNÌLÌNLLŽÍKŽNNÍLLMÎNLËŒŽLÍŒMÎMKŒLNMLLŒLÍŽMÎMŽKKŒLLŒŒÌŒLMMYKLM‚˜ÛÛ™š\›X][Û‹LNËKŒØØWÙ\]Z]˜[[ŒLLŒKŒMÍMÌÌÍŒLÌNÌLÌNLLŽÍKŽNNÍLLMÎNLËŒŽLÍŒMÎMKŒLNMLLŒLÍŽMÎMŽKKŒLLŒŒÌŒLMMYKLM‚˜ÛÛ™š\›X][Û‹LNËKŒ˜]×ÜÝ™ŒLLŒKŒMÍMÌÌÍMKŒLÌNÌLÌNLLŽMKŽNNÍLLMÎNLËŒŽLÍŒMŽËŒLNMLLŒLÍŽMÎMÌÌM‹‹ŒŒŒŒLLÌLÙKLM‚˜ÛÛ™š\›X][Û‹LNËKŒ[ÜÝ]WÛÜ˜XÛKŒLLŒKŒŒKŒŒŒKŒÎÍÍÎÎÎMMÙKLM‚˜ÛÛ™š\›X][Û‹LNËKŒKÛÜœ™[Û‹ŒLLŒŽNMÍLÌÎMM‹ŒÎNMÌÌŒÌM‹ŽNMÌLŒŽLLLŽMKŒÍÎLŽŒLŒMŽNLŒËŒŒLÍMLLÎ‹ËŒÌÌŽLÌÎÍMŽM™KLM‚˜ÛÛ™š\›X][Û‹LNËKŒKØØWÙ\]Z]˜[[ŒLLŒŽNMÍLÌÎMM‹ŒÎNMÌÌŒÌM‹ŽNMÌLŒŽLLLŽMKŒÍÎLŽŒLŒMŽNLŒËŒŒLÍMLLÎ‹ËŒÌÌŽLÌÎÍMŽM™KLM‚˜ÛÛ™š\›X][Û‹LNËKŒK˜]×ÜÝ™ŒLLŒŽNMÍNLLÍŒÎ‹ŒÎLÌÎMÌŒMLÍLÌKŽNMÌLLÎLLLNNNKŒÍÎNÍLMMŒŽNMNŒŒÍLNLÌÍNÌŒŒLŒNLŒ™KLM‚˜ÛÛ™š\›X][Û‹LNËKŒK[ÜÝ]WÛÜ˜XÛKŒLLŒKŒŒKŒŒŒ‹ŒŒŒŒLLÌLÙKLM‚˜ÛÛ™š\›X][Û‹LNËKŒKÛÜœ™[Û‹ŒLLŒŽMÍÌMÌÎLÌLMÍŒLMŒÌLNNMMLMŽNMŒÍLÌNMÍŒÎKŒŽNNLÎÍ‹ŒMMLÍÎLMÍLŒMK‹ŒŒŒŒLLÌLÙKLM‚˜ÛÛ™š\›X][Û‹LNËKŒKØØWÙ\]Z]˜[[ŒLLŒŽMÍÌMÌÎLÌLMÍŒLMŒÌLNNMMLMŽNMŒÍLÌNMÍŒÎKŒŽNNLÎÍ‹ŒMMLÍÎLMÍLŒMK‹ŒŒŒŒLLÌLÙKLM‚˜ÛÛ™š\›X][Û‹LNËKŒK˜]×ÜÝ™ŒLLŒŽMÍÍÌNMMÍÎŒLLŒLLÌÍÌL‹ŽNMŒLNNNLLÌLKŒLÌMLNLNŒ‹ŒNMÌLŒÍLLŒLŒNLŒ™KLM‚˜ÛÛ™š\›X][Û‹LNËKŒK[ÜÝ]WÛÜ˜XÛKŒLLŒKŒŒKŒŒŒËŒŒÌÌMÍNYKLM‚˜ÛÛ™š\›X][Û‹LNËKKÛÜœ™[Û‹ŒLLŒŽNÌMLMMMŽNŒÌŒŒŽMMLÌŒŒÍÍKŽNMMLMÌÌLŒÍLKŒMLŒÌÎLÎLÍËŒLÍLŒÌLMÍÎËŽMÎNŒNKLM‚˜ÛÛ™š\›X][Û‹LNËKKØØWÙ\]Z]˜[[ŒLLŒŽNÌMLMMMŽNŒÌŒŒŽMMLÌŒŒÍÍKŽNMMLMÌÌLŒÍLKŒMLŒÌÎLÎLÍËŒLÍLŒÌLMÍÎËŽMÎNŒNKLM‚˜ÛÛ™š\›X][Û‹LNËKK˜]×ÜÝ™ŒLLŒŽNÍMŽMŒLŒLËŒNLNNLÍŒNÍL‹ŽNMŒNMŒÌMÍËŒLLŒÍÎMŽÎŒLŽÌLŒNÌLÎËKMLLLMLLŒÌLMÎÙKLM‚˜ÛÛ™š\›X][Û‹LNËKK[ÜÝ]WÛÜ˜XÛKŒLLŒKŒŒKŒŒŒ‹ÍÍMMMÍMŒMMŒŽLMKLM‚˜ÛÛ™š\›X][Û‹LNËKKŒÛÜœ™[Û‹ŒLLŒŽMÌÎNMMMNMŽNNKŒÎMŒLMÎMŽŽLÌ‹ŽNMÌÌLÎNMÎNNŽKŒÎLŒMMÌÌÍËŒMÌÍÍLMÌLÍËËŒÌÌŽLÌÎÍMŽM™KLM‚˜ÛÛ™š\›X][Û‹LNËKKŒØØWÙ\]Z]˜[[ŒLLŒŽMÌÎNMMMNMŽNNKŒÎMŒLMÎMŽŽLÌ‹ŽNMÌÌLÎNMÎNNŽKŒÎLŒMMÌÌÍËŒMÌÍÍLMÌLÍËËŒÌÌŽLÌÎÍMŽM™KLM‚˜ÛÛ™š\›X][Û‹LNËKKŒ˜]×ÜÝ™ŒLLŒŽMÍLLŒÎÌÎL‹ŒÎLNÍÍLŽŽ‹ŽNMÌŒÌÌÌŒŒ‹ŒÎÌÍMÌÌÍLËŒMNLŒMMŒŒMMŒMLŒNLŒ™KLM‚˜ÛÛ™š\›X][Û‹LNËKKŒ[ÜÝ]WÛÜ˜XÛKŒLLŒKŒŒKŒŒŒLŒNLŒ™KLM‚˜ÛÛ™š\›X][Û‹LNË‹ŒKÛÜœ™[Û‹ŒLLŒŽMÍŽNMÍLLMŽMËŒLÍŽMÍÍMLŽMMÌNŽNMMÍLŒÍLMÌŒÍËŒÍMLÎLÌŒMŒKŒÎNÌNMÍMÍ‹ËŒÌÌŽLÌÎÍMŽM™KLM‚˜ÛÛ™š\›X][Û‹LNË‹ŒKØØWÙ\]Z]˜[[ŒLLŒŽMÍŽNMÍLLMŽMËŒLÍŽMÍÍMLŽMMÌNŽNMMÍLŒÍLMÌŒÍËŒÍMLÎLÌŒMŒKŒÎNÌNMÍMÍ‹ËŒÌÌŽLÌÎÍMŽM™KLM‚˜ÛÛ™š\›X][Û‹LNË‹ŒK˜]×ÜÝ™ŒLLŒŽMÍÍNMLÌLKŒNMLŽNNMÌ‹ŽNMMMÌŽŒŒ‹ŒÌNMÎÍNNLMMŒÎMÌÍMLMMÎËLŒNLŒ™KLM‚˜ÛÛ™š\›X][Û‹LNË‹ŒK[ÜÝ]WÛÜ˜XÛKŒLLŒKŒŒKŒŒŒËŒÌÌŽLÌÎÍMŽM™KLM‚˜ÛÛ™š\›X][Û‹LNË‹ŒKÛÜœ™[Û‹ŒLLŒŽMŽÍNLLÎÍKŒÌLŽLMLŽËŽNMÍŽŽLLÌ‹ŒMLÌLÌŒÍÌËŒÌÌLMNLLÌLÎM‹‹ŒŒŒŒLLÌLÙKLM‚˜ÛÛ™š\›X][Û‹LNË‹ŒKØØWÙ\]Z]˜[[ŒLLŒŽMŽÍNLLÎÍKŒÌLŽLMLŽËŽNMÍŽŽLLÌ‹ŒMLÌLÌŒÍÌËŒÌÌLMNLLÌLÎM‹‹ŒŒŒŒLLÌLÙKLM‚˜ÛÛ™š\›X][Û‹LNË‹ŒK˜]×ÜÝ™ŒLLŒŽMŽLMŽÍLLÍLÌKŒŽNÎNNÌLËŽNMÍÌLŒÌŽKŒMŒÍMÍMLMMKŒÌÌMŒNMMÎMŽNMÍMÎÍÌYKLM‚˜ÛÛ™š\›X][Û‹LNË‹ŒK[ÜÝ]WÛÜ˜XÛKŒLLŒKŒŒKŒŒŒLŒNLŒ™KLM‚˜ÛÛ™š\›X][Û‹LNË‹KÛÜœ™[Û‹ŒLLŒŽMŒNMŽLNMÍKŒLMÍŽNMMLÎÍKŽNMŒMNLŒLNN‹ŒÍÎLŒLÎLÎÌMŽKŒNNÍÍNNÌË‹ŒŒŒŒLLÌLÙKLM‚˜ÛÛ™š\›X][Û‹LNË‹KØØWÙ\]Z]˜[[ŒLLŒŽMŒNMŽLNMÍKŒLMÍŽNMMLÎÍKŽNMŒMNLŒLNN‹ŒÍÎLŒLÎLÎÌMŽKŒNNÍÍNNÌË‹ŒŒŒŒLLÌLÙKLM‚˜ÛÛ™š\›X][Û‹LNË‹K˜]×ÜÝ™ŒLLŒŽMŒŽÍLÌLNMËŒLNMŒMÌNÎKŽNMŒMÍŒÎLŒÎLÌMMNŒMÍŒÍËŒNLŽLŒÌÍMÍÍM‹ËŽMÎNŒNKLM‚˜ÛÛ™š\›X][Û‹LNË‹K[ÜÝ]WÛÜ˜XÛKŒLLŒKŒŒKŒŒŒÌNÎMMŽLMYKLM‚˜ÛÛ™š\›X][Û‹LNË‹KŒÛÜœ™[Û‹ŒLLŒŽNÎLÌÌMLÌÎMÍM‹ŒMÌÎMŒÍÍÌÍMËŽNMNNMÌÎMÍ‹ŒLŽÍŒMÍŽŒŒLÌÍLLNNŒÌÍMÍËŒÌÌŽLÌÎÍMŽM™KLM‚˜ÛÛ™š\›X][Û‹LNË‹KŒØØWÙ\]Z]˜[[ŒLLŒŽNÎLÌÌMLÌÎMÍM‹ŒMÌÎMŒÍÍÌÍMËŽNMNNMÌÎMÍ‹ŒLŽÍŒMÍŽŒŒLÌÍLLNNŒÌÍMÍËŒÌÌŽLÌÎÍMŽM™KLM‚˜ÛÛ™š\›X][Û‹LNË‹KŒ˜]×ÜÝ™ŒLLŒŽNÍMMMŽLLLMŒMÍLŒLÌLMŽÍÌM‹ŽNMNNÍMLÌŒÌËŒLÎÎMÎMÎNÍÌ‹ŒŒMLNLŒÎNLMKËŒÌÌŽLÌÎÍMŽM™KLM‚˜ÛÛ™š\›X][Û‹LNË‹KŒ[ÜÝ]WÛÜ˜XÛKŒLLŒKŒŒKŒŒŒ‹ÍÍMMMÍMŒMMŒŽLMKLM‚˜ÛÛ™š\›X][Û‹LNËŒKÛÜœ™[Û‹ŒLLŒŽMÌÍMÍŒÎMÌÍKŒLLNMNNLÎŽNMLŽÌÍLÍŒŒNLËŒMMMMŒLNËŒÍLMŒNÍŽLÍŽMÍKKMLLLMLLŒÌLMÎÙKLM‚˜ÛÛ™š\›X][Û‹LNËŒKØØWÙ\]Z]˜[[ŒLLŒŽMÌÍMÍŒÎMÌÍKŒLLNMNNLÎŽNMLŽÌÍLÍŒŒNLËŒMMMMŒLNËŒÍLMŒNÍŽLÍŽMÍKKMLLLMLLŒÌLMÎÙKLM‚˜ÛÛ™š\›X][Û‹LNËŒK˜]×ÜÝ™ŒLLŒŽMÍLMLMÌMLÎMLKŒNNÎÌŒÌŒLËŽNMLÎLŒÎŒKŒÍLLMÍÎMM‹ŒÌÍŒÌNLŽÍLÌÌÌMK‹NNMŒ™KLM‚˜ÛÛ™š\›X][Û‹LNËŒK[ÜÝ]WÛÜ˜XÛKŒLLŒKŒŒKŒŒŒ‹ŒŒŒŒLLÌLÙKLM‚˜ÛÛ™š\›X][Û‹LNËŒKÛÜœ™[Û‹ŒLLŒŽMÍLÎÌÍÎLÍÎ‹ŒLLŽÎÍLÍNKŽNMLLŒNLŒÌM‹ŒMÍMNŽMMÌŽKŒŽŽMLLÎÎLK‹ÍÍMMMÍMŒMMŒŽLMKLM‚˜ÛÛ™š\›X][Û‹LNËŒKØØWÙ\]Z]˜[[ŒLLŒŽMÍLÎÌÍÎLÍÎ‹ŒLLŽÎÍLÍNKŽNMLLŒNLŒÌM‹ŒMÍMNŽMMÌŽKŒŽŽMLLÎÎLK‹ÍÍMMMÍMŒMMŒŽLMKLM‚˜ÛÛ™š\›X][Û‹LNËŒK˜]×ÜÝ™ŒLLŒŽMÍŽNNLŒÎLÌNNŒLŽŒÌMÍNNLËŽNMLMÍŽÎMNÌÌ‹ŒLLÍŒÎLŒMNL‹ŒŽÎÍLÍMÍLË‹ŒŽNÍNŽLÎMKLM‚˜ÛÛ™š\›X][Û‹LNËŒK[ÜÝ]WÛÜ˜XÛKŒLLŒKŒŒKŒŒŒ‹ÍÍMMMÍMŒMMŒŽLMKLM‚˜ÛÛ™š\›X][Û‹LNËKÛÜœ™[Û‹ŒLLŒŽNLMÍÌMÎÍÍŒKŒLÌLMLŒÌÌŽL‹ŽNMMLŒÌLÍLKŒŒLŽMLLÍÌLËŒŒÌŒŒNLÌË‹ŒMLMLNÍŽNYKLM‚˜ÛÛ™š\›X][Û‹LNËKØØWÙ\]Z]˜[[ŒLLŒŽNLMÍÌMÎÍÍŒKŒLÌLMLŒÌÌŽL‹ŽNMMLŒÌLÍLKŒŒLŽMLLÍÌLËŒŒÌŒŒNLÌË‹ŒMLMLNÍŽNYKLM‚˜ÛÛ™š\›X][Û‹LNËK˜]×ÜÝ™ŒLLŒŽNLMÌÍÍÍMŒ‹ŒŽŒŒŒMŒŽMKŽNMÍÎŒŒŒLÌŽŒŒNMÌŒNLÍËŒŒÍŒŽMÎÌÍ‹ËŒÌÌŽLÌÎÍMŽM™KLM‚˜ÛÛ™š\›X][Û‹LNËK[ÜÝ]WÛÜ˜XÛKŒLLŒKŒŒKŒŒŒ‹ÍÍMMMÍMŒMMŒŽLMKLM‚˜ÛÛ™š\›X][Û‹LNËKŒÛÜœ™[Û‹ŒLLŒŽNMÍLŒÍŒMÍËŒMÎMÍMMÌÍLÍÌ‹ŽNMŽMÌÍŒŒÍŒLÎËŒÎLLMÎMM‹ŒŒŒÍLLÌÍŽÍKËŽMÎNŒNKLM‚˜ÛÛ™š\›X][Û‹LNËKŒØØWÙ\]Z]˜[[ŒLLŒŽNMÍLŒÍŒMÍËŒMÎMÍMMÌÍLÍÌ‹ŽNMŽMÌÍŒŒÍŒLÎËŒÎLLMÎMM‹ŒŒŒÍLLÌÍŽÍKËŽMÎNŒNKLM‚˜ÛÛ™š\›X][Û‹LNËKŒ˜]×ÜÝ™ŒLLŒŽNNŒÍNLÍÍŒLKŒLMÍÌŽNMLNMKŽNMÌLLÍÍŒŒÍËŒÎLÍŒÌŒÎLLËŒŒŒM‹LŒNLŒ™KLM‚˜ÛÛ™š\›X][Û‹LNËKŒ[ÜÝ]WÛÜ˜XÛKŒLLŒKŒŒKŒŒŒ‹ŒLŒŒŒÍMÎÍŒYKLM‚˜ÛÛ™š\›X][Û‹LNËM‹KŒKÛÜœ™[Û‹ŒLLŒŽMÍMÍÎMŽNMNNŒLMMŒÍNLŽÌNŽNMŒÌKŒLÎLLLÎŽMËŒŽŒÌMÍÌŒMNNMKKŒÌÍMNLÍŽMŽMMKLM‚˜ÛÛ™š\›X][Û‹LNËM‹KŒKØØWÙ\]Z]˜[[ŒLLŒŽMÍMÍÎMŽNMNNŒLMMŒÍNLŽÌNŽNMŒÌKŒLÎLLLÎŽMËŒŽŒÌMÍÌŒMNNMKKŒÌÍMNLÍŽMŽMMKLM‚˜ÛÛ™š\›X][Û‹LNËM‹KŒK˜]×ÜÝ™ŒLLŒŽMÍŒŒLNŽMÌ‹ŒLMÌÌÍÌLMKŽNMNŒÍÍŽKŒLÍMÍÎÌLÍŒ‹ŒŽNLŒLNMŒM‹ËŽMÎNŒNKLM‚˜ÛÛ™š\›X][Û‹LNËM‹KŒK[ÜÝ]WÛÜ˜XÛKŒLLŒKŒŒKŒŒŒËŒÌÌŽLÌÎÍMŽM™KLM‚˜ÛÛ™š\›X][Û‹LNËM‹KŒKÛÜœ™[Û‹ŒLLŒŽMŽÍÌŒLÌÍKŒLNNMÌŒŒÌMLLÍËŽNLŽÌŽŒÌŽLËŒNNŒNLLLŒÍÌLKŒŽLÎŒNLÎ‹ËŽMÎNŒNKLM‚˜ÛÛ™š\›X][Û‹LNËM‹KŒKØØWÙ\]Z]˜[[ŒLLŒŽMŽÍÌŒLÌÍKŒLNNMÌŒŒÌMLLÍËŽNLŽÌŽŒÌŽLËŒNNŒNLLLŒÍÌLKŒŽLÎŒNLÎ‹ËŽMÎNŒNKLM‚˜ÛÛ™š\›X][Û‹LNËM‹KŒK˜]×ÜÝ™ŒLLŒŽMŽMLÍŒÌŒMLÌŒÌKŒLNÌÌNMÎMMNMKŽNLŽMŒLÌÍŽLÎMËŒNLÌMMLÌMŽLÍ‹ŒŽÍŒLŒLNLMË‹ŒLÌÎMÍÍLLÎYKLM‚˜ÛÛ™š\›X][Û‹LNËM‹KŒK[ÜÝ]WÛÜ˜XÛKŒLLŒKŒŒKŒŒŒ‹ŒŒŒŒLLÌLÙKLM‚˜ÛÛ™š\›X][Û‹LNËM‹KKÛÜœ™[Û‹ŒLLŒŽNLŒLŒÌLLÌNÌKŒLÌÌMŒÎMÎLËŽNMŒNŒŒŒLMÎKŒLŽLNLÍÍÎMLLËŒŽNLÍŽLÍŒŒËŽMÎNŒNKLM‚˜ÛÛ™š\›X][Û‹LNËM‹KKØØWÙ\]Z]˜[[ŒLLŒŽNLŒLŒÌLLÌNÌKŒLÌÌMŒÎMÎLËŽNMŒNŒŒŒLMÎKŒLŽLNLÍÍÎMLLËŒŽNLÍŽLÍŒŒËŽMÎNŒNKLM‚˜ÛÛ™š\›X][Û‹LNËM‹KK˜]×ÜÝ™ŒLLŒŽNŒÍNNMŒŽKŒLÎMÍÍLÍÌËŽNMŒLNNÌŒKŒLNMMÌŒN‹ŒŽMÍÎMMŒÍMMŒMËËŽMÎNŒNKLM‚˜ÛÛ™š\›X][Û‹LNËM‹KK[ÜÝ]WÛÜ˜XÛKŒLLŒKŒŒKŒŒŒKMLLLMLLŒÌLMÎÙKLM‚˜ÛÛ™š\›X][Û‹LNËM‹KKŒÛÜœ™[Û‹ŒLLŒŽNNŒMÎŒMËŒLLNÌŒMÍLËŽNLÎÍMMÍMŒÌKŒMMLŒŒNÍÌLÎLÌ‹ŒÌÎLŒŒM‹ŽLŒMÌMÍÍLÌ™KLM‚˜ÛÛ™š\›X][Û‹LNËM‹KKŒØØWÙ\]Z]˜[[ŒLLŒŽNNŒMÎŒMËŒLLNÌŒMÍLËŽNLÎÍMMÍMŒÌKŒMMLŒŒNÍÌLÎLÌ‹ŒÌÎLŒŒM‹ŽLŒMÌMÍÍLÌ™KLM‚˜ÛÛ™š\›X][Û‹LNËM‹KKŒ˜]×ÜÝ™ŒLLŒŽNÌLÍŒÍNNMŒLLLNÌÌÍŒLMÍNŽNLÎMÍŽLMŒMMKŒMÍLŒÎLÍKŒNNÎŒLË‹ŒLÌÎMÍÍLLÎYKLM‚˜ÛÛ™š\›X][Û‹LNËM‹KKŒ[ÜÝ]WÛÜ˜XÛKŒLLŒKŒŒKŒŒŒËŽMŽMLNMLÍŒMKLM‚˜ÛÛ™š\›X][Û‹LNËM‹‹ŒKÛÜœ™[Û‹ŒLLŒŽMÍÍLLÍNÌNMŒM‹ŒLLLŽLŒLŒÎMËŽNLÍÎMŽLLŒNŒÎLNKŒMMŽLMLNMM‹ŒMŒŒÍÌKLŒNLŒ™KLM‚˜ÛÛ™š\›X][Û‹LNËM‹‹ŒKØØWÙ\]Z]˜[[ŒLLŒŽMÍÍLLÍNÌNMŒM‹ŒLLLŽLŒLŒÎMËŽNLÍÎMŽLLŒNŒÎLNKŒMMŽLMLNMM‹ŒMŒŒÍÌKLŒNLŒ™KLM‚˜ÛÛ™š\›X][Û‹LNËM‹‹ŒK˜]×ÜÝ™ŒLLŒŽMÎÍÎMÌŒNŒLNMMLLMLLMËŽNLÎLMNMÍŽMMËŒMLMNMLNLÍÌNLL‹ŒŒLLÌMLNMNLŒNLŒ™KLM‚˜ÛÛ™š\›X][Û‹LNËM‹‹ŒK[ÜÝ]WÛÜ˜XÛKŒLLŒKŒŒKŒŒŒËŒÌÌŽLÌÎÍMŽM™KLM‚˜ÛÛ™š\›X][Û‹LNËM‹‹ŒKÛÜœ™[Û‹ŒLLŒŽMÍŽLŽŽŒMÍËŒLMLLŒÌÍÎNÌNMŽNLÍÎŒLMŒŽM‹ŒMÌLMŒŒ‹ŒÌÌÌŒMÍŽNMÎNËŽMÎNŒNKLM‚˜ÛÛ™š\›X][Û‹LNËM‹‹ŒKØØWÙ\]Z]˜[[ŒLLŒŽMÍŽLŽŽŒMÍËŒLMLLŒÌÍÎNÌNMŽNLÍÎŒLMŒŽM‹ŒMÌLMŒŒ‹ŒÌÌÌŒMÍŽNMÎNËŽMÎNŒNKLM‚˜ÛÛ™š\›X][Û‹LNËM‹‹ŒK˜]×ÜÝ™ŒLLŒŽMÍÍLMÌLŽÌKŒLLÌÌMNLLMŒ‹ŽNLÍŒŒŽLM‹ŒMŒÍÎNNLÍÌÍLÍÎM‹ŒÌŒÍLÎÍK‹ŒLÌÎMÍÍLLÎYKLM‚˜ÛÛ™š\›X][Û‹LNËM‹‹ŒK[ÜÝ]WÛÜ˜XÛKŒLLŒKŒŒKŒŒŒLŒNLŒ™KLM‚˜ÛÛ™š\›X][Û‹LNËM‹‹KÛÜœ™[Û‹ŒLLŒŽMŽNMÍMÍNKŒLNLŽNMŽ‹ŽNLÌMLMNMÍ‹ŒNLŒLLLŒLLŽŽ‹ŒŽŒÌŒMÍLMMÍËËŒÌÌŽLÌÎÍMŽM™KLM‚˜ÛÛ™š\›X][Û‹LNËM‹‹KØØWÙ\]Z]˜[[ŒLLŒŽMŽNMÍMÍNKŒLNLŽNMŽ‹ŽNLÌMLMNMÍ‹ŒNLŒLLLŒLLŽŽ‹ŒŽŒÌŒMÍLMMÍËËŒÌÌŽLÌÎÍMŽM™KLM‚˜ÛÛ™š\›X][Û‹LNËM‹‹K˜]×ÜÝ™ŒLLŒŽMÌNNÌNMÎKŒLMÌŒNNŽNLNŽNLÌNÍNMÎÌMKŒNÍŒÌÍÌÍŒLLÌKŒÍŒŒÍLÎÌŽŒLKLŒNLŒ™KLM‚˜ÛÛ™š\›X][Û‹LNËM‹‹K[ÜÝ]WÛÜ˜XÛKŒLLŒKŒŒKŒŒŒËNLŽLMM™KLM‚˜ÛÛ™š\›X][Û‹LNËM‹‹KŒÛÜœ™[Û‹ŒLLŒŽMŽLÍÌNLŒŽNÎKŒLNLÌÍÍÍMŒL‹ŽNLŽLÎŒÌLNLLŒ‹ŒNMŒLNMLNËŒÍNLÌÍMÍÌ‹ŽNMŒÍŒLLÌŒKLM‚˜ÛÛ™š\›X][Û‹LNËM‹‹KŒØØWÙ\]Z]˜[[ŒLLŒŽMŽLÍÌNLŒŽNÎKŒLNLÌÍÍÍMŒL‹ŽNLŽLÎŒÌLNLLŒ‹ŒNMŒLNMLNËŒÍNLÌÍMÍÌ‹ŽNMŒÍŒLLÌŒKLM‚˜ÛÛ™š\›X][Û‹LNËM‹‹KŒ˜]×ÜÝ™ŒLLŒŽMŽNNNMNMÍÌËŒLNMLÌÍŒÍÍŽNKŽNLÌÍŒNŒŒKŒNLMMÍMÎŽÌKŒÌMŽNNLÌŽNMŒÍŒLLÌŒKLM‚˜ÛÛ™š\›X][Û‹LNËM‹‹KŒ[ÜÝ]WÛÜ˜XÛKŒLLŒKŒŒKŒŒŒLŒNLŒ™KLM‚˜ÛÛ™š\›X][Û‹LNËM‹ŒKÛÜœ™[Û‹ŒLLŒŽMÌÍMLÍŽMNKŒLMÌMÎMMNLŒMÎM‹ŽNLÍMÎŽÌŽLMËŒMÍÍŽÍLKŒŽÌLŒÍËKŒMMÌÍMÍNMMKLMB˜ÛÛ™š\›X][Û‹LNËM‹ŒKØØWÙ\]Z]˜[[ŒLLŒŽMÌÍMLÍŽMNKŒLMÌMÎMMNLŒMÎM‹ŽNLÍMÎŽÌŽLMËŒMÍÍŽÍLKŒŽÌLŒÍËKŒMMÌÍMÍNMMKLMB˜ÛÛ™š\›X][Û‹LNËM‹ŒK˜]×ÜÝ™ŒLLŒŽMÌÍÌLMMÌMNŒLLÌLNMMÍNMŒËŽNLÍÍLNÌLMMKŒMNÌÍÌÎMMŽÌNKŒÍMMÌMŒNMÎËŒÌÌŽLÌÎÍMŽM™KLM‚˜ÛÛ™š\›X][Û‹LNËM‹ŒK[ÜÝ]WÛÜ˜XÛKŒLLŒKŒŒKŒŒŒŒMŒÌÌÍŒÍŒÍÌÍÙKLM‚˜ÛÛ™š\›X][Û‹LNËM‹ŒKÛÜœ™[Û‹ŒLLŒŽMÍMLÌÌÌÌMÌÌÌÌKŒLMÌÍÌÎNLÌ‹ŽNLŒLLÍŒÌLŽŒËŒŒÎMÎLLNLÌKŒŽÍŒLŒÎMLÌÌŒË‹ŒLÌÎMÍÍLLÎYKLM‚˜ÛÛ™š\›X][Û‹LNËM‹ŒKØØWÙ\]Z]˜[[ŒLLŒŽMÍMLÌÌÌÌMÌÌÌÌKŒLMÌÍÌÎNLÌ‹ŽNLŒLLÍŒÌLŽŒËŒŒÎMÎLLNLÌKŒŽÍŒLŒÎMLÌÌŒË‹ŒLÌÎMÍÍLLÎYKLM‚˜ÛÛ™š\›X][Û‹LNËM‹ŒK˜]×ÜÝ™ŒLLŒŽMÍLLMNLŒŒÍKŒLNLŒŒŽLŒMNŽNLŒŽŽNMNÍÌÍÍŒŒŒLNLÍLŽMKŒŽŽÌÎÌK‹ŒLÌÎMÍÍLLÎYKLM‚˜ÛÛ™š\›X][Û‹LNËM‹ŒK[ÜÝ]WÛÜ˜XÛKŒLLŒKŒŒKŒŒŒËŽMÎNŒNKLM‚˜ÛÛ™š\›X][Û‹LNËM‹KÛÜœ™[Û‹ŒLLŒŽMÍÌMMMÌÍŒLMÍŒÌÌŒLŒŒÌLNŽNLŒMMMKŒŒŒŒÌÌÌŒŒL‹ŒŽMÍŒÍMŒÍMËLŒNLŒ™KLM‚˜ÛÛ™š\›X][Û‹LNËM‹KØØWÙ\]Z]˜[[ŒLLŒŽMÍÌMMMÌÍŒLMÍŒÌÌŒLŒŒÌLNŽNLŒMMMKŒŒŒŒÌÌÌŒŒL‹ŒŽMÍŒÍMŒÍMËLŒNLŒ™KLM‚˜ÛÛ™š\›X][Û‹LNËM‹K˜]×ÜÝ™ŒLLŒŽMLÍMMŒLŒÌMLŒÌÍÌLMŒMËŽNLMLMLŒÌNLŒÍKŒŒLŽŽLŽLÌKŒŽMÍMMÍNNLÌŒÌ‹‹ŒLÌÎMÍÍLLÎYKLM‚˜ÛÛ™š\›X][Û‹LNËM‹K[ÜÝ]WÛÜ˜XÛKŒLLŒKŒŒKŒŒŒËŒŒMMŒŒÍLNKLM‚˜ÛÛ™š\›X][Û‹LNËM‹KŒÛÜœ™[Û‹ŒLLŒŽNÎMLÍŽMŒKŒLMÍLŒLŒLNKŽNMMŒÎÎMÎMÌ‹ŒMNLÌMŽÍLÎLÌŒNNLŽLÌŽMÍ‹LŒNLŒ™KLM‚˜ÛÛ™š\›X][Û‹LNËM‹KŒØØWÙ\]Z]˜[[ŒLLŒŽNÎMLÍŽMŒKŒLMÍLŒLŒLNKŽNMMŒÎÎMÎMÌ‹ŒMNLÌMŽÍLÎLÌŒNNLŽLÌŽMÍ‹LŒNLŒ™KLM‚˜ÛÛ™š\›X][Û‹LNËM‹KŒ˜]×ÜÝ™ŒLLŒŽNÌŒLŽŒLLNÎM‹ŒLŒLÍÍLÎLŽLËŽNMLÎŒÌÍÍŽNŒMLÍMÎMŒÌÍM‹ŒNLŒNNÌÌKËŒÌÌŽLÌÎÍMŽM™KLM‚˜ÛÛ™š\›X][Û‹LNËM‹KŒ[ÜÝ]WÛÜ˜XÛKŒLLŒKŒŒKŒŒŒËŒÌÌŽLÌÎÍMŽM™KLM‚˜ÛÛ™š\›X][Û‹LNKŒKÛÜœ™[Û‹ŒLLŒŽNŽMMŒŒMKŒLMLÌLLMÎMLLËŽNNNMÎNLLÎNŒŽLŒMŒMLMŒŒÌÌMLÍNLŒÍNËËŒÌÌŽLÌÎÍMŽM™KLM‚˜ÛÛ™š\›X][Û‹LNKŒKØØWÙ\]Z]˜[[ŒLLŒŽNŽMMŒŒMKŒLMLÌLLMÎMLLËŽNNNMÎNLLÎNŒŽLŒMŒMLMŒŒÌÌMLÍNLŒÍNËËŒÌÌŽLÌÎÍMŽM™KLM‚˜ÛÛ™š\›X][Û‹LNKŒK˜]×ÜÝ™ŒLLŒŽNŽMMŒŒŒKŒLMLÌLLMÎMLLŒ‹ŽNNNMÎNLLÎNKŒŽLŒMŒMLMÍKŒŒÌÌMLÍNLŒÍMŒŒËKŒLLŒŒÌŒLMMYKLM‚˜ÛÛ™š\›X][Û‹LNKŒK[ÜÝ]WÛÜ˜XÛKŒLLŒKŒŒKŒŒŒËŒÌÌŽLÌÎÍMŽM™KLM‚˜ÛÛ™š\›X][Û‹LNKŒKÛÜœ™[Û‹ŒLLŒŽNLÌÎNÌÍKŒMŒÌMMLMÎŽNNNÍMŒÎLÍÍKŒÌLÍÌÌMNÌLŽMËŒŽLŽLMLLËKŽMŽLŽLÌMKLM‚˜ÛÛ™š\›X][Û‹LNKŒKØØWÙ\]Z]˜[[ŒLLŒŽNLÌÎNÌÍKŒMŒÌMMLMÎŽNNNÍMŒÎLÍÍKŒÌLÍÌÌMNÌLŽMËŒŽLŽLMLLËKŽMŽLŽLÌMKLM‚˜ÛÛ™š\›X][Û‹LNKŒK˜]×ÜÝ™ŒLLŒŽNLÌÎNÍŒMŒÌMMLMÎKŽNNNÍMŒÎLÍÍKŒÌLÍÌÌMNÌLËŒŽLŽLMLMKËŒÌÌŽLÌÎÍMŽM™KLM‚˜ÛÛ™š\›X][Û‹LNKŒK[ÜÝ]WÛÜ˜XÛKŒLLŒKŒŒKŒŒŒKŒLLŒŒÌŒLMMYKLM‚˜ÛÛ™š\›X][Û‹LNKKÛÜœ™[Û‹ŒLLŒŽMÎŽLÌÍÍNMMŒ‹ŒŒÌLNŒNNLÍ‹ŽNNŽLNMÌLÌML‹ŒŽLŒMÍÌŒNLLËŒMÌŒŽŒŒNMÍÍËKMLLLMLLŒÌLMÎÙKLM‚˜ÛÛ™š\›X][Û‹LNKKØØWÙ\]Z]˜[[ŒLLŒŽMÎŽLÌÍÍNMMŒ‹ŒŒÌLNŒNNLÍ‹ŽNNŽLNMÌLÌML‹ŒŽLŒMÍÌŒNLLËŒMÌŒŽŒŒNMÍÍËKMLLLMLLŒÌLMÎÙKLM‚˜ÛÛ™š\›X][Û‹LNKK˜]×ÜÝ™ŒLLŒŽMÎŽLÌÍÍNMMLËŒŒÌLNŒNNLÎM‹ŽNNŽLNMÌLÌMLKŒŽLŒMÍÌŒNLŒMÌŒŽŒŒNMÎNM‹KŒLLŒŒÌŒLMMYKLM‚˜ÛÛ™š\›X][Û‹LNKK[ÜÝ]WÛÜ˜XÛKŒLLŒKŒŒKŒŒŒ‹ŒŒŒŒLLÌLÙKLM‚˜ÛÛ™š\›X][Û‹LNKKŒÛÜœ™[Û‹ŒLLŒŽNLŒŽLLÍLÌŒËŒŒLŒÍMŒÎÍÌKŽNNÌŒLNMÍMMŒŽLNMŒLMÍŒ‹ŒLÍMŒÌÌMÌŒÍŒNËŽMÎNŒNKLM‚˜ÛÛ™š\›X][Û‹LNKKŒØØWÙ\]Z]˜[[ŒLLŒŽNLŒŽLLÍLÌŒËŒŒLŒÍMŒÎÍÌKŽNNÌŒLNMÍMMŒŽLNMŒLMÍŒ‹ŒLÍMŒÌÌMÌŒÍŒNËŽMÎNŒNKLM‚˜ÛÛ™š\›X][Û‹LNKKŒ˜]×ÜÝ™ŒLLŒŽNLŒŽLLÍLÌ‹ŒŒLŒÍMŒÎÍÌLÍ‹ŽNNÌŒLNMÍMMŒŽLNMŒLMÍNNKŒLÍMŒÌÌMÌŒÍŒÍLËKLÌÍLÍŽLÍÍÌÍKLM‚˜ÛÛ™š\›X][Û‹LNKKŒ[ÜÝ]WÛÜ˜XÛKŒLLŒKŒŒKŒŒŒ‹ŒŒŒŒLLÌLÙKLM‚˜ÛÛ™š\›X][Û‹LN‹ŒKÛÜœ™[Û‹ŒLLŒKŒÌNÍÍMMŒ‹ŒNNLNLMNMÌNLÍMNKŽNNÌÌLMLŒÍKŒŽLÍÌŽÍÍÌŒ‹ŒŒÍŒMÎLÌŽMÎK‹ŒŒŒŒLLÌLÙKLM‚˜ÛÛ™š\›X][Û‹LN‹ŒKØØWÙ\]Z]˜[[ŒLLŒKŒÌNÍÍMMŒ‹ŒNNLNLMNMÌNLÍMNKŽNNÌÌLMLŒÍKŒŽLÍÌŽÍÍÌŒ‹ŒŒÍŒMÎLÌŽMÎK‹ŒŒŒŒLLÌLÙKLM‚˜ÛÛ™š\›X][Û‹LN‹ŒK˜]×ÜÝ™ŒLLŒKŒÌNÍÍMMÍËŒNNLNLMNMÌNLÍLMKŽNNÌÌLMLŒÍKŒŽLÍÌŽÍÍŽMM‹ŒŒÍŒMÎLÌÌLË‹ŒŒŒŒLLÌLÙKLM‚˜ÛÛ™š\›X][Û‹LN‹ŒK[ÜÝ]WÛÜ˜XÛKŒLLŒKŒŒKŒŒŒ‹ÍÍMMMÍMŒMMŒŽLMKLM‚˜ÛÛ™š\›X][Û‹LN‹ŒKÛÜœ™[Û‹ŒLLŒŽNLLLŒÌMMMÌMKŒNNMMÍÌNKŽNNŒLMLNM‹ŒÍÌŒÍÌÍÍLËŒMNMŒŒŒÎLÎM‹LŒNLŒ™KLM‚˜ÛÛ™š\›X][Û‹LN‹ŒKØØWÙ\]Z]˜[[ŒLLŒŽNLLLŒÌMMMÌMKŒNNMMÍÌNKŽNNŒLMLNM‹ŒÍÌŒÍÌÍÍLËŒMNMŒŒŒÎLÎM‹LŒNLŒ™KLM‚˜ÛÛ™š\›X][Û‹LN‹ŒK˜]×ÜÝ™ŒLLŒŽNLLLŒÌMMMÌLÎŒNNMMÍÍŽŽNNŒLMLNM‹ŒÍÌŒÍÌÍÍÌKŒMNMŒŒŒÎLMË‹ŒÍÍÎMŽÍÍÙKLM‚˜ÛÛ™š\›X][Û‹LN‹ŒK[ÜÝ]WÛÜ˜XÛKŒLLŒKŒŒKŒŒŒKŒLLŒŒÌŒLMMYKLM‚˜ÛÛ™š\›X][Û‹LN‹KÛÜœ™[Û‹ŒLLŒŽNLLÍNLŽÌÎLKŒŒLÍŽLÍLKŽNNÌŒLÌŒÎÎŒÌLÌÍÌMNMŽŒLÎLLLŒMÍŽMÌ‹ËŽMÎNŒNKLM‚˜ÛÛ™š\›X][Û‹LN‹KØØWÙ\]Z]˜[[ŒLLŒŽNLLÍNLŽÌÎLKŒŒLÍŽLÍLKŽNNÌŒLÌŒÎÎŒÌLÌÍÌMNMŽŒLÎLLLŒMÍŽMÌ‹ËŽMÎNŒNKLM‚˜ÛÛ™š\›X][Û‹LN‹K˜]×ÜÝ™ŒLLŒŽNLLÍNLŽÌÎLŒŒLÍŽLÎMŽNNÌŒLÌŒÎÎŒÌLÌÍÌMNNŽŒLÎLLLŒMÍŽMMË‹ÍÍMMMÍMŒMMŒŽLMKLM‚˜ÛÛ™š\›X][Û‹LN‹K[ÜÝ]WÛÜ˜XÛKŒLLŒKŒŒKŒŒŒËŒÌÌŽLÌÎÍMŽM™KLM‚˜ÛÛ™š\›X][Û‹LN‹KŒÛÜœ™[Û‹ŒLLŒŽNŒÎŒMŽMKŒÌMÎÎMŒ‹ŽNMÎŽNŒMÌÎŒÌNMŒNÍÌŒÌËŒNŒMÎLÎLMÍKLŒNLŒ™KLM‚˜ÛÛ™š\›X][Û‹LN‹KŒØØWÙ\]Z]˜[[ŒLLŒŽNŒÎŒMŽMKŒÌMÎÎMŒ‹ŽNMÎŽNŒMÌÎŒÌNMŒNÍÌŒÌËŒNŒMÎLÎLMÍKLŒNLŒ™KLM‚˜ÛÛ™š\›X][Û‹LN‹KŒ˜]×ÜÝ™ŒLLŒŽNŒÎŒMŽMŒÌMÎÎMŒ‹ŽNMÎŽNŒMÌÎŒÌNMŒNÍÌŒËŒNŒMÎLÎLNËŒÌÌŽLÌÎÍMŽM™KLM‚˜ÛÛ™š\›X][Û‹LN‹KŒ[ÜÝ]WÛÜ˜XÛKŒLLŒKŒŒKŒŒŒNŒÎLÌÌÌŒÎMKLM‚˜ÛÛ™š\›X][Û‹LNŒKÛÜœ™[Û‹ŒLLŒŽMLŒÍMŒÌŽLŒŽKŒÍMLŒÍÍMLŒŽNMÌMÍMÎNN‹ŒÎŒÍLÌÌŒŽÍMŒŒŽMÍMLLMMM‹‹ŒŽNÍNŽLÎMKLM‚˜ÛÛ™š\›X][Û‹LNŒKØØWÙ\]Z]˜[[ŒLLŒŽMLŒÍMŒÌŽLŒŽKŒÍMLŒÍÍMLŒŽNMÌMÍMÎNN‹ŒÎŒÍLÌÌŒŽÍMŒŒŽMÍMLLMMM‹‹ŒŽNÍNŽLÎMKLM‚˜ÛÛ™š\›X][Û‹LNŒK˜]×ÜÝ™ŒLLŒŽMLŒÍMŒÌŽLŒŽL‹ŒÍMLŒÍÍMLNMKŽNMÌMÍMÎNN‹ŒÎŒÍLÌÌŒŽÍMŒŒŽMÍMLLMŽÌËŽNMŒÍŒLLÌŒKLM‚˜ÛÛ™š\›X][Û‹LNŒK[ÜÝ]WÛÜ˜XÛKŒLLŒKŒŒKŒŒŒKŒLLŒŒÌŒLMMYKLM‚˜ÛÛ™š\›X][Û‹LNŒKÛÜœ™[Û‹ŒLLŒŽNMLÍÍLNMŒËŒMŽMÌÌMŒÍÎŒM‹ŽNNŒMŒN‹ŒŒÎMŽÎMÍŒÌLKŒLŒŽLLŒŽLMÎÎL‹ÍÍMMMÍMŒMMŒŽLMKLM‚˜ÛÛ™š\›X][Û‹LNŒKØØWÙ\]Z]˜[[ŒLLŒŽNMLÍÍLNMŒËŒMŽMÌÌMŒÍÎŒM‹ŽNNŒMŒN‹ŒŒÎMŽÎMÍŒÌLKŒLŒŽLLŒŽLMÎÎL‹ÍÍMMMÍMŒMMŒŽLMKLM‚˜ÛÛ™š\›X][Û‹LNŒK˜]×ÜÝ™ŒLLŒŽNMLÍÍLNMŒNKŒMŽMÌÌMŒÍÎÌLM‹ŽNNŒMŒNŒŒÎMŽÎMÍŒÌÍŒLŒŽLLŒŽLMÎÎM‹‹ÍÍMMMÍMŒMMŒŽLMKLM‚˜ÛÛ™š\›X][Û‹LNŒK[ÜÝ]WÛÜ˜XÛKŒLLŒKŒŒKŒŒŒËŽMÎNŒNKLM‚˜ÛÛ™š\›X][Û‹LNKÛÜœ™[Û‹ŒLLŒKŒMŽMÍLÍMÎŽNL‹ŒLÎÍÎÎLËŽNMÎMMŒLLÎMÍMÎŒÌNMÎÎLŒLLÍNKŒŒMÌÍNŒÌLŒÌÌMÍ‹LŒNLŒ™KLM‚˜ÛÛ™š\›X][Û‹LNKØØWÙ\]Z]˜[[ŒLLŒKŒMŽMÍLÍMÎŽNL‹ŒLÎÍÎÎLËŽNMÎMMŒLLÎMÍMÎŒÌNMÎÎLŒLLÍNKŒŒMÌÍNŒÌLŒÌÌMÍ‹LŒNLŒ™KLM‚˜ÛÛ™š\›X][Û‹LNK˜]×ÜÝ™ŒLLŒKŒMŽMÍLÍMÎŽNŒLÎÍÎÌKŽNMÎMMŒLLÎMÍMÎŒÌNMÎÎLŒLLÍÌŒŒMÌÍNŒÌLŒÌÍÍK‹ÍÍMMMÍMŒMMŒŽLMKLM‚˜ÛÛ™š\›X][Û‹LNK[ÜÝ]WÛÜ˜XÛKŒLLŒKŒŒKŒŒŒËŒÌÌŽLÌÎÍMŽM™KLM‚˜ÛÛ™š\›X][Û‹LNKŒÛÜœ™[Û‹ŒLLŒŽNLÌNŒŽLÍŒLMLÎLËŒMLÌŒŒŒLÌÍŽNNŒMNLÍNNKŒMMLÌŒŽMMLÎNŒLNMLLÎLŒŒNKLŒNLŒ™KLM‚˜ÛÛ™š\›X][Û‹LNKŒØØWÙ\]Z]˜[[ŒLLŒŽNLÌNŒŽLÍŒLMLÎLËŒMLÌŒŒŒLÌÍŽNNŒMNLÍNNKŒMMLÌŒŽMMLÎNŒLNMLLÎLŒŒNKLŒNLŒ™KLM‚˜ÛÛ™š\›X][Û‹LNKŒ˜]×ÜÝ™ŒLLŒŽNLÌNŒŽLÍŒLMLÎKŒMLÌŒŒŒLÌMËŽNNŒMNLÍNNËŒMMLÌŒŽMMMÍÍ‹ŒLNMLLÎLŒŒLË‹ÍÍMMMÍMŒMMŒŽLMKLM‚˜ÛÛ™š\›X][Û‹LNKŒ[ÜÝ]WÛÜ˜XÛKŒLLŒKŒŒKŒŒŒËŒÌÌŽLÌÎÍMŽM™KLM‚˜ÛÛ™š\›X][Û‹LNKŒKÛÜœ™[Û‹ŒLLŒŽNNMMMŽMMLÍŒŒ‹ŒLMNMMNLÌŽMÌËŽNMŒMÌÎŽKŒLÌŒÌŒNLÍÍMKŒNMNNÌÌŒMÌMÎMMKËŒÌÌŽLÌÎÍMŽM™KLM‚˜ÛÛ™š\›X][Û‹LNKŒKØØWÙ\]Z]˜[[ŒLLŒŽNNMMMŽMMLÍŒŒ‹ŒLMNMMNLÌŽMÌËŽNMŒMÌÎŽKŒLÌŒÌŒNLÍÍMKŒNMNNÌÌŒMÌMÎMMKËŒÌÌŽLÌÎÍMŽM™KLM‚˜ÛÛ™š\›X][Û‹LNKŒK˜]×ÜÝ™ŒLLŒŽNNMNMLŒÍÍNKŒLMÎMNMNÎKŽNMŒLLŒMLKŒNLÌÍMMMMŒNMÎNŒÍÎÌÍÎËËŽMÎNŒNKLM‚˜ÛÛ™š\›X][Û‹LNKŒK[ÜÝ]WÛÜ˜XÛKŒLLŒKŒŒKŒŒŒ‹ŒÍNLŒŒÎLÌÌŽMÍ™KLM‚˜ÛÛ™š\›X][Û‹LNKŒKÛÜœ™[Û‹ŒLLŒŽNÌŽMÍLKŒÍŒÌÍŽŒŒÌŒËŽNMŽLŒÍKŒÌMÌŽMLNMŒNËŒMMŒÍLÎLKLŒNLŒ™KLM‚˜ÛÛ™š\›X][Û‹LNKŒKØØWÙ\]Z]˜[[ŒLLŒŽNÌŽMÍLKŒÍŒÌÍŽŒŒÌŒËŽNMŽLŒÍKŒÌMÌŽMLNMŒNËŒMMŒÍLÎLKLŒNLŒ™KLM‚˜ÛÛ™š\›X][Û‹LNKŒK˜]×ÜÝ™ŒLLŒŽNÍNÍÍÌMKŒŒŒÍÌLŽMMKŽNMÍMMÍÎ‹ŒÍÍŽLMLËŒMÎŒÌÌÍÍŒÌMËËŒÌÌŽLÌÎÍMŽM™KLM‚˜ÛÛ™š\›X][Û‹LNKŒK[ÜÝ]WÛÜ˜XÛKŒLLŒKŒŒKŒŒŒLŒNLŒ™KLM‚˜ÛÛ™š\›X][Û‹LNKKÛÜœ™[Û‹ŒLLŒŽNLNLÌÍLNLKŒNMÍŒÎMŒL‹ŽNMŒŽMÌNÌÍLŒÌËŒÌŽLŽMNM‹ŒMMŒŽMÍŒÌË‹ÍŒÌLŒÌÍMYKLM‚˜ÛÛ™š\›X][Û‹LNKKØØWÙ\]Z]˜[[ŒLLŒŽNLNLÌÍLNLKŒNMÍŒÎMŒL‹ŽNMŒŽMÌNÌÍLŒÌËŒÌŽLŽMNM‹ŒMMŒŽMÍŒÌË‹ÍŒÌLŒÌÍMYKLM‚˜ÛÛ™š\›X][Û‹LNKK˜]×ÜÝ™ŒLLŒŽNMMMÌÌÎMM‹ŒLÌÌÎŽNKŽNMŒÎŒLMËŒLÌÎMŒŽLMÌKŒMÌLNÎLKŽNMŒÍŒLLÌŒKLM‚˜ÛÛ™š\›X][Û‹LNKK[ÜÝ]WÛÜ˜XÛKŒLLŒKŒŒKŒŒŒ‹ÍÍMMMÍMŒMMŒŽLMKLM‚˜ÛÛ™š\›X][Û‹LNKKŒÛÜœ™[Û‹ŒLLŒŽMÍLLMNMÌLÎKŒLÌMMÌŒÌŒËŽNMNŒŒÌÌMÎLËŒLÌÎÌNÌÍÍŽŒŒÌŒÍÍÍÍNÍŒŒ‹ËŽMÎNŒNKLM‚˜ÛÛ™š\›X][Û‹LNKKŒØØWÙ\]Z]˜[[ŒLLŒŽMÍLLMNMÌLÎKŒLÌMMÌŒÌŒËŽNMNŒŒÌÌMÎLËŒLÌÎÌNÌÍÍŽŒŒÌŒÍÍÍÍNÍŒŒ‹ËŽMÎNŒNKLM‚˜ÛÛ™š\›X][Û‹LNKKŒ˜]×ÜÝ™ŒLLŒŽMÍMÌNMÎLKŒNNŽMÎLLÎŽNMMÎLÎŒMÌËŒLÍMNMÎMMËŒŒÌLÌMÍÍŒŒLLŒNLŒ™KLM‚˜ÛÛ™š\›X][Û‹LNKKŒ[ÜÝ]WÛÜ˜XÛKŒLLŒKŒŒKŒŒŒLŒNLŒ™KLM‚˜ÛÛ™š\›X][Û‹LN‹ŒKÛÜœ™[Û‹ŒLLŒŽNÌÍŽŒÎMMLËŒÎLÌLMNMŒKŽNMŒŒÌÌÍÌÍÌÌÎMKŒÌŒŒMMÎMÍÍÌÎKŒLŒŒÎLÍÍÌŽMËŽNMŒÍŒLLÌŒKLM‚˜ÛÛ™š\›X][Û‹LN‹ŒKØØWÙ\]Z]˜[[ŒLLŒŽNÌÍŽŒÎMMLËŒÎLÌLMNMŒKŽNMŒŒÌÌÍÌÍÌÌÎMKŒÌŒŒMMÎMÍÍÌÎKŒLŒŒÎLÍÍÌŽMËŽNMŒÍŒLLÌŒKLM‚˜ÛÛ™š\›X][Û‹LN‹ŒK˜]×ÜÝ™ŒLLŒŽNÎMMÍŽÍKŒÌLÎLMŒÍÎMËŽNMŒŽÍŒÌÍËŒÌÍŒŒÌLŒÍÍ‹ŒÍLÍLÍŒŒNKKMLLLMLLŒÌLMÎÙKLM‚˜ÛÛ™š\›X][Û‹LN‹ŒK[ÜÝ]WÛÜ˜XÛKŒLLŒKŒŒKŒŒŒKMLLLMLLŒÌLMÎÙKLM‚˜ÛÛ™š\›X][Û‹LN‹ŒKÛÜœ™[Û‹ŒLLŒŽNNMLÍMŽNÌLËŒMÍŽLÍLMÌÍ‹ŽNMŒMÍŽLLŒŽLÍÍÌ‹ŒÍÌŒLŒNNMÍNŒŒÌŒÍÌÌLNLÍÌMŒMŒÍÌMLÌMNMŒMMMKLM‚˜ÛÛ™š\›X][Û‹LN‹ŒKØØWÙ\]Z]˜[[ŒLLŒŽNNMLÍMŽNÌLËŒMÍŽLÍLMÌÍ‹ŽNMŒMÍŽLLŒŽLÍÍÌ‹ŒÍÌŒLŒNNMÍNŒŒÌŒÍÌÌLNLÍÌMŒMŒÍÌMLÌMNMŒMMMKLM‚˜ÛÛ™š\›X][Û‹LN‹ŒK˜]×ÜÝ™ŒLLŒŽNLNŒŒNNŒÌÌÍŽNMÍËŽNMŒÍŒÎLLMMŒMËŒMŽŒŒÍÌM‹ŒŒLÌŽMLLLŒLŒKKLÌÍLÍŽLÍÍÌÍKLM‚˜ÛÛ™š\›X][Û‹LN‹ŒK[ÜÝ]WÛÜ˜XÛKŒLLŒKŒŒKŒŒŒËŒŒÌÌMÍNYKLM‚˜ÛÛ™š\›X][Û‹LN‹KÛÜœ™[Û‹ŒLLŒŽMŒÌÎMÍNMMLÍ‹ŒLNLÍÍŽKŽNMŒŒLÎMŒŽÌ‹ŒÍMŒŽMMŒLÍ‹ŒŒŒÍÌMŽMŒŽËLŒNLŒ™KLM‚˜ÛÛ™š\›X][Û‹LN‹KØØWÙ\]Z]˜[[ŒLLŒŽMŒÌÎMÍNMMLÍ‹ŒLNLÍÍŽKŽNMŒŒLÎMŒŽÌ‹ŒÍMŒŽMMŒLÍ‹ŒŒŒÍÌMŽMŒŽËLŒNLŒ™KLM‚˜ÛÛ™š\›X][Û‹LN‹K˜]×ÜÝ™ŒLLŒŽMŒÍŒMŽMMŒMŒKŒMNÍLLNŽMKŽNMŒÌLÍÎÌL‹ŒŽŽLÌMÌŽNLLŒŒMÍÌÍŒL‹ËŒÌÌŽLÌÎÍMŽM™KLM‚˜ÛÛ™š\›X][Û‹LN‹K[ÜÝ]WÛÜ˜XÛKŒLLŒKŒŒKŒŒŒËŽMÎNŒNKLM‚˜ÛÛ™š\›X][Û‹LN‹KŒÛÜœ™[Û‹ŒLLŒŽMÌÍŽÎLÎÎŒ‹ŒMŒŒLMLMMŽNMMLLLŒMÍÌËŒNŽMÎMMNŒNNMLLÍNÌMËLŒNLŒ™KLM‚˜ÛÛ™š\›X][Û‹LN‹KŒØØWÙ\]Z]˜[[ŒLLŒŽMÌÍŽÎLÎÎŒ‹ŒMŒŒLMLMMŽNMMLLLŒMÍÌËŒNŽMÎMMNŒNNMLLÍNÌMËLŒNLŒ™KLM‚˜ÛÛ™š\›X][Û‹LN‹KŒ˜]×ÜÝ™ŒLLŒŽMÌÌÌÍÎLÍMÌMÍ‹ŒÎMMÎLMÍMLLÎKŽNMNNNÌLLLËŒLŒÍÌŒŒNNLLLLM‹ŒŒÎLŒÎ‹LŒNLŒ™KLM‚˜ÛÛ™š\›X][Û‹LN‹KŒ[ÜÝ]WÛÜ˜XÛKŒLLŒKŒŒKŒŒŒËÍÌMMŒLMÌŒÍÍŒM™KLM‚˜ÛÛ™š\›X][Û‹LNŒKÛÜœ™[Û‹ŒLLŒŽMÍÌLNLÌÍŽLŽ‹ŒLÎÌNLÎÌÎŽNMNÌNLMLÌŒÌËŒMLLÌLLÌÎN‹ŒLÎMLÍŒLKËŽMÎNŒNKLM‚˜ÛÛ™š\›X][Û‹LNŒKØØWÙ\]Z]˜[[ŒLLŒŽMÍÌLNLÌÍŽLŽ‹ŒLÎÌNLÎÌÎŽNMNÌNLMLÌŒÌËŒMLLÌLLÌÎN‹ŒLÎMLÍŒLKËŽMÎNŒNKLM‚˜ÛÛ™š\›X][Û‹LNŒK˜]×ÜÝ™ŒLLŒŽMÍÌŒLÌÌMLÍÍ‹ŒLÍÌŽMŒLÌÍÌ‹ŽNMNÎMMMŒŒMŒMÍŒŒMLLÍŒLŒÌÍŒÎMMŒÌËKMLLLMLLŒÌLMÎÙKLM‚˜ÛÛ™š\›X][Û‹LNŒK[ÜÝ]WÛÜ˜XÛKŒLLŒKŒŒKŒŒŒ‹NNMŒ™KLM‚˜ÛÛ™š\›X][Û‹LNŒKÛÜœ™[Û‹ŒLLŒŽNLLÍMŒÎŒLÍŽÍŽÍLLÍÍŽNMŒLÎMMMNŒÍLËŒÎLÍŽLŽMÎNMŒŒLMÌŽNLNNLLLMKKLÌÍLÍŽLÍÍÌÍKLM‚˜ÛÛ™š\›X][Û‹LNŒKØØWÙ\]Z]˜[[ŒLLŒŽNLLÍMŒÎŒLÍŽÍŽÍLLÍÍŽNMŒLÎMMMNŒÍLËŒÎLÍŽLŽMÎNMŒŒLMÌŽNLNNLLLMKKLÌÍLÍŽLÍÍÌÍKLM‚˜ÛÛ™š\›X][Û‹LNŒK˜]×ÜÝ™ŒLLŒŽNLMLŒNLÍMŒŒÌKŒLÌŽLŒMŽÌÍ‹ŽNMŒLMÍŒŽLÍÌ‹ŒNMÍMÍŽKŒŒÎNLÌMŒÍÍLÍ‹‹ÍÍMMMÍMŒMMŒŽLMKLM‚˜ÛÛ™š\›X][Û‹LNŒK[ÜÝ]WÛÜ˜XÛKŒLLŒKŒŒKŒŒŒ‹ÍÍMMMÍMŒMMŒŽLMKLM‚˜ÛÛ™š\›X][Û‹LNKÛÜœ™[Û‹ŒLLŒŽMÎNMÍÎMŽÍŒMKŒÎMLŽLLÎLŒŒKŽNMÌŒLÍŽMMŒŒNKŒÎNLÎMNNLÍMŒÍ‹ŒNLÌÍŒÍŽNL‹ŒÌŒLMŒŒŒM™KLM‚˜ÛÛ™š\›X][Û‹LNKØØWÙ\]Z]˜[[ŒLLŒŽMÎNMÍÎMŽÍŒMKŒÎMLŽLLÎLŒŒKŽNMÌŒLÍŽMMŒŒNKŒÎNLÎMNNLÍMŒÍ‹ŒNLÌÍŒÍŽNL‹ŒÌŒLMŒŒŒM™KLM‚˜ÛÛ™š\›X][Û‹LNK˜]×ÜÝ™ŒLLŒŽNÎMÌLŒÌ‹ŒÍÍŽLŒÌMÌŽŽNMÌLÍŽMLÎLÎL‹ŒÍÎLÌÍNNMMKŒNLÍMLÍMÌLMŒMË‹ÍÍMMMÍMŒMMŒŽLMKLM‚˜ÛÛ™š\›X][Û‹LNK[ÜÝ]WÛÜ˜XÛKŒLLŒKŒŒKŒŒŒ‹ÍÍMMMÍMŒMMŒŽLMKLM‚˜ÛÛ™š\›X][Û‹LNKŒÛÜœ™[Û‹ŒLLŒŽNMLÎLŒŽMMÎMËŒNŒLÍÍÌL‹ŽNMŒLÍÎLŒÌKŒÎMNÍMÍLMËŒMŒŒLMŒMMÌËËŒŒMMŒŒÍLNKLM‚˜ÛÛ™š\›X][Û‹LNKŒØØWÙ\]Z]˜[[ŒLLŒŽNMLÎLŒŽMMÎMËŒNŒLÍÍÌL‹ŽNMŒLÍÎLŒÌKŒÎMNÍMÍLMËŒMŒŒLMŒMMÌËËŒŒMMŒŒÍLNKLM‚˜ÛÛ™š\›X][Û‹LNKŒ˜]×ÜÝ™ŒLLŒŽNMMÌÍŒÍŒÌL‹ŒLLLMÎLÍÍÎLÌÌËŽNMŒÎŒŽMLL‹ŒLNLLLŽKŒMLÎÌÌÎMÎÌLÌËLŒNLŒ™KLM‚˜ÛÛ™š\›X][Û‹LNKŒ[ÜÝ]WÛÜ˜XÛKŒLLŒKŒŒKŒŒŒŽŒLÌLŒÌŒMMLKLM‚˜ÛÛ™š\›X][Û‹LNM‹KŒKÛÜœ™[Û‹ŒLLŒŽMÍÌLŒMMÌLMLKŒLMLNMNMMŒNËŽNLÌŽLŒŽÎMKŒMÎLLMÌÌÍŒËŒÌLŽMLLLMLŒÍŽNMŒÍŒLLÌŒKLM‚˜ÛÛ™š\›X][Û‹LNM‹KŒKØØWÙ\]Z]˜[[ŒLLŒŽMÍÌLŒMMÌLMLKŒLMLNMNMMŒNËŽNLÌŽLŒŽÎMKŒMÎLLMÌÌÍŒËŒÌLŽMLLLMLŒÍŽNMŒÍŒLLÌŒKLM‚˜ÛÛ™š\›X][Û‹LNM‹KŒK˜]×ÜÝ™ŒLLŒŽMÍLŒLŒÍMLLLŒLLÍŽÌMŒŽÍMKŽNLÍŽNNÍŒMŒMÌÌŒMŒÍÎËŒÌLMÍÌLËŒŒÌÌMÍNYKLM‚˜ÛÛ™š\›X][Û‹LNM‹KŒK[ÜÝ]WÛÜ˜XÛKŒLLŒKŒŒKŒŒŒËŒÌÌŽLÌÎÍMŽM™KLM‚˜ÛÛ™š\›X][Û‹LNM‹KŒKÛÜœ™[Û‹ŒLLŒŽMÌŒŒNLÍŒNÎËŒLŒÌŒÍÍÎNNÌLNKŽNLÎLÌŒLLŒŒŽNŒNMMKŒŽŽŽNMŒÌMÌÎÌ‹ŽNMŒÍŒLLÌŒKLM‚˜ÛÛ™š\›X][Û‹LNM‹KŒKØØWÙ\]Z]˜[[ŒLLŒŽMÌŒŒNLÍŒNÎËŒLŒÌŒÍÍÎNNÌLNKŽNLÎLÌŒLLŒŒŽNŒNMMKŒŽŽŽNMŒÌMÌÎÌ‹ŽNMŒÍŒLLÌŒKLM‚˜ÛÛ™š\›X][Û‹LNM‹KŒK˜]×ÜÝ™ŒLLŒŽMÌŽMÌÌÍMLLŒLŒLŒŽLÎÌŒŽLKŽNLŽMŒLÍÍÍNKŒNLÎÎNÍÌÍÌÎLKŒÍMÎLÍNMÎNLÎL‹ËMMMŒŒNNÙKLM‚˜ÛÛ™š\›X][Û‹LNM‹KŒK[ÜÝ]WÛÜ˜XÛKŒLLŒKŒŒKŒŒŒËŽMÎNŒNKLM‚˜ÛÛ™š\›X][Û‹LNM‹KKÛÜœ™[Û‹ŒLLŒŽMÍLÌLLŒNÌÎŒLMŽNLÌMLMNLKŽNLÌŒÌLÎMŒNNÍMÌÍLÎKŒŒNÎNLŽNLÌ‹KMLLLMLLŒÌLMÎÙKLM‚˜ÛÛ™š\›X][Û‹LNM‹KKØØWÙ\]Z]˜[[ŒLLŒŽMÍLÌLLŒNÌÎŒLMŽNLÌMLMNLKŽNLÌŒÌLÎMŒNNÍMÌÍLÎKŒŒNÎNLŽNLÌ‹KMLLLMLLŒÌLMÎÙKLM‚˜ÛÛ™š\›X][Û‹LNM‹KK˜]×ÜÝ™ŒLLŒŽMÍNMLÌLŒŒÍÎŒLMMLNLŽMÎLŒMKŽNLÌÌŒÎLÎLÍÍKŒMÍÍÍMŽMÍNLŽŒKŒŒLŒLŒÌMLŽÌKLŒNLŒ™KLM‚˜ÛÛ™š\›X][Û‹LNM‹KK[ÜÝ]WÛÜ˜XÛKŒLLŒKŒŒKŒŒŒŽNMŒÍŒLLÌŒKLM‚˜ÛÛ™š\›X][Û‹LNM‹KKŒÛÜœ™[Û‹ŒLLŒŽMÌNMNLÎMÌŒN‹ŒLLLÌÌÌÎLLŽMËŽNLÎNMLMMŽŒMLÌŒMNMÎKŒÌŒNŽLMÍÎMÍL‹KMLLLMLLŒÌLMÎÙKLM‚˜ÛÛ™š\›X][Û‹LNM‹KKŒØØWÙ\]Z]˜[[ŒLLŒŽMÌNMNLÎMÌŒN‹ŒLLLÌÌÌÎLLŽMËŽNLÎNMLMMŽŒMLÌŒMNMÎKŒÌŒNŽLMÍÎMÍL‹KMLLLMLLŒÌLMÎÙKLM‚˜ÛÛ™š\›X][Û‹LNM‹KKŒ˜]×ÜÝ™ŒLLŒŽMÌŒMÍŒÌÎŒ‹ŒLLLLMÎÍŽÍ‹ŽNLÎMŽMŒÎŒLËŒMLMÌÌÌÍÎÌKŒÌNMMŒÎÍLÌÌ‹ËŽMÎNŒNKLM‚˜ÛÛ™š\›X][Û‹LNM‹KKŒ[ÜÝ]WÛÜ˜XÛKŒLLŒKŒŒKŒŒŒËŒŒÌÌMÍNYKLM‚˜ÛÛ™š\›X][Û‹LNM‹‹ŒKÛÜœ™[Û‹ŒLLŒŽMÍÍÌNMÍÎN‹ŒLLÍÌMÎÌŽÌMMŽMËŽNLÍŽMŽNMÍMMÍËŒMŒLÎMMNLÌÌÌLMÎMÍ‹ŒÍŒLMŽMŒNÍMKŒMŒÌÌÍŒÍŒÍÌÍÙKLM‚˜ÛÛ™š\›X][Û‹LNM‹‹ŒKØØWÙ\]Z]˜[[ŒLLŒŽMÍÍÌNMÍÎN‹ŒLLÍÌMÎÌŽÌMMŽMËŽNLÍŽMŽNMÍMMÍËŒMŒLÎMMNLÌÌÌLMÎMÍ‹ŒÍŒLMŽMŒNÍMKŒMŒÌÌÍŒÍŒÍÌÍÙKLM‚˜ÛÛ™š\›X][Û‹LNM‹‹ŒK˜]×ÜÝ™ŒLLŒŽMÍMLÌMNLMËŒLLŒÌÎMŽŒÎŽNLÎLLÎLŒMKŒMMLŒŒMŒÌÌNŒŒÌÍNLLLËËŽMÎNŒNKLM‚˜ÛÛ™š\›X][Û‹LNM‹‹ŒK[ÜÝ]WÛÜ˜XÛKŒLLŒKŒŒKŒŒŒËŒÌÌŽLÌÎÍMŽM™KLM‚˜ÛÛ™š\›X][Û‹LNM‹‹ŒKÛÜœ™[Û‹ŒLLŒŽMÌÌLÎÎMNŒLLŒŒŽLŒÎNLÍLÍËŽNLÎMMMÍMÌŽ‹ŒMMÌÎÍÌŽÌMKŒŒMÌÌMÍÌŽMŒŽÌNÎMMŽLMYKLM‚˜ÛÛ™š\›X][Û‹LNM‹‹ŒKØØWÙ\]Z]˜[[ŒLLŒŽMÌÌLÎÎMNŒLLŒŒŽLŒÎNLÍLÍËŽNLÎMMMÍMÌŽ‹ŒMMÌÎÍÌŽÌMKŒŒMÌÌMÍÌŽMŒŽÌNÎMMŽLMYKLM‚˜ÛÛ™š\›X][Û‹LNM‹‹ŒK˜]×ÜÝ™ŒLLŒŽMÌLÌLÌLÎMKŒLLNNMŒMŽMKŽNMŒÍÌLŒÎKŒMŽMMNLNÌLMŒŒLLŽMÍŒLMÎNLŒKKMLLLMLLŒÌLMÎÙKLM‚˜ÛÛ™š\›X][Û‹LNM‹‹ŒK[ÜÝ]WÛÜ˜XÛKŒLLŒKŒŒKŒŒŒ‹NNMŒ™KLM‚˜ÛÛ™š\›X][Û‹LNM‹‹KÛÜœ™[Û‹ŒLLŒŽMÌNLÍÎMÎMŒ‹ŒLMÍÎÍŒLMNLÍŽNLÌLŒÍMNËŒNÌÍLMNÌMÌŒÍÌÌLMÌLÎLÍËŒNLNLLNMMÎMÌÌYKLM‚˜ÛÛ™š\›X][Û‹LNM‹‹KØØWÙ\]Z]˜[[ŒLLŒŽMÌNLÍÎMÎMŒ‹ŒLMÍÎÍŒLMNLÍŽNLÌLŒÍMNËŒNÌÍLMNÌMÌŒÍÌÌLMÌLÎLÍËŒNLNLLNMMÎMÌÌYKLM‚˜ÛÛ™š\›X][Û‹LNM‹‹K˜]×ÜÝ™ŒLLŒŽMÍÍŽNMŒLMLNKŒLMMŽŒŒMLÌÎŽNLÍŒLŒÍÎŒMLMLLLÎNMŒLÌMKŒÍLŒMŒMNMÎKKMLLLMLLŒÌLMÎÙKLM‚˜ÛÛ™š\›X][Û‹LNM‹‹K[ÜÝ]WÛÜ˜XÛKŒLLŒKŒŒKŒŒŒËŒÌÌŽLÌÎÍMŽM™KLM‚˜ÛÛ™š\›X][Û‹LNM‹‹KŒÛÜœ™[Û‹ŒLLŒŽMÌÌMŒÌŒMMMKŒLLŒLÎÍŒNNKŽNLÍÎLNÍŒŒLMLËŒMMÌŒNŒLMLMŽÍKŒLÌÌŒŽŒÍÍËŽNMŒÍŒLLÌŒKLM‚˜ÛÛ™š\›X][Û‹LNM‹‹KŒØØWÙ\]Z]˜[[ŒLLŒŽMÌÌMŒÌŒMMMKŒLLŒLÎÍŒNNKŽNLÍÎLNÍŒŒLMLËŒMMÌŒNŒLMLMŽÍKŒLÌÌŒŽŒÍÍËŽNMŒÍŒLLÌŒKLM‚˜ÛÛ™š\›X][Û‹LNM‹‹KŒ˜]×ÜÝ™ŒLLŒŽMÍŽŒÌŽLÍŽ‹ŒLNMMMÍÍNŽNLÎNLNLMMÌÍŒMLNLÌÌÎŽMMKŒŒÍMÍŽLŒMÍŒ‹LNLMMŒMÎÙKLM‚˜ÛÛ™š\›X][Û‹LNM‹‹KŒ[ÜÝ]WÛÜ˜XÛKŒLLŒKŒŒKŒŒŒKMLLLMLLŒÌLMÎÙKLM‚˜ÛÛ™š\›X][Û‹LNM‹ŒKÛÜœ™[Û‹ŒLLŒŽMÌŒÍÎMŒÍÍŒÍ‹ŒLLÌŒÎMLMNMËŽNLÍÍŒLŒÍNKŒMŒŒÌMNMMÍMMM‹ŒŒŽLÎLŒÍNNKKMLLLMLLŒÌLMÎÙKLM‚˜ÛÛ™š\›X][Û‹LNM‹ŒKØØWÙ\]Z]˜[[ŒLLŒŽMÌŒÍÎMŒÍÍŒÍ‹ŒLLÌŒÎMLMNMËŽNLÍÍŒLŒÍNKŒMŒŒÌMNMMÍMMM‹ŒŒŽLÎLŒÍNNKKMLLLMLLŒÌLMÎÙKLM‚˜ÛÛ™š\›X][Û‹LNM‹ŒK˜]×ÜÝ™ŒLLŒŽMÌÌLMÌÌÌÌLM‹ŒLLLMLMMŒÌÌŒŒ‹ŽNLÎŒÎMŒMMLKŒMMNNNŽNLNLŒKŒŒŒNLŽMÌLŽËËŒÌÌŽLÌÎÍMŽM™KLM‚˜ÛÛ™š\›X][Û‹LNM‹ŒK[ÜÝ]WÛÜ˜XÛKŒLLŒKŒŒKŒŒŒËŒÌÌŽLÌÎÍMŽM™KLM‚˜ÛÛ™š\›X][Û‹LNM‹ŒKÛÜœ™[Û‹ŒLLŒŽMÎŽLŽLMLNMLÍMÌ‹ŒLLÎMÌMLÍLŒMMMNKŽNLÍŒLŒÍÌÍÌKŒMŒÎŒMLLMM‹ŒŒMLÌMMMÌÌMËËŒÌÌŽLÌÎÍMŽM™KLM‚˜ÛÛ™š\›X][Û‹LNM‹ŒKØØWÙ\]Z]˜[[ŒLLŒŽMÎŽLŽLMLNMLÍMÌ‹ŒLLÎMÌMLÍLŒMMMNKŽNLÍŒLŒÍÌÍÌKŒMŒÎŒMLLMM‹ŒŒMLÌMMMÌÌMËËŒÌÌŽLÌÎÍMŽM™KLM‚˜ÛÛ™š\›X][Û‹LNM‹ŒK˜]×ÜÝ™ŒLLŒŽMÎLÌÍŽÍÌŽNKŒLLMŽNÌÌÌÌ‹ŽNLÎÍLÌÍÍLMLËŒMMLNÍŽLNLMÌŽMŒNMÎŽŒLMŒ‹KMLLLMLLŒÌLMÎÙKLM‚˜ÛÛ™š\›X][Û‹LNM‹ŒK[ÜÝ]WÛÜ˜XÛKŒLLŒKŒŒKŒŒŒ‹ÍÍMMMÍMŒMMŒŽLMKLM‚˜ÛÛ™š\›X][Û‹LNM‹KÛÜœ™[Û‹ŒLLŒŽMÍMLMÍ‹ŒLLMÎÌŒŽLNKŽNLÎŒMÍŒNMNMKŒMLÎNMŒÌÎMÍMLÍ‹ŒLMÎMÌLŒÌŒLMŒŒŒM™KLM‚˜ÛÛ™š\›X][Û‹LNM‹KØØWÙ\]Z]˜[[ŒLLŒŽMÍMLMÍ‹ŒLLMÎÌŒŽLNKŽNLÎŒMÍŒNMNMKŒMLÎNMŒÌÎMÍMLÍ‹ŒLMÎMÌLŒÌŒLMŒŒŒM™KLM‚˜ÛÛ™š\›X][Û‹LNM‹K˜]×ÜÝ™ŒLLŒŽMÍLMŒLMÌLLÌKŒLMÍÌÍÌMÍŒÎMLML‹ŽNMNLÍMŒËŒMŽÎMŒÌÎNËŒLLÍÌŒLMŒÍLŒËLŒNLŒ™KLM‚˜ÛÛ™š\›X][Û‹LNM‹K[ÜÝ]WÛÜ˜XÛKŒLLŒKŒŒKŒŒŒËNLŽLMM™KLM‚˜ÛÛ™š\›X][Û‹LNM‹KŒÛÜœ™[Û‹ŒLLŒŽMÌLÍŽMÍÌÌNKŒLLLŽLLŒŒLŽŒKŽNLÎMÍMMMLŽLÍM‹ŒMLŽLÌÌMÍNMŒŒÍMMLLŽÍLÎKËŒŒMMŒŒÍLNKLM‚˜ÛÛ™š\›X][Û‹LNM‹KŒØØWÙ\]Z]˜[[ŒLLŒŽMÌLÍŽMÍÌÌNKŒLLLŽLLŒŒLŽŒKŽNLÎMÍMMMLŽLÍM‹ŒMLŽLÌÌMÍNMŒŒÍMMLLŽÍLÎKËŒŒMMŒŒÍLNKLM‚˜ÛÛ™š\›X][Û‹LNM‹KŒ˜]×ÜÝ™ŒLLŒŽMÌŽNNMMLÍ‹ŒLNMNŒŒŒMÍMKŽNLÎMLNÌMÌÌLMKŒMNLNÌMLÌŽŒÌÌMÍMMLŒÌNMËKMLLLMLLŒÌLMÎÙKLM‚˜ÛÛ™š\›X][Û‹LNM‹KŒ[ÜÝ]WÛÜ˜XÛKŒLLŒKŒŒKŒŒŒËŒÌÌŽLÌÎÍMŽM™KLM‚˜ÛÛ™š\›X][Û‹LNKKŒKÛÜœ™[Û‹ŒLLŒŽNLÌLNLŒÌÍŽÎŒMÎLÎLMŽMËŽNNŽÍMNLÍÌÎMËŒMŒMÎŽMNMLŽŒLLÌNŒÍÌ‹KMLLLMLLŒÌLMÎÙKLMÂ˜ÛÛ™š\›X][Û‹LNKKŒKØØWÙ\]Z]˜[[ŒLLŒŽNLÌLNLŒÌÍŽÎŒMÎLÎLMŽMËŽNNŽÍMNLÍÌÎMËŒMŒMÎŽMNMLŽŒLLÌNŒÍÌ‹KMLLLMLLŒÌLMÎÙKLMÂ˜ÛÛ™š\›X][Û‹LNKKŒK˜]×ÜÝ™ŒLLŒŽNLÌLNLŒÌÍŽÍÌ‹ŒMÎLÎLMŽLÌKŽNNŽÍMNLÍÌÎMËŒMŒMÎŽMNMLMLËŒLLÌNŒÎL‹ŒŒŒŒLLÌLÙKLM‚˜ÛÛ™š\›X][Û‹LNKKŒK[ÜÝ]WÛÜ˜XÛKŒLLŒKŒŒKŒŒŒKŒÌÍMNLÍŽMŽMMKLM‚˜ÛÛ™š\›X][Û‹LNKKŒKÛÜœ™[Û‹ŒLLŒŽNMÌLLÌËŒÍMNŒLLLÌŒMMKŽNMÍÍMMMMMLËŒÌÍNMNLÌÌÌNKŒMÌLÍNŒKËŽMÎNŒNKLM‚˜ÛÛ™š\›X][Û‹LNKKŒKØØWÙ\]Z]˜[[ŒLLŒŽNMÌLLÌËŒÍMNŒLLLÌŒMMKŽNMÍÍMMMMMLËŒÌÍNMNLÌÌÌNKŒMÌLÍNŒKËŽMÎNŒNKLM‚˜ÛÛ™š\›X][Û‹LNKKŒK˜]×ÜÝ™ŒLLŒŽNMÌLLËŒÍMNŒLLLÌŒL‹ŽNMÍÍMMMMMLÌKŒÌÍNMNLÌÌÌNNŒMÌLÍNLKLÌÍLÍŽLÍÍÌÍKLM‚˜ÛÛ™š\›X][Û‹LNKKŒK[ÜÝ]WÛÜ˜XÛKŒLLŒKŒŒKŒŒŒKLÌÍLÍŽLÍÍÌÍKLM‚˜ÛÛ™š\›X][Û‹LNKKKÛÜœ™[Û‹ŒLLŒŽNLMMÍÍNMNNMKŒMŽLÌÎŽMÍMMÎMËŽNNNMNŒÌLÍÌËŒMÌÌÌMNÌNŒLÍÌMÍNLÎMLŒŒË‹ÍŒÌLŒÌÍMYKLM‚˜ÛÛ™š\›X][Û‹LNKKKØØWÙ\]Z]˜[[ŒLLŒŽNLMMÍÍNMNNMKŒMŽLÌÎŽMÍMMÎMËŽNNNMNŒÌLÍÌËŒMÌÌÌMNÌNŒLÍÌMÍNLÎMLŒŒË‹ÍŒÌLŒÌÍMYKLM‚˜ÛÛ™š\›X][Û‹LNKKK˜]×ÜÝ™ŒLLŒŽNLMMÍÍNMNNMKŒMŽLÌÎŽMÍMMÎMËŽNNNMNŒÌLÍÌËŒMÌÌÌMNÌNËŒLÍÌMÍNLÎML‹ËŒÌÌŽLÌÎÍMŽM™KLM‚˜ÛÛ™š\›X][Û‹LNKKK[ÜÝ]WÛÜ˜XÛKŒLLŒKŒŒKŒŒŒ‹ŒŒŒŒLLÌLÙKLM‚˜ÛÛ™š\›X][Û‹LNKKKŒÛÜœ™[Û‹ŒLLŒŽMÎMŒÍÌÌÌŒÎMÎŒLÍÍÌÌŒÌ‹ŽNNÌÍŒLNLÍŒÌLÍMNŒLLNNLN‹ŒŒŒLMÌÍMNLÌMMK‹ŒŒŒŒLLÌLÙKLM‚˜ÛÛ™š\›X][Û‹LNKKKŒØØWÙ\]Z]˜[[ŒLLŒŽMÎMŒÍÌÌÌŒÎMÎŒLÍÍÌÌŒÌ‹ŽNNÌÍŒLNLÍŒÌLÍMNŒLLNNLN‹ŒŒŒLMÌÍMNLÌMMK‹ŒŒŒŒLLÌLÙKLM‚˜ÛÛ™š\›X][Û‹LNKKKŒ˜]×ÜÝ™ŒLLŒŽMÎMŒÍÌÌÌKŒÎMÎŒLÍÍÌÌŽËŽNNÌÍŒLNLÍŒÌLÍMNŒLLNNMŒŒŒLMÌÍMNLÌL‹‹ŒŒŒŒLLÌLÙKLM‚˜ÛÛ™š\›X][Û‹LNKKKŒ[ÜÝ]WÛÜ˜XÛKŒLLŒKŒŒKŒŒŒ‹ŒŒŒŒLLÌLÙKLM‚˜ÛÛ™š\›X][Û‹LNK‹ŒKÛÜœ™[Û‹ŒLLŒŽNMÎNÍÌLKŒMÌMLŒÎLÌŒMÌËŽNNMNLÌŒÎLL‹ŒNLÍÍÌLŒMŒNÎŒŒÎLÌŽLLÌŽL‹‹ÍÍMMMÍMŒMMŒŽLMKLM‚˜ÛÛ™š\›X][Û‹LNK‹ŒKØØWÙ\]Z]˜[[ŒLLŒŽNMÎNÍÌLKŒMÌMLŒÎLÌŒMÌËŽNNMNLÌŒÎLL‹ŒNLÍÍÌLŒMŒNÎŒŒÎLÌŽLLÌŽL‹‹ÍÍMMMÍMŒMMŒŽLMKLM‚˜ÛÛ™š\›X][Û‹LNK‹ŒK˜]×ÜÝ™ŒLLŒŽNMÎNÍÌKŒMÌMLŒÎLÌŒMÍÌ‹ŽNNMNLÌŒÎLLKŒNLÍÍÌLŒMŒNÌÍ‹ŒŒÎLÌŽLMLËKMLLLMLLŒÌLMÎÙKLMÂ˜ÛÛ™š\›X][Û‹LNK‹ŒK[ÜÝ]WÛÜ˜XÛKŒLLŒKŒŒKŒŒŒKŒLLŒŒÌŒLMMYKLM‚˜ÛÛ™š\›X][Û‹LNK‹ŒKÛÜœ™[Û‹ŒLLŒŽNMŒMNMMÌÍNMŒNLLŒÌÍMŽMËŽNNÍÍÌMŒÌÌNËŒÍNLLÍÌÍNNMŒËŒMMÍÎLŽMÍŒNLËËŒÌÎÌŽMŽMÎMLYKLM‚˜ÛÛ™š\›X][Û‹LNK‹ŒKØØWÙ\]Z]˜[[ŒLLŒŽNMŒMNMMÌÍNMŒNLLŒÌÍMŽMËŽNNÍÍÌMŒÌÌNËŒÍNLLÍÌÍNNMŒËŒMMÍÎLŽMÍŒNLËËŒÌÎÌŽMŽMÎMLYKLM‚˜ÛÛ™š\›X][Û‹LNK‹ŒK˜]×ÜÝ™ŒLLŒŽNMŒMNMMÌÍNLËŒNLLŒÌÍMÍÍKŽNNÍÍÌMŒÌÌNËŒÍNLLÍÌÍNNMŒMMÍÎLŽMÍNNKKŒÎÍÍÎÎÎMMÙKLM‚˜ÛÛ™š\›X][Û‹LNK‹ŒK[ÜÝ]WÛÜ˜XÛKŒLLŒKŒŒKŒŒŒ‹ŽLMÌÍMÎMLÍ™KLM‚˜ÛÛ™š\›X][Û‹LNK‹KÛÜœ™[Û‹ŒLLŒŽNMLLŒMŒMŒŽMNLMÍŒÌŽLKŽNNŒMÎÍNKŒNÌŽNLÍNLËŒMÍÎÌNLÌŽËŽMÎNŒNKLM‚˜ÛÛ™š\›X][Û‹LNK‹KØØWÙ\]Z]˜[[ŒLLŒŽNMLLŒMŒMŒŽMNLMÍŒÌŽLKŽNNŒMÎÍNKŒNÌŽNLÍNLËŒMÍÎÌNLÌŽËŽMÎNŒNKLM‚˜ÛÛ™š\›X][Û‹LNK‹K˜]×ÜÝ™ŒLLŒŽNMLLŒMÍ‹ŒMŒŽMNLMÍŒÌŽMNŽNNŒMÎÍNKŒNÌŽNLÍNÍËŒMÍÎÌNLÌÎ‹ŒŒŒŒLLÌLÙKLM‚˜ÛÛ™š\›X][Û‹LNK‹K[ÜÝ]WÛÜ˜XÛKŒLLŒKŒŒKŒŒŒKMLLLMLLŒÌLMÎÙKLM‚˜ÛÛ™š\›X][Û‹LNK‹KŒÛÜœ™[Û‹ŒLLŒŽNLŽMÌNLŒMÌÌ‹ŒŽLÌŒŒÌNMNŽNMÎMŽLLÌÌÌÌÌM‹ŒÌNNÌŒŒŒLËŒÌŒŒÍMLÎLLL‹ËŒÌÌŽLÌÎÍMŽM™KLM‚˜ÛÛ™š\›X][Û‹LNK‹KŒØØWÙ\]Z]˜[[ŒLLŒŽNLŽMÌNLŒMÌÌ‹ŒŽLÌŒŒÌNMNŽNMÎMŽLLÌÌÌÌÌM‹ŒÌNNÌŒŒŒLËŒÌŒŒÍMLÎLLL‹ËŒÌÌŽLÌÎÍMŽM™KLM‚˜ÛÛ™š\›X][Û‹LNK‹KŒ˜]×ÜÝ™ŒLLŒŽNLŽMÌNLŒMÌÌMKŒŽLÌŒŒÌNLNŽNMÎMŽLLÌÌÌÌÌM‹ŒÌNNÌŒŒŒÎŒÌŒŒÍMLÎLLMLŒK‹ŒŒŒŒLLÌLÙKLM‚˜ÛÛ™š\›X][Û‹LNK‹KŒ[ÜÝ]WÛÜ˜XÛKŒLLŒKŒŒKŒŒŒ‹ÍÍMMMÍMŒMMŒŽLMKLM‚˜ÛÛ™š\›X][Û‹LNKŒKÛÜœ™[Û‹ŒLLŒKŒÍŽLÌÎËŒŒŽNÍÎMLÌŽÌŽNŽNNMNŒLNNÍŽMŒÌÍŽLÎNMÌŒÍÎM‹ŒLMŒŒÎLMÌ‹LNLMMŒMÎÙKLM‚˜ÛÛ™š\›X][Û‹LNKŒKØØWÙ\]Z]˜[[ŒLLŒKŒÍŽLÌÎËŒŒŽNÍÎMLÌŽÌŽNŽNNMNŒLNNÍŽMŒÌÍŽLÎNMÌŒÍÎM‹ŒLMŒŒÎLMÌ‹LNLMMŒMÎÙKLM‚˜ÛÛ™š\›X][Û‹LNKŒK˜]×ÜÝ™ŒLLŒKŒÍŽLÌÎKŒŒŽNÍÎMLÌŽÌŽŽNNMNŒLNNÍŽMŒÌÍŽLÎNMÌŒÍÎNŒLMŒŒÎLMÎMË‹NNMŒ™KLM‚˜ÛÛ™š\›X][Û‹LNKŒK[ÜÝ]WÛÜ˜XÛKŒLLŒKŒŒKŒŒŒ‹ŒŒŒŒLLÌLÙKLM‚˜ÛÛ™š\›X][Û‹LNKŒKÛÜœ™[Û‹ŒLLŒŽNÌLŒNÌŒMÌLÎLÌÍŽMŽKŽNNMÍÎNÍŒÌŒÍŒŒMÌÍŒÌLMËŒŒŒLŒŒLLÌŽËŒÌÌŽLÌÎÍMŽM™KLM‚˜ÛÛ™š\›X][Û‹LNKŒKØØWÙ\]Z]˜[[ŒLLŒŽNÌLŒNÌŒMÌLÎLÌÍŽMŽKŽNNMÍÎNÍŒÌŒÍŒŒMÌÍŒÌLMËŒŒŒLŒŒLLÌŽËŒÌÌŽLÌÎÍMŽM™KLM‚˜ÛÛ™š\›X][Û‹LNKŒK˜]×ÜÝ™ŒLLŒŽNÌLŒNÌÍËŒMÌLÎLÌÍŽMÎLËŽNNMÍÎNÍŒÌŒÍŒŒMÌÍŒÌÍ‹ŒŒŒLŒŒLLÌŽŒÎ‹ŒMŽMÌLMÌŒMŽYKLM‚˜ÛÛ™š\›X][Û‹LNKŒK[ÜÝ]WÛÜ˜XÛKŒLLŒKŒŒKŒŒŒ‹ŒÍNLŒŒÎLÌÌŽMÍ™KLM‚˜ÛÛ™š\›X][Û‹LNKKÛÜœ™[Û‹ŒLLŒŽNŒLNLÌÍŽËŒLMÌÍŒŒLNNŽNNMÍMŽMŒÌŒÍŒÌŒŒLÍNMŒÍ‹ŒNMNMÍÌNMÍMŒÍ‹‹ÍÍMMMÍMŒMMŒŽLMKLM‚˜ÛÛ™š\›X][Û‹LNKKØØWÙ\]Z]˜[[ŒLLŒŽNŒLNLÌÍŽËŒLMÌÍŒŒLNNŽNNMÍMŽMŒÌŒÍŒÌŒŒLÍNMŒÍ‹ŒNMNMÍÌNMÍMŒÍ‹‹ÍÍMMMÍMŒMMŒŽLMKLM‚˜ÛÛ™š\›X][Û‹LNKK˜]×ÜÝ™ŒLLŒŽNŒLNLÌÍŽŽNKŒLMÌÍŒŒLNLÌËŽNNMÍMŽMŒÌŒÍŒÌŒŒLÍNMLMËŒNMNMÍÌNMÍMMËŒÍLÍŒÍMÌÎML™KLM‚˜ÛÛ™š\›X][Û‹LNKK[ÜÝ]WÛÜ˜XÛKŒLLŒKŒŒKŒŒŒÌNÎMMŽLMYKLM‚˜ÛÛ™š\›X][Û‹LNKKŒÛÜœ™[Û‹ŒLLŒKŒNÌÍLLÎNÎÌMŒNMMMMŒŒLLŒMŽNNŒŒÌNÎLŽLLKŒŽNŒLÍŒŽŽLŒLŒŒÎÍÍÌŽÎMÌMMŽN‹ŒŒŒŒLLÌLÙKLM‚˜ÛÛ™š\›X][Û‹LNKKŒØØWÙ\]Z]˜[[ŒLLŒKŒNÌÍLLÎNÎÌMŒNMMMMŒŒLLŒMŽNNŒŒÌNÎLŽLLKŒŽNŒLÍŒŽŽLŒLŒŒÎÍÍÌŽÎMÌMMŽN‹ŒŒŒŒLLÌLÙKLM‚˜ÛÛ™š\›X][Û‹LNKKŒ˜]×ÜÝ™ŒLLŒKŒNÌÍLLÎNÎÌ‹ŒNMMMMŒŒLLMÌKŽNNŒŒÌNÎLŽLLKŒŽNŒLÍŒŽŽLNNKŒŒÎÍÍÌŽÎMÌMMË‹ŒLŒŒŒÍMÎÍŒYKLM‚˜ÛÛ™š\›X][Û‹LNKKŒ[ÜÝ]WÛÜ˜XÛKŒLLŒKŒŒKŒŒŒLŒNLŒ™KLM‚˜ÛÛ™š\›X][Û‹LNKKŒKÛÜœ™[Û‹ŒLLŒŽNLMÎLLŒÍÍMM‹ŒMNŒŒÍŽŽNMMŒÍLNLNLËŒMLMÌLÎMŒÍKŒÌNLLŽNMÎMÎLŒÎ‹ËŽMÎNŒNKLM‚˜ÛÛ™š\›X][Û‹LNKKŒKØØWÙ\]Z]˜[[ŒLLŒŽNLMÎLLŒÍÍMM‹ŒMNŒŒÍŽŽNMMŒÍLNLNLËŒMLMÌLÎMŒÍKŒÌNLLŽNMÎMÎLŒÎ‹ËŽMÎNŒNKLM‚˜ÛÛ™š\›X][Û‹LNKKŒK˜]×ÜÝ™ŒLLŒŽNLMLMMÍÍNŒŒÍÌNÌ‹ŽNMMNMLŒMÍÌNNKŒMNÌMNŽŒMÌÍMÍÎLN‹ŒŒŒŒLLÌLÙKLM‚˜ÛÛ™š\›X][Û‹LNKKŒK[ÜÝ]WÛÜ˜XÛKŒLLŒKŒŒKŒŒŒËŽMÎNŒNKLM‚˜ÛÛ™š\›X][Û‹LNKKŒKÛÜœ™[Û‹ŒLLŒŽMÎMŒÌÎLÌŒNŒÍLLÍMNÍLÌËŽNMŒÎLÌÎLŒËŒLLÌÌÌŽLLMKŒŒMÍÌLŒLLŒMŽMÍÎLŒNLŒ™KLM‚˜ÛÛ™š\›X][Û‹LNKKŒKØØWÙ\]Z]˜[[ŒLLŒŽMÎMŒÌÎLÌŒNŒÍLLÍMNÍLÌËŽNMŒÎLÌÎLŒËŒLLÌÌÌŽLLMKŒŒMÍÌLŒLLŒMŽMÍÎLŒNLŒ™KLM‚˜ÛÛ™š\›X][Û‹LNKKŒK˜]×ÜÝ™ŒLLŒŽMÎÌNNŒÌLÍLL‹ŒNMÍNŽŽLÌL‹ŽNMŒLÌMÌÌMŽLŒMÍNLŒLŒÍÎNNŒŒMŽÎLÌÍNLLŒŒMËŒLÌLLÌÌMÍÌNLNYKLM‚˜ÛÛ™š\›X][Û‹LNKKŒK[ÜÝ]WÛÜ˜XÛKŒLLŒKŒŒKŒŒŒKMLLLMLLŒÌLMÎÙKLM‚˜ÛÛ™š\›X][Û‹LNKKKÛÜœ™[Û‹ŒLLŒŽNMŽMÍLLÌŒŒKŒÍÍLLÌÍMLLMŽNMÎLNLNLLËŒNMMÌMŽMLÍLNKŒMŒÍÎLÍNŒ‹‹ŒŒŒŒLLÌLÙKLM‚˜ÛÛ™š\›X][Û‹LNKKKØØWÙ\]Z]˜[[ŒLLŒŽNMŽMÍLLÌŒŒKŒÍÍLLÌÍMLLMŽNMÎLNLNLLËŒNMMÌMŽMLÍLNKŒMŒÍÎLÍNŒ‹‹ŒŒŒŒLLÌLÙKLM‚˜ÛÛ™š\›X][Û‹LNKKK˜]×ÜÝ™ŒLLŒŽNMŽLÌŽLÌNMLLËŒÌŽNÎÌ‹ŽNMMŒMNLÍËŒŒLMÍÎLÎMÌ‹ŒMŒÍŒÌMLŒMMŽMNMË‹ŒŒŒŒLLÌLÙKLM‚˜ÛÛ™š\›X][Û‹LNKKK[ÜÝ]WÛÜ˜XÛKŒLLŒKŒŒKŒŒŒËŒŒÌÌMÍNYKLM‚˜ÛÛ™š\›X][Û‹LNKKKŒÛÜœ™[Û‹ŒLLŒŽMÌŒŒÎLÍÌŽKŒŽMÎÌNŒÌŒNKŽNMŒÎÌLLÍŒÌ‹ŒLNÍLLŽÍ‹ŒÌLLÍÍNÌ‹ŒMŒÌÌÍŒÍŒÍÌÍÙKLM‚˜ÛÛ™š\›X][Û‹LNKKKŒØØWÙ\]Z]˜[[ŒLLŒŽMÌŒŒÎLÍÌŽKŒŽMÎÌNŒÌŒNKŽNMŒÎÌLLÍŒÌ‹ŒLNÍLLŽÍ‹ŒÌLLÍÍNÌ‹ŒMŒÌÌÍŒÍŒÍÌÍÙKLM‚˜ÛÛ™š\›X][Û‹LNKKKŒ˜]×ÜÝ™ŒLLŒŽMÌLLMMËŒÌMLŽML‹ŽNMŒÍŽÍMNNLMKŒŒŽŒNNÍŒMKŒÍÌLLLÍÎNNMÌ‹‹ŒŒŒŒLLÌLÙKLM‚˜ÛÛ™š\›X][Û‹LNKKKŒ[ÜÝ]WÛÜ˜XÛKŒLLŒKŒŒKŒŒŒ‹ŒLŒŒŒÍMÎÍŒYKLM‚˜ÛÛ™š\›X][Û‹LNK‹ŒKÛÜœ™[Û‹ŒLLŒŽNÌŒÎÍÍŽŒÍMMŒMLËŽNMLŽLLŒÍÌÍÍËŒMNNLLMŽMKŒMŽMLŒLMMMÌŒMLËŽMÎNŒNKLM‚˜ÛÛ™š\›X][Û‹LNK‹ŒKØØWÙ\]Z]˜[[ŒLLŒŽNÌŒÎÍÍŽŒÍMMŒMLËŽNMLŽLLŒÍÌÍÍËŒMNNLLMŽMKŒMŽMLŒLMMMÌŒMLËŽMÎNŒNKLM‚˜ÛÛ™š\›X][Û‹LNK‹ŒK˜]×ÜÝ™ŒLLŒŽNÌÍÍÌMŒŒLÍNËŒŽMNÌLÌLLNKŽNMMŒNNMŒÌLŽKŒMÌMŽMNMÌNŒMŽÍÌÌÌÍMÌMN‹LŒNLŒ™KLM‚˜ÛÛ™š\›X][Û‹LNK‹ŒK[ÜÝ]WÛÜ˜XÛKŒLLŒKŒŒKŒŒŒËŒÌÌŽLÌÎÍMŽM™KLM‚˜ÛÛ™š\›X][Û‹LNK‹ŒKÛÜœ™[Û‹ŒLLŒŽMÎMMŒÌNNŒŽMŒŽMÎŒLÍLKŽNMŒLÌÍÍLŽËŒLNNŽNMÍL‹ŒÌÌÎNMÌÌÌÌMŒMËKLŒÌÍÌLÍŒÎKLM‚˜ÛÛ™š\›X][Û‹LNK‹ŒKØØWÙ\]Z]˜[[ŒLLŒŽMÎMMŒÌNNŒŽMŒŽMÎŒLÍLKŽNMŒLÌÍÍLŽËŒLNNŽNMÍL‹ŒÌÌÎNMÌÌÌÌMŒMËKLŒÌÍÌLÍŒÎKLM‚˜ÛÛ™š\›X][Û‹LNK‹ŒK˜]×ÜÝ™ŒLLŒŽMÎMNNMŒNMÌMËŒLÌÌÌÍÍÌKŽNMNLŒÍŒŒLÍŒÍNŒLÎLÌMMMŒMŽLÍŒÌMÍŽNNNŒÎLÌKËŒŒÌÌMÍNYKLM‚˜ÛÛ™š\›X][Û‹LNK‹ŒK[ÜÝ]WÛÜ˜XÛKŒLLŒKŒŒKŒŒŒ‹ÍÍMMMÍMŒMMŒŽLMKLM‚˜ÛÛ™š\›X][Û‹LNK‹KÛÜœ™[Û‹ŒLLŒŽNNNMNMŒMËŒLÍMŒÍÌÎÎLÎŒËŽNMMMLŽŒLËŒMÎMMLÍÍLLKŒMŒŒÌÍŽÌÌÌMË‹ŒŒŒŒLLÌLÙKLM‚˜ÛÛ™š\›X][Û‹LNK‹KØØWÙ\]Z]˜[[ŒLLŒŽNNNMNMŒMËŒLÍMŒÍÌÎÎLÎŒËŽNMMMLŽŒLËŒMÎMMLÍÍLLKŒMŒŒÌÍŽÌÌÌMË‹ŒŒŒŒLLÌLÙKLM‚˜ÛÛ™š\›X][Û‹LNK‹K˜]×ÜÝ™ŒLLŒŽNŒNŽÎÌÌÌŽŒLÌNÍÍÎÌËŽNMŒÌŒNÍÌÎŒLŒMŒÌŒÌÌMLLŒŒMŒŒNMŒÌMËLŒNLŒ™KLM‚˜ÛÛ™š\›X][Û‹LNK‹K[ÜÝ]WÛÜ˜XÛKŒLLŒKŒŒKŒŒŒËŒÌÌŽLÌÎÍMŽM™KLM‚˜ÛÛ™š\›X][Û‹LNK‹KŒÛÜœ™[Û‹ŒLLŒŽNÍŒÎŒMÍÎŒLMÍÌMLÎÍÎNKŽNMŒÍNLMÌËŒÌMÍÍÍNŒMÎLÎÌÌLÍNÍLMÍ‹ŽNMŒÍŒLLÌŒKLM‚˜ÛÛ™š\›X][Û‹LNK‹KŒØØWÙ\]Z]˜[[ŒLLŒŽNÍŒÎŒMÍÎŒLMÍÌMLÎÍÎNKŽNMŒÍNLMÌËŒÌMÍÍÍNŒMÎLÎÌÌLÍNÍLMÍ‹ŽNMŒÍŒLLÌŒKLM‚˜ÛÛ™š\›X][Û‹LNK‹KŒ˜]×ÜÝ™ŒLLŒŽNMNMÍËŒLMLÌŒÍNŽÌÎLKŽNMŒŒÍLÌÌL‹ŒŒÍNLNLŒLL‹ŒNLLLŒÌŒÍMLÌÍËŒŒÌÌMÍNYKLM‚˜ÛÛ™š\›X][Û‹LNK‹KŒ[ÜÝ]WÛÜ˜XÛKŒLLŒKŒŒKŒŒŒËŒÌÌŽLÌÎÍMŽM™KLM‚˜ÛÛ™š\›X][Û‹LNKŒKÛÜœ™[Û‹ŒLLŒŽNMŒMŒŒÍŽÎŒŽŽNNLMNÌKŽNMŒÌL‹ŒŽLÍÎMNŒNKŒLMÍŒNLŽMŽËŒŒÌÌMÍNYKLM‚˜ÛÛ™š\›X][Û‹LNKŒKØØWÙ\]Z]˜[[ŒLLŒŽNMŒMŒŒÍŽÎŒŽŽNNLMNÌKŽNMŒÌL‹ŒŽLÍÎMNŒNKŒLMÍŒNLŽMŽËŒŒÌÌMÍNYKLM‚˜ÛÛ™š\›X][Û‹LNKŒK˜]×ÜÝ™ŒLLŒŽNMŒÍLŽŒMKŒÍÍLŽLŒNNŽNMŒÌŒNLNLÍÍLËŒŽÌÌÌÍLMÍ‹ŒLNLÌLŽMNŒËLŒNLŒ™KLM‚˜ÛÛ™š\›X][Û‹LNKŒK[ÜÝ]WÛÜ˜XÛKŒLLŒKŒŒKŒŒŒLŒNLŒ™KLM‚˜ÛÛ™š\›X][Û‹LNKŒKÛÜœ™[Û‹ŒLLŒŽNŽÍÎÍÎÍ‹ŒLÍLÌÎÍLÍ‹ŽNMNLMŒNLNMLŽŒLNÍLLLÍÌÎÍ‹ŒNÌÌŒÌMŽLÌÎLËLŒNLŒ™KLM‚˜ÛÛ™š\›X][Û‹LNKŒKØØWÙ\]Z]˜[[ŒLLŒŽNŽÍÎÍÎÍ‹ŒLÍLÌÎÍLÍ‹ŽNMNLMŒNLNMLŽŒLNÍLLLÍÌÎÍ‹ŒNÌÌŒÌMŽLÌÎLËLŒNLŒ™KLM‚˜ÛÛ™š\›X][Û‹LNKŒK˜]×ÜÝ™ŒLLŒŽNŒŒLÌÎMLLNMKŒLLÍÎLŒÌŽNMNNMÎÎMÍÍ‹ŒÌÌÌMŒŒŽMÍÍMËŒNMLMNMŒÍMLËŽNMŒÍŒLLÌŒKLM‚˜ÛÛ™š\›X][Û‹LNKŒK[ÜÝ]WÛÜ˜XÛKŒLLŒKŒŒKŒŒŒËŽMÎNŒNKLM‚˜ÛÛ™š\›X][Û‹LNKKÛÜœ™[Û‹ŒLLŒŽNLÌŒÌÌÍÌÌ‹ŒLLÍLNNLŽMŽNMŒMLMŒMÎŒŽKŒŽÌNNÍLNMŒLLÌÍŒÌŒÌ‹‹ÍÍMMMÍMŒMMŒŽLMKLM‚˜ÛÛ™š\›X][Û‹LNKKØØWÙ\]Z]˜[[ŒLLŒŽNLÌŒÌÌÍÌÌ‹ŒLLÍLNNLŽMŽNMŒMLMŒMÎŒŽKŒŽÌNNÍLNMŒLLÌÍŒÌŒÌ‹‹ÍÍMMMÍMŒMMŒŽLMKLM‚˜ÛÛ™š\›X][Û‹LNKK˜]×ÜÝ™ŒLLŒŽNÌŽNLLÌÌŒLÌ‹ŒLNÌÍÍMLŒMÌKŽNMŒLÌÌMMŒŽMLKŒÎMÌŽLÌŽŒÍÌLŒÍÌÎMÍÍÌLŽM‹ËŽMÎNŒNKLM‚˜ÛÛ™š\›X][Û‹LNKK[ÜÝ]WÛÜ˜XÛKŒLLŒKŒŒKŒŒŒ‹ŒLŒŒŒÍMÎÍŒYKLM‚˜ÛÛ™š\›X][Û‹LNKKŒÛÜœ™[Û‹ŒLLŒKŒÌÍÎLÎMKŒMÎLŒÌŒLNLÍ‹ŽNMMÍMÍÌŽŒÎŒŒMÍŒŒMNMÍŒNM‹ŒŒŽMÌÍŒMŒÌ‹‹ŒŒŒŒLLÌLÙKLM‚˜ÛÛ™š\›X][Û‹LNKKŒØØWÙ\]Z]˜[[ŒLLŒKŒÌÍÎLÎMKŒMÎLŒÌŒLNLÍ‹ŽNMMÍMÍÌŽŒÎŒŒMÍŒŒMNMÍŒNM‹ŒŒŽMÌÍŒMŒÌ‹‹ŒŒŒŒLLÌLÙKLM‚˜ÛÛ™š\›X][Û‹LNKKŒ˜]×ÜÝ™ŒLLŒKŒÌÎLÌÌNLŽLLM‹ŒŒÍŒÎLÍÍNMÌËŽNMMLŒMÌNL‹ŒNŒMLŒÍLÍŒÍ‹ŒŒÍÌÍÌŒLŒÍÌŒËËÍÌMMŒLMÌŒÍÍŒM™KLM‚˜ÛÛ™š\›X][Û‹LNKKŒ[ÜÝ]WÛÜ˜XÛKŒLLŒKŒŒKŒŒŒËŒŒÌÌMÍNYKLM‚˜ÛÛ™š\›X][Û‹LNKM‹KŒKÛÜœ™[Û‹ŒLLŒŽMÌÍMMÌÍMŒLMŒMMMŽÌMËŽNLÌÍÌÎLLŒLM‹ŒMÍNÌŒMLLŽM‹ŒÍŒLÍMLÌŽLŽL‹ËŽMÎNŒNKLM‚˜ÛÛ™š\›X][Û‹LNKM‹KŒKØØWÙ\]Z]˜[[ŒLLŒŽMÌÍMMÌÍMŒLMŒMMMŽÌMËŽNLÌÍÌÎLLŒLM‹ŒMÍNÌŒMLLŽM‹ŒÍŒLÍMLÌŽLŽL‹ËŽMÎNŒNKLM‚˜ÛÛ™š\›X][Û‹LNKM‹KŒK˜]×ÜÝ™ŒLLŒŽMÍMLLNLŒL‹ŒLLÌÍMÎŽMLNŽNLÍŒLÍŽLÎLŽM‹ŒMLMÍÎMMKŒŒÎÍMŽÍNLŒÌM‹KŒÌÍMNLÍŽMŽMMKLM‚˜ÛÛ™š\›X][Û‹LNKM‹KŒK[ÜÝ]WÛÜ˜XÛKŒLLŒKŒŒKŒŒŒËŒŒÌÌMÍNYKLM‚˜ÛÛ™š\›X][Û‹LNKM‹KŒKÛÜœ™[Û‹ŒLLŒŽMMÌMŒŒMLÎKŒLLŒÍMMMMLMÍÎKŽNLÍŒÌÍÍÌÌ‹ŒMNMLŒÍÍNLNŒŽLŒÍMÍÌMMNÌLL‹‹ŒÍNLŒŒÎLÌÌŽMÍ™KLM‚˜ÛÛ™š\›X][Û‹LNKM‹KŒKØØWÙ\]Z]˜[[ŒLLŒŽMMÌMŒŒMLÎKŒLLŒÍMMMMLMÍÎKŽNLÍŒÌÍÍÌÌ‹ŒMNMLŒÍÍNLNŒŽLŒÍMÍÌMMNÌLL‹‹ŒÍNLŒŒÎLÌÌŽMÍ™KLM‚˜ÛÛ™š\›X][Û‹LNKM‹KŒK˜]×ÜÝ™ŒLLŒŽMŒŽLNLMÍLÍ‹ŒLLÌÌÌÌŒNMMÌLÍËŽNLÍÍÌÌLÍÎÎKŒMMÎNÌMÎÌÎLÍŒŽÍÌŒÌMMÌLÌËËŽMÎNŒNKLM‚˜ÛÛ™š\›X][Û‹LNKM‹KŒK[ÜÝ]WÛÜ˜XÛKŒLLŒKŒŒKŒŒŒËŒŒÌÌMÍNYKLM‚˜ÛÛ™š\›X][Û‹LNKM‹KKÛÜœ™[Û‹ŒLLŒŽMÍLÎMÍŽ‹ŒLNMÍŒÍÍÍMNËŽNLÌMÍŽÍÎŒNÎÍÌÍLŽNKŒŽMMMÎLÍMMŽËŽMÎNŒNKLM‚˜ÛÛ™š\›X][Û‹LNKM‹KKØØWÙ\]Z]˜[[ŒLLŒŽMÍLÎMÍŽ‹ŒLNMÍŒÍÍÍMNËŽNLÌMÍŽÍÎŒNÎÍÌÍLŽNKŒŽMMMÎLÍMMŽËŽMÎNŒNKLM‚˜ÛÛ™š\›X][Û‹LNKM‹KK˜]×ÜÝ™ŒLLŒŽMŽÌÍŒMŒÌÍLÌLËŒLMÌÍMNËŽNLÌÌMNMMÍÎLKŒMÎMÌÌÍŽMŒMÎŒŽMŒMLŒÌËKMLLLMLLŒÌLMÎÙKLM‚˜ÛÛ™š\›X][Û‹LNKM‹KK[ÜÝ]WÛÜ˜XÛKŒLLŒKŒŒKŒŒŒËŒÌÌŽLÌÎÍMŽM™KLM‚˜ÛÛ™š\›X][Û‹LNKM‹KKŒÛÜœ™[Û‹ŒLLŒŽNMLÌŽLÍŒÍKŒLLNÌLLŒÌÌÎLKŽNLÍÌŒÌÍÍÍÍÌKŒMŒÍŒÍÌKŒÌMŒMÌLÍÌŒKËŒŒÌÌMÍNYKLM‚˜ÛÛ™š\›X][Û‹LNKM‹KKŒØØWÙ\]Z]˜[[ŒLLŒŽNMLÌŽLÍŒÍKŒLLNÌLLŒÌÌÎLKŽNLÍÌŒÌÍÍÍÍÌKŒMŒÍŒÍÌKŒÌMŒMÌLÍÌŒKËŒŒÌÌMÍNYKLM‚˜ÛÛ™š\›X][Û‹LNKM‹KKŒ˜]×ÜÝ™ŒLLŒŽNMMÍÌMŒËŒLLNMMÎLŒÎMÌMŽNLÍÌŽNLŒLÍËŒMNNLNLMMLŽŒMÍŽÌÌŒLŒNLKKŽŽÌÎLŽŒÌ™KLM‚˜ÛÛ™š\›X][Û‹LNKM‹KKŒ[ÜÝ]WÛÜ˜XÛKŒLLŒKŒŒKŒŒŒËNLÍÍNMLÌNNLÙKLM‚˜ÛÛ™š\›X][Û‹LNKM‹‹ŒKÛÜœ™[Û‹ŒLLŒŽMMŒŽŒLÍM‹ŒLLÍÌÎMLŒÌMNŽNLÍÍŒŽNŒMŒM‹ŒMNÍŒÌÍÌÍÍŒŒMMMÎŒNKMLLLMLLŒÌLMÎÙKLM‚˜ÛÛ™š\›X][Û‹LNKM‹‹ŒKØØWÙ\]Z]˜[[ŒLLŒŽMMŒŽŒLÍM‹ŒLLÍÌÎMLŒÌMNŽNLÍÍŒŽNŒMŒM‹ŒMNÍŒÌÍÌÍÍŒŒMMMÎŒNKMLLLMLLŒÌLMÎÙKLM‚˜ÛÛ™š\›X][Û‹LNKM‹‹ŒK˜]×ÜÝ™ŒLLŒŽMŒÍÍLLMŒŒÎŒLLLNMŒÎM‹ŽNLÎLMŽÎLNL‹ŒMLMLÌÍMÌŒŒŒŒMÌÌLŒMLËËŽMÎNŒNKLM‚˜ÛÛ™š\›X][Û‹LNKM‹‹ŒK[ÜÝ]WÛÜ˜XÛKŒLLŒKŒŒKŒŒŒ‹ŒŒŒŒLLÌLÙKLM‚˜ÛÛ™š\›X][Û‹LNKM‹‹ŒKÛÜœ™[Û‹ŒLLŒŽMŽMNMÌŽŒÍMËŒLMLMLÍMÎLÍÌÌÎNËŽNLÍNMMNLÌ‹ŒMNMLÍÍNKŒÍÍLÌLÍMMŒMKKMLLLMLLŒÌLMÎÙKLM‚˜ÛÛ™š\›X][Û‹LNKM‹‹ŒKØØWÙ\]Z]˜[[ŒLLŒŽMŽMNMÌŽŒÍMËŒLMLMLÍMÎLÍÌÌÎNËŽNLÍNMMNLÌ‹ŒMNMLÍÍNKŒÍÍLÌLÍMMŒMKKMLLLMLLŒÌLMÎÙKLM‚˜ÛÛ™š\›X][Û‹LNKM‹‹ŒK˜]×ÜÝ™ŒLLŒŽMÌLŒNNMÍMLNMŒLLŒLŒLŒÍMÍŒKŽNLÎNMŒÌÌŒMMMNLŽNNÍKŒŒMMMÌÌŒMŒMŒÌÌÍŒÍŒÍÌÍÙKLM‚˜ÛÛ™š\›X][Û‹LNKM‹‹ŒK[ÜÝ]WÛÜ˜XÛKŒLLŒKŒŒKŒŒŒLLŽLÍÍLÎMŽNKLM‚˜ÛÛ™š\›X][Û‹LNKM‹‹KÛÜœ™[Û‹ŒLLŒŽMŽÍLNŒÌMLKŒLŽŒŒÎLÍKŽNLNŒÌNŒMÍMŒŒÎŽŽMŒLŽMKŒÌÌNMLÌLŒÌMÌ‹‹ŒLÌÎMÍÍLLÎYKLM‚˜ÛÛ™š\›X][Û‹LNKM‹‹KØØWÙ\]Z]˜[[ŒLLŒŽMŽÍLNŒÌMLKŒLŽŒŒÎLÍKŽNLNŒÌNŒMÍMŒŒÎŽŽMŒLŽMKŒÌÌNMLÌLŒÌMÌ‹‹ŒLÌÎMÍÍLLÎYKLM‚˜ÛÛ™š\›X][Û‹LNKM‹‹K˜]×ÜÝ™ŒLLŒŽMŽÍŒÌŒŒÍMÌËŒLŒÌÎÌNÎNMŒLËŽNLŽÌMŒŒŽNKŒŒŽÍŽLÎÍ‹ŒÌÌÌŒÌŒŽ‹ËŒNLNLLNMMÎMÌÌYKLM‚˜ÛÛ™š\›X][Û‹LNKM‹‹K[ÜÝ]WÛÜ˜XÛKŒLLŒKŒŒKŒŒŒMÎMŽNMÍMÎÍÌYKLM‚˜ÛÛ™š\›X][Û‹LNKM‹‹KŒÛÜœ™[Û‹ŒLLŒŽMÎŒŒÌŽLŒNMÌKŒLLÎMÍÌLNMLKŽNLÎNMŒÍMŒÎKŒMÎMÍÌŒKŒŒÌMMŒË‹ŒLÌÎMÍÍLLÎYKLM‚˜ÛÛ™š\›X][Û‹LNKM‹‹KŒØØWÙ\]Z]˜[[ŒLLŒŽMÎŒŒÌŽLŒNMÌKŒLLÎMÍÌLNMLKŽNLÎNMŒÍMŒÎKŒMÎMÍÌŒKŒŒÌMMŒË‹ŒLÌÎMÍÍLLÎYKLM‚˜ÛÛ™š\›X][Û‹LNKM‹‹KŒ˜]×ÜÝ™ŒLLŒŽMÎLLÍLŽÍŒŒLÍŽŽLŒÌÍMËŽNMMLLÍŽ‹ŒMÍÌÍÍMML‹ŒŒÌÌÌMÌMLÍM‹ŽNMŒÍŒLLÌŒKLM‚˜ÛÛ™š\›X][Û‹LNKM‹‹KŒ[ÜÝ]WÛÜ˜XÛKŒLLŒKŒŒKŒŒŒ‹ŒLŒŒŒÍMÎÍŒYKLM‚˜ÛÛ™š\›X][Û‹LNKM‹ŒKÛÜœ™[Û‹ŒLLŒŽMÎÍLLLÌMÌ‹ŒLMŒŒŒÍÍÌÌÍÌMKŽNLÌLÌÍLÍŒŒÌ‹ŒNLNMLLÌŽÌM‹ŒLÍŒŒMÍÍNMŒM‹ŒMŒÌÌÍŒÍŒÍÌÍÙKLM‚˜ÛÛ™š\›X][Û‹LNKM‹ŒKØØWÙ\]Z]˜[[ŒLLŒŽMÎÍLLLÌMÌ‹ŒLMŒŒŒÍÍÌÌÍÌMKŽNLÌLÌÍLÍŒŒÌ‹ŒNLNMLLÌŽÌM‹ŒLÍŒŒMÍÍNMŒM‹ŒMŒÌÌÍŒÍŒÍÌÍÙKLM‚˜ÛÛ™š\›X][Û‹LNKM‹ŒK˜]×ÜÝ™ŒLLŒŽMÎLÍNMÎNNMÍÎM‹ŒLLÎÍLMÌÍŒÍLKŽNLÍÎNMNNM‹ŒMÌÌMLÌNLLÌ‹ŒŒLÍÍŽŒÍML‹‹ÍÍMMMÍMŒMMŒŽLMKLM‚˜ÛÛ™š\›X][Û‹LNKM‹ŒK[ÜÝ]WÛÜ˜XÛKŒLLŒKŒŒKŒŒŒ‹ÍÍMMMÍMŒMMŒŽLMKLM‚˜ÛÛ™š\›X][Û‹LNKM‹ŒKÛÜœ™[Û‹ŒLLŒŽMÎMMNÌNMËŒLLMÍNNÍÌŒNKŽNLÎÌNMŒŒMÎNM‹ŒMLÍLÍNŒÎLŒŒÌMMNŒŽÍMËŽNMŒÍŒLLÌŒKLM‚˜ÛÛ™š\›X][Û‹LNKM‹ŒKØØWÙ\]Z]˜[[ŒLLŒŽMÎMMNÌNMËŒLLMÍNNÍÌŒNKŽNLÎÌNMŒŒMÎNM‹ŒMLÍLÍNŒÎLŒŒÌMMNŒŽÍMËŽNMŒÍŒLLÌŒKLM‚˜ÛÛ™š\›X][Û‹LNKM‹ŒK˜]×ÜÝ™ŒLLŒŽMÎLÍNLÎÌËŒLŽLŒÌÎÌŒÌÍËŽNMLLÌÎMÌÌÍNŒMŽÎÍMMÍŽMKŒŒLÍMNNNLÍ‹KMLLLMLLŒÌLMÎÙKLM‚˜ÛÛ™š\›X][Û‹LNKM‹ŒK[ÜÝ]WÛÜ˜XÛKŒLLŒKŒŒKŒŒŒLŒNLŒ™KLM‚˜ÛÛ™š\›X][Û‹LNKM‹KÛÜœ™[Û‹ŒLLŒŽMŽMÍNMÍNMËŒLŒŒMŒŒÌŒÎÎ‹ŽNLŽMMÌÎÍNNMÎKŒNLÍLMLLLLŒËŒŽMÌÌMMLÍÎNËŽMÎNŒNKLM‚˜ÛÛ™š\›X][Û‹LNKM‹KØØWÙ\]Z]˜[[ŒLLŒŽMŽMÍNMÍNMËŒLŒŒMŒŒÌŒÎÎ‹ŽNLŽMMÌÎÍNNMÎKŒNLÍLMLLLLŒËŒŽMÌÌMMLÍÎNËŽMÎNŒNKLM‚˜ÛÛ™š\›X][Û‹LNKM‹K˜]×ÜÝ™ŒLLŒŽMÌÍÌNÍKŒLNLNÌŽLNMMÎÌËŽNLÌMLLNLÍMÍ‹ŒNŒÌNLÍÌÌÍÍ‹ŒÌÍŒMMÍNŒŒÎËŽMÎNŒNKLM‚˜ÛÛ™š\›X][Û‹LNKM‹K[ÜÝ]WÛÜ˜XÛKŒLLŒKŒŒKŒŒŒLŒNLŒ™KLM‚˜ÛÛ™š\›X][Û‹LNKM‹KŒÛÜœ™[Û‹ŒLLŒŽMÍLÍŒLŒŒÌMNM‹ŒLLLÎMLMÌLŒŒKŽNMMÍÌLÌÌŒÍÍ‹ŒLŒÌMŒÌÌLÍŒŒÌÍMMNMÍÍÌÍÌÍ‹KMLLLMLLŒÌLMÎÙKLM‚˜ÛÛ™š\›X][Û‹LNKM‹KŒØØWÙ\]Z]˜[[ŒLLŒŽMÍLÍŒLŒŒÌMNM‹ŒLLLÎMLMÌLŒŒKŽNMMÍÌLÌÌŒÍÍ‹ŒLŒÌMŒÌÌLÍŒŒÌÍMMNMÍÍÌÍÌÍ‹KMLLLMLLŒÌLMÎÙKLM‚˜ÛÛ™š\›X][Û‹LNKM‹KŒ˜]×ÜÝ™ŒLLŒŽMÍMÌŒLMÍŽNMÍLMŒLLÍŽNNMÌŽLM‹ŽNMMMŒŒÌÎŒ‹ŒLŒMÌMLÍÍNMÎNL‹ŒŒŒNLNNÌÌÍŒÍËŽNMŒÍŒLLÌŒKLM‚˜ÛÛ™š\›X][Û‹LNKM‹KŒ[ÜÝ]WÛÜ˜XÛKŒLLŒKŒŒKŒŒŒKLŒÌÍÌLÍŒÎKLM‚˜ÛÛ™š\›X][Û‹LN‹KŒKÛÜœ™[Û‹ŒLLŒKŒLLLLNŽNËŒŒNLŒMŽMMNLKŽNNÎLÍLŽMÌÎMËŒŽLÍÎMÎLNLËŒNÍŒNLŽÍŽ‹ËŒÌÌŽLÌÎÍMŽM™KLM‚˜ÛÛ™š\›X][Û‹LN‹KŒKØØWÙ\]Z]˜[[ŒLLŒKŒLLLLNŽNËŒŒNLŒMŽMMNLKŽNNÎLÍLŽMÌÎMËŒŽLÍÎMÎLNLËŒNÍŒNLŽÍŽ‹ËŒÌÌŽLÌÎÍMŽM™KLM‚˜ÛÛ™š\›X][Û‹LN‹KŒK˜]×ÜÝ™ŒLLŒKŒLLLLNŽNLËŒŒNLŒMŽMMŒM‹ŽNNÎLÍLŽMÌÎMËŒŽLÍÎMÎLŒËŒNÍŒNLŽÍŽNKËŒLÌLLÌÌMÍÌNLNYKLM‚˜ÛÛ™š\›X][Û‹LN‹KŒK[ÜÝ]WÛÜ˜XÛKŒLLŒKŒŒKŒŒŒ‹ŒŒŒŒLLÌLÙKLM‚˜ÛÛ™š\›X][Û‹LN‹KŒKÛÜœ™[Û‹ŒLLŒŽNMMŒÍŒNLËŒNMLŒMÌÌLLKŽNNMLLŒŽŒŽLMÍËŒŽLMMÌMLËŒLÌMÎLÍLLL‹ËŒÌÌŽLÌÎÍMŽM™KLM‚˜ÛÛ™š\›X][Û‹LN‹KŒKØØWÙ\]Z]˜[[ŒLLŒŽNMMŒÍŒNLËŒNMLŒMÌÌLLKŽNNMLLŒŽŒŽLMÍËŒŽLMMÌMLËŒLÌMÎLÍLLL‹ËŒÌÌŽLÌÎÍMŽM™KLM‚˜ÛÛ™š\›X][Û‹LN‹KŒK˜]×ÜÝ™ŒLLŒŽNMMŒÍŒNLËŒNMLŒMÌÌLLNŽNNMLLŒŽŒŽLMÍËŒŽLMMÌMLMËŒLÌMÎLÍMKËŽMÎNŒNKLM‚˜ÛÛ™š\›X][Û‹LN‹KŒK[ÜÝ]WÛÜ˜XÛKŒLLŒKŒŒKŒŒŒ‹ŒLÌÎMÍÍLLÎYKLM‚˜ÛÛ™š\›X][Û‹LN‹KKÛÜœ™[Û‹ŒLLŒŽMÍŒMLMÎÍÎNMLŒKŒŒŒŽŒMÍLËŽNNÌÍÌÍÍÍŒŽNLLNLÍÌŽM‹ŒŒÌMMŒŽNŒŽLÍÎKLLŽLÍÍLÎMŽNKLM‚˜ÛÛ™š\›X][Û‹LN‹KKØØWÙ\]Z]˜[[ŒLLŒŽMÍŒMLMÎÍÎNMLŒKŒŒŒŽŒMÍLËŽNNÌÍÌÍÍÍŒŽNLLNLÍÌŽM‹ŒŒÌMMŒŽNŒŽLÍÎKLLŽLÍÍLÎMŽNKLM‚˜ÛÛ™š\›X][Û‹LN‹KK˜]×ÜÝ™ŒLLŒŽMÍŒMLMÎÍÎNML‹ŒŒŒŽŒMÍNŽNNÌÍÌÍÍÍ‹ŒŽNLLNLÍÍÍŒŒÌMMŒŽNŒŽLÎÌ‹ËŒLÌLLÌÌMÍÌNLNYKLM‚˜ÛÛ™š\›X][Û‹LN‹KK[ÜÝ]WÛÜ˜XÛKŒLLŒKŒŒKŒŒŒ‹ŒŒŒŒLLÌLÙKLM‚˜ÛÛ™š\›X][Û‹LN‹KKŒÛÜœ™[Û‹ŒLLŒŽMŒNNNÌÍMML‹ŒŒNMÍÍNŒŒLNNKŽNNÍLÌŒLMËŒŽŽÌNNNËŒNLLÌMLLLŒÎLÍKLÌÍLÍŽLÍÍÌÍKLM‚˜ÛÛ™š\›X][Û‹LN‹KKŒØØWÙ\]Z]˜[[ŒLLŒŽMŒNNNÌÍMML‹ŒŒNMÍÍNŒŒLNNKŽNNÍLÌŒLMËŒŽŽÌNNNËŒNLLÌMLLLŒÎLÍKLÌÍLÍŽLÍÍÌÍKLM‚˜ÛÛ™š\›X][Û‹LN‹KKŒ˜]×ÜÝ™ŒLLŒŽMŒNNNÌÍMMLLKŒŒNMÍÍNŒŒLNMKŽNNÍLÌŒLMËŒŽŽÌNNNÌŒ‹ŒNLLÌMLLLŒÍÍLË‹ŒŒŒŒLLÌLÙKLM‚˜ÛÛ™š\›X][Û‹LN‹KKŒ[ÜÝ]WÛÜ˜XÛKŒLLŒKŒŒKŒŒŒËŽMÎNŒNKLM‚˜ÛÛ™š\›X][Û‹LN‹‹ŒKÛÜœ™[Û‹ŒLLŒKŒŒLÍLÎKŒLLNMÍÍŒÌËŽNNLŽMÌNLMMÎŒŒŒŒÎŽMÎMÎÍ‹ŒMLÌŒŽLNÌŒLË‹ÍÍMMMÍMŒMMŒŽLMKLM‚˜ÛÛ™š\›X][Û‹LN‹‹ŒKØØWÙ\]Z]˜[[ŒLLŒKŒŒLÍLÎKŒLLNMÍÍŒÌËŽNNLŽMÌNLMMÎŒŒŒŒÎŽMÎMÎÍ‹ŒMLÌŒŽLNÌŒLË‹ÍÍMMMÍMŒMMŒŽLMKLM‚˜ÛÛ™š\›X][Û‹LN‹‹ŒK˜]×ÜÝ™ŒLLŒKŒŒLÍLÎŒ‹ŒLLNMÍÍŒŒËŽNNLŽMÌNLMMÎŒŒŒŒÎŽMÎMÎKŒMLÌŒŽLNÌŒŽNMŒÍŒLLÌŒKLM‚˜ÛÛ™š\›X][Û‹LN‹‹ŒK[ÜÝ]WÛÜ˜XÛKŒLLŒKŒŒKŒŒŒKMLLLMLLŒÌLMÎÙKLMÂ˜ÛÛ™š\›X][Û‹LN‹‹ŒKÛÜœ™[Û‹ŒLLŒŽNNNMÎÎMÎLKŒŽMŽMLÍÎMMŒKŽNMÎMLMLŒËŒÌÌLÌNLLÎMÍMLÌËŒŽLÍLÍLÎMŒMMLËKLÌÍLÍŽLÍÍÌÍKLM‚˜ÛÛ™š\›X][Û‹LN‹‹ŒKØØWÙ\]Z]˜[[ŒLLŒŽNNNMÎÎMÎLKŒŽMŽMLÍÎMMŒKŽNMÎMLMLŒËŒÌÌLÌNLLÎMÍMLÌËŒŽLÍLÍLÎMŒMMLËKLÌÍLÍŽLÍÍÌÍKLM‚˜ÛÛ™š\›X][Û‹LN‹‹ŒK˜]×ÜÝ™ŒLLŒŽNNNMÎÎMÎ‹ŒŽMŽMLÍÎMMKŽNMÎMLMLŒËŒÌÌLÌNLLÎMÍMLÌMËŒŽLÍLÍLÎMŒMMNKKŒMÎMŒLNMŒÍŒŽKLM‚˜ÛÛ™š\›X][Û‹LN‹‹ŒK[ÜÝ]WÛÜ˜XÛKŒLLŒKŒŒKŒŒŒËŒÌÌŽLÌÎÍMŽM™KLM‚˜ÛÛ™š\›X][Û‹LN‹‹KÛÜœ™[Û‹ŒLLŒKŒMŽNLŒÍMÍÍÌMËŒÍŽNŒÎNŒÍNKŽNNLLÍÍMŒËŒŒÍÎLNMLMÍÎÍKŒŒÌŒMÌÌŒÎK‹ŒŒŒŒLLÌLÙKLM‚˜ÛÛ™š\›X][Û‹LN‹‹KØØWÙ\]Z]˜[[ŒLLŒKŒMŽNLŒÍMÍÍÌMËŒÍŽNŒÎNŒÍNKŽNNLLÍÍMŒËŒŒÍÎLNMLMÍÎÍKŒŒÌŒMÌÌŒÎK‹ŒŒŒŒLLÌLÙKLM‚˜ÛÛ™š\›X][Û‹LN‹‹K˜]×ÜÝ™ŒLLŒKŒMŽNLŒÍMÍÍÌŒÍŽNŒÎNŒÍKŽNNLLÍÍMŒËŒŒÍÎLNMLMÍÎ‹ŒŒÌŒMÌÌŒKKŒŽMMŒŽMÍÍÎŽNKLMB˜ÛÛ™š\›X][Û‹LN‹‹K[ÜÝ]WÛÜ˜XÛKŒLLŒKŒŒKŒŒŒLŒNLŒ™KLM‚˜ÛÛ™š\›X][Û‹LN‹‹KŒÛÜœ™[Û‹ŒLLŒŽNNMŒŒŒŒÍLŽLËŒMÍŒLÌÍÍŒÍMŽKŽNNÌMÍÌŒÍŽÍLNÎÍÎŒMÌÌŒÍMŒŒ‹ËŒLÌLLÌÌMÍÌNLNYKLM‚˜ÛÛ™š\›X][Û‹LN‹‹KŒØØWÙ\]Z]˜[[ŒLLŒŽNNMŒŒŒŒÍLŽLËŒMÍŒLÌÍÍŒÍMŽKŽNNÌMÍÌŒÍŽÍLNÎÍÎŒMÌÌŒÍMŒŒ‹ËŒLÌLLÌÌMÍÌNLNYKLM‚˜ÛÛ™š\›X][Û‹LN‹‹KŒ˜]×ÜÝ™ŒLLŒŽNNMŒŒŒŒÍLŽŒMÍŒLÌÍÍŒÍŒÍÍŽNNÌMÍÌŒÍŽÍLNÎŽKŒMÌÌŒÍMŒNKËŒÌÌŽLÌÎÍMŽM™KLM‚˜ÛÛ™š\›X][Û‹LN‹‹KŒ[ÜÝ]WÛÜ˜XÛKŒLLŒKŒŒKŒŒŒ‹ÍÍMMMÍMŒMMŒŽLMKLMÂ˜ÛÛ™š\›X][Û‹LN‹ŒKÛÜœ™[Û‹ŒLLŒKŒNÌÍLËŒÍLŒMÌMÌŒÎLŒÎŽNMÍŽMŽLÌŒËŒÍMMŽMMÌLKŒŒŒÍÍŽŽLÍÌK‹ÍÍMMMÍMŒMMŒŽLMKLM‚˜ÛÛ™š\›X][Û‹LN‹ŒKØØWÙ\]Z]˜[[ŒLLŒKŒNÌÍLËŒÍLŒMÌMÌŒÎLŒÎŽNMÍŽMŽLÌŒËŒÍMMŽMMÌLKŒŒŒÍÍŽŽLÍÌK‹ÍÍMMMÍMŒMMŒŽLMKLM‚˜ÛÛ™š\›X][Û‹LN‹ŒK˜]×ÜÝ™ŒLLŒKŒNÌÍLŒÍLŒMÌMÌŒÎLŽŽNMÍŽMŽLÌŒËŒÍMMŽMMÌLŒKŒŒŒÍÍŽŽLÍÍËKŽŽÌÎLŽŒÌ™KLM‚˜ÛÛ™š\›X][Û‹LN‹ŒK[ÜÝ]WÛÜ˜XÛKŒLLŒKŒŒKŒŒŒKÌMLMMÌL™KLMÂ˜ÛÛ™š\›X][Û‹LN‹ŒKÛÜœ™[Û‹ŒLLŒŽNÍÍŽMÎMŽÌMMMŒÌLÍLÍNNÍLŽNMKŽNMÎŽLNNMŒŒMËŒÌÌLMMÍÌÎMMÎKŒMMLÍLMÍŒÍ‹ŒMŽMÌLMÌŒMŽYKLM‚˜ÛÛ™š\›X][Û‹LN‹ŒKØØWÙ\]Z]˜[[ŒLLŒŽNÍÍŽMÎMŽÌMMMŒÌLÍLÍNNÍLŽNMKŽNMÎŽLNNMŒŒMËŒÌÌLMMÍÌÎMMÎKŒMMLÍLMÍŒÍ‹ŒMŽMÌLMÌŒMŽYKLM‚˜ÛÛ™š\›X][Û‹LN‹ŒK˜]×ÜÝ™ŒLLŒŽNÍÍŽMÎMŽÌMML‹ŒÌLÍLÍNNÍLÌ‹ŽNMÎŽLNNMŒŒMËŒÌÌLMMÍÌÎMMÎLËŒMMLÍLMŽMÌË‹ŒŒŒŒLLÌLÙKLM‚˜ÛÛ™š\›X][Û‹LN‹ŒK[ÜÝ]WÛÜ˜XÛKŒLLŒKŒŒKŒŒŒËŒÌÌŽLÌÎÍMŽM™KLM‚˜ÛÛ™š\›X][Û‹LN‹KÛÜœ™[Û‹ŒLLŒKŒLLŽNÌËŒLLÍMŽNLMLKŽNNMLÌNÍLMŽKŒÌÎLLÎMÎNÍÌÍKŒMLLMMNNLLÍÍKËŒÌÌŽLÌÎÍMŽM™KLM‚˜ÛÛ™š\›X][Û‹LN‹KØØWÙ\]Z]˜[[ŒLLŒKŒLLŽNÌËŒLLÍMŽNLMLKŽNNMLÌNÍLMŽKŒÌÎLLÎMÎNÍÌÍKŒMLLMMNNLLÍÍKËŒÌÌŽLÌÎÍMŽM™KLM‚˜ÛÛ™š\›X][Û‹LN‹K˜]×ÜÝ™ŒLLŒKŒLLŽNÌNŒLLÍMŽNLMŒKŽNNMLÌNÍLMŽKŒÌÎLLÎMÎNÍÌÍŒMKŒMLLMMNNLLÎÌ‹‹ÍÍMMMÍMŒMMŒŽLMKLM‚˜ÛÛ™š\›X][Û‹LN‹K[ÜÝ]WÛÜ˜XÛKŒLLŒKŒŒKŒŒŒËŒÌÌŽLÌÎÍMŽM™KLM‚˜ÛÛ™š\›X][Û‹LN‹KŒÛÜœ™[Û‹ŒLLŒKŒLÎNMÌÌMKŒLŒNMŽMÌÍMÎMŽŽNNÍMŒÌÌLÍŒKŒLÍÌNLMNMËŒLMLÌÍŒËKMLLLMLLŒÌLMÎÙKLMÂ˜ÛÛ™š\›X][Û‹LN‹KŒØØWÙ\]Z]˜[[ŒLLŒKŒLÎNMÌÌMKŒLŒNMŽMÌÍMÎMŽŽNNÍMŒÌÌLÍŒKŒLÍÌNLMNMËŒLMLÌÍŒËKMLLLMLLŒÌLMÎÙKLMÂ˜ÛÛ™š\›X][Û‹LN‹KŒ˜]×ÜÝ™ŒLLŒKŒLÎNMÌÌMKŒLŒNMŽMÌÍMÎLKŽNNÍMŒÌÌLÍŒKŒLÍÌNLMNLÌ‹ŒLMLÌÍLÍ‹‹ŒŒŒŒLLÌLÙKLM‚˜ÛÛ™š\›X][Û‹LN‹KŒ[ÜÝ]WÛÜ˜XÛKŒLLŒKŒŒKŒŒŒ‹ÍÍMMMÍMŒMMŒŽLMKLM‚˜ÛÛ™š\›X][Û‹LN‹KŒKÛÜœ™[Û‹ŒLLŒŽNLLÌÍLMÌ‹ŒÎNLŒLŒÌÎNNMKŽNMMÎMÍÍMLM‹ŒNLÍÎMŒMÎKŒŒNLLNKMLLLMLLŒÌLMÎÙKLM‚˜ÛÛ™š\›X][Û‹LN‹KŒKØØWÙ\]Z]˜[[ŒLLŒŽNLLÌÍLMÌ‹ŒÎNLŒLŒÌÎNNMKŽNMMÎMÍÍMLM‹ŒNLÍÎMŒMÎKŒŒNLLNKMLLLMLLŒÌLMÎÙKLM‚˜ÛÛ™š\›X][Û‹LN‹KŒK˜]×ÜÝ™ŒLLŒŽNMÍŽNÌÎ‹ŒÌÍŽÍŽLÍNKŽNMNLŒŒMÍÌNMËŒLÌÌŒMÍMŒÌŒŒÍLÍÎMŒLÍML‹‹ÍÍMMMÍMŒMMŒŽLMKLM‚˜ÛÛ™š\›X][Û‹LN‹KŒK[ÜÝ]WÛÜ˜XÛKŒLLŒKŒŒKŒŒŒÌNÎMMŽLMYKLM‚˜ÛÛ™š\›X][Û‹LN‹KŒKÛÜœ™[Û‹ŒLLŒŽMÍŒÎŒMLÍŒŽMÎLLËŒLŒMÍŒLMŒLËŽNMÌÎLÎŒLMNKŒÎÍÌNNMLÍNŒŒNŒÌŽÍÍ‹ÍÍMMMÍMŒMMŒŽLMKLM‚˜ÛÛ™š\›X][Û‹LN‹KŒKØØWÙ\]Z]˜[[ŒLLŒŽMÍŒÎŒMLÍŒŽMÎLLËŒLŒMÍŒLMŒLËŽNMÌÎLÎŒLMNKŒÎÍÌNNMLÍNŒŒNŒÌŽÍÍ‹ÍÍMMMÍMŒMMŒŽLMKLM‚˜ÛÛ™š\›X][Û‹LN‹KŒK˜]×ÜÝ™ŒLLŒŽMÍLÍÍÌŽMMËŒÍMÌLMLÌÍM‹ŽNMÍÌLŒMLŽMKŒÍMMÍMÍÌLÍŒŒMŽÎNLŒMÌÌLÎËËŒŒÌÌMÍNYKLM‚˜ÛÛ™š\›X][Û‹LN‹KŒK[ÜÝ]WÛÜ˜XÛKŒLLŒKŒŒKŒŒŒËŒŒÌÌMÍNYKLM‚˜ÛÛ™š\›X][Û‹LN‹KKÛÜœ™[Û‹ŒLLŒŽNLŒŒLMŽLÌKŒMÌMÌŒŽLMŽNMMÍLÍÌÌMÍKŒŒÍÎMŒÍMÎM‹ŒÌLMMLMNMLLKËŽMÎNŒNKLM‚˜ÛÛ™š\›X][Û‹LN‹KKØØWÙ\]Z]˜[[ŒLLŒŽNLŒŒLMŽLÌKŒMÌMÌŒŽLMŽNMMÍLÍÌÌMÍKŒŒÍÎMŒÍMÎM‹ŒÌLMMLMNMLLKËŽMÎNŒNKLM‚˜ÛÛ™š\›X][Û‹LN‹KK˜]×ÜÝ™ŒLLŒŽNLMMNŽMÍMKŒMNÌLÍŒÎŒMÌ‹ŽNMNŽLLLLMÌKŒMÌŒMÌŽLLM‹ŒÌŽMŽMŽLMÎMËËŒÌÌŽLÌÎÍMŽM™KLM‚˜ÛÛ™š\›X][Û‹LN‹KK[ÜÝ]WÛÜ˜XÛKŒLLŒKŒŒKŒŒŒKÌÍÌŒÍÍNMÍŽÙKLM‚˜ÛÛ™š\›X][Û‹LN‹KKŒÛÜœ™[Û‹ŒLLŒŽNŒŽMŽÌËŒLMÎÎLNLŒÌKŽNMŒÍÍŽŒMÎNŒMÍLÌÌMÌŒÌÎŒMŒÍŒŒÌLÌËËŒÌÌŽLÌÎÍMŽM™KLM‚˜ÛÛ™š\›X][Û‹LN‹KKŒØØWÙ\]Z]˜[[ŒLLŒŽNŒŽMŽÌËŒLMÎÎLNLŒÌKŽNMŒÍÍŽŒMÎNŒMÍLÌÌMÌŒÌÎŒMŒÍŒŒÌLÌËËŒÌÌŽLÌÎÍMŽM™KLM‚˜ÛÛ™š\›X][Û‹LN‹KKŒ˜]×ÜÝ™ŒLLŒŽNÍLÍŒMÍŒÍ‹ŒLÌÍŽMMÍLN‹ŽNMŒÍÍMŒLNLÍËŒMŽNLÌÌŒÍÌLÍKŒMŒNÎMMLŒÌLNLKLŒNLŒ™KLM‚˜ÛÛ™š\›X][Û‹LN‹KKŒ[ÜÝ]WÛÜ˜XÛKŒLLŒKŒŒKŒŒŒ‹ŽNÍÌÍÎŽLKLM‚˜ÛÛ™š\›X][Û‹LN‹‹ŒKÛÜœ™[Û‹ŒLLŒŽNNMÌMMNLMŒÎMËŒLNŒÎLMŒML‹ŽNMMLÌÎÍÎMKŒMLLÍŒÌÌÌNLMKŒLŒŒŽŒŒÌLKLŒNLŒ™KLM‚˜ÛÛ™š\›X][Û‹LN‹‹ŒKØØWÙ\]Z]˜[[ŒLLŒŽNNMÌMMNLMŒÎMËŒLNŒÎLMŒML‹ŽNMMLÌÎÍÎMKŒMLLÍŒÌÌÌNLMKŒLŒŒŽŒŒÌLKLŒNLŒ™KLM‚˜ÛÛ™š\›X][Û‹LN‹‹ŒK˜]×ÜÝ™ŒLLŒŽNNMÌÎÌŒN‹ŒLMÌNÌMÌÌŒKŽNMLÎLÍÌÌÍÌ‹ŒMŒÌLÌŒLMMÌ‹ŒMŒMÍÌÍNŒÌÍ‹ËŒŒMMŒŒÍLNKLM‚˜ÛÛ™š\›X][Û‹LN‹‹ŒK[ÜÝ]WÛÜ˜XÛKŒLLŒKŒŒKŒŒŒŽNMŒÍŒLLÌŒKLM‚˜ÛÛ™š\›X][Û‹LN‹‹ŒKÛÜœ™[Û‹ŒLLŒŽMÎÌŒŒNLMŒLŽMËŒÎLÍMNŒÍŒËŽNMMLŽÌMMÎNNŒMLÌLÎLÎLŽLLÎŒMMÌÎÎŽL‹ŒŒŒŒLLÌLÙKLM‚˜ÛÛ™š\›X][Û‹LN‹‹ŒKØØWÙ\]Z]˜[[ŒLLŒŽMÎÌŒŒNLMŒLŽMËŒÎLÍMNŒÍŒËŽNMMLŽÌMMÎNNŒMLÌLÎLÎLŽLLÎŒMMÌÎÎŽL‹ŒŒŒŒLLÌLÙKLM‚˜ÛÛ™š\›X][Û‹LN‹‹ŒK˜]×ÜÝ™ŒLLŒŽMÎMNNÍNMLÎŒÎNŒMMLŒÌMLÌNŽNMMLLÍŒÌÍŽKŒMMÎMMÍMŒÍ‹ŒMMNLMLMMÍÍÍË‹ÍÍMMMÍMŒMMŒŽLMKLM‚˜ÛÛ™š\›X][Û‹LN‹‹ŒK[ÜÝ]WÛÜ˜XÛKŒLLŒKŒŒKŒŒŒ‹NNMŒ™KLM‚˜ÛÛ™š\›X][Û‹LN‹‹KÛÜœ™[Û‹ŒLLŒŽNŽŒÌMÌÎMLLÌKŒLŒÌŒLÍLMÍŽLËŽNMNMNÍÍÍËŒMLÍÎNMNMŽMLKŒŒŽMMŽLŒÍŽMË‹ÍÍMMMÍMŒMMŒŽLMKLM‚˜ÛÛ™š\›X][Û‹LN‹‹KØØWÙ\]Z]˜[[ŒLLŒŽNŽŒÌMÌÎMLLÌKŒLŒÌŒLÍLMÍŽLËŽNMNMNÍÍÍËŒMLÍÎNMNMŽMLKŒŒŽMMŽLŒÍŽMË‹ÍÍMMMÍMŒMMŒŽLMKLM‚˜ÛÛ™š\›X][Û‹LN‹‹K˜]×ÜÝ™ŒLLŒŽNÌLLÍÌŒÍÍKŒLNMMMŒLNMÌËŽNMNNÍŒŒŽLÍËŒLÍLÎLŒLÎNKŒŒŽLÍÎÎLÍÌÌLL‹ŽNMŒÍŒLLÌŒKLM‚˜ÛÛ™š\›X][Û‹LN‹‹K[ÜÝ]WÛÜ˜XÛKŒLLŒKŒŒKŒŒŒËŒŒÌÌMÍNYKLM‚˜ÛÛ™š\›X][Û‹LN‹‹KŒÛÜœ™[Û‹ŒLLŒŽNŽNNNÎLÎLÍÎŒLÌMLMLÌËŽNMÌŒÍMÍLNNNÌL‹ŒÍÍŒŽŒKŒMLMÍŒÎNËŒÌÌŽLÌÎÍMŽM™KLM‚˜ÛÛ™š\›X][Û‹LN‹‹KŒØØWÙ\]Z]˜[[ŒLLŒŽNŽNNNÎLÎLÍÎŒLÌMLMLÌËŽNMÌŒÍMÍLNNNÌL‹ŒÍÍŒŽŒKŒMLMÍŒÎNËŒÌÌŽLÌÎÍMŽM™KLM‚˜ÛÛ™š\›X][Û‹LN‹‹KŒ˜]×ÜÝ™ŒLLŒŽNÌMÍÍNNLŒÍŒÎŒLŒMÍÌËŽNMÍLLŽÌ‹ŒÌŒMMÍLLNMÌKŒLÍÌMMMLMMÍËËŽMLLLMMLMŽKLM‚˜ÛÛ™š\›X][Û‹LN‹‹KŒ[ÜÝ]WÛÜ˜XÛKŒLLŒKŒŒKŒŒŒËŒŒÌÌMÍNYKLM‚˜ÛÛ™š\›X][Û‹LN‹ŒKÛÜœ™[Û‹ŒLLŒŽNLÍÎLMLMŒNNMŽLÍÍÌMLËŽNMŒÍŒNÎÌŒNMKŒÍŽNMÌÍŽMÍÍŒNŒNMMÌLL‹ŒŒŒŒLLÌLÙKLM‚˜ÛÛ™š\›X][Û‹LN‹ŒKØØWÙ\]Z]˜[[ŒLLŒŽNLÍÎLMLMŒNNMŽLÍÍÌMLËŽNMŒÍŒNÎÌŒNMKŒÍŽNMÌÍŽMÍÍŒNŒNMMÌLL‹ŒŒŒŒLLÌLÙKLM‚˜ÛÛ™š\›X][Û‹LN‹ŒK˜]×ÜÝ™ŒLLŒŽNMÍMŒNMLKŒŽMMÎŒLÍNMÍŽNMLÍÌÍŒËŒŒÎNNMMŒMM‹ŒŒŽLŒÌÍNMÍKMLLLMLLŒÌLMÎÙKLM‚˜ÛÛ™š\›X][Û‹LN‹ŒK[ÜÝ]WÛÜ˜XÛKŒLLŒKŒŒKŒŒŒLLŽLÍÍLÎMŽNKLM‚˜ÛÛ™š\›X][Û‹LN‹ŒKÛÜœ™[Û‹ŒLLŒŽNŒNMŽLŒNŒLÍŽNMMÍÍÌËŽNMŒLŒÌŽNLÌÌÌ‹ŒŽLŒMMŒŽMKŒMÍÎMŽLLÌMMÍŽM‹ŒŒŒŒLLÌLÙKLM‚˜ÛÛ™š\›X][Û‹LN‹ŒKØØWÙ\]Z]˜[[ŒLLŒŽNŒNMŽLŒNŒLÍŽNMMÍÍÌËŽNMŒLŒÌŽNLÌÌÌ‹ŒŽLŒMMŒŽMKŒMÍÎMŽLLÌMMÍŽM‹ŒŒŒŒLLÌLÙKLM‚˜ÛÛ™š\›X][Û‹LN‹ŒK˜]×ÜÝ™ŒLLŒŽNŽLMMÌMÌLLKŒLNMÎMMÌLKŽNMŒLÍMŽLÍNÌ‹ŒNMLÌŒÎÎML‹ŒMÍÌÎÍLÎK‹ŒŒŒŒLLÌLÙKLM‚˜ÛÛ™š\›X][Û‹LN‹ŒK[ÜÝ]WÛÜ˜XÛKŒLLŒKŒŒKŒŒŒ‹NNMŒ™KLM‚˜ÛÛ™š\›X][Û‹LN‹KÛÜœ™[Û‹ŒLLŒŽMÍÎNMNMÎÌÍÍŒÌÎKŒÍMŽLNMŽMÍŒ‹ŽNMÌMŽÎNMÌMLŒLMMŒMÍÍÍMKŒMMÍÍMMŽMŒËŒÌÌŽLÌÎÍMŽM™KLM‚˜ÛÛ™š\›X][Û‹LN‹KØØWÙ\]Z]˜[[ŒLLŒŽMÍÎNMNMÎÌÍÍŒÌÎKŒÍMŽLNMŽMÍŒ‹ŽNMÌMŽÎNMÌMLŒLMMŒMÍÍÍMKŒMMÍÍMMŽMŒËŒÌÌŽLÌÎÍMŽM™KLM‚˜ÛÛ™š\›X][Û‹LN‹K˜]×ÜÝ™ŒLLŒŽMÎLÌÌMÎLÌŽ‹ŒNNMLMMÌLÍŒŽNMÍÌLŒÌŒMÍËŒNÌLŒLLÍÌKŒMLÎLÌNŒŒÎŽNMŒÍŒLLÌŒKLM‚˜ÛÛ™š\›X][Û‹LN‹K[ÜÝ]WÛÜ˜XÛKŒLLŒKŒŒKŒŒŒËŽMÎNŒNKLM‚˜ÛÛ™š\›X][Û‹LN‹KŒÛÜœ™[Û‹ŒLLŒKŒÌÌNLÍËŒÍÎŽLÎLLNŽNMÌÎÌÎMŒÌMŒŒMŒÍŒMNÍŽLNMMKŒMÌŽLMŽÌNMÌÌLËËŒÌÌŽLÌÎÍMŽM™KLM‚˜ÛÛ™š\›X][Û‹LN‹KŒØØWÙ\]Z]˜[[ŒLLŒKŒÌÌNLÍËŒÍÎŽLÎLLNŽNMÌÎÌÎMŒÌMŒŒMŒÍŒMNÍŽLNMMKŒMÌŽLMŽÌNMÌÌLËËŒÌÌŽLÌÎÍMŽM™KLM‚˜ÛÛ™š\›X][Û‹LN‹KŒ˜]×ÜÝ™ŒLLŒKŒÌÍŒLMÍÌMËŒÌÎLŒMŒÌÎLLŽŽNMÍLMÍLÍÌLNKŒÍŒLMLŒMÎMŒËŒMŒŒÍŽMÌŽMÍ‹‹ŒMLMLNÍŽNYKLM‚˜ÛÛ™š\›X][Û‹LN‹KŒ[ÜÝ]WÛÜ˜XÛKŒLLŒKŒŒKŒŒŒÍMNMŽŒMŒ™KLM‚˜ÛÛ™š\›X][Û‹LN‹M‹KŒKÛÜœ™[Û‹ŒLLŒŽMÎÍŒÌÌŽLŒ‹ŒLLLLÌŽLŒŒLÌËŽNLÎMNLLÌŽMMŒMMNLŒŒÌML‹ŒÌMLLÌLMŒŽLÍËËŒÌÌŽLÌÎÍMŽM™KLM‚˜ÛÛ™š\›X][Û‹LN‹M‹KŒKØØWÙ\]Z]˜[[ŒLLŒŽMÎÍŒÌÌŽLŒ‹ŒLLLLÌŽLŒŒLÌËŽNLÎMNLLÌŽMMŒMMNLŒŒÌML‹ŒÌMLLÌLMŒŽLÍËËŒÌÌŽLÌÎÍMŽM™KLM‚˜ÛÛ™š\›X][Û‹LN‹M‹KŒK˜]×ÜÝ™ŒLLŒŽMÎMÎNÎÌÎŒËŒLMÎLNMÌŽNMM‹ŽNMLNMŽNŽŒ‹ŒMLÌMŽÌÌLÎKŒÌÌLŽMÍMŒMŒÌÌÍŒÍŒÍÌÍÙKLM‚˜ÛÛ™š\›X][Û‹LN‹M‹KŒK[ÜÝ]WÛÜ˜XÛKŒLLŒKŒŒKŒŒŒËŒÌÍLNMMLM™KLM‚˜ÛÛ™š\›X][Û‹LN‹M‹KŒKÛÜœ™[Û‹ŒLLŒŽMŽLLÌÍLLÌLLŒLMÎÎNLÍÌŒŽNLÌÌÌÍÍLÎŒMÎŒLŒŒMŒŒM‹ŒÍŒLÎLMÌM‹ÍÍMMMÍMŒMMŒŽLMKLM‚˜ÛÛ™š\›X][Û‹LN‹M‹KŒKØØWÙ\]Z]˜[[ŒLLŒŽMŽLLÌÍLLÌLLŒLMÎÎNLÍÌŒŽNLÌÌÌÍÍLÎŒMÎŒLŒŒMŒŒM‹ŒÍŒLÎLMÌM‹ÍÍMMMÍMŒMMŒŽLMKLM‚˜ÛÛ™š\›X][Û‹LN‹M‹KŒK˜]×ÜÝ™ŒLLŒŽMŽMŒŒŒÍLLŒŒËŒLMÍÌMŒÍLÎLLMŽNLÍLŒLLÍÎM‹ŒMÍÍNMÍÍLN‹ŒÍLMLŒÍLLÍÍLKÌNÎMMŽLMYKLM‚˜ÛÛ™š\›X][Û‹LN‹M‹KŒK[ÜÝ]WÛÜ˜XÛKŒLLŒKŒŒKŒŒŒŽNMŒÍŒLLÌŒKLM‚˜ÛÛ™š\›X][Û‹LN‹M‹KKÛÜœ™[Û‹ŒLLŒŽMÌNMŒMŽÎÍ‹ŒLŒLLMNNLÍŽKŽNLŽMMLŒLÍŒŒM‹ŒNMÍÍŒÍLÎNKŒŒMMŒÎMÎËËŒÌÌŽLÌÎÍMŽM™KLM‚˜ÛÛ™š\›X][Û‹LN‹M‹KKØØWÙ\]Z]˜[[ŒLLŒŽMÌNMŒMŽÎÍ‹ŒLŒLLMNNLÍŽKŽNLŽMMLŒLÍŒŒM‹ŒNMÍÍŒÍLÎNKŒŒMMŒÎMÎËËŒÌÌŽLÌÎÍMŽM™KLM‚˜ÛÛ™š\›X][Û‹LN‹M‹KK˜]×ÜÝ™ŒLLŒŽMÌŒNMŒÌŽLÍŒLŒÎLNLŽMMËŽNLŽNNŒÎMÎMŒNMNLÌÍÌMÎLLMŒNŽLÌŽNLŒLMËŒÌÌŽLÌÎÍMŽM™KLM‚˜ÛÛ™š\›X][Û‹LN‹M‹KK[ÜÝ]WÛÜ˜XÛKŒLLŒKŒŒKŒŒŒÌNÎMMŽLMYKLM‚˜ÛÛ™š\›X][Û‹LN‹M‹KKŒÛÜœ™[Û‹ŒLLŒŽMÍLÎŽÌŒÍKŒLLŒŒÎMÍŒLNŽMMËŽNLÎNÎÌÍLŒÎŒMLŒÌŒÌŒÎMŒŽŒLMLMÌÌLN‹ËŽMÎNŒNKLM‚˜ÛÛ™š\›X][Û‹LN‹M‹KKŒØØWÙ\]Z]˜[[ŒLLŒŽMÍLÎŽÌŒÍKŒLLŒŒÎMÍŒLNŽMMËŽNLÎNÎÌÍLŒÎŒMLŒÌŒÌŒÎMŒŽŒLMLMÌÌLN‹ËŽMÎNŒNKLM‚˜ÛÛ™š\›X][Û‹LN‹M‹KKŒ˜]×ÜÝ™ŒLLŒŽMÍŽŒÍŽLLÍŒLLMÍÎMMŒÍŽM‹ŽNLÎMMLÎLÍÎKŒMLŒÌMÎËŒMLLMLŽNÍŽËŒÌÌŽLÌÎÍMŽM™KLM‚˜ÛÛ™š\›X][Û‹LN‹M‹KKŒ[ÜÝ]WÛÜ˜XÛKŒLLŒKŒŒKŒŒŒ‹ÍÍMMMÍMŒMMŒŽLMKLM‚˜ÛÛ™š\›X][Û‹LN‹M‹‹ŒKÛÜœ™[Û‹ŒLLŒŽMÍŽNŒŒÌŒÌ‹ŒLLŽŽNMŒLÌLÍŽNLÍÍÎLLÌŒŒLKŒMMÍÌLŒŒŽMŽŒKŒŽMÌNÎNLŒ‹ÍÍMMMÍMŒMMŒŽLMKLM‚˜ÛÛ™š\›X][Û‹LN‹M‹‹ŒKØØWÙ\]Z]˜[[ŒLLŒŽMÍŽNŒŒÌŒÌ‹ŒLLŽŽNMŒLÌLÍŽNLÍÍÎLLÌŒŒLKŒMMÍÌLŒŒŽMŽŒKŒŽMÌNÎNLŒ‹ÍÍMMMÍMŒMMŒŽLMKLM‚˜ÛÛ™š\›X][Û‹LN‹M‹‹ŒK˜]×ÜÝ™ŒLLŒŽMÍŒŒŒÎNÌLËŒLÎMMLMÌMŽÌËŽNMMÎÎLÌÌËŒLÎMLNŒMMÌÎMŒÌLMÍŒŒMÌMNNLŒNLŒ™KLM‚˜ÛÛ™š\›X][Û‹LN‹M‹‹ŒK[ÜÝ]WÛÜ˜XÛKŒLLŒKŒŒKŒŒŒLŒNLŒ™KLM‚˜ÛÛ™š\›X][Û‹LN‹M‹‹ŒKÛÜœ™[Û‹ŒLLŒŽMÍLNÍÌMÎM‹ŒLMMMÎLNLŒMKŽNLÍLÍŒÍŒMKŒMÌÎÌÍÌŽLŒŽŒMŒŒÍLLÍKÍŽMMÌLÌLÎÙKLM‚˜ÛÛ™š\›X][Û‹LN‹M‹‹ŒKØØWÙ\]Z]˜[[ŒLLŒŽMÍLNÍÌMÎM‹ŒLMMMÎLNLŒMKŽNLÍLÍŒÍŒMKŒMÌÎÌÍÌŽLŒŽŒMŒŒÍLLÍKÍŽMMÌLÌLÎÙKLM‚˜ÛÛ™š\›X][Û‹LN‹M‹‹ŒK˜]×ÜÝ™ŒLLŒŽMÍNÌLMÌÍLÍLËŒLLÎLŒÎNŒŽL‹ŽNLÍLÍÍLLÌŒLŒÎŒMŽŒŽMÌÌÌ‹ŒLMÌÎŒÌ‹LŒNLŒ™KLM‚˜ÛÛ™š\›X][Û‹LN‹M‹‹ŒK[ÜÝ]WÛÜ˜XÛKŒLLŒKŒŒKŒŒŒËŒÌÌŽLÌÎÍMŽM™KLM‚˜ÛÛ™š\›X][Û‹LN‹M‹‹KÛÜœ™[Û‹ŒLLŒŽMÍÌÎNMLÌMËŒLLÍÌMÌLÍÌŒÌŒËŽNLÍÍMŒNMŒNNMÍŒMNLÎLMLNŒŒL‹ŒŒÎLÎLLLMÍNKLŒNLŒ™KLM‚˜ÛÛ™š\›X][Û‹LN‹M‹‹KØØWÙ\]Z]˜[[ŒLLŒŽMÍÌÎNMLÌMËŒLLÍÌMÌLÍÌŒÌŒËŽNLÍÍMŒNMŒNNMÍŒMNLÎLMLNŒŒL‹ŒŒÎLÎLLLMÍNKLŒNLŒ™KLM‚˜ÛÛ™š\›X][Û‹LN‹M‹‹K˜]×ÜÝ™ŒLLŒŽMÎMÌLMÌÌMMKŒLLŽMMLÌ‹ŽNMÍMÌMLÍÌËŒMÍMNMMŒMŒMMËŒŽMLMÍÍËËŒÌÌŽLÌÎÍMŽM™KLM‚˜ÛÛ™š\›X][Û‹LN‹M‹‹K[ÜÝ]WÛÜ˜XÛKŒLLŒKŒŒKŒŒŒËÍÌÌLNLÌÙKLM‚˜ÛÛ™š\›X][Û‹LN‹M‹‹KŒÛÜœ™[Û‹ŒLLŒŽMÌŒŒLÍLMMŒÍM‹ŒLLÍÌÍÍKŽNLÎŒLÍLÎMÌŒËŒMMMÌMÍMŽNÌMKŒŽMŒMMÍŽMÎMMŽKŽNMŒÍŒLLÌŒKLM‚˜ÛÛ™š\›X][Û‹LN‹M‹‹KŒØØWÙ\]Z]˜[[ŒLLŒŽMÌŒŒLÍLMMŒÍM‹ŒLLÍÌÍÍKŽNLÎŒLÍLÎMÌŒËŒMMMÌMÍMŽNÌMKŒŽMŒMMÍŽMÎMMŽKŽNMŒÍŒLLÌŒKLM‚˜ÛÛ™š\›X][Û‹LN‹M‹‹KŒ˜]×ÜÝ™ŒLLŒŽMÌŽLÌÌŒŒŽLLN‹ŒLÌMŒŒMŒÌLMÎŽNLÎMLNNMÍÍŽŒMLÌMÎLŒMMLL‹ŒŽLÌMŽLŒÎÍŽ‹ŒLŒŒŒÍMÎÍŒYKLM‚˜ÛÛ™š\›X][Û‹LN‹M‹‹KŒ[ÜÝ]WÛÜ˜XÛKŒLLŒKŒŒKŒŒŒLŒNLŒ™KLM‚˜ÛÛ™š\›X][Û‹LN‹M‹ŒKÛÜœ™[Û‹ŒLLŒŽMÌŽŽLÌLÌŒÌMŒLMLNMÍMÍŒLL‹ŽNLÍŒŽMLŽNŒMÍÎMMLÍM‹ŒMNŒMÎMËKMLLLMLLŒÌLMÎÙKLM‚˜ÛÛ™š\›X][Û‹LN‹M‹ŒKØØWÙ\]Z]˜[[ŒLLŒŽMÌŽŽLÌLÌŒÌMŒLMLNMÍMÍŒLL‹ŽNLÍŒŽMLŽNŒMÍÎMMLÍM‹ŒMNŒMÎMËKMLLLMLLŒÌLMÎÙKLM‚˜ÛÛ™š\›X][Û‹LN‹M‹ŒK˜]×ÜÝ™ŒLLŒŽMÍÍMŽLÍNLÍÌL‹ŒLLÍMÍÍMÍÌNMM‹ŽNLÎLMNMNML‹ŒMLMMMMÌÌKŒMÍNLLMÍŒ‹LŒNLŒ™KLM‚˜ÛÛ™š\›X][Û‹LN‹M‹ŒK[ÜÝ]WÛÜ˜XÛKŒLLŒKŒŒKŒŒŒ‹ŒLÌÎMÍÍLLÎYKLM‚˜ÛÛ™š\›X][Û‹LN‹M‹ŒKÛÜœ™[Û‹ŒLLŒŽMÎÌLLMLÎNNLKŒLLMÎŒŒÎLÌŒKŽNMŒMMŒM‹ŒMÌÌÍÌÌŽLŽNM‹ŒNNÎLMŒÌÌÍ‹LŒNLŒ™KLM‚˜ÛÛ™š\›X][Û‹LN‹M‹ŒKØØWÙ\]Z]˜[[ŒLLŒŽMÎÌLLMLÎNNLKŒLLMÎŒŒÎLÌŒKŽNMŒMMŒM‹ŒMÌÌÍÌÌŽLŽNM‹ŒNNÎLMŒÌÌÍ‹LŒNLŒ™KLM‚˜ÛÛ™š\›X][Û‹LN‹M‹ŒK˜]×ÜÝ™ŒLLŒŽMÎMÍŽŒÌÍÍKŒLÍMÌÌÌŒMNLÌÎÌKŽNMÍMLLŒNMLMNŒLÍLÍÌLÌMLŒŒ‹ŒŒŒŒLÌMŒÌMMKMLLLMLLŒÌLMÎÙKLM‚˜ÛÛ™š\›X][Û‹LN‹M‹ŒK[ÜÝ]WÛÜ˜XÛKŒLLŒKŒŒKŒŒŒMÎMŽNMÍMÎÍÌYKLM‚˜ÛÛ™š\›X][Û‹LN‹M‹KÛÜœ™[Û‹ŒLLŒŽMÍNLMÍLLLÎKŒLMLÌNLÌÍMÎMËŽNLÌNLÌMLMLMM‹ŒNMLÍŽMÌŒËŒŽMMÌÌÍÎLÍË‹ÍÍMMMÍMŒMMŒŽLMKLM‚˜ÛÛ™š\›X][Û‹LN‹M‹KØØWÙ\]Z]˜[[ŒLLŒŽMÍNLMÍLLLÎKŒLMLÌNLÌÍMÎMËŽNLÌNLÌMLMLMM‹ŒNMLÍŽMÌŒËŒŽMMÌÌÍÎLÍË‹ÍÍMMMÍMŒMMŒŽLMKLM‚˜ÛÛ™š\›X][Û‹LN‹M‹K˜]×ÜÝ™ŒLLŒŽMÍŽNMŒMM‹ŒLMLLLLLMLMÌŒŒNŽNLÌÍÌNNÍNLÍKŒMÍMÎÎÍÌËŒŽNMŒÍMÍÌÍKËŒŒÌÌMÍNYKLM‚˜ÛÛ™š\›X][Û‹LN‹M‹K[ÜÝ]WÛÜ˜XÛKŒLLŒKŒŒKŒŒŒËŽMÎNŒNKLM‚˜ÛÛ™š\›X][Û‹LN‹M‹KŒÛÜœ™[Û‹ŒLLŒŽMÌÍLMNŒŒL‹ŒLLÎMMÍLŒÍÌÎL‹ŽNLÍLŒLMÌÎNMÌŒMŽLMŽMÌLÍÌÌNŒŽMÌŽLÌÍMK‹ŒLÌÎMÍÍLLÎYKLM‚˜ÛÛ™š\›X][Û‹LN‹M‹KŒØØWÙ\]Z]˜[[ŒLLŒŽMÌÍLMNŒŒL‹ŒLLÎMMÍLŒÍÌÎL‹ŽNLÍLŒLMÌÎNMÌŒMŽLMŽMÌLÍÌÌNŒŽMÌŽLÌÍMK‹ŒLÌÎMÍÍLLÎYKLM‚˜ÛÛ™š\›X][Û‹LN‹M‹KŒ˜]×ÜÝ™ŒLLŒŽMÌMÌLMÌÍŒŽŒLLLŒMNÌLÍKŽNLÍŒŽÌŒMÍKŒMNÌŒÌLÌÍŒMŒNNMÌŽMŽMÎ‹ŒŽNÍNŽLÎMKLM‚˜ÛÛ™š\›X][Û‹LN‹M‹KŒ[ÜÝ]WÛÜ˜XÛKŒLLŒKŒŒKŒŒŒËŽMÎNŒNKLM‚˜ÛÛ™š\›X][Û‹LNËKŒKÛÜœ™[Û‹ŒLLŒŽNLMMMŒMLŒŒLÍÍŒLÎLLNNL‹ŽNNŒLÍŒÌÌÎËŒŽNLMNLLÌÍLMŒMÌMŒŒÍŒMLÌMLLËKŒLLŒŒÌŒLMMYKLM‚˜ÛÛ™š\›X][Û‹LNËKŒKØØWÙ\]Z]˜[[ŒLLŒŽNLMMMŒMLŒŒLÍÍŒLÎLLNNL‹ŽNNŒLÍŒÌÌÎËŒŽNLMNLLÌÍLMŒMÌMŒŒÍŒMLÌMLLËKŒLLŒŒÌŒLMMYKLM‚˜ÛÛ™š\›X][Û‹LNËKŒK˜]×ÜÝ™ŒLLŒŽNLMMMŒMLŒŒLÍŒLÎLLNNLŒ‹ŽNNŒLÍŒÌÌÎËŒŽNLMNLLÌÍLÌKŒMÌMŒŒÍŒMLÌMLMËKŒLLŒŒÌŒLMMYKLM‚˜ÛÛ™š\›X][Û‹LNËKŒK[ÜÝ]WÛÜ˜XÛKŒLLŒKŒŒKŒŒŒKŒLLŒŒÌŒLMMYKLM‚˜ÛÛ™š\›X][Û‹LNËKŒKÛÜœ™[Û‹ŒLLŒŽNLLMÌŒŽNLÎL‹ŒMÍLNLŒÌŽŽNNŒLMÍŒLMŽŒŒÍŒLÌÎMMÍÎMÍKŒMŽÎNNNMÌŒŽ‹ÍÍMMMÍMŒMMŒŽLMKLM‚˜ÛÛ™š\›X][Û‹LNËKŒKØØWÙ\]Z]˜[[ŒLLŒŽNLLMÌŒŽNLÎL‹ŒMÍLNLŒÌŽŽNNŒLMÍŒLMŽŒŒÍŒLÌÎMMÍÎMÍKŒMŽÎNNNMÌŒŽ‹ÍÍMMMÍMŒMMŒŽLMKLM‚˜ÛÛ™š\›X][Û‹LNËKŒK˜]×ÜÝ™ŒLLŒŽNLLMÌŒŽNMŒMÍLNLŒÌÌNKŽNNŒLMÍŒLMÎKŒŒÍŒLÌÎMMÍÎNKŒMŽÎNNNMÌŒNLË‹ŒŒŒŒLLÌLÙKLM‚˜ÛÛ™š\›X][Û‹LNËKŒK[ÜÝ]WÛÜ˜XÛKŒLLŒKŒŒKŒŒŒLŒNLŒ™KLM‚˜ÛÛ™š\›X][Û‹LNËKKÛÜœ™[Û‹ŒLLŒŽNMÍNMŽNŒÌÌÎNMÎKŒŽŒMLNMÌÍŽNMÎMMÍŒŒŒÌ‹ŒÌŒMÍNŽÍÌÍŽÍKŒLÍNMŒÍŽÍLŒÌKŒMŒÌÌÍŒÍŒÍÌÍÙKLM‚˜ÛÛ™š\›X][Û‹LNËKKØØWÙ\]Z]˜[[ŒLLŒŽNMÍNMŽNŒÌÌÎNMÎKŒŽŒMLNMÌÍŽNMÎMMÍŒŒŒÌ‹ŒÌŒMÍNŽÍÌÍŽÍKŒLÍNMŒÍŽÍLŒÌKŒMŒÌÌÍŒÍŒÍÌÍÙKLM‚˜ÛÛ™š\›X][Û‹LNËKK˜]×ÜÝ™ŒLLŒŽNMÍNMŽNŒÌÌÎNNKŒŽŒMLNMÌÌ‹ŽNMÎMMÍŒŒŒÌ‹ŒÌŒMÍNŽÍÌÍŽMŒLÍNMŒÍŽÍNKÌMLMMÌL™KLMÂ˜ÛÛ™š\›X][Û‹LNËKK[ÜÝ]WÛÜ˜XÛKŒLLŒKŒŒKŒŒŒ‹ŒÍNLŒŒÎLÌÌŽMÍ™KLM‚˜ÛÛ™š\›X][Û‹LNËKKŒÛÜœ™[Û‹ŒLLŒŽNLLLMMŽLÌKŒŒÍÌÌÍLÍÍÌMŽNNŒLÌŽLNLKŒŽNLMLÌMÌLÌÎŒLŽMÍŒNMÌÌŒMÍ‹ŒŒŒŒLLÌLÙKLM‚˜ÛÛ™š\›X][Û‹LNËKKŒØØWÙ\]Z]˜[[ŒLLŒŽNLLLMMŽLÌKŒŒÍÌÌÍLÍÍÌMŽNNŒLÌŽLNLKŒŽNLMLÌMÌLÌÎŒLŽMÍŒNMÌÌŒMÍ‹ŒŒŒŒLLÌLÙKLM‚˜ÛÛ™š\›X][Û‹LNËKKŒ˜]×ÜÝ™ŒLLŒŽNLLLMMŽLŽMŒŒÍÌÌÍLÍÍÍËŽNNŒLÌŽLNLKŒŽNLMLÌMÌMMËŒLŽMÍŒNMÌÌŒMŽMLŒNLŒ™KLM‚˜ÛÛ™š\›X][Û‹LNËKKŒ[ÜÝ]WÛÜ˜XÛKŒLLŒKŒŒKŒŒŒMÎMŽNMÍMÎÍÌYKLM‚˜ÛÛ™š\›X][Û‹LNË‹ŒKÛÜœ™[Û‹ŒLLŒŽNLÍŒNLLNŒ‹ŒMLMÍNKŽNNÍLMÍÌLLŒÍNNNÎŒMNŒŒNMÍMÍÌMŽËŒÌÌŽLÌÎÍMŽM™KLM‚˜ÛÛ™š\›X][Û‹LNË‹ŒKØØWÙ\]Z]˜[[ŒLLŒŽNLÍŒNLLNŒ‹ŒMLMÍNKŽNNÍLMÍÌLLŒÍNNNÎŒMNŒŒNMÍMÍÌMŽËŒÌÌŽLÌÎÍMŽM™KLM‚˜ÛÛ™š\›X][Û‹LNË‹ŒK˜]×ÜÝ™ŒLLŒŽNLÍŒNLLNŒÌ‹ŒMLMÍNM‹ŽNNÍLMÍÌLLŒÍNNNÎŒLKŒŒNMÍMÍÌMLMË‹ŒŒŒŒLLÌLÙKLM‚˜ÛÛ™š\›X][Û‹LNË‹ŒK[ÜÝ]WÛÜ˜XÛKŒLLŒKŒŒKŒŒŒ‹ÍÍMMMÍMŒMMŒŽLMKLM‚˜ÛÛ™š\›X][Û‹LNË‹ŒKÛÜœ™[Û‹ŒLLŒŽNLMNLMŒMLMŒNMLÍÌMÌÌLËŽNNÎLÍÍÍMÍ‹ŒŽMNNÌLËŒÎLÍMÎŒË‹ÍÍMMMÍMŒMMŒŽLMKLM‚˜ÛÛ™š\›X][Û‹LNË‹ŒKØØWÙ\]Z]˜[[ŒLLŒŽNLMNLMŒMLMŒNMLÍÌMÌÌLËŽNNÎLÍÍÍMÍ‹ŒŽMNNÌLËŒÎLÍMÎŒË‹ÍÍMMMÍMŒMMŒŽLMKLM‚˜ÛÛ™š\›X][Û‹LNË‹ŒK˜]×ÜÝ™ŒLLŒŽNLMNLMŒMLŽKŒNMLÍÌMÌÌL‹ŽNNÎLÍÍÍMÍ‹ŒŽMNNÌLÍ‹ŒÎLÍMÎŒK‹ŒŒŒŒLLÌLÙKLM‚˜ÛÛ™š\›X][Û‹LNË‹ŒK[ÜÝ]WÛÜ˜XÛKŒLLŒKŒŒKŒŒŒËŒÌÌŽLÌÎÍMŽM™KLM‚˜ÛÛ™š\›X][Û‹LNË‹KÛÜœ™[Û‹ŒLLŒKŒMÌÎÌÎLKŒMNLÌŽLLÍÎ‹ŽNNÌÍŽŒMMÍ‹ŒMÍLNÌÌLŒLÍMÍÎLÎNMÌÍŽMÌŒMÌÌÌÍL™KLMÂ˜ÛÛ™š\›X][Û‹LNË‹KØØWÙ\]Z]˜[[ŒLLŒKŒMÌÎÌÎLKŒMNLÌŽLLÍÎ‹ŽNNÌÍŽŒMMÍ‹ŒMÍLNÌÌLŒLÍMÍÎLÎNMÌÍŽMÌŒMÌÌÌÍL™KLMÂ˜ÛÛ™š\›X][Û‹LNË‹K˜]×ÜÝ™ŒLLŒKŒMÌÎÌÎLËŒMNLÌŽLLÎKŽNNÌÍŽŒMMÍ‹ŒMÍLNÌÌLŒKŒLÍMÍÎLÎNMŒ‹‹NNMŒ™KLM‚˜ÛÛ™š\›X][Û‹LNË‹K[ÜÝ]WÛÜ˜XÛKŒLLŒKŒŒKŒŒŒKLÌÍLÍŽLÍÍÌÍKLM‚˜ÛÛ™š\›X][Û‹LNË‹KŒÛÜœ™[Û‹ŒLLŒŽMŽLLLMÌŒNËŒŒÌNLŒÍLÌÌÍŒËŽNNLÌÍŒMÎŒËŒÌNNLŽMNLŒÎÌKŒŒNLLŒŒMŽLŒ‹‹ŒLÌÎMÍÍLLÎYKLM‚˜ÛÛ™š\›X][Û‹LNË‹KŒØØWÙ\]Z]˜[[ŒLLŒŽMŽLLLMÌŒNËŒŒÌNLŒÍLÌÌÍŒËŽNNLÌÍŒMÎŒËŒÌNNLŽMNLŒÎÌKŒŒNLLŒŒMŽLŒ‹‹ŒLÌÎMÍÍLLÎYKLM‚˜ÛÛ™š\›X][Û‹LNË‹KŒ˜]×ÜÝ™ŒLLŒŽMŽLLLMÌŒNKŒŒÌNLŒÍLÌÌÍŒÌËŽNNLÌÍŒMÎŒËŒÌNNLŽMNLŒÎËŒŒNLLŒŒMŽLÎK‹ŒŒŒŒLLÌLÙKLM‚˜ÛÛ™š\›X][Û‹LNË‹KŒ[ÜÝ]WÛÜ˜XÛKŒLLŒKŒŒKŒŒŒKÍÎÎMÍMÎLÍÍÌÎYKLMÂ˜ÛÛ™š\›X][Û‹LNËŒKÛÜœ™[Û‹ŒLLŒŽNMMŽMÍMMMŒKŒÌMŒŽNŽKŽNNNMMÌŽÌMLŒŽMNLÎÎLŒÌËŒMMÍÍŒÌNNLMM‹ÍÍMMMÍMŒMMŒŽLMKLM‚˜ÛÛ™š\›X][Û‹LNËŒKØØWÙ\]Z]˜[[ŒLLŒŽNMMŽMÍMMMŒKŒÌMŒŽNŽKŽNNNMMÌŽÌMLŒŽMNLÎÎLŒÌËŒMMÍÍŒÌNNLMM‹ÍÍMMMÍMŒMMŒŽLMKLM‚˜ÛÛ™š\›X][Û‹LNËŒK˜]×ÜÝ™ŒLLŒŽNMMŽMÍMMMŒ‹ŒÌMŒŽNŽLNŽNNNMMÌŽÌMLŒŽMNLÎÎLKŒMMÍÍŒÌNNLMLËËŒÌÌŽLÌÎÍMŽM™KLM‚˜ÛÛ™š\›X][Û‹LNËŒK[ÜÝ]WÛÜ˜XÛKŒLLŒKŒŒKŒŒŒ‹ÍÍMMMÍMŒMMŒŽLMKLM‚˜ÛÛ™š\›X][Û‹LNËŒKÛÜœ™[Û‹ŒLLŒŽNNNNNMŒÌÌLKŒMŒÍLŒŒMŽÌŒŒËŽNNÌÍLÍÌËŒŒMÌL‹ŒLÌŒŽÌÍÎÍËËŒLÌLLÌÌMÍÌNLNYKLM‚˜ÛÛ™š\›X][Û‹LNËŒKØØWÙ\]Z]˜[[ŒLLŒŽNNNNNMŒÌÌLKŒMŒÍLŒŒMŽÌŒŒËŽNNÌÍLÍÌËŒŒMÌL‹ŒLÌŒŽÌÍÎÍËËŒLÌLLÌÌMÍÌNLNYKLM‚˜ÛÛ™š\›X][Û‹LNËŒK˜]×ÜÝ™ŒLLŒŽNNNNNMŒÌÌMŒMŒÍLŒŒMŽÌ‹ŽNNÌÍLÍÌËŒŒMÌLŒLÌŒŽÌÍÎŒKLŒNLŒ™KLM‚˜ÛÛ™š\›X][Û‹LNËŒK[ÜÝ]WÛÜ˜XÛKŒLLŒKŒŒKŒŒŒ‹ŒŒŒŒLLÌLÙKLM‚˜ÛÛ™š\›X][Û‹LNËKÛÜœ™[Û‹ŒLLŒŽMŒÎMNŒMÌÌKŒÍNLÍÌÌMŽLLŽMËŽNMÍŽNMÍLÍÌËŒÌÎLLÍLÍÌMŽŒLŽLNLLLÍÍMËLŒNLŒ™KLM‚˜ÛÛ™š\›X][Û‹LNËKØØWÙ\]Z]˜[[ŒLLŒŽMŒÎMNŒMÌÌKŒÍNLÍÌÌMŽLLŽMËŽNMÍŽNMÍLÍÌËŒÌÎLLÍLÍÌMŽŒLŽLNLLLÍÍMËLŒNLŒ™KLM‚˜ÛÛ™š\›X][Û‹LNËK˜]×ÜÝ™ŒLLŒŽMŒÎMNŒMÍL‹ŒÍNLÍÌÌMŽLLÌL‹ŽNMÍŽNMÍLÍÌËŒÌÎLLÍLÍÌMÍKŒLŽLNLLLÍÍÍK‹ŒŒŒŒLLÌLÙKLM‚˜ÛÛ™š\›X][Û‹LNËK[ÜÝ]WÛÜ˜XÛKŒLLŒKŒŒKŒŒŒKLÌÍLÍŽLÍÍÌÍKLM‚˜ÛÛ™š\›X][Û‹LNËKŒÛÜœ™[Û‹ŒLLŒŽNMŽNNŽÍŒÍMËŒMMŒMNLŽLŒMMÍÍŽNNŒNÍŽÍMMÍKŒŒÎMMÌÌMÎMÍMMKŒNLLŒÍŒM‹NNMŒ™KLM‚˜ÛÛ™š\›X][Û‹LNËKŒØØWÙ\]Z]˜[[ŒLLŒŽNMŽNNŽÍŒÍMËŒMMŒMNLŽLŒMMÍÍŽNNŒNÍŽÍMMÍKŒŒÎMMÌÌMÎMÍMMKŒNLLŒÍŒM‹NNMŒ™KLM‚˜ÛÛ™š\›X][Û‹LNËKŒ˜]×ÜÝ™ŒLLŒŽNMŽNNŽÍŒÍŒKŒMMŒMNLŽLŒMNL‹ŽNNŒNÍŽÍMMÍKŒŒÎMMÌÌMÎMÍLËŒNLLŒÍŒLÍË‹ÍÍMMMÍMŒMMŒŽLMKLM‚˜ÛÛ™š\›X][Û‹LNËKŒ[ÜÝ]WÛÜ˜XÛKŒLLŒKŒŒKŒŒŒŽNMŒÍŒLLÌŒKLM‚˜ÛÛ™š\›X][Û‹LNËKŒKÛÜœ™[Û‹ŒLLŒŽNMÍÌŽMÌÍŒŒMKŒMÎMLŒŒÌMÎLNËŽNMMÌÌNLMÎMKŒŒNMMŒÎMLLŒLLËŒŒMÌŒNŒŽLÍÌ‹ËŽMÎNŒNKLM‚˜ÛÛ™š\›X][Û‹LNËKŒKØØWÙ\]Z]˜[[ŒLLŒŽNMÍÌŽMÌÍŒŒMKŒMÎMLŒŒÌMÎLNËŽNMMÌÌNLMÎMKŒŒNMMŒÎMLLŒLLËŒŒMÌŒNŒŽLÍÌ‹ËŽMÎNŒNKLM‚˜ÛÛ™š\›X][Û‹LNËKŒK˜]×ÜÝ™ŒLLŒŽNŒLŽNLLÍÌM‹ŒMŒÍNNLLŽNKŽNMNMNLLŽÌKŒMLMMÍŒÍŽKŒŒNŽNLÌŒMLŒNLŒ™KLM‚˜ÛÛ™š\›X][Û‹LNËKŒK[ÜÝ]WÛÜ˜XÛKŒLLŒKŒŒKŒŒŒËŒÌÌŽLÌÎÍMŽM™KLM‚˜ÛÛ™š\›X][Û‹LNËKŒKÛÜœ™[Û‹ŒLLŒŽMÌNMMŒMÌÌKŒLŒÌÌLNLKŽNMŒŽNMÌLÌMLÍËŒÌÌÌMÎLÎÍŒŒLŽMMÍMÌÍËKMLLLMLLŒÌLMÎÙKLM‚˜ÛÛ™š\›X][Û‹LNËKŒKØØWÙ\]Z]˜[[ŒLLŒŽMÌNMMŒMÌÌKŒLŒÌÌLNLKŽNMŒŽNMÌLÌMLÍËŒÌÌÌMÎLÎÍŒŒLŽMMÍMÌÍËKMLLLMLLŒÌLMÎÙKLM‚˜ÛÛ™š\›X][Û‹LNËKŒK˜]×ÜÝ™ŒLLŒŽMÌŒŒLMÌÍŒ‹ŒMÌMŽ‹ŽNMŒÌLŒNMÍLŒŽMMÎŒÌŒNMÎŒŒLŽLŒLŒÍMML‹‹ŒŒŒŒLLÌLÙKLM‚˜ÛÛ™š\›X][Û‹LNËKŒK[ÜÝ]WÛÜ˜XÛKŒLLŒKŒŒKŒŒŒ‹ŒŒŒŒLLÌLÙKLM‚˜ÛÛ™š\›X][Û‹LNËKKÛÜœ™[Û‹ŒLLŒŽNLÍNLLÌNLËŒLŒÌŒÎLLŽM‹ŽNMŒŒÍMNLÍŒÌÎÍLÌMLL‹ŒNLŒMMÍLÍMNM‹KŒŽMMŒŽMÍÍÎŽNKLMB˜ÛÛ™š\›X][Û‹LNËKKØØWÙ\]Z]˜[[ŒLLŒŽNLÍNLLÌNLËŒLŒÌŒÎLLŽM‹ŽNMŒŒÍMNLÍŒÌÎÍLÌMLL‹ŒNLŒMMÍLÍMNM‹KŒŽMMŒŽMÍÍÎŽNKLMB˜ÛÛ™š\›X][Û‹LNËKK˜]×ÜÝ™ŒLLŒŽNLÍŒÍÍÍNLL‹ŒMMMNLLÌLŒŽNMŒÌŽMÎLŒÍŒÌMŽÎLŽMÍÎLËŒŒLÎÌLMÌÍÍË‹ÍÍMMMÍMŒMMŒŽLMKLM‚˜ÛÛ™š\›X][Û‹LNËKK[ÜÝ]WÛÜ˜XÛKŒLLŒKŒŒKŒŒŒLŒNLŒ™KLM‚˜ÛÛ™š\›X][Û‹LNËKKŒÛÜœ™[Û‹ŒLLŒŽNÎLMÍŽMŒÎMMLLŒŒŽNKŽNMŒŽLMLNNNL‹ŒÌŒMŽLŒŽŒŒLŒÌMLÌÎNLMMÍKËŒÌÌŽLÌÎÍMŽM™KLM‚˜ÛÛ™š\›X][Û‹LNËKKŒØØWÙ\]Z]˜[[ŒLLŒŽNÎLMÍŽMŒÎMMLLŒŒŽNKŽNMŒŽLMLNNNL‹ŒÌŒMŽLŒŽŒŒLŒÌMLÌÎNLMMÍKËŒÌÌŽLÌÎÍMŽM™KLM‚˜ÛÛ™š\›X][Û‹LNËKKŒ˜]×ÜÝ™ŒLLŒŽNLLÎNÌÍÎKŒÌMÌMLÌŒMÎKŽNMŒÎLŽMLN‹ŒLÎÍMÌÎMŒËŒŒNMMŽMÍŒ‹LŒNLŒ™KLM‚˜ÛÛ™š\›X][Û‹LNËKKŒ[ÜÝ]WÛÜ˜XÛKŒLLŒKŒŒKŒŒŒËŒÌÌŽLÌÎÍMŽM™KLM‚˜ÛÛ™š\›X][Û‹LNË‹ŒKÛÜœ™[Û‹ŒLLŒŽNÌNŽLÌMMÌËŒÌÌNÌÍÍÌKŽNMMÎLLŒLMËŒLÍMÍMÍNŽLMÎKŒÌLMÌÍMŽLMÌKLŒNLŒ™KLM‚˜ÛÛ™š\›X][Û‹LNË‹ŒKØØWÙ\]Z]˜[[ŒLLŒŽNÌNŽLÌMMÌËŒÌÌNÌÍÍÌKŽNMMÎLLŒLMËŒLÍMÍMÍNŽLMÎKŒÌLMÌÍMŽLMÌKLŒNLŒ™KLM‚˜ÛÛ™š\›X][Û‹LNË‹ŒK˜]×ÜÝ™ŒLLŒŽNÍÎMŒNLNŒKŒÍMÍMÌÌKŽNMŒLMÌÍÎLMŒLMŒÌÍLŒMM‹ŒÌNLÍMŒLLÍË‹ŒLŒŒŒÍMÎÍŒYKLM‚˜ÛÛ™š\›X][Û‹LNË‹ŒK[ÜÝ]WÛÜ˜XÛKŒLLŒKŒŒKŒŒŒ‹ŒŒŒŒLLÌLÙKLM‚˜ÛÛ™š\›X][Û‹LNË‹ŒKÛÜœ™[Û‹ŒLLŒŽMÍLÍŒÌÌŒÎNLÍÍLKŒLÎMNŒLÌL‹ŽNMNLNLMÍŒMMŒLMÌMLÍLÌML‹ŒŒŽNMLÍŒNMÌÍLKMLLLMLLŒÌLMÎÙKLM‚˜ÛÛ™š\›X][Û‹LNË‹ŒKØØWÙ\]Z]˜[[ŒLLŒŽMÍLÍŒÌÌŒÎNLÍÍLKŒLÎMNŒLÌL‹ŽNMNLNLMÍŒMMŒLMÌMLÍLÌML‹ŒŒŽNMLÍŒNMÌÍLKMLLLMLLŒÌLMÎÙKLM‚˜ÛÛ™š\›X][Û‹LNË‹ŒK˜]×ÜÝ™ŒLLŒŽMÍLŒÌMŽNÍÍŒMÌÎMÎÍKŽNMNÌMŒÍMÍLMËŒLÍÎMÌLŽÌ‹ŒŒÌMMÌÌMÌÍMËËŒÌÌŽLÌÎÍMŽM™KLM‚˜ÛÛ™š\›X][Û‹LNË‹ŒK[ÜÝ]WÛÜ˜XÛKŒLLŒKŒŒKŒŒŒKMLLLMLLŒÌLMÎÙKLM‚˜ÛÛ™š\›X][Û‹LNË‹KÛÜœ™[Û‹ŒLLŒŽNŽNÍMŒŒŽMÍÍKŒMŽÌLÎLMÌÌ‹ŽNMŒÍMÎMM‹ŒLŒÌŽMMÌÌŽLÍ‹ŒNLNNMLMMŒŒŒÎ‹ŒŒŒŒLLÌLÙKLM‚˜ÛÛ™š\›X][Û‹LNË‹KØØWÙ\]Z]˜[[ŒLLŒŽNŽNÍMŒŒŽMÍÍKŒMŽÌLÎLMÌÌ‹ŽNMŒÍMÎMM‹ŒLŒÌŽMMÌÌŽLÍ‹ŒNLNNMLMMŒŒŒÎ‹ŒŒŒŒLLÌLÙKLM‚˜ÛÛ™š\›X][Û‹LNË‹K˜]×ÜÝ™ŒLLŒŽNÌŒLŽÌÍÍMŒLÌNLÌMMŽMKŽNMÌMMMÌÌ‹ŒMŒLŽLMMÍÌNŒNÌŒLLNNMŒLM‹ÌNÎMMŽLMYKLM‚˜ÛÛ™š\›X][Û‹LNË‹K[ÜÝ]WÛÜ˜XÛKŒLLŒKŒŒKŒŒŒËŒÌÌŽLÌÎÍMŽM™KLM‚˜ÛÛ™š\›X][Û‹LNË‹KŒÛÜœ™[Û‹ŒLLŒŽNLÌÌLMLLMÎ‹ŒMNLÍÍŽLŒÍËŽNMŒŒŽNÍŒÌÎKŒÍMÌÌLLŒÍ‹ŒŒMMMMMŽL‹LŒNLŒ™KLM‚˜ÛÛ™š\›X][Û‹LNË‹KŒØØWÙ\]Z]˜[[ŒLLŒŽNLÌÌLMLLMÎ‹ŒMNLÍÍŽLŒÍËŽNMŒŒŽNÍŒÌÎKŒÍMÌÌLLŒÍ‹ŒŒMMMMMŽL‹LŒNLŒ™KLM‚˜ÛÛ™š\›X][Û‹LNË‹KŒ˜]×ÜÝ™ŒLLŒŽNLMŒMÎŒLLËŒNNÎLLŒÌÎËŽNMŒŒÍLÎÌËŒÍMŽÌMŽÎMÌËŒŒNÎNMÌÌLNLŽËŒLÌLLÌÌMÍÌNLNYKLM‚˜ÛÛ™š\›X][Û‹LNË‹KŒ[ÜÝ]WÛÜ˜XÛKŒLLŒKŒŒKŒŒŒ‹ÌÌÌÌÎLL™KLM‚˜ÛÛ™š\›X][Û‹LNËŒKÛÜœ™[Û‹ŒLLŒŽNLŒŽMŒLMÍÌÌKŒŒNNNMÎMNNMËŽNMLŒMŒLÌNL‹ŒMŽMÎMLÍÍŒLMMËŒMŽMŒLÎŽŒLÎLŒNLŒ™KLM‚˜ÛÛ™š\›X][Û‹LNËŒKØØWÙ\]Z]˜[[ŒLLŒŽNLŒŽMŒLMÍÌÌKŒŒNNNMÎMNNMËŽNMLŒMŒLÌNL‹ŒMŽMÎMLÍÍŒLMMËŒMŽMŒLÎŽŒLÎLŒNLŒ™KLM‚˜ÛÛ™š\›X][Û‹LNËŒK˜]×ÜÝ™ŒLLŒŽNLLÌÍNLÎMÍËŒMMÍŒÎÌÎLŽNMKŽNMMMÌŽÌÌÍÍLÎKŒMLÍÍLŒLLÍMÎŒMŒÌŽŽLMÍŒË‹ŒŒŒŒLLÌLÙKLM‚˜ÛÛ™š\›X][Û‹LNËŒK[ÜÝ]WÛÜ˜XÛKŒLLŒKŒŒKŒŒŒLŒNLŒ™KLM‚˜ÛÛ™š\›X][Û‹LNËŒKÛÜœ™[Û‹ŒLLŒŽNNÍŽŒÌÍKŒNMNÌÌLËŽNMÍMŒMÎNMËŒÌÍLÌLMLMKŒÍÌLŒÎLLÍÌŽMMLŒNLŒ™KLM‚˜ÛÛ™š\›X][Û‹LNËŒKØØWÙ\]Z]˜[[ŒLLŒŽNNÍŽŒÌÍKŒNMNÌÌLËŽNMÍMŒMÎNMËŒÌÍLÌLMLMKŒÍÌLŒÎLLÍÌŽMMLŒNLŒ™KLM‚˜ÛÛ™š\›X][Û‹LNËŒK˜]×ÜÝ™ŒLLŒŽNNMŒLLMNLMNLËŒÌÎŒMÌÌÌËŽNMŽLNÌÍÎMLËŒÎNLMÌŒŒMŒMŒŽÍŒNŒLÎÎKMLLLMLLŒÌLMÎÙKLM‚˜ÛÛ™š\›X][Û‹LNËŒK[ÜÝ]WÛÜ˜XÛKŒLLŒKŒŒKŒŒŒËŒŒÌÌMÍNYKLM‚˜ÛÛ™š\›X][Û‹LNËKÛÜœ™[Û‹ŒLLŒŽNLLÍÍLŒÍKŒŒÌÍŒLMÍNËŽNMŒÌŒŒMMŽLËŒŽMÍMLŽLNÎNÍKŒLŒMLÍÎLŒËŒLÌLLÌÌMÍÌNLNYKLM‚˜ÛÛ™š\›X][Û‹LNËKØØWÙ\]Z]˜[[ŒLLŒŽNLLÍÍLŒÍKŒŒÌÍŒLMÍNËŽNMŒÌŒŒMMŽLËŒŽMÍMLŽLNÎNÍKŒLŒMLÍÎLŒËŒLÌLLÌÌMÍÌNLNYKLM‚˜ÛÛ™š\›X][Û‹LNËK˜]×ÜÝ™ŒLLŒŽNLLMÎLŽMMNŒÍÍÍMŽNMŒÌLŒMMÎKŒŽLÎŒÌÍŒLŒNLLÍŒLK‹ŒÍNLŒŒÎLÌÌŽMÍ™KLM‚˜ÛÛ™š\›X][Û‹LNËK[ÜÝ]WÛÜ˜XÛKŒLLŒKŒŒKŒŒŒKLÌÍLÍŽLÍÍÌÍKLM‚˜ÛÛ™š\›X][Û‹LNËKŒÛÜœ™[Û‹ŒLLŒŽNMLŒÎMÌÌŒLKŒÌÌMŒNMNMÍÌKŽNMÍÌŽLÍŽKŒÍMLLŽMÌNLMÍÍ‹ŒMÍLLLNKLŒNLŒ™KLM‚˜ÛÛ™š\›X][Û‹LNËKŒØØWÙ\]Z]˜[[ŒLLŒŽNMLŒÎMÌÌŒLKŒÌÌMŒNMNMÍÌKŽNMÍÌŽLÍŽKŒÍMLLŽMÌNLMÍÍ‹ŒMÍLLLNKLŒNLŒ™KLM‚˜ÛÛ™š\›X][Û‹LNËKŒ˜]×ÜÝ™ŒLLŒŽNMLŒÌMNŒÌMMÌLMLŒŒKŽNMÍLŒLÍÍMNM‹ŒÍLŒMŒÌŒŒÍN‹ŒMNMÌŒŽ‹LŒNLŒ™KLM‚˜ÛÛ™š\›X][Û‹LNËKŒ[ÜÝ]WÛÜ˜XÛKŒLLŒKŒŒKŒŒŒKŽŽÌÎLŽŒÌ™KLM‚˜ÛÛ™š\›X][Û‹LNËM‹KŒKÛÜœ™[Û‹ŒLLŒŽMÍNLÌMÍNMÍMŽŒLLLÍLÎLLM‹ŽNMÎMLÌŒMKŒMNÌNLŒŒŒÍM‹ŒŒMÍŽÌMŽLN‹LŒNLŒ™KLM‚˜ÛÛ™š\›X][Û‹LNËM‹KŒKØØWÙ\]Z]˜[[ŒLLŒŽMÍNLÌMÍNMÍMŽŒLLLÍLÎLLM‹ŽNMÎMLÌŒMKŒMNÌNLŒŒŒÍM‹ŒŒMÍŽÌMŽLN‹LŒNLŒ™KLM‚˜ÛÛ™š\›X][Û‹LNËM‹KŒK˜]×ÜÝ™ŒLLŒŽMÍŽNLLÍMMÌLÍ‹ŒLÍLNÎMMÍMÌ‹ŽNMNLLMMÎLŒ‹ŒLÎLŒMMÎMÍŒÍËŒŒÎŽMMÌLÍÎNLÎLËKŽŽÌÎLŽŒÌ™KLM‚˜ÛÛ™š\›X][Û‹LNËM‹KŒK[ÜÝ]WÛÜ˜XÛKŒLLŒKŒŒKŒŒŒKLÌÍLÍŽLÍÍÌÍKLM‚˜ÛÛ™š\›X][Û‹LNËM‹KŒKÛÜœ™[Û‹ŒLLŒŽMÍŽLŽMÎLŒL‹ŒLMLÌLŒŒÍŽNLÍMLMÎLŒŒÍËŒMÌÌNLNMÌŒŒMŒŒMMLŒÌLÍM‹ËŽMÎNŒNKLM‚˜ÛÛ™š\›X][Û‹LNËM‹KŒKØØWÙ\]Z]˜[[ŒLLŒŽMÍŽLŽMÎLŒL‹ŒLMLÌLŒŒÍŽNLÍMLMÎLŒŒÍËŒMÌÌNLNMÌŒŒMŒŒMMLŒÌLÍM‹ËŽMÎNŒNKLM‚˜ÛÛ™š\›X][Û‹LNËM‹KŒK˜]×ÜÝ™ŒLLŒŽMÍÍÎNMMMMÍKŒLLŒLÍŒÌŒŒÌL‹ŽNLÍÌLÍŒLNMŒÍÍÍ‹ŒMŒLÍLŽNÍ‹ŒLMÌMÍŒÌÌŒÌMLÍLŒNLŒ™KLM‚˜ÛÛ™š\›X][Û‹LNËM‹KŒK[ÜÝ]WÛÜ˜XÛKŒLLŒKŒŒKŒŒŒËŽMÎNŒNKLM‚˜ÛÛ™š\›X][Û‹LNËM‹KKÛÜœ™[Û‹ŒLLŒŽMŽNMŒLŽÎM‹ŒLMMŽÍL‹ŽNLŒŽMÌLÌÎNMÍËŒŒŒŒŒŒÍMMÎKŒÌLŒNLNLLNÎLKLŒNLŒ™KLM‚˜ÛÛ™š\›X][Û‹LNËM‹KKØØWÙ\]Z]˜[[ŒLLŒŽMŽNMŒLŽÎM‹ŒLMMŽÍL‹ŽNLŒŽMÌLÌÎNMÍËŒŒŒŒŒŒÍMMÎKŒÌLŒNLNLLNÎLKLŒNLŒ™KLM‚˜ÛÛ™š\›X][Û‹LNËM‹KK˜]×ÜÝ™ŒLLŒŽMŽÍMÌŒLŒNLŒLŒÌŒÍÌMÌÎLNŽŽNLMŽŽŒŒMNŒLÌŽLL‹ŒÌNMÍMÌMŽMÎŽNMŒÍŒLLÌŒKLM‚˜ÛÛ™š\›X][Û‹LNËM‹KK[ÜÝ]WÛÜ˜XÛKŒLLŒKŒŒKŒŒŒ‹ŒŒŒŒLLÌLÙKLM‚˜ÛÛ™š\›X][Û‹LNËM‹KKŒÛÜœ™[Û‹ŒLLŒŽMÍŽNMÍÍLÍÍËŒLLLÍÍLMÍÍŒÍÎŽNLÍÍMŽLŽLÎÌ‹ŒMNÌÌŒÌÍŽMÌ‹ŒŽŽÍÌMÍNÌËŒÌÌŽŽÍKLM‚˜ÛÛ™š\›X][Û‹LNËM‹KKŒØØWÙ\]Z]˜[[ŒLLŒŽMÍŽNMÍÍLÍÍËŒLLLÍÍLMÍÍŒÍÎŽNLÍÍMŽLŽLÎÌ‹ŒMNÌÌŒÌÍŽMÌ‹ŒŽŽÍÌMÍNÌËŒÌÌŽŽÍKLM‚˜ÛÛ™š\›X][Û‹LNËM‹KKŒ˜]×ÜÝ™ŒLLŒŽMÍÍŒLNMÌLŽKŒLMLŒŒLÍŒÍÌÌÍL‹ŽNLÎÍÍÌLŒÌM‹ŒMLÌÍÎLÍŒNN‹ŒÌÍMŒÌŽMÍLÌŒLËKÍŽMMÌLÌLÎÙKLM‚˜ÛÛ™š\›X][Û‹LNËM‹KKŒ[ÜÝ]WÛÜ˜XÛKŒLLŒKŒŒKŒŒŒLŒNLŒ™KLM‚˜ÛÛ™š\›X][Û‹LNËM‹‹ŒKÛÜœ™[Û‹ŒLLŒŽMÌLŒÍLŒÌÌËŒLLMÌÎLMÌÌLKŽNLÎMŒLÍLLËŒMMŽNLÍÎLŒÍÌËŒNÌLMŒŒŽLÍËNŒÎLÌÌÌŒÎMKLM‚˜ÛÛ™š\›X][Û‹LNËM‹‹ŒKØØWÙ\]Z]˜[[ŒLLŒŽMÌLŒÍLŒÌÌËŒLLMÌÎLMÌÌLKŽNLÎMŒLÍLLËŒMMŽNLÍÎLŒÍÌËŒNÌLMŒŒŽLÍËNŒÎLÌÌÌŒÎMKLM‚˜ÛÛ™š\›X][Û‹LNËM‹‹ŒK˜]×ÜÝ™ŒLLŒŽMÌŽLLLÌÍÌMLÌËŒLLÌMÎNNŽNMŽNÌNNM‹ŒMMÌŒÎMÎLNNŒMÍÍŒŒÎÍÎLÌ‹ËŽMÎNŒNKLM‚˜ÛÛ™š\›X][Û‹LNËM‹‹ŒK[ÜÝ]WÛÜ˜XÛKŒLLŒKŒŒKŒŒŒËŒÌÌŽLÌÎÍMŽM™KLM‚˜ÛÛ™š\›X][Û‹LNËM‹‹ŒKÛÜœ™[Û‹ŒLLŒŽMÍÌÎMNMNL‹ŒLLÍŒÌÌLMËŽNLÍŒÌMMNNMLLKŒMŽŽLÍKŒÍŒMÍÍÌÌÍLLŒ‹ËŒÌÌŽLÌÎÍMŽM™KLM‚˜ÛÛ™š\›X][Û‹LNËM‹‹ŒKØØWÙ\]Z]˜[[ŒLLŒŽMÍÌÎMNMNL‹ŒLLÍŒÌÌLMËŽNLÍŒÌMMNNMLLKŒMŽŽLÍKŒÍŒMÍÍÌÌÍLLŒ‹ËŒÌÌŽLÌÎÍMŽM™KLM‚˜ÛÛ™š\›X][Û‹LNËM‹‹ŒK˜]×ÜÝ™ŒLLŒŽMÎMŽLLÌLÍMŒLLNÍŒMLËŽNLÎŒÎÎMŒŒKŒMMŽÌLMÌMŒMKŒÍLÌMÌÍÎLË‹ŒLÌÎMÍÍLLÎYKLM‚˜ÛÛ™š\›X][Û‹LNËM‹‹ŒK[ÜÝ]WÛÜ˜XÛKŒLLŒKŒŒKŒŒŒLŒNLŒ™KLM‚˜ÛÛ™š\›X][Û‹LNËM‹‹KÛÜœ™[Û‹ŒLLŒŽMÍLŒÎMLMMÍŒLMÌÌMÌŒÎÌ‹ŽNLÍÌMMŒLÍ‹ŒMÍMLŒMÍŒŽMŒÍŒMMÎMLÌMŒÌÍÍŒMŒÌÌÍŒÍŒÍÌÍÙKLM‚˜ÛÛ™š\›X][Û‹LNËM‹‹KØØWÙ\]Z]˜[[ŒLLŒŽMÍLŒÎMLMMÍŒLMÌÌMÌŒÎÌ‹ŽNLÍÌMMŒLÍ‹ŒMÍMLŒMÍŒŽMŒÍŒMMÎMLÌMŒÌÍÍŒMŒÌÌÍŒÍŒÍÌÍÙKLM‚˜ÛÛ™š\›X][Û‹LNËM‹‹K˜]×ÜÝ™ŒLLŒŽMÍLMMMŒMMKŒLMÍÌŒÍŒMŽMNÍ‹ŽNLÍŽLŽLÍMÌÍKŒMŒMÍÍÌLNMÌÎNLÍ‹ŒÌÎLLÌLÍŽNKŽNMŒÍŒLLÌŒKLM‚˜ÛÛ™š\›X][Û‹LNËM‹‹K[ÜÝ]WÛÜ˜XÛKŒLLŒKŒŒKŒŒŒËŒÌÌŽLÌÎÍMŽM™KLM‚˜ÛÛ™š\›X][Û‹LNËM‹‹KŒÛÜœ™[Û‹ŒLLŒŽMÌÍŒLŒŒÍMÍLËŒLLMLŒMŒÍKŽNLÍÎNMŒŒLMŒËŒMMÍMÍLÌMŒŒÌLÍÌLÌLLLËLŒNLŒ™KLM‚˜ÛÛ™š\›X][Û‹LNËM‹‹KŒØØWÙ\]Z]˜[[ŒLLŒŽMÌÍŒLŒŒÍMÍLËŒLLMLŒMŒÍKŽNLÍÎNMŒŒLMŒËŒMMÍMÍLÌMŒŒÌLÍÌLÌLLLËLŒNLŒ™KLM‚˜ÛÛ™š\›X][Û‹LNËM‹‹KŒ˜]×ÜÝ™ŒLLŒŽMÍMÎLMM‹ŒLLLÌLŽMŽNLÎMÌŒŒÌŽMŒMLŒMNLLMKŒŒMŽLMLÎKKMLLLMLLŒÌLMÎÙKLM‚˜ÛÛ™š\›X][Û‹LNËM‹‹KŒ[ÜÝ]WÛÜ˜XÛKŒLLŒKŒŒKŒŒŒKŽŽÌÎLŽŒÌ™KLM‚˜ÛÛ™š\›X][Û‹LNËM‹ŒKÛÜœ™[Û‹ŒLLŒŽMŽNMÍLÍÍMLMNŒLMMÌMÌNŒM‹ŽNLÍLŒŒÎÌÍŒMŽLLNÌŒÌLÍÌ‹ŒÍNMŒŽLËËŽMÎNŒNKLM‚˜ÛÛ™š\›X][Û‹LNËM‹ŒKØØWÙ\]Z]˜[[ŒLLŒŽMŽNMÍLÍÍMLMNŒLMMÌMÌNŒM‹ŽNLÍLŒŒÎÌÍŒMŽLLNÌŒÌLÍÌ‹ŒÍNMŒŽLËËŽMÎNŒNKLM‚˜ÛÛ™š\›X][Û‹LNËM‹ŒK˜]×ÜÝ™ŒLLŒŽMÌÌMÌÎÍËŒLMÎLMÍŽNLMMŽM‹ŽNLÍŽÍÍÌÎŽŒMŒÍÎLÎLMÍÎÍŒMMÎMŒŒÌLÍÎLŒNLŒ™KLM‚˜ÛÛ™š\›X][Û‹LNËM‹ŒK[ÜÝ]WÛÜ˜XÛKŒLLŒKŒŒKŒŒŒŒÌŒLMŒŒŒM™KLM‚˜ÛÛ™š\›X][Û‹LNËM‹ŒKÛÜœ™[Û‹ŒLLŒŽMÌŒLMÌÍMÎKŒLMÍŽLMÍŽLÎMMŽNLÍLLÌŽNMMÍ‹ŒMŽMLMŒMMÍLMÍ‹ŒŽŒŒÍÎÌŽNŽLŒNLŒ™KLM‚˜ÛÛ™š\›X][Û‹LNËM‹ŒKØØWÙ\]Z]˜[[ŒLLŒŽMÌŒLMÌÍMÎKŒLMÍŽLMÍŽLÎMMŽNLÍLLÌŽNMMÍ‹ŒMŽMLMŒMMÍLMÍ‹ŒŽŒŒÍÎÌŽNŽLŒNLŒ™KLM‚˜ÛÛ™š\›X][Û‹LNËM‹ŒK˜]×ÜÝ™ŒLLŒŽMÍÍÌMÍLMÌNMKŒLLÍŒŒŒMŒÍËŽNLÍŒŽŒMÍŒŽMÎNLKŒMÍŽNLLÌÍŒŽÎMÌLMËLŒNLŒ™KLM‚˜ÛÛ™š\›X][Û‹LNËM‹ŒK[ÜÝ]WÛÜ˜XÛKŒLLŒKŒŒKŒŒŒ‹ŒŒŒŒLLÌLÙKLM‚˜ÛÛ™š\›X][Û‹LNËM‹KÛÜœ™[Û‹ŒLLŒŽMŒNMÍLÍÌŽNŒLNLLLLLMŽLÍ‹ŽNLÌÌNMÍMNM‹ŒMÍÎNMNLNŒNM‹ŒŽÍMMÍÌÌNÎMMŽLMYKLM‚˜ÛÛ™š\›X][Û‹LNËM‹KØØWÙ\]Z]˜[[ŒLLŒŽMŒNMÍLÍÌŽNŒLNLLLLLMŽLÍ‹ŽNLÌÌNMÍMNM‹ŒMÍÎNMNLNŒNM‹ŒŽÍMMÍÌÌNÎMMŽLMYKLM‚˜ÛÛ™š\›X][Û‹LNËM‹K˜]×ÜÝ™ŒLLŒŽMŒÍÌŒÍMŒMŒLMÍŒLÎMMMM‹ŽNLÌÍÌÌLÌÌNNMËŒMÍŽMÌNLMŒMMŒŒLÍŒMŒLÎËËŽMÎNŒNKLM‚˜ÛÛ™š\›X][Û‹LNËM‹K[ÜÝ]WÛÜ˜XÛKŒLLŒKŒŒKŒŒŒLŒNLŒ™KLM‚˜ÛÛ™š\›X][Û‹LNËM‹KŒÛÜœ™[Û‹ŒLLŒŽMÌLŽŒŒÎMÎNŒLLMLLLLÌLLL‹ŽNLÎÎÍÎNKŒMLÌŒŽMNNLÍLŽKŒÍMNLLÍÌŒMMKMLLLMLLŒÌLMÎÙKLM‚˜ÛÛ™š\›X][Û‹LNËM‹KŒØØWÙ\]Z]˜[[ŒLLŒŽMÌLŽŒŒÎMÎNŒLLMLLLLÌLLL‹ŽNLÎÎÍÎNKŒMLÌŒŽMNNLÍLŽKŒÍMNLLÍÌŒMMKMLLLMLLŒÌLMÎÙKLM‚˜ÛÛ™š\›X][Û‹LNËM‹KŒ˜]×ÜÝ™ŒLLŒŽMÌŒÌÎLÍÌËŒLLLÎMŽÍNLÍLÍŽKŽNLÎLMÌNMÍÍ‹ŒMMÌŒÎÎÌÌÍM‹ŒÌÎNNMMÍNNŒËËŒÌÌŽLÌÎÍMŽM™KLM‚˜ÛÛ™š\›X][Û‹LNËM‹KŒ[ÜÝ]WÛÜ˜XÛKŒLLŒKŒŒKŒŒŒMÎMŽNMÍMÎÍÌYKLM‚˜ÛÛ™š\›X][Û‹LNKŒKÛÜœ™[Û‹ŒLLŒŽNÌŒÌŽNMMKŒMLLMÎÍŽNLŽŽNNLMLÌÍÌÍMKŒŒMÌNNLNNMMM‹ŒNÎLMŒNLMÎMŽNMÍMÎÍÌYKLM‚˜ÛÛ™š\›X][Û‹LNKŒKØØWÙ\]Z]˜[[ŒLLŒŽNÌŒÌŽNMMKŒMLLMÎÍŽNLŽŽNNLMLÌÍÌÍMKŒŒMÌNNLNNMMM‹ŒNÎLMŒNLMÎMŽNMÍMÎÍÌYKLM‚˜ÛÛ™š\›X][Û‹LNKŒK˜]×ÜÝ™ŒLLŒŽNÌŒÌŽNMLŒMLLMÎÍŽNNŽNNLMLÌÍÌÍMKŒŒMÌNNLNNMLMKŒNÎLMŒNLÍ‹KLÌÍLÍŽLÍÍÌÍKLM‚˜ÛÛ™š\›X][Û‹LNKŒK[ÜÝ]WÛÜ˜XÛKŒLLŒKŒŒKŒŒŒŒMŒÌÌÍŒÍŒÍÌÍÙKLM‚˜ÛÛ™š\›X][Û‹LNKŒKÛÜœ™[Û‹ŒLLŒKŒLMÌÎMŒÌLÎMLKŒŒMLÌÍÍŽNNŒÌNLLÎŒÌÍŒÍÌŒMNNMMMMKŒŒNLŽÍMËËŽMÎNŒNKLM‚˜ÛÛ™š\›X][Û‹LNKŒKØØWÙ\]Z]˜[[ŒLLŒKŒLMÌÎMŒÌLÎMLKŒŒMLÌÍÍŽNNŒÌNLLÎŒÌÍŒÍÌŒMNNMMMMKŒŒNLŽÍMËËŽMÎNŒNKLM‚˜ÛÛ™š\›X][Û‹LNKŒK˜]×ÜÝ™ŒLLŒKŒLMÌÎMŒÌLÎML‹ŒŒMLÌÍŒËŽNNŒÌNLLÎŒÌÍŒÍÌŒMNNMMMKŒŒNLŽÍMLKKLÌÍLÍŽLÍÍÌÍKLM‚˜ÛÛ™š\›X][Û‹LNKŒK[ÜÝ]WÛÜ˜XÛKŒLLŒKŒŒKŒŒŒLŒNLŒ™KLM‚˜ÛÛ™š\›X][Û‹LNKKÛÜœ™[Û‹ŒLLŒKŒMNMLÍMŽMKŒŽÌÌNNMLLŒÎŽNNŒMMÍNMŒÌLMÍLÌMLËŒÍMÌNŒLÌŽ‹ÍÍMMMÍMŒMMŒŽLMKLM‚˜ÛÛ™š\›X][Û‹LNKKØØWÙ\]Z]˜[[ŒLLŒKŒMNMLÍMŽMKŒŽÌÌNNMLLŒÎŽNNŒMMÍNMŒÌLMÍLÌMLËŒÍMÌNŒLÌŽ‹ÍÍMMMÍMŒMMŒŽLMKLM‚˜ÛÛ™š\›X][Û‹LNKK˜]×ÜÝ™ŒLLŒKŒMNMLÍMŽŒŽÌÌNNMLLŒÍ‹ŽNNŒMMÍNMŒÌLMÍLÌMLŒËŒÍMÌNŒLŒÍMËKLÌÍLÍŽLÍÍÌÍKLM‚˜ÛÛ™š\›X][Û‹LNKK[ÜÝ]WÛÜ˜XÛKŒLLŒKŒŒKŒŒŒËŒŒÌÌMÍNYKLM‚˜ÛÛ™š\›X][Û‹LNKKŒÛÜœ™[Û‹ŒLLŒKŒÌÍLÌÍÍŒNNNLÌNLÍMKŽNNLŒÌLMLÌNL‹ŒÌMÍŒMÌLŒKŒMMMŒÌÍÎKËNLŽLMM™KLM‚˜ÛÛ™š\›X][Û‹LNKKŒØØWÙ\]Z]˜[[ŒLLŒKŒÌÍLÌÍÍŒNNNLÌNLÍMKŽNNLŒÌLMLÌNL‹ŒÌMÍŒMÌLŒKŒMMMŒÌÍÎKËNLŽLMM™KLM‚˜ÛÛ™š\›X][Û‹LNKKŒ˜]×ÜÝ™ŒLLŒKŒÌÍLÌÍÎKŒNNNLÌNL‹ŽNNLŒÌLMLÌNMŒÌMÍŒMÌLŒÍŒMMMŒÌÍÎÌÍL‹‹ÍÍMMMÍMŒMMŒŽLMKLM‚˜ÛÛ™š\›X][Û‹LNKKŒ[ÜÝ]WÛÜ˜XÛKŒLLŒKŒŒKŒŒŒKLÌÍLÍŽLÍÍÌÍKLM‚˜ÛÛ™š\›X][Û‹LN‹ŒKÛÜœ™[Û‹ŒLLŒŽNMÌMÌŽÌMNKŒÌÌÎMMNMÌŒLÎM‹ŽNMÎÌŽÍMŒMÍÌ‹ŒÌŒÌŒMNLNÌ‹ŒŒLMÎMLMÌMMÍÌMKËŒLÌLLÌÌMÍÌNLNYKLM‚˜ÛÛ™š\›X][Û‹LN‹ŒKØØWÙ\]Z]˜[[ŒLLŒŽNMÌMÌŽÌMNKŒÌÌÎMMNMÌŒLÎM‹ŽNMÎÌŽÍMŒMÍÌ‹ŒÌŒÌŒMNLNÌ‹ŒŒLMÎMLMÌMMÍÌMKËŒLÌLLÌÌMÍÌNLNYKLM‚˜ÛÛ™š\›X][Û‹LN‹ŒK˜]×ÜÝ™ŒLLŒŽNMÌMÌŽÌMNŒÌÌÎMMNMÌŒM‹ŽNMÎÌŽÍMŒMÍÌ‹ŒÌŒÌŒMNLNÌÍËŒŒLMÎMLMÌMMÍÌMLËKLÌÍLÍŽLÍÍÌÍKLM‚˜ÛÛ™š\›X][Û‹LN‹ŒK[ÜÝ]WÛÜ˜XÛKŒLLŒKŒŒKŒŒŒ‹ŒŒŒŒLLÌLÙKLM‚˜ÛÛ™š\›X][Û‹LN‹ŒKÛÜœ™[Û‹ŒLLŒKŒÍÌLMÍŽLËŒŒMNLMÍMÍMŽŽNNLÎMŒLÍL‹ŒÌNÎLLÌÍ‹ŒMÍMŒÌLMŒMŒÎ‹ŒŒŒŒLLÌLÙKLM‚˜ÛÛ™š\›X][Û‹LN‹ŒKØØWÙ\]Z]˜[[ŒLLŒKŒÍÌLMÍŽLËŒŒMNLMÍMÍMŽŽNNLÎMŒLÍL‹ŒÌNÎLLÌÍ‹ŒMÍMŒÌLMŒMŒÎ‹ŒŒŒŒLLÌLÙKLM‚˜ÛÛ™š\›X][Û‹LN‹ŒK˜]×ÜÝ™ŒLLŒKŒÍÌLMÍŽLÍŒŒMNLMÍMÍMŽŽNNLÎMŒLÍLKŒÌNÎLL‹ŒMÍMŒÌLMŒMNM‹KŒLLŒŒÌŒLMMYKLM‚˜ÛÛ™š\›X][Û‹LN‹ŒK[ÜÝ]WÛÜ˜XÛKŒLLŒKŒŒKŒŒŒKŒLLŒŒÌŒLMMYKLM‚˜ÛÛ™š\›X][Û‹LN‹KÛÜœ™[Û‹ŒLLŒŽNNNMÍLŒMMKŒLMŒLŽNLNŽNNŒŒLMŒŒŒŒMŒŽNÌNMLMÍŽM‹ŒÌŒÍMÌŒÌÌÍÌKLŒNLŒ™KLM‚˜ÛÛ™š\›X][Û‹LN‹KØØWÙ\]Z]˜[[ŒLLŒŽNNNMÍLŒMMKŒLMŒLŽNLNŽNNŒŒLMŒŒŒŒMŒŽNÌNMLMÍŽM‹ŒÌŒÍMÌŒÌÌÍÌKLŒNLŒ™KLM‚˜ÛÛ™š\›X][Û‹LN‹K˜]×ÜÝ™ŒLLŒŽNNNMÍLŒMMKŒLMŒLŽNLNMŒ‹ŽNNŒŒLMŒŒŒŒMŒŽNÌNMLMÍŽLŒÌ‹ŒÌŒÍMÌŒÌÌÍ‹‹ÍÍMMMÍMŒMMŒŽLMKLM‚˜ÛÛ™š\›X][Û‹LN‹K[ÜÝ]WÛÜ˜XÛKŒLLŒKŒŒKŒŒŒËŒLÌLLÌÌMÍÌNLNYKLM‚˜ÛÛ™š\›X][Û‹LN‹KŒÛÜœ™[Û‹ŒLLŒŽNLÍÍŒMÌMÎMŒŒŽMÎMŒŒŽMŽÍKŽNNÎMLÌÌÍÌÍKŒŽÌÍÎMÍÌŒ‹ŒŒLŒÍÍÍNLŒŽLË‹ŒŒŒŒLLÌLÙKLM‚˜ÛÛ™š\›X][Û‹LN‹KŒØØWÙ\]Z]˜[[ŒLLŒŽNLÍÍŒMÌMÎMŒŒŽMÎMŒŒŽMŽÍKŽNNÎMLÌÌÍÌÍKŒŽÌÍÎMÍÌŒ‹ŒŒLŒÍÍÍNLŒŽLË‹ŒŒŒŒLLÌLÙKLM‚˜ÛÛ™š\›X][Û‹LN‹KŒ˜]×ÜÝ™ŒLLŒŽNLÍÍŒMÌMÎLKŒŒŽMÎMŒŒŽMŽÎŽNNÎMLÌÌÍÌÍŒŽÌÍÎMÍÌŽ‹ŒŒLŒÍÍÍNLŒŽLŽËŒLÌLLÌÌMÍÌNLNYKLM‚˜ÛÛ™š\›X][Û‹LN‹KŒ[ÜÝ]WÛÜ˜XÛKŒLLŒKŒŒKŒŒŒKMLLLMLLŒÌLMÎÙKLM‚˜ÛÛ™š\›X][Û‹LNŒKÛÜœ™[Û‹ŒLLŒKŒLÎÎMMŽNMËŒMÍLÍÌÌŒÍŒNLLÍŽKŽNNMÌŽÍMLÍËŒŽNLLÍLÌLÌÌËŒMÌÍLÌÍMÍÎL‹‹ÍÍMMMÍMŒMMŒŽLMKLM‚˜ÛÛ™š\›X][Û‹LNŒKØØWÙ\]Z]˜[[ŒLLŒKŒLÎÎMMŽNMËŒMÍLÍÌÌŒÍŒNLLÍŽKŽNNMÌŽÍMLÍËŒŽNLLÍLÌLÌÌËŒMÌÍLÌÍMÍÎL‹‹ÍÍMMMÍMŒMMŒŽLMKLM‚˜ÛÛ™š\›X][Û‹LNŒK˜]×ÜÝ™ŒLLŒKŒLÎÎMMŽNŒMÍLÍÌÌŒÍŒNLLÍÌKŽNNMÌŽÍMLÍËŒŽNLLÍLÌMŒËŒMÌÍLÌÍMÎŒK‹ŒŒŒŒLLÌLÙKLM‚˜ÛÛ™š\›X][Û‹LNŒK[ÜÝ]WÛÜ˜XÛKŒLLŒKŒŒKŒŒŒ‹ŒMLLMÌLLŒLLKLM‚˜ÛÛ™š\›X][Û‹LNŒKÛÜœ™[Û‹ŒLLŒŽNLLÌŒÎŒŒMMMŽLÌÌÌŽNNÍŽŒLŒÌL‹ŒŽMŒÍMÍÍÍÍÍNMËŒMLMÌŒŽÎNÍMMŽ‹ŒŒŒŒLLÌLÙKLM‚˜ÛÛ™š\›X][Û‹LNŒKØØWÙ\]Z]˜[[ŒLLŒŽNLLÌŒÎŒŒMMMŽLÌÌÌŽNNÍŽŒLŒÌL‹ŒŽMŒÍMÍÍÍÍÍNMËŒMLMÌŒŽÎNÍMMŽ‹ŒŒŒŒLLÌLÙKLM‚˜ÛÛ™š\›X][Û‹LNŒK˜]×ÜÝ™ŒLLŒŽNLLÌŒÍ‹ŒŒMMMŽLÌÌÌŒKŽNNÍŽŒLŒÌL‹ŒŽMŒÍMÍÍÍÍÍÍËŒMLMÌŒŽÎNÍLËËŽMÎNŒNKLM‚˜ÛÛ™š\›X][Û‹LNŒK[ÜÝ]WÛÜ˜XÛKŒLLŒKŒŒKŒŒŒKLÌÍLÍŽLÍÍÌÍKLM‚˜ÛÛ™š\›X][Û‹LNKÛÜœ™[Û‹ŒLLŒŽNÍÍŒMÌNLŒŽLŒLŒLÎMNMŽNMÎLÍNÎNLNMËŒÌŒÍLLÎLNËŒŒŽŽNÍLÎLŽÎMŽ‹ÍÍMMMÍMŒMMŒŽLMKLM‚˜ÛÛ™š\›X][Û‹LNKØØWÙ\]Z]˜[[ŒLLŒŽNÍÍŒMÌNLŒŽLŒLŒLÎMNMŽNMÎLÍNÎNLNMËŒÌŒÍLLÎLNËŒŒŽŽNÍLÎLŽÎMŽ‹ÍÍMMMÍMŒMMŒŽLMKLM‚˜ÛÛ™š\›X][Û‹LNK˜]×ÜÝ™ŒLLŒŽNÍÍŒMÌNNKŒŽLŒLŒLÎMNMŒKŽNMÎLÍNÎNLNMËŒÌŒÍLLÎLNKŒŒŽŽNÍLÎLŽÎNNËŒÌÌŽLÌÎÍMŽM™KLM‚˜ÛÛ™š\›X][Û‹LNK[ÜÝ]WÛÜ˜XÛKŒLLŒKŒŒKŒŒŒ‹ÍÍMMMÍMŒMMŒŽLMKLM‚˜ÛÛ™š\›X][Û‹LNKŒÛÜœ™[Û‹ŒLLŒŽMŽMŒMLÍŒLNŒ‹ŒŒÎŒÌŒMNLKŽNNMMLÍÎMŒLLŒÌÍŽMMÌŒÎNLÍKŒMLŒLMMŒŽLMÍÍŒÌ‹ËŽMÎNŒNKLM‚˜ÛÛ™š\›X][Û‹LNKŒØØWÙ\]Z]˜[[ŒLLŒŽMŽMŒMLÍŒLNŒ‹ŒŒÎŒÌŒMNLKŽNNMMLÍÎMŒLLŒÌÍŽMMÌŒÎNLÍKŒMLŒLMMŒŽLMÍÍŒÌ‹ËŽMÎNŒNKLM‚˜ÛÛ™š\›X][Û‹LNKŒ˜]×ÜÝ™ŒLLŒŽMŽMŒMLÍŒLNNMKŒŒÎŒÌŒMNMKŽNNMMLÍÎMŒLLŒÌÍŽMMÌŒÎNLŒ‹ŒMLŒLMMŒŽLMÍÍŒÌŒ‹‹ŒLŒŒŒÍMÎÍŒYKLM‚˜ÛÛ™š\›X][Û‹LNKŒ[ÜÝ]WÛÜ˜XÛKŒLLŒKŒŒKŒŒŒŒÌÌŽŽÍKLM‚˜ÛÛ™š\›X][Û‹LNKŒKÛÜœ™[Û‹ŒLLŒŽNLŒÍŽÍLMÍÌLKŒÎNMÌLÍÍÌŒMLMŽNMŽMNMÍŽM‹ŒÎNNNÍŽLMNNŒMŒLMMÍŽÌÌŒLÍLŒNLŒ™KLM‚˜ÛÛ™š\›X][Û‹LNKŒKØØWÙ\]Z]˜[[ŒLLŒŽNLŒÍŽÍLMÍÌLKŒÎNMÌLÍÍÌŒMLMŽNMŽMNMÍŽM‹ŒÎNNNÍŽLMNNŒMŒLMMÍŽÌÌŒLÍLŒNLŒ™KLM‚˜ÛÛ™š\›X][Û‹LNKŒK˜]×ÜÝ™ŒLLŒŽNLŒÌMNÎMNŒLLÌLMŒÌLLŽŽNMŽMÌNLMÍÍÍŒÎLLMLNÍŽÌM‹ŒMŒŽMÌMLLN‹ŒMŒÌÌÍŒÍŒÍÌÍÙKLM‚˜ÛÛ™š\›X][Û‹LNKŒK[ÜÝ]WÛÜ˜XÛKŒLLŒKŒŒKŒŒŒËŽMÎNŒNKLM‚˜ÛÛ™š\›X][Û‹LNKŒKÛÜœ™[Û‹ŒLLŒŽNLÍLŽLLŒŽŒMLÌLNLMMËŽNMNLÎLMLMLËŒLMNŽMMNMŒNKŒŒÍŒLLMÌLNL‹ËŒÌÌŽLÌÎÍMŽM™KLM‚˜ÛÛ™š\›X][Û‹LNKŒKØØWÙ\]Z]˜[[ŒLLŒŽNLÍLŽLLŒŽŒMLÌLNLMMËŽNMNLÎLMLMLËŒLMNŽMMNMŒNKŒŒÍŒLLMÌLNL‹ËŒÌÌŽLÌÎÍMŽM™KLM‚˜ÛÛ™š\›X][Û‹LNKŒK˜]×ÜÝ™ŒLLŒŽNLÌÎMLMLNMŒMŽŽMÎNNKŽNMNLÌÌLÎMKŒLÌÌMŒÌÌMÌÌKŒŒŽNŽÌNŒ‹LŒNLŒ™KLM‚˜ÛÛ™š\›X][Û‹LNKŒK[ÜÝ]WÛÜ˜XÛKŒLLŒKŒŒKŒŒŒ‹ÍÍMMMÍMŒMMŒŽLMKLM‚˜ÛÛ™š\›X][Û‹LNKKÛÜœ™[Û‹ŒLLŒŽNÌÍÌÌLÌLKŒMŒÌNMNLÍŒL‹ŽNMMŒÍŒÎMLL‹ŒÌŒMMŒÍÌÎMŒNLŽÍMÌÍÎNKËŽMÎNŒNKLM‚˜ÛÛ™š\›X][Û‹LNKKØØWÙ\]Z]˜[[ŒLLŒŽNÌÍÌÌLÌLKŒMŒÌNMNLÍŒL‹ŽNMMŒÍŒÎMLL‹ŒÌŒMMŒÍÌÎMŒNLŽÍMÌÍÎNKËŽMÎNŒNKLM‚˜ÛÛ™š\›X][Û‹LNKK˜]×ÜÝ™ŒLLŒŽNÍÍŒŽŽMÌ‹ŒMLMÌÎMMNÌËŽNMMÌNLNMŽLÎMÍLÎKŒŒÌÍÌÍNÎMKŒNMMÌÍÌLÌÍŒÌË‹ŒŒŒŒLLÌLÙKLM‚˜ÛÛ™š\›X][Û‹LNKK[ÜÝ]WÛÜ˜XÛKŒLLŒKŒŒKŒŒŒ‹ÍÍMMMÍMŒMMŒŽLMKLM‚˜ÛÛ™š\›X][Û‹LNKKŒÛÜœ™[Û‹ŒLLŒŽNÎMÎŒÎMÍÌËŒŒMŒÍŒÍÍÌÍÌÎŽNMŒMÍMŒ‹ŒŒÍMŒŒÌLÎMËŒŒŒÍMLNNMÎLŒËKMLLLMLLŒÌLMÎÙKLM‚˜ÛÛ™š\›X][Û‹LNKKŒØØWÙ\]Z]˜[[ŒLLŒŽNÎMÎŒÎMÍÌËŒŒMŒÍŒÍÍÌÍÌÎŽNMŒMÍMŒ‹ŒŒÍMŒŒÌLÎMËŒŒŒÍMLNNMÎLŒËKMLLLMLLŒÌLMÎÙKLM‚˜ÛÛ™š\›X][Û‹LNKKŒ˜]×ÜÝ™ŒLLŒŽNŽŽLNLÍ‹ŒMÌÍÌÍÍŽNKŽNMNNÍLL‹ŒNÌÎNŒÌÍŽLŒNKŒNMÍŽMÍÌÌŽMÌMŽNMŒÍŒLLÌŒKLM‚˜ÛÛ™š\›X][Û‹LNKKŒ[ÜÝ]WÛÜ˜XÛKŒLLŒKŒŒKŒŒŒKMLLLMLLŒÌLMÎÙKLM‚˜ÛÛ™š\›X][Û‹LN‹ŒKÛÜœ™[Û‹ŒLLŒŽNNLÌMÍÍÍÍLÌ‹ŒLÍNÍÌÌLMMŒŽNMŒLÍÎLŽNKŒŒŽMLLÌŒŒÍMŒMNMLÎMÌÍËÌNÎMMŽLMYKLM‚˜ÛÛ™š\›X][Û‹LN‹ŒKØØWÙ\]Z]˜[[ŒLLŒŽNNLÌMÍÍÍÍLÌ‹ŒLÍNÍÌÌLMMŒŽNMŒLÍÎLŽNKŒŒŽMLLÌŒŒÍMŒMNMLÎMÌÍËÌNÎMMŽLMYKLM‚˜ÛÛ™š\›X][Û‹LN‹ŒK˜]×ÜÝ™ŒLLŒŽNLÌÎÎNNËŒLŒLŽLNLŽLŒÎŽNMŒLLMŽNLMËŒMLMÍÎMŒÎNÍËŒLÍŒÍMŒÌÍÎMŽMËŽMÎNŒNKLM‚˜ÛÛ™š\›X][Û‹LN‹ŒK[ÜÝ]WÛÜ˜XÛKŒLLŒKŒŒKŒŒŒ‹ŒŒŒŒLLÌLÙKLM‚˜ÛÛ™š\›X][Û‹LN‹ŒKÛÜœ™[Û‹ŒLLŒŽNÎMŒŒŽLŽKŒLMNNÎÌŒÍŒMÍLKŽNMŒLÍŒMÍÌËŒŽLÎLÎLLŒMÌÌ‹ŒMMMÍMŽÌÌËËŒÌÌŽLÌÎÍMŽM™KLM‚˜ÛÛ™š\›X][Û‹LN‹ŒKØØWÙ\]Z]˜[[ŒLLŒŽNÎMŒŒŽLŽKŒLMNNÎÌŒÍŒMÍLKŽNMŒLÍŒMÍÌËŒŽLÎLÎLLŒMÌÌ‹ŒMMMÍMŽÌÌËËŒÌÌŽLÌÎÍMŽM™KLM‚˜ÛÛ™š\›X][Û‹LN‹ŒK˜]×ÜÝ™ŒLLŒŽNŒÌÌNLÌÎNKŒLLLLÍNÌKŽNMŒŒNLÌËŒNNLÍÌÌŒÎMŒMŒLLÌŒÎ‹ŒŒŒŒLLÌLÙKLM‚˜ÛÛ™š\›X][Û‹LN‹ŒK[ÜÝ]WÛÜ˜XÛKŒLLŒKŒŒKŒŒŒ‹ŒŒŒŒLLÌLÙKLM‚˜ÛÛ™š\›X][Û‹LN‹KÛÜœ™[Û‹ŒLLŒŽNNÍŽLŽÍŒŒKŒLÍÍÌŒLÍLNMMMMŽNMÎŽÍMÍŒKŒŒŒŒÌNMLŒËŒŒLLŽMÌMKËŽMÎNŒNKLM‚˜ÛÛ™š\›X][Û‹LN‹KØØWÙ\]Z]˜[[ŒLLŒŽNNÍŽLŽÍŒŒKŒLÍÍÌŒLÍLNMMMMŽNMÎŽÍMÍŒKŒŒŒŒÌNMLŒËŒŒLLŽMÌMKËŽMÎNŒNKLM‚˜ÛÛ™š\›X][Û‹LN‹K˜]×ÜÝ™ŒLLŒŽNŒMLÍÎLÌÌÍNŒLMMÎÌŒÍËŽNMŽLLLLÎMÎŒŒÍLNŽŽÍKŒŒLÌŽLÎLÍŽMŒËËŒŒÌÌMÍNYKLM‚˜ÛÛ™š\›X][Û‹LN‹K[ÜÝ]WÛÜ˜XÛKŒLLŒKŒŒKŒŒŒ‹ŒLÌÎMÍÍLLÎYKLM‚˜ÛÛ™š\›X][Û‹LN‹KŒÛÜœ™[Û‹ŒLLŒŽNMMŒŒÍLÌLNKŒÍÌÍMÌÎŽMŒL‹ŽNMÌLÍLŒŒÍËŒÍÌLÍNMLLÌNM‹ŒMNMLNMLLKLŒNLŒ™KLM‚˜ÛÛ™š\›X][Û‹LN‹KŒØØWÙ\]Z]˜[[ŒLLŒŽNMMŒŒÍLÌLNKŒÍÌÍMÌÎŽMŒL‹ŽNMÌLÍLŒŒÍËŒÍÌLÍNMLLÌNM‹ŒMNMLNMLLKLŒNLŒ™KLM‚˜ÛÛ™š\›X][Û‹LN‹KŒ˜]×ÜÝ™ŒLLŒŽNMŒMLŒŽLKŒÍŽMÌÌŽÎMÌNŽNMÌŽÎLNMŒÎKŒÍŽMMMLLÍKŒMŒLŒLÍŒÍMÍÌKKMLLLMLLŒÌLMÎÙKLM‚˜ÛÛ™š\›X][Û‹LN‹KŒ[ÜÝ]WÛÜ˜XÛKŒLLŒKŒŒKŒŒŒ‹ŒLŒŒŒÍMÎÍŒYKLM‚˜ÛÛ™š\›X][Û‹LNŒKÛÜœ™[Û‹ŒLLŒŽMNNÌNNLŒKŒNLŒÍLMÌÎ‹ŽNMMŽMŒLMÍÍËŒLÌNŒŒÎM‹ŒÌÍÎÍŒLLLÍMMMMËŒLÌLLÌÌMÍÌNLNYKLM‚˜ÛÛ™š\›X][Û‹LNŒKØØWÙ\]Z]˜[[ŒLLŒŽMNNÌNNLŒKŒNLŒÍLMÌÎ‹ŽNMMŽMŒLMÍÍËŒLÌNŒŒÎM‹ŒÌÍÎÍŒLLLÍMMMMËŒLÌLLÌÌMÍÌNLNYKLM‚˜ÛÛ™š\›X][Û‹LNŒK˜]×ÜÝ™ŒLLŒŽMNNMŒLÍNNMÍËŒNLŒÎLMML‹ŽNMMŒÍÌMÍÌNLÍ‹ŒÌÍMÍŒÌÍŒÌÍMŽMÌÌÌMLKËŒÌÌŽLÌÎÍMŽM™KLM‚˜ÛÛ™š\›X][Û‹LNŒK[ÜÝ]WÛÜ˜XÛKŒLLŒKŒŒKŒŒŒLŒNLŒ™KLM‚˜ÛÛ™š\›X][Û‹LNŒKÛÜœ™[Û‹ŒLLŒŽNLÍÌÍLMLŽNM‹ŒNNLŒNÍ‹ŽNMŒÍMMMMÍÌŒ‹ŒÍŽNNLMMKŒÌŒŽNMLŽNMŒ‹NNMŒ™KLM‚˜ÛÛ™š\›X][Û‹LNŒKØØWÙ\]Z]˜[[ŒLLŒŽNLÍÌÍLMLŽNM‹ŒNNLŒNÍ‹ŽNMŒÍMMMMÍÌŒ‹ŒÍŽNNLMMKŒÌŒŽNMLŽNMŒ‹NNMŒ™KLM‚˜ÛÛ™š\›X][Û‹LNŒK˜]×ÜÝ™ŒLLŒŽNMNMŽMKŒÍŒÌLNLNNMÌŒ‹ŽNMÍÌÎÍLŽLMÎŒNMÎLNLLMŽMÍ‹ŒÌŒNŒÍÍÍNNŽNMŒÍŒLLÌŒKLM‚˜ÛÛ™š\›X][Û‹LNŒK[ÜÝ]WÛÜ˜XÛKŒLLŒKŒŒKŒŒŒËŽMÎNŒNKLM‚˜ÛÛ™š\›X][Û‹LNKÛÜœ™[Û‹ŒLLŒŽMNLÍMÌÍÌLÍŒ‹ŒLÎLNNMÌÌLŒÎMKŽNMŒLÎMÍLLÌLŒ‹ŒÎLÌÌNLŒÌÎËŒMŽNNLLMŒŽNLLËLŒNLŒ™KLM‚˜ÛÛ™š\›X][Û‹LNKØØWÙ\]Z]˜[[ŒLLŒŽMNLÍMÌÍÌLÍŒ‹ŒLÎLNNMÌÌLŒÎMKŽNMŒLÎMÍLLÌLŒ‹ŒÎLÌÌNLŒÌÎËŒMŽNNLLMŒŽNLLËLŒNLŒ™KLM‚˜ÛÛ™š\›X][Û‹LNK˜]×ÜÝ™ŒLLŒŽMLÌMMLMÌŒMMŽM‹ŽNMŒŒNLMÌLMÎNLÌMKŒÍÎMŒMMLÍLÌËŒMŽÍŒŒŽMMLÌ‹LŒNLŒ™KLM‚˜ÛÛ™š\›X][Û‹LNK[ÜÝ]WÛÜ˜XÛKŒLLŒKŒŒKŒŒŒ‹ÍÍMMMÍMŒMMŒŽLMKLM‚˜ÛÛ™š\›X][Û‹LNKŒÛÜœ™[Û‹ŒLLŒŽNŒÌÌNŒÌŒÌKŒÎLÍMÍLÌLKŽNMŽMÍÎLLKŒÎNÌÍMÍŽLŒÌNÍÌÍÌŒN‹‹ŒŒŒŒLLÌLÙKLM‚˜ÛÛ™š\›X][Û‹LNKŒØØWÙ\]Z]˜[[ŒLLŒŽNŒÌÌNŒÌŒÌKŒÎLÍMÍLÌLKŽNMŽMÍÎLLKŒÎNÌÍMÍŽLŒÌNÍÌÍÌŒN‹‹ŒŒŒŒLLÌLÙKLM‚˜ÛÛ™š\›X][Û‹LNKŒ˜]×ÜÝ™ŒLLŒŽNÍÍÎMÌMŒLÌËŒÎMŽMNNMÎMKŽNMÍÌÎÎŒMŒ‹ŒMŒÌMÎMLÌLM‹ŒÎLMŒÎLËLŒNLŒ™KLM‚˜ÛÛ™š\›X][Û‹LNKŒ[ÜÝ]WÛÜ˜XÛKŒLLŒKŒŒKŒŒŒËŒŒÌÌMÍNYKLM‚˜ÛÛ™š\›X][Û‹LNM‹KŒKÛÜœ™[Û‹ŒLLŒŽMÍÎNLLNMNŒ‹ŒLNÍMŒÍŽËŽNLŽMLŒÍMMLÌKŒNLÍŒNÌÍŽLN‹ŒŽNŒŒMŒMŒŽŒŒŽËÎŒÍÎMÍMNNKLM‚˜ÛÛ™š\›X][Û‹LNM‹KŒKØØWÙ\]Z]˜[[ŒLLŒŽMÍÎNLLNMNŒ‹ŒLNÍMŒÍŽËŽNLŽMLŒÍMMLÌKŒNLÍŒNÌÍŽLN‹ŒŽNŒŒMŒMŒŽŒŒŽËÎŒÍÎMÍMNNKLM‚˜ÛÛ™š\›X][Û‹LNM‹KŒK˜]×ÜÝ™ŒLLŒŽMÎMÍMÎMÎNŒLMNMŒÎMLŽNLÍMÌKŽNLÌÍÌŽNLMÌŒ‹ŒMÎNLLNLÎŒŽLÌÌLNNMÍË‹NNMŒ™KLM‚˜ÛÛ™š\›X][Û‹LNM‹KŒK[ÜÝ]WÛÜ˜XÛKŒLLŒKŒŒKŒŒŒÌNÎMMŽLMYKLM‚˜ÛÛ™š\›X][Û‹LNM‹KŒKÛÜœ™[Û‹ŒLLŒŽMŒMMNÍLLŽLÌM‹ŒLNLÌLMÎŒŒÌNNËŽNLÌMŽMÌÍMMÍ‹ŒNNLÍÎMLÌLÌMËŒŽMŒŒŽLÍŒMMËŽMÎNŒNKLM‚˜ÛÛ™š\›X][Û‹LNM‹KŒKØØWÙ\]Z]˜[[ŒLLŒŽMŒMMNÍLLŽLÌM‹ŒLNLÌLMÎŒŒÌNNËŽNLÌMŽMÌÍMMÍ‹ŒNNLÍÎMLÌLÌMËŒŽMŒŒŽLÍŒMMËŽMÎNŒNKLM‚˜ÛÛ™š\›X][Û‹LNM‹KŒK˜]×ÜÝ™ŒLLŒŽMŒŒŒÌÌÎÍÎMLMËŒLMÌLŒŽLMNŽNLÌÎNNLŽŒÍ‹ŒNMÍÌŽMÍŽLKŒŽŽMÍLÍLÌÌËËŽMÎNŒNKLM‚˜ÛÛ™š\›X][Û‹LNM‹KŒK[ÜÝ]WÛÜ˜XÛKŒLLŒKŒŒKŒŒŒMÎMŽNMÍMÎÍÌYKLM‚˜ÛÛ™š\›X][Û‹LNM‹KKÛÜœ™[Û‹ŒLLŒŽMŒÎMMÌÎNŒLLLÎÍÎŒMÌKŽNLÎLÎŒÍŒÍÌŽM‹ŒMLLÍLMŒÌ‹ŒŒÍŒÎÍLLŒMMÍËKMLLLMLLŒÌLMÎÙKLM‚˜ÛÛ™š\›X][Û‹LNM‹KKØØWÙ\]Z]˜[[ŒLLŒŽMŒÎMMÌÎNŒLLLÎÍÎŒMÌKŽNLÎLÎŒÍŒÍÌŽM‹ŒMLLÍLMŒÌ‹ŒŒÍŒÎÍLLŒMMÍËKMLLLMLLŒÌLMÎÙKLM‚˜ÛÛ™š\›X][Û‹LNM‹KK˜]×ÜÝ™ŒLLŒŽMŒÌMMLÍÌÍÍ‹ŒLÍÌÎLÌMÌËŽNMLÎLŒŒÌLNÌ‹ŒMLŒŒMLŒŒÌŒLNLŒÌŽÍ‹ÌNÎMMŽLMYKLM‚˜ÛÛ™š\›X][Û‹LNM‹KK[ÜÝ]WÛÜ˜XÛKŒLLŒKŒŒKŒŒŒËŒLÌLLÌÌMÍÌNLNYKLM‚˜ÛÛ™š\›X][Û‹LNM‹KKŒÛÜœ™[Û‹ŒLLŒŽNNŒÍLŽMŽLÌKŒLMLÌÎÎNMNNNÎŽNLÌÎMLÎMNNNNKŒMÍŽLÎLÎLÌÌËŒMLŒMÎLÎÎ‹ËŒÌÌŽLÌÎÍMŽM™KLM‚˜ÛÛ™š\›X][Û‹LNM‹KKŒØØWÙ\]Z]˜[[ŒLLŒŽNNŒÍLŽMŽLÌKŒLMLÌÎÎNMNNNÎŽNLÌÎMLÎMNNNNKŒMÍŽLÎLÎLÌÌËŒMLŒMÎLÎÎ‹ËŒÌÌŽLÌÎÍMŽM™KLM‚˜ÛÛ™š\›X][Û‹LNM‹KKŒ˜]×ÜÝ™ŒLLŒŽNÌÍLLÎLŒÌMŒLLÌŽNMÍŒL‹ŽNLÍMÌŒMMNŒNL‹ŒMŽLMŒLŽŒLKŒÌLÌŒLŒLÎ‹LŒNLŒ™KLM‚˜ÛÛ™š\›X][Û‹LNM‹KKŒ[ÜÝ]WÛÜ˜XÛKŒLLŒKŒŒKŒŒŒLŒNLŒ™KLM‚˜ÛÛ™š\›X][Û‹LNM‹‹ŒKÛÜœ™[Û‹ŒLLŒŽMÍLÌLLŒÍNMMŒLMNMÌŒLMÌKŽNLÌÍÍÌŽMKŒMÍŽÌNMMŽNLMŒLŽMLŽNNÌÍKËŽMÎNŒNKLM‚˜ÛÛ™š\›X][Û‹LNM‹‹ŒKØØWÙ\]Z]˜[[ŒLLŒŽMÍLÌLLŒÍNMMŒLMNMÌŒLMÌKŽNLÌÍÍÌŽMKŒMÍŽÌNMMŽNLMŒLŽMLŽNNÌÍKËŽMÎNŒNKLM‚˜ÛÛ™š\›X][Û‹LNM‹‹ŒK˜]×ÜÝ™ŒLLŒŽMÍMÌNMÍÌŒÎLNŒLMLLLLÍÌÌÌŽŽNLÌÎNLÌMÍŒKŒMÍMŒMŽNMNLËŒÍMÍMÍÎMÌÍK‹ŒLÌÎMÍÍLLÎYKLM‚˜ÛÛ™š\›X][Û‹LNM‹‹ŒK[ÜÝ]WÛÜ˜XÛKŒLLŒKŒŒKŒŒŒŒÍÌMLÌMNMŒMMMKLM‚˜ÛÛ™š\›X][Û‹LNM‹‹ŒKÛÜœ™[Û‹ŒLLŒŽMÎÌMNLŒÎËŒLMŽMŒLMKŽNLÍŒŒMŒÎLŽLŒMMLÍÌŒŽMÎLNNLÌÌÌŒËŽMÎNŒNKLM‚˜ÛÛ™š\›X][Û‹LNM‹‹ŒKØØWÙ\]Z]˜[[ŒLLŒŽMÎÌMNLŒÎËŒLMŽMŒLMKŽNLÍŒŒMŒÎLŽLŒMMLÍÌŒŽMÎLNNLÌÌÌŒËŽMÎNŒNKLM‚˜ÛÛ™š\›X][Û‹LNM‹‹ŒK˜]×ÜÝ™ŒLLŒŽMŽÍLMMLÌLŒKŒLLLŒMÌMÍŒLÌËŽNLÍÍÌNLÍNLŒ‹ŒMNŒLŽMLŒLMNŒŽLNMNLNLÎKËŒÌÌŽLÌÎÍMŽM™KLM‚˜ÛÛ™š\›X][Û‹LNM‹‹ŒK[ÜÝ]WÛÜ˜XÛKŒLLŒKŒŒKŒŒŒŽNMŒÍŒLLÌŒKLM‚˜ÛÛ™š\›X][Û‹LNM‹‹KÛÜœ™[Û‹ŒLLŒŽNÌNŒŽLMËŒLÍLÎNÍŽMLMŒKŽNMLŽŒLMMÍÍKŒLMMLŽMNKŒNMLŒÌLNLÍŒÌËËŒÌÌŽLÌÎÍMŽM™KLM‚˜ÛÛ™š\›X][Û‹LNM‹‹KØØWÙ\]Z]˜[[ŒLLŒŽNÌNŒŽLMËŒLÍLÎNÍŽMLMŒKŽNMLŽŒLMMÍÍKŒLMMLŽMNKŒNMLŒÌLNLÍŒÌËËŒÌÌŽLÌÎÍMŽM™KLM‚˜ÛÛ™š\›X][Û‹LNM‹‹K˜]×ÜÝ™ŒLLŒŽNÍŽMŒMÍÌŒŽKŒLŽNMÌMŒŽKŽNMÍÌMŒLMM‹ŒLLŽMŽMÌÍLŒLŒKŒNLMÍMMLLŽÍMÌÌËLŒNLŒ™KLM‚˜ÛÛ™š\›X][Û‹LNM‹‹K[ÜÝ]WÛÜ˜XÛKŒLLŒKŒŒKŒŒŒ‹ŒŒŒŒLLÌLÙKLM‚˜ÛÛ™š\›X][Û‹LNM‹‹KŒÛÜœ™[Û‹ŒLLŒŽMŒÎMMLNÎŒLNLÎŒÍMNNŽNLÌŽNMŽNÌNL‹ŒMÎMÎLÍÎÍNL‹ŒŽLÎMMŽKÌNÎMMŽLMYKLM‚˜ÛÛ™š\›X][Û‹LNM‹‹KŒØØWÙ\]Z]˜[[ŒLLŒŽMŒÎMMLNÎŒLNLÎŒÍMNNŽNLÌŽNMŽNÌNL‹ŒMÎMÎLÍÎÍNL‹ŒŽLÎMMŽKÌNÎMMŽLMYKLM‚˜ÛÛ™š\›X][Û‹LNM‹‹KŒ˜]×ÜÝ™ŒLLŒŽMLŒLLÌMÎŒŒLMMLÎLÌÍÌMLLÍ‹ŽNLÍLMLÌÍÍÍMMËŒMŽNLLŒMŒÎÌ‹ŒŽNNŒŽLŽNËLŒNLŒ™KLM‚˜ÛÛ™š\›X][Û‹LNM‹‹KŒ[ÜÝ]WÛÜ˜XÛKŒLLŒKŒŒKŒŒŒËŽMÎNŒNKLM‚˜ÛÛ™š\›X][Û‹LNM‹ŒKÛÜœ™[Û‹ŒLLŒŽMÌLLÌÌLLÌŽLKŒLLŽNMMLÍMNŽNLÍŽLMKŒMŒŒLNLÌŒŽNKŒMLÎLŽMŽLKLŒNLŒ™KLM‚˜ÛÛ™š\›X][Û‹LNM‹ŒKØØWÙ\]Z]˜[[ŒLLŒŽMÌLLÌÌLLÌŽLKŒLLŽNMMLÍMNŽNLÍŽLMKŒMŒŒLNLÌŒŽNKŒMLÎLŽMŽLKLŒNLŒ™KLM‚˜ÛÛ™š\›X][Û‹LNM‹ŒK˜]×ÜÝ™ŒLLŒŽMÌMŒNÌÎMÍÌŒLËŒLLMÌÍÍMMMŒŽŽNLÍÍLŒNLŒŒÎŒMNLNLÎMÎŒLŽŽLLLMÌ‹ŽNMŒÍŒLLÌŒKLM‚˜ÛÛ™š\›X][Û‹LNM‹ŒK[ÜÝ]WÛÜ˜XÛKŒLLŒKŒŒKŒŒŒKMÌŒNÌYKLM‚˜ÛÛ™š\›X][Û‹LNM‹ŒKÛÜœ™[Û‹ŒLLŒŽMÌMÎŒÍLÎMŒKŒLLNMNMMŽLLÌKŽNLÍÎÍÎLŒŽMKŒMMÌÌŽLŒÍNMŽËŒŒÍŒÎLLÌŒŒLNMËŒMŒÌÌÍŒÍŒÍÌÍÙKLM‚˜ÛÛ™š\›X][Û‹LNM‹ŒKØØWÙ\]Z]˜[[ŒLLŒŽMÌMÎŒÍLÎMŒKŒLLNMNMMŽLLÌKŽNLÍÎÍÎLŒŽMKŒMMÌÌŽLŒÍNMŽËŒŒÍŒÎLLÌŒŒLNMËŒMŒÌÌÍŒÍŒÍÌÍÙKLM‚˜ÛÛ™š\›X][Û‹LNM‹ŒK˜]×ÜÝ™ŒLLŒŽMÌŒLÌLMŒKŒLLLŒÌÌÌŒŽMLÍËŽNMMŒÍÍÍŒKŒMMNMŒŒŽLÌŒŒÍŒŒMÍLLNMLŽKKNNMNLLÌNYKLM‚˜ÛÛ™š\›X][Û‹LNM‹ŒK[ÜÝ]WÛÜ˜XÛKŒLLŒKŒŒKŒŒŒËŒLÌLLÌÌMÍÌNLNYKLM‚˜ÛÛ™š\›X][Û‹LNM‹KÛÜœ™[Û‹ŒLLŒŽMÌMÌLLÌŽLÎMMLÌ‹ŒLNŽLNÌMLÌŽNLÌLÌLLNMŽML‹ŒNŒLÎŽLÎMNŒNNNLŽNMËËŒÌÌŽLÌÎÍMŽM™KLM‚˜ÛÛ™š\›X][Û‹LNM‹KØØWÙ\]Z]˜[[ŒLLŒŽMÌMÌLLÌŽLÎMMLÌ‹ŒLNŽLNÌMLÌŽNLÌLÌLLNMŽML‹ŒNŒLÎŽLÎMNŒNNNLŽNMËËŒÌÌŽLÌÎÍMŽM™KLM‚˜ÛÛ™š\›X][Û‹LNM‹K˜]×ÜÝ™ŒLLŒŽMÌŒÍŒLMLLLËŒLNÌÎLMÍÌŽŒMNKŽNLÌLNLÌÌŒNLMËŒNMÍNMŒÌLŽMÍ‹ŒÌÍÌÌÍÌLËLŒNLŒ™KLM‚˜ÛÛ™š\›X][Û‹LNM‹K[ÜÝ]WÛÜ˜XÛKŒLLŒKŒŒKŒŒŒËŽMÎNŒNKLM‚˜ÛÛ™š\›X][Û‹LNM‹KŒÛÜœ™[Û‹ŒLLŒŽMÍÎÌMÎMÌÌŒLÌMLŒŽLMŽ‹ŽNMNNÍŒLLÍŒLÎNLNÌNNLÍM‹ŒMÍÎMÎŒMÌŽMMËËÍÌMMŒLMÌŒÍÍŒM™KLM‚˜ÛÛ™š\›X][Û‹LNM‹KŒØØWÙ\]Z]˜[[ŒLLŒŽMÍÎÌMÎMÌÌŒLÌMLŒŽLMŽ‹ŽNMNNÍŒLLÍŒLÎNLNÌNNLÍM‹ŒMÍÎMÎŒMÌŽMMËËÍÌMMŒLMÌŒÍÍŒM™KLM‚˜ÛÛ™š\›X][Û‹LNM‹KŒ˜]×ÜÝ™ŒLLŒŽMÍŽMLNKŒLŒŒLMMŽNMMNMŽÎ‹ŒLÍNLMÌLNÌŽLÌÍMKŒMÍÍLŒNLLÌÍMŒÍ‹LŒNLŒ™KLM‚˜ÛÛ™š\›X][Û‹LNM‹KŒ[ÜÝ]WÛÜ˜XÛKŒLLŒKŒŒKŒŒŒLŒNLŒ™KLM‚˜ÛÛ™š\›X][Û‹LNKKŒKÛÜœ™[Û‹ŒLLŒŽNÍÍŒMÌMŒÌŽMÎKŒŽNLÍMŒLŒËŽNNLŽMMNLMÌKŒŒMNÌMLLLMMÎ‹ŒLNMÎMÍŽÍK‹ŒŒŒŒLLÌLÙKLM‚˜ÛÛ™š\›X][Û‹LNKKŒKØØWÙ\]Z]˜[[ŒLLŒŽNÍÍŒMÌMŒÌŽMÎKŒŽNLÍMŒLŒËŽNNLŽMMNLMÌKŒŒMNÌMLLLMMÎ‹ŒLNMÎMÍŽÍK‹ŒŒŒŒLLÌLÙKLM‚˜ÛÛ™š\›X][Û‹LNKKŒK˜]×ÜÝ™ŒLLŒŽNÍÍŒMÌMŒÌŽMÎKŒŽNLÍMŒLMËŽNNLŽMMNLMÌKŒŒMNÌMLLLMMŒKŒLNMÎMÍŽÍŒÌË‹ÍÍMMMÍMŒMMŒŽLMKLM‚˜ÛÛ™š\›X][Û‹LNKKŒK[ÜÝ]WÛÜ˜XÛKŒLLŒKŒŒKŒŒŒ‹ÍÍMMMÍMŒMMŒŽLMKLM‚˜ÛÛ™š\›X][Û‹LNKKŒKÛÜœ™[Û‹ŒLLŒŽNLÍLÍLNMÌ‹ŒÍMÍÌMMÍÌÌŽŽNMÍÎŒMÍÌÌŒKŒÌÌŽNLÌKŒŒÍLŒNLŽMŽË‹ŒŒŒŒLLÌLÙKLM‚˜ÛÛ™š\›X][Û‹LNKKŒKØØWÙ\]Z]˜[[ŒLLŒŽNLÍLÍLNMÌ‹ŒÍMÍÌMMÍÌÌŽŽNMÍÎŒMÍÌÌŒKŒÌÌŽNLÌKŒŒÍLŒNLŽMŽË‹ŒŒŒŒLLÌLÙKLM‚˜ÛÛ™š\›X][Û‹LNKKŒK˜]×ÜÝ™ŒLLŒŽNLÍLÍLNMÌMËŒÍMÍÌMMÍÌÌÍ‹ŽNMÍÎŒMÍÌÌŒ‹ŒÌÌŽNLŽKŒŒÍLŒNLŽLÎ‹ŒŒŒŒLLÌLÙKLM‚˜ÛÛ™š\›X][Û‹LNKKŒK[ÜÝ]WÛÜ˜XÛKŒLLŒKŒŒKŒŒŒŽNMŒÍŒLLÌŒKLM‚˜ÛÛ™š\›X][Û‹LNKKKÛÜœ™[Û‹ŒLLŒŽNMMNŽLMLÌLŒÌÍÍÌÌMMNÎMŽNMÍNMŽÌÍŽŒŒKŒÍŒÎNMMLLLKŒÌNLŒLŒLŒŽK‹ŒŒŒŒLLÌLÙKLM‚˜ÛÛ™š\›X][Û‹LNKKKØØWÙ\]Z]˜[[ŒLLŒŽNMMNŽLMLÌLŒÌÍÍÌÌMMNÎMŽNMÍNMŽÌÍŽŒŒKŒÍŒÎNMMLLLKŒÌNLŒLŒLŒŽK‹ŒŒŒŒLLÌLÙKLM‚˜ÛÛ™š\›X][Û‹LNKKK˜]×ÜÝ™ŒLLŒŽNMMNŽLMLÌLL‹ŒÌÍÍÌÌMMNÎŽNMÍNMŽÌÍŽŒ‹ŒÍŒÎNMMLLLKŒÌNLŒLŒLNMËŒŒÌÌMÍNYKLM‚˜ÛÛ™š\›X][Û‹LNKKK[ÜÝ]WÛÜ˜XÛKŒLLŒKŒŒKŒŒŒKŒLLŒŒÌŒLMMYKLM‚˜ÛÛ™š\›X][Û‹LNKKKŒÛÜœ™[Û‹ŒLLŒKŒNŽÍÍÍŒNLËŒÌÍÌŒMLËŽNMÍÍNMÍÍNMŒL‹ŒÌÍŒÍÌÍMNMËŒŒŒÍÌŽMLÍMË‹ŒLŒŒŒÍMÎÍŒYKLM‚˜ÛÛ™š\›X][Û‹LNKKKŒØØWÙ\]Z]˜[[ŒLLŒKŒNŽÍÍÍŒNLËŒÌÍÌŒMLËŽNMÍÍNMÍÍNMŒL‹ŒÌÍŒÍÌÍMNMËŒŒŒÍÌŽMLÍMË‹ŒLŒŒŒÍMÎÍŒYKLM‚˜ÛÛ™š\›X][Û‹LNKKKŒ˜]×ÜÝ™ŒLLŒKŒNŽÍÍÍŒŒ‹ŒÌÍÌŒMLMŽNMÍÍNMÍÍNMŒL‹ŒÌÍŒÍÌÍMNLËŒŒŒÍÌŽMLÍNKKMLLLMLLŒÌLMÎÙKLM‚˜ÛÛ™š\›X][Û‹LNKKKŒ[ÜÝ]WÛÜ˜XÛKŒLLŒKŒŒKŒŒŒ‹NNMŒ™KLM‚˜ÛÛ™š\›X][Û‹LNK‹ŒKÛÜœ™[Û‹ŒLLŒKŒÌŒNLLNMŒKŒMÍÎLÍÎŒÍÌMMËŽNNLÌŽŒÍËŒÌÌNMLLLÌÌŒLÌŒÌNM‹LŒMŒŽMÌÎMYKLM‚˜ÛÛ™š\›X][Û‹LNK‹ŒKØØWÙ\]Z]˜[[ŒLLŒKŒÌŒNLLNMŒKŒMÍÎLÍÎŒÍÌMMËŽNNLÌŽŒÍËŒÌÌNMLLLÌÌŒLÌŒÌNM‹LŒMŒŽMÌÎMYKLM‚˜ÛÛ™š\›X][Û‹LNK‹ŒK˜]×ÜÝ™ŒLLŒKŒÌŒNLLNMŒMŒMÍÎLÍÎŒÍÌMËŽNNLÌŽŒÍËŒÌÌNMLLLÌÌŒLÌŒÌNŒKKLÌÍLÍŽLÍÍÌÍKLM‚˜ÛÛ™š\›X][Û‹LNK‹ŒK[ÜÝ]WÛÜ˜XÛKŒLLŒKŒŒKŒŒŒMÎMŽNMÍMÎÍÌYKLM‚˜ÛÛ™š\›X][Û‹LNK‹ŒKÛÜœ™[Û‹ŒLLŒŽNLÍÌNNLLLÎM‹ŒNLŒŽNMŒÌÌMŒËŽNNLÍÍÍÍËŒŽMŒMŒÍLÎËŒMÎLÌŒÍÍŒLLÌLLŒÌKËŒÌÌŽLÌÎÍMŽM™KLM‚˜ÛÛ™š\›X][Û‹LNK‹ŒKØØWÙ\]Z]˜[[ŒLLŒŽNLÍÌNNLLLÎM‹ŒNLŒŽNMŒÌÌMŒËŽNNLÍÍÍÍËŒŽMŒMŒÍLÎËŒMÎLÌŒÍÍŒLLÌLLŒÌKËŒÌÌŽLÌÎÍMŽM™KLM‚˜ÛÛ™š\›X][Û‹LNK‹ŒK˜]×ÜÝ™ŒLLŒŽNLÍÌNNLLMËŒNLŒŽNMŒÌÌMŒÍËŽNNLÍÍÍÍËŒŽMŒMŒÍMKŒMÎLÌŒÍÍŒLLÌLLŒÌ‹‹ŒŒŒŒLLÌLÙKLM‚˜ÛÛ™š\›X][Û‹LNK‹ŒK[ÜÝ]WÛÜ˜XÛKŒLLŒKŒŒKŒŒŒËŒŒÌÌMÍNYKLM‚˜ÛÛ™š\›X][Û‹LNK‹KÛÜœ™[Û‹ŒLLŒŽNNLÎNNNLŽÍËŒŒÍŒÌÌMMŒÍŽKŽNNMÌMŒŒNMÎKŒŽLÌŒÌŽMMÍLL‹ŒMÌÌÎMMÌNLÌMLÌLË‹NNMŒ™KLM‚˜ÛÛ™š\›X][Û‹LNK‹KØØWÙ\]Z]˜[[ŒLLŒŽNNLÎNNNLŽÍËŒŒÍŒÌÌMMŒÍŽKŽNNMÌMŒŒNMÎKŒŽLÌŒÌŽMMÍLL‹ŒMÌÌÎMMÌNLÌMLÌLË‹NNMŒ™KLM‚˜ÛÛ™š\›X][Û‹LNK‹K˜]×ÜÝ™ŒLLŒŽNNLÎNNNLŽÌËŒŒÍŒÌÌMMŒÍŽKŽNNMÌMŒŒNMÎKŒŽLÌŒÌŽMMÍLÌŒMÌÌÎMMÌNLÌMLÌÎLËLŒNLŒ™KLM‚˜ÛÛ™š\›X][Û‹LNK‹K[ÜÝ]WÛÜ˜XÛKŒLLŒKŒŒKŒŒŒËŒÌÌŽLÌÎÍMŽM™KLM‚˜ÛÛ™š\›X][Û‹LNK‹KŒÛÜœ™[Û‹ŒLLŒKŒŒMMÍÌÌMÍM‹ŒLÎLÌŒŒÍŒŒÍËŽNNLÌÎMMÌLÎKŒŽMLÌLÎÌÍÌŒËŒÍŽLÎÌŒÎÎËŒMŒÌÌÍŒÍŒÍÌÍÙKLM‚˜ÛÛ™š\›X][Û‹LNK‹KŒØØWÙ\]Z]˜[[ŒLLŒKŒŒMMÍÌÌMÍM‹ŒLÎLÌŒŒÍŒŒÍËŽNNLÌÎMMÌLÎKŒŽMLÌLÎÌÍÌŒËŒÍŽLÎÌŒÎÎËŒMŒÌÌÍŒÍŒÍÌÍÙKLM‚˜ÛÛ™š\›X][Û‹LNK‹KŒ˜]×ÜÝ™ŒLLŒKŒŒMMÍÌÌMÌÍ‹ŒLÎLÌŒŒÍŒŒKŽNNLÌÎMMÌLÎKŒŽMLÌLÎÌÍÌÍKŒÍŽLÎÌŒÍÍMËKŽMŽLŽLÌMKLM‚˜ÛÛ™š\›X][Û‹LNK‹KŒ[ÜÝ]WÛÜ˜XÛKŒLLŒKŒŒKŒŒŒ‹ŒÍÍÎMŽÍÍÙKLM‚˜ÛÛ™š\›X][Û‹LNKŒKÛÜœ™[Û‹ŒLLŒŽNMÍLLÌÎŒNMËŒNŒÍLLÎNÌMÌËŽNNÎMLMÌLMÍ‹ŒŽÌŽLÌÎŽŒMŒÎLLMŒLÍMÎMK‹ŒŒŒŒLLÌLÙKLM‚˜ÛÛ™š\›X][Û‹LNKŒKØØWÙ\]Z]˜[[ŒLLŒŽNMÍLLÌÎŒNMËŒNŒÍLLÎNÌMÌËŽNNÎMLMÌLMÍ‹ŒŽÌŽLÌÎŽŒMŒÎLLMŒLÍMÎMK‹ŒŒŒŒLLÌLÙKLM‚˜ÛÛ™š\›X][Û‹LNKŒK˜]×ÜÝ™ŒLLŒŽNMÍLLÌÎŒNKŒNŒÍLLÎNÌMÍMKŽNNÎMLMÌLMÍ‹ŒŽÌŽLÌÎLKŒMŒÎLLMŒLÍMÎLŒMËÌNÎMMŽLMYKLM‚˜ÛÛ™š\›X][Û‹LNKŒK[ÜÝ]WÛÜ˜XÛKŒLLŒKŒŒKŒŒŒKŒLLŒŒÌŒLMMYKLM‚˜ÛÛ™š\›X][Û‹LNKŒKÛÜœ™[Û‹ŒLLŒKŒMŒŽŒLÌÍ‹ŒŽMŒÍÌÍÎLÍŒKŽNMÎLŽMÍÌŒKŒÌŒÍÌÎÍŒËŒMÍÌŒLLLÍŒK‹NNMŒ™KLM‚˜ÛÛ™š\›X][Û‹LNKŒKØØWÙ\]Z]˜[[ŒLLŒKŒMŒŽŒLÌÍ‹ŒŽMŒÍÌÍÎLÍŒKŽNMÎLŽMÍÌŒKŒÌŒÍÌÎÍŒËŒMÍÌŒLLLÍŒK‹NNMŒ™KLM‚˜ÛÛ™š\›X][Û‹LNKŒK˜]×ÜÝ™ŒLLŒKŒMŒŽŒLÌŽŒŽMŒÍÌÍÎLÍŽNMÎLŽMÍÌŒKŒÌŒÍÌÎÍŒŒM‹ŒMÍÌŒLLLÍÍË‹ŒŒŒŒLLÌLÙKLM‚˜ÛÛ™š\›X][Û‹LNKŒK[ÜÝ]WÛÜ˜XÛKŒLLŒKŒŒKŒŒŒ‹ÍÍMMMÍMŒMMŒŽLMKLM‚˜ÛÛ™š\›X][Û‹LNKKÛÜœ™[Û‹ŒLLŒKŒÎMÌŒÎMŒŒLL‹ŒLÌÎLÍŒŽÎËŽNNŒŒŽLŽLNMKŒŽNÌŒMÎMÍKŒÌÎLMÍÌLÍÌŒË‹ŒŒŒŒLLÌLÙKLM‚˜ÛÛ™š\›X][Û‹LNKKØØWÙ\]Z]˜[[ŒLLŒKŒÎMÌŒÎMŒŒLL‹ŒLÌÎLÍŒŽÎËŽNNŒŒŽLŽLNMKŒŽNÌŒMÎMÍKŒÌÎLMÍÌLÍÌŒË‹ŒŒŒŒLLÌLÙKLM‚˜ÛÛ™š\›X][Û‹LNKK˜]×ÜÝ™ŒLLŒKŒÎMÌŒÎMŒŒLLKŒLÌÎLÍŒŽÎL‹ŽNNŒŒŽLŽLNMËŒŽNÌŒMŽKŒÌÎLMÍÌLÍÌÍKŽNMŒÍŒLLÌŒKLM‚˜ÛÛ™š\›X][Û‹LNKK[ÜÝ]WÛÜ˜XÛKŒLLŒKŒŒKŒŒŒ‹ŒŒŒŒLLÌLÙKLM‚˜ÛÛ™š\›X][Û‹LNKKŒÛÜœ™[Û‹ŒLLŒŽNÌÌÎÎMMÌMŒMÎNLÎŒÌÌŽNNMÌŽNLÌLŒŽMLNLÌMŒMLLËŒÌŽLMLŒÎL‹ŒMŒÌÌÍŒÍŒÍÌÍÙKLM‚˜ÛÛ™š\›X][Û‹LNKKŒØØWÙ\]Z]˜[[ŒLLŒŽNÌÌÎÎMMÌMŒMÎNLÎŒÌÌŽNNMÌŽNLÌLŒŽMLNLÌMŒMLLËŒÌŽLMLŒÎL‹ŒMŒÌÌÍŒÍŒÍÌÍÙKLM‚˜ÛÛ™š\›X][Û‹LNKKŒ˜]×ÜÝ™ŒLLŒŽNÌÌÎÎMMÌMKŒMÎNLÎŒÌŽMŽNNMÌŽNLÌLŒŽMLNLÌMŒMLŒÌŽLMLŒÍLËKŽMŽLŽLÌMKLM‚˜ÛÛ™š\›X][Û‹LNKKŒ[ÜÝ]WÛÜ˜XÛKŒLLŒKŒŒKŒŒŒËŒÌÌŽLÌÎÍMŽM™KLM‚˜ÛÛ™š\›X][Û‹LNKKŒKÛÜœ™[Û‹ŒLLŒŽNLLŒMLMLÍM‹ŒLLŒÍNLÍL‹ŽNMŽŽÌÍŒŒÎM‹ŒÎMMÌLÍŽLÍÍMÍKŒMŒMLÎNÌLÍËŒÌÌŽŽÍKLM‚˜ÛÛ™š\›X][Û‹LNKKŒKØØWÙ\]Z]˜[[ŒLLŒŽNLLŒMLMLÍM‹ŒLLŒÍNLÍL‹ŽNMŽŽÌÍŒŒÎM‹ŒÎMMÌLÍŽLÍÍMÍKŒMŒMLÎNÌLÍËŒÌÌŽŽÍKLM‚˜ÛÛ™š\›X][Û‹LNKKŒK˜]×ÜÝ™ŒLLŒŽNLLÌÍÎNÌMŒÎMÌMMŒÌÍËŽNMŽÎLŒŽMËŒÎMÌÌŒÎNÌÍŒŒMNNLÌKKLÌÍLÍŽLÍÍÌÍKLM‚˜ÛÛ™š\›X][Û‹LNKKŒK[ÜÝ]WÛÜ˜XÛKŒLLŒKŒŒKŒŒŒKŒÎÍÍÎÎÎMMÙKLM‚˜ÛÛ™š\›X][Û‹LNKKŒKÛÜœ™[Û‹ŒLLŒŽNMLLLÍLŒÌMMKŒMMMÍÍMŒŽNÌKŽNMŒÌLMÌÍÌMKŒMLŽŽNLÌÎLŽKŒNMÌÍNLLŽMŒŒLM‹ŒŒŒŒLLÌLÙKLM‚˜ÛÛ™š\›X][Û‹LNKKŒKØØWÙ\]Z]˜[[ŒLLŒŽNMLLLÍLŒÌMMKŒMMMÍÍMŒŽNÌKŽNMŒÌLMÌÍÌMKŒMLŽŽNLÌÎLŽKŒNMÌÍNLLŽMŒŒLM‹ŒŒŒŒLLÌLÙKLM‚˜ÛÛ™š\›X][Û‹LNKKŒK˜]×ÜÝ™ŒLLŒŽNMLÍNNLLÌŽMMKŒLÍMÍNŽŽNMŒMÍÌÍŒNŒKŒÎNLLÍNNLÎMÍMKŒNMŒMMMŒŒ‹ËŒÌÌŽLÌÎÍMŽM™KLM‚˜ÛÛ™š\›X][Û‹LNKKŒK[ÜÝ]WÛÜ˜XÛKŒLLŒKŒŒKŒŒŒKŽMŽLŽLÌMKLM‚˜ÛÛ™š\›X][Û‹LNKKKÛÜœ™[Û‹ŒLLŒKŒŒLNNLLŒÍMËŒÍÍÌŒLŒÍÍLM‹ŽNMNNÎLKŒŒMÍLÍMLÍ‹ŒŒMÎŽMMÌÍÎŒ‹ËŒÎÍÎÌŒÎÌM™KLM‚˜ÛÛ™š\›X][Û‹LNKKKØØWÙ\]Z]˜[[ŒLLŒKŒŒLNNLLŒÍMËŒÍÍÌŒLŒÍÍLM‹ŽNMNNÎLKŒŒMÍLÍMLÍ‹ŒŒMÎŽMMÌÍÎŒ‹ËŒÎÍÎÌŒÎÌM™KLM‚˜ÛÛ™š\›X][Û‹LNKKK˜]×ÜÝ™ŒLLŒKŒÍLÌLLNMMŒËŒŽLLŽŒLMŽŽNMLÍLŒÎÌ‹ŒNMNLÌŒMÌŒŒŒLÎMÍMÍÌLŒÌMÎ‹ÍÍMMMÍMŒMMŒŽLMKLM‚˜ÛÛ™š\›X][Û‹LNKKK[ÜÝ]WÛÜ˜XÛKŒLLŒKŒŒKŒŒŒKLÌÍLÍŽLÍÍÌÍKLM‚˜ÛÛ™š\›X][Û‹LNKKKŒÛÜœ™[Û‹ŒLLŒKŒMÍLŒNMÍŒŒËŒMÎÍLLÎÌLKŽNMŒÍLÍMMËŒÍÌNLMLÍKŒŒŒÍÌŒŽLÎLÌÎKËŒÌÌŽLÌÎÍMŽM™KLM‚˜ÛÛ™š\›X][Û‹LNKKKŒØØWÙ\]Z]˜[[ŒLLŒKŒMÍLŒNMÍŒŒËŒMÎÍLLÎÌLKŽNMŒÍLÍMMËŒÍÌNLMLÍKŒŒŒÍÌŒŽLÎLÌÎKËŒÌÌŽLÌÎÍMŽM™KLM‚˜ÛÛ™š\›X][Û‹LNKKKŒ˜]×ÜÝ™ŒLLŒKŒŽŽŒŒŒŽLMMËŒMMÍNMLÍ‹ŽNMŒÍMŒMMŽÌLŒ‹ŒŽÎLŒMMMËŒŒNMNMÎMLÍÎMKŒÌŒLMŒŒŒM™KLM‚˜ÛÛ™š\›X][Û‹LNKKKŒ[ÜÝ]WÛÜ˜XÛKŒLLŒKŒŒKŒŒŒ‹ŒŒŒŒLLÌLÙKLM‚˜ÛÛ™š\›X][Û‹LNK‹ŒKÛÜœ™[Û‹ŒLLŒŽNLLNLMÌKŒMÎNLLMLMLM‹ŽNMŽŒÍÌNMŒ‹ŒÎMŒNLŽLLÍNŒKŒŽLÍŽMŽLŽKLŒNLŒ™KLM‚˜ÛÛ™š\›X][Û‹LNK‹ŒKØØWÙ\]Z]˜[[ŒLLŒŽNLLNLMÌKŒMÎNLLMLMLM‹ŽNMŽŒÍÌNMŒ‹ŒÎMŒNLŽLLÍNŒKŒŽLÍŽMŽLŽKLŒNLŒ™KLM‚˜ÛÛ™š\›X][Û‹LNK‹ŒK˜]×ÜÝ™ŒLLŒŽNLLÌÎMLÎL‹ŒÍŽMŒÌMMÍÌLLËŽNMŽLLŒÎLÍÍÍMÌ‹ŒÎLÌMÍŒÎLŒÍNLËŒŽÌMŽLNMÍKËŒŒÌÌMÍNYKLM‚˜ÛÛ™š\›X][Û‹LNK‹ŒK[ÜÝ]WÛÜ˜XÛKŒLLŒKŒŒKŒŒŒ‹ŒÍNLŒŒÎLÌÌŽMÍ™KLM‚˜ÛÛ™š\›X][Û‹LNK‹ŒKÛÜœ™[Û‹ŒLLŒKŒŒLÍÌÌÌÍŒ‹ŒÌÎÌÌMMŒN‹ŽNMŽÍMŒÎÌËŒÎMÍÎNNLMLŒŽ‹ŒNŽMÍÌNLÌŒMËLŒNLŒ™KLM‚˜ÛÛ™š\›X][Û‹LNK‹ŒKØØWÙ\]Z]˜[[ŒLLŒKŒŒLÍÌÌÌÍŒ‹ŒÌÎÌÌMMŒN‹ŽNMŽÍMŒÎÌËŒÎMÍÎNNLMLŒŽ‹ŒNŽMÍÌNLÌŒMËLŒNLŒ™KLM‚˜ÛÛ™š\›X][Û‹LNK‹ŒK˜]×ÜÝ™ŒLLŒKŒÍÍÍŒÌÍ‹ŒLLŒÍŒŽŽNMŽÌLÍÌMLMÍNŒÎMMNLŒMMMÌÍÍKŒNÍMLMŒÍŽ‹ŒLÌÎMÍÍLLÎYKLM‚˜ÛÛ™š\›X][Û‹LNK‹ŒK[ÜÝ]WÛÜ˜XÛKŒLLŒKŒŒKŒŒŒËŒÌÌŽLÌÎÍMŽM™KLM‚˜ÛÛ™š\›X][Û‹LNK‹KÛÜœ™[Û‹ŒLLŒŽNNÍNMÎÍMKŒŽLÌÎÍÍMLKŽNMŒÍÌÌNÎŒÌÌMÌÎLŒŒŒÌËŒŒŒŒLÎÍLÌÍÌMKMLLLMLLŒÌLMÎÙKLM‚˜ÛÛ™š\›X][Û‹LNK‹KØØWÙ\]Z]˜[[ŒLLŒŽNNÍNMÎÍMKŒŽLÌÎÍÍMLKŽNMŒÍÌÌNÎŒÌÌMÌÎLŒŒŒÌËŒŒŒŒLÎÍLÌÍÌMKMLLLMLLŒÌLMÎÙKLM‚˜ÛÛ™š\›X][Û‹LNK‹K˜]×ÜÝ™ŒLLŒŽNNLLMŽÎLŽMËŒŒÌNŽÍÍMNLÎ‹ŽNMŒÍÌÍMLMÌÍLKŒNLŒŒÍŒÎŒŒŒMLMÌMŽMLLMË‹NNMŒ™KLM‚˜ÛÛ™š\›X][Û‹LNK‹K[ÜÝ]WÛÜ˜XÛKŒLLŒKŒŒKŒŒŒKLÌÍLÍŽLÍÍÌÍKLM‚˜ÛÛ™š\›X][Û‹LNK‹KŒÛÜœ™[Û‹ŒLLŒŽNLMMNLMÍŒŽMÌËŒLMMŒÌLMŽNMŒLLMŒLŒŒËŒMLŒŒÌÍŽLMŒÌ‹ŒÎLMÎMLMÌMËLŒNLŒ™KLM‚˜ÛÛ™š\›X][Û‹LNK‹KŒØØWÙ\]Z]˜[[ŒLLŒŽNLMMNLMÍŒŽMÌËŒLMMŒÌLMŽNMŒLLMŒLŒŒËŒMLŒŒÌÍŽLMŒÌ‹ŒÎLMÎMLMÌMËLŒNLŒ™KLM‚˜ÛÛ™š\›X][Û‹LNK‹KŒ˜]×ÜÝ™ŒLLŒŽNLNŒŽÌÍÎLNŒLLÎMNMLÌ‹ŽNMŒMMŽMLNÍŽŒÎÍLLMŒLLÍŽLKŒÌÎLNŽLÌŽLËŽNMŒÍŒLLÌŒKLM‚˜ÛÛ™š\›X][Û‹LNK‹KŒ[ÜÝ]WÛÜ˜XÛKŒLLŒKŒŒKŒŒŒŽNMŒÍŒLLÌŒKLM‚˜ÛÛ™š\›X][Û‹LNKŒKÛÜœ™[Û‹ŒLLŒŽNÍÌŽŒLMÍŒ‹ŒMÌLLMNÍŽKŽNMŒŽMŽMMLLŒNNKŒÌÍÌÍNMLÌŒŒŒÎMLÎMÎŽL‹ËŽMÎNŒNKLM‚˜ÛÛ™š\›X][Û‹LNKŒKØØWÙ\]Z]˜[[ŒLLŒŽNÍÌŽŒLMÍŒ‹ŒMÌLLMNÍŽKŽNMŒŽMŽMMLLŒNNKŒÌÍÌÍNMLÌŒŒŒÎMLÎMÎŽL‹ËŽMÎNŒNKLM‚˜ÛÛ™š\›X][Û‹LNKŒK˜]×ÜÝ™ŒLLŒŽNÍÌÍŒŒLŒÍMŽŒLŒŒNMŽLKŽNMŒÌÎÌMŽÍŒŒKŒŽNLÍLÌÍMŒËŒŒŒÌMNMMN‹ŒŒŒŒLLÌLÙKLM‚˜ÛÛ™š\›X][Û‹LNKŒK[ÜÝ]WÛÜ˜XÛKŒLLŒKŒŒKŒŒŒ‹ÍÍMMMÍMŒMMŒŽLMKLM‚˜ÛÛ™š\›X][Û‹LNKŒKÛÜœ™[Û‹ŒLLŒŽNŒÌŒNMÍLÎLÍ‹ŒMLŽNLMŒŒMËŽNMŒÌNMÍMŽÎÌKŒŽMLÌŒÍLŒLM‹ŒNÍNÌÍNMÌŒÎËŽMÎNŒNKLM‚˜ÛÛ™š\›X][Û‹LNKŒKØØWÙ\]Z]˜[[ŒLLŒŽNŒÌŒNMÍLÎLÍ‹ŒMLŽNLMŒŒMËŽNMŒÌNMÍMŽÎÌKŒŽMLÌŒÍLŒLM‹ŒNÍNÌÍNMÌŒÎËŽMÎNŒNKLM‚˜ÛÛ™š\›X][Û‹LNKŒK˜]×ÜÝ™ŒLLŒŽNŒÎNLÌLÌÍKŒLÍŽNLŽLŽMËŽNMŒÌŽMMŽLÌŒM‹ŒŽÍMLLLLMŒMÎLÍŒŒŒLÍÌNMÍËŒÌÌŽLÌÎÍMŽM™KLM‚˜ÛÛ™š\›X][Û‹LNKŒK[ÜÝ]WÛÜ˜XÛKŒLLŒKŒŒKŒŒŒËŒLÌLLÌÌMÍÌNLNYKLM‚˜ÛÛ™š\›X][Û‹LNKKÛÜœ™[Û‹ŒLLŒŽNŽLÍÌÌNLÌŽŒNLŽŽLLMÎŽNMÌMÎMÎŒŒMÍÎLÌLŽËŒNMŽLŽÍÎMÎŽNMŒÍŒLLÌŒKLM‚˜ÛÛ™š\›X][Û‹LNKKØØWÙ\]Z]˜[[ŒLLŒŽNŽLÍÌÌNLÌŽŒNLŽŽLLMÎŽNMÌMÎMÎŒŒMÍÎLÌLŽËŒNMŽLŽÍÎMÎŽNMŒÍŒLLÌŒKLM‚˜ÛÛ™š\›X][Û‹LNKK˜]×ÜÝ™ŒLLŒŽNMMŽÍÎÍKŒŒÍŒÌNLMMLKŽNMŒŒNÌÌŒÍMŒŒÎMÍÌŽÎÌKŒNLLÌÍÌLÍMMLNMÌ‹KMLLLMLLŒÌLMÎÙKLM‚˜ÛÛ™š\›X][Û‹LNKK[ÜÝ]WÛÜ˜XÛKŒLLŒKŒŒKŒŒŒKMLLLMLLŒÌLMÎÙKLM‚˜ÛÛ™š\›X][Û‹LNKKŒÛÜœ™[Û‹ŒLLŒŽMÍLÌÌÍŒLÍMKŒMŒŒÎLMŽŽNMŒMÍÍÍÍLŒNÌKŒÍÌMÍMLÌËŒLÍÌNMÎNMN‹ÍÍMMMÍMŒMMŒŽLMKLM‚˜ÛÛ™š\›X][Û‹LNKKŒØØWÙ\]Z]˜[[ŒLLŒŽMÍLÌÌÍŒLÍMKŒMŒŒÎLMŽŽNMŒMÍÍÍÍLŒNÌKŒÍÌMÍMLÌËŒLÍÌNMÎNMN‹ÍÍMMMÍMŒMMŒŽLMKLM‚˜ÛÛ™š\›X][Û‹LNKKŒ˜]×ÜÝ™ŒLLŒŽMÍMNMÌŒÍÍÍÌËŒMMÎLMŽM‹ŽNMŒMÍLŽNMÌÍËŒÍÌÌLMMÍŽLÌLL‹ŒŒMNNMLMËËŽMÎNŒNKLM‚˜ÛÛ™š\›X][Û‹LNKKŒ[ÜÝ]WÛÜ˜XÛKŒLLŒKŒŒKŒŒŒËŽMÎNŒNKLM‚˜ÛÛ™š\›X][Û‹LNKM‹KŒKÛÜœ™[Û‹ŒLLŒŽMÍÌNLMŒŒËŒLMLÌŽÎŽNMLŒNLLMŒÌËŒMŒLÌŒÎMLŒLÍNKŒNLŒNÎMLM‹ËŒŒMMŒŒÍLNKLM‚˜ÛÛ™š\›X][Û‹LNKM‹KŒKØØWÙ\]Z]˜[[ŒLLŒŽMÍÌNLMŒŒËŒLMLÌŽÎŽNMLŒNLLMŒÌËŒMŒLÌŒÎMLŒLÍNKŒNLŒNÎMLM‹ËŒŒMMŒŒÍLNKLM‚˜ÛÛ™š\›X][Û‹LNKM‹KŒK˜]×ÜÝ™ŒLLŒŽMÍŒŽMNNNMŒKŒLŒÌŽNLŒLLÌÌÍËŽNMÍLÌMLMÌÍKŒLÌLÍNLMÍŒŒŽLÎLMKŒŒÍÌLŒÍLŒMŒÌŒLMŒŒŒM™KLM‚˜ÛÛ™š\›X][Û‹LNKM‹KŒK[ÜÝ]WÛÜ˜XÛKŒLLŒKŒŒKŒŒŒËŒŒLŽLÍÍŒÎMÌÙKLM‚˜ÛÛ™š\›X][Û‹LNKM‹KŒKÛÜœ™[Û‹ŒLLŒŽMÍLLŒÌMŒŽ‹ŒLŒŽLÌŒÌMNŒŒÌËŽNLÍŒŽŒŽLLÎŒŒŒÎMMMÍŒLŽKŒŒÍÎŒMÌÌŒNNKŽŽÌÎLŽŒÌ™KLM‚˜ÛÛ™š\›X][Û‹LNKM‹KŒKØØWÙ\]Z]˜[[ŒLLŒŽMÍLLŒÌMŒŽ‹ŒLŒŽLÌŒÌMNŒŒÌËŽNLÍŒŽŒŽLLÎŒŒŒÎMMMÍŒLŽKŒŒÍÎŒMÌÌŒNNKŽŽÌÎLŽŒÌ™KLM‚˜ÛÛ™š\›X][Û‹LNKM‹KŒK˜]×ÜÝ™ŒLLŒŽMÍMŒÌÌÍŽLLŽŒLŒLÌMNMŒÍÍËŽNLŽLÎŽMŒ‹ŒNMMŽÌÍÍŒKŒŒŽLÌNLMLMMLËLŒNLŒ™KLM‚˜ÛÛ™š\›X][Û‹LNKM‹KŒK[ÜÝ]WÛÜ˜XÛKŒLLŒKŒŒKŒŒŒËŽMŽMLNMLÍŒMKLM‚˜ÛÛ™š\›X][Û‹LNKM‹KKÛÜœ™[Û‹ŒLLŒŽMÌMÍÌNM‹ŒLMÍÍŒÎŽÌMMÍŽKŽNLÌÍÌMMÌÌMMÍËŒMÍMŽMLÍÎLM‹ŒŽLŒLÌÎMLLLËŽNMŒÍŒLLÌŒKLM‚˜ÛÛ™š\›X][Û‹LNKM‹KKØØWÙ\]Z]˜[[ŒLLŒŽMÌMÍÌNM‹ŒLMÍÍŒÎŽÌMMÍŽKŽNLÌÍÌMMÌÌMMÍËŒMÍMŽMLÍÎLM‹ŒŽLŒLÌÎMLLLËŽNMŒÍŒLLÌŒKLM‚˜ÛÛ™š\›X][Û‹LNKM‹KK˜]×ÜÝ™ŒLLŒŽMÌÍÌŽÌMMÌÌLKŒLMŽLÍÍLMŒMŒMKŽNLÍŒÎÍMÍÍMÌMŒMŒÎMÎLMŒMNM‹ŒÍÍLMNÍŒMËKŒÌÍMNLÍŽMŽMMKLM‚˜ÛÛ™š\›X][Û‹LNKM‹KK[ÜÝ]WÛÜ˜XÛKŒLLŒKŒŒKŒŒŒ‹ÍÍMMMÍMŒMMŒŽLMKLM‚˜ÛÛ™š\›X][Û‹LNKM‹KKŒÛÜœ™[Û‹ŒLLŒŽMÍŽMÌÌÌÌÌ‹ŒLMMÌÌMMÌMÍLŽMŽKŽNLÍLMŒ‹ŒMÌÌŽMLNMLLLŒËŒNNLÎÌMŒNŒŒ‹ŽNMŒÍŒLLÌŒKLM‚˜ÛÛ™š\›X][Û‹LNKM‹KKŒØØWÙ\]Z]˜[[ŒLLŒŽMÍŽMÌÌÌÌÌ‹ŒLMMÌÌMMÌMÍLŽMŽKŽNLÍLMŒ‹ŒMÌÌŽMLNMLLLŒËŒNNLÎÌMŒNŒŒ‹ŽNMŒÍŒLLÌŒKLM‚˜ÛÛ™š\›X][Û‹LNKM‹KKŒ˜]×ÜÝ™ŒLLŒŽMÍÌÌŒLÌŽŒËŒLMLLMLÌLÎMLŽ‹ŽNLÍŒÍÌŒÍÎLÍ‹ŒMÌNMNMŽMÌKŒMMŒÍLNÌÍËËŒÌÌŽLÌÎÍMŽM™KLM‚˜ÛÛ™š\›X][Û‹LNKM‹KKŒ[ÜÝ]WÛÜ˜XÛKŒLLŒKŒŒKŒŒŒKNNMNLLÌNYKLM‚˜ÛÛ™š\›X][Û‹LNKM‹‹ŒKÛÜœ™[Û‹ŒLLŒŽMŒÌÍŒLL‹ŒLMMÍÍÌŒNÌÍÍŽNLÌÌLÌÍLLŒŒLŒMÎŒŽLNMÌ‹ŒŒŒLMMLŽŽŒŽKŽNMŒÍŒLLÌŒKLM‚˜ÛÛ™š\›X][Û‹LNKM‹‹ŒKØØWÙ\]Z]˜[[ŒLLŒŽMŒÌÍŒLL‹ŒLMMÍÍÌŒNÌÍÍŽNLÌÌLÌÍLLŒŒLŒMÎŒŽLNMÌ‹ŒŒŒLMMLŽŽŒŽKŽNMŒÍŒLLÌŒKLM‚˜ÛÛ™š\›X][Û‹LNKM‹‹ŒK˜]×ÜÝ™ŒLLŒŽMŒÎLÌLÍLŒÍLL‹ŒLLÍÍÍÍÍÌMÍLÍ‹ŽNLÍLLMMÍŒŽNLŒKŒMŽMNÎMŒŽÍÎNKŒŒÍŽŽMMLŒŒŒKŒÌÌŽŽÍKLM‚˜ÛÛ™š\›X][Û‹LNKM‹‹ŒK[ÜÝ]WÛÜ˜XÛKŒLLŒKŒŒKŒŒŒËŒÌÌŽLÌÎÍMŽM™KLM‚˜ÛÛ™š\›X][Û‹LNKM‹‹ŒKÛÜœ™[Û‹ŒLLŒŽMÌÎÎNLŒMÍMËŒLNNÌŽÎMLÍLËŽNLÌLÌÌÍŒÎŽN‹ŒNNMLLŒŒÍŒÍŽNKŒÌŽMÌÎÍÍÎKËŽMÎNŒNKLM‚˜ÛÛ™š\›X][Û‹LNKM‹‹ŒKØØWÙ\]Z]˜[[ŒLLŒŽMÌÎÎNLŒMÍMËŒLNNÌŽÎMLÍLËŽNLÌLÌÌÍŒÎŽN‹ŒNNMLLŒŒÍŒÍŽNKŒÌŽMÌÎÍÍÎKËŽMÎNŒNKLM‚˜ÛÛ™š\›X][Û‹LNKM‹‹ŒK˜]×ÜÝ™ŒLLŒŽMÍŒMMŽLÎMŒŒMKŒLMÌÌNNMNMÍMÍKŽNLÌÌÎŒÌÌŒLLÌÎŒMÍÌLŒMÌÌLLÎM‹ŒÌŽŒŒMŒMÌË‹ŒLÌÎMÍÍLLÎYKLM‚˜ÛÛ™š\›X][Û‹LNKM‹‹ŒK[ÜÝ]WÛÜ˜XÛKŒLLŒKŒŒKŒŒŒËŒÌÌŽLÌÎÍMŽM™KLM‚˜ÛÛ™š\›X][Û‹LNKM‹‹KÛÜœ™[Û‹ŒLLŒŽMÌLÍÌNMLŒ‹ŒLLNÍŒMŒMLŽŽNLÎLLÍÍŒLÌŒMLŒŒÌÎÍÌŒŽMÍÎMŽNÍMMËKMLLLMLLŒÌLMÎÙKLM‚˜ÛÛ™š\›X][Û‹LNKM‹‹KØØWÙ\]Z]˜[[ŒLLŒŽMÌLÍÌNMLŒ‹ŒLLNÍŒMŒMLŽŽNLÎLLÍÍŒLÌŒMLŒŒÌÎÍÌŒŽMÍÎMŽNÍMMËKMLLLMLLŒÌLMÎÙKLM‚˜ÛÛ™š\›X][Û‹LNKM‹‹K˜]×ÜÝ™ŒLLŒŽMÌŒÌMÌÎÌÌŒËŒLLNLÌŽMKŽNLÎMÌÍMŒ‹ŒMLÌŒMMNŒÌNKŒŽÍÌLŽMÎLŒNLŒ™KLM‚˜ÛÛ™š\›X][Û‹LNKM‹‹K[ÜÝ]WÛÜ˜XÛKŒLLŒKŒŒKŒŒŒËŒÌÌŽLÌÎÍMŽM™KLM‚˜ÛÛ™š\›X][Û‹LNKM‹‹KŒÛÜœ™[Û‹ŒLLŒŽMÌŒÌÍLÍNŒLLŒÌÍMÍLÍN‹ŽNLÍŽLNKŒMŒMMÌMÎMÍŒÌÌÍ‹ŒÍLLŽLNLNÍŽLMKMLLLMLLŒÌLMÎÙKLM‚˜ÛÛ™š\›X][Û‹LNKM‹‹KŒØØWÙ\]Z]˜[[ŒLLŒŽMÌŒÌÍLÍNŒLLŒÌÍMÍLÍN‹ŽNLÍŽLNKŒMŒMMÌMÎMÍŒÌÌÍ‹ŒÍLLŽLNLNÍŽLMKMLLLMLLŒÌLMÎÙKLM‚˜ÛÛ™š\›X][Û‹LNKM‹‹KŒ˜]×ÜÝ™ŒLLŒŽMÌLLÌÍÍÍŒÌMNŒLLÍLNLŒÍ‹ŽNLÎLÌŒÌLNNMËŒMMMŒÍŒMMNLŒÎKŒÍÌŒMÍÌNMMÎ‹‹ŽLMÌÍMÎMLÍ™KLM‚˜ÛÛ™š\›X][Û‹LNKM‹‹KŒ[ÜÝ]WÛÜ˜XÛKŒLLŒKŒŒKŒŒŒ‹ŒLÌÎMÍÍLLÎYKLM‚˜ÛÛ™š\›X][Û‹LNKM‹ŒKÛÜœ™[Û‹ŒLLŒŽMŒÌŒŒŽŽLŽKŒLMLMÎMMÍNL‹ŽNLÍLMÌŽNNŒMÌNLLÍÎMŽKŒMLÌŒLŒNÌNMNËLŒNLŒ™KLM‚˜ÛÛ™š\›X][Û‹LNKM‹ŒKØØWÙ\]Z]˜[[ŒLLŒŽMŒÌŒŒŽŽLŽKŒLMLMÎMMÍNL‹ŽNLÍLMÌŽNNŒMÌNLLÍÎMŽKŒMLÌŒLŒNÌNMNËLŒNLŒ™KLM‚˜ÛÛ™š\›X][Û‹LNKM‹ŒK˜]×ÜÝ™ŒLLŒŽMŒÍLŒLŒÌŽŒMÍKŒLMÎLÌÌMLÎMNL‹ŽNLÍLÍÎLLÎKŒMŽŒÌŒÌLMÍËŒMÍÌÌNNMŒMÍL‹ËŽMÎNŒNKLM‚˜ÛÛ™š\›X][Û‹LNKM‹ŒK[ÜÝ]WÛÜ˜XÛKŒLLŒKŒŒKŒŒŒ‹ŒLŒŒŒÍMÎÍŒYKLM‚˜ÛÛ™š\›X][Û‹LNKM‹ŒKÛÜœ™[Û‹ŒLLŒŽNÌLMÌÍKŒLLNLLÌÍÌŽLŽŽNLÎÌMÍMŒÌLËŒMMMŒLÍŒŽKŒŒÍÎLŽMÌŒŒMÎNKŽNMŒÍŒLLÌŒKLM‚˜ÛÛ™š\›X][Û‹LNKM‹ŒKØØWÙ\]Z]˜[[ŒLLŒŽNÌLMÌÍKŒLLNLLÌÍÌŽLŽŽNLÎÌMÍMŒÌLËŒMMMŒLÍŒŽKŒŒÍÎLŽMÌŒŒMÎNKŽNMŒÍŒLLÌŒKLM‚˜ÛÛ™š\›X][Û‹LNKM‹ŒK˜]×ÜÝ™ŒLLŒŽNÍÎMŒMÌNŒLLMÌMŽLÍŒŽMÎKŽNLÎLMLÍLNÌMËŒMLMŒMŽLÍMÍŒÍ‹ŒŒŒŒMÍMLÎNMM‹ËŽMŽMLNMLÍŒMKLM‚˜ÛÛ™š\›X][Û‹LNKM‹ŒK[ÜÝ]WÛÜ˜XÛKŒLLŒKŒŒKŒŒŒÌNÎMMŽLMYKLM‚˜ÛÛ™š\›X][Û‹LNKM‹KÛÜœ™[Û‹ŒLLŒŽMÌÌŒNÌLŽLÍŒËŒLNÍÎLÎNMÌLÌNŽNLÌŒMLÍÌŒMŒNLÌNMÍŽÌŒÎKŒÌÌŽMMLLÌÍMÌËÍÌMMŒLMÌŒÍÍŒM™KLM‚˜ÛÛ™š\›X][Û‹LNKM‹KØØWÙ\]Z]˜[[ŒLLŒŽMÌÌŒNÌLŽLÍŒËŒLNÍÎLÎNMÌLÌNŽNLÌŒMLÍÌŒMŒNLÌNMÍŽÌŒÎKŒÌÌŽMMLLÌÍMÌËÍÌMMŒLMÌŒÍÍŒM™KLM‚˜ÛÛ™š\›X][Û‹LNKM‹K˜]×ÜÝ™ŒLLŒŽMÍLÍMÎÎÌ‹ŒLMÍNMÍMÍLLËŽNLÌLŒÍŒL‹ŒNŒÎLÌLLLŽÍ‹ŒŽÍLLÍ‹ŽLÎLÎLÎLÌŒŽKLM‚˜ÛÛ™š\›X][Û‹LNKM‹K[ÜÝ]WÛÜ˜XÛKŒLLŒKŒŒKŒŒŒŽNMŒÍŒLLÌŒKLM‚˜ÛÛ™š\›X][Û‹LNKM‹KŒÛÜœ™[Û‹ŒLLŒŽNMLÌÍÍMŒŒMLËŒLLLLMÌLNLMKŽNLÎMŽÍŽMMKŒMLMÎMÌÍLNŒŒMLMŒÌÍÌŽMËLŒNLŒ™KLM‚˜ÛÛ™š\›X][Û‹LNKM‹KŒØØWÙ\]Z]˜[[ŒLLŒŽNMLÌÍÍMŒŒMLËŒLLLLMÌLNLMKŽNLÎMŽÍŽMMKŒMLMÎMÌÍLNŒŒMLMŒÌÍÌŽMËLŒNLŒ™KLM‚˜ÛÛ™š\›X][Û‹LNKM‹KŒ˜]×ÜÝ™ŒLLŒŽNŒŒÎŒŒÌŽMLŒŒ‹ŒLLLLÌNMNMKŽNLÎMMMÌLŒNMÎKŒMNLÍLÎNMKŒNLŒÍMŒŒŽLÌLŒNLŒ™KLM‚˜ÛÛ™š\›X][Û‹LNKM‹KŒ[ÜÝ]WÛÜ˜XÛKŒLLŒKŒŒKŒŒŒLŒNLŒ™KLM‚˜ÛÛ™š\›X][Û‹LNLKŒKÛÜœ™[Û‹ŒLLŒŽNMÍÍÍÌNŒÍMÌËŒÌMNLNMLÌÌŒLKŽNNMŒŒMŒÍÎKŒÌLNLÍMŒLMÍKŒMÍŒLŒLÌÍLŽLÍKKLÌÍLÍŽLÍÍÌÍKLM‚˜ÛÛ™š\›X][Û‹LNLKŒKØØWÙ\]Z]˜[[ŒLLŒŽNMÍÍÍÌNŒÍMÌËŒÌMNLNMLÌÌŒLKŽNNMŒŒMŒÍÎKŒÌLNLÍMŒLMÍKŒMÍŒLŒLÌÍLŽLÍKKLÌÍLÍŽLÍÍÌÍKLM‚˜ÛÛ™š\›X][Û‹LNLKŒK˜]×ÜÝ™ŒLLŒŽNMÍÍÍÌNŒÍMÍËŒÌMNLNMLÌÌŒLŽL‹ŽNNMŒŒMŒÍÎŒÌLNLÍMŒLÍMKŒMÍŒLŒLÌÍLŽMMMË‹ŒMŽMÌLMÌŒMŽYKLM‚˜ÛÛ™š\›X][Û‹LNLKŒK[ÜÝ]WÛÜ˜XÛKŒLLŒKŒŒKŒŒŒËŒÌÌŽLÌÎÍMŽM™KLM‚˜ÛÛ™š\›X][Û‹LNLKŒKÛÜœ™[Û‹ŒLLŒŽNNMLMLÌŒÌKŒMMMLÍLMÎLMÍKŽNNŒNÎLL‹ŒŒÍÎÎÍÍKŒMŒÎMŽNMÌKËŽMÎNŒNKLM‚˜ÛÛ™š\›X][Û‹LNLKŒKØØWÙ\]Z]˜[[ŒLLŒŽNNMLMLÌŒÌKŒMMMLÍLMÎLMÍKŽNNŒNÎLL‹ŒŒÍÎÎÍÍKŒMŒÎMŽNMÌKËŽMÎNŒNKLM‚˜ÛÛ™š\›X][Û‹LNLKŒK˜]×ÜÝ™ŒLLŒŽNNMLMLÌŒL‹ŒMMMLÍLMÎÍ‹ŽNNŒNÎLLKŒŒÍÎÎÍLÌËŒMŒÎMŽNÍKKLÌÍLÍŽLÍÍÌÍKLM‚˜ÛÛ™š\›X][Û‹LNLKŒK[ÜÝ]WÛÜ˜XÛKŒLLŒKŒŒKŒŒŒKLÌÍLÍŽLÍÍÌÍKLM‚˜ÛÛ™š\›X][Û‹LNLKKÛÜœ™[Û‹ŒLLŒŽNLÍMŒŽLLLLMŽM‹ŒMŒŒÌÍŽLÌŽÌÍ‹ŽNNŽLŒÌÍÌÌNŒÍMNMÍÎLMÍËŒLLÌNMLMÌMLË‹ÍÍMMMÍMŒMMŒŽLMKLM‚˜ÛÛ™š\›X][Û‹LNLKKØØWÙ\]Z]˜[[ŒLLŒŽNLÍMŒŽLLLLMŽM‹ŒMŒŒÌÍŽLÌŽÌÍ‹ŽNNŽLŒÌÍÌÌNŒÍMNMÍÎLMÍËŒLLÌNMLMÌMLË‹ÍÍMMMÍMŒMMŒŽLMKLM‚˜ÛÛ™š\›X][Û‹LNLKK˜]×ÜÝ™ŒLLŒŽNLÍMŒŽLLLLMŽMNKŒMŒŒÌÍŽLÌŽŽNMKŽNNŽLŒÌÍÌÌNŒÍMNMÍÎLMÍKŒLLÌNMLMÌÎL‹‹NNMŒ™KLM‚˜ÛÛ™š\›X][Û‹LNLKK[ÜÝ]WÛÜ˜XÛKŒLLŒKŒŒKŒŒŒËŒÌÌŽLÌÎÍMŽM™KLM‚˜ÛÛ™š\›X][Û‹LNLKKŒÛÜœ™[Û‹ŒLLŒKŒNLLŒÍLLÌŒÍŒÍLÍLŒMŒLMÎKŽNNŒLŒÍÌLNNLÌKŒŽNMMŒÌMMŽMMKŒLŒÍÍŒÌŒLLÍMËËŽMÎNŒNKLM‚˜ÛÛ™š\›X][Û‹LNLKKŒØØWÙ\]Z]˜[[ŒLLŒKŒNLLŒÍLLÌŒÍŒÍLÍLŒMŒLMÎKŽNNŒLŒÍÌLNNLÌKŒŽNMMŒÌMMŽMMKŒLŒÍÍŒÌŒLLÍMËËŽMÎNŒNKLM‚˜ÛÛ™š\›X][Û‹LNLKKŒ˜]×ÜÝ™ŒLLŒKŒNLLŒÍLLÌŒÌŽKŒÍLÍLŒMŒLNËŽNNŒLŒÍÌLNNLÌKŒŽNMMŒÌMMŽMLNŒLŒÍÍŒÌŒLMKËŒŒÌÌMÍNYKLM‚˜ÛÛ™š\›X][Û‹LNLKKŒ[ÜÝ]WÛÜ˜XÛKŒLLŒKŒŒKŒŒŒKLÌÍLÍŽLÍÍÌÍKLM‚˜ÛÛ™š\›X][Û‹LNL‹ŒKÛÜœ™[Û‹ŒLLŒŽNMÍÌÍÍÎLŽMMMŒKŒÌÌLLŒNŽNNÌLÍŒÎLŒ‹ŒÌLMÌŒÍMŒ‹ŒNLŽMÍMMÍNKLÌÍLÍŽLÍÍÌÍKLM‚˜ÛÛ™š\›X][Û‹LNL‹ŒKØØWÙ\]Z]˜[[ŒLLŒŽNMÍÌÍÍÎLŽMMMŒKŒÌÌLLŒNŽNNÌLÍŒÎLŒ‹ŒÌLMÌŒÍMŒ‹ŒNLŽMÍMMÍNKLÌÍLÍŽLÍÍÌÍKLM‚˜ÛÛ™š\›X][Û‹LNL‹ŒK˜]×ÜÝ™ŒLLŒŽNMÍÌÍÍÎLŽMMNËŒÌÌLLŒMÌÌ‹ŽNNÌLÍŒÎLŒ‹ŒÌLMÌŒÍMM‹ŒNLŽMÍMMÍŒÌËKLÌÍLÍŽLÍÍÌÍKLM‚˜ÛÛ™š\›X][Û‹LNL‹ŒK[ÜÝ]WÛÜ˜XÛKŒLLŒKŒŒKŒŒŒ‹ŒŒŒŒLLÌLÙKLM‚˜ÛÛ™š\›X][Û‹LNL‹ŒKÛÜœ™[Û‹ŒLLŒKŒLLLÌNNÍÌÌËŒŒŒNNNMÌÎŽNNNÍMÎLÌÍ‹ŒÌMŒÎNNMÌŒÍÍNKŒNLNÍMLŽNM‹‹ÍÍMMMÍMŒMMŒŽLMKLM‚˜ÛÛ™š\›X][Û‹LNL‹ŒKØØWÙ\]Z]˜[[ŒLLŒKŒLLLÌNNÍÌÌËŒŒŒNNNMÌÎŽNNNÍMÎLÌÍ‹ŒÌMŒÎNNMÌŒÍÍNKŒNLNÍMLŽNM‹‹ÍÍMMMÍMŒMMŒŽLMKLM‚˜ÛÛ™š\›X][Û‹LNL‹ŒK˜]×ÜÝ™ŒLLŒKŒLLLÌNNÍÌËŒŒŒNNNMÌÍ‹ŽNNNÍMÎLÌÍ‹ŒÌMŒÎNNMÌŒÍÌÎKŒNLNÍMLŽMÎKKLÌÍLÍŽLÍÍÌÍKLM‚˜ÛÛ™š\›X][Û‹LNL‹ŒK[ÜÝ]WÛÜ˜XÛKŒLLŒKŒŒKŒŒŒKMLLLMLLŒÌLMÎÙKLMÂ˜ÛÛ™š\›X][Û‹LNL‹KÛÜœ™[Û‹ŒLLŒŽNMŽNNLLLÌMLLŽËŒNÎMÌMÌÌÎLÍŽNNŒLÎMLÍÌNŒÌÌLÍŽNMÍ‹ŒŒÌŒÌLŽMÍŒ‹KLÌÍLÍŽLÍÍÌÍKLM‚˜ÛÛ™š\›X][Û‹LNL‹KØØWÙ\]Z]˜[[ŒLLŒŽNMŽNNLLLÌMLLŽËŒNÎMÌMÌÌÎLÍŽNNŒLÎMLÍÌNŒÌÌLÍŽNMÍ‹ŒŒÌŒÌLŽMÍŒ‹KLÌÍLÍŽLÍÍÌÍKLM‚˜ÛÛ™š\›X][Û‹LNL‹K˜]×ÜÝ™ŒLLŒŽNMŽNNLLLÌMLLŽLKŒNÎMÌMÌÌÎMŽKŽNNŒLÎMLÍÌNŒÌÌLÍÌËŒŒÌŒÌLŽMŽNMËKŒLLŒŒÌŒLMMYKLM‚˜ÛÛ™š\›X][Û‹LNL‹K[ÜÝ]WÛÜ˜XÛKŒLLŒKŒŒKŒŒŒKLÌÍLÍŽLÍÍÌÍKLM‚˜ÛÛ™š\›X][Û‹LNL‹KŒÛÜœ™[Û‹ŒLLŒŽNŒŒÍŒŒÍNŒLLÍÍÍLLÌMLÌL‹ŽNNLŒÍŽLÌŒËŒŒÎMMÍMŽLÌÎMÌŒŒŒÌNMLŒLÌNMKËŒÌÌŽLÌÎÍMŽM™KLM‚˜ÛÛ™š\›X][Û‹LNL‹KŒØØWÙ\]Z]˜[[ŒLLŒŽNŒŒÍŒŒÍNŒLLÍÍÍLLÌMLÌL‹ŽNNLŒÍŽLÌŒËŒŒÎMMÍMŽLÌÎMÌŒŒŒÌNMLŒLÌNMKËŒÌÌŽLÌÎÍMŽM™KLM‚˜ÛÛ™š\›X][Û‹LNL‹KŒ˜]×ÜÝ™ŒLLŒŽNŒŒÍŒŒÍLKŒLLÍÍÍLLÌMLÍKŽNNLŒÍŽLÌŒËŒŒÎMMÍMŽLÌÎMÌLŒ‹ŒŒŒÌNMLŒLÌKKŒLLŒŒÌŒLMMYKLM‚˜ÛÛ™š\›X][Û‹LNL‹KŒ[ÜÝ]WÛÜ˜XÛKŒLLŒKŒŒKŒŒŒ‹NNMŒ™KLM‚˜ÛÛ™š\›X][Û‹LNLŒKÛÜœ™[Û‹ŒLLŒŽNNMLMŒÌLLMŒÍMKŒMNMÍMŽMMÌLŽNNMLNÍMÌKŒÌÎNÍNLMÍ‹ŒMŽNMÍÌÌŽŒŒLKËŒÌÌŽLÌÎÍMŽM™KLM‚˜ÛÛ™š\›X][Û‹LNLŒKØØWÙ\]Z]˜[[ŒLLŒŽNNMLMŒÌLLMŒÍMKŒMNMÍMŽMMÌLŽNNMLNÍMÌKŒÌÎNÍNLMÍ‹ŒMŽNMÍÌÌŽŒŒLKËŒÌÌŽLÌÎÍMŽM™KLM‚˜ÛÛ™š\›X][Û‹LNLŒK˜]×ÜÝ™ŒLLŒŽNNMLMŒÌLLMŒÍLKŒMNMÍMŽMMÌKŽNNMLNÍMÌKŒÌÎNÍNLMÍMËŒMŽNMÍÌÌŽŒŒKLLŽLÍÍLÎMŽNKLM‚˜ÛÛ™š\›X][Û‹LNLŒK[ÜÝ]WÛÜ˜XÛKŒLLŒKŒŒKŒŒŒLŒNLŒ™KLM‚˜ÛÛ™š\›X][Û‹LNLŒKÛÜœ™[Û‹ŒLLŒŽNLÍÌÎLŒÍLLMŒÎÌLÍMŒLLKŽNNLMÎNMLÍÍKŒÌÍNLÎÎLÌŒ‹ŒMÎŒLNMŽÌNÍËŽMÎNMÌLL™KLM‚˜ÛÛ™š\›X][Û‹LNLŒKØØWÙ\]Z]˜[[ŒLLŒŽNLÍÌÎLŒÍLLMŒÎÌLÍMŒLLKŽNNLMÎNMLÍÍKŒÌÍNLÎÎLÌŒ‹ŒMÎŒLNMŽÌNÍËŽMÎNMÌLL™KLM‚˜ÛÛ™š\›X][Û‹LNLŒK˜]×ÜÝ™ŒLLŒŽNLÍÌÎLŒÍLLLÍËŒÎÌLÍMŒLÍËŽNNLMÎNMLÍÍ‹ŒÌÍNLÎÎLŒNŒMÎŒLNMŽÌNŽMËKLÌÍLÍŽLÍÍÌÍKLM‚˜ÛÛ™š\›X][Û‹LNLŒK[ÜÝ]WÛÜ˜XÛKŒLLŒKŒŒKŒŒŒËŒÌÌŽLÌÎÍMŽM™KLM‚˜ÛÛ™š\›X][Û‹LNLKÛÜœ™[Û‹ŒLLŒKŒŒÍŽLMLÎKŒNLLŽMŽLŽMÌLÍKŽNNMŒLÍŽNL‹ŒÎLMMÎLÍLÌÍÎMKŒŒMÎMMÍLÍLÌÌŒML‹ŒMŒÌÌÍŒÍŒÍÌÍÙKLM‚˜ÛÛ™š\›X][Û‹LNLKØØWÙ\]Z]˜[[ŒLLŒKŒŒÍŽLMLÎKŒNLLŽMŽLŽMÌLÍKŽNNMŒLÍŽNL‹ŒÎLMMÎLÍLÌÍÎMKŒŒMÎMMÍLÍLÌÌŒML‹ŒMŒÌÌÍŒÍŒÍÌÍÙKLM‚˜ÛÛ™š\›X][Û‹LNLK˜]×ÜÝ™ŒLLŒKŒŒÍŽLMLŽKŒNLLŽMŽLŽMÌLŽKŽNNMŒLÍŽNL‹ŒÎLMMÎLÍLÌÎŽŒŒMÎMMÍLÍLÌÌŒŒKKŽMÍÍMÌÍŒŒM™KLM‚˜ÛÛ™š\›X][Û‹LNLK[ÜÝ]WÛÜ˜XÛKŒLLŒKŒŒKŒŒŒ‹ÍÍMMMÍMŒMMŒŽLMKLM‚˜ÛÛ™š\›X][Û‹LNLKŒÛÜœ™[Û‹ŒLLŒŽMÍÎÌÌMÌÍLÍ‹ŒÍNLLŒÌLŒÍŒËŽNMÍŒÌÌMŒÎŒÍNÌÌMÍËŒŒÍNLMÍÍŒÌ‹‹ŒLŒŒŒÍMÎÍŒYKLM‚˜ÛÛ™š\›X][Û‹LNLKŒØØWÙ\]Z]˜[[ŒLLŒŽMÍÎÌÌMÌÍLÍ‹ŒÍNLLŒÌLŒÍŒËŽNMÍŒÌÌMŒÎŒÍNÌÌMÍËŒŒÍNLMÍÍŒÌ‹‹ŒLŒŒŒÍMÎÍŒYKLM‚˜ÛÛ™š\›X][Û‹LNLKŒ˜]×ÜÝ™ŒLLŒŽMÍÎÌÌMÌÍLÎ‹ŒÍNLLŒÌLŒÍŒÍÍKŽNMÍŒÌÌMŒÎŒÍNÌÌMÌMMKŒŒÍNLMÍÍÌËËŒÌÌŽLÌÎÍMŽM™KLM‚˜ÛÛ™š\›X][Û‹LNLKŒ[ÜÝ]WÛÜ˜XÛKŒLLŒKŒŒKŒŒŒ‹ŒŒŒŒLLÌLÙKLM‚˜ÛÛ™š\›X][Û‹LNLKŒKÛÜœ™[Û‹ŒLLŒŽNLÍÍŽMÌŒÍL‹ŒŒŒLMÍÌÌÍŽLKŽNMŽÍÎLLL‹ŒÎMÍLŒÍLL‹ŒMÌLŒÍMŒÌNMÍKŽNMŒÍŒLLÌŒKLM‚˜ÛÛ™š\›X][Û‹LNLKŒKØØWÙ\]Z]˜[[ŒLLŒŽNLÍÍŽMÌŒÍL‹ŒŒŒLMÍÌÌÍŽLKŽNMŽÍÎLLL‹ŒÎMÍLŒÍLL‹ŒMÌLŒÍMŒÌNMÍKŽNMŒÍŒLLÌŒKLM‚˜ÛÛ™š\›X][Û‹LNLKŒK˜]×ÜÝ™ŒLLŒŽNLÌLÌÍMÍËŒÍLÌLMMŽLŽKŽNMŽNMÍÎŒÎLMÍMM‹ŒMŒŒŒMŽMÍMŽMMMÎMŽNMÍMÎÍÌYKLM‚˜ÛÛ™š\›X][Û‹LNLKŒK[ÜÝ]WÛÜ˜XÛKŒLLŒKŒŒKŒŒŒ‹ÍÍMMMÍMŒMMŒŽLMKLM‚˜ÛÛ™š\›X][Û‹LNLKŒKÛÜœ™[Û‹ŒLLŒŽNŽLŒŒÌÌNL‹ŒLNLMŒ‹ŽNMŒÍMLÎLŒNMNKŒÌŒLÎNMÌNMŽM‹ŒNMLÌŒM‹‹ŒLÌÎMÍÍLLÎYKLM‚˜ÛÛ™š\›X][Û‹LNLKŒKØØWÙ\]Z]˜[[ŒLLŒŽNŽLŒŒÌÌNL‹ŒLNLMŒ‹ŽNMŒÍMLÎLŒNMNKŒÌŒLÎNMÌNMŽM‹ŒNMLÌŒM‹‹ŒLÌÎMÍÍLLÎYKLM‚˜ÛÛ™š\›X][Û‹LNLKŒK˜]×ÜÝ™ŒLLŒŽNŽNÍLŽNLŒLNLLÍŒŽÍ‹ŽNMŒÌÌÌÍŒÎÌÍŽNŒŽŒLÌŒŒÎLŒNNNMMLŒŒŒÎË‹ŒLÌÎMÍÍLLÎYKLM‚˜ÛÛ™š\›X][Û‹LNLKŒK[ÜÝ]WÛÜ˜XÛKŒLLŒKŒŒKŒŒŒ‹ÍÍMMMÍMŒMMŒŽLMKLM‚˜ÛÛ™š\›X][Û‹LNLKKÛÜœ™[Û‹ŒLLŒŽMÌÍLLLÍNÌÍŒÎLMLLMNLL‹ŽNMŽNMŒÍŒÍÍŒLÌ‹ŒÎÍLÌÌŒNLÍÍLÌKŒMŒMÌŽNMNMÌMKËŽMÎNŒNKLM‚˜ÛÛ™š\›X][Û‹LNLKKØØWÙ\]Z]˜[[ŒLLŒŽMÌÍLLLÍNÌÍŒÎLMLLMNLL‹ŽNMŽNMŒÍŒÍÍŒLÌ‹ŒÎÍLÌÌŒNLÍÍLÌKŒMŒMÌŽNMNMÌMKËŽMÎNŒNKLM‚˜ÛÛ™š\›X][Û‹LNLKK˜]×ÜÝ™ŒLLŒŽMÌŒÎŒLÍÍ‹ŒÎLÍNŒŒMÎKŽNMŽNLÎLNLLŒËŒÎÍŽLŒÌÍÍŽL‹ŒLÎŒŒNŽMNMÌËËŒÌÌŽLÌÎÍMŽM™KLM‚˜ÛÛ™š\›X][Û‹LNLKK[ÜÝ]WÛÜ˜XÛKŒLLŒKŒŒKŒŒŒ‹ÍÍMMMÍMŒMMŒŽLMKLM‚˜ÛÛ™š\›X][Û‹LNLKKŒÛÜœ™[Û‹ŒLLŒŽMÌMŒŒNLÍMMÍËŒNMMŒÍŽLMNÍ‹ŽNMLNLNMMŽÌËŒLLŒMÌÌŽL‹ŒŒNMÌNLÌLKËŒŒÌÌMÍNYKLM‚˜ÛÛ™š\›X][Û‹LNLKKŒØØWÙ\]Z]˜[[ŒLLŒŽMÌMŒŒNLÍMMÍËŒNMMŒÍŽLMNÍ‹ŽNMLNLNMMŽÌËŒLLŒMÌÌŽL‹ŒŒNMÌNLÌLKËŒŒÌÌMÍNYKLM‚˜ÛÛ™š\›X][Û‹LNLKKŒ˜]×ÜÝ™ŒLLŒŽMÌŽÍNMLÍMŒNMÍMMMŽM‹ŽNMLLÌLŒMÌŽŒÌŒMÌNLLMMËŒŒNÌNNŽNMŒÍŒLLÌŒKLM‚˜ÛÛ™š\›X][Û‹LNLKKŒ[ÜÝ]WÛÜ˜XÛKŒLLŒKŒŒKŒŒŒLŒNLŒ™KLM‚˜ÛÛ™š\›X][Û‹LNL‹ŒKÛÜœ™[Û‹ŒLLŒŽNŽŒŒÍÎNMLÍMŒLÌÌŒMÌMÌLÍÌŽNMŽÌNMŒÎLËŒÎMMÍÍŒÌLNMŽM‹ŒLÌLŒŒMLÎLŒŽLÌŒLK‹ÍÍMMMÍMŒMMŒŽLMKLM‚˜ÛÛ™š\›X][Û‹LNL‹ŒKØØWÙ\]Z]˜[[ŒLLŒŽNŽŒŒÍÎNMLÍMŒLÌÌŒMÌMÌLÍÌŽNMŽÌNMŒÎLËŒÎMMÍÍŒÌLNMŽM‹ŒLÌLŒŒMLÎLŒŽLÌŒLK‹ÍÍMMMÍMŒMMŒŽLMKLM‚˜ÛÛ™š\›X][Û‹LNL‹ŒK˜]×ÜÝ™ŒLLŒŽNÍÍŒMŽLKŒLNLŒŒŒÍÌÍŽNMŽMÍŒLÎLŒÎMMMÌŒÍÍÎŒLÌŒMÌÎLŽMÍÌ‹KMLLLMLLŒÌLMÎÙKLM‚˜ÛÛ™š\›X][Û‹LNL‹ŒK[ÜÝ]WÛÜ˜XÛKŒLLŒKŒŒKŒŒŒËŒÌÌŽLÌÎÍMŽM™KLM‚˜ÛÛ™š\›X][Û‹LNL‹ŒKÛÜœ™[Û‹ŒLLŒŽNMŒNŽÍÌLËŒÍÌNLMMŒÎNÍÌÌËŽNMÌŒÍMÍNMLÌLÍKŒÍÌÍNLŒŒMLÌÎNŒMÍMÌÌLÍŒLÌMLËKMLLLMLLŒÌLMÎÙKLM‚˜ÛÛ™š\›X][Û‹LNL‹ŒKØØWÙ\]Z]˜[[ŒLLŒŽNMŒNŽÍÌLËŒÍÌNLMMŒÎNÍÌÌËŽNMÌŒÍMÍNMLÌLÍKŒÍÌÍNLŒŒMLÌÎNŒMÍMÌÌLÍŒLÌMLËKMLLLMLLŒÌLMÎÙKLM‚˜ÛÛ™š\›X][Û‹LNL‹ŒK˜]×ÜÝ™ŒLLŒŽNLMŒNŒNNN‹ŒÍMLNMLŽMNÎLKŽNMÌŽMMÎMŒÍNŒÍÍMŒLMNNŒNLÍŒMMÍLÌŒÌLMMŽ‹‹ŒŒŒŒLLÌLÙKLM‚˜ÛÛ™š\›X][Û‹LNL‹ŒK[ÜÝ]WÛÜ˜XÛKŒLLŒKŒŒKŒŒŒ‹ŒŒŒŒLLÌLÙKLM‚˜ÛÛ™š\›X][Û‹LNL‹KÛÜœ™[Û‹ŒLLŒŽMÍŒÌŒŽMÎMÍŒŒÌLMÌÍŒKŽNMŽMLÍÌLLLËŒÎNMMÌÎMÎÍÍŒ‹ŒÌMNLŒMÍÌMLËËŒÌÌŽLÌÎÍMŽM™KLM‚˜ÛÛ™š\›X][Û‹LNL‹KØØWÙ\]Z]˜[[ŒLLŒŽMÍŒÌŒŽMÎMÍŒŒÌLMÌÍŒKŽNMŽMLÍÌLLLËŒÎNMMÌÎMÎÍÍŒ‹ŒÌMNLŒMÍÌMLËËŒÌÌŽLÌÎÍMŽM™KLM‚˜ÛÛ™š\›X][Û‹LNL‹K˜]×ÜÝ™ŒLLŒŽMÍŽMŒÍÍLÌÎLÍÎLËŒMÌÎŒLÎKŽNMŽMÌMÍNNÍNKŒÎLŒÎMÎMMÌÍŒMŒÍLÎLÍLÌÌMËŽMÎNŒNKLM‚˜ÛÛ™š\›X][Û‹LNL‹K[ÜÝ]WÛÜ˜XÛKŒLLŒKŒŒKŒŒŒLŒNLŒ™KLM‚˜ÛÛ™š\›X][Û‹LNL‹KŒÛÜœ™[Û‹ŒLLŒŽMÍÍŒÌŒÌÍMMÍN‹ŒLÌÍNLÌLNMÍËŽNMŒNLŒÍÎŒNL‹ŒÍŒÌŽMMMÍL‹ŒŒLLŒÎÍŒÎÎ‹ËŽMÎNŒNKLM‚˜ÛÛ™š\›X][Û‹LNL‹KŒØØWÙ\]Z]˜[[ŒLLŒŽMÍÍŒÌŒÌÍMMÍN‹ŒLÌÍNLÌLNMÍËŽNMŒNLŒÍÎŒNL‹ŒÍŒÌŽMMMÍL‹ŒŒLLŒÎÍŒÎÎ‹ËŽMÎNŒNKLM‚˜ÛÛ™š\›X][Û‹LNL‹KŒ˜]×ÜÝ™ŒLLŒŽMÍÍÎMŒMŽMLÎKŒLÌŒLÎÌNKŽNMŒNLMLÌMËŒÍMLŽÍÎLŽÍ‹ŒŒLNŒŽMÌŒLÍ‹‹ŒŒŒŒLLÌLÙKLM‚˜ÛÛ™š\›X][Û‹LNL‹KŒ[ÜÝ]WÛÜ˜XÛKŒLLŒKŒŒKŒŒŒLŒNLŒ™KLM‚˜ÛÛ™š\›X][Û‹LNLŒKÛÜœ™[Û‹ŒLLŒŽNÍLÌŒLLÎKŒLÍMŒLLÌŒÍLÎŽNMŒLMLÍNNMËŒÌŒŽNLÎLÍKŒNLŽLMÌLÌMÌM‹ŒLÌÎMÍÍLLÎYKLM‚˜ÛÛ™š\›X][Û‹LNLŒKØØWÙ\]Z]˜[[ŒLLŒŽNÍLÌŒLLÎKŒLÍMŒLLÌŒÍLÎŽNMŒLMLÍNNMËŒÌŒŽNLÎLÍKŒNLŽLMÌLÌMÌM‹ŒLÌÎMÍÍLLÎYKLM‚˜ÛÛ™š\›X][Û‹LNLŒK˜]×ÜÝ™ŒLLŒŽNÎLLMLŽMMŒNLÌÎÎŽLÍÍÌMŽNMŒMŒLŽLÌÌŒÍ‹ŒÎLMÌÌMŒLÌŽËŒNMÌÌŒMŽLMMË‹ŒÍNLŒŒÎLÌÌŽMÍ™KLM‚˜ÛÛ™š\›X][Û‹LNLŒK[ÜÝ]WÛÜ˜XÛKŒLLŒKŒŒKŒŒŒ‹ŒŒŒŒLLÌLÙKLM‚˜ÛÛ™š\›X][Û‹LNLŒKÛÜœ™[Û‹ŒLLŒŽNLLÍŽŽLNMŒÍKŒÌÌŒÌÌÎMLÌÍNMËŽNMÌÎÍÍNLKŒÍŒMÌMŒŒÌÌLËŒMÌŽMŽNLMKŽNMŒÍŒLLÌŒKLM‚˜ÛÛ™š\›X][Û‹LNLŒKØØWÙ\]Z]˜[[ŒLLŒŽNLLÍŽŽLNMŒÍKŒÌÌŒÌÌÎMLÌÍNMËŽNMÌÎÍÍNLKŒÍŒMÌMŒŒÌÌLËŒMÌŽMŽNLMKŽNMŒÍŒLLÌŒKLM‚˜ÛÛ™š\›X][Û‹LNLŒK˜]×ÜÝ™ŒLLŒŽNÌNNNMŒÌÍNNLMÌÍ‹ŽNMÌÍŽNNLÍÍŒŽMLMŒÍŒŒŽMÌMÌÍÌÍŒMNLŒMÌLË‹ŒLÌÎMÍÍLLÎYKLM‚˜ÛÛ™š\›X][Û‹LNLŒK[ÜÝ]WÛÜ˜XÛKŒLLŒKŒŒKŒŒŒËŒÌÌŽLÌÎÍMŽM™KLM‚˜ÛÛ™š\›X][Û‹LNLKÛÜœ™[Û‹ŒLLŒŽNNMŒŽNÌÎLÎLKŒŒÌŽLŒLMŒËŽNMŒÎŒMŽMÍŒËŒLÎLŽLÍLÌËŒMLŒÌÍLÎLÌNÌÍKËŽMÎNŒNKLM‚˜ÛÛ™š\›X][Û‹LNLKØØWÙ\]Z]˜[[ŒLLŒŽNNMŒŽNÌÎLÎLKŒŒÌŽLŒLMŒËŽNMŒÎŒMŽMÍŒËŒLÎLŽLÍLÌËŒMLŒÌÍLÎLÌNÌÍKËŽMÎNŒNKLM‚˜ÛÛ™š\›X][Û‹LNLK˜]×ÜÝ™ŒLLŒŽNNLLLŒNÌÍÍÍKŒŒÍLLŽNLLMŽNMŒÎÌLNLËŒLŽMMNMÍLŒMŽŒMMÌÍÍÎMMNLKLŒNLŒ™KLM‚˜ÛÛ™š\›X][Û‹LNLK[ÜÝ]WÛÜ˜XÛKŒLLŒKŒŒKŒŒŒLŒNLŒ™KLM‚˜ÛÛ™š\›X][Û‹LNLKŒÛÜœ™[Û‹ŒLLŒŽNMÎMNLÌÌLÎLKŒLMŒLÎLÎMM‹ŽNMÍŽLNLŒL‹ŒNLÍÎŒÌŒŽMŒMËŒLÍŒLŒLLŒÎMÍMK‹ŒŒŒŒLLÌLÙKLM‚˜ÛÛ™š\›X][Û‹LNLKŒØØWÙ\]Z]˜[[ŒLLŒŽNMÎMNLÌÌLÎLKŒLMŒLÎLÎMM‹ŽNMÍŽLNLŒL‹ŒNLÍÎŒÌŒŽMŒMËŒLÍŒLŒLLŒÎMÍMK‹ŒŒŒŒLLÌLÙKLM‚˜ÛÛ™š\›X][Û‹LNLKŒ˜]×ÜÝ™ŒLLŒŽNMÎNLŒLŒÍŒMMŒLMNLŽMÌ‹ŽNMÍÌMLLŒŒŒËŒMÍÍÌŽLMLM‹ŒLÍÌÍÌÌŽMÌMËLÎÍNLNLŽYKLM‚˜ÛÛ™š\›X][Û‹LNLKŒ[ÜÝ]WÛÜ˜XÛKŒLLŒKŒŒKŒŒŒŽNMŒÍŒLLÌŒKLM‚˜ÛÛ™š\›X][Û‹LNLM‹KŒKÛÜœ™[Û‹ŒLLŒŽNLŒLŒLŒÍŽKŒLMLLÌŽLNËŽNLÍŽŒMŒLÌËŒMÍMNNNÎMÌL‹ŒÌÎÌŽLMŒÌMËËŒÌÌŽLÌÎÍMŽM™KLM‚˜ÛÛ™š\›X][Û‹LNLM‹KŒKØØWÙ\]Z]˜[[ŒLLŒŽNLŒLŒLŒÍŽKŒLMLLÌŽLNËŽNLÍŽŒMŒLÌËŒMÍMNNNÎMÌL‹ŒÌÎÌŽLMŒÌMËËŒÌÌŽLÌÎÍMŽM™KLM‚˜ÛÛ™š\›X][Û‹LNLM‹KŒK˜]×ÜÝ™ŒLLŒŽNŒÎMNLÌŒÎŒKŒLLŒÍÎMŒNLŒÍËŽNLÍNMÍLÍMŒËŒMMÎMÎMŒNÎLËŒŒÎLÎLMLŒLËËŒŒÌÌMÍNYKLM‚˜ÛÛ™š\›X][Û‹LNLM‹KŒK[ÜÝ]WÛÜ˜XÛKŒLLŒKŒŒKŒŒŒËŽMÎNŒNKLM‚˜ÛÛ™š\›X][Û‹LNLM‹KŒKÛÜœ™[Û‹ŒLLŒŽMÍŽŒŒMŒLLLNLLMŒNMMŽNLÎNMÌÌÍŒÍNKŒMÎNLŒLML‹ŒŒMÍÎMNLŒÍÍŒËËŒÌÌŽLÌÎÍMŽM™KLM‚˜ÛÛ™š\›X][Û‹LNLM‹KŒKØØWÙ\]Z]˜[[ŒLLŒŽMÍŽŒŒMŒLLLNLLMŒNMMŽNLÎNMÌÌÍŒÍNKŒMÎNLŒLML‹ŒŒMÍÎMNLŒÍÍŒËËŒÌÌŽLÌÎÍMŽM™KLM‚˜ÛÛ™š\›X][Û‹LNLM‹KŒK˜]×ÜÝ™ŒLLŒŽMÍLLNMÌLÌ‹ŒLLMMÌÍÎNLŒKŽNMMÌŒŒŒÌLNŒLÎMÎLÌÍÍMŽLNÌŒŒLLÌÎNNMŽLŒNLŒ™KLM‚˜ÛÛ™š\›X][Û‹LNLM‹KŒK[ÜÝ]WÛÜ˜XÛKŒLLŒKŒŒKŒŒŒŽNMŒÍŒLLÌŒKLM‚˜ÛÛ™š\›X][Û‹LNLM‹KKÛÜœ™[Û‹ŒLLŒŽMÍLNMÌÍMŒ‹ŒLLLLŽNMMMŽNKŽNMŽLŽŒŒLKŒLÍŒÌÌÍŽMÎ‹ŒŽÌÍÍŒMÎLÍÌÍKLŒNLŒ™KLM‚˜ÛÛ™š\›X][Û‹LNLM‹KKØØWÙ\]Z]˜[[ŒLLŒŽMÍLNMÌÍMŒ‹ŒLLLLŽNMMMŽNKŽNMŽLŽŒŒLKŒLÍŒÌÌÍŽMÎ‹ŒŽÌÍÍŒMÎLÍÌÍKLŒNLŒ™KLM‚˜ÛÛ™š\›X][Û‹LNLM‹KK˜]×ÜÝ™ŒLLŒŽMÍŒÌÍÌLÌÌKŒLÌŽLÍMLMŽNKŽNMÍŒŒŒŒÍÎÌËŒLÌLÌŒÍÍMÌMŒŽMMÍÍŽMÍÎM‹ŽNMŒÍŒLLÌŒKLM‚˜ÛÛ™š\›X][Û‹LNLM‹KK[ÜÝ]WÛÜ˜XÛKŒLLŒKŒŒKŒŒŒKMLLLMLLŒÌLMÎÙKLM‚˜ÛÛ™š\›X][Û‹LNLM‹KKŒÛÜœ™[Û‹ŒLLŒŽMÌLMMNMNLÌMŒLMNMMÍMÌLMLKŽNLÌÌMLMMŒL‹ŒMÍÍŽLÍÎLËŒNLŒNÍÌŒŽMKMLLLMLLŒÌLMÎÙKLM‚˜ÛÛ™š\›X][Û‹LNLM‹KKŒØØWÙ\]Z]˜[[ŒLLŒŽMÌLMMNMNLÌMŒLMNMMÍMÌLMLKŽNLÌÌMLMMŒL‹ŒMÍÍŽLÍÎLËŒNLŒNÍÌŒŽMKMLLLMLLŒÌLMÎÙKLM‚˜ÛÛ™š\›X][Û‹LNLM‹KKŒ˜]×ÜÝ™ŒLLŒŽMÌMÍNLÌÍŒLLŒKŒLMÍŒMÎNMÌL‹ŽNLÍMMMMLŒ‹ŒMÌNNLŒLŒËŒMÎÍÌÌÍŒÍŽŽ‹ËŽMÎNŒNKLM‚˜ÛÛ™š\›X][Û‹LNLM‹KKŒ[ÜÝ]WÛÜ˜XÛKŒLLŒKŒŒKŒŒŒËŒÌÌŽLÌÎÍMŽM™KLM‚˜ÛÛ™š\›X][Û‹LNLM‹‹ŒKÛÜœ™[Û‹ŒLLŒŽMŽŒÍÎÌÌMÎLMËŒLMÌMLLŒMŒLKŽNLÍMŒMÍŒŒÎŽKŒMŽMLÌÌŒÍNNLÌKŒÎŒŽLÍÍŽLMKŽNMŒÍŒLLÌŒKLM‚˜ÛÛ™š\›X][Û‹LNLM‹‹ŒKØØWÙ\]Z]˜[[ŒLLŒŽMŽŒÍÎÌÌMÎLMËŒLMÌMLLŒMŒLKŽNLÍMŒMÍŒŒÎŽKŒMŽMLÌÌŒÍNNLÌKŒÎŒŽLÍÍŽLMKŽNMŒÍŒLLÌŒKLM‚˜ÛÛ™š\›X][Û‹LNLM‹‹ŒK˜]×ÜÝ™ŒLLŒŽMŽLÎMŒÎMŒM‹ŒLLÍLÌLŽLKŽNLÍŒŒŒNÍŽMKŒMÎMNMÍËŒÎÌÌMÎŽMÍŽMKËŒÌÌŽLÌÎÍMŽM™KLM‚˜ÛÛ™š\›X][Û‹LNLM‹‹ŒK[ÜÝ]WÛÜ˜XÛKŒLLŒKŒŒKŒŒŒLŒNLŒ™KLM‚˜ÛÛ™š\›X][Û‹LNLM‹‹ŒKÛÜœ™[Û‹ŒLLŒŽMLÍMLLŒLÎÍÍÍLMŒMÍÌÌ‹ŽNMLMŽLMŽKŒLÍŒLLLÍŒLÌN‹ŒŽNŒŒŽŒÍÎÍNMKLŒNLŒ™KLM‚˜ÛÛ™š\›X][Û‹LNLM‹‹ŒKØØWÙ\]Z]˜[[ŒLLŒŽMLÍMLLŒLÎÍÍÍLMŒMÍÌÌ‹ŽNMLMŽLMŽKŒLÍŒLLLÍŒLÌN‹ŒŽNŒŒŽŒÍÎÍNMKLŒNLŒ™KLM‚˜ÛÛ™š\›X][Û‹LNLM‹‹ŒK˜]×ÜÝ™ŒLLŒŽMLÌÌLÍMMÍ‹ŒLŽLMÌÌMÌLÍÍKŽNMÌÎLŒÍMŽM‹ŒLÌÎÌMŽNŒŒMŒŽKŒŽLLŒÍÍÌÌŽKKMLLLMLLŒÌLMÎÙKLM‚˜ÛÛ™š\›X][Û‹LNLM‹‹ŒK[ÜÝ]WÛÜ˜XÛKŒLLŒKŒŒKŒŒŒLŒNLŒ™KLM‚˜ÛÛ™š\›X][Û‹LNLM‹‹KÛÜœ™[Û‹ŒLLŒŽMMÎÎMŒÎŒÌÌNKŒLNMMÍÌMMLÌÍŒŒÎKŽNLŽNÎÍMMMŒNLŒŽMÍLŒNMM‹ŒÌŽÌÎLÍŽLÌMËŒÌÌŽLÌÎÍMŽM™KLM‚˜ÛÛ™š\›X][Û‹LNLM‹‹KØØWÙ\]Z]˜[[ŒLLŒŽMMÎÎMŒÎŒÌÌNKŒLNMMÍÌMMLÌÍŒŒÎKŽNLŽNÎÍMMMŒNLŒŽMÍLŒNMM‹ŒÌŽÌÎLÍŽLÌMËŒÌÌŽLÌÎÍMŽM™KLM‚˜ÛÛ™š\›X][Û‹LNLM‹‹K˜]×ÜÝ™ŒLLŒŽMŽMÍLÍMŒLMÎÎNMLNLKŽNLÌLÍÌNMÍÌKŒNÍŒÍÌÎMLÍMLKŒÌMÍŽÎLÍŽŽL‹ÍÍMMMÍMŒMMŒŽLMKLM‚˜ÛÛ™š\›X][Û‹LNLM‹‹K[ÜÝ]WÛÜ˜XÛKŒLLŒKŒŒKŒŒŒLŒNLŒ™KLM‚˜ÛÛ™š\›X][Û‹LNLM‹‹KŒÛÜœ™[Û‹ŒLLŒŽMNNMÍMMNLŒÌÌŒLLMÌMÎNNMËŽNLÎLNŒM‹ŒMLÎLÎLÍNNNLŒŒÌMLNMLLŽMŒNKËŽMÎNŒNKLM‚˜ÛÛ™š\›X][Û‹LNLM‹‹KŒØØWÙ\]Z]˜[[ŒLLŒŽMNNMÍMMNLŒÌÌŒLLMÌMÎNNMËŽNLÎLNŒM‹ŒMLÎLÎLÍNNNLŒŒÌMLNMLLŽMŒNKËŽMÎNŒNKLM‚˜ÛÛ™š\›X][Û‹LNLM‹‹KŒ˜]×ÜÝ™ŒLLŒŽMŽÌŽÍŽLÌÍÍÌËŒLLÍÌMŽMLŒÍ‹ŽNLÎMÍŽNÎLKŒMÍÎLÌLNÎLËŒNŒMŒÌNÍÍÎMÍKËŒÌÌŽLÌÎÍMŽM™KLM‚˜ÛÛ™š\›X][Û‹LNLM‹‹KŒ[ÜÝ]WÛÜ˜XÛKŒLLŒKŒŒKŒŒŒ‹ŒLÌÎMÍÍLLÎYKLM‚˜ÛÛ™š\›X][Û‹LNLM‹ŒKÛÜœ™[Û‹ŒLLŒŽMÍLŽÍLNMÌKŒLLÍŽNÍÌŒÌKŽNLÍMMLLÍŒŒŒ‹ŒMÍMŒÌLŽLŒLLÌŒLLLŒŽŒM‹ÌNÎMMŽLMYKLM‚˜ÛÛ™š\›X][Û‹LNLM‹ŒKØØWÙ\]Z]˜[[ŒLLŒŽMÍLŽÍLNMÌKŒLLÍŽNÍÌŒÌKŽNLÍMMLLÍŒŒŒ‹ŒMÍMŒÌLŽLŒLLÌŒLLLŒŽŒM‹ÌNÎMMŽLMYKLM‚˜ÛÛ™š\›X][Û‹LNLM‹ŒK˜]×ÜÝ™ŒLLŒŽMŽŒÌLŒÌŒŒÍÎMËŒLLMÍŒMŒÌNÍMNMŽNLÍÌNMŒÍÌÌÌËŒMŒÍÌÌÌŒNMÍÍKŒŒÍMŒNNLÌMLÍMNNNKMLLLMLLŒÌLMÎÙKLM‚˜ÛÛ™š\›X][Û‹LNLM‹ŒK[ÜÝ]WÛÜ˜XÛKŒLLŒKŒŒKŒŒŒLŒNLŒ™KLM‚˜ÛÛ™š\›X][Û‹LNLM‹ŒKÛÜœ™[Û‹ŒLLŒŽNNMŽŽLLNLŒËŒLÍÍŒÍŽÎŽNMLÌŒMÌŒLMÍŒËŒMMMŒMMNÎKŒMNÎLÍÍÌNËŽMMLMŽMLLŒÌL™KLM‚˜ÛÛ™š\›X][Û‹LNLM‹ŒKØØWÙ\]Z]˜[[ŒLLŒŽNNMŽŽLLNLŒËŒLÍÍŒÍŽÎŽNMLÌŒMÌŒLMÍŒËŒMMMŒMMNÎKŒMNÎLÍÍÌNËŽMMLMŽMLLŒÌL™KLM‚˜ÛÛ™š\›X][Û‹LNLM‹ŒK˜]×ÜÝ™ŒLLŒŽNMÍÍÍŒLMŒLM‹ŒLNLLŒÎLŒÌÌKŽNMÌÌMÍMÌLŒKŒLÌŒÍÌÌÌÎL‹ŒMMNMNKLŒNLŒ™KLM‚˜ÛÛ™š\›X][Û‹LNLM‹ŒK[ÜÝ]WÛÜ˜XÛKŒLLŒKŒŒKŒŒŒËŽMÎNŒNKLM‚˜ÛÛ™š\›X][Û‹LNLM‹KÛÜœ™[Û‹ŒLLŒŽMŽLÎŒÎNLŽÌM‹ŒLMŽMÌLLÍNKŽNLÌÍLÌMÌŒŒŽLÌKŒMÍLÍNŒŒNKŒŒNÌÎMMŽÌLÍËLŒNLŒ™KLM‚˜ÛÛ™š\›X][Û‹LNLM‹KØØWÙ\]Z]˜[[ŒLLŒŽMŽLÎŒÎNLŽÌM‹ŒLMŽMÌLLÍNKŽNLÌÍLÌMÌŒŒŽLÌKŒMÍLÍNŒŒNKŒŒNÌÎMMŽÌLÍËLŒNLŒ™KLM‚˜ÛÛ™š\›X][Û‹LNLM‹K˜]×ÜÝ™ŒLLŒŽMÌÎNLMLŽMÍËŒLMÍMÍŒÌMŒÌLM‹ŽNLÍLÌNLÌMÎM‹ŒMŽÍŽMÍMLNN‹ŒŒLLŒMŒÌÌMLŒÎŒÌŒLMŒŒŒM™KLM‚˜ÛÛ™š\›X][Û‹LNLM‹K[ÜÝ]WÛÜ˜XÛKŒLLŒKŒŒKŒŒŒ‹ŒLÌÎMÍÍLLÎYKLM‚˜ÛÛ™š\›X][Û‹LNLM‹KŒÛÜœ™[Û‹ŒLLŒŽMÍÍŒMLMŒL‹ŒLLMÎLÌÍLÌLNKŽNMMÍMMÌMÍ‹ŒLÎMLÌÌÎMMMŽLKŒŽLŒMÌÎÍŽÍMLLË‹ŒLŒŒŒÍMÎÍŒYKLM‚˜ÛÛ™š\›X][Û‹LNLM‹KŒØØWÙ\]Z]˜[[ŒLLŒŽMÍÍŒMLMŒL‹ŒLLMÎLÌÍLÌLNKŽNMMÍMMÌMÍ‹ŒLÎMLÌÌÎMMMŽLKŒŽLŒMÌÎÍŽÍMLLË‹ŒLŒŒŒÍMÎÍŒYKLM‚˜ÛÛ™š\›X][Û‹LNLM‹KŒ˜]×ÜÝ™ŒLLŒŽMÍLŽMÌÌÌÌLMÍLËŒLMLLŒNMNŽMKŽNMŒLÌLLÍLÌ‹ŒLÎÎNNLÎMÍ‹ŒŽÌLLÍNMŽËŽMÎNŒNKLM‚˜ÛÛ™š\›X][Û‹LNLM‹KŒ[ÜÝ]WÛÜ˜XÛKŒLLŒKŒŒKŒŒŒLŒNLŒ™KLM‚˜ÛÛ™š\›X][Û‹LNLKKŒKÛÜœ™[Û‹ŒLLŒKŒLNŽNNMÎMŒÍNŒÍŒÎŒŽNMÎLMLM‹ŒÌÌNLŒÍŽLLKŒLLMLÌÌÎNMÌÎNÍK‹NNMŒ™KLM‚˜ÛÛ™š\›X][Û‹LNLKKŒKØØWÙ\]Z]˜[[ŒLLŒKŒLNŽNNMÎMŒÍNŒÍŒÎŒŽNMÎLMLM‹ŒÌÌNLŒÍŽLLKŒLLMLÌÌÎNMÌÎNÍK‹NNMŒ™KLM‚˜ÛÛ™š\›X][Û‹LNLKKŒK˜]×ÜÝ™ŒLLŒKŒLNŽNNMÎÎKŒÍNŒÍŒÎŒNŽNMÎLMLM‹ŒÌÌNLŒÍŽLLËŒLLMLÌÌÎNMÌÎNÌKKŒLLŒŒÌŒLMMYKLM‚˜ÛÛ™š\›X][Û‹LNLKKŒK[ÜÝ]WÛÜ˜XÛKŒLLŒKŒŒKŒŒŒLŒNLŒ™KLM‚˜ÛÛ™š\›X][Û‹LNLKKŒKÛÜœ™[Û‹ŒLLŒKŒŒLŒŽNLNMM‹ŒMÌÌŒMLŒŒŒNMKŽNNNNLLMLÌÍËŒÌMMÎMŽMŒM‹ŒMMŒÌLŒLÌLLÌ‹‹ŒŒŒŒLLÌLÙKLM‚˜ÛÛ™š\›X][Û‹LNLKKŒKØØWÙ\]Z]˜[[ŒLLŒKŒŒLŒŽNLNMM‹ŒMÌÌŒMLŒŒŒNMKŽNNNNLLMLÌÍËŒÌMMÎMŽMŒM‹ŒMMŒÌLŒLÌLLÌ‹‹ŒŒŒŒLLÌLÙKLM‚˜ÛÛ™š\›X][Û‹LNLKKŒK˜]×ÜÝ™ŒLLŒKŒŒLŒŽNLNMKŒMÌÌŒMLŒŒŒNLŽNNNNLLMLÌÍËŒÌMMÎMŽMLÌËŒMMŒÌLŒLÌLM‹ËŒÌÌŽLÌÎÍMŽM™KLM‚˜ÛÛ™š\›X][Û‹LNLKKŒK[ÜÝ]WÛÜ˜XÛKŒLLŒKŒŒKŒŒŒŽNMŒÍŒLLÌŒKLM‚˜ÛÛ™š\›X][Û‹LNLKKKÛÜœ™[Û‹ŒLLŒŽNLŒÎLMLLÍÌŒLLM‹ŒMLŒŒMÍÎŽŽNNLMÌLÍÍ‹ŒNNLŒNLŒLLÍMŒKŒŒÌLNMMŒNMK‹ŒŒŒŒLLÌLÙKLM‚˜ÛÛ™š\›X][Û‹LNLKKKØØWÙ\]Z]˜[[ŒLLŒŽNLŒÎLMLLÍÌŒLLM‹ŒMLŒŒMÍÎŽŽNNLMÌLÍÍ‹ŒNNLŒNLŒLLÍMŒKŒŒÌLNMMŒNMK‹ŒŒŒŒLLÌLÙKLM‚˜ÛÛ™š\›X][Û‹LNLKKK˜]×ÜÝ™ŒLLŒŽNLŒÎLMLLÍÌŒLL‹ŒMLŒŒMÍÎËŽNNLMÌLÍÍ‹ŒNNLŒNLŒLLÍNÍŒŒÌLNMMÌÌ‹‹ÍÍMMMÍMŒMMŒŽLMKLM‚˜ÛÛ™š\›X][Û‹LNLKKK[ÜÝ]WÛÜ˜XÛKŒLLŒKŒŒKŒŒŒËŽMÎNŒNKLM‚˜ÛÛ™š\›X][Û‹LNLKKKŒÛÜœ™[Û‹ŒLLŒKŒÌŒÎÌŽMMÍKŒŒÎMŒLŒLÎKŽNNÎNMÍŒŽŒŽŽŒÍLMŒMŒNŒLÍÌÎNMMŒŒMÍËKMLLLMLLŒÌLMÎÙKLM‚˜ÛÛ™š\›X][Û‹LNLKKKŒØØWÙ\]Z]˜[[ŒLLŒKŒÌŒÎÌŽMMÍKŒŒÎMŒLŒLÎKŽNNÎNMÍŒŽŒŽŽŒÍLMŒMŒNŒLÍÌÎNMMŒŒMÍËKMLLLMLLŒÌLMÎÙKLM‚˜ÛÛ™š\›X][Û‹LNLKKKŒ˜]×ÜÝ™ŒLLŒKŒÌŒÎÌŽMM‹ŒŒÎMŒLŒLÎÎMŽNNÎNMÍŒŽŒŽŽŒÍLMŒMŒN‹ŒLÍÌÎNMMŒŒÍËLŒNLŒ™KLM‚˜ÛÛ™š\›X][Û‹LNLKKKŒ[ÜÝ]WÛÜ˜XÛKŒLLŒKŒŒKŒŒŒËŒÌÌŽLÌÎÍMŽM™KLM‚˜ÛÛ™š\›X][Û‹LNLK‹ŒKÛÜœ™[Û‹ŒLLŒŽMMŽMNŒMÍNKŒÎLÍLÌŒŒMLŒLÍ‹ŽNMÌÌÍŽŽÌËŒÍLNMÌLÍÌNMÍŒŽNNNNÌŽMÍLÎNKKŒÌÍMNLÍŽMŽMMKLM‚˜ÛÛ™š\›X][Û‹LNLK‹ŒKØØWÙ\]Z]˜[[ŒLLŒŽMMŽMNŒMÍNKŒÎLÍLÌŒŒMLŒLÍ‹ŽNMÌÌÍŽŽÌËŒÍLNMÌLÍÌNMÍŒŽNNNNÌŽMÍLÎNKKŒÌÍMNLÍŽMŽMMKLM‚˜ÛÛ™š\›X][Û‹LNLK‹ŒK˜]×ÜÝ™ŒLLŒŽMMŽMNŒMÍMKŒÎLÍLÌŒŒMLŒNËŽNMÌÌÍŽŽÌËŒÍLNMÌLÍÌNNL‹ŒŽNNNNÌŽMÍMMMKKŒÌÍMNLÍŽMŽMMKLM‚˜ÛÛ™š\›X][Û‹LNLK‹ŒK[ÜÝ]WÛÜ˜XÛKŒLLŒKŒŒKŒŒŒ‹ÍÍMMMÍMŒMMŒŽLMKLM‚˜ÛÛ™š\›X][Û‹LNLK‹ŒKÛÜœ™[Û‹ŒLLŒŽNNMMMLÌŽMÍÎNKŒÍMMŒÍŒÍŽÍML‹ŽNMÍŽMŽMLŽMÍL‹ŒÌÎLÍMŒÎNML‹ŒMÌMŒÎLŽMLM‹KLÌÍLÍŽLÍÍÌÍKLM‚˜ÛÛ™š\›X][Û‹LNLK‹ŒKØØWÙ\]Z]˜[[ŒLLŒŽNNMMMLÌŽMÍÎNKŒÍMMŒÍŒÍŽÍML‹ŽNMÍŽMŽMLŽMÍL‹ŒÌÎLÍMŒÎNML‹ŒMÌMŒÎLŽMLM‹KLÌÍLÍŽLÍÍÌÍKLM‚˜ÛÛ™š\›X][Û‹LNLK‹ŒK˜]×ÜÝ™ŒLLŒŽNNMMMLÌŽMÍÎM‹ŒÍMMŒÍŒÍŽÍMÍKŽNMÍŽMŽMLŽMÍLKŒÌÎLÍMŒÎNMLŽKŒMÌMŒÎLŽMLÍÍËËŽMÎNŒNKLM‚˜ÛÛ™š\›X][Û‹LNLK‹ŒK[ÜÝ]WÛÜ˜XÛKŒLLŒKŒŒKŒŒŒKŒÎÍÍÎÎÎMMÙKLM‚˜ÛÛ™š\›X][Û‹LNLK‹KÛÜœ™[Û‹ŒLLŒŽNLŒNÍŒNLÌ‹ŒÌMLÍÍŒÍMŒÍÍ‹ŽNNÌŽNMËŒÌLÍLÌÌÌÎÍÌËŒNLÍMMÍŽŒLÍÍLËLŒNLŒ™KLM‚˜ÛÛ™š\›X][Û‹LNLK‹KØØWÙ\]Z]˜[[ŒLLŒŽNLŒNÍŒNLÌ‹ŒÌMLÍÍŒÍMŒÍÍ‹ŽNNÌŽNMËŒÌLÍLÌÌÌÎÍÌËŒNLÍMMÍŽŒLÍÍLËLŒNLŒ™KLM‚˜ÛÛ™š\›X][Û‹LNLK‹K˜]×ÜÝ™ŒLLŒŽNLŒNÍŒNLÌ‹ŒÌMLÍÍŒÍMŒÍÎMËŽNNÌŽNMËŒÌLÍLÌÌÌÎLŒ‹ŒNLÍMMÍŽŒLÍ‹‹ŒŒŒŒLLÌLÙKLM‚˜ÛÛ™š\›X][Û‹LNLK‹K[ÜÝ]WÛÜ˜XÛKŒLLŒKŒŒKŒŒŒŽMLLMÌÌLÍŒÌYKLM‚˜ÛÛ™š\›X][Û‹LNLK‹KŒÛÜœ™[Û‹ŒLLŒKŒLÎŒÎÎMÍŒNNÌMŽŒÌMÎŽNNLMŽMÌŽL‹ŒŒMÌŒŽLŒMNMLŒLÍLNMŒÌÌMÍŒË‹NNMŒ™KLM‚˜ÛÛ™š\›X][Û‹LNLK‹KŒØØWÙ\]Z]˜[[ŒLLŒKŒLÎŒÎÎMÍŒNNÌMŽŒÌMÎŽNNLMŽMÌŽL‹ŒŒMÌŒŽLŒMNMLŒLÍLNMŒÌÌMÍŒË‹NNMŒ™KLM‚˜ÛÛ™š\›X][Û‹LNLK‹KŒ˜]×ÜÝ™ŒLLŒKŒLÎŒÎÎMÍKŒNNÌMŽŒÌŒ‹ŽNNLMŽMÌŽL‹ŒŒMÌŒŽLŒMNMËŒLÍLNMŒÌÌMÍLÍKËŒÌÌŽLÌÎÍMŽM™KLM‚˜ÛÛ™š\›X][Û‹LNLK‹KŒ[ÜÝ]WÛÜ˜XÛKŒLLŒKŒŒKŒŒŒ‹ÍÍMMMÍMŒMMŒŽLMKLM‚˜ÛÛ™š\›X][Û‹LNLKŒKÛÜœ™[Û‹ŒLLŒKŒŒÍÎMŽLMËŒÌÌŒLÎLÎŒÍŒLLËŽNMÍMÎLŒÍÎKŒÍÍÍŒŒÌŒËŒNLMÍŒŒÎLÍŒÌŒLMŒŒŒM™KLM‚˜ÛÛ™š\›X][Û‹LNLKŒKØØWÙ\]Z]˜[[ŒLLŒKŒŒÍÎMŽLMËŒÌÌŒLÎLÎŒÍŒLLËŽNMÍMÎLŒÍÎKŒÍÍÍŒŒÌŒËŒNLMÍŒŒÎLÍŒÌŒLMŒŒŒM™KLM‚˜ÛÛ™š\›X][Û‹LNLKŒK˜]×ÜÝ™ŒLLŒKŒŒÍÎMŽLŒÌÌŒLÎLÎŒÍŒLËŽNMÍMÎLŒÍÎKŒÍÍÍŒŒÌŒŒNLMÍŒŒÎLÍLMK‹ŒÎLÎLNÎMŽÎNMKLM‚˜ÛÛ™š\›X][Û‹LNLKŒK[ÜÝ]WÛÜ˜XÛKŒLLŒKŒŒKŒŒŒKLÌÍLÍŽLÍÍÌÍKLM‚˜ÛÛ™š\›X][Û‹LNLKŒKÛÜœ™[Û‹ŒLLŒKŒŒÎŽMLLŒŒÎMÌŒMÍÍÌŒMKŽNMÎMÌLÍLÎŒÌNMLŒLMÌLKŒMÌNLMÍÌLMÍÍLN‹ÍÍMMMÍMŒMMŒŽLMKLM‚˜ÛÛ™š\›X][Û‹LNLKŒKØØWÙ\]Z]˜[[ŒLLŒKŒŒÎŽMLLŒŒÎMÌŒMÍÍÌŒMKŽNMÎMÌLÍLÎŒÌNMLŒLMÌLKŒMÌNLMÍÌLMÍÍLN‹ÍÍMMMÍMŒMMŒŽLMKLM‚˜ÛÛ™š\›X][Û‹LNLKŒK˜]×ÜÝ™ŒLLŒKŒŒÎŽMLL‹ŒÎMÌŒMÍÍÌŒŒ‹ŽNMÎMÌLÍLÎŒÌNMLŒLMÌLËŒMÌNLMÍÌLMÍÌËËŒÌÌŽLÌÎÍMŽM™KLM‚˜ÛÛ™š\›X][Û‹LNLKŒK[ÜÝ]WÛÜ˜XÛKŒLLŒKŒŒKŒŒŒ‹ÍÍMMMÍMŒMMŒŽLMKLM‚˜ÛÛ™š\›X][Û‹LNLKKÛÜœ™[Û‹ŒLLŒŽNÍNMŽMMLLMŒŒLÍÎNLMNNMŽNNÎÍŽMLKŒŽMÌŽMLŽLMNM‹ŒMŒÍMÍÍNŽNM‹‹ŒŒŒŒLLÌLÙKLM‚˜ÛÛ™š\›X][Û‹LNLKKØØWÙ\]Z]˜[[ŒLLŒŽNÍNMŽMMLLMŒŒLÍÎNLMNNMŽNNÎÍŽMLKŒŽMÌŽMLŽLMNM‹ŒMŒÍMÍÍNŽNM‹‹ŒŒŒŒLLÌLÙKLM‚˜ÛÛ™š\›X][Û‹LNLKK˜]×ÜÝ™ŒLLŒŽNÍNMŽMMLLLÍKŒŒLÍÎNLMNNML‹ŽNNÎÍŽMLKŒŽMÌŽMLŽLMŒMMKŒMŒÍMÍÍNŽLK‹ÍÍMMMÍMŒMMŒŽLMKLM‚˜ÛÛ™š\›X][Û‹LNLKK[ÜÝ]WÛÜ˜XÛKŒLLŒKŒŒKŒŒŒËŒLÌLLÌÌMÍÌNLNYKLM‚˜ÛÛ™š\›X][Û‹LNLKKŒÛÜœ™[Û‹ŒLLŒŽNMÍŽNMŽMMLÍËŒLLÎNMÌNLŽMŒÍËŽNNÌŒŽMŽÌŽMMKŒMÌÌŽNŒŒMLNKŒŒNŒÌNÍŒLŽLŒNLŒ™KLM‚˜ÛÛ™š\›X][Û‹LNLKKŒØØWÙ\]Z]˜[[ŒLLŒŽNMÍŽNMŽMMLÍËŒLLÎNMÌNLŽMŒÍËŽNNÌŒŽMŽÌŽMMKŒMÌÌŽNŒŒMLNKŒŒNŒÌNÍŒLŽLŒNLŒ™KLM‚˜ÛÛ™š\›X][Û‹LNLKKŒ˜]×ÜÝ™ŒLLŒŽNMÍŽNMŽMMLÌ‹ŒLLÎNMÌNLŽMNM‹ŽNNÌŒŽMŽÌŽMMKŒMÌÌŽNŒŒMLLËŒŒNŒÌNÍŒLŽMÌË‹ŒMŽMÌLMÌŒMŽYKLM‚˜ÛÛ™š\›X][Û‹LNLKKŒ[ÜÝ]WÛÜ˜XÛKŒLLŒKŒŒKŒŒŒŽNMŒÍŒLLÌŒKLM‚˜ÛÛ™š\›X][Û‹LNLKKŒKÛÜœ™[Û‹ŒLLŒŽNNMMŒÎNMÌÍŒKŒLLMÎMLŒÌMLNËŽNMŒÌLMLÎMMM‹ŒŽMLŒNMNMŒMMÌÌËŒŒMŽMMŒMÌLŒNLŒ™KLM‚˜ÛÛ™š\›X][Û‹LNLKKŒKØØWÙ\]Z]˜[[ŒLLŒŽNNMMŒÎNMÌÍŒKŒLLMÎMLŒÌMLNËŽNMŒÌLMLÎMMM‹ŒŽMLŒNMNMŒMMÌÌËŒŒMŽMMŒMÌLŒNLŒ™KLM‚˜ÛÛ™š\›X][Û‹LNLKKŒK˜]×ÜÝ™ŒLLŒŽNŒMMŽÌÌŒKŒLÍÍÍÍMÌLÌÍMKŽNMŒÌÌMŒÌÎNNMŽŒŽŽÍÎMŽMËŒŒLŽLŽMŒMLÍLË‹ÍÍMMMÍMŒMMŒŽLMKLM‚˜ÛÛ™š\›X][Û‹LNLKKŒK[ÜÝ]WÛÜ˜XÛKŒLLŒKŒŒKŒŒŒKŽLLMLMNÎMKLM‚˜ÛÛ™š\›X][Û‹LNLKKŒKÛÜœ™[Û‹ŒLLŒŽMÍÎŒMŽMMÍŒÌLMŒÍNŽMÍŽNMLNÌŒM‹ŒŒNÌNMMMNL‹ŒŒŒŒÍÍÌMÍMÎŒL‹KŽMŽLŽLÌMKLM‚˜ÛÛ™š\›X][Û‹LNLKKŒKØØWÙ\]Z]˜[[ŒLLŒŽMÍÎŒMŽMMÍŒÌLMŒÍNŽMÍŽNMLNÌŒM‹ŒŒNÌNMMMNL‹ŒŒŒŒÍÍÌMÍMÎŒL‹KŽMŽLŽLÌMKLM‚˜ÛÛ™š\›X][Û‹LNLKKŒK˜]×ÜÝ™ŒLLŒŽMÍNŒÌÍNLŽLŒ‹ŒÎÍŽLLMŒËŽNMŒLLŽÍMÌÎLŒLMŒŒŒŒMÌÍLŒ‹ŒŒNMŒMŒŒŒMLÌÌNËLNLMMŒMÎÙKLM‚˜ÛÛ™š\›X][Û‹LNLKKŒK[ÜÝ]WÛÜ˜XÛKŒLLŒKŒŒKŒŒŒ‹ŽLMÌÍMÎMLÍ™KLM‚˜ÛÛ™š\›X][Û‹LNLKKKÛÜœ™[Û‹ŒLLŒŽNŒLMŽLÍÍMMÌKŒÌMÌMÎMŒËŽNMMÍÎŒÍÌKŒMNLÌLLŒŽNŒŒMÍÎŒLŒÌML‹‹ŒŒŒŒLLÌLÙKLM‚˜ÛÛ™š\›X][Û‹LNLKKKØØWÙ\]Z]˜[[ŒLLŒŽNŒLMŽLÍÍMMÌKŒÌMÌMÎMŒËŽNMMÍÎŒÍÌKŒMNLÌLLŒŽNŒŒMÍÎŒLŒÌML‹‹ŒŒŒŒLLÌLÙKLM‚˜ÛÛ™š\›X][Û‹LNLKKK˜]×ÜÝ™ŒLLŒŽNŒLÍMÌÌÍKŒÌMÍÌMŒKŽNMLÌÎŒÎÍKŒMŒÌMLŒMNMKŒŒLMÍÌŽLÍKŽNLÌLŒÎLÙKLM‚˜ÛÛ™š\›X][Û‹LNLKKK[ÜÝ]WÛÜ˜XÛKŒLLŒKŒŒKŒŒŒ‹ÍÍMMMÍMŒMMŒŽLMKLM‚˜ÛÛ™š\›X][Û‹LNLKKKŒÛÜœ™[Û‹ŒLLŒŽNÌŽMÎLÍÍŽLÍŽ‹ŒLMÎLNLLŽNËŽNMŒLÍÌLLÌŒŽŒÎMÍÌLLNMÌ‹ŒŒLŒÍŒŒMKMLLLMLLŒÌLMÎÙKLM‚˜ÛÛ™š\›X][Û‹LNLKKKŒØØWÙ\]Z]˜[[ŒLLŒŽNÌŽMÎLÍÍŽLÍŽ‹ŒLMÎLNLLŽNËŽNMŒLÍÌLLÌŒŽŒÎMÍÌLLNMÌ‹ŒŒLŒÍŒŒMKMLLLMLLŒÌLMÎÙKLM‚˜ÛÛ™š\›X][Û‹LNLKKKŒ˜]×ÜÝ™ŒLLŒŽNÍÌNLLŒËŒLŒŽMŒÌLKŽNMŒMNMMLÍÍŒÎŒŽMMŒ‹ŒNNLÌÌËËŒŒÌÌMÍNYKLM‚˜ÛÛ™š\›X][Û‹LNLKKKŒ[ÜÝ]WÛÜ˜XÛKŒLLŒKŒŒKŒŒŒ‹ŒŒŒŒLLÌLÙKLM‚˜ÛÛ™š\›X][Û‹LNLK‹ŒKÛÜœ™[Û‹ŒLLŒŽNLNLÍMÌLÌKŒLMMMNMŽÎLMLËŽNMLŽLNŒŒLKŒLNŽŒŒÎŒŽMŽLNNMMM‹ËŒÌÌŽLÌÎÍMŽM™KLM‚˜ÛÛ™š\›X][Û‹LNLK‹ŒKØØWÙ\]Z]˜[[ŒLLŒŽNLNLÍMÌLÌKŒLMMMNMŽÎLMLËŽNMLŽLNŒŒLKŒLNŽŒŒÎŒŽMŽLNNMMM‹ËŒÌÌŽLÌÎÍMŽM™KLM‚˜ÛÛ™š\›X][Û‹LNLK‹ŒK˜]×ÜÝ™ŒLLŒŽNLÎLŒLÌŒ‹ŒLÍŒŽMÌMŒŽKŽNMLŽLÍML‹ŒLÎMMŽNÍŒŽÍMÌLŒÍÌÎÌŒÍŽMMMMMYKLM‚˜ÛÛ™š\›X][Û‹LNLK‹ŒK[ÜÝ]WÛÜ˜XÛKŒLLŒKŒŒKŒŒŒKLÌÍLÍŽLÍÍÌÍKLM‚˜ÛÛ™š\›X][Û‹LNLK‹ŒKÛÜœ™[Û‹ŒLLŒŽNÌNMÍMŒÍKŒLŽLMŒNÍÌLMËŽNMNLMLÎMÍÌËŒLÌÎLÌMMKŒNNLMŒÍNÎKLŒNLŒ™KLM‚˜ÛÛ™š\›X][Û‹LNLK‹ŒKØØWÙ\]Z]˜[[ŒLLŒŽNÌNMÍMŒÍKŒLŽLMŒNÍÌLMËŽNMNLMLÎMÍÌËŒLÌÎLÌMMKŒNNLMŒÍNÎKLŒNLŒ™KLM‚˜ÛÛ™š\›X][Û‹LNLK‹ŒK˜]×ÜÝ™ŒLLŒŽNÌMŒÍMLŽMÍÍÍŒLMŒLÍŒÍŽŽNMNLLŽÎÍML‹ŒLŒMŒÍLŒÌÌLÎŒŒŽÎMŒËŒÌÌŽLÌÎÍMŽM™KLM‚˜ÛÛ™š\›X][Û‹LNLK‹ŒK[ÜÝ]WÛÜ˜XÛKŒLLŒKŒŒKŒŒŒ‹ŒŒŒŒLLÌLÙKLM‚˜ÛÛ™š\›X][Û‹LNLK‹KÛÜœ™[Û‹ŒLLŒŽNÍLLMÎÌ‹ŒŒNNMÌŒMKŽNMŒÍŽÌÌÌÌ‹ŒŒMÌŒÌLÍŒMÍÌŒNMLNLLŒÍLÌ‹LŒNLŒ™KLM‚˜ÛÛ™š\›X][Û‹LNLK‹KØØWÙ\]Z]˜[[ŒLLŒŽNÍLLMÎÌ‹ŒŒNNMÌŒMKŽNMŒÍŽÌÌÌÌ‹ŒŒMÌŒÌLÍŒMÍÌŒNMLNLLŒÍLÌ‹LŒNLŒ™KLM‚˜ÛÛ™š\›X][Û‹LNLK‹K˜]×ÜÝ™ŒLLŒŽNÍÌNÌŒŽL‹ŒMNÍÎMÌŒÍŒÍËŽNMLMŒÎMŒLŒÌËŒMÌÍLLÌLÍLMM‹ŒLÍŒŽMŒŽÍŽNM‹‹ŒŒŒŒLLÌLÙKLM‚˜ÛÛ™š\›X][Û‹LNLK‹K[ÜÝ]WÛÜ˜XÛKŒLLŒKŒŒKŒŒŒ‹ŒŒŒŒLLÌLÙKLM‚˜ÛÛ™š\›X][Û‹LNLK‹KŒÛÜœ™[Û‹ŒLLŒŽNLMNÎÎNÌL‹ŒLŽNLÍLÍÍMŒŽNMŒLÌNMÌÌ‹ŒŽMËŒMŒÍÌMŽLÎ‹‹ÍÍMMMÍMŒMMŒŽLMKLM‚˜ÛÛ™š\›X][Û‹LNLK‹KŒØØWÙ\]Z]˜[[ŒLLŒŽNLMNÎÎNÌL‹ŒLŽNLÍLÍÍMŒŽNMŒLÌNMÌÌ‹ŒŽMËŒMŒÍÌMŽLÎ‹‹ÍÍMMMÍMŒMMŒŽLMKLM‚˜ÛÛ™š\›X][Û‹LNLK‹KŒ˜]×ÜÝ™ŒLLŒŽNLŽMÍÍÍŽLL‹ŒLÍLNNÍNMŒÍŽNMŒÎŽLLLÎKŒLÌÍMŒÎLËŒMÌMÍÌŒÌËËŒÌÌŽLÌÎÍMŽM™KLM‚˜ÛÛ™š\›X][Û‹LNLK‹KŒ[ÜÝ]WÛÜ˜XÛKŒLLŒKŒŒKŒŒŒNMÍŒÌÌÌLL™KLM‚˜ÛÛ™š\›X][Û‹LNLKŒKÛÜœ™[Û‹ŒLLŒŽNLLÍÌLMËŒMÍŒÌÍ‹ŽNMŒÌMÍÍLLMËŒŽŽLÍÍMLÌÌŒKŒMNLLNLŒLMÌŒM‹ÌNÎMMŽLMYKLM‚˜ÛÛ™š\›X][Û‹LNLKŒKØØWÙ\]Z]˜[[ŒLLŒŽNLLÍÌLMËŒMÍŒÌÍ‹ŽNMŒÌMÍÍLLMËŒŽŽLÍÍMLÌÌŒKŒMNLLNLŒLMÌŒM‹ÌNÎMMŽLMYKLM‚˜ÛÛ™š\›X][Û‹LNLKŒK˜]×ÜÝ™ŒLLŒŽNLMMŒŒŒMÌKŒÎNNLŒLNNLÍÍËŽNMŒÍŒŒMŽÌËŒÌÎLLÌL‹ŒMLMÍÌÍNMLNLÎ‹ŒLŒŒŒÍMÎÍŒYKLM‚˜ÛÛ™š\›X][Û‹LNLKŒK[ÜÝ]WÛÜ˜XÛKŒLLŒKŒŒKŒŒŒLŒNLŒ™KLM‚˜ÛÛ™š\›X][Û‹LNLKŒKÛÜœ™[Û‹ŒLLŒŽMÍŒŒÍŽMÌÍŒ‹ŒÎMÎÎNLÍŽŽNMŒÌŒNNÌLÍKŒŽMÍMMŽLMLŽKŒŒLÌNNŒÍÍÌMÌŽ‹ŒÌÌNŒŒŒÌLMLÍKLM‚˜ÛÛ™š\›X][Û‹LNLKŒKØØWÙ\]Z]˜[[ŒLLŒŽMÍŒŒÍŽMÌÍŒ‹ŒÎMÎÎNLÍŽŽNMŒÌŒNNÌLÍKŒŽMÍMMŽLMLŽKŒŒLÌNNŒÍÍÌMÌŽ‹ŒÌÌNŒŒŒÌLMLÍKLM‚˜ÛÛ™š\›X][Û‹LNLKŒK˜]×ÜÝ™ŒLLŒŽMÍÍLŽMÍÌMLŒŽNŒÍÍÍMMŒLNMMMŽNMŒÌŒÌŒÌMÌKŒŽMŒÍÍLÌŒLŒŒÍÍNÌÍLŒKMLLLMLLŒÌLMÎÙKLM‚˜ÛÛ™š\›X][Û‹LNLKŒK[ÜÝ]WÛÜ˜XÛKŒLLŒKŒŒKŒŒŒËŒNLNLLNMMÎMÌÌYKLM‚˜ÛÛ™š\›X][Û‹LNLKKÛÜœ™[Û‹ŒLLŒŽNÌLLÍMÎLMŒŽNÌLÌMÌŒŒÎLÍ‹ŽNMŽMMŽÍKŒŒMLŒMLLKŒNMÌLÍLLÍMÍÍËKŒÍÌŒŽNLÌKLM‚˜ÛÛ™š\›X][Û‹LNLKKØØWÙ\]Z]˜[[ŒLLŒŽNÌLLÍMÎLMŒŽNÌLÌMÌŒŒÎLÍ‹ŽNMŽMMŽÍKŒŒMLŒMLLKŒNMÌLÍLLÍMÍÍËKŒÍÌŒŽNLÌKLM‚˜ÛÛ™š\›X][Û‹LNLKK˜]×ÜÝ™ŒLLŒŽNÍÌMN‹ŒŒŒNLÌÎŒÌËŽNMÎLŽLÌŒŒKŒŒMÍÌLŒŒLÍ‹ŒNŒÎMNNLÍÎM‹LŒNLŒ™KLM‚˜ÛÛ™š\›X][Û‹LNLKK[ÜÝ]WÛÜ˜XÛKŒLLŒKŒŒKŒŒŒËŽMÎNŒNKLM‚˜ÛÛ™š\›X][Û‹LNLKKŒÛÜœ™[Û‹ŒLLŒŽNLLLLÍÎLLŒÎŒÍÎLŽLNMLL‹ŽNMÌNMÌŒÍŒKŒNÌMÍÌŒLKŒNNLÍLŽNLLMKKMLLLMLLŒÌLMÎÙKLM‚˜ÛÛ™š\›X][Û‹LNLKKŒØØWÙ\]Z]˜[[ŒLLŒŽNLLLLÍÎLLŒÎŒÍÎLŽLNMLL‹ŽNMÌNMÌŒÍŒKŒNÌMÍÌŒLKŒNNLÍLŽNLLMKKMLLLMLLŒÌLMÎÙKLM‚˜ÛÛ™š\›X][Û‹LNLKKŒ˜]×ÜÝ™ŒLLŒŽNLÍŽLLÌŒKŒÌMÌMÎLÍŒLNKŽNMLŽÎMM‹ŒLMLNLŒLÎLKŒNMNLNÍLÌMÌMLK‹ÍÍMMMÍMŒMMŒŽLMKLM‚˜ÛÛ™š\›X][Û‹LNLKKŒ[ÜÝ]WÛÜ˜XÛKŒLLŒKŒŒKŒŒŒËŒÌÌŽLÌÎÍMŽM™KLM‚˜ÛÛ™š\›X][Û‹LNLKM‹KŒKÛÜœ™[Û‹ŒLLŒŽMŽMŽLŒŒÌLŒŒLŒLÌÌMÍÍŽNMŽNLŽÎMŽMŒÍŒÌKŒNNÍLÌŽÍLMNKŒÌLLLÌLÍNNMËŽMÎNŒNKLM‚˜ÛÛ™š\›X][Û‹LNLKM‹KŒKØØWÙ\]Z]˜[[ŒLLŒŽMŽMŽLŒŒÌLŒŒLŒLÌÌMÍÍŽNMŽNLŽÎMŽMŒÍŒÌKŒNNÍLÌŽÍLMNKŒÌLLLÌLÍNNMËŽMÎNŒNKLM‚˜ÛÛ™š\›X][Û‹LNLKM‹KŒK˜]×ÜÝ™ŒLLŒŽMÌMMŒÌLNŒLNLMŒŽMŒÍÍLËŽNLÌNÍŒÌŒNLLŒÌŒÍMŽMKŒÌNLŒÍÌKLŒNLŒ™KLM‚˜ÛÛ™š\›X][Û‹LNLKM‹KŒK[ÜÝ]WÛÜ˜XÛKŒLLŒKŒŒKŒŒŒ‹ŒÍNLŒŒÎLÌÌŽMÍ™KLM‚˜ÛÛ™š\›X][Û‹LNLKM‹KŒKÛÜœ™[Û‹ŒLLŒŽMÎNŒŽLMŒŒLNLÍMÌMÍÎNLËŽNLÌMÍMÍLŒMŒËŒNLÌÎMÍLŽŒŒMŒÍŒÌŽMŽMÌÍKLŒNLŒ™KLM‚˜ÛÛ™š\›X][Û‹LNLKM‹KŒKØØWÙ\]Z]˜[[ŒLLŒŽMÎNŒŽLMŒŒLNLÍMÌMÍÎNLËŽNLÌMÍMÍLŒMŒËŒNLÌÎMÍLŽŒŒMŒÍŒÌŽMŽMÌÍKLŒNLŒ™KLM‚˜ÛÛ™š\›X][Û‹LNLKM‹KŒK˜]×ÜÝ™ŒLLŒŽNLŒŒNLLNMKŒLMLÌŒÌÌÍŒ‹ŽNLÍŽŽMLÌNŒMÌÌŽMÌÌMÍŒNMKŒŒLLÌŒŒLÌNŒËLŒNLŒ™KLM‚˜ÛÛ™š\›X][Û‹LNLKM‹KŒK[ÜÝ]WÛÜ˜XÛKŒLLŒKŒŒKŒŒŒLŒNLŒ™KLM‚˜ÛÛ™š\›X][Û‹LNLKM‹KKÛÜœ™[Û‹ŒLLŒŽNMLLMÍMÎLÍŒLMÌÎMLÍÍNMMKŽNLÌÎMMÍLMMMKŒMÍLNLŒŒMŽMLKŒÌÌŽMŽŽŒÍÍÍŒ‹‹ŒLŒŒŒÍMÎÍŒYKLM‚˜ÛÛ™š\›X][Û‹LNLKM‹KKØØWÙ\]Z]˜[[ŒLLŒŽNMLLMÍMÎLÍŒLMÌÎMLÍÍNMMKŽNLÌÎMMÍLMMMKŒMÍLNLŒŒMŽMLKŒÌÌŽMŽŽŒÍÍÍŒ‹‹ŒLŒŒŒÍMÎÍŒYKLM‚˜ÛÛ™š\›X][Û‹LNLKM‹KK˜]×ÜÝ™ŒLLŒŽNŒŽMLMÍÍLÍÎL‹ŒLMLŽMÎÍMLŒMËŽNLÍMNMMÎŒMLÌKŒMÍŽLÌÍÍŒŒŒÌŽŽLÎLNKÌNÎMMŽLMYKLM‚˜ÛÛ™š\›X][Û‹LNLKM‹KK[ÜÝ]WÛÜ˜XÛKŒLLŒKŒŒKŒŒŒËŽMÎNŒNKLM‚˜ÛÛ™š\›X][Û‹LNLKM‹KKŒÛÜœ™[Û‹ŒLLŒŽMÌŒÌÍŒÎNLMLMŒLMÌÍMÎLŒÍÎNŽNLÍŽML‹ŒMÌMLLNÍÌÍÍMÌKŒŽLŒNÍÍLÍÍMÎËŒÌÌŽLÌÎÍMŽM™KLM‚˜ÛÛ™š\›X][Û‹LNLKM‹KKŒØØWÙ\]Z]˜[[ŒLLŒŽMÌŒÌÍŒÎNLMLMŒLMÌÍMÎLŒÍÎNŽNLÍŽML‹ŒMÌMLLNÍÌÍÍMÌKŒŽLŒNÍÍLÍÍMÎËŒÌÌŽLÌÎÍMŽM™KLM‚˜ÛÛ™š\›X][Û‹LNLKM‹KKŒ˜]×ÜÝ™ŒLLŒŽMÌLÌÎMÍMLŽŒLLÍÌŒLMŒÌÌLÌMKŽNLÍLŽNLLLŒNMŽŒMŽÍÍÌÌÍŒŽMMKŒŒLÍŽLÍÍÎLËŽMÎNŒNKLM‚˜ÛÛ™š\›X][Û‹LNLKM‹KKŒ[ÜÝ]WÛÜ˜XÛKŒLLŒKŒŒKŒŒŒLŒNLŒ™KLM‚˜ÛÛ™š\›X][Û‹LNLKM‹‹ŒKÛÜœ™[Û‹ŒLLŒŽNŽŽMÌÌŒÎMŒLLKŒLŒNMÌLÎÌÌÍÌLKŽNLÍŒÍŒŒŒÎŒŒMÍLMNLNLŒÍKŒNMŒŒŽNŒMKËŒÌÌŽLÌÎÍMŽM™KLM‚˜ÛÛ™š\›X][Û‹LNLKM‹‹ŒKØØWÙ\]Z]˜[[ŒLLŒŽNŽŽMÌÌŒÎMŒLLKŒLŒNMÌLÎÌÌÍÌLKŽNLÍŒÍŒŒŒÎŒŒMÍLMNLNLŒÍKŒNMŒŒŽNŒMKËŒÌÌŽLÌÎÍMŽM™KLM‚˜ÛÛ™š\›X][Û‹LNLKM‹‹ŒK˜]×ÜÝ™ŒLLŒŽNÎÌÌÎËŒLNNLLŽÎMÌÍÍŽNLŽMMLLMŒNLÎLLÍÍŒÎLÍ‹ŒÎÌLŽLŒÌMÌÍLË‹ÍÍMMMÍMŒMMŒŽLMKLM‚˜ÛÛ™š\›X][Û‹LNLKM‹‹ŒK[ÜÝ]WÛÜ˜XÛKŒLLŒKŒŒKŒŒŒŽNMŒÍŒLLÌŒKLM‚˜ÛÛ™š\›X][Û‹LNLKM‹‹ŒKÛÜœ™[Û‹ŒLLŒŽNMMÌNNMÎKŒLLNŽMÌŽMŽL‹ŽNLÎLMMLÌLMÌÎŒ‹ŒMLMMMLLNLLÌŽMÍŒŒLŽMÌLŒMÌMŽM‹ËŽMÎNŒNKLM‚˜ÛÛ™š\›X][Û‹LNLKM‹‹ŒKØØWÙ\]Z]˜[[ŒLLŒŽNMMÌNNMÎKŒLLNŽMÌŽMŽL‹ŽNLÎLMMLÌLMÌÎŒ‹ŒMLMMMLLNLLÌŽMÍŒŒLŽMÌLŒMÌMŽM‹ËŽMÎNŒNKLM‚˜ÛÛ™š\›X][Û‹LNLKM‹‹ŒK˜]×ÜÝ™ŒLLŒŽNMMÌŒŒŽLËŒLÎNÌLÌLÍLÍLKŽNMLŽŽMNMŒŒŒKŒMNÍLLLÍÌŒŒŒŒŒNLŒŒLÍM‹ÍÍMMMÍMŒMMŒŽLMKLM‚˜ÛÛ™š\›X][Û‹LNLKM‹‹ŒK[ÜÝ]WÛÜ˜XÛKŒLLŒKŒŒKŒŒŒ‹ÍÍMMMÍMŒMMŒŽLMKLM‚˜ÛÛ™š\›X][Û‹LNLKM‹‹KÛÜœ™[Û‹ŒLLŒŽMÍÍŽNLŽŒÌNŒLMMÎMÍŽLMŒMÍKŽNMLÎLŽŒKŒLŽMLŒŽMLMKŒŒLMÌÎLÍMLŒŒŒÍÎŽNMŒÍŒLLÌŒKLM‚˜ÛÛ™š\›X][Û‹LNLKM‹‹KØØWÙ\]Z]˜[[ŒLLŒŽMÍÍŽNLŽŒÌNŒLMMÎMÍŽLMŒMÍKŽNMLÎLŽŒKŒLŽMLŒŽMLMKŒŒLMÌÎLÍMLŒŒŒÍÎŽNMŒÍŒLLÌŒKLM‚˜ÛÛ™š\›X][Û‹LNLKM‹‹K˜]×ÜÝ™ŒLLŒŽMÎLÎÎMÍNKŒLLŽLÌMMMKŽNMLŒMLMŽLŽLËŒLÍÎLLÎMÍŒM‹ŒŒLÍMÌÍÌÍÍŒÍÍLŒNLŒ™KLM‚˜ÛÛ™š\›X][Û‹LNLKM‹‹K[ÜÝ]WÛÜ˜XÛKŒLLŒKŒŒKŒŒŒËŒÌÌŽLÌÎÍMŽM™KLM‚˜ÛÛ™š\›X][Û‹LNLKM‹‹KŒÛÜœ™[Û‹ŒLLŒŽMŽLMÍÍMÍNLMKŒLLÍÌÍLMÍŽMÌKŽNLÍMÍLMÎLKŒMŒÍÌŒLÌÌNŒNŒŽLÍÎLNNMLŽLËŒÌÌŽLÌÎÍMŽM™KLM‚˜ÛÛ™š\›X][Û‹LNLKM‹‹KŒØØWÙ\]Z]˜[[ŒLLŒŽMŽLMÍÍMÍNLMKŒLLÍÌÍLMÍŽMÌKŽNLÍMÍLMÎLKŒMŒÍÌŒLÌÌNŒNŒŽLÍÎLNNMLŽLËŒÌÌŽLÌÎÍMŽM™KLM‚˜ÛÛ™š\›X][Û‹LNLKM‹‹KŒ˜]×ÜÝ™ŒLLŒŽMŽMMŒMLŒNŒLLÍÍMÎNMNŽLËŽNLÎMÍŒMNLŒËŒMLÎÌÍÍŒŽÎKŒMMLLŒÌÍLÎMNËŽMÎNŒNKLM‚˜ÛÛ™š\›X][Û‹LNLKM‹‹KŒ[ÜÝ]WÛÜ˜XÛKŒLLŒKŒŒKŒŒŒËŒÌÌŽLÌÎÍMŽM™KLM‚˜ÛÛ™š\›X][Û‹LNLKM‹ŒKÛÜœ™[Û‹ŒLLŒŽMŽLÌMÎNŒŽMKŒLLŽÍŒNMŒÌÍŽMÍÎKŽNLÍŒLNÎÍMÌÎŒMŒŽLMMÎÌÎŒKŒÌÍŒŽLÍLLÌMËŒÌÌŽLÌÎÍMŽM™KLM‚˜ÛÛ™š\›X][Û‹LNLKM‹ŒKØØWÙ\]Z]˜[[ŒLLŒŽMŽLÌMÎNŒŽMKŒLLŽÍŒNMŒÌÍŽMÍÎKŽNLÍŒLNÎÍMÌÎŒMŒŽLMMÎÌÎŒKŒÌÍŒŽLÍLLÌMËŒÌÌŽLÌÎÍMŽM™KLM‚˜ÛÛ™š\›X][Û‹LNLKM‹ŒK˜]×ÜÝ™ŒLLŒŽMÌMŒŒNŒLLLÌMÎMÎLNMÌËŽNLÎÍLLŒÍLŽMÌ‹ŒMMLŒÌLLŽLNÍŒÎŒÌMÌÍŒLË‹ŒŒŒŒLLÌLÙKLM‚˜ÛÛ™š\›X][Û‹LNLKM‹ŒK[ÜÝ]WÛÜ˜XÛKŒLLŒKŒŒKŒŒŒKMLLLMLLŒÌLMÎÙKLM‚˜ÛÛ™š\›X][Û‹LNLKM‹ŒKÛÜœ™[Û‹ŒLLŒŽMÍŒÎNLNŒÌŒËŒLŒMLMŽMLÍŽNML‹ŽNLŽŽMÎNMÎKŒNMÌLÌLÌLNMNŒKŒŒŽNMÎNMÍÎKËŒÌÌŽLÌÎÍMŽM™KLM‚˜ÛÛ™š\›X][Û‹LNLKM‹ŒKØØWÙ\]Z]˜[[ŒLLŒŽMÍŒÎNLNŒÌŒËŒLŒMLMŽMLÍŽNML‹ŽNLŽŽMÎNMÎKŒNMÌLÌLÌLNMNŒKŒŒŽNMÎNMÍÎKËŒÌÌŽLÌÎÍMŽM™KLM‚˜ÛÛ™š\›X][Û‹LNLKM‹ŒK˜]×ÜÝ™ŒLLŒŽMÍÍŒÍŽLMÍÎÍNŒLNLÌMÍLŽÍÎÍËŽNLÌMLNÍ‹ŒNÍNÌLŒNLMMŒŒMNŒLÎŒNKLŒNLŒ™KLM‚˜ÛÛ™š\›X][Û‹LNLKM‹ŒK[ÜÝ]WÛÜ˜XÛKŒLLŒKŒŒKŒŒŒËŒÌÌŽLÌÎÍMŽM™KLM‚˜ÛÛ™š\›X][Û‹LNLKM‹KÛÜœ™[Û‹ŒLLŒŽMÎLÍNMÌŒMÍËŒLLNMŒLÍŽMÌMN‹ŽNLÎMLÌMMLÍM‹ŒMMÍMMNLMÌMÍËŒŒŽLÌÍLLŒNLŒ™KLM‚˜ÛÛ™š\›X][Û‹LNLKM‹KØØWÙ\]Z]˜[[ŒLLŒŽMÎLÍNMÌŒMÍËŒLLNMŒLÍŽMÌMN‹ŽNLÎMLÌMMLÍM‹ŒMMÍMMNLMÌMÍËŒŒŽLÌÍLLŒNLŒ™KLM‚˜ÛÛ™š\›X][Û‹LNLKM‹K˜]×ÜÝ™ŒLLŒŽMÎLNMŒŽLNNËŒLLŒÌLMÌŒMÍÎKŽNLÎLŽÌLMÍÌ‹ŒMMÎMÍMLÌÍÌÍÎKŒŒŽÎLÍÌÌŽNMËLŒNLŒ™KLM‚˜ÛÛ™š\›X][Û‹LNLKM‹K[ÜÝ]WÛÜ˜XÛKŒLLŒKŒŒKŒŒŒLŒNLŒ™KLM‚˜ÛÛ™š\›X][Û‹LNLKM‹KŒÛÜœ™[Û‹ŒLLŒŽMÌÎÍMÍÍŽÍKŒLÌŒÎLŽMŒLÍŒŽNMÌMLMŒŒLMLËŒLÌÌMÍŒÍNMŒŒŒMMŒLNÎMÍK‹ŒLŒŒŒÍMÎÍŒYKLM‚˜ÛÛ™š\›X][Û‹LNLKM‹KŒØØWÙ\]Z]˜[[ŒLLŒŽMÌÎÍMÍÍŽÍKŒLÌŒÎLŽMŒLÍŒŽNMÌMLMŒŒLMLËŒLÌÌMÍŒÍNMŒŒŒMMŒLNÎMÍK‹ŒLŒŒŒÍMÎÍŒYKLM‚˜ÛÛ™š\›X][Û‹LNLKM‹KŒ˜]×ÜÝ™ŒLLŒŽMÌMŒLŒŒLÎ‹ŒLLLLLMŒŽMLŒLÍMŽNMÍMLNLMŒŒÌLÌÌËŒLÌLŒÌLLKŒŒŒŒÌNMÎLLLÍËŽNMŒÍŒLLÌŒKLM‚˜ÛÛ™š\›X][Û‹LNLKM‹KŒ[ÜÝ]WÛÜ˜XÛKŒLLŒKŒŒKŒŒŒKMLLLMLLŒÌLMÎÙKLM‚˜ÛÛ™š\›X][Û‹LNL‹KŒKÛÜœ™[Û‹ŒLLŒŽNMLÍLÍLŒÍŒËŒLMLLMLÎŽMŽN‹ŽNNMNÌŽNMŒŒŽNLÍŒNÍMMŽM‹ŒMMÍMMLLŒÎŒÌLËŽNMŒÍŒLLÌŒKLM‚˜ÛÛ™š\›X][Û‹LNL‹KŒKØØWÙ\]Z]˜[[ŒLLŒŽNMLÍLÍLŒÍŒËŒLMLLMLÎŽMŽN‹ŽNNMNÌŽNMŒŒŽNLÍŒNÍMMŽM‹ŒMMÍMMLLŒÎŒÌLËŽNMŒÍŒLLÌŒKLM‚˜ÛÛ™š\›X][Û‹LNL‹KŒK˜]×ÜÝ™ŒLLŒŽNMLÍLÍLŒÍŒŒ‹ŒLMLLMLÎŽMŽMLËŽNNMNÌŽNMŒŒŽNLÍŒNÍMMŽ‹ŒMMÍMMLLŒÎŒÌÍ‹ËŒÌÌŽLÌÎÍMŽM™KLM‚˜ÛÛ™š\›X][Û‹LNL‹KŒK[ÜÝ]WÛÜ˜XÛKŒLLŒKŒŒKŒŒŒKMLLLMLLŒÌLMÎÙKLMÂ˜ÛÛ™š\›X][Û‹LNL‹KŒKÛÜœ™[Û‹ŒLLŒŽNŽLNMÌÍÎMMŒŒŒLÌLMÌÌÍÍŒŽNNÌÎLMŒŒÍÎNN‹ŒŽMŽNŒNNNŽLËŒLMNLÎÌMÍŒŽÎËËLÎÍNLNLŽYKLM‚˜ÛÛ™š\›X][Û‹LNL‹KŒKØØWÙ\]Z]˜[[ŒLLŒŽNŽLNMÌÍÎMMŒŒŒLÌLMÌÌÍÍŒŽNNÌÎLMŒŒÍÎNN‹ŒŽMŽNŒNNNŽLËŒLMNLÎÌMÍŒŽÎËËLÎÍNLNLŽYKLM‚˜ÛÛ™š\›X][Û‹LNL‹KŒK˜]×ÜÝ™ŒLLŒŽNŽLNMÌÍÎMKŒŒŒLÌLMÌÌÍÍŒÎMKŽNNÌÎLMŒŒÍÎNN‹ŒŽMŽNŒNNNŒMËŒLMNLÎÌMÍŒŽÎLKŒÎÍÍÎÎÎMMÙKLM‚˜ÛÛ™š\›X][Û‹LNL‹KŒK[ÜÝ]WÛÜ˜XÛKŒLLŒKŒŒKŒŒŒKŒLLŒŒÌŒLMMYKLM‚˜ÛÛ™š\›X][Û‹LNL‹KKÛÜœ™[Û‹ŒLLŒŽMŒMLLMLÎÎM‹ŒÍLLÍLNŽMMNLÌKŽNMÍŒLNLMŒMÎNKŒÍMŒLMÍMMMKŒŒMÍÍÍMLÍÍNËŽMÎNŒNKLM‚˜ÛÛ™š\›X][Û‹LNL‹KKØØWÙ\]Z]˜[[ŒLLŒŽMŒMLLMLÎÎM‹ŒÍLLÍLNŽMMNLÌKŽNMÍŒLNLMŒMÎNKŒÍMŒLMÍMMMKŒŒMÍÍÍMLÍÍNËŽMÎNŒNKLM‚˜ÛÛ™š\›X][Û‹LNL‹KK˜]×ÜÝ™ŒLLŒŽMŒMLLMLÎÎ‹ŒÍLLÍLNŽMMNLÌËŽNMÍŒLNLMŒMÎNKŒÍMŒLMÍMMKŒŒMÍÍÍMLÍŽÍ‹KMLLLMLLŒÌLMÎÙKLM‚˜ÛÛ™š\›X][Û‹LNL‹KK[ÜÝ]WÛÜ˜XÛKŒLLŒKŒŒKŒŒŒ‹ŒŒŒŒLLÌLÙKLM‚˜ÛÛ™š\›X][Û‹LNL‹KKŒÛÜœ™[Û‹ŒLLŒŽMÍÎMŒLLÌÎŒMÌLÌÍŒÌLŒËŽNNÍMÎMLŒËŒLÌŒNLNŒNMMŒLMŒÍLÌMMMKKŽMŽLŽLÌMKLM‚˜ÛÛ™š\›X][Û‹LNL‹KKŒØØWÙ\]Z]˜[[ŒLLŒŽMÍÎMŒLLÌÎŒMÌLÌÍŒÌLŒËŽNNÍMÎMLŒËŒLÌŒNLNŒNMMŒLMŒÍLÌMMMKKŽMŽLŽLÌMKLM‚˜ÛÛ™š\›X][Û‹LNL‹KKŒ˜]×ÜÝ™ŒLLŒŽMÍÎMŒLLÌÍËŒMÌLÌÍŒÌLMŽNNÍMÎMLŒLÌŒNLŒNMMŒLMŒÍLÌLÍMËËŒNLNLLNMMÎMÌÌYKLM‚˜ÛÛ™š\›X][Û‹LNL‹KKŒ[ÜÝ]WÛÜ˜XÛKŒLLŒKŒŒKŒŒŒKLÌÍLÍŽLÍÍÌÍKLM‚˜ÛÛ™š\›X][Û‹LNL‹‹ŒKÛÜœ™[Û‹ŒLLŒŽNLŒŒÌLKŒŽNNÍÌŒÍLNKŽNNMNMÍÌMM‹ŒÌNNMŒÎLNLMKŒLÍŒÍŒMNŒMŒÌÌÍŒÍŒÍÌÍÙKLM‚˜ÛÛ™š\›X][Û‹LNL‹‹ŒKØØWÙ\]Z]˜[[ŒLLŒŽNLŒŒÌLKŒŽNNÍÌŒÍLNKŽNNMNMÍÌMM‹ŒÌNNMŒÎLNLMKŒLÍŒÍŒMNŒMŒÌÌÍŒÍŒÍÌÍÙKLM‚˜ÛÛ™š\›X][Û‹LNL‹‹ŒK˜]×ÜÝ™ŒLLŒŽNLŒŒÌLËŒŽNNÍÌŒÍMŒËŽNNMNMÍÌMM‹ŒÌNNMŒÎLNLNMKŒLÍŒÍŒMMKLŒNLŒ™KLM‚˜ÛÛ™š\›X][Û‹LNL‹‹ŒK[ÜÝ]WÛÜ˜XÛKŒLLŒKŒŒKŒŒŒLŒNLŒ™KLM‚˜ÛÛ™š\›X][Û‹LNL‹‹ŒKÛÜœ™[Û‹ŒLLŒŽNLÌMLÍLNŒŒÎŒÌMŒLKŽNNNLLÍÌMMŒÌŒLMMŒNLÍNM‹ŒÎNLŽLLÎMKŒLLŒŒÌŒLMMYKLM‚˜ÛÛ™š\›X][Û‹LNL‹‹ŒKØØWÙ\]Z]˜[[ŒLLŒŽNLÌMLÍLNŒŒÎŒÌMŒLKŽNNNLLÍÌMMŒÌŒLMMŒNLÍNM‹ŒÎNLŽLLÎMKŒLLŒŒÌŒLMMYKLM‚˜ÛÛ™š\›X][Û‹LNL‹‹ŒK˜]×ÜÝ™ŒLLŒŽNLÌMLÍLNMŒŒÎŒÌMŒŒ‹ŽNNNLLÍÌMMŒÌŒLMMŒNLÍNMKŒÎNLŽLLÍÎMÌKKŽMŽLŽLÌMKLM‚˜ÛÛ™š\›X][Û‹LNL‹‹ŒK[ÜÝ]WÛÜ˜XÛKŒLLŒKŒŒKŒŒŒËŒÌÌŽLÌÎÍMŽM™KLM‚˜ÛÛ™š\›X][Û‹LNL‹‹KÛÜœ™[Û‹ŒLLŒŽNMÌMÍÍÎNŒNLŒNLLÍŽLÌÌŽKŽNNÍÍMÌNÍËŒŽÍÎLÎMLMLLÌÎNŒŒLNLNMÍLL‹KŒLLŒŒÌŒLMMYKLM‚˜ÛÛ™š\›X][Û‹LNL‹‹KØØWÙ\]Z]˜[[ŒLLŒŽNMÌMÍÍÎNŒNLŒNLLÍŽLÌÌŽKŽNNÍÍMÌNÍËŒŽÍÎLÎMLMLLÌÎNŒŒLNLNMÍLL‹KŒLLŒŒÌŒLMMYKLM‚˜ÛÛ™š\›X][Û‹LNL‹‹K˜]×ÜÝ™ŒLLŒŽNMÌMÍÍÎNŒNLŒÎMËŒNLLÍŽLÌÌŽLÍKŽNNÍÍMÌNÍËŒŽÍÎLÎMLMLLÍŒËŒŒLNLNMÍMŒM‹ŽNMŒÍŒLLÌŒKLM‚˜ÛÛ™š\›X][Û‹LNL‹‹K[ÜÝ]WÛÜ˜XÛKŒLLŒKŒŒKŒŒŒKLÌÍLÍŽLÍÍÌÍKLM‚˜ÛÛ™š\›X][Û‹LNL‹‹KŒÛÜœ™[Û‹ŒLLŒŽNMÎLÍMŒÍŒÎÌ‹ŒÍMÌŒMLMLMŽNMÎMLLLŒŒÍÍŒËŒÌÌLŒÌÎNMÍŒLÌŽLLÍÍNMÍMMËŒŒÌÌMÍNYKLM‚˜ÛÛ™š\›X][Û‹LNL‹‹KŒØØWÙ\]Z]˜[[ŒLLŒŽNMÎLÍMŒÍŒÎÌ‹ŒÍMÌŒMLMLMŽNMÎMLLLŒŒÍÍŒËŒÌÌLŒÌÎNMÍŒLÌŽLLÍÍNMÍMMËŒŒÌÌMÍNYKLM‚˜ÛÛ™š\›X][Û‹LNL‹‹KŒ˜]×ÜÝ™ŒLLŒŽNMÎLÍMŒÍŒÎÌNŒÍMÌŒMLMLKŽNMÎMLLLŒŒÍÍŒËŒÌÌLŒÌÎNMÌKŒLÌŽLLÍÍNMÍŒŒK‹ŒLŒŒŒÍMÎÍŒYKLM‚˜ÛÛ™š\›X][Û‹LNL‹‹KŒ[ÜÝ]WÛÜ˜XÛKŒLLŒKŒŒKŒŒŒKŒLLŒŒÌŒLMMYKLM‚˜ÛÛ™š\›X][Û‹LNL‹ŒKÛÜœ™[Û‹ŒLLŒŽMÎLŒNMNMŒNM‹ŒLŒÍÎŒÌNŽNNLMMNLŽŽMMŒŒŒŒMŽLLÌÌMŽŒNŒMLLMLÌLŒ‹KMLLLMLLŒÌLMÎÙKLM‚˜ÛÛ™š\›X][Û‹LNL‹ŒKØØWÙ\]Z]˜[[ŒLLŒŽMÎLŒNMNMŒNM‹ŒLŒÍÎŒÌNŽNNLMMNLŽŽMMŒŒŒŒMŽLLÌÌMŽŒNŒMLLMLÌLŒ‹KMLLLMLLŒÌLMÎÙKLM‚˜ÛÛ™š\›X][Û‹LNL‹ŒK˜]×ÜÝ™ŒLLŒŽMÎLŒNMNMŒNMMKŒLŒÍÎŒÌNÍŽŽNNLMMNLŽŽMMŒŒŒŒMŽLLÌÌMÎËŒNŒMLLMLÌLÎËŽNMŒÍŒLLÌŒKLM‚˜ÛÛ™š\›X][Û‹LNL‹ŒK[ÜÝ]WÛÜ˜XÛKŒLLŒKŒŒKŒŒŒËŽMÎNŒNKLM‚˜ÛÛ™š\›X][Û‹LNL‹ŒKÛÜœ™[Û‹ŒLLŒKŒMŽNŽÍÎLKŒŒMÌNÌNNÍÍËŽNNLLŒŽMÌ‹ŒŒNÍŒMLLÍÌN‹ŒLŽNÍNMÌÌ‹NNMŒ™KLM‚˜ÛÛ™š\›X][Û‹LNL‹ŒKØØWÙ\]Z]˜[[ŒLLŒKŒMŽNŽÍÎLKŒŒMÌNÌNNÍÍËŽNNLLŒŽMÌ‹ŒŒNÍŒMLLÍÌN‹ŒLŽNÍNMÌÌ‹NNMŒ™KLM‚˜ÛÛ™š\›X][Û‹LNL‹ŒK˜]×ÜÝ™ŒLLŒKŒMŽNŽÍÎLKŒŒMÌNÌNNÎŽNNLLŒŽMÌ‹ŒŒNÍŒMLLÍÌ‹ŒLŽNÍNMÌÌŒÍÌËKŽMŽLŽLÌMKLM‚˜ÛÛ™š\›X][Û‹LNL‹ŒK[ÜÝ]WÛÜ˜XÛKŒLLŒKŒŒKŒŒŒËŒÌÌŽLÌÎÍMŽM™KLM‚˜ÛÛ™š\›X][Û‹LNL‹KÛÜœ™[Û‹ŒLLŒKŒŒNLÎLÍNMKŒNMNMÍÍMŒLMÍŽNNLÌŽÍMMNNL‹ŒÌÍLÎLMNNMËŒMMÍMMNŽNÍËLŒNLŒ™KLM‚˜ÛÛ™š\›X][Û‹LNL‹KØØWÙ\]Z]˜[[ŒLLŒKŒŒNLÎLÍNMKŒNMNMÍÍMŒLMÍŽNNLÌŽÍMMNNL‹ŒÌÍLÎLMNNMËŒMMÍMMNŽNÍËLŒNLŒ™KLM‚˜ÛÛ™š\›X][Û‹LNL‹K˜]×ÜÝ™ŒLLŒKŒŒNLÎLÍNMÌËŒNMNMÍÍMŒLMÍKŽNNLÌŽÍMMNNL‹ŒÌÍLÎLMNNNL‹ŒMMÍMMNŽŒLN‹ÍÍMMMÍMŒMMŒŽLMKLM‚˜ÛÛ™š\›X][Û‹LNL‹K[ÜÝ]WÛÜ˜XÛKŒLLŒKŒŒKŒŒŒËŒÌÌŽLÌÎÍMŽM™KLM‚˜ÛÛ™š\›X][Û‹LNL‹KŒÛÜœ™[Û‹ŒLLŒKŒMNNMMMËŒÎŒMÌLÍMŽKŽNNLLÍŒLMŽÌÌËŒŒMÍLÌLLŽLŽNKŒMÍŒÎLÍMMMN‹‹ÍÍMMMÍMŒMMŒŽLMKLM‚˜ÛÛ™š\›X][Û‹LNL‹KŒØØWÙ\]Z]˜[[ŒLLŒKŒMNNMMMËŒÎŒMÌLÍMŽKŽNNLLÍŒLMŽÌÌËŒŒMÍLÌLLŽLŽNKŒMÍŒÎLÍMMMN‹‹ÍÍMMMÍMŒMMŒŽLMKLM‚˜ÛÛ™š\›X][Û‹LNL‹KŒ˜]×ÜÝ™ŒLLŒKŒMNNMM‹ŒÎŒMÌLÍMŽNŽNNLLÍŒLMŽÌÌËŒŒMÍLÌLLŽLŽNNMKŒMÍŒÎLÍMMMMÍÌËŽMÎNŒNKLM‚˜ÛÛ™š\›X][Û‹LNL‹KŒ[ÜÝ]WÛÜ˜XÛKŒLLŒKŒŒKŒŒŒËŒÌÌŽLÌÎÍMŽM™KLM‚˜ÛÛ™š\›X][Û‹LNL‹KŒKÛÜœ™[Û‹ŒLLŒŽNMÍMÍLÌÌŽLÌŒ‹ŒLÌLLÍMŒÍLÌŽM‹ŽNMNLLMÌMŒLŒKŒLŒLŒÍŒŒŒÌÌMMŒNÍŽÎÌMMK‹NNMŒ™KLM‚˜ÛÛ™š\›X][Û‹LNL‹KŒKØØWÙ\]Z]˜[[ŒLLŒŽNMÍMÍLÌÌŽLÌŒ‹ŒLÌLLÍMŒÍLÌŽM‹ŽNMNLLMÌMŒLŒKŒLŒLŒÍŒŒŒÌÌMMŒNÍŽÎÌMMK‹NNMŒ™KLM‚˜ÛÛ™š\›X][Û‹LNL‹KŒK˜]×ÜÝ™ŒLLŒŽNMLŒLÍÌÍNMŒLLÍLÎKŽNMŒŽMLŒMŽMÍM‹ŒMMŒÌLÍÌŽMŒMŽLLŒMÎLÎËLŒNLŒ™KLM‚˜ÛÛ™š\›X][Û‹LNL‹KŒK[ÜÝ]WÛÜ˜XÛKŒLLŒKŒŒKŒŒŒKŽLLMLMNÎMKLM‚˜ÛÛ™š\›X][Û‹LNL‹KŒKÛÜœ™[Û‹ŒLLŒŽNLNNMMÍÍŽÌ‹ŒLÍÎNLÌÌLËŽNMÍNŒNMNMŒÍŒMMŒÍŒLMNŒŒMMÍÌNŒLMËŽNMŒÍŒLLÌŒKLM‚˜ÛÛ™š\›X][Û‹LNL‹KŒKØØWÙ\]Z]˜[[ŒLLŒŽNLNNMMÍÍŽÌ‹ŒLÍÎNLÌÌLËŽNMÍNŒNMNMŒÍŒMMŒÍŒLMNŒŒMMÍÌNŒLMËŽNMŒÍŒLLÌŒKLM‚˜ÛÛ™š\›X][Û‹LNL‹KŒK˜]×ÜÝ™ŒLLŒŽNLLŒŒÍŒÍŒÎŽŒMŽNŒÍÍLMËŽNMÎMÍÍLŒËŒÌŒNLÌÌLŒŒŒNLLLÍÌÌLMÌ‹ËŒÌÌŽLÌÎÍMŽM™KLM‚˜ÛÛ™š\›X][Û‹LNL‹KŒK[ÜÝ]WÛÜ˜XÛKŒLLŒKŒŒKŒŒŒKŽMŽLŽLÌMKLM‚˜ÛÛ™š\›X][Û‹LNL‹KKÛÜœ™[Û‹ŒLLŒŽMÎÎMŒŒÎNKŒLNNLŒÍMLLÍNŽNMŒMÍLÎMNLLLÍŒNŒÍÌŽNÍNÎMMÍKŒŒÌMÎLMMÍLÍËKMLLLMLLŒÌLMÎÙKLM‚˜ÛÛ™š\›X][Û‹LNL‹KKØØWÙ\]Z]˜[[ŒLLŒŽMÎÎMŒŒÎNKŒLNNLŒÍMLLÍNŽNMŒMÍLÎMNLLLÍŒNŒÍÌŽNÍNÎMMÍKŒŒÌMÎLMMÍLÍËKMLLLMLLŒÌLMÎÙKLM‚˜ÛÛ™š\›X][Û‹LNL‹KK˜]×ÜÝ™ŒLLŒŽMÎLLÎMLÌLLËŒLMÌŒŒMÎNLNN‹ŽNMŒŒMŽLLNL‹ŒÍŽLŽÍNŒŒŒŒŒÌŒÍËKMLLLMLLŒÌLMÎÙKLM‚˜ÛÛ™š\›X][Û‹LNL‹KK[ÜÝ]WÛÜ˜XÛKŒLLŒKŒŒKŒŒŒËŒŒÌÌMÍNYKLM‚˜ÛÛ™š\›X][Û‹LNL‹KKŒÛÜœ™[Û‹ŒLLŒŽNLŒLMLMLNM‹ŒLŽÍŒŒŒŒÎMŒÍKŽNMNLÌLÎŽMÍKŒLLLŒŒLŒÍŒÎ‹ŒMŒNNNMË‹ÍÍMMMÍMŒMMŒŽLMKLM‚˜ÛÛ™š\›X][Û‹LNL‹KKŒØØWÙ\]Z]˜[[ŒLLŒŽNLŒLMLMLNM‹ŒLŽÍŒŒŒŒÎMŒÍKŽNMNLÌLÎŽMÍKŒLLLŒŒLŒÍŒÎ‹ŒMŒNNNMË‹ÍÍMMMÍMŒMMŒŽLMKLM‚˜ÛÛ™š\›X][Û‹LNL‹KKŒ˜]×ÜÝ™ŒLLŒŽNLÍMLÌÌMÍLMÍËŒLŒŒMNÌÍLÌËŽNMNMÎMLLMKŒLÍMÌMLLLMŒMÎÍŽÎMLÌMÌÍKËŒŒÌÌMÍNYKLM‚˜ÛÛ™š\›X][Û‹LNL‹KKŒ[ÜÝ]WÛÜ˜XÛKŒLLŒKŒŒKŒŒŒ‹ÍÍMMMÍMŒMMŒŽLMKLM‚˜ÛÛ™š\›X][Û‹LNL‹‹ŒKÛÜœ™[Û‹ŒLLŒŽNMMLNMŽÍÌMËŒLMÌNNŒNNŽNMŒMLMŽÍÎL‹ŒŒŽLMŽMŽLŽM‹ŒŒMÌNLÍLÌKLŒNLŒ™KLM‚˜ÛÛ™š\›X][Û‹LNL‹‹ŒKØØWÙ\]Z]˜[[ŒLLŒŽNMMLNMŽÍÌMËŒLMÌNNŒNNŽNMŒMLMŽÍÎL‹ŒŒŽLMŽMŽLŽM‹ŒŒMÌNLÍLÌKLŒNLŒ™KLM‚˜ÛÛ™š\›X][Û‹LNL‹‹ŒK˜]×ÜÝ™ŒLLŒŽNMMÌÍMÎNMMLŒKŒLLLŒNNÌŽLKŽNMŒMŽMÍLNMŒNLLMÍÍŒŽMKŒŒLÌŽMŽMŒÎLKËŒÌÌŽLÌÎÍMŽM™KLM‚˜ÛÛ™š\›X][Û‹LNL‹‹ŒK[ÜÝ]WÛÜ˜XÛKŒLLŒKŒŒKŒŒŒKŒMÎMŒLNMŒÍŒŽKLM‚˜ÛÛ™š\›X][Û‹LNL‹‹ŒKÛÜœ™[Û‹ŒLLŒŽNLLLÌÌNLNMÎL‹ŒÎMMŒŽNLÍŽNMÌÍLÎŒÎLMÍÎŒÎMŒÍŒÌËËŽMÎNŒNKLM‚˜ÛÛ™š\›X][Û‹LNL‹‹ŒKØØWÙ\]Z]˜[[ŒLLŒŽNLLLÌÌNLNMÎL‹ŒÎMMŒŽNLÍŽNMÌÍLÎŒÎLMÍÎŒÎMŒÍŒÌËËŽMÎNŒNKLM‚˜ÛÛ™š\›X][Û‹LNL‹‹ŒK˜]×ÜÝ™ŒLLŒŽNLLÍÌÌŽMMNŒÎLŒMÍŒMŒŒÍKŽNMÌMÌÍLMËŒÎMŽMNLMŒLÌËŒMŒÎMLŒL‹ŒŒÌÌLŽLÎÍLÙKLM‚˜ÛÛ™š\›X][Û‹LNL‹‹ŒK[ÜÝ]WÛÜ˜XÛKŒLLŒKŒŒKŒŒŒ‹ŒŒŒŒLLÌLÙKLM‚˜ÛÛ™š\›X][Û‹LNL‹‹KÛÜœ™[Û‹ŒLLŒŽMÌNLMLÎÌÍMÍM‹ŒÍÍŒÎMÍL‹ŽNMŽLMŒŒLÌMMKŒŽŽMLLMÎLŒÍ‹ŒŒŽNMŒÍMËŽMÎNŒNKLM‚˜ÛÛ™š\›X][Û‹LNL‹‹KØØWÙ\]Z]˜[[ŒLLŒŽMÌNLMLÎÌÍMÍM‹ŒÍÍŒÎMÍL‹ŽNMŽLMŒŒLÌMMKŒŽŽMLLMÎLŒÍ‹ŒŒŽNMŒÍMËŽMÎNŒNKLM‚˜ÛÛ™š\›X][Û‹LNL‹‹K˜]×ÜÝ™ŒLLŒŽMÌLÌÎŽŽLÌ‹ŒÎÎMMŒÌMÎKŽNMÌLÎÍŽNËŒLÍMMNNNMŒŒÍLMÌŽMÌLËKŒLLÌÌÌYKLM‚˜ÛÛ™š\›X][Û‹LNL‹‹K[ÜÝ]WÛÜ˜XÛKŒLLŒKŒŒKŒŒŒ‹ÍÍMMMÍMŒMMŒŽLMKLM‚˜ÛÛ™š\›X][Û‹LNL‹‹KŒÛÜœ™[Û‹ŒLLŒKŒLLLLÎLMLËŒÎNÌLÍÍNÍMÌKŽNMŽÍÌMŒŒÍKŒÎNMMÍMLÎÎKŒNMMÍNNLMÍLÍ‹ËŽMÎNŒNKLM‚˜ÛÛ™š\›X][Û‹LNL‹‹KŒØØWÙ\]Z]˜[[ŒLLŒKŒLLLLÎLMLËŒÎNÌLÍÍNÍMÌKŽNMŽÍÌMŒŒÍKŒÎNMMÍMLÎÎKŒNMMÍNNLMÍLÍ‹ËŽMÎNŒNKLM‚˜ÛÛ™š\›X][Û‹LNL‹‹KŒ˜]×ÜÝ™ŒLLŒKŒÎLÌŒŽNMŒÌŒŽMMÍŒÌŒ‹ŽNMÍŽMLŒÍÍŒÌËŒNLŒMÌMŒÌÍNMKŒNÌLŒŒŽLLË‹ÍÍMMMÍMŒMMŒŽLMKLM‚˜ÛÛ™š\›X][Û‹LNL‹‹KŒ[ÜÝ]WÛÜ˜XÛKŒLLŒKŒŒKŒŒŒ‹ŒLÌÎMÍÍLLÎYKLM‚˜ÛÛ™š\›X][Û‹LNL‹ŒKÛÜœ™[Û‹ŒLLŒŽNLLLŒÎÌŒÌNŒÍÍŽŽMLŒ‹ŽNMŒÍÌÌÌLÌŒŒÌ‹ŒŒNNNLŒŒMKŒMLÌLÍÍMÌÎÍËŒÌÌŽLÌÎÍMŽM™KLM‚˜ÛÛ™š\›X][Û‹LNL‹ŒKØØWÙ\]Z]˜[[ŒLLŒŽNLLLŒÎÌŒÌNŒÍÍŽŽMLŒ‹ŽNMŒÍÌÌÌLÌŒŒÌ‹ŒŒNNNLŒŒMKŒMLÌLÍÍMÌÎÍËŒÌÌŽLÌÎÍMŽM™KLM‚˜ÛÛ™š\›X][Û‹LNL‹ŒK˜]×ÜÝ™ŒLLŒŽNŒŒÍNNLLMÍKŒÍÎLMŽMMLÎKŽNMŒÎMMÍŽÌNMNKŒNÍLLÌÎÌŽNM‹ŒMLÍÍÎMLŒÍŽLŒŒMÍKLŒNLŒ™KLM‚˜ÛÛ™š\›X][Û‹LNL‹ŒK[ÜÝ]WÛÜ˜XÛKŒLLŒKŒŒKŒŒŒŽNMŒÍŒLLÌŒKLM‚˜ÛÛ™š\›X][Û‹LNL‹ŒKÛÜœ™[Û‹ŒLLŒŽMÍÍŒÌMLÎLKŒMŒŽMŒMMLLÌÍËŽNMMÎLŽMŒMNKŒNMNLÍÍÍÍŒÍLMKŒNLŒÌŒŒÎLÌÎMË‹ŒÍÍÎMŽÍÍÙKLM‚˜ÛÛ™š\›X][Û‹LNL‹ŒKØØWÙ\]Z]˜[[ŒLLŒŽMÍÍŒÌMLÎLKŒMŒŽMŒMMLLÌÍËŽNMMÎLŽMŒMNKŒNMNLÍÍÍÍŒÍLMKŒNLŒÌŒŒÎLÌÎMË‹ŒÍÍÎMŽÍÍÙKLM‚˜ÛÛ™š\›X][Û‹LNL‹ŒK˜]×ÜÝ™ŒLLŒŽMÍÎLMÍÌNLÍÍÌÍKŒMLLÍÍMLNMNL‹ŽNMNÌLŒŒNNLL‹ŒMÍMMŽNÍ‹ŒNÍNÎLÍÍLMÍ‹ŒŒŒŒLLÌLÙKLM‚˜ÛÛ™š\›X][Û‹LNL‹ŒK[ÜÝ]WÛÜ˜XÛKŒLLŒKŒŒKŒŒŒLŒNLŒ™KLM‚˜ÛÛ™š\›X][Û‹LNL‹KÛÜœ™[Û‹ŒLLŒŽNÍLMÎMMÍMKŒLŒÌÎŒMLÍÎMLËŽNMŒÍMÍŽMMŒLMËŒLŒLLŒŒMŽNMËŒMMÍÎÍÎÌLÍË‹ŒŒŒŒLLÌLÙKLM‚˜ÛÛ™š\›X][Û‹LNL‹KØØWÙ\]Z]˜[[ŒLLŒŽNÍLMÎMMÍMKŒLŒÌÎŒMLÍÎMLËŽNMŒÍMÍŽMMŒLMËŒLŒLLŒŒMŽNMËŒMMÍÎÍÎÌLÍË‹ŒŒŒŒLLÌLÙKLM‚˜ÛÛ™š\›X][Û‹LNL‹K˜]×ÜÝ™ŒLLŒŽNLÌŒMMŒÎÎŒMÌÌŒÌMMMŽNMŒŽMLMMKŒÌNMÌÎLŽMMŒMŒŒÌÎMŒÍŽNMŒÎ‹ÍÍMMMÍMŒMMŒŽLMKLM‚˜ÛÛ™š\›X][Û‹LNL‹K[ÜÝ]WÛÜ˜XÛKŒLLŒKŒŒKŒŒŒŽNMŒÍŒLLÌŒKLM‚˜ÛÛ™š\›X][Û‹LNL‹KŒÛÜœ™[Û‹ŒLLŒŽNMŽNMŒMÌÌŽKŒMNMŒLLŒÍŽNMŒŽŒŒÍLMÍÍŒLMÌŒÎMLMÎMM‹ŒŒÌÍÎNMÌÎËŒŒÌÌMÍNYKLM‚˜ÛÛ™š\›X][Û‹LNL‹KŒØØWÙ\]Z]˜[[ŒLLŒŽNMŽNMŒMÌÌŽKŒMNMŒLLŒÍŽNMŒŽŒŒÍLMÍÍŒLMÌŒÎMLMÎMM‹ŒŒÌÍÎNMÌÎËŒŒÌÌMÍNYKLM‚˜ÛÛ™š\›X][Û‹LNL‹KŒ˜]×ÜÝ™ŒLLŒŽNÌMÌLLLÍËŒMŽLŒŒLÎMÌMKŽNMŒŒŒLÍ‹ŒLÌMÍMÍLLŒŒLÍNMÍÍMLŒNLŒ™KLM‚˜ÛÛ™š\›X][Û‹LNL‹KŒ[ÜÝ]WÛÜ˜XÛKŒLLŒKŒŒKŒŒŒËŽMÎNŒNKLM‚˜ÛÛ™š\›X][Û‹LNL‹M‹KŒKÛÜœ™[Û‹ŒLLŒŽNÎMMŒÌŒÌKŒLLŒÎÌNMÍÍŽNLÍÌŽLŒMÍÍÍNŒMNNMMÍÌÎLŒÎKŒŽÌŒÍÎMŽLKLŒNLŒ™KLM‚˜ÛÛ™š\›X][Û‹LNL‹M‹KŒKØØWÙ\]Z]˜[[ŒLLŒŽNÎMMŒÌŒÌKŒLLŒÎÌNMÍÍŽNLÍÌŽLŒMÍÍÍNŒMNNMMÍÌÎLŒÎKŒŽÌŒÍÎMŽLKLŒNLŒ™KLM‚˜ÛÛ™š\›X][Û‹LNL‹M‹KŒK˜]×ÜÝ™ŒLLŒŽNLŽMÌMMLÍL‹ŒLLÎMÍÍŽLÍMMŒKŽNLÎMLLÌLËŒMNMMÍŽNMŒMŒÌLMŽNMŽMÌMËŽMÎNŒNKLM‚˜ÛÛ™š\›X][Û‹LNL‹M‹KŒK[ÜÝ]WÛÜ˜XÛKŒLLŒKŒŒKŒŒŒ‹ÍÍMMMÍMŒMMŒŽLMKLM‚˜ÛÛ™š\›X][Û‹LNL‹M‹KŒKÛÜœ™[Û‹ŒLLŒŽMÎMÍMÌMLÎÍ‹ŒLLMŽNLÌÎMN‹ŽNLÎLŒÍÍMLŽLÌMÍKŒMLLNMLŽŒŒMKŒÌÌŒÍŒŽLÌMÍNKKMLLLMLLŒÌLMÎÙKLM‚˜ÛÛ™š\›X][Û‹LNL‹M‹KŒKØØWÙ\]Z]˜[[ŒLLŒŽMÎMÍMÌMLÎÍ‹ŒLLMŽNLÌÎMN‹ŽNLÎLŒÍÍMLŽLÌMÍKŒMLLNMLŽŒŒMKŒÌÌŒÍŒŽLÌMÍNKKMLLLMLLŒÌLMÎÙKLM‚˜ÛÛ™š\›X][Û‹LNL‹M‹KŒK˜]×ÜÝ™ŒLLŒŽNÌÍÍŒÌŽMÎMŒLLLLÍNMÌLŒŒŽŽNMMŽMÌMÌMLÌÍËŒMŽMÌÍNMMŒÍKŒÌMMŒLÍMŒLKKMLLLMLLŒÌLMÎÙKLM‚˜ÛÛ™š\›X][Û‹LNL‹M‹KŒK[ÜÝ]WÛÜ˜XÛKŒLLŒKŒŒKŒŒŒËŒÌÌŽLÌÎÍMŽM™KLM‚˜ÛÛ™š\›X][Û‹LNL‹M‹KKÛÜœ™[Û‹ŒLLŒŽNNMÍMMLËŒLLÌÍNŽNÌKŽNLÍÌŒMÌŒ‹ŒMŒLÌŒÎLÎMMLKŒŒŒMLŒMLNËŽNMŒÍŒLLÌŒKLM‚˜ÛÛ™š\›X][Û‹LNL‹M‹KKØØWÙ\]Z]˜[[ŒLLŒŽNNMÍMMLËŒLLÌÍNŽNÌKŽNLÍÌŒMÌŒ‹ŒMŒLÌŒÎLÎMMLKŒŒŒMLŒMLNËŽNMŒÍŒLLÌŒKLM‚˜ÛÛ™š\›X][Û‹LNL‹M‹KK˜]×ÜÝ™ŒLLŒŽNMNÍÍÍMÎMKŒLLMMNMLNMLŒNKŽNLÎŒLLÎMŒŒNM‹ŒMMÎLÍÍŽKŒŒLÌÌLLLÎÍ‹KMLLLMLLŒÌLMÎÙKLM‚˜ÛÛ™š\›X][Û‹LNL‹M‹KK[ÜÝ]WÛÜ˜XÛKŒLLŒKŒŒKŒŒŒËŒŒMMŒŒÍLNKLM‚˜ÛÛ™š\›X][Û‹LNL‹M‹KKŒÛÜœ™[Û‹ŒLLŒŽNLÍÍMLÍÍŒKŒLÍŒLMÌMLLÍŽNMMŒÌMMMËŒMLLMNŽÍKŒLMŽŽMÌÌÌM‹‹ŒŒŒŒLLÌLÙKLM‚˜ÛÛ™š\›X][Û‹LNL‹M‹KKŒØØWÙ\]Z]˜[[ŒLLŒŽNLÍÍMLÍÍŒKŒLÍŒLMÌMLLÍŽNMMŒÌMMMËŒMLLMNŽÍKŒLMŽŽMÌÌÌM‹‹ŒŒŒŒLLÌLÙKLM‚˜ÛÛ™š\›X][Û‹LNL‹M‹KKŒ˜]×ÜÝ™ŒLLŒŽNNNNÎMÍLËŒLŒÌŒŽNMMNL‹ŽNMŽŒLÌŽMŒLKŒLÍMÌÌÍMŒŽŒŒÍÎMNLŒÍMÍLM‹ÍÍMMMÍMŒMMŒŽLMKLM‚˜ÛÛ™š\›X][Û‹LNL‹M‹KKŒ[ÜÝ]WÛÜ˜XÛKŒLLŒKŒŒKŒŒŒ‹ÎLŽLÎMŒÌŒNMKLM‚˜ÛÛ™š\›X][Û‹LNL‹M‹‹ŒKÛÜœ™[Û‹ŒLLŒŽMÍLŒÌLÎLÌLKŒLMMMÎŽMÌLÌMÌLKŽNLÌÌÍNLŒMŒMÎŒÍÍŒNMŒÍÍÎMŒMÌÍÍËLŒNLŒ™KLM‚˜ÛÛ™š\›X][Û‹LNL‹M‹‹ŒKØØWÙ\]Z]˜[[ŒLLŒŽMÍLŒÌLÎLÌLKŒLMMMÎŽMÌLÌMÌLKŽNLÌÌÍNLŒMŒMÎŒÍÍŒNMŒÍÍÎMŒMÌÍÍËLŒNLŒ™KLM‚˜ÛÛ™š\›X][Û‹LNL‹M‹‹ŒK˜]×ÜÝ™ŒLLŒŽMÍMÍŒÍNŒÍŽKŒLMLMÍMÎMÍÍNŽNLÍŒNMMMÍŒÌ‹ŒMÌÍLÌŒLLÍÍÎ‹ŒÌÎMÍÌMLÍLÍÍ‹‹ÎNLLLŽNLLMÌYKLM‚˜ÛÛ™š\›X][Û‹LNL‹M‹‹ŒK[ÜÝ]WÛÜ˜XÛKŒLLŒKŒŒKŒŒŒËŒÌÌŽLÌÎÍMŽM™KLM‚˜ÛÛ™š\›X][Û‹LNL‹M‹‹ŒKÛÜœ™[Û‹ŒLLŒŽMÌÎMML‹ŒLŒLLNMÌÍL‹ŽNLŽMLMŽŒLÌŒKŒNLÍŒNKŒÍLŒÍMLÎKËŒÌÌŽLÌÎÍMŽM™KLM‚˜ÛÛ™š\›X][Û‹LNL‹M‹‹ŒKØØWÙ\]Z]˜[[ŒLLŒŽMÌÎMML‹ŒLŒLLNMÌÍL‹ŽNLŽMLMŽŒLÌŒKŒNLÍŒNKŒÍLŒÍMLÎKËŒÌÌŽLÌÎÍMŽM™KLM‚˜ÛÛ™š\›X][Û‹LNL‹M‹‹ŒK˜]×ÜÝ™ŒLLŒŽMÌÍÌMMÎLËŒLNMMŽLÍÌÍÍŒÌKŽNLŽNMÍLNKŒNLŒMLÍMMLLŒŽÎNNNŒÌŒŒËKMLLLMLLŒÌLMÎÙKLM‚˜ÛÛ™š\›X][Û‹LNL‹M‹‹ŒK[ÜÝ]WÛÜ˜XÛKŒLLŒKŒŒKŒŒŒËLÎÍNLNLŽYKLM‚˜ÛÛ™š\›X][Û‹LNL‹M‹‹KÛÜœ™[Û‹ŒLLŒŽNŒŽÍŽÍÍ‹ŒLMÎLMÌÎÎLNKŽNLÌÌÌŒÌMLMMMÍËŒMÍÌÎMÍMMŽMŽMŒÌNŒLÌNÌŒÌMKKŽNLŒÌŒŒMŒYKLM‚˜ÛÛ™š\›X][Û‹LNL‹M‹‹KØØWÙ\]Z]˜[[ŒLLŒŽNŒŽÍŽÍÍ‹ŒLMÎLMÌÎÎLNKŽNLÌÌÌŒÌMLMMMÍËŒMÍÌÎMÍMMŽMŽMŒÌNŒLÌNÌŒÌMKKŽNLŒÌŒŒMŒYKLM‚˜ÛÛ™š\›X][Û‹LNL‹M‹‹K˜]×ÜÝ™ŒLLŒŽNMÍŒÍÌŒMLMNMKŒLLŒNMÌÌŽMNMŽNLÍÍÎNMŒÌŒŒŽÎŒMMÍÍLÎÍLÍŽŒŽLNMÍÌLŒLMËËŽMÎNŒNKLM‚˜ÛÛ™š\›X][Û‹LNL‹M‹‹K[ÜÝ]WÛÜ˜XÛKŒLLŒKŒŒKŒŒŒËŒŒÌÌMÍNYKLM‚˜ÛÛ™š\›X][Û‹LNL‹M‹‹KŒÛÜœ™[Û‹ŒLLŒŽMŽÌLLÎKŒLLŒLŽÍÎMŒNMKŽNLÎLŒNMNŒÍÌÌLKŒMLLÌÍLÌMÍMÎŒŽMLÍŒŒLÎMNËLŒNLŒ™KLM‚˜ÛÛ™š\›X][Û‹LNL‹M‹‹KŒØØWÙ\]Z]˜[[ŒLLŒŽMŽÌLLÎKŒLLŒLŽÍÎMŒNMKŽNLÎLŒNMNŒÍÌÌLKŒMLLÌÍLÌMÍMÎŒŽMLÍŒŒLÎMNËLŒNLŒ™KLM‚˜ÛÛ™š\›X][Û‹LNL‹M‹‹KŒ˜]×ÜÝ™ŒLLŒŽMŽMÌŒŒŽNÍËŒLMŒÎMNLLLËŽNMŒÍLÌŒMMŒLÍŽMŒLMÎNŒLŒÎLÍMÌŽŽLÌ‹LŒNLŒ™KLM‚˜ÛÛ™š\›X][Û‹LNL‹M‹‹KŒ[ÜÝ]WÛÜ˜XÛKŒLLŒKŒŒKŒŒŒ‹NNMŒ™KLM‚˜ÛÛ™š\›X][Û‹LNL‹M‹ŒKÛÜœ™[Û‹ŒLLŒŽMŽMÍÌÍŒŽŒŒKŒLLLÎLŽMŽLŒŽMÍŽNMÍLMMŒMLŽKŒMÎMÎMŒÌMÌŽŒÌLŽMÎMŒMÌLÌËËŒÌÌŽLÌÎÍMŽM™KLM‚˜ÛÛ™š\›X][Û‹LNL‹M‹ŒKØØWÙ\]Z]˜[[ŒLLŒŽMŽMÍÌÍŒŽŒŒKŒLLLÎLŽMŽLŒŽMÍŽNMÍLMMŒMLŽKŒMÎMÎMŒÌMÌŽŒÌLŽMÎMŒMÌLÌËËŒÌÌŽLÌÎÍMŽM™KLM‚˜ÛÛ™š\›X][Û‹LNL‹M‹ŒK˜]×ÜÝ™ŒLLŒŽMÌMÌÌÌMÌŒÍMLKŒLÍLLÍLMMÎÌNNKŽNMMÍLLMŽŽMÌKŒLÍNÎNLMŒMÌÍLMKŒÎLMÍÍLLLËŒMŒÌÌÍŒÍŒÍÌÍÙKLM‚˜ÛÛ™š\›X][Û‹LNL‹M‹ŒK[ÜÝ]WÛÜ˜XÛKŒLLŒKŒŒKŒŒŒ‹ŒŒŒŒLLÌLÙKLM‚˜ÛÛ™š\›X][Û‹LNL‹M‹ŒKÛÜœ™[Û‹ŒLLŒŽMÌLŒÍÍMÌLÍKŒLNÎNMÍŽLMŒÌŽŽNLÌNNMÍÎLŽMÍÎŒNÌLMÍMÌŒÌNŽŒMÌÍÍŒMÍMLËËŽMŽMLNMLÍŒMKLM‚˜ÛÛ™š\›X][Û‹LNL‹M‹ŒKØØWÙ\]Z]˜[[ŒLLŒŽMÌLŒÍÍMÌLÍKŒLNÎNMÍŽLMŒÌŽŽNLÌNNMÍÎLŽMÍÎŒNÌLMÍMÌŒÌNŽŒMÌÍÍŒMÍMLËËŽMŽMLNMLÍŒMKLM‚˜ÛÛ™š\›X][Û‹LNL‹M‹ŒK˜]×ÜÝ™ŒLLŒŽMÌMMŽMŽMMËŒLMŽLÌÌÍMŒÎLMŽNLÌÍNLÍLÍMNLŒLËŒMÍŒŒNLMÌÌMÌMKŒÍNŒNŒËËŒŒÌÌMÍNYKLM‚˜ÛÛ™š\›X][Û‹LNL‹M‹ŒK[ÜÝ]WÛÜ˜XÛKŒLLŒKŒŒKŒŒŒ‹ŒLÌÎMÍÍLLÎYKLM‚˜ÛÛ™š\›X][Û‹LNL‹M‹KÛÜœ™[Û‹ŒLLŒŽMÎMLMLLÍNŒLMLLÌÎNNMŒÎËŽNLÍMLÌLLÎLMËŒMÌMNNNLŒMÎLËŒMNÎNLÍÍ‹‹NNMŒ™KLM‚˜ÛÛ™š\›X][Û‹LNL‹M‹KØØWÙ\]Z]˜[[ŒLLŒŽMÎMLMLLÍNŒLMLLÌÎNNMŒÎËŽNLÍMLÌLLÎLMËŒMÌMNNNLŒMÎLËŒMNÎNLÍÍ‹‹NNMŒ™KLM‚˜ÛÛ™š\›X][Û‹LNL‹M‹K˜]×ÜÝ™ŒLLŒŽMÎLLÌŽÍŒMÎŒŒLMŒNNLŒŽMMKŽNLÌÌNLŒLÍÌŒMKŒNÍÎLNNŒËŒLÎNMÍMË‹ŒLÌÎMÍÍLLÎYKLM‚˜ÛÛ™š\›X][Û‹LNL‹M‹K[ÜÝ]WÛÜ˜XÛKŒLLŒKŒŒKŒŒŒ‹ÍÍMMMÍMŒMMŒŽLMKLM‚˜ÛÛ™š\›X][Û‹LNL‹M‹KŒÛÜœ™[Û‹ŒLLŒŽMÌMLMÎÌÍ‹ŒLMÎMLÌŽKŽNMLLNŽMM‹ŒLŒÎMÌÍÎMŽŒŽLLÎMÌ‹ËŽMÎNŒNKLM‚˜ÛÛ™š\›X][Û‹LNL‹M‹KŒØØWÙ\]Z]˜[[ŒLLŒŽMÌMLMÎÌÍ‹ŒLMÎMLÌŽKŽNMLLNŽMM‹ŒLŒÎMÌÍÎMŽŒŽLLÎMÌ‹ËŽMÎNŒNKLM‚˜ÛÛ™š\›X][Û‹LNL‹M‹KŒ˜]×ÜÝ™ŒLLŒŽMÌŒÎLLMÍLŒLŽMLÍÌÎMÍÎNKŽNMÌŒMÌNNŒLËŒLMÌÌÎLMNMLÎNNKŒNMŒŽLŒÍŽLÌ‹ËÍÌMMŒLMÌŒÍÍŒM™KLM‚˜ÛÛ™š\›X][Û‹LNL‹M‹KŒ[ÜÝ]WÛÜ˜XÛKŒLLŒKŒŒKŒŒŒŽNMŒÍŒLLÌŒKLM‚˜ÛÛ™š\›X][Û‹LNLËKŒKÛÜœ™[Û‹ŒLLŒKŒŒNŒÍMÌÍÎŒŒŒÌLÍŒNNMÌ‹ŽNNŒMMMÍÍËŒŽNNÌLŽMÎŽMÎMMKŒNMÍÌMÌÍNMË‹ŒŒŒŒLLÌLÙKLM‚˜ÛÛ™š\›X][Û‹LNLËKŒKØØWÙ\]Z]˜[[ŒLLŒKŒŒNŒÍMÌÍÎŒŒŒÌLÍŒNNMÌ‹ŽNNŒMMMÍÍËŒŽNNÌLŽMÎŽMÎMMKŒNMÍÌMÌÍNMË‹ŒŒŒŒLLÌLÙKLM‚˜ÛÛ™š\›X][Û‹LNLËKŒK˜]×ÜÝ™ŒLLŒKŒŒNŒÍMÌÍÎŒŒŒÌLÍŒNNMŽNNŒMMMÍÍËŒŽNNÌLŽMÎŽMÎÌ‹ŒNMÍÌMÍLŽ‹NNMŒ™KLM‚˜ÛÛ™š\›X][Û‹LNLËKŒK[ÜÝ]WÛÜ˜XÛKŒLLŒKŒŒKŒŒŒ‹ŒŒŒŒLLÌLÙKLM‚˜ÛÛ™š\›X][Û‹LNLËKŒKÛÜœ™[Û‹ŒLLŒŽNÍÍÍÌÍŒŒÎKŒNÍÌÎMÍNLMÍÌKŽNNNMMŒLKŒÍÍLŽNMŒLŽMŒŒÌËŒÍŒLLNLÍŽMLÌLM‹KŽMŽLŽLÌMKLM‚˜ÛÛ™š\›X][Û‹LNLËKŒKØØWÙ\]Z]˜[[ŒLLŒŽNÍÍÍÌÍŒŒÎKŒNÍÌÎMÍNLMÍÌKŽNNNMMŒLKŒÍÍLŽNMŒLŽMŒŒÌËŒÍŒLLNLÍŽMLÌLM‹KŽMŽLŽLÌMKLM‚˜ÛÛ™š\›X][Û‹LNLËKŒK˜]×ÜÝ™ŒLLŒŽNÍÍÍÌÍŒMËŒNÍÌÎMÍNLMÍËŽNNNMMŒLKŒÍÍLŽNMŒLŽMŒŒËŒÍŒLLNLÍŽML‹ŒÍNLŒŒÎLÌÌŽMÍ™KLM‚˜ÛÛ™š\›X][Û‹LNLËKŒK[ÜÝ]WÛÜ˜XÛKŒLLŒKŒŒKŒŒŒKLÌÍLÍŽLÍÍÌÍKLM‚˜ÛÛ™š\›X][Û‹LNLËKKÛÜœ™[Û‹ŒLLŒŽNNLÌMÌÌÍÍL‹ŒMÍLŽMNMÎKŽNNLMŽLÎMLŒÌŒÌLŒŒÌMÍ‹ŒLNNNNŒÌÌŒLM‹‹ŒŒŒŒLLÌLÙKLM‚˜ÛÛ™š\›X][Û‹LNLËKKØØWÙ\]Z]˜[[ŒLLŒŽNNLÌMÌÌÍÍL‹ŒMÍLŽMNMÎKŽNNLMŽLÎMLŒÌŒÌLŒŒÌMÍ‹ŒLNNNNŒÌÌŒLM‹‹ŒŒŒŒLLÌLÙKLM‚˜ÛÛ™š\›X][Û‹LNLËKK˜]×ÜÝ™ŒLLŒŽNNLÌMÌÌÍÍŒKŒMÍLŽMNMÎËŽNNLMŽLÎMLŒÌŒÌLŒŒÌMKŒLNNNNŒÌÌŒLM‹KLÌÍLÍŽLÍÍÌÍKLM‚˜ÛÛ™š\›X][Û‹LNLËKK[ÜÝ]WÛÜ˜XÛKŒLLŒKŒŒKŒŒŒ‹ŒŒŒŒLLÌLÙKLM‚˜ÛÛ™š\›X][Û‹LNLËKKŒÛÜœ™[Û‹ŒLLŒŽNNLLÎNMLÍËŒŒÎLŒNLÍÍMNM‹ŽNNMLMŽN‹ŒÌNLMNMLŒËŒMMLŒÍŽNLÍÎ‹ŒŒŒŒLLÌLÙKLM‚˜ÛÛ™š\›X][Û‹LNLËKKŒØØWÙ\]Z]˜[[ŒLLŒŽNNLLÎNMLÍËŒŒÎLŒNLÍÍMNM‹ŽNNMLMŽN‹ŒÌNLMNMLŒËŒMMLŒÍŽNLÍÎ‹ŒŒŒŒLLÌLÙKLM‚˜ÛÛ™š\›X][Û‹LNLËKKŒ˜]×ÜÝ™ŒLLŒŽNNLLÎNMMËŒŒÎLŒNLÍÍMNÌ‹ŽNNMLMŽN‹ŒÌNLMNML‹ŒMMLŒÍŽNLÍMÍKËŒLÌLLÌÌMÍÌNLNYKLM‚˜ÛÛ™š\›X][Û‹LNLËKKŒ[ÜÝ]WÛÜ˜XÛKŒLLŒKŒŒKŒŒŒŒÌŒLMŒŒŒM™KLM‚˜ÛÛ™š\›X][Û‹LNLË‹ŒKÛÜœ™[Û‹ŒLLŒKŒŒMÎMÍNMKŒMŒÍÌÌŒÎMËŽNMÌŒÌŽMMÌŽKŒÍÌŒÌÍÎMNÌÌMÍLËŒŒÎNMÌLÍMËËŒÌÌŽLÌÎÍMŽM™KLM‚˜ÛÛ™š\›X][Û‹LNLË‹ŒKØØWÙ\]Z]˜[[ŒLLŒKŒŒMÎMÍNMKŒMŒÍÌÌŒÎMËŽNMÌŒÌŽMMÌŽKŒÍÌŒÌÍÎMNÌÌMÍLËŒŒÎNMÌLÍMËËŒÌÌŽLÌÎÍMŽM™KLM‚˜ÛÛ™š\›X][Û‹LNLË‹ŒK˜]×ÜÝ™ŒLLŒKŒŒMÎMÍNMËŒMŒÍÌÌŒÎMŽËŽNMÌŒÌŽMMÌŽKŒÍÌŒÌÍÎMNÌÌMÍLŒŒÎNMÌLÍÌ‹‹NNMŒ™KLM‚˜ÛÛ™š\›X][Û‹LNLË‹ŒK[ÜÝ]WÛÜ˜XÛKŒLLŒKŒŒKŒŒŒÌNÎMMŽLMYKLM‚˜ÛÛ™š\›X][Û‹LNLË‹ŒKÛÜœ™[Û‹ŒLLŒKŒMÌMNMÍŒMŒÎMÍLŒÍLÎNŽNNLLÍŒÎÍŒÌMŒÎÍÌNMLKŒMLÍMŒNËŒÌÌŽLÌÎÍMŽM™KLM‚˜ÛÛ™š\›X][Û‹LNLË‹ŒKØØWÙ\]Z]˜[[ŒLLŒKŒMÌMNMÍŒMŒÎMÍLŒÍLÎNŽNNLLÍŒÎÍŒÌMŒÎÍÌNMLKŒMLÍMŒNËŒÌÌŽLÌÎÍMŽM™KLM‚˜ÛÛ™š\›X][Û‹LNLË‹ŒK˜]×ÜÝ™ŒLLŒKŒMÌMNMÍŒM‹ŒÎMÍLŒÍLÎÎŽNNLLÍŒÎÍŒÌMŒÎÍÌNMNMŒMLÍMŒMŒËËÌÍŽÌŽMM™KLM‚˜ÛÛ™š\›X][Û‹LNLË‹ŒK[ÜÝ]WÛÜ˜XÛKŒLLŒKŒŒKŒŒŒKLÌÍLÍŽLÍÍÌÍKLM‚˜ÛÛ™š\›X][Û‹LNLË‹KÛÜœ™[Û‹ŒLLŒKŒLLÎMÍÌNLMŒLŒÎNÌËŽNNLMLŒŒŒLMŽKŒÎŽLŒÌN‹ŒNMLÍMLMÌLMMNLÍËŽMÎNŒNKLM‚˜ÛÛ™š\›X][Û‹LNLË‹KØØWÙ\]Z]˜[[ŒLLŒKŒLLÎMÍÌNLMŒLŒÎNÌËŽNNLMLŒŒŒLMŽKŒÎŽLŒÌN‹ŒNMLÍMLMÌLMMNLÍËŽMÎNŒNKLM‚˜ÛÛ™š\›X][Û‹LNLË‹K˜]×ÜÝ™ŒLLŒKŒLLÎMÍÌNLKŒLŒÎNŽMŽNNLMLŒŒŒLMŽKŒÎŽLŒÌNÌNŒNMLÍMLMÌLMMNLÍËŒÌÌŽLÌÎÍMŽM™KLM‚˜ÛÛ™š\›X][Û‹LNLË‹K[ÜÝ]WÛÜ˜XÛKŒLLŒKŒŒKŒŒŒKLÌÍLÍŽLÍÍÌÍKLM‚˜ÛÛ™š\›X][Û‹LNLË‹KŒÛÜœ™[Û‹ŒLLŒŽNLÎMÍÎÌŒÌŒNMŽKŒŒÎNLÎMÍÍŒMLÎKŽNMŽLLNMLÍŒÎMLMÌÌÍMÍÍŒMMMÍLÎMNNNÌËÌNÎMMŽLMYKLM‚˜ÛÛ™š\›X][Û‹LNLË‹KŒØØWÙ\]Z]˜[[ŒLLŒŽNLÎMÍÎÌŒÌŒNMŽKŒŒÎNLÎMÍÍŒMLÎKŽNMŽLLNMLÍŒÎMLMÌÌÍMÍÍŒMMMÍLÎMNNNÌËÌNÎMMŽLMYKLM‚˜ÛÛ™š\›X][Û‹LNLË‹KŒ˜]×ÜÝ™ŒLLŒŽNLÎMÍÎÌŒÌŒNMÍ‹ŒŒÎNLÎMÍÍŒMŒKŽNMŽLLNMLÍKŒÎMLMÌÌÍMÍ‹ŒMMMÍLÎMNNNË‹ÍÍMMMÍMŒMMŒŽLMKLM‚˜ÛÛ™š\›X][Û‹LNLË‹KŒ[ÜÝ]WÛÜ˜XÛKŒLLŒKŒŒKŒŒŒ‹ÍÍMMMÍMŒMMŒŽLMKLM‚˜ÛÛ™š\›X][Û‹LNLËŒKÛÜœ™[Û‹ŒLLŒŽNLÎLLÎLNLLMKŒMNMŽÌÌÌ‹ŽNNŒLMMŒMKŒŒÍNŽMNNLMÎMÌ‹ŒMMÌŒÍLŒNÍËŽMÎNŒNKLM‚˜ÛÛ™š\›X][Û‹LNLËŒKØØWÙ\]Z]˜[[ŒLLŒŽNLÎLLÎLNLLMKŒMNMŽÌÌÌ‹ŽNNŒLMMŒMKŒŒÍNŽMNNLMÎMÌ‹ŒMMÌŒÍLŒNÍËŽMÎNŒNKLM‚˜ÛÛ™š\›X][Û‹LNLËŒK˜]×ÜÝ™ŒLLŒŽNLÎLLÎLNLLŒMNMŽÌÍËŽNNŒLMMŒMKŒŒÍNŽMNNLMÎMŒŽŒMMÌŒÍLŒNÎNKŒLLŒŒÌŒLMMYKLM‚˜ÛÛ™š\›X][Û‹LNLËŒK[ÜÝ]WÛÜ˜XÛKŒLLŒKŒŒKŒŒŒËŒÌÌŽLÌÎÍMŽM™KLM‚˜ÛÛ™š\›X][Û‹LNLËŒKÛÜœ™[Û‹ŒLLŒKŒÌŒÎLMMÎMŒŒMÍÎLÎNLŒLLMM‹ŽNNLNLŒŒÍMMMŒËŒÌÍÌÎNMNÍÌŒ‹ŒMMŽLMŒMNMKLÌÍLÍŽLÍÍÌÍKLM‚˜ÛÛ™š\›X][Û‹LNLËŒKØØWÙ\]Z]˜[[ŒLLŒKŒÌŒÎLMMÎMŒŒMÍÎLÎNLŒLLMM‹ŽNNLNLŒŒÍMMMŒËŒÌÍÌÎNMNÍÌŒ‹ŒMMŽLMŒMNMKLÌÍLÍŽLÍÍÌÍKLM‚˜ÛÛ™š\›X][Û‹LNLËŒK˜]×ÜÝ™ŒLLŒKŒÌŒÎLMMÎŒŒMÍÎLÎNLŒLLMLËŽNNLNLŒŒÍMMMŒËŒÌÍÌÎNMNÍÌŒ‹ŒMMŽLMŒMÍŒ‹ËŒÌÌŽLÌÎÍMŽM™KLM‚˜ÛÛ™š\›X][Û‹LNLËŒK[ÜÝ]WÛÜ˜XÛKŒLLŒKŒŒKŒŒŒKŒÎÍÍÎÎÎMMÙKLM‚˜ÛÛ™š\›X][Û‹LNLËKÛÜœ™[Û‹ŒLLŒŽMÍÍŒLÍÌMÍŒ‹ŒŽNMM‹ŽNMÎMŒÌMŒÎMKŒÌNLLNNMŒŒLÌLÍÎLŒŒÌ‹KŒLÍÎMLLÍYKLM‚˜ÛÛ™š\›X][Û‹LNLËKØØWÙ\]Z]˜[[ŒLLŒŽMÍÍŒLÍÌMÍŒ‹ŒŽNMM‹ŽNMÎMŒÌMŒÎMKŒÌNLLNNMŒŒLÌLÍÎLŒŒÌ‹KŒLÍÎMLLÍYKLM‚˜ÛÛ™š\›X][Û‹LNLËK˜]×ÜÝ™ŒLLŒŽMÍÍŒLÍÌMÍŒKŒŽNMM‹ŽNMÎMŒÌMŒÎMKŒÌNLLNNMMKŒŒLÌLÍÎLŒLŒËËŽMŽMLNMLÍŒMKLM‚˜ÛÛ™š\›X][Û‹LNLËK[ÜÝ]WÛÜ˜XÛKŒLLŒKŒŒKŒŒŒLŒNLŒ™KLM‚˜ÛÛ™š\›X][Û‹LNLËKŒÛÜœ™[Û‹ŒLLŒŽMÌMŽMŽNLŽMÎKŒŽNLŒÌLMÍŽLNMNNKŽNMÍÍŽMNKŒÌÍNMLÌŽMNÍMËŒMÌŒŽÌÌ‹‹ŒŒŒŒLLÌLÙKLM‚˜ÛÛ™š\›X][Û‹LNLËKŒØØWÙ\]Z]˜[[ŒLLŒŽMÌMŽMŽNLŽMÎKŒŽNLŒÌLMÍŽLNMNNKŽNMÍÍŽMNKŒÌÍNMLÌŽMNÍMËŒMÌŒŽÌÌ‹‹ŒŒŒŒLLÌLÙKLM‚˜ÛÛ™š\›X][Û‹LNLËKŒ˜]×ÜÝ™ŒLLŒŽMÌMŽMŽNLŽMÎKŒŽNLŒÌLMÍŽLNMMKŽNMÍÍŽMNKŒÌÍNMLÌŽMNÍÍKŒMÌŒŽÌÌŒM‹ÌÍŒMÌÍÎNÍYKLMÂ˜ÛÛ™š\›X][Û‹LNLËKŒ[ÜÝ]WÛÜ˜XÛKŒLLŒKŒŒKŒŒŒËŒÌÌŽLÌÎÍMŽM™KLM‚˜ÛÛ™š\›X][Û‹LNLËKŒKÛÜœ™[Û‹ŒLLŒŽNLÍLŒNNNLŒÎÎMŒKŒLMŒMŒMLÍÍŒ‹ŽNMŽLÌNÎÎŒKŒÎLMÌÍÌNLMKŒNMÍÍMŒÌLÎŽLËLŒNLŒ™KLM‚˜ÛÛ™š\›X][Û‹LNLËKŒKØØWÙ\]Z]˜[[ŒLLŒŽNLÍLŒNNNLŒÎÎMŒKŒLMŒMŒMLÍÍŒ‹ŽNMŽLÌNÎÎŒKŒÎLMÌÍÌNLMKŒNMÍÍMŒÌLÎŽLËLŒNLŒ™KLM‚˜ÛÛ™š\›X][Û‹LNLËKŒK˜]×ÜÝ™ŒLLŒŽNLÍMMŒLŒÍNM‹ŒLMŒNMÍMLŒLËŽNMŽLŽÌLÍMÌLÎKŒÎLNMNLLŽÍKŒNÌNNŽÌÍN‹NNMŒ™KLM‚˜ÛÛ™š\›X][Û‹LNLËKŒK[ÜÝ]WÛÜ˜XÛKŒLLŒKŒŒKŒŒŒ‹ÍÍMMMÍMŒMMŒŽLMKLM‚˜ÛÛ™š\›X][Û‹LNLËKŒKÛÜœ™[Û‹ŒLLŒŽMŽNÌÎMMÍŒÌÍËŒLŒLÎNLNMÍLKŽNMŒÍMLLLKŒŽLÍÍLŽLÎKŒŒŽÌMMŒŒÍÎ‹ËŒÌÌŽLÌÎÍMŽM™KLM‚˜ÛÛ™š\›X][Û‹LNLËKŒKØØWÙ\]Z]˜[[ŒLLŒŽMŽNÌÎMMÍŒÌÍËŒLŒLÎNLNMÍLKŽNMŒÍMLLLKŒŽLÍÍLŽLÎKŒŒŽÌMMŒŒÍÎ‹ËŒÌÌŽLÌÎÍMŽM™KLM‚˜ÛÛ™š\›X][Û‹LNLËKŒK˜]×ÜÝ™ŒLLŒŽMÌLNŒÌLKŒLMÎMÍÎLNŽ‹ŽNMŒLŒÍŒLNMÍMËŒMMMNŒŒÎMÌMNNMLËŽNMŒÍŒLLÌŒKLM‚˜ÛÛ™š\›X][Û‹LNLËKŒK[ÜÝ]WÛÜ˜XÛKŒLLŒKŒŒKŒŒŒËŽMÎNŒNKLM‚˜ÛÛ™š\›X][Û‹LNLËKKÛÜœ™[Û‹ŒLLŒŽNLLNMŒÌMÍÌLÌKŒLLŽÎŒLNKŽNMŒÍŽMMÌÌKŒÌÌMŒÌLLMLLLÍKŒÍŒMŒÍÍMKËŽMÎNŒNKLM‚˜ÛÛ™š\›X][Û‹LNLËKKØØWÙ\]Z]˜[[ŒLLŒŽNLLNMŒÌMÍÌLÌKŒLLŽÎŒLNKŽNMŒÍŽMMÌÌKŒÌÌMŒÌLLMLLLÍKŒÍŒMŒÍÍMKËŽMÎNŒNKLM‚˜ÛÛ™š\›X][Û‹LNLËKK˜]×ÜÝ™ŒLLŒŽNMÍŽLMÍÍÎ‹ŒLŽÍÍLLÌNL‹ŽNMŒMÌMLÍKŒÌÍŒÍNMÍMLLMËŒÎÎÍMÌKËŒÌÌŽLÌÎÍMŽM™KLM‚˜ÛÛ™š\›X][Û‹LNLËKK[ÜÝ]WÛÜ˜XÛKŒLLŒKŒŒKŒŒŒ‹ÍÍMMMÍMŒMMŒŽLMKLM‚˜ÛÛ™š\›X][Û‹LNLËKKŒÛÜœ™[Û‹ŒLLŒŽNMMLLÌLMÎLÍKŒÌÌÌŒÍMÌKŽNMÌÍNLMÌÍŒËŒÎNŒÍLNMLËŒŒMÍŽÍŽÍŒLŒNLŒ™KLM‚˜ÛÛ™š\›X][Û‹LNLËKKŒØØWÙ\]Z]˜[[ŒLLŒŽNMMLLÌLMÎLÍKŒÌÌÌŒÍMÌKŽNMÌÍNLMÌÍŒËŒÎNŒÍLNMLËŒŒMÍŽÍŽÍŒLŒNLŒ™KLM‚˜ÛÛ™š\›X][Û‹LNLËKKŒ˜]×ÜÝ™ŒLLŒŽNMMŒLŽLÌÌŒŒLLËŒLMLÎNMŽNMÍLMNMNLÍÍŒ‹ŒŒMÌMŽMÌMMM‹ŒŒNÌLŒÍMMŒŽMNLËËŽMÎNŒNKLM‚˜ÛÛ™š\›X][Û‹LNLËKKŒ[ÜÝ]WÛÜ˜XÛKŒLLŒKŒŒKŒŒŒËŽMÎNŒNKLM‚˜ÛÛ™š\›X][Û‹LNLË‹ŒKÛÜœ™[Û‹ŒLLŒŽNŽMÌÎMMÌLKŒÎMÍLÍLNŽNMŒÍÍLÍNÎKŒLŒÌLÌÍŒŒMÍLMÌÎMMŽÎËŒÌÌŽLÌÎÍMŽM™KLM‚˜ÛÛ™š\›X][Û‹LNLË‹ŒKØØWÙ\]Z]˜[[ŒLLŒŽNŽMÌÎMMÌLKŒÎMÍLÍLNŽNMŒÍÍLÍNÎKŒLŒÌLÌÍŒŒMÍLMÌÎMMŽÎËŒÌÌŽLÌÎÍMŽM™KLM‚˜ÛÛ™š\›X][Û‹LNLË‹ŒK˜]×ÜÝ™ŒLLŒŽNÌLNMLÎLÎKŒÌÌMÎLÍLÍLŽŽNMŒNÍMMŒMM‹ŒMMMÎLNLÍÌËŒMÌÌÎMÍÌÍLMÍÎËŒÌÌŽLÌÎÍMŽM™KLM‚˜ÛÛ™š\›X][Û‹LNLË‹ŒK[ÜÝ]WÛÜ˜XÛKŒLLŒKŒŒKŒŒŒ‹NNMŒ™KLM‚˜ÛÛ™š\›X][Û‹LNLË‹ŒKÛÜœ™[Û‹ŒLLŒŽMÎLÍMNLŒŽMLKŒLÎMLŽMNKŽNMŽMŒMLŒŒLNŒÎMÍÍŒÍŒÌŒÎMËŒNLLNÍÎÍÌK‹ÍÍMMMÍMŒMMŒŽLMKLM‚˜ÛÛ™š\›X][Û‹LNLË‹ŒKØØWÙ\]Z]˜[[ŒLLŒŽMÎLÍMNLŒŽMLKŒLÎMLŽMNKŽNMŽMŒMLŒŒLNŒÎMÍÍŒÍŒÌŒÎMËŒNLLNÍÎÍÌK‹ÍÍMMMÍMŒMMŒŽLMKLM‚˜ÛÛ™š\›X][Û‹LNLË‹ŒK˜]×ÜÝ™ŒLLŒŽMÎLÍŽLMÎMŒÎNÌÎMÌŒŽKŽNMÌLŽMÍŽLLÌMŒÎÌŒMLÌŽMŽMÌÎŒNLÌMÍŒÌÌÍÌÌÍ‹KMLLLMLLŒÌLMÎÙKLM‚˜ÛÛ™š\›X][Û‹LNLË‹ŒK[ÜÝ]WÛÜ˜XÛKŒLLŒKŒŒKŒŒŒKLÌÍLÍŽLÍÍÌÍKLM‚˜ÛÛ™š\›X][Û‹LNLË‹KÛÜœ™[Û‹ŒLLŒŽNMLÌLÍLŒ‹ŒŽÎLŒMKŽNMŽMŽŒÌKŒÎNMMÌÌÍÍÌŒ‹ŒMÍÍÌLMÍŽLËŒŒMMŒŒÍLNKLM‚˜ÛÛ™š\›X][Û‹LNLË‹KØØWÙ\]Z]˜[[ŒLLŒŽNMLÌLÍLŒ‹ŒŽÎLŒMKŽNMŽMŽŒÌKŒÎNMMÌÌÍÍÌŒ‹ŒMÍÍÌLMÍŽLËŒŒMMŒŒÍLNKLM‚˜ÛÛ™š\›X][Û‹LNLË‹K˜]×ÜÝ™ŒLLŒŽNMÍLÌLÎLÍMNŒ‹ŒŒMNMŒNÍNNMŽNMŽŒLÌŒÌNLÍ‹ŒÎMŒMÍMŒŒNLÍËŒMÍLŒÌÎLË‹ŒLÌÎMÍÍLLÎYKLM‚˜ÛÛ™š\›X][Û‹LNLË‹K[ÜÝ]WÛÜ˜XÛKŒLLŒKŒŒKŒŒŒ‹ÍÍMMMÍMŒMMŒŽLMKLM‚˜ÛÛ™š\›X][Û‹LNLË‹KŒÛÜœ™[Û‹ŒLLŒŽNLLŒMÎMKŒMŽÎÍÎNÍŽNMNMŽNMÍÌŒM‹ŒLLŒŒNLKŒMMÍŒLŒÌLMNN‹ËŒÌÌŽLÌÎÍMŽM™KLM‚˜ÛÛ™š\›X][Û‹LNLË‹KŒØØWÙ\]Z]˜[[ŒLLŒŽNLLŒMÎMKŒMŽÎÍÎNÍŽNMNMŽNMÍÌŒM‹ŒLLŒŒNLKŒMMÍŒLŒÌLMNN‹ËŒÌÌŽLÌÎÍMŽM™KLM‚˜ÛÛ™š\›X][Û‹LNLË‹KŒ˜]×ÜÝ™ŒLLŒŽNLLÍŒŒÌÌLÌKŒLÌÎNNMÎLÌËŽNMNMMŒLŽNNŒLMÍÍŒLMÍŒMMÎŒNMLÍÌÎÌLÌ‹ŽNMŒÍŒLLÌŒKLM‚˜ÛÛ™š\›X][Û‹LNLË‹KŒ[ÜÝ]WÛÜ˜XÛKŒLLŒKŒŒKŒŒŒËŽMÎNŒNKLM‚˜ÛÛ™š\›X][Û‹LNLËŒKÛÜœ™[Û‹ŒLLŒŽMÍMÎNÍMMMŒKŒMÌMÌŽNL‹ŽNMŒÌÍÌŒŒŒŒŽNMŽŒŽLMÍÎÎŒŒÍÌMNŒÍMLŽNMŒÍŒLLÌŒKLM‚˜ÛÛ™š\›X][Û‹LNLËŒKØØWÙ\]Z]˜[[ŒLLŒŽMÍMÎNÍMMMŒKŒMÌMÌŽNL‹ŽNMŒÌÍÌŒŒŒŒŽNMŽŒŽLMÍÎÎŒŒÍÌMNŒÍMLŽNMŒÍŒLLÌŒKLM‚˜ÛÛ™š\›X][Û‹LNLËŒK˜]×ÜÝ™ŒLLŒŽMÍLÌLLMÍÌÌMÌKŒÎNLÌLÍÌËŽNMÌŒÌLŒÎKŒŒNŒÍÌLNKŒLNLÌŒŒŒÌÎËMÎMŽNMÍMÎÍÌYKLM‚˜ÛÛ™š\›X][Û‹LNLËŒK[ÜÝ]WÛÜ˜XÛKŒLLŒKŒŒKŒŒŒÌNÎMMŽLMYKLM‚˜ÛÛ™š\›X][Û‹LNLËŒKÛÜœ™[Û‹ŒLLŒŽNLNMÍÍLÎLÌËŒÍÍÍLÌŒÎÌÌLËŽNMÌÌÌLMÎNŒÍLŒLÌLŒÍÌKŒLŽLÎLÌÍÎLÌLÍKËŒÌÌŽLÌÎÍMŽM™KLM‚˜ÛÛ™š\›X][Û‹LNLËŒKØØWÙ\]Z]˜[[ŒLLŒŽNLNMÍÍLÎLÌËŒÍÍÍLÌŒÎÌÌLËŽNMÌÌÌLMÎNŒÍLŒLÌLŒÍÌKŒLŽLÎLÌÍÎLÌLÍKËŒÌÌŽLÌÎÍMŽM™KLM‚˜ÛÛ™š\›X][Û‹LNLËŒK˜]×ÜÝ™ŒLLŒŽNLLŒÌŽÍMÌŒMÌNKŒÍÎMÎŽÍLLËŽNMÌÍMMMŒÍŒÍÌŒÎÎNÍKŒLLMMÍMŽLÎLL‹‹ŒŒŒŒLLÌLÙKLM‚˜ÛÛ™š\›X][Û‹LNLËŒK[ÜÝ]WÛÜ˜XÛKŒLLŒKŒŒKŒŒŒ‹ÍÍMMMÍMŒMMŒŽLMKLM‚˜ÛÛ™š\›X][Û‹LNLËKÛÜœ™[Û‹ŒLLŒŽNLÌMŒÌÍMMÍKŒLŽMMÌŒMÍËŽNMŒÌÍÍÎNLMÍNŒÌŽNMÍÌNMLKŒMLLŒÎMŒNËËŒÌÌŽLÌÎÍMŽM™KLM‚˜ÛÛ™š\›X][Û‹LNLËKØØWÙ\]Z]˜[[ŒLLŒŽNLÌMŒÌÍMMÍKŒLŽMMÌŒMÍËŽNMŒÌÍÍÎNLMÍNŒÌŽNMÍÌNMLKŒMLLŒÎMŒNËËŒÌÌŽLÌÎÍMŽM™KLM‚˜ÛÛ™š\›X][Û‹LNLËK˜]×ÜÝ™ŒLLŒŽNMLŒÎMŽÍŒNM‹ŒLLMLÌŽŒŒŒËŽNMŒŒLLÌMŒÌNŒÍÌLNLLLËŒLÌÎMŽÌŽLÌMMLŒNLŒ™KLM‚˜ÛÛ™š\›X][Û‹LNLËK[ÜÝ]WÛÜ˜XÛKŒLLŒKŒŒKŒŒŒ‹ŒLŒŒŒÍMÎÍŒYKLM‚˜ÛÛ™š\›X][Û‹LNLËKŒÛÜœ™[Û‹ŒLLŒŽNNMŽMMŽŽŒLÍMMÎMŒŒÌL‹ŽNMŽLÌÌŒŽLŒÎLNMÎMMMÌMŒLÍÎLÌÍNMMMK‹ŒLÌÎMÍÍLLÎYKLM‚˜ÛÛ™š\›X][Û‹LNLËKŒØØWÙ\]Z]˜[[ŒLLŒŽNNMŽMMŽŽŒLÍMMÎMŒŒÌL‹ŽNMŽLÌÌŒŽLŒÎLNMÎMMMÌMŒLÍÎLÌÍNMMMK‹ŒLÌÎMÍÍLLÎYKLM‚˜ÛÛ™š\›X][Û‹LNLËKŒ˜]×ÜÝ™ŒLLŒŽNLÍŒÌMLNM‹ŒNÌÎMLMÌÌÍ‹ŽNMŽMMNNNÎNŒÎMÌLMLŒÌMMKŒLÌŒÎLÌLLŽLMŒÍK‹ŒÍNLŒŒÎLÌÌŽMÍ™KLM‚˜ÛÛ™š\›X][Û‹LNLËKŒ[ÜÝ]WÛÜ˜XÛKŒLLŒKŒŒKŒŒŒËŽMÎNŒNKLM‚˜ÛÛ™š\›X][Û‹LNLËM‹KŒKÛÜœ™[Û‹ŒLLŒŽMÌŽLNNLÎMËŒLMÍMÍMLÍÌŒÍKŽNLÌŽLÎLLMLÍŒMÎLŒÍÌÍÌÍMÍËŒMMÌÎLMM‹ŒLÌÎMÍÍLLÎYKLM‚˜ÛÛ™š\›X][Û‹LNLËM‹KŒKØØWÙ\]Z]˜[[ŒLLŒŽMÌŽLNNLÎMËŒLMÍMÍMLÍÌŒÍKŽNLÌŽLÎLLMLÍŒMÎLŒÍÌÍÌÍMÍËŒMMÌÎLMM‹ŒLÌÎMÍÍLLÎYKLM‚˜ÛÛ™š\›X][Û‹LNLËM‹KŒK˜]×ÜÝ™ŒLLŒŽMÌÍÌNÍÍŒŒŒËŒLMMŒÎLMNNMÍËŽNLÍÌNLÍŒŒÎNKŒMÌLŽMNMNŒŒLÌËŒŒNÌÍÍÍLŽNË‹ŒŒŒŒLLÌLÙKLM‚˜ÛÛ™š\›X][Û‹LNLËM‹KŒK[ÜÝ]WÛÜ˜XÛKŒLLŒKŒŒKŒŒŒËŒÌÌŽLÌÎÍMŽM™KLM‚˜ÛÛ™š\›X][Û‹LNLËM‹KŒKÛÜœ™[Û‹ŒLLŒŽNÍÍŒMMÎNÌL‹ŒLÍÍNŒÍMMNNMËŽNMMNLÎLÎŒMLMÍŒÎM‹ŒNNLŒŽÍNMÎMŽNMŒÍŒLLÌŒKLM‚˜ÛÛ™š\›X][Û‹LNLËM‹KŒKØØWÙ\]Z]˜[[ŒLLŒŽNÍÍŒMMÎNÌL‹ŒLÍÍNŒÍMMNNMËŽNMMNLÎLÎŒMLMÍŒÎM‹ŒNNLŒŽÍNMÎMŽNMŒÍŒLLÌŒKLM‚˜ÛÛ™š\›X][Û‹LNLËM‹KŒK˜]×ÜÝ™ŒLLŒŽNÍNMÍLMLŒLLÌÎŒÍMM‹ŽNMÌMŽLÌÌÍÌŒÌËŒLÌÌŒÍŒŒŒLMKŒMÎMŽLÌMLLÌ‹ŽNMŒÍŒLLÌŒKLM‚˜ÛÛ™š\›X][Û‹LNLËM‹KŒK[ÜÝ]WÛÜ˜XÛKŒLLŒKŒŒKŒŒŒ‹ÎŒÌLMÎMÍÍMKLM‚˜ÛÛ™š\›X][Û‹LNLËM‹KKÛÜœ™[Û‹ŒLLŒŽMÍÍŒÌÌÍLMMŒLMLMLMMÌMÍÍLÍÌKŽNLÍMŒMŒNMLLKŒMŽNMNÎMŒMŒÎKŒŽŒNNLÍMŒMŒË‹NLNMLŒÌLNÙKLM‚˜ÛÛ™š\›X][Û‹LNLËM‹KKØØWÙ\]Z]˜[[ŒLLŒŽMÍÍŒÌÌÍLMMŒLMLMLMMÌMÍÍLÍÌKŽNLÍMŒMŒNMLLKŒMŽNMNÎMŒMŒÎKŒŽŒNNLÍMŒMŒË‹NLNMLŒÌLNÙKLM‚˜ÛÛ™š\›X][Û‹LNLËM‹KK˜]×ÜÝ™ŒLLŒŽMÍÌŽÍMÎNŒÎKŒLLÌÌÍÍŒÌLNM‹ŽNLÍŽMÌÌÎMŒMŒNMLÎŒLMŒŽLNŽMMMÍLLË‹ŒLÌÎMÍÍLLÎYKLM‚˜ÛÛ™š\›X][Û‹LNLËM‹KK[ÜÝ]WÛÜ˜XÛKŒLLŒKŒŒKŒŒŒËŒÌÌŽLÌÎÍMŽM™KLM‚˜ÛÛ™š\›X][Û‹LNLËM‹KKŒÛÜœ™[Û‹ŒLLŒŽNÍLMMLLŒŽKŒLNLMLMLÍÎMMŽLËŽNLÌLÌMMŒÎŒNLÍŒÍLLÎL‹ŒÌLLÌŽÍÌ‹LŒNLŒ™KLM‚˜ÛÛ™š\›X][Û‹LNLËM‹KKŒØØWÙ\]Z]˜[[ŒLLŒŽNÍLMMLLŒŽKŒLNLMLMLÍÎMMŽLËŽNLÌLÌMMŒÎŒNLÍŒÍLLÎL‹ŒÌLLÌŽÍÌ‹LŒNLŒ™KLM‚˜ÛÛ™š\›X][Û‹LNLËM‹KKŒ˜]×ÜÝ™ŒLLŒŽNLMLŒÌÌÎKŒLMÌÍMÌÎLŒLŽMÌËŽNLÌŒNŒÌMÌŒËŒNÌŒMNLÍLŒÍÍ‹ŒŽLÍNNÌLŽKŽNMŒÍŒLLÌŒKLM‚˜ÛÛ™š\›X][Û‹LNLËM‹KKŒ[ÜÝ]WÛÜ˜XÛKŒLLŒKŒŒKŒŒŒËŒÌÌŽLÌÎÍMŽM™KLM‚˜ÛÛ™š\›X][Û‹LNLËM‹‹ŒKÛÜœ™[Û‹ŒLLŒŽMÍLLNMŽÍNŒLMMÌLNLŽÎMLLKŽNLÌÎLÌŽMLËŒMÍÍLÌÎŒŒÍÎÍMÎMÍÌ‹ËŒÌÌŽLÌÎÍMŽM™KLM‚˜ÛÛ™š\›X][Û‹LNLËM‹‹ŒKØØWÙ\]Z]˜[[ŒLLŒŽMÍLLNMŽÍNŒLMMÌLNLŽÎMLLKŽNLÌÎLÌŽMLËŒMÍÍLÌÎŒŒÍÎÍMÎMÍÌ‹ËŒÌÌŽLÌÎÍMŽM™KLM‚˜ÛÛ™š\›X][Û‹LNLËM‹‹ŒK˜]×ÜÝ™ŒLLŒŽMÍMÎMŽLŒÍÌÌŽMÍËŒLMÌÍLNŽÍÌÌÌLKŽNLÍMÌLŒMÌŒŒËŒMÌŒÍŒÍÍLËŒŒŽÍÌLÍLÍŒ‹ËŽMÎNŒNKLM‚˜ÛÛ™š\›X][Û‹LNLËM‹‹ŒK[ÜÝ]WÛÜ˜XÛKŒLLŒKŒŒKŒŒŒ‹ŒŒŒŒLLÌLÙKLM‚˜ÛÛ™š\›X][Û‹LNLËM‹‹ŒKÛÜœ™[Û‹ŒLLŒŽMÍLMÌÌÌÍNLNŒLLÌÎLŽMÍNŒÎŽËŽNLÍÍÌLMŒMÍÎ‹ŒMNNÌŽNŒŒŽLLMÍŒŒNÌŽËËŽMÎNŒNKLM‚˜ÛÛ™š\›X][Û‹LNLËM‹‹ŒKØØWÙ\]Z]˜[[ŒLLŒŽMÍLMÌÌÌÍNLNŒLLÌÎLŽMÍNŒÎŽËŽNLÍÍÌLMŒMÍÎ‹ŒMNNÌŽNŒŒŽLLMÍŒŒNÌŽËËŽMÎNŒNKLM‚˜ÛÛ™š\›X][Û‹LNLËM‹‹ŒK˜]×ÜÝ™ŒLLŒŽMÍNNMÌÍMŒLLMMÍÎMŽMKŽNLÎLNNLMÌÍLMŽKŒMLLÍLÌMÌÍÎLŽMŒÎNLÌNLÎLLMŒMKŽNMŒÍŒLLÌŒKLM‚˜ÛÛ™š\›X][Û‹LNLËM‹‹ŒK[ÜÝ]WÛÜ˜XÛKŒLLŒKŒŒKŒŒŒ‹ÍÍMMMÍMŒMMŒŽLMKLM‚˜ÛÛ™š\›X][Û‹LNLËM‹‹KÛÜœ™[Û‹ŒLLŒŽMÌNMNMŒLŒLŒŒNMNLLÎMMLKŽNLLÌLM‹ŒŒLÌŽNLÌLMKŒNNÌLÍNÌËŽNMŒÍŒLLÌŒKLM‚˜ÛÛ™š\›X][Û‹LNLËM‹‹KØØWÙ\]Z]˜[[ŒLLŒŽMÌNMNMŒLŒLŒŒNMNLLÎMMLKŽNLLÌLM‹ŒŒLÌŽNLÌLMKŒNNÌLÍNÌËŽNMŒÍŒLLÌŒKLM‚˜ÛÛ™š\›X][Û‹LNLËM‹‹K˜]×ÜÝ™ŒLLŒŽMÌŒÌŒÌÎÍŒML‹ŒLŒLŒŒMLŒŒ‹ŽNLÍMŒÎLŒÌMKŒŒŒŒÍÌÍÌÎLËŒŒŽNMNLÌŽMŒMKËŽMÎNŒNKLM‚˜ÛÛ™š\›X][Û‹LNLËM‹‹K[ÜÝ]WÛÜ˜XÛKŒLLŒKŒŒKŒŒŒŽNMŒÍŒLLÌŒKLM‚˜ÛÛ™š\›X][Û‹LNLËM‹‹KŒÛÜœ™[Û‹ŒLLŒŽMŽMÌMÍMNÍŒLNNLNLLÍŽMMKŽNLÌMMLÍŽÎÎMKŒNLMŒÌM‹ŒÌNŽLÌM‹KŽŽÌÎLŽŒÌ™KLM‚˜ÛÛ™š\›X][Û‹LNLËM‹‹KŒØØWÙ\]Z]˜[[ŒLLŒŽMŽMÌMÍMNÍŒLNNLNLLÍŽMMKŽNLÌMMLÍŽÎÎMKŒNLMŒÌM‹ŒÌNŽLÌM‹KŽŽÌÎLŽŒÌ™KLM‚˜ÛÛ™š\›X][Û‹LNLËM‹‹KŒ˜]×ÜÝ™ŒLLŒŽMÌÌŒÎLMŒÍËŒLMLÍNMLLŒÍËŽNLÍMŽNLŒŒŽŒMÍMÌÍÍÌMMÎŒÌÌŒŽLÍŒÎÌNÎMMŽLMYKLM‚˜ÛÛ™š\›X][Û‹LNLËM‹‹KŒ[ÜÝ]WÛÜ˜XÛKŒLLŒKŒŒKŒŒŒKMLLLMLLŒÌLMÎÙKLM‚˜ÛÛ™š\›X][Û‹LNLËM‹ŒKÛÜœ™[Û‹ŒLLŒŽMÍLŒÎMŽMÍÍLLLNKŒLNLÌÍÌÎNNKŽNMLÌŒŒMM‹ŒMNLÍMLÎMMŽNM‹ŒŒŽLÎNLMNŽÍ‹ËŒÌÌŽLÌÎÍMŽM™KLM‚˜ÛÛ™š\›X][Û‹LNLËM‹ŒKØØWÙ\]Z]˜[[ŒLLŒŽMÍLŒÎMŽMÍÍLLLNKŒLNLÌÍÌÎNNKŽNMLÌŒŒMM‹ŒMNLÍMLÎMMŽNM‹ŒŒŽLÎNLMNŽÍ‹ËŒÌÌŽLÌÎÍMŽM™KLM‚˜ÛÛ™š\›X][Û‹LNLËM‹ŒK˜]×ÜÝ™ŒLLŒŽMÍMŒÍÎNÌLŒKŒLLÍÌŒLÌNMŽÌÌKŽNMMÎÌÍÌÍNŒŒLÎMLŒLŒŒLÍÍŒÍKŒŒŒÍŽNMŒÍLMM‹ËŒŒMMŒŒÍLNKLM‚˜ÛÛ™š\›X][Û‹LNLËM‹ŒK[ÜÝ]WÛÜ˜XÛKŒLLŒKŒŒKŒŒŒKLÌÍLÍŽLÍÍÌÍKLM‚˜ÛÛ™š\›X][Û‹LNLËM‹ŒKÛÜœ™[Û‹ŒLLŒŽMÍLÌÌLMŒŽKŒLÎLÎMÍÍÍLKŽNLŒÌÍÍMÍLMNŒŒNMÎLLNÍÌÍŒËŒŽÍŒNÌŒMÌÍŒMKKŽŽÌÎLŽŒÌ™KLM‚˜ÛÛ™š\›X][Û‹LNLËM‹ŒKØØWÙ\]Z]˜[[ŒLLŒŽMÍLÌÌLMŒŽKŒLÎLÎMÍÍÍLKŽNLŒÌÍÍMÍLMNŒŒNMÎLLNÍÌÍŒËŒŽÍŒNÌŒMÌÍŒMKKŽŽÌÎLŽŒÌ™KLM‚˜ÛÛ™š\›X][Û‹LNLËM‹ŒK˜]×ÜÝ™ŒLLŒŽMÍŽÎÎMÍÍŒLMËŒLNÌNNÍËŽNLNNLMÌNLËŒŒÌMMŒÌNŒŽLÌŒMŽLLÍŒËŒLÌLLÌÌMÍÌNLNYKLM‚˜ÛÛ™š\›X][Û‹LNLËM‹ŒK[ÜÝ]WÛÜ˜XÛKŒLLŒKŒŒKŒŒŒËŒÌÌŽLÌÎÍMŽM™KLM‚˜ÛÛ™š\›X][Û‹LNLËM‹KÛÜœ™[Û‹ŒLLŒŽNMÍÍLLŒŒLMŽMNLÍLËŽNLÍMÌNÍŒŒÎLKŒMÌŒÌÎMÌÌÍŒNKŒŽÎÌMÍMÌLŒËŒÌŒLMŒŒŒM™KLM‚˜ÛÛ™š\›X][Û‹LNLËM‹KØØWÙ\]Z]˜[[ŒLLŒŽNMÍÍLLŒŒLMŽMNLÍLËŽNLÍMÌNÍŒŒÎLKŒMÌŒÌÎMÌÌÍŒNKŒŽÎÌMÍMÌLŒËŒÌŒLMŒŒŒM™KLM‚˜ÛÛ™š\›X][Û‹LNLËM‹K˜]×ÜÝ™ŒLLŒŽNLŒÌÌMLN‹ŒLLMNMÌNNLLŽKŽNLÎÎMMNLÌÌÌL‹ŒMMLÍÎÍÍLMKŒNLŒÎMŒÍNLŒNLŒ™KLM‚˜ÛÛ™š\›X][Û‹LNLËM‹K[ÜÝ]WÛÜ˜XÛKŒLLŒKŒŒKŒŒŒËNLŽLMM™KLM‚˜ÛÛ™š\›X][Û‹LNLËM‹KŒÛÜœ™[Û‹ŒLLŒŽMMÌMÌÎÍŽÌŽŒLMLŽMMÌNLÍŽMKŽNLÍŽLMŒNMÍŽMŒ‹ŒMÌŒLNÎMMÎM‹ŒŽMÍMÍŒÌŒÌËÍÌMMŒLMÌŒÍÍŒM™KLM‚˜ÛÛ™š\›X][Û‹LNLËM‹KŒØØWÙ\]Z]˜[[ŒLLŒŽMMÌMÌÎÍŽÌŽŒLMLŽMMÌNLÍŽMKŽNLÍŽLMŒNMÍŽMŒ‹ŒMÌŒLNÎMMÎM‹ŒŽMÍMÍŒÌŒÌËÍÌMMŒLMÌŒÍÍŒM™KLM‚˜ÛÛ™š\›X][Û‹LNLËM‹KŒ˜]×ÜÝ™ŒLLŒŽMŽNMŒLL‹ŒLLÍNLÎLÍŽNLÍŒÎMÍŽLŽÌ‹ŒMŒŽNLŒLMNÌÎMŒŽÌMÍNMŒMÌËŽMÎNŒNKLM‚˜ÛÛ™š\›X][Û‹LNLËM‹KŒ[ÜÝ]WÛÜ˜XÛKŒLLŒKŒŒKŒŒŒ‹ŒLŒŒŒÍMÎÍŒYKLM‚˜ÛÛ™š\›X][Û‹LNMKŒKÛÜœ™[Û‹ŒLLŒŽMŽLÎŽLŽLÌÌŒNKŒÌMŒŽMNMŽNMÍŒÎLŒÎÍŒÌÍŒÍÍMÌÍNMLMKŒMŒLLNNMMÌÌŒÌËËŽMÎNŒNKLM‚˜ÛÛ™š\›X][Û‹LNMKŒKØØWÙ\]Z]˜[[ŒLLŒŽMŽLÎŽLŽLÌÌŒNKŒÌMŒŽMNMŽNMÍŒÎLŒÎÍŒÌÍŒÍÍMÌÍNMLMKŒMŒLLNNMMÌÌŒÌËËŽMÎNŒNKLM‚˜ÛÛ™š\›X][Û‹LNMKŒK˜]×ÜÝ™ŒLLŒŽMŽLÎŽLŽLÌÌŒNKŒÌMŒŽMNMŽNMÍŒÎLŒÎÍŒÌÍŒÍÍMÌÍNMLMKŒMŒLLNNMMÌÌÌ‹‹ŒŒŒŒLLÌLÙKLM‚˜ÛÛ™š\›X][Û‹LNMKŒK[ÜÝ]WÛÜ˜XÛKŒLLŒKŒŒKŒŒŒ‹ÍÍMMMÍMŒMMŒŽLMKLM‚˜ÛÛ™š\›X][Û‹LNMKŒKÛÜœ™[Û‹ŒLLŒŽNÌŽÌLŒL‹ŒMMLÎÌÌŽMŒLLŒKŽNNMÌŒÌÌÌÎNKŒÌMÎMÌMÍŒKŒMÌÎLÎMLÌËËŽMÎNŒNKLM‚˜ÛÛ™š\›X][Û‹LNMKŒKØØWÙ\]Z]˜[[ŒLLŒŽNÌŽÌLŒL‹ŒMMLÎÌÌŽMŒLLŒKŽNNMÌŒÌÌÌÎNKŒÌMÎMÌMÍŒKŒMÌÎLÎMLÌËËŽMÎNŒNKLM‚˜ÛÛ™š\›X][Û‹LNMKŒK˜]×ÜÝ™ŒLLŒŽNÌŽÌLŒLŒKŒMMLÎÌÌŽMŒLLŒÌ‹ŽNNMÌŒÌÌÌÎNKŒÌMÎMÌMÍŒMËŒMÌÎLÎMLNMKËŒÌÌŽLÌÎÍMŽM™KLM‚˜ÛÛ™š\›X][Û‹LNMKŒK[ÜÝ]WÛÜ˜XÛKŒLLŒKŒŒKŒŒŒËŒLÌLLÌÌMÍÌNLNYKLM‚˜ÛÛ™š\›X][Û‹LNMKKÛÜœ™[Û‹ŒLLŒŽNLŒŒÍLÌÍ‹ŒÍŒÍNŒNMLÍËŽNMÍŒŽÌŒŒLŽKŒÍÍŒLLŒMŒÍ‹ŒNLŽMŒŽÌÎÎL‹‹ŒŽNÍNŽLÎMKLM‚˜ÛÛ™š\›X][Û‹LNMKKØØWÙ\]Z]˜[[ŒLLŒŽNLŒŒÍLÌÍ‹ŒÍŒÍNŒNMLÍËŽNMÍŒŽÌŒŒLŽKŒÍÍŒLLŒMŒÍ‹ŒNLŽMŒŽÌÎÎL‹‹ŒŽNÍNŽLÎMKLM‚˜ÛÛ™š\›X][Û‹LNMKK˜]×ÜÝ™ŒLLŒŽNLŒŒÍLÌÍKŒÍŒÍNŒNMNM‹ŽNMÍŒŽÌŒŒLŽKŒÍÍŒLLŒMŒÌ‹ŒNLŽMŒŽÌÎÎÌÎ‹ŒŒŒŒLLÌLÙKLM‚˜ÛÛ™š\›X][Û‹LNMKK[ÜÝ]WÛÜ˜XÛKŒLLŒKŒŒKŒŒŒŽNMŒÍŒLLÌŒKLM‚˜ÛÛ™š\›X][Û‹LNMKKŒÛÜœ™[Û‹ŒLLŒŽMÌŽLLÎLÍÌÍŒÎL‹ŒŒŽÍNMNMŒLLËŽNNŒÎMÍKŒŽMÎŒŽÌÍKŒŒŽŒÍLLÍŒLŒÍËÌNÎMMŽLMYKLM‚˜ÛÛ™š\›X][Û‹LNMKKŒØØWÙ\]Z]˜[[ŒLLŒŽMÌŽLLÎLÍÌÍŒÎL‹ŒŒŽÍNMNMŒLLËŽNNŒÎMÍKŒŽMÎŒŽÌÍKŒŒŽŒÍLLÍŒLŒÍËÌNÎMMŽLMYKLM‚˜ÛÛ™š\›X][Û‹LNMKKŒ˜]×ÜÝ™ŒLLŒŽMÌŽLLÎLÍÌÍŒÎËŒŒŽÍNMNMŒLÎŽNNŒÎMÍKŒŽMÎŒŽÌÍM‹ŒŒŽŒÍLLÍŒŒËËŒÌÌŽLÌÎÍMŽM™KLM‚˜ÛÛ™š\›X][Û‹LNMKKŒ[ÜÝ]WÛÜ˜XÛKŒLLŒKŒŒKŒŒŒ‹ŒŒŒŒLLÌLÙKLM‚˜ÛÛ™š\›X][Û‹LNM‹ŒKÛÜœ™[Û‹ŒLLŒŽNNMÍŒŒŒÎŒÌÌMÍÍÎLŽLKŽNMÎLÌŒÍÍNÍLŒÌÌŒÌMLŽÍÎKŒÍMNLMNMÍÌŒKŽNMŒÍŒLLÌŒKLM‚˜ÛÛ™š\›X][Û‹LNM‹ŒKØØWÙ\]Z]˜[[ŒLLŒŽNNMÍŒŒŒÎŒÌÌMÍÍÎLŽLKŽNMÎLÌŒÍÍNÍLŒÌÌŒÌMLŽÍÎKŒÍMNLMNMÍÌŒKŽNMŒÍŒLLÌŒKLM‚˜ÛÛ™š\›X][Û‹LNM‹ŒK˜]×ÜÝ™ŒLLŒŽNNMÍŒŒŒÎMŒÌÌMÍÍÎLŽLKŽNMÎLÌŒÍÍNÍLŒÌÌŒÌMLŽÍŽLŒÍMNLMNMÍKKŒLLŒŒÌŒLMMYKLM‚˜ÛÛ™š\›X][Û‹LNM‹ŒK[ÜÝ]WÛÜ˜XÛKŒLLŒKŒŒKŒŒŒ‹ŒŒŒŒLLÌLÙKLM‚˜ÛÛ™š\›X][Û‹LNM‹ŒKÛÜœ™[Û‹ŒLLŒŽNLÌLMÍÍNNNLËŒŒŒMLŽMÌLËŽNNNNŒŒNKŒŽLMŽÍÌÌÍM‹ŒLLLLÍÌ‹‹ŒŒŒŒLLÌLÙKLM‚˜ÛÛ™š\›X][Û‹LNM‹ŒKØØWÙ\]Z]˜[[ŒLLŒŽNLÌLMÍÍNNNLËŒŒŒMLŽMÌLËŽNNNNŒŒNKŒŽLMŽÍÌÌÍM‹ŒLLLLÍÌ‹‹ŒŒŒŒLLÌLÙKLM‚˜ÛÛ™š\›X][Û‹LNM‹ŒK˜]×ÜÝ™ŒLLŒŽNLÌLMÍÍNNNL‹ŒŒŒMLŽMÌMŽNNNNŒŒNKŒŽLMŽÍÌÌÍMŒLLLLÍÎ‹ŒÍNLŒŒÎLÌÌŽMÍ™KLM‚˜ÛÛ™š\›X][Û‹LNM‹ŒK[ÜÝ]WÛÜ˜XÛKŒLLŒKŒŒKŒŒŒËŽMÎNŒNKLM‚˜ÛÛ™š\›X][Û‹LNM‹KÛÜœ™[Û‹ŒLLŒŽNNNNŒMŽLMÎM‹ŒLÍLÎLLMŒÌÍKŽNNŒNÍLNLÎ‹ŒŽNMNLŽNMËŒŒLŒÎÎLÌMÍŒŽMKKŒÎÍÍÎÎÎMMÙKLM‚˜ÛÛ™š\›X][Û‹LNM‹KØØWÙ\]Z]˜[[ŒLLŒŽNNNNŒMŽLMÎM‹ŒLÍLÎLLMŒÌÍKŽNNŒNÍLNLÎ‹ŒŽNMNLŽNMËŒŒLŒÎÎLÌMÍŒŽMKKŒÎÍÍÎÎÎMMÙKLM‚˜ÛÛ™š\›X][Û‹LNM‹K˜]×ÜÝ™ŒLLŒŽNNNNŒMŽLMÎÍËŒLÍLÎLLMŒÌÌKŽNNŒNÍLNLÎ‹ŒŽNMNLŽNMËŒŒLŒÎÎLÌMÍŒMŒ‹‹ŒŒŒŒLLÌLÙKLM‚˜ÛÛ™š\›X][Û‹LNM‹K[ÜÝ]WÛÜ˜XÛKŒLLŒKŒŒKŒŒŒKLÌÍLÍŽLÍÍÌÍKLM‚˜ÛÛ™š\›X][Û‹LNM‹KŒÛÜœ™[Û‹ŒLLŒŽNMNLÎÌMNKŒNNLÌÎLŽMNNL‹ŽNNMÍNLNMMÌLÍLËŒÍLLÎÌŒLMÎLËŒNÌÍÍLLÌÌ‹ŒMŒÌÌÍŒÍŒÍÌÍÙKLM‚˜ÛÛ™š\›X][Û‹LNM‹KŒØØWÙ\]Z]˜[[ŒLLŒŽNMNLÎÌMNKŒNNLÌÎLŽMNNL‹ŽNNMÍNLNMMÌLÍLËŒÍLLÎÌŒLMÎLËŒNÌÍÍLLÌÌ‹ŒMŒÌÌÍŒÍŒÍÌÍÙKLM‚˜ÛÛ™š\›X][Û‹LNM‹KŒ˜]×ÜÝ™ŒLLŒŽNMNLÎÌMNMKŒNNLÌÎLŽMŒŒ‹ŽNNMÍNLNMMÌLÍL‹ŒÍLLÎÌŒLŒLL‹ŒNÌÍÍLLÌÎM‹‹ÍÍMMMÍMŒMMŒŽLMKLM‚˜ÛÛ™š\›X][Û‹LNM‹KŒ[ÜÝ]WÛÜ˜XÛKŒLLŒKŒŒKŒŒŒËŽMÎNŒNKLM‚˜ÛÛ™š\›X][Û‹LNMŒKÛÜœ™[Û‹ŒLLŒŽNLŽLÌÌŒÎLL‹ŒŒMÍMŽMLÍÎNŒÍÍKŽNNÌŒŽLMMŒLÍÍËŒŽMMÍÌMÌÌNLLŒMÎÎMÌŒLÌNMÎMŽNMÍMÎÍÌYKLM‚˜ÛÛ™š\›X][Û‹LNMŒKØØWÙ\]Z]˜[[ŒLLŒŽNLŽLÌÌŒÎLL‹ŒŒMÍMŽMLÍÎNŒÍÍKŽNNÌŒŽLMMŒLÍÍËŒŽMMÍÌMÌÌNLLŒMÎÎMÌŒLÌNMÎMŽNMÍMÎÍÌYKLM‚˜ÛÛ™š\›X][Û‹LNMŒK˜]×ÜÝ™ŒLLŒŽNLŽLÌÌŒÎLLMKŒŒMÍMŽMLÍÎNŒÎM‹ŽNNÌŒŽLMMŒLÍÎŒŽMMÍÌMÌÌNL‹ŒMÎÎMÌŒLÌÍŽKKLŒÌÍÌLÍŒÎKLM‚˜ÛÛ™š\›X][Û‹LNMŒK[ÜÝ]WÛÜ˜XÛKŒLLŒKŒŒKŒŒŒKŒLLÌÌÌYKLM‚˜ÛÛ™š\›X][Û‹LNMŒKÛÜœ™[Û‹ŒLLŒŽNLLŒÌLLÌNLMËŒLÍÍÍMNLŽ‹ŽNNÎMŽLÌLLNLËŒLŽŒŽLÍÌMNMKŒLLLMÍLLNLË‹ŒŒŒŒLLÌLÙKLM‚˜ÛÛ™š\›X][Û‹LNMŒKØØWÙ\]Z]˜[[ŒLLŒŽNLLŒÌLLÌNLMËŒLÍÍÍMNLŽ‹ŽNNÎMŽLÌLLNLËŒLŽŒŽLÍÌMNMKŒLLLMÍLLNLË‹ŒŒŒŒLLÌLÙKLM‚˜ÛÛ™š\›X][Û‹LNMŒK˜]×ÜÝ™ŒLLŒŽNLLŒÌLLÌNLMNKŒLÍÍÍMNLÌËŽNNÎMŽLÌLLNLËŒLŽŒŽLÍÌMNŒLLLMÍLLNLÎËËŽMÎNŒNKLM‚˜ÛÛ™š\›X][Û‹LNMŒK[ÜÝ]WÛÜ˜XÛKŒLLŒKŒŒKŒŒŒËŽMÎNŒNKLM‚˜ÛÛ™š\›X][Û‹LNMKÛÜœ™[Û‹ŒLLŒŽMÎNLMŒNMŽM‹ŒŒÌÍŽNLŒÌÌKŽNNLLÌNLKŒŽMNMŒÍÌÍÍÍÌÌLÌÍËŒŒÌNLLŒÍLLŽKKLÌÍLÍŽLÍÍÌÍKLM‚˜ÛÛ™š\›X][Û‹LNMKØØWÙ\]Z]˜[[ŒLLŒŽMÎNLMŒNMŽM‹ŒŒÌÍŽNLŒÌÌKŽNNLLÌNLKŒŽMNMŒÍÌÍÍÍÌÌLÌÍËŒŒÌNLLŒÍLLŽKKLÌÍLÍŽLÍÍÌÍKLM‚˜ÛÛ™š\›X][Û‹LNMK˜]×ÜÝ™ŒLLŒŽMÎNLMŒNMŽMŒŒÌÍŽNLŒÌÍ‹ŽNNLLÌNLKŒŽMNMŒÍÌÍÍÍÌÌMKŒŒÌNLLŒÍLML‹‹ŒMLLMÌLLŒLLKLM‚˜ÛÛ™š\›X][Û‹LNMK[ÜÝ]WÛÜ˜XÛKŒLLŒKŒŒKŒŒŒKŒLLŒŒÌŒLMMYKLM‚˜ÛÛ™š\›X][Û‹LNMKŒÛÜœ™[Û‹ŒLLŒKŒMŽMÍŒÌŽMMÎMŒÍMMÎNNMLŒLÍ‹ŽNNŒÌÌLMMËŒÌMÌMÎNŽLËŒMMLNNÍKËŒNLNLLNMMÎMÌÌYKLM‚˜ÛÛ™š\›X][Û‹LNMKŒØØWÙ\]Z]˜[[ŒLLŒKŒMŽMÍŒÌŽMMÎMŒÍMMÎNNMLŒLÍ‹ŽNNŒÌÌLMMËŒÌMÌMÎNŽLËŒMMLNNÍKËŒNLNLLNMMÎMÌÌYKLM‚˜ÛÛ™š\›X][Û‹LNMKŒ˜]×ÜÝ™ŒLLŒKŒMŽMÍŒÌŽMMÎMNŒÍMMÎNNMLŒŒKŽNNŒÌÌLMMËŒÌMÌMÎNŽLÌËŒMMLNNL‹ŽNMŒÍŒLLÌŒKLM‚˜ÛÛ™š\›X][Û‹LNMKŒ[ÜÝ]WÛÜ˜XÛKŒLLŒKŒŒKŒŒŒËŒLÌLLÌÌMÍÌNLNYKLM‚˜ÛÛ™š\›X][Û‹LNMKŒKÛÜœ™[Û‹ŒLLŒŽMÌŒLLNŒŒËŒLŽŒMÌLÍŽÌKŽNMŒLLÌŽLÍÍNŒMÎÌKŒMÎNMŽMLMMNL‹NNMŒ™KLM‚˜ÛÛ™š\›X][Û‹LNMKŒKØØWÙ\]Z]˜[[ŒLLŒŽMÌŒLLNŒŒËŒLŽŒMÌLÍŽÌKŽNMŒLLÌŽLÍÍNŒMÎÌKŒMÎNMŽMLMMNL‹NNMŒ™KLM‚˜ÛÛ™š\›X][Û‹LNMKŒK˜]×ÜÝ™ŒLLŒŽMÌŒÌÍÍLLËŒLŒNMŒŒMMMLL‹ŽNMŒMÍŒŽÌŒLŒÍKŒÎLLLLMÍMMNMÌKŒŒŽÌÌLÍÎËŽMŽMLNMLÍŒMKLM‚˜ÛÛ™š\›X][Û‹LNMKŒK[ÜÝ]WÛÜ˜XÛKŒLLŒKŒŒKŒŒŒ‹ÍÍMMMÍMŒMMŒŽLMKLM‚˜ÛÛ™š\›X][Û‹LNMKŒKÛÜœ™[Û‹ŒLLŒŽMLMNMÍÌÍMËŒMÌLÌÌMÎLÎLLŒÎKŽNMNŒÌNNMËŒMÍÌMŒMÎŒŒMLŒNÌÎLÍÍ‹ŽNMŒÍŒLLÌŒKLM‚˜ÛÛ™š\›X][Û‹LNMKŒKØØWÙ\]Z]˜[[ŒLLŒŽMLMNMÍÌÍMËŒMÌLÌÌMÎLÎLLŒÎKŽNMNŒÌNNMËŒMÍÌMŒMÎŒŒMLŒNÌÎLÍÍ‹ŽNMŒÍŒLLÌŒKLM‚˜ÛÛ™š\›X][Û‹LNMKŒK˜]×ÜÝ™ŒLLŒŽMLÎMMNNNÎN‹ŒMŽNÌŒŽÎLMŒÎKŽNMNÎMNLMËŒLÎMÌÌÌÍŽMÍMMŒŒLMMLŽLK‹ŒLŒŒŒÍMÎÍŒYKLM‚˜ÛÛ™š\›X][Û‹LNMKŒK[ÜÝ]WÛÜ˜XÛKŒLLŒKŒŒKŒŒŒËŒŒÌÌMÍNYKLM‚˜ÛÛ™š\›X][Û‹LNMKKÛÜœ™[Û‹ŒLLŒKŒMMÌÎMLLMM‹ŒMÍÌMÍÍÌMŽKŽNMÌLÌÎMLŒÍ‹ŒMMMMLL‹ŒLLNMÌNÌMMLMËLŒNLŒ™KLM‚˜ÛÛ™š\›X][Û‹LNMKKØØWÙ\]Z]˜[[ŒLLŒKŒMMÌÎMLLMM‹ŒMÍÌMÍÍÌMŽKŽNMÌLÌÎMLŒÍ‹ŒMMMMLL‹ŒLLNMÌNÌMMLMËLŒNLŒ™KLM‚˜ÛÛ™š\›X][Û‹LNMKK˜]×ÜÝ™ŒLLŒKŒMŽMÍŒŽLÍŒMËŒÍŒÌÌÌÌMÌMŒËŽNMÍÌÍMŽÎŽÌËŒÍLNNMÎKŒLLLŒŒÍŽŒMLMËËŒLÌLLÌÌMÍÌNLNYKLM‚˜ÛÛ™š\›X][Û‹LNMKK[ÜÝ]WÛÜ˜XÛKŒLLŒKŒŒKŒŒŒËŽMÎNŒNKLM‚˜ÛÛ™š\›X][Û‹LNMKKŒÛÜœ™[Û‹ŒLLŒŽNLÌŒLLMMŒLÌNMLNLŒÍNŒ‹ŽNMŒŽÍLÍŽÎMKŒÌLÎNMNMNLÍ‹ŒŒMÍMLÌŒŒŒM‹ŒŒŒŒLLÌLÙKLM‚˜ÛÛ™š\›X][Û‹LNMKKŒØØWÙ\]Z]˜[[ŒLLŒŽNLÌŒLLMMŒLÌNMLNLŒÍNŒ‹ŽNMŒŽÍLÍŽÎMKŒÌLÎNMNMNLÍ‹ŒŒMÍMLÌŒŒŒM‹ŒŒŒŒLLÌLÙKLM‚˜ÛÛ™š\›X][Û‹LNMKKŒ˜]×ÜÝ™ŒLLŒŽNLNŽNLNÌMËŒLÍÍÌÌMÎ‹ŽNMŒŽMLÌŒŒLNL‹ŒÌLNÍMŒNNŒMKŒŒÍLNNLÍLÌÌŒNŽNMŒÍŒLLÌŒKLM‚˜ÛÛ™š\›X][Û‹LNMKKŒ[ÜÝ]WÛÜ˜XÛKŒLLŒKŒŒKŒŒŒKŽŽÌÎLŽŒÌ™KLM‚˜ÛÛ™š\›X][Û‹LNM‹ŒKÛÜœ™[Û‹ŒLLŒŽNÎLLŒ‹ŒLÍLLMMNMÍŽNMŒÌÍNÌŒLMÎLËŒŽLNMMÎMKŒŒNLMMŽMÍÎËLŒNLŒ™KLM‚˜ÛÛ™š\›X][Û‹LNM‹ŒKØØWÙ\]Z]˜[[ŒLLŒŽNÎLLŒ‹ŒLÍLLMMNMÍŽNMŒÌÍNÌŒLMÎLËŒŽLNMMÎMKŒŒNLMMŽMÍÎËLŒNLŒ™KLM‚˜ÛÛ™š\›X][Û‹LNM‹ŒK˜]×ÜÝ™ŒLLŒŽNNMÍÎNLÍL‹ŒMÍMÍŒŒÌLÍÎNKŽNMŒÍÍMÍÌLŒŒŽLÍËŒMŽLLNLÎ‹ŒŒÍLÌLÍNMÌÍËLŒNLŒ™KLM‚˜ÛÛ™š\›X][Û‹LNM‹ŒK[ÜÝ]WÛÜ˜XÛKŒLLŒKŒŒKŒŒŒ‹ÍÍMMMÍMŒMMŒŽLMKLM‚˜ÛÛ™š\›X][Û‹LNM‹ŒKÛÜœ™[Û‹ŒLLŒŽMÌMÍLŽNMMMŒMMŒLNMMLMÌNŽNMNÍLŒMŒ‹ŒMÍŒŒMŽMŒMÌNLLLÍÌŒMŒKKMLLLMLLŒÌLMÎÙKLM‚˜ÛÛ™š\›X][Û‹LNM‹ŒKØØWÙ\]Z]˜[[ŒLLŒŽMÌMÍLŽNMMMŒMMŒLNMMLMÌNŽNMNÍLŒMŒ‹ŒMÍŒŒMŽMŒMÌNLLLÍÌŒMŒKKMLLLMLLŒÌLMÎÙKLM‚˜ÛÛ™š\›X][Û‹LNM‹ŒK˜]×ÜÝ™ŒLLŒŽMÌÍÍMLLMÌKŒMLŽÍÍLÌŽMÍLŽNMNŽLŒŽMÍŽŒMÌŒÍÌÎLMŒMÌMŽMŒŒLÍÌNÎMMŽLMYKLM‚˜ÛÛ™š\›X][Û‹LNM‹ŒK[ÜÝ]WÛÜ˜XÛKŒLLŒKŒŒKŒŒŒŽNMŒÍŒLLÌŒKLM‚˜ÛÛ™š\›X][Û‹LNM‹KÛÜœ™[Û‹ŒLLŒŽNLÌÎMLŒŒ‹ŒÍMLŒÍNLŒ‹ŽNMÌŒLNMÌÎLLËŒÍÌÌÍÌÍŒÌMÌMÍÍ‹ŒMÌNÍÍÎŒË‹ŒÍNLŒŒÎLÌÌŽMÍ™KLM‚˜ÛÛ™š\›X][Û‹LNM‹KØØWÙ\]Z]˜[[ŒLLŒŽNLÌÎMLŒŒ‹ŒÍMLŒÍNLŒ‹ŽNMÌŒLNMÌÎLLËŒÍÌÌÍÌÍŒÌMÌMÍÍ‹ŒMÌNÍÍÎŒË‹ŒÍNLŒŒÎLÌÌŽMÍ™KLM‚˜ÛÛ™š\›X][Û‹LNM‹K˜]×ÜÝ™ŒLLŒŽNÌÌÌŽŒMMMŒÍLŽNLŒŽMŽNMÌŒÍÍŒLLÍLÌŒÍÌMŒŽLMMKŒMÌÍÍÍÌMKKLÌÍLÍŽLÍÍÌÍKLM‚˜ÛÛ™š\›X][Û‹LNM‹K[ÜÝ]WÛÜ˜XÛKŒLLŒKŒŒKŒŒŒ‹NNMŒ™KLM‚˜ÛÛ™š\›X][Û‹LNM‹KŒÛÜœ™[Û‹ŒLLŒŽNMNÌLŽŒÌMÌŒŽÎLLŽNMŽLNMŽŽLÌMËŒŽMNLMŒMÌNŒMŒÍŽLÌNLMŽMÎNMÌLL™KLM‚˜ÛÛ™š\›X][Û‹LNM‹KŒØØWÙ\]Z]˜[[ŒLLŒŽNMNÌLŽŒÌMÌŒŽÎLLŽNMŽLNMŽŽLÌMËŒŽMNLMŒMÌNŒMŒÍŽLÌNLMŽMÎNMÌLL™KLM‚˜ÛÛ™š\›X][Û‹LNM‹KŒ˜]×ÜÝ™ŒLLŒŽNŽLLÎM‹ŒÌŽMMÍŽNNKŽNMŽMLÍMÌMÌÍKŒÌLLŒÌŒŽMÌLKŒMÎMÍŽMŒMŒÎÌÍÎKËŒLÌLLÌÌMÍÌNLNYKLM‚˜ÛÛ™š\›X][Û‹LNM‹KŒ[ÜÝ]WÛÜ˜XÛKŒLLŒKŒŒKŒŒŒ‹ÍÍMMMÍMŒMMŒŽLMKLM‚˜ÛÛ™š\›X][Û‹LNMŒKÛÜœ™[Û‹ŒLLŒŽNMLMÌMLMLKŒMŒÌÍLÍÎLÍKŽNMÍÍÌMMNLÌ‹ŒMMÍÌLNMŒÌNLNMKŒMŽLMÍNMMNŽNMŒÍŒLLÌŒKLM‚˜ÛÛ™š\›X][Û‹LNMŒKØØWÙ\]Z]˜[[ŒLLŒŽNMLMÌMLMLKŒMŒÌÍLÍÎLÍKŽNMÍÍÌMMNLÌ‹ŒMMÍÌLNMŒÌNLNMKŒMŽLMÍNMMNŽNMŒÍŒLLÌŒKLM‚˜ÛÛ™š\›X][Û‹LNMŒK˜]×ÜÝ™ŒLLŒŽNNŒLÌÍÍÌKŒNMLŒŽŒÌÍŽNMÎNŒÌLKŒÍŽMŽLÎMMŽKŒMŽÌLÎÌÌÍLÍŽ‹ËŒÌÌŽLÌÎÍMŽM™KLM‚˜ÛÛ™š\›X][Û‹LNMŒK[ÜÝ]WÛÜ˜XÛKŒLLŒKŒŒKŒŒŒŽNMŒÍŒLLÌŒKLM‚˜ÛÛ™š\›X][Û‹LNMŒKÛÜœ™[Û‹ŒLLŒŽNÌMÍÎNLÍMÌÌ‹ŒMÎMNÌNLŒŽNMÎMŒÍLNMŒLMŒÎNÍÍ‹ŒŒLÌÍÌŒÎNMÌŒKŽNMŒÍŒLLÌŒKLM‚˜ÛÛ™š\›X][Û‹LNMŒKØØWÙ\]Z]˜[[ŒLLŒŽNÌMÍÎNLÍMÌÌ‹ŒMÎMNÌNLŒŽNMÎMŒÍLNMŒLMŒÎNÍÍ‹ŒŒLÌÍÌŒÎNMÌŒKŽNMŒÍŒLLÌŒKLM‚˜ÛÛ™š\›X][Û‹LNMŒK˜]×ÜÝ™ŒLLŒŽNÍLMMŒŒM‹ŒŒLÍÌMLNKŽNMŽÍLÍNLŒÍËŒÎNMÍÎLÍÍLLÌKŒŒŽMÎMÌŽLKKMLLLMLLŒÌLMÎÙKLM‚˜ÛÛ™š\›X][Û‹LNMŒK[ÜÝ]WÛÜ˜XÛKŒLLŒKŒŒKŒŒŒËŒÌÌŽLÌÎÍMŽM™KLM‚˜ÛÛ™š\›X][Û‹LNMKÛÜœ™[Û‹ŒLLŒŽNŒMNŒLNŒKŒŽLÍŽLNÍÍNNNŽNMÌLŒMŒÎMMÎKŒŒŒŒŒÍÌÎLÍŒÍŒŽNÍMÍLÌLÍ‹LŒNLŒ™KLM‚˜ÛÛ™š\›X][Û‹LNMKØØWÙ\]Z]˜[[ŒLLŒŽNŒMNŒLNŒKŒŽLÍŽLNÍÍNNNŽNMÌLŒMŒÎMMÎKŒŒŒŒŒÍÌÎLÍŒÍŒŽNÍMÍLÌLÍ‹LŒNLŒ™KLM‚˜ÛÛ™š\›X][Û‹LNMK˜]×ÜÝ™ŒLLŒŽNLŒŒÎMÍÎMÌMŒÍMMLÌNNMN‹ŽNMŒÌŒLÍÌLËŒÌLMLŽÍÎMËŒŽMMNÌLNŽLËŽMÎNŒNKLM‚˜ÛÛ™š\›X][Û‹LNMK[ÜÝ]WÛÜ˜XÛKŒLLŒKŒŒKŒŒŒLŒNLŒ™KLM‚˜ÛÛ™š\›X][Û‹LNMKŒÛÜœ™[Û‹ŒLLŒŽNNMÍÌÍLMN‹ŒLLMŽNLÌÍMLNŽNMŽÍŽŒŒÌLÍÍËŒÎMÍŽMÌLŽMŒÌL‹ŒMNLÌMMLLLLËËŽMŽMLNMLÍŒMKLM‚˜ÛÛ™š\›X][Û‹LNMKŒØØWÙ\]Z]˜[[ŒLLŒŽNNMÍÌÍLMN‹ŒLLMŽNLÌÍMLNŽNMŽÍŽŒŒÌLÍÍËŒÎMÍŽMÌLŽMŒÌL‹ŒMNLÌMMLLLLËËŽMŽMLNMLÍŒMKLM‚˜ÛÛ™š\›X][Û‹LNMKŒ˜]×ÜÝ™ŒLLŒKŒMLMÌÎMÍŒLËŒMŽMÌÌŽNL‹ŽNMŽNNÌLÌËŒÎNNNÍNŽNŒ‹ŒMMÍLLMÎLLLMMÎ‹ËŒŒÌÌMÍNYKLM‚˜ÛÛ™š\›X][Û‹LNMKŒ[ÜÝ]WÛÜ˜XÛKŒLLŒKŒŒKŒŒŒLŒNLŒ™KLM‚˜ÛÛ™š\›X][Û‹LNMM‹KŒKÛÜœ™[Û‹ŒLLŒŽMÎÍÍŒMŒÍN‹ŒLMÌÌŒŽNLÍËŽNLÌÌÎMLŽLLKŒMÍÌNLŒÌLÌ‹ŒŒŽMLLÌLŽLÌÍ‹LŒNLŒ™KLM‚˜ÛÛ™š\›X][Û‹LNMM‹KŒKØØWÙ\]Z]˜[[ŒLLŒŽMÎÍÍŒMŒÍN‹ŒLMÌÌŒŽNLÍËŽNLÌÌÎMLŽLLKŒMÍÌNLŒÌLÌ‹ŒŒŽMLLÌLŽLÌÍ‹LŒNLŒ™KLM‚˜ÛÛ™š\›X][Û‹LNMM‹KŒK˜]×ÜÝ™ŒLLŒŽMÎMNŽŒÎËŒLMMÎLÌMÌËŽNLÍŒŒLLÌËŒMÌMMNŽLŒMMŒŒŒÍŽNLMLŒŒLÍËŽNMŒÍŒLLÌŒKLM‚˜ÛÛ™š\›X][Û‹LNMM‹KŒK[ÜÝ]WÛÜ˜XÛKŒLLŒKŒŒKŒŒŒËŒŒÌÌMÍNYKLM‚˜ÛÛ™š\›X][Û‹LNMM‹KŒKÛÜœ™[Û‹ŒLLŒŽMÍÌŒLMMÌŒŒKŒLMMMŽNNMŽNLÍLNLÌŽŒMKŒMÌŒLŒÍÌŒŽ‹ŒLÍÍÍMÌÍÍŽNMŒÍŒLLÌŒKLM‚˜ÛÛ™š\›X][Û‹LNMM‹KŒKØØWÙ\]Z]˜[[ŒLLŒŽMÍÌŒLMMÌŒŒKŒLMMMŽNNMŽNLÍLNLÌŽŒMKŒMÌŒLŒÍÌŒŽ‹ŒLÍÍÍMÌÍÍŽNMŒÍŒLLÌŒKLM‚˜ÛÛ™š\›X][Û‹LNMM‹KŒK˜]×ÜÝ™ŒLLŒŽMÍLNÍMŒÌÌMMKŒLLÎNLŽÌNMKŽNLÍMÍMÎNŒMÎMŒÌŽLÌLÍÌÌ‹ŒŒŽŒLMÌÍLŽKÌNÎMMŽLMYKLM‚˜ÛÛ™š\›X][Û‹LNMM‹KŒK[ÜÝ]WÛÜ˜XÛKŒLLŒKŒŒKŒŒŒ‹ŒŒŒŒLLÌLÙKLM‚˜ÛÛ™š\›X][Û‹LNMM‹KKÛÜœ™[Û‹ŒLLŒŽMÎLMŒÍÌLMŒŽNKŒLMMÌÍŽNLÍNM‹ŽNLÍLŒŒNLLÍÌKŒMŽLMLÍMŒLÎŒMÎMMÍÎMŒNÍËŒÌÌŽLÌÎÍMŽM™KLM‚˜ÛÛ™š\›X][Û‹LNMM‹KKØØWÙ\]Z]˜[[ŒLLŒŽMÎLMŒÍÌLMŒŽNKŒLMMÌÍŽNLÍNM‹ŽNLÍLŒŒNLLÍÌKŒMŽLMLÍMŒLÎŒMÎMMÍÎMŒNÍËŒÌÌŽLÌÎÍMŽM™KLM‚˜ÛÛ™š\›X][Û‹LNMM‹KK˜]×ÜÝ™ŒLLŒŽMÎMMŽNMŒÍŒÍÍŒLLÎNMMŽNLMŽNLÍMÌÌÎNLÌ‹ŒMÌLŽMÌÌLÌMKŒNÎNLÍMMËLŒNLŒ™KLM‚˜ÛÛ™š\›X][Û‹LNMM‹KK[ÜÝ]WÛÜ˜XÛKŒLLŒKŒŒKŒŒŒËŒÌÌŽLÌÎÍMŽM™KLM‚˜ÛÛ™š\›X][Û‹LNMM‹KKŒÛÜœ™[Û‹ŒLLŒŽMNÌÎLMLÍÎMLÍÌËŒLŒMŒMÍŒÌ‹ŽNLŽMŒŒŒÍ‹ŒNLÌLÍÎMNKŒŽLÎMŒÌLÎŒŒKËŽMÎNŒNKLM‚˜ÛÛ™š\›X][Û‹LNMM‹KKŒØØWÙ\]Z]˜[[ŒLLŒŽMNÌÎLMLÍÎMLÍÌËŒLŒMŒMÍŒÌ‹ŽNLŽMŒŒŒÍ‹ŒNLÌLÍÎMNKŒŽLÎMŒÌLÎŒŒKËŽMÎNŒNKLM‚˜ÛÛ™š\›X][Û‹LNMM‹KKŒ˜]×ÜÝ™ŒLLŒŽMNŽMMŒÍNMÌËŒLNMMŽLMŒNŽNLÌLLÍLLKŒNÍŽLÌLŒLŒMŒŽMÎMÎLKŽNMŒÍŒLLÌŒKLM‚˜ÛÛ™š\›X][Û‹LNMM‹KKŒ[ÜÝ]WÛÜ˜XÛKŒLLŒKŒŒKŒŒŒËŒLÌLLÌÌMÍÌNLNYKLM‚˜ÛÛ™š\›X][Û‹LNMM‹‹ŒKÛÜœ™[Û‹ŒLLŒŽMÎÌLÍLMLÌŒÌKŒLLŒÎÌÍÍÎËŽNLÎÌÌMŒLÍ‹ŒMMLŽŒŒLŽLMÍM‹ŒŽLNLÌÌŒLLNË‹ŒLÌÎMÍÍLLÎYKLM‚˜ÛÛ™š\›X][Û‹LNMM‹‹ŒKØØWÙ\]Z]˜[[ŒLLŒŽMÎÌLÍLMLÌŒÌKŒLLŒÎÌÍÍÎËŽNLÎÌÌMŒLÍ‹ŒMMLŽŒŒLŽLMÍM‹ŒŽLNLÌÌŒLLNË‹ŒLÌÎMÍÍLLÎYKLM‚˜ÛÛ™š\›X][Û‹LNMM‹‹ŒK˜]×ÜÝ™ŒLLŒŽMÎMMÍÍÌŒLŽŒLLÍLMŒÍÌŽLNNŽNLÎLÎŒLLMNŒMLLÍMÌÎMÍNŒËŒŽNÎŽMMNMN‹KŒÌÍMNLÍŽMŽMMKLM‚˜ÛÛ™š\›X][Û‹LNMM‹‹ŒK[ÜÝ]WÛÜ˜XÛKŒLLŒKŒŒKŒŒŒËŒLÌLLÌÌMÍÌNLNYKLM‚˜ÛÛ™š\›X][Û‹LNMM‹‹ŒKÛÜœ™[Û‹ŒLLŒŽMŽŒMÍNMÍŽLŽŒLMŒŒNNLLÍÎŽNÌÍŽNLÌŽMLLÍLÍMNNKŒMÎLŒMÎMÌŽŒÍLÌÌNÍ‹LŒNLŒ™KLM‚˜ÛÛ™š\›X][Û‹LNMM‹‹ŒKØØWÙ\]Z]˜[[ŒLLŒŽMŽŒMÍNMÍŽLŽŒLMŒŒNNLLÍÎŽNÌÍŽNLÌŽMLLÍLÍMNNKŒMÎLŒMÎMÌŽŒÍLÌÌNÍ‹LŒNLŒ™KLM‚˜ÛÛ™š\›X][Û‹LNMM‹‹ŒK˜]×ÜÝ™ŒLLŒŽMŽMLŒMMÍŒMÌÎLËŒLLÌÍÎÍÎLMÌMLNNKŽNLÍLNNMLÌÍÍŒMŽLMLLŒŒÎÍŒMLLŒÍÎLMÌMÎËŒNLNLLNMMÎMÌÌYKLM‚˜ÛÛ™š\›X][Û‹LNMM‹‹ŒK[ÜÝ]WÛÜ˜XÛKŒLLŒKŒŒKŒŒŒ‹ŒŒŒŒLLÌLÙKLM‚˜ÛÛ™š\›X][Û‹LNMM‹‹KÛÜœ™[Û‹ŒLLŒŽMÍMÌLNMÍŽMM‹ŒLLMŒLÌÎMÎLÍËŽNLÎMÍÍÌMÎMKŒMLŽMŽLŽNLŒËŒÌÎMÍLÎÍÎMLËËŽMÎNŒNKLM‚˜ÛÛ™š\›X][Û‹LNMM‹‹KØØWÙ\]Z]˜[[ŒLLŒŽMÍMÌLNMÍŽMM‹ŒLLMŒLÌÎMÎLÍËŽNLÎMÍÍÌMÎMKŒMLŽMŽLŽNLŒËŒÌÎMÍLÎÍÎMLËËŽMÎNŒNKLM‚˜ÛÛ™š\›X][Û‹LNMM‹‹K˜]×ÜÝ™ŒLLŒŽMÍŒLLŽMNŒLMÍŒŽMLÌNMLŒËŽNMLNŒÌÎMŒM‹ŒMLÍLŒŽMÍËŒÌLÍŽLLMÍŽMLŒNLŒ™KLM‚˜ÛÛ™š\›X][Û‹LNMM‹‹K[ÜÝ]WÛÜ˜XÛKŒLLŒKŒŒKŒŒŒ‹ŒLÌÎMÍÍLLÎYKLM‚˜ÛÛ™š\›X][Û‹LNMM‹‹KŒÛÜœ™[Û‹ŒLLŒŽMÌÍÌÍŒÌLLŒŒMÍŒLŒÎNLMLÌŽNLLÍÌÌLMÍLNŒŒLÌÌŒÎÎM‹ŒÌŽLNMLÍŒMLÍÍ‹‹ŒLÌÎMÍÍLLÎYKLM‚˜ÛÛ™š\›X][Û‹LNMM‹‹KŒØØWÙ\]Z]˜[[ŒLLŒŽMÌÍÌÍŒÌLLŒŒMÍŒLŒÎNLMLÌŽNLLÍÌÌLMÍLNŒŒLÌÌŒÎÎM‹ŒÌŽLNMLÍŒMLÍÍ‹‹ŒLÌÎMÍÍLLÎYKLM‚˜ÛÛ™š\›X][Û‹LNMM‹‹KŒ˜]×ÜÝ™ŒLLŒŽMÍÌMÎŒŒÌLŽKŒLŒMŒNÌMÍNŒŒNL‹ŽNLŒÍLÌMÍMMÌŒŒŽŒÍŒLLÌÍKŒÌÌMLLÌÌLÎL‹ËŒÌÎÌŽMŽMÎMLYKLM‚˜ÛÛ™š\›X][Û‹LNMM‹‹KŒ[ÜÝ]WÛÜ˜XÛKŒLLŒKŒŒKŒŒŒKŽŽÌÎLŽŒÌ™KLM‚˜ÛÛ™š\›X][Û‹LNMM‹ŒKÛÜœ™[Û‹ŒLLŒŽMÌLŽNLNNLÎL‹ŒLMMÍÎLLŒÎLÎMŽNLÍMMŒNMLNLËŒMÍŒMMŒLÍÍLŒËŒLMNLŒMÌŒLÌŽÎKŽŽÌÎLŽŒÌ™KLM‚˜ÛÛ™š\›X][Û‹LNMM‹ŒKØØWÙ\]Z]˜[[ŒLLŒŽMÌLŽNLNNLÎL‹ŒLMMÍÎLLŒÎLÎMŽNLÍMMŒNMLNLËŒMÍŒMMŒLÍÍLŒËŒLMNLŒMÌŒLÌŽÎKŽŽÌÎLŽŒÌ™KLM‚˜ÛÛ™š\›X][Û‹LNMM‹ŒK˜]×ÜÝ™ŒLLŒŽMÌŒÎMMÌŒMËŒLLÌLÍŽÌŒÌ‹ŽNLÍNLÌMŒMNNÎLMLN‹ŒŒÎMÌŒÌÍÍMŒÎŽNMŒÍŒLLÌŒKLM‚˜ÛÛ™š\›X][Û‹LNMM‹ŒK[ÜÝ]WÛÜ˜XÛKŒLLŒKŒŒKŒŒŒŒMŒÌÌÍŒÍŒÍÌÍÙKLM‚˜ÛÛ™š\›X][Û‹LNMM‹ŒKÛÜœ™[Û‹ŒLLŒŽNÍLŒŒLMÌNMÌMLŽLŒKŽNLÍÌMÌÎÍŽMŒËŒMÌÌÌÌÍÍÍŒÌÌMNŒŒÎNLÍMŒŒLŒŒËLŒNLŒ™KLM‚˜ÛÛ™š\›X][Û‹LNMM‹ŒKØØWÙ\]Z]˜[[ŒLLŒŽNÍLŒŒLMÌNMÌMLŽLŒKŽNLÍÌMÌÎÍŽMŒËŒMÌÌÌÌÍÍÍŒÌÌMNŒŒÎNLÍMŒŒLŒŒËLŒNLŒ™KLM‚˜ÛÛ™š\›X][Û‹LNMM‹ŒK˜]×ÜÝ™ŒLLŒŽNNMNÍÍMNKŒLMMÌŒNMLÍŽNLÍLŒÍŽMŒŒŒ‹ŒMÌMNMLNËŒŒÍŒŒŒŒŒLÍ‹ŒLŒŒŒÍMÎÍŒYKLM‚˜ÛÛ™š\›X][Û‹LNMM‹ŒK[ÜÝ]WÛÜ˜XÛKŒLLŒKŒŒKŒŒŒËŽMÎNŒNKLM‚˜ÛÛ™š\›X][Û‹LNMM‹KÛÜœ™[Û‹ŒLLŒŽNNNNNŽŽNÌKŒLNNNLLLŒŽLMM‹ŽNLŽLÍNNLNÌÌËŒNMÍŒŒLMN‹ŒŒNLŒÌMMÎLÍËLŒNLŒ™KLM‚˜ÛÛ™š\›X][Û‹LNMM‹KØØWÙ\]Z]˜[[ŒLLŒŽNNNNNŽŽNÌKŒLNNNLLLŒŽLMM‹ŽNLŽLÍNNLNÌÌËŒNMÍŒŒLMN‹ŒŒNLŒÌMMÎLÍËLŒNLŒ™KLM‚˜ÛÛ™š\›X][Û‹LNMM‹K˜]×ÜÝ™ŒLLŒŽNÌMÌÌÍMŒÌ‹ŒLNLLÍÎŒÍLLLŽKŽNLŽNMMŒŽMÍLL‹ŒNLNÍÍŽLÌŒÌNL‹ŒŒŽMLÎLNNËŽNMŒÍŒLLÌŒKLM‚˜ÛÛ™š\›X][Û‹LNMM‹K[ÜÝ]WÛÜ˜XÛKŒLLŒKŒŒKŒŒŒLŒNLŒ™KLM‚˜ÛÛ™š\›X][Û‹LNMM‹KŒÛÜœ™[Û‹ŒLLŒŽNMÌŒLMLMÍL‹ŒLŽNÍMÍLLŒËŽNMLÎMŒŒMŽKŒLÌNNÌMLËŒŽÌLÌŒŽÎÌM‹KMLLLMLLŒÌLMÎÙKLM‚˜ÛÛ™š\›X][Û‹LNMM‹KŒØØWÙ\]Z]˜[[ŒLLŒŽNMÌŒLMLMÍL‹ŒLŽNÍMÍLLŒËŽNMLÎMŒŒMŽKŒLÌNNÌMLËŒŽÌLÌŒŽÎÌM‹KMLLLMLLŒÌLMÎÙKLM‚˜ÛÛ™š\›X][Û‹LNMM‹KŒ˜]×ÜÝ™ŒLLŒŽNLÍŽNÎMKŒLNÍLŒÍNÌÌNŽNMMMMÌMŒLM‹ŒLŒMÍNŽNMŒÌMKŒÌÌÍÌÍNÍŒÍÌŒ‹‹ŒLÌÎMÍÍLLÎYKLM‚˜ÛÛ™š\›X][Û‹LNMM‹KŒ[ÜÝ]WÛÜ˜XÛKŒLLŒKŒŒKŒŒŒËŒŒÌÌMÍNYKLM‚˜ÛÛ™š\›X][Û‹LNMKKŒKÛÜœ™[Û‹ŒLLŒŽNMÌMMNLÌÌN‹ŒMNLLMKŽNNNÌÍLLŒMŽŒÌLLŒŒÍŒÌÎMŒMÍÌÌÎLÍNÌÎ‹ÍÍMMMÍMŒMMŒŽLMKLM‚˜ÛÛ™š\›X][Û‹LNMKKŒKØØWÙ\]Z]˜[[ŒLLŒŽNMÌMMNLÌÌN‹ŒMNLLMKŽNNNÌÍLLŒMŽŒÌLLŒŒÍŒÌÎMŒMÍÌÌÎLÍNÌÎ‹ÍÍMMMÍMŒMMŒŽLMKLM‚˜ÛÛ™š\›X][Û‹LNMKKŒK˜]×ÜÝ™ŒLLŒŽNMÌMMNLÌÌNLKŒMNLLMŒKŽNNNÌÍLLŒMËŒÌLLŒŒÍŒÌÍÍMËŒMÍÌÌÎLÍNŒMK‹ŒÍNLŒŒÎLÌÌŽMÍ™KLM‚˜ÛÛ™š\›X][Û‹LNMKKŒK[ÜÝ]WÛÜ˜XÛKŒLLŒKŒŒKŒŒŒKÌMLMMÌL™KLMÂ˜ÛÛ™š\›X][Û‹LNMKKŒKÛÜœ™[Û‹ŒLLŒŽMÌÌÎÍÌLÍŽMŒÎŒ‹ŒÌMLÎŒÌÌÌËŽNMÎLÌNMÍÎNMKŒÌŒMMŒÌÍŽÍÌËŒNÌÎLÌŒLŒLMÍLŒNLŒ™KLM‚˜ÛÛ™š\›X][Û‹LNMKKŒKØØWÙ\]Z]˜[[ŒLLŒŽMÌÌÎÍÌLÍŽMŒÎŒ‹ŒÌMLÎŒÌÌÌËŽNMÎLÌNMÍÎNMKŒÌŒMMŒÌÍŽÍÌËŒNÌÎLÌŒLŒLMÍLŒNLŒ™KLM‚˜ÛÛ™š\›X][Û‹LNMKKŒK˜]×ÜÝ™ŒLLŒŽMÌÌÎÍÌLÍŽMŒÎÌ‹ŒÌMLÎŒÌÌŽNNKŽNMÎLÌNMÍÎNMKŒÌŒMMŒÌÍŽÍÌKŒNÌÎLÌŒLŒLÎMËLŒNLŒ™KLM‚˜ÛÛ™š\›X][Û‹LNMKKŒK[ÜÝ]WÛÜ˜XÛKŒLLŒKŒŒKŒŒŒ‹ŒŒŒŒLLÌLÙKLM‚˜ÛÛ™š\›X][Û‹LNMKKKÛÜœ™[Û‹ŒLLŒŽNLMLŒŒLÍMÍLŒMŒÌLŽŒÍLMËŽNNÍLÌÌÎL‹ŒÌLŽNLÍMMŽËŒÌLÌMŒMMMMKKMLLLMLLŒÌLMÎÙKLM‚˜ÛÛ™š\›X][Û‹LNMKKKØØWÙ\]Z]˜[[ŒLLŒŽNLMLŒŒLÍMÍLŒMŒÌLŽŒÍLMËŽNNÍLÌÌÎL‹ŒÌLŽNLÍMMŽËŒÌLÌMŒMMMMKKMLLLMLLŒÌLMÎÙKLM‚˜ÛÛ™š\›X][Û‹LNMKKK˜]×ÜÝ™ŒLLŒŽNLMLŒŒLÍMÍLŒKŒÌLŽŒÍLMNŽNNÍLÌÌÎLËŒÌLŽNLÍMMŽŒKŒÌLÌMŒMMŒL‹‹ŒŒŒŒLLÌLÙKLM‚˜ÛÛ™š\›X][Û‹LNMKKK[ÜÝ]WÛÜ˜XÛKŒLLŒKŒŒKŒŒŒËŒÌÌŽLÌÎÍMŽM™KLM‚˜ÛÛ™š\›X][Û‹LNMKKKŒÛÜœ™[Û‹ŒLLŒŽNMLLÌLÍLŒÎŒNLŽMÌLÍŽLÎMKŽNNÍÌŽNNMŒÍÌŽŒŽMÌNÎMŒLÎŒMLLMÌMÍŒ‹ËŽMÎNŒNKLM‚˜ÛÛ™š\›X][Û‹LNMKKKŒØØWÙ\]Z]˜[[ŒLLŒŽNMLLÌLÍLŒÎŒNLŽMÌLÍŽLÎMKŽNNÍÌŽNNMŒÍÌŽŒŽMÌNÎMŒLÎŒMLLMÌMÍŒ‹ËŽMÎNŒNKLM‚˜ÛÛ™š\›X][Û‹LNMKKKŒ˜]×ÜÝ™ŒLLŒŽNMLLÌLÍLL‹ŒNLŽMÌLÍŽLÎMKŽNNÍÌŽNNMŒÍÌÎKŒŽMÌNÎMŒLÎÌL‹ŒMLLMÌMMK‹ŒŒŒŒLLÌLÙKLM‚˜ÛÛ™š\›X][Û‹LNMKKKŒ[ÜÝ]WÛÜ˜XÛKŒLLŒKŒŒKŒŒŒ‹ŒŒŒŒLLÌLÙKLM‚˜ÛÛ™š\›X][Û‹LNMK‹ŒKÛÜœ™[Û‹ŒLLŒŽNMŽMÎNNMÍÎLËŒŽÌMLNŒLKŽNNÌÌÎLÌÍÍMËŒŽLÌÌÍNLNMKŒŽMNMÌLMÌÍËËŒÌÌŽLÌÎÍMŽM™KLM‚˜ÛÛ™š\›X][Û‹LNMK‹ŒKØØWÙ\]Z]˜[[ŒLLŒŽNMŽMÎNNMÍÎLËŒŽÌMLNŒLKŽNNÌÌÎLÌÍÍMËŒŽLÌÌÍNLNMKŒŽMNMÌLMÌÍËËŒÌÌŽLÌÎÍMŽM™KLM‚˜ÛÛ™š\›X][Û‹LNMK‹ŒK˜]×ÜÝ™ŒLLŒŽNMŽMÎNNMÍÎL‹ŒŽÌMLNŒLL‹ŽNNÌÌÎLÌÍÍMËŒŽLÌÌÍNLŒMKŒŽMNMÌLMÌÍLËKLÌÍLÍŽLÍÍÌÍKLM‚˜ÛÛ™š\›X][Û‹LNMK‹ŒK[ÜÝ]WÛÜ˜XÛKŒLLŒKŒŒKŒŒŒËŽMŽMLNMLÍŒMKLM‚˜ÛÛ™š\›X][Û‹LNMK‹ŒKÛÜœ™[Û‹ŒLLŒŽMÎNMLMÍÍMMMŒMÎŽÎMKŽNNŒLNNMÍÍNŒLKŒŒÍÎLŽLÌŒLÍÌLNŒMLNNNŒŽÍLŒ‹‹ŒŒŒŒLLÌLÙKLM‚˜ÛÛ™š\›X][Û‹LNMK‹ŒKØØWÙ\]Z]˜[[ŒLLŒŽMÎNMLMÍÍMMMŒMÎŽÎMKŽNNŒLNNMÍÍNŒLKŒŒÍÎLŽLÌŒLÍÌLNŒMLNNNŒŽÍLŒ‹‹ŒŒŒŒLLÌLÙKLM‚˜ÛÛ™š\›X][Û‹LNMK‹ŒK˜]×ÜÝ™ŒLLŒŽMÎNMLMÍÍMMËŒMÎŽÎMËŽNNŒLNNMÍÍNŒLKŒŒÍÎLŽLÌŒLÍÌLNKŒMLNNNŒŽÍÌ‹ËŽMÎNŒNKLM‚˜ÛÛ™š\›X][Û‹LNMK‹ŒK[ÜÝ]WÛÜ˜XÛKŒLLŒKŒŒKŒŒŒ‹ÍÍMMMÍMŒMMŒŽLMKLM‚˜ÛÛ™š\›X][Û‹LNMK‹KÛÜœ™[Û‹ŒLLŒŽMÎLÍNMÌÎNMÍÍLÍ‹ŒŽMMÌÎNMŒÍÌÌLLËŽNMÎLLÍŒÍMŽËŒÌŒÌLLMLMKŒŒŒÌMŽLÍÌKLÌÍLÍŽLÍÍÌÍKLM‚˜ÛÛ™š\›X][Û‹LNMK‹KØØWÙ\]Z]˜[[ŒLLŒŽMÎLÍNMÌÎNMÍÍLÍ‹ŒŽMMÌÎNMŒÍÌÌLLËŽNMÎLLÍŒÍMŽËŒÌŒÌLLMLMKŒŒŒÌMŽLÍÌKLÌÍLÍŽLÍÍÌÍKLM‚˜ÛÛ™š\›X][Û‹LNMK‹K˜]×ÜÝ™ŒLLŒŽMÎLÍNMÌÎNMÍÍLÍËŒŽMMÌÎNMŒÍÌÌLLŽNMÎLLÍŒÍMŽËŒÌŒÌLLMLM‹ŒŒŒÌMŽLÌ‹KLÌÍLÍŽLÍÍÌÍKLM‚˜ÛÛ™š\›X][Û‹LNMK‹K[ÜÝ]WÛÜ˜XÛKŒLLŒKŒŒKŒŒŒ‹ŒŒŒŒLLÌLÙKLM‚˜ÛÛ™š\›X][Û‹LNMK‹KŒÛÜœ™[Û‹ŒLLŒŽMÍLŒMŽNM‹ŒŒŽNMLÌÎLÍÍŽNNLLNNLLKŒŽMMŽMÍŒÌÍMMMNM‹ŒŽLLNÌMLÍM‹ŒÌÌŽŽÍKLMÂ˜ÛÛ™š\›X][Û‹LNMK‹KŒØØWÙ\]Z]˜[[ŒLLŒŽMÍLŒMŽNM‹ŒŒŽNMLÌÎLÍÍŽNNLLNNLLKŒŽMMŽMÍŒÌÍMMMNM‹ŒŽLLNÌMLÍM‹ŒÌÌŽŽÍKLMÂ˜ÛÛ™š\›X][Û‹LNMK‹KŒ˜]×ÜÝ™ŒLLŒŽMÍLŒMŽN‹ŒŒŽNMLÌÎLÍÍŽKŽNNLLNNLLKŒŽMMŽMÍŒÌÍMMMŒKŒŽLLNÌMLŽMŒ‹ŒMŒÌÌÍŒÍŒÍÌÍÙKLM‚˜ÛÛ™š\›X][Û‹LNMK‹KŒ[ÜÝ]WÛÜ˜XÛKŒLLŒKŒŒKŒŒŒ‹ŒŒŒŒLLÌLÙKLM‚˜ÛÛ™š\›X][Û‹LNMKŒKÛÜœ™[Û‹ŒLLŒŽNNMÎÍMŒŒÍL‹ŒMNLLÌMŒÍŽNNMŽLNMÌŒŒŒËŒÌÌŽNMÌNMKŒŒMŒLMÎLNLNLLËËŒÌÌŽLÌÎÍMŽM™KLM‚˜ÛÛ™š\›X][Û‹LNMKŒKØØWÙ\]Z]˜[[ŒLLŒŽNNMÎÍMŒŒÍL‹ŒMNLLÌMŒÍŽNNMŽLNMÌŒŒŒËŒÌÌŽNMÌNMKŒŒMŒLMÎLNLNLLËËŒÌÌŽLÌÎÍMŽM™KLM‚˜ÛÛ™š\›X][Û‹LNMKŒK˜]×ÜÝ™ŒLLŒŽNNMÎÍMŒŒÍLŒËŒMNLLÌMNMÎŽNNMŽLNMÌŒŒŒÌÌŽNMÌNMÍËŒŒMŒLMÎLNLNL‹KLÌÍLÍŽLÍÍÌÍKLM‚˜ÛÛ™š\›X][Û‹LNMKŒK[ÜÝ]WÛÜ˜XÛKŒLLŒKŒŒKŒŒŒKŽMŽLŽLÌMKLM‚˜ÛÛ™š\›X][Û‹LNMKŒKÛÜœ™[Û‹ŒLLŒŽNMÌÎMŽŒÍÎNŒÍLLLÍÎMŒŒÎLMŒKŽNMÍÌÎŽNLÍŽŒÌÍÌNŒÌMŒLÎMŒŒÍŽNŒLMŒŽÌ‹ËŒŒÌÌMÍNYKLM‚˜ÛÛ™š\›X][Û‹LNMKŒKØØWÙ\]Z]˜[[ŒLLŒŽNMÌÎMŽŒÍÎNŒÍLLLÍÎMŒŒÎLMŒKŽNMÍÌÎŽNLÍŽŒÌÍÌNŒÌMŒLÎMŒŒÍŽNŒLMŒŽÌ‹ËŒŒÌÌMÍNYKLM‚˜ÛÛ™š\›X][Û‹LNMKŒK˜]×ÜÝ™ŒLLŒŽNMÌÎMŽŒÍŒÍLLLÍÎMŒŒÎLLÌËŽNMÍÌÎŽNLÍŽŒÌÍÌNŒÌMŒLÎML‹ŒŒÍŽNŒLMŒŽÌLŒËËŒŒÌÌMÍNYKLM‚˜ÛÛ™š\›X][Û‹LNMKŒK[ÜÝ]WÛÜ˜XÛKŒLLŒKŒŒKŒŒŒKLÌÍLÍŽLÍÍÌÍKLM‚˜ÛÛ™š\›X][Û‹LNMKKÛÜœ™[Û‹ŒLLŒŽMÍLMÍÌÌMÌLËŒÌŒLÌNÌËŽNNNLŽÎNNŒÌMMMÌMNMŒMLŽLËŒMMÌNMLŒLŒËLŒNLŒ™KLM‚˜ÛÛ™š\›X][Û‹LNMKKØØWÙ\]Z]˜[[ŒLLŒŽMÍLMÍÌÌMÌLËŒÌŒLÌNÌËŽNNNLŽÎNNŒÌMMMÌMNMŒMLŽLËŒMMÌNMLŒLŒËLŒNLŒ™KLM‚˜ÛÛ™š\›X][Û‹LNMKK˜]×ÜÝ™ŒLLŒŽMÍLMÍÌÌMÌŽŒÌŒLÌNÌŽËŽNNNLŽÎNNŒÌMMMÌMNMŒMMŒMMÌNMLŒLŒ‹LŒNLŒ™KLM‚˜ÛÛ™š\›X][Û‹LNMKK[ÜÝ]WÛÜ˜XÛKŒLLŒKŒŒKŒŒŒËŽMÎNŒNKLM‚˜ÛÛ™š\›X][Û‹LNMKKŒÛÜœ™[Û‹ŒLLŒŽNMÌŒŒÌMÌŒLLÍ‹ŒŒÌLŽMLMMÍLÍŒLËŽNNÍLMLNÌMËŒŽÌŒNLŒŒÌÎÍÌKŒMLÌMŒŒÍMŒÌŽŒÌŒLMŒŒŒM™KLM‚˜ÛÛ™š\›X][Û‹LNMKKŒØØWÙ\]Z]˜[[ŒLLŒŽNMÌŒŒÌMÌŒLLÍ‹ŒŒÌLŽMLMMÍLÍŒLËŽNNÍLMLNÌMËŒŽÌŒNLŒŒÌÎÍÌKŒMLÌMŒŒÍMŒÌŽŒÌŒLMŒŒŒM™KLM‚˜ÛÛ™š\›X][Û‹LNMKKŒ˜]×ÜÝ™ŒLLŒŽNMÌŒŒÌMÌŒLLÍËŒŒÌLŽMLMMÍLÍÎKŽNNÍLMLNÌMŽKŒŽÌŒNLŒŒÌÎÎMŒMLÌMŒŒÍMŒÌKËŒŒÌÌMÍNYKLM‚˜ÛÛ™š\›X][Û‹LNMKKŒ[ÜÝ]WÛÜ˜XÛKŒLLŒKŒŒKŒŒŒKLÌÍLÍŽLÍÍÌÍKLM‚˜ÛÛ™š\›X][Û‹LNMKKŒKÛÜœ™[Û‹ŒLLŒKŒLMLÍÌMŒËŒMNLNÌNŽLŽLKŽNMŒŽÍŒÍMÍLKŒÌÍÌÍMÍMŒÌŽMKŒMLŽŽLÍLŒNŒMË‹ŒŽNÍNŽLÎMKLM‚˜ÛÛ™š\›X][Û‹LNMKKŒKØØWÙ\]Z]˜[[ŒLLŒKŒLMLÍÌMŒËŒMNLNÌNŽLŽLKŽNMŒŽÍŒÍMÍLKŒÌÍÌÍMÍMŒÌŽMKŒMLŽŽLÍLŒNŒMË‹ŒŽNÍNŽLÎMKLM‚˜ÛÛ™š\›X][Û‹LNMKKŒK˜]×ÜÝ™ŒLLŒKŒMÌLÎMŒÎÍNŒÍÍŒÍMLÍKŽNMŒÍÌLÍÍÌMÌÎKŒNMŽLÌNÍŒŒÍLNLÍŽMÍÌŒÌKËŽMÎNŒNKLM‚˜ÛÛ™š\›X][Û‹LNMKKŒK[ÜÝ]WÛÜ˜XÛKŒLLŒKŒŒKŒŒŒ‹ŒŒŒŒLLÌLÙKLM‚˜ÛÛ™š\›X][Û‹LNMKKŒKÛÜœ™[Û‹ŒLLŒŽMÎNLMLÌÌŒÌËŒLNMÍŒLÎLŒŽMÍŽNMŽMŒÍŒÌÎLŒÎMÌLÍLNÌŒKŒLŽLLNLÌÍNNLË‹ŒMŽMÌLMÌŒMŽYKLM‚˜ÛÛ™š\›X][Û‹LNMKKŒKØØWÙ\]Z]˜[[ŒLLŒŽMÎNLMLÌÌŒÌËŒLNMÍŒLÎLŒŽMÍŽNMŽMŒÍŒÌÎLŒÎMÌLÍLNÌŒKŒLŽLLNLÌÍNNLË‹ŒMŽMÌLMÌŒMŽYKLM‚˜ÛÛ™š\›X][Û‹LNMKKŒK˜]×ÜÝ™ŒLLŒŽNŒMNLNMÍMÎNKŒÎLNMŽÌMŒÍÍŽŽNMÌŒNLÍÌŒLLKŒÎNÎMŽMŒLMNKŒLÍÍLŒÍMÍÍM‹‹ÍÍMMMÍMŒMMŒŽLMKLM‚˜ÛÛ™š\›X][Û‹LNMKKŒK[ÜÝ]WÛÜ˜XÛKŒLLŒKŒŒKŒŒŒ‹ŒŒŒŒLLÌLÙKLM‚˜ÛÛ™š\›X][Û‹LNMKKKÛÜœ™[Û‹ŒLLŒŽNŒLŒŽŒMŽLLNKŒÎÍNNLÌNMÌËŽNMŽÌLLKŒŽNNLŽLÌNKŒŒMLLŒÍMÌÍLÎËËŒÍLÍŒÍMÌÎML™KLM‚˜ÛÛ™š\›X][Û‹LNMKKKØØWÙ\]Z]˜[[ŒLLŒŽNŒLŒŽŒMŽLLNKŒÎÍNNLÌNMÌËŽNMŽÌLLKŒŽNNLŽLÌNKŒŒMLLŒÍMÌÍLÎËËŒÍLÍŒÍMÌÎML™KLM‚˜ÛÛ™š\›X][Û‹LNMKKK˜]×ÜÝ™ŒLLŒŽNŒÌÌŒNLÍŒÌŽNMÌNMMMKŽNMÌŽŽMŽNKŒMÎÌLKŒŒMNMÌNÍÎLL‹LŒNLŒ™KLM‚˜ÛÛ™š\›X][Û‹LNMKKK[ÜÝ]WÛÜ˜XÛKŒLLŒKŒŒKŒŒŒËŒÌÌŽLÌÎÍMŽM™KLM‚˜ÛÛ™š\›X][Û‹LNMKKKŒÛÜœ™[Û‹ŒLLŒŽMÌÌNMŒNMÍŽÎM‹ŒMÍŒMÍÍËŽNMÍÌNNMLËŒMÍÌLLŽNNMLLËŒNLŽLÌÌŒÌŒŽŽNMŒÍŒLLÌŒKLM‚˜ÛÛ™š\›X][Û‹LNMKKKŒØØWÙ\]Z]˜[[ŒLLŒŽMÌÌNMŒNMÍŽÎM‹ŒMÍŒMÍÍËŽNMÍÌNNMLËŒMÍÌLLŽNNMLLËŒNLŽLÌÌŒÌŒŽŽNMŒÍŒLLÌŒKLM‚˜ÛÛ™š\›X][Û‹LNMKKKŒ˜]×ÜÝ™ŒLLŒŽMÌÌŒÌLÍŒÎNŒMÌNÍŽLÍÍLÍŒŒ‹ŽNMÍÌÎLÎÍŒŒÌÍLŒŒÌÌÌNMŒNÎLÎLNLŒÍÎËËŽMÎNŒNKLM‚˜ÛÛ™š\›X][Û‹LNMKKKŒ[ÜÝ]WÛÜ˜XÛKŒLLŒKŒŒKŒŒŒKŽMŽLŽLÌMKLM‚˜ÛÛ™š\›X][Û‹LNMK‹ŒKÛÜœ™[Û‹ŒLLŒŽMÌÍLLMNMËŒLMŽMMŽÌËŽNMŒŒÌŽMMÍŒLÍËŒÌÎNMŒŒŽÌMÌŽMKŒNMÍÍLLŒÎMÎNMËŽNMŒÍŒLLÌŒKLM‚˜ÛÛ™š\›X][Û‹LNMK‹ŒKØØWÙ\]Z]˜[[ŒLLŒŽMÌÍLLMNMËŒLMŽMMŽÌËŽNMŒŒÌŽMMÍŒLÍËŒÌÎNMŒŒŽÌMÌŽMKŒNMÍÍLLŒÎMÎNMËŽNMŒÍŒLLÌŒKLM‚˜ÛÛ™š\›X][Û‹LNMK‹ŒK˜]×ÜÝ™ŒLLŒŽMÌÍŽŒÌÌÎŒNMKŒÍŽÍÎLŒŒLNL‹ŽNMŒŽNNMËŒÌLÌLŽNNLKŒŒÍÌŽLŒŒÌŒ‹ËŽMÎNŒNKLM‚˜ÛÛ™š\›X][Û‹LNMK‹ŒK[ÜÝ]WÛÜ˜XÛKŒLLŒKŒŒKŒŒŒ‹ŒÌŒLÍLKLM‚˜ÛÛ™š\›X][Û‹LNMK‹ŒKÛÜœ™[Û‹ŒLLŒŽNMÍÎŽLÎŒŒŽMNMÌŽLL‹ŽNMÍÍLÍMMŽML‹ŒMLÍÌMÌLKŒNNMŒLÍÎMŒ‹‹ÍÍMMMÍMŒMMŒŽLMKLM‚˜ÛÛ™š\›X][Û‹LNMK‹ŒKØØWÙ\]Z]˜[[ŒLLŒŽNMÍÎŽLÎŒŒŽMNMÌŽLL‹ŽNMÍÍLÍMMŽML‹ŒMLÍÌMÌLKŒNNMŒLÍÎMŒ‹‹ÍÍMMMÍMŒMMŒŽLMKLM‚˜ÛÛ™š\›X][Û‹LNMK‹ŒK˜]×ÜÝ™ŒLLŒŽNNÍŒLÍÌÍŒŒÎNNLÌLLÎÍŒËŽNMÎÌMLMÎLÍÍÌ‹ŒLLMŒÌÍŒŒMÎNLŽËŽNMŒÍŒLLÌŒKLM‚˜ÛÛ™š\›X][Û‹LNMK‹ŒK[ÜÝ]WÛÜ˜XÛKŒLLŒKŒŒKŒŒŒ‹ŒMLMLNÍŽNYKLM‚˜ÛÛ™š\›X][Û‹LNMK‹KÛÜœ™[Û‹ŒLLŒŽNNÍŽÎÌLLËŒLÍÍMNMKŽNMŒLÍÌÍNLÍÍŒKŒÌÎNÌŒNLL‹ŒNNŒÎMNMMNLM‹ËŒÌÌŽLÌÎÍMŽM™KLM‚˜ÛÛ™š\›X][Û‹LNMK‹KØØWÙ\]Z]˜[[ŒLLŒŽNNÍŽÎÌLLËŒLÍÍMNMKŽNMŒLÍÌÍNLÍÍŒKŒÌÎNÌŒNLL‹ŒNNŒÎMNMMNLM‹ËŒÌÌŽLÌÎÍMŽM™KLM‚˜ÛÛ™š\›X][Û‹LNMK‹K˜]×ÜÝ™ŒLLŒŽNLNŒÌŒMÍŒÎMLLŽLÌLLŽNMŒNMÌÎLMÌŽKŒÌLLLMŒËŒNMŒŒMÍNNMËŒMNŒNLYKLM‚˜ÛÛ™š\›X][Û‹LNMK‹K[ÜÝ]WÛÜ˜XÛKŒLLŒKŒŒKŒŒŒËŒÌÌŽLÌÎÍMŽM™KLM‚˜ÛÛ™š\›X][Û‹LNMK‹KŒÛÜœ™[Û‹ŒLLŒŽNLLŽÍMÎKŒLLMŽLÌÌÌÍŽNMŒMÌLNMLŒÍÍŒÌÍÍÍNL‹ŒÌÎÎÍŽŒŽ‹ŒLŒŒŒÍMÎÍŒYKLM‚˜ÛÛ™š\›X][Û‹LNMK‹KŒØØWÙ\]Z]˜[[ŒLLŒŽNLLŽÍMÎKŒLLMŽLÌÌÌÍŽNMŒMÌLNMLŒÍÍŒÌÍÍÍNL‹ŒÌÎÎÍŽŒŽ‹ŒLŒŒŒÍMÎÍŒYKLM‚˜ÛÛ™š\›X][Û‹LNMK‹KŒ˜]×ÜÝ™ŒLLŒŽNLMÍLÍÌŽÍLKŒLLLŽNMMÎLNNNKŽNMŒMŽNMNNMÍËŒÍÍŒMNML‹ŒÌÍÌÌÌŒM‹ËŽMÎNŒNKLM‚˜ÛÛ™š\›X][Û‹LNMK‹KŒ[ÜÝ]WÛÜ˜XÛKŒLLŒKŒŒKŒŒŒ‹ÍÍMMMÍMŒMMŒŽLMKLM‚˜ÛÛ™š\›X][Û‹LNMKŒKÛÜœ™[Û‹ŒLLŒŽNŒLÍŒML‹ŒLÌÌLŽM‹ŽNMŒÍŒÍÌ‹ŒŒŽÌLLMMM‹ŒNŒŽŽNNNMK‹ŒLŒŒŒÍMÎÍŒYKLM‚˜ÛÛ™š\›X][Û‹LNMKŒKØØWÙ\]Z]˜[[ŒLLŒŽNŒLÍŒML‹ŒLÌÌLŽM‹ŽNMŒÍŒÍÌ‹ŒŒŽÌLLMMM‹ŒNŒŽŽNNNMK‹ŒLŒŒŒÍMÎÍŒYKLM‚˜ÛÛ™š\›X][Û‹LNMKŒK˜]×ÜÝ™ŒLLŒŽNŒNMŽNMÎLŽKŒÍÍLÍÎMMNÍŽNMÍNMÎMÌLMŽMÍŒNMÍŒÌMMMŽNMKŒNLÍŒÍLMÍŒŒËŒNMÍŒŽNLYKLM‚˜ÛÛ™š\›X][Û‹LNMKŒK[ÜÝ]WÛÜ˜XÛKŒLLŒKŒŒKŒŒŒŽNMŒÍŒLLÌŒKLM‚˜ÛÛ™š\›X][Û‹LNMKŒKÛÜœ™[Û‹ŒLLŒŽNLŽÍÍŒŒÍÌLL‹ŒMLÎNŒŽKŽNMŒŽLÌMLNMMÍËŒÌLLÌÍNÎËŒMMLÌMÍÎLŒNLŒ™KLM‚˜ÛÛ™š\›X][Û‹LNMKŒKØØWÙ\]Z]˜[[ŒLLŒŽNLŽÍÍŒŒÍÌLL‹ŒMLÎNŒŽKŽNMŒŽLÌMLNMMÍËŒÌLLÌÍNÎËŒMMLÌMÍÎLŒNLŒ™KLM‚˜ÛÛ™š\›X][Û‹LNMKŒK˜]×ÜÝ™ŒLLŒŽNMLÎŽLMÍMÍÎŒLÎLLŽNMŒMMËŽNMŒÌLŒÌMÍÌMËŒŽMMÌLŒŒÍÍ‹ŒMŒMLÌÎMLMLLMKMLLLMLLŒÌLMÎÙKLM‚˜ÛÛ™š\›X][Û‹LNMKŒK[ÜÝ]WÛÜ˜XÛKŒLLŒKŒŒKŒŒŒ‹ŽLÎLÎLÎLÌŒŽKLM‚˜ÛÛ™š\›X][Û‹LNMKKÛÜœ™[Û‹ŒLLŒŽMÎŒÌŽLLMMÍKŒÌNÌMÎLÍËŽNMMLLÌMM‹ŒMLLŒLLMNKŒŽLÍMNÎMËŒŒÌÌMÍNYKLM‚˜ÛÛ™š\›X][Û‹LNMKKØØWÙ\]Z]˜[[ŒLLŒŽMÎŒÌŽLLMMÍKŒÌNÌMÎLÍËŽNMMLLÌMM‹ŒMLLŒLLMNKŒŽLÍMNÎMËŒŒÌÌMÍNYKLM‚˜ÛÛ™š\›X][Û‹LNMKK˜]×ÜÝ™ŒLLŒŽMÎŒÍMNLÌËŒÍÎLÌNÌMML‹ŽNMLÌLŽLŒÌÍŒMMŒMÎLŒÌNKŒŽŒMŽNMŽN‹ŒLŒŒŒÍMÎÍŒYKLM‚˜ÛÛ™š\›X][Û‹LNMKK[ÜÝ]WÛÜ˜XÛKŒLLŒKŒŒKŒŒŒ‹ÍÍMMMÍMŒMMŒŽLMKLM‚˜ÛÛ™š\›X][Û‹LNMKKŒÛÜœ™[Û‹ŒLLŒŽMÍLNŒŒÌÎLŒÍKŒÎNÎLLLLŒKŽNMÌMNLLŒÌÍLŒÎŒÌŽMŽMŒŒËŒNNLLMŒÍÍÍÌÌKŽNMŒÍŒLLÌŒKLM‚˜ÛÛ™š\›X][Û‹LNMKKŒØØWÙ\]Z]˜[[ŒLLŒŽMÍLNŒŒÌÎLŒÍKŒÎNÎLLLLŒKŽNMÌMNLLŒÌÍLŒÎŒÌŽMŽMŒŒËŒNNLLMŒÍÍÍÌÌKŽNMŒÍŒLLÌŒKLM‚˜ÛÛ™š\›X][Û‹LNMKKŒ˜]×ÜÝ™ŒLLŒŽMÍLÍŒÍMÌÍŒÎNMMŽMLÌMMËŽNMÌŒŽMLMÌËŒÎNŒLŽMKŒNMŒÍLÍŒÌÌÍKËŽMÎNŒNKLM‚˜ÛÛ™š\›X][Û‹LNMKKŒ[ÜÝ]WÛÜ˜XÛKŒLLŒKŒŒKŒŒŒËŽMÎNŒNKLM‚˜ÛÛ™š\›X][Û‹LNMKM‹KŒKÛÜœ™[Û‹ŒLLŒŽMÌÎLÍŒÌÍMŒ‹ŒLMLÌÌMNNLÍLËŽNLÌŽMMÍÌŽÍŽML‹ŒMÎMÍNNÍÌNKŒMÌÎÌÎÌLMKLŒNLŒ™KLM‚˜ÛÛ™š\›X][Û‹LNMKM‹KŒKØØWÙ\]Z]˜[[ŒLLŒŽMÌÎLÍŒÌÍMŒ‹ŒLMLÌÌMNNLÍLËŽNLÌŽMMÍÌŽÍŽML‹ŒMÎMÍNNÍÌNKŒMÌÎÌÎÌLMKLŒNLŒ™KLM‚˜ÛÛ™š\›X][Û‹LNMKM‹KŒK˜]×ÜÝ™ŒLLŒŽMÌÌŒŒŽŽLNKŒLMLÍŒMŒNLŽMŒKŽNLÌÍNLŽŒLËŒMÍŒŒÍŒMLŒÍKŒMLÎMMÍLLMLL‹‹ŒLÌÎMÍÍLLÎYKLM‚˜ÛÛ™š\›X][Û‹LNMKM‹KŒK[ÜÝ]WÛÜ˜XÛKŒLLŒKŒŒKŒŒŒËŒÌÌŽLÌÎÍMŽM™KLM‚˜ÛÛ™š\›X][Û‹LNMKM‹KŒKÛÜœ™[Û‹ŒLLŒŽNŽŒLNŒŒÌŒËŒLMŒŒMÍNLŽÎŽNLÍLNNNMÌŒÎMKŒMŽMŒLMM‹ŒŒMÌŽLÎMŒMÍŒÍKŽNMŒÍŒLLÌŒKLM‚˜ÛÛ™š\›X][Û‹LNMKM‹KŒKØØWÙ\]Z]˜[[ŒLLŒŽNŽŒLNŒŒÌŒËŒLMŒŒMÍNLŽÎŽNLÍLNNNMÌŒÎMKŒMŽMŒLMM‹ŒŒMÌŽLÎMŒMÍŒÍKŽNMŒÍŒLLÌŒKLM‚˜ÛÛ™š\›X][Û‹LNMKM‹KŒK˜]×ÜÝ™ŒLLŒŽNÍÌÌMŽLŒÌŒLLŒNMŽÍŒLNMKŽNLÍÍLLÌŒMMŽMMMËŒMNLÍÍMLMNKŒŒŽMÍMLNŒË‹ŒLÌÎMÍÍLLÎYKLM‚˜ÛÛ™š\›X][Û‹LNMKM‹KŒK[ÜÝ]WÛÜ˜XÛKŒLLŒKŒŒKŒŒŒËŒÌÌŽLÌÎÍMŽM™KLM‚˜ÛÛ™š\›X][Û‹LNMKM‹KKÛÜœ™[Û‹ŒLLŒŽMÌLÍÌNMLMŒLMLÎMÍÌNLŽL‹ŽNLÍMNLŒÍÍNŒ‹ŒMÌÌÌŒŒNMŒKŒÍÍÌÍMŒÌLNMËŒÌÌŽLÌÎÍMŽM™KLM‚˜ÛÛ™š\›X][Û‹LNMKM‹KKØØWÙ\]Z]˜[[ŒLLŒŽMÌLÍÌNMLMŒLMLÎMÍÌNLŽL‹ŽNLÍMNLŒÍÍNŒ‹ŒMÌÌÌŒŒNMŒKŒÍÍÌÍMŒÌLNMËŒÌÌŽLÌÎÍMŽM™KLM‚˜ÛÛ™š\›X][Û‹LNMKM‹KK˜]×ÜÝ™ŒLLŒŽMÌÌÌÌÍŽNMŒ‹ŒLMLÎÌÎKŽNLÍŒŒŽŒÌMÌLKŒMMNMMŒMŒLÌ‹ŒÍNŒLÌMMÍŒÍÍËŽNMŒÍŒLLÌŒKLM‚˜ÛÛ™š\›X][Û‹LNMKM‹KK[ÜÝ]WÛÜ˜XÛKŒLLŒKŒŒKŒŒŒ‹ŒŒŒŒLLÌLÙKLM‚˜ÛÛ™š\›X][Û‹LNMKM‹KKŒÛÜœ™[Û‹ŒLLŒŽNNMÍLLÌÌÎ‹ŒLMŒÌŒŒÎMÍMMM‹ŽNLÌŒÌLŒÌLÍMLÍŒNMÍMMMŒŒŒÎMKŒMÌLÍÍÌLÍËŽMÎNMÌLL™KLM‚˜ÛÛ™š\›X][Û‹LNMKM‹KKŒØØWÙ\]Z]˜[[ŒLLŒŽNNMÍLLÌÌÎ‹ŒLMŒÌŒŒÎMÍMMM‹ŽNLÌŒÌLŒÌLÍMLÍŒNMÍMMMŒŒŒÎMKŒMÌLÍÍÌLÍËŽMÎNMÌLL™KLM‚˜ÛÛ™š\›X][Û‹LNMKM‹KKŒ˜]×ÜÝ™ŒLLŒŽNÍÍLLŒÍŽÌÍKŒLMLŒMÎÎNŽNLÌÌÎNLÍLNKŒMÍÌLÎNNÌNKŒÌLMLŒÍÌ‹ËŒÌÌŽLÌÎÍMŽM™KLM‚˜ÛÛ™š\›X][Û‹LNMKM‹KKŒ[ÜÝ]WÛÜ˜XÛKŒLLŒKŒŒKŒŒŒËŒÌÌŽLÌÎÍMŽM™KLM‚˜ÛÛ™š\›X][Û‹LNMKM‹‹ŒKÛÜœ™[Û‹ŒLLŒŽMÍÎMMŒNLKŒLŒLŽLNMLŒÎMËŽNLÌÎLÍŽL‹ŒNMÍÌMŽLŽKŒÌNÍMŒMÍMÌNÎMMŽLMYKLM‚˜ÛÛ™š\›X][Û‹LNMKM‹‹ŒKØØWÙ\]Z]˜[[ŒLLŒŽMÍÎMMŒNLKŒLŒLŽLNMLŒÎMËŽNLÌÎLÍŽL‹ŒNMÍÌMŽLŽKŒÌNÍMŒMÍMÌNÎMMŽLMYKLM‚˜ÛÛ™š\›X][Û‹LNMKM‹‹ŒK˜]×ÜÝ™ŒLLŒŽMÍŽMÌMÌŒËŒLNŽNMÌMLÍMLKŽNLÌŒŒŒÍÍNMÎKŒNŒLÍŒMMÎÎÍÍKŒÌŒLÌLŽÎMMŽÍMNMŽŒMŒ™KLM‚˜ÛÛ™š\›X][Û‹LNMKM‹‹ŒK[ÜÝ]WÛÜ˜XÛKŒLLŒKŒŒKŒŒŒŽNMŒÍŒLLÌŒKLM‚˜ÛÛ™š\›X][Û‹LNMKM‹‹ŒKÛÜœ™[Û‹ŒLLŒŽMÍNŽLÎLÌM‹ŒLMLMÌMNNŽLÌKŽNLÍŒÎLÍÌMNMKŒMŒÎMÍÍŽÍÌLËŒŒÍÍLŽMLNKËŒÌÌŽLÌÎÍMŽM™KLM‚˜ÛÛ™š\›X][Û‹LNMKM‹‹ŒKØØWÙ\]Z]˜[[ŒLLŒŽMÍNŽLÎLÌM‹ŒLMLMÌMNNŽLÌKŽNLÍŒÎLÍÌMNMKŒMŒÎMÍÍŽÍÌLËŒŒÍÍLŽMLNKËŒÌÌŽLÌÎÍMŽM™KLM‚˜ÛÛ™š\›X][Û‹LNMKM‹‹ŒK˜]×ÜÝ™ŒLLŒŽMMLÍŒÍNNÎMŒLLÍÍŽLLŒLLMÌŒÎ‹ŽNLÍÍNÍLÌŒŒÌŒMNÍŒLŒŽMÌËŒÌÎMŒŒŽÌ‹ËŽMÎNŒNKLM‚˜ÛÛ™š\›X][Û‹LNMKM‹‹ŒK[ÜÝ]WÛÜ˜XÛKŒLLŒKŒŒKŒŒŒÌNÎMMŽLMYKLM‚˜ÛÛ™š\›X][Û‹LNMKM‹‹KÛÜœ™[Û‹ŒLLŒŽMÌÌŽLŒLNLLKŒLMNMLNLŒNLLŒKŽNLÍLÎLÌŽMÌ‹ŒMÌÎLMÌLÎMŒMLÍÌÍÌÎÎLMK‹ÍÍMMMÍMŒMMŒŽLMKLM‚˜ÛÛ™š\›X][Û‹LNMKM‹‹KØØWÙ\]Z]˜[[ŒLLŒŽMÌÌŽLŒLNLLKŒLMNMLNLŒNLLŒKŽNLÍLÎLÌŽMÌ‹ŒMÌÎLMÌLÎMŒMLÍÌÍÌÎÎLMK‹ÍÍMMMÍMŒMMŒŽLMKLM‚˜ÛÛ™š\›X][Û‹LNMKM‹‹K˜]×ÜÝ™ŒLLŒŽMÌÍMÍŽÍÌM‹ŒLMÎLŽLNÎLÎLNKŽNLÌÍNMŒÎNŒMÍŽÌNLÍMÎŒÍKŒŒÌŒÍÎÍÎLN‹ËŒÌÌŽLÌÎÍMŽM™KLM‚˜ÛÛ™š\›X][Û‹LNMKM‹‹K[ÜÝ]WÛÜ˜XÛKŒLLŒKŒŒKŒŒŒLŒNLŒ™KLM‚˜ÛÛ™š\›X][Û‹LNMKM‹‹KŒÛÜœ™[Û‹ŒLLŒŽMÍŒLÌLL‹ŒLLŒLÍMŒÎMŽNLÎÎÌÎNŒMMŒMLŒÌŽMÍLLLËŒÍŽMÎÌŒŒÎLŒÍŒ‹‹ŒLŒŒŒÍMÎÍŒYKLM‚˜ÛÛ™š\›X][Û‹LNMKM‹‹KŒØØWÙ\]Z]˜[[ŒLLŒŽMÍŒLÌLL‹ŒLLŒLÍMŒÎMŽNLÎÎÌÎNŒMMŒMLŒÌŽMÍLLLËŒÍŽMÎÌŒŒÎLŒÍŒ‹‹ŒLŒŒŒÍMÎÍŒYKLM‚˜ÛÛ™š\›X][Û‹LNMKM‹‹KŒ˜]×ÜÝ™ŒLLŒŽMÍŒÍMÍLLËŒLNLLÍÍLÌËŽNLÎÌŒŒÍNËŒMLÍLÌÌLMLÎMNLËŒÍLMÍÍŒÍMLËLŒNLŒ™KLM‚˜ÛÛ™š\›X][Û‹LNMKM‹‹KŒ[ÜÝ]WÛÜ˜XÛKŒLLŒKŒŒKŒŒŒLŒNLŒ™KLM‚˜ÛÛ™š\›X][Û‹LNMKM‹ŒKÛÜœ™[Û‹ŒLLŒŽMŒÍŒŽLNMÎMLÍŒLNŒMÎNNÍNMÌÌ‹ŽNLÌŽLÌÌKŒMÎMMLŒMÌNMŒÍMNMLNÍËLŒNLŒ™KLM‚˜ÛÛ™š\›X][Û‹LNMKM‹ŒKØØWÙ\]Z]˜[[ŒLLŒŽMŒÍŒŽLNMÎMLÍŒLNŒMÎNNÍNMÌÌ‹ŽNLÌŽLÌÌKŒMÎMMLŒMÌNMŒÍMNMLNÍËLŒNLŒ™KLM‚˜ÛÛ™š\›X][Û‹LNMKM‹ŒK˜]×ÜÝ™ŒLLŒŽMLŽLNN‹ŒLMMLÍÌMŽMŒLŽNLÍMÌMLÍÌŒKŒMÌLÍÌŒŒŒLŒÌLMŒÍMLMÌMMÍÍŒŒKËŒÌÌŽLÌÎÍMŽM™KLM‚˜ÛÛ™š\›X][Û‹LNMKM‹ŒK[ÜÝ]WÛÜ˜XÛKŒLLŒKŒŒKŒŒŒLŒNLŒ™KLM‚˜ÛÛ™š\›X][Û‹LNMKM‹ŒKÛÜœ™[Û‹ŒLLŒŽMÎLLŒŽŒŽLŒLMŒLNLŒÍÌÌÌŽŽNLÍŽMŽLÍLLÍÍ‹ŒMÌÌMÌÌÌNÍŽLÎŒŒLÌŽLÍMMŒÌÎMËKMLLLMLLŒÌLMÎÙKLM‚˜ÛÛ™š\›X][Û‹LNMKM‹ŒKØØWÙ\]Z]˜[[ŒLLŒŽMÎLLŒŽŒŽLŒLMŒLNLŒÍÌÌÌŽŽNLÍŽMŽLÍLLÍÍ‹ŒMÌÌMÌÌÌNÍŽLÎŒŒLÌŽLÍMMŒÌÎMËKMLLLMLLŒÌLMÎÙKLM‚˜ÛÛ™š\›X][Û‹LNMKM‹ŒK˜]×ÜÝ™ŒLLŒŽMÎNMLÌÌMMMMËŒLMÌÌNŒŽÍÌNŽNLÍMLNMNŒŒÍLKŒMÎŒNLMËŒŒMNLLLÌLŽKËŒÌÌŽLÌÎÍMŽM™KLM‚˜ÛÛ™š\›X][Û‹LNMKM‹ŒK[ÜÝ]WÛÜ˜XÛKŒLLŒKŒŒKŒŒŒËŒÌÌŽLÌÎÍMŽM™KLM‚˜ÛÛ™š\›X][Û‹LNMKM‹KÛÜœ™[Û‹ŒLLŒŽMÍLÌÍÍLÍM‹ŒLMNLLÍÎŒÍNMM‹ŽNLÌMÌLŒNNMÌÍ‹ŒNÍLLMNÎ‹ŒÍLNLLÌŒÍÍÌL‹ŒLŒŒŒÍMÎÍŒYKLM‚˜ÛÛ™š\›X][Û‹LNMKM‹KØØWÙ\]Z]˜[[ŒLLŒŽMÍLÌÍÍLÍM‹ŒLMNLLÍÎŒÍNMM‹ŽNLÌMÌLŒNNMÌÍ‹ŒNÍLLMNÎ‹ŒÍLNLLÌŒÍÍÌL‹ŒLŒŒŒÍMÎÍŒYKLM‚˜ÛÛ™š\›X][Û‹LNMKM‹K˜]×ÜÝ™ŒLLŒŽMÍŽLLÌÍMÌŒLËŒLMŒŒLÌŽLÍMÎŽNLÌNMNLŽNLNKŒNÌŽMÌŒÍÌMÌMËŒÌÎLLNŽMÍMMKËŒŒÌÌMÍNYKLM‚˜ÛÛ™š\›X][Û‹LNMKM‹K[ÜÝ]WÛÜ˜XÛKŒLLŒKŒŒKŒŒŒ‹ÍÍMMMÍMŒMMŒŽLMKLM‚˜ÛÛ™š\›X][Û‹LNMKM‹KŒÛÜœ™[Û‹ŒLLŒŽMŒŽLMÌŒMŒÍÌÍKŒLNÎNÎMŒNLÍÌËŽNLÌNMŒÍMŒŒŽM‹ŒNÌLLÎMNMŒÍNMKŒÌÎNÎŒLÌÍLLÍ‹ŒLÌÎMÍÍLLÎYKLM‚˜ÛÛ™š\›X][Û‹LNMKM‹KŒØØWÙ\]Z]˜[[ŒLLŒŽMŒŽLMÌŒMŒÍÌÍKŒLNÎNÎMŒNLÍÌËŽNLÌNMŒÍMŒŒŽM‹ŒNÌLLÎMNMŒÍNMKŒÌÎNÎŒLÌÍLLÍ‹ŒLÌÎMÍÍLLÎYKLM‚˜ÛÛ™š\›X][Û‹LNMKM‹KŒ˜]×ÜÝ™ŒLLŒŽMŒÍÌLMNÌLŒKŒLMÍNLLŒÍÌMM‹ŽNLÌŽLÍNMÌËŒMÎMÍŽLŒLŒÍ‹ŒÌÌMLLMŽLÍŒŒ‹KŒŒŒLLÌÌÍÌŒ™KLMB˜ÛÛ™š\›X][Û‹LNMKM‹KŒ[ÜÝ]WÛÜ˜XÛKŒLLŒKŒŒKŒŒŒËŽMÎNŒNKLM‚˜ÛÛ™š\›X][Û‹LNM‹KŒKÛÜœ™[Û‹ŒLLŒŽNÌÎŒÌMÌÍÍKŒŒŒMÍLLŽŒÌŒÌMŽNNŒLÎLNKŒŒÌNÌÍLÍÌMËŒLÍÎNŒKËŒÌÌŽLÌÎÍMŽM™KLM‚˜ÛÛ™š\›X][Û‹LNM‹KŒKØØWÙ\]Z]˜[[ŒLLŒŽNÌÎŒÌMÌÍÍKŒŒŒMÍLLŽŒÌŒÌMŽNNŒLÎLNKŒŒÌNÌÍLÍÌMËŒLÍÎNŒKËŒÌÌŽLÌÎÍMŽM™KLM‚˜ÛÛ™š\›X][Û‹LNM‹KŒK˜]×ÜÝ™ŒLLŒŽNÌÎŒÌMÌÍÍÌËŒŒŒMÍLLŽŒÌŒKŽNNŒLÎLNKŒŒÌNÌÍLÍÌNMKŒLÍÎNŒŽKKŒLLŒŒÌŒLMMYKLM‚˜ÛÛ™š\›X][Û‹LNM‹KŒK[ÜÝ]WÛÜ˜XÛKŒLLŒKŒŒKŒŒŒ‹ŒŒŒŒLLÌLÙKLM‚˜ÛÛ™š\›X][Û‹LNM‹KŒKÛÜœ™[Û‹ŒLLŒKŒLÎLÌŒŽŒŽLMÌLÎMŒÎŒÍËŽNNNÍÌLÌŽMKŒÌMÍŽŒÌLMŒNLÍMÍÌŒMŒÌ‹‹ŒŒŒŒLLÌLÙKLM‚˜ÛÛ™š\›X][Û‹LNM‹KŒKØØWÙ\]Z]˜[[ŒLLŒKŒLÎLÌŒŽŒŽLMÌLÎMŒÎŒÍËŽNNNÍÌLÌŽMKŒÌMÍŽŒÌLMŒNLÍMÍÌŒMŒÌ‹‹ŒŒŒŒLLÌLÙKLM‚˜ÛÛ™š\›X][Û‹LNM‹KŒK˜]×ÜÝ™ŒLLŒKŒLÎLÌŒŽŒŽLMÌLÎMŒÎŒÌÎKŽNNNÍÌLÌŽM‹ŒÌMÍŽŒÌKŒNLÍMÍÌŒM‹ÍÍMMMÍMŒMMŒŽLMKLM‚˜ÛÛ™š\›X][Û‹LNM‹KŒK[ÜÝ]WÛÜ˜XÛKŒLLŒKŒŒKŒŒŒ‹ÍÍMMMÍMŒMMŒŽLMKLM‚˜ÛÛ™š\›X][Û‹LNM‹KKÛÜœ™[Û‹ŒLLŒŽNŽŒŒLËŒLŽLNNMLLMMKŽNNLNLMŒÍÌÌÍŒÌŒNMŽNL‹ŒLÍŒŒMŽMÍLË‹ŒLÌÎMÍÍLLÎYKLM‚˜ÛÛ™š\›X][Û‹LNM‹KKØØWÙ\]Z]˜[[ŒLLŒŽNŽŒŒLËŒLŽLNNMLLMMKŽNNLNLMŒÍÌÌÍŒÌŒNMŽNL‹ŒLÍŒŒMŽMÍLË‹ŒLÌÎMÍÍLLÎYKLM‚˜ÛÛ™š\›X][Û‹LNM‹KK˜]×ÜÝ™ŒLLŒŽNŽŒŒLËŒLŽLNNMLLMNKŽNNLNLMŒÍÌÌÍŒÌŒNMŽNMKŒLÍŒŒMŽMÍÍŒËKLMMNNMNL™KLM‚˜ÛÛ™š\›X][Û‹LNM‹KK[ÜÝ]WÛÜ˜XÛKŒLLŒKŒŒKŒŒŒŒMŒÌÌÍŒÍŒÍÌÍÙKLM‚˜ÛÛ™š\›X][Û‹LNM‹KKŒÛÜœ™[Û‹ŒLLŒŽNÌLÍŒLÍÌKŒLLÌŽLŒMÌMMLMŽNNLŒNLLMÎMÍËŒŒÌŒMÌÌÌÎMÍÍKŒLLÎLNÎNLMŒ‹LŒNLŒ™KLM‚˜ÛÛ™š\›X][Û‹LNM‹KKŒØØWÙ\]Z]˜[[ŒLLŒŽNÌLÍŒLÍÌKŒLLÌŽLŒMÌMMLMŽNNLŒNLLMÎMÍËŒŒÌŒMÌÌÌÎMÍÍKŒLLÎLNÎNLMŒ‹LŒNLŒ™KLM‚˜ÛÛ™š\›X][Û‹LNM‹KKŒ˜]×ÜÝ™ŒLLŒŽNÌLÍŒLÍÌŒLLÌŽLŒMÌMMLLŒKŽNNLŒNLLMÎMÍ‹ŒŒÌŒMÌÌÌÎMÍÍLËŒLLÎLNÎNLLÎM‹ŒŒŒŒLLÌLÙKLM‚˜ÛÛ™š\›X][Û‹LNM‹KKŒ[ÜÝ]WÛÜ˜XÛKŒLLŒKŒŒKŒŒŒ‹NNMŒ™KLM‚˜ÛÛ™š\›X][Û‹LNM‹‹ŒKÛÜœ™[Û‹ŒLLŒŽMÍŽMÌLÌÍŒÍMNKŒNLMÌŒÎLŒKŽNNŒLLÌMLMMŽŒŒÌÎLLŒÍL‹ŒMNMLŒMŽÍMM‹‹ŒŒŒŒLLÌLÙKLM‚˜ÛÛ™š\›X][Û‹LNM‹‹ŒKØØWÙ\]Z]˜[[ŒLLŒŽMÍŽMÌLÌÍŒÍMNKŒNLMÌŒÎLŒKŽNNŒLLÌMLMMŽŒŒÌÎLLŒÍL‹ŒMNMLŒMŽÍMM‹‹ŒŒŒŒLLÌLÙKLM‚˜ÛÛ™š\›X][Û‹LNM‹‹ŒK˜]×ÜÝ™ŒLLŒŽMÍŽMÌLÌÍŒÍMM‹ŒNLMÌŒÎLŒŽKŽNNŒLLÌMLMMŽŒŒÌÎLLŒÍËŒMNMLŒMŽÍM‹ÍÍMMMÍMŒMMŒŽLMKLM‚˜ÛÛ™š\›X][Û‹LNM‹‹ŒK[ÜÝ]WÛÜ˜XÛKŒLLŒKŒŒKŒŒŒ‹ÍÍMMMÍMŒMMŒŽLMKLM‚˜ÛÛ™š\›X][Û‹LNM‹‹ŒKÛÜœ™[Û‹ŒLLŒŽMÍMÍLMÍÍKŒŒÌÍMÌLÌÌŒMMŽMŽNNÍNMÍÎNMŒL‹ŒŽNLLLMMÌÌÍLËŒLÌÍMMMŒË‹ÍÍMMMÍMŒMMŒŽLMKLM‚˜ÛÛ™š\›X][Û‹LNM‹‹ŒKØØWÙ\]Z]˜[[ŒLLŒŽMÍMÍLMÍÍKŒŒÌÍMÌLÌÌŒMMŽMŽNNÍNMÍÎNMŒL‹ŒŽNLLLMMÌÌÍLËŒLÌÍMMMŒË‹ÍÍMMMÍMŒMMŒŽLMKLM‚˜ÛÛ™š\›X][Û‹LNM‹‹ŒK˜]×ÜÝ™ŒLLŒŽMÍMÍLMÍÎ‹ŒŒÌÍMÌLÌÌŒMNKŽNNÍNMÍÎNMŒL‹ŒŽNLLLMMÌÌÎKŒLÌÍMMK‹ÍÍMMMÍMŒMMŒŽLMKLM‚˜ÛÛ™š\›X][Û‹LNM‹‹ŒK[ÜÝ]WÛÜ˜XÛKŒLLŒKŒŒKŒŒŒËŽMÎNŒNKLM‚˜ÛÛ™š\›X][Û‹LNM‹‹KÛÜœ™[Û‹ŒLLŒŽNŒÍLŒMÌÌLMKŒÎMŒÌMŒMÍŽKŽNNNLÍMŒŽMNŒÌMŽLÎLMNNÌMËŒMÎŽMŽMÍŒLLËËŒÌÌŽLÌÎÍMŽM™KLM‚˜ÛÛ™š\›X][Û‹LNM‹‹KØØWÙ\]Z]˜[[ŒLLŒŽNŒÍLŒMÌÌLMKŒÎMŒÌMŒMÍŽKŽNNNLÍMŒŽMNŒÌMŽLÎLMNNÌMËŒMÎŽMŽMÍŒLLËËŒÌÌŽLÌÎÍMŽM™KLM‚˜ÛÛ™š\›X][Û‹LNM‹‹K˜]×ÜÝ™ŒLLŒŽNŒÍLŒMÌÌLMKŒÎMŒÌMŒMÍŽNNNLÍMŒŽMNŒÌMŽLÎLMNNÌLËŒMÎŽMŽMÍŒŽËŒLÌLLÌÌMÍÌNLNYKLM‚˜ÛÛ™š\›X][Û‹LNM‹‹K[ÜÝ]WÛÜ˜XÛKŒLLŒKŒŒKŒŒŒ‹ŽLMÌÍMÎMLÍ™KLM‚˜ÛÛ™š\›X][Û‹LNM‹‹KŒÛÜœ™[Û‹ŒLLŒŽNLŽLÎÎNŒMŒNLNMÍŒŒMMÍMÍ‹ŽNNNNLNL‹ŒŒMÍÎÌÎMÌŒNMM‹ŒMÍÍMLÌMÌŽNLŽ‹ŒÍNLŒŒÎLÌÌŽMÍ™KLM‚˜ÛÛ™š\›X][Û‹LNM‹‹KŒØØWÙ\]Z]˜[[ŒLLŒŽNLŽLÎÎNŒMŒNLNMÍŒŒMMÍMÍ‹ŽNNNNLNL‹ŒŒMÍÎÌÎMÌŒNMM‹ŒMÍÍMLÌMÌŽNLŽ‹ŒÍNLŒŒÎLÌÌŽMÍ™KLM‚˜ÛÛ™š\›X][Û‹LNM‹‹KŒ˜]×ÜÝ™ŒLLŒŽNLŽLÎÎNKŒMŒNLNMÍŒŒMMÍMKŽNNNNLNL‹ŒŒMÍÎÌÎMÌŒNŽŒMÍÍMLÌMÌŽMÎKŒÎÍÍÎÎÎMMÙKLM‚˜ÛÛ™š\›X][Û‹LNM‹‹KŒ[ÜÝ]WÛÜ˜XÛKŒLLŒKŒŒKŒŒŒ‹ÍÍMMMÍMŒMMŒŽLMKLM‚˜ÛÛ™š\›X][Û‹LNM‹ŒKÛÜœ™[Û‹ŒLLŒKŒÌNMŒLÌÎLMÍŒŒŒMNÍLÌLMMÍÍKŽNNÍLÍÍÍMNNLMKŒŽŽNLÌMLŒMŽMËŒMŒLMŒÎLNNMŒË‹ŒŒŒŒLLÌLÙKLM‚˜ÛÛ™š\›X][Û‹LNM‹ŒKØØWÙ\]Z]˜[[ŒLLŒKŒÌNMŒLÌÎLMÍŒŒŒMNÍLÌLMMÍÍKŽNNÍLÍÍÍMNNLMKŒŽŽNLÌMLŒMŽMËŒMŒLMŒÎLNNMŒË‹ŒŒŒŒLLÌLÙKLM‚˜ÛÛ™š\›X][Û‹LNM‹ŒK˜]×ÜÝ™ŒLLŒKŒÌNMŒLÌÎLMŒ‹ŒŒŒMNÍLÌLMMÍNŽNNÍLÍÍÍMNNLMŒŽŽNLÌMLŒMŽ‹ŒMŒLMŒÎLNNLMKËŒÌÌŽLÌÎÍMŽM™KLM‚˜ÛÛ™š\›X][Û‹LNM‹ŒK[ÜÝ]WÛÜ˜XÛKŒLLŒKŒŒKŒŒŒËŽMÎNŒNKLM‚˜ÛÛ™š\›X][Û‹LNM‹ŒKÛÜœ™[Û‹ŒLLŒŽNMÎMMMŽLLLŒMLËŒÍŒÌMÍÍÌKŽNNMNNÎÎLNKŒÌÌÌLÍNLŽMNŒMŒNÌŒÍ‹LLŽLÍÍLÎMŽNKLM‚˜ÛÛ™š\›X][Û‹LNM‹ŒKØØWÙ\]Z]˜[[ŒLLŒŽNMÎMMMŽLLLŒMLËŒÍŒÌMÍÍÌKŽNNMNNÎÎLNKŒÌÌÌLÍNLŽMNŒMŒNÌŒÍ‹LLŽLÍÍLÎMŽNKLM‚˜ÛÛ™š\›X][Û‹LNM‹ŒK˜]×ÜÝ™ŒLLŒŽNMÎMMMŽLLLŒLÍŒÍŒÌMÍÍÍŒËŽNNMNNÎÎLNKŒÌÌÌLÍNLŽMŽKŒMŒNÌŒŒŒËËŒÌÌŽLÌÎÍMŽM™KLM‚˜ÛÛ™š\›X][Û‹LNM‹ŒK[ÜÝ]WÛÜ˜XÛKŒLLŒKŒŒKŒŒŒÌNÎMMŽLMYKLM‚˜ÛÛ™š\›X][Û‹LNM‹KÛÜœ™[Û‹ŒLLŒŽNMNMÎÌÍÌŽÍÍ‹ŒÌŽLŒŒÍŒŽ‹ŽNMÎÎMŒŒLLÌÍ‹ŒÌŽŒÎMŒLŒNŒLÌLMÍŒŒÌLÍMKLŒNLŒ™KLM‚˜ÛÛ™š\›X][Û‹LNM‹KØØWÙ\]Z]˜[[ŒLLŒŽNMNMÎÌÍÌŽÍÍ‹ŒÌŽLŒŒÍŒŽ‹ŽNMÎÎMŒŒLLÌÍ‹ŒÌŽŒÎMŒLŒNŒLÌLMÍŒŒÌLÍMKLŒNLŒ™KLM‚˜ÛÛ™š\›X][Û‹LNM‹K˜]×ÜÝ™ŒLLŒŽNMNMÎÌÍÌŽÍMKŒÌŽLŒŒÍŒÌÌËŽNMÎÎMŒŒLLÌÍ‹ŒÌŽŒÎMŒLŒÎMKŒLÌLMÍŒŒÌLÍÎM‹ËŒŒÌÌMÍNYKLM‚˜ÛÛ™š\›X][Û‹LNM‹K[ÜÝ]WÛÜ˜XÛKŒLLŒKŒŒKŒŒŒ‹ŒLŒŒŒÍMÎÍŒYKLM‚˜ÛÛ™š\›X][Û‹LNM‹KŒÛÜœ™[Û‹ŒLLŒŽMÎŽÎMLÎMÎËŒŒŽÍLLŽÍÎŽNNMMÌÌŒÌÍŒLNNKŒÌÍLÍMMLÌMÌMÌNMËŒÍMÌMLÍÌM‹ËŽMÎNŒNKLM‚˜ÛÛ™š\›X][Û‹LNM‹KŒØØWÙ\]Z]˜[[ŒLLŒŽMÎŽÎMLÎMÎËŒŒŽÍLLŽÍÎŽNNMMÌÌŒÌÍŒLNNKŒÌÍLÍMMLÌMÌMÌNMËŒÍMÌMLÍÌM‹ËŽMÎNŒNKLM‚˜ÛÛ™š\›X][Û‹LNM‹KŒ˜]×ÜÝ™ŒLLŒŽMÎŽÎMLÎMÍÍKŒŒŽÍLLŽÍNŽNNMMÌÌŒÌÍŒLNNŒÌÍLÍMMLÌMÌMÌËŒÍMÌMLÍÌNLM‹ŒŒŒŒLLÌLÙKLM‚˜ÛÛ™š\›X][Û‹LNM‹KŒ[ÜÝ]WÛÜ˜XÛKŒLLŒKŒŒKŒŒŒËŒÌÌŽLÌÎÍMŽM™KLM‚˜ÛÛ™š\›X][Û‹LNM‹KŒKÛÜœ™[Û‹ŒLLŒŽNLŒÍŒÎNËŒLŒMMÍÌËŽNMÍÌNMMMLŽËŒMÍNLÌÍŒŒMËŒŒÎLÍMŒLÎŒNMÎLLŒNLŒ™KLM‚˜ÛÛ™š\›X][Û‹LNM‹KŒKØØWÙ\]Z]˜[[ŒLLŒŽNLŒÍŒÎNËŒLŒMMÍÌËŽNMÍÌNMMMLŽËŒMÍNLÌÍŒŒMËŒŒÎLÍMŒLÎŒNMÎLLŒNLŒ™KLM‚˜ÛÛ™š\›X][Û‹LNM‹KŒK˜]×ÜÝ™ŒLLŒŽNMÍLMÌKŒÍÍLÌMMÎKŽNMŽŒÎLÍŽNŽŒÎMNNÎMŒŒNNLKŒŒÌNMNMNÍLËKMLLLMLLŒÌLMÎÙKLM‚˜ÛÛ™š\›X][Û‹LNM‹KŒK[ÜÝ]WÛÜ˜XÛKŒLLŒKŒŒKŒŒŒ‹ŒŒŒŒLLÌLÙKLM‚˜ÛÛ™š\›X][Û‹LNM‹KŒKÛÜœ™[Û‹ŒLLŒŽNMLŒNNNNŒKŒÍMNLMŽÍŒÍŒ‹ŽNMŒŽMMŽŽLNKŒÌÎÌÎNLŽKŒŒMÌLMÌNLMMŽKLŒNLŒ™KLM‚˜ÛÛ™š\›X][Û‹LNM‹KŒKØØWÙ\]Z]˜[[ŒLLŒŽNMLŒNNNNŒKŒÍMNLMŽÍŒÍŒ‹ŽNMŒŽMMŽŽLNKŒÌÎÌÎNLŽKŒŒMÌLMÌNLMMŽKLŒNLŒ™KLM‚˜ÛÛ™š\›X][Û‹LNM‹KŒK˜]×ÜÝ™ŒLLŒŽNMŒÍÍŒMÎMLËŒMÎMÌÌŒŽNLŒÍKŽNMŒÌÌÌÎMÌËŒŽÍÎÍÍÌ‹ŒŒLÍLNÌÌÎŽNMŒÍŒLLÌŒKLM‚˜ÛÛ™š\›X][Û‹LNM‹KŒK[ÜÝ]WÛÜ˜XÛKŒLLŒKŒŒKŒŒŒŽŒLÌLŒÌŒMMLKLM‚˜ÛÛ™š\›X][Û‹LNM‹KKÛÜœ™[Û‹ŒLLŒŽNÌŒLÍÌŒMMLŒ‹ŒMÍÌŽÍÌÌÍËŽNMŒÌMMŽNNLMŽLKŒLÎNMÎMÍŒÎLÍŒÎLÎMÍ‹KMLLLMLLŒÌLMÎÙKLM‚˜ÛÛ™š\›X][Û‹LNM‹KKØØWÙ\]Z]˜[[ŒLLŒŽNÌŒLÍÌŒMMLŒ‹ŒMÍÌŽÍÌÌÍËŽNMŒÌMMŽNNLMŽLKŒLÎNMÎMÍŒÎLÍŒÎLÎMÍ‹KMLLLMLLŒÌLMÎÙKLM‚˜ÛÛ™š\›X][Û‹LNM‹KK˜]×ÜÝ™ŒLLŒŽNÎMLŽLŒŒÍNKŒLŒÍÌŽNMËŽNMŒMŒÎLÍMNMMKŒÍÎMMNMŽMËŒŒLÍŒŒLŽLËŽMÎNŒNKLM‚˜ÛÛ™š\›X][Û‹LNM‹KK[ÜÝ]WÛÜ˜XÛKŒLLŒKŒŒKŒŒŒÌNÎMMŽLMYKLM‚˜ÛÛ™š\›X][Û‹LNM‹KKŒÛÜœ™[Û‹ŒLLŒŽNLMŒÎLÌÍLMËŒÍŽMMÌŽŒLNÌŽNMÌŒŒÍÎŒÌMŒ‹ŒÍÌMÌÌÍŽMMÍKŒNÍŽMMŒÌMÍËŒNLNLLNMMÎMÌÌYKLM‚˜ÛÛ™š\›X][Û‹LNM‹KKŒØØWÙ\]Z]˜[[ŒLLŒŽNLMŒÎLÌÍLMËŒÍŽMMÌŽŒLNÌŽNMÌŒŒÍÎŒÌMŒ‹ŒÍÌMÌÌÍŽMMÍKŒNÍŽMMŒÌMÍËŒNLNLLNMMÎMÌÌYKLM‚˜ÛÛ™š\›X][Û‹LNM‹KKŒ˜]×ÜÝ™ŒLLŒŽNLMŒŒÎNÍÌÌŒÌËŒÍŒLLŽLŒMÌÌŽL‹ŽNMÌŒÍLÍLŽLÍKŒÍŽNMNMÎL‹ŒNÍNŒÌÎLÌŒËLŒNLŒ™KLM‚˜ÛÛ™š\›X][Û‹LNM‹KKŒ[ÜÝ]WÛÜ˜XÛKŒLLŒKŒŒKŒŒŒ‹ŒŒŒŒLLÌLÙKLM‚˜ÛÛ™š\›X][Û‹LNM‹‹ŒKÛÜœ™[Û‹ŒLLŒŽNMÍÌLLLŽŒÍLÌŒŽLÎÍÌŒMËŽNMŒÌLÍÍŒÍŒŒÌŒÍÌÌLNŒÎKŒŽŽMLMMŒNLMNLËKŒLÍÎMLLÍYKLM‚˜ÛÛ™š\›X][Û‹LNM‹‹ŒKØØWÙ\]Z]˜[[ŒLLŒŽNMÍÌLLLŽŒÍLÌŒŽLÎÍÌŒMËŽNMŒÌLÍÍŒÍŒŒÌŒÍÌÌLNŒÎKŒŽŽMLMMŒNLMNLËKŒLÍÎMLLÍYKLM‚˜ÛÛ™š\›X][Û‹LNM‹‹ŒK˜]×ÜÝ™ŒLLŒŽNMÌLMMŒKŒÍŽÌÌÌŽNMËŽNMŒÌÍÍŽÎMLKŒŽNMMÌMMŽÍKŒŽŽLŒÌÌML‹KŽŽÌÎLŽŒÌ™KLM‚˜ÛÛ™š\›X][Û‹LNM‹‹ŒK[ÜÝ]WÛÜ˜XÛKŒLLŒKŒŒKŒŒŒ‹ŒŒŒŒLLÌLÙKLM‚˜ÛÛ™š\›X][Û‹LNM‹‹ŒKÛÜœ™[Û‹ŒLLŒŽNÍÌŒNLLNNNKŒLLÎÍLŒÍMŒLËŽNMLNNMŽLLÍÌËŒŽNLLÌNÍM‹ŒŽLMÌÍNMMÎLÍ‹ŒŒŒŒLLÌLÙKLM‚˜ÛÛ™š\›X][Û‹LNM‹‹ŒKØØWÙ\]Z]˜[[ŒLLŒŽNÍÌŒNLLNNNKŒLLÎÍLŒÍMŒLËŽNMLNNMŽLLÍÌËŒŽNLLÌNÍM‹ŒŽLMÌÍNMMÎLÍ‹ŒŒŒŒLLÌLÙKLM‚˜ÛÛ™š\›X][Û‹LNM‹‹ŒK˜]×ÜÝ™ŒLLŒŽNMLMNMMNLŒLŒÌŽÌŽNLNŽNMLŽMÌŒŒÌŒŒŽKŒLŒMLMMLKŒMŽLÎÌMLÌŽMÌ‹ËŽMÎNŒNKLM‚˜ÛÛ™š\›X][Û‹LNM‹‹ŒK[ÜÝ]WÛÜ˜XÛKŒLLŒKŒŒKŒŒŒËŒÌÌŽLÌÎÍMŽM™KLM‚˜ÛÛ™š\›X][Û‹LNM‹‹KÛÜœ™[Û‹ŒLLŒŽNMŒÍÎNMÌÎKŒÌŒLÍMÍLÎL‹ŽNMMÍŽMÌÌËŒMMÌLMNLMNŒMŽLMŽLÎNK‹ŒLÌÎMÍÍLLÎYKLM‚˜ÛÛ™š\›X][Û‹LNM‹‹KØØWÙ\]Z]˜[[ŒLLŒŽNMŒÍÎNMÌÎKŒÌŒLÍMÍLÎL‹ŽNMMÍŽMÌÌËŒMMÌLMNLMNŒMŽLMŽLÎNK‹ŒLÌÎMÍÍLLÎYKLM‚˜ÛÛ™š\›X][Û‹LNM‹‹K˜]×ÜÝ™ŒLLŒŽNMŒŒŒÍÌLMËŒŽLMÎMÌÌŒÌLKŽNMLLLÎMMŒÍ‹ŒMÍLLMÌ‹ŒMMŒLNNLMLŽMLÎLŒNLŒ™KLM‚˜ÛÛ™š\›X][Û‹LNM‹‹K[ÜÝ]WÛÜ˜XÛKŒLLŒKŒŒKŒŒŒ‹ŒŒŒŒLLÌLÙKLM‚˜ÛÛ™š\›X][Û‹LNM‹‹KŒÛÜœ™[Û‹ŒLLŒŽNMMLÌÍŽMKŒLMMŒLŽÍLLÍKŽNMŒÎLÎŽLKŒNLÎLÍŒMÍ‹ŒŽNMŒLMŽÌŽËŽMÎNŒNKLM‚˜ÛÛ™š\›X][Û‹LNM‹‹KŒØØWÙ\]Z]˜[[ŒLLŒŽNMMLÌÍŽMKŒLMMŒLŽÍLLÍKŽNMŒÎLÎŽLKŒNLÎLÍŒMÍ‹ŒŽNMŒLMŽÌŽËŽMÎNŒNKLM‚˜ÛÛ™š\›X][Û‹LNM‹‹KŒ˜]×ÜÝ™ŒLLŒŽNMMNMŽMŒNLÍÌËŒMMLÍLŒLÌËŽNMLÍÎNMÌNKŒŒLÍÎMÎMLL‹ŒŽNŒÍMMMMŒKLŒNLŒ™KLM‚˜ÛÛ™š\›X][Û‹LNM‹‹KŒ[ÜÝ]WÛÜ˜XÛKŒLLŒKŒŒKŒŒŒ‹ŒŒŒŒLLÌLÙKLM‚˜ÛÛ™š\›X][Û‹LNM‹ŒKÛÜœ™[Û‹ŒLLŒŽNLŒLLŒÍÍLLÍ‹ŒLLÌÌMNLÌËŽNMMLNMMÎMŒMNŽNÎNKŒMÌÍŒÍŒŒŽKËŒÌÌŽLÌÎÍMŽM™KLM‚˜ÛÛ™š\›X][Û‹LNM‹ŒKØØWÙ\]Z]˜[[ŒLLŒŽNLŒLLŒÍÍLLÍ‹ŒLLÌÌMNLÌËŽNMMLNMMÎMŒMNŽNÎNKŒMÌÍŒÍŒŒŽKËŒÌÌŽLÌÎÍMŽM™KLM‚˜ÛÛ™š\›X][Û‹LNM‹ŒK˜]×ÜÝ™ŒLLŒŽNLŒMŽLŒLŒÍLÌ‹ŒÍÍŽMMLMŒÍËŽNMÌŒŽŒÌÍÌ‹ŒÎLÌÍŽNŽ‹ŒMÌŒLÌÍÍMLÍLÍËÍÌMMŒLMÌŒÍÍŒM™KLM‚˜ÛÛ™š\›X][Û‹LNM‹ŒK[ÜÝ]WÛÜ˜XÛKŒLLŒKŒŒKŒŒŒ‹ŒÍÍÎMŽÍÍÙKLM‚˜ÛÛ™š\›X][Û‹LNM‹ŒKÛÜœ™[Û‹ŒLLŒŽNLLLŒŒŽŒKŒŽŒŽNNŽNMŽNLNMÌÌLKŒÎÎLÌÌLMLMMKŒMMLMŒMMÍNKŽNMŒÍŒLLÌŒKLM‚˜ÛÛ™š\›X][Û‹LNM‹ŒKØØWÙ\]Z]˜[[ŒLLŒŽNLLLŒŒŽŒKŒŽŒŽNNŽNMŽNLNMÌÌLKŒÎÎLÌÌLMLMMKŒMMLMŒMMÍNKŽNMŒÍŒLLÌŒKLM‚˜ÛÛ™š\›X][Û‹LNM‹ŒK˜]×ÜÝ™ŒLLŒŽNLMŽÌKŒÎLNÍLLÌŒLËŽNMÌŽLÍŽLŽMÍŽŒÎLÎMÎMÌLŒMŒLËŒMMNÌŒNLŽNLË‹ÍÍMMMÍMŒMMŒŽLMKLM‚˜ÛÛ™š\›X][Û‹LNM‹ŒK[ÜÝ]WÛÜ˜XÛKŒLLŒKŒŒKŒŒŒËŒÌÌŽLÌÎÍMŽM™KLM‚˜ÛÛ™š\›X][Û‹LNM‹KÛÜœ™[Û‹ŒLLŒŽNLÌÍÍÌMNNËŒÌLÎLÎLMŒÌÍKŽNMŒNMLMNLNŒLLNÍNNMŒLLÌKŒŒÌÍÍÌÌÎMLMLŒËŒÌÌŽLÌÎÍMŽM™KLM‚˜ÛÛ™š\›X][Û‹LNM‹KØØWÙ\]Z]˜[[ŒLLŒŽNLÌÍÍÌMNNËŒÌLÎLÎLMŒÌÍKŽNMŒNMLMNLNŒLLNÍNNMŒLLÌKŒŒÌÍÍÌÌÎMLMLŒËŒÌÌŽLÌÎÍMŽM™KLM‚˜ÛÛ™š\›X][Û‹LNM‹K˜]×ÜÝ™ŒLLŒŽNLLÍŽŒLŒÍŒŽNLÎMLNLŽMKŽNMNLÌÍLŒLÎKŒLÍLNNÍÎNMKŒŒÌLŒMÎMLMÍM‹ËŒÌÌŽLÌÎÍMŽM™KLM‚˜ÛÛ™š\›X][Û‹LNM‹K[ÜÝ]WÛÜ˜XÛKŒLLŒKŒŒKŒŒŒËŽMŽMLNMLÍŒMKLM‚˜ÛÛ™š\›X][Û‹LNM‹KŒÛÜœ™[Û‹ŒLLŒŽNÎLLŽÍÌLÌÌÍŒËŒMMŒÌÌMNMLKŽNMŽLÎŒMÍÍ‹ŒÎLLŒÌMŒMÎMŒMLÎNMŒŒNMMNËŽMÎNŒNKLM‚˜ÛÛ™š\›X][Û‹LNM‹KŒØØWÙ\]Z]˜[[ŒLLŒŽNÎLLŽÍÌLÌÌÍŒËŒMMŒÌÌMNMLKŽNMŽLÎŒMÍÍ‹ŒÎLLŒÌMŒMÎMŒMLÎNMŒŒNMMNËŽMÎNŒNKLM‚˜ÛÛ™š\›X][Û‹LNM‹KŒ˜]×ÜÝ™ŒLLŒŽNŽLNLŒÍÍ‹ŒMÌLŒÌLNKŽNMŽLÎÎLÍÎKŒÎLLÎMŽÌLMÌÍ‹ŒMNMŒŽMLMNK‹LÌMÌLÌÌŒÌÍÌŒ™KLM‚˜ÛÛ™š\›X][Û‹LNM‹KŒ[ÜÝ]WÛÜ˜XÛKŒLLŒKŒŒKŒŒŒLŒNLŒ™KLM‚˜ÛÛ™š\›X][Û‹LNM‹M‹KŒKÛÜœ™[Û‹ŒLLŒŽNŒŒŽÍŒLLÌÎMŒŽLŽMŒ‹ŽNMLMŒŽLÍÌLËŒMÌŒŒŒŒŒMŒMŒÍKŒŒNÌÌŒLMÌÍKMLLLMLLŒÌLMÎÙKLM‚˜ÛÛ™š\›X][Û‹LNM‹M‹KŒKØØWÙ\]Z]˜[[ŒLLŒŽNŒŒŽÍŒLLÌÎMŒŽLŽMŒ‹ŽNMLMŒŽLÍÌLËŒMÌŒŒŒŒŒMŒMŒÍKŒŒNÌÌŒLMÌÍKMLLLMLLŒÌLMÎÙKLM‚˜ÛÛ™š\›X][Û‹LNM‹M‹KŒK˜]×ÜÝ™ŒLLŒŽNÍÍŒÍŒŒLÍŒÍËŒLŒŽMŽÎÍLÌNŽNMÍÌLÌÍMLKŒLÌÍMÍÎLÎŽLKŒNNÍÎLLÎLÌÌN‹ËŽMÎNŒNKLM‚˜ÛÛ™š\›X][Û‹LNM‹M‹KŒK[ÜÝ]WÛÜ˜XÛKŒLLŒKŒŒKŒŒŒKMLLLMLLŒÌLMÎÙKLM‚˜ÛÛ™š\›X][Û‹LNM‹M‹KŒKÛÜœ™[Û‹ŒLLŒŽMÎMLNLLLÌŽŒLMLÎŽLMLMMÍ‹ŽNLÍÎÌNÌËŒMŒÎÌÍŒŒKŒŒMMMŒÍÌNNNNËŒŒMMŒŒÍLNKLM‚˜ÛÛ™š\›X][Û‹LNM‹M‹KŒKØØWÙ\]Z]˜[[ŒLLŒŽMÎMLNLLLÌŽŒLMLÎŽLMLMMÍ‹ŽNLÍÎÌNÌËŒMŒÎÌÍŒŒKŒŒMMMŒÍÌNNNNËŒŒMMŒŒÍLNKLM‚˜ÛÛ™š\›X][Û‹LNM‹M‹KŒK˜]×ÜÝ™ŒLLŒŽMÎÎNLÎLLŒŒÍ‹ŒLLÎMÌNLLŽLMËŽNLÍÌÍÌLMŒŒŒMKŒMNMNLMÎÎÌNKŒLŽLLŒŒÎNMËŒÌÌŽLÌÎÍMŽM™KLM‚˜ÛÛ™š\›X][Û‹LNM‹M‹KŒK[ÜÝ]WÛÜ˜XÛKŒLLŒKŒŒKŒŒŒËŒÌÌŽLÌÎÍMŽM™KLM‚˜ÛÛ™š\›X][Û‹LNM‹M‹KKÛÜœ™[Û‹ŒLLŒŽMŒLMŒLLÍL‹ŒLMMÍŒLŽLÍÍÍKŽNLÍŒLÌMÌÍÍŒLKŒMLLŽLŒÍLMÌKŒNNNLÍÍMÌM‹ËŒLÌLLÌÌMÍÌNLNYKLM‚˜ÛÛ™š\›X][Û‹LNM‹M‹KKØØWÙ\]Z]˜[[ŒLLŒŽMŒLMŒLLÍL‹ŒLMMÍŒLŽLÍÍÍKŽNLÍŒLÌMÌÍÍŒLKŒMLLŽLŒÍLMÌKŒNNNLÍÍMÌM‹ËŒLÌLLÌÌMÍÌNLNYKLM‚˜ÛÛ™š\›X][Û‹LNM‹M‹KK˜]×ÜÝ™ŒLLŒŽMŒNMLMŽNMÍLMŒKŒLLŒŒÍMŽLÍŒLMMŒŽKŽNLÍÍŒÌÍLNŒŒKŒMNNMŒLMŽŒÍKŒŒÍÌŒNMLÍÍÌÌM‹KMLLLMLLŒÌLMÎÙKLM‚˜ÛÛ™š\›X][Û‹LNM‹M‹KK[ÜÝ]WÛÜ˜XÛKŒLLŒKŒŒKŒŒŒËŒÌÌŽLÌÎÍMŽM™KLM‚˜ÛÛ™š\›X][Û‹LNM‹M‹KKŒÛÜœ™[Û‹ŒLLŒŽMŽNMŒLÌŒLNM‹ŒLMŒMNŽÌMÌÍMMËŽNLÌÎMLŽLŽLÍŒ‹ŒMÍŽMLÌŽNKŒÍNNMÍLNMNKÌNÎMMŽLMYKLM‚˜ÛÛ™š\›X][Û‹LNM‹M‹KKŒØØWÙ\]Z]˜[[ŒLLŒŽMŽNMŒLÌŒLNM‹ŒLMŒMNŽÌMÌÍMMËŽNLÌÎMLŽLŽLÍŒ‹ŒMÍŽMLÌŽNKŒÍNNMÍLNMNKÌNÎMMŽLMYKLM‚˜ÛÛ™š\›X][Û‹LNM‹M‹KKŒ˜]×ÜÝ™ŒLLŒŽMÌMÌLLMLLLËŒLMNNLNKŽNLÍLŽMÌŽÎKŒMŽÌÍŽNÌÎËŒÍMŽMÍLÎÍKKMLLLMLLŒÌLMÎÙKLM‚˜ÛÛ™š\›X][Û‹LNM‹M‹KKŒ[ÜÝ]WÛÜ˜XÛKŒLLŒKŒŒKŒŒŒŽNMŒÍŒLLÌŒKLM‚˜ÛÛ™š\›X][Û‹LNM‹M‹‹ŒKÛÜœ™[Û‹ŒLLŒŽMÍLÌÌŒŒLNÌŒËŒLMÌŒŒNMŽMLÌMKŽNLÍLŽMŒLKŒMÌLÎLŽLŒÌÍŽMMÍÍ‹ËŒÌÌŽLÌÎÍMŽM™KLM‚˜ÛÛ™š\›X][Û‹LNM‹M‹‹ŒKØØWÙ\]Z]˜[[ŒLLŒŽMÍLÌÌŒŒLNÌŒËŒLMÌŒŒNMŽMLÌMKŽNLÍLŽMŒLKŒMÌLÎLŽLŒÌÍŽMMÍÍ‹ËŒÌÌŽLÌÎÍMŽM™KLM‚˜ÛÛ™š\›X][Û‹LNM‹M‹‹ŒK˜]×ÜÝ™ŒLLŒŽMŽMÍMÎŒL‹ŒLLLÌÌLÎLÌŽMNŽNLÍÍÌÍÌMÎN‹ŒMNLLÍLŒÍNMÍKŒŽÌŒŒNŽËËŽMÎNŒNKLM‚˜ÛÛ™š\›X][Û‹LNM‹M‹‹ŒK[ÜÝ]WÛÜ˜XÛKŒLLŒKŒŒKŒŒŒËŽMÎNŒNKLM‚˜ÛÛ™š\›X][Û‹LNM‹M‹‹ŒKÛÜœ™[Û‹ŒLLŒŽMŽMŽMLŒÌÌMKŒLNLMNMÌÍLŒÎKŽNLÌNNMMNŒMËŒNÎLMLNNMMËŒÍLLMŽLM‹LŒNLŒ™KLM‚˜ÛÛ™š\›X][Û‹LNM‹M‹‹ŒKØØWÙ\]Z]˜[[ŒLLŒŽMŽMŽMLŒÌÌMKŒLNLMNMÌÍLŒÎKŽNLÌNNMMNŒMËŒNÎLMLNNMMËŒÍLLMŽLM‹LŒNLŒ™KLM‚˜ÛÛ™š\›X][Û‹LNM‹M‹‹ŒK˜]×ÜÝ™ŒLLŒŽMÌÍÎMLLLLÌÍÎŽKŒLMŽMŽLÌNMÍŽNLÍLÌŒÌÍÍMKŒMÍŒMMMLŒËŒÌÍNŒÍÌŒÍMËŒŒMMŒŒÍLNKLM‚˜ÛÛ™š\›X][Û‹LNM‹M‹‹ŒK[ÜÝ]WÛÜ˜XÛKŒLLŒKŒŒKŒŒŒ‹ŒLÌÎMÍÍLLÎYKLM‚˜ÛÛ™š\›X][Û‹LNM‹M‹‹KÛÜœ™[Û‹ŒLLŒŽMÎMLÌŒŽÍÍLM‹ŒLLÎNŽLLŒËŽNMÍÌLŽNMÍŒLMMNLMLLŒÎL‹ŒNÍÍMÌŒLŒÍÍÍËËŒÌÌŽLÌÎÍMŽM™KLM‚˜ÛÛ™š\›X][Û‹LNM‹M‹‹KØØWÙ\]Z]˜[[ŒLLŒŽMÎMLÌŒŽÍÍLM‹ŒLLÎNŽLLŒËŽNMÍÌLŽNMÍŒLMMNLMLLŒÎL‹ŒNÍÍMÌŒLŒÍÍÍËËŒÌÌŽLÌÎÍMŽM™KLM‚˜ÛÛ™š\›X][Û‹LNM‹M‹‹K˜]×ÜÝ™ŒLLŒŽNÍLŒLNMÎŒÌŽMËŒLÍÎLÎMÌŒÎL‹ŽNMNMŽLÍÎÍËŒLŒMÌNMŒLËŒMÌÎLLŒÌÎNLÌËLŒNLŒ™KLM‚˜ÛÛ™š\›X][Û‹LNM‹M‹‹K[ÜÝ]WÛÜ˜XÛKŒLLŒKŒŒKŒŒŒ‹ÍÍMMMÍMŒMMŒŽLMKLM‚˜ÛÛ™š\›X][Û‹LNM‹M‹‹KŒÛÜœ™[Û‹ŒLLŒŽMÍŒŒŒŽLŒÌ‹ŒLMLÍŽŽMÍNÎMKŽNLÍŒŒÌÍLÌŒÌKŒMÌŒŽMMŒLÌNËŒŒÍÌÍÍŽMMMÌ‹KMLLLMLLŒÌLMÎÙKLM‚˜ÛÛ™š\›X][Û‹LNM‹M‹‹KŒØØWÙ\]Z]˜[[ŒLLŒŽMÍŒŒŒŽLŒÌ‹ŒLMLÍŽŽMÍNÎMKŽNLÍŒŒÌÍLÌŒÌKŒMÌŒŽMMŒLÌNËŒŒÍÌÍÍŽMMMÌ‹KMLLLMLLŒÌLMÎÙKLM‚˜ÛÛ™š\›X][Û‹LNM‹M‹‹KŒ˜]×ÜÝ™ŒLLŒŽMÍÍLÍNMKŒLLŒÌMNLMNŒÍËŽNLÍŒMNMMÍLLKŒMLÎÌNLÍNLŽ‹ŒNŒÎÍÌÎMŽMÍMŒMË‹ŒLŒŒŒÍMÎÍŒYKLM‚˜ÛÛ™š\›X][Û‹LNM‹M‹‹KŒ[ÜÝ]WÛÜ˜XÛKŒLLŒKŒŒKŒŒŒ‹ŒLŒŒŒÍMÎÍŒYKLM‚˜ÛÛ™š\›X][Û‹LNM‹M‹ŒKÛÜœ™[Û‹ŒLLŒŽNÍMÍÍŒÎLLLKŒLNMLŽMŽ‹ŽNLŒÎÌLÌÍŒŒLËŒŒMÌLŽMÌLÍÌLŽKŒÌMÎÍÍÎLLNMÍË‹ŒŒŒŒLLÌLÙKLM‚˜ÛÛ™š\›X][Û‹LNM‹M‹ŒKØØWÙ\]Z]˜[[ŒLLŒŽNÍMÍÍŒÎLLLKŒLNMLŽMŽ‹ŽNLŒÎÌLÌÍŒŒLËŒŒMÌLŽMÌLÍÌLŽKŒÌMÎÍÍÎLLNMÍË‹ŒŒŒŒLLÌLÙKLM‚˜ÛÛ™š\›X][Û‹LNM‹M‹ŒK˜]×ÜÝ™ŒLLŒŽNÌMLŽLNÌ‹ŒLŒNMÎMÍÌMŽMŒËŽNLMÌŒÍMÍLÍMÍËŒŒNLNLÍÍŽMŒMKŒŽLLÌLMÍËKMLLLMLLŒÌLMÎÙKLM‚˜ÛÛ™š\›X][Û‹LNM‹M‹ŒK[ÜÝ]WÛÜ˜XÛKŒLLŒKŒŒKŒŒŒËŒŽMNMÍŒÍMNLÌÍYKLM‚˜ÛÛ™š\›X][Û‹LNM‹M‹ŒKÛÜœ™[Û‹ŒLLŒŽMÌMLŒŒLŽÍŒLLÎŒLLÌLMLÌLNKŽNLÍŽMÍÌMŒMÍKŒMŒLÍLŒÍNŒŒLËŒŒÌÌÎMMNNLÌÍËŽNMŒÍŒLLÌŒKLM‚˜ÛÛ™š\›X][Û‹LNM‹M‹ŒKØØWÙ\]Z]˜[[ŒLLŒŽMÌMLŒŒLŽÍŒLLÎŒLLÌLMLÌLNKŽNLÍŽMÍÌMŒMÍKŒMŒLÍLŒÍNŒŒLËŒŒÌÌÎMMNNLÌÍËŽNMŒÍŒLLÌŒKLM‚˜ÛÛ™š\›X][Û‹LNM‹M‹ŒK˜]×ÜÝ™ŒLLŒŽMÌMŒŒŒŒLÌËŒLLÍÍŽŒLNLÎÍKŽNLÍÌÌLÍÎMÍMÍMKŒMŒÎNLÍÎŽ‹ŒŒÌÍMMŒL‹‹ÍÍMMMÍMŒMMŒŽLMKLM‚˜ÛÛ™š\›X][Û‹LNM‹M‹ŒK[ÜÝ]WÛÜ˜XÛKŒLLŒKŒŒKŒŒŒLŒNLŒ™KLM‚˜ÛÛ™š\›X][Û‹LNM‹M‹KÛÜœ™[Û‹ŒLLŒŽMÍÍLÍNNMMŽLNMËŒLŒLLMŽMÎLMŽNLŽLÌMÍMLŽÎLLÎKŒNMLÍNMKŒLŒLŒMMŽÌML‹KMLLLMLLŒÌLMÎÙKLM‚˜ÛÛ™š\›X][Û‹LNM‹M‹KØØWÙ\]Z]˜[[ŒLLŒŽMÍÍLÍNNMMŽLNMËŒLŒLLMŽMÎLMŽNLŽLÌMÍMLŽÎLLÎKŒNMLÍNMKŒLŒLŒMMŽÌML‹KMLLLMLLŒÌLMÎÙKLM‚˜ÛÛ™š\›X][Û‹LNM‹M‹K˜]×ÜÝ™ŒLLŒŽMÍMŒNŒÍÎLÌMÌKŒLNMLŽLNLŒÌMLŽNLÌŒLÌÌNNLMŒNMÌÎÌÌŒŽLÌËŒLMŒMMMÌLÎ‹‹ŒLÌÎMÍÍLLÎYKLM‚˜ÛÛ™š\›X][Û‹LNM‹M‹K[ÜÝ]WÛÜ˜XÛKŒLLŒKŒŒKŒŒŒÌNÎMMŽLMYKLM‚˜ÛÛ™š\›X][Û‹LNM‹M‹KŒÛÜœ™[Û‹ŒLLŒŽMÍMÌÌÌL‹ŒLŒMŒÌÌŒŽLÍLËŽNLÌLLÌÍŒÍŽKŒŒÍÌÌMÌŒKŒLLÌŒÌMËŽNMŒÍŒLLÌŒKLM‚˜ÛÛ™š\›X][Û‹LNM‹M‹KŒØØWÙ\]Z]˜[[ŒLLŒŽMÍMÌÌÌL‹ŒLŒMŒÌÌŒŽLÍLËŽNLÌLLÌÍŒÍŽKŒŒÍÌÌMÌŒKŒLLÌŒÌMËŽNMŒÍŒLLÌŒKLM‚˜ÛÛ™š\›X][Û‹LNM‹M‹KŒ˜]×ÜÝ™ŒLLŒŽMÍŒÌMÍÌŒŽKŒLŒMMÌÍŒMŒÌMŽËŽNLŽLŽLÌÌÌKŒNNMLNMÍNMNMÍŒŒÍÌMMMŽMNMÌŽËLŒNLŒ™KLM‚˜ÛÛ™š\›X][Û‹LNM‹M‹KŒ[ÜÝ]WÛÜ˜XÛKŒLLŒKŒŒKŒŒŒŽNMŒÍŒLLÌŒKLM‚˜ÛÛ™š\›X][Û‹LNMËKŒKÛÜœ™[Û‹ŒLLŒŽMÍNMLÍŽLMŒÍŽNMÎNMŽKŽNNŒNÌLLMŒŽNMLLÌÍMLÌ‹ŒŒLÌŒŒŒÍMMŒÌÍËLŒNLŒ™KLM‚˜ÛÛ™š\›X][Û‹LNMËKŒKØØWÙ\]Z]˜[[ŒLLŒŽMÍNMLÍŽLMŒÍŽNMÎNMŽKŽNNŒNÌLLMŒŽNMLLÌÍMLÌ‹ŒŒLÌŒŒŒÍMMŒÌÍËLŒNLŒ™KLM‚˜ÛÛ™š\›X][Û‹LNMËKŒK˜]×ÜÝ™ŒLLŒŽMÍNMLÍŽLŒÌËŒÍŽNMÎNMŒKŽNNŒNÌLLMŒŽNMLLÌÍMLÌKŒŒLÌŒŒŒÍMMÌŒ‹KLÌÍLÍŽLÍÍÌÍKLM‚˜ÛÛ™š\›X][Û‹LNMËKŒK[ÜÝ]WÛÜ˜XÛKŒLLŒKŒŒKŒŒŒ‹NMŒLLLÌŽNKLM‚˜ÛÛ™š\›X][Û‹LNMËKŒKÛÜœ™[Û‹ŒLLŒŽNMÌMÌŒLLÌÌŒÍÌ‹ŒŒÍLLŽŽLŒŒÎŒKŽNNMÌÌŽLÍŒMÌKŒÌŒŒNLÎLÎÌMÎNËŒÍŽNÌÌÎLËËŽMÎNŒNKLM‚˜ÛÛ™š\›X][Û‹LNMËKŒKØØWÙ\]Z]˜[[ŒLLŒŽNMÌMÌŒLLÌÌŒÍÌ‹ŒŒÍLLŽŽLŒŒÎŒKŽNNMÌÌŽLÍŒMÌKŒÌŒŒNLÎLÎÌMÎNËŒÍŽNÌÌÎLËËŽMÎNŒNKLM‚˜ÛÛ™š\›X][Û‹LNMËKŒK˜]×ÜÝ™ŒLLŒŽNMÌMÌŒLLÌÌŒÍÌKŒŒÍLLŽŽLŒŒÎNNKŽNNMÌÌŽLÍŒMÌKŒÌŒŒNLÎLÎÌNKŒÍŽNÌÌÎLLŽK‹ÍÍMMMÍMŒMMŒŽLMKLM‚˜ÛÛ™š\›X][Û‹LNMËKŒK[ÜÝ]WÛÜ˜XÛKŒLLŒKŒŒKŒŒŒKMLLLMLLŒÌLMÎÙKLM‚˜ÛÛ™š\›X][Û‹LNMËKKÛÜœ™[Û‹ŒLLŒŽNLMLLLMLKŒŒÌMÍÍLŒLKŽNNÍÌMLŽML‹ŒŽLNLMLÍÎN‹ŒMÍŒLŽLÍÍÌLËKLÌÍLÍŽLÍÍÌÍKLM‚˜ÛÛ™š\›X][Û‹LNMËKKØØWÙ\]Z]˜[[ŒLLŒŽNLMLLLMLKŒŒÌMÍÍLŒLKŽNNÍÌMLŽML‹ŒŽLNLMLÍÎN‹ŒMÍŒLŽLÍÍÌLËKLÌÍLÍŽLÍÍÌÍKLM‚˜ÛÛ™š\›X][Û‹LNMËKK˜]×ÜÝ™ŒLLŒŽNLMLLLMLKŒŒÌMÍÍLŒŽNNÍÌMLŽML‹ŒŽLNLMLÍÍÍËŒMÍŒLŽLÍÌÎŒ‹LŒNLŒ™KLM‚˜ÛÛ™š\›X][Û‹LNMËKK[ÜÝ]WÛÜ˜XÛKŒLLŒKŒŒKŒŒŒ‹ŒŒŒŒLLÌLÙKLM‚˜ÛÛ™š\›X][Û‹LNMËKKŒÛÜœ™[Û‹ŒLLŒŽNNNMÌLLËŒŒLŒÍÎŒŒÍÎŽNNMÍLÍLÎM‹ŒÎŽMMNMÍÎMÎNŒŒŒLÍÎMLNM‹ËŒÌÌŽLÌÎÍMŽM™KLM‚˜ÛÛ™š\›X][Û‹LNMËKKŒØØWÙ\]Z]˜[[ŒLLŒŽNNNMÌLLËŒŒLŒÍÎŒŒÍÎŽNNMÍLÍLÎM‹ŒÎŽMMNMÍÎMÎNŒŒŒLÍÎMLNM‹ËŒÌÌŽLÌÎÍMŽM™KLM‚˜ÛÛ™š\›X][Û‹LNMËKKŒ˜]×ÜÝ™ŒLLŒŽNNNMÌLLÍŒŒLŒÍÎŒŒÍNŽNNMÍLÍLÎMŒ‹ŒÎŽMMNMÍÎMÎ‹ŒŒŒLÍÎMLŒKMLLLMLLŒÌLMÎÙKLM‚˜ÛÛ™š\›X][Û‹LNMËKKŒ[ÜÝ]WÛÜ˜XÛKŒLLŒKŒŒKŒŒŒ‹ŒŒŒŒLLÌLÙKLM‚˜ÛÛ™š\›X][Û‹LNMË‹ŒKÛÜœ™[Û‹ŒLLŒKŒMÌŽLÌÍLŽNLÌÌ‹ŒNNŒMŽŒLÍLKŽNNÌŽLNLNKŒŽMLÌNËŒŒÍŒÌŽNMŒLNËKŒLLŒŒÌŒLMMYKLM‚˜ÛÛ™š\›X][Û‹LNMË‹ŒKØØWÙ\]Z]˜[[ŒLLŒKŒMÌŽLÌÍLŽNLÌÌ‹ŒNNŒMŽŒLÍLKŽNNÌŽLNLNKŒŽMLÌNËŒŒÍŒÌŽNMŒLNËKŒLLŒŒÌŒLMMYKLM‚˜ÛÛ™š\›X][Û‹LNMË‹ŒK˜]×ÜÝ™ŒLLŒKŒMÌŽLÌÍLŽNLÍËŒNNŒMŽŒLÍLŒMŽNNÌŽLNLNKŒŽMLÌMÍÎ‹ŒŒÍŒÌŽNMŒLMM‹ŒŒŒŒLLÌLÙKLM‚˜ÛÛ™š\›X][Û‹LNMË‹ŒK[ÜÝ]WÛÜ˜XÛKŒLLŒKŒŒKŒŒŒKMLLLMLLŒÌLMÎÙKLMÂ˜ÛÛ™š\›X][Û‹LNMË‹ŒKÛÜœ™[Û‹ŒLLŒŽMÍLŒŽLLMMMÍÍ‹ŒMÌLÍŒMLLÍLÍMŽKŽNNLLÎLÌÌÍKŒÌÌMÎLŒËŒMÌÎNŒÎLŒMKËŒÌÌŽLÌÎÍMŽM™KLM‚˜ÛÛ™š\›X][Û‹LNMË‹ŒKØØWÙ\]Z]˜[[ŒLLŒŽMÍLŒŽLLMMMÍÍ‹ŒMÌLÍŒMLLÍLÍMŽKŽNNLLÎLÌÌÍKŒÌÌMÎLŒËŒMÌÎNŒÎLŒMKËŒÌÌŽLÌÎÍMŽM™KLM‚˜ÛÛ™š\›X][Û‹LNMË‹ŒK˜]×ÜÝ™ŒLLŒŽMÍLŒŽLLMMMÍËŒMÌLÍŒMLLÍLÍŒ‹ŽNNLLÎLÌÌÍŒÌÌMÎLŽMËŒMÌÎNŒÎLŒŒŽMK‹ÍÍMMMÍMŒMMŒŽLMKLM‚˜ÛÛ™š\›X][Û‹LNMË‹ŒK[ÜÝ]WÛÜ˜XÛKŒLLŒKŒŒKŒŒŒKŒLLŒŒÌŒLMMYKLM‚˜ÛÛ™š\›X][Û‹LNMË‹KÛÜœ™[Û‹ŒLLŒŽNŒÎŒLMLNL‹ŒÌÍÌŒÌÌML‹ŽNNLMŒŒÍÍL‹ŒÌŽLLÍLŒÌŒLÍŒLËŒNMNNÌLÎLMÍŒËŽNMŒÍŒLLÌŒKLM‚˜ÛÛ™š\›X][Û‹LNMË‹KØØWÙ\]Z]˜[[ŒLLŒŽNŒÎŒLMLNL‹ŒÌÍÌŒÌÌML‹ŽNNLMŒŒÍÍL‹ŒÌŽLLÍLŒÌŒLÍŒLËŒNMNNÌLÎLMÍŒËŽNMŒÍŒLLÌŒKLM‚˜ÛÛ™š\›X][Û‹LNMË‹K˜]×ÜÝ™ŒLLŒŽNŒÎŒLMLNL‹ŒÌÍÌŒÌÌMLÌËŽNNLMŒŒÍÍL‹ŒÌŽLLÍLŒÌŒLÍ‹ŒNMNNÌLÎLNNKLŒNLŒ™KLM‚˜ÛÛ™š\›X][Û‹LNMË‹K[ÜÝ]WÛÜ˜XÛKŒLLŒKŒŒKŒŒŒËŽMÎNŒNKLM‚˜ÛÛ™š\›X][Û‹LNMË‹KŒÛÜœ™[Û‹ŒLLŒŽMÌÌMNMÍÍÍMÍÎŒŒNNMMŒÌÌÌŒŒŽŽNNNMŽLÎŒËŒÌLNLNLÍMÍMÎŒMÌŒÌÌÍÌNÍLÍKKŽMŽLŽLÌMKLM‚˜ÛÛ™š\›X][Û‹LNMË‹KŒØØWÙ\]Z]˜[[ŒLLŒŽMÌÌMNMÍÍÍMÍÎŒŒNNMMŒÌÌÌŒŒŽŽNNNMŽLÎŒËŒÌLNLNLÍMÍMÎŒMÌŒÌÌÍÌNÍLÍKKŽMŽLŽLÌMKLM‚˜ÛÛ™š\›X][Û‹LNMË‹KŒ˜]×ÜÝ™ŒLLŒŽMÌÌMNMÍÍÍMÎËŒŒNNMMŒÌÌÌŒŒŒÍŽNNNMŽLÎŒËŒÌLNLNLÍMÌKŒMÌŒÌÌÍÌNŒ‹ÍÍMMMÍMŒMMŒŽLMKLM‚˜ÛÛ™š\›X][Û‹LNMË‹KŒ[ÜÝ]WÛÜ˜XÛKŒLLŒKŒŒKŒŒŒKŒLLÌÌÌYKLM‚˜ÛÛ™š\›X][Û‹LNMËŒKÛÜœ™[Û‹ŒLLŒKŒMLÌLNLLNLŽL‹ŒLMŒMŒÍŒKŽNNŒÍLMÌÌŒ‹ŒLÍÌŒŒÍÎMLÍLŒËŒNLÌNL‹‹ÍÍMMMÍMŒMMŒŽLMKLM‚˜ÛÛ™š\›X][Û‹LNMËŒKØØWÙ\]Z]˜[[ŒLLŒKŒMLÌLNLLNLŽL‹ŒLMŒMŒÍŒKŽNNŒÍLMÌÌŒ‹ŒLÍÌŒŒÍÎMLÍLŒËŒNLÌNL‹‹ÍÍMMMÍMŒMMŒŽLMKLM‚˜ÛÛ™š\›X][Û‹LNMËŒK˜]×ÜÝ™ŒLLŒKŒMLÌLNLLNLŽLŒLMŒMŒÍÎNMÌKŽNNŒÍLMÌÌŒLÍÌŒŒÍÎMLÌ‹ŒNLÌNMË‹ŒÍNLŒŒÎLÌÌŽMÍ™KLM‚˜ÛÛ™š\›X][Û‹LNMËŒK[ÜÝ]WÛÜ˜XÛKŒLLŒKŒŒKŒŒŒ‹ŽŒLŽŒÍÍLÙKLM‚˜ÛÛ™š\›X][Û‹LNMËŒKÛÜœ™[Û‹ŒLLŒKŒMÍMMÍNMLMLËŒÍÌMLLÎMÍMŽNMÍMÌŽMËŒÍÌŽLMÎL‹ŒMMÍNMÍÍNŒÌMKKŽMŽLŽLÌMKLM‚˜ÛÛ™š\›X][Û‹LNMËŒKØØWÙ\]Z]˜[[ŒLLŒKŒMÍMMÍNMLMLËŒÍÌMLLÎMÍMŽNMÍMÌŽMËŒÍÌŽLMÎL‹ŒMMÍNMÍÍNŒÌMKKŽMŽLŽLÌMKLM‚˜ÛÛ™š\›X][Û‹LNMËŒK˜]×ÜÝ™ŒLLŒKŒMÍMMÍNMLMM‹ŒÍÌMLLÎMÎ‹ŽNMÍMÌŽMËŒÍÌŽLMÎLÌ‹ŒMMÍNMÍÍNŒÌŒŽËŽMÎNŒNKLM‚˜ÛÛ™š\›X][Û‹LNMËŒK[ÜÝ]WÛÜ˜XÛKŒLLŒKŒŒKŒŒŒKŽMŽLŽLÌMKLM‚˜ÛÛ™š\›X][Û‹LNMËKÛÜœ™[Û‹ŒLLŒŽNMŒÎMÌLLMLÎNŒÍŒŽÍMŽNÌM‹ŽNMÍNLÍÌMMŽMÌËŒÍŽÍLÍNLÌÍ‹ŒLNNMÌŒÍÌÎLŽN‹NNMŒ™KLM‚˜ÛÛ™š\›X][Û‹LNMËKØØWÙ\]Z]˜[[ŒLLŒŽNMŒÎMÌLLMLÎNŒÍŒŽÍMŽNÌM‹ŽNMÍNLÍÌMMŽMÌËŒÍŽÍLÍNLÌÍ‹ŒLNNMÌŒÍÌÎLŽN‹NNMŒ™KLM‚˜ÛÛ™š\›X][Û‹LNMËK˜]×ÜÝ™ŒLLŒŽNMŒÎMÌLLMMNKŒÍŒŽÍMŽNÌM‹ŽNMÍNLÍÌMMŽMÍŒÍŽÍLÍNLÌŽKŒLNNMÌŒÍÌÎLŒËŒÌÌŽLÌÎÍMŽM™KLM‚˜ÛÛ™š\›X][Û‹LNMËK[ÜÝ]WÛÜ˜XÛKŒLLŒKŒŒKŒŒŒ‹ŒŒŒŒLLÌLÙKLM‚˜ÛÛ™š\›X][Û‹LNMËKŒÛÜœ™[Û‹ŒLLŒŽNMÌNŒÍÌŽMÌÍÌËŒÍMNMŒÍKŽNNMÌLŒŒÎMNL‹ŒŒŽŒÍŽŽÌKŒLÌÍÎMÌŒNËŽMÎNŒNKLM‚˜ÛÛ™š\›X][Û‹LNMËKŒØØWÙ\]Z]˜[[ŒLLŒŽNMÌNŒÍÌŽMÌÍÌËŒÍMNMŒÍKŽNNMÌLŒŒÎMNL‹ŒŒŽŒÍŽŽÌKŒLÌÍÎMÌŒNËŽMÎNŒNKLM‚˜ÛÛ™š\›X][Û‹LNMËKŒ˜]×ÜÝ™ŒLLŒŽNMÌNŒÍÌŽMÌÍÍKŒÍMNMŒÍNŽNNMÌLŒŒÎMNL‹ŒŒŽŒÍŽŽËŒLÌÍÎMÌLÍLŒNLŒ™KLM‚˜ÛÛ™š\›X][Û‹LNMËKŒ[ÜÝ]WÛÜ˜XÛKŒLLŒKŒŒKŒŒŒËŒÌÌŽLÌÎÍMŽM™KLM‚˜ÛÛ™š\›X][Û‹LNMËKŒKÛÜœ™[Û‹ŒLLŒŽNÌÌÌLŒLŽMŒŽKŒÎŽMLÍÎKŽNMLŒÎMŒLËŒLLÌÌMŽKŒMÌNMNMËËŒÌÌŽLÌÎÍMŽM™KLM‚˜ÛÛ™š\›X][Û‹LNMËKŒKØØWÙ\]Z]˜[[ŒLLŒŽNÌÌÌLŒLŽMŒŽKŒÎŽMLÍÎKŽNMLŒÎMŒLËŒLLÌÌMŽKŒMÌNMNMËËŒÌÌŽLÌÎÍMŽM™KLM‚˜ÛÛ™š\›X][Û‹LNMËKŒK˜]×ÜÝ™ŒLLŒŽNLÍÍÎMMÍLKŒÍÎLŽMÎLLÌLKŽNMÍŒÍÌMLNŒÍÍNNLŒÌML‹ŒMNLÌLÍÌLŒŽÎLË‹ŒÌÌÌÌÍNÌ™KLM‚˜ÛÛ™š\›X][Û‹LNMËKŒK[ÜÝ]WÛÜ˜XÛKŒLLŒKŒŒKŒŒŒ‹ÍÍMMMÍMŒMMŒŽLMKLM‚˜ÛÛ™š\›X][Û‹LNMËKŒKÛÜœ™[Û‹ŒLLŒŽNÍMLÍÍMÎM‹ŒMÍLMŒMÌNMŽNMMNÌMÌŒM‹ŒMNLŒMÍŽNLNLLLMŒŒMNLÎMLMŒŒLNKMLLLMLLŒÌLMÎÙKLM‚˜ÛÛ™š\›X][Û‹LNMËKŒKØØWÙ\]Z]˜[[ŒLLŒŽNÍMLÍÍMÎM‹ŒMÍLMŒMÌNMŽNMMNÌMÌŒM‹ŒMNLŒMÍŽNLNLLLMŒŒMNLÎMLMŒŒLNKMLLLMLLŒÌLMÎÙKLM‚˜ÛÛ™š\›X][Û‹LNMËKŒK˜]×ÜÝ™ŒLLŒŽNŒMÌŒÌÍLNLŒNLÍNMÍŽŽNMŒMÌMÌÍMLËŒLMMÌŒÌÎLŒÌŒËŒŒMŒÌÌŒŽLMÍÌMËŽMÎNŒNKLM‚˜ÛÛ™š\›X][Û‹LNMËKŒK[ÜÝ]WÛÜ˜XÛKŒLLŒKŒŒKŒŒŒ‹ÍÍMMMÍMŒMMŒŽLMKLM‚˜ÛÛ™š\›X][Û‹LNMËKKÛÜœ™[Û‹ŒLLŒŽNLŒNLÍÌÍMKŒÍMÎLŽÎKŽNMŒÎNNLMLLŒÍKŒLÌŒÎLLÎŒŽKŒLÍMNLŽMMÌ‹ŒŒŒŒLLÌLÙKLM‚˜ÛÛ™š\›X][Û‹LNMËKKØØWÙ\]Z]˜[[ŒLLŒŽNLŒNLÍÌÍMKŒÍMÎLŽÎKŽNMŒÎNNLMLLŒÍKŒLÌŒÎLLÎŒŽKŒLÍMNLŽMMÌ‹ŒŒŒŒLLÌLÙKLM‚˜ÛÛ™š\›X][Û‹LNMËKK˜]×ÜÝ™ŒLLŒŽNLLŒLŒÍLÍL‹ŒLŒMÌÍŒNÍŽMËŽNMNLŽNLÍL‹ŒŒÌMLŒÍMM‹ŒLŒMÍMŒNLÌÍKŒMŒÌÌÍŒÍŒÍÌÍÙKLM‚˜ÛÛ™š\›X][Û‹LNMËKK[ÜÝ]WÛÜ˜XÛKŒLLŒKŒŒKŒŒŒ‹ÍÍMMMÍMŒMMŒŽLMKLM‚˜ÛÛ™š\›X][Û‹LNMËKKŒÛÜœ™[Û‹ŒLLŒŽNLŒŽLLÌÌÌ‹ŒMÌLLLŽÌŒML‹ŽNMMÎMLÌLNŒLÍNÌÎMŒÎËŒNLÌÎMÌMMMLÌÌ‹ËŒÌÌŽLÌÎÍMŽM™KLM‚˜ÛÛ™š\›X][Û‹LNMËKKŒØØWÙ\]Z]˜[[ŒLLŒŽNLŒŽLLÌÌÌ‹ŒMÌLLLŽÌŒML‹ŽNMMÎMLÌLNŒLÍNÌÎMŒÎËŒNLÌÎMÌMMMLÌÌ‹ËŒÌÌŽLÌÎÍMŽM™KLM‚˜ÛÛ™š\›X][Û‹LNMËKKŒ˜]×ÜÝ™ŒLLŒŽNLMŽŒÎMÌÍMLËŒLÌNMÍÌNMŒŽKŽNMNMMLÎMKŒLLÌŒÍŽLMMŒNLÎMMNLMÎ‹‹ÍÍMMMÍMŒMMŒŽLMKLM‚˜ÛÛ™š\›X][Û‹LNMËKKŒ[ÜÝ]WÛÜ˜XÛKŒLLŒKŒŒKŒŒŒ‹ŒŒŒŒLLÌLÙKLM‚˜ÛÛ™š\›X][Û‹LNMË‹ŒKÛÜœ™[Û‹ŒLLŒŽMNMÌLÎMÌŒÌÌMKŒMMNÍÎËŽNMNMLŒÌNMŒŽ‹ŒNÌÍÍŒŒÍÍ‹ŒŒLÍLLMÌMÌŽMÎMË‹ÍÍMMMÍMŒMMŒŽLMKLM‚˜ÛÛ™š\›X][Û‹LNMË‹ŒKØØWÙ\]Z]˜[[ŒLLŒŽMNMÌLÎMÌŒÌÌMKŒMMNÍÎËŽNMNMLŒÌNMŒŽ‹ŒNÌÍÍŒŒÍÍ‹ŒŒLÍLLMÌMÌŽMÎMË‹ÍÍMMMÍMŒMMŒŽLMKLM‚˜ÛÛ™š\›X][Û‹LNMË‹ŒK˜]×ÜÝ™ŒLLŒŽMNNÎMLLËŒLÍÌLŒMŒÍÌKŽNMŒŒMLMNLÌÌ‹ŒÌLÌÌNŒŒLKŒŒMÌNMLÍMËLŒNLŒ™KLM‚˜ÛÛ™š\›X][Û‹LNMË‹ŒK[ÜÝ]WÛÜ˜XÛKŒLLŒKŒŒKŒŒŒËŽMMLMŽMLLŒÌL™KLM‚˜ÛÛ™š\›X][Û‹LNMË‹ŒKÛÜœ™[Û‹ŒLLŒŽNMŽLÎLÍŽÌËŒLLLŒÎMËŽNMŒMÍÎMMMMKŒŒÎLLÍŒËŒŒŒŒNNNMLMNLÍ‹ÍÍMMMÍMŒMMŒŽLMKLM‚˜ÛÛ™š\›X][Û‹LNMË‹ŒKØØWÙ\]Z]˜[[ŒLLŒŽNMŽLÎLÍŽÌËŒLLLŒÎMËŽNMŒMÍÎMMMMKŒŒÎLLÍŒËŒŒŒŒNNNMLMNLÍ‹ÍÍMMMÍMŒMMŒŽLMKLM‚˜ÛÛ™š\›X][Û‹LNMË‹ŒK˜]×ÜÝ™ŒLLŒŽNMÌŽÌNÎMŒNMÍÌÌÎŒLÎ‹ŽNMŒMÌLÎNLŒŽÎŒÍÍMŒLLŒŽMŒÌÍËŒŒŒMNLŒÍMLNÍ‹ËŒLÌLLÌÌMÍÌNLNYKLM‚˜ÛÛ™š\›X][Û‹LNMË‹ŒK[ÜÝ]WÛÜ˜XÛKŒLLŒKŒŒKŒŒŒKLÌÍLÍŽLÍÍÌÍKLM‚˜ÛÛ™š\›X][Û‹LNMË‹KÛÜœ™[Û‹ŒLLŒKŒLÍÍÎLLMKŒŒÍŽLNMŒÍŽNMŽŒLMŒŽŒÌMŽMŒLMLÎMM‹ŒŒŒLNLÍNÍÌLÍËËŒÌÌŽLÌÎÍMŽM™KLM‚˜ÛÛ™š\›X][Û‹LNMË‹KØØWÙ\]Z]˜[[ŒLLŒKŒLÍÍÎLLMKŒŒÍŽLNMŒÍŽNMŽŒLMŒŽŒÌMŽMŒLMLÎMM‹ŒŒŒLNLÍNÍÌLÍËËŒÌÌŽLÌÎÍMŽM™KLM‚˜ÛÛ™š\›X][Û‹LNMË‹K˜]×ÜÝ™ŒLLŒKŒÍÍŽMÎLLŒMMŒLŽÌNŒKŽNMÌŒÌLLÍŽKŒMLŽNLÎNMMÌÍŒNMÎLÌŒŒMÍ‹ŒŒŒŒLLÌLÙKLM‚˜ÛÛ™š\›X][Û‹LNMË‹K[ÜÝ]WÛÜ˜XÛKŒLLŒKŒŒKŒŒŒLŒNLŒ™KLM‚˜ÛÛ™š\›X][Û‹LNMË‹KŒÛÜœ™[Û‹ŒLLŒŽNLŽÍLÌÌMÍŒMŽMLŒMÌŽKŽNMMÎMŒNLLLKŒNLLŒŒÌŒÌÍŽMŒMÌLŒMÎMŒLLÍËËŒLÌLLÌÌMÍÌNLNYKLM‚˜ÛÛ™š\›X][Û‹LNMË‹KŒØØWÙ\]Z]˜[[ŒLLŒŽNLŽÍLÌÌMÍŒMŽMLŒMÌŽKŽNMMÎMŒNLLLKŒNLLŒŒÌŒÌÍŽMŒMÌLŒMÎMŒLLÍËËŒLÌLLÌÌMÍÌNLNYKLM‚˜ÛÛ™š\›X][Û‹LNMË‹KŒ˜]×ÜÝ™ŒLLŒŽNÌÎMMÍLËŒMLŒMŒMNËŽNMMÍMMMLŒMÍËŒŒMÍMÌŒÌLÍKŒMÍLÍŒLÌŽÎËËŽMÎNŒNKLM‚˜ÛÛ™š\›X][Û‹LNMË‹KŒ[ÜÝ]WÛÜ˜XÛKŒLLŒKŒŒKŒŒŒLŒNLŒ™KLM‚˜ÛÛ™š\›X][Û‹LNMËŒKÛÜœ™[Û‹ŒLLŒŽNŒNMÎLŒÌ‹ŒLMŒŒÍLÍ‹ŽNMLMMÎÌÍËŒMÍÍLÎLLÍMÌKŒŒŒNNNNNLLŽLMÍM‹‹NNMŒ™KLM‚˜ÛÛ™š\›X][Û‹LNMËŒKØØWÙ\]Z]˜[[ŒLLŒŽNŒNMÎLŒÌ‹ŒLMŒŒÍLÍ‹ŽNMLMMÎÌÍËŒMÍÍLÎLLÍMÌKŒŒŒNNNNNLLŽLMÍM‹‹NNMŒ™KLM‚˜ÛÛ™š\›X][Û‹LNMËŒK˜]×ÜÝ™ŒLLŒŽNLMŒÌÍÌËŒŽMŒŽMŒMÌÎŽNMMÌLLNLŒÍ‹ŒMNÌÌLMKŒŒÍMÍMŽLÍŒÎNMMÎËŒLÌLLÌÌMÍÌNLNYKLM‚˜ÛÛ™š\›X][Û‹LNMËŒK[ÜÝ]WÛÜ˜XÛKŒLLŒKŒŒKŒŒŒËŒÌÌŽLÌÎÍMŽM™KLM‚˜ÛÛ™š\›X][Û‹LNMËŒKÛÜœ™[Û‹ŒLLŒŽMLÍŽLMÎŒŒŒŒLMŽNNLLÍMKŽNMŒŽÌÌŒMLŒM‹ŒÌLMÍLNÌÍNŒMLMMÎMLLMŽLËKMLLLMLLŒÌLMÎÙKLM‚˜ÛÛ™š\›X][Û‹LNMËŒKØØWÙ\]Z]˜[[ŒLLŒŽMLÍŽLMÎŒŒŒŒLMŽNNLLÍMKŽNMŒŽÌÌŒMLŒM‹ŒÌLMÍLNÌÍNŒMLMMÎMLLMŽLËKMLLLMLLŒÌLMÎÙKLM‚˜ÛÛ™š\›X][Û‹LNMËŒK˜]×ÜÝ™ŒLLŒŽMMLŒMLNMLKŒLŽMÎLLMÌKŽNMŒÌÍÌÎŒŽMËŒÎLÍÎLÍÎNŽMMM‹ŒMŒŒŒLLÍÌÍLMMÌ‹‹ÍÍMMMÍMŒMMŒŽLMKLM‚˜ÛÛ™š\›X][Û‹LNMËŒK[ÜÝ]WÛÜ˜XÛKŒLLŒKŒŒKŒŒŒ‹ÍÍMMMÍMŒMMŒŽLMKLM‚˜ÛÛ™š\›X][Û‹LNMËKÛÜœ™[Û‹ŒLLŒŽNLLÍMŒÌÌLËŒLŒLMÌŒLMÌÍKŽNMNMŽMÍNÌÍËŒLŒMLŒŽMÎLÌM‹ŒMÌLŽNÍLÌNL‹‹NNMŒ™KLM‚˜ÛÛ™š\›X][Û‹LNMËKØØWÙ\]Z]˜[[ŒLLŒŽNLLÍMŒÌÌLËŒLŒLMÌŒLMÌÍKŽNMNMŽMÍNÌÍËŒLŒMLŒŽMÎLÌM‹ŒMÌLŽNÍLÌNL‹‹NNMŒ™KLM‚˜ÛÛ™š\›X][Û‹LNMËK˜]×ÜÝ™ŒLLŒŽNNNMÍÍLÍKŒLNLMÍMNÍMŽNMNNŒLNÍÍM‹ŒNÎNMNL‹ŒMLMÎNŒÍNLLÍ‹ÍÍMMMÍMŒMMŒŽLMKLM‚˜ÛÛ™š\›X][Û‹LNMËK[ÜÝ]WÛÜ˜XÛKŒLLŒKŒŒKŒŒŒËŽMÎNŒNKLM‚˜ÛÛ™š\›X][Û‹LNMËKŒÛÜœ™[Û‹ŒLLŒŽNLMMMŒŒŽ‹ŒMÎLŒLŒLMNÎLKŽNMMŒLÌNMÌÍŽKŒMNMŽMLÍŽËŒMMMŒÍŒËŒÌÌŽLÌÎÍMŽM™KLM‚˜ÛÛ™š\›X][Û‹LNMËKŒØØWÙ\]Z]˜[[ŒLLŒŽNLMMMŒŒŽ‹ŒMÎLŒLŒLMNÎLKŽNMMŒLÌNMÌÍŽKŒMNMŽMLÍŽËŒMMMŒÍŒËŒÌÌŽLÌÎÍMŽM™KLM‚˜ÛÛ™š\›X][Û‹LNMËKŒ˜]×ÜÝ™ŒLLŒŽNLLLŒÌLMKŒÌNMÌLŽMNM‹ŽNMLŽNMLŽNMÍKŒNÌŽNLŽMLL‹ŒMMLMÎLNLŒMŒMLÌËËŒÌÌŽLÌÎÍMŽM™KLM‚˜ÛÛ™š\›X][Û‹LNMËKŒ[ÜÝ]WÛÜ˜XÛKŒLLŒKŒŒKŒŒŒ‹ÍÍMMMÍMŒMMŒŽLMKLM‚˜ÛÛ™š\›X][Û‹LNMËM‹KŒKÛÜœ™[Û‹ŒLLŒŽMÌŒLŽLŽMŒŽMÌ‹ŒLLMÌŒNMLÎÎLKŽNLÎLMŒÌÌÎMËŒMLMMÌLÎŒMÌÌ‹ŒÍLŽMÍMŒLLNËŽMÎNŒNKLM‚˜ÛÛ™š\›X][Û‹LNMËM‹KŒKØØWÙ\]Z]˜[[ŒLLŒŽMÌŒLŽLŽMŒŽMÌ‹ŒLLMÌŒNMLÎÎLKŽNLÎLMŒÌÌÎMËŒMLMMÌLÎŒMÌÌ‹ŒÍLŽMÍMŒLLNËŽMÎNŒNKLM‚˜ÛÛ™š\›X][Û‹LNMËM‹KŒK˜]×ÜÝ™ŒLLŒŽMÌLLŒLŒÍMŒLÍMŒÎLLNNÎKŽNMMÌÌLMÌÎLKŒMLMMÎŒŽÎÍ‹ŒÌÍÌÌŒMÍÌÌ‹ËŒÌÌŽLÌÎÍMŽM™KLM‚˜ÛÛ™š\›X][Û‹LNMËM‹KŒK[ÜÝ]WÛÜ˜XÛKŒLLŒKŒŒKŒŒŒ‹NNMŒ™KLM‚˜ÛÛ™š\›X][Û‹LNMËM‹KŒKÛÜœ™[Û‹ŒLLŒŽMÍŽNÎLÌÎKŒLÎNLMMNNNLNLŽMËŽNMNMŒÍLŒLËŒLÎŽLÎMÎMLNLKŒŒÌNÎÎÎ‹ŒLÌÎMÍÍLLÎYKLM‚˜ÛÛ™š\›X][Û‹LNMËM‹KŒKØØWÙ\]Z]˜[[ŒLLŒŽMÍŽNÎLÌÎKŒLÎNLMMNNNLNLŽMËŽNMNMŒÍLŒLËŒLÎŽLÎMÎMLNLKŒŒÌNÎÎÎ‹ŒLÌÎMÍÍLLÎYKLM‚˜ÛÛ™š\›X][Û‹LNMËM‹KŒK˜]×ÜÝ™ŒLLŒŽMÍŽMÎÍLMÍŒ‹ŒLÎNÍMNLLLMÍKŽNMŒŒÌÌLLÍŽKŒLÍÌÎLÌLMNKŒŒŽMNMŒNÎMÍŽNMŒÍŒLLÌŒKLM‚˜ÛÛ™š\›X][Û‹LNMËM‹KŒK[ÜÝ]WÛÜ˜XÛKŒLLŒKŒŒKŒŒŒËŒÌÌŽLÌÎÍMŽM™KLM‚˜ÛÛ™š\›X][Û‹LNMËM‹KKÛÜœ™[Û‹ŒLLŒŽMÍŽLÌÍŒŽLKŒLMNMMNMNMMÌL‹ŽNLÍLÍÌMMÌËŒMÍLNMLŒÎMMŒŽMŒÌNÍŒŽLÎË‹ŽMLŒNMŒÍ™KLM‚˜ÛÛ™š\›X][Û‹LNMËM‹KKØØWÙ\]Z]˜[[ŒLLŒŽMÍŽLÌÍŒŽLKŒLMNMMNMNMMÌL‹ŽNLÍLÍÌMMÌËŒMÍLNMLŒÎMMŒŽMŒÌNÍŒŽLÎË‹ŽMLŒNMŒÍ™KLM‚˜ÛÛ™š\›X][Û‹LNMËM‹KK˜]×ÜÝ™ŒLLŒŽMÍÍLÍÍŒÌŒŽNLÎKŒLMLLNMŒÍŽNLKŽNLÍNNLNLNMËŒMÌNLLLÍÍMKŒŽLLLNNÌÌNLMÍÍËËŒÍMŒÌŒÍLŒÍÍÙKLM‚˜ÛÛ™š\›X][Û‹LNMËM‹KK[ÜÝ]WÛÜ˜XÛKŒLLŒKŒŒKŒŒŒËŒÌÌŽLÌÎÍMŽM™KLM‚˜ÛÛ™š\›X][Û‹LNMËM‹KKŒÛÜœ™[Û‹ŒLLŒŽMÍÎMŽŒLŽLMKŒLLŒLÍLŒŽÍKŽNMŒÌÌÌŒÌMËŒMŽÎNNŒŽŒ‹ŒNMÍLŒÌLÌŽŒÌŒLMŒŒŒM™KLM‚˜ÛÛ™š\›X][Û‹LNMËM‹KKŒØØWÙ\]Z]˜[[ŒLLŒŽMÍÎMŽŒLŽLMKŒLLŒLÍLŒŽÍKŽNMŒÌÌÌŒÌMËŒMŽÎNNŒŽŒ‹ŒNMÍLŒÌLÌŽŒÌŒLMŒŒŒM™KLM‚˜ÛÛ™š\›X][Û‹LNMËM‹KKŒ˜]×ÜÝ™ŒLLŒŽMÍMÎŽLÍŽNÎKŒLLÌÌÍLLMLKŽNMŒMLŽMŒŽNNM‹ŒLÍÎNNLLËŒMÌÍMÌNÌLŽŒÍNMÍLLŽMMYKLM‚˜ÛÛ™š\›X][Û‹LNMËM‹KKŒ[ÜÝ]WÛÜ˜XÛKŒLLŒKŒŒKŒŒŒËÍÌMMŒLMÌŒÍÍŒM™KLM‚˜ÛÛ™š\›X][Û‹LNMËM‹‹ŒKÛÜœ™[Û‹ŒLLŒŽMÎNLÍÌNMMLMLÍŒËŒLNLŒÍŽLLŽMMŽNLÌŒÍŽLNMÍŒËŒNÍNLLÍŽLÌÌÍMKŒÌÌÍMMÎLMMŒKLŒNLŒ™KLM‚˜ÛÛ™š\›X][Û‹LNMËM‹‹ŒKØØWÙ\]Z]˜[[ŒLLŒŽMÎNLÍÌNMMLMLÍŒËŒLNLŒÍŽLLŽMMŽNLÌŒÍŽLNMÍŒËŒNÍNLLÍŽLÌÌÍMKŒÌÌÍMMÎLMMŒKLŒNLŒ™KLM‚˜ÛÛ™š\›X][Û‹LNMËM‹‹ŒK˜]×ÜÝ™ŒLLŒŽMÎLŽMÌMÌÌÍÍMËŒLMÍLÌŽMŽNLÌÎLÍLÌÌMŒKŒMÍÌÎMMÌMN‹ŒŽMÎNMLÌNLKËŒÌÌŽLÌÎÍMŽM™KLM‚˜ÛÛ™š\›X][Û‹LNMËM‹‹ŒK[ÜÝ]WÛÜ˜XÛKŒLLŒKŒŒKŒŒŒKLMŒLÍŒŒÙKLM‚˜ÛÛ™š\›X][Û‹LNMËM‹‹ŒKÛÜœ™[Û‹ŒLLŒŽMLÎLLNÌLÌÎLŒLŒŒÍŽLŒMÍKŽNLŽLŒMŽMÍÎMKŒNMMÌÍÌMMLÍÌÍ‹ŒŽMŒMŒŒŽLKKMLLLMLLŒÌLMÎÙKLM‚˜ÛÛ™š\›X][Û‹LNMËM‹‹ŒKØØWÙ\]Z]˜[[ŒLLŒŽMLÎLLNÌLÌÎLŒLŒŒÍŽLŒMÍKŽNLŽLŒMŽMÍÎMKŒNMMÌÍÌMMLÍÌÍ‹ŒŽMŒMŒŒŽLKKMLLLMLLŒÌLMÎÙKLM‚˜ÛÛ™š\›X][Û‹LNMËM‹‹ŒK˜]×ÜÝ™ŒLLŒŽMMÎÌNNÎŒL‹ŒLŒLLÌMMŒMŒŒŽNNŽNLŽNNLÍÍÍŒLŽL‹ŒNLŒŒNLNŒLÌŽŒÍMÎLÍLÎŽMŒÌNÎMMŽLMYKLM‚˜ÛÛ™š\›X][Û‹LNMËM‹‹ŒK[ÜÝ]WÛÜ˜XÛKŒLLŒKŒŒKŒŒŒŽNMŒÍŒLLÌŒKLM‚˜ÛÛ™š\›X][Û‹LNMËM‹‹KÛÜœ™[Û‹ŒLLŒŽMÍŽMÌŒLLMËŒLNLÌNLLÎLËŽNLŽNNLÌŒÍÌÎLŒËŒNLMŒÍMMŽNMLËŒMŽMŒNMŒÍMLŒ‹LŒNLŒ™KLM‚˜ÛÛ™š\›X][Û‹LNMËM‹‹KØØWÙ\]Z]˜[[ŒLLŒŽMÍŽMÌŒLLMËŒLNLÌNLLÎLËŽNLŽNNLÌŒÍÌÎLŒËŒNLMŒÍMMŽNMLËŒMŽMŒNMŒÍMLŒ‹LŒNLŒ™KLM‚˜ÛÛ™š\›X][Û‹LNMËM‹‹K˜]×ÜÝ™ŒLLŒŽMÍMŒMŽŽŒÎŒLMNNMÍNÌÌMM‹ŽNLÌÌÌŒÎNMŒËŒMÍÍŒMMÌŒŽNLLKŒŒÌMMŒŒÌÌNŒŽÎKŒMŒÌÌÍŒÍŒÍÌÍÙKLM‚˜ÛÛ™š\›X][Û‹LNMËM‹‹K[ÜÝ]WÛÜ˜XÛKŒLLŒKŒŒKŒŒŒËŒLÌLLÌÌMÍÌNLNYKLM‚˜ÛÛ™š\›X][Û‹LNMËM‹‹KŒÛÜœ™[Û‹ŒLLŒŽMÍÍŒŒŒÍŒÎMÍŒLŒNLŒÌMÌÌÌ‹ŽNMÌLMLLÍLKŒLÌÌLMÌMLÎNŒŽMŽMLNMÌÎLËËŒNLNLLNMMÎMÌÌYKLM‚˜ÛÛ™š\›X][Û‹LNMËM‹‹KŒØØWÙ\]Z]˜[[ŒLLŒŽMÍÍŒŒŒÍŒÎMÍŒLŒNLŒÌMÌÌÌ‹ŽNMÌLMLLÍLKŒLÌÌLMÌMLÎNŒŽMŽMLNMÌÎLËËŒNLNLLNMMÎMÌÌYKLM‚˜ÛÛ™š\›X][Û‹LNMËM‹‹KŒ˜]×ÜÝ™ŒLLŒŽMŽÌLNNLŒÌNŒLLŽNLŒNNLMNŽNMÍÍMNÎ‹ŒLÌÌLLÍNLÍNŒŒÌÎÌŒLÍL‹LŒNLŒ™KLM‚˜ÛÛ™š\›X][Û‹LNMËM‹‹KŒ[ÜÝ]WÛÜ˜XÛKŒLLŒKŒŒKŒŒŒËŒLÌLLÌÌMÍÌNLNYKLM‚˜ÛÛ™š\›X][Û‹LNMËM‹ŒKÛÜœ™[Û‹ŒLLŒŽNLÍÌÍÌŒŽMŽLKŒLLÍÌÍŒÎKŽNLÍŒÎNÍŒKŒMŒÎMÍŽLŽÍÌŒLKŒŒÌLMMLŒŒŒLM‹ÍÍMMMÍMŒMMŒŽLMKLM‚˜ÛÛ™š\›X][Û‹LNMËM‹ŒKØØWÙ\]Z]˜[[ŒLLŒŽNLÍÌÍÌŒŽMŽLKŒLLÍÌÍŒÎKŽNLÍŒÎNÍŒKŒMŒÎMÍŽLŽÍÌŒLKŒŒÌLMMLŒŒŒLM‹ÍÍMMMÍMŒMMŒŽLMKLM‚˜ÛÛ™š\›X][Û‹LNMËM‹ŒK˜]×ÜÝ™ŒLLŒŽNÎNNLÌŒLLMÍÎŒŒÎMŽŽNLÎLŽMMŽËŒMMŒŒLŒLLŽLÌ‹ŒŒNMLÌÎŒL‹ŽMÎNMÌLL™KLM‚˜ÛÛ™š\›X][Û‹LNMËM‹ŒK[ÜÝ]WÛÜ˜XÛKŒLLŒKŒŒKŒŒŒ‹NNMŒ™KLM‚˜ÛÛ™š\›X][Û‹LNMËM‹ŒKÛÜœ™[Û‹ŒLLŒŽMÍŒÎÌÍNÌÌKŒLLÍÌÍLÌÍMNÍMÌ‹ŽNLÍÍÍŒNLNLÎÍKŒMŒŒLÌÌŒŒŽŒŽÌÌŽÎLÍËŒÌÌŽLÌÎÍMŽM™KLM‚˜ÛÛ™š\›X][Û‹LNMËM‹ŒKØØWÙ\]Z]˜[[ŒLLŒŽMÍŒÎÌÍNÌÌKŒLLÍÌÍLÌÍMNÍMÌ‹ŽNLÍÍÍŒNLNLÎÍKŒMŒŒLÌÌŒŒŽŒŽÌÌŽÎLÍËŒÌÌŽLÌÎÍMŽM™KLM‚˜ÛÛ™š\›X][Û‹LNMËM‹ŒK˜]×ÜÝ™ŒLLŒŽMÍLÌÍÍÌÎLLÍŒLLÌLÌMMMLLËŽNLÍÌLÍLŽNÎKŒMŒÍMÍMÍÍNNLLŒ‹ŒŽMLŒÍÍŒMKMLLLMLLŒÌLMÎÙKLM‚˜ÛÛ™š\›X][Û‹LNMËM‹ŒK[ÜÝ]WÛÜ˜XÛKŒLLŒKŒŒKŒŒŒËŒLÌLLÌÌMÍÌNLNYKLM‚˜ÛÛ™š\›X][Û‹LNMËM‹KÛÜœ™[Û‹ŒLLŒŽMÍNÌLMŒŽŒLLŽÍMÌMÍŽMKŽNLÍLLÎÌLÎL‹ŒMŽMNLÍMŽMKŒŒLŒLÍLÌŽNLÌŒËŽMÌŒMÌÌÌÍL™KLM‚˜ÛÛ™š\›X][Û‹LNMËM‹KØØWÙ\]Z]˜[[ŒLLŒŽMÍNÌLMŒŽŒLLŽÍMÌMÍŽMKŽNLÍLLÎÌLÎL‹ŒMŽMNLÍMŽMKŒŒLŒLÍLÌŽNLÌŒËŽMÌŒMÌÌÌÍL™KLM‚˜ÛÛ™š\›X][Û‹LNMËM‹K˜]×ÜÝ™ŒLLŒŽMÍÌŒNNMŒÎMŒLLÌLMÎMLÌ‹ŽNLÍLMÌÎÌLÎMŽ‹ŒMŽLÌLÍŒŒMŒNMÎÌLÍÍÍNMÌÍ‹ŒLÌÎMÍÍLLÎYKLM‚˜ÛÛ™š\›X][Û‹LNMËM‹K[ÜÝ]WÛÜ˜XÛKŒLLŒKŒŒKŒŒŒËŒÌÌŽLÌÎÍMŽM™KLM‚˜ÛÛ™š\›X][Û‹LNMËM‹KŒÛÜœ™[Û‹ŒLLŒŽMÌÍMÍÎÌÍ‹ŒLLLLMŽLÌÍÌÍMÌËŽNLÍÎÍŒÍMÌŒÌŒÍKŒMMÌÌÌLÌÌŒNMMKŒŒÎMLMNMNLM‹‹ŒLÌÎMÍÍLLÎYKLM‚˜ÛÛ™š\›X][Û‹LNMËM‹KŒØØWÙ\]Z]˜[[ŒLLŒŽMÌÍMÍÎÌÍ‹ŒLLLLMŽLÌÍÌÍMÌËŽNLÍÎÍŒÍMÌŒÌŒÍKŒMMÌÌÌLÌÌŒNMMKŒŒÎMLMNMNLM‹‹ŒLÌÎMÍÍLLÎYKLM‚˜ÛÛ™š\›X][Û‹LNMËM‹KŒ˜]×ÜÝ™ŒLLŒŽMÎÍÌLKŒLLŽMMŒŽNLŽKŽNLÍÍMÌNLŒKŒMNLÎNŒŽMÌŒŒÌŒ‹ŒÌŽÌÌŒŒMÍ‹KMLLLMLLŒÌLMÎÙKLM‚˜ÛÛ™š\›X][Û‹LNMËM‹KŒ[ÜÝ]WÛÜ˜XÛKŒLLŒKŒŒKŒŒŒLŒNLŒ™KLM‚˜ÛÛ™š\›X][Û‹LNNKŒKÛÜœ™[Û‹ŒLLŒŽNNMŒŽLÍMÎÍKŒŒÌÍÍMÎ‹ŽNNMLMÍŒÌÌÎËŒÌŒŒMÌÍMŽMÎLÌËŒLMŒNŒÌÍÍÌÌËËŒÌÌŽLÌÎÍMŽM™KLM‚˜ÛÛ™š\›X][Û‹LNNKŒKØØWÙ\]Z]˜[[ŒLLŒŽNNMŒŽLÍMÎÍKŒŒÌÍÍMÎ‹ŽNNMLMÍŒÌÌÎËŒÌŒŒMÌÍMŽMÎLÌËŒLMŒNŒÌÍÍÌÌËËŒÌÌŽLÌÎÍMŽM™KLM‚˜ÛÛ™š\›X][Û‹LNNKŒK˜]×ÜÝ™ŒLLŒŽNNMŒŽLÍMÎÌËŒŒÌÍÍMÌÌKŽNNMLMÍŒÌÌÎËŒÌŒŒMÌÍMŽMÍÌŽŒLMŒNŒÌÍÍÎKËŽMÎNŒNKLM‚˜ÛÛ™š\›X][Û‹LNNKŒK[ÜÝ]WÛÜ˜XÛKŒLLŒKŒŒKŒŒŒKŒLLŒŒÌŒLMMYKLM‚˜ÛÛ™š\›X][Û‹LNNKŒKÛÜœ™[Û‹ŒLLŒŽMÍŒMŒLŽKŒŽMNMLÍLŒÌLMŽNMÎLÍŒÎÍMNMŒKŒÌÎLŒŽMÌÍŒKŒMNMLŒÍÌÌÍKËŒÌÌŽLÌÎÍMŽM™KLM‚˜ÛÛ™š\›X][Û‹LNNKŒKØØWÙ\]Z]˜[[ŒLLŒŽMÍŒMŒLŽKŒŽMNMLÍLŒÌLMŽNMÎLÍŒÎÍMNMŒKŒÌÎLŒŽMÌÍŒKŒMNMLŒÍÌÌÍKËŒÌÌŽLÌÎÍMŽM™KLM‚˜ÛÛ™š\›X][Û‹LNNKŒK˜]×ÜÝ™ŒLLŒŽMÍŒMŒLŽMKŒŽMNMLÍLŒÌLNŽNMÎLÍŒÎÍMNMŒKŒÌÎLŒŽMÌÍ‹ŒMNMLŒÍÌÍËËŽMÎNŒNKLM‚˜ÛÛ™š\›X][Û‹LNNKŒK[ÜÝ]WÛÜ˜XÛKŒLLŒKŒŒKŒŒŒŽNMŒÍŒLLÌŒKLM‚˜ÛÛ™š\›X][Û‹LNNKKÛÜœ™[Û‹ŒLLŒŽNŒMŒÍŒNÎŒMÍMÍÍŒÍÌŽLËŽNNLŒŽMNLKŒÌNNLŒÎŒNŒŒÌLÌÌNMŽŽNMË‹ÍÍMMMÍMŒMMŒŽLMKLM‚˜ÛÛ™š\›X][Û‹LNNKKØØWÙ\]Z]˜[[ŒLLŒŽNŒMŒÍŒNÎŒMÍMÍÍŒÍÌŽLËŽNNLŒŽMNLKŒÌNNLŒÎŒNŒŒÌLÌÌNMŽŽNMË‹ÍÍMMMÍMŒMMŒŽLMKLM‚˜ÛÛ™š\›X][Û‹LNNKK˜]×ÜÝ™ŒLLŒŽNŒMŒÍŒNKŒMÍMÍÍŒÍÌŽMKŽNNLŒŽMNLKŒÌNNLŒÎŒNLÍËŒŒÌLÌÌNMŽŽLŒÎKLÌÍLÍŽLÍÍÌÍKLM‚˜ÛÛ™š\›X][Û‹LNNKK[ÜÝ]WÛÜ˜XÛKŒLLŒKŒŒKŒŒŒKŒLLŒŒÌŒLMMYKLM‚˜ÛÛ™š\›X][Û‹LNNKKŒÛÜœ™[Û‹ŒLLŒŽMÎMŽLÍŽNŒÌKŒÎLMNLÎMÍ‹ŽNNLÌŒMLŒÎN‹ŒÌMŒLÍNNMÎMMÌÎŒMNLÌÌMŽNMËËŽMÎNŒNKLM‚˜ÛÛ™š\›X][Û‹LNNKKŒØØWÙ\]Z]˜[[ŒLLŒŽMÎMŽLÍŽNŒÌKŒÎLMNLÎMÍ‹ŽNNLÌŒMLŒÎN‹ŒÌMŒLÍNNMÎMMÌÎŒMNLÌÌMŽNMËËŽMÎNŒNKLM‚˜ÛÛ™š\›X][Û‹LNNKKŒ˜]×ÜÝ™ŒLLŒŽMÎMŽLÍŽNŒÌÍKŒÎLMNLÎMKŽNNLÌŒMLŒÎN‹ŒÌMŒLÍNNMÎMMŽNMKŒMNLÌÌMŽNLŒNËŒÌÌŽLÌÎÍMŽM™KLM‚˜ÛÛ™š\›X][Û‹LNNKKŒ[ÜÝ]WÛÜ˜XÛKŒLLŒKŒŒKŒŒŒKŽMŽLŽLÌMKLM‚˜ÛÛ™š\›X][Û‹LNN‹ŒKÛÜœ™[Û‹ŒLLŒŽNLÌÌNMÎNMÍŽÌLŒÎNÍÎLMLNNLŽKŽNMÍLÌŒÎMMKŒÍLLÍÌMÍŽMÎMÍËŒLÍÍÌMÌŒÌŒMÌ‹ËÍÌÌLNLÌÙKLM‚˜ÛÛ™š\›X][Û‹LNN‹ŒKØØWÙ\]Z]˜[[ŒLLŒŽNLÌÌNMÎNMÍŽÌLŒÎNÍÎLMLNNLŽKŽNMÍLÌŒÎMMKŒÍLLÍÌMÍŽMÎMÍËŒLÍÍÌMÌŒÌŒMÌ‹ËÍÌÌLNLÌÙKLM‚˜ÛÛ™š\›X][Û‹LNN‹ŒK˜]×ÜÝ™ŒLLŒŽNLÌÌNMÎNMÍŽÌM‹ŒÎNÍÎLMLNNLŽMMKŽNMÍLÌŒÎMMKŒÍLLÍÌMÍŽMÎNNM‹ŒLÍÍÌMÌŒÌŒÌÌM‹KŒLLŒŒÌŒLMMYKLM‚˜ÛÛ™š\›X][Û‹LNN‹ŒK[ÜÝ]WÛÜ˜XÛKŒLLŒKŒŒKŒŒŒ‹ŒMŽMÌLMÌŒMŽYKLM‚˜ÛÛ™š\›X][Û‹LNN‹ŒKÛÜœ™[Û‹ŒLLŒŽNMLLLNMŽMLŽKŒÍNŒŒÌÍMLMÍÌËŽNMÍÌMLÌMÌÌNMËŒÌÍÎNMLÍÍŒÎŒNLŽMÌMÌÍŒÎËKLÌÍLÍŽLÍÍÌÍKLM‚˜ÛÛ™š\›X][Û‹LNN‹ŒKØØWÙ\]Z]˜[[ŒLLŒŽNMLLLNMŽMLŽKŒÍNŒŒÌÍMLMÍÌËŽNMÍÌMLÌMÌÌNMËŒÌÍÎNMLÍÍŒÎŒNLŽMÌMÌÍŒÎËKLÌÍLÍŽLÍÍÌÍKLM‚˜ÛÛ™š\›X][Û‹LNN‹ŒK˜]×ÜÝ™ŒLLŒŽNMLLLNMŽMLŽŒŽŒÍNŒŒÌÍMLNÍ‹ŽNMÍÌMLÌMÌÌNMKŒÌÍÎNMLÍÍÌM‹ŒNLŽMÌMÌÍŒÍŒ‹ÌNÎMMŽLMYKLM‚˜ÛÛ™š\›X][Û‹LNN‹ŒK[ÜÝ]WÛÜ˜XÛKŒLLŒKŒŒKŒŒŒËŒÌÌŽLÌÎÍMŽM™KLM‚˜ÛÛ™š\›X][Û‹LNN‹KÛÜœ™[Û‹ŒLLŒŽNMŒLÌŽLLNMMŒNLÌNLÌÍLÌÎMŽNNÎMMŒŒÍÍŽM‹ŒŽÍÌMMMMMÎËŒLMŒÌÍŒLNMÍÌŽKËŒÌÌŽLÌÎÍMŽM™KLM‚˜ÛÛ™š\›X][Û‹LNN‹KØØWÙ\]Z]˜[[ŒLLŒŽNMŒLÌŽLLNMMŒNLÌNLÌÍLÌÎMŽNNÎMMŒŒÍÍŽM‹ŒŽÍÌMMMMMÎËŒLMŒÌÍŒLNMÍÌŽKËŒÌÌŽLÌÎÍMŽM™KLM‚˜ÛÛ™š\›X][Û‹LNN‹K˜]×ÜÝ™ŒLLŒŽNMŒLÌŽLLNM‹ŒNLÌNLÌÍLÍL‹ŽNNÎMMŒŒÍÍŽM‹ŒŽÍÌMMMMMÎMMËŒLMŒÌÍŒLNMÍÍÎKËŒÌÌŽLÌÎÍMŽM™KLM‚˜ÛÛ™š\›X][Û‹LNN‹K[ÜÝ]WÛÜ˜XÛKŒLLŒKŒŒKŒŒŒKŒÎÍÍÎÎÎMMÙKLM‚˜ÛÛ™š\›X][Û‹LNN‹KŒÛÜœ™[Û‹ŒLLŒŽMÍÌŒÎMMLŽNLŒÎLÎNMŒÎMÍMÌËŽNNŒNMLMÌ‹ŒÌMÍMŒÌ‹ŒNNMŽÎMLLŒ‹ËŒŒMMŒŒÍLNKLM‚˜ÛÛ™š\›X][Û‹LNN‹KŒØØWÙ\]Z]˜[[ŒLLŒŽMÍÌŒÎMMLŽNLŒÎLÎNMŒÎMÍMÌËŽNNŒNMLMÌ‹ŒÌMÍMŒÌ‹ŒNNMŽÎMLLŒ‹ËŒŒMMŒŒÍLNKLM‚˜ÛÛ™š\›X][Û‹LNN‹KŒ˜]×ÜÝ™ŒLLŒŽMÍÌŒÎMMLŽNLŒÎLÎNMŒÎMÍMÍ‹ŽNNŒNMLMÌËŒÌMÍMŒMËŒNNMŽÎMLLNNK‹ÍÍMMMÍMŒMMŒŽLMKLM‚˜ÛÛ™š\›X][Û‹LNN‹KŒ[ÜÝ]WÛÜ˜XÛKŒLLŒKŒŒKŒŒŒLŒNLŒ™KLM‚˜ÛÛ™š\›X][Û‹LNNŒKÛÜœ™[Û‹ŒLLŒŽNNNMÎMMŒMÍKŒÌLÍMŒMŽŽNMÎŒMLMNNLMŒÌŽNLŒLÍŒMÌÎKŒMLÌŽÍNLÎŒLÎL‹‹ÍÍMMMÍMŒMMŒŽLMKLM‚˜ÛÛ™š\›X][Û‹LNNŒKØØWÙ\]Z]˜[[ŒLLŒŽNNNMÎMMŒMÍKŒÌLÍMŒMŽŽNMÎŒMLMNNLMŒÌŽNLŒLÍŒMÌÎKŒMLÌŽÍNLÎŒLÎL‹‹ÍÍMMMÍMŒMMŒŽLMKLM‚˜ÛÛ™š\›X][Û‹LNNŒK˜]×ÜÝ™ŒLLŒŽNNNMÎMMŒMÍM‹ŒÌLÍMŒMÍ‹ŽNMÎŒMLMNNLMŒÌŽNLŒLÍŒMÌÍ‹ŒMLÌŽÍNLÎŒLÌËKLÌÍLÍŽLÍÍÌÍKLM‚˜ÛÛ™š\›X][Û‹LNNŒK[ÜÝ]WÛÜ˜XÛKŒLLŒKŒŒKŒŒŒ‹ŒŒŒŒLLÌLÙKLM‚˜ÛÛ™š\›X][Û‹LNNŒKÛÜœ™[Û‹ŒLLŒŽNMŒMŽMŒŒ‹ŒLLMÌÌMŒLÌ‹ŽNMŽNMMÌMÌÍÍL‹ŒÎÍMÌLÍNNLKŒMÌNMÌŒMLÌLÌMËKŒÎÍÍÎÎÎMMÙKLM‚˜ÛÛ™š\›X][Û‹LNNŒKØØWÙ\]Z]˜[[ŒLLŒŽNMŒMŽMŒŒ‹ŒLLMÌÌMŒLÌ‹ŽNMŽNMMÌMÌÍÍL‹ŒÎÍMÌLÍNNLKŒMÌNMÌŒMLÌLÌMËKŒÎÍÍÎÎÎMMÙKLM‚˜ÛÛ™š\›X][Û‹LNNŒK˜]×ÜÝ™ŒLLŒŽNMŒMŽMŒŒŒŽKŒLLMÌÌMŒLLŽŽNMŽNMMÌMÌÍÍL‹ŒÎÍMÌLÍNNÎMŒMÌNMÌŒMLÌLÌŽËŽMÌŒMÌÌÌÍL™KLM‚˜ÛÛ™š\›X][Û‹LNNŒK[ÜÝ]WÛÜ˜XÛKŒLLŒKŒŒKŒŒŒ‹ŽLÎLÎLÎLÌŒŽKLMÂ˜ÛÛ™š\›X][Û‹LNNKÛÜœ™[Û‹ŒLLŒŽNLLN‹ŒLLŒÎMÍŒŒÎMŒŽNNÍÎMMMŒŒ‹ŒŒLŽLLŒŒML‹ŒMÍNMMMŒNMŒK‹ÍÍMMMÍMŒMMŒŽLMKLM‚˜ÛÛ™š\›X][Û‹LNNKØØWÙ\]Z]˜[[ŒLLŒŽNLLN‹ŒLLŒÎMÍŒŒÎMŒŽNNÍÎMMMŒŒ‹ŒŒLŽLLŒŒML‹ŒMÍNMMMŒNMŒK‹ÍÍMMMÍMŒMMŒŽLMKLM‚˜ÛÛ™š\›X][Û‹LNNK˜]×ÜÝ™ŒLLŒŽNLLNLKŒLLŒÎMÍŒŒÎN‹ŽNNÍÎMMMŒŒ‹ŒŒLŽLLŒŒMMËŒMÍNMMMŒNNËŒÌÌŽLÌÎÍMŽM™KLM‚˜ÛÛ™š\›X][Û‹LNNK[ÜÝ]WÛÜ˜XÛKŒLLŒKŒŒKŒŒŒËŒÌÌŽLÌÎÍMŽM™KLM‚˜ÛÛ™š\›X][Û‹LNNKŒÛÜœ™[Û‹ŒLLŒKŒLÍŽÌMÌLŒÎŒŒLŒÍNNLÌNLÎNKŽNNNŒÌŽLŽŒËŒÌMÍNÌÎMLÍÍŒMÍNŒNLMÌÍÎ‹ËŒÌÌŽLÌÎÍMŽM™KLM‚˜ÛÛ™š\›X][Û‹LNNKŒØØWÙ\]Z]˜[[ŒLLŒKŒLÍŽÌMÌLŒÎŒŒLŒÍNNLÌNLÎNKŽNNNŒÌŽLŽŒËŒÌMÍNÌÎMLÍÍŒMÍNŒNLMÌÍÎ‹ËŒÌÌŽLÌÎÍMŽM™KLM‚˜ÛÛ™š\›X][Û‹LNNKŒ˜]×ÜÝ™ŒLLŒKŒLÍŽÌMÌL‹ŒŒLŒÍNNLÌNLÎMMKŽNNNŒÌŽLŽŒËŒÌMÍNÌÎMLÍÌ‹ŒMÍNŒNLMÌÍŒË‹ŒŒŒŒLLÌLÙKLM‚˜ÛÛ™š\›X][Û‹LNNKŒ[ÜÝ]WÛÜ˜XÛKŒLLŒKŒŒKŒŒŒKŒNMÍÌŽÍÎLŽKLM‚˜ÛÛ™š\›X][Û‹LNNKŒKÛÜœ™[Û‹ŒLLŒŽMÍÌNLÍÎNLÎNKŒLLŒŒLLŒÎMMNŽNMŒLÌMLŒKŒMMÍŒMLÌŽŒŒÍŒÌÌLMÌ‹ËŒÌÌŽLÌÎÍMŽM™KLM‚˜ÛÛ™š\›X][Û‹LNNKŒKØØWÙ\]Z]˜[[ŒLLŒŽMÍÌNLÍÎNLÎNKŒLLŒŒLLŒÎMMNŽNMŒLÌMLŒKŒMMÍŒMLÌŽŒŒÍŒÌÌLMÌ‹ËŒÌÌŽLÌÎÍMŽM™KLM‚˜ÛÛ™š\›X][Û‹LNNKŒK˜]×ÜÝ™ŒLLŒŽMÍÍÌÍNLMNMËŒLÌLŒÍÎMÍËŽNMŒMMÍMÌMLMËŒÎÌMNNMÌLŽŒŒŽLÍLLŒLŒNLŒ™KLM‚˜ÛÛ™š\›X][Û‹LNNKŒK[ÜÝ]WÛÜ˜XÛKŒLLŒKŒŒKŒŒŒLŒNLŒ™KLM‚˜ÛÛ™š\›X][Û‹LNNKŒKÛÜœ™[Û‹ŒLLŒŽNÍLLŒÍÍÍŒL‹ŒLŽÎLÍMŒÌL‹ŽNMŒÎLŽNLMŒNKŒŽŒÎÎLNLŽKŒLÌLÎŒMÍMÎLËLŒNLŒ™KLM‚˜ÛÛ™š\›X][Û‹LNNKŒKØØWÙ\]Z]˜[[ŒLLŒŽNÍLLŒÍÍÍŒL‹ŒLŽÎLÍMŒÌL‹ŽNMŒÎLŽNLMŒNKŒŽŒÎÎLNLŽKŒLÌLÎŒMÍMÎLËLŒNLŒ™KLM‚˜ÛÛ™š\›X][Û‹LNNKŒK˜]×ÜÝ™ŒLLŒŽNÍŽŽMNÍÎÍËŒLŒLLŽMŽMNMMËŽNMŒÎŽŒÍLLMNNKŒLÍÍÎMNLMŽŒLMŒMŒNMMÍÎ‹ŒMŽMÌLMÌŒMŽYKLM‚˜ÛÛ™š\›X][Û‹LNNKŒK[ÜÝ]WÛÜ˜XÛKŒLLŒKŒŒKŒŒŒËŽMÎNŒNKLM‚˜ÛÛ™š\›X][Û‹LNNKKÛÜœ™[Û‹ŒLLŒŽMÌÍŽLLŒÎLMŽŒNMŒLŒŒŒÎMÍŽNMLÌM‹ŒŒÍLÌKŒŽLLMÌÍÍÍMŒËLŒNLŒ™KLM‚˜ÛÛ™š\›X][Û‹LNNKKØØWÙ\]Z]˜[[ŒLLŒŽMÌÍŽLLŒÎLMŽŒNMŒLŒŒŒÎMÍŽNMLÌM‹ŒŒÍLÌKŒŽLLMÌÍÍÍMŒËLŒNLŒ™KLM‚˜ÛÛ™š\›X][Û‹LNNKK˜]×ÜÝ™ŒLLŒŽMÌÍNŒMÍÍMKŒŒÎLMÎÍŒMKŽNMÎMMŽLÍÌ‹ŒŒŒLÍLÌM‹ŒŽLÌÌLŒŽLŒKËŒŒÌÌMÍNYKLM‚˜ÛÛ™š\›X][Û‹LNNKK[ÜÝ]WÛÜ˜XÛKŒLLŒKŒŒKŒŒŒËŽMÎNŒNKLM‚˜ÛÛ™š\›X][Û‹LNNKKŒÛÜœ™[Û‹ŒLLŒŽNLŒLÌÌNNŒLÍÌÍŽMLÎËŽNMŒMLÍŽLÍŒÎLÍ‹ŒÎLLNNMLMŒLŽMM‹ŒÍMŽNMÎLŽNLÍKËŒÌÌŽLÌÎÍMŽM™KLM‚˜ÛÛ™š\›X][Û‹LNNKKŒØØWÙ\]Z]˜[[ŒLLŒŽNLŒLÌÌNNŒLÍÌÍŽMLÎËŽNMŒMLÍŽLÍŒÎLÍ‹ŒÎLLNNMLMŒLŽMM‹ŒÍMŽNMÎLŽNLÍKËŒÌÌŽLÌÎÍMŽM™KLM‚˜ÛÛ™š\›X][Û‹LNNKKŒ˜]×ÜÝ™ŒLLŒŽNLMÌMŽMÍNŒLÎMNMÍMÌNŽNMŒMLŒMNNLŒKŒÎLMÍMÌMŒÍÎMNM‹ŒŒÌMNMÎLLK‹ŒŒŒŒLLÌLÙKLM‚˜ÛÛ™š\›X][Û‹LNNKKŒ[ÜÝ]WÛÜ˜XÛKŒLLŒKŒŒKŒŒŒLŒNLŒ™KLM‚˜ÛÛ™š\›X][Û‹LNN‹ŒKÛÜœ™[Û‹ŒLLŒŽMŽMÍLÎLMMÎN‹ŒŽÎMNŒÌŽËŽNMÎLÍÎÎKŒÍLNLMMMMKŒÌNÎLÍMLÌÍ‹ŽLÎLÎLÎLÌŒŽKLM‚˜ÛÛ™š\›X][Û‹LNN‹ŒKØØWÙ\]Z]˜[[ŒLLŒŽMŽMÍLÎLMMÎN‹ŒŽÎMNŒÌŽËŽNMÎLÍÎÎKŒÍLNLMMMMKŒÌNÎLÍMLÌÍ‹ŽLÎLÎLÎLÌŒŽKLM‚˜ÛÛ™š\›X][Û‹LNN‹ŒK˜]×ÜÝ™ŒLLŒŽMŽNMŒNLLL‹ŒŽMLÍMNMŒŒÍŒŽNMŽŽNLLŒMKŒÌNMÌMLLËŒÌLLÍLŒÍŒNKËŒŒMMŒŒÍLNKLM‚˜ÛÛ™š\›X][Û‹LNN‹ŒK[ÜÝ]WÛÜ˜XÛKŒLLŒKŒŒKŒŒŒËŽMÎNŒNKLM‚˜ÛÛ™š\›X][Û‹LNN‹ŒKÛÜœ™[Û‹ŒLLŒŽNMMŒNLMNM‹ŒÍMLŽÎNLÍŒËŽNMLMÌŒÌÌLKŒNŽŒNŒNM‹ŒÌÎLŒŒÌLLËËŽMÎNŒNKLM‚˜ÛÛ™š\›X][Û‹LNN‹ŒKØØWÙ\]Z]˜[[ŒLLŒŽNMMŒNLMNM‹ŒÍMLŽÎNLÍŒËŽNMLMÌŒÌÌLKŒNŽŒNŒNM‹ŒÌÎLŒŒÌLLËËŽMÎNŒNKLM‚˜ÛÛ™š\›X][Û‹LNN‹ŒK˜]×ÜÝ™ŒLLŒŽNMŽÌMLÍŒÍNMMŒÍÍMNÍŽNMŽNÌŽLMMLÌMKŒMÍLŒMŽŒKŒÌMMNLÎÍML‹LŒNLŒ™KLM‚˜ÛÛ™š\›X][Û‹LNN‹ŒK[ÜÝ]WÛÜ˜XÛKŒLLŒKŒŒKŒŒŒ‹ÍÍMMMÍMŒMMŒŽLMKLM‚˜ÛÛ™š\›X][Û‹LNN‹KÛÜœ™[Û‹ŒLLŒŽNÌÌŒŽŒNŒMŒNMLŒMMMKŽNMMMÌMLKŒÌÍMNM‹ŒŒÎÎNLÎMÍŒ‹LŒNLŒ™KLM‚˜ÛÛ™š\›X][Û‹LNN‹KØØWÙ\]Z]˜[[ŒLLŒŽNÌÌŒŽŒNŒMŒNMLŒMMMKŽNMMMÌMLKŒÌÍMNM‹ŒŒÎÎNLÎMÍŒ‹LŒNLŒ™KLM‚˜ÛÛ™š\›X][Û‹LNN‹K˜]×ÜÝ™ŒLLŒŽNÌLLLÎÍŒKŒMŒÎŽLNMŽŒËŽNMMŒŒŒŽLŒMÍŒÎŒÎŒNNÍŒŒŒÎÌŒÍLÌŒŽLMLÍËLŒNLŒ™KLM‚˜ÛÛ™š\›X][Û‹LNN‹K[ÜÝ]WÛÜ˜XÛKŒLLŒKŒŒKŒŒŒÌNÎMMŽLMYKLM‚˜ÛÛ™š\›X][Û‹LNN‹KŒÛÜœ™[Û‹ŒLLŒŽNÎLŒNÌÌLNL‹ŒLMÌMMÎMÍŒŽNNKŽNMLÌMŒMMŒÍ‹ŒŒÎMLŽNNÌNÎ‹ŒLÎLNMNLNÌŽÎËÌNÎMMŽLMYKLM‚˜ÛÛ™š\›X][Û‹LNN‹KŒØØWÙ\]Z]˜[[ŒLLŒŽNÎLŒNÌÌLNL‹ŒLMÌMMÎMÍŒŽNNKŽNMLÌMŒMMŒÍ‹ŒŒÎMLŽNNÌNÎ‹ŒLÎLNMNLNÌŽÎËÌNÎMMŽLMYKLM‚˜ÛÛ™š\›X][Û‹LNN‹KŒ˜]×ÜÝ™ŒLLŒŽNÎÌÍLMMŽMËŒLMLLÌMN‹ŽNMŒÍLŽLÎMM‹ŒŒÌŒÌNLÍMŒÌLŽŒLÎMÍÍÌMŽLMËLŒNLŒ™KLM‚˜ÛÛ™š\›X][Û‹LNN‹KŒ[ÜÝ]WÛÜ˜XÛKŒLLŒKŒŒKŒŒŒËŽMÎNŒNKLM‚˜ÛÛ™š\›X][Û‹LNNŒKÛÜœ™[Û‹ŒLLŒŽMÍÎÍLÌLLKŒLLLÌMLŒNMNMÌMËŽNMLNLÌMÌŒÌŒËŒLŒLŒÎM‹ŒŽLŒŒŒLÌMMÍ‹‹ŒŒŒŒLLÌLÙKLM‚˜ÛÛ™š\›X][Û‹LNNŒKØØWÙ\]Z]˜[[ŒLLŒŽMÍÎÍLÌLLKŒLLLÌMLŒNMNMÌMËŽNMLNLÌMÌŒÌŒËŒLŒLŒÎM‹ŒŽLŒŒŒLÌMMÍ‹‹ŒŒŒŒLLÌLÙKLM‚˜ÛÛ™š\›X][Û‹LNNŒK˜]×ÜÝ™ŒLLŒŽMÍÌMLMŽMÎL‹ŒNNLMMŽMNKŽNMLŒÌÎMÌNLŽKŒMŽMÍŒLŽLNKŒŽMMMLŒÍLN‹‹ÍÍMMMÍMŒMMŒŽLMKLM‚˜ÛÛ™š\›X][Û‹LNNŒK[ÜÝ]WÛÜ˜XÛKŒLLŒKŒŒKŒŒŒŽNMŒÍŒLLÌŒKLM‚˜ÛÛ™š\›X][Û‹LNNŒKÛÜœ™[Û‹ŒLLŒŽNMÌLMLŽKŒMMMLNÎMLNKŽNMMÍÌMMËŒMŒÍLŒŽLÌŒMKŒŒŒMÍMÌMNLÌËËŒÌÌŽLÌÎÍMŽM™KLM‚˜ÛÛ™š\›X][Û‹LNNŒKØØWÙ\]Z]˜[[ŒLLŒŽNMÌLMLŽKŒMMMLNÎMLNKŽNMMÍÌMMËŒMŒÍLŒŽLÌŒMKŒŒŒMÍMÌMNLÌËËŒÌÌŽLÌÎÍMŽM™KLM‚˜ÛÛ™š\›X][Û‹LNNŒK˜]×ÜÝ™ŒLLŒŽNMÍLMÍLÌÍŒMNLÎMŒÌÌÌŒMLÎNËŽNMMMMÎLŽŽÍLËŒÌLÎMÌLLÌÍN‹ŒNÌMLÌLMÎ‹ŒŒŒŒLLÌLÙKLM‚˜ÛÛ™š\›X][Û‹LNNŒK[ÜÝ]WÛÜ˜XÛKŒLLŒKŒŒKŒŒŒÌNÎMMŽLMYKLM‚˜ÛÛ™š\›X][Û‹LNNKÛÜœ™[Û‹ŒLLŒŽMÌLÎÎÌMŒMŒÎÎMŽNMMÌNNMÍNMKŒNMÍÍŒÌNMKŒMÍÌÍMMÍŽŒMNËŽMÎNŒNKLM‚˜ÛÛ™š\›X][Û‹LNNKØØWÙ\]Z]˜[[ŒLLŒŽMÌLÎÎÌMŒMŒÎÎMŽNMMÌNNMÍNMKŒNMÍÍŒÌNMKŒMÍÌÍMMÍŽŒMNËŽMÎNŒNKLM‚˜ÛÛ™š\›X][Û‹LNNK˜]×ÜÝ™ŒLLŒŽMÌMMÌLŒÎMÎMÍ‹ŒMLÍLÎMÌNÎ‹ŽNMLÎÍŒMLŒKŒMŒLÌMÌMMÌÎKŒÌÎŽNMLÎMLLMM‹KŽMŽLŽLÌMKLM‚˜ÛÛ™š\›X][Û‹LNNK[ÜÝ]WÛÜ˜XÛKŒLLŒKŒŒKŒŒŒLŒNLŒ™KLM‚˜ÛÛ™š\›X][Û‹LNNKŒÛÜœ™[Û‹ŒLLŒŽMÎÍNNLNMÌÌLËŒLÍÍLMÍMNNKŽNMMÍŒMMLŽMÌŒÌ‹ŒŒÍLŒLLŽLMŒLÌLÍÍÍŽMÌËËŒÌÎÌŽMŽMÎMLYKLM‚˜ÛÛ™š\›X][Û‹LNNKŒØØWÙ\]Z]˜[[ŒLLŒŽMÎÍNNLNMÌÌLËŒLÍÍLMÍMNNKŽNMMÍŒMMLŽMÌŒÌ‹ŒŒÍLŒLLŽLMŒLÌLÍÍÍŽMÌËËŒÌÎÌŽMŽMÎMLYKLM‚˜ÛÛ™š\›X][Û‹LNNKŒ˜]×ÜÝ™ŒLLŒŽMÎŒLÍÍŒNMÍŒ‹ŒLÌÎMMÎLŽN‹ŽNMMÌMÌÌŽLÌŒŒ‹ŒŒÍŒNMMNLN‹ŒLNNMLNŒLŒËŒLÌLLÌÌMÍÌNLNYKLM‚˜ÛÛ™š\›X][Û‹LNNKŒ[ÜÝ]WÛÜ˜XÛKŒLLŒKŒŒKŒŒŒËŒŒMMŒŒÍLNKLM‚˜ÛÛ™š\›X][Û‹LNNM‹KŒKÛÜœ™[Û‹ŒLLŒŽMŽÌÎÍŒÎŒ‹ŒLNMLLMMÍMKŽNLŽLŒÌÎMÌÌÌ‹ŒNMŒLÍÍMNMÍLÍŒŽNMÌÍÌÍLÌMMMKMLLLMLLŒÌLMÎÙKLM‚˜ÛÛ™š\›X][Û‹LNNM‹KŒKØØWÙ\]Z]˜[[ŒLLŒŽMŽÌÎÍŒÎŒ‹ŒLNMLLMMÍMKŽNLŽLŒÌÎMÌÌÌ‹ŒNMŒLÍÍMNMÍLÍŒŽNMÌÍÌÍLÌMMMKMLLLMLLŒÌLMÎÙKLM‚˜ÛÛ™š\›X][Û‹LNNM‹KŒK˜]×ÜÝ™ŒLLŒŽMŽLÍÎLÎŒÎNL‹ŒLMÎLNNLÌŒŒLÍ‹ŽNLÌŽMÍNMMÎMMLËŒNLÍLŒÍÍÍŽÌNKŒŽÍÎMŒÌMMËËŽMÎNŒNKLM‚˜ÛÛ™š\›X][Û‹LNNM‹KŒK[ÜÝ]WÛÜ˜XÛKŒLLŒKŒŒKŒŒŒËŽMÎNŒNKLM‚˜ÛÛ™š\›X][Û‹LNNM‹KŒKÛÜœ™[Û‹ŒLLŒŽMÍŒLLŒLŒMLMMŽKŒLLÍÎNÌMÍÎKŽNLÍNLÍLÎMÍKŒMLÌŽLŽLNMNM‹ŒŽMMMÍMŽMŒMÌÌÎK‹ŒLÌÎMÍÍLLÎYKLM‚˜ÛÛ™š\›X][Û‹LNNM‹KŒKØØWÙ\]Z]˜[[ŒLLŒŽMÍŒLLŒLŒMLMMŽKŒLLÍÎNÌMÍÎKŽNLÍNLÍLÎMÍKŒMLÌŽLŽLNMNM‹ŒŽMMMÍMŽMŒMÌÌÎK‹ŒLÌÎMÍÍLLÎYKLM‚˜ÛÛ™š\›X][Û‹LNNM‹KŒK˜]×ÜÝ™ŒLLŒŽMÍŽNNMŒLLMÎLŒÍMLMÌ‹ŽNLÍÍÍÌÌÌŒLŽNM‹ŒMMÍÎLÌÌÌÌŒÎŒŽŒÍÎÍLMKÌNÎMMŽLMYKLM‚˜ÛÛ™š\›X][Û‹LNNM‹KŒK[ÜÝ]WÛÜ˜XÛKŒLLŒKŒŒKŒŒŒËŒÌÌŽLÌÎÍMŽM™KLM‚˜ÛÛ™š\›X][Û‹LNNM‹KKÛÜœ™[Û‹ŒLLŒŽNLÍLLMM‹ŒLMŽMLMÌKŽNMÍLLMŒÎÎKŒMŽÍMMŒMŒMŒŽMÍÍLŒÍMMÎMÌNL‹LŒNLŒ™KLM‚˜ÛÛ™š\›X][Û‹LNNM‹KKØØWÙ\]Z]˜[[ŒLLŒŽNLÍLLMM‹ŒLMŽMLMÌKŽNMÍLLMŒÎÎKŒMŽÍMMŒMŒMŒŽMÍÍLŒÍMMÎMÌNL‹LŒNLŒ™KLM‚˜ÛÛ™š\›X][Û‹LNNM‹KK˜]×ÜÝ™ŒLLŒŽNŒŽÌÌLMÌKŒLŽNNLLNMLNN‹ŽNMŽLLÍLÍŒMMŒÎŒLÍNMMÍKŒÌÍŽLŒÍŽLŒŒŒ‹KMLLLMLLŒÌLMÎÙKLM‚˜ÛÛ™š\›X][Û‹LNNM‹KK[ÜÝ]WÛÜ˜XÛKŒLLŒKŒŒKŒŒŒLŒNLŒ™KLM‚˜ÛÛ™š\›X][Û‹LNNM‹KKŒÛÜœ™[Û‹ŒLLŒŽNLŽMÌÌÌÍŽLKŒLMMÎŽÎŒËŽNLÍNLÌÍÍ‹ŒMÍŽLÍÌLŒMŒMÍŒŽNŒLLMNLKLŒNLŒ™KLM‚˜ÛÛ™š\›X][Û‹LNNM‹KKŒØØWÙ\]Z]˜[[ŒLLŒŽNLŽMÌÌÌÍŽLKŒLMMÎŽÎŒËŽNLÍNLÌÍÍ‹ŒMÍŽLÍÌLŒMŒMÍŒŽNŒLLMNLKLŒNLŒ™KLM‚˜ÛÛ™š\›X][Û‹LNNM‹KKŒ˜]×ÜÝ™ŒLLŒŽNLÌMÌŒ‹ŒLLŒÍLŒÌNLLŽKŽNLÍÌLMMÍLÍÍŒÎKŒMŒÍŒÌMŒÍËŒÌMLŽÍŒÎMÎNLË‹LŒMŒŽMÌÎMYKLM‚˜ÛÛ™š\›X][Û‹LNNM‹KKŒ[ÜÝ]WÛÜ˜XÛKŒLLŒKŒŒKŒŒŒLŒNLŒ™KLM‚˜ÛÛ™š\›X][Û‹LNNM‹‹ŒKÛÜœ™[Û‹ŒLLŒŽMÍÌNLMÌMÍÍNKŒLMLMMŒÌŒNŒNM‹ŽNLÍMMMŒËŒMÌÌLÍÍŒÍNŒÌÍLÍMÍÍËŽMÎNŒNKLM‚˜ÛÛ™š\›X][Û‹LNNM‹‹ŒKØØWÙ\]Z]˜[[ŒLLŒŽMÍÌNLMÌMÍÍNKŒLMLMMŒÌŒNŒNM‹ŽNLÍMMMŒËŒMÌÌLÍÍŒÍNŒÌÍLÍMÍÍËŽMÎNŒNKLM‚˜ÛÛ™š\›X][Û‹LNNM‹‹ŒK˜]×ÜÝ™ŒLLŒŽMÍÌÍLÌMÌÌŒLLÍLÎŒLLÍMMËŽNLÍŒÍÍLLLÎMMËŒMNLÍMÌMÎMŒÌŒÍÍMÍLLLL‹ËŒÌÌŽLÌÎÍMŽM™KLM‚˜ÛÛ™š\›X][Û‹LNNM‹‹ŒK[ÜÝ]WÛÜ˜XÛKŒLLŒKŒŒKŒŒŒËŒŒLŽLÍÍŒÎMÌÙKLM‚˜ÛÛ™š\›X][Û‹LNNM‹‹ŒKÛÜœ™[Û‹ŒLLŒŽNÌLMŒŽŒŒLLNŒMÍŽÌÌÎMKŽNLÍÍŒLŒÍNMÍLËŒMNŽMŒŒÌMMM‹ŒLLŒŽÍKŽNMŒÍŒLLÌŒKLM‚˜ÛÛ™š\›X][Û‹LNNM‹‹ŒKØØWÙ\]Z]˜[[ŒLLŒŽNÌLMŒŽŒŒLLNŒMÍŽÌÌÎMKŽNLÍÍŒLŒÍNMÍLËŒMNŽMŒŒÌMMM‹ŒLLŒŽÍKŽNMŒÍŒLLÌŒKLM‚˜ÛÛ™š\›X][Û‹LNNM‹‹ŒK˜]×ÜÝ™ŒLLŒŽNÍNÌMLŒÌÎLŒŒLMLÍLMLMLLÍÍMNŽNLÎNLMMŽŒŒËŒMLLÍŒŽMMÌËŒŒÍLMLÌLŽMNNKËŒÌÌŽLÌÎÍMŽM™KLM‚˜ÛÛ™š\›X][Û‹LNNM‹‹ŒK[ÜÝ]WÛÜ˜XÛKŒLLŒKŒŒKŒŒŒKNNMNLLÌNYKLM‚˜ÛÛ™š\›X][Û‹LNNM‹‹KÛÜœ™[Û‹ŒLLŒŽMMÌÌÍLÌNMÎÎKŒLNÍŒÎÍÎMŒKŽNLÌMMÍNŒÍŽŒNLÍÌÌÌÎMÌŒÌLŽMLLLŒÍ‹KŒMÎMŒLNMŒÍŒŽKLM‚˜ÛÛ™š\›X][Û‹LNNM‹‹KØØWÙ\]Z]˜[[ŒLLŒŽMMÌÌÍLÌNMÎÎKŒLNÍŒÎÍÎMŒKŽNLÌMMÍNŒÍŽŒNLÍÌÌÌÎMÌŒÌLŽMLLLŒÍ‹KŒMÎMŒLNMŒÍŒŽKLM‚˜ÛÛ™š\›X][Û‹LNNM‹‹K˜]×ÜÝ™ŒLLŒŽMÍÎMMLÍNL‹ŒLMŽLÌÎÌÍÌŽNLKŽNLÌÌLŽLMLÌÍKŒMÎŒÌÍÌNLLŒLÌKŒŒŒMÍÎŒÍÍËLŒNLŒ™KLM‚˜ÛÛ™š\›X][Û‹LNNM‹‹K[ÜÝ]WÛÜ˜XÛKŒLLŒKŒŒKŒŒŒËŽMÎNŒNKLM‚˜ÛÛ™š\›X][Û‹LNNM‹‹KŒÛÜœ™[Û‹ŒLLŒŽMÌŽNÍLÌLÍNLŒLLLNŒŒŽMÌLÌÍÍ‹ŽNLÎÌÎÍMÎMÌKŒMMMLÌNMMÍÌÌÍ‹ŒŒÍŽMŒÎNMÍÍÎKKŒMMÌÍMÍNMMKLMB˜ÛÛ™š\›X][Û‹LNNM‹‹KŒØØWÙ\]Z]˜[[ŒLLŒŽMÌŽNÍLÌLÍNLŒLLLNŒŒŽMÌLÌÍÍ‹ŽNLÎÌÎÍMÎMÌKŒMMMLÌNMMÍÌÌÍ‹ŒŒÍŽMŒÎNMÍÍÎKKŒMMÌÍMÍNMMKLMB˜ÛÛ™š\›X][Û‹LNNM‹‹KŒ˜]×ÜÝ™ŒLLŒŽMÌÎÌÎLŽMNL‹ŒLLÌÎLMŽLŽN‹ŽNMŽNLÌM‹ŒMÍÎMMN‹ŒŒMÎÌÍŒMLÍLÍL‹NŒÎLÌÌÌŒÎMKLM‚˜ÛÛ™š\›X][Û‹LNNM‹‹KŒ[ÜÝ]WÛÜ˜XÛKŒLLŒKŒŒKŒŒŒ‹ŽLÎLÎLÎLÌŒŽKLM‚˜ÛÛ™š\›X][Û‹LNNM‹ŒKÛÜœ™[Û‹ŒLLŒŽMÍLNŽMÎNMÌMKŒLMMŒÍÍÌNMŽËŽNLŒŒMNŒ‹ŒŒŒŒÌLNLŒÎL‹ŒŽMÌŒÍÌLÌÌÌ‹ÌNÎMMŽLMYKLM‚˜ÛÛ™š\›X][Û‹LNNM‹ŒKØØWÙ\]Z]˜[[ŒLLŒŽMÍLNŽMÎNMÌMKŒLMMŒÍÍÌNMŽËŽNLŒŒMNŒ‹ŒŒŒŒÌLNLŒÎL‹ŒŽMÌŒÍÌLÌÌÌ‹ÌNÎMMŽLMYKLM‚˜ÛÛ™š\›X][Û‹LNNM‹ŒK˜]×ÜÝ™ŒLLŒŽMÍMÌLNLM‹ŒLŒÍÎLÍŒŽMŽNLŒÍŒÍÎLNÎŒŒMÎMLÍNNM‹ŒŽŒŒŒLÍÎKLŒNLŒ™KLM‚˜ÛÛ™š\›X][Û‹LNNM‹ŒK[ÜÝ]WÛÜ˜XÛKŒLLŒKŒŒKŒŒŒ‹ŒŒŒŒLLÌLÙKLM‚˜ÛÛ™š\›X][Û‹LNNM‹ŒKÛÜœ™[Û‹ŒLLŒŽMÎLÎNŒMŒKŒLLŒLÍÌŒÌLÍKŽNLÍÌÍMŒŒŒÌ‹ŒMNMÌLÍLNNMKŒÌŒMLŽLM‹‹ŒLÌÎMÍÍLLÎYKLM‚˜ÛÛ™š\›X][Û‹LNNM‹ŒKØØWÙ\]Z]˜[[ŒLLŒŽMÎLÎNŒMŒKŒLLŒLÍÌŒÌLÍKŽNLÍÌÍMŒŒŒÌ‹ŒMNMÌLÍLNNMKŒÌŒMLŽLM‹‹ŒLÌÎMÍÍLLÎYKLM‚˜ÛÛ™š\›X][Û‹LNNM‹ŒK˜]×ÜÝ™ŒLLŒŽMÎMÌMLMÍLNLŒËŒLLLÍNMMNNŽLÍËŽNLÍÎLŽMŽLÍKŒMMÌŒLŒÌLMÍKŒŒMÍÌÌMMÎLÍËŽNMŒÍŒLLÌŒKLM‚˜ÛÛ™š\›X][Û‹LNNM‹ŒK[ÜÝ]WÛÜ˜XÛKŒLLŒKŒŒKŒŒŒKMLLLMLLŒÌLMÎÙKLM‚˜ÛÛ™š\›X][Û‹LNNM‹KÛÜœ™[Û‹ŒLLŒŽMŽLÌNNLLLÍKŒLMÍŒMÌMÍÍÌËŽNLÌŒMŒMÎLMMËŒNÍŽLÎNŒMKŒÍLŒÍÌNMÌÌ‹ŒLŒŒŒÍMÎÍŒYKLM‚˜ÛÛ™š\›X][Û‹LNNM‹KØØWÙ\]Z]˜[[ŒLLŒŽMŽLÌNNLLLÍKŒLMÍŒMÌMÍÍÌËŽNLÌŒMŒMÎLMMËŒNÍŽLÎNŒMKŒÍLŒÍÌNMÌÌ‹ŒLŒŒŒÍMÎÍŒYKLM‚˜ÛÛ™š\›X][Û‹LNNM‹K˜]×ÜÝ™ŒLLŒŽMŽNMMLLËŒLMLÌMÎNMLMŒÍÍMŽNLÍÍÌLŽMÎLNLËŒMÌLNÍMNMLŒ‹ŒŒŒLMLÌŒLKLŒNLŒ™KLM‚˜ÛÛ™š\›X][Û‹LNNM‹K[ÜÝ]WÛÜ˜XÛKŒLLŒKŒŒKŒŒŒËŒŒÌÌMÍNYKLM‚˜ÛÛ™š\›X][Û‹LNNM‹KŒÛÜœ™[Û‹ŒLLŒŽNŒÎLÍLŒLÌŽNKŒLLNMNLŒÌŒŒKŽNLÍÍŽNLNKŒMNNLŽÍŒ‹ŒŒÌŒÌMMÌŒŽK‹ŒLÌÎMÍÍLLÎYKLM‚˜ÛÛ™š\›X][Û‹LNNM‹KŒØØWÙ\]Z]˜[[ŒLLŒŽNŒÎLÍLŒLÌŽNKŒLLNMNLŒÌŒŒKŽNLÍÍŽNLNKŒMNNLŽÍŒ‹ŒŒÌŒÌMMÌŒŽK‹ŒLÌÎMÍÍLLÎYKLM‚˜ÛÛ™š\›X][Û‹LNNM‹KŒ˜]×ÜÝ™ŒLLŒŽNŒÎMŒÍÌMŽËŒLLMŒŒÍNŒÍŽNLÍÎÌÍŒŒŒMÎLKŒMMÍLÍÍŒLŒLLŒKŒŒNŒŽŒŒŒÎMËŒÌÌŽLÌÎÍMŽM™KLM‚˜ÛÛ™š\›X][Û‹LNNM‹KŒ[ÜÝ]WÛÜ˜XÛKŒLLŒKŒŒKŒŒŒ‹ŒLÌÎMÍÍLLÎYKLM‚˜ÛÛ™š\›X][Û‹LNNKKŒKÛÜœ™[Û‹ŒLLŒŽNMÎNÎKŒNNŽMLNLÌËŽNNNÍLŒLÍLKŒÌLÍÍÌML‹ŒÌMŽLLMÍŒÎK‹ÍÍMMMÍMŒMMŒŽLMKLM‚˜ÛÛ™š\›X][Û‹LNNKKŒKØØWÙ\]Z]˜[[ŒLLŒŽNMÎNÎKŒNNŽMLNLÌËŽNNNÍLŒLÍLKŒÌLÍÍÌML‹ŒÌMŽLLMÍŒÎK‹ÍÍMMMÍMŒMMŒŽLMKLM‚˜ÛÛ™š\›X][Û‹LNNKKŒK˜]×ÜÝ™ŒLLŒŽNMÎNÍŽŒNNŽMLNLÍËŽNNNÍLŒLÍLKŒÌLÍÍÌMMËŒÌMŽLLMÍKKŒLLŒŒÌŒLMMYKLM‚˜ÛÛ™š\›X][Û‹LNNKKŒK[ÜÝ]WÛÜ˜XÛKŒLLŒKŒŒKŒŒŒËŒÌÌŽLÌÎÍMŽM™KLM‚˜ÛÛ™š\›X][Û‹LNNKKŒKÛÜœ™[Û‹ŒLLŒKŒMÌLÎLÍ‹ŒÍMÍÍLÌNLÎNKŽNMÍÌŽMŒŒKŒÍLMÌÍÎLŒÌNKŒMŒÍÎÍMŒMMKËŽMÎNŒNKLM‚˜ÛÛ™š\›X][Û‹LNNKKŒKØØWÙ\]Z]˜[[ŒLLŒKŒMÌLÎLÍ‹ŒÍMÍÍLÌNLÎNKŽNMÍÌŽMŒŒKŒÍLMÌÍÎLŒÌNKŒMŒÍÎÍMŒMMKËŽMÎNŒNKLM‚˜ÛÛ™š\›X][Û‹LNNKKŒK˜]×ÜÝ™ŒLLŒKŒMÌLÎLÍ‹ŒÍMÍÍLÌNLÎNËŽNMÍÌŽMŒŒKŒÍLMÌÍÎLŒÌMKŒMŒÍÎÍMŒMNK‹ŒŒŒŒLLÌLÙKLM‚˜ÛÛ™š\›X][Û‹LNNKKŒK[ÜÝ]WÛÜ˜XÛKŒLLŒKŒŒKŒŒŒ‹ŒŒŒŒLLÌLÙKLM‚˜ÛÛ™š\›X][Û‹LNNKKKÛÜœ™[Û‹ŒLLŒŽMLMÎÎLM‹ŒŽMŒLMLKŽNNÌŒÌLÍÍÌMKŒŽMMNMNNMMŒ‹ŒMŒMÌÌÎLMŽMK‹NNMŒ™KLM‚˜ÛÛ™š\›X][Û‹LNNKKKØØWÙ\]Z]˜[[ŒLLŒŽMLMÎÎLM‹ŒŽMŒLMLKŽNNÌŒÌLÍÍÌMKŒŽMMNMNNMMŒ‹ŒMŒMÌÌÎLMŽMK‹NNMŒ™KLM‚˜ÛÛ™š\›X][Û‹LNNKKK˜]×ÜÝ™ŒLLŒŽMLMÎÎLLÌKŒŽMŒLMMMËŽNNÌŒÌLÍÍÌLÎKŒŽMMNMNNMMŒŽŒMŒMÌÌÎLMÌKËŒŒÌÌMÍNYKLM‚˜ÛÛ™š\›X][Û‹LNNKKK[ÜÝ]WÛÜ˜XÛKŒLLŒKŒŒKŒŒŒKMÌŒNÌYKLM‚˜ÛÛ™š\›X][Û‹LNNKKKŒÛÜœ™[Û‹ŒLLŒKŒLÌÍNLÍÌÌ‹ŒNMNLÌNNÍNMŽMM‹ŽNNÍÍÍÍÍÌŽÍŽKŒÎMÍMÍNÌÌNŒŒŽMŽNLLŒŒŽLÌLÍ‹‹ŒŽNÍNŽLÎMKLM‚˜ÛÛ™š\›X][Û‹LNNKKKŒØØWÙ\]Z]˜[[ŒLLŒKŒLÌÍNLÍÌÌ‹ŒNMNLÌNNÍNMŽMM‹ŽNNÍÍÍÍÍÌŽÍŽKŒÎMÍMÍNÌÌNŒŒŽMŽNLLŒŒŽLÌLÍ‹‹ŒŽNÍNŽLÎMKLM‚˜ÛÛ™š\›X][Û‹LNNKKKŒ˜]×ÜÝ™ŒLLŒKŒLÌÍNLÍÌÌ‹ŒNMNLÌNNÍNMKŽNNÍÍÍÍÍÌŽÍËŒÎMÍMÍNÌÌMMÍŒŒŽMŽNLLŒŒŽLÌLKKŒLLŒŒÌŒLMMYKLM‚˜ÛÛ™š\›X][Û‹LNNKKKŒ[ÜÝ]WÛÜ˜XÛKŒLLŒKŒŒKŒŒŒKMLLLMLLŒÌLMÎÙKLMÂ˜ÛÛ™š\›X][Û‹LNNK‹ŒKÛÜœ™[Û‹ŒLLŒŽNLMLMNNMLŒŒ‹ŒNLÌÎLŒMŒÌMÌÎŽNNNMNLŒÎLÍLM‹ŒÍÍLMÌMÍŒM‹ŒMNÍŒÍLŽŒË‹ÍÍMMMÍMŒMMŒŽLMKLM‚˜ÛÛ™š\›X][Û‹LNNK‹ŒKØØWÙ\]Z]˜[[ŒLLŒŽNLMLMNNMLŒŒ‹ŒNLÌÎLŒMŒÌMÌÎŽNNNMNLŒÎLÍLM‹ŒÍÍLMÌMÍŒM‹ŒMNÍŒÍLŽŒË‹ÍÍMMMÍMŒMMŒŽLMKLM‚˜ÛÛ™š\›X][Û‹LNNK‹ŒK˜]×ÜÝ™ŒLLŒŽNLMLMNNMLŒKŒNLÌÎLŒMŒÌMÍËŽNNNMNLŒÎLÍLM‹ŒÍÍLMÌMÍŒML‹ŒMNÍŒÍLŽKËŒÌÌŽLÌÎÍMŽM™KLM‚˜ÛÛ™š\›X][Û‹LNNK‹ŒK[ÜÝ]WÛÜ˜XÛKŒLLŒKŒŒKŒŒŒ‹ÍÍMMMÍMŒMMŒŽLMKLM‚˜ÛÛ™š\›X][Û‹LNNK‹ŒKÛÜœ™[Û‹ŒLLŒŽNLÍÎŽMMŒÎŒNLŒÌÎŒMÌÍŽNNLNMMÌŒŽMÌL‹ŒÌŒŽÌMŒMŽMŒNMLŒÌLLŒLKŽMŽLŽLÌMKLM‚˜ÛÛ™š\›X][Û‹LNNK‹ŒKØØWÙ\]Z]˜[[ŒLLŒŽNLÍÎŽMMŒÎŒNLŒÌÎŒMÌÍŽNNLNMMÌŒŽMÌL‹ŒÌŒŽÌMŒMŽMŒNMLŒÌLLŒLKŽMŽLŽLÌMKLM‚˜ÛÛ™š\›X][Û‹LNNK‹ŒK˜]×ÜÝ™ŒLLŒŽNLÍÎŽMMŒÎMKŒNLŒÌÎŒMÍŒËŽNNLNMMÌŒŽMÌL‹ŒÌŒŽÌMŒMÌÌËŒNMLŒÌLLŒMÌ‹LŒNLŒ™KLM‚˜ÛÛ™š\›X][Û‹LNNK‹ŒK[ÜÝ]WÛÜ˜XÛKŒLLŒKŒŒKŒŒŒLŒNLŒ™KLM‚˜ÛÛ™š\›X][Û‹LNNK‹KÛÜœ™[Û‹ŒLLŒŽNLMÌL‹ŒLŒMNÍŒÌNLÌÌMËŽNNÍÌNLLMMÌKŒLLMMMMÍÍMŒÎÍŒŽLŒÌLÍK‹ŒLŒŒŒÍMÎÍŒYKLM‚˜ÛÛ™š\›X][Û‹LNNK‹KØØWÙ\]Z]˜[[ŒLLŒŽNLMÌL‹ŒLŒMNÍŒÌNLÌÌMËŽNNÍÌNLLMMÌKŒLLMMMMÍÍMŒÎÍŒŽLŒÌLÍK‹ŒLŒŒŒÍMÎÍŒYKLM‚˜ÛÛ™š\›X][Û‹LNNK‹K˜]×ÜÝ™ŒLLŒŽNLMÌLL‹ŒLŒMNÍŒÌNLÌÌLŽNNÍÌNLLMMÌKŒLLMMMMÍÍ‹ŒÎÍŒŽLŒÌMŒ‹ŒÌÌŽŽÍKLMÂ˜ÛÛ™š\›X][Û‹LNNK‹K[ÜÝ]WÛÜ˜XÛKŒLLŒKŒŒKŒŒŒËŒÌÌŽLÌÎÍMŽM™KLM‚˜ÛÛ™š\›X][Û‹LNNK‹KŒÛÜœ™[Û‹ŒLLŒŽNMMÍMMLNMLŽM‹ŒÌŽMMŒÌNŽNMÎMÍMMÍŒKŒÌLMÍÎÌLNLMŒLÍŒÍÌŽLMÌ‹ËŒÌÌŽLÌÎÍMŽM™KLM‚˜ÛÛ™š\›X][Û‹LNNK‹KŒØØWÙ\]Z]˜[[ŒLLŒŽNMMÍMMLNMLŽM‹ŒÌŽMMŒÌNŽNMÎMÍMMÍŒKŒÌLMÍÎÌLNLMŒLÍŒÍÌŽLMÌ‹ËŒÌÌŽLÌÎÍMŽM™KLM‚˜ÛÛ™š\›X][Û‹LNNK‹KŒ˜]×ÜÝ™ŒLLŒŽNMMÍMMLNMLŽNKŒÌŽMMŒÌÎKŽNMÎMÍMMÍŒKŒÌLMÍÎÌLNLŒKŒLÍŒÍÌŽLMLÍKKŒLLŒŒÌŒLMMYKLM‚˜ÛÛ™š\›X][Û‹LNNK‹KŒ[ÜÝ]WÛÜ˜XÛKŒLLŒKŒŒKŒŒŒËŒÌÌŽLÌÎÍMŽM™KLM‚˜ÛÛ™š\›X][Û‹LNNKŒKÛÜœ™[Û‹ŒLLŒŽNMŒÍNMLLÎMŒMŽMMÌÌNÍKŽNNŒLÌLMN‹ŒLÍÌŒŒŽLŒÍNŒLÌŽÍÎMÎLÌ‹ËŒŒÌÌMÍNYKLM‚˜ÛÛ™š\›X][Û‹LNNKŒKØØWÙ\]Z]˜[[ŒLLŒŽNMŒÍNMLLÎMŒMŽMMÌÌNÍKŽNNŒLÌLMN‹ŒLÍÌŒŒŽLŒÍNŒLÌŽÍÎMÎLÌ‹ËŒŒÌÌMÍNYKLM‚˜ÛÛ™š\›X][Û‹LNNKŒK˜]×ÜÝ™ŒLLŒŽNMŒÍNMLLÎNŒMŽMMÌÌMÌŽNNŒLÌLMNŽŒLÍÌŒŒŽLNLËŒLÌŽÍÎMÎLÌMËŽMÎNŒNKLM‚˜ÛÛ™š\›X][Û‹LNNKŒK[ÜÝ]WÛÜ˜XÛKŒLLŒKŒŒKŒŒŒ‹ÍÍMMMÍMŒMMŒŽLMKLM‚˜ÛÛ™š\›X][Û‹LNNKŒKÛÜœ™[Û‹ŒLLŒŽMLŒÍLNMÎMMŒ‹ŒÍLLMÍÍŒKŽNMÍMMŽŒLLÎËŒÍMLLLÎLÌÍËŒÍMŒLÍLŒÍŒË‹ŒŒŒŒLLÌLÙKLM‚˜ÛÛ™š\›X][Û‹LNNKŒKØØWÙ\]Z]˜[[ŒLLŒŽMLŒÍLNMÎMMŒ‹ŒÍLLMÍÍŒKŽNMÍMMŽŒLLÎËŒÍMLLLÎLÌÍËŒÍMŒLÍLŒÍŒË‹ŒŒŒŒLLÌLÙKLM‚˜ÛÛ™š\›X][Û‹LNNKŒK˜]×ÜÝ™ŒLLŒŽMLŒÍLNMÎMMŒÌËŒÍLLMÍÍŒÎŽNMÍMMŽŒLLÎËŒÍMLLLÎLÌŒÍMŒLÍLŒÍMK‹ÍÍMMMÍMŒMMŒŽLMKLM‚˜ÛÛ™š\›X][Û‹LNNKŒK[ÜÝ]WÛÜ˜XÛKŒLLŒKŒŒKŒŒŒKLÌÍLÍŽLÍÍÌÍKLM‚˜ÛÛ™š\›X][Û‹LNNKKÛÜœ™[Û‹ŒLLŒŽMNLNNLÌMMÍŒLÍNKŒNLMMLNLÍMÌLMKŽNNÍNŽËŒŽÌÌMŒLŽNNNLÌÍËŒÍÌÌNMM‹ÍÍMMMÍMŒMMŒŽLMKLM‚˜ÛÛ™š\›X][Û‹LNNKKØØWÙ\]Z]˜[[ŒLLŒŽMNLNNLÌMMÍŒLÍNKŒNLMMLNLÍMÌLMKŽNNÍNŽËŒŽÌÌMŒLŽNNNLÌÍËŒÍÌÌNMM‹ÍÍMMMÍMŒMMŒŽLMKLM‚˜ÛÛ™š\›X][Û‹LNNKK˜]×ÜÝ™ŒLLŒŽMNLNNLÌMMÍŒLÍŽKŒNLMMLNLÍMÌLMKŽNNÍNŽÌ‹ŒŽÌÌMŒLŽNNNLŽM‹ŒÍÌÌNÎ‹KŒMLMÍMMŽLÙKLM‚˜ÛÛ™š\›X][Û‹LNNKK[ÜÝ]WÛÜ˜XÛKŒLLŒKŒŒKŒŒŒKŒÎÍÍÎÎÎMMÙKLM‚˜ÛÛ™š\›X][Û‹LNNKKŒÛÜœ™[Û‹ŒLLŒKŒMÍLMÍÌLLMÍŒÍ‹ŒNÍÎŽÍÎLÎKŽNNLŽLÍMŒNŒÍÌLMLŽŒÌÍM‹ŒÍŒÌMŒNMLMNLËKŒLÍÎMLLÍYKLM‚˜ÛÛ™š\›X][Û‹LNNKKŒØØWÙ\]Z]˜[[ŒLLŒKŒMÍLMÍÌLLMÍŒÍ‹ŒNÍÎŽÍÎLÎKŽNNLŽLÍMŒNŒÍÌLMLŽŒÌÍM‹ŒÍŒÌMŒNMLMNLËKŒLÍÎMLLÍYKLM‚˜ÛÛ™š\›X][Û‹LNNKKŒ˜]×ÜÝ™ŒLLŒKŒMÍLMÍÌLLMÍŒNÍÎŽÍÎMŽNNLŽLÍMŒNŒÍÌLMLŽŒÌÎMŒÍŒÌMŒNMLMŽÌËŽNMŒÍŒLLÌŒKLM‚˜ÛÛ™š\›X][Û‹LNNKKŒ[ÜÝ]WÛÜ˜XÛKŒLLŒKŒŒKŒŒŒ‹ÍÍMMMÍMŒMMŒŽLMKLM‚˜ÛÛ™š\›X][Û‹LNNKKŒKÛÜœ™[Û‹ŒLLŒŽNÌMŽÌNMŽMLMMKŒŽMÌŒLL‹ŽNMŒÍÍÌLŒLLÌ‹ŒLMÍMLNNLŒËŒMMMNNNÎMŒNNKËŒÌÌŽLÌÎÍMŽM™KLM‚˜ÛÛ™š\›X][Û‹LNNKKŒKØØWÙ\]Z]˜[[ŒLLŒŽNÌMŽÌNMŽMLMMKŒŽMÌŒLL‹ŽNMŒÍÍÌLŒLLÌ‹ŒLMÍMLNNLŒËŒMMMNNNÎMŒNNKËŒÌÌŽLÌÎÍMŽM™KLM‚˜ÛÛ™š\›X][Û‹LNNKKŒK˜]×ÜÝ™ŒLLŒŽNÍMÎMMÍŽMN‹ŒŽLŽNMLLÍ‹ŽNMÌMÎÍNMLNKŒLŽLÎŒLÎŒMLÍMÍKËŒÌÌŽLÌÎÍMŽM™KLM‚˜ÛÛ™š\›X][Û‹LNNKKŒK[ÜÝ]WÛÜ˜XÛKŒLLŒKŒŒKŒŒŒKŽMŽLŽLÌMKLM‚˜ÛÛ™š\›X][Û‹LNNKKŒKÛÜœ™[Û‹ŒLLŒŽNŒNÍMÎNNËŒLLÌMŒŒÍŒÍLŽNMŒÌMÍLŽNNNMËŒŽMÎNÍLŒLÍÌÎKŒLNŽMÍLÌÌMŒMKKŽMŽLŽLÌMKLM‚˜ÛÛ™š\›X][Û‹LNNKKŒKØØWÙ\]Z]˜[[ŒLLŒŽNŒNÍMÎNNËŒLLÌMŒŒÍŒÍLŽNMŒÌMÍLŽNNNMËŒŽMÎNÍLŒLÍÌÎKŒLNŽMÍLÌÌMŒMKKŽMŽLŽLÌMKLM‚˜ÛÛ™š\›X][Û‹LNNKKŒK˜]×ÜÝ™ŒLLŒŽNLLÌLLÌ‹ŒŒÌŒÍÌÍŒLNLËŽNMŒÎMŒNNNMÌKŒÌMŽMÎ‹ŒLNLÌMÍLÌÌKLŽLÌÎÍÎNLÙKLM‚˜ÛÛ™š\›X][Û‹LNNKKŒK[ÜÝ]WÛÜ˜XÛKŒLLŒKŒŒKŒŒŒ‹ÍÍMMMÍMŒMMŒŽLMKLM‚˜ÛÛ™š\›X][Û‹LNNKKKÛÜœ™[Û‹ŒLLŒŽMÍÎÌMLÍÌM‹ŒMLŽŒÎLÍNŽNMNMLÌÌÍŽŒKŒMÍŒÍŒMMNMKŒMÍÎMŒŒŽÌÍÍ‹ËŽŽÌÌÍLMŽŽKLM‚˜ÛÛ™š\›X][Û‹LNNKKKØØWÙ\]Z]˜[[ŒLLŒŽMÍÎÌMLÍÌM‹ŒMLŽŒÎLÍNŽNMNMLÌÌÍŽŒKŒMÍŒÍŒMMNMKŒMÍÎMŒŒŽÌÍÍ‹ËŽŽÌÌÍLMŽŽKLM‚˜ÛÛ™š\›X][Û‹LNNKKK˜]×ÜÝ™ŒLLŒŽMÎÍÍÍŒËŒLÎMNNNNMMLMKŽNMNŽNLLLÌÎKŒMÍNLŒNŒMLKŒNNŽŒÍŒÍÌK‹ŒLŒŒŒÍMÎÍŒYKLM‚˜ÛÛ™š\›X][Û‹LNNKKK[ÜÝ]WÛÜ˜XÛKŒLLŒKŒŒKŒŒŒ‹ŒŒŒŒLLÌLÙKLM‚˜ÛÛ™š\›X][Û‹LNNKKKŒÛÜœ™[Û‹ŒLLŒŽMNMNÌÍLMMÌ‹ŒMÎMÌLŒÍËŽNMŒÍLLMÍËŒLŒMÍÍÌÍŒŒÍ‹ŒMŽÍŽMLŒÌÌÌË‹ŽLÎLÎLÎLÌŒŽKLM‚˜ÛÛ™š\›X][Û‹LNNKKKŒØØWÙ\]Z]˜[[ŒLLŒŽMNMNÌÍLMMÌ‹ŒMÎMÌLŒÍËŽNMŒÍLLMÍËŒLŒMÍÍÌÍŒŒÍ‹ŒMŽÍŽMLŒÌÌÌË‹ŽLÎLÎLÎLÌŒŽKLM‚˜ÛÛ™š\›X][Û‹LNNKKKŒ˜]×ÜÝ™ŒLLŒŽMNMNNLÍÍÍÌMÍ‹ŒLÍÌLNLËŽNMŒŽLLMMŒÍÎLÍŒLMLÍÌŒŽM‹ŒMŽMMNLLŒÎLŒNK‹ÍÍMMMÍMŒMMŒŽLMKLM‚˜ÛÛ™š\›X][Û‹LNNKKKŒ[ÜÝ]WÛÜ˜XÛKŒLLŒKŒŒKŒŒŒËŽMÎNŒNKLM‚˜ÛÛ™š\›X][Û‹LNNK‹ŒKÛÜœ™[Û‹ŒLLŒŽNLÍLÍÍLÎMŽMKŒNMÎNÌMŽŽÎŽNMŒNMŒÍÌLŒLÎKŒÍŒLMŒÍÎÌMMKŒŒÎLÌLÍLMNMMLŒNLŒ™KLM‚˜ÛÛ™š\›X][Û‹LNNK‹ŒKØØWÙ\]Z]˜[[ŒLLŒŽNLÍLÍÍLÎMŽMKŒNMÎNÌMŽŽÎŽNMŒNMŒÍÌLŒLÎKŒÍŒLMŒÍÎÌMMKŒŒÎLÌLÍLMNMMLŒNLŒ™KLM‚˜ÛÛ™š\›X][Û‹LNNK‹ŒK˜]×ÜÝ™ŒLLŒŽNMÍÍÌÍŒÌÌKŒMÍŒNMÎÍ‹ŽNMŒŒLLÍŒÎÍ‹ŒÍLÍÌŒŒMŒŒÎMÍMÌMMÍÎ‹ŽNMŒÍŒLLÌŒKLM‚˜ÛÛ™š\›X][Û‹LNNK‹ŒK[ÜÝ]WÛÜ˜XÛKŒLLŒKŒŒKŒŒŒËŒÌÌŽLÌÎÍMŽM™KLM‚˜ÛÛ™š\›X][Û‹LNNK‹ŒKÛÜœ™[Û‹ŒLLŒŽNÌŽMNMLLËŒNLÌŽÍÍÍÎMÍ‹ŽNMÌÎMÍŒM‹ŒÎŽNLÎÍNNNKŒŒŒŒÍMÍMŒKŒÌÍMNLÍŽMŽMMKLM‚˜ÛÛ™š\›X][Û‹LNNK‹ŒKØØWÙ\]Z]˜[[ŒLLŒŽNÌŽMNMLLËŒNLÌŽÍÍÍÎMÍ‹ŽNMÌÎMÍŒM‹ŒÎŽNLÎÍNNNKŒŒŒŒÍMÍMŒKŒÌÍMNLÍŽMŽMMKLM‚˜ÛÛ™š\›X][Û‹LNNK‹ŒK˜]×ÜÝ™ŒLLŒŽNÌÌÌMLLÍËŒÎMMMŒÌNLLNMŽMŽNMÌLŽMLMËŒÎŒMÌMŽ‹ŒŒNÍÎMÌÌÌMÍÌ‹‹ŒLŒŒŒÍMÎÍŒYKLM‚˜ÛÛ™š\›X][Û‹LNNK‹ŒK[ÜÝ]WÛÜ˜XÛKŒLLŒKŒŒKŒŒŒËŽMÎNŒNKLM‚˜ÛÛ™š\›X][Û‹LNNK‹KÛÜœ™[Û‹ŒLLŒŽNLMÌLÌMŒL‹ŒLÍÍMMÍNŽNMŒŒMLÍŒNMÎŒÍNMÎLŽNLŒŽLMÌNLÌÍÌKËŒÌÌŽLÌÎÍMŽM™KLM‚˜ÛÛ™š\›X][Û‹LNNK‹KØØWÙ\]Z]˜[[ŒLLŒŽNLMÌLÌMŒL‹ŒLÍÍMMÍNŽNMŒŒMLÍŒNMÎŒÍNMÎLŽNLŒŽLMÌNLÌÍÌKËŒÌÌŽLÌÎÍMŽM™KLM‚˜ÛÛ™š\›X][Û‹LNNK‹K˜]×ÜÝ™ŒLLŒŽNLÌLŽLLÎLËŒLÌÍMNLÍŒ‹ŽNMŒŒLMŒLŒŽËŒÍNŒÌÌNMÍMŒŒMŽNMNŒŒÌLLKŽNMŒÍŒLLÌŒKLM‚˜ÛÛ™š\›X][Û‹LNNK‹K[ÜÝ]WÛÜ˜XÛKŒLLŒKŒŒKŒŒŒËŒLÌLLÌÌMÍÌNLNYKLM‚˜ÛÛ™š\›X][Û‹LNNK‹KŒÛÜœ™[Û‹ŒLLŒŽMÍÍÌMÌLÍMÍŒLLKŒLÎÌLÍNMMKŽNMŒLŽŒÍLÎLKŒÍÌLÌÍNLÌËŒLÎÌNLÎNŒŒLŒŒMŒÌÌÍŒÍŒÍÌÍÙKLM‚˜ÛÛ™š\›X][Û‹LNNK‹KŒØØWÙ\]Z]˜[[ŒLLŒŽMÍÍÌMÌLÍMÍŒLLKŒLÎÌLÍNMMKŽNMŒLŽŒÍLÎLKŒÍÌLÌÍNLÌËŒLÎÌNLÎNŒŒLŒŒMŒÌÌÍŒÍŒÍÌÍÙKLM‚˜ÛÛ™š\›X][Û‹LNNK‹KŒ˜]×ÜÝ™ŒLLŒŽMÍÍÍLNŽÌÍ‹ŒLÍLLÌMMËŽNMŒŒÍŽMMŒKŒÍŽLŽMNNŒLÎNÌÍÎŽKŒMŒÌÌÍŒÍŒÍÌÍÙKLM‚˜ÛÛ™š\›X][Û‹LNNK‹KŒ[ÜÝ]WÛÜ˜XÛKŒLLŒKŒŒKŒŒŒ‹ŒŒŒŒLLÌLÙKLM‚˜ÛÛ™š\›X][Û‹LNNKŒKÛÜœ™[Û‹ŒLLŒŽNLLMMÌÍŽNLNŒLŽNMNNŒÌKŽNMŒLÌLMÎMNMËŒÌÍLMMNLKŒŒLÍMMŒŽMMM‹NNMŒ™KLM‚˜ÛÛ™š\›X][Û‹LNNKŒKØØWÙ\]Z]˜[[ŒLLŒŽNLLMMÌÍŽNLNŒLŽNMNNŒÌKŽNMŒLÌLMÎMNMËŒÌÍLMMNLKŒŒLÍMMŒŽMMM‹NNMŒ™KLM‚˜ÛÛ™š\›X][Û‹LNNKŒK˜]×ÜÝ™ŒLLŒŽNLLMŒÍMŒÍŒLŽLMŒÍKŽNMŒMŒÍŒÌÌŒŒÌŒMNÍMÌÌLŒŒLLMÎMÌŒŒŽÍŒ‹‹ŒŒŒŒLLÌLÙKLM‚˜ÛÛ™š\›X][Û‹LNNKŒK[ÜÝ]WÛÜ˜XÛKŒLLŒKŒŒKŒŒŒËŒÌÌŽLÌÎÍMŽM™KLM‚˜ÛÛ™š\›X][Û‹LNNKŒKÛÜœ™[Û‹ŒLLŒŽNMÍÌÍÍLŒÎMÎLKŒLŒNMMLÎNKŽNMMÍLLÍKŒLŒMLMÌMKŒMŽNMÌÌÎŽK‹ÍÍMMMÍMŒMMŒŽLMKLM‚˜ÛÛ™š\›X][Û‹LNNKŒKØØWÙ\]Z]˜[[ŒLLŒŽNMÍÌÍÍLŒÎMÎLKŒLŒNMMLÎNKŽNMMÍLLÍKŒLŒMLMÌMKŒMŽNMÌÌÎŽK‹ÍÍMMMÍMŒMMŒŽLMKLM‚˜ÛÛ™š\›X][Û‹LNNKŒK˜]×ÜÝ™ŒLLŒŽNNLÌŒLÌÎÌŽŒLMMMÌŒŽMMNŽNMŽLÌMMLNNËŒLÌN‹ŒMŽLŒMÎÍÍÌÌÎM‹‹ŒLÌÎMÍÍLLÎYKLM‚˜ÛÛ™š\›X][Û‹LNNKŒK[ÜÝ]WÛÜ˜XÛKŒLLŒKŒŒKŒŒŒËŽMÎNŒNKLM‚˜ÛÛ™š\›X][Û‹LNNKKÛÜœ™[Û‹ŒLLŒKŒŒÍÍŒNNŒNLŒMÌMÌÌNÎLM‹ŽNMMLÌLÌMŒNNKŒÍÌŒMNMLLMÎMKŒMÍÎLNLŽMÍÌÍËKŒÌÍMNLÍŽMŽMMKLM‚˜ÛÛ™š\›X][Û‹LNNKKØØWÙ\]Z]˜[[ŒLLŒKŒŒÍÍŒNNŒNLŒMÌMÌÌNÎLM‹ŽNMMLÌLÌMŒNNKŒÍÌŒMNMLLMÎMKŒMÍÎLNLŽMÍÌÍËKŒÌÍMNLÍŽMŽMMKLM‚˜ÛÛ™š\›X][Û‹LNNKK˜]×ÜÝ™ŒLLŒKŒŒÎÎŒMŽM‹ŒNŒÌÍÍÍŽÍÌKŽNMMMŒLMÎLKŒÍLNLÌŽMMÌÌNL‹ŒMÌÎMŒŒŽL‹ŽNMŒÍŒLLÌŒKLM‚˜ÛÛ™š\›X][Û‹LNNKK[ÜÝ]WÛÜ˜XÛKŒLLŒKŒŒKŒŒŒ‹ÍÍMMMÍMŒMMŒŽLMKLM‚˜ÛÛ™š\›X][Û‹LNNKKŒÛÜœ™[Û‹ŒLLŒŽNÌÍŒŒNLÍËŒÌÍMMLÍŽLNKŽNMÍMŽÌÎNMÌLËŒŽÎÌŽÌKŒŒNNÌNÌL‹ËÍÌMMŒLMÌŒÍÍŒM™KLM‚˜ÛÛ™š\›X][Û‹LNNKKŒØØWÙ\]Z]˜[[ŒLLŒŽNÌÍŒŒNLÍËŒÌÍMMLÍŽLNKŽNMÍMŽÌÎNMÌLËŒŽÎÌŽÌKŒŒNNÌNÌL‹ËÍÌMMŒLMÌŒÍÍŒM™KLM‚˜ÛÛ™š\›X][Û‹LNNKKŒ˜]×ÜÝ™ŒLLŒŽNMŒÌLMŒÎNKŒÌŒŽŒÍMLÎKŽNMÍMÎNLÌŒNMMMKŒŒMŽŒLMÍÍÍKŒŒNMLNLÎNÌMÌŒK‹ÍÍMMMÍMŒMMŒŽLMKLM‚˜ÛÛ™š\›X][Û‹LNNKKŒ[ÜÝ]WÛÜ˜XÛKŒLLŒKŒŒKŒŒŒŽNMŒÍŒLLÌŒKLM‚˜ÛÛ™š\›X][Û‹LNNKM‹KŒKÛÜœ™[Û‹ŒLLŒŽMÌNLŒÍLLËŒLŒÌŒŽNLÍMÌÍKŽNLŽÍNMÌ‹ŒNNMLMNLÌŒÍMM‹ŒŽLLMÌÌÍÌŒŽŽŒMŒÌÌÍŒÍŒÍÌÍÙKLM‚˜ÛÛ™š\›X][Û‹LNNKM‹KŒKØØWÙ\]Z]˜[[ŒLLŒŽMÌNLŒÍLLËŒLŒÌŒŽNLÍMÌÍKŽNLŽÍNMÌ‹ŒNNMLMNLÌŒÍMM‹ŒŽLLMÌÌÍÌŒŽŽŒMŒÌÌÍŒÍŒÍÌÍÙKLM‚˜ÛÛ™š\›X][Û‹LNNKM‹KŒK˜]×ÜÝ™ŒLLŒŽMÌŽMŒÍÍLÌMNŒLŒŽMÍŽMÌŽNLÌMLŒŒÍÎ‹ŒNLLÌÌLÌMLÌÌŒËŒÍÌLLMŽMÌNÎLKŽNMŒÍŒLLÌŒKLM‚˜ÛÛ™š\›X][Û‹LNNKM‹KŒK[ÜÝ]WÛÜ˜XÛKŒLLŒKŒŒKŒŒŒËŒLÌLLÌÌMÍÌNLNYKLM‚˜ÛÛ™š\›X][Û‹LNNKM‹KŒKÛÜœ™[Û‹ŒLLŒŽMÍMÍŒÎLLËŒLMÍNMMŒÎLMŽNLÌŽLÌŒMŒKŒNLÎLMNŒŽÍÍËŒÌŒŒLMÍMŒÎLNLŒ‹LŒNLŒ™KLM‚˜ÛÛ™š\›X][Û‹LNNKM‹KŒKØØWÙ\]Z]˜[[ŒLLŒŽMÍMÍŒÎLLËŒLMÍNMMŒÎLMŽNLÌŽLÌŒMŒKŒNLÎLMNŒŽÍÍËŒÌŒŒLMÍMŒÎLNLŒ‹LŒNLŒ™KLM‚˜ÛÛ™š\›X][Û‹LNNKM‹KŒK˜]×ÜÝ™ŒLLŒŽMÍLLLÎMÎÍÎËŒLMŒMŒÌLNMÌKŽNLÌÍŽLÍŒÍÎŒŒËŒMÍMÎŒNÌMÍ‹ŒÌMŒMŒŒŒŽMŽLÍNËŒŒÌÌMÍNYKLM‚˜ÛÛ™š\›X][Û‹LNNKM‹KŒK[ÜÝ]WÛÜ˜XÛKŒLLŒKŒŒKŒŒŒ‹ŒŒŒŒLLÌLÙKLM‚˜ÛÛ™š\›X][Û‹LNNKM‹KKÛÜœ™[Û‹ŒLLŒŽMŽMMŒÌÎŒÎÍÌKŒLLÌÎNMŒÌÌLŽMKŽNLÎMMMLŒÍŒËŒMMÌLŽLÎŒM‹ŒŽÎLMŒLŒLÍËKLŒÌÍÌLÍŒÎKLM‚˜ÛÛ™š\›X][Û‹LNNKM‹KKØØWÙ\]Z]˜[[ŒLLŒŽMŽMMŒÌÎŒÎÍÌKŒLLÌÎNMŒÌÌLŽMKŽNLÎMMMLŒÍŒËŒMMÌLŽLÎŒM‹ŒŽÎLMŒLŒLÍËKLŒÌÍÌLÍŒÎKLM‚˜ÛÛ™š\›X][Û‹LNNKM‹KK˜]×ÜÝ™ŒLLŒŽMÌŽMMŽÌÍŒ‹ŒLLŽMÍLŒLMŽNMÎLÍÌLMËŒMNMŽŒŒM‹ŒÌÌNÌÌNML‹LŒNLŒ™KLM‚˜ÛÛ™š\›X][Û‹LNNKM‹KK[ÜÝ]WÛÜ˜XÛKŒLLŒKŒŒKŒŒŒŒÌÌŽŽÍKLM‚˜ÛÛ™š\›X][Û‹LNNKM‹KKŒÛÜœ™[Û‹ŒLLŒŽNLNMMLŒÌÍKŒLLÍLNÎŽŽMÍMŽNLÍŽMŒLMÎLLKŒMŒLÎNMLLÍ‹ŒŒŒÎŒÎLLÌÌÌÍÍŽNMŒÍŒLLÌŒKLM‚˜ÛÛ™š\›X][Û‹LNNKM‹KKŒØØWÙ\]Z]˜[[ŒLLŒŽNLNMMLŒÌÍKŒLLÍLNÎŽŽMÍMŽNLÍŽMŒLMÎLLKŒMŒLÎNMLLÍ‹ŒŒŒÎŒÎLLÌÌÌÍÍŽNMŒÍŒLLÌŒKLM‚˜ÛÛ™š\›X][Û‹LNNKM‹KKŒ˜]×ÜÝ™ŒLLŒŽNLÎNÌÍŒŒKŒLLÌLÌÌÍNÌMÌËŽNLÍÍŽNLÍŒÌŒŽŒMNŒÍÌNMM‹ŒŒÎLÍŽŒLŒ‹ËŒÌÌŽLÌÎÍMŽM™KLM‚˜ÛÛ™š\›X][Û‹LNNKM‹KKŒ[ÜÝ]WÛÜ˜XÛKŒLLŒKŒŒKŒŒŒ‹ŒLÌÎMÍÍLLÎYKLM‚˜ÛÛ™š\›X][Û‹LNNKM‹‹ŒKÛÜœ™[Û‹ŒLLŒŽMÌŒÍLMŒÎÍŒÎKŒLÎMÌÌÍÎMŽËŽNMMMNLLÌM‹ŒMÌLÎÍLÎMNŒŒNMŒNÍÍNNMLK‹ŒLÌÎMÍÍLLÎYKLM‚˜ÛÛ™š\›X][Û‹LNNKM‹‹ŒKØØWÙ\]Z]˜[[ŒLLŒŽMÌŒÍLMŒÎÍŒÎKŒLÎMÌÌÍÎMŽËŽNMMMNLLÌM‹ŒMÌLÎÍLÎMNŒŒNMŒNÍÍNNMLK‹ŒLÌÎMÍÍLLÎYKLM‚˜ÛÛ™š\›X][Û‹LNNKM‹‹ŒK˜]×ÜÝ™ŒLLŒŽMÌLÎLÍÍÍŒLËŒLÍLÌMŽLLŽŒ‹ŽNMLÍÍLŽ‹ŒMÎŽÌLŒÍLÌLŽKŒŒLŒŽMŒMLŽMŒÌMK‹ŽŽMLMŽMM™KLM‚˜ÛÛ™š\›X][Û‹LNNKM‹‹ŒK[ÜÝ]WÛÜ˜XÛKŒLLŒKŒŒKŒŒŒËŒÌÌŽLÌÎÍMŽM™KLM‚˜ÛÛ™š\›X][Û‹LNNKM‹‹ŒKÛÜœ™[Û‹ŒLLŒŽMÍÍÍNMLŽÎMÌMËŒLÌŒÍŒŽLÌŽNMÍÍNLNŒLÌÌÌÎMMLËŒŒŒÌÎLŒÎŽÌ‹ÌNÎMMŽLMYKLM‚˜ÛÛ™š\›X][Û‹LNNKM‹‹ŒKØØWÙ\]Z]˜[[ŒLLŒŽMÍÍÍNMLŽÎMÌMËŒLÌŒÍŒŽLÌŽNMÍÍNLNŒLÌÌÌÎMMLËŒŒŒÌÎLŒÎŽÌ‹ÌNÎMMŽLMYKLM‚˜ÛÛ™š\›X][Û‹LNNKM‹‹ŒK˜]×ÜÝ™ŒLLŒŽMÎÎLLNMÍŒNNÎËŒLLÌLMÎÎNNËŽNMLŽŒÍÍMLMËŒLŒÌÍÍLÌÍÍMNŽKŒŒLÍÍÍLŒLÌÍ‹ËŒÌÌŽLÌÎÍMŽM™KLM‚˜ÛÛ™š\›X][Û‹LNNKM‹‹ŒK[ÜÝ]WÛÜ˜XÛKŒLLŒKŒŒKŒŒŒÌNÎMMŽLMYKLM‚˜ÛÛ™š\›X][Û‹LNNKM‹‹KÛÜœ™[Û‹ŒLLŒŽNMMLMNNŽMÍËŒLMLŽMÍŒŒÎŒŽNLÍŒLŒŒŒLMŒMKŒMLÍÍÌLÎNM‹ŒŒŒLÍÍMMÎLÍÍÍËÍÌMMŒLMÌŒÍÍŒM™KLM‚˜ÛÛ™š\›X][Û‹LNNKM‹‹KØØWÙ\]Z]˜[[ŒLLŒŽNMMLMNNŽMÍËŒLMLŽMÍŒŒÎŒŽNLÍŒLŒŒŒLMŒMKŒMLÍÍÌLÎNM‹ŒŒŒLÍÍMMÎLÍÍÍËÍÌMMŒLMÌŒÍÍŒM™KLM‚˜ÛÛ™š\›X][Û‹LNNKM‹‹K˜]×ÜÝ™ŒLLŒŽNÍMŒÎMMMŽNNLËŒLLNÍŒÍÌLÍŒÌKŽNLÎLLÌLMÌŒN‹ŒMLMÍÍMÌMMÌL‹ŒNLLMLLŒÌMŒK‹ŒÎÍÎŒÎLMNMYKLM‚˜ÛÛ™š\›X][Û‹LNNKM‹‹K[ÜÝ]WÛÜ˜XÛKŒLLŒKŒŒKŒŒŒŽMÎNMÌLL™KLM‚˜ÛÛ™š\›X][Û‹LNNKM‹‹KŒÛÜœ™[Û‹ŒLLŒŽMÍŒŽNÍLKŒLMMLMNLLN‹ŽNLÍMÌNŒLMLÍNKŒMŽLÍŒÍLNKŒÌMÍÌÌŽÍÌŒŒLŽML‹ËŒÌÌŽLÌÎÍMŽM™KLM‚˜ÛÛ™š\›X][Û‹LNNKM‹‹KŒØØWÙ\]Z]˜[[ŒLLŒŽMÍŒŽNÍLKŒLMMLMNLLN‹ŽNLÍMÌNŒLMLÍNKŒMŽLÍŒÍLNKŒÌMÍÌÌŽÍÌŒŒLŽML‹ËŒÌÌŽLÌÎÍMŽM™KLM‚˜ÛÛ™š\›X][Û‹LNNKM‹‹KŒ˜]×ÜÝ™ŒLLŒŽMÍLMÍÍÍMŽKŒLLÎLÍÌNMËŽNLÍÌŒÎMLŒÎNŒMŒMÍÍÌÎLÌÌŒŒM‹ŒÌÌÌÌŒÌLÌÍÌŽNMŒÍŒLLÌŒKLM‚˜ÛÛ™š\›X][Û‹LNNKM‹‹KŒ[ÜÝ]WÛÜ˜XÛKŒLLŒKŒŒKŒŒŒŒMŒÌÌÍŒÍŒÍÌÍÙKLM‚˜ÛÛ™š\›X][Û‹LNNKM‹ŒKÛÜœ™[Û‹ŒLLŒŽMÍÍÍMMÎLŒLLÍŒLLÌMŒŒKŽNLÍÌÎLMMMLŒŒÎŒMNMLNÍNŒ‹ŒŒÌÌÌÌLLÌÍLLNMNËŒŒÌÌMÍNYKLM‚˜ÛÛ™š\›X][Û‹LNNKM‹ŒKØØWÙ\]Z]˜[[ŒLLŒŽMÍÍÍMMÎLŒLLÍŒLLÌMŒŒKŽNLÍÌÎLMMMLŒŒÎŒMNMLNÍNŒ‹ŒŒÌÌÌÌLLÌÍLLNMNËŒŒÌÌMÍNYKLM‚˜ÛÛ™š\›X][Û‹LNNKM‹ŒK˜]×ÜÝ™ŒLLŒŽMÎÍMÌMÌŽMÍKŒLLMMŒÍŒÍKŽNLÎŒÌŒMËŒMLÎLÌLMÌMMÍÍŒŒMŒÌŒÌNŒMÍ‹ŽNMŒÍŒLLÌŒKLM‚˜ÛÛ™š\›X][Û‹LNNKM‹ŒK[ÜÝ]WÛÜ˜XÛKŒLLŒKŒŒKŒŒŒ‹ŒŒŒŒLLÌLÙKLM‚˜ÛÛ™š\›X][Û‹LNNKM‹ŒKÛÜœ™[Û‹ŒLLŒŽMÍLNMÌÌÎMÌLŒ‹ŒLMNMÍŒLŽNLÍMÌÍÎMŽNŒËŒMŽNMÍÍNM‹ŒÍÌŽLŒLLŒÎŒÌŒLMŒŒŒM™KLM‚˜ÛÛ™š\›X][Û‹LNNKM‹ŒKØØWÙ\]Z]˜[[ŒLLŒŽMÍLNMÌÌÎMÌLŒ‹ŒLMNMÍŒLŽNLÍMÌÍÎMŽNŒËŒMŽNMÍÍNM‹ŒÍÌŽLŒLLŒÎŒÌŒLMŒŒŒM™KLM‚˜ÛÛ™š\›X][Û‹LNNKM‹ŒK˜]×ÜÝ™ŒLLŒŽMÍŽŒÌÌŒŽNŒLLÌMNÎÌÌNKŽNLÍÌÌMÌNKŒMNNÍLMNÎŒÍÌÌŽÌŽMLMÌMKËŒÌÌŽLÌÎÍMŽM™KLM‚˜ÛÛ™š\›X][Û‹LNNKM‹ŒK[ÜÝ]WÛÜ˜XÛKŒLLŒKŒŒKŒŒŒLŒNLŒ™KLM‚˜ÛÛ™š\›X][Û‹LNNKM‹KÛÜœ™[Û‹ŒLLŒŽMÌMÍLMLŽNÎŒLMLLÍMÎMÍLËŽNLÍŒMNMMMÍMKŒMMLMMLLŒLMŒÌÌNNMMÌÎŒK‹ŒLÌÎMÍÍLLÎYKLM‚˜ÛÛ™š\›X][Û‹LNNKM‹KØØWÙ\]Z]˜[[ŒLLŒŽMÌMÍLMLŽNÎŒLMLLÍMÎMÍLËŽNLÍŒMNMMMÍMKŒMMLMMLLŒLMŒÌÌNNMMÌÎŒK‹ŒLÌÎMÍÍLLÎYKLM‚˜ÛÛ™š\›X][Û‹LNNKM‹K˜]×ÜÝ™ŒLLŒŽMÌÌÌŒÌŒÎŽNKŒLLMMÌÎLMKŽNLÍÍNLÍLÌŒMNÍŒÍMÍÍ‹ŒÌMLLÌÍMÌLKŽNMŒÍŒLLÌŒKLM‚˜ÛÛ™š\›X][Û‹LNNKM‹K[ÜÝ]WÛÜ˜XÛKŒLLŒKŒŒKŒŒŒËŽMÎNŒNKLM‚˜ÛÛ™š\›X][Û‹LNNKM‹KŒÛÜœ™[Û‹ŒLLŒŽMÌŽŒMÍMÍM‹ŒLMLÍMNMŒŒLÍËŽNLÍLŒÌÌÎÎMKŒMŽLNMLÌMLŒÎNMKŒŒŒMLŒÍÍŒK‹LŒMŒŽMÌÎMYKLM‚˜ÛÛ™š\›X][Û‹LNNKM‹KŒØØWÙ\]Z]˜[[ŒLLŒŽMÌŽŒMÍMÍM‹ŒLMLÍMNMŒŒLÍËŽNLÍLŒÌÌÎÎMKŒMŽLNMLÌMLŒÎNMKŒŒŒMLŒÍÍŒK‹LŒMŒŽMÌÎMYKLM‚˜ÛÛ™š\›X][Û‹LNNKM‹KŒ˜]×ÜÝ™ŒLLŒŽMÌÌŒŽMMÎMÍŒL‹ŒLMŒLÌÍŽŽMÍËŽNLÍŽÌLLŒÌÍ‹ŒMÌMMÌLÍMÍNMËŒŒNMŒÎNLÌNŒÎËKŒÌÍMNLÍŽMŽMMKLM‚˜ÛÛ™š\›X][Û‹LNNKM‹KŒ[ÜÝ]WÛÜ˜XÛKŒLLŒKŒŒKŒŒŒŽNMŒÍŒLLÌŒKLM‚