dimension,condition,beta,sample_size,seed,scale,generator_error,vector_field_cosine,orbit_shape_error,frequency_error,trajectory_error
2,1.5,0.5,500,0,1.0965443031346411,0.04350144713671577,0.9994787026564973,0.016144617423505196,0.01128848231038563,0.00690307789303835
2,1.5,0.5,500,1,1.0108675674671652,0.05926005802690399,0.998872619055498,0.023742166545010667,0.026285622542954742,0.009416328307505197
2,1.5,0.5,500,2,0.994449370161584,0.12170108149772317,0.9957088721441123,0.04632023238223116,0.011780496006831696,0.019299966746375345
2,1.5,0.5,500,3,0.9661264830949715,0.024957544128607602,0.9998101451227455,0.009743071313877588,0.006389794056951537,0.003960325687037481
2,1.5,0.5,500,4,1.011669558854959,0.04694576328441594,0.9992997580684398,0.01871151960103903,0.022666490391144708,0.007462527613382177
2,1.5,0.5,500,5,0.8704576167816175,0.09281838057769419,0.9973905778440194,0.03612078457052593,0.05217007706746984,0.014765908014847631
2,1.5,0.5,500,6,0.9618982631586523,0.02291192388297429,0.9998593612465607,0.00838566495392875,0.0065993323495693165,0.0036363694736202437
2,1.5,0.5,500,7,1.056069333906073,0.02762883442921829,0.9997790608024784,0.010510451881856685,0.009815806713094222,0.00438713181991051
2,1.5,0.5,500,8,0.9712126668659621,0.041719893741293056,0.9994830044188592,0.016077866480676863,0.010011763116791242,0.006619575618300006
2,1.5,0.5,500,9,0.8774807113824016,0.05613444923074163,0.9990645411858337,0.021627052667507567,0.02590143746311453,0.00892119824999945
2,1.5,0.5,500,10,0.9966396695810139,0.04872306747842139,0.9993705791759886,0.017740079255902742,0.013048589592416532,0.007732058650221259
2,1.5,0.5,500,11,0.9958506182274203,0.08847100902140329,0.9977959526477101,0.03319674195075321,0.005958141585316601,0.014029460571791498
2,1.5,0.5,500,12,0.9313430042132672,0.02469127192013009,0.999821335001132,0.00945158713836085,0.004930484419292805,0.003916957135014993
2,1.5,0.5,500,13,0.9634551469187809,0.07686682965301138,0.9982509570018459,0.02957230966761025,0.014786146954115287,0.012193522285571072
2,1.5,0.5,500,14,0.9583321207151868,0.1134967985219519,0.9959933154668118,0.044758711627950955,0.04484375951245624,0.018026194542010262
2,1.5,0.5,500,15,0.8518017854668227,0.11629233765050973,0.9957612697966629,0.04603656266130828,0.06996537189869366,0.018507708359101815
2,1.5,0.5,500,16,0.943924062050857,0.0581607544169308,0.9991621122726866,0.020468118224611392,0.00217251655487853,0.009222637075421725
2,1.5,0.5,500,17,1.0412202270727098,0.07075563877013118,0.9985939519994802,0.026514599756735903,0.02046851204834664,0.011230044652637682
2,1.5,0.5,500,18,1.0458865127283083,0.022839007406361092,0.9998550463966229,0.008513330822217424,0.002815584398170277,0.0036221590275745453
2,1.5,0.5,500,19,1.0556180682460368,0.12301860876631833,0.9959031813876454,0.04525935600709865,0.026272915221331905,0.019516849432838122
2,1.5,0.5,500,20,0.9048206509419376,0.0671142561372143,0.9987535610773659,0.024964363827605675,0.03361242928798692,0.010670207471574177
2,1.5,0.5,500,21,0.9453405767238326,0.018938402585500103,0.9998935242180866,0.007296430014506985,0.003864167755264285,0.003004395761320933
2,1.5,0.5,500,22,0.9636722424501538,0.013282482327249491,0.9999532246073697,0.004836082744862647,0.0045575979281575465,0.0021088914509104564
2,1.5,0.5,500,23,1.0889177158507728,0.01894599996805998,0.9998956321439698,0.0072238444068987015,0.0072754732784880835,0.0030090864417276395
2,1.5,0.5,500,24,1.0396492572988878,0.07269895803101012,0.9985751239938473,0.026691534296033503,0.02187092897058166,0.011539365687429044
2,1.5,0.5,500,25,0.975283608245755,0.01742223212734964,0.9999059108419239,0.006858905090322122,0.002358084996985351,0.002763177519198259
2,1.5,0.5,500,26,0.9872314298444151,0.017506280959555233,0.999901104682376,0.007031902929644369,0.004169300147997036,0.0027776552819804372
2,1.5,0.5,500,27,1.0141578989156852,0.0771082354237777,0.9984881557991012,0.027494037543608445,0.017395185231667835,0.012233847009656657
2,1.5,0.5,500,28,1.0144551057739641,0.09540927713646309,0.9974615668814207,0.03562606572847508,0.04172703362596984,0.015159035131117911
2,1.5,0.5,500,29,0.9834344013058983,0.053445016716882704,0.9990765530764005,0.021487751436568316,0.0050802673077114755,0.008475553452590804
2,1.5,0.5,500,30,0.9826237440134322,0.03118480350122008,0.9997181480197729,0.011871225299588532,0.006190232167069495,0.004947071730338834
2,1.5,0.5,500,31,1.0851426742363968,0.04978398383877775,0.9992628697484995,0.01919805005072762,0.013846980771511279,0.007900913815106657
2,1.5,0.5,500,32,1.0240976540461584,0.0330893496362892,0.9997120766977919,0.0119984020229378,0.0046556948203775855,0.005248079535104714
2,1.5,0.5,500,33,1.0620125022554439,0.02790936675783552,0.9997934184372412,0.010163207238829443,0.00986766735480419,0.004431618565229824
2,1.5,0.5,500,34,1.0288811534510793,0.018473382049579226,0.9998951658564079,0.007239963521735998,0.006550144045177105,0.002933273573580102
2,1.5,0.5,500,35,0.9201565105949268,0.09208719707131069,0.9973701127319664,0.036262151535958416,0.00296584465212301,0.014602345726385474
2,1.5,0.5,500,36,1.0101512481318382,0.030949679748291107,0.9997110027791332,0.012020757481685502,0.0142355433987716,0.004918754142863268
2,1.5,0.5,500,37,0.9303220753374174,0.07202481669788961,0.9984347102622733,0.027975790763861745,0.019380423540721715,0.011429703900554075
2,1.5,0.5,500,38,1.034998790831627,0.04170222165766133,0.9995366613032761,0.015220688169789626,0.014584385908157506,0.006621577888612444
2,1.5,0.5,500,39,1.0083369128716975,0.043433055866245296,0.9994428299714138,0.016690866193613752,0.01366537215310857,0.006894631940650343
2,1.5,0.5,500,40,1.0643551900512027,0.06448746801218938,0.9987726086747354,0.024772881597268717,0.02528761167231319,0.010242336368986207
2,1.5,0.5,500,41,0.997358520865228,0.03110669241235993,0.9997093724212913,0.012054616931049953,0.0081043734892144,0.0049362194549378595
2,1.5,0.5,500,42,0.9517930412676648,0.027134580672261953,0.9997798400931865,0.010491899418443343,0.0124646620514045,0.004312422239417521
2,1.5,0.5,500,43,1.0203321231779763,0.0582319304009205,0.9990345034444649,0.021971533350396793,0.018735596349563736,0.00924434002564098
2,1.5,0.5,500,44,0.9623327771477804,0.08060900946538593,0.9980352231984804,0.031343075802476514,0.02918494119542734,0.012799737189198274
2,1.5,0.5,500,45,1.018039837893402,0.04702044200190295,0.9993578954658067,0.01791793144022737,0.011267525033345029,0.007460579357174365
2,1.5,0.5,500,46,1.0464866828566946,0.05810859591646118,0.9990551196145376,0.021735689377868416,0.015368623165496408,0.009221109490117334
2,1.5,0.5,500,47,0.9417272489321438,0.05950637719951414,0.9990104894270947,0.02224309525341866,0.013124160230550061,0.00944078441728775
2,1.5,0.5,500,48,0.9716397733876433,0.10808894070954476,0.9965020581049524,0.04182069998844811,0.06086466768686642,0.017194918494439704
2,1.5,0.5,500,49,1.0568575520141765,0.0433419922935205,0.9993856293069344,0.01752670381254878,0.014913618096648288,0.0068816521321686955
2,1.5,0.5,500,50,0.9584232732709724,0.03009975787998176,0.999718406751108,0.011865775341120176,0.0059310152574467215,0.0047748889051561424
2,1.5,0.5,500,51,0.995187632638729,0.07491470005141411,0.9984082510213568,0.028211247567621542,0.019585703007045947,0.011888131303886657
2,1.5,0.5,500,52,0.9321285734939384,0.040776368580772306,0.999567762725333,0.01470097402669251,0.0061967299830499615,0.006467480879457325
2,1.5,0.5,500,53,0.9297334879126534,0.08947121298259031,0.997597447921522,0.03465942929765221,0.04811352424069729,0.014229709308063476
2,1.5,0.5,500,54,0.9791403224623955,0.08865171991235228,0.9977068423315604,0.033861170006658156,0.04721027384215187,0.014098603988492093
2,1.5,0.5,500,55,1.0276996665678586,0.055176485010421134,0.9990319036585661,0.022001094761782698,0.018091635641470913,0.008759665957477533
2,1.5,0.5,500,56,1.0439880794607748,0.03003553699797391,0.999743305798481,0.011329037945008124,0.0011722758957254094,0.004762786009404004
2,1.5,0.5,500,57,0.924448264767571,0.029724075568832165,0.99972355618307,0.011756781382037671,0.013380501531209489,0.004723532042417091
2,1.5,0.5,500,58,1.0057017780958928,0.04465517208762898,0.9994178752729141,0.01706054991912327,0.018883786907982366,0.007094396721914588
2,1.5,0.5,500,59,1.0183433222649834,0.05746061845493082,0.9989610182233375,0.02279234275653415,0.016866966472761893,0.009119848045639036
2,1.5,0.5,500,60,0.9877669202269096,0.03679512880342883,0.999606107116239,0.014033760788916622,0.01666325933649767,0.005847322496672347
2,1.5,0.5,500,61,0.9734391380729381,0.061700327356778446,0.9988877238877658,0.023582579505158,0.021818379462984563,0.009796741037255214
2,1.5,0.5,500,62,1.0426816481196104,0.02544772922246959,0.9998150722668694,0.00961581335952703,0.010712985529305729,0.004042891176473589
2,1.5,0.5,500,63,1.073049291536305,0.05248874077441844,0.999229570837085,0.01962688415051018,0.01658169995667403,0.008332245609146199
2,1.5,0.5,500,64,1.0418541473718756,0.02535592435790504,0.9998062218240161,0.009843225487202697,0.00942297248515405,0.004026628589723862
2,1.5,0.5,500,65,0.9724934003650733,0.081127714729922,0.9982280182925871,0.029765598494006295,0.023360388214442734,0.01287618151965511
2,1.5,0.5,500,66,1.0644465466338273,0.013352719977157687,0.9999532352730856,0.00483553135210883,0.0036372197672437058,0.0021190382098307424
2,1.5,0.5,500,67,1.0457403274261086,0.01793925895767843,0.9999034081451512,0.006949527136746837,0.007238289993639724,0.0028495951620196203
2,1.5,0.5,500,68,1.0317035301805695,0.026624002732627897,0.9997981088494393,0.010047167525245305,0.008109286820160315,0.004226024338599246
2,1.5,0.5,500,69,1.0909295377592947,0.017504485967943437,0.9999137652994476,0.0065663803024351985,0.0028485391175512463,0.0027764697045824815
2,1.5,0.5,500,70,0.9801757773266635,0.05406780759625539,0.9991230294974409,0.02094003942879555,0.014390143604518022,0.00857997417842082
2,1.5,0.5,500,71,0.9745105780349894,0.017654860889301696,0.9999152766135413,0.006508586116000709,0.0010111552690621806,0.0027996147234108505
2,1.5,0.5,500,72,1.0678236850878193,0.10127026028174521,0.9972539279366428,0.0370545008288949,0.013327284092894597,0.016061388348093848
2,1.5,0.5,500,73,1.0564803269191396,0.06022618657764585,0.9988874485704746,0.02358549797571976,0.018436795789292162,0.009559537664934331
2,1.5,0.5,500,74,1.0061039484591825,0.06589433671859678,0.9988531009326251,0.023946806335865944,0.010693415531073842,0.010451820514580589
2,1.5,0.5,500,75,0.9364354822041082,0.04932911115886753,0.9993032164531882,0.018665255781958153,0.01939168985888726,0.007834922626496224
2,1.5,0.5,500,76,0.9381939137765604,0.07542149835129547,0.9984419478485422,0.027911038599967537,0.03347124257330346,0.011984201168277794
2,1.5,0.5,500,77,0.9539528693627949,0.044100703072850723,0.999455338764696,0.016502442778327724,0.003855476580380146,0.006993589800042536
2,1.5,0.5,500,78,0.96872542579525,0.030565475065844824,0.9997190913646801,0.011851342441256534,0.0023900941228132454,0.004847059903712867
2,1.5,0.5,500,79,1.030023637966425,0.026737680111109875,0.9998413286459196,0.008907057709492001,0.005273748799020246,0.004241548834249967
2,1.5,0.5,500,80,0.995386047093428,0.03984600305528899,0.9994654925577268,0.01634789653553709,0.00023458013468443114,0.006318346329448668
2,1.5,0.5,500,81,0.9403020866779086,0.003264501364444911,0.999997122542286,0.0011994702401412483,0.0013215841946525757,0.0005185672672970506
2,1.5,0.5,500,82,0.8951672322965228,0.08973024276288792,0.9974609124482047,0.035630657808937476,0.05011768515516444,0.01427415316941926
2,1.5,0.5,500,83,0.9866021248120909,0.050319320396714926,0.9992819079931234,0.01894850926691171,0.01169877273963578,0.00798381979107935
2,1.5,0.5,500,84,1.009819669452939,0.04191918266492238,0.9994907755485398,0.015956573119882335,0.008367919833289597,0.006649982731694887
2,1.5,0.5,500,85,0.96495274176336,0.045963371947016045,0.9993935894775666,0.017412790161736944,0.020240976048741127,0.007303380133605143
2,1.5,0.5,500,86,0.9305501541875935,0.09743072403425895,0.9968256619655416,0.03983928986853605,0.03391796311708556,0.015469119990564951
2,1.5,0.5,500,87,1.038188629595276,0.04977726125716458,0.9993007336496731,0.018698480557613313,0.01674996831160214,0.007902985281980772
2,1.5,0.5,500,88,1.022236829247971,0.06706266377780352,0.9988017973395823,0.024476546533546317,0.018413589459735306,0.010642917367713466
2,1.5,0.5,500,89,1.0907501267176267,0.06218528620791045,0.9989182625625311,0.023256584416772016,0.016195056279063886,0.00986803275748844
2,1.5,0.5,500,90,0.992025601994024,0.05216549918071065,0.9992061892997295,0.019922483533315806,0.017695136750109274,0.008281973283744625
2,1.5,0.5,500,91,1.028703014509234,0.019378818629615286,0.9998870552977491,0.007514808788347283,0.007377852134413438,0.0030777446481491753
2,1.5,0.5,500,92,1.088984187459501,0.07625011455322515,0.9983509183187153,0.028714819181781124,0.01681970619585883,0.012097397492291264
2,1.5,0.5,500,93,0.9563456725714667,0.07083590612621765,0.9987877684025143,0.024619419139022842,0.006293423275786697,0.01123335206132108
2,1.5,0.5,500,94,1.0345188392728182,0.0713751508768122,0.9984531935585914,0.02781012802387521,0.021662348257254452,0.011329439243638599
2,1.5,0.5,500,95,1.0337083141114758,0.02947261428565452,0.9997356618745751,0.011496480448925196,0.012778108144874446,0.004682845044142449
2,1.5,0.5,500,96,1.0254219984304294,0.041676435179649904,0.9994894080077182,0.015977984733403103,0.012414096245278484,0.006615029996439372
2,1.5,0.5,500,97,0.9769274550292868,0.08007931238633394,0.9981343103243263,0.030542508702410927,0.008080047654541605,0.012699493785186405
2,1.5,0.5,500,98,0.929060099485434,0.07015226535047246,0.9987378292421357,0.025121412757488533,0.0028124505948960896,0.011124174501844176
2,1.5,0.5,500,99,0.9888794389853366,0.032587071217540085,0.9996917250420362,0.01241521159633909,0.010668019217823106,0.005173369405390749
2,1.5,0.5,2000,0,1.0598682086474902,0.04071481840452865,0.9994900235982564,0.01596834997336326,0.014092593861077593,0.0064646139079194715
2,1.5,0.5,2000,1,1.037730866100881,0.018171259004205086,0.9998984028520197,0.007127311834776152,0.001740328014062359,0.0028816869707055546
2,1.5,0.5,2000,2,1.0157501080119469,0.044816990245976226,0.999360824976975,0.017877010698451126,0.0001042245285041973,0.007106589224191624
2,1.5,0.5,2000,3,0.9999876532082559,0.033199678562933085,0.9996581078439969,0.013074634908919205,0.0153616315065833,0.005276469571045684
2,1.5,0.5,2000,4,0.964329634804271,0.04721092514854834,0.9992746334995237,0.01904424454364418,0.023153823386782478,0.007505255190568698
2,1.5,0.5,2000,5,0.9458880015403729,0.03492557093496819,0.9996348441900867,0.013512139170265211,0.0146106738541841,0.005548467835328677
2,1.5,0.5,2000,6,0.9824718284184756,0.013215824132893614,0.9999489084917541,0.005054280772071475,0.0017972692645752502,0.0020960406850441472
2,1.5,0.5,2000,7,1.0074775543912042,0.02849960494283725,0.9997637701260709,0.010868069606171113,0.0012793832892331125,0.00451925473641668
2,1.5,0.5,2000,8,0.9823535815487202,0.011013442087254237,0.9999651766084536,0.004172732410920922,0.0025172430219002075,0.0017473782784297599
2,1.5,0.5,2000,9,0.975901253945495,0.02808488027920713,0.9997796522634994,0.010496374052514761,0.006911496242828529,0.004456298324439874
2,1.5,0.5,2000,10,0.9903484356189506,0.03688563264917532,0.9996082339967698,0.013995820862497151,0.009690733697463339,0.005853340733291047
2,1.5,0.5,2000,11,1.0337740775004303,0.039858995837412745,0.9995381644105578,0.015195979557801964,0.013824975756584786,0.006328760519287065
2,1.5,0.5,2000,12,0.9664555061129407,0.029969273733891202,0.999732896549796,0.011556458155592371,0.013576469161981995,0.004762626022110495
2,1.5,0.5,2000,13,0.9870294453281914,0.022083275805075804,0.9998505505590611,0.008644346156272978,0.009476649698498632,0.003508647576409418
2,1.5,0.5,2000,14,1.0039854437025182,0.05672056921062367,0.998976966298107,0.02261673829150752,0.023847407074661566,0.009010953448009925
2,1.5,0.5,2000,15,0.9562522131755022,0.0254173133246513,0.9998109037218649,0.009723586738832663,0.01145086759547743,0.004039163696452324
2,1.5,0.5,2000,16,1.029848309837221,0.03989431710982936,0.9995865346431814,0.014378201501208707,0.002504518994540191,0.006326276193631156
2,1.5,0.5,2000,17,1.0020830294141603,0.019594834519670517,0.9998887046242967,0.007459737787056654,0.0037390241733193373,0.003108366418045712
2,1.5,0.5,2000,18,0.9894039842527276,0.04429978673999224,0.9993996153418292,0.01732605924858316,0.012616712797146516,0.007030832070700966
2,1.5,0.5,2000,19,0.9974179087931757,0.039856633542835314,0.9995161042229689,0.015554674169379603,0.00442811057696839,0.006320872101098034
2,1.5,0.5,2000,20,0.9617360755194958,0.022225524608651438,0.9998485157685155,0.00870299464220536,0.007651797839173754,0.003528775205289359
2,1.5,0.5,2000,21,1.0026438983270465,0.015384282969693559,0.9999301259372766,0.005910755566058041,0.006293127605997324,0.0024438681238523777
2,1.5,0.5,2000,22,0.9859822972955639,0.016450987788901198,0.999928393864745,0.005983566463865443,0.0034505788363532967,0.0026098668907612293
2,1.5,0.5,2000,23,1.0178913652617192,0.004052011726276668,0.9999957570836232,0.0014565226357284762,0.0011845122073110836,0.0006431184127965783
2,1.5,0.5,2000,24,1.051837609842707,0.030687849485438276,0.9997147225979867,0.011943144519206772,0.010973559745041776,0.004872962719808355
2,1.5,0.5,2000,25,0.9816229085555351,0.004636012431816199,0.9999932339475688,0.0018393004691091611,0.0014866755355218801,0.0007359466241092344
2,1.5,0.5,2000,26,0.9547649497540815,0.031441310439221194,0.9997160923549266,0.011914437566947406,0.006385771872068003,0.004987835941808872
2,1.5,0.5,2000,27,0.9933876116944762,0.010744065343590752,0.9999696271364041,0.0038969772642295686,0.00028572447437425673,0.0017036896060961017
2,1.5,0.5,2000,28,0.9904653962144373,0.0440630831034849,0.9994556756647557,0.016497338198089014,0.018033372689933356,0.006999500437881288
2,1.5,0.5,2000,29,1.0144217708868486,0.02382529770158618,0.999837315583521,0.009018991531182845,0.006447389609120314,0.003780936329140942
2,1.5,0.5,2000,30,0.9731950485505403,0.024783784721221398,0.9998307740345198,0.009198531553466414,0.005202259927695925,0.003931829506807866
2,1.5,0.5,2000,31,1.044346159951228,0.0358253872205078,0.9996509093590193,0.013211560108114855,0.01145188611477114,0.005687163684299159
2,1.5,0.5,2000,32,0.9943415111732605,0.013699244522194244,0.9999451976797055,0.0052346117475180875,0.002968276544015543,0.0021733858560528006
2,1.5,0.5,2000,33,1.0007138908101816,0.01122921732439737,0.9999589528360673,0.0045302960131035725,0.003960679377698332,0.0017829985987068875
2,1.5,0.5,2000,34,1.001385356757776,0.004811665747928145,0.9999931569429319,0.0018497374230038333,6.004072010337005e-05,0.0007629826885153828
2,1.5,0.5,2000,35,0.9754485117180196,0.02391805858209097,0.999834051835591,0.009109011044262242,0.004636705428224781,0.003794217462676173
2,1.5,0.5,2000,36,1.0127112153339355,0.012342569570926073,0.9999501362480095,0.004993182952310783,0.0012143220597961826,0.001957355616999469
2,1.5,0.5,2000,37,1.0141353050426523,0.030702460153896303,0.9997008021375977,0.012231064189232366,0.002864980645522365,0.00486891932985604
2,1.5,0.5,2000,38,1.0020329416414957,0.019409017454411148,0.9998951330739609,0.007241095429529463,0.007423799786802981,0.0030825865365369225
2,1.5,0.5,2000,39,1.0146944187270435,0.0024311264720265654,0.9999984292626135,0.000886210298552158,0.0009513774918856824,0.000386141972464359
2,1.5,0.5,2000,40,1.0185843615098178,0.021123192295772125,0.9998620280256977,0.008305780345707546,0.002301583151473928,0.00334991548587393
2,1.5,0.5,2000,41,0.9893408011539109,0.006926510314423471,0.9999872728269672,0.0025226150154991833,0.0004912397887573496,0.0010983903086853148
2,1.5,0.5,2000,42,1.008365256357198,0.018813828678047047,0.9998956969479831,0.007221601346547002,0.006767958751040126,0.0029875046166954904
2,1.5,0.5,2000,43,1.013003374577002,0.021955643287339663,0.9998712205671219,0.00802432031010172,0.006088263309956994,0.0034844065058124572
2,1.5,0.5,2000,44,1.013492701997477,0.029514828102676128,0.9997525967656682,0.01112212287137042,0.013680791495585135,0.004690887176008061
2,1.5,0.5,2000,45,1.0092098981225766,0.014401796105400145,0.9999429094907517,0.005342775928688043,0.0061852850088895215,0.00228821650531762
2,1.5,0.5,2000,46,1.0212613497775347,0.03542413420163167,0.9996321688237206,0.013561548146862699,0.010468702249264541,0.00562243637858473
2,1.5,0.5,2000,47,0.9986209967388503,0.019233683256013323,0.9998973174019585,0.007165284294483581,0.005554646467798437,0.0030526407829517357
2,1.5,0.5,2000,48,1.0084650941187223,0.02700088914596385,0.9997942354584985,0.010143089802948894,0.011994416045595375,0.0042905530207222155
2,1.5,0.5,2000,49,1.0336854847328465,0.021069884304256475,0.9998584336281857,0.008413274386775683,0.006230465800993271,0.003344219374820485
2,1.5,0.5,2000,50,0.9529612445893992,0.03206018637928729,0.9996618609592126,0.013002673586370634,0.01498934582789595,0.005095616592309469
2,1.5,0.5,2000,51,0.9988058782169024,0.021115701049032355,0.999867149055387,0.008150182348051219,0.000592842617152869,0.0033483258875328576
2,1.5,0.5,2000,52,1.023833405024131,0.03079603248010241,0.9997292487932772,0.011635102206744147,0.006123713995084862,0.0048854053462167885
2,1.5,0.5,2000,53,0.9835010877474958,0.019316336157323505,0.9998815727508232,0.007695038959510605,0.004445496869847287,0.003064725222857854
2,1.5,0.5,2000,54,1.0072092532494734,0.02482560591256919,0.9998278707566254,0.009277102009103443,0.009430796348481114,0.0039426737321642214
2,1.5,0.5,2000,55,0.990692630493662,0.006141319107594836,0.999988296423294,0.0024190469927267357,0.002279194256128555,0.000975280518455023
2,1.5,0.5,2000,56,1.0110954207480345,0.0342519906410394,0.9996748707702209,0.01275008293657597,0.0033349807870689616,0.0054318632421551105
2,1.5,0.5,2000,57,0.9501473879151339,0.04938147108122564,0.9992259776834613,0.01967259917421408,0.02367036213466388,0.00784941219301927
2,1.5,0.5,2000,58,0.9760052040042118,0.029195287526760042,0.9997300671225398,0.011617505701746354,0.00636423854314004,0.004631840567298804
2,1.5,0.5,2000,59,1.0129495810880387,0.029170832319345644,0.9997652927263463,0.010832988360872554,0.011361280917695988,0.004633111788205389
2,1.5,0.5,2000,60,0.9916201515637314,0.021972941592849425,0.9998523046615693,0.008593466658769552,0.009780638060369842,0.0034916374760084992
2,1.5,0.5,2000,61,0.971513776669779,0.047358252576740166,0.9994176476515466,0.017063885085955636,0.014131245159605638,0.007516702842336329
2,1.5,0.5,2000,62,1.0005706886659027,0.015058214537162929,0.9999393109666079,0.005508585725576046,0.004714202668088137,0.002390292672874708
2,1.5,0.5,2000,63,1.0222993435687016,0.04323874543486528,0.999438386979062,0.01675728231155163,0.0027013821683094298,0.006856619065502124
2,1.5,0.5,2000,64,1.0141272291466448,0.02624862668067423,0.9998079590254748,0.009799004401600695,0.010060763416333853,0.0041687824418716705
2,1.5,0.5,2000,65,0.9969138063153388,0.03811676562667245,0.9996132330103102,0.01390623942138557,0.011784155698491833,0.006050477301503788
2,1.5,0.5,2000,66,1.0416777696060062,0.01276304163510202,0.9999534060786849,0.004826692517403185,0.003057669781146322,0.00202508723313065
2,1.5,0.5,2000,67,0.9904584062184489,0.051367313422089195,0.9991307237720267,0.020847976256381913,0.018646214090596427,0.00815668784236806
2,1.5,0.5,2000,68,1.0267987659474627,0.025701843804315058,0.9998160835399961,0.009589485387753801,0.007484182982315335,0.004079292574792635
2,1.5,0.5,2000,69,1.0224384994833473,0.005898172434948117,0.9999898722261108,0.002250308188809643,0.00012858923516648172,0.0009352725858866665
2,1.5,0.5,2000,70,0.9640578689508861,0.04096362942007119,0.9995041132640375,0.0157462175769686,0.018513199298635458,0.006509678624366692
2,1.5,0.5,2000,71,1.0055501565707543,0.03205154734277655,0.999690617219501,0.012437499356762076,0.005144057516714505,0.005083796988978515
2,1.5,0.5,2000,72,1.0094169806138384,0.03244377707363368,0.9996678702386033,0.012886616340156141,0.00046523199295663676,0.005144591287519874
2,1.5,0.5,2000,73,1.0246053504678132,0.006697834723587799,0.9999872170391264,0.0025281377408655145,0.0012519554594463199,0.001062471437875169
2,1.5,0.5,2000,74,1.0030727424983201,0.06133053057070717,0.9989575200805717,0.022830680228897046,0.015206606216149046,0.009731707220496153
2,1.5,0.5,2000,75,0.9938640114906002,0.015474740992378243,0.9999342119118324,0.0057353329531752055,0.0039719696064218005,0.0024555753843162067
2,1.5,0.5,2000,76,1.0156048202526187,0.019964082037726576,0.999879578893983,0.0077595459279813025,0.00871281530072312,0.0031721638424580755
2,1.5,0.5,2000,77,0.9711316653061167,0.021820460974630446,0.9998743185212493,0.007927215108428401,0.008001203696769184,0.0034650535091677757
2,1.5,0.5,2000,78,0.9938594193772238,0.009153235720837214,0.9999794761225098,0.0032034260948375077,0.0016301599788942863,0.001451920270358469
2,1.5,0.5,2000,79,1.0154755338812098,0.029689415288295974,0.9997512240144854,0.01115293650825999,0.009164223234997148,0.004712642379726615
2,1.5,0.5,2000,80,1.0314251445647793,0.02785281334062867,0.9997697959703902,0.010728560705188505,0.00874517420705268,0.00442135657514942
2,1.5,0.5,2000,81,1.0004019080349325,0.02938321774185175,0.9997853654634752,0.01035940482182606,0.010277165601076279,0.0046653860004839025
2,1.5,0.5,2000,82,0.988505796504482,0.009066039769736635,0.9999786511605888,0.003267173044947772,0.0011699649529709668,0.0014378529522075913
2,1.5,0.5,2000,83,1.0043362125056317,0.030649050860264527,0.999740786003601,0.011384506937042536,0.010204992910741627,0.004865892304605779
2,1.5,0.5,2000,84,1.019147712319263,0.01440326579111931,0.9999378527473554,0.005574372280562736,0.0012220377893518465,0.002284090698797945
2,1.5,0.5,2000,85,0.9764364175281263,0.01605763884552694,0.9999251032988545,0.00611950574578354,0.004483016754751864,0.002548406549550685
2,1.5,0.5,2000,86,0.9786042870403837,0.0359070784227027,0.9996364658234991,0.013482102515942878,0.009926929449703858,0.0056984247787735835
2,1.5,0.5,2000,87,1.0029455870279793,0.009676711763526184,0.9999720248247577,0.003739998345081079,0.003098901082107798,0.001536138632157541
2,1.5,0.5,2000,88,1.007172438367424,0.03987862170753362,0.9995561551677259,0.014897060654270764,0.012698723565562366,0.006330555985773818
2,1.5,0.5,2000,89,1.0128030746242758,0.04225571302173488,0.9995202294086052,0.01548823087694041,0.007884902291770015,0.006702999663137409
2,1.5,0.5,2000,90,0.9978364666808041,0.015704205285060713,0.9999340731842259,0.005741376828517416,0.00459785599691218,0.0024925264156397484
2,1.5,0.5,2000,91,1.036167035004463,0.02427731222272586,0.9998143244726784,0.009635235527003063,0.004342579963599948,0.00385097269940305
2,1.5,0.5,2000,92,1.03219832626232,0.05881912527897393,0.9990608514363932,0.021669662706267127,0.013696506309545704,0.00933245366202493
2,1.5,0.5,2000,93,0.9973899528789725,0.06136612043639817,0.9989044517503194,0.023404574869890532,0.017205029359620934,0.009739205097847776
2,1.5,0.5,2000,94,0.9728772248526814,0.026266133338574756,0.9998037397483008,0.009906065104248601,0.008854911506075487,0.004170173483185994
2,1.5,0.5,2000,95,0.9954683247082643,0.038831443490858486,0.9995764390080687,0.014552680026910483,0.018039709303125102,0.0061716088299011585
2,1.5,0.5,2000,96,0.9916374214561089,0.026029276489052025,0.9998241680182467,0.009376352749159737,0.004710875768934786,0.004128897838915718
2,1.5,0.5,2000,97,1.0236913622017954,0.01898012158619673,0.9999006600357246,0.007047693391293833,0.005760482797597828,0.003012683413567284
2,1.5,0.5,2000,98,0.9910899582802746,0.07571391932916012,0.9982251249924189,0.0297898892879879,0.0003813404858534007,0.012005889659910543
2,1.5,0.5,2000,99,0.9488899802056538,0.017730825915203575,0.9999028379368164,0.006970009439864387,0.007479146914402808,0.0028169421134399335
2,1.5,0.5,10000,0,1.0195851237457592,0.0036451604824338938,0.9999960837167599,0.0013993361355003375,0.001296781373264739,0.0005788017361755578
2,1.5,0.5,10000,1,0.9898287308384431,0.006853988216732309,0.9999842629585745,0.0028050883609501732,0.0009760117864096024,0.0010870694058551027
2,1.5,0.5,10000,2,1.0007339477932984,0.014934542631020908,0.9999413840973034,0.005413681866187835,0.002678139403329332,0.002368984814653444
2,1.5,0.5,10000,3,1.0239381521846194,0.010440645377815022,0.999971784495209,0.003756028806538286,0.002185830933369747,0.0016563522019343072
2,1.5,0.5,10000,4,0.9919559291387399,0.014477812613094639,0.9999375897358542,0.0055861553928346925,0.005700073604361897,0.0022995687017452805
2,1.5,0.5,10000,5,0.9994840388307841,0.0018513487308013635,0.9999989151510772,0.000736494712418068,0.0005052560358315875,0.0002938036380190124
2,1.5,0.5,10000,6,0.9912099124375965,0.00746109931866379,0.9999833392610591,0.0028862379441858764,0.0019866538562891547,0.001184007423335316
2,1.5,0.5,10000,7,0.9979407354242313,0.010478253357007361,0.9999680549055222,0.003996566931622853,0.004349427836551665,0.0016646162728494109
2,1.5,0.5,10000,8,0.9955171806092196,0.007188303803603886,0.9999844458002884,0.0027887452116966754,0.0030770508115486148,0.001142099286744563
2,1.5,0.5,10000,9,0.9897428586824238,0.01995950490363391,0.9998792368110376,0.007770559470282975,0.008184012034342662,0.003170680613382477
2,1.5,0.5,10000,10,1.0000053693372408,0.012590558017944743,0.9999508090245652,0.004959383804203727,0.004960469268202401,0.001999848633657213
2,1.5,0.5,10000,11,1.0141050849363966,0.025283271983668715,0.9998221401328704,0.00943026688725304,0.009207622746106498,0.004014961720309359
2,1.5,0.5,10000,12,0.9759021726494796,0.014598980702632,0.9999393356802426,0.005507464015195966,0.0064141652243806906,0.002319758654034722
2,1.5,0.5,10000,13,0.9956324653137067,0.013263031997245702,0.9999527982688154,0.004858072209449416,0.0049674150640933844,0.0021062888321820195
2,1.5,0.5,10000,14,0.9986103174463046,0.00932408057227219,0.999975335304208,0.0035117442811224827,0.002422397858968826,0.001479590416642235
2,1.5,0.5,10000,15,0.9825579126358932,0.011591933036980619,0.9999605598126236,0.004440731210980202,0.00411388594360555,0.0018406215761165663
2,1.5,0.5,10000,16,1.0115986494910887,0.0015807271996729274,0.9999993094428904,0.0005876040799698096,0.00021503437159163112,0.00025070477784192117
2,1.5,0.5,10000,17,1.008008213043957,0.017015276868858738,0.9999265513594957,0.006060059426450559,0.005208875512193453,0.0027008524685974027
2,1.5,0.5,10000,18,0.993183811395469,0.013550861810622974,0.9999435004385617,0.005315052278121188,0.0009024960984987196,0.0021488511414526233
2,1.5,0.5,10000,19,1.0077134238789869,0.01660757083984058,0.9999257206185165,0.006094234221107428,0.0073012698230993794,0.0026389230468933946
2,1.5,0.5,10000,20,0.9843373344066954,0.012121293490704366,0.99995483596797,0.004752053873327769,0.0030240997235663086,0.0019233558035284138
2,1.5,0.5,10000,21,1.0107586011359275,0.012234321071902816,0.999957395373542,0.00461544290713011,0.00017528100055702478,0.0019399893287630958
2,1.5,0.5,10000,22,0.9992030317199853,0.017845173681038676,0.9999090768631499,0.006742519441947202,0.005850428047683012,0.002833009245818901
2,1.5,0.5,10000,23,1.0029780709200993,0.006837412395756158,0.9999867835923595,0.00257064268623718,0.0003112983612367812,0.0010842265490652464
2,1.5,0.5,10000,24,1.0140189672160036,0.020686168532599497,0.9998887970443523,0.0074566398480709496,0.005947206060938894,0.0032831438153582086
2,1.5,0.5,10000,25,0.971558419609768,0.006786397628371215,0.9999863662786521,0.002610911847216775,0.0018195173971919897,0.0010769501197060668
2,1.5,0.5,10000,26,1.0054264202964922,0.0091419631303786,0.9999775170000309,0.003352834619324399,0.0018816639339973786,0.0014502999600183046
2,1.5,0.5,10000,27,0.9937985736792541,0.011237510234108246,0.9999656832230277,0.004142268519325634,0.001537360954789454,0.0017822828264783305
2,1.5,0.5,10000,28,0.9985913774957303,0.01922680678508872,0.9998972251005056,0.007168504010408518,0.006996343812161191,0.0030531228224252908
2,1.5,0.5,10000,29,1.0039378799560057,0.019180202840987093,0.9998977261413797,0.007151008971474577,0.007381159222527482,0.0030463050236427037
2,1.5,0.5,10000,30,0.99188983936985,0.008978964872667848,0.9999743933190691,0.0035781755777751605,0.002923467017856493,0.0014254178229991202
2,1.5,0.5,10000,31,1.0104979035009802,0.010873689584478641,0.999966294583475,0.00410520502076585,0.00028538488995770444,0.0017242438158703536
2,1.5,0.5,10000,32,0.993632886079952,0.008205485584975032,0.9999803830932017,0.00313184504711949,0.0034859535141210864,0.0013036724450317305
2,1.5,0.5,10000,33,0.9942987943103647,0.008019998776293544,0.9999823197375863,0.0029732358141919225,0.0033248056513141317,0.001274084756400597
2,1.5,0.5,10000,34,0.9921428617312672,0.00449858686254247,0.9999935212089401,0.0017998320838273837,0.0017118938929519512,0.0007144545704920093
2,1.5,0.5,10000,35,1.0057267682512578,0.016776258500605393,0.9999228439879959,0.006211119544982169,0.004914520054419117,0.0026626832267001733
2,1.5,0.5,10000,36,1.007261557816352,0.005689284095555326,0.9999915412696434,0.0020565420439036977,0.0021539414663347676,0.0009035491708932802
2,1.5,0.5,10000,37,1.0091024632766703,0.025354382243534403,0.9998032381429359,0.009918716072759508,0.006359818260755814,0.0040231815058348365
2,1.5,0.5,10000,38,0.9906848742005666,0.014800754752952908,0.9999278266142833,0.006007220060756413,0.002314400033732322,0.002347563045476185
2,1.5,0.5,10000,39,1.0097788282752398,0.005051833669707816,0.9999935853231409,0.0017909043608124783,0.0020644336606349405,0.0008025174303760806
2,1.5,0.5,10000,40,1.0072324881073618,0.011899553150584012,0.9999577115131596,0.004598287009333167,0.004597667059822686,0.001889968319092073
2,1.5,0.5,10000,41,1.000728496451817,0.003012621056710618,0.9999977507846984,0.0010604752004471603,0.0007641776342222464,0.00047804160689126523
2,1.5,0.5,10000,42,0.9825587829600955,0.014843698907436262,0.9999330432085418,0.005786051825654291,0.006460203856843566,0.0023585521186273756
2,1.5,0.5,10000,43,0.9818342310470407,0.01008683094384589,0.9999695096888948,0.0039045045207565733,0.003618574086602679,0.0016016829051794933
2,1.5,0.5,10000,44,1.0144154576530489,0.013679992565102526,0.9999414002402284,0.005412936345998814,0.0030408663480268215,0.0021703827043919855
2,1.5,0.5,10000,45,1.0046717820482671,0.010636951778926491,0.9999698038410849,0.0038856247190866755,0.0023184531072888764,0.0016875586607557427
2,1.5,0.5,10000,46,1.0033223987226745,0.007680738824729126,0.9999822882376113,0.002975883262898541,0.002781149956474983,0.0012196539218355146
2,1.5,0.5,10000,47,1.0133840693611411,0.017120579313853846,0.9999198625574128,0.006329985884149505,0.0063750106860722645,0.002718900502213671
2,1.5,0.5,10000,48,1.0139271853649514,0.010160451500244009,0.999970640166405,0.0038314379542777693,0.0035648956521566765,0.0016132759157507955
2,1.5,0.5,10000,49,1.0074645275120895,0.013316142349659475,0.9999431924177127,0.005329520723634743,0.005198958331112329,0.0021150350879758297
2,1.5,0.5,10000,50,0.9906186976904318,0.009776298834243849,0.9999711203114914,0.0037999795070850534,0.002819472091985212,0.0015516128568092485
2,1.5,0.5,10000,51,0.9878545471887971,0.007363590725589723,0.9999838079380626,0.0028453525209912595,0.0025334940258175446,0.0011691324579363807
2,1.5,0.5,10000,52,1.0032002958729223,0.006010981391548122,0.999988492247349,0.002398723895213272,0.0004135570941791983,0.0009532046968151591
2,1.5,0.5,10000,53,1.0112044115136005,0.009414351124359902,0.9999751244832211,0.003526720628206197,0.0011514195774373357,0.0014930669160942392
2,1.5,0.5,10000,54,1.0158580378808455,0.005971006244294928,0.999989943941191,0.002242326783616903,0.0010035713691125862,0.0009471073416200897
2,1.5,0.5,10000,55,1.006453135967351,0.0071635849076775,0.999985343941034,0.00270703333615434,0.0015383768322489344,0.0011364920537234508
2,1.5,0.5,10000,56,1.0189289700995963,0.006503433536787625,0.9999894689872096,0.002294669125424387,0.0005173226318969588,0.0010313142771781736
2,1.5,0.5,10000,57,0.9781516955796178,0.025807964294572487,0.9997997544680305,0.010006136416456398,0.011553921138751458,0.004101131473307152
2,1.5,0.5,10000,58,0.9876900799067059,0.0028779010381522942,0.9999974942362418,0.0011193220622669976,0.0006250795772948942,0.00045657944796519264
2,1.5,0.5,10000,59,1.0123880266320877,0.00178111885660681,0.9999990537812202,0.0006878294773042656,0.0005696732144472211,0.000282743795417425
2,1.5,0.5,10000,60,0.9951928010886164,0.01149130629531829,0.9999641128998296,0.004235982776779746,0.003206286326774937,0.001823708949677135
2,1.5,0.5,10000,61,0.9991448754025131,0.014840152359616434,0.9999385900971963,0.005541204869143945,0.006491308856881731,0.0023580370426979657
2,1.5,0.5,10000,62,0.998632971118964,0.004438396734378886,0.9999941289655522,0.0017133351172340025,0.0014515696595667367,0.0007046074388540387
2,1.5,0.5,10000,63,1.004438661746055,0.004007452131198697,0.9999956401560685,0.0014764558800651475,0.0014901951454261914,0.0006364118797529434
2,1.5,0.5,10000,64,1.0112433698832595,0.003119726499177273,0.9999972651838605,0.001169362249173603,0.0013144106720868322,0.0004956425987100004
2,1.5,0.5,10000,65,1.002267644027847,0.008877643326991013,0.9999771301349331,0.0033815577081364205,0.0004114864354695116,0.0014077525083681871
2,1.5,0.5,10000,66,1.0088306120389805,0.0065552740071353885,0.999986703923696,0.0025783789775691633,0.0006423442511953513,0.0010395720869753658
2,1.5,0.5,10000,67,1.003731568551807,0.013754652913590838,0.999943563773433,0.005312072409476576,0.0047432729767263515,0.0021838612625827915
2,1.5,0.5,10000,68,1.0187292191763029,0.01924589869784163,0.9998997048587701,0.0070814949420968335,0.006648517444073632,0.0030557786380599073
2,1.5,0.5,10000,69,1.0152422892443682,0.005732043507657188,0.9999897734324581,0.002261257121808082,0.0020478204877905507,0.0009101849964031482
2,1.5,0.5,10000,70,0.986422717123045,0.02104048665323646,0.9998741420934721,0.007932777146998663,0.00925378265689706,0.003343300025376835
2,1.5,0.5,10000,71,1.0005141711872598,0.013279543522628381,0.9999466753660853,0.005163556618977431,0.0013727650282812326,0.002105968725333524
2,1.5,0.5,10000,72,0.9913119976111036,0.006743454811466163,0.9999875198782031,0.0024980113887723655,0.0006628844954930252,0.0010694154179663488
2,1.5,0.5,10000,73,0.9921663012097802,0.006245265977193458,0.9999875239336138,0.0024976054918907434,0.002583038829093171,0.0009921373711282743
2,1.5,0.5,10000,74,1.0037061703086092,0.02382376471386602,0.9998465890251271,0.008758166899328623,0.005400492198784097,0.003779828919540753
2,1.5,0.5,10000,75,1.0071630235234328,0.006232284427013597,0.999988295406038,0.0024191521202644815,0.0017089090818120487,0.0009890546692385433
2,1.5,0.5,10000,76,1.0051785623093281,0.006165993746066581,0.9999901700797433,0.002216970935381301,0.002404003345403547,0.0009793507042439365
2,1.5,0.5,10000,77,1.0021215052425099,0.013384306798599614,0.9999442189222558,0.005281149389298569,0.0009006476223815662,0.0021224415255762263
2,1.5,0.5,10000,78,0.9968222983266892,0.00845144917180755,0.9999780631344048,0.003311862436386844,0.0018057925339986266,0.0013408032213269605
2,1.5,0.5,10000,79,1.001496378862861,0.005951730388391301,0.9999892228419278,0.0023213313068367737,0.002334246978568967,0.0009453302110005721
2,1.5,0.5,10000,80,1.0091536214401964,0.007760349148115045,0.9999841298376377,0.0028169276137559383,0.001893088196610784,0.0012313470170101995
2,1.5,0.5,10000,81,1.0055062824606407,0.003193933687261176,0.9999972297211173,0.0011769194710598541,0.0011841460999014169,0.0005072146215440108
2,1.5,0.5,10000,82,0.9954368881543539,0.013237077320212669,0.9999508721944931,0.004956198417484127,0.00453788154119283,0.002101653374488571
2,1.5,0.5,10000,83,1.0052944522453686,0.014021413557952162,0.9999431958962042,0.005329357550206527,0.005151886002939855,0.002226633033010014
2,1.5,0.5,10000,84,1.011793617169146,0.008302214696174622,0.9999779921989258,0.00331721276632213,0.0035237651604735107,0.0013190357233015047
2,1.5,0.5,10000,85,1.0183126595646135,0.01607397878031007,0.9999313597501186,0.005858338069853927,0.0031865995124866664,0.002549925861513899
2,1.5,0.5,10000,86,0.9945944330272505,0.021050169991603907,0.9998742803431594,0.007928419036624139,0.005311393314797791,0.003340198411284208
2,1.5,0.5,10000,87,1.0205433913420927,0.009901918851588127,0.9999698699853968,0.0038813666796093755,0.0019132298847852375,0.0015707751047595124
2,1.5,0.5,10000,88,1.0024808734460344,0.026283311703816137,0.9997926307239299,0.010182565395570348,0.008982032001052503,0.004173044242808884
2,1.5,0.5,10000,89,0.9884296676107603,0.010098799488533127,0.9999715826934402,0.003769436732445073,0.004304493863728696,0.001604496794979802
2,1.5,0.5,10000,90,1.0056961940763625,0.006152656425307552,0.9999895277637403,0.002288256569937496,0.0022950837705156203,0.0009770959445128322
2,1.5,0.5,10000,91,0.9926257110584745,0.015264464424841355,0.9999339035787143,0.005748757312923334,0.0036636596807268205,0.002421989635046656
2,1.5,0.5,10000,92,1.0226855723249986,0.019286608960204493,0.9998988704275709,0.007110892082899387,0.007414133326117601,0.0030631945756490935
2,1.5,0.5,10000,93,1.0133605153380876,0.013252216797325318,0.9999451090445248,0.00523884316787836,0.004625834896833259,0.0021041802223616506
2,1.5,0.5,10000,94,0.9920759023499156,0.009273727361892586,0.9999739099102212,0.0036117924759605257,0.0036912049444001193,0.0014730607167747236
2,1.5,0.5,10000,95,1.0203563692784021,0.008776464136197171,0.9999804950279058,0.0031228970599678487,0.0019468398003398956,0.0013924199178948068
2,1.5,0.5,10000,96,0.9905654845019873,0.024558898080672253,0.9998358657970362,0.009059089439999179,0.004409103885032318,0.0038956372515236517
2,1.5,0.5,10000,97,1.0095426802315721,0.018588748294946777,0.999901047104853,0.0070339496425217895,0.0005114714471367847,0.0029476248677172364
2,1.5,0.5,10000,98,1.0051032846921277,0.0313358443091493,0.9997531544179377,0.011109581046610613,0.0032942227603065797,0.004969489650194869
2,1.5,0.5,10000,99,0.9954533337472441,0.004229519833412885,0.9999951884257221,0.0015510600049458007,0.0017377040808531131,0.0006718959009532332
2,1.5,1.0,500,0,0.8704576167816177,0.09281838057769397,0.9973905778440193,0.03612078457052583,0.05217007706746966,0.02938906363614623
2,1.5,1.0,500,1,0.9618982631586522,0.022911923882974555,0.9998593612465607,0.008385664953928845,0.006599332349569498,0.007186943746465593
2,1.5,1.0,500,2,1.056069333906073,0.027628834429218284,0.9997790608024784,0.010510451881856678,0.009815806713094405,0.008683455043685796
2,1.5,1.0,500,3,0.9712126668659621,0.041719893741293056,0.9994830044188592,0.016077866480676866,0.010011763116791424,0.013072119815387046
2,1.5,1.0,500,4,0.8774807113824015,0.05613444923074159,0.9990645411858337,0.021627052667507547,0.02590143746311453,0.017703579954744683
2,1.5,1.0,500,5,0.996639669581014,0.04872306747842154,0.9993705791759886,0.017740079255902798,0.01304858959241635,0.015276795915058395
2,1.5,1.0,500,6,0.9958506182274203,0.08847100902140335,0.9977959526477103,0.033196741950753235,0.005958141585316601,0.027657266159441946
2,1.5,1.0,500,7,0.9313430042132671,0.02469127192013007,0.9998213350011319,0.009451587138360841,0.004930484419292625,0.0077306852275635185
2,1.5,1.0,500,8,0.9634551469187808,0.07686682965301138,0.9982509570018459,0.02957230966761025,0.014786146954114746,0.02406315970811671
2,1.5,1.0,500,9,0.9583321207151863,0.11349679852195199,0.9959933154668118,0.044758711627950976,0.04484375951245642,0.03570473720251733
2,1.5,1.0,500,10,0.8518017854668227,0.11629233765050973,0.9957612697966629,0.04603656266130828,0.06996537189869348,0.03688067729183516
2,1.5,1.0,500,11,0.9439240620508575,0.05816075441693092,0.9991621122726867,0.020468118224611434,0.0021725165548783488,0.018179343562268576
2,1.5,1.0,500,12,1.0412202270727096,0.07075563877013095,0.9985939519994802,0.026514599756735827,0.020468512048347005,0.022197228677154585
2,1.5,1.0,500,13,1.0458865127283083,0.022839007406361092,0.9998550463966229,0.008513330822217422,0.00281558439817064,0.007143125294894992
2,1.5,1.0,500,14,1.0556180682460368,0.12301860876631802,0.9959031813876454,0.045259356007098545,0.026272915221332634,0.03852827196240691
2,1.5,1.0,500,15,0.9048206509419376,0.06711425613721425,0.9987535610773659,0.024964363827605654,0.03361242928798728,0.0211982963715856
2,1.5,1.0,500,16,0.9453405767238326,0.0189384025855001,0.9998935242180867,0.007296430014506985,0.003864167755264285,0.005929960704487102
2,1.5,1.0,500,17,0.9636722424501538,0.013282482327249453,0.9999532246073697,0.004836082744862629,0.004557597928157366,0.004172889868855035
2,1.5,1.0,500,18,1.0889177158507726,0.01894599996805988,0.9998956321439698,0.007223844406898669,0.0072754732784882665,0.005959961706690175
2,1.5,1.0,500,19,1.039649257298888,0.07269895803101065,0.9985751239938474,0.026691534296033687,0.021870928970581845,0.02281389341418461
2,1.5,1.0,500,20,0.975283608245755,0.017422232127349665,0.9999059108419238,0.0068589050903221285,0.002358084996985714,0.005449718731245961
2,1.5,1.0,500,21,0.9872314298444151,0.01750628095955531,0.9999011046823763,0.007031902929644405,0.004169300147996675,0.0054851250450336595
2,1.5,1.0,500,22,1.0141578989156852,0.07710823542377752,0.9984881557991013,0.027494037543608386,0.017395185231667835,0.024154815007602113
2,1.5,1.0,500,23,1.014455105773964,0.09540927713646324,0.9974615668814207,0.03562606572847514,0.04172703362597021,0.030058952902946797
2,1.5,1.0,500,24,0.9834344013058981,0.053445016716882524,0.9990765530764004,0.021487751436568253,0.005080267307711114,0.016710891826115112
2,1.5,1.0,500,25,0.9826237440134321,0.03118480350121996,0.9997181480197729,0.011871225299588494,0.006190232167069677,0.009763750960372757
2,1.5,1.0,500,26,1.0851426742363968,0.04978398383877775,0.9992628697484994,0.01919805005072762,0.013846980771511462,0.015613356202394247
2,1.5,1.0,500,27,1.0240976540461588,0.03308934963628926,0.9997120766977919,0.011998402022937822,0.004655694820377949,0.010351122598564034
2,1.5,1.0,500,28,1.0620125022554439,0.027909366757835573,0.9997934184372411,0.010163207238829464,0.00986766735480419,0.008771160476293689
2,1.5,1.0,500,29,1.0288811534510793,0.018473382049579296,0.9998951658564079,0.007239963521736031,0.0065501440451769255,0.005805364179649941
2,1.5,1.0,500,30,0.9201565105949273,0.09208719707131059,0.9973701127319664,0.03626215153595836,0.0029658446521226484,0.028783294629255586
2,1.5,1.0,500,31,1.0101512481318382,0.03094967974829116,0.9997110027791329,0.012020757481685525,0.0142355433987716,0.009761299755730478
2,1.5,1.0,500,32,0.9303220753374175,0.07202481669788967,0.9984347102622733,0.027975790763861773,0.019380423540721715,0.022581349790939835
2,1.5,1.0,500,33,1.034998790831627,0.04170222165766123,0.9995366613032761,0.015220688169789586,0.014584385908157325,0.013104655801332089
2,1.5,1.0,500,34,1.0083369128716975,0.04343305586624539,0.9994428299714138,0.016690866193613794,0.013665372153108934,0.013634527131498517
2,1.5,1.0,500,35,1.0643551900512025,0.06448746801218948,0.9987726086747353,0.024772881597268755,0.02528761167231319,0.020287548793613004
2,1.5,1.0,500,36,0.9973585208652279,0.03110669241235991,0.9997093724212913,0.012054616931049944,0.0081043734892144,0.009751508423348182
2,1.5,1.0,500,37,0.951793041267665,0.027134580672261897,0.9997798400931865,0.01049189941844332,0.0124646620514045,0.008557980513986624
2,1.5,1.0,500,38,1.020332123177976,0.0582319304009206,0.9990345034444648,0.02197153335039683,0.01873559634956337,0.018284237377013544
2,1.5,1.0,500,39,0.9623327771477802,0.08060900946538599,0.9980352231984804,0.03134307580247654,0.029184941195427163,0.02533454029435694
2,1.5,1.0,500,40,1.0180398378934015,0.047020442001903216,0.9993578954658067,0.017917931440227464,0.01126752503334485,0.014732793784954262
2,1.5,1.0,500,41,1.0464866828566946,0.05810859591646101,0.9990551196145376,0.02173568937786835,0.015368623165496052,0.018216618336463243
2,1.5,1.0,500,42,0.9417272489321437,0.05950637719951397,0.9990104894270948,0.022243095253418596,0.013124160230549521,0.018637855879807957
2,1.5,1.0,500,43,0.9716397733876433,0.10808894070954465,0.9965020581049524,0.04182069998844806,0.06086466768686625,0.0342219683025347
2,1.5,1.0,500,44,1.0568575520141763,0.04334199229352045,0.9993856293069344,0.017526703812548762,0.014913618096648106,0.013617627247214716
2,1.5,1.0,500,45,0.9584232732709721,0.03009975787998174,0.9997184067511081,0.011865775341120165,0.00593101525744636,0.009423604968720124
2,1.5,1.0,500,46,0.995187632638729,0.07491470005141408,0.9984082510213568,0.028211247567621524,0.01958570300704613,0.023485963627811496
2,1.5,1.0,500,47,0.9321285734939386,0.0407763685807724,0.999567762725333,0.014700974026692543,0.006196729983049962,0.012757512525366901
2,1.5,1.0,500,48,0.9297334879126534,0.08947121298259031,0.9975974479215222,0.03465942929765219,0.04811352424069694,0.028299896595984326
2,1.5,1.0,500,49,0.9791403224623958,0.08865171991235228,0.9977068423315603,0.033861170006658156,0.04721027384215187,0.02803459841161177
2,1.5,1.0,500,50,1.0276996665678586,0.05517648501042121,0.9990319036585661,0.022001094761782733,0.018091635641471093,0.017327861647802513
2,1.5,1.0,500,51,1.0439880794607748,0.030035536997974007,0.9997433057984811,0.011329037945008162,0.0011722758957252281,0.009388277365933949
2,1.5,1.0,500,52,0.924448264767571,0.029724075568832165,0.99972355618307,0.011756781382037671,0.013380501531209309,0.009371275481479943
2,1.5,1.0,500,53,1.0057017780958923,0.044655172087629154,0.9994178752729143,0.017060549919123334,0.01888378690798237,0.014063869791891073
2,1.5,1.0,500,54,1.0183433222649836,0.057460618454930855,0.9989610182233374,0.02279234275653416,0.016866966472762073,0.01802589801160707
2,1.5,1.0,500,55,0.9877669202269093,0.036795128803428896,0.999606107116239,0.014033760788916655,0.016663259336497854,0.011601486789876695
2,1.5,1.0,500,56,0.9734391380729382,0.06170032735677836,0.9988877238877658,0.02358257950515796,0.021818379462984563,0.01938756433503094
2,1.5,1.0,500,57,1.04268164811961,0.02544772922246975,0.9998150722668695,0.009615813359527088,0.010712985529305366,0.008014543313241614
2,1.5,1.0,500,58,1.0730492915363048,0.05248874077441852,0.999229570837085,0.019626884150510213,0.016581699956674214,0.01647807856236844
2,1.5,1.0,500,59,1.0418541473718763,0.025355924357904954,0.9998062218240161,0.009843225487202664,0.009422972485153688,0.007972353914972039
2,1.5,1.0,500,60,0.9724934003650733,0.08112771472992214,0.9982280182925872,0.029765598494006347,0.023360388214443095,0.0254505087603105
2,1.5,1.0,500,61,1.0644465466338273,0.013352719977157687,0.9999532352730856,0.004835531352108835,0.0036372197672437066,0.004186990431381129
2,1.5,1.0,500,62,1.0457403274261086,0.017939258957678342,0.9999034081451512,0.0069495271367468045,0.007238289993639544,0.005646471931991916
2,1.5,1.0,500,63,1.0317035301805686,0.02662400273262741,0.9997981088494392,0.010047167525245126,0.008109286820159954,0.008355353573498186
2,1.5,1.0,500,64,1.0909295377592945,0.017504485967943437,0.9999137652994476,0.006566380302435203,0.002848539117551428,0.005477407816842719
2,1.5,1.0,500,65,0.9801757773266634,0.05406780759625534,0.9991230294974409,0.02094003942879553,0.014390143604517843,0.01695055354244248
2,1.5,1.0,500,66,0.9745105780349896,0.01765486088930163,0.9999152766135413,0.0065085861160006885,0.0010111552690630875,0.00551884619311175
2,1.5,1.0,500,67,1.0678236850878198,0.10127026028174509,0.9972539279366428,0.03705450082889487,0.013327284092894414,0.0316764609995911
2,1.5,1.0,500,68,1.0564803269191394,0.06022618657764598,0.9988874485704746,0.023585497975719818,0.018436795789292165,0.018899457240578826
2,1.5,1.0,500,69,1.0061039484591825,0.06589433671859674,0.9988531009326251,0.023946806335865926,0.010693415531074387,0.020619342068788796
2,1.5,1.0,500,70,0.9364354822041079,0.04932911115886768,0.9993032164531882,0.01866525578195822,0.01939168985888744,0.015519868116660607
2,1.5,1.0,500,71,0.9381939137765606,0.07542149835129507,0.9984419478485422,0.027911038599967377,0.03347124257330292,0.023768916934222287
2,1.5,1.0,500,72,0.9539528693627948,0.04410070307285072,0.999455338764696,0.016502442778327717,0.0038554765803799646,0.013788367917414524
2,1.5,1.0,500,73,0.9687254257952501,0.030565475065844897,0.9997190913646801,0.01185134244125656,0.0023900941228134267,0.009555835358613877
2,1.5,1.0,500,74,1.0300236379664245,0.026737680111110062,0.9998413286459196,0.008907057709492067,0.00527374879902079,0.00837104567221172
2,1.5,1.0,500,75,0.995386047093428,0.03984600305528898,0.9994654925577268,0.016347896535537077,0.0002345801346844312,0.012453947085987026
2,1.5,1.0,500,76,0.9403020866779086,0.003264501364444911,0.9999971225422861,0.0011994702401412487,0.0013215841946525757,0.0010276077212338505
2,1.5,1.0,500,77,0.8951672322965228,0.08973024276288787,0.9974609124482048,0.03563065780893744,0.050117685155164265,0.028407453083475195
2,1.5,1.0,500,78,0.9866021248120914,0.050319320396714926,0.9992819079931234,0.018948509266911714,0.01169877273963614,0.01576495924145072
2,1.5,1.0,500,79,1.009819669452939,0.041919182664922394,0.9994907755485398,0.01595657311988235,0.008367919833290143,0.01312491696576695
2,1.5,1.0,500,80,0.9649527417633603,0.04596337194701568,0.9993935894775667,0.017412790161736802,0.02024097604874095,0.014484967782967009
2,1.5,1.0,500,81,0.9305501541875933,0.09743072403425904,0.9968256619655416,0.03983928986853608,0.033917963117085385,0.03060794515898984
2,1.5,1.0,500,82,1.0381886295952767,0.04977726125716467,0.9993007336496731,0.018698480557613348,0.01674996831160196,0.015636110836598528
2,1.5,1.0,500,83,1.022236829247971,0.06706266377780352,0.9988017973395823,0.02447654653354631,0.018413589459735306,0.02103080965824187
2,1.5,1.0,500,84,1.0907501267176267,0.06218528620791031,0.9989182625625311,0.02325658441677196,0.016195056279063882,0.01949461389250612
2,1.5,1.0,500,85,0.9920256019940239,0.05216549918071072,0.9992061892997295,0.01992248353331583,0.017695136750109277,0.016384905109153063
2,1.5,1.0,500,86,1.0287030145092344,0.019378818629615657,0.9998870552977491,0.00751480878834743,0.007377852134413436,0.006095451890967424
2,1.5,1.0,500,87,1.0889841874595014,0.07625011455322545,0.9983509183187151,0.028714819181781228,0.016819706195859194,0.023883608218032037
2,1.5,1.0,500,88,0.9563456725714667,0.07083590612621758,0.9987877684025142,0.02461941913902282,0.006293423275786878,0.022147562069595086
2,1.5,1.0,500,89,1.034518839272818,0.07137515087681218,0.9984531935585913,0.027810128023875204,0.02166234825725482,0.022400041909778286
2,1.5,1.0,500,90,1.0337083141114753,0.02947261428565461,0.999735661874575,0.011496480448925232,0.01277810814487463,0.009286251311798801
2,1.5,1.0,500,91,1.0254219984304294,0.04167643517964984,0.9994894080077181,0.01597798473340308,0.012414096245278484,0.013077120719918053
2,1.5,1.0,500,92,0.9769274550292868,0.08007931238633388,0.9981343103243263,0.03054250870241091,0.008080047654541423,0.025039970909818
2,1.5,1.0,500,93,0.9290600994854339,0.07015226535047263,0.9987378292421358,0.025121412757488602,0.00281245059489609,0.021927742404767775
2,1.5,1.0,500,94,0.9888794389853366,0.032587071217539926,0.9996917250420362,0.012415211596339026,0.010668019217823106,0.01023328877571568
2,1.5,1.0,500,95,0.9938695839318274,0.07209846621910644,0.9985873220661915,0.026577038339593528,0.010080125955631219,0.022553564123887697
2,1.5,1.0,500,96,1.0469921243596783,0.03157557037146787,0.999724086794255,0.011745492874825434,0.012368624319294013,0.009934255074481084
2,1.5,1.0,500,97,0.9764049739599558,0.0642611238705181,0.9988057759235065,0.02443587604827676,0.018005875475346454,0.02015260513398191
2,1.5,1.0,500,98,0.9409877014635656,0.05682548900792824,0.9990852661549661,0.021386138560220442,0.02114082580806557,0.01786596523100511
2,1.5,1.0,500,99,1.0309713346088674,0.035099952993565824,0.9996820024558356,0.01260947152271705,0.003428388600489022,0.010975137762733277
2,1.5,1.0,2000,0,0.945888001540373,0.03492557093496808,0.9996348441900867,0.013512139170265175,0.0146106738541841,0.01099815513999884
2,1.5,1.0,2000,1,0.9824718284184758,0.013215824132893532,0.9999489084917542,0.005054280772071441,0.0017972692645754314,0.004133961780167121
2,1.5,1.0,2000,2,1.0074775543912042,0.02849960494283726,0.9997637701260709,0.010868069606171114,0.0012793832892329315,0.00890837897316498
2,1.5,1.0,2000,3,0.9823535815487201,0.011013442087254273,0.9999651766084536,0.004172732410920934,0.0025172430219000262,0.003450109551285921
2,1.5,1.0,2000,4,0.975901253945495,0.02808488027920723,0.9997796522634994,0.010496374052514794,0.006911496242828529,0.008801050710337089
2,1.5,1.0,2000,5,0.9903484356189505,0.03688563264917522,0.9996082339967698,0.013995820862497118,0.009690733697462976,0.011563758618821782
2,1.5,1.0,2000,6,1.0337740775004303,0.039858995837412745,0.9995381644105578,0.01519597955780197,0.013824975756584786,0.012524282513620628
2,1.5,1.0,2000,7,0.9664555061129407,0.029969273733891202,0.999732896549796,0.011556458155592378,0.013576469161981816,0.009449599344284167
2,1.5,1.0,2000,8,0.9870294453281914,0.022083275805075648,0.999850550559061,0.008644346156272914,0.009476649698498091,0.006957059303582373
2,1.5,1.0,2000,9,1.0039854437025182,0.05672056921062367,0.998976966298107,0.022616738291507513,0.023847407074661566,0.017861583727024184
2,1.5,1.0,2000,10,0.9562522131755022,0.02541731332465129,0.9998109037218649,0.00972358673883266,0.01145086759547743,0.00801369825574186
2,1.5,1.0,2000,11,1.0298483098372209,0.0398943171098295,0.9995865346431814,0.014378201501208747,0.002504518994540191,0.012471184484717963
2,1.5,1.0,2000,12,1.0020830294141603,0.019594834519670517,0.9998887046242968,0.0074597377870566535,0.003739024173319338,0.006134181632990161
2,1.5,1.0,2000,13,0.989403984252727,0.04429978673999207,0.9993996153418292,0.017326059248583096,0.012616712797146337,0.013895627424808148
2,1.5,1.0,2000,14,0.9974179087931757,0.039856633542835314,0.999516104222969,0.015554674169379602,0.004428110576968209,0.012463949337088357
2,1.5,1.0,2000,15,0.9617360755194957,0.022225524608651417,0.9998485157685155,0.00870299464220535,0.007651797839173573,0.00698229651280535
2,1.5,1.0,2000,16,1.0026438983270465,0.015384282969693727,0.9999301259372766,0.005910755566058106,0.006293127605997143,0.00484325192388843
2,1.5,1.0,2000,17,0.9859822972955642,0.016450987788901503,0.999928393864745,0.005983566463865554,0.00345057883635366,0.005151704311501488
2,1.5,1.0,2000,18,1.0178913652617192,0.0040520117262766876,0.9999957570836232,0.0014565226357284818,0.0011845122073114464,0.001271184473964274
2,1.5,1.0,2000,19,1.051837609842707,0.030687849485438276,0.9997147225979865,0.011943144519206772,0.010973559745041958,0.00964562630087967
2,1.5,1.0,2000,20,0.9816229085555351,0.004636012431816271,0.9999932339475687,0.0018393004691091956,0.0014866755355216993,0.0014554898397063124
2,1.5,1.0,2000,21,0.9547649497540811,0.031441310439221264,0.9997160923549266,0.011914437566947426,0.006385771872068185,0.009844643626017353
2,1.5,1.0,2000,22,0.9933876116944762,0.010744065343590552,0.9999696271364041,0.003896977264229491,0.00028572447437371284,0.0033581777465641624
2,1.5,1.0,2000,23,0.9904653962144375,0.04406308310348479,0.9994556756647558,0.01649733819808897,0.018033372689932995,0.013870821154064678
2,1.5,1.0,2000,24,1.0144217708868486,0.02382529770158618,0.9998373155835207,0.009018991531182848,0.0064473896091203145,0.007470311184161365
2,1.5,1.0,2000,25,0.9731950485505403,0.024783784721221398,0.9998307740345198,0.009198531553466418,0.005202259927695926,0.0077612065347598515
2,1.5,1.0,2000,26,1.044346159951228,0.0358253872205078,0.9996509093590193,0.013211560108114856,0.011451886114771504,0.01124779322528254
2,1.5,1.0,2000,27,0.994341511173261,0.013699244522194412,0.9999451976797055,0.005234611747518155,0.0029682765440157246,0.004290532967636095
2,1.5,1.0,2000,28,1.0007138908101816,0.011229217324397356,0.9999589528360673,0.004530296013103563,0.003960679377698332,0.0035286925932510047
2,1.5,1.0,2000,29,1.0013853567577757,0.0048116657479281575,0.9999931569429319,0.0018497374230038396,6.004072010355136e-05,0.0015039036156947818
2,1.5,1.0,2000,30,0.9754485117180199,0.023918058582090913,0.999834051835591,0.009109011044262219,0.004636705428225144,0.0074879652028509176
2,1.5,1.0,2000,31,1.0127112153339355,0.01234256957092625,0.9999501362480094,0.004993182952310856,0.0012143220597960014,0.003859324430271615
2,1.5,1.0,2000,32,1.0141353050426523,0.030702460153896275,0.9997008021375977,0.012231064189232354,0.0028649806455225465,0.009599746068235871
2,1.5,1.0,2000,33,1.0020329416414957,0.019409017454411148,0.9998951330739609,0.00724109542952946,0.007423799786802981,0.0061053123265704294
2,1.5,1.0,2000,34,1.0146944187270437,0.0024311264720264826,0.9999984292626134,0.0008862102985521322,0.0009513774918860451,0.0007649324782467728
2,1.5,1.0,2000,35,1.0185843615098178,0.02112319229577227,0.9998620280256977,0.008305780345707605,0.002301583151473928,0.0066055072556976575
2,1.5,1.0,2000,36,0.9893408011539109,0.006926510314423305,0.9999872728269672,0.002522615015499124,0.0004912397887577121,0.0021653679414037124
2,1.5,1.0,2000,37,1.008365256357198,0.018813828678047113,0.9998956969479831,0.007221601346547028,0.006767958751039945,0.005913716223059057
2,1.5,1.0,2000,38,1.013003374577002,0.021955643287339836,0.9998712205671217,0.008024320310101779,0.006088263309956812,0.00688545917353551
2,1.5,1.0,2000,39,1.0134927019974769,0.029514828102676124,0.9997525967656683,0.011122122871370425,0.013680791495584956,0.009310103086649006
2,1.5,1.0,2000,40,1.0092098981225766,0.014401796105400114,0.9999429094907517,0.005342775928688024,0.006185285008889522,0.004537277863014872
2,1.5,1.0,2000,41,1.0212613497775347,0.035424134201631916,0.9996321688237206,0.0135615481468628,0.010468702249264002,0.011113676388373515
2,1.5,1.0,2000,42,0.9986209967388503,0.019233683256013323,0.9998973174019585,0.007165284294483582,0.005554646467798801,0.006033536905982936
2,1.5,1.0,2000,43,1.0084650941187216,0.02700088914596421,0.9997942354584985,0.010143089802949036,0.011994416045595558,0.008510899636138757
2,1.5,1.0,2000,44,1.0336854847328465,0.021069884304256343,0.9998584336281857,0.00841327438677563,0.006230465800993271,0.006610728391262649
2,1.5,1.0,2000,45,0.9529612445893996,0.03206018637928693,0.9996618609592126,0.013002673586370486,0.01498934582789541,0.010114489135078451
2,1.5,1.0,2000,46,0.9988058782169024,0.021115701049032355,0.9998671490553871,0.008150182348051217,0.0005928426171528691,0.006599971922767818
2,1.5,1.0,2000,47,1.023833405024131,0.03079603248010241,0.9997292487932773,0.011635102206744146,0.006123713995085225,0.009642086463572072
2,1.5,1.0,2000,48,0.9835010877474958,0.019316336157323487,0.9998815727508232,0.007695038959510582,0.0044454968698469256,0.00605126791940047
2,1.5,1.0,2000,49,1.0072092532494736,0.024825605912569215,0.9998278707566254,0.009277102009103446,0.009430796348481114,0.007807686449164308
2,1.5,1.0,2000,50,0.990692630493662,0.0061413191075948064,0.999988296423294,0.002419046992726732,0.0022791942561281925,0.0019310393472750937
2,1.5,1.0,2000,51,1.0110954207480345,0.034251990641039426,0.9996748707702208,0.012750082936575981,0.003334980787069143,0.010709937453477796
2,1.5,1.0,2000,52,0.950147387915134,0.04938147108122541,0.9992259776834613,0.01967259917421399,0.023670362134663343,0.015585166552352647
2,1.5,1.0,2000,53,0.9760052040042118,0.029195287526759983,0.9997300671225396,0.011617505701746328,0.006364238543139861,0.009143871048687519
2,1.5,1.0,2000,54,1.012949581088039,0.029170832319345818,0.9997652927263464,0.010832988360872627,0.011361280917695988,0.009177053087686187
2,1.5,1.0,2000,55,0.9916201515637314,0.021972941592849505,0.9998523046615693,0.008593466658769588,0.00978063806036966,0.006926411406407712
2,1.5,1.0,2000,56,0.9715137766697787,0.04735825257674017,0.9994176476515466,0.017063885085955643,0.014131245159605458,0.014858672296935087
2,1.5,1.0,2000,57,1.000570688665903,0.015058214537162735,0.9999393109666079,0.0055085857255759655,0.004714202668087955,0.004726520052721751
2,1.5,1.0,2000,58,1.0222993435687018,0.043238745434865354,0.999438386979062,0.016757282311551658,0.0027013821683101553,0.013516649248069753
2,1.5,1.0,2000,59,1.0141272291466445,0.02624862668067396,0.9998079590254748,0.009799004401600586,0.01006076341633349,0.008256115309799408
2,1.5,1.0,2000,60,0.9969138063153385,0.03811676562667246,0.9996132330103102,0.013906239421385578,0.011784155698491651,0.011963748627712916
2,1.5,1.0,2000,61,1.0416777696060062,0.012763041635102076,0.9999534060786849,0.004826692517403201,0.003057669781146685,0.0039991447931072175
2,1.5,1.0,2000,62,0.9904584062184489,0.0513673134220892,0.9991307237720266,0.020847976256381916,0.01864621409059607,0.016145589427043937
2,1.5,1.0,2000,63,1.0267987659474624,0.02570184380431505,0.9998160835399961,0.009589485387753798,0.007484182982315155,0.008063120136537549
2,1.5,1.0,2000,64,1.0224384994833473,0.005898172434948113,0.9999898722261108,0.002250308188809646,0.00012858923516684433,0.0018435210176784174
2,1.5,1.0,2000,65,0.9640578689508864,0.04096362942007117,0.9995041132640375,0.015746217576968594,0.018513199298635277,0.012915154187965069
2,1.5,1.0,2000,66,1.005550156570754,0.03205154734277635,0.9996906172195011,0.012437499356761993,0.005144057516713963,0.01002898940801526
2,1.5,1.0,2000,67,1.0094169806138384,0.03244377707363377,0.9996678702386033,0.01288661634015618,0.00046523199295663676,0.01014044261868172
2,1.5,1.0,2000,68,1.024605350467813,0.00669783472358781,0.9999872170391264,0.002528137740865518,0.0012519554594461388,0.0020966129474520863
2,1.5,1.0,2000,69,1.00307274249832,0.06133053057070722,0.9989575200805718,0.022830680228897067,0.015206606216149048,0.019221211361284418
2,1.5,1.0,2000,70,0.9938640114905998,0.015474740992378055,0.9999342119118324,0.005735332953175124,0.003971969606421438,0.004850632212200123
2,1.5,1.0,2000,71,1.015604820252619,0.019964082037726587,0.9998795788939832,0.007759545927981315,0.00871281530072294,0.0062911660253439266
2,1.5,1.0,2000,72,0.9711316653061165,0.021820460974630664,0.9998743185212493,0.00792721510842848,0.008001203696769002,0.006859722796210148
2,1.5,1.0,2000,73,0.9938594193772237,0.00915323572083727,0.9999794761225098,0.003203426094837531,0.0016301599788942863,0.0028648322974083123
2,1.5,1.0,2000,74,1.0154755338812098,0.029689415288295887,0.9997512240144855,0.01115293650825996,0.009164223234997148,0.00931774164391647
2,1.5,1.0,2000,75,1.0314251445647793,0.027852813340628654,0.9997697959703902,0.010728560705188496,0.00874517420705268,0.008743233166785463
2,1.5,1.0,2000,76,1.0004019080349325,0.02938321774185175,0.9997853654634751,0.010359404821826058,0.010277165601076098,0.009232319701638955
2,1.5,1.0,2000,77,0.9885057965044819,0.009066039769736604,0.9999786511605887,0.003267173044947764,0.0011699649529707857,0.002835666482176111
2,1.5,1.0,2000,78,1.0043362125056317,0.030649050860264475,0.999740786003601,0.011384506937042509,0.010204992910741626,0.009626230080867708
2,1.5,1.0,2000,79,1.0191477123192627,0.014403265791119342,0.9999378527473555,0.005574372280562755,0.0012220377893516654,0.004503178704819985
2,1.5,1.0,2000,80,0.976436417528126,0.01605763884552706,0.9999251032988545,0.006119505745783589,0.0044830167547518646,0.005036003825894157
2,1.5,1.0,2000,81,0.9786042870403837,0.0359070784227027,0.9996364658234992,0.01348210251594288,0.00992692944970368,0.011259928449999927
2,1.5,1.0,2000,82,1.0029455870279793,0.00967671176352594,0.9999720248247576,0.003739998345080991,0.0030989010821076165,0.003038055548500189
2,1.5,1.0,2000,83,1.0071724383674243,0.03987862170753352,0.9995561551677259,0.014897060654270726,0.012698723565562186,0.012519990709728965
2,1.5,1.0,2000,84,1.0128030746242755,0.04225571302173486,0.9995202294086052,0.015488230876940408,0.007884902291769651,0.01322735000250764
2,1.5,1.0,2000,85,0.9978364666808035,0.015704205285060713,0.9999340731842259,0.005741376828517421,0.004597855996912362,0.004926833551122469
2,1.5,1.0,2000,86,1.0361670350044625,0.024277312222725753,0.9998143244726784,0.009635235527003023,0.004342579963599585,0.007598572667860562
2,1.5,1.0,2000,87,1.03219832626232,0.05881912527897393,0.9990608514363931,0.021669662706267124,0.013696506309545704,0.01842815692146965
2,1.5,1.0,2000,88,0.9973899528789721,0.0613661204363981,0.9989044517503194,0.02340457486989051,0.017205029359620934,0.01924703794613089
2,1.5,1.0,2000,89,0.9728772248526815,0.026266133338574797,0.9998037397483008,0.00990606510424862,0.00885491150607567,0.008250599957395558
2,1.5,1.0,2000,90,0.9954683247082643,0.038831443490858486,0.9995764390080686,0.014552680026910481,0.018039709303124925,0.01224894405124767
2,1.5,1.0,2000,91,0.991637421456109,0.026029276489051824,0.9998241680182466,0.009376352749159666,0.004710875768934424,0.008147090093770777
2,1.5,1.0,2000,92,1.023691362201795,0.018980121586196688,0.9999006600357246,0.007047693391293815,0.005760482797597465,0.005956264630113476
2,1.5,1.0,2000,93,0.9910899582802746,0.07571391932916012,0.9982251249924189,0.0297898892879879,0.00038134048585358206,0.023664525656079016
2,1.5,1.0,2000,94,0.9488899802056538,0.017730825915203575,0.9999028379368164,0.0069700094398643855,0.007479146914402808,0.005584472654640746
2,1.5,1.0,2000,95,1.0293519594897738,0.03440004415580251,0.9996325986734558,0.013553621776932635,0.011297530442935792,0.010802970630028896
2,1.5,1.0,2000,96,1.022868175459567,0.04052767865694392,0.9994614896848752,0.016408996238720552,0.017458538289726648,0.012767723658543596
2,1.5,1.0,2000,97,0.9843528806637658,0.013930421154762906,0.999941047219596,0.005429216352478184,0.0030801786028344783,0.00436325226461433
2,1.5,1.0,2000,98,0.9609237379633597,0.038652581339447885,0.9995864737704547,0.014379259882643805,0.012818607485249352,0.012138214047751988
2,1.5,1.0,2000,99,0.9766187139980932,0.02402703128323287,0.9998272853762445,0.009292863491825664,0.007855100919574915,0.00754446399003327
2,1.5,1.0,10000,0,0.9994840388307841,0.0018513487308013596,0.9999989151510772,0.0007364947124180678,0.0005052560358315875,0.0005805239708353542
2,1.5,1.0,10000,1,0.9912099124375973,0.007461099318663629,0.9999833392610591,0.0028862379441858114,0.001986653856288792,0.0023391883867336302
2,1.5,1.0,10000,2,0.9979407354242316,0.010478253357007198,0.9999680549055221,0.003996566931622793,0.004349427836551485,0.0032994933339017575
2,1.5,1.0,10000,3,0.9955171806092196,0.007188303803603886,0.9999844458002884,0.002788745211696681,0.003077050811548796,0.0022646070780658165
2,1.5,1.0,10000,4,0.9897428586824238,0.019959504903633934,0.9998792368110376,0.007770559470282983,0.008184012034342662,0.006283745404730993
2,1.5,1.0,10000,5,1.0000053693372408,0.012590558017944752,0.9999508090245652,0.004959383804203729,0.004960469268202401,0.003961967618506006
2,1.5,1.0,10000,6,1.0141050849363962,0.025283271983668594,0.9998221401328704,0.009430266887252993,0.009207622746106134,0.007948466216765383
2,1.5,1.0,10000,7,0.9759021726494796,0.014598980702631943,0.9999393356802426,0.005507464015195952,0.006414165224380329,0.00460108186937252
2,1.5,1.0,10000,8,0.9956324653137067,0.013263031997245702,0.9999527982688154,0.00485807220944942,0.004967415064093385,0.004170629329773617
2,1.5,1.0,10000,9,0.9986103174463046,0.0093240805722722,0.999975335304208,0.003511744281122496,0.002422397858968826,0.0029228309534832498
2,1.5,1.0,10000,10,0.9825579126358932,0.011591933036980619,0.9999605598126237,0.0044407312109802,0.00411388594360555,0.003642912540069391
2,1.5,1.0,10000,11,1.0115986494910885,0.0015807271996728944,0.9999993094428904,0.0005876040799697976,0.00021503437159144982,0.0004944587091789311
2,1.5,1.0,10000,12,1.008008213043957,0.01701527686885868,0.9999265513594958,0.006060059426450538,0.0052088755121936356,0.005340026936114705
2,1.5,1.0,10000,13,0.9931838113954686,0.013550861810622981,0.9999435004385617,0.005315052278121194,0.0009024960984989011,0.004236165045186435
2,1.5,1.0,10000,14,1.0077134238789869,0.01660757083984058,0.9999257206185165,0.006094234221107428,0.0073012698230992,0.005234135731919135
2,1.5,1.0,10000,15,0.984337334406695,0.01212129349070453,0.9999548359679701,0.004752053873327833,0.00302409972356649,0.003798804326347433
2,1.5,1.0,10000,16,1.0107586011359273,0.01223432107190274,0.9999573953735421,0.004615442907130084,0.00017528100055684348,0.003823889809614415
2,1.5,1.0,10000,17,0.9992030317199856,0.017845173681038485,0.99990907686315,0.00674251944194713,0.005850428047683194,0.005603858078957655
2,1.5,1.0,10000,18,1.0029780709200995,0.0068374123957558,0.9999867835923594,0.002570642686237047,0.0003112983612367813,0.002137237326015798
2,1.5,1.0,10000,19,1.0140189672160038,0.020686168532599664,0.9998887970443523,0.007456639848071013,0.005947206060938895,0.006488972621052365
2,1.5,1.0,10000,20,0.971558419609768,0.006786397628371485,0.9999863662786521,0.0026109118472168735,0.0018195173971918086,0.0021277494087027404
2,1.5,1.0,10000,21,1.0054264202964922,0.009141963130378619,0.9999775170000309,0.003352834619324401,0.0018816639339973788,0.0028626366756348827
2,1.5,1.0,10000,22,0.9937985736792542,0.011237510234108376,0.9999656832230277,0.004142268519325684,0.001537360954789454,0.0035151721159447902
2,1.5,1.0,10000,23,0.9985913774957303,0.01922680678508872,0.9998972251005055,0.007168504010408517,0.006996343812161372,0.006043855966187029
2,1.5,1.0,10000,24,1.0039378799560055,0.019180202840987225,0.9998977261413798,0.007151008971474629,0.007381159222527665,0.006033806051958621
2,1.5,1.0,10000,25,0.9918898393698503,0.008978964872667784,0.9999743933190692,0.0035781755777751344,0.0029234670178559497,0.0028193420637146957
2,1.5,1.0,10000,26,1.0104979035009802,0.01087368958447875,0.999966294583475,0.00410520502076589,0.0002853848899577045,0.003398690514692203
2,1.5,1.0,10000,27,0.9936328860799521,0.008205485584974982,0.9999803830932016,0.003131845047119466,0.0034859535141209055,0.0025847466179205014
2,1.5,1.0,10000,28,0.9942987943103647,0.008019998776293544,0.9999823197375863,0.0029732358141919234,0.0033248056513141317,0.0025253856411418464
2,1.5,1.0,10000,29,0.9921428617312669,0.004498586862543011,0.99999352120894,0.0017998320838275995,0.0017118938929521327,0.0014149080780645582
2,1.5,1.0,10000,30,1.0057267682512576,0.016776258500605382,0.9999228439879959,0.006211119544982183,0.004914520054419299,0.005263194002130841
2,1.5,1.0,10000,31,1.007261557816352,0.005689284095555326,0.9999915412696434,0.0020565420439036977,0.0021539414663347676,0.001789337056888584
2,1.5,1.0,10000,32,1.0091024632766703,0.025354382243534396,0.999803238142936,0.009918716072759508,0.006359818260755633,0.007946475293061419
2,1.5,1.0,10000,33,0.9906848742005665,0.014800754752952871,0.9999278266142833,0.006007220060756397,0.002314400033732503,0.004630934688356165
2,1.5,1.0,10000,34,1.0097788282752396,0.005051833669707708,0.9999935853231409,0.0017909043608124416,0.002064433660635122,0.0015904788030719245
2,1.5,1.0,10000,35,1.007232488107362,0.011899553150583974,0.9999577115131596,0.0045982870093331536,0.004597667059823048,0.0037435504847767105
2,1.5,1.0,10000,36,1.000728496451817,0.0030126210567105135,0.9999977507846984,0.0010604752004471254,0.0007641776342220652,0.0009442449900909515
2,1.5,1.0,10000,37,0.9825587829600956,0.014843698907435943,0.9999330432085417,0.005786051825654161,0.006460203856843385,0.004677481782703632
2,1.5,1.0,10000,38,0.9818342310470404,0.010086830943845824,0.9999695096888948,0.0039045045207565525,0.0036185740866028593,0.0031702990249712066
2,1.5,1.0,10000,39,1.0144154576530486,0.013679992565102406,0.9999414002402283,0.005412936345998766,0.0030408663480264594,0.0042849108968042405
2,1.5,1.0,10000,40,1.0046717820482671,0.010636951778926524,0.9999698038410849,0.003885624719086695,0.0023184531072886956,0.003331484793992983
2,1.5,1.0,10000,41,1.0033223987226745,0.007680738824729126,0.9999822882376113,0.00297588326289854,0.0027811499564746214,0.0024143249665931686
2,1.5,1.0,10000,42,1.0133840693611411,0.017120579313853846,0.9999198625574128,0.006329985884149503,0.006375010686072448,0.005383634111067703
2,1.5,1.0,10000,43,1.0139271853649519,0.010160451500243901,0.999970640166405,0.003831437954277727,0.0035648956521563144,0.0031926684853975057
2,1.5,1.0,10000,44,1.0074645275120901,0.013316142349659851,0.9999431924177127,0.005329520723634887,0.005198958331112691,0.004189791818702052
2,1.5,1.0,10000,45,0.990618697690432,0.009776298834243786,0.9999711203114914,0.003799979507085026,0.002819472091985031,0.003066668827941115
2,1.5,1.0,10000,46,0.9878545471887975,0.007363590725589344,0.9999838079380625,0.002845352520991102,0.0025334940258171824,0.002313364533164497
2,1.5,1.0,10000,47,1.0032002958729218,0.006010981391548217,0.9999884922473491,0.0023987238952133125,0.0004135570941793797,0.0018791302689037403
2,1.5,1.0,10000,48,1.011204411513601,0.009414351124359788,0.9999751244832211,0.00352672062820615,0.0011514195774371546,0.002944393075250498
2,1.5,1.0,10000,49,1.015858037880846,0.005971006244295034,0.999989943941191,0.0022423267836169406,0.0010035713691127675,0.001868554994862242
2,1.5,1.0,10000,50,1.006453135967351,0.007163584907677328,0.999985343941034,0.00270703333615426,0.0015383768322489344,0.0022435102851946402
2,1.5,1.0,10000,51,1.0189289700995965,0.0065034335367875305,0.9999894689872096,0.002294669125424355,0.0005173226318973214,0.0020332210182935823
2,1.5,1.0,10000,52,0.9781516955796178,0.025807964294572487,0.9997997544680305,0.010006136416456401,0.01155392113875146,0.008135979087023059
2,1.5,1.0,10000,53,0.9876900799067059,0.0028779010381522942,0.9999974942362418,0.0011193220622669954,0.0006250795772945318,0.0009013463417862592
2,1.5,1.0,10000,54,1.012388026632088,0.00178111885660668,0.9999990537812202,0.0006878294773042076,0.0005696732144474024,0.0005591794581400731
2,1.5,1.0,10000,55,0.9951928010886165,0.011491306295318455,0.9999641128998296,0.0042359827767798055,0.0032062863267747557,0.003603879058650978
2,1.5,1.0,10000,56,0.9991448754025132,0.014840152359616264,0.9999385900971962,0.005541204869143887,0.0064913088568815495,0.004676747148202452
2,1.5,1.0,10000,57,0.9986329711189637,0.004438396734378956,0.9999941289655521,0.0017133351172340318,0.0014515696595667367,0.0013936969556506754
2,1.5,1.0,10000,58,1.004438661746055,0.004007452131198697,0.9999956401560683,0.001476455880065144,0.0014901951454261919,0.0012601029984852749
2,1.5,1.0,10000,59,1.0112433698832597,0.003119726499176969,0.9999972651838603,0.0011693622491734906,0.0013144106720868322,0.000982611418041578
2,1.5,1.0,10000,60,1.0022676440278468,0.008877643326990937,0.9999771301349332,0.0033815577081363923,0.0004114864354695116,0.0027749815441544634
2,1.5,1.0,10000,61,1.0088306120389805,0.006555274007135305,0.999986703923696,0.002578378977569125,0.0006423442511958952,0.0020497220606359064
2,1.5,1.0,10000,62,1.003731568551807,0.013754652913590838,0.999943563773433,0.005312072409476588,0.004743272976726171,0.004321251241021814
2,1.5,1.0,10000,63,1.0187292191763024,0.019245898697841626,0.9998997048587701,0.007081494942096831,0.0066485174440736325,0.006046870120198953
2,1.5,1.0,10000,64,1.0152422892443682,0.005732043507657224,0.9999897734324581,0.002261257121808097,0.0020478204877907324,0.0018015579094161531
2,1.5,1.0,10000,65,0.986422717123045,0.02104048665323646,0.9998741420934723,0.007932777146998663,0.009253782656897242,0.0066311775417765804
2,1.5,1.0,10000,66,1.0005141711872594,0.013279543522628253,0.9999466753660853,0.005163556618977374,0.001372765028281233,0.004152479352558776
2,1.5,1.0,10000,67,0.9913119976111037,0.006743454811466143,0.9999875198782031,0.00249801138877236,0.0006628844954930252,0.002108567494126031
2,1.5,1.0,10000,68,0.9921663012097802,0.006245265977193458,0.9999875239336138,0.002497605491890743,0.00258303882909299,0.0019664899374599396
2,1.5,1.0,10000,69,1.0037061703086092,0.02382376471386602,0.999846589025127,0.008758166899328622,0.00540049219878428,0.007462967364296705
2,1.5,1.0,10000,70,1.0071630235234328,0.006232284427013597,0.9999882954060382,0.0024191521202644806,0.00170890908181223,0.0019543194682787595
2,1.5,1.0,10000,71,1.0051785623093281,0.006165993746066581,0.9999901700797433,0.0022169709353813028,0.0024040033454037287,0.0019399983562638145
2,1.5,1.0,10000,72,1.0021215052425096,0.013384306798599636,0.9999442189222558,0.005281149389298577,0.0009006476223815662,0.004184114852574872
2,1.5,1.0,10000,73,0.9968222983266892,0.008451449171807625,0.9999780631344048,0.003311862436386874,0.0018057925339989894,0.002646794746001331
2,1.5,1.0,10000,74,1.001496378862861,0.005951730388391301,0.9999892228419278,0.0023213313068367733,0.002334246978568967,0.0018726746524565783
2,1.5,1.0,10000,75,1.0091536214401964,0.0077603491481151084,0.9999841298376377,0.0028169276137559648,0.0018930881966111469,0.0024318289325512316
2,1.5,1.0,10000,76,1.00550628246064,0.0031939336872612665,0.9999972297211174,0.0011769194710598938,0.0011841460999015981,0.0010042627720411998
2,1.5,1.0,10000,77,0.9954368881543537,0.013237077320212773,0.9999508721944931,0.004956198417484178,0.004537881541192468,0.004158399898475881
2,1.5,1.0,10000,78,1.0052944522453688,0.014021413557952419,0.9999431958962041,0.005329357550206627,0.005151886002939854,0.004408359032573744
2,1.5,1.0,10000,79,1.011793617169146,0.008302214696174622,0.9999779921989258,0.00331721276632213,0.00352376516047333,0.0026151780635261307
2,1.5,1.0,10000,80,1.0183126595646135,0.01607397878031007,0.9999313597501186,0.005858338069853923,0.0031865995124870294,0.005032606510147972
2,1.5,1.0,10000,81,0.9945944330272505,0.021050169991603907,0.9998742803431593,0.00792841903662414,0.005311393314797611,0.006597474236303983
2,1.5,1.0,10000,82,1.0205433913420925,0.009901918851588119,0.9999698699853967,0.0038813666796093673,0.0019132298847852375,0.00309992136735814
2,1.5,1.0,10000,83,1.002480873446034,0.02628331170381608,0.99979263072393,0.010182565395570322,0.008982032001052503,0.008257131681800568
2,1.5,1.0,10000,84,0.9884296676107605,0.010098799488533134,0.9999715826934402,0.0037694367324450787,0.004304493863729057,0.0031812885427173056
2,1.5,1.0,10000,85,1.0056961940763625,0.00615265642530753,0.9999895277637403,0.0022882565699374907,0.0022950837705159833,0.0019347228177240658
2,1.5,1.0,10000,86,0.9926257110584747,0.015264464424841426,0.9999339035787143,0.005748757312923359,0.0036636596807266384,0.0047829865184974155
2,1.5,1.0,10000,87,1.0226855723249983,0.019286608960204555,0.9998988704275708,0.007110892082899408,0.007414133326117601,0.006067197108593163
2,1.5,1.0,10000,88,1.0133605153380874,0.013252216797325347,0.9999451090445248,0.005238843167878368,0.004625834896833441,0.004164126735038413
2,1.5,1.0,10000,89,0.9920759023499154,0.009273727361892706,0.9999739099102212,0.00361179247596057,0.0036912049444008453,0.0029186160132322865
2,1.5,1.0,10000,90,1.020356369278402,0.008776464136196998,0.9999804950279056,0.0031228970599677937,0.0019468398003400773,0.0027490089644028924
2,1.5,1.0,10000,91,0.9905654845019876,0.024558898080672173,0.9998358657970362,0.00905908943999915,0.0044091038850325,0.007686694178715573
2,1.5,1.0,10000,92,1.009542680231572,0.018588748294946802,0.999901047104853,0.007033949642521802,0.000511471447136966,0.00581013364066979
2,1.5,1.0,10000,93,1.0051032846921277,0.0313358443091493,0.9997531544179376,0.011109581046610612,0.003294222760306399,0.009798785942700084
2,1.5,1.0,10000,94,0.9954533337472435,0.004229519833413057,0.9999951884257221,0.0015510600049458596,0.0017377040808531131,0.0013316562017894925
2,1.5,1.0,10000,95,1.0187141335539542,0.01787437721390934,0.9999074853104803,0.006801275230411155,0.006731765325778678,0.005621460132442877
2,1.5,1.0,10000,96,1.000707672702908,0.014733435334373244,0.9999328395276108,0.005794845657534156,0.00511809048394332,0.004629092722568452
2,1.5,1.0,10000,97,0.9960707805928328,0.003002672546512247,0.9999974589973801,0.0011271651653059342,0.0012437180157142014,0.0009455016060596099
2,1.5,1.0,10000,98,0.9938665549505085,0.013768325364421895,0.9999429901693653,0.0053389994678174875,0.0058752248526450605,0.004337274605882835
2,1.5,1.0,10000,99,1.0084469963628977,0.013372527389339304,0.9999501164113296,0.004994176041681573,0.004039512929115097,0.0041963263412107404
2,1.5,2.0,500,0,0.8518017854668227,0.11629233765050973,0.9957612697966629,0.04603656266130828,0.06996537189869366,0.07274210085988483
2,1.5,2.0,500,1,0.943924062050857,0.0581607544169308,0.9991621122726866,0.020468118224611392,0.00217251655487853,0.03433583796032448
2,1.5,2.0,500,2,1.0412202270727098,0.07075563877013118,0.9985939519994802,0.026514599756735903,0.02046851204834664,0.04240069138724655
2,1.5,2.0,500,3,1.0458865127283083,0.022839007406361092,0.9998550463966229,0.008513330822217424,0.002815584398170277,0.013517023763227772
2,1.5,2.0,500,4,1.0556180682460368,0.12301860876631833,0.9959031813876454,0.04525935600709865,0.026272915221331905,0.07321822067369783
2,1.5,2.0,500,5,0.9048206509419376,0.0671142561372143,0.9987535610773659,0.024964363827605675,0.03361242928798692,0.04132281494420854
2,1.5,2.0,500,6,0.9453405767238326,0.018938402585500103,0.9998935242180866,0.007296430014506985,0.003864167755264285,0.01126142813623151
2,1.5,2.0,500,7,0.9636722424501538,0.013282482327249491,0.9999532246073697,0.004836082744862647,0.0045575979281575465,0.00800571460117559
2,1.5,2.0,500,8,1.0889177158507728,0.01894599996805998,0.9998956321439698,0.0072238444068987015,0.0072754732784880835,0.011479058534043324
2,1.5,2.0,500,9,1.0396492572988878,0.07269895803101012,0.9985751239938473,0.026691534296033503,0.02187092897058166,0.04361922820589233
2,1.5,2.0,500,10,0.975283608245755,0.01742223212734964,0.9999059108419239,0.006858905090322122,0.002358084996985351,0.01031696549731804
2,1.5,2.0,500,11,0.9872314298444151,0.017506280959555233,0.999901104682376,0.007031902929644369,0.004169300147997036,0.010437733220387923
2,1.5,2.0,500,12,1.0141578989156852,0.0771082354237777,0.9984881557991012,0.027494037543608445,0.017395185231667835,0.04593437684941174
2,1.5,2.0,500,13,1.0144551057739641,0.09540927713646309,0.9974615668814207,0.03562606572847508,0.04172703362596984,0.05816223776406337
2,1.5,2.0,500,14,0.9834344013058983,0.053445016716882704,0.9990765530764005,0.021487751436568316,0.0050802673077114755,0.031595254060965965
2,1.5,2.0,500,15,0.9826237440134322,0.03118480350122008,0.9997181480197729,0.011871225299588532,0.006190232167069495,0.01853734605757092
2,1.5,2.0,500,16,1.0851426742363968,0.04978398383877775,0.9992628697484995,0.01919805005072762,0.013846980771511279,0.029797224535535363
2,1.5,2.0,500,17,1.0240976540461584,0.0330893496362892,0.9997120766977919,0.0119984020229378,0.0046556948203775855,0.01959996167319403
2,1.5,2.0,500,18,1.0620125022554439,0.02790936675783552,0.9997934184372412,0.010163207238829443,0.00986766735480419,0.016844750233635325
2,1.5,2.0,500,19,1.0288811534510793,0.018473382049579226,0.9998951658564079,0.007239963521735998,0.006550144045177105,0.011147555818421832
2,1.5,2.0,500,20,0.9201565105949268,0.09208719707131069,0.9973701127319664,0.036262151535958416,0.00296584465212301,0.054361103332774954
2,1.5,2.0,500,21,1.0101512481318382,0.030949679748291107,0.9997110027791332,0.012020757481685502,0.0142355433987716,0.0189461282491066
2,1.5,2.0,500,22,0.9303220753374174,0.07202481669788961,0.9984347102622733,0.027975790763861745,0.019380423540721715,0.0430548264019385
2,1.5,2.0,500,23,1.034998790831627,0.04170222165766133,0.9995366613032761,0.015220688169789626,0.014584385908157506,0.025159764199096425
2,1.5,2.0,500,24,1.0083369128716975,0.043433055866245296,0.9994428299714138,0.016690866193613752,0.01366537215310857,0.026096068043076136
2,1.5,2.0,500,25,1.0643551900512027,0.06448746801218938,0.9987726086747354,0.024772881597268717,0.02528761167231319,0.03908494219542893
2,1.5,2.0,500,26,0.997358520865228,0.03110669241235993,0.9997093724212913,0.012054616931049953,0.0081043734892144,0.018585661779857595
2,1.5,2.0,500,27,0.9517930412676648,0.027134580672261953,0.9997798400931865,0.010491899418443343,0.0124646620514045,0.016610091217436
2,1.5,2.0,500,28,1.0203321231779763,0.0582319304009205,0.9990345034444649,0.021971533350396793,0.018735596349563736,0.03501852095879948
2,1.5,2.0,500,29,0.9623327771477804,0.08060900946538593,0.9980352231984804,0.031343075802476514,0.02918494119542734,0.048665466870226125
2,1.5,2.0,500,30,1.018039837893402,0.04702044200190295,0.9993578954658067,0.01791793144022737,0.011267525033345029,0.028036588368033622
2,1.5,2.0,500,31,1.0464866828566946,0.05810859591646118,0.9990551196145376,0.021735689377868416,0.015368623165496408,0.03472274856543902
2,1.5,2.0,500,32,0.9417272489321438,0.05950637719951414,0.9990104894270947,0.02224309525341866,0.013124160230550061,0.035426151569642406
2,1.5,2.0,500,33,0.9716397733876433,0.10808894070954476,0.9965020581049524,0.04182069998844811,0.06086466768686642,0.06717709781189156
2,1.5,2.0,500,34,1.0568575520141765,0.0433419922935205,0.9993856293069344,0.01752670381254878,0.014913618096648288,0.02613125134230223
2,1.5,2.0,500,35,0.9584232732709724,0.03009975787998176,0.999718406751108,0.011865775341120176,0.0059310152574467215,0.01788918922747617
2,1.5,2.0,500,36,0.995187632638729,0.07491470005141411,0.9984082510213568,0.028211247567621542,0.019585703007045947,0.04476921451022203
2,1.5,2.0,500,37,0.9321285734939384,0.040776368580772306,0.999567762725333,0.01470097402669251,0.0061967299830499615,0.02416668440466945
2,1.5,2.0,500,38,0.9297334879126534,0.08947121298259031,0.997597447921522,0.03465942929765221,0.04811352424069729,0.05539513690400183
2,1.5,2.0,500,39,0.9791403224623955,0.08865171991235228,0.9977068423315604,0.033861170006658156,0.04721027384215187,0.054841393254651497
2,1.5,2.0,500,40,1.0276996665678586,0.055176485010421134,0.9990319036585661,0.022001094761782698,0.018091635641470913,0.03320425063435786
2,1.5,2.0,500,41,1.0439880794607748,0.03003553699797391,0.999743305798481,0.011329037945008124,0.0011722758957254094,0.017732206306687797
2,1.5,2.0,500,42,0.924448264767571,0.029724075568832165,0.99972355618307,0.011756781382037671,0.013380501531209489,0.018169297535506255
2,1.5,2.0,500,43,1.0057017780958928,0.04465517208762898,0.9994178752729141,0.01706054991912327,0.018883786907982366,0.027183344390780555
2,1.5,2.0,500,44,1.0183433222649834,0.05746061845493082,0.9989610182233375,0.02279234275653415,0.016866966472761893,0.03443187363085372
2,1.5,2.0,500,45,0.9877669202269096,0.03679512880342883,0.999606107116239,0.014033760788916622,0.01666325933649767,0.022498528604085404
2,1.5,2.0,500,46,0.9734391380729381,0.061700327356778446,0.9988877238877658,0.023582579505158,0.021818379462984563,0.03721715732178237
2,1.5,2.0,500,47,1.0426816481196104,0.02544772922246959,0.9998150722668694,0.00961581335952703,0.010712985529305729,0.015490223695380468
2,1.5,2.0,500,48,1.073049291536305,0.05248874077441844,0.999229570837085,0.01962688415051018,0.01658169995667403,0.0315429201672678
2,1.5,2.0,500,49,1.0418541473718756,0.02535592435790504,0.9998062218240161,0.009843225487202697,0.00942297248515405,0.015332472852425526
2,1.5,2.0,500,50,0.9724934003650733,0.081127714729922,0.9982280182925871,0.029765598494006295,0.023360388214442734,0.048611234576506825
2,1.5,2.0,500,51,1.0644465466338273,0.013352719977157687,0.9999532352730856,0.00483553135210883,0.0036372197672437058,0.007986572456596746
2,1.5,2.0,500,52,1.0457403274261086,0.01793925895767843,0.9999034081451512,0.006949527136746837,0.007238289993639724,0.010894065441247311
2,1.5,2.0,500,53,1.0317035301805695,0.026624002732627897,0.9997981088494393,0.010047167525245305,0.008109286820160315,0.015977739071184417
2,1.5,2.0,500,54,1.0909295377592947,0.017504485967943437,0.9999137652994476,0.0065663803024351985,0.0028485391175512463,0.010380953004795433
2,1.5,2.0,500,55,0.9801757773266635,0.05406780759625539,0.9991230294974409,0.02094003942879555,0.014390143604518022,0.03231352344575663
2,1.5,2.0,500,56,0.9745105780349894,0.017654860889301696,0.9999152766135413,0.006508586116000709,0.0010111552690621806,0.010426300630184203
2,1.5,2.0,500,57,1.0678236850878193,0.10127026028174521,0.9972539279366428,0.0370545008288949,0.013327284092894597,0.05996033695976943
2,1.5,2.0,500,58,1.0564803269191396,0.06022618657764585,0.9988874485704746,0.02358549797571976,0.018436795789292162,0.03613541692742928
2,1.5,2.0,500,59,1.0061039484591825,0.06589433671859678,0.9988531009326251,0.023946806335865944,0.010693415531073842,0.03907853017768557
2,1.5,2.0,500,60,0.9364354822041082,0.04932911115886753,0.9993032164531882,0.018665255781958153,0.01939168985888726,0.02990566753425167
2,1.5,2.0,500,61,0.9381939137765604,0.07542149835129547,0.9984419478485422,0.027911038599967537,0.03347124257330346,0.04603148188689464
2,1.5,2.0,500,62,0.9539528693627949,0.044100703072850723,0.999455338764696,0.016502442778327724,0.003855476580380146,0.026064898431241237
2,1.5,2.0,500,63,0.96872542579525,0.030565475065844824,0.9997190913646801,0.011851342441256534,0.0023900941228132454,0.018060036970214684
2,1.5,2.0,500,64,1.030023637966425,0.026737680111109875,0.9998413286459196,0.008907057709492001,0.005273748799020246,0.015891287294060873
2,1.5,2.0,500,65,0.995386047093428,0.03984600305528899,0.9994654925577268,0.01634789653553709,0.00023458013468443114,0.02351771303484626
2,1.5,2.0,500,66,0.9403020866779086,0.003264501364444911,0.999997122542286,0.0011994702401412483,0.0013215841946525757,0.0019831057559277854
2,1.5,2.0,500,67,0.8951672322965228,0.08973024276288792,0.9974609124482047,0.035630657808937476,0.05011768515516444,0.055749943367837486
2,1.5,2.0,500,68,0.9866021248120909,0.050319320396714926,0.9992819079931234,0.01894850926691171,0.01169877273963578,0.02999157957798985
2,1.5,2.0,500,69,1.009819669452939,0.04191918266492238,0.9994907755485398,0.015956573119882335,0.008367919833289597,0.024920565308486943
2,1.5,2.0,500,70,0.96495274176336,0.045963371947016045,0.9993935894775666,0.017412790161736944,0.020240976048741127,0.028049323435754822
2,1.5,2.0,500,71,0.9305501541875935,0.09743072403425895,0.9968256619655416,0.03983928986853605,0.03391796311708556,0.05871753045078121
2,1.5,2.0,500,72,1.038188629595276,0.04977726125716458,0.9993007336496731,0.018698480557613313,0.01674996831160214,0.029984755003396764
2,1.5,2.0,500,73,1.022236829247971,0.06706266377780352,0.9988017973395823,0.024476546533546317,0.018413589459735306,0.04012699757574191
2,1.5,2.0,500,74,1.0907501267176267,0.06218528620791045,0.9989182625625311,0.023256584416772016,0.016195056279063886,0.03715728105832271
2,1.5,2.0,500,75,0.992025601994024,0.05216549918071065,0.9992061892997295,0.019922483533315806,0.017695136750109274,0.03141459837693833
2,1.5,2.0,500,76,1.028703014509234,0.019378818629615286,0.9998870552977491,0.007514808788347283,0.007377852134413438,0.01173620063124918
2,1.5,2.0,500,77,1.088984187459501,0.07625011455322515,0.9983509183187153,0.028714819181781124,0.01681970619585883,0.04540464877116911
2,1.5,2.0,500,78,0.9563456725714667,0.07083590612621765,0.9987877684025143,0.024619419139022842,0.006293423275786697,0.041868262595442636
2,1.5,2.0,500,79,1.0345188392728182,0.0713751508768122,0.9984531935585914,0.02781012802387521,0.021662348257254452,0.042837118405779286
2,1.5,2.0,500,80,1.0337083141114758,0.02947261428565452,0.9997356618745751,0.011496480448925196,0.012778108144874446,0.017971693137565425
2,1.5,2.0,500,81,1.0254219984304294,0.041676435179649904,0.9994894080077182,0.015977984733403103,0.012414096245278484,0.02499465428679309
2,1.5,2.0,500,82,0.9769274550292868,0.08007931238633394,0.9981343103243263,0.030542508702410927,0.008080047654541605,0.047350242250174326
2,1.5,2.0,500,83,0.929060099485434,0.07015226535047246,0.9987378292421357,0.025121412757488533,0.0028124505948960896,0.041416757093270654
2,1.5,2.0,500,84,0.9888794389853366,0.032587071217540085,0.9996917250420362,0.01241521159633909,0.010668019217823106,0.019606806529310652
2,1.5,2.0,500,85,0.9938695839318276,0.07209846621910629,0.9985873220661916,0.026577038339593483,0.010080125955631578,0.04270251551440672
2,1.5,2.0,500,86,1.0469921243596783,0.03157557037146791,0.999724086794255,0.011745492874825448,0.012368624319294376,0.01914220838972704
2,1.5,2.0,500,87,0.9764049739599556,0.06426112387051806,0.9988057759235065,0.024435876048276746,0.01800587547534663,0.038455258486125014
2,1.5,2.0,500,88,0.9409877014635657,0.05682548900792846,0.9990852661549661,0.02138613856022052,0.021140825808065568,0.034355076758469376
2,1.5,2.0,500,89,1.0309713346088674,0.035099952993565824,0.9996820024558356,0.012609471522717049,0.003428388600489204,0.020752299288784255
2,1.5,2.0,500,90,1.0464210423464264,0.08502499517527394,0.9977446390987543,0.03358095368840556,0.021591260018796885,0.05077679770335366
2,1.5,2.0,500,91,0.9972784548148602,0.01975271922331097,0.9998970217755458,0.007175591420020683,0.008239973887001435,0.012017894823724453
2,1.5,2.0,500,92,1.0506119095010074,0.03999154354050393,0.9995222726146291,0.015455215711382937,0.0033002818392253845,0.02363250417369479
2,1.5,2.0,500,93,1.0603824174546723,0.03085957140507519,0.9997053054034186,0.012138669543678482,0.00487409737499178,0.018296207874400085
2,1.5,2.0,500,94,1.020812333668978,0.04465195180174571,0.9994726857282905,0.01623752246664294,0.005771251945513888,0.02643418354830049
2,1.5,2.0,500,95,1.002916683970121,0.054765863799554504,0.9990741633778053,0.02151553650498595,0.022123235455554696,0.0332479240798951
2,1.5,2.0,500,96,1.1193970152518848,0.020682120180331866,0.9998915915461419,0.0073623519970866585,0.00789703033846874,0.012527487950042708
2,1.5,2.0,500,97,1.0096302465922133,0.06877967938763115,0.9986142961094893,0.026322080944624918,0.036178680362063925,0.04252056831521925
2,1.5,2.0,500,98,1.0082783093555643,0.013448568286537298,0.9999534215284184,0.00482589222743356,0.0006710544288401537,0.00794108255673876
2,1.5,2.0,500,99,1.0509257688191227,0.03343609990912007,0.999683529523802,0.012579158878835088,0.011018828499609255,0.020122831662323634
2,1.5,2.0,2000,0,0.9562522131755022,0.0254173133246513,0.9998109037218649,0.009723586738832663,0.01145086759547743,0.015538461349960436
2,1.5,2.0,2000,1,1.029848309837221,0.03989431710982936,0.9995865346431814,0.014378201501208707,0.002504518994540191,0.02356293485158353
2,1.5,2.0,2000,2,1.0020830294141603,0.019594834519670517,0.9998887046242967,0.007459737787056654,0.0037390241733193373,0.011641435880938761
2,1.5,2.0,2000,3,0.9894039842527276,0.04429978673999224,0.9993996153418292,0.01732605924858316,0.012616712797146516,0.026532101367698513
2,1.5,2.0,2000,4,0.9974179087931757,0.039856633542835314,0.9995161042229689,0.015554674169379603,0.00442811057696839,0.023576216758359088
2,1.5,2.0,2000,5,0.9617360755194958,0.022225524608651438,0.9998485157685155,0.00870299464220536,0.007651797839173754,0.013394831326077267
2,1.5,2.0,2000,6,1.0026438983270465,0.015384282969693559,0.9999301259372766,0.005910755566058041,0.006293127605997324,0.009349910760349644
2,1.5,2.0,2000,7,0.9859822972955639,0.016450987788901198,0.999928393864745,0.005983566463865443,0.0034505788363532967,0.009786930593600666
2,1.5,2.0,2000,8,1.0178913652617192,0.004052011726276668,0.9999957570836232,0.0014565226357284762,0.0011845122073110836,0.002428275183549933
2,1.5,2.0,2000,9,1.051837609842707,0.030687849485438276,0.9997147225979867,0.011943144519206772,0.010973559745041776,0.01853137198947968
2,1.5,2.0,2000,10,0.9816229085555351,0.004636012431816199,0.9999932339475688,0.0018393004691091611,0.0014866755355218801,0.002786709749211459
2,1.5,2.0,2000,11,0.9547649497540815,0.031441310439221194,0.9997160923549266,0.011914437566947406,0.006385771872068003,0.01869451135747459
2,1.5,2.0,2000,12,0.9933876116944762,0.010744065343590752,0.9999696271364041,0.0038969772642295686,0.00028572447437425673,0.006342083068782195
2,1.5,2.0,2000,13,0.9904653962144373,0.0440630831034849,0.9994556756647557,0.016497338198089014,0.018033372689933356,0.026772494212014487
2,1.5,2.0,2000,14,1.0144217708868486,0.02382529770158618,0.999837315583521,0.009018991531182845,0.006447389609120314,0.014246392155563857
2,1.5,2.0,2000,15,0.9731950485505403,0.024783784721221398,0.9998307740345198,0.009198531553466414,0.005202259927695925,0.01474458141768544
2,1.5,2.0,2000,16,1.044346159951228,0.0358253872205078,0.9996509093590193,0.013211560108114855,0.01145188611477114,0.021536533360914007
2,1.5,2.0,2000,17,0.9943415111732605,0.013699244522194244,0.9999451976797055,0.0052346117475180875,0.002968276544015543,0.008154156759184242
2,1.5,2.0,2000,18,1.0007138908101816,0.01122921732439737,0.9999589528360673,0.0045302960131035725,0.003960679377698332,0.006774940358898009
2,1.5,2.0,2000,19,1.001385356757776,0.004811665747928145,0.9999931569429319,0.0018497374230038333,6.004072010337005e-05,0.002839980147529307
2,1.5,2.0,2000,20,0.9754485117180196,0.02391805858209097,0.999834051835591,0.009109011044262242,0.004636705428224781,0.01421295316712259
2,1.5,2.0,2000,21,1.0127112153339355,0.012342569570926073,0.9999501362480095,0.004993182952310783,0.0012143220597961826,0.007297511534931799
2,1.5,2.0,2000,22,1.0141353050426523,0.030702460153896303,0.9997008021375977,0.012231064189232366,0.002864980645522365,0.018149453891595276
2,1.5,2.0,2000,23,1.0020329416414957,0.019409017454411148,0.9998951330739609,0.007241095429529463,0.007423799786802981,0.011757260749939852
2,1.5,2.0,2000,24,1.0146944187270435,0.0024311264720265654,0.9999984292626135,0.000886210298552158,0.0009513774918856824,0.0014742111048776012
2,1.5,2.0,2000,25,1.0185843615098178,0.021123192295772125,0.9998620280256977,0.008305780345707546,0.002301583151473928,0.012493900491267066
2,1.5,2.0,2000,26,0.9893408011539109,0.006926510314423471,0.9999872728269672,0.0025226150154991833,0.0004912397887573496,0.004091833255183314
2,1.5,2.0,2000,27,1.008365256357198,0.018813828678047047,0.9998956969479831,0.007221601346547002,0.006767958751040126,0.011363173849606034
2,1.5,2.0,2000,28,1.013003374577002,0.021955643287339663,0.9998712205671219,0.00802432031010172,0.006088263309956994,0.013138826947859563
2,1.5,2.0,2000,29,1.013492701997477,0.029514828102676128,0.9997525967656682,0.01112212287137042,0.013680791495585135,0.018077986584123056
2,1.5,2.0,2000,30,1.0092098981225766,0.014401796105400145,0.9999429094907517,0.005342775928688043,0.0061852850088895215,0.008778268699489155
2,1.5,2.0,2000,31,1.0212613497775347,0.03542413420163167,0.9996321688237206,0.013561548146862699,0.010468702249264541,0.021233197250501275
2,1.5,2.0,2000,32,0.9986209967388503,0.019233683256013323,0.9998973174019585,0.007165284294483581,0.005554646467798437,0.011523133730981528
2,1.5,2.0,2000,33,1.0084650941187223,0.02700088914596385,0.9997942354584985,0.010143089802948894,0.011994416045595375,0.016490739319446314
2,1.5,2.0,2000,34,1.0336854847328465,0.021069884304256475,0.9998584336281857,0.008413274386775683,0.006230465800993271,0.01263234524291579
2,1.5,2.0,2000,35,0.9529612445893992,0.03206018637928729,0.9996618609592126,0.013002673586370634,0.01498934582789595,0.019648408434051266
2,1.5,2.0,2000,36,0.9988058782169024,0.021115701049032355,0.999867149055387,0.008150182348051219,0.000592842617152869,0.012464509292437007
2,1.5,2.0,2000,37,1.023833405024131,0.03079603248010241,0.9997292487932772,0.011635102206744147,0.006123713995084862,0.018306691636446864
2,1.5,2.0,2000,38,0.9835010877474958,0.019316336157323505,0.9998815727508232,0.007695038959510605,0.004445496869847287,0.011509254543762443
2,1.5,2.0,2000,39,1.0072092532494734,0.02482560591256919,0.9998278707566254,0.009277102009103443,0.009430796348481114,0.015027734204833144
2,1.5,2.0,2000,40,0.990692630493662,0.006141319107594836,0.999988296423294,0.0024190469927267357,0.002279194256128555,0.0037142616414351953
2,1.5,2.0,2000,41,1.0110954207480345,0.0342519906410394,0.9996748707702209,0.01275008293657597,0.0033349807870689616,0.02025052867664139
2,1.5,2.0,2000,42,0.9501473879151339,0.04938147108122564,0.9992259776834613,0.01967259917421408,0.02367036213466388,0.03031108544846648
2,1.5,2.0,2000,43,0.9760052040042118,0.029195287526760042,0.9997300671225398,0.011617505701746354,0.00636423854314004,0.01737838504677225
2,1.5,2.0,2000,44,1.0129495810880387,0.029170832319345644,0.9997652927263463,0.010832988360872554,0.011361280917695988,0.01767951771934913
2,1.5,2.0,2000,45,0.9916201515637314,0.021972941592849425,0.9998523046615693,0.008593466658769552,0.009780638060369842,0.013422602110125909
2,1.5,2.0,2000,46,0.971513776669779,0.047358252576740166,0.9994176476515466,0.017063885085955636,0.014131245159605638,0.028393472858433334
2,1.5,2.0,2000,47,1.0005706886659027,0.015058214537162929,0.9999393109666079,0.005508585725576046,0.004714202668088137,0.009043434215190492
2,1.5,2.0,2000,48,1.0222993435687016,0.04323874543486528,0.999438386979062,0.01675728231155163,0.0027013821683094298,0.02553809459687013
2,1.5,2.0,2000,49,1.0141272291466448,0.02624862668067423,0.9998079590254748,0.009799004401600695,0.010060763416333853,0.015895968738192445
2,1.5,2.0,2000,50,0.9969138063153388,0.03811676562667245,0.9996132330103102,0.01390623942138557,0.011784155698491833,0.022887394296787572
2,1.5,2.0,2000,51,1.0416777696060062,0.01276304163510202,0.9999534060786849,0.004826692517403185,0.003057669781146322,0.007611080673995922
2,1.5,2.0,2000,52,0.9904584062184489,0.051367313422089195,0.9991307237720267,0.020847976256381913,0.018646214090596427,0.031021790642777276
2,1.5,2.0,2000,53,1.0267987659474627,0.025701843804315058,0.9998160835399961,0.009589485387753801,0.007484182982315335,0.015402452812234908
2,1.5,2.0,2000,54,1.0224384994833473,0.005898172434948117,0.9999898722261108,0.002250308188809643,0.00012858923516648172,0.0034814686124866935
2,1.5,2.0,2000,55,0.9640578689508861,0.04096362942007119,0.9995041132640375,0.0157462175769686,0.018513199298635458,0.02504248461095216
2,1.5,2.0,2000,56,1.0055501565707543,0.03205154734277655,0.999690617219501,0.012437499356762076,0.005144057516714505,0.01900492604867384
2,1.5,2.0,2000,57,1.0094169806138384,0.03244377707363368,0.9996678702386033,0.012886616340156141,0.00046523199295663676,0.019149401183995975
2,1.5,2.0,2000,58,1.0246053504678132,0.006697834723587799,0.9999872170391264,0.0025281377408655145,0.0012519554594463199,0.003978073118867737
2,1.5,2.0,2000,59,1.0030727424983201,0.06133053057070717,0.9989575200805717,0.022830680228897046,0.015206606216149046,0.03660444842450506
2,1.5,2.0,2000,60,0.9938640114906002,0.015474740992378243,0.9999342119118324,0.0057353329531752055,0.0039719696064218005,0.00924219006650821
2,1.5,2.0,2000,61,1.0156048202526187,0.019964082037726576,0.999879578893983,0.0077595459279813025,0.00871281530072312,0.012180119536934882
2,1.5,2.0,2000,62,0.9711316653061167,0.021820460974630446,0.9998743185212493,0.007927215108428401,0.008001203696769184,0.013186742934376815
2,1.5,2.0,2000,63,0.9938594193772238,0.009153235720837214,0.9999794761225098,0.0032034260948375077,0.0016301599788942863,0.005433365542370299
2,1.5,2.0,2000,64,1.0154755338812098,0.029689415288295974,0.9997512240144854,0.01115293650825999,0.009164223234997148,0.01782075469581381
2,1.5,2.0,2000,65,1.0314251445647793,0.02785281334062867,0.9997697959703902,0.010728560705188505,0.00874517420705268,0.016732480450635218
2,1.5,2.0,2000,66,1.0004019080349325,0.02938321774185175,0.9997853654634752,0.01035940482182606,0.010277165601076279,0.01771938127712403
2,1.5,2.0,2000,67,0.988505796504482,0.009066039769736635,0.9999786511605888,0.003267173044947772,0.0011699649529709668,0.005366995143191561
2,1.5,2.0,2000,68,1.0043362125056317,0.030649050860264527,0.999740786003601,0.011384506937042536,0.010204992910741627,0.018452595020693987
2,1.5,2.0,2000,69,1.019147712319263,0.01440326579111931,0.9999378527473554,0.005574372280562736,0.0012220377893518465,0.008512047134528303
2,1.5,2.0,2000,70,0.9764364175281263,0.01605763884552694,0.9999251032988545,0.00611950574578354,0.004483016754751864,0.0096109102674055
2,1.5,2.0,2000,71,0.9786042870403837,0.0359070784227027,0.9996364658234991,0.013482102515942878,0.009926929449703858,0.02148189812039861
2,1.5,2.0,2000,72,1.0029455870279793,0.009676711763526184,0.9999720248247577,0.003739998345081079,0.003098901082107798,0.005816810554022773
2,1.5,2.0,2000,73,1.007172438367424,0.03987862170753362,0.9995561551677259,0.014897060654270764,0.012698723565562366,0.023970299639263528
2,1.5,2.0,2000,74,1.0128030746242758,0.04225571302173488,0.9995202294086052,0.01548823087694041,0.007884902291770015,0.025097814861039174
2,1.5,2.0,2000,75,0.9978364666808041,0.015704205285060713,0.9999340731842259,0.005741376828517416,0.00459785599691218,0.009412312984061455
2,1.5,2.0,2000,76,1.036167035004463,0.02427731222272586,0.9998143244726784,0.009635235527003063,0.004342579963599948,0.014411937260252528
2,1.5,2.0,2000,77,1.03219832626232,0.05881912527897393,0.9990608514363932,0.021669662706267127,0.013696506309545704,0.03505932995601242
2,1.5,2.0,2000,78,0.9973899528789725,0.06136612043639817,0.9989044517503194,0.023404574869890532,0.017205029359620934,0.03673909615291712
2,1.5,2.0,2000,79,0.9728772248526814,0.026266133338574756,0.9998037397483008,0.009906065104248601,0.008854911506075487,0.015821192304836276
2,1.5,2.0,2000,80,0.9954683247082643,0.038831443490858486,0.9995764390080687,0.014552680026910483,0.018039709303125102,0.023784978655209444
2,1.5,2.0,2000,81,0.9916374214561089,0.026029276489052025,0.9998241680182467,0.009376352749159737,0.004710875768934786,0.01545336207457185
2,1.5,2.0,2000,82,1.0236913622017954,0.01898012158619673,0.9999006600357246,0.007047693391293833,0.005760482797597828,0.011388750023521752
2,1.5,2.0,2000,83,0.9910899582802746,0.07571391932916012,0.9982251249924189,0.0297898892879879,0.0003813404858534007,0.04468742384738158
2,1.5,2.0,2000,84,0.9488899802056538,0.017730825915203575,0.9999028379368164,0.006970009439864387,0.007479146914402808,0.010795099412438803
2,1.5,2.0,2000,85,1.0293519594897742,0.03440004415580231,0.9996325986734558,0.013553621776932557,0.011297530442935426,0.020700339257036345
2,1.5,2.0,2000,86,1.022868175459567,0.04052767865694395,0.9994614896848752,0.016408996238720566,0.017458538289726648,0.024699630448350385
2,1.5,2.0,2000,87,0.9843528806637657,0.013930421154762802,0.999941047219596,0.0054292163524781445,0.003080178602834659,0.008294255451788824
2,1.5,2.0,2000,88,0.9609237379633596,0.03865258133944799,0.9995864737704547,0.014379259882643847,0.012818607485249713,0.02325861513936616
2,1.5,2.0,2000,89,0.9766187139980932,0.02402703128323287,0.9998272853762445,0.009292863491825664,0.007855100919574734,0.014451353087333172
2,1.5,2.0,2000,90,0.992237447827887,0.02773582778347031,0.9997848464611662,0.0103719221659706,0.0070286657872307284,0.016560650675007314
2,1.5,2.0,2000,91,0.9508312023955163,0.0006927756205351471,0.9999998736546016,0.00025134179756273475,0.00022443913420150177,0.00041659345139151866
2,1.5,2.0,2000,92,1.016717969547356,0.024258076925090306,0.999806329196788,0.009840498036480683,0.007735128608777601,0.014580678156126957
2,1.5,2.0,2000,93,0.9918386959140496,0.03374691185011062,0.9996764024225803,0.012720015279466475,0.010221946625821892,0.02024348727293492
2,1.5,2.0,2000,94,0.9914593725126502,0.026535709658238194,0.9997718401662483,0.010680820046973603,0.011562659821986038,0.016186547497153238
2,1.5,2.0,2000,95,1.005893180575584,0.04740395296966687,0.9993640231495454,0.017832229956661907,0.023310133514200377,0.02915507507765211
2,1.5,2.0,2000,96,1.0247247666005614,0.010785834286343703,0.9999700902192242,0.00386715533536231,0.002074723466316012,0.006408407223405621
2,1.5,2.0,2000,97,1.0113620379595751,0.02342150880110666,0.9998308466502419,0.009196557773375502,0.010010772011945957,0.014270264009731958
2,1.5,2.0,2000,98,1.0175986226695475,0.05488276377960483,0.9990731310656134,0.02152752812548104,0.0042842164735342365,0.03242806028447524
2,1.5,2.0,2000,99,0.9835138907019921,0.01372462895702388,0.9999452772858245,0.0052308084545051765,0.004820092796567114,0.008278843559162601
2,1.5,2.0,10000,0,0.9825579126358932,0.011591933036980619,0.9999605598126236,0.004440731210980202,0.00411388594360555,0.006995622869455359
2,1.5,2.0,10000,1,1.0115986494910887,0.0015807271996729274,0.9999993094428904,0.0005876040799698096,0.00021503437159163112,0.0009360887058451594
2,1.5,2.0,10000,2,1.008008213043957,0.017015276868858738,0.9999265513594957,0.006060059426450559,0.005208875512193453,0.010212576460340454
2,1.5,2.0,10000,3,0.993183811395469,0.013550861810622974,0.9999435004385617,0.005315052278121188,0.0009024960984987196,0.00800430729315879
2,1.5,2.0,10000,4,1.0077134238789869,0.01660757083984058,0.9999257206185165,0.006094234221107428,0.0073012698230993794,0.010137514838145569
2,1.5,2.0,10000,5,0.9843373344066954,0.012121293490704366,0.99995483596797,0.004752053873327769,0.0030240997235663086,0.007234196070091152
2,1.5,2.0,10000,6,1.0107586011359275,0.012234321071902816,0.999957395373542,0.00461544290713011,0.00017528100055702478,0.00722110451665812
2,1.5,2.0,10000,7,0.9992030317199853,0.017845173681038676,0.9999090768631499,0.006742519441947202,0.005850428047683012,0.010736729301832724
2,1.5,2.0,10000,8,1.0029780709200993,0.006837412395756158,0.9999867835923595,0.00257064268623718,0.0003112983612367812,0.004037034625724846
2,1.5,2.0,10000,9,1.0140189672160036,0.020686168532599497,0.9998887970443523,0.0074566398480709496,0.005947206060938894,0.012391753650499403
2,1.5,2.0,10000,10,0.971558419609768,0.006786397628371215,0.9999863662786521,0.002610911847216775,0.0018195173971919897,0.004057192292644092
2,1.5,2.0,10000,11,1.0054264202964922,0.0091419631303786,0.9999775170000309,0.003352834619324399,0.0018816639339973786,0.00543704325862276
2,1.5,2.0,10000,12,0.9937985736792541,0.011237510234108246,0.9999656832230277,0.004142268519325634,0.001537360954789454,0.006654943713004807
2,1.5,2.0,10000,13,0.9985913774957303,0.01922680678508872,0.9998972251005056,0.007168504010408518,0.006996343812161191,0.011615476414478488
2,1.5,2.0,10000,14,1.0039378799560057,0.019180202840987093,0.9998977261413797,0.007151008971474577,0.007381159222527482,0.011622255462702909
2,1.5,2.0,10000,15,0.99188983936985,0.008978964872667848,0.9999743933190691,0.0035781755777751605,0.002923467017856493,0.005400124561774062
2,1.5,2.0,10000,16,1.0104979035009802,0.010873689584478641,0.999966294583475,0.00410520502076585,0.00028538488995770444,0.006418577171234652
2,1.5,2.0,10000,17,0.993632886079952,0.008205485584975032,0.9999803830932017,0.00313184504711949,0.0034859535141210864,0.004998460619033116
2,1.5,2.0,10000,18,0.9942987943103647,0.008019998776293544,0.9999823197375863,0.0029732358141919225,0.0033248056513141317,0.004878339788168689
2,1.5,2.0,10000,19,0.9921428617312672,0.00449858686254247,0.9999935212089401,0.0017998320838273837,0.0017118938929519512,0.00272383169837033
2,1.5,2.0,10000,20,1.0057267682512578,0.016776258500605393,0.9999228439879959,0.006211119544982169,0.004914520054419117,0.010055062566131723
2,1.5,2.0,10000,21,1.007261557816352,0.005689284095555326,0.9999915412696434,0.0020565420439036977,0.0021539414663347676,0.00344419513238609
2,1.5,2.0,10000,22,1.0091024632766703,0.025354382243534403,0.9998032381429359,0.009918716072759508,0.006359818260755814,0.015135119649673968
2,1.5,2.0,10000,23,0.9906848742005666,0.014800754752952908,0.9999278266142833,0.006007220060756413,0.002314400033732322,0.008774135930215246
2,1.5,2.0,10000,24,1.0097788282752398,0.005051833669707816,0.9999935853231409,0.0017909043608124783,0.0020644336606349405,0.0030707542094400076
2,1.5,2.0,10000,25,1.0072324881073618,0.011899553150584012,0.9999577115131596,0.004598287009333167,0.004597667059822686,0.007211575666086124
2,1.5,2.0,10000,26,1.000728496451817,0.003012621056710618,0.9999977507846984,0.0010604752004471603,0.0007641776342222464,0.0017986919212558401
2,1.5,2.0,10000,27,0.9825587829600955,0.014843698907436262,0.9999330432085418,0.005786051825654291,0.006460203856843566,0.009055132665082493
2,1.5,2.0,10000,28,0.9818342310470407,0.01008683094384589,0.9999695096888948,0.0039045045207565733,0.003618574086602679,0.00609025613854197
2,1.5,2.0,10000,29,1.0144154576530489,0.013679992565102526,0.9999414002402284,0.005412936345998814,0.0030408663480268215,0.008145904545185089
2,1.5,2.0,10000,30,1.0046717820482671,0.010636951778926491,0.9999698038410849,0.0038856247190866755,0.0023184531072888764,0.006331783885176634
2,1.5,2.0,10000,31,1.0033223987226745,0.007680738824729126,0.9999822882376113,0.002975883262898541,0.002781149956474983,0.00463951054903769
2,1.5,2.0,10000,32,1.0133840693611411,0.017120579313853846,0.9999198625574128,0.006329985884149505,0.0063750106860722645,0.010357033327374853
2,1.5,2.0,10000,33,1.0139271853649514,0.010160451500244009,0.999970640166405,0.0038314379542777693,0.0035648956521566765,0.006128784488304979
2,1.5,2.0,10000,34,1.0074645275120895,0.013316142349659475,0.9999431924177127,0.005329520723634743,0.005198958331112329,0.008074577123751269
2,1.5,2.0,10000,35,0.9906186976904318,0.009776298834243849,0.9999711203114914,0.0037999795070850534,0.002819472091985212,0.005856234468988128
2,1.5,2.0,10000,36,0.9878545471887971,0.007363590725589723,0.9999838079380626,0.0028453525209912595,0.0025334940258175446,0.004438165575688255
2,1.5,2.0,10000,37,1.0032002958729223,0.006010981391548122,0.999988492247349,0.002398723895213272,0.0004135570941791983,0.003550791933015619
2,1.5,2.0,10000,38,1.0112044115136005,0.009414351124359902,0.9999751244832211,0.003526720628206197,0.0011514195774373357,0.005571490698920618
2,1.5,2.0,10000,39,1.0158580378808455,0.005971006244294928,0.999989943941191,0.002242326783616903,0.0010035713691125862,0.0035421747266562447
2,1.5,2.0,10000,40,1.006453135967351,0.0071635849076775,0.999985343941034,0.00270703333615434,0.0015383768322489344,0.004263280840270038
2,1.5,2.0,10000,41,1.0189289700995963,0.006503433536787625,0.9999894689872096,0.002294669125424387,0.0005173226318969588,0.0038428034388398443
2,1.5,2.0,10000,42,0.9781516955796178,0.025807964294572487,0.9997997544680305,0.010006136416456398,0.011553921138751458,0.015770529130493885
2,1.5,2.0,10000,43,0.9876900799067059,0.0028779010381522942,0.9999974942362418,0.0011193220622669976,0.0006250795772948942,0.0017130283160295345
2,1.5,2.0,10000,44,1.0123880266320877,0.00178111885660681,0.9999990537812202,0.0006878294773042656,0.0005696732144472211,0.001070565475006083
2,1.5,2.0,10000,45,0.9951928010886164,0.01149130629531829,0.9999641128998296,0.004235982776779746,0.003206286326774937,0.006877626104211866
2,1.5,2.0,10000,46,0.9991448754025131,0.014840152359616434,0.9999385900971963,0.005541204869143945,0.006491308856881731,0.009055893559738407
2,1.5,2.0,10000,47,0.998632971118964,0.004438396734378886,0.9999941289655522,0.0017133351172340025,0.0014515696595667367,0.002669844778799539
2,1.5,2.0,10000,48,1.004438661746055,0.004007452131198697,0.9999956401560685,0.0014764558800651475,0.0014901951454261914,0.002423889734465014
2,1.5,2.0,10000,49,1.0112433698832595,0.003119726499177273,0.9999972651838605,0.001169362249173603,0.0013144106720868322,0.0018995665619660753
2,1.5,2.0,10000,50,1.002267644027847,0.008877643326991013,0.9999771301349331,0.0033815577081364205,0.0004114864354695116,0.005241726040361085
2,1.5,2.0,10000,51,1.0088306120389805,0.0065552740071353885,0.999986703923696,0.0025783789775691633,0.0006423442511953513,0.00387573054628476
2,1.5,2.0,10000,52,1.003731568551807,0.013754652913590838,0.999943563773433,0.005312072409476576,0.0047432729767263515,0.008290623535399225
2,1.5,2.0,10000,53,1.0187292191763029,0.01924589869784163,0.9998997048587701,0.0070814949420968335,0.006648517444073632,0.011603704044959435
2,1.5,2.0,10000,54,1.0152422892443682,0.005732043507657188,0.9999897734324581,0.002261257121808082,0.0020478204877905507,0.0034606540600539003
2,1.5,2.0,10000,55,0.986422717123045,0.02104048665323646,0.9998741420934721,0.007932777146998663,0.00925378265689706,0.012843043227155742
2,1.5,2.0,10000,56,1.0005141711872598,0.013279543522628381,0.9999466753660853,0.005163556618977431,0.0013727650282812326,0.007852889962462153
2,1.5,2.0,10000,57,0.9913119976111036,0.006743454811466163,0.9999875198782031,0.0024980113887723655,0.0006628844954930252,0.00398702641441814
2,1.5,2.0,10000,58,0.9921663012097802,0.006245265977193458,0.9999875239336138,0.0024976054918907434,0.002583038829093171,0.0037983750747585844
2,1.5,2.0,10000,59,1.0037061703086092,0.02382376471386602,0.9998465890251271,0.008758166899328623,0.005400492198784097,0.014192059502304798
2,1.5,2.0,10000,60,1.0071630235234328,0.006232284427013597,0.999988295406038,0.0024191521202644815,0.0017089090818120487,0.0037282432675062507
2,1.5,2.0,10000,61,1.0051785623093281,0.006165993746066581,0.9999901700797433,0.002216970935381301,0.002404003345403547,0.0037383929915876294
2,1.5,2.0,10000,62,1.0021215052425099,0.013384306798599614,0.9999442189222558,0.005281149389298569,0.0009006476223815662,0.007906057972688254
2,1.5,2.0,10000,63,0.9968222983266892,0.00845144917180755,0.9999780631344048,0.003311862436386844,0.0018057925339986266,0.005029323325725867
2,1.5,2.0,10000,64,1.001496378862861,0.005951730388391301,0.9999892228419278,0.0023213313068367737,0.002334246978568967,0.0036092168111576087
2,1.5,2.0,10000,65,1.0091536214401964,0.007760349148115045,0.9999841298376377,0.0028169276137559383,0.001893088196610784,0.004629479328631197
2,1.5,2.0,10000,66,1.0055062824606407,0.003193933687261176,0.9999972297211173,0.0011769194710598541,0.0011841460999014169,0.0019315497775214646
2,1.5,2.0,10000,67,0.9954368881543539,0.013237077320212669,0.9999508721944931,0.004956198417484127,0.00453788154119283,0.007976753102702435
2,1.5,2.0,10000,68,1.0052944522453686,0.014021413557952162,0.9999431958962042,0.005329357550206527,0.005151886002939855,0.008476623513683874
2,1.5,2.0,10000,69,1.011793617169146,0.008302214696174622,0.9999779921989258,0.00331721276632213,0.0035237651604735107,0.005057090970195277
2,1.5,2.0,10000,70,1.0183126595646135,0.01607397878031007,0.9999313597501186,0.005858338069853927,0.0031865995124866664,0.009554591022460184
2,1.5,2.0,10000,71,0.9945944330272505,0.021050169991603907,0.9998742803431594,0.007928419036624139,0.005311393314797791,0.012565976877107565
2,1.5,2.0,10000,72,1.0205433913420927,0.009901918851588127,0.9999698699853968,0.0038813666796093755,0.0019132298847852375,0.0058837146434388395
2,1.5,2.0,10000,73,1.0024808734460344,0.026283311703816137,0.9997926307239299,0.010182565395570348,0.008982032001052503,0.015840275635492822
2,1.5,2.0,10000,74,0.9884296676107603,0.010098799488533127,0.9999715826934402,0.003769436732445073,0.004304493863728696,0.006152906035554733
2,1.5,2.0,10000,75,1.0056961940763625,0.006152656425307552,0.9999895277637403,0.002288256569937496,0.0022950837705156203,0.0037220291449998368
2,1.5,2.0,10000,76,0.9926257110584745,0.015264464424841355,0.9999339035787143,0.005748757312923334,0.0036636596807268205,0.009103164154180872
2,1.5,2.0,10000,77,1.0226855723249986,0.019286608960204493,0.9998988704275709,0.007110892082899387,0.007414133326117601,0.01168609734363016
2,1.5,2.0,10000,78,1.0133605153380876,0.013252216797325318,0.9999451090445248,0.00523884316787836,0.004625834896833259,0.007993205905633006
2,1.5,2.0,10000,79,0.9920759023499156,0.009273727361892586,0.9999739099102212,0.0036117924759605257,0.0036912049444001193,0.005628969689606922
2,1.5,2.0,10000,80,1.0203563692784021,0.008776464136197171,0.9999804950279058,0.0031228970599678487,0.0019468398003398956,0.0052260537172410864
2,1.5,2.0,10000,81,0.9905654845019873,0.024558898080672253,0.9998358657970362,0.009059089439999179,0.004409103885032318,0.014579071404538103
2,1.5,2.0,10000,82,1.0095426802315721,0.018588748294946777,0.999901047104853,0.0070339496425217895,0.0005114714471367847,0.01097279625669332
2,1.5,2.0,10000,83,1.0051032846921277,0.0313358443091493,0.9997531544179377,0.011109581046610613,0.0032942227603065797,0.018531684302407165
2,1.5,2.0,10000,84,0.9954533337472441,0.004229519833412885,0.9999951884257221,0.0015510600049458007,0.0017377040808531131,0.0025714587176135385
2,1.5,2.0,10000,85,1.0187141335539542,0.017874377213909207,0.9999074853104803,0.006801275230411112,0.006731765325778313,0.010819102501630155
2,1.5,2.0,10000,86,1.000707672702908,0.014733435334373244,0.9999328395276107,0.005794845657534165,0.005118090483943139,0.008883216632060327
2,1.5,2.0,10000,87,0.9960707805928328,0.003002672546512247,0.9999974589973802,0.0011271651653059344,0.0012437180157143825,0.0018264457751916477
2,1.5,2.0,10000,88,0.9938665549505082,0.013768325364421694,0.9999429901693653,0.005338999467817405,0.00587522485264524,0.008388869087638457
2,1.5,2.0,10000,89,1.0084469963628975,0.013372527389339299,0.9999501164113294,0.004994176041681569,0.004039512929114916,0.008022580064732516
2,1.5,2.0,10000,90,1.0082637374782975,0.0017072455883667369,0.9999991115332346,0.0006665083515342747,0.0007138871565206931,0.001039068059263635
2,1.5,2.0,10000,91,0.998213294564005,0.0057139438695287615,0.999990741435383,0.0021515767029157214,8.718529502370334e-05,0.0033725771449344415
2,1.5,2.0,10000,92,1.0060521666391418,0.009905401110987372,0.9999732585210226,0.0036566021780823806,0.0034871489371267623,0.00597580811430387
2,1.5,2.0,10000,93,0.98601042864388,0.01711202685448181,0.9999218923838298,0.006249304608122116,0.0032781328210722623,0.010166497152981773
2,1.5,2.0,10000,94,0.9981860165962216,0.01649350906797954,0.9999258760459369,0.006087854879308225,0.006962801315774363,0.01004240381993413
2,1.5,2.0,10000,95,0.9941549202823526,0.01710660520547214,0.999909388660396,0.006730948655428995,0.003169225469683241,0.010158972519705376
2,1.5,2.0,10000,96,1.001564981594627,0.011807114587800272,0.9999547480297495,0.004756677950559177,0.002118982742712322,0.007009192976293775
2,1.5,2.0,10000,97,1.000171248777796,0.012441479806343275,0.9999575597036978,0.0046065332030863,0.005025198637851074,0.007556244450359754
2,1.5,2.0,10000,98,1.0058270151132254,0.00789641430861813,0.9999826789578012,0.0029428763309695427,0.0032974219643752637,0.00480522448250766
2,1.5,2.0,10000,99,0.9999768844245386,0.013603239412264904,0.9999505906341389,0.004970380561946782,0.004261606763048009,0.008170919614697375
2,1.5,4.0,500,0,0.9201565105949273,0.09208719707131059,0.9973701127319664,0.03626215153595836,0.0029658446521226484,0.08709038546956704
2,1.5,4.0,500,1,1.0101512481318382,0.03094967974829116,0.9997110027791329,0.012020757481685525,0.0142355433987716,0.03405868202638191
2,1.5,4.0,500,2,0.9303220753374175,0.07202481669788967,0.9984347102622733,0.027975790763861773,0.019380423540721715,0.0720740877775123
2,1.5,4.0,500,3,1.034998790831627,0.04170222165766123,0.9995366613032761,0.015220688169789586,0.014584385908157325,0.043325188057237556
2,1.5,4.0,500,4,1.0083369128716975,0.04343305586624539,0.9994428299714138,0.016690866193613794,0.013665372153108934,0.04437252182664334
2,1.5,4.0,500,5,1.0643551900512025,0.06448746801218948,0.9987726086747353,0.024772881597268755,0.02528761167231319,0.06832816745739642
2,1.5,4.0,500,6,0.9973585208652279,0.03110669241235991,0.9997093724212913,0.012054616931049944,0.0081043734892144,0.031045224585536896
2,1.5,4.0,500,7,0.951793041267665,0.027134580672261897,0.9997798400931865,0.01049189941844332,0.0124646620514045,0.029853858677193833
2,1.5,4.0,500,8,1.020332123177976,0.0582319304009206,0.9990345034444648,0.02197153335039683,0.01873559634956337,0.059697151412418256
2,1.5,4.0,500,9,0.9623327771477802,0.08060900946538599,0.9980352231984804,0.03134307580247654,0.029184941195427163,0.08409203470349708
2,1.5,4.0,500,10,1.0180398378934015,0.047020442001903216,0.9993578954658067,0.017917931440227464,0.01126752503334485,0.04653157793120669
2,1.5,4.0,500,11,1.0464866828566946,0.05810859591646101,0.9990551196145376,0.02173568937786835,0.015368623165496052,0.058048668339907544
2,1.5,4.0,500,12,0.9417272489321437,0.05950637719951397,0.9990104894270948,0.022243095253418596,0.013124160230549521,0.05848628104637828
2,1.5,4.0,500,13,0.9716397733876433,0.10808894070954465,0.9965020581049524,0.04182069998844806,0.06086466768686625,0.1259233740945423
2,1.5,4.0,500,14,1.0568575520141763,0.04334199229352045,0.9993856293069344,0.017526703812548762,0.014913618096648106,0.04490473703442831
2,1.5,4.0,500,15,0.9584232732709721,0.03009975787998174,0.9997184067511081,0.011865775341120165,0.00593101525744636,0.029360518411889774
2,1.5,4.0,500,16,0.995187632638729,0.07491470005141408,0.9984082510213568,0.028211247567621524,0.01958570300704613,0.07481145775563443
2,1.5,4.0,500,17,0.9321285734939386,0.0407763685807724,0.999567762725333,0.014700974026692543,0.006196729983049962,0.03927503573155825
2,1.5,4.0,500,18,0.9297334879126534,0.08947121298259031,0.9975974479215222,0.03465942929765219,0.04811352424069694,0.10277866497758167
2,1.5,4.0,500,19,0.9791403224623958,0.08865171991235228,0.9977068423315603,0.033861170006658156,0.04721027384215187,0.10152707355434747
2,1.5,4.0,500,20,1.0276996665678586,0.05517648501042121,0.9990319036585661,0.022001094761782733,0.018091635641471093,0.05672763949417212
2,1.5,4.0,500,21,1.0439880794607748,0.030035536997974007,0.9997433057984811,0.011329037945008162,0.0011722758957252281,0.02841749188861133
2,1.5,4.0,500,22,0.924448264767571,0.029724075568832165,0.99972355618307,0.011756781382037671,0.013380501531209309,0.032530133406581827
2,1.5,4.0,500,23,1.0057017780958923,0.044655172087629154,0.9994178752729143,0.017060549919123334,0.01888378690798237,0.04811776039738779
2,1.5,4.0,500,24,1.0183433222649836,0.057460618454930855,0.9989610182233374,0.02279234275653416,0.016866966472762073,0.058094996857693364
2,1.5,4.0,500,25,0.9877669202269093,0.036795128803428896,0.999606107116239,0.014033760788916655,0.016663259336497854,0.04032156067237491
2,1.5,4.0,500,26,0.9734391380729382,0.06170032735677836,0.9988877238877658,0.02358257950515796,0.021818379462984563,0.06412325419795104
2,1.5,4.0,500,27,1.04268164811961,0.02544772922246975,0.9998150722668695,0.009615813359527088,0.010712985529305366,0.027406233828365777
2,1.5,4.0,500,28,1.0730492915363048,0.05248874077441852,0.999229570837085,0.019626884150510213,0.016581699956674214,0.05366038665613644
2,1.5,4.0,500,29,1.0418541473718763,0.025355924357904954,0.9998062218240161,0.009843225487202664,0.009422972485153688,0.026606208570756025
2,1.5,4.0,500,30,0.9724934003650733,0.08112771472992214,0.9982280182925872,0.029765598494006347,0.023360388214443095,0.08192232814465775
2,1.5,4.0,500,31,1.0644465466338273,0.013352719977157687,0.9999532352730856,0.004835531352108835,0.0036372197672437066,0.0133889649510236
2,1.5,4.0,500,32,1.0457403274261086,0.017939258957678342,0.9999034081451512,0.0069495271367468045,0.007238289993639544,0.01914177743216663
2,1.5,4.0,500,33,1.0317035301805686,0.02662400273262741,0.9997981088494392,0.010047167525245126,0.008109286820159954,0.02707159699879632
2,1.5,4.0,500,34,1.0909295377592945,0.017504485967943437,0.9999137652994476,0.006566380302435203,0.002848539117551428,0.0169080882365906
2,1.5,4.0,500,35,0.9801757773266634,0.05406780759625534,0.9991230294974409,0.02094003942879553,0.014390143604517843,0.05404968985873784
2,1.5,4.0,500,36,0.9745105780349896,0.01765486088930163,0.9999152766135413,0.0065085861160006885,0.0010111552690630875,0.016728621899981765
2,1.5,4.0,500,37,1.0678236850878198,0.10127026028174509,0.9972539279366428,0.03705450082889487,0.013327284092894414,0.09709304757893503
2,1.5,4.0,500,38,1.0564803269191394,0.06022618657764598,0.9988874485704746,0.023585497975719818,0.018436795789292165,0.06122407686355625
2,1.5,4.0,500,39,1.0061039484591825,0.06589433671859674,0.9988531009326251,0.023946806335865926,0.010693415531074387,0.06364578194932337
2,1.5,4.0,500,40,0.9364354822041079,0.04932911115886768,0.9993032164531882,0.01866525578195822,0.01939168985888744,0.052311554997133525
2,1.5,4.0,500,41,0.9381939137765606,0.07542149835129507,0.9984419478485422,0.027911038599967377,0.03347124257330292,0.0821322983374593
2,1.5,4.0,500,42,0.9539528693627948,0.04410070307285072,0.999455338764696,0.016502442778327717,0.0038554765803799646,0.04194087140980245
2,1.5,4.0,500,43,0.9687254257952501,0.030565475065844897,0.9997190913646801,0.01185134244125656,0.0023900941228134267,0.029030824115001675
2,1.5,4.0,500,44,1.0300236379664245,0.026737680111110062,0.9998413286459196,0.008907057709492067,0.00527374879902079,0.026082892443278344
2,1.5,4.0,500,45,0.995386047093428,0.03984600305528898,0.9994654925577268,0.016347896535537077,0.0002345801346844312,0.03765198331431856
2,1.5,4.0,500,46,0.9403020866779086,0.003264501364444911,0.9999971225422861,0.0011994702401412487,0.0013215841946525757,0.0034869626433735664
2,1.5,4.0,500,47,0.8951672322965228,0.08973024276288787,0.9974609124482048,0.03563065780893744,0.050117685155164265,0.10436184057506878
2,1.5,4.0,500,48,0.9866021248120914,0.050319320396714926,0.9992819079931234,0.018948509266911714,0.01169877273963614,0.0496901235700398
2,1.5,4.0,500,49,1.009819669452939,0.041919182664922394,0.9994907755485398,0.01595657311988235,0.008367919833290143,0.04093158066731009
2,1.5,4.0,500,50,0.9649527417633603,0.04596337194701568,0.9993935894775667,0.017412790161736802,0.02024097604874095,0.05000377194940039
2,1.5,4.0,500,51,0.9305501541875933,0.09743072403425904,0.9968256619655416,0.03983928986853608,0.033917963117085385,0.1009239280691444
2,1.5,4.0,500,52,1.0381886295952767,0.04977726125716467,0.9993007336496731,0.018698480557613348,0.01674996831160196,0.05138550159089394
2,1.5,4.0,500,53,1.022236829247971,0.06706266377780352,0.9988017973395823,0.02447654653354631,0.018413589459735306,0.06732895982649316
2,1.5,4.0,500,54,1.0907501267176267,0.06218528620791031,0.9989182625625311,0.02325658441677196,0.016195056279063882,0.06207049575443519
2,1.5,4.0,500,55,0.9920256019940239,0.05216549918071072,0.9992061892997295,0.01992248353331583,0.017695136750109277,0.0538475928280529
2,1.5,4.0,500,56,1.0287030145092344,0.019378818629615657,0.9998870552977491,0.00751480878834743,0.007377852134413436,0.0204459575688939
2,1.5,4.0,500,57,1.0889841874595014,0.07625011455322545,0.9983509183187151,0.028714819181781228,0.016819706195859194,0.07498416456402159
2,1.5,4.0,500,58,0.9563456725714667,0.07083590612621758,0.9987877684025142,0.02461941913902282,0.006293423275786878,0.06738113529419684
2,1.5,4.0,500,59,1.034518839272818,0.07137515087681218,0.9984531935585913,0.027810128023875204,0.02166234825725482,0.07256733836703413
2,1.5,4.0,500,60,1.0337083141114753,0.02947261428565461,0.999735661874575,0.011496480448925232,0.01277810814487463,0.03195757617931239
2,1.5,4.0,500,61,1.0254219984304294,0.04167643517964984,0.9994894080077181,0.01597798473340308,0.012414096245278484,0.04225596682648517
2,1.5,4.0,500,62,0.9769274550292868,0.08007931238633388,0.9981343103243263,0.03054250870241091,0.008080047654541423,0.07631504009295798
2,1.5,4.0,500,63,0.9290600994854339,0.07015226535047263,0.9987378292421358,0.025121412757488602,0.00281245059489609,0.06637790934114064
2,1.5,4.0,500,64,0.9888794389853366,0.032587071217539926,0.9996917250420362,0.012415211596339026,0.010668019217823106,0.033486857537067205
2,1.5,4.0,500,65,0.9938695839318274,0.07209846621910644,0.9985873220661915,0.026577038339593528,0.010080125955631219,0.06924032459098822
2,1.5,4.0,500,66,1.0469921243596783,0.03157557037146787,0.999724086794255,0.011745492874825434,0.012368624319294013,0.03347324507297995
2,1.5,4.0,500,67,0.9764049739599558,0.0642611238705181,0.9988057759235065,0.02443587604827676,0.018005875475346454,0.06460165819824489
2,1.5,4.0,500,68,0.9409877014635656,0.05682548900792824,0.9990852661549661,0.021386138560220442,0.02114082580806557,0.05960391153069305
2,1.5,4.0,500,69,1.0309713346088674,0.035099952993565824,0.9996820024558356,0.01260947152271705,0.003428388600489022,0.03343398540408494
2,1.5,4.0,500,70,1.0464210423464262,0.08502499517527394,0.9977446390987543,0.03358095368840556,0.021591260018796885,0.08465879787756157
2,1.5,4.0,500,71,0.9972784548148602,0.019752719223310986,0.9998970217755458,0.00717559142002069,0.008239973887001255,0.021231677135417657
2,1.5,4.0,500,72,1.0506119095010074,0.03999154354050393,0.9995222726146293,0.01545521571138294,0.003300281839224841,0.03800564775030809
2,1.5,4.0,500,73,1.0603824174546725,0.030859571405075212,0.9997053054034187,0.012138669543678496,0.00487409737499178,0.0297714522266355
2,1.5,4.0,500,74,1.020812333668978,0.04465195180174588,0.9994726857282905,0.016237522466643003,0.0057712519455140705,0.04278717424399283
2,1.5,4.0,500,75,1.0029166839701211,0.05476586379955446,0.9990741633778053,0.021515536504985926,0.022123235455554512,0.05840159985958805
2,1.5,4.0,500,76,1.1193970152518848,0.020682120180331866,0.9998915915461419,0.007362351997086657,0.00789703033846892,0.02183417048588531
2,1.5,4.0,500,77,1.0096302465922133,0.06877967938763115,0.9986142961094893,0.026322080944624918,0.03617868036206375,0.07854118337024721
2,1.5,4.0,500,78,1.0082783093555643,0.013448568286537253,0.9999534215284184,0.004825892227433548,0.0006710544288401538,0.012734499970521413
2,1.5,4.0,500,79,1.0509257688191231,0.03343609990912019,0.999683529523802,0.01257915887883514,0.011018828499609435,0.034395181737687214
2,1.5,4.0,500,80,0.9298181377553011,0.052356205837584116,0.9991695841389663,0.020376651602185308,0.01728465911522895,0.05381360626340856
2,1.5,4.0,500,81,0.9972944430840783,0.08837658122632462,0.9976210794804667,0.03448855259019515,0.03652946870171308,0.09463048220388806
2,1.5,4.0,500,82,1.0012100533879216,0.06259868210161952,0.998893171941941,0.023524753538124676,0.019286858147647187,0.06368982812966992
2,1.5,4.0,500,83,0.995143802698369,0.0395032632088183,0.9995332925777213,0.015275919322232764,0.013060789383892725,0.04061959714583337
2,1.5,4.0,500,84,0.9539356122890683,0.030118170083485035,0.999725399864646,0.011717511155402814,0.013856220321504985,0.033146484259287075
2,1.5,4.0,500,85,0.9709487254844728,0.06927753605430619,0.9984526236546316,0.02781525072121814,0.0169028963518413,0.06865793383468535
2,1.5,4.0,500,86,1.0043730530885613,0.05941936797966551,0.9989943686755034,0.022423551508364736,0.010897251621783972,0.05771616231357341
2,1.5,4.0,500,87,1.0202340092643543,0.022418703455755137,0.9998559725921157,0.008486088848353524,0.008509842550492691,0.02364056169744793
2,1.5,4.0,500,88,1.0532731019068542,0.06401328134210008,0.9986869766229418,0.02562248404290875,0.012792774966749174,0.06251296686313683
2,1.5,4.0,500,89,0.9842412628917808,0.014129483236339948,0.9999357313119748,0.005668716257899712,0.006186597343345499,0.015363799935846629
2,1.5,4.0,500,90,1.0364160984134405,0.0925139235455599,0.9971249529183202,0.037914687666390015,0.05202908837227978,0.10783166488372006
2,1.5,4.0,500,91,0.9656482158395122,0.021250057271314623,0.999865873834392,0.008189205260831084,0.004961989042037296,0.02098526602165683
2,1.5,4.0,500,92,0.9983372574318895,0.09854442945845188,0.9967708468623799,0.040181793996908986,0.04965469826971307,0.11092695378279678
2,1.5,4.0,500,93,1.0051153943363351,0.023235089890048053,0.9998574091758192,0.008443661059658466,0.000901477280295191,0.021983062484884033
2,1.5,4.0,500,94,0.9663767419622399,0.11115190748557431,0.9966599586066965,0.04086588671069928,0.02120820211591671,0.10824789138736042
2,1.5,4.0,500,95,0.9915749369878962,0.0871235121059965,0.9977136401374401,0.03381094395724481,0.0011320470677076869,0.08233563432456063
2,1.5,4.0,500,96,0.9978665730155123,0.021151528891196817,0.9998614605987253,0.00832284210094912,0.007259223557226142,0.021885586263031075
2,1.5,4.0,500,97,0.9520502148549331,0.07287520961083298,0.9983143977465294,0.029031037300367164,0.033775519235677315,0.0802424907533054
2,1.5,4.0,500,98,1.0447477863221244,0.04100893993010995,0.9995088877535208,0.015670230478191462,0.0102663001245242,0.04074715947531835
2,1.5,4.0,500,99,1.0506178313732746,0.018824609468656443,0.9998888322745807,0.007455458584801663,0.007819655586973267,0.020215190093284652
2,1.5,4.0,2000,0,0.9754485117180199,0.023918058582090913,0.999834051835591,0.009109011044262219,0.004636705428225144,0.02331119936497122
2,1.5,4.0,2000,1,1.0127112153339355,0.01234256957092625,0.9999501362480094,0.004993182952310856,0.0012143220597960014,0.011758032261778724
2,1.5,4.0,2000,2,1.0141353050426523,0.030702460153896275,0.9997008021375977,0.012231064189232354,0.0028649806455225465,0.029224207169107168
2,1.5,4.0,2000,3,1.0020329416414957,0.019409017454411148,0.9998951330739609,0.00724109542952946,0.007423799786802981,0.020496794366055553
2,1.5,4.0,2000,4,1.0146944187270437,0.0024311264720264826,0.9999984292626134,0.0008862102985521322,0.0009513774918860451,0.0025785057925645275
2,1.5,4.0,2000,5,1.0185843615098178,0.02112319229577227,0.9998620280256977,0.008305780345707605,0.002301583151473928,0.020159266229010552
2,1.5,4.0,2000,6,0.9893408011539109,0.006926510314423305,0.9999872728269672,0.002522615015499124,0.0004912397887577121,0.006572797666477946
2,1.5,4.0,2000,7,1.008365256357198,0.018813828678047113,0.9998956969479831,0.007221601346547028,0.006767958751039945,0.0196376494082435
2,1.5,4.0,2000,8,1.013003374577002,0.021955643287339836,0.9998712205671217,0.008024320310101779,0.006088263309956812,0.022061398321445495
2,1.5,4.0,2000,9,1.0134927019974769,0.029514828102676124,0.9997525967656683,0.011122122871370425,0.013680791495584956,0.03254728845612154
2,1.5,4.0,2000,10,1.0092098981225766,0.014401796105400114,0.9999429094907517,0.005342775928688024,0.006185285008889522,0.015587134456861157
2,1.5,4.0,2000,11,1.0212613497775347,0.035424134201631916,0.9996321688237206,0.0135615481468628,0.010468702249264002,0.035854188286800676
2,1.5,4.0,2000,12,0.9986209967388503,0.019233683256013323,0.9998973174019585,0.007165284294483582,0.005554646467798801,0.019420451700780408
2,1.5,4.0,2000,13,1.0084650941187216,0.02700088914596421,0.9997942354584985,0.010143089802949036,0.011994416045595558,0.02945385738969813
2,1.5,4.0,2000,14,1.0336854847328465,0.021069884304256343,0.9998584336281857,0.00841327438677563,0.006230465800993271,0.021338784899168396
2,1.5,4.0,2000,15,0.9529612445893996,0.03206018637928693,0.9996618609592126,0.013002673586370486,0.01498934582789541,0.03543254854502751
2,1.5,4.0,2000,16,0.9988058782169024,0.021115701049032355,0.9998671490553871,0.008150182348051217,0.0005928426171528691,0.019965770469219737
2,1.5,4.0,2000,17,1.023833405024131,0.03079603248010241,0.9997292487932773,0.011635102206744146,0.006123713995085225,0.03006222698889649
2,1.5,4.0,2000,18,0.9835010877474958,0.019316336157323487,0.9998815727508232,0.007695038959510582,0.0044454968698469256,0.019052797420118412
2,1.5,4.0,2000,19,1.0072092532494736,0.024825605912569215,0.9998278707566254,0.009277102009103446,0.009430796348481114,0.02616012279799254
2,1.5,4.0,2000,20,0.990692630493662,0.0061413191075948064,0.999988296423294,0.002419046992726732,0.0022791942561281925,0.006446057345815168
2,1.5,4.0,2000,21,1.0110954207480345,0.034251990641039426,0.9996748707702208,0.012750082936575981,0.003334980787069143,0.03262378029597041
2,1.5,4.0,2000,22,0.950147387915134,0.04938147108122541,0.9992259776834613,0.01967259917421399,0.023670362134663343,0.05491413679217139
2,1.5,4.0,2000,23,0.9760052040042118,0.029195287526759983,0.9997300671225396,0.011617505701746328,0.006364238543139861,0.028673795238509072
2,1.5,4.0,2000,24,1.012949581088039,0.029170832319345818,0.9997652927263464,0.010832988360872627,0.011361280917695988,0.030889373290702724
2,1.5,4.0,2000,25,0.9916201515637314,0.021972941592849505,0.9998523046615693,0.008593466658769588,0.00978063806036966,0.023984698339990063
2,1.5,4.0,2000,26,0.9715137766697787,0.04735825257674017,0.9994176476515466,0.017063885085955643,0.014131245159605458,0.04798684645732476
2,1.5,4.0,2000,27,1.000570688665903,0.015058214537162735,0.9999393109666079,0.0055085857255759655,0.004714202668087955,0.015363502058915316
2,1.5,4.0,2000,28,1.0222993435687018,0.043238745434865354,0.999438386979062,0.016757282311551658,0.0027013821683101553,0.040991887458525736
2,1.5,4.0,2000,29,1.0141272291466445,0.02624862668067396,0.9998079590254748,0.009799004401600586,0.01006076341633349,0.02770749370404546
2,1.5,4.0,2000,30,0.9969138063153385,0.03811676562667246,0.9996132330103102,0.013906239421385578,0.011784155698491651,0.038841874521938775
2,1.5,4.0,2000,31,1.0416777696060062,0.012763041635102076,0.9999534060786849,0.004826692517403201,0.003057669781146685,0.012634217975979044
2,1.5,4.0,2000,32,0.9904584062184489,0.0513673134220892,0.9991307237720266,0.020847976256381916,0.01864621409059607,0.05364145162511272
2,1.5,4.0,2000,33,1.0267987659474624,0.02570184380431505,0.9998160835399961,0.009589485387753798,0.007484182982315155,0.02597967993326473
2,1.5,4.0,2000,34,1.0224384994833473,0.005898172434948113,0.9999898722261108,0.002250308188809646,0.00012858923516684433,0.005575487221431178
2,1.5,4.0,2000,35,0.9640578689508864,0.04096362942007117,0.9995041132640375,0.015746217576968594,0.018513199298635277,0.04486041102077459
2,1.5,4.0,2000,36,1.005550156570754,0.03205154734277635,0.9996906172195011,0.012437499356761993,0.005144057516713963,0.030938692342431868
2,1.5,4.0,2000,37,1.0094169806138384,0.03244377707363377,0.9996678702386033,0.01288661634015618,0.00046523199295663676,0.030661787823736467
2,1.5,4.0,2000,38,1.024605350467813,0.00669783472358781,0.9999872170391264,0.002528137740865518,0.0012519554594461388,0.006513596873203247
2,1.5,4.0,2000,39,1.00307274249832,0.06133053057070722,0.9989575200805718,0.022830680228897067,0.015206606216149048,0.060917814630657374
2,1.5,4.0,2000,40,0.9938640114905998,0.015474740992378055,0.9999342119118324,0.005735332953175124,0.003971969606421438,0.015419173166521777
2,1.5,4.0,2000,41,1.015604820252619,0.019964082037726587,0.9998795788939832,0.007759545927981315,0.00871281530072294,0.02168741557426359
2,1.5,4.0,2000,42,0.9711316653061165,0.021820460974630664,0.9998743185212493,0.00792721510842848,0.008001203696769002,0.022840675964465512
2,1.5,4.0,2000,43,0.9938594193772237,0.00915323572083727,0.9999794761225098,0.003203426094837531,0.0016301599788942863,0.008878801653470231
2,1.5,4.0,2000,44,1.0154755338812098,0.029689415288295887,0.9997512240144855,0.01115293650825996,0.009164223234997148,0.030226329976205946
2,1.5,4.0,2000,45,1.0314251445647793,0.027852813340628654,0.9997697959703902,0.010728560705188496,0.00874517420705268,0.02844238823728996
2,1.5,4.0,2000,46,1.0004019080349325,0.02938321774185175,0.9997853654634751,0.010359404821826058,0.010277165601076098,0.030496135373834977
2,1.5,4.0,2000,47,0.9885057965044819,0.009066039769736604,0.9999786511605887,0.003267173044947764,0.0011699649529707857,0.008686687740223565
2,1.5,4.0,2000,48,1.0043362125056317,0.030649050860264475,0.999740786003601,0.011384506937042509,0.010204992910741626,0.031578554086241585
2,1.5,4.0,2000,49,1.0191477123192627,0.014403265791119342,0.9999378527473555,0.005574372280562755,0.0012220377893516654,0.01369258254952051
2,1.5,4.0,2000,50,0.976436417528126,0.01605763884552706,0.9999251032988545,0.006119505745783589,0.0044830167547518646,0.01614701694574432
2,1.5,4.0,2000,51,0.9786042870403837,0.0359070784227027,0.9996364658234992,0.01348210251594288,0.00992692944970368,0.03605097579093941
2,1.5,4.0,2000,52,1.0029455870279793,0.00967671176352594,0.9999720248247576,0.003739998345080991,0.0030989010821076165,0.009908230467951829
2,1.5,4.0,2000,53,1.0071724383674243,0.03987862170753352,0.9995561551677259,0.014897060654270726,0.012698723565562186,0.040811557589819775
2,1.5,4.0,2000,54,1.0128030746242755,0.04225571302173486,0.9995202294086052,0.015488230876940408,0.007884902291769651,0.04109415134135018
2,1.5,4.0,2000,55,0.9978364666808035,0.015704205285060713,0.9999340731842259,0.005741376828517421,0.004597855996912362,0.0158835762528372
2,1.5,4.0,2000,56,1.0361670350044625,0.024277312222725753,0.9998143244726784,0.009635235527003023,0.004342579963599585,0.02355542853821769
2,1.5,4.0,2000,57,1.03219832626232,0.05881912527897393,0.9990608514363931,0.021669662706267124,0.013696506309545704,0.05809330191330637
2,1.5,4.0,2000,58,0.9973899528789721,0.0613661204363981,0.9989044517503194,0.02340457486989051,0.017205029359620934,0.061758067906244093
2,1.5,4.0,2000,59,0.9728772248526815,0.026266133338574797,0.9998037397483008,0.00990606510424862,0.00885491150607567,0.02711542011266387
2,1.5,4.0,2000,60,0.9954683247082643,0.038831443490858486,0.9995764390080686,0.014552680026910481,0.018039709303124925,0.04283354832851263
2,1.5,4.0,2000,61,0.991637421456109,0.026029276489051824,0.9998241680182466,0.009376352749159666,0.004710875768934424,0.02526780811155704
2,1.5,4.0,2000,62,1.023691362201795,0.018980121586196688,0.9999006600357246,0.007047693391293815,0.005760482797597465,0.01928845936777537
2,1.5,4.0,2000,63,0.9910899582802746,0.07571391932916012,0.9982251249924189,0.0297898892879879,0.00038134048585358206,0.07154435838184661
2,1.5,4.0,2000,64,0.9488899802056538,0.017730825915203575,0.9999028379368164,0.0069700094398643855,0.007479146914402808,0.019107834612412052
2,1.5,4.0,2000,65,1.0293519594897738,0.03440004415580251,0.9996325986734558,0.013553621776932635,0.011297530442935792,0.035368130176898736
2,1.5,4.0,2000,66,1.022868175459567,0.04052767865694392,0.9994614896848752,0.016408996238720552,0.017458538289726648,0.04386414227967734
2,1.5,4.0,2000,67,0.9843528806637658,0.013930421154762906,0.999941047219596,0.005429216352478184,0.0030801786028344783,0.01369717586336149
2,1.5,4.0,2000,68,0.9609237379633597,0.038652581339447885,0.9995864737704547,0.014379259882643805,0.012818607485249352,0.03976421731490575
2,1.5,4.0,2000,69,0.9766187139980932,0.02402703128323287,0.9998272853762445,0.009292863491825664,0.007855100919574915,0.024668458360252717
2,1.5,4.0,2000,70,0.992237447827887,0.027735827783470307,0.9997848464611662,0.010371922165970599,0.0070286657872307284,0.027602956317946896
2,1.5,4.0,2000,71,0.9508312023955163,0.0006927756205351471,0.9999998736546016,0.0002513417975627311,0.00022443913420168313,0.0007105078177261083
2,1.5,4.0,2000,72,1.0167179695473556,0.02425807692509008,0.999806329196788,0.009840498036480594,0.007735128608777602,0.024826577693331787
2,1.5,4.0,2000,73,0.9918386959140499,0.03374691185011059,0.9996764024225803,0.012720015279466465,0.010221946625821711,0.034267609960796065
2,1.5,4.0,2000,74,0.99145937251265,0.026535709658238163,0.9997718401662483,0.010680820046973585,0.01156265982198604,0.028810163352051728
2,1.5,4.0,2000,75,1.0058931805755837,0.04740395296966695,0.9993640231495455,0.017832229956661935,0.023310133514200738,0.05309925767526119
2,1.5,4.0,2000,76,1.0247247666005614,0.010785834286343722,0.9999700902192243,0.0038671553353623158,0.002074723466316012,0.010506314440264251
2,1.5,4.0,2000,77,1.0113620379595751,0.02342150880110666,0.999830846650242,0.009196557773375502,0.010010772011945777,0.025314484561875752
2,1.5,4.0,2000,78,1.0175986226695475,0.05488276377960479,0.9990731310656134,0.02152752812548102,0.004284216473533875,0.052125906770101066
2,1.5,4.0,2000,79,0.9835138907019924,0.0137246289570238,0.9999452772858246,0.005230808454505142,0.004820092796567114,0.014257964522728038
2,1.5,4.0,2000,80,0.9989493408256587,0.024101519935336373,0.9998151767495131,0.00961309654811557,0.009361377333586723,0.02550998446897651
2,1.5,4.0,2000,81,1.0185926327481705,0.025076136194485264,0.99983948406943,0.008958681001407138,0.007924570125113661,0.025615958717993343
2,1.5,4.0,2000,82,0.9674336028784924,0.03405478163064155,0.9996528577647532,0.01317463918380419,0.013991338085762773,0.03646740643180936
2,1.5,4.0,2000,83,0.976239686588483,0.00815511023870018,0.9999819086192039,0.003007605425929585,0.002902411961596243,0.008492428950459112
2,1.5,4.0,2000,84,0.9612343336802979,0.043165542743639894,0.9994026497710373,0.017282219605170155,0.018546219937021782,0.04668686451237924
2,1.5,4.0,2000,85,1.009028422927704,0.027613907672117383,0.9997677828010352,0.010775370039233767,0.008071906025464882,0.0279125713419963
2,1.5,4.0,2000,86,0.9815375537578476,0.029100813717100705,0.9997152724476673,0.011931629233526177,0.013404949223104578,0.03203838746735093
2,1.5,4.0,2000,87,1.0213041919938157,0.015424559729861512,0.9999364680350847,0.005636131870143804,4.785749444492875e-05,0.014574935837858814
2,1.5,4.0,2000,88,1.0246522670673266,0.05984601187712898,0.9989748859058681,0.022639722769194282,0.00014634952937369258,0.05654936656979304
2,1.5,4.0,2000,89,0.9919039073932981,0.0094251195589226,0.9999732397733607,0.003657883721454806,0.003748748989343626,0.010028027477164723
2,1.5,4.0,2000,90,1.046408435146973,0.00770634355384632,0.999984116011919,0.002818154367758871,0.0008527436337103484,0.007357007027462753
2,1.5,4.0,2000,91,0.9562244030344383,0.039492244125632577,0.9995442349427057,0.015095778504176984,0.008625510471477721,0.0387906056479807
2,1.5,4.0,2000,92,1.0332517485276556,0.009224719183055216,0.9999770724196947,0.0033858219316223763,0.003175848817394863,0.009553957587068446
2,1.5,4.0,2000,93,0.9881494211400561,0.025934077809076875,0.9997950782082248,0.010122296966975787,0.011352728328725716,0.028188961208407682
2,1.5,4.0,2000,94,1.0539941443209242,0.04204830486704397,0.9995158455737819,0.015558830711496904,0.0040345689383306,0.040041425085247474
2,1.5,4.0,2000,95,0.988487334065137,0.0037313110882935385,0.9999965578427037,0.0013118988711405244,0.001134493534942337,0.003792009707606151
2,1.5,4.0,2000,96,1.006587579669637,0.02787310684453379,0.999809460570747,0.009760620606626625,0.006885713575687692,0.02767149313024265
2,1.5,4.0,2000,97,0.9960350573563322,0.009515722450807831,0.9999708462854955,0.0038179650669205962,0.0009981447794399408,0.009074984627333008
2,1.5,4.0,2000,98,0.9350890341833474,0.02200735864193602,0.9998611936680408,0.008330856257288759,0.0070305907591095155,0.02251744332423764
2,1.5,4.0,2000,99,0.985388140337874,0.0436940470817222,0.9993447313866867,0.01810067144214979,0.020747883704760606,0.04847388344943916
2,1.5,4.0,10000,0,1.0057267682512576,0.016776258500605382,0.9999228439879959,0.006211119544982183,0.004914520054419299,0.016969258296951912
2,1.5,4.0,10000,1,1.007261557816352,0.005689284095555326,0.9999915412696434,0.0020565420439036977,0.0021539414663347676,0.005994532814650328
2,1.5,4.0,10000,2,1.0091024632766703,0.025354382243534396,0.999803238142936,0.009918716072759508,0.006359818260755633,0.025207384366745283
2,1.5,4.0,10000,3,0.9906848742005665,0.014800754752952871,0.9999278266142833,0.006007220060756397,0.002314400033732503,0.014272159501765719
2,1.5,4.0,10000,4,1.0097788282752396,0.005051833669707708,0.9999935853231409,0.0017909043608124416,0.002064433660635122,0.005408173505640193
2,1.5,4.0,10000,5,1.007232488107362,0.011899553150583974,0.9999577115131596,0.0045982870093331536,0.004597667059823048,0.012590313452949699
2,1.5,4.0,10000,6,1.000728496451817,0.0030126210567105135,0.9999977507846984,0.0010604752004471254,0.0007641776342220652,0.0029979376951417853
2,1.5,4.0,10000,7,0.9825587829600956,0.014843698907435943,0.9999330432085417,0.005786051825654161,0.006460203856843385,0.016116408041569896
2,1.5,4.0,10000,8,0.9818342310470404,0.010086830943845824,0.9999695096888948,0.0039045045207565525,0.0036185740866028593,0.010518578774296836
2,1.5,4.0,10000,9,1.0144154576530486,0.013679992565102406,0.9999414002402283,0.005412936345998766,0.0030408663480264594,0.013456426384898123
2,1.5,4.0,10000,10,1.0046717820482671,0.010636951778926524,0.9999698038410849,0.003885624719086695,0.0023184531072886956,0.010447683495965856
2,1.5,4.0,10000,11,1.0033223987226745,0.007680738824729126,0.9999822882376113,0.00297588326289854,0.0027811499564746214,0.008023244551741625
2,1.5,4.0,10000,12,1.0133840693611411,0.017120579313853846,0.9999198625574128,0.006329985884149503,0.006375010686072448,0.017984776130852673
2,1.5,4.0,10000,13,1.0139271853649519,0.010160451500243901,0.999970640166405,0.003831437954277727,0.0035648956521563144,0.01055409369340956
2,1.5,4.0,10000,14,1.0074645275120901,0.013316142349659851,0.9999431924177127,0.005329520723634887,0.005198958331112691,0.014119582244619929
2,1.5,4.0,10000,15,0.990618697690432,0.009776298834243786,0.9999711203114914,0.003799979507085026,0.002819472091985031,0.009867088417898394
2,1.5,4.0,10000,16,0.9878545471887975,0.007363590725589344,0.9999838079380625,0.002845352520991102,0.0025334940258171824,0.0076238241867929435
2,1.5,4.0,10000,17,1.0032002958729218,0.006010981391548217,0.9999884922473491,0.0023987238952133125,0.0004135570941793797,0.005702589183844912
2,1.5,4.0,10000,18,1.011204411513601,0.009414351124359788,0.9999751244832211,0.00352672062820615,0.0011514195774371546,0.009007809468154078
2,1.5,4.0,10000,19,1.015858037880846,0.005971006244295034,0.999989943941191,0.0022423267836169406,0.0010035713691127675,0.005775733993941969
2,1.5,4.0,10000,20,1.006453135967351,0.007163584907677328,0.999985343941034,0.00270703333615426,0.0015383768322489344,0.007028927869441355
2,1.5,4.0,10000,21,1.0189289700995965,0.0065034335367875305,0.9999894689872096,0.002294669125424355,0.0005173226318973214,0.006178059708315817
2,1.5,4.0,10000,22,0.9781516955796178,0.025807964294572487,0.9997997544680305,0.010006136416456401,0.01155392113875146,0.028208371272166372
2,1.5,4.0,10000,23,0.9876900799067059,0.0028779010381522942,0.9999974942362418,0.0011193220622669954,0.0006250795772945318,0.0028260462863030212
2,1.5,4.0,10000,24,1.012388026632088,0.00178111885660668,0.9999990537812202,0.0006878294773042076,0.0005696732144474024,0.0018232291627163376
2,1.5,4.0,10000,25,0.9951928010886165,0.011491306295318455,0.9999641128998296,0.0042359827767798055,0.0032062863267747557,0.011554071730515285
2,1.5,4.0,10000,26,0.9991448754025132,0.014840152359616264,0.9999385900971962,0.005541204869143887,0.0064913088568815495,0.016132324042727988
2,1.5,4.0,10000,27,0.9986329711189637,0.004438396734378956,0.9999941289655521,0.0017133351172340318,0.0014515696595667367,0.004558276385958352
2,1.5,4.0,10000,28,1.004438661746055,0.004007452131198697,0.9999956401560683,0.001476455880065144,0.0014901951454261919,0.004207727298582583
2,1.5,4.0,10000,29,1.0112433698832597,0.003119726499176969,0.9999972651838603,0.0011693622491734906,0.0013144106720868322,0.0033622985426332865
2,1.5,4.0,10000,30,1.0022676440278468,0.008877643326990937,0.9999771301349332,0.0033815577081363923,0.0004114864354695116,0.008403841105243977
2,1.5,4.0,10000,31,1.0088306120389805,0.006555274007135305,0.999986703923696,0.002578378977569125,0.0006423442511958952,0.006244401499979556
2,1.5,4.0,10000,32,1.003731568551807,0.013754652913590838,0.999943563773433,0.005312072409476588,0.004743272976726171,0.014244906727721333
2,1.5,4.0,10000,33,1.0187292191763024,0.019245898697841626,0.9998997048587701,0.007081494942096831,0.0066485174440736325,0.019946947718870994
2,1.5,4.0,10000,34,1.0152422892443682,0.005732043507657224,0.9999897734324581,0.002261257121808097,0.0020478204877907324,0.005974450079750256
2,1.5,4.0,10000,35,0.986422717123045,0.02104048665323646,0.9998741420934723,0.007932777146998663,0.009253782656897242,0.022899220987573275
2,1.5,4.0,10000,36,1.0005141711872594,0.013279543522628253,0.9999466753660853,0.005163556618977374,0.001372765028281233,0.012661118370895109
2,1.5,4.0,10000,37,0.9913119976111037,0.006743454811466143,0.9999875198782031,0.00249801138877236,0.0006628844954930252,0.00642395313980659
2,1.5,4.0,10000,38,0.9921663012097802,0.006245265977193458,0.9999875239336138,0.002497605491890743,0.00258303882909299,0.006702052325028181
2,1.5,4.0,10000,39,1.0037061703086092,0.02382376471386602,0.999846589025127,0.008758166899328622,0.00540049219878428,0.023474361451401575
2,1.5,4.0,10000,40,1.0071630235234328,0.006232284427013597,0.9999882954060382,0.0024191521202644806,0.00170890908181223,0.006253536475449855
2,1.5,4.0,10000,41,1.0051785623093281,0.006165993746066581,0.9999901700797433,0.0022169709353813028,0.0024040033454037287,0.006535260536618342
2,1.5,4.0,10000,42,1.0021215052425096,0.013384306798599636,0.9999442189222558,0.005281149389298577,0.0009006476223815662,0.012695463392677424
2,1.5,4.0,10000,43,0.9968222983266892,0.008451449171807625,0.9999780631344048,0.003311862436386874,0.0018057925339989894,0.008289591862276752
2,1.5,4.0,10000,44,1.001496378862861,0.005951730388391301,0.9999892228419278,0.0023213313068367733,0.002334246978568967,0.006314364751006284
2,1.5,4.0,10000,45,1.0091536214401964,0.0077603491481151084,0.9999841298376377,0.0028169276137559648,0.0018930881966111469,0.0076943849175636694
2,1.5,4.0,10000,46,1.00550628246064,0.0031939336872612665,0.9999972297211174,0.0011769194710598938,0.0011841460999015981,0.0033516093738273824
2,1.5,4.0,10000,47,0.9954368881543537,0.013237077320212773,0.9999508721944931,0.004956198417484178,0.004537881541192468,0.013695495780544152
2,1.5,4.0,10000,48,1.0052944522453688,0.014021413557952419,0.9999431958962041,0.005329357550206627,0.005151886002939854,0.014691367904868182
2,1.5,4.0,10000,49,1.011793617169146,0.008302214696174622,0.9999779921989258,0.00331721276632213,0.00352376516047333,0.00896194709230025
2,1.5,4.0,10000,50,1.0183126595646135,0.01607397878031007,0.9999313597501186,0.005858338069853923,0.0031865995124870294,0.015687348611214534
2,1.5,4.0,10000,51,0.9945944330272505,0.021050169991603907,0.9998742803431593,0.00792841903662414,0.005311393314797611,0.020934377563037405
2,1.5,4.0,10000,52,1.0205433913420925,0.009901918851588119,0.9999698699853967,0.0038813666796093673,0.0019132298847852375,0.0096484196896076
2,1.5,4.0,10000,53,1.002480873446034,0.02628331170381608,0.99979263072393,0.010182565395570322,0.008982032001052503,0.02719389809716016
2,1.5,4.0,10000,54,0.9884296676107605,0.010098799488533134,0.9999715826934402,0.0037694367324450787,0.004304493863729057,0.01091163057802786
2,1.5,4.0,10000,55,1.0056961940763625,0.00615265642530753,0.9999895277637403,0.0022882565699374907,0.0022950837705159833,0.006464238157615292
2,1.5,4.0,10000,56,0.9926257110584747,0.015264464424841426,0.9999339035787143,0.005748757312923359,0.0036636596807266384,0.015113049686150409
2,1.5,4.0,10000,57,1.0226855723249983,0.019286608960204555,0.9998988704275708,0.007110892082899408,0.007414133326117601,0.020388013430266996
2,1.5,4.0,10000,58,1.0133605153380874,0.013252216797325347,0.9999451090445248,0.005238843167878368,0.004625834896833441,0.01375816875154154
2,1.5,4.0,10000,59,0.9920759023499154,0.009273727361892706,0.9999739099102212,0.00361179247596057,0.0036912049444008453,0.009872245866966778
2,1.5,4.0,10000,60,1.020356369278402,0.008776464136196998,0.9999804950279056,0.0031228970599677937,0.0019468398003400773,0.00863246837456283
2,1.5,4.0,10000,61,0.9905654845019876,0.024558898080672173,0.9998358657970362,0.00905908943999915,0.0044091038850325,0.02383053769689539
2,1.5,4.0,10000,62,1.009542680231572,0.018588748294946802,0.999901047104853,0.007033949642521802,0.000511471447136966,0.01757596179660556
2,1.5,4.0,10000,63,1.0051032846921277,0.0313358443091493,0.9997531544179376,0.011109581046610612,0.003294222760306399,0.029885327212362672
2,1.5,4.0,10000,64,0.9954533337472435,0.004229519833413057,0.9999951884257221,0.0015510600049458596,0.0017377040808531131,0.004532323122565872
2,1.5,4.0,10000,65,1.0187141335539542,0.01787437721390934,0.9999074853104803,0.006801275230411155,0.006731765325778678,0.018818082995678134
2,1.5,4.0,10000,66,1.000707672702908,0.014733435334373244,0.9999328395276108,0.005794845657534156,0.00511809048394332,0.015277148545405838
2,1.5,4.0,10000,67,0.9960707805928328,0.003002672546512247,0.9999974589973801,0.0011271651653059342,0.0012437180157142014,0.0032235895528342027
2,1.5,4.0,10000,68,0.9938665549505085,0.013768325364421895,0.9999429901693653,0.0053389994678174875,0.0058752248526450605,0.014879087025507172
2,1.5,4.0,10000,69,1.0084469963628977,0.013372527389339304,0.9999501164113296,0.004994176041681573,0.004039512929115097,0.013580414885490994
2,1.5,4.0,10000,70,1.0082637374782975,0.0017072455883666686,0.9999991115332346,0.0006665083515342492,0.0007138871565210557,0.001836858764385416
2,1.5,4.0,10000,71,0.998213294564005,0.0057139438695287615,0.999990741435383,0.0021515767029157227,8.718529502352206e-05,0.005400227320131947
2,1.5,4.0,10000,72,1.0060521666391415,0.009905401110987507,0.9999732585210226,0.0036566021780824274,0.0034871489371265814,0.01029520116557153
2,1.5,4.0,10000,73,0.9860104286438801,0.01711202685448187,0.9999218923838299,0.006249304608122134,0.0032781328210722623,0.016664239615054564
2,1.5,4.0,10000,74,0.9981860165962216,0.01649350906797954,0.9999258760459369,0.006087854879308226,0.006962801315774182,0.017778260067396415
2,1.5,4.0,10000,75,0.9941549202823526,0.01710660520547217,0.999909388660396,0.006730948655429015,0.0031692254696834223,0.01662739490876497
2,1.5,4.0,10000,76,1.001564981594627,0.011807114587800222,0.9999547480297494,0.004756677950559164,0.002118982742712503,0.01145708515852907
2,1.5,4.0,10000,77,1.000171248777796,0.012441479806343275,0.9999575597036978,0.004606533203086301,0.005025198637850712,0.013280046496980752
2,1.5,4.0,10000,78,1.005827015113225,0.00789641430861812,0.9999826789578012,0.002942876330969545,0.003297421964375083,0.008492040562477753
2,1.5,4.0,10000,79,0.9999768844245386,0.013603239412264904,0.9999505906341388,0.004970380561946783,0.00426160676304819,0.013884712747218891
2,1.5,4.0,10000,80,0.9891517547702362,0.02362503586784105,0.9998323763485766,0.009154879885159744,0.009902334616348202,0.025419005911593965
2,1.5,4.0,10000,81,1.0132104801769266,0.01679142982591386,0.9999165663442677,0.006458856544784108,0.0015770172127382966,0.015984737670920856
2,1.5,4.0,10000,82,1.0011367748841788,0.010853191015817148,0.9999660476404679,0.0041202159853617314,0.003682835783653478,0.011210592121126782
2,1.5,4.0,10000,83,0.9947458843399302,0.014830719351331022,0.9999354238080438,0.005682261519688945,0.00633036658868416,0.016027827289880173
2,1.5,4.0,10000,84,0.9998615624947141,0.009054735705261503,0.9999790270690345,0.003238281254424322,7.489570025640353e-05,0.008556404501507383
2,1.5,4.0,10000,85,0.9989795974535289,0.013249353816022233,0.9999487854030911,0.005060365446734564,0.0005375703961394483,0.012536907507261547
2,1.5,4.0,10000,86,0.9956566319624205,0.012976646422765081,0.9999528831847735,0.004853700404146151,0.005602380676229363,0.014062697282986834
2,1.5,4.0,10000,87,1.0047784393550472,0.010503954704262412,0.9999666629227715,0.004082712164022349,0.0009515997170824956,0.009994113101325626
2,1.5,4.0,10000,88,1.0096863503796971,0.002727081262378893,0.9999977416065884,0.0010626366762977058,0.0009566908430664201,0.0028332113776609884
2,1.5,4.0,10000,89,1.0039654456227312,0.005899987264452673,0.9999899058728179,0.002246567068007592,0.00247362171215281,0.006351129331183923
2,1.5,4.0,10000,90,1.0100925820976034,0.012545858390397515,0.9999532246451224,0.004836080793251492,0.003781664584973995,0.012737124587292563
2,1.5,4.0,10000,91,1.0091471287265343,0.012160870407021535,0.9999554346308899,0.004720453850545188,0.004774315669643658,0.01290292073415267
2,1.5,4.0,10000,92,0.9853046473621269,0.0019220134997397895,0.9999989684069177,0.0007181897667996802,0.00043755000423904893,0.0018942667888549728
2,1.5,4.0,10000,93,1.0171152385766038,0.007191899348756871,0.9999858198858202,0.0026627161113909462,0.0018820116831577821,0.0071799190578801875
2,1.5,4.0,10000,94,1.0129361465199889,0.010052806905970204,0.9999702270354403,0.003858300439292178,0.0011691763732881847,0.009607422038111052
2,1.5,4.0,10000,95,0.9889227972633363,0.01349082412901127,0.9999460665810563,0.005192948052103451,0.005898020004968985,0.014664176654479437
2,1.5,4.0,10000,96,1.0093558131776958,0.015824349220207867,0.9999334561179429,0.005768183512037178,0.005656164199652869,0.016497506561727736
2,1.5,4.0,10000,97,1.0014434473602227,0.005453121592079025,0.9999923794519262,0.0019519923249994584,0.00041016762334509496,0.005177380641698092
2,1.5,4.0,10000,98,0.9946418250767266,0.004908775324910216,0.9999932005512309,0.001843834153210405,0.0010252264472028515,0.0048069870237574626
2,1.5,4.0,10000,99,0.990104002561982,0.019541161755881366,0.9998948892170486,0.007249509740368705,0.008077951857708569,0.020961436335973183
2,3.0,0.5,500,0,0.9633133830710847,0.06088277760134393,0.9977078249328606,0.03385391459742371,0.025653171673128684,0.016673626052972748
2,3.0,0.5,500,1,1.0016886038074253,0.0329441373540011,0.9994365316508278,0.016784938921131677,0.0057716320698338345,0.00900291320926335
2,3.0,0.5,500,2,0.9384223684034867,0.02641658044980283,0.9996559695159547,0.01311545813239674,0.0028447811720058525,0.007217134885116915
2,3.0,0.5,500,3,1.036753719801382,0.03592519464366129,0.9992296488983395,0.01962588980989834,0.036463526996418666,0.009960812754896863
2,3.0,0.5,500,4,0.9925231321125494,0.021145258084075958,0.9997211281550367,0.011808298881787145,0.025350394029971003,0.00588975981824544
2,3.0,0.5,500,5,1.0205433928441414,0.034635830805862015,0.9993718847396333,0.017721671201761286,0.007571932310710089,0.009467580930318813
2,3.0,0.5,500,6,0.9543892761464216,0.02068839383689103,0.9997094391743945,0.012053232462820413,0.025797933825031864,0.005771466310792556
2,3.0,0.5,500,7,1.004445784486295,0.032166134862780596,0.999480219292953,0.016121115145157038,0.003587039649265073,0.008788054432441425
2,3.0,0.5,500,8,0.9268281621235275,0.0021483956760556893,0.9999970322608411,0.0012181418552252555,0.0023180329984121006,0.0005964464286416128
2,3.0,0.5,500,9,0.9658660839428785,0.030058811674260562,0.9994715850434402,0.016254460258029305,0.028897718178880445,0.008314811710539728
2,3.0,0.5,500,10,1.0225370667404632,0.03726549622037459,0.9992364087776979,0.01953959086447302,0.008816061988666853,0.010187588847379189
2,3.0,0.5,500,11,0.9505222553323343,0.0643844289490512,0.9977328447276109,0.03366864470385689,0.008948781319727536,0.017592022364199007
2,3.0,0.5,500,12,0.9878933287434971,0.031244480361666344,0.9993971723332238,0.017361273956369678,0.01182009321569534,0.008551848753375686
2,3.0,0.5,500,13,1.0130197975617157,0.021103158900505115,0.9996952387986857,0.012344253750517785,0.027028043617597496,0.005900654587400081
2,3.0,0.5,500,14,1.0031751627969077,0.005720736324507939,0.9999793768721896,0.0032111623915988285,0.007549361024480208,0.0016010943962039034
2,3.0,0.5,500,15,0.9934761929137903,0.020648736280785528,0.9997375390540955,0.011455586975455219,0.024326634093519425,0.005753009379480254
2,3.0,0.5,500,16,0.9470197164132326,0.06708346607272415,0.9966514508388126,0.04091790049102878,0.04399399435392658,0.018431204117608024
2,3.0,0.5,500,17,1.0217183205342275,0.028557790795252374,0.9994822987706569,0.016088835093678762,0.013907121222084387,0.00782740169722235
2,3.0,0.5,500,18,1.0179522436944435,0.07678088941083057,0.996820324860076,0.039872767272437666,0.07265954746253386,0.021257334392611342
2,3.0,0.5,500,19,0.9237584267744993,0.01581753621012894,0.9998247361853935,0.009361191553603989,0.017208549013819102,0.0043914585913463755
2,3.0,0.5,500,20,0.9912739053921397,0.05124739691743327,0.9985112156135341,0.0272835516975512,0.05038864613862495,0.01419890957689512
2,3.0,0.5,500,21,1.0168193395685847,0.04101371351567505,0.9989060865064117,0.023387106422005196,0.004955825174623548,0.011205634506130187
2,3.0,0.5,500,22,1.0009622883872475,0.017466221855392934,0.9998089986941255,0.009772443549965395,0.0165946883827843,0.00483276827892886
2,3.0,0.5,500,23,1.0076738718781393,0.06261890645613721,0.9980442224330801,0.03127121333527028,0.008274896674544107,0.01710924711164906
2,3.0,0.5,500,24,0.9586930160230609,0.02833050905384533,0.9995241659683343,0.015424558853750676,0.030796544566743016,0.007863567747788737
2,3.0,0.5,500,25,1.0058803107153718,0.017362809960180654,0.9998099160124341,0.009748948342409858,0.021160033402854633,0.00483968723529177
2,3.0,0.5,500,26,1.0273150210702395,0.052576752769818325,0.9984432684608038,0.027899207329207067,0.06360003096133991,0.01467547716232256
2,3.0,0.5,500,27,1.0266578302394773,0.011946529747706356,0.9999184646661302,0.006384956298587314,0.014535135866519675,0.0033320975999486468
2,3.0,0.5,500,28,0.9851062396271822,0.05883062811228603,0.9981410572260854,0.030487233179764192,0.06425241315424642,0.016356968527130127
2,3.0,0.5,500,29,0.9999390200974759,0.017019497725878612,0.9998275728409991,0.009285126789682328,0.00030600619015348025,0.004649066114144854
2,3.0,0.5,500,30,1.0137242608194565,0.028494781061419235,0.9994813928815974,0.01610290530312138,0.03939244589728591,0.007983961623323238
2,3.0,0.5,500,31,1.0654088581412393,0.022022478873224477,0.9997175862478496,0.011883049948357354,0.02694520864259365,0.006145416050216001
2,3.0,0.5,500,32,0.9600882802588575,0.03117254151659205,0.9994327480565007,0.01684119864349429,0.018159676907187436,0.008555256587044945
2,3.0,0.5,500,33,1.0789509669634267,0.0285126855922408,0.999631718971339,0.013569838404731482,0.00047550179408984095,0.00778855391031768
2,3.0,0.5,500,34,0.9392748886272477,0.015359945234808514,0.9998484757521227,0.008704144066974133,0.019324737539189944,0.004287150439822612
2,3.0,0.5,500,35,0.9994914417353336,0.009422001425106035,0.99995338045666,0.004828019435549514,0.002265637044601658,0.0025758186997863865
2,3.0,0.5,500,36,0.9878078780821735,0.0806895847707501,0.9960711849658174,0.04432163712106471,0.03330218337618279,0.02209610689009823
2,3.0,0.5,500,37,0.9253046298439132,0.040886407088790294,0.998857289062469,0.02390304308588125,0.044333781801603266,0.011345351614934045
2,3.0,0.5,500,38,1.0958490212757694,0.07378812710637846,0.9973443236905819,0.03643951364534184,0.08496355211901196,0.02056323235898354
2,3.0,0.5,500,39,1.0430142490071104,0.024606129455235506,0.9996553902870828,0.013126494446675371,0.029302004966905954,0.006859132901115808
2,3.0,0.5,500,40,0.9745850226757095,0.04783581978794787,0.9988627981341562,0.023845354535462743,0.011967258974332238,0.013078288524676658
2,3.0,0.5,500,41,1.0997359935425668,0.11137858794550132,0.9934795447539735,0.057098402981284845,0.03699321198664932,0.030473480472202132
2,3.0,0.5,500,42,0.8788078711276271,0.05172209497860618,0.9981237317217891,0.030628975482464363,0.06592989746960176,0.014430010648463235
2,3.0,0.5,500,43,1.11547140277687,0.04338068524627685,0.9989878265478405,0.02249637139806684,0.03700396068771799,0.011975993197053295
2,3.0,0.5,500,44,1.012527522413808,0.020356597621994602,0.9997350550433428,0.011509668906126305,0.025237689353663825,0.0056776219174138045
2,3.0,0.5,500,45,0.9894205762576225,0.0264646977994852,0.9995153458307025,0.01556685853500289,0.03180822802466413,0.007380323343962381
2,3.0,0.5,500,46,1.0462391625557927,0.044360103389778666,0.9989891076345407,0.022482130297852804,0.053980049878824536,0.012382711146860043
2,3.0,0.5,500,47,1.0276074857519937,0.05103323751220126,0.9982479401718312,0.02959780252120743,0.014764173993786869,0.013956536815487782
2,3.0,0.5,500,48,1.0594845894643066,0.052781606125413966,0.9983934761303139,0.028341875993713985,0.05643035598521505,0.014662664938054805
2,3.0,0.5,500,49,1.070683774060188,0.14464919671864424,0.9899398439834503,0.07092304285826172,0.06724513164454567,0.03964140521660315
2,3.0,0.5,500,50,1.050371319424234,0.04629220129433832,0.9988759596595627,0.023706964593104035,0.0011403037913484888,0.012645283129751618
2,3.0,0.5,500,51,0.9826741672541697,0.05295774911152585,0.9984906312640391,0.027471519215005073,0.019101983454075915,0.014493111354421773
2,3.0,0.5,500,52,1.062917544383593,0.05210432977030588,0.9983905989384357,0.028367243975792402,0.0606438198437396,0.014519964937850406
2,3.0,0.5,500,53,0.9728867690746583,0.009656165211879581,0.9999460524387649,0.005193628848655051,0.011107366882550412,0.002686199011832241
2,3.0,0.5,500,54,1.072264666579988,0.08780807833916708,0.9960639868607699,0.04436222007085541,0.06673002448191474,0.024194332990205045
2,3.0,0.5,500,55,1.016967817859411,0.018681972292588847,0.9997751544308835,0.010602961122169956,0.022259798853813986,0.00520714252637703
2,3.0,0.5,500,56,0.9475609398031594,0.0603414527945383,0.9976899082054062,0.03398596618160074,0.03881292826964527,0.01657567706580289
2,3.0,0.5,500,57,1.015624924261843,0.022017290994634904,0.9996843744400805,0.012562355669208826,0.02309059214869373,0.006105265532077453
2,3.0,0.5,500,58,0.9652164845781445,0.01961345548274812,0.9997582749524938,0.010993749303721136,0.017698309201344218,0.005418077226600509
2,3.0,0.5,500,59,0.9805366672554588,0.027741144987260227,0.9995499681283908,0.015000531184081579,0.03224756804141362,0.007717162939606702
2,3.0,0.5,500,60,1.0610826838040905,0.013667475144014292,0.9998914293245049,0.007367858423418748,0.00039650563805324865,0.0037334511281038
2,3.0,0.5,500,61,0.9307931300750802,0.05338932812042415,0.9984994695095895,0.02739097013990751,0.011873778773938984,0.014593934508329538
2,3.0,0.5,500,62,0.9843643000360695,0.02001992484157685,0.9997402113191205,0.011397119830894297,0.013258305419269744,0.005502118794070212
2,3.0,0.5,500,63,1.040520035038034,0.0869329601345999,0.9952115254502976,0.04893094393991666,0.025319997122741012,0.02377587351028698
2,3.0,0.5,500,64,1.0794740813835142,0.016848841177457878,0.9998578951908257,0.008429258839726984,0.01083072963992836,0.004629613763887011
2,3.0,0.5,500,65,0.9348225880124861,0.02913136426546781,0.9994357580849504,0.01679645669552861,0.028632546746622727,0.008062818228726992
2,3.0,0.5,500,66,0.9526940179902348,0.016148554646177943,0.9998366579740681,0.009037201611449674,0.016423997646440935,0.00447436851244594
2,3.0,0.5,500,67,1.0218176190092954,0.05326226424103582,0.9987036123490951,0.0254596509295078,0.02359453124259002,0.014590502640264338
2,3.0,0.5,500,68,0.9610762974180055,0.035242727592346236,0.9990981708420696,0.021234749326638276,0.04980705597569926,0.009883024643474722
2,3.0,0.5,500,69,0.908058679913444,0.05822692235997229,0.9975295138221372,0.03514602522236947,0.08494857385349511,0.016340160225783208
2,3.0,0.5,500,70,0.9491329846437759,0.0479135962017578,0.9985480872987594,0.026943577168228545,0.03899586860639818,0.01320584415905914
2,3.0,0.5,500,71,1.022138364688893,0.0192995165937831,0.9997902806126975,0.010240102228552912,0.020392115349783815,0.005356351031402776
2,3.0,0.5,500,72,0.9320536903472142,0.016235340335696714,0.9998123154656391,0.00968722185048051,0.017900852339348117,0.004509355293695774
2,3.0,0.5,500,73,1.111733761503217,0.021116694848413643,0.9997428163534277,0.011339833477005004,0.02148603459631752,0.005854107547974871
2,3.0,0.5,500,74,0.9360325266416845,0.0570297475678743,0.9979280697134632,0.032186412401328565,0.05900273985962927,0.015799648271967826
2,3.0,0.5,500,75,0.9268459224875003,0.05325365151634304,0.9982961379029789,0.02918785789520284,0.0016956783377972558,0.014546973220052625
2,3.0,0.5,500,76,1.0215511104780033,0.043751194692326974,0.9990007962478208,0.022351775680908053,0.015855292445885998,0.011973664888523363
2,3.0,0.5,500,77,1.0714609134834552,0.02724632782987305,0.9995589751718977,0.014849660401878803,0.03245887816915383,0.007595688724846304
2,3.0,0.5,500,78,0.9633944116763994,0.010030735243589708,0.9999437054330099,0.00530540135098569,0.006113786269795075,0.0027544828746004757
2,3.0,0.5,500,79,0.955994330561038,0.01568714629381343,0.9998344219484168,0.00909884749798818,0.014425547756458894,0.004335477718743742
2,3.0,0.5,500,80,0.9198647280716897,0.049602645158936726,0.9982879072984573,0.02925826978430754,0.060921617049618314,0.013819545773552943
2,3.0,0.5,500,81,0.8984445486292212,0.0527168210644182,0.9979863383551251,0.031730597574541976,0.0768880423098462,0.014796878816396627
2,3.0,0.5,500,82,1.0353790165889754,0.027843035152104963,0.9994725078287628,0.016240261254628546,0.03529264455971654,0.007782947573720604
2,3.0,0.5,500,83,0.929967268279533,0.026597367661986566,0.9995383661140342,0.015192660826298037,0.035943553720230725,0.007444732292990978
2,3.0,0.5,500,84,0.9663868847724014,0.006420002429364137,0.9999722720765218,0.0037234341325028484,0.0036628561682758177,0.0017617374464783005
2,3.0,0.5,500,85,1.0131038377019144,0.0697223912597862,0.9971879533084087,0.03749697782216063,0.004783232348068579,0.019046640868193448
2,3.0,0.5,500,86,0.9801119800469515,0.04469701986095554,0.998896097385386,0.023493643976765684,0.007763748353409607,0.012214698965325668
2,3.0,0.5,500,87,1.013112715341845,0.052794585691628954,0.9985618052214476,0.0268159912976614,0.04118750835449206,0.014550389146959723
2,3.0,0.5,500,88,0.9448125941976632,0.0257608559607201,0.9995356238066508,0.015237719536549595,0.035945865485231106,0.007221932331710892
2,3.0,0.5,500,89,0.9987166652503565,0.010688920020918188,0.9999307066489981,0.005886142667393748,0.00028024438819568607,0.002919813111184789
2,3.0,0.5,500,90,0.9134806460072823,0.01817844219758643,0.9998166892910694,0.009573680298889019,0.002064930564573777,0.004966532629532212
2,3.0,0.5,500,91,0.9629608875467525,0.068478253649359,0.9971388552422442,0.037822908122961074,0.012797429756000032,0.018714663110046905
2,3.0,0.5,500,92,0.9369362342408731,0.04751974078497433,0.9984590389847652,0.027757530646968728,0.011732240606894304,0.012991578704690782
2,3.0,0.5,500,93,0.9892540534103005,0.06866004967318651,0.9979929284236773,0.0316786329907299,0.003563924863272679,0.01875588855048062
2,3.0,0.5,500,94,1.0280332282371105,0.03902829996143623,0.9991099790229758,0.02109527170984128,0.03391060661382586,0.01077832985562194
2,3.0,0.5,500,95,0.9425830075482556,0.05553175706663635,0.9984607642852112,0.027741987264692482,0.04121164191042957,0.015282372525470525
2,3.0,0.5,500,96,1.017501745881475,0.019249540729897752,0.9997541161260046,0.011087918515109922,0.016290861298980452,0.0053122081106526395
2,3.0,0.5,500,97,0.9778585913570057,0.02581765736069836,0.99949789501594,0.015844636064926615,0.004694952747896597,0.007055641668650535
2,3.0,0.5,500,98,1.0787633504541772,0.015346041985801273,0.9998426583389457,0.008869657858519411,0.01688200586330784,0.004262107667743196
2,3.0,0.5,500,99,0.8966918775677201,0.03381168446400756,0.9992621457576456,0.019207475658638767,0.043173440355001376,0.009438400483061776
2,3.0,0.5,2000,0,0.9678972231895391,0.011436139286261712,0.9999260174303681,0.006082046104390732,0.014730064868553319,0.0031976115410257814
2,3.0,0.5,2000,1,0.9480057312545902,0.020288564559998536,0.9997136048468208,0.011966518983797577,0.02521274170349875,0.005659195572371517
2,3.0,0.5,2000,2,0.9516135681401985,0.027002360157247336,0.9994873392712081,0.01601032055881298,0.03751517287582916,0.007568028801346667
2,3.0,0.5,2000,3,0.955758429752678,0.002891754917043901,0.9999949106549387,0.0015952029747450423,0.002896597228082847,0.0008010438081848867
2,3.0,0.5,2000,4,0.9834476775237663,0.013986267043020095,0.9998692912356343,0.008084205723684021,0.017693644854144066,0.0039047870406402506
2,3.0,0.5,2000,5,0.9641285020993882,0.014850859052988441,0.9998937410460074,0.007288996981502385,0.0003725406907705389,0.0040566958014555485
2,3.0,0.5,2000,6,0.9726902012908197,0.013667176526735264,0.9998943340770796,0.007268628581800866,0.0038007949107696044,0.003737433724610007
2,3.0,0.5,2000,7,1.017800990865837,0.01990013740499013,0.9997895954789525,0.010256815320739398,0.016177016512660247,0.005487446450207625
2,3.0,0.5,2000,8,0.9906471415504561,0.02430352380973444,0.9996653541073668,0.012935337116466189,0.009752917167594534,0.006654042557560109
2,3.0,0.5,2000,9,1.0514201131345073,0.008977943185773812,0.9999436125484258,0.005309776434760159,0.01176837041516886,0.002512154993553866
2,3.0,0.5,2000,10,0.9891593531339357,0.026840583425679652,0.9995546746176935,0.014921886313508293,0.033958526979389,0.007501885956497663
2,3.0,0.5,2000,11,0.9481572006630629,0.04047703866039113,0.9987763282621618,0.024735316228403914,0.03792853092669203,0.01118853507889749
2,3.0,0.5,2000,12,0.9748142981296274,0.0231091730816505,0.9996865023307171,0.012519937485524168,0.0266362002672325,0.006427319540604042
2,3.0,0.5,2000,13,0.9871019691879366,0.011822663899309556,0.9999188960986373,0.006368041353615662,0.00917124438185898,0.003256682590711753
2,3.0,0.5,2000,14,0.9911666258494133,0.001969814050506715,0.9999979357602018,0.0010159330189859184,0.0004692354786394982,0.0005385074165780375
2,3.0,0.5,2000,15,1.02439935160768,0.008724892502450631,0.9999483708253022,0.005080805777524874,0.009784505191557779,0.002425839767143941
2,3.0,0.5,2000,16,0.9630241622636149,0.02372689880648688,0.9996256933429097,0.013680399429298556,0.017214293727942174,0.00652864188412725
2,3.0,0.5,2000,17,1.0267796826569322,0.0170889390877538,0.9998334789222205,0.009124721304771892,0.015643296580240072,0.00472402264039883
2,3.0,0.5,2000,18,1.0198256122581377,0.052994370617995584,0.9984725792905946,0.027635309925939513,0.049177561325041384,0.014660249706982653
2,3.0,0.5,2000,19,0.9676238433733052,0.01579001301232329,0.9998423858246226,0.008877335618793955,0.021019272327433006,0.0044181102930366
2,3.0,0.5,2000,20,0.9389006268918214,0.013856437692880422,0.9998640684614385,0.008244135447744159,0.012027954677683974,0.003824793384938269
2,3.0,0.5,2000,21,0.9949358594871467,0.04778433352222661,0.998796196693726,0.02453368405146221,0.0025324933992142574,0.013053286501008909
2,3.0,0.5,2000,22,0.999381125784666,0.023518442325428504,0.9996837613609457,0.012574550470180627,0.012242516032508925,0.006449239809046409
2,3.0,0.5,2000,23,1.0220747911773005,0.013936062206338695,0.999880011228174,0.007745604296177975,0.01808989429817462,0.0038982895398818164
2,3.0,0.5,2000,24,0.984832828796215,0.005187818394388822,0.9999788108868071,0.0032549280478186347,0.0008794998538135937,0.0014176822406276467
2,3.0,0.5,2000,25,1.0091659915601139,0.010455016064344319,0.9999325284214157,0.005808251827542318,0.00550812086548976,0.002867053198671887
2,3.0,0.5,2000,26,1.0064434558424455,0.024485513887884728,0.9996398172804885,0.013419812210151821,0.02986577604591388,0.006832247884840767
2,3.0,0.5,2000,27,1.0532376595109816,0.023305852917871565,0.9997214507521464,0.011801467024350006,0.021922063892591284,0.006447342321716903
2,3.0,0.5,2000,28,1.0077747848638432,0.011622355382608817,0.9999082948578605,0.006771452655800411,0.013177963063713223,0.003232880462036458
2,3.0,0.5,2000,29,0.9831936231528656,0.0029373903634593353,0.9999951654313949,0.0015547618153745556,0.002042722251876773,0.0008078740349085556
2,3.0,0.5,2000,30,0.9942244996517259,0.01687256045140375,0.9998521084932164,0.00859917166893346,0.008008620631688048,0.004623497981085256
2,3.0,0.5,2000,31,1.0298657189980918,0.02315491705962345,0.9997257884968487,0.01170921652270932,0.001150887071173256,0.006325217399548028
2,3.0,0.5,2000,32,0.9955712105704704,0.012722169678302236,0.9999170512615023,0.006440059724009963,0.006973937602038216,0.0034898676979308783
2,3.0,0.5,2000,33,1.0282986043311857,0.01293251261029268,0.9999080956414816,0.006778803674632171,0.008143095399207408,0.00355261524187814
2,3.0,0.5,2000,34,0.968423773352326,0.012641587816030744,0.9998984263868642,0.007126486270797255,0.017233883567387896,0.00354154382959572
2,3.0,0.5,2000,35,1.0664483053972142,0.015434951462087594,0.9998871566839809,0.007511435149795947,0.018307092441680613,0.004301017387775708
2,3.0,0.5,2000,36,0.979743411643222,0.030765601826609184,0.9993869484574616,0.01750787740616397,0.01971575780800026,0.008453693708063231
2,3.0,0.5,2000,37,1.028964824256658,0.00778536367644949,0.9999564018621355,0.004668947304501845,0.006232543930069484,0.0021460134140361396
2,3.0,0.5,2000,38,1.0044968157888887,0.009929315584372312,0.9999410894346088,0.0054272721228623,0.005950931857796092,0.002726156730708656
2,3.0,0.5,2000,39,1.0032765752404362,0.024839309760180322,0.9996655781941928,0.012931005486953029,0.007240031395863129,0.006793218088906625
2,3.0,0.5,2000,40,0.9552093901858918,0.018548024134326758,0.9997957091407879,0.010106702212197597,0.024455575923783626,0.005187096132377636
2,3.0,0.5,2000,41,1.021738784151485,0.04151695216332118,0.9991309802848385,0.020844900037677333,0.029086737437419356,0.011421716162211203
2,3.0,0.5,2000,42,0.9841011996990112,0.014959535449370261,0.9998424842141967,0.008874564378131031,0.01896966597259796,0.0041768199849158225
2,3.0,0.5,2000,43,1.063472067141612,0.01547635961699375,0.9998657898508685,0.008191768708024256,0.011272033464731938,0.004259565784103242
2,3.0,0.5,2000,44,0.9770637229259649,0.008088912060923801,0.9999597556116802,0.004485776873627743,0.006266666464525921,0.002228184520372515
2,3.0,0.5,2000,45,0.9584626692651528,0.012768264023440942,0.9998804920639902,0.007730069081508562,0.017036073573357666,0.0035733346172204406
2,3.0,0.5,2000,46,1.064930445395175,0.03794665607271631,0.9991863954586311,0.02016933986734369,0.04308127251738227,0.010561293494841572
2,3.0,0.5,2000,47,1.0089347187662017,0.014857745020934374,0.9998594272712265,0.008383696343905643,0.009574231434490543,0.004082153285315438
2,3.0,0.5,2000,48,1.0182802606628,0.03319872653092329,0.9993883010696673,0.01748855240339712,0.027103076439875237,0.00915617723018657
2,3.0,0.5,2000,49,1.0502335056898993,0.028855623689748176,0.9996574112268426,0.013087948142420562,0.004249966848640005,0.00788461506847903
2,3.0,0.5,2000,50,1.0535011478566656,0.010560021147991717,0.9999258726678162,0.0060879936015063195,0.012127844538606911,0.0029386840343624946
2,3.0,0.5,2000,51,1.03469150495991,0.0071516075886415105,0.9999688441523796,0.003946887863895583,0.007073732533576874,0.001980272422737129
2,3.0,0.5,2000,52,1.0458487504698712,0.023391616867073778,0.9996280282223015,0.013637664347288428,0.01935481322826959,0.00645258441119921
2,3.0,0.5,2000,53,0.9761665735724147,0.025278588437390778,0.9995310552927785,0.015312490117899114,0.019277668905853376,0.00696076216310564
2,3.0,0.5,2000,54,1.0602841651579882,0.03129924521586622,0.9995047743901699,0.015735717489680508,0.032923356754748195,0.008687168616725706
2,3.0,0.5,2000,55,0.981944529551265,0.03819901744845456,0.9989896842112495,0.02247571788342521,0.02478202322616208,0.010495051560689755
2,3.0,0.5,2000,56,1.0214914878291306,0.007141220038678344,0.9999674899895992,0.004031749645058422,0.0014679445737947074,0.0019518657361640177
2,3.0,0.5,2000,57,1.0260492554748226,0.005770950940341892,0.9999768993493974,0.003398576952387554,0.00693661537568681,0.0016081597893721545
2,3.0,0.5,2000,58,1.023673528286319,0.02114058045116937,0.9997518505888257,0.0111388826004772,0.006644337972649433,0.005782898455163685
2,3.0,0.5,2000,59,1.0207570407496183,0.014165141727137582,0.9998927810577544,0.0073218488869161505,0.011012004544912924,0.0039020241766654904
2,3.0,0.5,2000,60,1.0308266191110562,0.00886834981969574,0.9999574621904028,0.0046118222861058124,0.0033138566042680336,0.0024272556832949797
2,3.0,0.5,2000,61,1.0062276749288446,0.010747596362679577,0.9999341464176532,0.005738187098154983,0.009720705322611028,0.0029700077449047227
2,3.0,0.5,2000,62,0.9543761516943273,0.023080371428349983,0.9996619171167345,0.013001593811250977,0.02067325708428403,0.006374543089374324
2,3.0,0.5,2000,63,1.0193873246452516,0.025350973745914187,0.9996792440340203,0.01266404291645744,0.015727821967125723,0.0069631609463385435
2,3.0,0.5,2000,64,1.0105846356956705,0.011518954317489892,0.9999211157568264,0.006280296297689015,0.011135117668926948,0.0031884055543499297
2,3.0,0.5,2000,65,0.9884048290860507,0.008312141304176962,0.9999570253329572,0.004635443185004984,0.006809054482135081,0.002292198858372566
2,3.0,0.5,2000,66,1.0068003611753304,0.011801848299115583,0.9999266207357338,0.006057196722335532,0.004370150199854595,0.003230083357385062
2,3.0,0.5,2000,67,1.005995798069248,0.00969963275469178,0.9999467158094183,0.005161598133411489,0.002780051365236641,0.0026526451395601385
2,3.0,0.5,2000,68,0.9528090482718837,0.011608320195544728,0.9999210246017503,0.00628392386371056,0.012216854763884297,0.0032197744548788107
2,3.0,0.5,2000,69,1.0102892955455838,0.019330891552618412,0.9998005092807942,0.009987259864592694,0.009438103371530936,0.0052980854338237965
2,3.0,0.5,2000,70,0.9872886067594824,0.025829392948123184,0.9995519251699458,0.014967879443231042,0.013585500115566425,0.007082821312876971
2,3.0,0.5,2000,71,1.0338884445082983,0.024347534994861947,0.9996091290945857,0.013979823057076972,0.009028049852095356,0.006663845009163761
2,3.0,0.5,2000,72,0.9724489298807115,0.011412976196084966,0.9999152006296377,0.006511504064434635,0.004954072766160246,0.003125848807488949
2,3.0,0.5,2000,73,1.0306115956658184,0.013168486447029098,0.9999021664626739,0.006994052377774732,0.012276844025808467,0.003641713681447076
2,3.0,0.5,2000,74,0.9889876999766408,0.024308983737941013,0.9996318732838705,0.013566995174492788,0.022966582233400555,0.006721924718233757
2,3.0,0.5,2000,75,0.951923807385129,0.015493300222561861,0.9998384672588455,0.00898701121492807,0.020957197392257137,0.004338404276070517
2,3.0,0.5,2000,76,1.0195769148925566,0.026597043931699805,0.9995197151581994,0.0154965293178917,0.01647555163694302,0.007305325692829569
2,3.0,0.5,2000,77,1.0149480855328143,0.015842490983470726,0.9998888500026992,0.007454864093352588,0.007927151285845922,0.004342995982540694
2,3.0,0.5,2000,78,0.9834872935365006,0.0017693645863849574,0.9999979505190026,0.0010122946698914845,0.0022592128598672304,0.0004943952017804704
2,3.0,0.5,2000,79,1.0369661989130066,0.022585191421919587,0.9997217538253222,0.011795045033353909,0.015949356778641902,0.006213542142136308
2,3.0,0.5,2000,80,0.9698611031468829,0.024763470393445897,0.9995763232227277,0.014554668963468118,0.034141604624534666,0.006938460436668245
2,3.0,0.5,2000,81,0.9637969427437577,0.02694381832787367,0.9995582724095702,0.01486148697859261,0.03237384120325484,0.007504509115613921
2,3.0,0.5,2000,82,1.0208447276274621,0.02224102830696079,0.9997280583630933,0.011660652574077768,0.010882282519462222,0.006096175547084219
2,3.0,0.5,2000,83,0.9870318939209066,0.018606589727794397,0.9997491847690274,0.01119855416945778,0.009892587283416122,0.005102717000455863
2,3.0,0.5,2000,84,1.0278778645230797,0.03213121550526684,0.9993262515620649,0.018354133566243564,0.04037917098400212,0.008979145649378259
2,3.0,0.5,2000,85,1.0403340544836366,0.025241645689214186,0.9995800206727944,0.014491020102215582,0.030225460755782488,0.007037969146906818
2,3.0,0.5,2000,86,0.9908500287193278,0.019797749084812206,0.999737523350747,0.011455929670984492,0.001095500549394239,0.0054081868705998905
2,3.0,0.5,2000,87,0.9935369898682674,0.022836647468774715,0.9996990228014213,0.012267379479309294,0.0021688453338529943,0.006238856793220978
2,3.0,0.5,2000,88,0.9578611188486408,0.020607565631469947,0.9996990846035108,0.012266119934381783,0.02788822312933286,0.005769660218549945
2,3.0,0.5,2000,89,0.9971220006155543,0.03092650502726667,0.9995521471265176,0.014964171769303267,0.00856396015668796,0.008457143524705337
2,3.0,0.5,2000,90,0.9690529864837878,0.004815632152793648,0.9999884333975589,0.0024048495213899023,0.0013079164927432435,0.0013168117063675606
2,3.0,0.5,2000,91,1.0009505704626123,0.06788037674786372,0.9975711691113045,0.03484846401705146,0.01748732514605288,0.018559947973611185
2,3.0,0.5,2000,92,0.9714036470447156,0.027820903000973715,0.9996738265554617,0.012770541189359863,0.00906798059107593,0.00761110214718807
2,3.0,0.5,2000,93,0.978306310422699,0.007895468791658674,0.9999557482322592,0.00470381588398676,0.007363603871915654,0.00218298416633353
2,3.0,0.5,2000,94,0.9862171404348204,0.033453632082958616,0.9994006361028527,0.017311324287113523,0.01575211634010838,0.00916733257391918
2,3.0,0.5,2000,95,0.9844392538165038,0.004864035749627348,0.9999854531014818,0.0026969333063790986,0.0041609508917609395,0.0013423255043294884
2,3.0,0.5,2000,96,1.0199270795036852,0.016909601859111886,0.9998329811624811,0.00913834879830484,0.0005675871304515839,0.004619099504413854
2,3.0,0.5,2000,97,1.0087597686715897,0.010118137208342481,0.999936829052975,0.005620095507418425,0.011904481251095339,0.0028169968939856867
2,3.0,0.5,2000,98,1.0191663261138348,0.008657449678612759,0.9999529172067264,0.00485194771579486,0.010833193276807433,0.002417373625009175
2,3.0,0.5,2000,99,0.962056202908816,0.008964689269971484,0.9999485264110965,0.005073144434342131,0.01214201628442744,0.002510969006028129
2,3.0,0.5,10000,0,0.9863779285704372,0.011200363051102719,0.9999198503523998,0.006330467897406435,0.0069978018469649805,0.0030762691788831908
2,3.0,0.5,10000,1,0.9836861296683508,0.0043834183701316,0.9999881333535146,0.0024358413829248253,0.005863415795527603,0.0012272181590064948
2,3.0,0.5,10000,2,1.0015314522401022,0.00625362585366713,0.9999816197385383,0.0030315228402399944,0.002823480063191736,0.001713186196885191
2,3.0,0.5,10000,3,1.0056516523544998,0.00840404865995238,0.9999559495102324,0.004693106101915404,0.00678386274695757,0.002316630831899012
2,3.0,0.5,10000,4,1.0210048127227553,0.012309277577749385,0.9999058627532149,0.006860657650150574,0.012993978764808414,0.003415809663070153
2,3.0,0.5,10000,5,0.9966276439065281,0.010153949999444023,0.9999417115479258,0.005398539250308573,0.011226667538238332,0.002821863723853081
2,3.0,0.5,10000,6,0.9860494940998736,0.001508964319909683,0.9999987471189802,0.0007914799491732244,0.0008647250110795985,0.0004141026517837525
2,3.0,0.5,10000,7,1.027972418277943,0.009503289204318236,0.9999490964529499,0.005044975076752453,0.005054225821212963,0.0026063644420978712
2,3.0,0.5,10000,8,1.0086138149924058,0.007585358987071726,0.9999706833301526,0.0038286204987827556,0.006463536056289934,0.0020933832281819008
2,3.0,0.5,10000,9,1.011505760320448,0.0018067644183198772,0.9999981790154915,0.0009541971778682998,0.0014120411211103142,0.0004977992883103422
2,3.0,0.5,10000,10,1.0010735959974588,0.018636332558300217,0.9997944648857546,0.01013743345836058,0.016851267589628554,0.005150374559447603
2,3.0,0.5,10000,11,0.9852225252430635,0.014434539874264385,0.9998457603030126,0.008781790733881006,0.011902143772153945,0.003980344114788845
2,3.0,0.5,10000,12,0.9869959806311983,0.010194778229003313,0.999934657641778,0.005715870809508134,0.013416644937186473,0.0028515222671300767
2,3.0,0.5,10000,13,0.9983228297132006,0.00923739792180353,0.9999418880037246,0.005390361596190453,0.007559872481949528,0.002546971439001551
2,3.0,0.5,10000,14,0.9889661642804942,0.010260480492901498,0.9999351019700824,0.005696403686430266,0.004406380202098895,0.002810043372550048
2,3.0,0.5,10000,15,1.0109699976837487,0.00994306801961428,0.9999523756337413,0.004879772856327302,0.00893391893607957,0.002747246928687176
2,3.0,0.5,10000,16,0.9857465491688652,0.009028427352160563,0.9999494115419674,0.005029336836632735,0.00035365317542224894,0.002466258270043616
2,3.0,0.5,10000,17,0.9966365239103905,0.007871176924002583,0.9999593484287975,0.0045084127585279165,0.00801657092662132,0.0021812520217177273
2,3.0,0.5,10000,18,1.0149162679685886,0.008933218223419246,0.9999487131314645,0.005063934662665789,0.011133725660252364,0.002493964400148601
2,3.0,0.5,10000,19,0.9886829422638028,0.005754158272760319,0.999977238368615,0.003373546456259888,0.007734837122520241,0.0016112914139299968
2,3.0,0.5,10000,20,0.9861899360919967,0.003887596691747215,0.999990793236564,0.002145549281181381,0.004976836617414072,0.0010862248364976043
2,3.0,0.5,10000,21,0.9945749272716812,0.007927677942772066,0.9999679933128586,0.004000417924507528,0.002008679535200944,0.002167499056501463
2,3.0,0.5,10000,22,0.9812813229437876,0.004793986487485099,0.9999863117751984,0.0026161254558604518,0.0056728955380566755,0.0013354260441781481
2,3.0,0.5,10000,23,1.0078747983386893,0.009902224342271723,0.9999407031569792,0.005445036410382631,0.012490448109967769,0.0027660024737254578
2,3.0,0.5,10000,24,0.9931521851868811,0.004294421356651947,0.999988587146784,0.0023888128030438056,0.004304581401689327,0.0011897354140559728
2,3.0,0.5,10000,25,1.0131911069039379,0.0005899647378329903,0.9999997880931832,0.00032550485156850756,0.000741192153015932,0.00016472085069588977
2,3.0,0.5,10000,26,1.0039941583486323,0.0074142316136174,0.9999676576220877,0.004021341686067066,0.008806930406562033,0.002065754364937619
2,3.0,0.5,10000,27,1.0270854729268664,0.01237001133038666,0.9999114548572632,0.0066537636994730654,0.015848690863263,0.0034579816698921267
2,3.0,0.5,10000,28,1.0090709612033066,0.005186743379653867,0.9999825421940255,0.002954471693421138,0.003151203582753335,0.0014242325176482193
2,3.0,0.5,10000,29,1.0009137515899311,0.013972492591683743,0.9998731757627561,0.007963172648001515,0.013186000395656936,0.0038652621232597756
2,3.0,0.5,10000,30,0.9971762916914486,0.007422383146015844,0.9999684371345233,0.003972585145514613,0.0018041725866070413,0.0020291932236051555
2,3.0,0.5,10000,31,1.0035587281384186,0.010187952603099603,0.9999307128648297,0.0058858786587172645,0.009814873471183042,0.0028189922962514554
2,3.0,0.5,10000,32,1.007145438106863,0.007454926417473994,0.9999684397100942,0.003972423058146924,0.00425586232912937,0.0020458191105873972
2,3.0,0.5,10000,33,0.9917903097792549,0.005691800818586898,0.9999783535739726,0.0032898651968887535,0.003004231764653685,0.0015609222440143245
2,3.0,0.5,10000,34,0.983006311458212,0.010161794747965273,0.999937204204906,0.005603382687894592,0.00994118834464635,0.002812864156874254
2,3.0,0.5,10000,35,1.007951906801547,0.01104662823397973,0.9999235488335687,0.0061826841432921645,0.004341903117920269,0.0030241300033962766
2,3.0,0.5,10000,36,0.9862706935894056,0.011105604351928882,0.9999310586718587,0.005871172291002872,0.002881640019848084,0.0030364938076055626
2,3.0,0.5,10000,37,0.9980902755299008,0.005829641373180601,0.9999800407238448,0.003159056517002377,0.004064704701413987,0.0016034122752876143
2,3.0,0.5,10000,38,0.9877985543933727,0.0071908559374999825,0.9999712284725764,0.0037928569326824723,0.0023952033380270766,0.0019673354330761684
2,3.0,0.5,10000,39,1.0033889600674308,0.007250185253993529,0.9999630840066364,0.004296277072281161,0.007409268884723616,0.0020097970213654205
2,3.0,0.5,10000,40,0.9876324117654309,0.005977785604458389,0.9999770708201968,0.0033859400321908186,0.005053475662884385,0.0016492807465918237
2,3.0,0.5,10000,41,0.9977492779414759,0.010455012397694509,0.9999337544238023,0.0057552400557107485,0.0001201064533360355,0.002855895790227486
2,3.0,0.5,10000,42,1.0060976762794795,0.006520483724446523,0.9999709945706179,0.003808242992650736,0.008154116499145074,0.0018199084187267695
2,3.0,0.5,10000,43,1.0076432705188179,0.003875486140143662,0.999991762196882,0.0020295077134558836,0.0031391718183190237,0.0010684650991644735
2,3.0,0.5,10000,44,1.010786723473121,0.011344097748527428,0.9999171240533666,0.006437233358883278,0.007314072897742769,0.0031171031708771067
2,3.0,0.5,10000,45,0.9716427048556965,0.0072735869499815885,0.9999707071663726,0.003827063732638521,0.006951176806841296,0.002012255195732967
2,3.0,0.5,10000,46,0.9962378903441603,0.0060997766111730144,0.9999794137082925,0.003208293292979992,0.0029577367454598756,0.001671778717903383
2,3.0,0.5,10000,47,1.025671285324686,0.00848528801906931,0.9999497025843753,0.005014848732753893,0.010925837192648684,0.0023723015234230157
2,3.0,0.5,10000,48,1.0085349858106054,0.0038429098510192414,0.999990839237338,0.002140182546187638,0.0021571516806730244,0.001054420463908596
2,3.0,0.5,10000,49,0.9982389907722138,0.006467441332475848,0.9999740911732824,0.003599223993975115,0.002853762590881232,0.0017715320975930477
2,3.0,0.5,10000,50,0.9980107186280402,0.005932704712975495,0.9999760539529194,0.0034602057077972774,0.00797866108343772,0.0016613171814943341
2,3.0,0.5,10000,51,1.0090038128443155,0.007509317067754324,0.9999668894519869,0.004068817273670372,0.00014276460185443438,0.0020512550319090857
2,3.0,0.5,10000,52,1.0061464937137712,0.0025433586284180666,0.9999958560550084,0.0014394347834486342,0.0006444204345208784,0.0006953756585219681
2,3.0,0.5,10000,53,0.9818013993778848,0.014844441285918268,0.9998781468034861,0.007805549196371182,0.009252599061420477,0.004076990298362774
2,3.0,0.5,10000,54,1.0282290482394645,0.01891600841761136,0.999768969115171,0.010747811052233311,0.024012502975429076,0.005286633922176198
2,3.0,0.5,10000,55,1.0081277722229323,0.015276221582619749,0.9998771602710471,0.007837082650861792,0.003880196192224706,0.004176654273304077
2,3.0,0.5,10000,56,0.9919586568117792,0.008805552339394014,0.9999528580137286,0.004854996718404506,0.005775446356957792,0.0024200407248893205
2,3.0,0.5,10000,57,0.9942155405168847,0.0036826024246351904,0.9999917659348715,0.002029047206022942,0.004933104181396744,0.0010311064308265077
2,3.0,0.5,10000,58,1.010622785735806,0.007749611477801577,0.9999688951234202,0.003943657983380158,0.0030997220386082213,0.0021216967278519377
2,3.0,0.5,10000,59,1.0119850767032295,0.0039811577270902595,0.9999891469407456,0.002329491280778418,0.00523271167509137,0.001113958385907262
2,3.0,0.5,10000,60,0.9932865324730525,0.002824871375748062,0.9999947861303553,0.001614600514801081,0.0002406082558108472,0.0007717210519481208
2,3.0,0.5,10000,61,0.9955928436839534,0.01017000098270421,0.9999427140123137,0.0053519149697222644,0.00454082127041457,0.0027859167693466496
2,3.0,0.5,10000,62,1.0014773939215251,0.004782424819459237,0.9999880050728935,0.002448971938025995,0.002522922516841519,0.0013115011606215888
2,3.0,0.5,10000,63,1.013013689276415,0.005475970138555444,0.999979219605363,0.0032233828997633844,0.004727201150056565,0.0015116184134634475
2,3.0,0.5,10000,64,1.004362662529612,0.005476645916440073,0.9999831065299607,0.0029063267228033422,0.002590018015321468,0.0015007509893733334
2,3.0,0.5,10000,65,0.9867861438981016,0.003493601375727733,0.999992994216374,0.001871601403330587,0.0029252041443665363,0.0009637287749467969
2,3.0,0.5,10000,66,1.0154522032732527,0.011521364979069974,0.9999202561667322,0.006314421322172941,0.014622593247794592,0.0032192993443859435
2,3.0,0.5,10000,67,1.010408964767371,0.0020309671215522317,0.9999979075870642,0.001022842347531229,1.4026342579338797e-05,0.0005547792098639477
2,3.0,0.5,10000,68,0.9851380424238715,0.009974992452954108,0.9999450023721406,0.005243931152267918,0.006743558708707295,0.0027424933655045484
2,3.0,0.5,10000,69,1.0008609253435559,0.009067531781898768,0.9999451042303956,0.005239072895293242,0.011722541065987293,0.0025342691767078923
2,3.0,0.5,10000,70,0.9975256767829556,0.009316770760920079,0.9999426317896448,0.005355754398550112,0.006709543909987957,0.002563500559177827
2,3.0,0.5,10000,71,0.9903546183882865,0.011965755514486342,0.9998993644445694,0.00709350249984473,0.0009274465840641184,0.0032688437120024817
2,3.0,0.5,10000,72,1.0004657378219373,0.00594597367179527,0.9999775985306774,0.0033467498653586563,0.006199436349457575,0.001649208283019435
2,3.0,0.5,10000,73,0.9966070119879592,0.005582312181946928,0.9999847120822429,0.0027647710354659354,0.0028964607419201325,0.0015306928878279571
2,3.0,0.5,10000,74,0.9840227398785565,0.011656133500312133,0.9999140921923825,0.006553922780193574,0.015173012815132638,0.003258509816362372
2,3.0,0.5,10000,75,0.989858214958746,0.014053544527395209,0.9998629405326976,0.008278268759298145,0.012088822198243645,0.0038784764820732317
2,3.0,0.5,10000,76,1.0005458790313109,0.016390591297182056,0.9998710626934328,0.00802923740361557,0.007231968021146515,0.004489512520670186
2,3.0,0.5,10000,77,1.0114936146491071,0.013201199449006558,0.9999030906882374,0.006960937859323041,0.0022180048091781893,0.003607485568290385
2,3.0,0.5,10000,78,1.0191737097935547,0.014072238956304614,0.9998771591477265,0.007837118484290174,0.017228912707614695,0.003926218683625953
2,3.0,0.5,10000,79,1.023354207443402,0.01439095601617234,0.9998771007102419,0.007838982387978123,0.012641978334419624,0.00397436326263431
2,3.0,0.5,10000,80,0.9960872761798196,0.01058729225643711,0.9999332482554012,0.005777185499824341,0.013513319036736124,0.0029572361820596987
2,3.0,0.5,10000,81,0.9944462069943074,0.003047249009482761,0.9999940882419768,0.0017192669983539582,0.003573214681421078,0.0008484105682958147
2,3.0,0.5,10000,82,1.0028125879768401,0.002924947060794845,0.9999949182370549,0.0015940142635902125,4.570604927524641e-06,0.0007989783588271298
2,3.0,0.5,10000,83,1.02023990820923,0.008765678613902527,0.9999605399720221,0.004441848037584415,0.011230098681585221,0.002450150854908116
2,3.0,0.5,10000,84,0.9946731835719981,0.009912722472208427,0.9999421187536676,0.00537964898169291,0.010606100032915679,0.0027518319430488492
2,3.0,0.5,10000,85,1.0095835821025219,0.008642649646872384,0.9999576674750033,0.00460068065598466,0.007689641028858469,0.002387387887731451
2,3.0,0.5,10000,86,0.9860909307389062,0.0059113266617314515,0.9999798848081967,0.0031713712967217653,0.0007390336345317101,0.0016150958053458883
2,3.0,0.5,10000,87,1.0064126363902508,0.007536924393156804,0.9999698387115998,0.00388338051188034,0.0035357679509400173,0.0020652253672559994
2,3.0,0.5,10000,88,0.9850478783510322,0.015267738796452341,0.9998320409754138,0.009164033625706877,0.013426816202411606,0.004215443587097113
2,3.0,0.5,10000,89,1.0052071928998214,0.0027833209518122394,0.9999960185741981,0.001410926256388927,0.001243892147023829,0.0007624454063576674
2,3.0,0.5,10000,90,0.9842333748865699,0.009989387815165817,0.9999454829916834,0.005220967741557502,0.0038712382966927805,0.002734485426404636
2,3.0,0.5,10000,91,1.0029724059152025,0.008753519744127736,0.99995143945216,0.004927501792995202,0.0009472496779541971,0.002391508362229873
2,3.0,0.5,10000,92,0.9852931580985159,0.0018141295263945536,0.9999976740610361,0.0010784106277065548,0.0023507707993406035,0.0005071869487114744
2,3.0,0.5,10000,93,1.0048109260010931,0.00833765895344718,0.9999619202333119,0.0043634714785446985,0.007498070491735067,0.002303685454496285
2,3.0,0.5,10000,94,0.9719838768346879,0.008469633407309008,0.9999541609162708,0.00478743583399133,0.00818021149698794,0.002343735728749841
2,3.0,0.5,10000,95,0.9866531745315168,0.0066345196078942004,0.9999742487669863,0.0035882609307167795,0.004068941802316677,0.0018218903873666726
2,3.0,0.5,10000,96,1.0033103514029669,0.004749771404916425,0.9999849698717169,0.0027413617312388424,0.001649162040616475,0.0012996604919855756
2,3.0,0.5,10000,97,0.9926036975779823,0.01761938664473666,0.9997805496156671,0.010474979339669597,0.017311784125755757,0.004877270919919181
2,3.0,0.5,10000,98,1.0102409396952974,0.006690161368483971,0.9999774328027891,0.003359106816617026,0.0028649265526053,0.0018322450829712908
2,3.0,0.5,10000,99,0.982821688007068,0.007775773556399361,0.9999668968861987,0.004068360468376428,0.008043127421894844,0.002155775352731884
2,3.0,1.0,500,0,1.0205433928441405,0.034635830805861925,0.9993718847396333,0.017721671201761244,0.007571932310709705,0.01779946033090837
2,3.0,1.0,500,1,0.9543892761464216,0.02068839383689103,0.9997094391743944,0.012053232462820414,0.025797933825031864,0.011501232084475154
2,3.0,1.0,500,2,1.004445784486295,0.032166134862780596,0.999480219292953,0.016121115145157034,0.0035870396492653296,0.016496100076414794
2,3.0,1.0,500,3,0.9268281621235275,0.0021483956760556893,0.9999970322608411,0.0012181418552252537,0.0023180329984119723,0.0011731230774419132
2,3.0,1.0,500,4,0.9658660839428791,0.030058811674260454,0.9994715850434402,0.01625446025802925,0.028897718178879674,0.01619106149026391
2,3.0,1.0,500,5,1.0225370667404632,0.03726549622037458,0.999236408777698,0.019539590864473017,0.008816061988666983,0.01916005638131876
2,3.0,1.0,500,6,0.9505222553323343,0.06438442894905118,0.9977328447276108,0.03366864470385687,0.008948781319727792,0.033031770120839195
2,3.0,1.0,500,7,0.9878933287434971,0.03124448036166635,0.9993971723332238,0.017361273956369685,0.01182009321569534,0.016143275748379978
2,3.0,1.0,500,8,1.0130197975617157,0.021103158900505115,0.9996952387986857,0.012344253750517788,0.027028043617597627,0.01182700951880092
2,3.0,1.0,500,9,1.0031751627969077,0.005720736324507911,0.9999793768721896,0.0032111623915988146,0.00754936102448008,0.003217300984097679
2,3.0,1.0,500,10,0.99347619291379,0.020648736280785403,0.9997375390540956,0.01145558697545515,0.024326634093519164,0.01142350197164354
2,3.0,1.0,500,11,0.9470197164132326,0.06708346607272404,0.9966514508388126,0.04091790049102872,0.043993994353926716,0.035194375731880896
2,3.0,1.0,500,12,1.0217183205342275,0.028557790795252353,0.9994822987706569,0.016088835093678748,0.013907121222084517,0.014838363631660509
2,3.0,1.0,500,13,1.0179522436944435,0.07678088941083053,0.996820324860076,0.03987276727243765,0.072659547462534,0.041483542888372124
2,3.0,1.0,500,14,0.9237584267744993,0.015817536210128928,0.9998247361853936,0.009361191553604015,0.017208549013819102,0.008638406427790854
2,3.0,1.0,500,15,0.9912739053921396,0.05124739691743327,0.9985112156135342,0.0272835516975512,0.05038864613862456,0.027768835639410426
2,3.0,1.0,500,16,1.0168193395685845,0.041013713515674996,0.9989060865064116,0.023387106422005168,0.004955825174624061,0.021036177580101612
2,3.0,1.0,500,17,1.0009622883872475,0.017466221855392695,0.9998089986941254,0.009772443549965261,0.016594688382784044,0.009416778009326845
2,3.0,1.0,500,18,1.0076738718781397,0.06261890645613723,0.9980442224330801,0.03127121333527028,0.008274896674544492,0.032123078536872414
2,3.0,1.0,500,19,0.9586930160230609,0.02833050905384533,0.9995241659683343,0.015424558853750674,0.030796544566742894,0.015458702486628865
2,3.0,1.0,500,20,1.0058803107153718,0.01736280996018059,0.9998099160124341,0.009748948342409827,0.021160033402854758,0.009622958412419075
2,3.0,1.0,500,21,1.027315021070239,0.052576752769818366,0.9984432684608038,0.02789920732920708,0.06360003096133952,0.029277724797335366
2,3.0,1.0,500,22,1.0266578302394767,0.011946529747706335,0.9999184646661303,0.006384956298587297,0.01453513586651929,0.0066358212868401
2,3.0,1.0,500,23,0.9851062396271826,0.05883062811228616,0.9981410572260854,0.030487233179764258,0.06425241315424628,0.03229463893456063
2,3.0,1.0,500,24,0.9999390200974749,0.0170194977258786,0.9998275728409991,0.009285126789682322,0.0003060061901538649,0.008722116664764298
2,3.0,1.0,500,25,1.0137242608194568,0.02849478106141919,0.9994813928815974,0.01610290530312136,0.03939244589728592,0.016092691950141614
2,3.0,1.0,500,26,1.0654088581412395,0.02202247887322442,0.9997175862478496,0.011883049948357337,0.02694520864259365,0.012253495566350818
2,3.0,1.0,500,27,0.960088280258858,0.031172541516591944,0.9994327480565007,0.01684119864349422,0.018159676907186922,0.016282421301236763
2,3.0,1.0,500,28,1.078950966963427,0.028512685592240808,0.999631718971339,0.013569838404731473,0.00047550179409035383,0.014612083178507094
2,3.0,1.0,500,29,0.9392748886272477,0.015359945234808554,0.9998484757521228,0.008704144066974154,0.019324737539190073,0.008554545859023438
2,3.0,1.0,500,30,0.9994914417353332,0.00942200142510583,0.99995338045666,0.004828019435549409,0.002265637044601145,0.004844678773396684
2,3.0,1.0,500,31,0.9878078780821737,0.08068958477075015,0.9960711849658174,0.04432163712106472,0.03330218337618304,0.04177180840059447
2,3.0,1.0,500,32,0.9253046298439132,0.040886407088790294,0.998857289062469,0.02390304308588125,0.0443337818016034,0.022286363923360177
2,3.0,1.0,500,33,1.095849021275769,0.07378812710637822,0.9973443236905819,0.036439513645341724,0.08496355211901184,0.040848216016887366
2,3.0,1.0,500,34,1.0430142490071106,0.024606129455235458,0.9996553902870828,0.013126494446675357,0.029302004966905826,0.01363834270038291
2,3.0,1.0,500,35,0.9745850226757095,0.04783581978794787,0.9988627981341562,0.023845354535462746,0.011967258974332238,0.024602549189206194
2,3.0,1.0,500,36,1.0997359935425672,0.11137858794550137,0.9934795447539735,0.05709840298128487,0.0369932119866492,0.057456176435035096
2,3.0,1.0,500,37,0.8788078711276271,0.05172209497860618,0.9981237317217891,0.030628975482464363,0.06592989746960165,0.028764972783145437
2,3.0,1.0,500,38,1.11547140277687,0.04338068524627698,0.9989878265478405,0.02249637139806691,0.03700396068771773,0.02318585308665868
2,3.0,1.0,500,39,1.012527522413808,0.020356597621994616,0.9997350550433427,0.011509668906126312,0.025237689353663443,0.011307438471833244
2,3.0,1.0,500,40,0.9894205762576225,0.026464697799485345,0.9995153458307025,0.015566858535002967,0.03180822802466465,0.014690850373755424
2,3.0,1.0,500,41,1.046239162555793,0.04436010338977873,0.9989891076345407,0.02248213029785283,0.05398004987882441,0.024708260428023675
2,3.0,1.0,500,42,1.0276074857519941,0.05103323751220143,0.9982479401718312,0.02959780252120748,0.01476417399378623,0.026278353780856977
2,3.0,1.0,500,43,1.0594845894643066,0.052781606125413966,0.9983934761303139,0.028341875993713978,0.056430355985215175,0.028883732863610373
2,3.0,1.0,500,44,1.0706837740601878,0.14464919671864415,0.9899398439834504,0.07092304285826169,0.06724513164454528,0.07511358717642198
2,3.0,1.0,500,45,1.050371319424234,0.0462922012943381,0.9988759596595627,0.023706964593103914,0.0011403037913484888,0.023724121373304926
2,3.0,1.0,500,46,0.9826741672541697,0.052957749111525836,0.9984906312640393,0.027471519215005066,0.019101983454075915,0.027347729875366718
2,3.0,1.0,500,47,1.062917544383593,0.05210432977030588,0.9983905989384358,0.0283672439757924,0.06064381984373947,0.028843807534464694
2,3.0,1.0,500,48,0.9728867690746583,0.009656165211879581,0.9999460524387649,0.005193628848655043,0.011107366882550412,0.005312540605731506
2,3.0,1.0,500,49,1.0722646665799878,0.08780807833916734,0.9960639868607699,0.04436222007085554,0.0667300244819146,0.04658029037473179
2,3.0,1.0,500,50,1.016967817859412,0.01868197229258912,0.9997751544308835,0.010602961122170103,0.022259798853814246,0.010350760556984771
2,3.0,1.0,500,51,0.9475609398031593,0.06034145279453833,0.9976899082054062,0.033985966181600755,0.03881292826964552,0.03163318126378766
2,3.0,1.0,500,52,1.0156249242618427,0.022017290994634908,0.9996843744400806,0.012562355669208828,0.02309059214869373,0.011969604797674555
2,3.0,1.0,500,53,0.9652164845781452,0.019613455482748156,0.9997582749524938,0.010993749303721148,0.017698309201343708,0.010509682158094853
2,3.0,1.0,500,54,0.9805366672554588,0.027741144987260227,0.9995499681283908,0.015000531184081586,0.03224756804141349,0.015263302320123484
2,3.0,1.0,500,55,1.06108268380409,0.013667475144014332,0.9998914293245049,0.00736785842341877,0.0003965056380533769,0.007004490709676201
2,3.0,1.0,500,56,0.9307931300750805,0.05338932812042414,0.9984994695095893,0.027390970139907506,0.011873778773938855,0.02743817515274578
2,3.0,1.0,500,57,0.9843643000360695,0.02001992484157672,0.9997402113191205,0.011397119830894215,0.013258305419269487,0.01051525545337187
2,3.0,1.0,500,58,1.0405200350380337,0.08693296013459992,0.9952115254502976,0.04893094393991668,0.025319997122740367,0.044775161022679456
2,3.0,1.0,500,59,1.079474081383514,0.01684884117745794,0.9998578951908258,0.008429258839727019,0.010830729639928103,0.008841957628910739
2,3.0,1.0,500,60,0.9348225880124862,0.02913136426546794,0.9994357580849504,0.01679645669552869,0.02863254674662311,0.015725316711686668
2,3.0,1.0,500,61,0.9526940179902349,0.016148554646177968,0.9998366579740681,0.009037201611449682,0.016423997646441063,0.008752865626988574
2,3.0,1.0,500,62,1.0218176190092954,0.05326226424103577,0.9987036123490953,0.02545965092950778,0.023594531242590148,0.0276123019399875
2,3.0,1.0,500,63,0.9610762974180044,0.035242727592346354,0.9990981708420696,0.02123474932663835,0.04980705597569964,0.01996442667661404
2,3.0,1.0,500,64,0.9080586799134445,0.058226922359972205,0.9975295138221372,0.03514602522236942,0.08494857385349472,0.033073241091203784
2,3.0,1.0,500,65,0.9491329846437764,0.047913596201757884,0.9985480872987594,0.026943577168228594,0.03899586860639793,0.025450812618830875
2,3.0,1.0,500,66,1.0221383646888937,0.01929951659378319,0.9997902806126976,0.010240102228552948,0.020392115349783944,0.010525553652371594
2,3.0,1.0,500,67,0.9320536903472145,0.016235340335696607,0.9998123154656392,0.009687221850480446,0.01790085233934799,0.008880567797207075
2,3.0,1.0,500,68,1.1117337615032163,0.02111669484841347,0.9997428163534277,0.011339833477004915,0.021486034596317267,0.01146814732485088
2,3.0,1.0,500,69,0.9360325266416845,0.05702974756787435,0.9979280697134633,0.03218641240132861,0.05900273985962927,0.030900326272203446
2,3.0,1.0,500,70,0.9268459224875003,0.05325365151634303,0.9982961379029789,0.029187857895202847,0.0016956783377971279,0.02729242029683708
2,3.0,1.0,500,71,1.0215511104780024,0.043751194692326904,0.9990007962478208,0.02235177568090803,0.015855292445885485,0.022594505235300946
2,3.0,1.0,500,72,1.071460913483455,0.027246327829872977,0.9995589751718976,0.014849660401878764,0.03245887816915383,0.015105766702948354
2,3.0,1.0,500,73,0.9633944116763996,0.010030735243589897,0.99994370543301,0.0053054013509857886,0.006113786269795461,0.005251123002904454
2,3.0,1.0,500,74,0.955994330561038,0.0156871462938134,0.9998344219484168,0.009098847497988161,0.01442554775645902,0.008420771932118537
2,3.0,1.0,500,75,0.9198647280716896,0.04960264515893677,0.9982879072984574,0.029258269784307567,0.06092161704961843,0.02744627009862907
2,3.0,1.0,500,76,0.898444548629221,0.05271682106441835,0.9979863383551248,0.03173059757454207,0.07688804230984633,0.02996413016907
2,3.0,1.0,500,77,1.0353790165889751,0.02784303515210492,0.9994725078287628,0.016240261254628515,0.03529264455971654,0.015587610379439473
2,3.0,1.0,500,78,0.929967268279533,0.026597367661986566,0.999538366114034,0.015192660826298037,0.035943553720230725,0.014966302177513897
2,3.0,1.0,500,79,0.9663868847724014,0.006420002429364126,0.9999722720765218,0.0037234341325028475,0.0036628561682756897,0.0033516432226180976
2,3.0,1.0,500,80,1.013103837701915,0.06972239125978615,0.9971879533084088,0.037496977822160604,0.004783232348068835,0.03574034963663347
2,3.0,1.0,500,81,0.980111980046951,0.044697019860955645,0.998896097385386,0.02349364397676575,0.007763748353409478,0.022946316644040208
2,3.0,1.0,500,82,1.0131127153418442,0.052794585691628974,0.9985618052214476,0.026815991297661414,0.041187508354491156,0.028034289787868188
2,3.0,1.0,500,83,0.9448125941976632,0.025760855960720183,0.9995356238066508,0.015237719536549647,0.035945865485231106,0.014577126764831463
2,3.0,1.0,500,84,0.998716665250356,0.010688920020917966,0.9999307066489982,0.005886142667393642,0.00028024438819568607,0.0054779516330682254
2,3.0,1.0,500,85,0.9134806460072824,0.018178442197586457,0.9998166892910693,0.009573680298889033,0.002064930564573649,0.00932288777034897
2,3.0,1.0,500,86,0.9629608875467524,0.06847825364935904,0.9971388552422442,0.037822908122961095,0.012797429756000032,0.03516339141240848
2,3.0,1.0,500,87,0.9369362342408731,0.047519740784974264,0.9984590389847652,0.027757530646968693,0.011732240606894047,0.024437725040098338
2,3.0,1.0,500,88,0.9892540534103003,0.0686600496731865,0.9979929284236773,0.03167863299072989,0.0035639248632728074,0.03519159891773406
2,3.0,1.0,500,89,1.0280332282371105,0.03902829996143611,0.9991099790229758,0.02109527170984121,0.03391060661382572,0.020888715963764414
2,3.0,1.0,500,90,0.9425830075482555,0.05553175706663633,0.9984607642852112,0.02774198726469248,0.041211641910429433,0.029323029623913387
2,3.0,1.0,500,91,1.017501745881475,0.01924954072989771,0.9997541161260046,0.011087918515109894,0.01629086129898058,0.01027416228909611
2,3.0,1.0,500,92,0.9778585913570054,0.025817657360698413,0.9994978950159401,0.015844636064926636,0.004694952747896853,0.013256080734228189
2,3.0,1.0,500,93,1.0787633504541772,0.015346041985801282,0.9998426583389456,0.008869657858519415,0.016882005863307712,0.00839230293152379
2,3.0,1.0,500,94,0.8966918775677203,0.033811684464007466,0.9992621457576456,0.019207475658638718,0.043173440355001244,0.018840842648872303
2,3.0,1.0,500,95,1.0134641885337026,0.013400190320400239,0.9998836973537546,0.007625701483972438,0.017991181508880197,0.007542894955812155
2,3.0,1.0,500,96,1.1340332152289734,0.020730263719622517,0.9997198755090111,0.01183478962611662,0.005343258474834527,0.010664842067797973
2,3.0,1.0,500,97,0.9951348149979883,0.06654485592401756,0.9976346402129732,0.03439011331056404,0.016528301596067323,0.03422255586194002
2,3.0,1.0,500,98,0.9259982111963336,0.018932700746114486,0.9997698612987562,0.010727038296840614,0.019685825783747245,0.010284740688783217
2,3.0,1.0,500,99,1.0510415906550912,0.024016934118520905,0.9996136411244609,0.013898900595711979,0.019253044085821465,0.012768389876388042
2,3.0,1.0,2000,0,0.964128502099388,0.014850859052988281,0.9998937410460074,0.007288996981502314,0.0003725406907702826,0.007610872768443523
2,3.0,1.0,2000,1,0.9726902012908198,0.013667176526735299,0.9998943340770796,0.007268628581800889,0.0038007949107698607,0.007035589366062362
2,3.0,1.0,2000,2,1.017800990865837,0.01990013740499013,0.9997895954789525,0.010256815320739398,0.01617701651266038,0.010589235743733948
2,3.0,1.0,2000,3,0.9906471415504561,0.02430352380973453,0.9996653541073667,0.012935337116466229,0.009752917167594534,0.01257213799813968
2,3.0,1.0,2000,4,1.0514201131345078,0.00897794318577401,0.9999436125484258,0.005309776434760281,0.011768370415169116,0.005045074880873566
2,3.0,1.0,2000,5,0.9891593531339359,0.026840583425679555,0.9995546746176935,0.014921886313508244,0.033958526979389135,0.015020376920132384
2,3.0,1.0,2000,6,0.9481572006630627,0.040477038660391144,0.9987763282621618,0.024735316228403918,0.03792853092669216,0.021742566234000876
2,3.0,1.0,2000,7,0.9748142981296274,0.0231091730816505,0.9996865023307171,0.012519937485524168,0.026636200267232627,0.012705049996087526
2,3.0,1.0,2000,8,0.9871019691879362,0.011822663899309601,0.9999188960986373,0.0063680413536156884,0.009171244381858982,0.006265765388995322
2,3.0,1.0,2000,9,0.9911666258494133,0.0019698140505068065,0.9999979357602018,0.0010159330189859548,0.00046923547863962644,0.0010128000410754925
2,3.0,1.0,2000,10,1.0243993516076797,0.008724892502450423,0.9999483708253022,0.005080805777524762,0.009784505191557137,0.004790416772689138
2,3.0,1.0,2000,11,0.963024162263615,0.02372689880648683,0.9996256933429097,0.013680399429298534,0.017214293727942306,0.012520743953527426
2,3.0,1.0,2000,12,1.0267796826569322,0.0170889390877538,0.9998334789222205,0.009124721304771892,0.015643296580240332,0.009181071428464735
2,3.0,1.0,2000,13,1.0198256122581377,0.05299437061799559,0.9984725792905946,0.02763530992593952,0.049177561325041516,0.028547910483236096
2,3.0,1.0,2000,14,0.967623843373306,0.01579001301232324,0.9998423858246227,0.008877335618793938,0.021019272327433263,0.008873057825337505
2,3.0,1.0,2000,15,0.9389006268918214,0.013856437692880471,0.9998640684614384,0.008244135447744183,0.012027954677684485,0.007402749531052625
2,3.0,1.0,2000,16,0.9949358594871466,0.047784333522226614,0.998796196693726,0.024533684051462216,0.002532493399214514,0.024491969891614524
2,3.0,1.0,2000,17,0.9993811257846662,0.023518442325428636,0.9996837613609457,0.01257455047018069,0.012242516032508923,0.012243375239534941
2,3.0,1.0,2000,18,1.0220747911773005,0.01393606220633874,0.999880011228174,0.0077456042961779985,0.01808989429817475,0.007822290515588996
2,3.0,1.0,2000,19,0.9848328287962149,0.005187818394388777,0.9999788108868071,0.003254928047818605,0.0008794998538138503,0.0026630433628364028
2,3.0,1.0,2000,20,1.0091659915601139,0.010455016064344319,0.9999325284214158,0.005808251827542321,0.005508120865489759,0.005443364451717934
2,3.0,1.0,2000,21,1.0064434558424455,0.024485513887884697,0.9996398172804886,0.013419812210151816,0.02986577604591388,0.013620304931381234
2,3.0,1.0,2000,22,1.0532376595109816,0.023305852917871447,0.9997214507521464,0.01180146702434995,0.02192206389259141,0.012556068431609814
2,3.0,1.0,2000,23,1.0077747848638432,0.011622355382608808,0.9999082948578605,0.00677145265580041,0.013177963063712965,0.006391732900024375
2,3.0,1.0,2000,24,0.983193623152866,0.0029373903634596354,0.9999951654313949,0.0015547618153747193,0.0020427222518774146,0.0015472248458361648
2,3.0,1.0,2000,25,0.9942244996517259,0.01687256045140375,0.9998521084932165,0.008599171668933456,0.008008620631687922,0.008758555920200967
2,3.0,1.0,2000,26,1.0298657189980918,0.023154917059623466,0.9997257884968487,0.011709216522709329,0.0011508870711733842,0.011867869415357711
2,3.0,1.0,2000,27,0.995571210570471,0.012722169678301929,0.9999170512615023,0.006440059724009823,0.006973937602037831,0.006632118262090097
2,3.0,1.0,2000,28,1.0282986043311848,0.012932512610292568,0.9999080956414816,0.006778803674632108,0.008143095399207025,0.006779984815136531
2,3.0,1.0,2000,29,0.9684237733523263,0.012641587816030723,0.9998984263868643,0.0071264862707972505,0.017233883567387642,0.00713519302461837
2,3.0,1.0,2000,30,1.0664483053972145,0.015434951462087669,0.9998871566839808,0.007511435149795979,0.018307092441680613,0.008543888437216804
2,3.0,1.0,2000,31,0.9797434116432221,0.03076560182660925,0.9993869484574613,0.017507877406164003,0.019715757808000518,0.01614598706097824
2,3.0,1.0,2000,32,1.0289648242566576,0.007785363676449492,0.9999564018621356,0.004668947304501838,0.006232543930069099,0.004136859934218055
2,3.0,1.0,2000,33,1.0044968157888883,0.009929315584372425,0.9999410894346088,0.005427272122862333,0.005950931857795708,0.00519442247418595
2,3.0,1.0,2000,34,1.003276575240436,0.024839309760180384,0.9996655781941928,0.012931005486953067,0.007240031395863385,0.012791774517061828
2,3.0,1.0,2000,35,0.9552093901858918,0.018548024134326758,0.9997957091407879,0.010106702212197593,0.024455575923783626,0.010403444845153396
2,3.0,1.0,2000,36,1.0217387841514847,0.04151695216332117,0.9991309802848385,0.02084490003767733,0.0290867374374191,0.021892181551318963
2,3.0,1.0,2000,37,0.9841011996990113,0.014959535449370178,0.9998424842141967,0.008874564378130981,0.018969665972597704,0.008341886429479068
2,3.0,1.0,2000,38,1.0634720671416122,0.015476359616993842,0.9998657898508685,0.0081917687080243,0.011272033464731424,0.00817507306932707
2,3.0,1.0,2000,39,0.9770637229259648,0.008088912060924023,0.99995975561168,0.004485776873627863,0.0062666664645255376,0.004286972849253055
2,3.0,1.0,2000,40,0.9584626692651529,0.012768264023441039,0.9998804920639903,0.007730069081508617,0.01703607357335754,0.00718010311510005
2,3.0,1.0,2000,41,1.0649304453951753,0.037946656072716294,0.9991863954586311,0.0201693398673437,0.04308127251738292,0.020910775936111067
2,3.0,1.0,2000,42,1.0089347187662026,0.014857745020934383,0.9998594272712263,0.00838369634390563,0.009574231434489903,0.007794513374587906
2,3.0,1.0,2000,43,1.0182802606628,0.03319872653092329,0.9993883010696673,0.017488552403397126,0.027103076439875237,0.0176777008336015
2,3.0,1.0,2000,44,1.050233505689899,0.028855623689748176,0.9996574112268426,0.013087948142420562,0.004249966848639877,0.014806191066168
2,3.0,1.0,2000,45,1.0535011478566652,0.010560021147991549,0.999925872667816,0.006087993601506209,0.012127844538606785,0.005817034378495343
2,3.0,1.0,2000,46,1.0346915049599101,0.007151607588641343,0.9999688441523797,0.003946887863895491,0.007073732533576745,0.0038668971711061186
2,3.0,1.0,2000,47,1.0458487504698715,0.023391616867073778,0.9996280282223015,0.013637664347288412,0.01935481322826946,0.012464738497437977
2,3.0,1.0,2000,48,0.9761665735724145,0.02527858843739074,0.9995310552927785,0.0153124901178991,0.019277668905853505,0.013378495596669928
2,3.0,1.0,2000,49,1.0602841651579875,0.03129924521586609,0.9995047743901699,0.015735717489680424,0.032923356754747425,0.01707253841588875
2,3.0,1.0,2000,50,0.9819445295512652,0.0381990174484545,0.9989896842112493,0.022475717883425162,0.024782023226161826,0.020039134692966514
2,3.0,1.0,2000,51,1.0214914878291304,0.007141220038678332,0.9999674899895992,0.004031749645058419,0.0014679445737947072,0.0036686580007333266
2,3.0,1.0,2000,52,1.0260492554748226,0.005770950940341854,0.9999768993493973,0.0033985769523875256,0.006936615375686938,0.0031951622906095595
2,3.0,1.0,2000,53,1.023673528286319,0.02114058045116937,0.9997518505888257,0.01113888260047721,0.006644337972649562,0.010896424622600915
2,3.0,1.0,2000,54,1.0207570407496183,0.014165141727137717,0.9998927810577544,0.0073218488869162155,0.011012004544912796,0.007507854105894465
2,3.0,1.0,2000,55,1.0308266191110556,0.008868349819695876,0.9999574621904028,0.004611822286105872,0.0033138566042682904,0.0045814514240309035
2,3.0,1.0,2000,56,1.0062276749288448,0.010747596362679638,0.9999341464176532,0.005738187098155016,0.009720705322611028,0.005766582203704369
2,3.0,1.0,2000,57,0.9543761516943267,0.02308037142834983,0.9996619171167345,0.013001593811250904,0.020673257084283903,0.012358178049875225
2,3.0,1.0,2000,58,1.0193873246452518,0.02535097374591422,0.9996792440340203,0.01266404291645746,0.015727821967125594,0.01328387356325016
2,3.0,1.0,2000,59,1.0105846356956694,0.011518954317489921,0.9999211157568264,0.006280296297689028,0.011135117668926692,0.006219326616100585
2,3.0,1.0,2000,60,0.9884048290860511,0.008312141304177022,0.9999570253329572,0.00463544318500503,0.006809054482135337,0.004424112457905252
2,3.0,1.0,2000,61,1.0068003611753304,0.01180184829911573,0.9999266207357338,0.006057196722335603,0.004370150199854724,0.006096386656269151
2,3.0,1.0,2000,62,1.0059957980692478,0.009699632754691724,0.9999467158094183,0.005161598133411458,0.002780051365236513,0.004994545770327354
2,3.0,1.0,2000,63,0.9528090482718836,0.011608320195544749,0.9999210246017501,0.006283923863710566,0.012216854763884554,0.006316948276767291
2,3.0,1.0,2000,64,1.0102892955455838,0.019330891552618412,0.9998005092807942,0.0099872598645927,0.009438103371531064,0.010041889384921626
2,3.0,1.0,2000,65,0.9872886067594826,0.025829392948123326,0.9995519251699457,0.014967879443231122,0.013585500115566427,0.013445695154826586
2,3.0,1.0,2000,66,1.0338884445082992,0.024347534994861704,0.9996091290945857,0.013979823057076833,0.009028049852095868,0.01257771566068086
2,3.0,1.0,2000,67,0.9724489298807115,0.011412976196084966,0.9999152006296377,0.00651150406443463,0.0049540727661601175,0.005912341177448031
2,3.0,1.0,2000,68,1.0306115956658184,0.013168486447029134,0.9999021664626739,0.006994052377774747,0.012276844025808083,0.007085629525633657
2,3.0,1.0,2000,69,0.9889876999766406,0.024308983737941072,0.9996318732838705,0.013566995174492825,0.022966582233400812,0.01307607960119323
2,3.0,1.0,2000,70,0.951923807385129,0.015493300222561858,0.9998384672588456,0.00898701121492807,0.020957197392257012,0.008730180984310793
2,3.0,1.0,2000,71,1.0195769148925562,0.026597043931699357,0.9995197151581994,0.015496529317891432,0.016475551636942636,0.01393609118621867
2,3.0,1.0,2000,72,1.0149480855328143,0.015842490983470868,0.9998888500026992,0.007454864093352651,0.00792715128584605,0.008237202666593457
2,3.0,1.0,2000,73,0.9834872935365009,0.0017693645863850122,0.9999979505190026,0.0010122946698915248,0.002259212859867487,0.0009892846704117558
2,3.0,1.0,2000,74,1.0369661989130066,0.022585191421919587,0.9997217538253222,0.011795045033353904,0.015949356778641514,0.011910580719989978
2,3.0,1.0,2000,75,0.9698611031468833,0.02476347039344569,0.9995763232227277,0.014554668963467991,0.03414160462453428,0.013984940787578063
2,3.0,1.0,2000,76,0.9637969427437582,0.026943818327873653,0.9995582724095702,0.01486148697859261,0.03237384120325433,0.01489147364350172
2,3.0,1.0,2000,77,1.0208447276274621,0.022241028306960856,0.9997280583630933,0.0116606525740778,0.01088228251946235,0.01155728169312929
2,3.0,1.0,2000,78,0.9870318939209063,0.018606589727794644,0.9997491847690274,0.011198554169457935,0.00989258728341689,0.009689596686065307
2,3.0,1.0,2000,79,1.0278778645230797,0.032131215505267,0.999326251562065,0.018354133566243647,0.04037917098400226,0.01797010025816626
2,3.0,1.0,2000,80,1.0403340544836361,0.02524164568921409,0.9995800206727944,0.014491020102215531,0.03022546075578197,0.014002744065949577
2,3.0,1.0,2000,81,0.9908500287193276,0.019797749084811883,0.999737523350747,0.011455929670984326,0.0010955005493938543,0.010147529338622516
2,3.0,1.0,2000,82,0.9935369898682669,0.02283664746877457,0.9996990228014212,0.01226737947930922,0.0021688453338527375,0.011709216848169855
2,3.0,1.0,2000,83,0.9578611188486404,0.020607565631470242,0.9996990846035108,0.012266119934381953,0.027888223129333246,0.011606308967953224
2,3.0,1.0,2000,84,0.9971220006155541,0.03092650502726636,0.9995521471265176,0.01496417176930312,0.008563960156688089,0.01592005454677975
2,3.0,1.0,2000,85,0.9690529864837872,0.004815632152793716,0.9999884333975588,0.0024048495213899413,0.0013079164927440128,0.0024784275580012256
2,3.0,1.0,2000,86,1.000950570462612,0.06788037674786378,0.9975711691113045,0.03484846401705148,0.017487325146053265,0.034922950604649505
2,3.0,1.0,2000,87,0.9714036470447156,0.027820903000973667,0.9996738265554617,0.012770541189359842,0.00906798059107593,0.014346036797234145
2,3.0,1.0,2000,88,0.9783063104226988,0.007895468791658646,0.9999557482322591,0.0047038158839867415,0.007363603871915526,0.004244899793851041
2,3.0,1.0,2000,89,0.9862171404348203,0.03345363208295852,0.9994006361028528,0.017311324287113468,0.015752116340108122,0.0173671634352934
2,3.0,1.0,2000,90,0.9844392538165038,0.004864035749627369,0.999985453101482,0.0026969333063791095,0.004160950891761323,0.002596354163746869
2,3.0,1.0,2000,91,1.0199270795036854,0.016909601859111906,0.9998329811624811,0.009138348798304845,0.0005675871304514557,0.008666203253404742
2,3.0,1.0,2000,92,1.0087597686715897,0.010118137208342476,0.999936829052975,0.005620095507418425,0.011904481251095337,0.0055834026290903045
2,3.0,1.0,2000,93,1.0191663261138353,0.00865744967861279,0.9999529172067264,0.004851947715794856,0.010833193276807818,0.004828187719939269
2,3.0,1.0,2000,94,0.9620562029088151,0.008964689269971604,0.9999485264110965,0.005073144434342198,0.012142016284427569,0.005056242269224546
2,3.0,1.0,2000,95,0.974544210710211,0.01994754237899587,0.9997118351357899,0.012003434179646588,0.026784297763101615,0.011220543847739878
2,3.0,1.0,2000,96,1.0055330015468869,0.011284230194615129,0.9999304557156605,0.00589679083652641,0.00830895602089049,0.005964038909880854
2,3.0,1.0,2000,97,0.9858746737800115,0.005081708663273129,0.9999833328837113,0.002886790284082083,0.00555415760079751,0.002778652133438279
2,3.0,1.0,2000,98,0.983020166261395,0.027693035491012253,0.999514898302992,0.015574044063890818,0.0037794352204071555,0.014207245670054148
2,3.0,1.0,2000,99,1.0413953515882828,0.017016231215616098,0.9998218051271265,0.009439143840239677,0.013889810894033433,0.009056671267796192
2,3.0,1.0,10000,0,0.9966276439065279,0.010153949999443891,0.9999417115479258,0.005398539250308505,0.011226667538238462,0.0055654556870223994
2,3.0,1.0,10000,1,0.986049494099873,0.0015089643199097647,0.9999987471189801,0.0007914799491732685,0.0008647250110802395,0.0007879389410305487
2,3.0,1.0,10000,2,1.0279724182779437,0.009503289204318055,0.9999490964529498,0.005044975076752359,0.005054225821213348,0.004950103552395671
2,3.0,1.0,10000,3,1.0086138149924055,0.007585358987071656,0.9999706833301527,0.0038286204987826927,0.006463536056289422,0.004049294112126978
2,3.0,1.0,10000,4,1.011505760320448,0.0018067644183198325,0.9999981790154915,0.0009541971778682811,0.0014120411211104426,0.0009583296963427478
2,3.0,1.0,10000,5,1.0010735959974588,0.01863633255830015,0.9997944648857546,0.010137433458360545,0.016851267589628172,0.010001936587651975
2,3.0,1.0,10000,6,0.9852225252430632,0.014434539874264412,0.9998457603030126,0.00878179073388103,0.011902143772153947,0.007681494463392085
2,3.0,1.0,10000,7,0.9869959806311983,0.010194778229003328,0.9999346576417781,0.0057158708095081424,0.013416644937186601,0.005721360899081638
2,3.0,1.0,10000,8,0.9983228297132006,0.00923739792180353,0.9999418880037246,0.0053903615961904535,0.0075598724819494,0.004913843698111919
2,3.0,1.0,10000,9,0.9889661642804942,0.010260480492901502,0.9999351019700824,0.005696403686430271,0.0044063802020988955,0.005314130826481529
2,3.0,1.0,10000,10,1.0109699976837483,0.009943068019614129,0.9999523756337413,0.004879772856327226,0.008933918936079185,0.005331677961235102
2,3.0,1.0,10000,11,0.9857465491688655,0.009028427352160296,0.9999494115419674,0.005029336836632587,0.0003536531754223772,0.004627196117732191
2,3.0,1.0,10000,12,0.9966365239103905,0.007871176924002583,0.9999593484287975,0.0045084127585279165,0.008016570926621067,0.0042687878926511895
2,3.0,1.0,10000,13,1.0149162679685886,0.008933218223419248,0.9999487131314645,0.005063934662665791,0.011133725660252365,0.004979005458427018
2,3.0,1.0,10000,14,0.9886829422638025,0.005754158272760393,0.999977238368615,0.0033735464562599346,0.007734837122520369,0.003242355212221118
2,3.0,1.0,10000,15,0.9861899360919965,0.0038875966917472334,0.9999907932365641,0.002145549281181397,0.0049768366174142,0.002173354025102982
2,3.0,1.0,10000,16,0.9945749272716808,0.007927677942772096,0.9999679933128586,0.004000417924507549,0.002008679535200944,0.004077877132375881
2,3.0,1.0,10000,17,0.981281322943788,0.004793986487485203,0.9999863117751984,0.0026161254558605073,0.005672895538056803,0.002650587753225334
2,3.0,1.0,10000,18,1.0078747983386902,0.00990222434227195,0.9999407031569791,0.005445036410382746,0.012490448109968539,0.005529995403194263
2,3.0,1.0,10000,19,0.9931521851868813,0.0042944213566519325,0.999988587146784,0.0023888128030437913,0.004304581401689713,0.002326491154204255
2,3.0,1.0,10000,20,1.013191106903938,0.0005899647378328508,0.9999997880931832,0.00032550485156843004,0.000741192153015932,0.0003289465473351891
2,3.0,1.0,10000,21,1.003994158348632,0.007414231613617698,0.9999676576220877,0.004021341686067215,0.008806930406562418,0.004102371813800923
2,3.0,1.0,10000,22,1.0270854729268657,0.012370011330386411,0.9999114548572631,0.00665376369947293,0.015848690863262616,0.006927183521745711
2,3.0,1.0,10000,23,1.0090709612033066,0.00518674337965383,0.9999825421940255,0.0029544716934211154,0.0031512035827530784,0.0027147588617856162
2,3.0,1.0,10000,24,1.0009137515899313,0.013972492591683717,0.9998731757627561,0.007963172648001502,0.013186000395657193,0.007527152697235989
2,3.0,1.0,10000,25,0.997176291691449,0.00742238314601578,0.9999684371345233,0.003972585145514577,0.0018041725866069134,0.003816783026080131
2,3.0,1.0,10000,26,1.0035587281384188,0.010187952603099732,0.9999307128648297,0.005885878658717345,0.009814873471182914,0.005493566203703263
2,3.0,1.0,10000,27,1.0071454381068634,0.007454926417474131,0.9999684397100941,0.0039724230581469995,0.004255862329129626,0.0038925516625321907
2,3.0,1.0,10000,28,0.9917903097792542,0.005691800818586951,0.9999783535739726,0.0032898651968887816,0.0030042317646539417,0.002963957803001953
2,3.0,1.0,10000,29,0.983006311458212,0.010161794747965247,0.9999372042049061,0.005603382687894582,0.00994118834464635,0.0054876925984451265
2,3.0,1.0,10000,30,1.0079519068015468,0.011046628233979701,0.9999235488335686,0.006182684143292141,0.004341903117920141,0.005711971430985775
2,3.0,1.0,10000,31,0.9862706935894059,0.011105604351928883,0.9999310586718586,0.005871172291002872,0.0028816400198480837,0.005713487506737015
2,3.0,1.0,10000,32,0.9980902755299008,0.005829641373180604,0.9999800407238448,0.003159056517002377,0.004064704701413987,0.0030712609704871894
2,3.0,1.0,10000,33,0.987798554393373,0.007190855937499906,0.9999712284725764,0.0037928569326824207,0.0023952033380269487,0.0037087729827031224
2,3.0,1.0,10000,34,1.0033889600674308,0.007250185253993529,0.9999630840066362,0.004296277072281161,0.007409268884723487,0.0039365281653338064
2,3.0,1.0,10000,35,0.9876324117654309,0.005977785604458531,0.9999770708201969,0.0033859400321908954,0.005053475662884129,0.0031878296229404944
2,3.0,1.0,10000,36,0.9977492779414763,0.010455012397694535,0.9999337544238023,0.005755240055710772,0.0001201064533360355,0.005357903198421742
2,3.0,1.0,10000,37,1.0060976762794795,0.006520483724446523,0.9999709945706179,0.0038082429926507427,0.008154116499144819,0.0036310831943428303
2,3.0,1.0,10000,38,1.0076432705188179,0.003875486140143662,0.999991762196882,0.002029507713455884,0.0031391718183190237,0.0020607898384939595
2,3.0,1.0,10000,39,1.0107867234731214,0.011344097748527408,0.9999171240533666,0.006437233358883263,0.007314072897743155,0.0059535469615377675
2,3.0,1.0,10000,40,0.971642704855696,0.007273586949981609,0.9999707071663726,0.0038270637326385318,0.0069511768068415535,0.003919556901432127
2,3.0,1.0,10000,41,0.9962378903441605,0.006099776611172917,0.9999794137082925,0.0032082932929799273,0.0029577367454602602,0.0031685843497519187
2,3.0,1.0,10000,42,1.025671285324686,0.008485288019069502,0.9999497025843752,0.005014848732754002,0.010925837192648558,0.004753833724215159
2,3.0,1.0,10000,43,1.0085349858106054,0.00384290985101915,0.999990839237338,0.0021401825461875887,0.0021571516806726397,0.0020052636088632846
2,3.0,1.0,10000,44,0.9982389907722138,0.006467441332475769,0.9999740911732824,0.0035992239939750697,0.0028537625908812325,0.0033518385541970097
2,3.0,1.0,10000,45,0.9980107186280407,0.005932704712975445,0.9999760539529194,0.003460205707797256,0.007978661083437465,0.0033431729651920428
2,3.0,1.0,10000,46,1.0090038128443153,0.007509317067754244,0.9999668894519869,0.004068817273670328,0.00014276460185481897,0.0038483676604763096
2,3.0,1.0,10000,47,1.0061464937137716,0.0025433586284179235,0.9999958560550084,0.001439434783448564,0.0006444204345208784,0.0013082529118414916
2,3.0,1.0,10000,48,0.9818013993778848,0.014844441285918268,0.999878146803486,0.007805549196371182,0.009252599061420348,0.007776106722089372
2,3.0,1.0,10000,49,1.0282290482394654,0.01891600841761156,0.999768969115171,0.01074781105223342,0.024012502975428944,0.0105835628009866
2,3.0,1.0,10000,50,1.0081277722229336,0.015276221582619843,0.9998771602710471,0.007837082650861825,0.003880196192223809,0.007857839179992616
2,3.0,1.0,10000,51,0.9919586568117792,0.008805552339394052,0.9999528580137286,0.004854996718404526,0.0057754463569577915,0.0046248653293021295
2,3.0,1.0,10000,52,0.9942155405168847,0.0036826024246351245,0.9999917659348715,0.0020290472060229127,0.004933104181396487,0.0020743065551863432
2,3.0,1.0,10000,53,1.010622785735806,0.007749611477801577,0.9999688951234202,0.003943657983380156,0.00309972203860835,0.004008378382195591
2,3.0,1.0,10000,54,1.0119850767032295,0.0039811577270902595,0.9999891469407456,0.0023294912807784174,0.00523271167509137,0.0022370499168435864
2,3.0,1.0,10000,55,0.9932865324730525,0.002824871375748062,0.9999947861303551,0.0016146005148010819,0.00024060825581071903,0.0014482684482566325
2,3.0,1.0,10000,56,0.9955928436839534,0.010170000982704222,0.9999427140123137,0.005351914969722275,0.00454082127041457,0.005272234922457235
2,3.0,1.0,10000,57,1.0014773939215258,0.004782424819459326,0.9999880050728935,0.002448971938026025,0.0025229225168413912,0.002490164002439097
2,3.0,1.0,10000,58,1.013013689276415,0.005475970138555482,0.999979219605363,0.0032233828997634078,0.0047272011500564355,0.0029260678788250805
2,3.0,1.0,10000,59,1.004362662529612,0.005476645916440073,0.9999831065299607,0.0029063267228033444,0.00259001801532134,0.002843025704050255
2,3.0,1.0,10000,60,0.9867861438981016,0.0034936013757278484,0.999992994216374,0.0018716014033306491,0.002925204144367049,0.0018618502099720649
2,3.0,1.0,10000,61,1.0154522032732525,0.01152136497906986,0.9999202561667322,0.006314421322172882,0.014622593247794335,0.006441534720481258
2,3.0,1.0,10000,62,1.0104089647673709,0.002030967121552214,0.9999979075870643,0.0010228423475312138,1.4026342579466997e-05,0.0010408090771511999
2,3.0,1.0,10000,63,0.9851380424238715,0.009974992452954108,0.9999450023721406,0.005243931152267918,0.006743558708707168,0.0052470389963479806
2,3.0,1.0,10000,64,1.0008609253435559,0.009067531781898768,0.9999451042303956,0.005239072895293244,0.011722541065987167,0.005074588266641028
2,3.0,1.0,10000,65,0.9975256767829558,0.009316770760919866,0.9999426317896447,0.0053557543985499854,0.006709543909987701,0.0049158001601548205
2,3.0,1.0,10000,66,0.9903546183882865,0.011965755514486242,0.9998993644445693,0.007093502499844668,0.000927446584063862,0.006134217351216316
2,3.0,1.0,10000,67,1.0004657378219375,0.005945973671795501,0.9999775985306774,0.003346749865358787,0.006199436349457703,0.003235389514445022
2,3.0,1.0,10000,68,0.9966070119879591,0.005582312181946867,0.9999847120822429,0.002764771035465904,0.002896460741920261,0.0029053963862630443
2,3.0,1.0,10000,69,0.9840227398785564,0.011656133500312195,0.9999140921923825,0.006553922780193611,0.015173012815132895,0.006528830645725599
2,3.0,1.0,10000,70,0.989858214958746,0.014053544527395167,0.9998629405326976,0.008278268759298116,0.01208882219824339,0.007502640389349199
2,3.0,1.0,10000,71,1.0005458790313104,0.016390591297182042,0.9998710626934328,0.008029237403615575,0.007231968021146771,0.008493743598502934
2,3.0,1.0,10000,72,1.0114936146491074,0.01320119944900642,0.9999030906882374,0.006960937859322971,0.002218004809178574,0.006776334557265392
2,3.0,1.0,10000,73,1.0191737097935545,0.014072238956304491,0.9998771591477265,0.0078371184842901,0.01722891270761457,0.007825360622283374
2,3.0,1.0,10000,74,1.0233542074434017,0.014390956016172187,0.999877100710242,0.007838982387978043,0.012641978334419109,0.0077030755022413615
2,3.0,1.0,10000,75,0.9960872761798198,0.010587292256437035,0.9999332482554011,0.0057771854998243015,0.013513319036736122,0.005912225572621964
2,3.0,1.0,10000,76,0.9944462069943074,0.003047249009482761,0.9999940882419768,0.0017192669983539545,0.0035732146814209504,0.0016816677144659744
2,3.0,1.0,10000,77,1.0028125879768401,0.002924947060794845,0.9999949182370549,0.0015940142635902203,4.570604927268246e-06,0.0014989427418443822
2,3.0,1.0,10000,78,1.0202399082092302,0.008765678613902766,0.999960539972022,0.004441848037584529,0.011230098681585735,0.004907008401439577
2,3.0,1.0,10000,79,0.9946731835719983,0.009912722472208299,0.9999421187536676,0.005379648981692849,0.01060610003291568,0.005411293557522876
2,3.0,1.0,10000,80,1.0095835821025219,0.008642649646872384,0.9999576674750033,0.004600680655984659,0.00768964102885834,0.00463023490849783
2,3.0,1.0,10000,81,0.9860909307389064,0.005911326661731435,0.9999798848081968,0.003171371296721758,0.0007390336345314537,0.0030321261623144796
2,3.0,1.0,10000,82,1.0064126363902508,0.007536924393156858,0.9999698387115998,0.0038833805118803737,0.0035357679509404015,0.0039118008248291225
2,3.0,1.0,10000,83,0.9850478783510322,0.015267738796452341,0.9998320409754138,0.009164033625706874,0.013426816202411478,0.008164884518749435
2,3.0,1.0,10000,84,1.0052071928998216,0.0027833209518120677,0.9999960185741981,0.0014109262563888482,0.0012438921470239574,0.0014428827746149058
2,3.0,1.0,10000,85,0.9842333748865693,0.009989387815165885,0.9999454829916832,0.005220967741557539,0.003871238296693037,0.005163675292710847
2,3.0,1.0,10000,86,1.0029724059152028,0.00875351974412794,0.99995143945216,0.004927501792995326,0.0009472496779545816,0.004488962769958353
2,3.0,1.0,10000,87,0.9852931580985158,0.0018141295263944548,0.9999976740610361,0.0010784106277064965,0.00235077079934086,0.0010163778833150944
2,3.0,1.0,10000,88,1.004810926001093,0.00833765895344713,0.9999619202333119,0.004363471478544675,0.007498070491734811,0.00447090760126443
2,3.0,1.0,10000,89,0.9719838768346879,0.008469633407308974,0.9999541609162708,0.0047874358339913044,0.008180211496988195,0.004568477925312153
2,3.0,1.0,10000,90,0.9866531745315168,0.006634519607894225,0.9999742487669863,0.003588260930716785,0.0040689418023168045,0.003473401055358006
2,3.0,1.0,10000,91,1.003310351402967,0.004749771404916401,0.9999849698717169,0.0027413617312388268,0.0016491620406163467,0.0024511150961524014
2,3.0,1.0,10000,92,0.9926036975779823,0.017619386644736654,0.999780549615667,0.010474979339669593,0.01731178412575601,0.009515833692498688
2,3.0,1.0,10000,93,1.0102409396952972,0.006690161368483865,0.9999774328027892,0.0033591068166169817,0.0028649265526051715,0.0034650240566565563
2,3.0,1.0,10000,94,0.982821688007067,0.007775773556399569,0.9999668968861988,0.00406836046837654,0.008043127421895486,0.004224146683735593
2,3.0,1.0,10000,95,0.9796277546528058,0.011943063959764135,0.9999078995653063,0.006786031045231727,0.015766608857550626,0.0067047514178672375
2,3.0,1.0,10000,96,1.0022993269516973,0.003800345544759664,0.999990608440458,0.002166974797050954,0.0044843304528467435,0.0021002030950225763
2,3.0,1.0,10000,97,1.0032690325064142,0.01996417372395097,0.9997552629498853,0.0110620307836041,0.0017232716660998955,0.010235437771696514
2,3.0,1.0,10000,98,1.0121115504977976,0.01044117639919809,0.9999225670287353,0.006222257277899833,0.013513714525327894,0.00585571432487148
2,3.0,1.0,10000,99,1.0085055755019088,0.013293692489159176,0.9998938205177732,0.007286270727429546,0.008413390241852762,0.006970967502326853
2,3.0,2.0,500,0,0.9934761929137903,0.020648736280785528,0.9997375390540955,0.011455586975455219,0.024326634093519425,0.02270636744458524
2,3.0,2.0,500,1,0.9470197164132326,0.06708346607272415,0.9966514508388126,0.04091790049102878,0.04399399435392658,0.06177054990420575
2,3.0,2.0,500,2,1.0217183205342275,0.028557790795252374,0.9994822987706569,0.016088835093678762,0.013907121222084387,0.025288452728062145
2,3.0,2.0,500,3,1.0179522436944435,0.07678088941083057,0.996820324860076,0.039872767272437666,0.07265954746253386,0.07826333741952078
2,3.0,2.0,500,4,0.9237584267744993,0.01581753621012894,0.9998247361853935,0.009361191553603989,0.017208549013819102,0.016743544835191387
2,3.0,2.0,500,5,0.9912739053921397,0.05124739691743327,0.9985112156135341,0.0272835516975512,0.05038864613862495,0.05277668751920172
2,3.0,2.0,500,6,1.0168193395685847,0.04101371351567505,0.9989060865064117,0.023387106422005196,0.004955825174623548,0.0343797597485268
2,3.0,2.0,500,7,1.0009622883872475,0.017466221855392934,0.9998089986941255,0.009772443549965395,0.0165946883827843,0.017712344117522292
2,3.0,2.0,500,8,1.0076738718781393,0.06261890645613721,0.9980442224330801,0.03127121333527028,0.008274896674544107,0.052529679542646944
2,3.0,2.0,500,9,0.9586930160230609,0.02833050905384533,0.9995241659683343,0.015424558853750676,0.030796544566743016,0.02992045098150453
2,3.0,2.0,500,10,1.0058803107153718,0.017362809960180654,0.9998099160124341,0.009748948342409858,0.021160033402854633,0.01923071331793703
2,3.0,2.0,500,11,1.0273150210702395,0.052576752769818325,0.9984432684608038,0.027899207329207067,0.06360003096133991,0.0588361197639963
2,3.0,2.0,500,12,1.0266578302394773,0.011946529747706356,0.9999184646661302,0.006384956298587314,0.014535135866519675,0.013299797197235914
2,3.0,2.0,500,13,0.9851062396271822,0.05883062811228603,0.9981410572260854,0.030487233179764192,0.06425241315424642,0.06308534088111571
2,3.0,2.0,500,14,0.9999390200974759,0.017019497725878612,0.9998275728409991,0.009285126789682328,0.00030600619015348025,0.014213814597034186
2,3.0,2.0,500,15,1.0137242608194565,0.028494781061419235,0.9994813928815974,0.01610290530312138,0.03939244589728591,0.033339533957759765
2,3.0,2.0,500,16,1.0654088581412393,0.022022478873224477,0.9997175862478496,0.011883049948357354,0.02694520864259365,0.024626882450045958
2,3.0,2.0,500,17,0.9600882802588575,0.03117254151659205,0.9994327480565007,0.01684119864349429,0.018159676907187436,0.02820357296540345
2,3.0,2.0,500,18,1.0789509669634267,0.0285126855922408,0.999631718971339,0.013569838404731482,0.00047550179408984095,0.02381205851010807
2,3.0,2.0,500,19,0.9392748886272477,0.015359945234808514,0.9998484757521227,0.008704144066974133,0.019324737539189944,0.017257503491582078
2,3.0,2.0,500,20,0.9994914417353336,0.009422001425106035,0.99995338045666,0.004828019435549514,0.002265637044601658,0.007985193718576481
2,3.0,2.0,500,21,0.9878078780821735,0.0806895847707501,0.9960711849658174,0.04432163712106471,0.03330218337618279,0.07036840967246472
2,3.0,2.0,500,22,0.9253046298439132,0.040886407088790294,0.998857289062469,0.02390304308588125,0.044333781801603266,0.043054753824426764
2,3.0,2.0,500,23,1.0958490212757694,0.07378812710637846,0.9973443236905819,0.03643951364534184,0.08496355211901196,0.08108339998671069
2,3.0,2.0,500,24,1.0430142490071104,0.024606129455235506,0.9996553902870828,0.013126494446675371,0.029302004966905954,0.027203283255014084
2,3.0,2.0,500,25,0.9745850226757095,0.04783581978794787,0.9988627981341562,0.023845354535462743,0.011967258974332238,0.04058483998690363
2,3.0,2.0,500,26,1.0997359935425668,0.11137858794550132,0.9934795447539735,0.057098402981284845,0.03699321198664932,0.09570472233838535
2,3.0,2.0,500,27,0.8788078711276271,0.05172209497860618,0.9981237317217891,0.030628975482464363,0.06592989746960176,0.0579733758057466
2,3.0,2.0,500,28,1.11547140277687,0.04338068524627685,0.9989878265478405,0.02249637139806684,0.03700396068771799,0.04268391323366886
2,3.0,2.0,500,29,1.012527522413808,0.020356597621994602,0.9997350550433428,0.011509668906126305,0.025237689353663825,0.02269997331239796
2,3.0,2.0,500,30,0.9894205762576225,0.0264646977994852,0.9995153458307025,0.01556685853500289,0.03180822802466413,0.029386693635732035
2,3.0,2.0,500,31,1.0462391625557927,0.044360103389778666,0.9989891076345407,0.022482130297852804,0.053980049878824536,0.04969821080493405
2,3.0,2.0,500,32,1.0276074857519937,0.05103323751220126,0.9982479401718312,0.02959780252120743,0.014764173993786869,0.04352288090778364
2,3.0,2.0,500,33,1.0594845894643066,0.052781606125413966,0.9983934761303139,0.028341875993713985,0.05643035598521505,0.056073828083103794
2,3.0,2.0,500,34,1.070683774060188,0.14464919671864424,0.9899398439834503,0.07092304285826172,0.06724513164454567,0.12769537366777545
2,3.0,2.0,500,35,1.050371319424234,0.04629220129433832,0.9988759596595627,0.023706964593104035,0.0011403037913484888,0.03866371875122564
2,3.0,2.0,500,36,0.9826741672541697,0.05295774911152585,0.9984906312640391,0.027471519215005073,0.019101983454075915,0.04571391444133449
2,3.0,2.0,500,37,1.062917544383593,0.05210432977030588,0.9983905989384357,0.028367243975792402,0.0606438198437396,0.05731507998193021
2,3.0,2.0,500,38,0.9728867690746583,0.009656165211879581,0.9999460524387649,0.005193628848655051,0.011107366882550412,0.010456414674709707
2,3.0,2.0,500,39,1.072264666579988,0.08780807833916708,0.9960639868607699,0.04436222007085541,0.06673002448191474,0.0840718115185327
2,3.0,2.0,500,40,1.016967817859411,0.018681972292588847,0.9997751544308835,0.010602961122169956,0.022259798853813986,0.020636150112195117
2,3.0,2.0,500,41,0.9475609398031594,0.0603414527945383,0.9976899082054062,0.03398596618160074,0.03881292826964527,0.055394553014813996
2,3.0,2.0,500,42,1.015624924261843,0.022017290994634904,0.9996843744400805,0.012562355669208826,0.02309059214869373,0.022973997349553806
2,3.0,2.0,500,43,0.9652164845781445,0.01961345548274812,0.9997582749524938,0.010993749303721136,0.017698309201344218,0.019498822803483508
2,3.0,2.0,500,44,0.9805366672554588,0.027741144987260227,0.9995499681283908,0.015000531184081579,0.03224756804141362,0.030068891415013614
2,3.0,2.0,500,45,1.0610826838040905,0.013667475144014292,0.9998914293245049,0.007367858423418748,0.00039650563805324865,0.011415913426875755
2,3.0,2.0,500,46,0.9307931300750802,0.05338932812042415,0.9984994695095895,0.02739097013990751,0.011873778773938984,0.04514810682954278
2,3.0,2.0,500,47,0.9843643000360695,0.02001992484157685,0.9997402113191205,0.011397119830894297,0.013258305419269744,0.018507606610595737
2,3.0,2.0,500,48,1.040520035038034,0.0869329601345999,0.9952115254502976,0.04893094393991666,0.025319997122741012,0.07420607249924771
2,3.0,2.0,500,49,1.0794740813835142,0.016848841177457878,0.9998578951908257,0.008429258839726984,0.01083072963992836,0.015517774490537616
2,3.0,2.0,500,50,0.9348225880124861,0.02913136426546781,0.9994357580849504,0.01679645669552861,0.028632546746622727,0.0297037547891135
2,3.0,2.0,500,51,0.9526940179902348,0.016148554646177943,0.9998366579740681,0.009037201611449674,0.016423997646440935,0.016683809047024996
2,3.0,2.0,500,52,1.0218176190092954,0.05326226424103582,0.9987036123490951,0.0254596509295078,0.02359453124259002,0.04672730552091878
2,3.0,2.0,500,53,0.9610762974180055,0.035242727592346236,0.9990981708420696,0.021234749326638276,0.04980705597569926,0.041602357197861574
2,3.0,2.0,500,54,0.908058679913444,0.05822692235997229,0.9975295138221372,0.03514602522236947,0.08494857385349511,0.06934452051549635
2,3.0,2.0,500,55,0.9491329846437759,0.0479135962017578,0.9985480872987594,0.026943577168228545,0.03899586860639818,0.046210064697637096
2,3.0,2.0,500,56,1.022138364688893,0.0192995165937831,0.9997902806126975,0.010240102228552912,0.020392115349783815,0.020314101162963425
2,3.0,2.0,500,57,0.9320536903472142,0.016235340335696714,0.9998123154656391,0.00968722185048051,0.017900852339348117,0.01727177349397071
2,3.0,2.0,500,58,1.111733761503217,0.021116694848413643,0.9997428163534277,0.011339833477005004,0.02148603459631752,0.02192852679107624
2,3.0,2.0,500,59,0.9360325266416845,0.0570297475678743,0.9979280697134632,0.032186412401328565,0.05900273985962927,0.058925992554786054
2,3.0,2.0,500,60,0.9268459224875003,0.05325365151634304,0.9982961379029789,0.02918785789520284,0.0016956783377972558,0.044482712384962854
2,3.0,2.0,500,61,1.0215511104780033,0.043751194692326974,0.9990007962478208,0.022351775680908053,0.015855292445885998,0.03777530257851822
2,3.0,2.0,500,62,1.0714609134834552,0.02724632782987305,0.9995589751718977,0.014849660401878803,0.03245887816915383,0.0301420336635275
2,3.0,2.0,500,63,0.9633944116763994,0.010030735243589708,0.9999437054330099,0.00530540135098569,0.006113786269795075,0.009152377357395339
2,3.0,2.0,500,64,0.955994330561038,0.01568714629381343,0.9998344219484168,0.00909884749798818,0.014425547756458894,0.015689656024472552
2,3.0,2.0,500,65,0.9198647280716897,0.049602645158936726,0.9982879072984573,0.02925826978430754,0.060921617049618314,0.054751790451256506
2,3.0,2.0,500,66,0.8984445486292212,0.0527168210644182,0.9979863383551251,0.031730597574541976,0.0768880423098462,0.06287952927659551
2,3.0,2.0,500,67,1.0353790165889754,0.027843035152104963,0.9994725078287628,0.016240261254628546,0.03529264455971654,0.03168027035006973
2,3.0,2.0,500,68,0.929967268279533,0.026597367661986566,0.9995383661140342,0.015192660826298037,0.035943553720230725,0.030798575435192353
2,3.0,2.0,500,69,0.9663868847724014,0.006420002429364137,0.9999722720765218,0.0037234341325028484,0.0036628561682758177,0.005795587039392142
2,3.0,2.0,500,70,1.0131038377019144,0.0697223912597862,0.9971879533084087,0.03749697782216063,0.004783232348068579,0.05829502154115166
2,3.0,2.0,500,71,0.9801119800469515,0.04469701986095554,0.998896097385386,0.023493643976765684,0.007763748353409607,0.037618474260997854
2,3.0,2.0,500,72,1.013112715341845,0.052794585691628954,0.9985618052214476,0.0268159912976614,0.04118750835449206,0.0507627794623837
2,3.0,2.0,500,73,0.9448125941976632,0.0257608559607201,0.9995356238066508,0.015237719536549595,0.035945865485231106,0.030299663969027228
2,3.0,2.0,500,74,0.9987166652503565,0.010688920020918188,0.9999307066489981,0.005886142667393748,0.00028024438819568607,0.008927683824168432
2,3.0,2.0,500,75,0.9134806460072823,0.01817844219758643,0.9998166892910694,0.009573680298889019,0.002064930564573777,0.015231292965042912
2,3.0,2.0,500,76,0.9629608875467525,0.068478253649359,0.9971388552422442,0.037822908122961074,0.012797429756000032,0.05769582088965096
2,3.0,2.0,500,77,0.9369362342408731,0.04751974078497433,0.9984590389847652,0.027757530646968728,0.011732240606894304,0.040300388404452644
2,3.0,2.0,500,78,0.9892540534103005,0.06866004967318651,0.9979929284236773,0.0316786329907299,0.003563924863272679,0.05737652335679705
2,3.0,2.0,500,79,1.0280332282371105,0.03902829996143623,0.9991099790229758,0.02109527170984128,0.03391060661382586,0.03859040219596221
2,3.0,2.0,500,80,0.9425830075482556,0.05553175706663635,0.9984607642852112,0.027741987264692482,0.04121164191042957,0.05240510925357415
2,3.0,2.0,500,81,1.017501745881475,0.019249540729897752,0.9997541161260046,0.011087918515109922,0.016290861298980452,0.018860024470858286
2,3.0,2.0,500,82,0.9778585913570057,0.02581765736069836,0.99949789501594,0.015844636064926615,0.004694952747896597,0.021743488940974963
2,3.0,2.0,500,83,1.0787633504541772,0.015346041985801273,0.9998426583389457,0.008869657858519411,0.01688200586330784,0.016313966790195582
2,3.0,2.0,500,84,0.8966918775677201,0.03381168446400756,0.9992621457576456,0.019207475658638767,0.043173440355001376,0.038082564205056735
2,3.0,2.0,500,85,1.0134641885337021,0.013400190320400329,0.9998836973537547,0.00762570148397249,0.017991181508880582,0.015520090934034253
2,3.0,2.0,500,86,1.134033215228973,0.02073026371962254,0.9997198755090111,0.011834789626116633,0.005343258474834398,0.017608719443783446
2,3.0,2.0,500,87,0.9951348149979883,0.06654485592401757,0.9976346402129732,0.034390113310564054,0.01652830159606745,0.056442093117835455
2,3.0,2.0,500,88,0.9259982111963336,0.018932700746114434,0.9997698612987562,0.010727038296840588,0.01968582578374699,0.01970401923008388
2,3.0,2.0,500,89,1.0510415906550914,0.0240169341185211,0.9996136411244609,0.013898900595712084,0.019253044085821593,0.023204255048242167
2,3.0,2.0,500,90,0.9615012236815751,0.037258964967505324,0.9992771884452669,0.019010675352721128,0.03893535408645254,0.03915445562724479
2,3.0,2.0,500,91,0.9815992720365494,0.05253061697852611,0.9977918703900925,0.033227470637316646,0.062011187157147034,0.05702066258460736
2,3.0,2.0,500,92,1.036062353170102,0.027483741215592192,0.9995995793177113,0.014149570351934222,0.0041130477116097875,0.023083773374660544
2,3.0,2.0,500,93,0.9235866647907329,0.04065494059580162,0.9991290361024794,0.020868204253368154,0.020473597492426117,0.036148754513514646
2,3.0,2.0,500,94,0.9997813125352656,0.05167338056968176,0.9986624491630192,0.02586069253694442,0.018911415860699738,0.044647185526114484
2,3.0,2.0,500,95,0.9934138732343344,0.06208100716762867,0.9975139835918487,0.035256321476802334,0.0337021924767005,0.05557339880236343
2,3.0,2.0,500,96,0.9950066134686038,0.07423281946613147,0.9971168489814626,0.03796808540430596,0.041599694225292125,0.06699718406767984
2,3.0,2.0,500,97,1.0284556731947918,0.03412681084614191,0.9993442664430525,0.01810709193862249,0.028601166661380503,0.03338812947744414
2,3.0,2.0,500,98,1.0657886803337049,0.021618204535317303,0.9997032961057787,0.012179981408469532,0.027192628353181376,0.02447814193446339
2,3.0,2.0,500,99,0.9022261884282374,0.06906165872039714,0.9960761720271771,0.04429349824084152,0.10393605797496788,0.08323302763993189
2,3.0,2.0,2000,0,1.02439935160768,0.008724892502450631,0.9999483708253022,0.005080805777524874,0.009784505191557779,0.009381737499363895
2,3.0,2.0,2000,1,0.9630241622636149,0.02372689880648688,0.9996256933429097,0.013680399429298556,0.017214293727942174,0.022327677936021317
2,3.0,2.0,2000,2,1.0267796826569322,0.0170889390877538,0.9998334789222205,0.009124721304771892,0.015643296580240072,0.017126746494826147
2,3.0,2.0,2000,3,1.0198256122581377,0.052994370617995584,0.9984725792905946,0.027635309925939513,0.049177561325041384,0.05353747738018388
2,3.0,2.0,2000,4,0.9676238433733052,0.01579001301232329,0.9998423858246226,0.008877335618793955,0.021019272327433006,0.0182033024234529
2,3.0,2.0,2000,5,0.9389006268918214,0.013856437692880422,0.9998640684614385,0.008244135447744159,0.012027954677683974,0.013631581694194686
2,3.0,2.0,2000,6,0.9949358594871467,0.04778433352222661,0.998796196693726,0.02453368405146221,0.0025324933992142574,0.039932826828261804
2,3.0,2.0,2000,7,0.999381125784666,0.023518442325428504,0.9996837613609457,0.012574550470180627,0.012242516032508925,0.020988165059586023
2,3.0,2.0,2000,8,1.0220747911773005,0.013936062206338695,0.999880011228174,0.007745604296177975,0.01808989429817462,0.015986670121882943
2,3.0,2.0,2000,9,0.984832828796215,0.005187818394388822,0.9999788108868071,0.0032549280478186347,0.0008794998538135937,0.004364475149692444
2,3.0,2.0,2000,10,1.0091659915601139,0.010455016064344319,0.9999325284214157,0.005808251827542318,0.00550812086548976,0.009336486233796128
2,3.0,2.0,2000,11,1.0064434558424455,0.024485513887884728,0.9996398172804885,0.013419812210151821,0.02986577604591388,0.02735638617730071
2,3.0,2.0,2000,12,1.0532376595109816,0.023305852917871565,0.9997214507521464,0.011801467024350006,0.021922063892591284,0.023573223667965198
2,3.0,2.0,2000,13,1.0077747848638432,0.011622355382608817,0.9999082948578605,0.006771452655800411,0.013177963063713223,0.012558699910041276
2,3.0,2.0,2000,14,0.9831936231528656,0.0029373903634593353,0.9999951654313949,0.0015547618153745556,0.002042722251876773,0.002744215572503738
2,3.0,2.0,2000,15,0.9942244996517259,0.01687256045140375,0.9998521084932164,0.00859917166893346,0.008008620631688048,0.014886800426194561
2,3.0,2.0,2000,16,1.0298657189980918,0.02315491705962345,0.9997257884968487,0.01170921652270932,0.001150887071173256,0.019348591497777342
2,3.0,2.0,2000,17,0.9955712105704704,0.012722169678302236,0.9999170512615023,0.006440059724009963,0.006973937602038216,0.011419002352210527
2,3.0,2.0,2000,18,1.0282986043311857,0.01293251261029268,0.9999080956414816,0.006778803674632171,0.008143095399207408,0.011865817895748598
2,3.0,2.0,2000,19,0.968423773352326,0.012641587816030744,0.9998984263868642,0.007126486270797255,0.017233883567387896,0.014752189955623945
2,3.0,2.0,2000,20,1.0664483053972142,0.015434951462087594,0.9998871566839809,0.007511435149795947,0.018307092441680613,0.017005739127447888
2,3.0,2.0,2000,21,0.979743411643222,0.030765601826609184,0.9993869484574616,0.01750787740616397,0.01971575780800026,0.028335898550353587
2,3.0,2.0,2000,22,1.028964824256658,0.00778536367644949,0.9999564018621355,0.004668947304501845,0.006232543930069484,0.00751025798234884
2,3.0,2.0,2000,23,1.0044968157888887,0.009929315584372312,0.9999410894346088,0.0054272721228623,0.005950931857796092,0.00903536511067517
2,3.0,2.0,2000,24,1.0032765752404362,0.024839309760180322,0.9996655781941928,0.012931005486953029,0.007240031395863129,0.021193034382185436
2,3.0,2.0,2000,25,0.9552093901858918,0.018548024134326758,0.9997957091407879,0.010106702212197597,0.024455575923783626,0.021273038706558826
2,3.0,2.0,2000,26,1.021738784151485,0.04151695216332118,0.9991309802848385,0.020844900037677333,0.029086737437419356,0.03892366116188457
2,3.0,2.0,2000,27,0.9841011996990112,0.014959535449370261,0.9998424842141967,0.008874564378131031,0.01896966597259796,0.016868229790253177
2,3.0,2.0,2000,28,1.063472067141612,0.01547635961699375,0.9998657898508685,0.008191768708024256,0.011272033464731938,0.014609576313530201
2,3.0,2.0,2000,29,0.9770637229259649,0.008088912060923801,0.9999597556116802,0.004485776873627743,0.006266666464525921,0.0077321339385194735
2,3.0,2.0,2000,30,0.9584626692651528,0.012768264023440942,0.9998804920639902,0.007730069081508562,0.017036073573357666,0.014746656675937584
2,3.0,2.0,2000,31,1.064930445395175,0.03794665607271631,0.9991863954586311,0.02016933986734369,0.04308127251738227,0.041205933959134126
2,3.0,2.0,2000,32,1.0089347187662017,0.014857745020934374,0.9998594272712265,0.008383696343905643,0.009574231434490543,0.013671361062590296
2,3.0,2.0,2000,33,1.0182802606628,0.03319872653092329,0.9993883010696673,0.01748855240339712,0.027103076439875237,0.0322494902313619
2,3.0,2.0,2000,34,1.0502335056898993,0.028855623689748176,0.9996574112268426,0.013087948142420562,0.004249966848640005,0.024231645902831757
2,3.0,2.0,2000,35,1.0535011478566656,0.010560021147991717,0.9999258726678162,0.0060879936015063195,0.012127844538606911,0.011468452705037303
2,3.0,2.0,2000,36,1.03469150495991,0.0071516075886415105,0.9999688441523796,0.003946887863895583,0.007073732533576874,0.007327660440827796
2,3.0,2.0,2000,37,1.0458487504698712,0.023391616867073778,0.9996280282223015,0.013637664347288428,0.01935481322826959,0.022786366967174405
2,3.0,2.0,2000,38,0.9761665735724147,0.025278588437390778,0.9995310552927785,0.015312490117899114,0.019277668905853376,0.024047045563106537
2,3.0,2.0,2000,39,1.0602841651579882,0.03129924521586622,0.9995047743901699,0.015735717489680508,0.032923356754748195,0.03294541229181332
2,3.0,2.0,2000,40,0.981944529551265,0.03819901744845456,0.9989896842112495,0.02247571788342521,0.02478202322616208,0.03515418308551829
2,3.0,2.0,2000,41,1.0214914878291306,0.007141220038678344,0.9999674899895992,0.004031749645058422,0.0014679445737947074,0.006028639188471431
2,3.0,2.0,2000,42,1.0260492554748226,0.005770950940341892,0.9999768993493974,0.003398576952387554,0.00693661537568681,0.006368857460887635
2,3.0,2.0,2000,43,1.023673528286319,0.02114058045116937,0.9997518505888257,0.0111388826004772,0.006644337972649433,0.018103456380230247
2,3.0,2.0,2000,44,1.0207570407496183,0.014165141727137582,0.9998927810577544,0.0073218488869161505,0.011012004544912924,0.013545639731390401
2,3.0,2.0,2000,45,1.0308266191110562,0.00886834981969574,0.9999574621904028,0.0046118222861058124,0.0033138566042680336,0.007668978156980303
2,3.0,2.0,2000,46,1.0062276749288446,0.010747596362679577,0.9999341464176532,0.005738187098154983,0.009720705322611028,0.010725108842725904
2,3.0,2.0,2000,47,0.9543761516943273,0.023080371428349983,0.9996619171167345,0.013001593811250977,0.02067325708428403,0.02288817586554687
2,3.0,2.0,2000,48,1.0193873246452516,0.025350973745914187,0.9996792440340203,0.01266404291645744,0.015727821967125723,0.02321248973031483
2,3.0,2.0,2000,49,1.0105846356956705,0.011518954317489892,0.9999211157568264,0.006280296297689015,0.011135117668926948,0.011739488202493167
2,3.0,2.0,2000,50,0.9884048290860507,0.008312141304176962,0.9999570253329572,0.004635443185004984,0.006809054482135081,0.008066024648920578
2,3.0,2.0,2000,51,1.0068003611753304,0.011801848299115583,0.9999266207357338,0.006057196722335532,0.004370150199854595,0.010201500309139685
2,3.0,2.0,2000,52,1.005995798069248,0.00969963275469178,0.9999467158094183,0.005161598133411489,0.002780051365236641,0.008271310537234114
2,3.0,2.0,2000,53,0.9528090482718837,0.011608320195544728,0.9999210246017503,0.00628392386371056,0.012216854763884297,0.012146376872316268
2,3.0,2.0,2000,54,1.0102892955455838,0.019330891552618412,0.9998005092807942,0.009987259864592694,0.009438103371530936,0.017106296175377275
2,3.0,2.0,2000,55,0.9872886067594824,0.025829392948123184,0.9995519251699458,0.014967879443231042,0.013585500115566425,0.023052335113606968
2,3.0,2.0,2000,56,1.0338884445082983,0.024347534994861947,0.9996091290945857,0.013979823057076972,0.009028049852095356,0.02105029799916198
2,3.0,2.0,2000,57,0.9724489298807115,0.011412976196084966,0.9999152006296377,0.006511504064434635,0.004954072766160246,0.009984560990065174
2,3.0,2.0,2000,58,1.0306115956658184,0.013168486447029098,0.9999021664626739,0.006994052377774732,0.012276844025808467,0.013267366128466693
2,3.0,2.0,2000,59,0.9889876999766408,0.024308983737941013,0.9996318732838705,0.013566995174492788,0.022966582233400555,0.024491271162976672
2,3.0,2.0,2000,60,0.951923807385129,0.015493300222561861,0.9998384672588455,0.00898701121492807,0.020957197392257137,0.01799905676509912
2,3.0,2.0,2000,61,1.0195769148925566,0.026597043931699805,0.9995197151581994,0.0154965293178917,0.01647555163694302,0.024348272327633005
2,3.0,2.0,2000,62,1.0149480855328143,0.015842490983470726,0.9998888500026992,0.007454864093352588,0.007927151285845922,0.014068473482759447
2,3.0,2.0,2000,63,0.9834872935365006,0.0017693645863849574,0.9999979505190026,0.0010122946698914845,0.0022592128598672304,0.00200875230671031
2,3.0,2.0,2000,64,1.0369661989130066,0.022585191421919587,0.9997217538253222,0.011795045033353909,0.015949356778641902,0.0211884879115702
2,3.0,2.0,2000,65,0.9698611031468829,0.024763470393445897,0.9995763232227277,0.014554668963468118,0.034141604624534666,0.028964627938690292
2,3.0,2.0,2000,66,0.9637969427437577,0.02694381832787367,0.9995582724095702,0.01486148697859261,0.03237384120325484,0.02960712085613537
2,3.0,2.0,2000,67,1.0208447276274621,0.02224102830696079,0.9997280583630933,0.011660652574077768,0.010882282519462222,0.019702772202044336
2,3.0,2.0,2000,68,0.9870318939209066,0.018606589727794397,0.9997491847690274,0.01119855416945778,0.009892587283416122,0.01663161976861238
2,3.0,2.0,2000,69,1.0278778645230797,0.03213121550526684,0.9993262515620649,0.018354133566243564,0.04037917098400212,0.03644560664991723
2,3.0,2.0,2000,70,1.0403340544836366,0.025241645689214186,0.9995800206727944,0.014491020102215582,0.030225460755782488,0.02797647032836533
2,3.0,2.0,2000,71,0.9908500287193278,0.019797749084812206,0.999737523350747,0.011455929670984492,0.001095500549394239,0.016545831618597916
2,3.0,2.0,2000,72,0.9935369898682674,0.022836647468774715,0.9996990228014213,0.012267379479309294,0.0021688453338529943,0.01911508876201567
2,3.0,2.0,2000,73,0.9578611188486408,0.020607565631469947,0.9996990846035108,0.012266119934381783,0.02788822312933286,0.023914952129506287
2,3.0,2.0,2000,74,0.9971220006155543,0.03092650502726667,0.9995521471265176,0.014964171769303267,0.00856396015668796,0.02633853769102684
2,3.0,2.0,2000,75,0.9690529864837878,0.004815632152793648,0.9999884333975589,0.0024048495213899023,0.0013079164927432435,0.004097673760089831
2,3.0,2.0,2000,76,1.0009505704626123,0.06788037674786372,0.9975711691113045,0.03484846401705146,0.01748732514605288,0.05766621605129002
2,3.0,2.0,2000,77,0.9714036470447156,0.027820903000973715,0.9996738265554617,0.012770541189359863,0.00906798059107593,0.02386922350034221
2,3.0,2.0,2000,78,0.978306310422699,0.007895468791658674,0.9999557482322592,0.00470381588398676,0.007363603871915654,0.00793747782996456
2,3.0,2.0,2000,79,0.9862171404348204,0.033453632082958616,0.9994006361028527,0.017311324287113523,0.01575211634010838,0.02951893934047596
2,3.0,2.0,2000,80,0.9844392538165038,0.004864035749627348,0.9999854531014818,0.0026969333063790986,0.0041609508917609395,0.0047697232664045625
2,3.0,2.0,2000,81,1.0199270795036852,0.016909601859111886,0.9998329811624811,0.00913834879830484,0.0005675871304515839,0.014124982314453994
2,3.0,2.0,2000,82,1.0087597686715897,0.010118137208342481,0.999936829052975,0.005620095507418425,0.011904481251095339,0.011057339690828727
2,3.0,2.0,2000,83,1.0191663261138348,0.008657449678612759,0.9999529172067264,0.00485194771579486,0.010833193276807433,0.009753049873158922
2,3.0,2.0,2000,84,0.962056202908816,0.008964689269971484,0.9999485264110965,0.005073144434342131,0.01214201628442744,0.010438208343962682
2,3.0,2.0,2000,85,0.9745442107102107,0.019947542378996055,0.9997118351357898,0.012003434179646694,0.026784297763101872,0.023066768099882475
2,3.0,2.0,2000,86,1.0055330015468866,0.011284230194614995,0.9999304557156605,0.005896790836526338,0.008308956020890105,0.010675185626084884
2,3.0,2.0,2000,87,0.9858746737800118,0.005081708663273087,0.9999833328837114,0.002886790284082055,0.005554157600797126,0.005397738285050469
2,3.0,2.0,2000,88,0.983020166261395,0.02769303549101223,0.999514898302992,0.015574044063890801,0.003779435220406899,0.02323776621290948
2,3.0,2.0,2000,89,1.041395351588283,0.017016231215616264,0.9998218051271266,0.009439143840239762,0.013889810894033176,0.016508408712814934
2,3.0,2.0,2000,90,1.0151424740705939,0.03106435251218007,0.9993333349817894,0.018257396011077,0.0287309467214942,0.031278311027692275
2,3.0,2.0,2000,91,0.9533424627004774,0.024802645707010264,0.9996603030095916,0.013032593571664829,0.023955469725017768,0.025161249953949284
2,3.0,2.0,2000,92,1.0443433547636742,0.015005683274063254,0.9998825421335726,0.007663480489547795,0.010706694117846126,0.014102429027006745
2,3.0,2.0,2000,93,0.9681277244593653,0.01872058661947934,0.9998128487006963,0.00967345076236243,0.004474595736932695,0.01586417850036323
2,3.0,2.0,2000,94,0.9628541270751071,0.02214079788721528,0.9997111488490203,0.01201771922994492,0.018099590624588352,0.021421725568321254
2,3.0,2.0,2000,95,1.0332990196402352,0.03327735499273519,0.9993848764952536,0.017537438592142542,0.021652653312586277,0.030737438468517668
2,3.0,2.0,2000,96,0.989893388895743,0.006044441944268756,0.9999823899944493,0.002967322492640143,0.0015176811055799605,0.005129656587193385
2,3.0,2.0,2000,97,0.9837335419548796,0.015231636396146126,0.9998407143535315,0.008924282785424204,0.0011747593854447478,0.012739267691294041
2,3.0,2.0,2000,98,0.9984268937697486,0.016362025301030227,0.9998440117310063,0.00883142879136048,0.018653384605886867,0.017733684921522143
2,3.0,2.0,2000,99,0.9974952535854195,0.019392593164663578,0.9997855390692139,0.010355214405944255,0.016618340965745056,0.019000880889321205
2,3.0,2.0,10000,0,1.0109699976837487,0.00994306801961428,0.9999523756337413,0.004879772856327302,0.00893391893607957,0.009901898877038896
2,3.0,2.0,10000,1,0.9857465491688652,0.009028427352160563,0.9999494115419674,0.005029336836632735,0.00035365317542224894,0.007542452528722264
2,3.0,2.0,10000,2,0.9966365239103905,0.007871176924002583,0.9999593484287975,0.0045084127585279165,0.00801657092662132,0.008145090896919938
2,3.0,2.0,10000,3,1.0149162679685886,0.008933218223419246,0.9999487131314645,0.005063934662665789,0.011133725660252364,0.010046172733590729
2,3.0,2.0,10000,4,0.9886829422638028,0.005754158272760319,0.999977238368615,0.003373546456259888,0.007734837122520241,0.006680880600914672
2,3.0,2.0,10000,5,0.9861899360919967,0.003887596691747215,0.999990793236564,0.002145549281181381,0.004976836617414072,0.0044133391072891485
2,3.0,2.0,10000,6,0.9945749272716812,0.007927677942772066,0.9999679933128586,0.004000417924507528,0.002008679535200944,0.006729872263808587
2,3.0,2.0,10000,7,0.9812813229437876,0.004793986487485099,0.9999863117751984,0.0026161254558604518,0.0056728955380566755,0.00526623535013926
2,3.0,2.0,10000,8,1.0078747983386893,0.009902224342271723,0.9999407031569792,0.005445036410382631,0.012490448109967769,0.011198981824638386
2,3.0,2.0,10000,9,0.9931521851868811,0.004294421356651947,0.999988587146784,0.0023888128030438056,0.004304581401689327,0.004426514426047031
2,3.0,2.0,10000,10,1.0131911069039379,0.0005899647378329903,0.9999997880931832,0.00032550485156850756,0.000741192153015932,0.0006645295068415931
2,3.0,2.0,10000,11,1.0039941583486323,0.0074142316136174,0.9999676576220877,0.004021341686067066,0.008806930406562033,0.008161739541678951
2,3.0,2.0,10000,12,1.0270854729268664,0.01237001133038666,0.9999114548572632,0.0066537636994730654,0.015848690863263,0.014098533944309646
2,3.0,2.0,10000,13,1.0090709612033066,0.005186743379653867,0.9999825421940255,0.002954471693421138,0.003151203582753335,0.004729253756459475
2,3.0,2.0,10000,14,1.0009137515899311,0.013972492591683743,0.9998731757627561,0.007963172648001515,0.013186000395656936,0.01413312760000017
2,3.0,2.0,10000,15,0.9971762916914486,0.007422383146015844,0.9999684371345233,0.003972585145514613,0.0018041725866070413,0.0062925376495827695
2,3.0,2.0,10000,16,1.0035587281384186,0.010187952603099603,0.9999307128648297,0.0058858786587172645,0.009814873471183042,0.010344881898517651
2,3.0,2.0,10000,17,1.007145438106863,0.007454926417473994,0.9999684397100942,0.003972423058146924,0.00425586232912937,0.0067333315781580175
2,3.0,2.0,10000,18,0.9917903097792549,0.005691800818586898,0.9999783535739726,0.0032898651968887535,0.003004231764653685,0.005086107943908527
2,3.0,2.0,10000,19,0.983006311458212,0.010161794747965273,0.999937204204906,0.005603382687894592,0.00994118834464635,0.01037011054294672
2,3.0,2.0,10000,20,1.007951906801547,0.01104662823397973,0.9999235488335687,0.0061826841432921645,0.004341903117920269,0.009588937674116105
2,3.0,2.0,10000,21,0.9862706935894056,0.011105604351928882,0.9999310586718587,0.005871172291002872,0.002881640019848084,0.00943447480622652
2,3.0,2.0,10000,22,0.9980902755299008,0.005829641373180601,0.9999800407238448,0.003159056517002377,0.004064704701413987,0.005449971091103426
2,3.0,2.0,10000,23,0.9877985543933727,0.0071908559374999825,0.9999712284725764,0.0037928569326824723,0.0023952033380270766,0.006175231174078158
2,3.0,2.0,10000,24,1.0033889600674308,0.007250185253993529,0.9999630840066364,0.004296277072281161,0.007409268884723616,0.007526740517483852
2,3.0,2.0,10000,25,0.9876324117654309,0.005977785604458389,0.9999770708201968,0.0033859400321908186,0.005053475662884385,0.005842452537550305
2,3.0,2.0,10000,26,0.9977492779414759,0.010455012397694509,0.9999337544238023,0.0057552400557107485,0.0001201064533360355,0.008731058126313135
2,3.0,2.0,10000,27,1.0060976762794795,0.006520483724446523,0.9999709945706179,0.003808242992650736,0.008154116499145074,0.0073201870336251544
2,3.0,2.0,10000,28,1.0076432705188179,0.003875486140143662,0.999991762196882,0.0020295077134558836,0.0031391718183190237,0.0037485607510862017
2,3.0,2.0,10000,29,1.010786723473121,0.011344097748527428,0.9999171240533666,0.006437233358883278,0.007314072897742769,0.010451070109012379
2,3.0,2.0,10000,30,0.9716427048556965,0.0072735869499815885,0.9999707071663726,0.003827063732638521,0.006951176806841296,0.007369124449784686
2,3.0,2.0,10000,31,0.9962378903441603,0.0060997766111730144,0.9999794137082925,0.003208293292979992,0.0029577367454598756,0.005396527221112201
2,3.0,2.0,10000,32,1.025671285324686,0.00848528801906931,0.9999497025843753,0.005014848732753893,0.010925837192648684,0.009685193575406027
2,3.0,2.0,10000,33,1.0085349858106054,0.0038429098510192414,0.999990839237338,0.002140182546187638,0.0021571516806730244,0.003462190440957681
2,3.0,2.0,10000,34,0.9982389907722138,0.006467441332475848,0.9999740911732824,0.003599223993975115,0.002853762590881232,0.005667898442716778
2,3.0,2.0,10000,35,0.9980107186280402,0.005932704712975495,0.9999760539529194,0.0034602057077972774,0.00797866108343772,0.00688946715650864
2,3.0,2.0,10000,36,1.0090038128443155,0.007509317067754324,0.9999668894519869,0.004068817273670372,0.00014276460185443438,0.0062714597904743674
2,3.0,2.0,10000,37,1.0061464937137712,0.0025433586284180666,0.9999958560550084,0.0014394347834486342,0.0006444204345208784,0.002159008829581883
2,3.0,2.0,10000,38,0.9818013993778848,0.014844441285918268,0.9998781468034861,0.007805549196371182,0.009252599061420477,0.013581626775611554
2,3.0,2.0,10000,39,1.0282290482394645,0.01891600841761136,0.999768969115171,0.010747811052233311,0.024012502975429076,0.021497088057227685
2,3.0,2.0,10000,40,1.0081277722229323,0.015276221582619749,0.9998771602710471,0.007837082650861792,0.003880196192224706,0.012968215419099843
2,3.0,2.0,10000,41,0.9919586568117792,0.008805552339394014,0.9999528580137286,0.004854996718404506,0.005775446356957792,0.008136690876291966
2,3.0,2.0,10000,42,0.9942155405168847,0.0036826024246351904,0.9999917659348715,0.002029047206022942,0.004933104181396744,0.004270745941326776
2,3.0,2.0,10000,43,1.010622785735806,0.007749611477801577,0.9999688951234202,0.003943657983380158,0.0030997220386082213,0.006735661073470765
2,3.0,2.0,10000,44,1.0119850767032295,0.0039811577270902595,0.9999891469407456,0.002329491280778418,0.00523271167509137,0.004583637219431966
2,3.0,2.0,10000,45,0.9932865324730525,0.002824871375748062,0.9999947861303553,0.001614600514801081,0.0002406082558108472,0.0023634297292591004
2,3.0,2.0,10000,46,0.9955928436839534,0.01017000098270421,0.9999427140123137,0.0053519149697222644,0.00454082127041457,0.008923046657495005
2,3.0,2.0,10000,47,1.0014773939215251,0.004782424819459237,0.9999880050728935,0.002448971938025995,0.002522922516841519,0.004272099284967813
2,3.0,2.0,10000,48,1.013013689276415,0.005475970138555444,0.999979219605363,0.0032233828997633844,0.004727201150056565,0.005388325685753992
2,3.0,2.0,10000,49,1.004362662529612,0.005476645916440073,0.9999831065299607,0.0029063267228033422,0.002590018015321468,0.004832267064550361
2,3.0,2.0,10000,50,0.9867861438981016,0.003493601375727733,0.999992994216374,0.001871601403330587,0.0029252041443665363,0.003406466760450155
2,3.0,2.0,10000,51,1.0154522032732527,0.011521364979069974,0.9999202561667322,0.006314421322172941,0.014622593247794592,0.013071552040765945
2,3.0,2.0,10000,52,1.010408964767371,0.0020309671215522317,0.9999979075870642,0.001022842347531229,1.4026342579338797e-05,0.0016960385292933622
2,3.0,2.0,10000,53,0.9851380424238715,0.009974992452954108,0.9999450023721406,0.005243931152267918,0.006743558708707295,0.009270516822064766
2,3.0,2.0,10000,54,1.0008609253435559,0.009067531781898768,0.9999451042303956,0.005239072895293242,0.011722541065987293,0.010328228617591629
2,3.0,2.0,10000,55,0.9975256767829556,0.009316770760920079,0.9999426317896448,0.005355754398550112,0.006709543909987957,0.008761045042196108
2,3.0,2.0,10000,56,0.9903546183882865,0.011965755514486342,0.9998993644445694,0.00709350249984473,0.0009274465840641184,0.010007936867459297
2,3.0,2.0,10000,57,1.0004657378219373,0.00594597367179527,0.9999775985306774,0.0033467498653586563,0.006199436349457575,0.006216153277440621
2,3.0,2.0,10000,58,0.9966070119879592,0.005582312181946928,0.9999847120822429,0.0027647710354659354,0.0028964607419201325,0.0049776078360057666
2,3.0,2.0,10000,59,0.9840227398785565,0.011656133500312133,0.9999140921923825,0.006553922780193574,0.015173012815132638,0.01331099144022135
2,3.0,2.0,10000,60,0.989858214958746,0.014053544527395209,0.9998629405326976,0.008278268759298145,0.012088822198243645,0.013790604331611256
2,3.0,2.0,10000,61,1.0005458790313109,0.016390591297182056,0.9998710626934328,0.00802923740361557,0.007231968021146515,0.014359199290551315
2,3.0,2.0,10000,62,1.0114936146491071,0.013201199449006558,0.9999030906882374,0.006960937859323041,0.0022180048091781893,0.011104699749505257
2,3.0,2.0,10000,63,1.0191737097935547,0.014072238956304614,0.9998771591477265,0.007837118484290174,0.017228912707614695,0.015716248852952766
2,3.0,2.0,10000,64,1.023354207443402,0.01439095601617234,0.9998771007102419,0.007838982387978123,0.012641978334419624,0.014242854124878553
2,3.0,2.0,10000,65,0.9960872761798196,0.01058729225643711,0.9999332482554012,0.005777185499824341,0.013513319036736124,0.011984905050715014
2,3.0,2.0,10000,66,0.9944462069943074,0.003047249009482761,0.9999940882419768,0.0017192669983539582,0.003573214681421078,0.0033298303253114147
2,3.0,2.0,10000,67,1.0028125879768401,0.002924947060794845,0.9999949182370549,0.0015940142635902125,4.570604927524641e-06,0.0024425627360136373
2,3.0,2.0,10000,68,1.02023990820923,0.008765678613902527,0.9999605399720221,0.004441848037584415,0.011230098681585221,0.00998239657570226
2,3.0,2.0,10000,69,0.9946731835719981,0.009912722472208427,0.9999421187536676,0.00537964898169291,0.010606100032915679,0.010468662637542479
2,3.0,2.0,10000,70,1.0095835821025219,0.008642649646872384,0.9999576674750033,0.00460068065598466,0.007689641028858469,0.008580839088378764
2,3.0,2.0,10000,71,0.9860909307389062,0.0059113266617314515,0.9999798848081967,0.0031713712967217653,0.0007390336345317101,0.004956431871808778
2,3.0,2.0,10000,72,1.0064126363902508,0.007536924393156804,0.9999698387115998,0.00388338051188034,0.0035357679509400173,0.006644832259020995
2,3.0,2.0,10000,73,0.9850478783510322,0.015267738796452341,0.9998320409754138,0.009164033625706877,0.013426816202411606,0.015072986457925423
2,3.0,2.0,10000,74,1.0052071928998214,0.0027833209518122394,0.9999960185741981,0.001410926256388927,0.001243892147023829,0.0024419876487904654
2,3.0,2.0,10000,75,0.9842333748865699,0.009989387815165817,0.9999454829916834,0.005220967741557502,0.0038712382966927805,0.008660266323349014
2,3.0,2.0,10000,76,1.0029724059152025,0.008753519744127736,0.99995143945216,0.004927501792995202,0.0009472496779541971,0.007332091234319144
2,3.0,2.0,10000,77,0.9852931580985159,0.0018141295263945536,0.9999976740610361,0.0010784106277065548,0.0023507707993406035,0.002071995133865777
2,3.0,2.0,10000,78,1.0048109260010931,0.00833765895344718,0.9999619202333119,0.0043634714785446985,0.007498070491735067,0.0083040017871871
2,3.0,2.0,10000,79,0.9719838768346879,0.008469633407309008,0.9999541609162708,0.00478743583399133,0.00818021149698794,0.008608911917063509
2,3.0,2.0,10000,80,0.9866531745315168,0.0066345196078942004,0.9999742487669863,0.0035882609307167795,0.004068941802316677,0.006055908447590855
2,3.0,2.0,10000,81,1.0033103514029669,0.004749771404916425,0.9999849698717169,0.0027413617312388424,0.001649162040616475,0.004088581989443091
2,3.0,2.0,10000,82,0.9926036975779823,0.01761938664473666,0.9997805496156671,0.010474979339669597,0.017311784125755757,0.017989597498876762
2,3.0,2.0,10000,83,1.0102409396952974,0.006690161368483971,0.9999774328027891,0.003359106816617026,0.0028649265526053,0.005847379559276071
2,3.0,2.0,10000,84,0.982821688007068,0.007775773556399361,0.9999668968861987,0.004068360468376428,0.008043127421894844,0.008090401520984374
2,3.0,2.0,10000,85,0.9796277546528059,0.011943063959764065,0.9999078995653063,0.006786031045231685,0.01576660885755024,0.013727359161140821
2,3.0,2.0,10000,86,1.0022993269516973,0.0038003455447597023,0.999990608440458,0.002166974797050983,0.004484330452846743,0.004168940660740976
2,3.0,2.0,10000,87,1.0032690325064142,0.019964173723950974,0.9997552629498853,0.011062030783604104,0.0017232716660996392,0.016703843246224214
2,3.0,2.0,10000,88,1.0121115504977978,0.01044117639919814,0.9999225670287353,0.006222257277899857,0.013513714525328022,0.01195165819887523
2,3.0,2.0,10000,89,1.0085055755019088,0.013293692489159138,0.9998938205177732,0.007286270727429521,0.00841339024185289,0.012208163613278917
2,3.0,2.0,10000,90,1.0048597906291072,0.0024605810623106526,0.999996059592031,0.0014036395493653255,4.465878175062846e-05,0.002054954786675837
2,3.0,2.0,10000,91,1.0040567580093471,0.009027273872430028,0.9999498422388297,0.005007881846164671,0.01109020967844263,0.010050205010065314
2,3.0,2.0,10000,92,1.0134493293238651,0.0006538458275330192,0.9999997673457935,0.000341067593371396,0.0004317616255668742,0.0006047111670431655
2,3.0,2.0,10000,93,1.004198665285018,0.01301399536472971,0.9999143178212618,0.006545310486835646,0.00444766268916554,0.011193577449059917
2,3.0,2.0,10000,94,1.0069227576703978,0.01727191935480953,0.9998499230656492,0.008662474656550722,0.007116480451861444,0.015049129729946042
2,3.0,2.0,10000,95,0.9964278137593496,0.014315790972390713,0.9998703250713784,0.008052171403462987,0.002182907666878875,0.012026900350902304
2,3.0,2.0,10000,96,0.9868367675523136,0.014619957840122653,0.9998685962869909,0.00810566817138488,0.008624369945400188,0.013259761728442268
2,3.0,2.0,10000,97,0.9905640217423293,0.008367313138304178,0.9999557829905502,0.0047019681756583056,0.005779876322361767,0.0078019963912640215
2,3.0,2.0,10000,98,1.0153604810615053,0.00380087405919817,0.9999906574985936,0.0021613076373374783,0.004689038589362598,0.004250479204044009
2,3.0,2.0,10000,99,1.0072910750996253,0.00045606662770347257,0.999999876489923,0.00024850561068856015,0.0005969371261946432,0.0005235075284050438
2,3.0,4.0,500,0,0.9994914417353332,0.00942200142510583,0.99995338045666,0.004828019435549409,0.002265637044601145,0.010236298280091484
2,3.0,4.0,500,1,0.9878078780821737,0.08068958477075015,0.9960711849658174,0.04432163712106472,0.03330218337618304,0.10076989418357553
2,3.0,4.0,500,2,0.9253046298439132,0.040886407088790294,0.998857289062469,0.02390304308588125,0.0443337818016034,0.0910327744435669
2,3.0,4.0,500,3,1.095849021275769,0.07378812710637822,0.9973443236905819,0.036439513645341724,0.08496355211901184,0.17221189028792494
2,3.0,4.0,500,4,1.0430142490071106,0.024606129455235458,0.9996553902870828,0.013126494446675357,0.029302004966905826,0.05919813076079282
2,3.0,4.0,500,5,0.9745850226757095,0.04783581978794787,0.9988627981341562,0.023845354535462746,0.011967258974332238,0.0523182710829291
2,3.0,4.0,500,6,1.0997359935425672,0.11137858794550137,0.9934795447539735,0.05709840298128487,0.0369932119866492,0.12968899504482884
2,3.0,4.0,500,7,0.8788078711276271,0.05172209497860618,0.9981237317217891,0.030628975482464363,0.06592989746960165,0.13146294426085772
2,3.0,4.0,500,8,1.11547140277687,0.04338068524627698,0.9989878265478405,0.02249637139806691,0.03700396068771773,0.08053971225062205
2,3.0,4.0,500,9,1.012527522413808,0.020356597621994616,0.9997350550433427,0.011509668906126312,0.025237689353663443,0.05063838853284274
2,3.0,4.0,500,10,0.9894205762576225,0.026464697799485345,0.9995153458307025,0.015566858535002967,0.03180822802466465,0.06415778537642326
2,3.0,4.0,500,11,1.046239162555793,0.04436010338977873,0.9989891076345407,0.02248213029785283,0.05398004987882441,0.10857730891539112
2,3.0,4.0,500,12,1.0276074857519941,0.05103323751220143,0.9982479401718312,0.02959780252120748,0.01476417399378623,0.057456410304005695
2,3.0,4.0,500,13,1.0594845894643066,0.052781606125413966,0.9983934761303139,0.028341875993713978,0.056430355985215175,0.11620211907531683
2,3.0,4.0,500,14,1.0706837740601878,0.14464919671864415,0.9899398439834504,0.07092304285826169,0.06724513164454528,0.18901913453244593
2,3.0,4.0,500,15,1.050371319424234,0.0462922012943381,0.9988759596595627,0.023706964593103914,0.0011403037913484888,0.045976944124295364
2,3.0,4.0,500,16,0.9826741672541697,0.052957749111525836,0.9984906312640393,0.027471519215005066,0.019101983454075915,0.0632112782125456
2,3.0,4.0,500,17,1.062917544383593,0.05210432977030588,0.9983905989384358,0.0283672439757924,0.06064381984373947,0.12286760405193212
2,3.0,4.0,500,18,0.9728867690746583,0.009656165211879581,0.9999460524387649,0.005193628848655043,0.011107366882550412,0.022578251329994577
2,3.0,4.0,500,19,1.0722646665799878,0.08780807833916734,0.9960639868607699,0.04436222007085554,0.0667300244819146,0.15029451117188783
2,3.0,4.0,500,20,1.016967817859412,0.01868197229258912,0.9997751544308835,0.010602961122170103,0.022259798853814246,0.04497212031922749
2,3.0,4.0,500,21,0.9475609398031593,0.06034145279453833,0.9976899082054062,0.033985966181600755,0.03881292826964552,0.09312339450208507
2,3.0,4.0,500,22,1.0156249242618427,0.022017290994634908,0.9996843744400806,0.012562355669208828,0.02309059214869373,0.0477741163969218
2,3.0,4.0,500,23,0.9652164845781452,0.019613455482748156,0.9997582749524938,0.010993749303721148,0.017698309201343708,0.03794074763891533
2,3.0,4.0,500,24,0.9805366672554588,0.027741144987260227,0.9995499681283908,0.015000531184081586,0.03224756804141349,0.065391417724795
2,3.0,4.0,500,25,1.06108268380409,0.013667475144014332,0.9998914293245049,0.00736785842341877,0.0003965056380533769,0.013579886124561739
2,3.0,4.0,500,26,0.9307931300750805,0.05338932812042414,0.9984994695095893,0.027390970139907506,0.011873778773938855,0.05729661315500968
2,3.0,4.0,500,27,0.9843643000360695,0.02001992484157672,0.9997402113191205,0.011397119830894215,0.013258305419269487,0.031463624266017134
2,3.0,4.0,500,28,1.0405200350380337,0.08693296013459992,0.9952115254502976,0.04893094393991668,0.025319997122740367,0.0979992031863634
2,3.0,4.0,500,29,1.079474081383514,0.01684884117745794,0.9998578951908258,0.008429258839727019,0.010830729639928103,0.026018771360859144
2,3.0,4.0,500,30,0.9348225880124862,0.02913136426546794,0.9994357580849504,0.01679645669552869,0.02863254674662311,0.060081108020518914
2,3.0,4.0,500,31,0.9526940179902349,0.016148554646177968,0.9998366579740681,0.009037201611449682,0.016423997646441063,0.034210579751161936
2,3.0,4.0,500,32,1.0218176190092954,0.05326226424103577,0.9987036123490953,0.02545965092950778,0.023594531242590148,0.06838519890996708
2,3.0,4.0,500,33,0.9610762974180044,0.035242727592346354,0.9990981708420696,0.02123474932663835,0.04980705597569964,0.09799374656985377
2,3.0,4.0,500,34,0.9080586799134445,0.058226922359972205,0.9975295138221372,0.03514602522236942,0.08494857385349472,0.16609726138994285
2,3.0,4.0,500,35,0.9491329846437764,0.047913596201757884,0.9985480872987594,0.026943577168228594,0.03899586860639793,0.08601674562221105
2,3.0,4.0,500,36,1.0221383646888937,0.01929951659378319,0.9997902806126976,0.010240102228552948,0.020392115349783944,0.042138963715852344
2,3.0,4.0,500,37,0.9320536903472145,0.016235340335696607,0.9998123154656392,0.009687221850480446,0.01790085233934799,0.03667102569078887
2,3.0,4.0,500,38,1.1117337615032163,0.02111669484841347,0.9997428163534277,0.011339833477004915,0.021486034596317267,0.04475636949851254
2,3.0,4.0,500,39,0.9360325266416845,0.05702974756787435,0.9979280697134633,0.03218641240132861,0.05900273985962927,0.12222915011998041
2,3.0,4.0,500,40,0.9268459224875003,0.05325365151634303,0.9982961379029789,0.029187857895202847,0.0016956783377971279,0.052927897448747735
2,3.0,4.0,500,41,1.0215511104780024,0.043751194692326904,0.9990007962478208,0.02235177568090803,0.015855292445885485,0.052301918234808904
2,3.0,4.0,500,42,1.071460913483455,0.027246327829872977,0.9995589751718976,0.014849660401878764,0.03245887816915383,0.06556693398238612
2,3.0,4.0,500,43,0.9633944116763996,0.010030735243589897,0.99994370543301,0.0053054013509857886,0.006113786269795461,0.01502408820394954
2,3.0,4.0,500,44,0.955994330561038,0.0156871462938134,0.9998344219484168,0.009098847497988161,0.01442554775645902,0.030775712371864133
2,3.0,4.0,500,45,0.9198647280716896,0.04960264515893677,0.9982879072984574,0.029258269784307567,0.06092161704961843,0.12222260364091576
2,3.0,4.0,500,46,0.898444548629221,0.05271682106441835,0.9979863383551248,0.03173059757454207,0.07688804230984633,0.15043537042573438
2,3.0,4.0,500,47,1.0353790165889751,0.02784303515210492,0.9994725078287628,0.016240261254628515,0.03529264455971654,0.0705770187167055
2,3.0,4.0,500,48,0.929967268279533,0.026597367661986566,0.999538366114034,0.015192660826298037,0.035943553720230725,0.07118035426053158
2,3.0,4.0,500,49,0.9663868847724014,0.006420002429364126,0.9999722720765218,0.0037234341325028475,0.0036628561682756897,0.009275662372902003
2,3.0,4.0,500,50,1.013103837701915,0.06972239125978615,0.9971879533084088,0.037496977822160604,0.004783232348068835,0.06973237139829896
2,3.0,4.0,500,51,0.980111980046951,0.044697019860955645,0.998896097385386,0.02349364397676575,0.007763748353409478,0.04659076658887445
2,3.0,4.0,500,52,1.0131127153418442,0.052794585691628974,0.9985618052214476,0.026815991297661414,0.041187508354491156,0.09209436339958867
2,3.0,4.0,500,53,0.9448125941976632,0.025760855960720183,0.9995356238066508,0.015237719536549647,0.035945865485231106,0.07088145639207301
2,3.0,4.0,500,54,0.998716665250356,0.010688920020917966,0.9999307066489982,0.005886142667393642,0.00028024438819568607,0.0106176078885244
2,3.0,4.0,500,55,0.9134806460072824,0.018178442197586457,0.9998166892910693,0.009573680298889033,0.002064930564573649,0.018432044047671296
2,3.0,4.0,500,56,0.9629608875467524,0.06847825364935904,0.9971388552422442,0.037822908122961095,0.012797429756000032,0.07190003164717008
2,3.0,4.0,500,57,0.9369362342408731,0.047519740784974264,0.9984590389847652,0.027757530646968693,0.011732240606894047,0.051852603206429176
2,3.0,4.0,500,58,0.9892540534103003,0.0686600496731865,0.9979929284236773,0.03167863299072989,0.0035639248632728074,0.0684359188321146
2,3.0,4.0,500,59,1.0280332282371105,0.03902829996143611,0.9991099790229758,0.02109527170984121,0.03391060661382572,0.07343239312938496
2,3.0,4.0,500,60,0.9425830075482555,0.05553175706663633,0.9984607642852112,0.02774198726469248,0.041211641910429433,0.09365960458122134
2,3.0,4.0,500,61,1.017501745881475,0.01924954072989771,0.9997541161260046,0.011087918515109894,0.01629086129898058,0.0355537170219665
2,3.0,4.0,500,62,0.9778585913570054,0.025817657360698413,0.9994978950159401,0.015844636064926636,0.004694952747896853,0.027033460348991213
2,3.0,4.0,500,63,1.0787633504541772,0.015346041985801282,0.9998426583389456,0.008869657858519415,0.016882005863307712,0.03459979532646517
2,3.0,4.0,500,64,0.8966918775677203,0.033811684464007466,0.9992621457576456,0.019207475658638718,0.043173440355001244,0.08617324376877634
2,3.0,4.0,500,65,1.0134641885337026,0.013400190320400239,0.9998836973537546,0.007625701483972438,0.017991181508880197,0.03568019275791795
2,3.0,4.0,500,66,1.1340332152289734,0.020730263719622517,0.9997198755090111,0.01183478962611662,0.005343258474834527,0.02279852913577783
2,3.0,4.0,500,67,0.9951348149979883,0.06654485592401756,0.9976346402129732,0.03439011331056404,0.016528301596067323,0.07268069523340831
2,3.0,4.0,500,68,0.9259982111963336,0.018932700746114486,0.9997698612987562,0.010727038296840614,0.019685825783747245,0.040806996931812674
2,3.0,4.0,500,69,1.0510415906550912,0.024016934118520905,0.9996136411244609,0.013898900595711979,0.019253044085821465,0.042705054672121046
2,3.0,4.0,500,70,0.961501223681575,0.03725896496750529,0.9992771884452669,0.019010675352721104,0.038935354086452795,0.08060945735246725
2,3.0,4.0,500,71,0.981599272036549,0.05253061697852617,0.9977918703900925,0.03322747063731669,0.0620111871571473,0.12522410446769766
2,3.0,4.0,500,72,1.0360623531701023,0.027483741215592154,0.9995995793177113,0.01414957035193421,0.004113047711609659,0.028299464082709468
2,3.0,4.0,500,73,0.9235866647907331,0.04065494059580169,0.9991290361024794,0.020868204253368196,0.02047359749242625,0.0551945901451048
2,3.0,4.0,500,74,0.999781312535265,0.05167338056968167,0.9986624491630193,0.02586069253694439,0.018911415860699096,0.061959215706347645
2,3.0,4.0,500,75,0.9934138732343344,0.06208100716762862,0.9975139835918487,0.03525632147680232,0.03370219247670025,0.08735520283156617
2,3.0,4.0,500,76,0.9950066134686035,0.07423281946613135,0.9971168489814626,0.0379680854043059,0.04159969422529187,0.10615851930720002
2,3.0,4.0,500,77,1.0284556731947916,0.034126810846141914,0.9993442664430525,0.018107091938622498,0.028601166661380118,0.06258358634983228
2,3.0,4.0,500,78,1.0657886803337044,0.021618204535317334,0.9997032961057786,0.012179981408469556,0.027192628353181512,0.05445282018183133
2,3.0,4.0,500,79,0.9022261884282374,0.06906165872039714,0.9960761720271771,0.04429349824084152,0.10393605797496774,0.2021493131344472
2,3.0,4.0,500,80,1.049058522924071,0.013789286040223054,0.9998958317649451,0.007216932695227957,0.003510360284409108,0.015130388119425969
2,3.0,4.0,500,81,1.052621397847863,0.03435002581264437,0.999432578108658,0.016843721253660168,3.740661390848523e-05,0.03408062401298368
2,3.0,4.0,500,82,0.9561080450690898,0.04407931750443509,0.9985845152791905,0.02660342760632168,0.06022275587682545,0.11894281271358355
2,3.0,4.0,500,83,0.9683005165097546,0.043852530718524775,0.9987717888733942,0.024781153389278287,0.036723124842079305,0.08032451789057272
2,3.0,4.0,500,84,0.9440870890681147,0.055583157333827966,0.9982245293523369,0.029794887545207663,0.05841501253842257,0.1206172057820477
2,3.0,4.0,500,85,1.0536886636225715,0.03129830509816095,0.9994288446377706,0.016899043792909386,0.03820914313970767,0.07685783399067056
2,3.0,4.0,500,86,0.9791093376180277,0.048889384809001915,0.9985977887590779,0.026478399129498773,7.172537280712103e-05,0.04850603367615409
2,3.0,4.0,500,87,1.0643590212608998,0.06459985900520472,0.9975759760774359,0.03481396216005966,0.00570668279505478,0.06494673961088795
2,3.0,4.0,500,88,0.9381367583288621,0.0449050642143372,0.9989321683733654,0.023106618387754872,0.055386875250045556,0.11107911314678086
2,3.0,4.0,500,89,1.102993992430774,0.01909632264008338,0.9997556536308185,0.011053197935017786,0.0073426596117318575,0.023273846468042456
2,3.0,4.0,500,90,0.989665944394918,0.03633196590566712,0.9990671562886582,0.021596801977860652,0.050635831136450406,0.0997985129386749
2,3.0,4.0,500,91,1.0794516619090897,0.019535851326688652,0.9998299153950541,0.009221838345632522,0.01265503318328108,0.03030483089411823
2,3.0,4.0,500,92,1.0748899825065492,0.04996710620352647,0.9986172778684619,0.026293745753868406,0.03663411563590715,0.08365651135735465
2,3.0,4.0,500,93,0.9494710449777977,0.019477714920215255,0.9997500439830118,0.011179356354196396,0.026883988272246747,0.0531046154679467
2,3.0,4.0,500,94,1.1143795216113266,0.029512656924594767,0.9994115955350684,0.017152324404168227,0.013114404839647195,0.037948110586502354
2,3.0,4.0,500,95,0.9916103017331088,0.037281188487492505,0.9992758092043579,0.019028804424373727,0.020672626823607477,0.053061519726342175
2,3.0,4.0,500,96,0.9925665639357191,0.0048141952896573244,0.9999854713404992,0.002695242057845126,0.0015130585012810296,0.005529295014037246
2,3.0,4.0,500,97,1.057826415397318,0.018731632387883324,0.9997981217782931,0.010046845816149647,0.0034628303527823507,0.01964739716025515
2,3.0,4.0,500,98,0.9446639917623155,0.028280737437598152,0.999537855065735,0.015201067960261215,0.009263867347038424,0.03283380294422905
2,3.0,4.0,500,99,0.975151809677894,0.03506199602722671,0.9993189211474283,0.01845371036637105,0.031889141758487546,0.06819220076065295
2,3.0,4.0,2000,0,1.0664483053972145,0.015434951462087669,0.9998871566839808,0.007511435149795979,0.018307092441680613,0.0370169579838873
2,3.0,4.0,2000,1,0.9797434116432221,0.03076560182660925,0.9993869484574613,0.017507877406164003,0.019715757808000518,0.04741838666749638
2,3.0,4.0,2000,2,1.0289648242566576,0.007785363676449492,0.9999564018621356,0.004668947304501838,0.006232543930069099,0.013831719568710012
2,3.0,4.0,2000,3,1.0044968157888883,0.009929315584372425,0.9999410894346088,0.005427272122862333,0.005950931857795708,0.014733349702302053
2,3.0,4.0,2000,4,1.003276575240436,0.024839309760180384,0.9996655781941928,0.012931005486953067,0.007240031395863385,0.02801639619272575
2,3.0,4.0,2000,5,0.9552093901858918,0.018548024134326758,0.9997957091407879,0.010106702212197593,0.024455575923783626,0.04861643731633505
2,3.0,4.0,2000,6,1.0217387841514847,0.04151695216332117,0.9991309802848385,0.02084490003767733,0.0290867374374191,0.06753544477664176
2,3.0,4.0,2000,7,0.9841011996990113,0.014959535449370178,0.9998424842141967,0.008874564378130981,0.018969665972597704,0.03793446382151471
2,3.0,4.0,2000,8,1.0634720671416122,0.015476359616993842,0.9998657898508685,0.0081917687080243,0.011272033464731424,0.02581410432164352
2,3.0,4.0,2000,9,0.9770637229259648,0.008088912060924023,0.99995975561168,0.004485776873627863,0.0062666664645255376,0.014052745259007739
2,3.0,4.0,2000,10,0.9584626692651529,0.012768264023441039,0.9998804920639903,0.007730069081508617,0.01703607357335754,0.033816170498679625
2,3.0,4.0,2000,11,1.0649304453951753,0.037946656072716294,0.9991863954586311,0.0201693398673437,0.04308127251738292,0.08774038096573746
2,3.0,4.0,2000,12,1.0089347187662026,0.014857745020934383,0.9998594272712263,0.00838369634390563,0.009574231434489903,0.022975316190226875
2,3.0,4.0,2000,13,1.0182802606628,0.03319872653092329,0.9993883010696673,0.017488552403397126,0.027103076439875237,0.05977265306220345
2,3.0,4.0,2000,14,1.050233505689899,0.028855623689748176,0.9996574112268426,0.013087948142420562,0.004249966848639877,0.02967859986447711
2,3.0,4.0,2000,15,1.0535011478566652,0.010560021147991549,0.999925872667816,0.006087993601506209,0.012127844538606785,0.024662938417993708
2,3.0,4.0,2000,16,1.0346915049599101,0.007151607588641343,0.9999688441523797,0.003946887863895491,0.007073732533576745,0.014828977057674404
2,3.0,4.0,2000,17,1.0458487504698715,0.023391616867073778,0.9996280282223015,0.013637664347288412,0.01935481322826946,0.04251903361211288
2,3.0,4.0,2000,18,0.9761665735724145,0.02527858843739074,0.9995310552927785,0.0153124901178991,0.019277668905853505,0.04344405703730746
2,3.0,4.0,2000,19,1.0602841651579875,0.03129924521586609,0.9995047743901699,0.015735717489680424,0.032923356754747425,0.06808059792563803
2,3.0,4.0,2000,20,0.9819445295512652,0.0381990174484545,0.9989896842112493,0.022475717883425162,0.024782023226161826,0.05928366034881913
2,3.0,4.0,2000,21,1.0214914878291304,0.007141220038678332,0.9999674899895992,0.004031749645058419,0.0014679445737947072,0.007583072052474001
2,3.0,4.0,2000,22,1.0260492554748226,0.005770950940341854,0.9999768993493973,0.0033985769523875256,0.006936615375686938,0.013993864568849561
2,3.0,4.0,2000,23,1.023673528286319,0.02114058045116937,0.9997518505888257,0.01113888260047721,0.006644337972649562,0.024280355347259332
2,3.0,4.0,2000,24,1.0207570407496183,0.014165141727137717,0.9998927810577544,0.0073218488869162155,0.011012004544912796,0.02466459510771205
2,3.0,4.0,2000,25,1.0308266191110556,0.008868349819695876,0.9999574621904028,0.004611822286105872,0.0033138566042682904,0.010706656474340735
2,3.0,4.0,2000,26,1.0062276749288448,0.010747596362679638,0.9999341464176532,0.005738187098155016,0.009720705322611028,0.020831525613773074
2,3.0,4.0,2000,27,0.9543761516943267,0.02308037142834983,0.9996619171167345,0.013001593811250904,0.020673257084283903,0.04440175301870065
2,3.0,4.0,2000,28,1.0193873246452518,0.02535097374591422,0.9996792440340203,0.01266404291645746,0.015727821967125594,0.03835031548552538
2,3.0,4.0,2000,29,1.0105846356956694,0.011518954317489921,0.9999211157568264,0.006280296297689028,0.011135117668926692,0.023469786908817316
2,3.0,4.0,2000,30,0.9884048290860511,0.008312141304177022,0.9999570253329572,0.00463544318500503,0.006809054482135337,0.015004853500154994
2,3.0,4.0,2000,31,1.0068003611753304,0.01180184829911573,0.9999266207357338,0.006057196722335603,0.004370150199854724,0.014206727344774314
2,3.0,4.0,2000,32,1.0059957980692478,0.009699632754691724,0.9999467158094183,0.005161598133411458,0.002780051365236513,0.010899787320495907
2,3.0,4.0,2000,33,0.9528090482718836,0.011608320195544749,0.9999210246017501,0.006283923863710566,0.012216854763884554,0.02526434013224611
2,3.0,4.0,2000,34,1.0102892955455838,0.019330891552618412,0.9998005092807942,0.0099872598645927,0.009438103371531064,0.02587695281807327
2,3.0,4.0,2000,35,0.9872886067594826,0.025829392948123326,0.9995519251699457,0.014967879443231122,0.013585500115566427,0.03580253722298016
2,3.0,4.0,2000,36,1.0338884445082992,0.024347534994861704,0.9996091290945857,0.013979823057076833,0.009028049852095868,0.029320791631017903
2,3.0,4.0,2000,37,0.9724489298807115,0.011412976196084966,0.9999152006296377,0.00651150406443463,0.0049540727661601175,0.014539077233097024
2,3.0,4.0,2000,38,1.0306115956658184,0.013168486447029134,0.9999021664626739,0.006994052377774747,0.012276844025808083,0.026105490904931673
2,3.0,4.0,2000,39,0.9889876999766406,0.024308983737941072,0.9996318732838705,0.013566995174492825,0.022966582233400812,0.04865651336160685
2,3.0,4.0,2000,40,0.951923807385129,0.015493300222561858,0.9998384672588456,0.00898701121492807,0.020957197392257012,0.041516738565551624
2,3.0,4.0,2000,41,1.0195769148925562,0.026597043931699357,0.9995197151581994,0.015496529317891432,0.016475551636942636,0.04019970869619849
2,3.0,4.0,2000,42,1.0149480855328143,0.015842490983470868,0.9998888500026992,0.007454864093352651,0.00792715128584605,0.021448081088139465
2,3.0,4.0,2000,43,0.9834872935365009,0.0017693645863850122,0.9999979505190026,0.0010122946698915248,0.002259212859867487,0.0045144417662419676
2,3.0,4.0,2000,44,1.0369661989130066,0.022585191421919587,0.9997217538253222,0.011795045033353904,0.015949356778641514,0.03693328818398715
2,3.0,4.0,2000,45,0.9698611031468833,0.02476347039344569,0.9995763232227277,0.014554668963467991,0.03414160462453428,0.06743430832400794
2,3.0,4.0,2000,46,0.9637969427437582,0.026943818327873653,0.9995582724095702,0.01486148697859261,0.03237384120325433,0.06527457509305824
2,3.0,4.0,2000,47,1.0208447276274621,0.022241028306960856,0.9997280583630933,0.0116606525740778,0.01088228251946235,0.029802937566084008
2,3.0,4.0,2000,48,0.9870318939209063,0.018606589727794644,0.9997491847690274,0.011198554169457935,0.00989258728341689,0.025929342257689336
2,3.0,4.0,2000,49,1.0278778645230797,0.032131215505267,0.999326251562065,0.018354133566243647,0.04037917098400226,0.08084453935546587
2,3.0,4.0,2000,50,1.0403340544836361,0.02524164568921409,0.9995800206727944,0.014491020102215531,0.03022546075578197,0.06100553799867446
2,3.0,4.0,2000,51,0.9908500287193276,0.019797749084811883,0.999737523350747,0.011455929670984326,0.0010955005493938543,0.019745682702066107
2,3.0,4.0,2000,52,0.9935369898682669,0.02283664746877457,0.9996990228014212,0.01226737947930922,0.0021688453338527375,0.023006531331673272
2,3.0,4.0,2000,53,0.9578611188486404,0.020607565631470242,0.9996990846035108,0.012266119934381953,0.027888223129333246,0.05523291553648364
2,3.0,4.0,2000,54,0.9971220006155541,0.03092650502726636,0.9995521471265176,0.01496417176930312,0.008563960156688089,0.03449586917258838
2,3.0,4.0,2000,55,0.9690529864837872,0.004815632152793716,0.9999884333975588,0.0024048495213899413,0.0013079164927440128,0.005350252450181353
2,3.0,4.0,2000,56,1.000950570462612,0.06788037674786378,0.9975711691113045,0.03484846401705148,0.017487325146053265,0.07463160049919973
2,3.0,4.0,2000,57,0.9714036470447156,0.027820903000973667,0.9996738265554617,0.012770541189359842,0.00906798059107593,0.032256804070875646
2,3.0,4.0,2000,58,0.9783063104226988,0.007895468791658646,0.9999557482322591,0.0047038158839867415,0.007363603871915526,0.015655508177107195
2,3.0,4.0,2000,59,0.9862171404348203,0.03345363208295852,0.9994006361028528,0.017311324287113468,0.015752116340108122,0.04407008927430171
2,3.0,4.0,2000,60,0.9844392538165038,0.004864035749627369,0.999985453101482,0.0026969333063791095,0.004160950891761323,0.00905321244630102
2,3.0,4.0,2000,61,1.0199270795036854,0.016909601859111906,0.9998329811624811,0.009138348798304845,0.0005675871304514557,0.0168094515391908
2,3.0,4.0,2000,62,1.0087597686715897,0.010118137208342476,0.999936829052975,0.005620095507418425,0.011904481251095337,0.024101909066154312
2,3.0,4.0,2000,63,1.0191663261138353,0.00865744967861279,0.9999529172067264,0.004851947715794856,0.010833193276807818,0.021714749470955752
2,3.0,4.0,2000,64,0.9620562029088151,0.008964689269971604,0.9999485264110965,0.005073144434342198,0.012142016284427569,0.0240538486342139
2,3.0,4.0,2000,65,0.974544210710211,0.01994754237899587,0.9997118351357899,0.012003434179646588,0.026784297763101615,0.05310569264062044
2,3.0,4.0,2000,66,1.0055330015468869,0.011284230194615129,0.9999304557156605,0.00589679083652641,0.00830895602089049,0.018955842345786646
2,3.0,4.0,2000,67,0.9858746737800115,0.005081708663273129,0.9999833328837113,0.002886790284082083,0.00555415760079751,0.011399819967672285
2,3.0,4.0,2000,68,0.983020166261395,0.027693035491012253,0.999514898302992,0.015574044063890818,0.0037794352204071555,0.028342782601445692
2,3.0,4.0,2000,69,1.0413953515882828,0.017016231215616098,0.9998218051271265,0.009439143840239677,0.013889810894033433,0.030640175682218062
2,3.0,4.0,2000,70,1.0151424740705932,0.031064352512179885,0.9993333349817894,0.0182573960110769,0.028730946721494077,0.06120160439486317
2,3.0,4.0,2000,71,0.9533424627004771,0.024802645707010386,0.9996603030095917,0.013032593571664896,0.023955469725017896,0.05048062786410945
2,3.0,4.0,2000,72,1.0443433547636745,0.015005683274063354,0.9998825421335726,0.00766348048954784,0.010706694117846255,0.02470099350473194
2,3.0,4.0,2000,73,0.9681277244593653,0.01872058661947926,0.9998128487006963,0.0096734507623624,0.0044745957369325675,0.02031825535597973
2,3.0,4.0,2000,74,0.9628541270751063,0.022140797887215364,0.9997111488490203,0.012017719229944997,0.018099590624588865,0.039899302241148744
2,3.0,4.0,2000,75,1.0332990196402356,0.03327735499273513,0.9993848764952538,0.017537438592142525,0.021652653312586666,0.05175042614853457
2,3.0,4.0,2000,76,0.9898933888957433,0.006044441944268824,0.9999823899944493,0.0029673224926401727,0.0015176811055803451,0.00661593253638535
2,3.0,4.0,2000,77,0.9837335419548796,0.015231636396146168,0.9998407143535315,0.008924282785424238,0.0011747593854447478,0.0152660945885767
2,3.0,4.0,2000,78,0.9984268937697477,0.016362025301029974,0.9998440117310063,0.00883142879136033,0.018653384605886742,0.037981886751256674
2,3.0,4.0,2000,79,0.9974952535854195,0.019392593164663553,0.9997855390692139,0.010355214405944235,0.016618340965744927,0.03613240452038547
2,3.0,4.0,2000,80,0.9813415083869454,0.00735847249307694,0.9999761133376129,0.0034559124979570218,0.002366593813077338,0.00850182519452821
2,3.0,4.0,2000,81,1.032365025740472,0.013961568951659098,0.9998542967937623,0.008535315056801333,0.014157906797694271,0.02951583113438048
2,3.0,4.0,2000,82,1.0065930667917622,0.01180819252611942,0.999923657599864,0.00617828455706366,0.0022949092588132746,0.012453968986131554
2,3.0,4.0,2000,83,0.9881571295370196,0.022371659679592322,0.9996799654784225,0.012649792914856675,0.023401216351541358,0.048442771173540664
2,3.0,4.0,2000,84,0.9545248177647482,0.03135596103850051,0.9993970688364899,0.0173627642313953,0.02810101228511441,0.06033290362605869
2,3.0,4.0,2000,85,1.0434110183016179,0.010225767857812817,0.9999330784835734,0.005784527484013337,0.012633911209289146,0.025375021628192548
2,3.0,4.0,2000,86,1.0022499009413288,0.005182457221683125,0.9999841631575697,0.002813968943530136,0.006067882639116829,0.012296517681249584
2,3.0,4.0,2000,87,1.0040292269539124,0.027176679157269137,0.9995776549556765,0.014531776290657277,0.015422208167717921,0.03915172848810506
2,3.0,4.0,2000,88,1.0243748674594637,0.008250657995212613,0.9999604163263273,0.004448801730393056,0.006354632882797724,0.014277354851911723
2,3.0,4.0,2000,89,0.998176682306393,0.022273027548459574,0.9997365946254843,0.011476179122768531,0.011033259477059338,0.030011512178946962
2,3.0,4.0,2000,90,1.0215665980903645,0.00831201873295238,0.9999455072761705,0.005219804777459631,0.007775697752219668,0.016519008367390543
2,3.0,4.0,2000,91,1.0336927880360274,0.017794414045254198,0.9998017368164179,0.009956484911402969,0.0001664035074478422,0.017657476390082607
2,3.0,4.0,2000,92,1.041892913911194,0.01799779511510267,0.9997967118435676,0.010081868785905368,0.01868322338470349,0.03875168351830251
2,3.0,4.0,2000,93,0.9998389178611606,0.012799878699825108,0.999892426736359,0.007333936993215582,0.013368353459131505,0.027689233980986515
2,3.0,4.0,2000,94,1.0240753564978575,0.0038059510595941596,0.9999906345675436,0.0021639584626775474,0.004548530488676052,0.009185279157637382
2,3.0,4.0,2000,95,0.938560210225394,0.028106802813967265,0.9995184232006769,0.015517358011644692,0.010501336513820122,0.033928670607476834
2,3.0,4.0,2000,96,0.9811299658596989,0.006844669859739759,0.9999707478469402,0.0038244053825237517,0.001239758173538666,0.007164238278660536
2,3.0,4.0,2000,97,1.0048538428974634,0.025212122849137767,0.9996720816017644,0.012804655368960277,0.011299301936017341,0.03253174264725072
2,3.0,4.0,2000,98,0.967584881563758,0.020238125188101763,0.9997621416842081,0.01090546458872502,0.010364709192732052,0.027698646749399085
2,3.0,4.0,2000,99,1.020479153219329,0.01776997577249738,0.9998384748075833,0.008986801222256887,0.004796290491508294,0.019717838974910733
2,3.0,4.0,10000,0,1.0079519068015468,0.011046628233979701,0.9999235488335686,0.006182684143292141,0.004341903117920141,0.013565089581519762
2,3.0,4.0,10000,1,0.9862706935894059,0.011105604351928883,0.9999310586718586,0.005871172291002872,0.0028816400198480837,0.012228908993060946
2,3.0,4.0,10000,2,0.9980902755299008,0.005829641373180604,0.9999800407238448,0.003159056517002377,0.004064704701413987,0.009457751523528901
2,3.0,4.0,10000,3,0.987798554393373,0.007190855937499906,0.9999712284725764,0.0037928569326824207,0.0023952033380269487,0.008387020918995059
2,3.0,4.0,10000,4,1.0033889600674308,0.007250185253993529,0.9999630840066362,0.004296277072281161,0.007409268884723487,0.015420857108585833
2,3.0,4.0,10000,5,0.9876324117654309,0.005977785604458531,0.9999770708201969,0.0033859400321908954,0.005053475662884129,0.011032425930064097
2,3.0,4.0,10000,6,0.9977492779414763,0.010455012397694535,0.9999337544238023,0.005755240055710772,0.0001201064533360355,0.010375350408420126
2,3.0,4.0,10000,7,1.0060976762794795,0.006520483724446523,0.9999709945706179,0.0038082429926507427,0.008154116499144819,0.016344609103044774
2,3.0,4.0,10000,8,1.0076432705188179,0.003875486140143662,0.999991762196882,0.002029507713455884,0.0031391718183190237,0.006941399105946697
2,3.0,4.0,10000,9,1.0107867234731214,0.011344097748527408,0.9999171240533666,0.006437233358883263,0.007314072897743155,0.01754934512429859
2,3.0,4.0,10000,10,0.971642704855696,0.007273586949981609,0.9999707071663726,0.0038270637326385318,0.0069511768068415535,0.01469036307590496
2,3.0,4.0,10000,11,0.9962378903441605,0.006099776611172917,0.9999794137082925,0.0032082932929799273,0.0029577367454602602,0.008140926636916106
2,3.0,4.0,10000,12,1.025671285324686,0.008485288019069502,0.9999497025843752,0.005014848732754002,0.010925837192648558,0.021804993904703526
2,3.0,4.0,10000,13,1.0085349858106054,0.00384290985101915,0.999990839237338,0.0021401825461875887,0.0021571516806726397,0.0055052594203037625
2,3.0,4.0,10000,14,0.9982389907722138,0.006467441332475769,0.9999740911732824,0.0035992239939750697,0.0028537625908812325,0.00829307143726799
2,3.0,4.0,10000,15,0.9980107186280407,0.005932704712975445,0.9999760539529194,0.003460205707797256,0.007978661083437465,0.015822501063533327
2,3.0,4.0,10000,16,1.0090038128443153,0.007509317067754244,0.9999668894519869,0.004068817273670328,0.00014276460185481897,0.007455041569560246
2,3.0,4.0,10000,17,1.0061464937137716,0.0025433586284179235,0.9999958560550084,0.001439434783448564,0.0006444204345208784,0.002788362628795092
2,3.0,4.0,10000,18,0.9818013993778848,0.014844441285918268,0.999878146803486,0.007805549196371182,0.009252599061420348,0.022515854010153193
2,3.0,4.0,10000,19,1.0282290482394654,0.01891600841761156,0.999768969115171,0.01074781105223342,0.024012502975428944,0.04801955747345234
2,3.0,4.0,10000,20,1.0081277722229336,0.015276221582619843,0.9998771602710471,0.007837082650861825,0.003880196192223809,0.016755065219068235
2,3.0,4.0,10000,21,0.9919586568117792,0.008805552339394052,0.9999528580137286,0.004854996718404526,0.0057754463569577915,0.013761319255389336
2,3.0,4.0,10000,22,0.9942155405168847,0.0036826024246351245,0.9999917659348715,0.0020290472060229127,0.004933104181396487,0.009788571724551167
2,3.0,4.0,10000,23,1.010622785735806,0.007749611477801577,0.9999688951234202,0.003943657983380156,0.00309972203860835,0.009575039903083678
2,3.0,4.0,10000,24,1.0119850767032295,0.0039811577270902595,0.9999891469407456,0.0023294912807784174,0.00523271167509137,0.010411709804370046
2,3.0,4.0,10000,25,0.9932865324730525,0.002824871375748062,0.9999947861303551,0.0016146005148010819,0.00024060825581071903,0.002837496543746142
2,3.0,4.0,10000,26,0.9955928436839534,0.010170000982704222,0.9999427140123137,0.005351914969722275,0.00454082127041457,0.013103137576874436
2,3.0,4.0,10000,27,1.0014773939215258,0.004782424819459326,0.9999880050728935,0.002448971938026025,0.0025229225168413912,0.006639644370256141
2,3.0,4.0,10000,28,1.013013689276415,0.005475970138555482,0.999979219605363,0.0032233828997634078,0.0047272011500564355,0.010259351940084538
2,3.0,4.0,10000,29,1.004362662529612,0.005476645916440073,0.9999831065299607,0.0029063267228033444,0.00259001801532134,0.007229100557215929
2,3.0,4.0,10000,30,0.9867861438981016,0.0034936013757278484,0.999992994216374,0.0018716014033306491,0.002925204144367049,0.006404101595617394
2,3.0,4.0,10000,31,1.0154522032732525,0.01152136497906986,0.9999202561667322,0.006314421322172882,0.014622593247794335,0.029245778076006184
2,3.0,4.0,10000,32,1.0104089647673709,0.002030967121552214,0.9999979075870643,0.0010228423475312138,1.4026342579466997e-05,0.002015199896703486
2,3.0,4.0,10000,33,0.9851380424238715,0.009974992452954108,0.9999450023721406,0.005243931152267918,0.006743558708707168,0.01587666558038922
2,3.0,4.0,10000,34,1.0008609253435559,0.009067531781898768,0.9999451042303956,0.005239072895293244,0.011722541065987167,0.023377426346493143
2,3.0,4.0,10000,35,0.9975256767829558,0.009316770760919866,0.9999426317896447,0.0053557543985499854,0.006709543909987701,0.015426847262613261
2,3.0,4.0,10000,36,0.9903546183882865,0.011965755514486242,0.9998993644445693,0.007093502499844668,0.000927446584063862,0.011994025376855648
2,3.0,4.0,10000,37,1.0004657378219375,0.005945973671795501,0.9999775985306774,0.003346749865358787,0.006199436349457703,0.01284758688241882
2,3.0,4.0,10000,38,0.9966070119879591,0.005582312181946867,0.9999847120822429,0.002764771035465904,0.002896460741920261,0.007688198721793541
2,3.0,4.0,10000,39,0.9840227398785564,0.011656133500312195,0.9999140921923825,0.006553922780193611,0.015173012815132895,0.030225930944914683
2,3.0,4.0,10000,40,0.989858214958746,0.014053544527395167,0.9998629405326976,0.008278268759298116,0.01208882219824339,0.026258331126128034
2,3.0,4.0,10000,41,1.0005458790313104,0.016390591297182042,0.9998710626934328,0.008029237403615575,0.007231968021146771,0.02101562922146735
2,3.0,4.0,10000,42,1.0114936146491074,0.01320119944900642,0.9999030906882374,0.006960937859322971,0.002218004809178574,0.013719326247038706
2,3.0,4.0,10000,43,1.0191737097935545,0.014072238956304491,0.9998771591477265,0.0078371184842901,0.01722891270761457,0.03465355215010214
2,3.0,4.0,10000,44,1.0233542074434017,0.014390956016172187,0.999877100710242,0.007838982387978043,0.012641978334419109,0.027303608313254988
2,3.0,4.0,10000,45,0.9960872761798198,0.010587292256437035,0.9999332482554011,0.0057771854998243015,0.013513319036736122,0.02699943781339733
2,3.0,4.0,10000,46,0.9944462069943074,0.003047249009482761,0.9999940882419768,0.0017192669983539545,0.0035732146814209504,0.0072393940613022095
2,3.0,4.0,10000,47,1.0028125879768401,0.002924947060794845,0.9999949182370549,0.0015940142635902203,4.570604927268246e-06,0.0029020134426748882
2,3.0,4.0,10000,48,1.0202399082092302,0.008765678613902766,0.999960539972022,0.004441848037584529,0.011230098681585735,0.022429116537064458
2,3.0,4.0,10000,49,0.9946731835719983,0.009912722472208299,0.9999421187536676,0.005379648981692849,0.01060610003291568,0.02186255817803965
2,3.0,4.0,10000,50,1.0095835821025219,0.008642649646872384,0.9999576674750033,0.004600680655984659,0.00768964102885834,0.016550918954314084
2,3.0,4.0,10000,51,0.9860909307389064,0.005911326661731435,0.9999798848081968,0.003171371296721758,0.0007390336345314537,0.006020687243960233
2,3.0,4.0,10000,52,1.0064126363902508,0.007536924393156858,0.9999698387115998,0.0038833805118803737,0.0035357679509404015,0.00991398885160516
2,3.0,4.0,10000,53,0.9850478783510322,0.015267738796452341,0.9998320409754138,0.009164033625706874,0.013426816202411478,0.028985575063822985
2,3.0,4.0,10000,54,1.0052071928998216,0.0027833209518120677,0.9999960185741981,0.0014109262563888482,0.0012438921470239574,0.0035874333728419462
2,3.0,4.0,10000,55,0.9842333748865693,0.009989387815165885,0.9999454829916832,0.005220967741557539,0.003871238296693037,0.012207072960226282
2,3.0,4.0,10000,56,1.0029724059152028,0.00875351974412794,0.99995143945216,0.004927501792995326,0.0009472496779545816,0.008858187955934804
2,3.0,4.0,10000,57,0.9852931580985158,0.0018141295263944548,0.9999976740610361,0.0010784106277064965,0.00235077079934086,0.00468692590564344
2,3.0,4.0,10000,58,1.004810926001093,0.00833765895344713,0.9999619202333119,0.004363471478544675,0.007498070491734811,0.016092682958964453
2,3.0,4.0,10000,59,0.9719838768346879,0.008469633407308974,0.9999541609162708,0.0047874358339913044,0.008180211496988195,0.017243798230767757
2,3.0,4.0,10000,60,0.9866531745315168,0.006634519607894225,0.9999742487669863,0.003588260930716785,0.0040689418023168045,0.009971660195458497
2,3.0,4.0,10000,61,1.003310351402967,0.004749771404916401,0.9999849698717169,0.0027413617312388268,0.0016491620406163467,0.0056057806003435105
2,3.0,4.0,10000,62,0.9926036975779823,0.017619386644736654,0.999780549615667,0.010474979339669593,0.01731178412575601,0.03634058239183964
2,3.0,4.0,10000,63,1.0102409396952972,0.006690161368483865,0.9999774328027892,0.0033591068166169817,0.0028649265526051715,0.008477973526527408
2,3.0,4.0,10000,64,0.982821688007067,0.007775773556399569,0.9999668968861988,0.00406836046837654,0.008043127421895486,0.016694883334450305
2,3.0,4.0,10000,65,0.9796277546528058,0.011943063959764135,0.9999078995653063,0.006786031045231727,0.015766608857550626,0.03134427079628788
2,3.0,4.0,10000,66,1.0022993269516973,0.003800345544759664,0.999990608440458,0.002166974797050954,0.0044843304528467435,0.009075879992021882
2,3.0,4.0,10000,67,1.0032690325064142,0.01996417372395097,0.9997552629498853,0.0110620307836041,0.0017232716660998955,0.02005994858156883
2,3.0,4.0,10000,68,1.0121115504977976,0.01044117639919809,0.9999225670287353,0.006222257277899833,0.013513714525327894,0.026948772926149604
2,3.0,4.0,10000,69,1.0085055755019088,0.013293692489159176,0.9998938205177732,0.007286270727429546,0.008413390241852762,0.020343392120137103
2,3.0,4.0,10000,70,1.004859790629107,0.002460581062310371,0.999996059592031,0.001403639549365155,4.465878175062847e-05,0.002442662093058479
2,3.0,4.0,10000,71,1.004056758009347,0.009027273872430248,0.9999498422388298,0.005007881846164793,0.011090209678442632,0.02229177971644493
2,3.0,4.0,10000,72,1.0134493293238651,0.0006538458275330192,0.9999997673457934,0.00034106759337139577,0.0004317616255670024,0.0010259732209586018
2,3.0,4.0,10000,73,1.0041986652850183,0.013013995364729795,0.9999143178212617,0.006545310486835689,0.004447662689166054,0.01528911032564598
2,3.0,4.0,10000,74,1.0069227576703985,0.01727191935480941,0.9998499230656492,0.008662474656550656,0.007116480451861828,0.02157038481056082
2,3.0,4.0,10000,75,0.9964278137593493,0.014315790972390519,0.9998703250713784,0.008052171403462885,0.002182907666879388,0.014760999557582605
2,3.0,4.0,10000,76,0.9868367675523134,0.014619957840122662,0.9998685962869909,0.008105668171384887,0.008624369945400445,0.02150367197742104
2,3.0,4.0,10000,77,0.9905640217423293,0.00836731313830426,0.9999557829905502,0.004701968175658349,0.005779876322361896,0.013495173744854143
2,3.0,4.0,10000,78,1.015360481061505,0.0038008740591981773,0.9999906574985935,0.0021613076373374835,0.004689038589362728,0.009420200595507638
2,3.0,4.0,10000,79,1.0072910750996253,0.00045606662770342427,0.999999876489923,0.0002485056106885342,0.0005969371261948997,0.001188434035763761
2,3.0,4.0,10000,80,1.0005850911495136,0.003473442186257094,0.9999935854738493,0.0017908833226534114,0.0007035655197415131,0.003681552144767521
2,3.0,4.0,10000,81,1.0149144692220071,0.010168175007475286,0.9999481661997933,0.005090864376837097,0.000215386400797277,0.010096195904556859
2,3.0,4.0,10000,82,1.0000337185066492,0.006901881487778398,0.9999731547477907,0.0036636902304413403,0.006881574215634615,0.014401105659669657
2,3.0,4.0,10000,83,0.9910321314327178,0.007434567358771086,0.9999623039774559,0.004341429634584004,0.00891020018400226,0.017983687460881168
2,3.0,4.0,10000,84,0.9742871740847234,0.01335780104913042,0.9998896341087737,0.007428522438085305,0.01809286263630891,0.035838283555473596
2,3.0,4.0,10000,85,1.0224015611767305,0.006229058754015828,0.9999816586826024,0.0030283095447523277,0.0005127565787815751,0.00625186557368536
2,3.0,4.0,10000,86,0.991958867252948,0.007592475790292857,0.9999653903933474,0.004159904244849541,0.00974551485052456,0.019456155502391177
2,3.0,4.0,10000,87,1.0087566578361746,0.004951655323916267,0.999984007235247,0.0028277875408981574,0.006336411022627679,0.012657588945000853
2,3.0,4.0,10000,88,1.002396888733514,0.015779320897591223,0.9998449042574591,0.008806126916553168,0.009910923194302214,0.02403907797823297
2,3.0,4.0,10000,89,0.9895704004840534,0.009813061373011052,0.9999427915091095,0.005348293694741178,0.00028367076457435963,0.009750073866963983
2,3.0,4.0,10000,90,1.0119960107480936,0.015141014740095545,0.9998649478162954,0.00821742610872186,0.00222153707775091,0.01556894541058373
2,3.0,4.0,10000,91,1.0101156783742598,0.002148133102760106,0.9999972954686797,0.0011628695800069277,0.0018294096235031956,0.003985514489288801
2,3.0,4.0,10000,92,0.9974177728991501,0.004548619029347978,0.9999869311551532,0.002556251635362872,0.006103185376165786,0.01210739727897688
2,3.0,4.0,10000,93,0.9978359938057143,0.004667110494843954,0.9999863683754466,0.002610711067259558,0.0006748402110820148,0.004794255949400215
2,3.0,4.0,10000,94,1.0065586075909276,0.010818897645079175,0.9999340370594885,0.005742949612850424,0.0025844450276546666,0.011741192628880959
2,3.0,4.0,10000,95,0.9918417541336664,0.005286531966162041,0.999985944537332,0.002650986860400354,0.0004164100288490831,0.005300782648633673
2,3.0,4.0,10000,96,0.9797485348312464,0.003415258453436828,0.9999937994528665,0.0017607593721840483,0.0003908335593206767,0.003464012220545429
2,3.0,4.0,10000,97,0.9957515387578469,0.0075689093046687195,0.9999618933287815,0.004365012669996814,0.009943400635480371,0.01978356355484039
2,3.0,4.0,10000,98,0.9872406231608339,0.012269726993178888,0.9999023677434768,0.0069868539602258375,0.010872686612943131,0.023424393868751607
2,3.0,4.0,10000,99,1.0075090245476859,0.004316682116494249,0.99998903291059,0.002341696971218006,0.003639495025341727,0.007951764641751121
2,10.0,0.5,500,0,1.0230176030732627,0.02682677541218176,0.998271644430082,0.029396900941408274,0.05409000866159642,0.019627401757678232
2,10.0,0.5,500,1,0.9512042967998027,0.007488295992833114,0.9996872357948778,0.012505282986046423,0.03712622843030191,0.006871159220655643
2,10.0,0.5,500,2,1.0107090688104643,0.007772632980182275,0.9997184273246709,0.011865341868847527,0.03933488462561645,0.00719463508039571
2,10.0,0.5,500,3,1.1592015159957771,0.021699344687641186,0.9979357071476487,0.03212703575146129,0.09581900204851622,0.01945478866852011
2,10.0,0.5,500,4,0.8746989561102329,0.00914054096706621,0.9997158695022803,0.011919112754722985,0.016787357119425857,0.0065926378486075975
2,10.0,0.5,500,5,0.9590158517447376,0.011468466889331992,0.999437886151891,0.016764752430456036,0.0538605767515099,0.01024557679558818
2,10.0,0.5,500,6,0.9723238948495057,0.009601201914679747,0.9997002883210082,0.012241561971249733,0.010054376982395996,0.006688619473474237
2,10.0,0.5,500,7,0.8838855966224407,0.013414674450763827,0.9991199427521296,0.02097685924859038,0.0673749898737643,0.012298943983122786
2,10.0,0.5,500,8,1.0128744346028529,0.019434482922194872,0.9987915528975946,0.02458095911885261,0.02976048962563212,0.013822891527519622
2,10.0,0.5,500,9,1.0602156634735098,0.010730803711448796,0.9995639058572936,0.01476641701135136,0.0330451426171962,0.008463976776599838
2,10.0,0.5,500,10,1.014554805399776,0.015081920018308537,0.9988913590059221,0.023544011914688967,0.0753517979131523,0.013771496580057406
2,10.0,0.5,500,11,1.0422924505330957,0.007173080663588081,0.9997511504820653,0.011154584661355786,0.03603017858655317,0.006622031910755596
2,10.0,0.5,500,12,0.9712440542669385,0.012471309145095786,0.9993631134151083,0.017844979474514733,0.016603332715468343,0.008777591410799273
2,10.0,0.5,500,13,0.9232646315349246,0.021925615799767248,0.9979706901566774,0.03185364848273054,0.07689887562908307,0.017648351099884965
2,10.0,0.5,500,14,0.9063674753206994,0.020621427673323103,0.998446330611377,0.02787175441753776,0.03858381788185397,0.014885427759458527
2,10.0,0.5,500,15,1.043492265115436,0.02053597364737485,0.9989771429629763,0.02261478539610434,0.006083324406098415,0.014067424243570664
2,10.0,0.5,500,16,1.0447535413795934,0.016098760742976122,0.998840763775497,0.02407525933923648,0.07282190324202796,0.014517105815196432
2,10.0,0.5,500,17,0.938236489447447,0.04648014153548127,0.9919991901414351,0.06324875436941409,0.047426021601456814,0.03232080439770443
2,10.0,0.5,500,18,1.1197801967498746,0.031382473552371705,0.9965786055974453,0.041360575446642144,0.070492429544206,0.02333334308871077
2,10.0,0.5,500,19,1.0458883175532423,0.017234075874863117,0.9988635155546299,0.023837831753014092,0.02709831402670943,0.012257368997992254
2,10.0,0.5,500,20,1.0231667312275237,0.02010664504961249,0.9988199002267466,0.02429094248123531,0.04460141631255532,0.014894770411980155
2,10.0,0.5,500,21,0.9310014105069154,0.018414465505281908,0.9984250670901476,0.028061832707901288,0.08700362779480372,0.016380797906302605
2,10.0,0.5,500,22,1.0340342931222553,0.006846323522883667,0.999833224133001,0.009131699376318714,0.0010956711544311568,0.004684883832654301
2,10.0,0.5,500,23,0.988299787589975,0.02350766943250407,0.9984425163342732,0.02790594619186853,0.008691706859558073,0.016116487193827682
2,10.0,0.5,500,24,0.9394112017724644,0.00567475583818573,0.9998539398370434,0.008545763949368403,0.021642910749026495,0.004722575826017453
2,10.0,0.5,500,25,0.9295897264806058,0.01824156678548897,0.998475552272935,0.02760840204597993,0.05994749026520964,0.014462660980292124
2,10.0,0.5,500,26,1.110809865529232,0.019522325669672165,0.9981025274823605,0.030801562603539886,0.0624956553096814,0.015607732295260829
2,10.0,0.5,500,27,0.9661452548715589,0.0371860954364665,0.9955519777386023,0.04715942250175353,0.014004812314632168,0.025495103360621354
2,10.0,0.5,500,28,0.8872007844261407,0.0042706586091841685,0.9999119109471075,0.0066366050391946695,0.020673042632313614,0.003925061912990185
2,10.0,0.5,500,29,1.0207026561558181,0.03581023127160545,0.9958272847995224,0.04567666362858356,0.020624778707777642,0.024627991481128687
2,10.0,0.5,500,30,0.9880488833239469,0.008419161508728425,0.999607554763386,0.014007948397497588,0.010031388267302238,0.005893590331779563
2,10.0,0.5,500,31,1.0184442303864663,0.03983268251703052,0.9949552147935465,0.05022342683675379,0.00819414459406033,0.02726501122964495
2,10.0,0.5,500,32,1.0265523790929558,0.024897501106647107,0.9975597919735496,0.034929987306399575,0.02564923204469195,0.01733908380249055
2,10.0,0.5,500,33,1.0524072641057358,0.047509192852246106,0.993755823766153,0.05587564869353628,0.07075162759283965,0.033768379931192444
2,10.0,0.5,500,34,1.0964595068912408,0.008889937894727298,0.9997190564533613,0.011852078860661109,0.008451499646989897,0.006173360919298856
2,10.0,0.5,500,35,0.9841158872566331,0.003564681421291648,0.9999676378861313,0.004022568449926361,0.010386689995458949,0.002762197591081665
2,10.0,0.5,500,36,1.0011367711422006,0.03754226645887281,0.9950360539624723,0.04981940403862641,0.02905703690082236,0.02594387228077481
2,10.0,0.5,500,37,0.9429777292056678,0.01865650391617672,0.9984981413192503,0.027403089978592456,0.04770971106783972,0.014040321795388859
2,10.0,0.5,500,38,0.9494198065362064,0.01462824684725994,0.9994913968876988,0.015946835302047623,0.007701618157309082,0.01005197621964836
2,10.0,0.5,500,39,0.9790147211416468,0.007966913662819744,0.9997901995960483,0.010242079963357555,0.0011466304381440929,0.005451249407958033
2,10.0,0.5,500,40,0.9539991498142688,0.00303524354346876,0.9999614120688084,0.004392489680784206,0.014157008645733462,0.002725582560631879
2,10.0,0.5,500,41,0.9750883404247385,0.01760815422600418,0.9984227066437003,0.028082853810641687,0.08600503606134105,0.015885382570861573
2,10.0,0.5,500,42,0.9355715768554554,0.013537528322114602,0.9992724834983245,0.019072447426529717,0.05740904003857576,0.011615439109158368
2,10.0,0.5,500,43,1.040890439331803,0.011139246671225416,0.9996631770602943,0.012977344483862457,0.0015834325719205915,0.007621801967921789
2,10.0,0.5,500,44,0.9647700026712676,0.009629987905713433,0.9995473504281509,0.0150440947193433,0.014794106599105999,0.006840361964396806
2,10.0,0.5,500,45,0.9558389769107218,0.03740175085562699,0.9959400203297184,0.04505540850043224,0.011140379171506664,0.02562050578705653
2,10.0,0.5,500,46,1.0653517372096901,0.015148625480442653,0.9989996324506791,0.022364788723805352,0.025806260736543397,0.010868519428169309
2,10.0,0.5,500,47,1.0183655092629602,0.011397407916023615,0.9995058286719045,0.015718958745658387,0.044405575282932104,0.009653752738777189
2,10.0,0.5,500,48,1.0689387915108008,0.016261706625891072,0.9990804843415872,0.021441964210546068,0.02949269976856198,0.011739869491129833
2,10.0,0.5,500,49,0.9670920477089027,0.008035411076816292,0.9997644717568321,0.010851917875838033,0.034807844053845606,0.006977798817413513
2,10.0,0.5,500,50,1.0925088232108682,0.019712639244051682,0.9985826949151426,0.026620528590331472,0.0243847306053644,0.0138346491679489
2,10.0,0.5,500,51,0.9402559063601359,0.015410365672895103,0.9991952923815139,0.020058758915820613,0.024412877828277637,0.010967586391360843
2,10.0,0.5,500,52,0.9926978642508906,0.014931718559201711,0.9989892965933815,0.022480028988175818,0.047324266990416926,0.011884114727960192
2,10.0,0.5,500,53,0.9834755131684902,0.01231987671631206,0.9993248345319399,0.018373424667983876,0.05230506005178995,0.010584761032599267
2,10.0,0.5,500,54,0.9721858804564145,0.01710000428261344,0.9988483035446728,0.023996837868011076,0.017052932978062214,0.011887682422978874
2,10.0,0.5,500,55,0.94524834420002,0.008711170115732027,0.9997432798426283,0.011329610703190508,0.01873374584108844,0.006398416120763719
2,10.0,0.5,500,56,1.0026280359708188,0.02074218263353864,0.9985881199617971,0.026569531781750495,0.008766545878633904,0.014229888034783651
2,10.0,0.5,500,57,1.1058728650140397,0.0024895273455532363,0.9999761772195346,0.00345128819903274,0.0005615458804311686,0.0017042897141090845
2,10.0,0.5,500,58,0.9767660300226175,0.040017079878994534,0.9946283836420007,0.05182478344382784,0.06802977464473997,0.028592529238069226
2,10.0,0.5,500,59,0.9985683200256666,0.006284493981805345,0.9998660039075854,0.0081852334241205,0.01602753787066988,0.0047400167332363515
2,10.0,0.5,500,60,0.9911107025004757,0.017323230445269046,0.9988193196404935,0.024296917083310256,0.01637766767222455,0.012023495776120144
2,10.0,0.5,500,61,0.931737896420171,0.03077781162364302,0.9966545096041775,0.04089920779075312,0.05660615011539668,0.02215920252680647
2,10.0,0.5,500,62,0.9477159217258772,0.009984986286831652,0.9995211119660894,0.015473978704758124,0.04832747714901452,0.009044651021089133
2,10.0,0.5,500,63,0.9856660695951587,0.017958709241707033,0.9985564647976666,0.026865732842540666,0.08407630807302398,0.01647439271394748
2,10.0,0.5,500,64,0.9282647256971748,0.023095736714745976,0.9983094258209536,0.029073821378057623,0.001976636646436413,0.015799361178127743
2,10.0,0.5,500,65,0.9715152499506304,0.029238031864709784,0.997235928290882,0.037175742824575427,0.027842768422946626,0.020294169965472626
2,10.0,0.5,500,66,0.956710343912443,0.018792453651190737,0.9987676906827595,0.024822462783138374,0.02458484585994941,0.013211200717393805
2,10.0,0.5,500,67,0.9425594477293212,0.013011949796620036,0.9990932336234346,0.021292796628970812,0.06676585894937502,0.012046460339302671
2,10.0,0.5,500,68,0.9683978254655382,0.018676587112588187,0.9988323947986423,0.024162007380986866,0.004489377277144959,0.012787217600017787
2,10.0,0.5,500,69,1.057528030140053,0.009464433787705905,0.9996399361023467,0.013417598474638666,0.04306258031492208,0.008506436789785323
2,10.0,0.5,500,70,1.0795339075596937,0.038403433380685276,0.9948265406351853,0.05085990250096171,0.03201091190050118,0.026582930573912235
2,10.0,0.5,500,71,0.9828555820613002,0.0060068244204366655,0.9998909267143335,0.0073848928789245856,0.0016783933153918134,0.004114061696693306
2,10.0,0.5,500,72,1.036274450847394,0.024404425768111453,0.9975027795228547,0.03533567939877027,0.010853658528565305,0.01674868311439121
2,10.0,0.5,500,73,1.0073109415622998,0.021893304595912384,0.997683965513079,0.03402965241462838,0.0018255549682561743,0.014976712562072236
2,10.0,0.5,500,74,0.9441329229542705,0.029036384045015587,0.9968638812393371,0.039598729529259975,0.004902817429166386,0.01987038540768662
2,10.0,0.5,500,75,0.9831162268612731,0.024090840641862548,0.998103251881882,0.03079568247431737,0.03492676391923228,0.017033250241892558
2,10.0,0.5,500,76,1.1579308909572346,0.019944102963762995,0.9985213363826222,0.027190656643208907,0.08751558567995377,0.017806726690799173
2,10.0,0.5,500,77,0.9318987943785385,0.029352876935001545,0.9969896741079848,0.038796429552313313,0.06613835529173545,0.02162880854494093
2,10.0,0.5,500,78,1.0192928168442847,0.0106735200353486,0.999607334051848,0.014011886884929065,0.040880481884545065,0.008982626199264196
2,10.0,0.5,500,79,0.8966981530967969,0.03037419580821733,0.9972014793390452,0.03740668831208393,0.010906747906491888,0.02082049347090519
2,10.0,0.5,500,80,0.8874916115609713,0.03285453705446073,0.9956427849251861,0.046675556101743565,0.08146058472852892,0.024529382646968467
2,10.0,0.5,500,81,0.9264499166912858,0.009612178503829647,0.9996134296316439,0.01390270420378905,0.026010343482805058,0.007323567939955069
2,10.0,0.5,500,82,1.185298962751279,0.033285205420751134,0.9958449067479482,0.045580112176539435,0.15115710102112728,0.03052459144157407
2,10.0,0.5,500,83,0.9289094092350485,0.021018257619295787,0.9987288802659287,0.025210312711977288,0.017159150131355442,0.014534435606918849
2,10.0,0.5,500,84,0.9958835879981646,0.035457528268870525,0.9954468008335837,0.04771372531261981,0.00035111194506803894,0.024252883127359976
2,10.0,0.5,500,85,0.9988910692944347,0.016804364331215953,0.9989876971085582,0.02249780979830969,0.024506242680490405,0.011889803119696165
2,10.0,0.5,500,86,0.8785513046266388,0.014901832719417966,0.9989109170718236,0.02333541223308903,0.06213996869386121,0.012698138776856362
2,10.0,0.5,500,87,1.0417526229954537,0.009541972554086965,0.9997482791718458,0.011218752786164271,0.01166644162893596,0.0066908884427298275
2,10.0,0.5,500,88,0.9527729227529804,0.0027987350267190693,0.9999615794891731,0.004382950537424031,0.013874106778220888,0.0025808296734566058
2,10.0,0.5,500,89,1.0981318882995847,0.029941574885654066,0.9978327945190018,0.03291812176444939,0.045391340514801065,0.021291617071803947
2,10.0,0.5,500,90,0.9874838539701754,0.008107292652412364,0.9997884579975977,0.01028450296325126,0.025159338352798488,0.0063637337203269456
2,10.0,0.5,500,91,1.013298984249473,0.027335162850385588,0.9974610158343542,0.03562993239992044,0.05159382527543385,0.019840356123598583
2,10.0,0.5,500,92,0.8939845333802383,0.008169265677300317,0.9996840712242834,0.012568388435209143,0.020298219503607315,0.006131595388049183
2,10.0,0.5,500,93,0.9880544884019512,0.030255844199888242,0.9957120341637862,0.0463031631544422,0.019825384215599554,0.020841341197921744
2,10.0,0.5,500,94,1.091938343094495,0.01414913472456975,0.9992699107885021,0.01910614052468295,0.06192498047721733,0.012559319983899881
2,10.0,0.5,500,95,0.9666978535820198,0.02763498705398444,0.9973709315449858,0.03625650600246955,0.04111442982843488,0.019621464845861504
2,10.0,0.5,500,96,1.098207201403291,0.023515840207642674,0.9979401399028747,0.032092523250169015,0.10256410840367645,0.02100165289256191
2,10.0,0.5,500,97,1.028447487734436,0.02644954958126177,0.9974380128398943,0.0357909706497725,0.0004507022595668209,0.018091501117556447
2,10.0,0.5,500,98,0.9952130565451254,0.04273873057050472,0.9944406206971339,0.052722762175676965,0.023636763446253022,0.029386844766702953
2,10.0,0.5,500,99,0.8557933296596095,0.021153613784772887,0.9981892102440926,0.030089780290884886,0.045568669523697834,0.015514402035987291
2,10.0,0.5,2000,0,0.9725765797469894,0.0055482697112227515,0.999886523796949,0.0075324698157691015,0.017901884379455543,0.004420707664678187
2,10.0,0.5,2000,1,0.9806348178601034,0.0052311263704783225,0.9998880109093881,0.007482950307598567,0.004957143940292685,0.003631578074282821
2,10.0,0.5,2000,2,0.9682431722889272,0.007375094398720646,0.9997404835395024,0.01139114701199105,0.02882079329043648,0.006179927793725017
2,10.0,0.5,2000,3,1.0346725167092465,0.011607649594774793,0.9995393913416414,0.015175781007227516,0.013110364398032518,0.008110601834217654
2,10.0,0.5,2000,4,0.9528936726564615,0.005812739113298863,0.9998374354497493,0.009015668312739353,0.02469364487256323,0.005020017679974585
2,10.0,0.5,2000,5,1.0066070757548748,0.009803148921884558,0.9995986173590995,0.014166556407619295,0.01920953692818842,0.007118670319141666
2,10.0,0.5,2000,6,0.993735553991947,0.014386220935614173,0.9993644144226386,0.01782674363647807,0.0299323899910381,0.010552830764074789
2,10.0,0.5,2000,7,0.94374214744732,0.0056753647713748455,0.9998539860831666,0.008544410946149097,0.028127909452323116,0.005216918751049198
2,10.0,0.5,2000,8,1.0006042416752035,0.011897863170892557,0.9995381394970104,0.015196389422978343,0.007826017009074562,0.008197673687528178
2,10.0,0.5,2000,9,1.023879945448663,0.0024983754728124903,0.9999692745185474,0.003919533228118711,0.012047475738754155,0.0022881525027755867
2,10.0,0.5,2000,10,0.9817713398895263,0.01022974907632201,0.9994160881480261,0.017086717823705144,0.04275743607755785,0.008753995518348153
2,10.0,0.5,2000,11,1.0224308535924984,0.00804275740866377,0.9997426464054341,0.011343579562156146,0.007193009459527496,0.0055753956271362886
2,10.0,0.5,2000,12,1.0337245542509694,0.008086960839983736,0.9997768865309113,0.010562042157855873,0.009263942137115991,0.005653536026837451
2,10.0,0.5,2000,13,1.007093117578177,0.005006532043072893,0.9999150178419713,0.006518518160924649,0.013897752703949821,0.0038383672210566392
2,10.0,0.5,2000,14,1.0003395671140372,0.007069643756765497,0.9998433999961112,0.008848728832121344,0.012569297078144625,0.005089664919701303
2,10.0,0.5,2000,15,0.9924390786526102,0.018608179772789932,0.9985443574462871,0.026978162962966228,0.00980080647784333,0.012787864397225913
2,10.0,0.5,2000,16,0.9640761300094283,0.00995486242270199,0.9996004539150016,0.014134109186617378,0.017748030788416976,0.007158792931052708
2,10.0,0.5,2000,17,0.9503894009562773,0.007314952326980776,0.9997959252509157,0.01010135508445386,0.02919438179885454,0.00617300431801144
2,10.0,0.5,2000,18,0.9557621481331198,0.026534238294085386,0.9975438522224293,0.035043885183943795,0.03083441840775041,0.01854606426554226
2,10.0,0.5,2000,19,0.9899434068959994,0.0054771449161981735,0.9998844792783116,0.00760002373971528,0.009168936007144558,0.0039178489875800054
2,10.0,0.5,2000,20,1.0278358296445793,0.0142748010725543,0.9991542548142218,0.020563866195078967,0.04514910509289988,0.01135219617789775
2,10.0,0.5,2000,21,0.9494677658022788,0.00809138532744282,0.9996787802813,0.012673194520324196,0.039760206014881484,0.007391179820796067
2,10.0,0.5,2000,22,1.0049751590149516,0.013379984065918,0.9994207023701396,0.017019072093689,0.0019642365789484,0.00915518664736039
2,10.0,0.5,2000,23,0.9845449792655606,0.007232258514785681,0.999844397034966,0.008820514866888545,0.012345177723544076,0.00518682360916653
2,10.0,0.5,2000,24,1.012303014750042,0.003773058975830425,0.9999352897249909,0.005688157654681957,0.014843917069771203,0.003175951757109766
2,10.0,0.5,2000,25,0.943134080469155,0.0063051345621479285,0.9998144674987994,0.009631523794308377,0.027886452816697587,0.005526417461613107
2,10.0,0.5,2000,26,0.9780160779186108,0.007778439034366724,0.9997845919065436,0.010378056018744876,0.010280674386071848,0.00547633104656362
2,10.0,0.5,2000,27,0.9889473834461004,0.01583554308103609,0.9989684501612686,0.022710678531601206,0.003886852364502366,0.01084249787622724
2,10.0,0.5,2000,28,0.9797109083222916,0.004649270441512514,0.9999289653802196,0.005959640080591965,0.01375696133790708,0.0036137150662167578
2,10.0,0.5,2000,29,0.9772130881193462,0.015117249823734588,0.9993387677270265,0.018182852814857882,0.024496723005307655,0.010777940306819594
2,10.0,0.5,2000,30,0.9435144906395674,0.012404380323725176,0.9993379556178204,0.018194015254742475,0.03280726444276312,0.009404123845038512
2,10.0,0.5,2000,31,0.977851235097954,0.00666464162756527,0.999813921549229,0.009645684288089037,0.003172333652856277,0.004575918611805819
2,10.0,0.5,2000,32,1.039253807500154,0.007322203392725395,0.9997953232099634,0.010116244116188257,0.004856981362798309,0.005045202246291379
2,10.0,0.5,2000,33,1.0496643631036604,0.009147277748575747,0.9995890255644996,0.01433482534773787,0.043900785795492364,0.008415426408821675
2,10.0,0.5,2000,34,1.0285445750255784,0.00740791031907636,0.9998362629732269,0.009048122091713946,0.01250502116651991,0.005307542965250602
2,10.0,0.5,2000,35,1.0567269561749992,0.013644203877153002,0.9992262530047831,0.019669100071138684,0.05124259122604237,0.011425544171230278
2,10.0,0.5,2000,36,1.0090068372088243,0.014596988438122334,0.9991145121579941,0.021041480960306565,0.0035942151146254237,0.009994529019141201
2,10.0,0.5,2000,37,0.9883856241213373,0.0033544149733866716,0.9999529429735745,0.004850619879222949,0.013246382612779842,0.0028401766152626176
2,10.0,0.5,2000,38,1.01786521838476,0.004879250757021184,0.9999172610460716,0.006431910833048228,0.015027650747903423,0.003840684676653631
2,10.0,0.5,2000,39,0.9566440422311157,0.006198959239753174,0.9998882641991305,0.007474483288813758,0.020297249810256084,0.004934681074637247
2,10.0,0.5,2000,40,1.0368859931446808,0.005215296061737869,0.999888670706694,0.007460874389309959,0.01365632206378344,0.003962929910256897
2,10.0,0.5,2000,41,0.981360596884582,0.0022450609188376996,0.9999793879278658,0.003210301553926321,0.004951799870893833,0.0016562080222684995
2,10.0,0.5,2000,42,0.9715824350942891,0.007695025231544467,0.9996988510974711,0.012270878178209299,0.009216866427745055,0.0053880626303541845
2,10.0,0.5,2000,43,1.0436116368535395,0.014920629871685973,0.999140706693764,0.02072791965244,0.0321325446538305,0.01099723498640441
2,10.0,0.5,2000,44,0.963528151973845,0.006532553732877889,0.99980444195919,0.009888327482694272,0.02767979003658074,0.005633222765232325
2,10.0,0.5,2000,45,1.0027294038243817,0.0033903203406813174,0.9999607093307777,0.004432305789441956,0.003975632671890041,0.0023723070074278857
2,10.0,0.5,2000,46,0.9884624154856817,0.010977160957083553,0.9995657991846787,0.01473432752658533,0.021541997669967217,0.007971519387616317
2,10.0,0.5,2000,47,1.0249083447309173,0.021416098768159118,0.9987479867698514,0.025020124201815205,0.04041874569761294,0.015535138650157003
2,10.0,0.5,2000,48,1.0416897131290395,0.004645108842629966,0.9999036833011037,0.006939621707856398,0.022558266258607736,0.0042770589115442
2,10.0,0.5,2000,49,0.973533615720954,0.006997553649614901,0.9997630028194461,0.010885705777621841,0.03504280471553683,0.006452621789126593
2,10.0,0.5,2000,50,0.977330743960122,0.012864144344603243,0.9996243657202617,0.01370463935567604,0.00816695857306364,0.008858151227021393
2,10.0,0.5,2000,51,0.9755405904504288,0.0036979442155678968,0.9999393327171161,0.005507598518586722,0.017137261983913098,0.0033097738528168365
2,10.0,0.5,2000,52,0.9974469606073071,0.0014222506448833695,0.9999897389041559,0.002265071284086665,0.006969304945791095,0.0013066600472067163
2,10.0,0.5,2000,53,1.0111422911539467,0.007531550430993679,0.9998005516323865,0.009986199667879976,0.03217275307663141,0.006585210355758626
2,10.0,0.5,2000,54,1.0126768479037092,0.00517166136964812,0.9998855712414789,0.007564018724234833,0.022939872517614767,0.004581956922897722
2,10.0,0.5,2000,55,0.9817479353435906,0.00848164364755494,0.9996673896158901,0.012895937036718026,0.041715362382410116,0.007747489794326321
2,10.0,0.5,2000,56,1.013832688744681,0.008338879876636784,0.9997144336378148,0.011949191650177812,0.016833573549052235,0.006077087554043723
2,10.0,0.5,2000,57,1.040710205799861,0.005735476784123736,0.9998775786707617,0.007823724472343509,0.004496310670693742,0.003963307511709529
2,10.0,0.5,2000,58,0.9842977080814924,0.0053246648671028485,0.9998998927639402,0.007074858163238483,0.020413829662860723,0.004439611658609783
2,10.0,0.5,2000,59,0.9868718269141057,0.0025063233168958763,0.9999794940692746,0.003202025197072023,0.006058936770276065,0.00187471336350312
2,10.0,0.5,2000,60,1.0247875902920365,0.008906087618812099,0.9996913063236441,0.012423640294933931,0.006820507009901377,0.0061520486886309615
2,10.0,0.5,2000,61,0.9664886423730681,0.015458883805542696,0.9990664475659783,0.021605004443666666,0.00543758890711492,0.010595971546515544
2,10.0,0.5,2000,62,0.9999743109583332,0.004845494599482353,0.9999143128224612,0.0065455014146662835,0.004301692664916557,0.003357866470391979
2,10.0,0.5,2000,63,1.0097795301683514,0.026133534617004437,0.9980520064779136,0.031208921177176507,0.015762393465081192,0.017986161303380224
2,10.0,0.5,2000,64,1.031047656126037,0.012216203681153831,0.9994310161576898,0.01686688830683117,0.009705565624615999,0.008445089143899527
2,10.0,0.5,2000,65,0.9907859403357531,0.009032262760118698,0.9996956150193645,0.012336632049213538,0.020947366467279238,0.006704595054128924
2,10.0,0.5,2000,66,0.9572776931465908,0.0020421373791172743,0.9999785097521193,0.0032779755856863118,0.008945672336016034,0.0017895611178138891
2,10.0,0.5,2000,67,1.0083868013641661,0.0184071927669195,0.9989949155907385,0.022417453125427655,0.0034616344672815354,0.012597992213833282
2,10.0,0.5,2000,68,1.0115673049214464,0.012073207415262284,0.9994593046055749,0.016442253410423175,0.003641986527691541,0.008270650419142949
2,10.0,0.5,2000,69,0.9757924097823027,0.008372825763953071,0.9996909143251471,0.012431525949230702,0.002992276416705103,0.005739268447088129
2,10.0,0.5,2000,70,0.9935224794781118,0.007746455675604215,0.9998453894274466,0.008792342479494777,0.0021138037914054035,0.005305184933647249
2,10.0,0.5,2000,71,0.9751163216049054,0.009695443108880255,0.9997033631209977,0.012178605811056918,0.010212987599558772,0.006753367915583409
2,10.0,0.5,2000,72,1.0114853089855997,0.012866064997608092,0.9993627630003588,0.017849887949805094,0.02885433493818316,0.009536172789704722
2,10.0,0.5,2000,73,0.9792355654423156,0.005557506052696493,0.9998418947526018,0.008891154238855153,0.02699038933376642,0.0050642413126679815
2,10.0,0.5,2000,74,1.0090476532228272,0.01160660591527401,0.9994708316281996,0.01626604395359189,0.006572670611840234,0.007981945881755863
2,10.0,0.5,2000,75,0.9616339623531767,0.014118623818903395,0.9993395352906049,0.01817229635179649,0.028196609870916937,0.010269604814662724
2,10.0,0.5,2000,76,1.048422666579507,0.01112093337372114,0.9995059733072329,0.0157166582447909,0.0258740341450232,0.008287381893460401
2,10.0,0.5,2000,77,1.0115001303510525,0.0033224831891744766,0.9999607034082959,0.004432639828820582,0.004216535125286232,0.002333687802822509
2,10.0,0.5,2000,78,1.0566923958788952,0.007070574507994094,0.999771693419758,0.010684254308142271,0.03429004260724457,0.006522352172155486
2,10.0,0.5,2000,79,1.0553013032331633,0.010101114766304866,0.999625304336842,0.013687506404710005,0.01154840737059184,0.007061345592624865
2,10.0,0.5,2000,80,0.9572822568973647,0.0063460828978683425,0.9997905227554993,0.010234188890693403,0.03094996908347212,0.005788622086771515
2,10.0,0.5,2000,81,1.0014096129930952,0.00651110128744814,0.9998349375926723,0.00908466860506472,0.01676520043957966,0.00493336078063576
2,10.0,0.5,2000,82,1.025786515762211,0.004783953498155898,0.9998977671547788,0.0071495749951059236,0.023175852582450005,0.004400657228922467
2,10.0,0.5,2000,83,0.965489124005261,0.00277573933205493,0.9999720616754586,0.0037375342500986257,0.009298084303175955,0.002226250990549792
2,10.0,0.5,2000,84,0.9782101576067035,0.010276669351923182,0.999698624073871,0.012275502558529824,0.007309790887883055,0.007088490173547736
2,10.0,0.5,2000,85,1.0137612711358943,0.01479226452381263,0.9994627099689595,0.016390394001372825,0.004756031406541679,0.010135558347139938
2,10.0,0.5,2000,86,1.0081552522620527,0.002427844640917212,0.9999736005612831,0.00363314180268683,0.010986074669970777,0.0021544050983454406
2,10.0,0.5,2000,87,1.0080812054008028,0.010668949757417036,0.9994799432965653,0.01612539462206518,0.021083955787535174,0.007772114847599162
2,10.0,0.5,2000,88,1.0022640169877117,0.009279725429678408,0.9996545159802359,0.013143135466168169,0.004448662579621857,0.006371741182683876
2,10.0,0.5,2000,89,1.007800288221783,0.006097194706159385,0.9998573271370512,0.008446089715030568,0.015671258017656224,0.004617778469569836
2,10.0,0.5,2000,90,1.0431206399090989,0.007823117935382404,0.9998399646537947,0.008945259811914909,0.0060366765704357355,0.005404122333241963
2,10.0,0.5,2000,91,0.9793261489906603,0.007838044019487313,0.9997157925455995,0.011920726789935079,0.012909226769883085,0.005598092537298743
2,10.0,0.5,2000,92,0.9206700002177025,0.015811312138229512,0.9987075622136343,0.025420835808109485,0.030312458365845386,0.01144721577418426
2,10.0,0.5,2000,93,0.9741048894594712,0.005666942884281794,0.9998526352772217,0.008583843043133269,0.02644788503949671,0.005077527216335391
2,10.0,0.5,2000,94,1.0139643976735633,0.010069154777087435,0.9996360117520331,0.01349051978181234,0.031977808534779176,0.008003410667306518
2,10.0,0.5,2000,95,0.9804128068753364,0.01480598355370907,0.9991686141763672,0.020388548546092414,0.008256340329253401,0.010180603676585584
2,10.0,0.5,2000,96,1.0440900690353523,0.024694681037559663,0.998714836857952,0.02534919270951251,0.005335599058553079,0.016904440231068192
2,10.0,0.5,2000,97,0.9393774403003456,0.010662653080964401,0.9995973390256836,0.014189097475110261,0.032583567627159936,0.008331920924695667
2,10.0,0.5,2000,98,1.0144623234653507,0.014451128106523084,0.9992665642459557,0.019149879295236587,0.004479378948658376,0.009900590784257044
2,10.0,0.5,2000,99,0.9775744166304247,0.010317384556256078,0.9996923764014024,0.012402088505519791,0.022053514024887068,0.007570523563234891
2,10.0,0.5,10000,0,1.0045718570981905,0.008529473716022766,0.9997560794300665,0.011043563055770434,0.008404780986315507,0.005929598589902007
2,10.0,0.5,10000,1,0.9929808432801194,0.0027010782990671864,0.9999735417616242,0.0036371856136186596,0.007804878890792862,0.0020897393261452854
2,10.0,0.5,10000,2,0.9832276796752909,0.0025277143724504077,0.9999760864486273,0.003457857094546744,0.009409902896712004,0.00209125343789292
2,10.0,0.5,10000,3,1.0117872380737836,0.0026497810151210493,0.9999779846887611,0.003317778717675381,0.008359186753051176,0.0020966088322984747
2,10.0,0.5,10000,4,0.9974884232073788,0.0049925694822361266,0.9998768853761237,0.007845846795481516,0.003441131911938073,0.003442227272286408
2,10.0,0.5,10000,5,1.0031288089355037,0.005051820697577746,0.9999131636463464,0.006589247060688069,0.004409131505785259,0.0034993320200944456
2,10.0,0.5,10000,6,0.9949739062997364,0.0018728949238883972,0.9999834484477836,0.002876764868429195,0.007436355819048461,0.0015872716763236383
2,10.0,0.5,10000,7,0.9934206347391582,0.003806183075749482,0.9999417746024144,0.005395618481024566,0.01060819329979862,0.0029214378627902015
2,10.0,0.5,10000,8,0.9874997928546058,0.005612734339717009,0.9999082015396765,0.006774897059121949,0.0004622111000497037,0.0038395320776470503
2,10.0,0.5,10000,9,0.9966056328682488,0.0042610747324034895,0.9999381939711623,0.005559047977740714,0.0036852553751318315,0.0029512066263206625
2,10.0,0.5,10000,10,1.0123673292829294,0.001329009228867945,0.9999932232355593,0.0018407558828686399,0.005413361639299208,0.0011340902394473724
2,10.0,0.5,10000,11,1.0242107324847796,0.004122410200049051,0.9999135127950811,0.006575986804993646,0.020176248581127286,0.0038071725690420385
2,10.0,0.5,10000,12,0.9963366159224528,0.004158388555269879,0.9999238290544553,0.006171342866208667,0.013066289538474414,0.0032786498121804854
2,10.0,0.5,10000,13,0.992140005158973,0.001988056558848105,0.9999841736010331,0.0028130409672492505,0.00807121652203261,0.0016937254237762646
2,10.0,0.5,10000,14,1.0099805279512704,0.0038799726452200148,0.9999553816588738,0.004723258468801261,0.0058380880867093515,0.002753845218304624
2,10.0,0.5,10000,15,0.9835985603008008,0.0067320658190867634,0.9998347062768241,0.009091031931960375,0.002696277078832216,0.0046171144291116155
2,10.0,0.5,10000,16,0.982680575139689,0.0020197283254261974,0.9999890181047699,0.002343277110165774,0.0033495712189091915,0.001444307849759108
2,10.0,0.5,10000,17,0.9969107627037606,0.005041255307659396,0.9999121010750129,0.006629439078348902,0.0022922456661800647,0.0034601731040325868
2,10.0,0.5,10000,18,0.973778245133206,0.009185760265674501,0.999673891300376,0.012769273660313846,0.011291254841768107,0.006439390918365435
2,10.0,0.5,10000,19,1.011866864849967,0.0019633330761311286,0.9999852397495028,0.002716638593670519,3.6131891091973406e-05,0.0013429216044426341
2,10.0,0.5,10000,20,1.0376703041173203,0.007939381345976514,0.9997568461055288,0.011026193687560262,0.026372196930718662,0.006382430669277639
2,10.0,0.5,10000,21,0.9814244541733724,0.006515724729895232,0.9997715081830487,0.010688587768062701,0.017580263660116193,0.004965471809412839
2,10.0,0.5,10000,22,1.0150584862462122,0.004383632405141017,0.9999406911756287,0.005445586486840159,0.008876451752312914,0.0032005486790104647
2,10.0,0.5,10000,23,0.986277809737012,0.003421655390898165,0.9999561482400385,0.004682507873002435,0.0006120177921589125,0.002341663035231691
2,10.0,0.5,10000,24,1.0068621813780725,0.00549510625536713,0.9998849578650575,0.007584264464750943,0.0011297823159629329,0.0037613103625910582
2,10.0,0.5,10000,25,0.9850516520574856,0.003414533282942122,0.9999535421305723,0.004819640517076596,0.010910251789725087,0.002704194033581786
2,10.0,0.5,10000,26,1.0115909893485442,0.004166141130367911,0.9999293280176543,0.0059444083955335,0.015219555021369926,0.0034389788824145755
2,10.0,0.5,10000,27,1.0072435538226678,0.004078483153924819,0.9999462679377292,0.00518324523203427,0.008454898168850877,0.0029864304205672303
2,10.0,0.5,10000,28,1.0064545055279615,0.0006752325525042128,0.9999985081775127,0.000863661533034637,4.72747091492015e-05,0.000461895200900684
2,10.0,0.5,10000,29,1.0019118833000757,0.005025621150404441,0.9999444113661518,0.005272031574646762,0.004286758836099264,0.003479241408025244
2,10.0,0.5,10000,30,0.9964386894185544,0.0027558865973171098,0.9999670515141731,0.004058847485852023,0.006772996183455659,0.002066918455732379
2,10.0,0.5,10000,31,1.0029527932643967,0.005507917508930207,0.9998897200455374,0.007425629753179496,3.685945515443873e-05,0.003767401906999716
2,10.0,0.5,10000,32,1.005369604357022,0.006944630875306347,0.9998835955190843,0.007629039288000067,0.002594455119519548,0.004761240861636595
2,10.0,0.5,10000,33,1.0287013831600738,0.006490349065002455,0.9998566322477047,0.008466633105769974,0.019346989810819327,0.0050715191749490796
2,10.0,0.5,10000,34,1.0157293374618837,0.003812585828402668,0.9999454267232828,0.005223661393936013,0.010642337202749638,0.002933424302120435
2,10.0,0.5,10000,35,1.0198578504254023,0.0016683702519875454,0.9999872524129867,0.0025246373020055423,0.007930896540577678,0.0015171527363526884
2,10.0,0.5,10000,36,0.984105437088768,0.001399231611252947,0.9999910168670723,0.0021193316078094025,0.00577876937791919,0.0011999089681982312
2,10.0,0.5,10000,37,1.0063123779355472,0.004680336056274911,0.9999228699807993,0.006210073236314201,0.01393118595221081,0.0036537742105259502
2,10.0,0.5,10000,38,0.9920602220705369,0.006911066583402814,0.9998764950097596,0.007858275581840877,0.004609298642319511,0.004762305154635609
2,10.0,0.5,10000,39,0.9940954347458992,0.002573859681995963,0.9999765966686689,0.003420769747515025,0.0021722633504185325,0.0017814804666143854
2,10.0,0.5,10000,40,1.010658128129966,0.0014794776804938818,0.9999892452422394,0.0023189176096364123,0.007086791465026346,0.0013496264352152137
2,10.0,0.5,10000,41,1.0023662164914227,0.006391545599777902,0.9998139192328266,0.009645744325175716,0.0009391176625714176,0.004373390001100917
2,10.0,0.5,10000,42,0.9894062615123814,0.001410632789004512,0.9999907371972601,0.0021520690904222785,0.006159727511341237,0.0012380987321440166
2,10.0,0.5,10000,43,1.0092657134052694,0.005398268196796589,0.9999391775711205,0.0055146363832758874,0.007818265461427608,0.0038216521391669306
2,10.0,0.5,10000,44,0.9727288402054867,0.003967326135509478,0.9999245165826651,0.006143428087592063,0.019804559767066767,0.0036652387613807687
2,10.0,0.5,10000,45,0.9876475365380764,0.0044098415929166995,0.9999143118388325,0.006545538983441054,0.01632772737870871,0.0036383879010265714
2,10.0,0.5,10000,46,1.005246677521301,0.0030028569732230867,0.9999710732216104,0.0038030762804313585,0.004933208101715188,0.0021449298934149218
2,10.0,0.5,10000,47,1.0002136247525055,0.005050209170900186,0.9998890941641001,0.007446671602126169,0.003957871980426019,0.003490038661993476
2,10.0,0.5,10000,48,1.0048767468729594,0.0031145231501229806,0.9999630303625507,0.004299397483908562,0.015247829824619127,0.002873736769344363
2,10.0,0.5,10000,49,0.9787546861734832,0.0029967049313013097,0.9999528260426366,0.004856642737710382,0.011939821431759928,0.0025346409125966067
2,10.0,0.5,10000,50,0.9721055498550835,0.0023999971976179538,0.9999690741081964,0.003932295246019588,0.011862855314769799,0.0022111982248470673
2,10.0,0.5,10000,51,1.006195558544647,0.0046507810501208845,0.9999180591798039,0.0064008132372425945,0.0005081453075246237,0.003181760016844568
2,10.0,0.5,10000,52,1.0077799940506131,0.002784433185528987,0.9999708167801038,0.0038198965886632563,0.006682988915948638,0.002080198792234486
2,10.0,0.5,10000,53,1.016232797739034,0.002487235562070223,0.9999786518822875,0.0032671178209899626,0.005163610489884428,0.0018212285589490097
2,10.0,0.5,10000,54,0.9974901975339051,0.000858437738285371,0.999997284225189,0.0011652842595150147,0.0010940407026391243,0.0006030459566521091
2,10.0,0.5,10000,55,1.0074403648555612,0.0022342823208354088,0.9999837874316704,0.002847153695331483,0.000885723209548114,0.0015322885716952252
2,10.0,0.5,10000,56,1.0323198598394512,0.007053035659359404,0.9998597623268866,0.008373699096378567,0.007676130491253623,0.004920318292242276
2,10.0,0.5,10000,57,1.009463520693343,0.0035293511318326854,0.9999362737017974,0.005644745264518025,0.005774879702775337,0.0025200808299248815
2,10.0,0.5,10000,58,1.0045589780441015,0.001623937674138238,0.9999848379695196,0.0027533643493427803,0.007329146401161978,0.0014405281539256517
2,10.0,0.5,10000,59,0.9947212154063693,0.0029666875211988254,0.9999682481967085,0.003984457509602395,0.007827218570500585,0.0022531680439989376
2,10.0,0.5,10000,60,1.0296894703845638,0.0011001971582174526,0.9999958762471842,0.0014359235383256783,0.0029318937656075913,0.0008375562412348613
2,10.0,0.5,10000,61,0.9831350054874708,0.0012473201468308438,0.9999931720670607,0.0018476922010076864,0.0032031137291056114,0.0009429807940211337
2,10.0,0.5,10000,62,1.0099857947647415,0.005602675804085789,0.9998798877251655,0.007749589499921381,0.005320460801935697,0.0038903175353231295
2,10.0,0.5,10000,63,1.0110480295668687,0.009806126521851517,0.9996970905822087,0.012306693662216334,0.01382634409297626,0.006931333329599651
2,10.0,0.5,10000,64,1.0186616644755333,0.003401158705580569,0.9999630024910641,0.004301017840928168,0.011091344943973734,0.0027152760987384705
2,10.0,0.5,10000,65,1.0093592465978038,0.0016950163120763532,0.9999874500601472,0.0025049890072390696,0.0008046220157142799,0.0011637846651787389
2,10.0,0.5,10000,66,0.9926283939352389,0.010238685605095128,0.9997369536859464,0.011468354591080868,0.008376661818912919,0.007081180517323595
2,10.0,0.5,10000,67,0.9963417952493291,0.006801984242351141,0.9998381687099991,0.008995312390378138,0.002457440487342839,0.004662737630799148
2,10.0,0.5,10000,68,0.9989876050217874,0.004981991414986622,0.9998995709046796,0.007086222382920715,0.0026698722351977625,0.003424081631831758
2,10.0,0.5,10000,69,1.0089140147003384,0.004040652074004098,0.9999372177642079,0.00560277769468545,0.002450681712416142,0.0027809170292340535
2,10.0,0.5,10000,70,0.9793733707225311,0.00533207073648375,0.9998790781215161,0.007775663267009552,0.002258647591036673,0.00365815784974752
2,10.0,0.5,10000,71,1.0010163177061109,0.0024546212340918936,0.9999786973103963,0.003263639808841447,0.0035376759424427633,0.0017365506623810113
2,10.0,0.5,10000,72,0.9974257447744905,0.006412959107601538,0.9998419779572271,0.008888814397119695,0.008080980352605564,0.004503191612960694
2,10.0,0.5,10000,73,1.0212469423471515,0.00454316943737239,0.999922679187673,0.006217749284388068,0.013798345294394514,0.003563553385074536
2,10.0,0.5,10000,74,0.990424110507036,0.001878867952969321,0.999983881120394,0.0028389152511103144,0.000630312698204746,0.0012875741548992157
2,10.0,0.5,10000,75,1.009485777134408,0.004352925369214269,0.9999123741237597,0.00661913424249125,0.010931285973804668,0.003281621410736243
2,10.0,0.5,10000,76,1.00803943273541,0.006539556170269939,0.9998326844556467,0.009146462276567397,0.015852816830063645,0.004902190932446138
2,10.0,0.5,10000,77,0.9793625305262524,0.0030125117680976582,0.9999519139368942,0.004903369408165723,0.009447698896696919,0.002375084984050168
2,10.0,0.5,10000,78,1.0282422669245967,0.004338498125367514,0.9999242099364238,0.0061558940689481,0.01692332175665863,0.003660047568027917
2,10.0,0.5,10000,79,0.9896299572539586,0.0037472615596632936,0.9999394442752385,0.005502532360721943,0.01343208211139223,0.0030625022760087184
2,10.0,0.5,10000,80,0.99147083939555,0.004088954710863567,0.9999444905300294,0.005268276282174289,0.004274025781607641,0.002847667840793609
2,10.0,0.5,10000,81,0.9935109488609588,0.0035603891824563874,0.9999602978249339,0.004455455928750581,0.0022630528964925844,0.002451858731248015
2,10.0,0.5,10000,82,0.9925121692038703,0.0033137910788869625,0.9999520399601938,0.004896939850881263,0.011557973781565922,0.0026872680670379716
2,10.0,0.5,10000,83,0.977975466102516,0.001450056103291524,0.9999893702563468,0.00230540057834012,0.007206112737397154,0.001340572937603186
2,10.0,0.5,10000,84,0.9761240979635597,0.0011681587173336424,0.9999954113181799,0.0015147081930258646,0.0014735396263385648,0.0008201376890286174
2,10.0,0.5,10000,85,1.026208604349391,0.005786598076937001,0.9998713035288274,0.008021735197968593,0.0076754793227016135,0.004074533574778544
2,10.0,0.5,10000,86,0.9992622000375875,0.007609991803730058,0.9997883997695947,0.010285918296517196,0.001057742982014104,0.005206904599884702
2,10.0,0.5,10000,87,0.9944320588290536,0.0035509805756583418,0.999959590192772,0.004494986497643447,0.009525420262734804,0.0027098608654339412
2,10.0,0.5,10000,88,0.9997147387189859,0.0025592514739222524,0.9999815564267835,0.0030367394699313257,0.002231860341816969,0.0017727710483523957
2,10.0,0.5,10000,89,1.0078877487068734,0.0029514403895783714,0.999963604551099,0.004265879094686999,0.014053949122362465,0.0026892831440405635
2,10.0,0.5,10000,90,1.0212964409332874,0.0033536824867401705,0.9999549249112114,0.004747372367355038,0.0039245703338502335,0.0023460675898342625
2,10.0,0.5,10000,91,1.0011870250102122,0.0038368669288901397,0.9999469557331365,0.005149964410727675,0.0011696458512032812,0.0026285176212550543
2,10.0,0.5,10000,92,0.9792552498667373,0.0032156901797826,0.9999608522035746,0.004424239845756303,0.0058377974888516775,0.002317848604169857
2,10.0,0.5,10000,93,0.9981609869906192,0.0035829032931617055,0.9999622600582474,0.004343957973592396,0.004939429310261598,0.002527627702009843
2,10.0,0.5,10000,94,1.0272100923818634,0.0109569879306703,0.9996054007084448,0.01404633923047706,0.027752412251971916,0.008284746586701426
2,10.0,0.5,10000,95,0.9841329133947269,0.00281296227428478,0.9999600173492249,0.004471165998652756,0.013919788417814981,0.0025918458042694147
2,10.0,0.5,10000,96,1.0313583802022919,0.005002078982962204,0.9999253711980539,0.006108551462747169,0.0062029732905381765,0.0035094797877873785
2,10.0,0.5,10000,97,0.9885157798547544,0.0026267589685511432,0.9999808743591502,0.003092381028418384,0.005724769717638023,0.0019344752977788421
2,10.0,0.5,10000,98,1.002686746257644,0.003101060293408937,0.9999681851218343,0.003988413103330939,0.004106967886767395,0.0021831617017424405
2,10.0,0.5,10000,99,0.9856761559058542,0.004205175009358527,0.9999319116896477,0.005834736941467722,0.0010314982606821493,0.002879245548347184
2,10.0,1.0,500,0,0.9590158517447377,0.01146846688933203,0.999437886151891,0.01676475243045608,0.05386057675151004,0.022533511087150737
2,10.0,1.0,500,1,0.9723238948495049,0.009601201914679742,0.9997002883210082,0.01224156197124972,0.010054376982395996,0.009581809511164835
2,10.0,1.0,500,2,0.8838855966224406,0.013414674450763862,0.9991199427521296,0.02097685924859042,0.06737498987376443,0.027672391954776228
2,10.0,1.0,500,3,1.0128744346028509,0.019434482922194782,0.9987915528975946,0.024580959118852514,0.02976048962563198,0.021125659230020803
2,10.0,1.0,500,4,1.0602156634735107,0.010730803711448788,0.9995639058572938,0.014766417011351361,0.03304514261719621,0.016034074275043164
2,10.0,1.0,500,5,1.0145548053997768,0.015081920018308458,0.998891359005922,0.02354401191468881,0.07535179791315147,0.030895804656196162
2,10.0,1.0,500,6,1.0422924505330957,0.007173080663588083,0.9997511504820653,0.011154584661355839,0.036030178586552886,0.014956796229396689
2,10.0,1.0,500,7,0.9712440542669383,0.012471309145095725,0.9993631134151082,0.017844979474514654,0.016603332715468343,0.013009183622098464
2,10.0,1.0,500,8,0.9232646315349264,0.021925615799767192,0.9979706901566774,0.03185364848273039,0.07689887562908196,0.03460136380101722
2,10.0,1.0,500,9,0.9063674753206994,0.020621427673323103,0.998446330611377,0.02787175441753774,0.038583817881853694,0.023723806415325857
2,10.0,1.0,500,10,1.0434922651154364,0.020535973647374795,0.9989771429629763,0.022614785396104245,0.0060833244060989776,0.018935237360379602
2,10.0,1.0,500,11,1.044753541379593,0.01609876074297606,0.9988407637754969,0.024075259339236398,0.07282190324202768,0.0319609569187889
2,10.0,1.0,500,12,0.9382364894474469,0.04648014153548168,0.9919991901414349,0.0632487543694146,0.047426021601456675,0.04603491928688476
2,10.0,1.0,500,13,1.1197801967498755,0.03138247355237157,0.9965786055974453,0.041360575446642,0.07049242954420586,0.039713660292792156
2,10.0,1.0,500,14,1.0458883175532439,0.01723407587486317,0.99886351555463,0.023837831753014103,0.027098314026708727,0.01875309845282237
2,10.0,1.0,500,15,1.0231667312275237,0.02010664504961279,0.9988199002267466,0.02429094248123561,0.04460141631255546,0.02517708061197871
2,10.0,1.0,500,16,0.9310014105069154,0.018414465505281908,0.9984250670901476,0.028061832707901285,0.08700362779480358,0.03594930080531452
2,10.0,1.0,500,17,1.0340342931222537,0.006846323522883713,0.999833224133001,0.009131699376318768,0.0010956711544321397,0.006279283987893108
2,10.0,1.0,500,18,0.9882997875899752,0.02350766943250416,0.9984425163342731,0.027905946191868643,0.008691706859557793,0.021765483080053077
2,10.0,1.0,500,19,0.9394112017724642,0.005674755838185778,0.9998539398370434,0.008545763949368483,0.02164291074902691,0.009639593728476094
2,10.0,1.0,500,20,0.9295897264806061,0.018241566785488956,0.998475552272935,0.027608402045979905,0.059947490265209215,0.0277250932826776
2,10.0,1.0,500,21,1.110809865529232,0.019522325669672345,0.9981025274823604,0.03080156260354018,0.06249565530968198,0.03011672042750698
2,10.0,1.0,500,22,0.9661452548715596,0.03718609543646664,0.9955519777386022,0.04715942250175372,0.014004812314633009,0.0344374761923359
2,10.0,1.0,500,23,0.8872007844261415,0.004270658609184284,0.9999119109471074,0.006636605039194861,0.0206730426323146,0.008805695686224366
2,10.0,1.0,500,24,1.0207026561558183,0.03581023127160517,0.9958272847995224,0.0456766636285832,0.020624778707777642,0.033674406675994924
2,10.0,1.0,500,25,0.9880488833239461,0.008419161508728467,0.999607554763386,0.014007948397497668,0.01003138826730238,0.008583136307355669
2,10.0,1.0,500,26,1.0184442303864654,0.03983268251703039,0.9949552147935465,0.05022342683675365,0.00819414459405991,0.03658641440963795
2,10.0,1.0,500,27,1.0265523790929558,0.024897501106647107,0.9975597919735496,0.034929987306399575,0.025649232044691803,0.02480709429893293
2,10.0,1.0,500,28,1.0524072641057345,0.0475091928522461,0.993755823766153,0.05587564869353632,0.07075162759283896,0.05146043692213585
2,10.0,1.0,500,29,1.0964595068912408,0.008889937894727296,0.9997190564533613,0.01185207886066111,0.008451499646989897,0.008746274908726065
2,10.0,1.0,500,30,0.9841158872566341,0.003564681421291457,0.9999676378861313,0.004022568449926142,0.010386689995458106,0.005096345299747823
2,10.0,1.0,500,31,1.0011367711422,0.03754226645887264,0.9950360539624722,0.04981940403862621,0.02905703690082222,0.03611416248471845
2,10.0,1.0,500,32,0.9429777292056677,0.018656503916176778,0.9984981413192504,0.02740308997859254,0.04770971106783959,0.02459873938385389
2,10.0,1.0,500,33,0.9494198065362068,0.014628246847259883,0.9994913968876986,0.015946835302047564,0.007701618157309364,0.01369923751776927
2,10.0,1.0,500,34,0.9790147211416469,0.007966913662819755,0.9997901995960483,0.010242079963357562,0.0011466304381445142,0.007304039392781927
2,10.0,1.0,500,35,0.953999149814268,0.0030352435434687986,0.9999614120688084,0.004392489680784283,0.014157008645734166,0.006009006991748742
2,10.0,1.0,500,36,0.9750883404247367,0.01760815422600429,0.9984227066437001,0.02808285381064185,0.08600503606134176,0.03529695671342797
2,10.0,1.0,500,37,0.935571576855456,0.01353752832211456,0.9992724834983245,0.019072447426529658,0.0574090400385752,0.024573288714416643
2,10.0,1.0,500,38,1.0408904393318035,0.011139246671225395,0.9996631770602943,0.012977344483862428,0.0015834325719204514,0.010211941967204059
2,10.0,1.0,500,39,0.9647700026712673,0.0096299879057135,0.9995473504281509,0.015044094719343386,0.01479410659910642,0.010423977175931014
2,10.0,1.0,500,40,0.9558389769107224,0.03740175085562702,0.9959400203297184,0.04505540850043228,0.011140379171506521,0.03448553453730714
2,10.0,1.0,500,41,1.0653517372096901,0.01514862548044265,0.9989996324506791,0.022364788723805346,0.025806260736543532,0.017018069310130807
2,10.0,1.0,500,42,1.0183655092629598,0.011397407916023517,0.9995058286719045,0.015718958745658252,0.04440557528293239,0.020036796864656748
2,10.0,1.0,500,43,1.0689387915107982,0.016261706625890774,0.9990804843415874,0.021441964210545655,0.029492699768560997,0.018683827580908714
2,10.0,1.0,500,44,0.9670920477089021,0.008035411076816193,0.9997644717568321,0.010851917875837896,0.03480784405384532,0.014926961791365542
2,10.0,1.0,500,45,1.0925088232108682,0.019712639244051745,0.9985826949151426,0.02662052859033155,0.024384730605364262,0.02030606443511404
2,10.0,1.0,500,46,0.940255906360136,0.015410365672895084,0.9991952923815139,0.02005875891582057,0.024412877828277772,0.016811178853475838
2,10.0,1.0,500,47,0.9926978642508879,0.014931718559201449,0.9989892965933815,0.022480028988175433,0.04732426699041567,0.022801201350719873
2,10.0,1.0,500,48,0.9834755131684878,0.012319876716312282,0.9993248345319399,0.018373424667984264,0.0523050600517915,0.022418283269709783
2,10.0,1.0,500,49,0.9721858804564143,0.017100004282613452,0.9988483035446728,0.023996837868011104,0.017052932978062492,0.01691158511040594
2,10.0,1.0,500,50,0.9452483442000195,0.008711170115732006,0.9997432798426283,0.011329610703190477,0.018733745841088303,0.010634221131134915
2,10.0,1.0,500,51,1.002628035970819,0.020742182633538643,0.9985881199617971,0.02656953178175052,0.008766545878633764,0.01926856395846604
2,10.0,1.0,500,52,1.1058728650140406,0.0024895273455533156,0.9999761772195345,0.003451288199032867,0.0005615458804317303,0.0022882524779067113
2,10.0,1.0,500,53,0.9767660300226185,0.04001707987899434,0.9946283836420009,0.051824783443827564,0.06802977464473911,0.044358480539390635
2,10.0,1.0,500,54,0.9985683200256666,0.006284493981805345,0.9998660039075853,0.0081852334241205,0.01602753787066988,0.008331465107469821
2,10.0,1.0,500,55,0.9911107025004748,0.017323230445269195,0.9988193196404935,0.024296917083310436,0.01637766767222427,0.017007889152276735
2,10.0,1.0,500,56,0.9317378964201711,0.03077781162364304,0.9966545096041775,0.040899207790753137,0.05660615011539653,0.03509181646560565
2,10.0,1.0,500,57,0.947715921725877,0.009984986286831648,0.9995211119660894,0.015473978704758107,0.04832747714901437,0.020127321458397403
2,10.0,1.0,500,58,0.9856660695951573,0.017958709241706925,0.9985564647976666,0.026865732842540523,0.08407630807302328,0.0367633047029709
2,10.0,1.0,500,59,0.9282647256971748,0.023095736714746053,0.9983094258209536,0.029073821378057706,0.001976636646436273,0.021149854088735313
2,10.0,1.0,500,60,0.9715152499506303,0.029238031864709794,0.997235928290882,0.03717574282457543,0.027842768422946484,0.02871500054180427
2,10.0,1.0,500,61,0.9567103439124438,0.018792453651190803,0.9987676906827595,0.024822462783138443,0.02458484585994913,0.019510745668691033
2,10.0,1.0,500,62,0.9425594477293203,0.013011949796620086,0.9990932336234345,0.02129279662897092,0.06676585894937545,0.027314707336189115
2,10.0,1.0,500,63,0.9683978254655383,0.01867658711258817,0.9988323947986422,0.02416200738098685,0.0044893772771453806,0.017176918269297615
2,10.0,1.0,500,64,1.057528030140053,0.009464433787705907,0.9996399361023468,0.013417598474638673,0.043062580314922216,0.018707730545461872
2,10.0,1.0,500,65,1.0795339075596944,0.03840343338068539,0.9948265406351853,0.05085990250096185,0.03201091190050145,0.03722635778593822
2,10.0,1.0,500,66,0.9828555820612992,0.006006824420436658,0.9998909267143335,0.007384892878924606,0.0016783933153908307,0.005533938020535931
2,10.0,1.0,500,67,1.0362744508473944,0.024404425768111415,0.9975027795228547,0.035335679398770206,0.010853658528566009,0.02271228583993939
2,10.0,1.0,500,68,1.0073109415623005,0.021893304595912638,0.997683965513079,0.03402965241462877,0.0018255549682568764,0.020048131327647822
2,10.0,1.0,500,69,0.9441329229542705,0.029036384045015875,0.9968638812393369,0.03959872952926039,0.004902817429166105,0.026638342968657587
2,10.0,1.0,500,70,0.9831162268612734,0.0240908406418625,0.998103251881882,0.030795682474317295,0.03492676391923172,0.02561121742248835
2,10.0,1.0,500,71,1.1579308909572343,0.01994410296376298,0.9985213363826222,0.027190656643208883,0.08751558567995361,0.03883106083279195
2,10.0,1.0,500,72,0.9318987943785362,0.029352876935001666,0.9969896741079848,0.03879642955231351,0.06613835529173573,0.036260291911925494
2,10.0,1.0,500,73,1.0192928168442847,0.010673520035348546,0.9996073340518479,0.014011886884929003,0.04088048188454478,0.018514597383525976
2,10.0,1.0,500,74,0.8966981530967976,0.03037419580821735,0.9972014793390451,0.03740668831208392,0.010906747906491607,0.028099899253408445
2,10.0,1.0,500,75,0.8874916115609723,0.03285453705446068,0.9956427849251861,0.04667555610174344,0.08146058472852752,0.04233319869029251
2,10.0,1.0,500,76,0.9264499166912864,0.009612178503829595,0.9996134296316439,0.013902704203788958,0.026010343482804912,0.013126052964050824
2,10.0,1.0,500,77,1.1852989627512782,0.033285205420751016,0.9958449067479482,0.045580112176539275,0.15115710102112673,0.067806694220964
2,10.0,1.0,500,78,0.9289094092350485,0.021018257619295787,0.9987288802659287,0.025210312711977288,0.017159150131355723,0.020288004089733355
2,10.0,1.0,500,79,0.9958835879981633,0.03545752826887058,0.9954468008335837,0.0477137253126199,0.00035111194506803905,0.03245010930338562
2,10.0,1.0,500,80,0.9988910692944347,0.016804364331215953,0.9989876971085582,0.02249780979830969,0.024506242680490543,0.01791261070696667
2,10.0,1.0,500,81,0.8785513046266382,0.014901832719417864,0.9989109170718236,0.02333541223308886,0.06213996869386121,0.026674028599766853
2,10.0,1.0,500,82,1.0417526229954541,0.009541972554086899,0.9997482791718458,0.0112187527861642,0.011666441628935681,0.009795159642891718
2,10.0,1.0,500,83,0.9527729227529804,0.0027987350267190693,0.9999615794891731,0.004382950537424028,0.013874106778221028,0.005816825331692925
2,10.0,1.0,500,84,1.0981318882995847,0.029941574885654028,0.9978327945190018,0.032918121764449346,0.04539134051480093,0.03250908046887808
2,10.0,1.0,500,85,0.9874838539701742,0.00810729265241251,0.9997884579975977,0.010284502963251473,0.025159338352799192,0.01199640170354244
2,10.0,1.0,500,86,1.0132989842494746,0.02733516285038569,0.9974610158343542,0.03562993239992055,0.05159382527543483,0.0319853177857945
2,10.0,1.0,500,87,0.8939845333802382,0.008169265677300292,0.9996840712242834,0.01256838843520913,0.020298219503607738,0.010675611107770617
2,10.0,1.0,500,88,0.9880544884019512,0.030255844199888242,0.9957120341637862,0.04630316315444222,0.019825384215599273,0.028672462752922633
2,10.0,1.0,500,89,1.0919383430944938,0.014149134724569608,0.9992699107885021,0.01910614052468276,0.06192498047721607,0.027286929492940207
2,10.0,1.0,500,90,0.9666978535820198,0.02763498705398444,0.9973709315449858,0.036256506002469574,0.04111442982843488,0.029830195239488877
2,10.0,1.0,500,91,1.098207201403291,0.023515840207642674,0.9979401399028747,0.032092523250169015,0.10256410840367661,0.045767491821139344
2,10.0,1.0,500,92,1.0284474877344356,0.026449549581261753,0.9974380128398943,0.0357909706497725,0.0004507022595668209,0.024206562763339816
2,10.0,1.0,500,93,0.9952130565451257,0.04273873057050485,0.994440620697134,0.052722762175677104,0.023636763446253022,0.04014232693917523
2,10.0,1.0,500,94,0.8557933296596095,0.021153613784772887,0.9981892102440926,0.030089780290884893,0.045568669523697834,0.025716781213262874
2,10.0,1.0,500,95,0.9631871300056746,0.02599197382402312,0.9980908682482386,0.030896049519003266,0.024214632576043345,0.02545970047345093
2,10.0,1.0,500,96,0.9918550088446594,0.02660460068081156,0.9975012490540304,0.03534650581011983,0.007611370873462077,0.02451875945981088
2,10.0,1.0,500,97,1.0159540911065064,0.026473139135345977,0.9976362083773724,0.03437871160054985,0.05894236114151594,0.03329227394614234
2,10.0,1.0,500,98,0.9442143407393766,0.005468668894835854,0.9998360488752922,0.00905403569431462,0.027307710063685982,0.01138204080378103
2,10.0,1.0,500,99,0.906293108750591,0.024706679736691495,0.9982664928438323,0.029440678967779552,0.007666837494182212,0.022795261715369167
2,10.0,1.0,2000,0,1.0066070757548748,0.009803148921884558,0.9995986173590996,0.01416655640761929,0.01920953692818842,0.011512893495372677
2,10.0,1.0,2000,1,0.993735553991947,0.014386220935614173,0.9993644144226386,0.01782674363647809,0.0299323899910381,0.01745921503628115
2,10.0,1.0,2000,2,0.943742147447319,0.005675364771374871,0.9998539860831666,0.008544410946149134,0.02812790945232354,0.011737831906718685
2,10.0,1.0,2000,3,1.000604241675204,0.011897863170892586,0.9995381394970104,0.015196389422978393,0.007826017009074844,0.011286893452972345
2,10.0,1.0,2000,4,1.0238799454486625,0.002498375472812454,0.9999692745185473,0.003919533228118631,0.012047475738753595,0.005121432146334689
2,10.0,1.0,2000,5,0.9817713398895266,0.010229749076321988,0.9994160881480261,0.01708671782370508,0.0427574360775573,0.018454561568281798
2,10.0,1.0,2000,6,1.022430853592497,0.00804275740866363,0.9997426464054342,0.011343579562155946,0.007193009459527637,0.00785077265135057
2,10.0,1.0,2000,7,1.0337245542509697,0.008086960839983769,0.9997768865309113,0.010562042157855908,0.009263942137116272,0.008195395144040713
2,10.0,1.0,2000,8,1.0070931175781779,0.005006532043072789,0.9999150178419713,0.006518518160924525,0.013897752703949402,0.006954192656027421
2,10.0,1.0,2000,9,1.0003395671140372,0.007069643756765497,0.9998433999961112,0.008848728832121344,0.012569297078144626,0.008045466509626016
2,10.0,1.0,2000,10,0.9924390786526108,0.018608179772789932,0.9985443574462873,0.026978162962966203,0.009800806477843612,0.01743228205263322
2,10.0,1.0,2000,11,0.9640761300094283,0.00995486242270199,0.9996004539150016,0.014134109186617378,0.017748030788416976,0.011291175600594562
2,10.0,1.0,2000,12,0.9503894009562772,0.007314952326980553,0.9997959252509157,0.010101355084453647,0.02919438179885468,0.012809004897294782
2,10.0,1.0,2000,13,0.95576214813312,0.02653423829408532,0.9975438522224291,0.035043885183943704,0.030834418407749985,0.02687958408537078
2,10.0,1.0,2000,14,0.9899434068959994,0.0054771449161981735,0.9998844792783116,0.007600023739715291,0.009168936007144699,0.006089627285442074
2,10.0,1.0,2000,15,1.02783582964458,0.01427480107255421,0.9991542548142218,0.020563866195078863,0.04514910509290044,0.02175761164984231
2,10.0,1.0,2000,16,0.9494677658022787,0.008091385327442841,0.9996787802813001,0.012673194520324218,0.03976020601488135,0.01655576151863027
2,10.0,1.0,2000,17,1.0049751590149514,0.013379984065917897,0.9994207023701396,0.017019072093688893,0.001964236578948119,0.012267542972119015
2,10.0,1.0,2000,18,0.9845449792655606,0.007232258514785532,0.999844397034966,0.008820514866888375,0.012345177723544218,0.008115736055688086
2,10.0,1.0,2000,19,1.0123030147500427,0.0037730589758303242,0.9999352897249909,0.005688157654681809,0.01484391706977092,0.006566571950596636
2,10.0,1.0,2000,20,0.9431340804691551,0.006305134562147916,0.9998144674987994,0.009631523794308355,0.02788645281669745,0.011925743877510735
2,10.0,1.0,2000,21,0.9780160779186109,0.007778439034366286,0.9997845919065436,0.010378056018744305,0.010280674386071567,0.008120726016155034
2,10.0,1.0,2000,22,0.9889473834461002,0.01583554308103576,0.9989684501612686,0.02271067853160074,0.0038868523645016633,0.014567019745485537
2,10.0,1.0,2000,23,0.9797109083222926,0.004649270441512408,0.9999289653802196,0.0059596400805918505,0.013756961337906659,0.006702461314269131
2,10.0,1.0,2000,24,0.9772130881193456,0.01511724982Ûv÷]›Ê×¬¢h­µçNKŽNMŒŒÍLÍŒÌÍŒNMÌLÍÌ‹ŒNŽLŽÌLÍLÍÌKŒÍMŒMÌLMŽMLLÍÌBŒM‹ËŒ‹ŒŒMËŽNLNLÎLÌÍŒÎMNLLMÌNNMLÍÍŽNMLÌÌMÍLÍŒMLLŒÍÎMMMÍŒLNŒMÌŒŒÌŒÌŒŽLŒÍNMÌÌMBŒM‹ËŒ‹ŒŒNŽNMÍNŒÍŽMŒŒNŒMÍMÎMLËŽNMŒÎLÌŒLŒLÍÌËŒŒÌMMÎLLÍL‹ŒÌÍŒMÌMLMËŒÍÎMÌMŽMÎNNŒM‹ËŒ‹ŒŒNKŽNMNMŒÌÌÍŒMKŒLŒÍMMÍLLMÍL‹ŽNMMŽMÎÍŽŒMNLLLŒMNÌÌÍLMMKŒÌMŒÌLŒLLÍŒ‚ŒM‹ËŒ‹ŒŒŒŽMÌLŒŒLŽMÎMLËŒÍMLŽLÍMÍ‹ŽNMŒÌÌLÌÍKŒŽNLÍNNLÍKŒMLÌLMÍNNLÌMŒÌŒMŽMŽNÌMBŒM‹ËŒ‹ŒŒŒKŽMÎLÍÍŒLŒÍŽŒLÍLÌMÎLËŽNMLLŒLŽMLLM‹ŒNMNMÍËŒŒÌNMŒÎNKŒÌÍŽMMMŽMÌMMNBŒM‹ËŒ‹ŒŒŒ‹ŽNLMMÍŒÎM‹ŒLNMÍŒMËŽNMNLÎLŽLŒKŒLŒÎÍÌŒŒŽLÍKŒMÌMÍŒŒŽLMKŒÍÍÌÍŽMÎMLÍŒMÎÌ‚ŒM‹ËŒ‹ŒŒŒËŽNMÍMLÍÎŒM‹ŒLMNLLÌM‹ŽNMŒŒNLNLÌMNŒÍÎÎMŒŽNMKŒNNNÌLŒÎŒNŒŒMŒÍÍÍNÎLÍLÎBŒM‹ËŒ‹ŒŒŽNÍÎMMÌÌLÌNMMKŒMŽLÍŽLÌÎŽNMMÍÍÌLÎKŒŒÌŒMNÍLLNMM‹ŒŒÌŽLLŒŒMÎNŒÌÎLŒÌÌNLŽMÍLÌÂŒM‹ËŒ‹ŒŒKŽNŒÎŽÍŒÍŒŽMKŒLMMMNLLMŽMM‹ŽNMŒŽLŒNNLŽMŒŽKŒÌÌÌNMŽNLMLLÍ‹ŒMLMÌŒÎLKŒÍÌLMMÌBŒM‹ËŒ‹ŒŒ‹ŽMÍÌLMLŒÍLŽMŒLLNMMNŒMKŽNMŒŽMÌMËŒÌÌŒLÎËŒMLÍMŽLLÌNNL‹ŒÌÍÌÎNÍMÌNŒM‹ËŒ‹ŒŒËŽMÎŒNŽÍMŒLÍMÌNMÌÌÍ‹ŽNMNLLMLŽMŽMKŒLÌÎMMNL‹ŒŒŽMÌMŒLMÎMLKŒÎNMMLŽMMLŽBŒM‹ËŒ‹ŒŒŽŽMNŒNLMMMÌŽËŒŒÎMŒŒŒÍMÍËŽNMŒLMŒÌŒÌÌMÍËŒŒŽMLNMÌKŒŽŽÎMŒÌMŒËŒÍMÎLŽNMMMÎBŒM‹ËŒ‹ŒŒŽKKŒLMMÍÎNMMŽNŒÎLÎLŽŒŒÎMÍËŽNMŽLÌŽÎÍŒŽŒÎLNNNMMLÍÍÌL‹ŒÌÌŒMNNMÍŒŒÌNMLŒLŒÎÍLBŒM‹ËŒ‹ŒŒÌŽNÍÍMMÍÌÎLKŒNMÌMŒŒLNMLŒÌŽŽNMŒÍÍŽLÍMMÌŒ‹ŒMŒŒNLŒÍŒNKŒMLÍLÌNMLÌMÍÍLKŒÌMLMÌŒÌÍÎŒM‹ËŒ‹ŒŒÌKŽMÍŒÎÍNLMÍNŒLŒÍŒŒÍMŽLŒËŽNMMMŽÍMÍËŒÍLMMŒMÌÌŒÌMKŒNÍŒÍŒŽÎLLÌ‹ŒÎMLÍÍMÍÂŒM‹ËŒ‹ŒŒÌ‹ŽNŒLŽŽMN‹ŒÌNLÌLLMMM‹ŽNMŒMÍÍMÍŒŒŒNŒÎLLÌÌMŒÍMÍ‹ŒÍLLMNLMN‹ŒÍLÍMLŽMŽMŽÂŒM‹ËŒ‹ŒŒÌËŽNÌŒÎNÍÍLÌÌLËŒŽÍMŽÌLNNMÌËŽNMLÍŽMMLLŽKŒŒLMÎLŒÍŽNŒNLÍŽÍMLNËŒÍLŒŒÍLLMM‚ŒM‹ËŒ‹ŒŒÍŽNNLLŽLLÌLËŒNLÍÌMMNLÌKŽNMNÌNMŒŒÌNLŒÍNLLŒÎMÍŒMŽNÎLMÌLÌÌÍKŒŽMMÌŒMMÍÌMÌÍÂŒM‹ËŒ‹ŒŒÍKŽNMŒNNLÎKŒÎŒMÍŒÍLËŽNMLŒŽŒNLŽKŒNÌLLŒLLNŒŒÌLLÍLŒNŒMŽŒŽLMMMÌŽÌMBŒM‹ËŒ‹ŒŒÍ‹ŽNÍLLMÎÍLMËŒLÍÌÌNNŒŒŒŒËŽNMMÌMLLLÍÎKŒLŒŽÎLÍÌŒŽMMÍÌÍNMLÍKŒÎLMMLÌÍÎLÌÌÂŒM‹ËŒ‹ŒŒÍËŽMÍNMŽÌŽNŒ‹ŒMÌÌÌŽMNÍLËŽNMŒNLNMÌÌÎÌÌËŒÍŒÍLMLMLKŒŽÍÍŒMŒÍËŒÍNLÎÍMÌBŒM‹ËŒ‹ŒŒÎŽNMLMÌÌÌÍKŒÌÌÍÍÎNLÍŽŽNMŒLŒNMÍÌLLKŒLŒÎLLŒÌMNMKŒŒLŒÍŒÌNMŽKŒÍLÎLÌMÍÌMÌÂŒM‹ËŒ‹ŒŒÎKŽNÎMÍŽÍNŒMËŒMMNMMŽNŽKŽNMŒÍMŒMNLŒÌËŒÍÌMÍŒŒŒÌNNKŒŒÌNLŒŽLŒÍKŒÌÎÎLÍMÌŽMMMBŒM‹ËŒ‹ŒŒŽMÎMŒNLLŒŒKŒLÎNŒLÌLLÍ‹ŽNMMŽMŽLLŒ‹ŒŒÎMNMŽLÎNNŒMMŒMÎMMLLÍŒM‹ŒLÍŒŒMMŒLLÂŒM‹ËŒ‹ŒŒKŽNLÌÌŽLÌŽMŒL‹ŒLÍŽLÌÎMÌMNNKŽNMŽMNLÎLŒŒNÌMÌŒÌKŒMÌNMŽMŒNËŒÌŒLLMÍŒMŽBŒM‹ËŒ‹ŒŒ‹ŽMÍÍMÎÌŒÌLËŒÌMÎNMLNLMËŽNMŒÍŽMÎLÍŒNŒÌMÌMÌÌÎMÍÍÎLËŒMŒÍMŒÌÎKŒÍÌŽŒLLMNÌNÂŒM‹ËŒ‹ŒŒËŽMÍNMMŒŒÍNNŒLŽÎLMÎNŒŽNMŒÍÌLLŒÎNLŒNMŒŒNLMMÍÎKŒNMÍÍLÌÌNLMKŒÌÌÍLŒŽNLMLBŒM‹ËŒ‹ŒŒŽNMLMÌMÍNLMŽMËŒÍMÌÍMŒMÌLËŽNMÌÍŽÍÍLLÍ‹ŒÍŒŽŒMÌLÌM‹ŒLÌÎMŽLMÌÍŒL‹ŒÎLŒMÌŒLÍÍ‚ŒM‹ËŒ‹ŒŒKŽNLÍŒÌMMŒLŒŒÎMŽŽNMÌLMKŽNMLŒLŒÍŒÌKŒLÍMLÌNMMÎŒNLÌLÍLLËŒÌÌŒLMÌBŒM‹ËŒ‹ŒŒ‹ŽMÍLLMLËŒÍÌÌÌÍLLŽÌÎŽNMŽNÎÎLŒLLŒËŒÎÌÍÍLÌŽLÍŽLÎMKŒMÎLMLÍŒŒÍÎŒÌÎŒLNLÍÍMÂŒM‹ËŒ‹ŒŒËŽNŒNLMÍMNLËŒLLNLÌML‹ŽNMNNŒÌÌMLÍKŒMÍÌNLÍŽLÍŽÍKŒMLŽMLŽÌNLÎŒÎŒMMŽMÍMÌLÂŒM‹ËŒ‹ŒŒŽNNŒŽLLŒÎŒLMÌŒÎKŽNMÍŽLÌŽŒÍËŒÌÌÌŒÍMÌÍKŒMMŽNÌŽŽŒËŒÌŽMLÌŒLŒÍŒ‚ŒM‹ËŒ‹ŒŒKŽMÌÍLNNÌMŒKŒMLÍŒŽNLÌL‹ŽNMLÎMLŽNNLKŒÎNŽLÎNLÍŽM‹ŒÍLLŽŽLŽLNLKŒNÌNÎNÍÍÌÌ‚ŒM‹ËŒ‹ŒŒLKŒLLÍŽLMŒ‹ŒNÎLLÍŽLŽNMMŒÌÌMÌŒŒÎLÌMŒÍNMKŒLÌŽLÍÍÌŽMÎMMLËŒÍŒŒÎÌÌLNL‚ŒM‹ËŒ‹ŒŒLKŽMÌÎNÌNNŒŽŒ‹ŒNMLNMŒŒNÍMM‹ŽNMLÌÍÌÌMÍŽMÍ‹ŒŽŒMÍNLLÌKŒMÌLÍÌÌMÌËŒMÍLŽLÍÌ‚ŒM‹ËŒ‹ŒŒL‹ŽNMÎMÌNLÌŒMŽŒÎŽMÌMŒÍ‹ŽNMŽLŒÎÍÌÎNMŒËŒÎLŒNÍÎMŒLLKŒLÍNÌMÌÎLÌMŒNŒŽÎLMMMMNŒM‹ËŒ‹ŒŒLËŽNNMÍMÌNÍKŒŒÌÍÌLËŽNMŒŒLŒŽMÍMÌŒ‹ŒÍMNNÍŒÌÌÌËŒNLÍMMLNLLŒMMKŒÍLÍMÌMLÍMMLNMÂŒM‹ËŒ‹ŒŒMŽMÍÌÌMMMŒÌMÌLÌKŒLÍŒÎNMLNLŽŽNMNMÌŒÌŒNMÍ‹ŒLŽLŒŒMLNKŒMÍÍLÌÎÌŽÍNLÎKŒÎLLÍÌÌMŒM‹ËŒ‹ŒŒMKŽNÌŽLÌLŒKŒÍMÎÌÍÌNLLNMÌ‹ŽNMNMÌMMÌMÍÍM‹ŒMÍŒMÌÌÌŒŒMMŒÎŒÎŒŒÍNLMŽNLMÍ‚ŒM‹ËŒ‹ŒŒM‹ŽNLŒÌLNŒÍMŒNMŒÎMŒMÎMLŒM‹ŽNMŽLLÎÌŒŒÌLÌÍËŒÎLÌLLŒÌÌËŒLLMŽLNNLMMÌÍMŒŽLŒLLŽMLLŒM‹ËŒ‹ŒŒMËŽMÍMNNMLŒŒŒÌÍKŒNLNŒLÌÌŽMKŽNMÍLMLKŒŒŽÌŒÌÎNLÌÍMKŒLMÍNLÍÍMLËŒÌÎÍÌÍŒMÌÂŒM‹ËŒ‹ŒŒNŽNLÍŒLÍÍMMŒÌÍMËŒMÍÌMMMÌŒM‹ŽNMŒLÌŒLŒÍKŒÎMÍÍLNLÍMŽMKŒLÍŒÌÍŒÍŒÌÌ‹ŒÍÍLMŽMŒLÎLŒŒÌL‚ŒM‹ËŒ‹ŒŒNKŽNÍLŒLŒÌŒLLÌÎNMŒNM‹ŽNMŒÍÌNÍKŒLLÍÎÌMŒŽNMKŒŒÍŒMŒÌNLÍÎŒÎLMŽMŒLÍMŒ‚ŒM‹ËŒ‹ŒLŽNMÌÌMÌŽMŒÌÌKŒÎLLMÎMMNMŽNNLMÍNÎLKŒNLŽMLLÌMMËŒMMMLMÍNMÌËŒÌÍŒÌŒÍM‚ŒM‹ËŒ‹ŒLKKŒÌMŒLÍŽMŽŒ‹ŒÍÌMMÌLNMŒLMŽNNLÌÎLÌLŒÎM‹ŒNMÎLLLNMŽMŒLÍŒŽNÍLËŒÌŽLÌÍŽMÍÌŽMŒM‹ËŒ‹ŒL‹ŽNÌLLŽLLLŒŒM‹ŒÍŽLMÎLMNML‹ŽNNLNLÍNLLLŒŒŒNLÍÌLNMMMLKŒLNMMLÎÍÎŒÌLÍMMMLŒM‹ËŒ‹ŒLËŽNLLÌNNLMLÌÍM‹ŒÎŽMŒMLŒNLËŽNNLÌNLÌLNŒNLÌÌŽÍÎMÌÌÌÎKŒNNMLLÌLÎMÌMËŒÍŒŒMÍŒÍLLBŒM‹ËŒ‹ŒLKŒŒŒÍMLMÌŽLMËŒÍÍMŽLNLMNLÍM‹ŽNNLÎMLÍÌM‹ŒMÌÎMŒÍÍŒÍÎMKŒLLŒMÍLNÌŒÍÌ‹ŒÌŒNLŒÌLÌ‚ŒM‹ËŒ‹ŒLKKŒŒMÌNŒMNMM‹ŒÍÌÌLÎNNLÍÍÎLKŽNNLÍMŒŒMŒMŒNÍÌÎŒÌŒŒLMLŒÍÍÌNNÎMÍÍL‹ŒÌNÍŒLŒÎÍÎŒM‹ËŒ‹ŒL‹ŽNMMMŒNMÌŽKŒŒÍÍËŽNNLŒNLNÍÍKŒŒMMŒMÍNLÍÎLËŒŽMLÍNÎMÍL‹ŒÍÌÎMÌÍMMBŒM‹ËŒ‹ŒLËŽNMMÌMŒMÍŒLMŒNŒÍLMÍMÍŒÎMLŒÍ‹ŽNNLÍLŽMÍŒLŒ‹ŒNÍÍMÍÍŒÌLÍ‹ŒÍÎLNLÍLŒÍŽNKŒÌÍÎŒÍŒMNÎÍ‚ŒM‹ËŒ‹ŒLKŒÍMÌÍŒŽÌŒÍËŒŒMÍNÍŽMŽNNLNNMMÍNMÌMÍ‹ŒŒŒÌÍÌMŒÍÌŒNNNÎMÍŒŽNKŒÍÌLNÎLBŒM‹ËŒ‹ŒLKŽNNMLŒÍNMÎŒLËŒÍNNMŒNŒŽŽNNLÌLŒÎMŒNLLL‹ŒŽŽŒÍÌÍÌŒÌÌÎMÌMŽÍŒ‚ŒM‹ËŒ‹ŒLLŽNLŒŒÍŽMLKŒÎŒŒÍÌMÌÍŽNMËŽNNLMÌÍŒŒÍÌÍŒNLÌÍNMLÍËŒÍÌLŒNLLLÎŽMŒÌÌŒŽLÎŒÌÎÌMBŒM‹ËŒ‹ŒLLKŽNMÌLÍÎNLLŒÍMŒNMÌLL‹ŽNNLÌŒMÍÎMMÍ‹ŒNMLMMMÌŒLÎM‹ŒÍÌLÍÌMNLMMKŒÌŽNMÌMŽMÌMMÌBŒM‹ËŒ‹ŒLL‹KŒŒŒLMŽNŒNMŒÍÍMLŒŒ‹ŽNNLMLÎLÌMLŒËŒŒMÌÍŒNMÎLÍNKŒLÎMLŒŽMMLÌ‹ŒÎLÍŒŒNNNŒŒŒBŒM‹ËŒ‹ŒLLËŽNNÍŒMNKŒÍLÌÍÎNÌÍËŽNNLŽLŒÎÍMËŒNMMÌMLMŽNMÍŽKŒMÌLÍMŒŒŒËŒÌMLÎŽLNŽN‚ŒM‹ËŒ‹ŒLMŽNMÌŽLMŒŽŒMŒÌLŽLÎLLLMÍŽNNLLŒŒÌÌÌ‹ŒŒMLÌÌÌM‹ŒÍÌMLÍL‹ŒÍNLNLLMÌÎNŒM‹ËŒ‹ŒLMKŽNNMÌÍÌLŒ‹ŒÎLLMŒÌÌŒÌMÍŒNLKŽNNLŒÌŒNLNŒNMNMLMÍÍMMÍŒÍMŒŒMÍÌÌLÌËŒÌŽLÌÎÍMÍLŽBŒM‹ËŒ‹ŒLM‹KŒMMÌLLÌLÎKŒLŒŽMŒLÎMNMŽNNLMNMMMÌŒ‹ŒŒÌÎLMŽLMÍÍMKŒLLŽŽŽLÌÌŽMŒËŒŒÎMÍŽLŒM‹ËŒ‹ŒLMËŽNLÌMNNÎMMÌÍŒÎNŒLNŒŽNNLLÍMLMMMŒNMÍŒÌLÌÍËŒŒŽÎNNLMŽLLËŒÌMÎŒLÍÌÍŒMBŒM‹ËŒ‹ŒLNŽNMNÍLMNKŒMÌÌÍÍMLÍ‹ŽNNLLÌÌÍÌL‹ŒNLÍMŒŒŒMNMŒLMÍ‹ŒLŒLLÍÍLÎLL‹ŒÍLŒMŽMÍMŒÎM‚ŒM‹ËŒ‹ŒLNKŽNMLÌMÎÍŽÎKŒMÎLÍLÍÌŒŒÌKŽNNLMLŒMÌŽÎNLÌKŒŒNLMŒÍŒŒŒLÌNŒÌÌÍŒÎMMLËŒÍÌÎLÌÍLMŒ‚ŒM‹ËŒ‹ŒLŒKŒŒNLÍLNKŒÎLNÌŒLÍÍŒÎLŽNNLŽÎMŽŒMLÍËŒNÎMÌÌLÍŒÌŒLŒNMÌÌŽMKŒÌŒÎÌMMÌLÌBŒM‹ËŒ‹ŒLŒKŽNMÍMLŒLŽMÎŽKŒÎNMÍLŒMŒÍ‹ŽNNLŒMÍŒÌM‹ŒNNNNNÌMÎÎNKŒŒÌÎNLÌMŽNMÍ‹ŒÌÎNMŽLNMÌMMÍŒM‹ËŒ‹ŒLŒ‹KŒLLÌÌÌMŒÌKŒÍŒNÍLÎMËŽNNLÍŒÍÎMMNMÍLKŒNLŒLÌMŒÌŒŽMÌËŒÍMMMLÌMËŒÌŒNLÌLÂŒM‹ËŒ‹ŒLŒËŽNLÌLMÌÎLMKŒÌLLÍŒMLŒMŽNNLŒNNNÌNMKŒNMÍMŒMŒLÌŒKŒMÎŒÍÍÍÌMËŒÍÌMÌLMÌMBŒM‹ËŒ‹ŒLŽNMŽŒMŒÎMÍKŒÎŽLÍLÍ‹ŽNNLLNÌÍËŒNLNNMNLÍŒÍLMÌNMÍMMLKŒÌŒLMÌÍMŒŽÎÍŒM‹ËŒ‹ŒLKKŒLÍŽMNMÍŒ‹ŒŽMNLÌLŒLÌŽNNLLMŒÍŒMŽL‹ŒŒLNMMLM‹ŒNNLMÍNNMNÍKŒÍŒLNLÎNNMŽŒM‹ËŒ‹ŒL‹ŽNMÍMMÍMNŒÍÍLLÍÍÌÎLŒÍKŽNNLŽNLLÍŽLMÍËŒNLLŒMNLMŒŽLŽMËŒÎLÎLŒMÌNNKŒÌÌŒŽLLŽMŒŒŽÂŒM‹ËŒ‹ŒLËŽNLMŒÍŒLŒŒÎNLLÌÎML‹ŽNNLMÌLŒŒNÌMËŒŒÍLLÍNMLÌŒŒMNÌNÍÌ‹ŒÍLMMÍÍŽNLMŒ‚ŒM‹ËŒ‹ŒLŽŽNMMMÌÍLÎNLLÍ‹ŒÎMÌLŒLÌÎŒÎLËŽNNLMÍMMÌÌÍŒŽMŒMËŒŒÌÌÍÌMÍÍŒŒËŒLÌÍŽLMÌÍÍŒŒ‹ŒÌÍMÌMÍÎÍLÌNBŒM‹ËŒ‹ŒLŽKŽNNŽMÎLËŒÍÌLÌÍÍMÍŒŒÍKŽNNLÌŒÍÌLÍŽÍËŒNÎLNMŽLNNNŒ‹ŒMÍLŒŒMNL‹ŒÌNÌÌMMMMÌMNÍŒM‹ËŒ‹ŒLÌŽNMNMÌNMÍKŒÍŽÎMMMŒÎLÍÌÎKŽNNLÌÌÍÍLM‹ŒNÍMÌÍŒŽKŒÌMLÌMLNŒÌŒMLMÌÌMŒŒ‚ŒM‹ËŒ‹ŒLÌKŽNMÎMŽLÌÍMŒÎLNKŒÍÌMÎÎMNLLÍÌ‹ŽNNLÌŽLLLËŒNÌÌMŽŒÍNMËŒÌÌŒLÌÌŽŒÎËŒÌŒMLÌMNBŒM‹ËŒ‹ŒLÌ‹ŽNMŒŒMÎMMŒÎLLÌÍÍLÌÌÌÌL‹ŽNNLŒÌÌŒŽÌÌMŒKŒNMNŽLLŒŒLÍMËŒÎNŽMŒŒMMMKŒÍLŒÌÌNMMŽMÎMŒM‹ËŒ‹ŒLÌËŽNMMMMÍÌŒÎMŒNËŒÎMÌÎLŒÌNMMÎM‹ŽNNLŒÌÌÍLMŒKŒNMNLÎLNÌM‹ŒMLŽLÌÍMÍMËŒÍŒMMŒŒLÂŒM‹ËŒ‹ŒLÍŽNNLMLMMLŒŒNM‹ŒNÍLLÌMLÍÍËŽNNLMMLŽMMML‹ŒŒŽMÍÍŒÍLMŒLLÍÍÍÍLŽMMKŒÍMÍLÍŽÎLŽBŒM‹ËŒ‹ŒLÍKKŒMÌÌNÌÌÍNMÌÍKŒÍÍÌMŽŒLNLLKŽNNLŽMNLMLLÎŒNÎMÍÎMNLKŒLÌÌMÌÌNÌÎLÍËŒÌŒMNMLMÍLÎLMBŒM‹ËŒ‹ŒLÍ‹ŽNLÎŒÍÌMMÍMËŒÎNLMÍŒLNNÍ‹ŽNNLNMÌMŽÌÍÌNŒŒÍLÍMÎÌÌËŒŒNMÍLÌLLÍÎKŒÍMÍÎÌNLŒM‹ËŒ‹ŒLÍËŽNMÌÎÎLŒŒŒKŒMMÌLNMŽNMM‹ŽNNLNÎNŽL‹ŒŒLŒÌLMLŒÍŽLÌ‹ŒŽMMŽNNLÍMLŒŽŒ‹ŒÍŒLMÍÍLLÂŒM‹ËŒ‹ŒLÎŽNMMÍŽMMLŒËŒÍÍMŒNLŽÍNMÌM‹ŽNNLÌLNLÍÎLLÍKŒNŽLŒÍMÌLŒLÎKŒÌÌŒLMÍÌNMŒÌÌNÍŒÍŒÌÌŒMMLBŒM‹ËŒ‹ŒLÎKKŒŒLÌÍLŒËŒÍÍŒMÍLNŒKŽNNLÎLÌLMMÌM‹ŒNNLÌŽÌŒMMÍÎŒÌNLNMŒÌLËŒÌMMMÌÍÎN‚ŒM‹ËŒ‹ŒLŽNNŽLÍÎMËŒÎMNNLNÍŽKŽNNLÍMMŒÌM‹ŒNMÎLLŒÌŒÌ‹ŒLLLLMLN‹ŒÌŽMÎLŒÍNMŒLBŒM‹ËŒ‹ŒLKŽNMMMMMLLMÎËŒMMNÌMNNÍŽNNLMÎLMÎNÍLŒ‹ŒŒLŒÍÍÌŒMŒLËŒŒÍÍLLNLNMŽMËŒÍNLÌÍNMÎLÍLNŒM‹ËŒ‹ŒL‹ŽNLMŒŒMLLŒLKŒÍÍMLNŽNLMŽNNLŒŒŒŒŒÍMLÌKŒNMÌŒLMÎLLŒMNMM‹ŒŒÌŒÌNLŒÌ‹ŒÌÌŒÎMŒNNŒM‹ËŒ‹ŒLËŽNNLÎÌÍŒŒÍLÍÍÍÎÌŽMLKŽNNLÌÌÌÌMLMMËŒNŽNMLÌŽÎNÌMŒMŒNNMMÌŽKŒÌLÌÍLLNLMM‚ŒM‹ËŒ‹ŒLKŒMLÎLËŒLÎLÍÌLŽLNKŽNNLMÍŒNMÍNLÎKŒŒŽMÍLÍÍŽM‹ŒŒŒÍLŒÌÌÍMÍLËŒÍMMŒŒŽÍŽMŽÌBŒM‹ËŒ‹ŒLKKŒMŒÌŽLÎKŒÌÍLŒÌÌNLMŒÍÍKŽNNMÍÎMÍŒMŒMMLÍNLLŒÍ‹ŒLÎLÍÍMLŒÌMNÎKŒŽŒLŒÌŽMÍÍÌŒ‚ŒM‹ËŒ‹ŒL‹ŽNMÌÌNÌLÌŽMŒNLÌMLMMŒ‹ŽNNLMÌŒLÍÌŒËŒŒÍNLÌŒÌÌL‹ŒLÌNŒŒËŒÍLNŒŽMLMÎLÍÍŒM‹ËŒ‹ŒLËŽNMLŽMNNMMNÌ‹ŒÎMŒÍÌÍÍÌŽM‹ŽNNLŒÍÍŒÎMLLLKŒNMNÌÌÎLÌŒŒÍËŒÎMŒÎMŽNKŒÌÌÎÍMMMÍLMBŒM‹ËŒ‹ŒLKŒNMÌŒÎLLÍKŒÍMÌÌŒÎÍŽNNLÍÎLÌÍŒMÍÍÎMLLMNLMŒËŒLŒÌNMMÎLLŒÎËŒÌŒNŽMMÍLÍBŒM‹ËŒ‹ŒLKKŒLLÍŽMÌ‹ŒÍÎLÍMŽLŒMLMÎŽŽNNLŒÌMMÌNNLL‹ŒNMŒMÎLMMËŒŽLÌMÎMÎMÍNKŒÌŒÍŽNÎML‚ŒM‹ËŒ‹ŒLLŽNLÍLNÌMŽÍÎLŒKŒÍÎMŒÌŒLŒÎMÌŒËŽNNLNNLÌÎLÌKŒNLŒÍÎLÎŽMKŒMŽLŽMŒÌNMMMKŒÌŽLMLNNLÂŒM‹ËŒ‹ŒLLKŽNNNMÍÍŽÎNNŒÌLÌNM‹ŽNNLŒMÎÍŒÌÌMÌŒNMÍÍMÎLÎMÍŒËŒÎÍLŽŽLLMKŒÍLLLLÍŒÎŒM‹ËŒ‹ŒLL‹KŒÍLÍÌLÌMKŒÍŒÍŒNMÍMŒÍÍLËŽNNLŽŒNM‹ŒNNNMÌÎMÍKŒÍNLÍÍMŽÍLÌ‹ŒÌMÌŒŒÌÎLŒL‚ŒM‹ËŒ‹ŒLLËŽNMLÌŒŒÍ‹ŒÍŒŒÍMŒMMŒÌLËŽNNLÍMMŽLÎŒNLÌÍŒŽLNL‹ŒÎNLÌŒÍŽLÍÍÍŽKŒÌLŒŽMLÎMBŒM‹ËŒ‹ŒLMKŒÎMÌÎÌŽLÌ‹ŒÍÎŒÌLÍÌL‹ŽNNLŒÌMNŽMKŒNMŒLÌÎNLÌÌ‹ŒÍMÎLÍÌÌŒNLÌKŒÌMLÌLŽÎBŒM‹ËŒ‹ŒLMKŽNNLÍŽMMÍÌ‹ŒÎLLLÎMŒŒNLNŽNNLŽLLŒM‹ŒNŽLŒLÎLÎMKŒLÌLÍÍNMMËŒÌŽLNMŽÌŒÂŒM‹ËŒ‹ŒLM‹KŒŒMLŒÌŒLËŒÍÎÍŽNMÍMŒMKŽNNLŒNMMÍLÍÍŒËŒNLŒNLLÍÌLŒÍŒLLŒÌŒŒŒMNŒÌÍÌŽMÌŽÌLÂŒM‹ËŒ‹ŒLMËKŒÌÍŒŒMŒŒKŒÍÍŒLŒLÌNÌ‹ŽNNLÌŽMÎMÍNKŒNÌMÍÌŒŒMN‹ŒMNLNLMÌLÍLMŒLÌ‹ŒÌNMÌŒNMÌMMNBŒM‹ËŒ‹ŒLNŽNNÍÍÌÍÎÍÍÌ‹ŒÍMÍLLÌÌÍMKŽNNLÍMÍLŒÍMŽÌMKŒMÎLŒÌLNMNMŒÍÍËŒŒMŽÎLMŽN‹ŒÌLÍÍLMÎMÌÂŒM‹ËŒ‹ŒLNKŽNMLÍLLLÌÎMËŒÍŽNŒÌLLŒKŽNNLÌLLLÌLL‹ŒNMŽÌŒÌMÌÍMKŒLLÍLLLÌÍŒÍMËŒÌNMŒÍMŒŒÌÎÎŒM‹ËŒ‹ŒLŒŽNMMÌÍLMŒŒÌL‹ŒÍLÌMLLÍŒ‹ŽNNLŒÍMÌLÍÍLŒNMMÌLÌÍŒÍŒŒËŒMMLÌÌMŒKŒÌÎMNMNÍŒLMMÍŒBŒM‹ËŒ‹ŒLŒKŽNMMÌNŽNÌËŒÎMÌÍÌŒŽÎŽNNLŒŒŒÍËŒNLÎLŽŒŒLŒŒMÌŒLMÌNÍÌ‹ŒÍLLMŽÍŽLÍÎLBŒM‹ËŒ‹ŒLŒ‹ŽNNÎLÍÌÍMMÌNKŒÌLŒÍŒÌMMÌÍËŽNNLNMÍŒNLŒŒŽLŒŽŒÍŒMËŒŒÍLŽŒNMMŒÍKŒÍNMŒŒÌBŒM‹ËŒ‹ŒLŒËŽNMMMMNÍLŽLL‹ŒMŒLÌMŒÎ‹ŽNNLÍŽNLŽNLËŒŒNMŽLÌNMMÌML‹ŒLLLÎMÍŽMÌMÍÍ‹ŒÍÍÌÍLÍÍMMMŒM‹ËŒ‹ŒLKŒŒLÍÍLÎÌL‹ŒÍÍNŒŒMMŒŽLKŽNNLÌNŽMLŒKŒNMNŒLMŽÌËŒŽÌLÍLÌÍLLKŒÌÍMÌMÌŒŒMŒM‹ËŒ‹ŒLKŽNMÍLLLLÍÌËŒÎMŒÌÍŽLÌÌÍNM‹ŽNNLNLÎMÎMMŒNÍËŒŒÍMMMÎŒÌÎÍ‹ŒÌÎNNMÌNLLNKŒÍMLMMÌLÌÍMŒM‹ËŒ‹ŒL‹ŽNLLŽLÌLLŒËŒÎÎNNMÌLŽÌLÌÌÍŽNNLÎÌÍÍMŒNNLÌLMÎLMNŒNNNLÌNŒÎLLNMÍŒÌÌLŽNNNMBŒM‹ËŒ‹ŒLËŽNMMŒMÎLÌÍMNŒÍÎMÍŽMŽLÌLM‹ŽNNLÍŽLMMLËŒMÍÍŒÎŒNMÍŒÌÌ‹ŒLMMŒŒÌÍÌÌMËŒÌŽNÌLÌÌÌÍ‚ŒM‹ËŒ‹ŒLŽŽNLÌÍÌMÌŽLÎ‹ŒÍLÍÌÎMŽMLÌÍËŽNNLŒNŒLMÌŒLÍËŒNMÍNNLÍŒKŒMLÍÍŽLNLÎLÍNËŒÍÍNNMÌÍBŒM‹ËŒ‹ŒLŽKŽNNŒŽÌLÍ‹ŒÎMLÌŽMÌMLMËŽNNLŒLLŽMÌÌŒŒKŒNNŒLMLÍLÎMKŒNLÌÎŽLÌ‹ŒÌÎLMŒLÌLMLÍ‚ŒM‹ËŒ‹ŒLÌŽNMÌMŽÌÌÌÌŒL‹ŒÎLNNÌMŽKŽNNLŒŒÌÌŽNNNLMÌKŒNMÌŒŒMÌÌÌËŒŒÌŽNÍLMÍÎŒÍŽMMLÍÎŒŒŒŒŒM‹ËŒ‹ŒLÌKŽNLLŒŒLŽLLLKŒÎMÌŒNNNNMLŒÌMKŽNNLŒNLMÍÍÎMLÍËŒNMÍNŒÍMMŒÍËŒÎÎLŒLLMŒÍNLÍNLÌBŒM‹ËŒ‹ŒLÌ‹ŽNLŒÍŒLËŒÍLNLMŽNLŒMËŽNNLÍLÎMÌÍÍÎŒNMÌLŒNNMKŒLŽNNÌNKŒÌMŒÎNMLŽÎNMLÌ‚ŒM‹ËŒ‹ŒLÌËŽNNMNLLMÍMML‹ŒÍNŒNLMÌMNNMŽKŽNNLÍÌÌŽLMÍMMMÍMKŒMÍÌNLLŽLLMÍËŒÍLÍMNLMLŒŒÌÎMLŒÌLLMMBŒM‹ËŒ‹ŒLÍŽNNMMLŒÍŒMKŒÎMÍLMÌŽNLËŽNNLŽNÌMLŒÍMKŒNLLÌŒMMNŒÍÍ‹ŒÍNMŒŒÎ‹ŒÌÍŽMMÎÌŒM‚ŒM‹ËŒ‹ŒLÍKŽNMÌMÌNÎÌËŒÎLÍÌLŒÌŒLÌM‹ŽNNLŒÍMNLÍŒKŒNMMLŒŒÍÍÍŒKŒLÍÍŽŒÌMLMÍÌ‹ŒÌÎLÍLÎÌÎÍÎ‚ŒM‹ËŒ‹ŒLÍ‹ŽNLLÌÍMŒÎLLÎŒÌLNMÍÌÍÌKŽNNLMLMŽÌLLŒKŒŒŒÍÎNLMLMÍÌ‹ŒÌÌMŽÍMLŽKŒÍLÌLMÎNBŒM‹ËŒ‹ŒLÍËŽNÌŒMÎÍÍ‹ŒÍLLÍNMÍŽNMKŽNNLÍÌNLMŒMÍŒKŒMÍÍMMLLÌÌÍŒLËŒLMÍMNLÎLMÍÎŒÌLLŽLMÌÍMLMÂŒM‹ËŒ‹ŒLÎŽNLMLŒMÌMÌNŒÎLŒMŒŒŒÎÌMÌËŽNNLÎMÍÌ‹ŒNLMÎMMNMÎËŒLÌMÍŒŒKŒÌÍLÌÍŒLMLŒMÍ‚ŒM‹ËŒ‹ŒLÎKŽNMŒŒLLLMLŽLMNLKŒLLÍÍŽŒLÌLNMKŽNNLŒMÍNL‹ŒNNŒÎMÌÌML‹ŒÌÌLÌŒLNNMŒÎMÎŒÍŒŽM‚ŒM‹ËŒ‹ŒLŽNMÍLÍŽMÍŽNMMËŒÍÍÍMÍÍNMÎMMÎËŽNNLÎMMŒÎŒNNLMLMLKŒÍMŒŒLNŒÍÍŽŒÌÎÍÎÎMÍÍÍŽBŒM‹ËŒ‹ŒLKŽNNŒLLÌÎMNLÍNKŒÍNLLMMÌMÎMMKŽNNLŽMLŒÍŒNŒNMÎLÍLÌÌ‹ŒÌMNLNŒÌÍÌKŒÌMÎMMŒMÌ‚ŒM‹ËŒ‹ŒL‹ŽNLÌLÌÌÎLŒŒ‹ŒÍMÌNNÍLÌŒKŽNNLÌLLLMMÌŒMŽNKŒNMŒMLÎLŒLŒÌÍÍMMÍÍMŒËŒÌLNMMNMÌÍLÌÂŒM‹ËŒ‹ŒLËKŒÌŒMLŒLŒNNKŒÍÍÌMMŒŽLNMLLMËŽNNLÍNMÍLLŒŒËŒNLLÍŒÎLÌÍÍNLŽÎŒNLLÎMLMŒÎNÌKŒÌNMLMLŽMMÎNMŒÍBŒM‹ËŒ‹ŒLŽNNMLLNŽKŒÍNMLMÌLÌÎÌËŽNNLÌÍÍÌÌLMŒŽLËŒNNMÍNLÌÍLM‹ŒŒLLÎNLŽNÎŒÌMLÍÎMMŽMÂŒM‹ËŒ‹ŒLKŽNNÌMŒÍŽLËŒŒÍŒLNŒŒ‹ŽNNLÍNLNLÍÌMŒŒNMÌŽLMLŒ‹ŒLÍLŒMÍLMÎÍÍŒÎMÎMÌLÌÎÎŒM‹ËŒ‹ŒL‹ŽNMMÍLÎLMÍKŒÎNLÌÎŒŒMÍŒÍŽNNLÌÍMLLÎLŒÍKŒNŒÎMÌÍÎNËŒÎLLŒÍÎŽKŒÌÍŽMMÌÍŒLBŒM‹ËŒ‹ŒLËŽNNLŒŒÌŒÎMÍŒÎLLÌŒÌLŽ‹ŽNNLŒLLÍŒNNKŒŒMÌÌLLŒMŒŒLŒNMÎLLMÎMÌ‹ŒÍNLNLLLÎLÍŒŒŒM‹ËŒ‹ŒLŽNÍLLMŒŒÍÍLÍŒLLÍŒÍNMMŽNNLLLŒNMÍÌNÌNÍ‹ŒMMNLLNMMËŒÌNLLŽMLLŒMBŒM‹ËŒ‹ŒLKŽNLLLÍMŒÍLÌ‹ŒMLŽMÎMMMLMKŽNNLMÎMŒÌÍŒŽLKŒŒLÌÌÎMÍŽËŒÎŽMÍNÍLÍÌËŒÍLÍÍÌŒÎŽNBŒM‹ËŒ‹ŒLLKŒLLÍMÌŒŒLÍKŒLLMÍMLÎMLKŽNNLNNŒÌNMÌ‹ŒŒMÌLMÌÌŒM‹ŒLÍMÌÌLNËŒÍLLMÌMMŒŽMÌBŒM‹ËŒ‹ŒLLKŽNMÍÎNMŒLMÍKŒÎNMÌŽÌNŒKŽNNLŒŽÍÍŒNMŒNNNLMLLÍMNLÌÍKŒÎÍLMMŒMNMÍŒÍŒLÌLMMÌÍÎŒM‹ËŒ‹ŒLL‹ŽNMŒŒŽNLÎMLÍÎLŒÎLÍNLÎLÎNKŽNNLŒÌŒÎLŒNLÍ‹ŒNMNLMMLMÍNËŒÎÎMNLŽMÎŒÍLLÌNÌBŒM‹ËŒ‹ŒLLËŽNMÌLÎÍÎLL‹ŒÌMLLÍÌÍMËŽNNLLÌÍLÍÌŒŒÍLMËŒŒÌÌLŽLŽMÌLÍLLKŒÌMMŽNNLÍMMŒNMLMMŒŽMBŒM‹ËŒ‹ŒLMŽNLŒŒŒLŒMŒLKŒÎNÌÍÎMÌÍNŽNNLNÍÌLMMMMKŒŒMÌÌŽLÌŒÍŒ‹ŒLÌLNLMŒÌNMŽMËŒÌÎNNMMÎMM‚ŒM‹ËŒ‹ŒLMKŽNNŽLMÍÎMÍÎŒÍÌMLŽMŽMMÌLMÍŽNNLÌMNÍLNËŒNLMÌLLÍÍLÍŒŒËŒMMÎŒMŽŽÍLÎËŒÌŒLŒÍLÎÍÍMÍNBŒM‹ËŒ‹ŒLM‹KŒMLŒÎËŒÍMMLŽNNŽŽNNLÌŒÌÍÍÍŒÍKŒNÎLÌŽÎÍÍMKŒÍMÍLŽNNMŽÌËŒÌÍNMMÍNNLÌŒÍ‚ŒM‹ËŒ‹ŒLMËŽNLŒÌÌLŒÌLÌŽKŒÍÌÌLÌŽÍŒNMNKŽNNLŽLLMMLÍKŒNŽMÍÍMÍŒLL‹ŒÍÍLÌŽMÍLÌKŒÌŒMÌŽLŽLL‚ŒM‹ËŒ‹ŒLNŽNNMÎÍÌÌÍNKŒÎMŽMŽLLNMMLÌ‹ŽNNLŒŒLÌŒËŒNMÌÌMŒŒMÎLÎKŒLŒÍŒLNLŽLÎŒKŒÍLLMÎMŒNBŒM‹ËŒ‹ŒLNKKŒLNMÎLÌŽKŒŒMÍNŽNËŽNNLÌŽLŒÍL‹ŒŒMLNNMLÌLŒŒÎMËŒLÌNŽLÌÍÌŒÎM‹ŒÍNMÎLMÌÍÍÍŒÎŒM‹ËŒŒLŽLŒNMLLÌŒNMMLŒ‹ŒMÌÎÎLÍŽKŽNÍŒŒÍÍLÌÍLMŒLÌŒŒÍŽLÍÍLŒŒMŒLMŒŽMLÍÌÍKŒLÌMÍMÍÍÌŒLÂŒM‹ËŒŒLKŽMŽLNMMŒLÌÍLÌËŒŒŒŽMŒMMÎŽMÎNMNÌKŒLÎŒŒMLMÍŒŒŒÍŽNÍMLËŒÍŒŒLMLÂŒM‹ËŒŒL‹ŽMMŒLÍMŒËŒMÌLŒÍNÎÌÌM‹ŽNMMÌLMÍŒKŒNMMLÍLLÍÍËŒŒÍÌLÎLÌM‹ŒÌÎMÌŒÌÌÍÌŽL‚ŒM‹ËŒŒLËŽLMÍLŽLNLÎKŒMÎMÌŒMMLŒŒNNLŽKŽNÌŽMÎLÍÍLŒMËŒLMŒMÎMÌÌMMŽNKŒŽÌNNLÍÌÍŒÎLËŒÌMŒLŽLMBŒM‹ËŒŒLŽLŒÌŒMMŒŒMŒËŒNMÌÍÌMNLMÌŽŽNÍNÎÍNKŒLLŒNMÍŒŽLLKŒŒÍNÌMŽŒËŒMLNLMMMÂŒM‹ËŒŒLKŽMŒŒÍÍMLÍKŒNLNMŒÌŒLLLÎËŽNLLÎÎMÍŒN‹ŒMÌLLLŽŽÌMËŒLŽNMMÍŒÌM‹ŒLÌÌMŒÍÌŽÍŒM‹ËŒŒL‹ŽLŒÍŽLËŒNŽMMÍNLÎNN‹ŽNÌMÍLŽMŒNMËŒLMÌNMLNNNMÌÍKŒÍMŒLMMLÍŒËŒÎMMMÌLMÌLÍÂŒM‹ËŒŒLËŽMŒMNMMÍŽKŒMÌMLÌÍÍÎLÍŽNLLÍMÎMŒÎNMMÎLŒÌNLKŒÍÍÌÎLÍÍÌLËŒŽNLÍMŽM‚ŒM‹ËŒŒLŽLÌLÍMÍLNŽŒMŽNNMŒLMŽŽNLŒNMÎLLŒÌŒŒÍÍÌÎNMKŒMLÌŽLŽLŽMLÎMKŒÎLÍNMLLÍNŒM‹ËŒŒLKŽLMŒÌLŒMLÌMKŒMŽÌMNLÎÍNŽNNLÍÍŒŽ‹ŒÎLŒMLÍŒMŒŒMËŒÌMŽLÌÌMÍLMLŽKŒÌNLNNMÌŒÌLBŒM‹ËŒŒLLŽMMŒÌÍMÎLLÌŒËŒMÎLLÍÍŽMŒÍLËŽNÍÎÍMNN‹ŒLMMÎNÌŽ‹ŒLÌNLNÌLÌ‹ŒŽÌŒLÌÌŒŽNBŒM‹ËŒŒLLKŽMÍÌÍÍÌNKŒNÎMLÌNLLÌÍŽNLŽLÌLLNKŒMÌÍLŽÌŽŽLÎKŒMŒLLLN‹ŒŽNMŽLMÍŒÍMBŒM‹ËŒŒLL‹ŽMLŒÍLŒŒLLMÍKŒMÎLNÍÍMŒNMÍ‹ŽNLÎLMÍÍŒÌMŒLŒËŒMNÌŒLÌKŒLŽŽMNMÍÌÍÎKŒŒÍMŽNMÌM‚ŒM‹ËŒŒLLËŽMNMLNLLLÌKŒMMŒŒLMŒÎNLŒÍËŽNŒMÌNÌÍNÍLŽKŒÌMLMŒÍŽNŒÌÌ‹ŒÍMÌŒŒNŒ‹ŒŒÌÍÍÌÍNŽÍŽMBŒM‹ËŒŒLMŽLMNNMMÍLLËŒNLMŒMÌNÍÍÎLËŽNÌÌNMLÍÍÌ‹ŒNMMMMÎNLMÌ‹ŒÍÌŒŒŽMÍMML‹ŒŒNLÌLÍŒM‹ËŒŒLMKŽMŒÍLLLÎŽLKŒNLÌÍÌÌLÌMLŒŽËŽNÍÍÎÎNÍ‹ŒÌÎLLŽŽMNLŒMKŒMNLLÍÎLLËŒŽMMLMÍŽLMBŒM‹ËŒŒLM‹ŽLÌÌÍLMÎÍÌMËŒNÍLNÍÎLÌÌÍÍËŽNŒLŒLÍLŒLŒÌL‹ŒLÌLNLÌŽLËŒŽNÌMÌŒŒËŒÌLMNÍŽMÌÎMÂŒM‹ËŒŒLMËŽLÍÌNMÌŒŒÍÍËŒMÍMŒLLÍÍŽMLM‹ŽNŒNLŽM‹ŒŽNLNLÍŒKŒLÌŽLÎLÎŽMÍKŒMÌLÌŒÌLŽÌNÂŒM‹ËŒŒLNŽMLÍNLÎMÎNKŒMŒLMLÌLŽÌŒÍMËŽNÌMÍÍLÌMKŒMLÍŒÍŒLŒLMŒ‹ŒÌNLÌŽÍMMÌŒM‹ŒŒŒÎMŒŽMMLÍÎL‚ŒM‹ËŒŒLNKŽMŒŒÍŒŒMLËŒMLÍŽLÍÌŒŒŒKŽNÎLÌÌŒNLÎNËŒÍÍŽÍÍŽŒKŒÌMNMLŽMŒLÍÎKŒŒÍÍŒÎMNMLÎMÂŒM‹ËŒŒLŒŽLŽLMNLÎMÎÍ‹ŒMŒŽMÎMNMÌMMŽNŒŒMŽÌËŒÌŒŒÎLÍLÍ‹ŒÌÌMŽMŽLÎLMNNÍ‹ŒŒNMŒNÌLŒNBŒM‹ËŒŒLŒKŽLŒLMMÎNMËŒNLLŒÍLÍÍÎÍÌL‹ŽNLÌÌLMMŒKŒNLÍÌNLÌÌÎŽLMKŒLMÌNLÎLÎ‹ŒŽLNNNNÌŽMÂŒM‹ËŒŒLŒ‹ŽLÍŒÎLLÍLŒLÌŒN‹ŒMÎMLÌMÍŒÍÍŽNÍŒÌLŒÍMMŒËŒÌŽÍMŒLL‹ŒMŒÌÌÌÍNLÌÌÍŒŽLMÌÍÍÌÂŒM‹ËŒŒLŒËŽLÌÎŽLÍŒŒŽNLKŒMLÍÍLŽLÍÍMÎM‹ŽNŒŽŒÌŒŽLLMŒŽNLLÌMŒ‹ŒÌŒŒÍMÍÌÍMLÌKŒŒÎŒŒÎNMÍBŒM‹ËŒŒLŽÌÍÍNMŽKŒNÌŒÌÌÌÍŒŒ‹ŽNÎÌŒMLŽMMM‹ŒNŒÎLŒÌÌÌKŒÌLÍÍÌNNLML‹ŒMÌMÍLÍŒŒÍÍMÍÂŒM‹ËŒŒLKŽMŒLLMMŒMÍÍÌÍMÌÍŽNÍLŽŒLÌLËŒLLŽMLMÌMÍŽMËŒMMŒÎÍÎÍËŒLLŒÍLMMMÌŽŒM‹ËŒŒL‹ŽMNMMÌMÎNLŽŒMNMŒÍŒÌÍÎMËŽNÍŽNLÍLŽKŒÎŒÍÌÎNLMMKŒÎMLŒÍŒÎNŒŒNMÍNŒLÍŒM‹ËŒŒLËŽLŒŽMNÍÍÌÎÌLŒMÍÍÍŒÌÍŒÍËŽNLŽLÌÎŒŒÍÎËŒLMÎÍŽNMŒÍŒMÌÍÌŽLÍÍÌËŒŒŒÌŒŒÍLŒŒLŒÍŽMÂŒM‹ËŒŒLŽŽLMŽLÌÌMŽMÌÎŒNÌLLÍŽLLËŽNÌNMÌÌÌNŒËŒLMNMNÍMÎLMNŒŒŒÍÌLÍMNÌMM‹ŒLNMŒMLÍLLLŒMŒM‹ËŒŒLŽKŽMMÍLNLŒMLŒNMÌŒMMÎÎŽNNLMLŽÍŒKŒLÌŽMMŒÎLÌÍŒMŒMŒÎMÍÌNÎMLÍËŒŽMŒLMÎNLŽŒM‹ËŒŒLÌŽLŒŽŒÎMŒÎMÍLÍÌÍ‹ŒMLÌMLÍŽLMŒÎMÌÍ‹ŽNÍÎLÍLMÌLŽŒÎLÌŽLÎMMMÍŒM‹ŒLÍŽLŒŒÍNMÎ‹ŒMŒLŒÎÍMMŒM‹ËŒŒLÌKŽLÌMŒMNNŒÌÍ‹ŒNŒMŒÍÎNLËŽNÎLÌMÎNLLLËŒMÌLŽLÌMNLMLŒKŒLÎMŽÎNŒÍMÎŽMŽM‚ŒM‹ËŒŒLÌ‹ŽMÎLMŒÍÎNLKŒMMŒŒMMÍMŒŒŒÍKŽNNLÌÌLŽÌÍKŒÍÌLÎLÎMLËŒLŒŽLŽMÍMÍËŒŒLLÍÌÌÌLŽMŒŽMŒM‹ËŒŒLÌËŽLÌMLŒMÍLÌMËŒNLLÎLŒÌLŽL‹ŽNŒNŽLLÍÌKŒMŒNMMŒLŽÍL‹ŒŒÍLŒÍÌÌŽËŒLÍLLMŒŽMÍŒÍBŒM‹ËŒŒLÍŽLNLNMÎMŒMŒÌ‹ŒMŽŽMŒMMMÎŽNNNŒÌKŒÍÌŒLÎÌNNËŒNLMÌLÎMÍMÍŽ‹ŒLMMŒŽLÎÌLMMM‚ŒM‹ËŒŒLÍKŽMMMMNÍÌÎŒNLMÌÎMNMÍ‹ŽNŒÌŒŽMLLLÌŒMLÍŽÌNŒÎŒ‹ŒÍMŒŒŒÍNNLËŒNÎLÌÎLÌMMÍLŒÂŒM‹ËŒŒLÍ‹ŽMMMLÌŽŒ‹ŒMŒLÍLÍŽÎLÎMKŽNÌÍÌNMMNLÍÍŽŒÎMŒLMŽÍÍLËŒMÍMLLÌŒÍKŒŒNLÍŒŒŽMÌŒŒÂŒM‹ËŒŒLÍËŽMŒÍLMÌÌŒMŽŒMNLŽÍÌNLLMÍŽŽNÍNLÌÌŒÎLÌMMÎMŒÍÌLŒKŒMÌLÌLMKŒŒÌMMLÍLLÎŒM‹ËŒŒLÎŽMLÌLŒÎMÌÌÍNŒNMÌNMŽMÌNM‹ŽNÎMMMÍÎNLMŽNKŒMMŽMNLŒ‹ŒÌÌLÍŽŒŽŒNMŒÍÌŽNÎLNLŒŒM‚ŒM‹ËŒŒLÎKŽMLÌŒÍÌMMÌM‹ŒMŒÌŽNNÍÍŽMÌËŽNŒÌÍÍÍÍÌŒÌÎLËŒLLÍÍÌNMKŒLLÌNÌŽŒLËŒŒŽÌLNÎÍÌ‚ŒM‹ËŒŒLŽLÎNNNLÌŒMÌÍÌNŒMŒLNMLMMÌËŽNNLÍÎNŽLNŒÎMMŒÌLÍÎLLËŒÍŽLLNLMÍŽLŒMÍÍŒŒÌÍLLNLMBŒM‹ËŒŒLKŽLŒLŽLŽNŽNKŒNŽNÌLLM‹ŽNÍŒNÌMNNLÍŒLLŒMŽMNLÍLMËŒMŒÌŒŒMŒÎLNËŒÍŒÍLLÌÍŽBŒM‹ËŒŒL‹ŽMMÌŒÎÍÎKŒNŒMÎMMÍÌÌM‹ŽNŒŒLÌÎMNMKŒMÌÌÍLŒÌÌÍLÌŽM‹ŒLŒÍMNÎŽNMŒŽŒÌŒÌNŒNMŒM‹ËŒŒLËŽMÎNÎMLÎÍÍŒMÍLLLNLLNLÎL‹ŽNMŒÌMŒÍŒ‹ŒÌŒÌÍÍÍLNLŒLLMŒLÍÍNLLLÍ‹ŒMŒŒÌŽMLMÎŒM‹ËŒŒLŽLÍLMŒŽLŽMNLŽŒKŒMŒLLMMŽNMLÎŽNŒÍÍMNLMNŒMŒÍMLŽM‹ŒŒLLLÌÍÌÌ‹ŒŒÌÌLÍÍMŽLÌŒM‹ËŒŒLKŽLÍÍMNNLMKŒMÍLŒŒÍÌÌËŽNLŒÌÍLLŽLŒNLNNNMÍNNMËŒŒŒLNLÌÍŒNŽŒLMMÍMNLL‚ŒM‹ËŒŒL‹ŽLÎMÌMÌÎMLŒŒMNMŒMMÌLNLŒLŽNÍÌÍLÌÌŒÎMKŒÎLŽLÌLÎMŽMÎ‹ŒLNNŒŽLŒÍ‹ŒŒÍÍMŒLÍM‚ŒM‹ËŒŒLËŽLÍÍÍMŽMNMKŒMÍNNLÌÌŽMÍŒMKŽNLŒÍLLŒŒMÌŒËŒNLŒŒLLLÍŒŒNNLMNNNËŒLMÌMNLŒÌÍŒM‹ËŒŒLŽLŒÌMŒÍÍŒNÍLÎLÎLŒMŒÎKŽNŽLŽŒLKŒLŒÎNLMŽNNËŒÌŒÌÍŒÌŒŒMLŒÍLŒŒLMMŒM‚ŒM‹ËŒŒLKŽMŒŽLLLÎNŒÎMŒËŒMŽŒÌNMLÌMËŽNNMŒÌŒNËŒLŒÍŒŒMÌÌ‹ŒÎMMŒÎMŒËŒŒÎÌMÌLM‚ŒM‹ËŒŒLLŽMÎÌÍŽÍŽMÍŒMŒÌMLLÍŒMÌMŽNŽMÎMMLLNLÌKŒLÎMŽMŒŒNKŒÌŒMNLNMŒÌÌLŒMŒLLŒŒŽNÌÍŒBŒM‹ËŒŒLLKŽLŒLÍLÍŒNLLŽÍMLŽ‹ŽNÌLLŒÌÎËŒLÌŒÍÌMLNMŽŒÌNÌŽNNŒÌŒÍKŒMŽÍNMŽNÎLMLBŒM‹ËŒŒLL‹ŽLŽÎŒÍMÌLŽMKŒMÍÌÍŒŒMNLÌŽŽNLNLÍŒŒŽLŽŒËŒŒŒÍŒNNNMLËŒÎLMLŒÎŒNŒŒÎNÎÍÌLMÎÍÂŒM‹ËŒŒLLËŽMNLMNLNMÌŒÍKŒMÍÌÎMÍÍMLÌLLÍKŽNMLMÌŒNÎMÎKŒLMŽÌLŒŒÎŒLLÌLMŒMLKŒŒÌŒMŽÌMÎMŒ‚ŒM‹ËŒŒLMŽLMÍÌŽMÍÎLKŒMÌŽLŒNMŒLÍMKŽNLÍŒMMMMŒ‹ŒMŒLMŽÎLLÌNŒÌÍŒLÌÎNMNMLËŒLÎMÎÌŽMÌŽNÂŒM‹ËŒŒLMKŽMLLÎMÌMËŒMMLŽNMÍÍÍŽNÌŒÎNNNMÍKŒÎNÍMLMÍÎMKŒLÎMNMLŒ‹ŒŒÌÍLLÌÍÍŒLMÂŒM‹ËŒŒLM‹ŽLÎÌÎMÍNŒŒŒ‹ŒMÌMMÌMŽM‹ŽNLÌMŽÍMËŒMÌLÍÌŒÌLŒNLMŒÍLLMÎLŒMŒLMNLNNLMÍN‚ŒM‹ËŒŒLMËŽMÍÍÌÍLÍMLÎËŒNLŒÌMNMMMMMËŽNMNLÍËŒLMLLÎŽMMÎNKŒÍLMÌÌMŒŒMMŒŽÌM‚ŒM‹ËŒŒLNŽLŽŽMÎLÎMŒÎNKŒMŽMMLMÍMMÍ‹ŽNMNMÍLÍMKŒÌÍLLŽÌËŒŒŒMÌLLŽM‹ŒLMMŒÍÌNMÍÍ‚ŒM‹ËŒŒLNKŽMNNNLÍÌŒÌLŽMÌNŒMLÌÌLLÍŽLLŒÍMËŽNŒŒNMLÌ‹ŒÍLÎÍLÍNLŽ‹ŒMŽNLŒÍLLLMÍŒŒŒNÍNLÌMŒÍŽŒM‹ËŒŒLŒŽMÎMMNÌŒNMKŒMÌÌÍŒÌMÌMMÍLMKŽNLMLÍLMŒLŽNLŽLLNŒMMNÍÍŒŒKŒŒÍÌÍMNÌLŒM‹ËŒŒLŒKŽLÎÎLŒLLÎL‹ŒNÌŒŽLŽÌŽKŽNLŽLŽLŒÎNLËŒLÍLMMŒLÎNNMËŒNLMŒÌÎMLLËŒŒÎÌÍLÍÍŒM‹ËŒŒLŒ‹ŽLLMNNLÌÍÌËŒMÌŒŽLÌLŒÎM‹ŽNŒMNLÍÌMLLMMKŒÌNÎÍÍŽKŒŒÌÍÌŒÎÌÍLÍM‹ŒLŽNLÍNMLÍLŒÍŒM‹ËŒŒLŒËŽMŒŒÌŒŒMŒNNMŒMMMŒŒLLMÎLŽŽNLLÌÍMÍÌËŒÎÍLNËŒÍÎNMÎLŽÍŽMMŒKŒŒŽLŒMŽNMÍLŒM‹ËŒŒLŽMMMŒNMLLÍŽMM‹ŒMMÍŒŒMNMÍŽNL‹ŽNLLÎLMMŒÌÎLNMŒÌNLŒNŒMMÍÌNÎMÌŒMŒKŒŒŒŒÌŒŒLŒÍMŒMÍNŒM‹ËŒŒLKŽMÌMÌNMÌNKŒMÍLÌMÎŒÍŒMLŽNŒŒŒÍÌLŽMMLLËŒŽNMÌÎÍKŒŒÍMNÌÎÎKŒŒŽMÍLŒLNLNL‚ŒM‹ËŒŒL‹ŽLŽŒŽNLNŒMËŒMŽNMMLÍMÍ‹ŽNMMMŒÍMŒÌÍNKŒNLÌŒMMMÌKŒMMÎLÌÎÎÌNMŒŒÌÎLMLŒÍÎBŒM‹ËŒŒLËŽLMLŽÌÍMM‹ŒNMÌLÌŽNMÌŒÌÌËŽNMLLÍÍÌÎMM‹ŒLMÍÎMÌŒNŒŒMNNŒŒÎÍŒŒÍMLÎLÍÍÍL‚ŒM‹ËŒŒLŽŽLŽMNNNMÍMN‹ŒMNMMŒÎLÌÎMLËŽNÎÎMÎLLML‹ŒÍÎMÍŒÎLÍLNÌËŒŽŒŒÎLŒNŽKŒŒÌÍMÍLLMŒM‹ËŒŒLŽKŽMNŽLMÌL‹ŒMŽNÍÎLLÌÍMMÍËŽNŒNÎLŒMLÍ‹ŒÌLÍLŽLKŒÍLÍŒNNKŒŒŽLŒÎNMMLÍÍÂŒM‹ËŒŒLÌŽNMŽLŒNMÎKŒMŽLÍMŒÌ‹ŽNMMLÍNNNNMŒÌÎMNŒLŒÍ‹ŒÍÌÌLMÌŽMMŒŒMŒÌLÍŽMÂŒM‹ËŒŒLÌKŽLNNMÍŒŒMÍ‹ŒNÌMÌMÌÍKŽNLÎLÎMŒ‹ŒMÌÍLŽÍŽŒMNLNLŽLÌŒM‹ŒMLNNLMMMŒÌŽÂŒM‹ËŒŒLÌ‹ŽLŽNLŒLMMÍMËŒMŽNMÌMÌLÌMŽNŒNÍÍLMNN‹ŒÌLNÍMŽÍŒMŒÌLLŒÌŽŒLÍÍLÌÌNLÌŒÌÎMBŒM‹ËŒŒLÌËŽLÍŒÎÍMLMŒNKŒNÍLŽMÌÎŒNËŽNLLÍLÍÌLL‹ŒLLÍMÍÍLMLKŒŽMŒÌÍŒÌLMMÌLËŒŒMÍŒMÌLŒM‹ËŒŒLÍŽLŽLLŒÍŒLMŽÎŒNLMŒNNÌMÌKŽNMNMNLMÌNŒLËŒMNLMLMÍLÌÍŒŒLKŒNMLÌÎÌ‹ŒÌÍLÌNLÌÍŒLBŒM‹ËŒŒLÍKŽNNŒÌMÍÎKŒMŽNLÌLÍÌËŽNMÎLŒMÍÎŒŽLMMÎÍËŒŽMLÌÍMŒLÍMLMNKŒŒÌLMÎLLNLÍÍŒM‹ËŒŒLÍ‹ŽMLÌÌMÍÍŒÍÎMKŒMLNLMÍÍÍÍŒNL‹ŽNNMÌÍLLNLLNMÌËŒÍÍLLMÍMNMLÌ‹ŒÍNMLŒŽMÍÍKŒŒÍMNMNLÎÎÎMBŒM‹ËŒŒLÍËŽLNMÌÍÌŒMÍNKŒNŒMŒÌLÍLŽKŽNLLÌŽMLÍLËŒÌMNLŽMM‹ŒŽMÌMMÌÌLŒLKŒLŒŽMLÌMN‚ŒM‹ËŒŒLÎŽMMÌÍŒMŒNLÎKŒMÌÍÌÌŒÌŒÌÍÍŒŽMÌËŽNMŽMÎLÍLNŒMŽÌÍÌLKŒNLMŽNÍL‹ŒMÍÌŒLÎMNŒM‹ËŒŒLÎKŽLŒLŒÍÌÍMÌKŒNMMLÎNÌÎNŽNŽMŒÍLÍMKŒNÍÌLNÍ‹ŒMÌNNLŒMŒÍNNMMMÍÍNM‚ŒM‹ËŒŒLŽMÍMÌÍÌNMLMŒMŒLNLÍLMËŽNMÌMŽLÌÍÍÍÍNKŒLMŒNMMÎMÌLNŒŒÍMÍÎÍŒŽÌÌÍ‹ŒMLLNÍÎLMÌÌÍBŒM‹ËŒŒLKŽLÍŒÍŒŽÍÍÍMN‹ŒMÎMŒÌŒŒMŒNÍÍMŽNÎMLLŒNLŽKŒMÌÎŒMNMÌKŒMLŽÌŒŒÍÌÍŒÌÍÍÎLÍLÍM‚ŒM‹ËŒŒL‹ŽLLÌLŽÌÎ‹ŒMÌÎLÌMÌÌÌMNKŽNMŒŒŒLLÌŒËŒŒÌŽLÍÌÍŒ‹ŒÍÍMŽŒÍLÍŒNÎLÌÌLÍÎLBŒM‹ËŒŒLËŽLÌÎNMÍLMÍÌŒLKŒMÍLLNLNLMŒŒMËŽNLLŽLÍŽMÌÍËŒLŽNLNŽMÍÍŒLÍMÍMŒKŒMŽLMMMŽÍBŒM‹ËŒŒLŽMMŽÎMLŒÍÌÍNKŒNÌLMÎLÌMŽNÍŒNÌÍÍLÍ‹ŒLLÍÍŽLNLŒÌLLŒŽMÌŒËŒŽÌÎMŒŒŒMÍÍŽŒM‹ËŒŒLKŽMŽMŒÎLÌMŒMÍLÍÎLMNMMMŽNMLLÍŒŒÍŒLËŒLMŽLÌNLÌŒËŒŒLNMLÍNNŽL‹ŒŒÌŽNLNMLLÍL‚ŒM‹ËŒŒL‹ŽMŒÎLNMNMLËŒMŽMŒMÎÌMŒML‹ŽNŒŒMŒMLŽÌÍÍ‹ŒÌMÍŒLLÌNM‹ŒNŒÌÍMÍŒMLÍÍMŒŒÍÍŒÍMÌNÌLÂŒM‹ËŒŒLËŽMŒŒÎÎNŒ‹ŒNLMŽÌMŒÌŒNM‹ŽNÌÍŒLMMLLNKŒLLŒÌMNNŒÍMMÌÌMŒÍÌLNÍKŒŒÍÍNŒÌŒÌÍÍBŒM‹ËŒŒLŽLŽLŽŽLŒŒÌ‹ŒNNÌÌÎLŒNÍ‹ŽNNLŒÍMMŒKŒÎNLÌŒŽLŽLÍKŒLLÎLLŒLMKŒŽLNŒMÍÎMBŒM‹ËŒŒLKŽMŒÌŒŒLÍŒL‹ŒMÍÎÍŒŒLÌ‹ŽNÍÍÌŒNKŒLMMMÍLMÎKŒMLMŒÎÍÎNNKŒŒÍMLÍŽÎMŽLÂŒM‹ËŒŒLLŽNMÌŽŽLÌŒÎNKŒMŽLNÌMÍMŒŽNMŒŒŒÎLÌLŒŽKŒÍLŒÍÌŒÍNM‹ŒÍŒŒÎNMMÍL‹ŒŒÌMNŒÍLŒ‚ŒM‹ËŒŒLLKŽLLMÌÌŒŒÍŒÍMLÌŽŒNŽMŒÌÌŒ‹ŽNÎLÎLMÍŒÎLLÎËŒMŒLMNLÍNLÌËŒNÍŒMÌÍ‹ŒÌÎLÍŒÍLLMBŒM‹ËŒŒLL‹ŽMMMÍNLÌMKŒMÍŽMÎMMLLLËŽNLNLÍLMÍMŒÎLKŒLLÌLLŒMMMÍŒNMŽLNŽLMÌËŒNŒÍMÍŒM‹ËŒŒLLËŽLÍÍÌLŒNÎËŒNNÌÍNLŒŽMÎNNMÍÌËŒLLLÍÍŒMMÍMŒL‹ŒLLNLLÍŒKŒŽÍÌNMŒŽÎMÎŒM‹ËŒŒLMŽMLÍMŒÌÌÍÌLKŒMMNNLLLKŽNNLMLMNMŒLM‹ŒÎLMLMŒÍÌŽN‹ŒÌMLMÌMŒMNŒŒÌMŒÍMŽÍÍ‚ŒM‹ËŒŒLMKŽLNMLÌŽMÍÍÌÎŒMÌŒÎLŽMÎMËŽNÎÎMŽŒŽŒNLÌLMŽLËŒÍMNNMŒMŒŒMÍŒÍLLMLLLLÌÂŒM‹ËŒŒLM‹ŽMMÍŒŒŒŒNLLÌKŒMLMŒLÌÌŒLÍŽËŽNMÌNMÍMÍLLÍKŒNMÌŒŒMÌKŒMŒMLNLÌÍŒËŒNLÎŽMŒMŒÂŒM‹ËŒŒLMËŽLÌŒMÌMLÌÎKŒMÍLÍMŒŒMMËŽNMŒÌÌMŒÌKŒMNÌLLLMLŒLLLÍÌÎLMŒÌŒŒŽLM‚ŒM‹ËŒŒLNŽLMÍŒÍÌNMŒÌLŽKŒMÎLÌNLMŒÍNŽNÎLLŒŒNLÍMŒLÍNNŒMNŒ‹ŒLŒÌÌÌÌÍÍŒM‹ŒÍLÌMLŒŒM‹ËŒŒLNKŽLŒNNLNLÍÎKŒMÍŒMLŽMÍŒËŽNLÍÌLLNMÍÌ‹ŒMLÍŒÎLÍŒNMLŒŽLLŽLÍÍÍŒŒÌŒŒÌÎNMMÍÌÍ‚ŒM‹ËŒŒŒŽNŒÍMŒLŽŒËŒŽŒÎÍŽNMŒÌŒLŒÌNŽNŽÌÎMËŒŒÍÌLLÌŽLŒLLMÌMÎLLLÌÎBŒM‹ËŒŒŒKŽMÎNŽLLLMŽMMŒLŒNNŒÍŒLKŽNMŒŒMMÍ‹ŒÍNLNŽŒÌ‹ŒNLŒÍÎLÌMÎMMKŒLMÌLNMÌÍŒŽŒÍŒM‹ËŒŒŒ‹ŽNMÎŒŽLMÎÍÍÍKŒLŒÌÍÍMÌÌËŽNMMMŒÌLÎLÍŽL‹ŒÌLMLŒLNMÌNMM‹ŒMÍÌŒLŒLŽMMËŒLÌŒÍŽLÍMLŽML‚ŒM‹ËŒŒŒËŽMMŽLNNMÌLKŒLÍŽÌÌÌNL‹ŽNMNÌMŒÍÎLKŒMÌÌNLÌŒLŒMÍMLÍÍMÍŽŒLŽNMNLLÂŒM‹ËŒŒŒŽMÌLLLÌŒÎNMMÎMŒNNÌŒLLËŽNMLMNMÌN‹ŒMÌÌLÌŽLÍL‹ŒNLÍLŒMÎLÍÍËŒLÌÍÍŒNŽLNLMBŒM‹ËŒŒŒKŽNMMŒŒNNŒMŒNLŽMŒÍMÍMÍLŒMËŽNMŽLŽMÍLŽNMKŒÎMÍLÍLL‹ŒMNÍÎMŽLMÎÍŽËŒLLŽÍMÍNMMÌL‚ŒM‹ËŒŒŒ‹ŽNŒÎLMŽMÎŒLÍÌÍÌLÍÍÍÎLKŽNMMÌLÎMÎÌMLÎKŒŒŽLŒÌMÎLÍŽ‹ŒMMÍŒÌMMKŒLÍMÌÎŒLÌMNBŒM‹ËŒŒŒËŽMÎNÍMÍŒLNNMŒMKŒNNMÍÎMÎKŽNMÍÌMMŽLËŒŒMÌŒŒŽMM‹ŒŒNLÌŒLÍŽMLMMLŽŒLLÌMÌÌÌŒNŒM‹ËŒŒŒŽNNLÎLLLÌËŒÎMŒÎÎÍMLŒÌËŽNMŽŽMÍÌŽMLKŒÎNNMŒLNLÎL‹ŒNMÎMÍŒMÌÍŒLŒÎMMŒÌŒMMBŒM‹ËŒŒŒKŽNŒÌLÌÍNN‹ŒLLŒŽMMŽÌ‹ŽNMLMÌLMLMŒÎŒŒÍÌŒÌÌÍÌÌËŒŒÎMŒÎNNLŒLŽËŒLLLÎMMŽLÍÍMLÌŽŒM‹ËŒŒŒLŽNMŒÎMMLNLLŽËŒŒÌŒŽMLMÌÍMÍKŽNMŒŒÍÌÌLMÍÍÍMËŒÍMÍNNNMLŒŒËŒŒMÍMNLMÌŒŒËŒLŒÍÌNMŒNÍÎŽÂŒM‹ËŒŒŒLKŽNLŒÍÌMÌÍÍKŒNLŒŒÍŽŽKŽNMŒÌÌMÍŽMÌÌNMKŒŽMÌMŒÍÌÍÌÌŽKŒLÍÍÌÍÌMNŒÎMMÌNŒLÌMÍÌÌLMÌL‚ŒM‹ËŒŒŒL‹ŽNMLŒŒŽÌÌLŒLŽŒMÌŒÌ‹ŽNMNNLŽÌÍLKŒLŽÎMÌÍMŒLÍŒMMMLŒÎLMŒÌKŒLŽNÎÎÍÌLŒŽÂŒM‹ËŒŒŒLËŽNÎŽÍÍÎŽKŒÎLÍLŒNMÍŽKŽNMŒŒÌÌŽMÍŒMKŒÍMLÎNMŽNKŒŒŽMÍMNMŽLLNMÍKŒLŒŒŒLLMLÎÌBŒM‹ËŒŒŒMŽNÌNNLLŽLÎMŒÌÍNÍŽLÎMMËŽNMŒMMLMLŒŽLŒL‹ŒÎMMMÍNLŒÌ‹ŒNLŒŒŒÍLLMÎÍËŒLNMŒÌNNÍÍŽBŒM‹ËŒŒŒMKŽNMMŽÍÎNNLÍŒÍÍÍNMÍËŽNMMNÌŒLLKŒMNNLÍNMLŒNMKŒLŽLÌLLMMNMÌÌËŒLLÍLLMŒLMŽNM‚ŒM‹ËŒŒŒM‹ŽNŽMÎÍÌÍÍM‹ŒÎÌLŒÌLMÍ‹ŽNMÌMÍLLŽMŒÍÍNÌMNLNKŒŒÍÌÍMLÌLÍ‹ŒLMÍNLÍŒÍLŽÌÂŒM‹ËŒŒŒMËŽNLÌÌŒMÌMÍÍKŒMÌLLMŽNMNLŽLLÍLÌÌÍKŒLÍÌÎÍŽNN‹ŒLLLNLŒÌÍŒMÌM‹ŒLŒÍÎMÌMLÌŒŽBŒM‹ËŒŒŒNŽNLŒŒŒÌÌŽNÍËŒŽNNÎLÍ‹ŽNMŒŒLÌÌŒL‹ŒÌŒÌÎNLŒÍNKŒLÍÌMÌŽLËŒLNLNLNLMÍLMBŒM‹ËŒŒŒNKŽMÍÍŒÌÍNŒLÌÎLŒÌMMMŒËŽNMŒÎMLMÌÍŒÌLÍÍLMLŽM‹ŒMMŽMÌMNMNLÍKŒLLNŒÌMŒBŒM‹ËŒŒŒŒŽMÌLÌÍŽMNLÎLLKŒLLŒNMŽLLÌ‹ŽNMŒŽLNNMŒLŒËŒÌNLLLÍMÎLMŽŒÌMNLMŒŽMÍËŒLŒÍŽŒÌŽMŒM‹ËŒŒŒŒKŽMÍŒMMÍŽLÍL‹ŒLŒNNLLÌŽLŽ‹ŽNMŒMÌLŒLLMKŒNŽMŽLLŒŒKŒNÍŽLÎL‹ŒLÌLLÍÍMLNM‚ŒM‹ËŒŒŒŒ‹ŽNLMNŒLŒŒNLNMÍŒÎLÍNMŽNMLÎLÌÍÍÎMŒKŒMŒMÎLŒLLMŒËŒLŒLÎLÍNMMÎ‹ŒLÎÍÌMMLÂŒM‹ËŒŒŒŒËŽNÍÌÍNMŒÎNMŽKŒÎLÍŽMMMNLM‹ŽNMŽLÌÌMÎMLMŒÎMLÍÎLŒÎŒÍKŒMMMNŒŒŒÌ‹ŒLLÎLŒMŽNMÌ‚ŒM‹ËŒŒŒŽNMÎMÍÍNÍMËŒÍÎMMLMNLŒÎLŒËŽNMŽMNMMMÌŽÌÍ‹ŒLLLÌÍNLËŒNLLÌMÌŒLÎŒLMŽLÎLMLMÍŒM‹ËŒŒŒKŽNMNÎÍŒÍŒÍŽŒÎMŒÌÌÎLÍŒL‹ŽNMÌÌÎMMÍÍLÌL‹ŒLMŒŒŒMMÌËŒŽŒÌMMMNLKŒLMLŽLLÌÌÌMŒM‹ËŒŒŒ‹ŽNÌÌŒNŒÌMËŒÎLÍÎNMÎNNÍÎKŽNMŒLÌÍÍNML‹ŒLMNÎMMÌŒLŒ‹ŒLLLÍÍÍÎMŽNMËŒLŒLÌMŒŽLN‚ŒM‹ËŒŒŒËŽMÎÌMNNLÍLLM‹ŒLLÍŒNLÌÍ‹ŽNMŒŽMNMLŒL‹ŒÌÍMMLŒŒMŽLMLÍMM‹ŒLNMLŽLŒÍLLMÂŒM‹ËŒŒŒŽŽNLÍÍŒLLŒMNMËŒNŽÌÎLÌÌ‹ŽNMŒÍNLLŽŒÌMÌÌŽMLMLLMKŒŒÍNLMŒÍÌÌÌ‹ŒLŽMNMŒÎÌŒŽMŒMÂŒM‹ËŒŒŒŽKŽMÍÍMÌLÎLŽLÌKŒLÎLŒMÍÎÍML‹ŽNMNMNLMLÎŒLLŽÌŒËŒNNLLMLMLÍËŒLŒÎMŒŒMLŽÌÎÌLL‚ŒM‹ËŒŒŒÌŽMÌÎLMÎMLÌMÌÎŒÌŒLÍÍNMMKŽNMNNLŽLNÎMMËŒLÌÌNLMŽMMŒŽLNMMMLLLÌLÎKŒLNMÍÌŽMŽŽMN‚ŒM‹ËŒŒŒÌKŽNMLŽLMNÎNMKŒMÎNNLMÌÍLÍ‹ŽNMŒÌÎLŒLLNNÌÌËŒÌMŒŽMNŒLNLKŒŒÎMÌLÎNMŒLÌMËŒLMÍÍÍÎŒÍÍLL‚ŒM‹ËŒŒŒÌ‹ŽNÌNLŒNLÍÎLLÌKŒLNLMNLŽNMLŒLÍÎNMŒËŒMÌLLMLÌLÍLÍKŒLŒÌNLÍLËŒLLŒŒMŒMÍŒML‚ŒM‹ËŒŒŒÌËŽMÎLMŽMMÍŽLKŒÍÍMŒMMŒÍMŒ‹ŽNMŒÎLMÎLKŒNMÍŒÌÌŒËŒŒÎŒNÍÌŒŽMLÍKŒLMMLŽNÌ‚ŒM‹ËŒŒŒÍŽNÍÎMLŽKŒLNNMŒÌLNLËŽNMŒÌÍNÍÌËŒŽÎLMLŒNËŒMÍŽMMŒÌÍÌŒLŒÍMMÌŽÌŒŒM‹ËŒŒŒÍKŽNŒLNNLLŽMŽŒLÌLMÍŒLMÍLŽËŽNMŒÌÌÍMMŒÍLKŒMNMLŒŽMLNŒLMÌLÍÍÍŽMÎLNKŒLŒLMÍLMÌL‚ŒM‹ËŒŒŒÍ‹ŽNMÍÌÍLMMËŒÌNMMŒŒÌ‹ŽNMŒŒÍLÍŒÌÍŒNMÌLÍLKŒNŽLŽÌLÍLÍŒÍŒLŒÌNLNMŽNÌÎMBŒM‹ËŒŒŒÍËŽNLNLÎLÌÍŽŒÎMNLLMÌNNMLÍKŽNMLÌÌMÍLÍŒMLLŒÍÎMMMÌÍŒLNŒMÌŒŒÌŒÍËŒLMLÍŒÌŒLLÍLŒŒÂŒM‹ËŒŒŒÎŽNMÍNŒÍŽMŒŒMÍËŒMÍMÎMÍ‹ŽNMŒÎLÌŒLŒLÍÍŒŒÌMMÎLLÌÍŒÌÍŒMÌMLM‹ŒLŒÍŽLNNLŒÍÂŒM‹ËŒŒŒÎKŽNMNMŒÌÌÍŒMËŒLŒÍMMÍLLMÍLŽŽNMMŽMÎÍŽŒMNLLLŒËŒMNÌÌÍLÎM‹ŒLŒŽLÌÌÍŒMMLŒLÎŒM‹ËŒŒŒŽMÌLŒŒLŽMÎMKŒÍMLŽLÍMM‹ŽNMŒÌÌLÌÍKŒŽNLÍNNLÍMŒMLÌLMÍNNLÌLMM‹ŒLŒÌNMMMÌBŒM‹ËŒŒŒKŽMÎLÍÍŒLŒÍKŒLÍLÌMÎLËŽNMLLŒLŽMLLM‹ŒNMNMÍÍŒŒÌNMŒÎMÍL‹ŒLŒŽÎÍŽLÌÍŒM‹ËŒŒŒ‹ŽNLMMÍŒÎKŒLNMÍÌKŽNMNLÎLŽLŒËŒLŒÎÍÌŒŒÌL‹ŒMÌMÍŒŒŽŒKŒLÍÌŽŒÎBŒM‹ËŒŒŒËŽNMÍMLÍÎŒŒLMNLLÌËŽNMŒŒNLNLÌMNŒÍÎÎMŒŽNLM‹ŒNNNÌLŒÎŒNŒŽL‹ŒLŽÌÍMŒÎMLLÂŒM‹ËŒŒŒŽNÍÎMMÌÌLÌNMŽŒMŽLÍŽLÌÎ‹ŽNMMÍÍÌLÎKŒŒÌŒMNÍLLNMMKŒŒÌŽLLŒŒMËŒLŒÌLÍLMŒLÍŒÎNM‚ŒM‹ËŒŒŒKŽNŒÎŽÍŒÍŒŽMKŒLMMMNLLMŽMËŽNMŒŽLŒNNLŽMŒŽKŒÌÌÌNMŽNLML‹ŒMLMÌŒKŒLNNLÎMBŒM‹ËŒŒŒ‹ŽMÍÌLMLŒÍLŽNKŒLLNMMNŒMËŽNMŒŽMÌM‹ŒÌÌŒLÎËŒMLÍMŽLLÌNLŽŒLŒMŒNMÍNŒÍŽŒM‹ËŒŒŒËŽMÎŒNŽÍLËŒLÍMÌNMÌÌÌÎMKŽNMNLLMLŽMŽMKŒLÌÎMMN‹ŒŒŽMÌMŒLMÎLÌËŒLÌLLLMÎLŒLÍBŒM‹ËŒŒŒŽMNŒNLMMMÌŽMKŒŒÎMŒŒŒÍMËŽNMŒLMŒÌŒÌÌMÍËŒŒŽMLNMŽMKŒŽŽÎMŒÌMMËŒLÌŒŒLÌÍNMŒBŒM‹ËŒŒŒKKŒLMMÍÎNMMŽMÍKŒÎLÎLŽŒŒÎNKŽNMŽLÌŽÎÍŒŽŒÎLNNNMMLÍÍÌŒËŒÌÌŒMNNMÍLËŒLNNŒLÌÌŒŒÂŒM‹ËŒŒŒLŽNÍÍMMÍÌÎŒNMÌMŒŒLNMLŒÍŽNMŒÍÍŽLÍMMÌŒ‹ŒMŒŒNLŒÍŒ‹ŒMLÍLÌNMLÌNÎËŒLŒLMÍŽŽŒLÍŒMMÍŒM‹ËŒŒŒLKŽMÍŒÎÍNLMÍMŒLŒÍŒŒÍMŽMŽNMMMŽÍMÍËŒÍLMMŒMÌÌŒÌMËŒNÍŒÍŒŽÎLÍŒLÍÍÎÎÍÍLÌÂŒM‹ËŒŒŒL‹ŽNŒLŽŽMNKŒÌNLÌLLMËŽNMŒMÍÍMÍŒŒŒNŒÎLLÌÌMŒÌÎKŒÍLLMNLMMKŒLMÌLMÎMÎNLLNŒM‹ËŒŒŒLËŽNÌŒÎNÍÍLÌÌŒ‹ŒŽÍMŽÌLNNNŽNMLÍŽMMLLŽŒŒLMÎLŒÍÌŒNLÍŽÍMLKŒLŒÌNMÍŽÌÌÍÂŒM‹ËŒŒŒMŽNNLLŽLLÌKŒNLÍÌMMNLÍ‹ŽNMNÌNMŒŒÌNLKŒÍNLLŒÎNMKŒMŽNÎLMÌLÌËŒLMNMŒLLÍNÎLBŒM‹ËŒŒŒMKŽNMŒNNLÎKŒÎŒMÍŒÍLÎKŽNMLŒŽŒNLËŒNÌLLŒLLÍKŒŒÌLLÍLŒNŒŒŒ‹ŒLNMŽLNÍŒÂŒM‹ËŒŒŒM‹ŽNÍLLMÎÍLMKŒLÍÌÌNNŒŒ‹ŽNMMÌMLLLÍŒLŒŽÎLÍÌKŒŽMMÍÌÍNMLŒMKŒLŽÎNMLÎNNLL‚ŒM‹ËŒŒŒMËŽMÍNMŽÌŽNËŒMÌÌÌŽMNÌÌËŽNMŒNLNMÌÌÎÌÌËŒÍŒÍLMLMLMŒŽÍÍŒMŒLKŒLNMMLŽÌÌÌÍŒM‹ËŒŒŒNŽNMLMÌÌÌŒËŒÌÌÍÍÎNLÍMKŽNMŒLŒNMÍÌLLKŒLŒÎLLŒÌMŒŒLŒÍŒÌNMŽMËŒLŒŒŽŽÍMLŒM‹ËŒŒŒNKŽNÎMÍŽÍNŒŒ‹ŒMMNMMŽNLKŽNMŒÍMŒMNLŒÌËŒÍÌMÍŒŒŒÌNNLÍKŒŒÌNLŒŽLŒÍLÍLËŒLŒŒMŒÎŽLÌŒÂŒM‹ËŒŒŒŒŽMÎMŒNLLŒŒÎKŒLÎNŒLÌLLÌÌ‹ŽNMMŽMŽLLŒNKŒŒÎMNMŽLÎNKŒMMŒMÎMMLLÍMÌMËŒLŽLLÍÌMŽÍMM‚ŒM‹ËŒŒŒŒKŽNLÌÌŽLÌŽMŒLËŒLÍŽLÌÎMÌMNŽNMŽMNLÎLKŒŒNÌMÌŒŽKŒMÌNMŽMŒMÎMÍËŒLMŽMÍÍŒÌÎLŽŒM‹ËŒŒŒŒ‹ŽMÍÍMÎÌŒÌKŒÌMÎNMLNLMKŽNMŒÍŽMÎLÍŒNŒÌMÌMÌÌÎMÍÍÎMŒMŒÍMŒÌMKŒLNMLLÌÎL‚ŒM‹ËŒŒŒŒËŽMÍNMMŒŒÍNNKŒLŽÎLMÎNŒLKŽNMŒÍÌLLŒÎNLKŒNMŒŒNLMMÎ‹ŒNMÍÍLÌÌNNLKŒLNÎŒÌÌŽLÌMÌLBŒM‹ËŒŒŒŽNMLMÌMÍNLMŽLKŒÍMÌÍMŒMÌMËŽNMÌÍŽÍÍLLÍ‹ŒÍŒŽŒMÌLÌ‹ŒLÌÎMŽLMÌÍMŽNŒLNLÌÎÌÌMŒ‚ŒM‹ËŒŒŒKŽNLÍŒÌMMŒ‹ŒLŒŒÎMŽŽNMÌŽNMLŒLŒÍŒÌLKŒLÍMLÌNMMŒNLÌLÍLMÍ‹ŒMŒMNÎLŽNLM‚ŒM‹ËŒŒŒ‹ŽMÍLLMKŒÍÌÌÌÍLLŽËŽNMŽNÎÎLŒLLŒŒÎÌÍÍLÌŽLÍŽLŒÍ‹ŒMÎLMLÍŒŒŒ‹ŒLLŒÍLÌMŒNNNBŒM‹ËŒŒŒËŽNŒNLMÍMNKŒLLNLÌMLMËŽNMNNŒÌÌMLÍ‹ŒMÍÌNLÍŽLÍŽKŒMLŽMLŽÌNLŽËŒLŒMÍMLMLŒÂŒM‹ËŒŒŒŽŽNNŒŽLLŒÎŒLMÌŒÎNŽNMÍŽLÌŽŒÍÌKŒÌÌÌŒÍMÌMËŒMMŽNÌŽÌMËŒLŒÎMMÎÌLÎBŒM‹ËŒŒŒŽKŽMÌÍLNNÌMMŒMLÍŒŽNLŽL‹ŽNMLÎMLŽNNL‹ŒÎNŽLÎNLÍ‹ŒÍLLŽŽLŽLNMNKŒLŽMŽNLÌÎMÎÂŒM‹ËŒŒŒÌKŒLLÍŽLMŒMŒNÎLLÍŽLKŽNMMŒÌÌMÌKŒŒÎLÌMŒÍNMËŒLÌŽLÍÍÌŽMÎMÎKŒLŒLMMÍŒŽMÌŒÍÂŒM‹ËŒŒŒÌKŽMÌÎNÌNNŒŽNNŒNMLNMŒŒNÍMMKŽNMLÌÍÌÌMÍŽMÍ‹ŒŽŒMÍNLLŽMËŒMÌLÍÌÌŒŒKŒLÌÌŒMÎNÍ‚ŒM‹ËŒŒŒÌ‹ŽNMÎMÌNLÌŒMÍKŒÎŽMÌMŒŽNMŽLŒÎÍÌÎNMŒÎLŒNÍÎMŒLLËŒLÍNÌMÌÎLÌNŒLMŒŽMŒLÍŒM‹ËŒŒŒÌËŽNNMÍMÌNÍL‹ŒŒÌÍÌLŒÍ‹ŽNMŒŒLŒŽMÍMÌŒ‹ŒÍMNNÍŒÌÌÌËŒNLÍMMLNLLŒŽËŒLMMÍMÌÎLMÌÌÍLBŒM‹ËŒŒŒÍŽMÍÌÌMMMŒÌMÌLŽKŒLÍŒÎNMLNM‹ŽNMNMÌŒÌŒNMÍ‹ŒLŽLŒŒMLNLËŒMÍÍLÌÎÌŽÍNÌËŒLÌÎÍÎÌÌMÎMŒL‚ŒM‹ËŒŒŒÍKŽNÌŽLÌLŒKŒÍMÎÌÍÌNLLŒLKŽNMNMÌMMÌMÍÍM‹ŒMÍŒMÌÌLKŒŒMMŒÎŒÎNËŒLMÍLMÍÍŽMNŒM‹ËŒŒŒÍ‹ŽNLŒÌLNŒÍMŒNM‹ŒÎMŒMÎMLŒ‹ŽNMŽLLÎÌŒŒÌLÌÍËŒÎLÌLLŒÌÎKŒLLMŽLNNLMMÌÍŒËŒLLMNNMÌŒLÌÂŒM‹ËŒŒŒÍËŽMÍMNNMLŒŒŒÌÍŒNLNŒLÌÌŽMÌKŽNMÍLMLKŒŒŽÌŒÌÎNLÌÍ‹ŒLMÍNLÍÍMÎMKŒLNLÍMŒÎMŽBŒM‹ËŒŒŒÎŽNLÍŒLÍÍMMŒÌÍNKŒMÍÌMMMÌŒLÎŽNMŒLÌŒLŒÍKŒÎMÍÍLNLÍMÌ‹ŒLÍŒÌÍŒÍŒŽËŒLMLŒÎLÌM‚ŒM‹ËŒŒŒÎKŽNÍLŒLŒÌLKŒLLÌÎNMŒNLÎKŽNMŒÍÌNÍ‹ŒLLÍÎÌMŒŽLKŒŒÍŒMŒÌNLÌÎ‹ŒLÍLŒLLLMŒM‹ËŒŒŒŽNÎMMNNMŒNNMMŒNMN‹ŽNMÌÌŒÍÌŒNŒÎNNMLMLÍ‹ŒMNÌÌÎMÍŽÎM‹ŒLMMÍÌNMMLLLÌLNBŒM‹ËŒŒŒKŽNLÍMÌÍMŒLÎËŒNÍÍLÌÌŒMMKŽNMLMÌÍLMMMŒNKŒLLŽMÎMÍËŒŒMMMÍÌLŒMMŒÍLMÍÎLÌÍÂŒM‹ËŒŒŒ‹ŽMŽMMŒLNLÍÎMÌËŒMŒLLÎLÌLÎM‹ŽNMMÍŽLÍLŒÌMËŒŒLŽÎLŒLNLŽKŒŒLMŽLMLNMLŒŒLÎKŒLŽŒŒŽMŽLÌMÍNŒM‹ËŒŒŒËŽMÌÍÌŒNLÍŽÍËŒŒÎLÌMÌLÍËŽNMLÌLÍŒNNMŒÍKŒMÍÌLNLÍŒÌ‹ŒŒÍLMMMŽÍMLŒLMÌÍÌŒÎŽMÂŒM‹ËŒŒŒŽNMÍLLNÍÌÎMŒMŒNNLÌNLŽLŽML‹ŽNMŒÌÍÍMMÍŽKŒÎLÍŽNLÍNLÍLËŒMŒŒLLLMŒÌŒÎL‹ŒLLÌÎŒNÍLÂŒM‹ËŒŒŒKŽMŽNNÍMNÎLËŒLMÌŽÍÎÎLMŽNMMLLÌŒMNMKŒÌÍÍÌNMŽŒÌŒMÍNNŽL‹ŒLÍÎÌLÍŽMŽŒM‹ËŒŒŒ‹ŽNLMNNLLLNLMLŒLLÎLLÍKŽNMŒÍMMÌÌÌKŒŒÍMŒNŒLLÍMKŒŒÍŒMLMÎNMM‹ŒLŒÍLÌÎLLÎNBŒM‹ËŒŒŒËŽNMLLÍÌNMLLNÎKŒÍÎMNLÌÌNŒŽNMNMÍNLŒLLËŒÍÎMŒLLŽNL‹ŒMÍLNNNLLÌMÍMŒLLNÌLŒLLNNMÍBŒM‹ËŒŒŒŽNMLLLÌNLMŒÎŒLÍŽÎMLL‹ŽNMŒLMNNLŽMŒÍŒŽMÌMNMLM‹ŒŒLMÍMŒŽMŒŽLLLMËŒLÌNMÍŒŒNŒLLNÂŒM‹ËŒŒŒKŽNLŒMMŽLLMLËŒÌMÌNLÎMÌŒKŽNMŒMÎMNLLLKŒÌMLÎLLŽKŒLŒÍŽLÍLŽMNŒLŒÍMLŽMÍLBŒM‹ËŒŒŒLŽNMLÎLÎMŒMMMÌKŒÎÎŽŒLÎËŽNMŽLLÎMŒMŒMÎKŒÎLÍLÎNÍLŒÍÎLÌMŒNÌŒNLMÍÎŒLÍÍŒLÍÍŒMLŒÂŒM‹ËŒŒŒLKŽNMÎŽLMLÍNŒÍŒŒŒŒŽMLŒÌNM‹ŽNMŽMLLLŒÍÍŒÌËŒÎLMMLÍŒŒLËŒMNMÍÌÌŽÍLŽËŒLÍNNLNÌNLÎMLÂŒM‹ËŒŒŒL‹ŽNÍNLŽÍMŒŽKŒMLNMNMLÍÍÌÎKŽNMMLNMNLNMM‹ŒÌÌÍŒÎMNLMLNM‹ŒÌÍŒÍÎLLLÍL‹ŒLÌMÍÎMLŒÌŽLŽL‚ŒM‹ËŒŒŒLËŽMÌLÌMNNMMLÍËŒMLLLÌÌMNLËŽNMMMÌNMÎLMŒÌMLŽLNLÎNM‹ŒÌLÌMÍMLNMËŒLÌLÌŒNLÍÎÌMÂŒM‹ËŒŒŒMŽNLÍMÌŒŒMÍMÎLËŒÎÌÍÌÎLMÎKŽNMMÌŽNLMŒËŒMMMNŒŽŒLÌÌŒNLLMMÌŒLMNMLŒMLLLL‚ŒM‹ËŒŒŒMKŽMÍNNÌÌLÍLKŒLŒÍNÌŒML‹ŽNMŒŒÌÎLÌNÍŒŒMKŒÌÎLÎMÎNLMNNŒNLLNÎŽMÎMŽŒLŒŒÌLÌLŽNLNÌŽBŒM‹ËŒŒŒM‹ŽNLNLÎLÎLÍLÍKŒLLÍÌÎŽNÎNŽNMŒŒŒÍNLKŒÍÌLŒÎMLNMŽMŒMŽNLŒLŒÎMÍMÍŒLÌÍMÍLŽLŒBŒM‹ËŒŒŒMËŽNŒŽLNMNÍŒÎNÌNŽLÌŒMÌÎŽNMŽLÍŒMÌŒMÌÎLËŒÎLLÎMÌNÍMŒKŒMÍÎNMLŒÎŒLMÍŽLÌÌÌÍLÌMŒM‹ËŒŒŒNŽMÌMÍLMŽMŒMÌÍŒMÌŒMLÌÍÍŒLËŽNMMÌŒLŒMŒŽMÎÍMM‹ŒMNMLMMÍMNLËŒLÌÎMŒMNNNÌMŽŒM‹ËŒŒŒNKŽNLÎNÌLŽNŒMÎMLMËŽNMŒNÍÍÍLËŒÍŽŒLŒŒMÌMÍ‹ŒMÍNMÌLÍŒNNLKŒLŒLNLMLÍMŒÍMÂŒM‹ËŒŒLKŒŒNLÍLNÍŒÎLNÌŒLÍÍŒÎL‹ŽNNLŽÎMŽŒMLÍ‹ŒNÎMÌÌLÌÍKŒÌŒLŒNMŽNLKŒMMNLÎLÍMLŽMŒM‹ËŒŒLKŽNMÍMLŒLŽMÎŒËŒÎNMÍLŒMŒŒKŽNNLŒMÍŒÌMËŒNNNNNÌMÎÎKŒŒÌÎNLÌMŽNMËŒLÌNLMŒLŽMNÍŒM‹ËŒŒL‹KŒLLÌÌÌMŒÌŒÍŒNÍLÎMŒ‹ŽNNLÍŒÍÎMMNMÍL‹ŒNLŒLÌMŒÌŒŽMÌ‹ŒÍMMMLÌMNŒËŒMMNLŒÍÌLÂŒM‹ËŒŒLËŽNLÌLMÌÎLMMŒÌLLÍŒMLŒŽNNLŒNNNÌNMËŒNMÍMŒMŒLÌŒKŒMÎŒÍÍÎËŒMÎLŒLÌÍNÍŒM‹ËŒŒLŽNMŽŒMŒÎMÎŒÎŽLÍLÍŒ‹ŽNNLLNÌÍKŒNLNNMNLÍÍKŒÍLMÌNMÍMMNMŒLLMÍŒÂŒM‹ËŒŒLKKŒLÍŽMNMÍŒÌ‹ŒŽMNLÌLŒLÌŽËŽNNLLMŒÍŒMŽL‹ŒŒLNMMLMÌËŒNNLMÍNNMMÌKŒMÍMŒÌŽBŒM‹ËŒŒL‹ŽNMÍMMÍMNŒÍÍLLÍÍÌÎLKŽNNLŽNLLÍŽLMÍËŒNLLŒMNLMŒŽLŽL‹ŒÎLÎLŒMÌLŒMÎLÌNŽMŒM‹ËŒŒLËŽNLMŒÍŒLŒMKŒÎNLLÌÎMŽNNLMÌLŒŒNÌMËŒŒÍLLÍNMLÌŒŒMNÌNÌŒKŒŒLMÌLÍÌÍLMŒM‹ËŒŒLŽNMMMÌÍLÎNLLÌÌKŒÎMÌLŒLÌÎŒÍÍ‹ŽNNLMÍMMÌÌÍŒŽMŒMËŒŒÌÌÍÌMÍÍ‹ŒLÌÍŽLMÌÎLKŒLŒÎLLNLLÍŽLŽÎŒM‹ËŒŒLKŽNNŽMÎLËŒÍÌLÌÍÍMÍŒLËŽNNLÌŒÍÌLÍŽÍËŒNÎLNMŽLNNNMËŒMÍLŒŒMŒÌKŒLŒLMÌÌLÌÍŒLBŒM‹ËŒŒLLŽNMNMÌNMÍL‹ŒÍŽÎMMMŒÎLÍÎM‹ŽNNLÌÌÍÍLMKŒNÍMÌÍŒŽÌŽŒÌMLÌMMKŒMNMNMÍÌMBŒM‹ËŒŒLLKŽNMÎMŽLÌÍMŒÎLKŒÍÌMÎÎMNLLÌKŽNNLÌŽLLLËŒNÌÌMŽŒÍŒÍËŒÌÌŒLÌÌŽŒLÍËŒLÍMŽÎMŒNMŒM‹ËŒŒLL‹ŽNMŒŒMÎMŒÎLLÌÍÍLÌÌÌÌMMKŽNNLŒÌÌŒŽÌÌMŒKŒNMNŽLLŒŒLÌÍËŒÎNŽMŒŒMËŒNÌÌŽMÍÍÌLBŒM‹ËŒŒLLËŽNMMMMÍÌŒÎMŒNKŒÎMÌÎLŒÌNMMÍÎŽNNLŒÌÌÍLMŒ‹ŒNMNLÎLNÌËŒMLŽLÌÍMÍÍŒNLÎÌÌÍNMÍBŒM‹ËŒŒLMŽNNLMLMMLŒŒNMNKŒNÍLLÌMLÎŽNNLMMLŽMMMKŒŒŽMÍÍŒÍLMŒÍKŒLLÍÍÍÍLŽML‹ŒMÍŒNMMŒLŒNÍ‚ŒM‹ËŒŒLMKKŒMÌÌNÌÌÍNMÍŒÍÍÌMŽŒLNLÍŽNNLŽMNLMLLÍËŒNÎMÍÎMNL‹ŒLÌÌMÌÌNÌÎKŒLNLÍŽMLÎLÎŒM‹ËŒŒLM‹ŽNLÎŒÍÌMMÍMÍ‹ŒÎNLMÍŒLNNÍÎŽNNLNMÌMŽÌÍÌNŒŒÍLÍMÎÌÌÍ‹ŒŒNMÍLÌLLÌKŒMLÎNNLLÌÌÍŒÍBŒM‹ËŒŒLMËŽNMÌÎÎLŒŒMËŒMMÌLNMŽŒËŽNNLNÎNŽMŒŒLŒÌLMLŒÍŽMŒŽMMŽNNLÍMLŒŒÍ‹ŒMÍÎŽMŒNŽNBŒM‹ËŒŒLNŽNMMÍŽMMLŒÎKŒÍÍMŒNLŽÍNMÌMÍ‹ŽNNLÌLNLÍÎLLÍKŒNŽLŒÍMÌLŒMÎŒÌÌŒLMÍÌNMŒMLMÌÍÍÌNMÍŒŒM‹ËŒŒLNKKŒŒLÌÍLŒÍËŒÍÍŒMÍLNŒŽNNLÎLÌLMMÌM‹ŒNNLÌŽÌŒMMÍÎMŒÌNLNMŒÌMKŒLÌMŒÎMŒÌ‚ŒM‹ËŒŒLŒŽNNŽLÍÎMËŒÎMNNLNÎÍ‹ŽNNLÍMMŒÌM‹ŒNMÎLLŒÌŒÎŒLLLLMLŒMM‹ŒLÍÌŒŒNMÌLÍŒBŒM‹ËŒŒLŒKŽNMMMMMLLMÎŒMMNÌMNNËŽNNLMÎLMÎNÍLŒËŒŒLŒÍÍÌŒMŒLM‹ŒŒÍÍLLNLNLNNŒNMLNMMLÍLMM‚ŒM‹ËŒŒLŒ‹ŽNLMŒŒMLLŒLŒKŒÍÍMLNŽNLLKŽNNLŒŒŒŒŒÍMLÌKŒNMÌŒLMÎLLŒMLŒŒÌŒÌNLŒŒÌÌKŒMÍŒŽMÌMÎÎNBŒM‹ËŒŒLŒËŽNNLÎÌÍŒŒ‹ŒÍLÍÍÍÎÌŽML‹ŽNNLÌÌÌÌMLMMËŒNŽNMLÌŽÎNËŒMŒNNMMÌŒËŒLNŽÌÍÍÍBŒM‹ËŒŒLKŒMLÎLMŒLÎLÍÌLŽLMÌM‹ŽNNLMÍŒNMÍNLÎKŒŒŽMÍLÍÍŽLÍ‹ŒŒŒÍLŒÌÌÍMÌÍNMMKŒMÍNMMMÌŒÌLŽMÎMŒM‹ËŒŒLKKŒMŒÌŽLÎŒÌÍLŒÌÌNLMŒÌÌKŽNNMÍÎMÍŒMŒMMLÍNLLŒÎŒLÎLÍÍMLŒÌMNŒMÎMÌŒNMÍÍÌŒŒŒ‚ŒM‹ËŒŒL‹ŽNMÌÌNÌLÌŽMŒNLÌMLMMÌËŽNNLMÌŒLÍÌŒËŒŒÍNLÌŒÌÌMËŒLÌNŒËŒMMÌÎMMŒLL‚ŒM‹ËŒŒLËŽNMLŽMNNMMNËŒÎMŒÍÌÍÍŽMÍËŽNNLŒÍÍŒÎMLLLKŒNMNÌÌÎLÌŒKŒÎMŒÎMŽMŒLÌÎLÎMÎMÍÍNNMMBŒM‹ËŒŒLŽKŒNMÌŒÎLLÍKŒÍMÌÌŒÎÍŒKŽNNLÍÎLÌÍŒMÍÍÎMLLMNLŒMŒLŒÌNMMÎLLŒÍÍLËŒLÍÌÍÍŒÎMMBŒM‹ËŒŒLŽKKŒLLÍŽNŒÍÎLÍMŽLŒMLMÍÎMKŽNNLŒÌMMÌNNLLKŒNMŒMÎLMLÍKŒŽLÌMÎMÎMÍŒNŒLMÌNLÌŒÎMÌBŒM‹ËŒŒLÌŽNLÍLNÌMŽÍÎLLËŒÍÎMŒÌŒLŒÎMÌÍŽNNLNNLÌÎLÌKŒNLŒÍÎLÎŽMŒMŽLŽMŒÌNLLËŒLÎÍMNLÎÎMM‚ŒM‹ËŒŒLÌKŽNNNMÍÍŽÎNLËŒÌLÌNMKŽNNLŒMÎÍŒÌÌMÌËŒNMÍÍMÎLÎMÍËŒÎÍLŽŽLŒMNMLŽMŽMŒM‹ËŒŒLÌ‹KŒÍLÍÌLÌLËŒÍŒÍŒNMÍMŒÍÍËŽNNLŽŒNM‹ŒNNNMÌÎŒÍÍËŒÍNLÍÍMŽÍLÌÍŒLŒMÎÌMMMÂŒM‹ËŒŒLÌËŽNMLÌŒŒŒÍŒŒÍMŒMMŒÌM‹ŽNNLÍMMŽLÍËŒNLÌÍŒŽLMÌ‹ŒÎNLÌŒÍŽLÍÍÍNMKŒMLÍÎMÎLÍÌ‚ŒM‹ËŒŒLÍKŒÎMÌÎÌŽLÌKŒÍÎŒÌLÍÌNLKŽNNLŒÌMNŽMKŒNMŒLÌÎNLÌÍŒÍMÎLÍÌÌŒML‹ŒLÌÍLMŒÍÍÎŒM‹ËŒŒLÍKŽNNLÍŽMMÍÌKŒÎLLLÎMŒŒNLŽŽNNLŽLLŒM‹ŒNŽLŒLÎLÎMÌËŒLÌLÍÍNMNL‹ŒLNMÎÍÍÌÍÍÎLÌÂŒM‹ËŒŒLÍ‹KŒŒMLŒÌŒLKŒÍÎÍŽNMÍMŒËŽNNLŒNMMÍLÍÍŒËŒNLŒNLLÍÌLŒÍËŒLLŒÌŒŒŒMNLKŒMLLLÍÌÍŽLÎNŒM‹ËŒŒLÍËKŒÌÍŒŒMŒŒKŒÍÍŒLŒLÌNL‹ŽNNLÌŽMÎMÍNKŒNÌMÍÌŒŒMNÍËŒMNLNLMÌLÍLMŒŒÌKŒLLÎNŒMÍÌÌÍMBŒM‹ËŒŒLÎŽNNÍÍÌÍÎÍÍÎŒÍMÍLLÌÌÍNM‹ŽNNLÍMÍLŒÍMŽÌMKŒMÎLŒÌLNMNMŒÎLÍËŒŒMŽÎLMŽNŒËŒLNMŒŽŽNMNŒM‹ËŒŒLÎKŽNMLÍLLLÌÎNKŒÍŽNŒÌLLNŽNNLÌLLLÌLLËŒNMŽÌŒÌMÌÌŽŒLLÍLLLÌÍŒÎLMŒLMŒÌŒÌŒMÌM‚ŒM‹ËŒŒLŽNMMÌÍLMŒŒÌNKŒÍLÌMLLÍÍËŽNNLŒÍMÌLÍÍLŒNMMÌLÌÍŒÍŽKŒMMLÌÍÌMKŒLÎMÌÍÌŒMÎMMŒŒMŒM‹ËŒŒLKŽNMMÌNŽNÌŒ‹ŒÎMÌÍÌŒŽÎKŽNNLŒŒŒÍ‹ŒNLÎLŽŒŒLŒKŒMÌŒLMÌNÍŒËŒMÍŽLÍLLLÌÍŒM‹ËŒŒL‹ŽNNÎLÍÌÍMMÌMÎŒÌLŒÍŒÌMMÍŽMKŽNNLNMÍŒNLËŒŒŽLŒŽŒÍŒŒŒŒÍLŽŒNMMLÍ‹ŒMŒÎLÍÌÍÍŒN‚ŒM‹ËŒŒLËŽNMMMMNÍLŽLNŒMŒLÌMŒÎL‹ŽNNLÍŽNLŽNMŒŒNMŽLÌNMMÌLÍŒLLLÎMÍŽMÌMÍM‹ŒNMMŒMMÌÌ‚ŒM‹ËŒŒLKŒŒLÍÍLÎÌËŒÍÍNŒŒMMŒŽLKŽNNLÌNŽML‹ŒNMNŒLMŽÌËŒŽÌLÍLÌÎÌKŒMMÌÎNÎMMMBŒM‹ËŒŒLKŽNMÍLLLLÍÍËŒÎMŒÌÍŽLÌÌÍLËŽNNLNLÎMÎMMŒNÎŒŒÍMMMÎŒÌÎNKŒÌÎNNMÌNLMŒŒKŒMÍÌÍLLLŒM‚ŒM‹ËŒŒL‹ŽNLLŽLÌLLŒÍŒÎÎNNMÌLŽÌLÌÌM‹ŽNNLÎÌÍÍMŒNNLÌLMÎLMMKŒNNNLÌNŒÎLLMÍŒLŒÎMLMLÂŒM‹ËŒŒLËŽNMMŒMÎLÌÍMËŒÍÎMÍŽMŽLÌLLÌKŽNNLÍŽLMMLŽŒMÍÍŒÎŒNMÍŒÌËŒLMMŒŒÌÍÌNLËŒLÍMMLMŒŒÎNLÂŒM‹ËŒŒLŽNLÌÍÌMÌŽLÎ‹ŒÍLÍÌÎMŽMLÌÌŒKŽNNLŒNŒLMÌŒLÍËŒNMÍNNLÍLMKŒMLÍÍŽLNLÎLÍMÌŒMŒÎMNÌMLŒBŒM‹ËŒŒLKŽNNŒŽÌLÌKŒÎMLÌŽMÌMLŒLKŽNNLŒLLŽMÌÌŒ‹ŒNNŒLMLÍLÍÌMŒNLÌÎŽLŽLKŒMŒMNŒŒŽMŒM‹ËŒŒLLŽNMÌMŽÌÌÌÌŒ‹ŒÎLNNÌMLKŽNNLŒŒÌÌŽNNNLMÌKŒNMÌŒŒMÌÌMŒŒÌŽNÍLMMM‹ŒNÎNLLŒÍÎMŒM‹ËŒŒLLKŽNLLŒŒLŽLLLËŒÎMÌŒNNNNMLŒKŽNNLŒNLMÍÍÎMLÍËŒNMÍNŒÍMMMKŒÎÎLŒLLMNNŒMŽÌMÌŒMMŒBŒM‹ËŒŒLL‹ŽNLŒÍŒLMŒÍLNLMŽNLŒŒŽNNLÍLÎMÌÍÍÎKŒNMÌLŒNNLKŒLŽNNÌŒNLËŒLŽÍMNÌBŒM‹ËŒŒLLËŽNNMNLLMÍMMLMKŒÍNŒNLMÌMNNMŽ‹ŽNNLÍÌÌŽLMÍMMMÍNŒMÍÌNLLŽLLMÌLËŒÍLÍMNLMMNKŒNNLMÎLÌÍLMÍ‚ŒM‹ËŒŒLMŽNNMMLŒÍŒMLËŒÎMÍLMÌŽNLËŽNNLŽNÌMLŒÍMKŒNLLÌŒMMNŒËŒÍNMŒŒLÍMŒMMNLMŒÍÌNLŒÌNBŒM‹ËŒŒLMKŽNMÌMÌNÎÌËŒÎLÍÌLŒÌŒLÌMÍ‹ŽNNLŒÍMNLÍŒKŒNMMLŒŒÍÍÍMM‹ŒLÍÍŽŒÌMLLÌËŒMŒMMÌLMÎŒM‹ËŒŒLM‹ŽNLLÌÍMŒÎLLÎLËŒÌLNMÍÌÍKŽNNLMLMŽÌLLŒKŒŒŒÍÎNLMLMŽŒÌÌMŽÍM‹ŒNMÌÍŒÌMMLŒM‹ËŒŒLMËŽNÌŒMÎÍÍMËŒÍLLÍNMÍÌÌKŽNNLÍÌNLMŒMÍ‹ŒMÍÍMMLLÌÌÍŒŽËŒLMÍMNLÎLMÌ‹ŒNNÍÍNŒNLÌLMŒBŒM‹ËŒŒLNŽNLMLŒMÌMÌMÍËŒÎLŒMŒŒŒÎÌMŽNNLÎMÍÌ‹ŒNLMÎMMNMÍÌËŒLÌMÍŒÌM‹ŒMÎMÍMÌM‚ŒM‹ËŒŒLNKŽNMŒŒLLLMLŽLMNMŒLLÍÍŽŒLÌLNMÍŽNNLŒMÍNL‹ŒNNŒÎMÌÌMŒKŒÌÌLÌŒLNNMŒMŒ‹ŒŒMÍÍLŒŽMŒM‹ËŒŒLŒŽNMÍLÍŽMÍŽNML‹ŒÍÍÍMÍÍNMÎMMÍÍMKŽNNLÎMMŒÎŒNNLMLML‹ŒÍMŒŒLNŒÌÌÌ‹ŒMLNMŒMÌŒNNLÎMBŒM‹ËŒŒLŒKŽNNŒLLÌÎMNLÍMËŒÍNLLMMÌNKŽNNLŽMLŒÍŒNKŒNMÎLÍLMËŒÌMNLNŒÌÍÌŒMMKŒLÍÍŒMŒŽŒLMÌÂŒM‹ËŒŒLŒ‹ŽNLÌLÌÌÎLŒŒMŒÍMÌNNÍLÌNËŽNNLÌLLLMMÌŒMŽNKŒNMŒMLÎLŒÎŒÌÍÍMMÍÍMÌ‹ŒLLMLÎNBŒM‹ËŒŒLŒËKŒÌŒMLŒLŒNKŒÍÍÌMMŒŽLNMLMŽNNLÍNMÍLLŒŒËŒNLLÍŒÎLÌÍÍNLŽNŒNLLÎMLMŒÎNLËŒMÍNNŒMŒM‹ËŒŒLŽNNMLLNŽŒÍNMLMÌLÌÎÌMËŽNNLÌÍÍÌÌLMŒŽLËŒNNMÍNLÌÍLM‹ŒŒLLÎNLŽMÌ‹ŒMMŽMLMŒMMÍÂŒM‹ËŒŒLKŽNNÌMŒÍŽMŒŒÍŒLNNLËŽNNLÍNLNLÍÌMŒŒNMÌŽLMLNMŒLÍLŒMÍLMÎM‹ŒMŽLÍŒŒ‚ŒM‹ËŒŒL‹ŽNMMÍLÎLMÎKŒÎNLÌÎŒŒMÍŒLKŽNNLÌÍMLLÎLŒÍKŒNŒÎMÌÍÎMÌÍKŒÎLLŒÍÎŒMŒMÌÍÌÍMMMMBŒM‹ËŒŒLËŽNNLŒŒÌŒÎMÎŒÎLLÌŒÌLŽÎŽNNLŒLLÍŒNNŒŒMÌÌLLŒMKŒLŒNMÎLLMÎMLM‹ŒMŒÎNLÎMLŽMM‚ŒM‹ËŒŒLŽŽNÍLLMŒLKŒÍÍLÍŒLLÍŒÍNMÌ‹ŽNNLLLŒËŒNMÍÌNÌNŒMMNLLNMLLMŒMLÍŒÎLNMLM‚ŒM‹ËŒŒLŽKŽNLLLÍMŒÍLÌ‹ŒMLŽMÎMMMMŽŽNNLMÎMŒÌÍŒŽLŒŒLÌÌÎMÍÌKŒÎŽMÍNÍLÎMŒMLŽLÎÍMŽBŒM‹ËŒŒLÌKŒLLÍMÌŒŒLËŒLLMÍMLÎMLKŽNNLNNŒÌNMÌ‹ŒŒMÌLMÌÌŒMLŒ‹ŒLÍMÌÌLLËŒMLMÍNNLÌLŽMÎM‚ŒM‹ËŒŒLÌKŽNMÍÎNMŒLMÍŒÎNMÌŽÌNŒŒËŽNNLŒŽÍÍŒNMKŒNNNLMLLÍMNL‹ŒÎÍLMMŒMŒLL‹ŒMŒÎÌÍMŽMÂŒM‹ËŒŒLÌ‹ŽNMŒŒŽNLÎMLÍÎLËŒÎLÍNLÎLÎLŽŽNNLŒÌŒÎLŒNLÍ‹ŒNMNLMMLMÍÍŒÎÎMNLŽMLÎKŒMMÍMÍM‚ŒM‹ËŒŒLÌËŽNMÌLÎÍÎLLL‹ŒÌMLLÍÌÌŒKŽNNLLÌÍLÍÌŒŒÍLM‹ŒŒÌÌLŽLŽMÌLÍMÌ‹ŒÌMMŽNNLŽLMKŒÍMMÌL‚ŒM‹ËŒŒLÍŽNLŒŒŒLŒMŒNŒÎNÌÍÎMÌÍÌKŽNNLNÍÌLMMMMKŒŒMÌÌŽLÌŒËŒLÌLNLMŒÌNMÌKŒMÌÌNLMNMŒNN‚ŒM‹ËŒŒLÍKŽNNŽLMÍÎMÍÍÌ‹ŒÍÌMLŽMŽMMÌLMKŽNNLÌMNÍLNŒNLMÌLLÍÍLÍLÍ‹ŒMMÎŒMŽŽÍLŒŽKŒMMŒLÎÍŒÌBŒM‹ËŒŒLÍ‹KŒMLŒÎNŒÍMMLŽNMÍŽŽNNLÌŒÌÍÍÍŒÍKŒNÎLÌŽÎÍMŒÍMÍLŽNNMÎNŒLÍŽLNMŒÌNLBŒM‹ËŒŒLÍËŽNLŒÌÌLŒÌLÌŒËŒÍÌÌLÌŽÍŒNMŒKŽNNLŽLLMMLÍKŒNŽMÍÍMÍŒLMMKŒÍÍLÌŽMÍMÍKŒLÌNMÌÎLŒÍLÌÂŒM‹ËŒŒLÎŽNNMÎÍÌÌÍNŒÎMŽMŽLLNMMM‹ŽNNLŒŒLÌŒÌKŒNMÌÌMŒŒMÎLÌKŒLŒÍŒLNLŽLÎŒŒËŒMNMMMMLM‚ŒM‹ËŒŒLÎKKŒLNMÎLÌŽKŒŒMÍNŽNKŽNNLÌŽLŒÍL‹ŒŒMLNNMLÌLŒŒÍÍÍŒLÌNŽLÌÍÌŒÍÌLËŒMÌNNLÍÌLŽ‚ŒM‹ËŒŒLŽNLÎNLMMÌMMKŒNLÍŒÍÎMMÍMÌKŽNNLMMŒŒŒÌLMÌËŒŒLÎNLŒÌMNŽŒNŒMMŽNMLMLL‹ŒMÍMLLŒMÌMLMŒM‹ËŒŒLKŽNMŒŽÌŽÌLÍNŒMMÎÌMÍŒKŽNNLMMÎMÍËŒŒLŒMÌÌÌLMŒÎLÍ‹ŒNÌÌÎŒMŒŒŒLŒËŒNMNNLÍLLŽÍBŒM‹ËŒŒL‹ŽNLÌÎNMMMŒÍÍÌÎMŒÍŒLÌÎŒMŽ‹ŽNNLÎLNÍÍMMŒMÍÍÌÍLLŒMÎMÌŒNŒNÎMŒMÍLŒLMMÌÌÌNŒM‹ËŒŒLËŽNMÍNMÌŽLMÍKŒÍÍÍMÎMÌÎLÌÎKŽNNLŽLNŒÌÌKŒNÎMŒŒLËŒMÍÎNMLŒŒLLL‹ŒLLÌLÎLŽLLÌM‚ŒM‹ËŒŒLKŒMMŽMÌÎMŒÎLÌMŒÍÌŒMŽNNLÎLŒÌŒNKŒNNLÌÌÌÎLŒÎŽKŒÎLÎÎNMLŒ‹ŒMÎNLNNÍŽÂŒM‹ËŒŒLKŽNLŒÌLÍÎLÍMÌMKŒÍŒÎLÎMÍLÎŽM‹ŽNNLÌÌLÍÎÌMNMŒÍŒNŽMŒÍŽMÍŽŒLÌŒÌŽMMŒŒÍŽM‹ŒLLÎŽNMNBŒM‹ËŒŒL‹ŽNNMÍLÍÌMLÌÎLËŒNLÌLÌÌLÍŽMŽKŽNNLMÌMMÎNŒËŒŒÍLÍŽÎLÎ‹ŒLÌÌLÍÍŽLÌM‹ŒNNNLÍÌŒMLMŒM‹ËŒŒLËŽNLÍÍÌMMŒŒÎKŒÍÎLLŒÌLÍÎMËŽNNLLŒLÌML‹ŒNMŒLMŒÌŒÍMNMKŒÍNŒÍÎÍŒLŒMMÌMMŒNBŒM‹ËŒŒLŽNLÌMÌŒŽŒLLKŒÍÌMŽMÍLLÎ‹ŽNNLÌMÍÌÌÎNŒ‹ŒNLLLLLÍŽLLÎKŒMŒLMÍÍLÌ‹ŒMÌÌMŒÍÌŒÍÍ‚ŒM‹ËŒŒLKŽNNNÌÍLŒÌMËŒÍMÍLÍÌLÎMÍÍŽNNLÌNLÍŒÌMMKŒNÍÌŒMÌLNËŒLŒNNLÌÌÍMÌŒ‹ŒMNLÍÌMÂŒM‹ËŒŒLLŽNMŒÍŽMMÌÌŽKŒÍLÎLÌLNLÍÍÍLKŽNNMÌMLMLMKŒMÌÍÌÍÌÌMÍÍÌNŒLLNMÍÍMŒLŽLNMŒLLLÎLMLMÍ‚ŒM‹ËŒŒLLKKŒŽÌÎLNÌMŒM‹ŒÎLLMMŽLKŽNNLMÍÎLÎLNNMŽKŒŒÌÎÌLMŒ‹ŒMLÎÌŒÍŒMŽŒMÍÍNMMÎBŒM‹ËŒŒLL‹ŽNLŒLŽLLMÌ‹ŒMÌÌŒMÎLÌÍM‹ŽNNLMNŒÍŒLNKŒŒŒNŒÎNLLŒLLÍNNMŒLMÍÎNLŒM‹ŒLŒÌÌMMNNBŒM‹ËŒŒLLËŽNLMÍÎMŽÎLÌ‹ŒÍŒNLŒLLÍMMŽNNLÌLÌÎÎLÍ‹ŒNLŽNNLLÎNÎŒNÌÎNMÍÎM‹ŒLÍÍŽNMMÍ‚ŒM‹ËŒŒLMŽNMLÍÎLMLLËŒÍLNMMŒÍŽMKŽNNLÎMLÎMMŽLKŒMÌÎŽNNŒÍMŒNL‹ŒMLŒÍMÌŒÌNMŽMŒËŒLMÌNLŽMMŒM‹ËŒŒLMKŽNMNMLLÎŽLKŒÍŒÌŽLMŒMËŽNNLŒŽÍNLŒËŒŒMŒŽMÌÎLLŒÍŒLMLLŽNLÌŽLÌËŒMÍMÎNMÎNÌŒÍBŒM‹ËŒŒLM‹KŒMLLÍŽNMÌËŒÍÍÍŽÌŒÌMLKŽNNLŽLÌŒÌLLŒÎËŒNÎNLŒMŒÍŒŒMÍ‹ŒÎMÌNMLŒLNMŒKŒMNLÍÌLMŒM‹ËŒŒLMËŽNNMMŽÌÌÌLÍÌ‹ŒÍÌNMMŽL‹ŽNNLÌÍLÍMNLŒNŒMÎNMMÌLËŒLMÎNNMÌÌÎ‹ŒMŒMŽLMÍÌÎŒÍŒM‹ËŒŒLNŽNNLŒMŒMMÌÍËŒÌMMŒLÍŒŽÌL‹ŽNNLMLNLNKŒŒŒÎLMMÎŽLŒLMKŒMŽLNLMMMËŒMNLÍŒŒLMÍÍŒM‹ËŒŒLNKŽNMMÎMMLLL‹ŒÎMÍLŽMÌMMÎKŽNNLÎLŒLNNLŒËŒNNÎŒLÍÌËŒLMMÍNÌÌ‹ŒMLNMÎLMÍÌÍ‚ŒM‹LŒKLŽLŒÌŽMÌÌML‹ŒMÎMÍNNLMŽÍŽËŽMÎMÌLŽMÌŒLÌÍÌŽLÌŒMŽŒŒŒMÍMLÍN‹ŒLNÍMŽLÌŽBŒM‹LŒKLKŽMÍÌLÎNÌ‹ŒMMŒMÌMLÌŽMËŽNMÍÌMŽLMÍËŒMMŒNÎMÎMŒŒÍŒÍLÌMÌMŒLÎLLÌÍŒMÎLLLÂŒM‹LŒKL‹ŽLÌLMLÍLL‹ŒMŽŽMMLLÍŒLÍŽNÎŒŒLÌÍLKŒÍMŒÎMMMLŒKŒÎÍŽÍŽMM‹ŒLMMLNLŒLŒÌBŒM‹LŒKLËŽLLÍŒŽLŒŽLNNŒMÎLÌŽLLMLÍËŽNLMÎNŽŒÌÍŒMÌMMLMËŒNMŽLLÍMN‹ŒLLLŒLMNÍŒÍLŽŒM‹LŒKLŽMŽMLÎLLLÌÍŽKŒMÍLÌLMŒÌMŒŒËŽNŽMLLÌÍLMŒŽŒÍÎŒŒLLÌLŒKŒÌŒŒLMLMŒLÎŒLÎÌLBŒM‹LŒKLKŽMLNLLŽLLÍÎNKŒMŒÍMNMNŒÌŽŽNNŽLŒÍÍÍ‹ŒNMMŒMNMMLËŒÌLŒÌLLÌŒLLÎKŒLÎMŒŒNMMNLÎŒM‹LŒKL‹ŽMÍLLÍÍMÎLŽŒNÍŒŒLÍNLŽŽNNMÌMŽLËŒMLÌLŽNLŒÌŒÎKŒLMÍÍÍŒLÌLËŒLÌÌLÌÍNÂŒM‹LŒKLËŽLÍMŽLÎÌÍŒMŒLÍMNÍŒÎŽNŒLÎMÌMÌŒMÎLŒLLŽLÌÌËŒNŒMÍŒÍLMŒŽMKŒÎMÌÌÌŒŽLÌÍŒM‹LŒKLŽMNŒNMÍŒÍMŒMMÌLŒŽLŒLŒËŽNÎMNMLLMMLLÎKŒMMMNÌÌNÎMŽ‹ŒNLÌÍMNMŒ‹ŒŒŒŒÍŒMÍÌÌ‚ŒM‹LŒKLKŽLŽLÌMMLLN‹ŒMÍLŒLLŒÌ‹ŽNNNLÍÎNŒKŒNLLÌNKŒMŽÎMMMŒÌŒ‹ŒMŒÍMÌÌÌNŒM‹LŒKLLŽMMLÌŒMÌMÎLËŒMLNLLÌŒLÎŽNLMÌŒMËŒLLMLLMÍNLÍMŒŒLŒÎMŽMÎŽŒLÌÎÌÍÌÂŒM‹LŒKLLKŽMNLLÍNNÍÍKŒMMÎMÍLÍÌŒËŽNLÍNMLMMÎKŒMMNŒÌLMKŒÌÍLÍNLMŒŒËŒÌÌLMÍŒÍÌL‚ŒM‹LŒKLL‹ŽLŒLLNŒÌ‹ŒNLLÍMMŒÎLÌŒÍŽNLŒMŒMMLŒÍŒNŒÍLMÍËŒŒÍÌLÎMÌMLŒÍËŒLÌÍLÍLŒLL‚ŒM‹LŒKLLËŽLNLMÍLÍMŽKŒMNLŒNLNÌKŽNÌŽMLŽMLŽL‹ŒÎMÌMÌŒMÍM‹ŒŒŒÌÍŒNÌNKŒÌŒÍÍÎLL‚ŒM‹LŒKLMŽLÍÍÍŒÍMMŒŒÌNŒLÍŽMÌÍLMÎÌŽŽNÍÍÌLŒÌLŒÌKŒÍŒŒNMŽMÍËŒLÌMÍNNNÌ‹ŒÌMŽLLLŒM‹LŒKLMKŽNLNLMÎLÌLMËŒMÎŒLÌÌÌLÌËŽNMLŒÍÍLÌMÍNMKŒMŒÌŒÍLŒŒÍŒ‹ŒMLLMÌŽNMNÍÍMNMŒNMNLNMÍÌÎNMÎBŒM‹LŒKLM‹ŽMNLŒÎNMÍMŒŒKŒMÌŒLÍMÎN‹ŽNLÍNNMLMŒÍ‹ŒMMMÍLÎÌMÌÌL‹ŒŽMŽMLŒMËŒLŒÍÍŒNŒM‹LŒKLMËŽMŒÌÎNMM‹ŒLNLÎLÌLÎMÌNMKŽNMŒÌLMŒÍLNLÎŽNNŒŒÌLMLMŒLÌLKŒÌÎMLÌŒMÌÂŒM‹LŒKLNŽLŽLNÍMLKŒMLLÎÌŒÌÍŽLÍŽŽNÎMŒŽMŽLŽKŒŒÌÍÌÎMÌ‹ŒLNLLMLLMMMÍ‹ŒÍNLÌÌÍMLL‚ŒM‹LŒKLNKŽMÎMÌMÎLÍÍÎL‹ŒLÍÍŽŒŒÌMÍÎLMM‹ŽNLÍŒÍÌÎMÍŒ‹ŒMLÎÍÌNMLÎÎŒÎÌMLÍÍŒÍLLÌËŒÍÍÎMMLŒLÂŒM‹LŒKLŒŽMŒNMŽLÌŒM‹ŒLÌMMÌMKŽNÍMMLMÌ‹ŒÎMLÍÌMŒLKŒLMÎLŽMLLÎNŒÌMMMŒŒÍMLMMÂŒM‹LŒKLŒKŽLÌŒLÍŒMŽKŒMÌLÌÎŒÍLLNLÌŽNMŒÍÌÌÌLÌ‹ŒÍLÌLNLMÎŒMÍMLÍMŒŒŽLŒLŽMMMLLŒÌBŒM‹LŒKLŒ‹ŽMÌMŽÌŒÌŒLNŒÍMKŒMNNMÍŒMMNNŽNŒÌNÌÎLÎMNŒÍMÌLMÍÍMÌËŒLNLÍNLŽÌÍMŽMKŒMLMŒMŽLÎLŒÂŒM‹LŒKLŒËŽLÌLŒŽLNL‹ŒMŽMNŒÍÍLŽËŽNLÍÎLŽNMKŒMLŽMŽÍÍLŒÍŒÌLÌÌŒÌÌÍÍKŒÍÌNNÍŒM‹LŒKLŽMŒÌÌÌŒMLKŒMŒŒŒÍŒNÎKŽNMNLÌMŒŽLŽMŒÌNNMŽÍŒLM‹ŒÎMÌŒLÍMMÌLÌŒLLNLÎLŒLLÂŒM‹LŒKLKŽMMNNÍMÌÍMLKŒLŽMŒÍÍÌMMLLNNŽNÌÍÎNMÌŒLLNMŒÎÍMLÌLÍMŒLLÎLÍLÌMÍŒÌÎLŒŒNLLŒÎŒM‹LŒKL‹ŽLÍÎMÍÎŒÍŒÎKŒMŒÌNMMMÍŒMÌŒLKŽNMŒÌŽNM‹ŒMNÍÌNŒŽLÌŽMKŒLÎMLŒÌÌNMŒLÎMÎMLBŒM‹LŒKLËŽLŒŒÌÎLMËŒMMMÌÎŒMLMÎ‹ŽNÍÎMNNÌÌŒKŒLNMÍÍÌM‹ŒMNŽÌMMKŒÌLÌÍÍŒMÍÂŒM‹LŒKLŽŽLŒNNMŽÍŒŒÍÌÍKŒMLNŒÌÌŒMMŒÎŽNLŒÌŒÌŽNLÍËŒNLŽÍŒÌLÌÍÎŒÌÎMŒÎMLMÌËŒNNMŒŽŒŒÎ‚ŒM‹LŒKLŽKŽLŒŒÌŒÎMMÍ‹ŒLÌŒNMÌÍŒNLËŽNLLÌÎÌŒÍMÍÌŒÌŒŽMÍŒLŒŒŽNMÍMŒMMŒÌÎMÌŽNMMLŒM‹LŒKLÌŽMMLMLÌNLLŒ‹ŒMŒÍŒMLÌËŽNNMŒNLÍÍÍ‹ŒLÌŽÍÍÌŒLÎMKŒÍŒLŒMÍMMÍKŒLŒÌÍMÌNLÍLÂŒM‹LŒKLÌKŽMLŒŽMLMMÍÍÌ‹ŒLÍLŒLMMÍŒÌŒËŽNÎMMÍMMLÎMŒÍŒMÌMŒMÍŽŒLMÎŽMÌÌÍŒ‹ŒÍÍÌMŒMŽÂŒM‹LŒKLÌ‹ŽMÎLŒNÌÌŒMLÌNMLLLÍKŽNÍLÌÌÍËŒŽNMÎÎKŒLÍŽÎMM‹ŒLÍLŽÌŽŒM‹LŒKLÌËŽMNMÎÍLÌLKŒMNMŒÍMÍÍŒÍÍ‹ŽNŒNÍNLLÌL‹ŒÌÍŒŒMŒLLÎMÌMŒŒNÎMÍÍŒM‹LŒKLÍŽLŒÎMLŒŽMÍKŒMMŽNÌMMNMÌMÍŽNÌÎÍÌNLÎKŒLŽLNLLŽŒŒËŒNNŽLÎMMŽMNËŒNLLLÎÍÎÂŒM‹LŒKLÍKŽMÎMNNNMLÌŒŒŽKŒMMŒLLÎLÍMNLMKŽNÍNNMÍMLÎNKŒLMNŒŒŽLM‹ŒÍÍLŽLÍŒŒL‹ŒŒÎŽMŽNNŒM‹LŒKLÍ‹ŽMŒÍLŒLLMŒ‹ŒMÍŽMÍŽÍMKŽNŒŒÍÌNMŒÍŒKŒNÌÍNLŽLNLKŒLMÌŽMLŽNLŒŽNMMŒMÍŽLÌLŒÌŒLŒ‚ŒM‹LŒKLÍËŽMÌŒÌÌ‹ŒLÍÍÌLÎLÌŒŒMŽMŽKŽNÌÍLŽMMLŒÎËŒÍÍÌŒMŒŒKŒMÍMŽMÍÌÌKŒÍLÌLLŽŒM‹LŒKLÎŽMLNMNMÍNÌŒMŒŒMÌ‹ŽNLÎMŒÌÍŒÌNKŒMLÍÍÍMÌŽŒMMŒŽÍÍÍŒÎMŒÌŒMÍLLŒŒM‹LŒKLÎKŽMŽLNNŒÌŒŒKŒMLLMNMNMŒŒËŽNŒMNŽL‹ŒMÍÌŽÌLNKŒÍNMMŒMNŒÎMÍMNMMÍŽBŒM‹LŒKLŽMÌÌŒLÍÍÎMMÎŒMŒÍÌÎLLMŒ‹ŽNÌŽMMÌLM‹ŒLÍÌŒÌMÌÍ‹ŒLNMÌLÍMŒÍÌLŒÌËŒNŒLÎÌL‚ŒM‹LŒKLKŽNLMÌÌÍNMÍL‹ŒMNÍMŒÍŒŒŒÌMMNLËŽNÍÌMÌLLÍMMKŒLNMÎLÌLÌÌÌ‹ŒMÌÌÍLŒÌÌËŒNLÍŽLŒLMÌ‚ŒM‹LŒKL‹ŽLÍNŽNNLÍLÌÍ‹ŒLŽLÌŒŒLMLKŽNLÌLLÌÍÌÍŒÍMÌMMLMÎKŒMŒÌÌMÌMŒŒ‹ŒŽNNÍLLLNNŒM‹LŒKLËŽMMLŒMMÌŒÌŒNKŒLÎMLNÍNŒKŽNÌMŽMÍLM‹ŒÎMÎMLÌMŒMMËŒÌÎMÍLLÌLËŒŽNMMŽLÍÂŒM‹LŒKLŽLÎMMÌŒŒÌËŒMÍÌÌÌŒŒMÌLMÍ‹ŽNŒMMÌÌÍÌNKŒMNLŒLÌLLKŒÌMMÌÌLMÌ‹ŒMÌLMÍNÌŒŒŒŒM‹LŒKLKŽMÍMŽLŒÎKŒMLMMŒŒNNŒÌÍMËŽNŒÌLŒÍËŒÍNMNMÌŒLÌMMŒKŒÎLLŽNNNÌÍËŒŒNMÌÍMMŒM‹LŒKL‹ŽLŽLÍLMNLŒMÌŒMÌÎNMŽŒËŽNÌLÌŒMÌNŒLŒNMÌLNMŒNMŒMŒMMKŒLÍÌMNNÌBŒM‹LŒKLËŽMNMÌÎLŒÎKŒMMMŒNÍMŒŒÍMNŽNÎNÌŒÍŒKŒMNMÎNMŽLËŒÎMÎMMÎMLKŒÎNLNMNÌMBŒM‹LŒKLŽLMŒŒÎLÌLŽLNN‹ŒNŽMMLŒMŒ‹ŽNÌLNMMLÌÌL‹ŒLŒMMLŒLÌÎŒÍÍŽÌÍÎ‹ŒLŽMŒŒŽLMÌLŽNBŒM‹LŒKLKŽLÌLLMLLÎŽM‹ŒMŽŒNNÍÌÎLKŽNLÍLNÎŒËŒLÍÌMMMLMKŒLÌLMŽŒŒÎKŒLMÌLŽLŒÎLNMŒM‚ŒM‹LŒKLLŽLÌNMÍMŽLMLÌŒKŒMŒŽMÍŒLÍÍŽNŒÎŽNMÍMÍÌL‹ŒLLÍŒÌLÎŒÎMŒLLÌÍÎKŒMMNMNÎMŒLNŒM‹LŒKLLKŽMÌMLÌÌŽLMŽÌKŒMNŒLLŒLNL‹ŽNÌMÌLÍÍŒÍŽŒLŒMLNÍÌÍ‹ŒŒŒLNÍLMMMKŒÌLNÍÍMŒÌŒM‹LŒKLL‹ŽMNLMMÌÌMMÍŽŒMLŒMŒŽNŽMÎMKŽNŒŒÍÎMŽLMŒËŒMÌŽMÍMLÌLÎLÎLKŒŒÌŒŒŒÍMMŽŒLNLLÍŒ‚ŒM‹LŒKLLËŽNŒNLÌNN‹ŒMLÎLŒÌŒNLŒÌNŒ‹ŽNÌŒÎLÌÎMÍMŒÌMMÌŒMŒMŽŒLŒÌNMÍŒŽNÌŒÌÎŒLÌLÍÍÍÍŽNÂŒM‹LŒKLMŽMMÌÍMÍMÍŒÎŒÌMKŒMŒŒMŽLMMŽKŽNLÍLŒÍÎNMËŒÎLÍŒÌŽNLLËŒNLŒLLÍMŒÎLMKŒÍÎLNMÍM‚ŒM‹LŒKLMKŽMNLÍLNKŒMMŒŒÍNŒÌËŽNÌŽMMNMÌMÌ‹ŒMLÎŽMLÍLŒÌMŒLLNNLÌŒNLMLËŒÍÍLNLL‚ŒM‹LŒKLM‹ŽMŒŒÍMŒŒLŒÎMŒLÍÌÍMÍMÎNÎMÍËŽNÌMLÌMÌÍŽŒMŒNNLŽNŒNLŒLÍLMLMMKŒÍÍÍÍÍÍLÍMMLŒBŒM‹LŒKLMËŽMMŒÎNNLM‹ŒMÍMLNŽMŒMLÌ‹ŽNÍÍŒÌNŒÌÌÌÍÌNÎLKŒÍÍLLMNNNMŒÍŒŒÌNLLÍLLŒÌNŒM‹LŒKLNŽLÍÍÌMMŒÍ‹ŒMNŒNMLLŽMLŽNÍÌÌŽLŒÎMŒÌËŒLNŒÌŽÍŒKŒŒMÍŒNMŒÍŒÍŽNMNMŒÌLMMBŒM‹LŒKLNKŽMNÌÌLLLŒŽM‹ŒMNLMÍNNMLÎLÌÍËŽNÍÌNMLÍŒÍËŒŒÍNMÍMŽMŒ‹ŒLÍÍMÌLMŽLËŒÎÍMMÌMMŒMBŒM‹LŒKLŒŽMÌŽNLLŒÌ‹ŒLÎLNÍNLLŒŒMÌ‹ŽNÍŒÌMŒLL‹ŒMŒŽMŒŒNNMÌÌKŒLMÍNNMMŒNMÎÌ‹ŒÍÌLÍŒÎLŒŽŒM‹LŒKLŒKŽMŒNLÍÎLMNNMÎL‹ŒMÍÌŽNNNMMÍ‹ŽNLLMMŒMÍMŽL‹ŒŒÌÍÎŒŽMLŒMLLÌÌÌLÍÍMLÌËŒMÌLLŒŽMÍMŒBŒM‹LŒKLŒ‹ŽMŒŒÍMLLLÌLŒMLMNLÎŽNŒŒÍŒ‹ŒŽÌMMÍŒŒLŒMMÍÍNMÍMËŒMÍŒLŒÍŒM‹LŒKLŒËŽMMÌÍMÌÎŒMÎMŽŽLMKŽNMÎÌŽNMËŒMÍMÌMNÍMKŒÌÎLŒMŽÍLËŒŽÌMÎLÌMMÍBŒM‹LŒKLŽNMŽŒÌMMŒÌŽŒMNLMLŽNŒÍËŽNÌNMÍÍÍLŒËŒMŒLÌLLLŒL‹ŒÌLLLŒMMLÍÍNÍŒÎMLÍŽÍÍLÍŒM‹LŒKLKŽLÌŽMMNLÌLŽÌ‹ŒMŒMÌÎÌŒLMŒÌŒKŽNÍÍMŒ‹ŒLŽÍŒLŽÌÌŒÍŒNLMÍÌŒÌMŒMNKŒMÎÍMMŒMŒ‚ŒM‹LŒKL‹ŽMŽŒÎÎLÎNM‹ŒMÍÍÌNËŽNÍNÎÍŒÌKŒMÍŒMÍŽMÍMM‹ŒÌÍNMNNÍŒÌÍMŒMÌŒŒŒÍŒMNŒM‹LŒKLËŽMŽÍNLÎMKŒLÌÌLÎLŽ‹ŽNÌŽŽÌMMŒÌM‹ŒÎMÌŽNÌÍÌN‹ŒÎLŽNŒŒŒŒLMLKŒÍŽÍLÍMÍÌŒ‚ŒM‹LŒKLŽŽLÎLÌLŽŽKŒMNMÍÌŒÍŒÍLÌËŽNMNMLŽKŒNNNNLMŽÎLÌËŒŽMLŒÌÍŒÍKŒLNNLMŒÎLÌŒNŒM‹LŒKLŽKŽLLNLÌÌNŒKŒMŽLÎLÌLLŽNKŽNMNŽŽLMNŒÎŽLLÎMÍÍMŒŒËŒMLŒNLMŒL‹ŒMMÍÌMLÍŒM‹LŒKLÌŽLMÌŒÌMNMÍÍLÌËŒLÌÍÍŽNMŽLÌLËŽNÌMNLNNKŒMŽŽLÌÌŽ‹ŒMLÌLÎLŽMÌLKŒÍŽMÍMÍÌŒÍÍBŒM‹LŒKLÌKŽMNMÌÍMLŒÎM‹ŒMŒMŽMÌ‹ŽNNLŒMŒKŒÍÍÌMÌLÌÌNŒÎŒNMMMŒŽŒNLLLÌMÍN‚ŒM‹LŒKLÌ‹ŽNMMŒÌMMLMNŽKŒMLÎMMMLÌŽNŽNMŽLŒLML‹ŒMMÌLŽMLLKŒÌÌÎNLÎLÍÎŒÎMŒLLÍLŽŒLŽMMLÌÍ‚ŒM‹LŒKLÌËŽLŒŽÎLŒÎLÍMLL‹ŒMŒLLMMŒÍKŽNÌLNÍŒÍŒŒŒÍËŒMŒÍNMÌÌÍŒŒNMŒÍÎÍŽMNMÍMŽMËŒÌŒMÍLÍÎMNNBŒM‹LŒKLÍŽLÌŒNŽNMKŒMLŒÍÍÍÎMÍNLËŽNLÍÎNMLMŽNŒNLŒM‹ŒMÍŽNŽNNLÌŽM‹ŒÎÌÍŽLLŽÎÂŒM‹LŒKLÍKŽLÎLMÌLMŒÍLÍÌ‹ŒMŒÌNLLLMÎÎMÍ‹ŽNŽMÎÎMMÍL‹ŒLŒMÍMŒŒÌÌ‹ŒÌÍÌÎMMÍŽ‹ŒLMÎMLÎMÌŒŒÂŒM‹LŒKLÍ‹ŽMLŽÌÌÌMŒÍÎLKŒMŒÌNÌMML‹ŽNNLÎŽMÎŒMLLLŒÎÍËŒÌŒÌÌMÌËŒLŒÌLLŽMÍNMŒM‹LŒKLÍËŽNÌÍÌŒÌLÎKŒMMLNÍMÌŽLÍMKŽNÎLŽNMNLŒMLŒMÌŒŽMÌÌÌÎLŽKŒLLMNLÍŒŒNŒŒÍÍÎMMMÎMŒM‹LŒKLÎŽLÌMLŒLLŒŽLÍLL‹ŒMMMÎMMÌLÌÌŽMLËŽNLŒÍŒŒÎLLÌMŒLLLÎŒŽLÌÍÌKŒMŒÌÌNLŒÍNŒKŒLŒÌLNMLMMÎN‚ŒM‹LŒKLÎKŽMNNŽMÌÌÌ‹ŒMŒÍŒMNLÍÌÍÍËŽNÌÎÌLŽKŒLŽNMÍÌLMLLÍËŒNMŽMÌÍÍÎLÎNÌ‹ŒMÍŽŒÍŽBŒM‹LŒKLŽMLŽLŒMÌMŒNNŒMMMLLMŒÍŒŽŽNMÍÌÌÎNÎËŒÍNÍÌLŽNLÍËŒNÌÍŽNMŒLMNMMNLŽL‚ŒM‹LŒKLKŽMŒMLŒMÎLÍM‹ŒLÌLMÍÍNLÍÌNËŽNÍÌÌMÌMLËŒÎLŒÎLÍÌÌMŒLŒLMŒLÍMLÌËŒÌÌLNÍŽMLÂŒM‹LŒKL‹ŽMÌŽÌÍLMŽL‹ŒMLMŒLŒNMMÍ‹ŽNÎŒLÍLMÍÍ‹ŒNÌMŽLLÍŒLËŒLŒŒÍLÌMÌMMLMŒËŒÌÌÍŒMŒLBŒM‹LŒKLËŽMŒNÍÎNLMŽŒMŒŒLMNNLMŒËŽNÎNMLMÍMÍÍŒMÌŒŒMŽÌNLŒKŒMMLÌÍNNŒLŒMŒNÌŽNMÌŒBŒM‹LŒKLŽLMÎNŒÌÍŽMMKŒMŒÌNLÌNŽLMÎLM‹ŽNŽNMÌÎMMÍËŒŒLNŒ‹ŒÎLŒLŒÍŽLLKŒLMÍŒŒŽŒ‚ŒM‹LŒKLKŽMNLNÍNLÌÎLLÍÍËŒMŽMLÍŽLMÍŽNÍÌÍŒŒNMÍKŒLMÍÍLLÎËŒÍMNLÎLÎNMËŒLLŽNMLÍÍŒMÍ‚ŒM‹LŒKL‹ŽMŒŒÍŽÌÍÍŒNÎLŒËŒMLŽŒNMŽÌMKŽNŽÍLÍÍNLÎŒNLÎMÎMÌÌMŒÎŽLŒÌŽLMÌÍ‹ŒLLLLNLŽMLÍ‚ŒM‹LŒKLËŽLŒŒLÍÍÌLÌKŒLÍMÍŒÍMMŒNËŽNÌLLLÌMÍÎËŒÎNNNNLÎNMÌŒMÌMŒÌLÌŒËŒÍŒÎMLŒÎLŒM‹LŒKLŽMÍNLLMÌNLÍLKŒNLÍÎLLLÌÎNMLŽMÎMÌŒMLNLLËŒLÌÌÎLŒLÌM‹ŒLÍŒŽNŒLLÌN‹ŒNLÎLŒMÎÎMÍ‚ŒM‹LŒKLKŽMŽŽMŽMNMÎKŒMNLÌŒŽMŒŽMÍKŽNŒMÍŒÍÍŽMŒÎKŒMŒÎNMLÎŒÌŒNNMÍÌÌLLKŒLŒNŒÎNLŽLBŒM‹LŒKLLŽMMLÍÌMÌN‹ŒMLÌNŽËŽNLÌMÍLŽLÌŒËŒMŽLMŒNMÌÌËŒÍÍÍÌÍÌŒLŒM‹ŒÎÌÍÍŽMÌMŽMBŒM‹LŒKLLKŽMMMÌNLNLÌÎLËŒMLŒŒŒŒŒÌÍMÍŽNLLŒÌMÎLŽŒNÌNLÍÍÎLŽŒLLÌLÌNÍÎŽŒNÌLÎLÌÍMÍŒBŒM‹LŒKLL‹ŽLŽNNMÎMLŒËŒMŒÍÍŒÎMŒÎNŒŽKŽNLÍÍŽLÎLÍÍLÌNŒMLÍŽÎÌÌKŒÎLŽLÌŒÍŒMÌ‹ŒLÍŽÌÌÎÌÂŒM‹LŒKLLËŽMÍÌÎLNÌÍÌÎKŒMMÎÍMMÍLLÌËŽNÌNŒÎŒÌŽLKŒLŒÍÍÌLÎLÍMÍŒÎÌÌLÍŒŽNLL‹ŒÎŽMŒŽMŒÌÂŒM‹LŒKLMŽNNÍÌÌÍŒŒÌKŒLÎŒÌNMÎLŽLLMŽNMLMŒÍÍLÌŽL‹ŒÍŒÌMŽNNÌ‹ŒÎÌÌÌÍMNNŒŒ‹ŒÎMÌÎLÍMÎÍBŒM‹LŒKLMKŽLMŒLMÌŽNMLËŒMMÌÌMÎNMMŒŽMŽNÌÌLÌŒLÌÎËŒLLÍNLÌÌÌLÌŒ‹ŒMÌMŽNNÎMMÌKŒNŽMÌÍŽL‚ŒM‹LŒKLM‹ŽMÍÌŽÌMÌ‹ŒLÎÍMÍLŽŒŽŽNNLMMNKŒŒÌLMŒÎŒLMŒLNMNÍŽMLŽMÌÌŽKŒÎLLŒŒNŒ‚ŒM‹LŒKLMËŽLÍÍÌÍÍÌŒNÍL‹ŒLÍLLMNŒLKŽNŒŽLÌLMÎMÍMLËŒÎMLLŒLMŒŒËŒÎMLLÌLLÌLŒMÍ‹ŒÍŒNMÍÎMÍBŒM‹LŒKLNŽMLÎLŽNNMÍLŒMMÎŒMLMÎLŒŒLÍËŽNLLLNLLËŒNÌÎLLMLKŒÍŒLÌŒMÎLÍKŒÌÍMÍÍŽMLŽBŒM‹LŒKLNKŽMŒÌLÎÍNÍÌLŒMËŒMLŒÌÍŽNÍNLÎLŽNÎMLÌÌLLÍ‹ŒÌŒLÍÍÍËŒMLŽNMKŒÍŒÌNNLNNLŒM‹LŒKŒŽNÍŽMÌNÍLKŒÍŒÍŽÎŒÍËŽNMNLLMMNLŒÌM‹ŒLŒLÌMMŒÌLÍÌŒÎŒMÌÌÍŒÌÌÌÌŒŒMKŒÌLLLŽMÍLÍMŒM‹LŒKŒKŽNLLMÌMMMMËŒŽMÎMÌŒLLÍÍŽKŽNMMNNNLLÌÍÍŽŒŽLLMLŒÌLŽKŒMŽÎLMLLMÍŒNNNŽÌŒŒM‹LŒKŒ‹ŽNMŽLÍMLÌŽLËŒÍÍŒLNMŒMMKŽNMNLÎLMŒMÍÌMŒLŒNMŒÍMŒŒNLÍLÍLÍLŒÌLÎNLÍMÌLŒÍŒM‹LŒKŒËŽNMÎÍŒMŽÌMŒKŒÌLMÍŒÍÌŒÌÎŽNMŒLÍ‹ŒŒŽLÍÌLNNN‹ŒMMŽŒÍÌLŒÎM‹ŒLŽÌÎNŒÍ‚ŒM‹LŒKŒŽMŒŒLŒÎMÌÎMÍÍKŒÍNLŒÌÍ‹ŽNMÌŒÌŒÌÌÍÍKŒLŒÍMNNÎÌLŽŒÌŒMÌÍÌMÍÎLÍMMÍŒÍÌÌŒ‚ŒM‹LŒKŒKŽNLMLŒLŽŒMŒÌMÍÎMÌNNLNMÍËŽNMNÌÍMÌNÌNLËŒMNŒLMLÎŒNKŒŒÌMÌŽÌŒŒÍŒÎLŽLÍÌLNŽLM‚ŒM‹LŒKŒ‹ŽNLÎMMÍÌÍMLŒËŒLLÌŒÎMŒÍŒŒŽNMMÌÌMÌŒÍNNKŒÍÎMLLÍMŽNM‹ŒŒŽMÎLNÌLÍM‹ŒMŒÎÌLLMLÌÍÌBŒM‹LŒKŒËŽNLŒŒÍŒÍMËŒÌLMMNÎÍŒÌ‹ŽNMŒÎMÌLLKŒÌLÍŒŒMMŽMKŒMMŒÍMMLËŒÎMÎŽLLLÎŒÍÍNBŒM‹LŒKŒŽMÌLNLÎMMŒÍŒNKŒŽÎLÍŒŒŽMÍMŽNMŽLŒMÎLLÎNËŒÎMLLMŒŽNNNMŒŒÎMŒÌËŒÍÎLLLÌŽNÍ‚ŒM‹LŒKŒKŽNMLMÍËŒÍLMLMLÌŽNMŽMLÍNMMLL‹ŒÎLŽLÍMÌNL‹ŒMMÍÎLÎLMNMŽMMKŒÍŽMLÍÌÎNLÍMŒÍMBŒM‹LŒKŒLŽNÍŒŒÍÍŽŒÌŒÎMŒÌMNLMŽNMŒÍÌNMŒLMÍÍËŒŒMÌÍŒÍÌMKŒŒÌNÎŒÍŒMÍMŒŒMŒŽÂŒM‹LŒKŒLKŽNLÌLLLL‹ŒŽMMŒÌMMÍLÍNKŽNMŒŒLNNMÍNL‹ŒÌŒÍMŒŒÍLMŒLLKŒŒMÍÍMLÌŒLNLŽŒÎŽMLŒLÍLN‚ŒM‹LŒKŒL‹ŽNMŒLNLLLÎMŒŒŒ‹ŒÍÎLLÎÎMÌMŽNMMŽNNÍÌÍÍÌMËŒŒÍŽLMLÌNMKŒŒŒÎLÎMM‹ŒMÍÌLÌÌMŒÎM‚ŒM‹LŒKŒLËŽMÍMÌŽÍÎŽMÌÍ‹ŒÌMÌÍÍNLÌŽMŽNMŽLLÍÎLMÎMLKŒÎLŽŒÎÌŽÌŒŒNNMÍËŒÎMMŒÌMÌÍLÌ‚ŒM‹LŒKŒMKŒŒŒÌÌMŽÌËŒÌÌLLMLÍMËŽNMLNŒÎNMMÍKŒMÎÍÌÌNNÍŒNMÍÌMNMÎÌŒKŒÍLMŽŒM‹LŒKŒMKŽMÌMMMMNLMÌ‹ŒÌÌÍLÎŒ‹ŽNMNMMLLMÌËŒMLŒNMŽLLLŒMKŒÍMÌÍÌŒŒŽLËŒÌLÎNLLNMBŒM‹LŒKŒM‹ŽNŒŒLÎMÎŒKŒÍLÍÌŒŽMLLKŽNMŒLÎMLMËŒÎLÍMŒLÌMNM‹ŒŒÎÍŒMÌÍLÌM‹ŒŒÍLÎÌÍŒŽ‚ŒM‹LŒKŒMËŽNÎMÍÌLÌŒÍËŒÌMMLMÍLÍNMÎNŽNMÌÌÌMŽÍŒŒÎLMLLÍŽMÍMNMËŒLŽMNÌÍÌÌÍMMÌKŒÎMNLÌÌÌMŒÌM‚ŒM‹LŒKŒNŽMÌÍLÌNMŽMLŽLÌMKŒÍÎLNŒMŽÍÎŽNMŒLŒÎLÎKŒŽLŒŽMÍŽMÍŽKŒŒÍŽMŽÎMÎMMKŒÍMŒÎNMŒLŒŒLÍÂŒM‹LŒKŒNKKŒLÎMMÌÍÌÌMŒÌÌŒÎMŒLÌËŽNMŒÍŒÍLKŒÌÌMLÌÎLŽÎŒŒMÌÌMMÌÎÎŒMLLÍŽÌÂŒM‹LŒKŒŒŽNNMÎMŽMMŽNŒÌLLŽŽMMMMLMŒÎLKŽNMNMNLMÌÌÌÌŽ‹ŒLMNÎNMMÍLŒKŒLLMLLŒŽNÎLKŒŽÍÌŒŒÌÍÌMÍŒM‹LŒKŒŒKŽNLMMŒŒÍ‹ŒÌÎÍÌLÍLŒŽNMŒÌÌÌÍÍËŒÌMÍÍŒÌŒÍŽŒŒMÍŒMNŽMMMËŒÎMMÌÌÌŽMÌŒM‹LŒKŒŒ‹ŽNÎMÍLMŒŒÎKŒÌMMNMÌNMMÍMKŽNMNMŒLMŽŒLMNMÌÌNNŒŽMŒÍŒÌLŒMMËŒŒÍMNŒ‚ŒM‹LŒKŒŒËŽNLNNMMNŽLËŒNŒÍMÍMLL‹ŽNMÌŒNNÎMÎNKŒÍÌLÌŒŒMNMŽ‹ŒMMŽLÍMMÌLMŒMKŒÍŒŽNMŒÎLMMLBŒM‹LŒKŒKŒÌŒLÌÍÌÍKŒÍLÎMMLMÌŒÍÍŒËŽNMMMŽMNLÌ‹ŒNLÍŽMÌNNM‹ŒŒÍNNMÍŒŒMŒMŒLŒMŒÌŒMŽMŒÌŒM‹LŒKŒKŽNÌMNLNMŒŽMÍÌÍLLMÍÌŒ‹ŽNMNÍÌÍÌLNKŒLÍLMLÌLÍ‹ŒŒÎMŒŒŽMÍÎ‹ŒÎMLŒMÍÍNLÎŒM‹LŒKŒ‹ŽNMMLMMÌLNMŒŽLŽLLÍMLÌLÌ‹ŽNMŽLÍLŒÌMŒM‹ŒÎLMLÌLLÍŒMŽMKŒMLLŒŒMŒÌÌM‹ŒÎNMŒŒÎNNNBŒM‹LŒKŒËŽMÌÍŽLLŒÍÍÌLÌ‹ŒÎLMNÍÌLLŒKŽNMMMLÎMŒLŒŽLÌ‹ŒÌMMŽMÍMLÌLÌËŒŒÌŽMÌNMMLŒÌL‹ŒÍLÌÌLÌŒMÌŒŒÂŒM‹LŒKŒŽŽMÍŽNMLÍÌÍMÌMŒNLŽMÍÎLËŽNMŒLLNŒÍNÌÌËŒÌŽNÎMŒÌÎMŒŒLÎÍŽÌŒËŒMÎMŽÌÌÌ‚ŒM‹LŒKŒŽKŽMÍÌÌÌMÎŒNMŒKŒÍÍMMÍLMNKŽNMŒNLLÍÌÎ‹ŒÎLLŽLÎKŒMLÌŒŽÌÍŒŽŒÌÌÍÍLÍŽLÌLBŒM‹LŒKŒÌŽNLŒLLÎMLÎLMÍËŒÌÍÌÌNÎLNLŒ‹ŽNMŒÍÌÍMÍNNŒÌŽMÍŒÍÍÌNM‹ŒNNLŒMŒNŒŽLLŒŒLÍ‚ŒM‹LŒKŒÌKŽNMŒŽŒLŽNÌËŒÌÌLÍŒÍÌŽKŽNMŒÌÎÌËŒÌÌNÍMMÌÎŒMMLŽNÍÎMMLŒŽKŒLÌŒŒÍLÌMŒM‹LŒKŒÌ‹KŒMÍŒŒŒLMKŒÍLÍŒNLLŒÍŽ‹ŽNMŒÍMÌÍÍŒÌ‹ŒÍŒÍMŒÌŒÍËŒLÍLŒNLÍŽÌLÎLËŒNMÎLŒÌMÌNÌÂŒM‹LŒKŒÌËŽNLLLÌÌÎNKŒÌÌŒLMŒŒŒMN‹ŽNMLÌÎNŒŒÌLÍÎŒMŒŽLÎNLŽLËŒNMÌNŒMÌÍŽMŒŒLMÌNMŒMÍŽŒM‹LŒKŒÍŽMŒÍLMÌNLLÍŒÎKŒLMLŒÍŽLÌÍŽNMLÌLMLŽLÎMŒÍŽLÎNMLÎËŒŒŽLÌMMLMMŒM‹ŒNLMNÌLMŒLÎ‚ŒM‹LŒKŒÍKŽNMÍŒLMÍÍŒLÍLÍŒÎMMÍÍŒLLÍÍËŽNMNLŒŒLÍLLËŒLMŒMŽMÍÎÎŒÍKŒLÎMÌÌÍÎLŒŒLLÍŒŒLŒNNMŒMÌÎM‚ŒM‹LŒKŒÍ‹ŽNÍLLÌLÍŒMMËŒMMŒMLÌMÌÎMÍËŽNMLLMLLÍMÌMMKŒMŒLNŒŽMLKŒLLÎÍMÌ‹ŒLLÍÍNÎŒLBŒM‹LŒKŒÍËŽMÍÍŽŒMÌÍLÎNŒŒŒÍÍÌŒÍŒKŽNMÌÍMMNŒÍLMŽÌÌMMŒŒLŽLÍNNLKŒÍNMŒNŒM‹LŒKŒÎŽMÍŒÎÌÎÍÍL‹ŒÎÍLŽMMŒNMMM‹ŽNMŒÍŽLNLÌÌMÍŒËŒŒÍMLNMŒÎNŒŒŽLLLÍLLMÍÍ‹ŒÌMÍMŒMÌÍŒŒÂŒM‹LŒKŒÎKŽMÍÍÍLMLÍÍLÎKŒÌÎMLMŒŒNNLMKŽNMŽLŒŽŒÌÍNKŒÎLŒÎMÌÎLMÍÍŒLÌŒŒÍÎNLÎLKŒÍÌŽMLŒŒÌÎŒŽNŒM‹LŒKŒŽNMMÍÍÌŒÍËŒNMŽMÌÍÌLÍÍÍŽKŽNMMNLÍÌÎÍÍŽŒÌÍÎLÎLÍMŒLMLMŒMLÌMŽLM‹ŒÌLŽLÌNMŒÂŒM‹LŒKŒKKŒLMÍMMŒÍÌŒŽÌMÍŒŒÌËŽNMNNMMMLÍŒLËŒÍLNNMÍÍŽŒNŒLMÍŒ‹ŒÌNLŽŽLNÎMŒM‹LŒKŒ‹ŽMÎLÍŽNLŒŒ‹ŒLMŽNLŒÌLŒÍKŽNMÌŽLLMÍKŒMÎLÌŽMÎËŒŒÎŽLÌMMÌNŒÍÌÌÌŒNLÌNÍ‚ŒM‹LŒKŒËKŒŽŽMNLLŒKŒÍÎMMLLMÍ‹ŽNMNMŽLLMLŒMMMÎKŒLÍÎMŒLÌŽLŒŒMNMŒŒÎÎNËŒMŒÍÌÍŒŒMÍŒM‹LŒKŒKŒLMŽMNLÍÌÎMËŒÍLÎMŽÎNNËŽNMŒŒÌNMËŒŒŽMÍŒLÌMÍÌÍKŒMŽÍÍÎMŒŽÍNŒMŒÎÍÎMŽÂŒM‹LŒKŒKŽMÍŒÌÌÍŽMMÌÌKŒÍŒLŒLLÍMŽMÌŒNŽNMŒÍMMÎŽËŒLŒÍNLŒÌÌŽNKŒŒNMMÍÍŒLÌŒÍMM‹ŒÍÌNŒÌÍÍNBŒM‹LŒKŒ‹ŽMÌÎLMMMMÌMKŒÌÌMÌŒMÌÌŽMŽNMMÍÎŒÎMÍMNŒŒMMÌÍÌMÎNML‹ŒLMŽLŒÌÌÌËŒŒÍÍÎMŽÎÎŒM‹LŒKŒËKŒMMŒÌÌNLŽŒÎLÎLMMLÍÍÍNNKŽNMŒŽŽÍMËŒÌŒLÎLŽKŒMÍÌÌŒŒÎLÌKŒLÎÌMŒŽLÍ‚ŒM‹LŒKŒŽMÎMÍŽLÍŒMŒNÌKŒÍLMŽLMÌÍÌÎLÍÌÎLËŽNMŒÌÌMÌŽÍNKŒLÍŒNÌÍLŒÌÌÍÍMNMÍLŒŒÌNÌÌNMŒBŒM‹LŒKŒKŽNLÍNMNLLËŒÍÌLMÌŒMËŽNMMÍÌÌŒNNNŒLŽNMÌÌMÌKŒMÎNLMLŒŒÌŒM‹ŒLMLÌŽLMBŒM‹LŒKŒLŽNLLÎLÌÌMÌLËŒÍNÌŒÍŒMLMKŽNMŒMLMLÎÌŒŒÎÌMŒŒÍÌÍÎL‹ŒŒNMŽLÍÌLŒÍŽŒŒMMŒLNBŒM‹LŒKŒLKKŒÌNLLL‹ŒÌÎŒŽÍLMÌMÍ‹ŽNMMÍŒNLNÌÍÍMKŒŒÌÌÎNLLÎLËŒNÎMNLŽMÌ‹ŒNÍMÌÌLÍÌNŒM‹LŒKŒL‹KŒÍLNMŒÍÎMMÌNLÌ‹ŽNMNÍMÍŒMKŒLÌÎLLŒÎMMŽKŒNŒŽLÍMMLMŒÍLMLŒNŒÌŒŒÂŒM‹LŒKŒLËŽNLŒÌÌLMŒMŒÍLNNŒŒŽNNŽNMŒLŽMÌÍMLLŒÍKŒÌŽNMÍÍŒLLŒÌÌÎLÌŒNLNKŒŒÌÌMÌŽMÂŒM‹LŒKŒMŽMMMŒLNNŒM‹ŒÎMLŽLMLÌÎMŽNMŒŽLÌÌÌÌËŒÌÍLŒMÌNŒÌMNÌNNÍŒŒ‹ŒÍŒŒLMÍ‚ŒM‹LŒKŒMKKŒLMMÍMÌÎNŒŒNLÍÌLKŽNMMMMNÍLKŒÌŒMLNŽLLËŒŒLÌÌŒÌÍÍLLÍÍËŒLNMÌŽLMM‚ŒM‹LŒKŒM‹ŽNLÍÌÎŽLÌŒÌMM‹ŒŽÌNŽNMMÎKŽNMÌNMNNNMMLLËŒÎŒÌÍÎŒÎMŒKŒLÎLNÌŒMLÍÍÍÌËŒÍÌLMÌÌMÍMBŒM‹LŒKŒMËŽMÍÎLLLÍŒŽËŒÍŒŒMÎLÌÌŽËŽNMMÌÎMÎLÍÍŒÎNKŒÍMÌLLÎMŒMLMËŒNLNLLNMÍ‹ŒŒÌMŽŒŽNMŒM‹LŒKŒNŽNMÌÌÍLLŒMŒŒÎÍLLLMŽLMKŽNMLŽNNNMÎKŒŒÌŒŒÌMÎMÍM‹ŒMŽMÎLMMÎÌLÍËŒŒŒÌLŽNŽŒM‹LŒKŒNKŽMÍLÎMÌÌLMKŒLÌÌŽMLÍÌÌMKŽNMŽLŒÍLMMŒÍŒÎLŒŒÍMÍMŽMLKŒŒÍMÌNMÎLMŒMMŒ‹ŒÍŒLÌMMŽMLNMŒM‹LŒKŒŒŽNMMÍÍÌŒMŒLNMÌKŒLLLŽMÍLÍÍNŽNMMLŽMÍMÌLÍŽ‹ŒÌŽMÌÌÎLŒMKŒMÎMMNMLMKŒÎÎLLNLŽÌBŒM‹LŒKŒŒKŽMÍLŒLLLÌŒLŽŒÍLÍŒÌN‹ŽNMMÍÍLÍŒNLMŒLKŒNMNNMÌŒMÌÌÎKŒŒŒÍŽNŽLËŒŒÍŒÍÌMMNBŒM‹LŒKŒŒ‹ŽNNLLŒÌÍÌÍ‹ŒÎNÌŒŒÎLŒÍÌŽMMËŽNMNŒÎLÌNKŒMÌŒÍLÍMÎMKŒŒÌLÌŒŽMŒŒŒLÎÌNŒÍÎMMŽMLNÌÍ‚ŒM‹LŒKŒŒËŽNMŽMLMÍNMMŒŽMÍÍMMÌÎŽNMÌMÎLÌNŒÎLÍÎÎKŒMŒÍNÌÍÌMMKŒÎLÍÌLMÌÌÌŒMŒÎBŒM‹LŒKŒKŒÌLÍŒŽLKŒLŽÌŒÎNLÎKŽNMLÎMÌLŒÍŒÎKŒÎNÎMMÎÌŽNŒMLŒÎLMMŽLMMÍKŒLLÌNNLBŒM‹LŒKŒKŽNŒŒMMÌŽMŒŽMÌMŒMÌÌLËŽNMŒÎMŒÌMÍLŽŒMÌMLÍLLMNMKŒMŒLÌLMLNNMÍKŒÎLŽŒMÎÌ‚ŒM‹LŒKŒ‹ŽNLMŒÍŽLŽNŒŒÌLÌLLÎÍMËŽNMÌNLÍLŒMMŒLNŽNŒËŒMÍÌÍÌŽLŒLÌKŒÍÍLŒLNNMÎ‚ŒM‹LŒKŒËŽNLÍŒÍŒÌÎŒÌLÌÌLŒŒMÌŒMÍÎ‹ŽNMMŒNNÍŽM‹ŒMŒMÎMŽMŒLLNKŒŒŒMÎNNMŽLÌLLËŒÎNLŒÌÍÎLLL‚ŒM‹LŒKŒŽŽNÍLŽÍNLÍŒËŒÍŒŒŽLŽMLÌÍMŽKŽNMNLŒÎMÌMŽLŽLËŒLMÍÌLŒLÎLÍMKŒLŒŒNMMLLMÌÌL‹ŒŒLMÌÍÌMÍNLBŒM‹LŒKŒŽKŽMÍÍMÍMŽMKŒÌMÎLÌÍMLÍÍËŽNMŒÌŒÍÎŒNKŒLÍÍMLÍLÎMLËŒÎLNLŽNM‹ŒÍŽNMMLŒMÌM‚ŒM‹LŒKŒÌŽMÍÌÌÌNNMŽML‹ŒŽMÌLŒLLNMŒM‹ŽNMMNMMMÌMŽNŒŽLŒLÍLNMÍËŒŒŽÌÌÍMÌMNLÎŒMÎNÍLŒÎLÌLMBŒM‹LŒKŒÌKKŒMLLŒÎLŒŒNLÍMÍNNMNMKŽNMNMÌMMÌÌÍŽLMŒLMMÎLLÌÍŒÎŒÌMMÍŒÌMŒLŒLNŒŽL‚ŒM‹LŒKŒÌ‹KŒŒMÌLÎNÌM‹ŒÍÍNŒŒMÍŒLŽNMŒÍLMŽ‹ŒÌMÍLLMŽŒMŒMMŒÌÍÍŒLLLMŒÌŒ‚ŒM‹LŒKŒÌËŽNLÍÍNÍLÍLÍÍM‹ŒÍÎMŒÍNLŒMËŽNMNÌMŒŒÌMŽNL‹ŒMÌÌÍÌÍŒMËŒŒÌŽLLÎÍÌÍÌÎL‹ŒÍMÌÍMMLÎMÎÍ‚ŒM‹LŒKŒÍŽNLŒMMÌNLÎ‹ŒŽNŒÌŒLLŽLÎËŽNMŒÌÌÌLÍMMÍKŒŽMŽLLÎÎŒNŽMÍLNLKŒÎLÍMÌŒŒBŒM‹LŒKŒÍKŽNŒNMNÎMÌÌËŒÍNMLÌÍMÍÎMMËŽNMŒÍŒÌLNMÍŒÎKŒNMMLNLŒLŒŒMŒŒÌŒÍŒÍMŒŒÍÎÌËŒNNÌMÌNMÍMNBŒM‹LŒKŒÍ‹ŽNMÌMÍŒÎKŒÍLLNÎÌMÍNËŽNMŒNMMŽLŽLŒŒÍŒŒLÌNMLÍŒŒMKŒÎMLMÎLÎMŒŒML‹ŒŒNLNMLÌÌLNÂŒM‹LŒKŒÍËŽNMÎLŒLMNŒÌNMNŒMŒÌ‹ŽNMŽLMLLÍLŒMÌ‹ŒÌŒMÌÌNŽMÍ‹ŒLÎÍÌŒŽLŒŒ‹ŒŒŽŒŒ‚ŒM‹LŒKŒÎŽNMŽMMŽMÍÍÌŒKŒÍMÌŒŽMÌLLÎMËŽNMNÌÍNÌŽÌŒ‹ŒMŒMNNMM‹ŒÌÍNNMÌLŒ‹ŒÌŽMÎMMŒÌÌBŒM‹LŒKŒÎKKŒMÍŒMÎMŒÍŒËŒŽNLMMŒLÍÌŽMËŽNMMLMÎLLNLËŒŒÍÍÌÍMMNÍMŒËŒŒÍLŒŒMÍNLËŒÎLMŒÎMLŒLŽLÌÂŒM‹LŒKŒŽNMMLMMËŒÌMÍNMŽÌLMÌËŽNMÎNÌÎŒNLŽMŽÌÍNMLÍŒŒŽNNMMLÌÎLŒŒÌLMNLÌŒŒM‹LŒKŒKŽNŒŒÍÌNLÎMÌ‹ŒÌŒŒŽMLÌMNMKŽNMMNLŽÌKŒŽMLÌMMMÌŒÎMÎŒMMMLŒÎMNMLNŒLŽŽÍŽÌMNNMBŒM‹LŒKŒ‹ŽNLNMÍÌŒÍLËŒÌÍÌÌÍNLÌŒÌÍL‹ŽNMŒLLŒÎÍMÍLŽŒLMŒŽMÌÌŒLÌŒŽNNMÎŒÌLLLŒËŒMÎŒLÍLŒNMNLŽMBŒM‹LŒKŒËKŒLÍŒMLLŒËŒÎMÍMÌMMÌMLNKŽNMMÎŒMMNMÌMËŒNLŒÌÍMÌMŽLL‹ŒLLNÎMLÌÍËŒMŒÍŽMŒÌNÎÂŒM‹LŒKŒŽNNMÍLLÌLÌŒŽLÍÎLMŒŽMÎNŽNMŽMŒÍÍŽŒÎMÌNNŽNÍM‹ŒLNŒÌLMÍŒÎLÍMÎMÍML‚ŒM‹LŒKŒKŽNLŒLÎNLMÌŒŒÍKŒÎÎMNŒÌŽNKŽNMÌŒÌÍÍÍÌLKŒLMÍÎNMLŒKŒLÌMÍNÌMÍŒMÍÎNMÍLÌÎMBŒM‹LŒKŒ‹ŽNLNMMŒNÍŒŽNNÌLÍŒ‹ŽNMŒÌMŒM‹ŒLŒMŒŒÎMÍŽËŒNLÍMŒLÎMLMNŒÎMŒÌLŽMNBŒM‹LŒKŒËŽNLNÍMNMMMÌ‹ŒLŒŽMÎŒŒMÍŽNMMMŒŽLMMLLÌM‹ŒÌŒŒMŒŒÎML‹ŒMLLÌMÍLNŒMNLŽÍMNLMŽMŒM‹LŒKŒŽNNŒŽMŒNLMLMËŒÍLNÎMLLNKŽNMŒŽMŒÍNLŽÍŽM‹ŒÌÌÎŒÌÎÍŒŒÍNLÎÌLLMMŒLÌŒÍÍŽMŽNM‚ŒM‹LŒKŒKŽNMMŒŒNNMMÍËŒÍÌLŽÍÌNÎ‹ŽNMNÍÍÌMÌŒÍNËŒMÌMÎŒNMŽKŒMÍŒLŒLÌÍÌŒÍÍÌMËŒŒLÍÍŒŽN‚ŒM‹LŒKŒLŽNÍÌÌŽŽMNNKŒÍLŽMÌÎŒMŒLMMŽŽNMNNMŒÌÌÍMLMŽËŒÍNLLÍÌNM‹ŒMÌÎNMŒÌÌMŒŽLŒKŒNÍÎLBŒM‹LŒKŒLKŽNLŒÌŒMŽNNÎLÍMÎKŒLÌŒÌÍMÍLKŽNMÌŒÍÌNMÌLÍNÌËŒÍÌMÌŒLMŽMKŒLÌÍMÌMLÍŽMÎKŒÍŒMŽLŽLLÌÍBŒM‹LŒKŒL‹ŽNNLMÍÌMÌÍŒMLÎLÌÎLMÎŽNMLÌLÌLŒÌŽÍŒLKŒLMŒNÍŒKŒNÍÌŒÍŒLÍMMÍËŒNŽMMÍLNÍŒM‹LŒKŒLËŽMÎÍÍMÎÍŒNMM‹ŒÍÌLMMÎNÌÌKŽNMMÌÍŒŒÌŒŒÍMÌÌŽÌMMÎM‹ŒŽMNNLNMLLM‹ŒÌMNÌÌÌNLÍŽÍŒM‹LŒKŒMŽNMLLŒÌNMÌKŒÍMNMÍÌÌÍ‹ŽNMŒÌMÌLŒMNMMŒŽLLNMÌNŒNMNMŒŒÌLŒÍÍŒÌNKŒMŒÌÌÎLÎLÍÌŒM‹LŒKŒMKŽNŽNMÌÍMÍNLËŒÎŒŒŒŒLËŽNMMNÌÌÍŒŽŒŽNMŒLÌÍNNKŒMMŒÍÌŽMÌMKŒŒÎÍMÌMŒÍBŒM‹LŒKŒM‹ŽNNÍŒÌÍMMMLMŒKŒÌÎÍNNMLŽNMŒŒMÍŽMLŽÍÌKŒÍÎLÎNLÌÎËŒMMŒŒÍŒÌLŽMŒLÍLÎÍŒÌŒNL‚ŒM‹LŒKŒMËŽMÌÍÌÎŽÎMLMMKŒÌŒÍÌŽŽNL‹ŽNMŒÍLLMÍŒNËŒÌLŒÎLŽËŒŒÌÌÌÌMŒÍŽMM‹ŒMMÎNMŽLŒM‹LŒKŒNŽNÍÍŒŒŽMMŒËŒŽNNLNLÌÍLKŽNMŒMMMÌLÍŒÎËŒÌŽLMŒÎLLËŒMMÍÎŒMÍLÌLLÌ‹ŒÎLŒÌŒÎMÎLŽŒM‹LŒKŒNKŽMÎNLLMÌ‹ŒLŒMLŒÌ‹ŽNMŒMÎŒŽMMÍŒŒÍÌLÍÎLMŒÍÍŒÍÍLÌNÌLMKŒLMLLMŒLMÎÍBŒM‹LŒKLŽNNLÍMLMÎÌKŒÌÌŽŒÌŽMLLÌMÍ‹ŽNNLŒÎLMŽLNMMŒKŒNMLLŒMMÍŒŒŒÌÌÌÍLŒMKŒNÌÍŒLŽÍÍMŒM‹LŒKLKŽNMMÌŽÌŽNLËŒÌÌÍŒLŒMMÌLNKŽNNLÌŽMÌÍÌNNMŒMKŒNÌNMLÍÌÌ‹ŒMÎLNMMNNMMNŒNÎMMŒÍŒMMŒM‹LŒKL‹ŽNMÍŒÎMÌÌŽMÍÌNLËŒÍŒÍMÍÎLŒŒÍÍŽNNLNNNLMŽMLKŒŒŒNMŒLŒ‹ŒNMMLŒLÍÎLMŒNMŽLMÌÍÎNLÍŒ‚ŒM‹LŒKLËŽNMŽNÍŒNNÌ‹ŒÎÌMMÍML‹ŽNNLLÌŽLMNLŒŒ‹ŒŒLÎMMŒÍNLL‹ŒÍMLMÌÌMÌLMNMKŒŒLŒÌŒLÍM‚ŒM‹LŒKLŽNLNLŒŒMÌŒÍLŒÎKŒÍLŽÎMŽMÍLMŽNNLMMÌNMŽÍËŒŒMÌÎÌÍŽÌÌMKŒŒNÎŒÎÌL‹ŒNMMMNNMÌMMBŒM‹LŒKLKŽNÍŽLMLMLLNLŒŽŒÌÍLŒÎLÌNLMMŽNNLŒŒMNLMLÌËŒNLŒÌŒLÌÌMÍÌNŒLMÎMMŒÍMÍÍÍLLÍKŒNMÌNLŽLBŒM‹LŒKL‹ŽNMÍLŒLÍÍÍŽ‹ŒÍLÌMŽMŽÌŒÍLLKŽNNLŒLÍŒÎMÍLËŒNNÎNMÍNLLL‹ŒŒÎLÍÍÍÍŒÍMÎŒNLÌŽLMŽMŒLÂŒM‹LŒKLËŽNLLÌMŒÎLLMŒKŒÍMÌMMMÍÌÍŒÍŽKŽNNLŒNÌŽLŒLÍŒËŒNNMÍŽÌÎMŒMŽL‹ŒLÌMNLÎÌÎËŒNMÍNLMMNÍŒŒM‹LŒKLKŒŒLŽMŽNLÍKŒÌŒÌLŽNMLŒ‹ŽNNLŒLMŒŒLŒNMMLNNMŒMÎMŒÌŒÍÎMÌLŒŽKŒNÍÌÌLMŽ‚ŒM‹LŒKLKŽNMŒMLMÌMLŒÍÍLËŒŽMÌŒÍMÍMKŽNNMÌLŒŒMLL‹ŒMŽÍŒLÍŒÌMŒ‹ŒÌŽÌÌMMÎNNMÍNMŒMMNNMŒLNŒM‹LŒKLLŽNLÌŽMÎLŽMŒÎKŒÌMŒLMLLÍÍŽNNLŒÌÍNÌÌLÍ‹ŒNMMLMÎMÍMŒLŽŒLMLÌLŽLLŒLÎŒMÎMLÍMLÍŒÌÎŒM‹LŒKLLKŽNLNLNLÌŒŒŽLNKŒÌŒLŒMÍLLŒÌ‹ŽNNLŽŒÎLÌÍÍ‹ŒNMÍÍÌÍÌMŒLŒMŒŒÌLÍLÎL‹ŒMÍÍÍMÍŒÎMLL‚ŒM‹LŒKLL‹ŽNMLÌNLMNLÍŒMLËŒÍNMMÌÌŒÌLÎ‹ŽNNLÌÎMLMŒÎKŒNLLÎLŽŒÌLŽŒNNMÌNŽMLÍŒ‹ŒNLŒÌMMMÌÌMÌLÂŒM‹LŒKLLËŽNMŒMŒÎMÌÍKŒÍÌŒÌŒŽLNÌKŽNNLLMLLÎMLLÍ‹ŒŒLÍÍŒLŒÌËŒLMMMŒŽNÍËŒŒŽMÍÌŽLŒLÂŒM‹LŒKLMŽNMŒÌŒMÌŒŽMŒÌLÍMNMÎMŒMÍÍKŽNNLÌÌŽÍÎÌMŒNÍLNMMLËŒÌÍNÍŒMÎÌMËŒMÌÎLŽŒÍÌÎŽMBŒM‹LŒKLMKŽNLÍÍMÌÌŒŽMŒÌŽŒLLNLLŽNNLŒLMLLMLNŒKŒNNMNÍÍÍMMLÍŒLŒLMMÌŽLŽ‹ŒNÌŽÍÍLÎMŒÌMÍNŒM‹LŒKLM‹ŽNNLNLLNLMM‹ŒÌŒŒMŒÌÌÌLŒŽLËŽNNLŽLÍMLŒŽŒNLLMMŒÍMŒMLËŒÍLMMMŽMMŒŽMKŒNMLMNLLLMML‚ŒM‹LŒKLMËŽNÎMŒÍŒÌÎNMŒËŒŽMÎMŒÍŒŒÌÎMËŽNNLÎŒLŽLMÌLLÌ‹ŒMÍLNNNLŽMLÎŒLÍLÎÍŒŒ‹ŒMNŒNÌMŒM‹LŒKLNŽNLÍLLÌLŽLÎŒŽLŒŒŒÌMMŽŒŒKŽNNLÌÌŽMLÍ‹ŒNÍLÍMŒ‹ŒLŒLLNLŒÎNNŽLLËŒMÌLMÌMÎLÌÍBŒM‹LŒKLNKŽNMMÍMÍMÎÎÍ‹ŒÌLÍLŒLLÌÍNŽNNLŽLŒÍÍÌÎMNMMËŒNNLNLŒŒŽËŒÎMÍÎŽMŒMÍLŒÌMMÍŒŒÎÍBŒM‹LŒKLŒŽNLŽNNNLNŒMËŒÍŒMÌNNŽÍM‹ŽNNLMÍMLŽMŽŒŒŽMÌŽMŒÍÌKŒŽNLNMÌMÌNKŒNNMMLLÍLÂŒM‹LŒKLŒKŽNMÌMLLNMŒKŒÍÌÍLLMŒŒÌKŽNNLMÌLMŒŒŽMËŒŒŽLLÎÍNŒMLÌŽLMMÌMŒŒÍÌÌŒM‹LŒKLŒ‹ŽNMŽLÌLMÌLŒŒLÍŒÍŽLLÍŽLMÌKŽNNLŒLÍÌÎNLKŒNLMMMLMŒLÌNKŒÎŽMÌŒÌÍŒŽKŒNŽNLMNLLMÎBŒM‹LŒKLŒËŽNMÌŒŒŒNLŽNLËŒÌÌMMNNNNŽNNLŽŒLNMÌLKŒNLMÌMLMÌÎŒŒŒNMMÍÍŒNÍŽMÍÍŒÎMLÎ‚ŒM‹LŒKLKŒNLMLLŽMLÌËŒÍNMLLÍNLKŽNNLNŒŽÍLÎLÌMËŒŒMMŽMŒKŒLNMMMÌMLÍKŒNLMŽNNMLÍ‚ŒM‹LŒKLKŽNNLŽNLŒŒ‹ŒMLÍNMMÌM‹ŽNNLŒMÌLÍNLLÌËŒNNŒMMÍÍKŒÌÍÍÍÎÍLÍMŒMKŒŒÍMŒŽLŽNÌ‚ŒM‹LŒKL‹KŒÍÎMÌŽŒÍNLÌLMÍLËŽNNLŒÌÌÎLŽKŒNLMLŽLÍŒLÎÍŒ‹ŒMÌNLŽ‹ŒNNNNMNLÎÎ‚ŒM‹LŒKLËŽNMÌÍŽLÎLŽMLŒŒ‹ŒÌŒMÌÌNMŒMMMMŽNNLÌÎŒÍMNMÍKŒNŒŽMNMNLÍKŒLLŒŒLÌMÎMŒŽËŒNLŒLÍÎMÎMŒMBŒM‹LŒKLŽŽNNÍÌLMŒŒNKŒÌÌÍÌMMLŒMŽNNLMÌÌŒMNLLÍMËŒŒÌÌŒÍÍÌÌ‹ŒMLÌLÌŒŒÍLÍŒÍ‹ŒNÌLLMÍMÌLŒŒM‹LŒKLŽKŽNMŒNNŒNNLLKŒÍLÎMÌŒMMËŽNNLNLMÍMÍMÎŒŒLŽLÌŽLÍŽKŒÌLLÌŽMMMLMÍ‹ŒNMMÎNMŒÎLMNM‚ŒM‹LŒKLÌKŒLLMLNMÎNLKŒÌLŒŒMÎŒMMŒMMËŽNNLŒÌMLÍNNÎŒNMŒNÍÎLÍKŒLŒÍÌŒLŒÍMKŒMÍLŽŒÍLLÍÂŒM‹LŒKLÌKKŒLÍÌLŒLMLÍ‹ŒÍLŒŒŒÍMLLMKŽNNLNLŒÌŒŽKŒŒMŒÍŒÌÌÍMLMÍKŒLLÌMMÍÌLÍNKŒNMÎMŒÍMÍÌŽLŒM‹LŒKLÌ‹KŒÌŽNLÍNNLLÍŒÌÍNMMŒŒŒNNMÍKŽNNLMMÍÌÎÌËŒŒMMÎLŒÌŽÎLŒŒŽMÌÎLMŒŒŽMKŒNLŽMŒÍMŒBŒM‹LŒKLÌËŽNMNÍLNNŽLŒÌNMNMMMÎMMŽNNLŽNŒŒLL‹ŒNÌŽÌÍNŽLŽL‹ŒÌMMŽLŒÎLLMÍKŒMÍÍLNMÌŽ‚ŒM‹LŒKLÍŽNNLLMÎLLŒÍËŒÌŽLÍÍÍMLL‹ŽNNLÍMÌMŒNÌLÌLŒÍMŒLËŒŒLÍŽNMÍLLLÍÍŒNÌNMNMÌŒ‚ŒM‹LŒKLÍKŽNLŒMMÌNLNLMŒMŒÌLŒŒÌÍŒKŽNNLÌÍÍŒŽMMŽMKŒNNNLÍÌŒLÎLÎLËŒÍŽLNNMÍLÌMLËŒMÌÍMMŒŽMBŒM‹LŒKLÍ‹ŽNNLŽÍŽMÍNNLËŒÍÍŒMŒŒLLŒŽŽËŽNNLŒMÍLÎLLÍŒŽKŒNMÍÎMMMÎLÌŒMŒÍÌLÍÍNMNMÌKŒŒÌŒLÌŽÎŒŒMÂŒM‹LŒKLÍËKŒÌÍÎLÌŒLŒÍÎŒ‹ŒÌÍŒÌMÌÎNMMŽNNLLÎMŒÌNŽLŽKŒNLÌLÍŽÌLŒLŽËŒÍÌŒLMLŒÌ‹ŒNMMLLŒŒNŒM‹LŒKLÎKŒNMMÍÌÍ‹ŒÍÎLŒÍMLÎMÍ‹ŽNNLÌŒLŽÎLMKŒNLÍÍLŒNMŒM‹ŒÍÌÍMŒŽMMŒŒÎÍLÍMMMŒM‹LŒKLÎKŽNLŒLNNMÍŒ‹ŒÌMÍMŒNMÍLLKŽNNLŽMÍŒÍŒLŒÍŒNÌÎNMÍÍŒÌÌMŒËŒMNLMNÎNKŒMÍLLMLLŒLNMÌ‚ŒM‹LŒKLŽNNÎLŽÌMŒÍËŒŽÎMÍLÌLÍLNLËŽNNMLNMŽMÎMŽKŒMÌMLŒLNŒÎŽ‹ŒLLMNŒŽŽMËŒMŒNMÌMŒÍÎÍMÂŒM‹LŒKLKKŒLMLLÌMMÎKŒÍLMÌŒMMMŒNM‹ŽNNLLLLÍNLNKŒŒLMMÍMÌLLŽLÍËŒLLLLNLÍÍMŽMKŒNLŒÎŒŒMNMLŒÌMBŒM‹LŒKL‹ŽNMLŽLŒLLMŒLKŒÍÍŽLÍÍMŽLŒËŽNNLLÍNMMÍÍÎËŒŒMMÌMŒLLNKŒLÎNLŒÍÍLŒŽLËŒŒŒÍÌLNMŽLLBŒM‹LŒKLËŽNNMNÌÍŒÍÎÍL‹ŒÌMŒŒMÍÌMÎNLŒÍŒËŽNNLŽLMNLMLŽKŒNNMLÎMÌŒÍËŒŒNLLÎLMMMN‹ŒNLÍLŽŒŒŽMÌÍ‚ŒM‹LŒKLŽNMNMŒŒÌLNNLL‹ŒÎÌŒÎLMÍMŒNŽNNLMMÌLÌÌŽŒŒŽŒÍNÎMÍM‹ŒÍNMÍŒLLNMÌŒKŒŒLLMLÌŽLÎLÍŒM‹LŒKLKKŒŽNNNLLLLMKŒÌÍŒÎÍŽLÍ‹ŽNNLÎLLMMŒNMKŒMÍŽMLÎLMÍL‹ŒŽÍMÍMÌMÎËŒNŽÎLÍŒMBŒM‹LŒKL‹ŽNMMŒKŒÌMLÌÎMMÍŽŽNNLMŒÌÌÍŒNLŽÌŒÎMLŒŒÌÍÌËŒLŒÌLŒŒNLMNŒMÌÍÍŒÍÍÌÎLMÎŒM‹LŒKLËKŒÍŒÎÌŒÌLL‹ŒÍÌŒMÌMNLÍKŽNNLŒMŽNMKŒNMÎÍÍÌÌNÌÍLŒŒÌŒÎŒŽLMŽKŒNMÌMNMŒÌMBŒM‹LŒKLKŒÍÌÍÎMMNNM‹ŒÌLŒLMLMMÍŽLŽKŽNNLÍÌNLÍËŒNMŒMLLLÌLÌŒNMÌÎLÌMŒKŒMÍNÌNNMNNŒM‹LŒKLKKŒNÍÌNLÌLKŒÌMÍŒÍNLÌŒÌŒÌÍKŽNNLŽMÍNMMŒNMMLÎMMŽKŒÌŽLÎMŽMÎMÎKŒMÍÌŒŒŒMÍNLŽÍBŒM‹LŒKLLŽNLŒÌMÍMKŒÌLLNLÌÍLÍÍŽNNLŽLNŒÍŽLŒ‹ŒNMŒÍÍLMKŒLNLMŒÌÍŽŒMÍŒŒÍÍŒMŒŒMŒÂŒM‹LŒKLLKKŒÌLMMŒÎMNÍ‹ŒÍMLLÌÌMŽNNLŽNMŒLMŒËŒNŒŒNŒŒML‹ŒŒÎNÌŒÌÍÍKŒNNÌÌŽÌŒ‚ŒM‹LŒKLL‹KŒŽÎNŒŒÌËŒÌLÍNÎÌLËŽNNLŽÎÎÍMM‹ŒNŽMÍŽÍNMKŒÍÌMMŒMÌÍÌLÌNMŽMNMBŒM‹LŒKLLËKŒŒŽNMÍÍŽM‹ŒÍÍLŒLMÎMLM‹ŽNNLÍÌÌLÌÍMŒŒLÍMÌÌNLÍMMÌMŒLÌÍMÌMÌÎŽÎŒŒÎŒÎÍÎMÎMŒM‹LŒKLMŽNŒLNNMMŒÌLËŒÍÍMÎÍLLŒLËŽNNLLÍÍÍL‹ŒŒŒŒÍMÌLŒÌLMÍKŒLMÍLLÍLNÌMM‹ŒŒÌLLŽLÌMNLLŒÂŒM‹LŒKLMKKŒLLŒÍÍŒŽN‹ŒÌÌNÌLLNLŒÎMKŽNNLLÍMÍŒŒÎML‹ŒŒÎÍÍŒMÌÍÍÌKŒÌLLÍLÍMLËŒNNMMÍLMNMÍBŒM‹LŒKLM‹KŒÎŒŒÍLMLŒŽŒÌLŒÌMMLNÎMÌ‹ŽNNLŽLMMLŒNNMNLMMKŒNNNLMNLMŒÌŒŒËŒMÌÌNMMMMMÌLBŒM‹LŒKLMËŽNNMŽLLMÎËŒÌÍÍŒNÍMÍÌŒÍKŽNNLNMŒŽL‹ŒNMŒŒÌÌÍŒNÎŒLLNLÌŒÌŽŒNMMLŒNNNBŒM‹LŒKLNKŒÌÍŽLÍÎLŽNŒÍLŒÍŒMŒŽKŽNNLMLÌÌŽLLÌÍLNŒŒMÍLLMŽŒÍÌNŒŒNMLŽÎLKŒNLÌLÌŒŽMÍŒBŒM‹LŒKLNKŽNLŽNLÍMŒÌŒŒŒŽLËŒÍÎLÍÌÍÍLLM‹ŽNNLNLMNLMNNLKŒŒLŒÍLÍŒËŒLLMÎÎNNMKŒŒÍMŒŒLMŒÍŒM‹LŒKLŒŽNNNLNÍŒÍŒŒÌÌŒËŒÌÌMŽLŒLKŽNNLŽLŒNŽLŽM‹ŒNLMMMÎNLŒËŒLŒŽMÎ‹ŒNŽNNÎLÍL‚ŒM‹LŒKLŒKŽNLÎŽNLÎMÍŒ‹ŒÍLÎLÎŒŽNNLMŒMLLLÍKŒŒÌLÌŒŒMÍÌMNŒLLLÌMLŒŒÍNMŒŒLLÍÍNMLLLBŒM‹LŒKLŒ‹KŒÌÍÍLMŽËŒÎÍÍMŒMŒNKŽNNLMLÍÎLÍÍKŒŒŽNÍÎKŒNLÌMNLŒMŽÌÌŒÎKŒŒLŽNMŽNLÂŒM‹LŒKLŒËŽNMÌMŒÌŒŒLLËŒÎMÌMLŽŒKŽNNNLÍÎLMŽLMKŒŒŽNMÌÍNMÍŒMËŒMLÍLMLÌM‹ŒŒŒÌÌNÍÍMÍM‚ŒM‹LŒKLKŒÌŽLÍÌËŒŽÎLÎMÍMLŽL‹ŽNNMÌLŒŒŒMMŽŒMŽLÍŒÌLÌLMŒŒÍNŽMMŽÌŒKŒMNLNNLNNLÍLÍLÂŒM‹LŒKLKŽNNMÌÍLLŒÍMÎKŒÌMMMŒÎLÎLÍÎMLMŽNNLÍÌÌLÌÍ‹ŒNLMÍŒÌÌÌÍLÌÌ‹ŒŒMÌMÌNŒ‹ŒMÎMŽMMMMNL‚ŒM‹LŒKL‹ŽNLÌNNÎMLÎŒÍŽNMÌŒŒMMÍŽNNLŽMÌÌŽLŒ‹ŒNMMŒÎMMÍNMNMLKŒLŒMMÌÌLÍÌÍËŒŒLMNÌLMLMŒ‚ŒM‹LŒKLËKŒÌÌMŽMMÍMÌŒËŒŽMÎNŒNÎNMËŽNNMÎNŽLMŽMÎKŒMÌÍMÍŒŒÎŒÌM‹ŒÌMŒÌNNÎÍŒMÌLŒMMMMBŒM‹LŒKLŽŽNMÌLMÎLŒLKŒÌŒŒNMŒÍÍŒLŽKŽNNLŒLÌÎNÌÍŽKŒNNÌNŽNŒMŽËŒLMMNLÍŒLLÌ‹ŒNLMÍLMLŒLÂŒM‹LŒKLŽKŽNMÍÍMMÍÎMMËŒÌÌLÌÌŒŒŒŽNNLMÌNÎŒMÌ‹ŒŒÍŒŒÍÍM‹ŒÎNMÌÎNLMÎÌŒKŒNMLÍŒÍÌÍŽMÌ‚ŒM‹LŒKLÌŽNMMŒMNMLŒKŒÍŒNLNMÍÌÎŽNNLLLÌÌNLÍKŒŒLNMÍÎLLMÍÎMKŒÌLLÍÌÌNMÌŽMÍMŒNNLLÍLÌŽÍŒM‹LŒKLÌKKŒMÌMŽMŒŽLŽKŒÌLMŒÌÍÎÌÍ‹ŽNNLŒNLMÌŒLKŒNNMÍŒLMŒÌNŽM‹ŒMÌŽLNLMÌÍLÍMŒMÍÍÍLLÌÌÍŽBŒM‹LŒKLÌ‹ŽNMNŒÌMNMÌÌŒŽŒÍŽMÎLMMÌÌŒKŽNNNMÍŒŒÌŒ‹ŒŒLÌMŒÍÌ‹ŒÍŽLNMMLLÌŒŒÍÌÎNÌÍÍÌÍNLÂŒM‹LŒKLÌËŽNMŽÌŽÌÌMŒKŒÎLÌMÎMÌŽNLŒ‹ŽNNLÍÍŽŒMËŒŒMÍŒLŒŒNÎNMKŒÍNMÍNMŒÎMŒŒLNLÌŒŒLÍLLNÂŒM‹LŒKLÍŽNLMÎLMÍLÍŒŽNLÌÍŽLŽMŒMŽNNLÍÎMÍNMÍÍŒKŒNÌŒLŒÌÌÎMÍÍÌÌ‹ŒÍNLŒŽLŒMŒLŒLLËŒMMÍMŒÌMŒÂŒM‹LŒKLÍKŽNÌÎMÎMMMÌÌMŒÍMŒLŒNÌMMËŽNNLNMŽLÍŒÍÍÌËŒŒÎMNÍÍMÍ‹ŒLNLÌŒÌÌÎLMÍLËŒNMŒÌŒŒŒLÌLÍ‚ŒM‹LŒKLÍ‹ŽNLNÍÌLŒÍŒŒNËŒÌÌŒLLMLNÍNL‹ŽNNLŽLNLMŒŒŒÎËŒNMŒLÌLÌL‹ŒNLLLÎMÍKŒNÍÌÎLŒÍŽLLÌÍBŒM‹LŒKLÍËŽNÌNMÌÌLÌÌMÍLËŒÍÍMÎMLÍŒÎMLNKŽNNLNÍNNÌÌMÍKŒNLLMMLMMLŒŽMŒLÎMÍÍLLLNNNM‹ŒŒÌMÍMŒŒŽLMLMÂŒM‹LŒKLÎŽNNNMMÎLŒMŒÍNŒŽŒÍËŽNNLÎMNÍÌ‹ŒMÍŽLÌÍMNLŒŒÎMNNLLÌMNMŒËŒMMŒÌŒLÌÍŒÌÌÌLÂŒM‹LŒKLÎKKŒLNŒŒMŽLNMLL‹ŒÌŽMLŽMŒÌÌŒLMÍ‹ŽNNLŒŒÌMMŒ‹ŒŒLÍLMÍLÍMNKŒLMMŒÌÍÍÌŒÍÌËŒNNŒMŒ‚ŒM‹LŒKLKŒLÌÌMMMÍŒŽKŒÌÎMÍÍÌMŽMŒLMËŽNNLLŒLŽLŒÍŽLËŒNLÌÍÍLMNLNMÍLËŒLLÌŒŽNÌÍNÌÍMËŒNÌÌÎÍŒM‹LŒKLKŽNLLÌÎÌÍÎLÍÎŒÍNNŒLMMÌÍÍŽNNLNMMNMÌMKŒŒMLŒNNLNÍKŒÍŒMÌŒŒMÌÌŒMKŒNLÌÍŒMÌÎŒM‚ŒM‹LŒKL‹KŒÎLNLNNMM‹ŒÍŽÌŒMNNLŒLŽNNLŒMNMMLNLŒNNMÌMLÌLLMŽËŒÍMŒÌNLŒŒ‹ŒŒÍLŒMMŒŒÍÍÂŒM‹LŒKLËŽNNLÌMLÎNLËŒÌÍLNMLÌMŽLÍKŽNNLŒÍÍÍMÍŒŽŒNMLŒŒÌLÍŽLÍÍŒ‹ŒŽLNÌLNLMÍKŒNMMMÍLÍÌÎŒM‹LŒKLKŒÍNMŒÎMËŒÍÌÌÍŒLÍMLŽŽNNLLLÌÌŒ‹ŒŒLLÍŒŒNLÌMŒLNÌLÎNNKŒNLÌŒÌŒLŒLM‚ŒM‹LŒKLKŽNNMNMÌÌLÍÎKŒÌŒÌLLÍÌNLNKŽNNLÍÍŽLMÍËŒMÍLÍLÌMÍLMKŒÍŒMÌMMŒŒÌÎLLŒ‹ŒMÍÎÎMŽÍÌNNLÂŒM‹LŒKL‹ŽNLMŒMŽŒNLKŒÌNMÌLNMMMÍÌ‹ŽNNLNNMÌLÌŒÍKŒŒŒŽMLÌLÌÌŒŒÍŒÍŒÌLŒLÌŽNMŒKŒMÌNLÍNLNNLÂŒM‹LŒKLËKŒLÌMŒÍMMŒÍNMÌÍLÍŒÌ‹ŽNNLŒLŒMŽMŒŒÍKŒNNLLMNNLÌÌLÎËŒÎLÍÍMÍLŒMLNNŒNMLÌMNLÌÎLNŒÂŒM‹LŒKLKŒLÌMŽMÌËŒÍÌÌÍLÌMMËŽNNLMÍMŒLÌLMÎMLKŒŒÌMÎMÌŽMŒÍËŒÌMLŽLÌLŒLMËŒNLMÌLÍÎMŒM‹LŒKLKKŒLŒLŒŒÍNÍKŒÌŽMŒLLNLNŽMËŽNNLÍMLLLÌÍŽKŒMÎMLÍÌÌŒÍKŒÌMŒNMMÎNŒMÌÌMÍÍLÍMÌ‚ŒM‹LŒKLLŽNMMMŒLÎŒÌŒLLÍMNML‹ŽNNLÍÍÎLNMÌÎL‹ŒMÍŒÍÍŒÍÎMŒÍÎËŒLÌLMNLNMMÍÍKŒMÌŒLÌLÌLŽMÍÂŒM‹LŒKLLKŽNMÍLNNMNNMLËŒÎLÍLMNLŒÍŽLNKŽNNLLÎMŒŽËŒŒMŒMÌNÍMÍM‹ŒLŒŒLNŽMNÍ‹ŒŒMLLŒÍLÍÎLŽMÂŒM‹LŒKLL‹ŽNNMŒMÎÌÌŽNŒÎŒÍÌÍŒÍLÍŽNNLLŒÌL‹ŒŒMÍÎNLNŒMLŒÎNŒLLMMŽMŒÍÍÍ‹ŒŒMLÌMŽLNLÍŒM‹LŒKLLËŽNLLŒÎMŒMNKŒÌŒLNMNLMMŽNNLÎNMM‹ŒNNLMLMŒLÎLŒÍËŒMÍNNMÎLÌLËŒNLŒŽŒÍÌŒÍŒM‹LŒKLMŽNMŒLÌMŽŒŽNŒÌÍLÍÍNÍÌŽNNMNNLMŒNËŒMÌMNLÌLMÎÍKŒÍÍLLÌŒŽMÎM‹ŒMÍÍMMLÌÌ‚ŒM‹LŒKLMKKŒLMŽÎNMÍÍMŒÍÎMNLÎMLMKŽNNLMŒŽMŒMÌÌ‹ŒŒMÍÍMMLLËŒMÍLLÎLŒM‹ŒNLŽMÌÍNLÌNNNŒM‹LŒKLM‹KŒLLÌNLÌŒŒÌMMŒÌŽMŒLMNLŒŒKŽNNLNMLÌŽLÍLŒKŒŒLÌNLÍNNLKŒLMNNMÌÌÌMÌMÍŒNŒÍÌNŽÂŒM‹LŒKLMËŽNŒÍŒÍÌLŽLNMŒÍLMNÎÌŒŒÌM‹ŽNNLÎNMÌNMÍŒKŒNNŽMÍŽMÎNNŒÎLÍŒMŽMŒLŒNMÌÌŒLLMÌÍ‚ŒM‹LŒKLNKŒLŒÌÍŽŒŒÍŒÍÎMÌNMÍÍÌMËŽNNLLŒŽMŒMÍŽMÌËŒŒMÍÎLŒËŒLMŽÍMMŒŒËŒŒLŒŽÍLLŒM‹LŒKLNKŽNLŒŒŒNLÌMKŒÍŒNÍÍLL‹ŽNNLLŒÍÌLŽŒŒLNŒLNLÎLLŽ‹ŒLÌŽÎLÌÍÎÌÍ‹ŒŒLÌMMÌLNLŒÂŒM‹LŒKŒLŽMLNLLŽLLÍÎKŒMŒÍMNMNŒÌŒËŽNNŽLŒÍÍÍËŒNMMŒMNMMLËŒÌLŒÌLLÌŒLNMŒLÌŒMŒÎLÌŒÌMÂŒM‹LŒKŒLKŽMÍLLÍÍMÎL‹ŒNÍŒŒLÍNLMŽNNMÌMŽLËŒMLÌLŽNLŒÌŒÍKŒLMÍÍÍŒLÌŒKŒMŒÍLÌÌLŒLŽÎ‚ŒM‹LŒKŒL‹ŽLÍMŽLÎÌÍLKŒMŒLÍMNÍŒÍL‹ŽNŒLÎMÌMÌŒMÎLŒLLŽLÌÌMKŒNŒMÍŒÍLMNŒMMŽNNŒÍÌNL‚ŒM‹LŒKŒLËŽMNŒNMÍŒÌÍËŒMMÌLŒŽLŒLLÍKŽNÎMNMLLMMLLÎKŒMMMNÌÌNÎMŽMËŒNLÌÍMNMÌÌËŒMMÌŒÍÎÎ‚ŒM‹LŒKŒLŽLŽLÌMMLLNKŒMÍLŒLLŒÌKŽNNNLÍÎNŒKŒNLLÌLËŒMŽÎMMMËŒLÍŒÌÎLMÌÍÂŒM‹LŒKŒLKŽMMLÌŒMÌMÎŒMLNLLÌŒLÍKŽNLMÌŒM‹ŒLLMLLMÍNLÍŒ‹ŒŒLŒÎMŽMÎMKŒMÌÍÎMLMŒÌNBŒM‹LŒKŒL‹ŽMNLLÍNNÍÍŒËŒMMÎMÍLÍÌŒÎL‹ŽNLÍNMLMMÎKŒMMNŒÌLLŽŒÌÍLÍNLMN‹ŒLÍÌÌMÍÍŒMŽŒM‹LŒKŒLËŽLŒLLNŒÌ‹ŒNLLÍMMŒÎLÌŒËŽNLŒMŒMMLŒÌËŒNŒÍLMÍLKŒŒÍÌLÎMÌMLŒŽKŒMŽÌLÍÍLMÂŒM‹LŒKŒLŽLNLMÍLÍMNKŒMNLŒNLNÌÎŽNÌŽMLŽMLŽL‹ŒÎMÌMÌŒMÍM‹ŒŒŒÌÍŒNÌN‹ŒLÌÍNÌÎBŒM‹LŒKŒLKŽLÍÍÍŒÍMMŒŒÌÌ‹ŒLÍŽMÌÍLMÎÌŽNÍÍÌLŒÌLŒÌKŒÍŒŒNMŽMNŒLÌMÍNNNÌ‹ŒLMNLÌÌNBŒM‹LŒKŒLLŽNLNLMÎLÌLL‹ŒMÎŒLÌÌÌLËŽNMLŒÍÍLÌMÍNMKŒMŒÌŒÍLŒŒÍLKŒMLLMÌŽNMNÍÍMN‹ŒMÍLLLLNMÎLÂŒM‹LŒKŒLLKŽMNLŒÎNMÍMŒŒM‹ŒMÌŒLÍMÎNM‹ŽNLÍNNMLMŒÍKŒMMMÍLÎÌMÌÌLNKŒŽMŽMLŒMËŒLÍMÎLŽÍL‚ŒM‹LŒKŒLL‹ŽMŒÌÎNMŒËŒLNLÎLÌLÎMÌNMËŽNMŒÌLMËŒÍLNLÎŽNNNMŒÌLMLMŒLÌÍKŒLŒŒŒMÌÍÎÍLMÂŒM‹LŒKŒLLËŽLŽLNÍMLLËŒMLLÎÌŒÌÍŽLÍŽËŽNÎMŒŽMŽLŽŒŒÌÍÌÎMÌÌ‹ŒLNLLMLLMLŽŒLÍÍNNMLÌMMÌÍÌŽŒM‹LŒKŒLMŽMÎMÌMÎLÍÍÎLKŒLÍÍŽŒŒÌMÍÎLL‹ŽNLÍŒÍÌÎMÍŒËŒMLÎÍÌNMLÎÍ‹ŒÎÌMLÍÍŒÍLLMKŒLÍLNLMŒLŒŒNŒM‹LŒKŒLMKŽMŒNMŽLÌŒŽKŒLÌMMÌŒ‹ŽNÍMMLMÌ‹ŒÎMLÍÌMŒLNKŒLMÎLŽMLLÍKŒLŒÍLMÌÌÍŽŒLLBŒM‹LŒKŒLM‹ŽLÌŒLÍŒMÌKŒMÌLÌÎŒÍLLNLÎKŽNMŒÍÌÌÌLÌKŒÍLÌLNLNŒMÍMLÍMŒŒŽ‹ŒMMÍÍŽÎLÌLŒM‹LŒKŒLMËŽMÌMŽÌŒÌŒLNŒÍ‹ŒMNNMÍŒMMN‹ŽNŒÌNÌÎLÎMNŒÍMÌLMÍÍMÍ‹ŒLNLÍNLŽÌÍNKŒLÌMÌÌÍMMŽMBŒM‹LŒKŒLNŽLÌLŒŽLNËŒMŽMNŒÍÍLŽÍËŽNLÍÎLŽNMKŒMLŽMŽÍÍLŒL‹ŒÌLÌÌŒÌÌÌÍŒLÍÍLÌÌMLÌBŒM‹LŒKŒLNKŽMŒÌÌÌŒMKŒMŒŒŒÍŒNÎËŽNMNLÌMŒŽLŽMKŒÌNNMŽÍŒL‹ŒÎMÌŒLÍMMÌLNKŒLÎMMLŒÎMŽÌÎŒM‹LŒKŒLŒŽMMNNÍMÌÍMLËŒLŽMŒÍÍÌMMLLNŒ‹ŽNÌÍÎNMÌŒLLNMŒÎÍMLÌLÍŒËŒLLÎLÍLÌMÍMÍ‹ŒLMÍÎÌÍMLLBŒM‹LŒKŒLŒKŽLÍÎMÍÎŒÍŒÎKŒMŒÌNMMMÍŒMÌŒŒKŽNMŒÌŽNM‹ŒMNÍÌNŒŽLÌŽ‹ŒLÎMLŒÌÌËŒMLŒŒÌŽMMÎÎBŒM‹LŒKŒLŒ‹ŽLŒŒÌÎLMMËŒMMMÌÎŒMLMKŽNÍÎMNNÌÌŒKŒLNMÍÍÌMMŒMNŽÌMMKŒMÍŒNNÍMNNL‚ŒM‹LŒKŒLŒËŽLŒNNMŽÍŒŒÍÌÍ‹ŒMLNŒÌÌŒMMŒÎNŽNLŒÌŒÌŽNLÍËŒNLŽÍŒÌLÌÍÎNŒÌÎMŒÎMLŒÎKŒLÎMÍÍŒÍÌÌŒŽLŒL‚ŒM‹LŒKŒLŽLŒŒÌŒÎMMÍËŒLÌŒNMÌÍŒMÌÌ‹ŽNLLÌÎÌŒÍMÍÌŒÌŒŽMKŒLŒŒŽNMÍMŒML‹ŒLMNMÌÍÍÍÌÎÍMBŒM‹LŒKŒLKŽMMLMLÌNLLÍŒMŒÍŒMLÌËŽNNMŒNLÍÍÍKŒLÌŽÍÍÌŒLÎNKŒÍŒLŒMÍMMKŒMMÍLÍÍŽNNLMŒM‹LŒKŒL‹ŽMLŒŽMLMMÍÍÌÍ‹ŒLÍLŒLMMÍŒÌNŽNÎMMÍMMLÎM‹ŒÍŒMÌMŒMÍL‹ŒLMÎŽMÌÌŽËŒLÍÎMNMMMLÎÎÂŒM‹LŒKŒLËŽMÎLŒNÌÌMŒMLÌNMLLKŽNÍLÌÌÍËŒŽNMÎÎKŒLÍŽMËŒMMÍÌÍŽLLLBŒM‹LŒKŒLŽŽMNMÎÍLÌMKŒMNMŒÍMÍÍŒÎŽNŒNÍNLLÌMŒÌÍŒŒML‹ŒLLÎMÌLŒLÌMŽNLLÎÍÌŒ‚ŒM‹LŒKŒLŽKŽLŒÎMLŒŽNM‹ŒMMŽNÌMMNMÌLÌ‹ŽNÌÎÍÌNLÎL‹ŒLŽLNLLŽŒŒÍ‹ŒNNŽLÎMMŽLÍ‹ŒMMNMŒŒÌŽMŒLMÎMÍŒM‹LŒKŒLÌŽMÎMNNNMLÌŒŒ‹ŒMMŒLLÎLÍMNLMKŽNÍNNMÍMLÎNKŒLMNŒŒŽLMŒÍÍLŽLÍŒŒNMÍŒËŒLÎMLMÌŒLÍÌMŒM‹LŒKŒLÌKŽMŒÍLŒLLMÌËŒMÍŽMÍŽÍŽNŒŒÍÌNMŒÍŒKŒNÌÍNLŽLNÍ‹ŒLMÌŽMLŽNLŒŽNLKŒMŒÍMLŒÍLMNNŒM‹LŒKŒLÌ‹ŽMÌŒÌŽLKŒLÍÍÌLÎLÌŒŒMŽMNMKŽNÌÍLŽMMLŒÎKŒÍÍÌŒMŒ‹ŒMÍMŽMÍNMKŒLŽLŒÎNMNL‚ŒM‹LŒKŒLÌËŽMLNMNMÍNÌŒMŒŒMÌ‹ŽNLÎMŒÌÍŒÌNKŒMLÍÍÍMÌŽ‹ŒMMŒŽÌLKŒLÍŒÌLŽLMÌÎÍMÂŒM‹LŒKŒLÍŽMŽLNNŒÌŒŒŒMLLMNMNMŒŒ‹ŽNŒMNŽKŒMÍÌŽÌLŒÍNMMŒMMKŒLÌÌÍŒM‹LŒKŒLÍKŽMÌÌŒLÍÍÎMMËŒMŒÍÌÎLLMLËŽNÌŽMMÌLMËŒLÍÌŒÌMÌÍMKŒLNMÌLÍMŒÍÌLŒMLŽLŒMLÍM‚ŒM‹LŒKŒLÍ‹ŽNLMÌÌÍNMÍËŒMNÍMŒÍŒŒŒÌMMNMŽNÍÌMÌLLÍMMŒLNMÎLÌLÌÌÌŒMÌÌÍLŒÌ‹ŒMÍMÌNLÌMŒL‚ŒM‹LŒKŒLÍËŽLÍNŽNNLÍLÍMKŒLŽLÌŒŒLMMKŽNLÌLLÌÍÌÍŒÍMÌMMLMÎŒMŒÌÌMÌMŒLNKŒLŒMŽLLMÌ‚ŒM‹LŒKŒLÎŽMMLŒMMÌŒÌŒKŒLÎMLNÍNŒŽNÌMŽMÍLM‹ŒÎMÎMLÌMŒMÌ‹ŒÌÎMÍLLÌMNŒMŒMŽMLŒMÍL‚ŒM‹LŒKŒLÎKŽLÎMMÌŒŒÌËŒMÍÌÌÌŒŒMÌLNM‹ŽNŒMMÌÌÍÌNŒMNLŒLÌLLM‹ŒÌMMÌÌLNLÍKŒMNMÌŽLÌLMŒMÎMŒM‹LŒKŒLŽMÍMŽLŒËŒMLMMŒŒNNŒÌÍMÌ‹ŽNŒÌLŒÍŽKŒÍNMNMÌŒLÌMMMŒÎLLŽNNNÌŒ‹ŒLÍLÎLÌÌŒM‹LŒKŒLKŽLŽLÍLMNLËŒMÌŒMÌÎNMŽ‹ŽNÌLÌŒMÌNKŒLŒNMÌLNÍKŒNMŒMŒLÍ‹ŒMLLÍŽLŒÌŒÌMÂŒM‹LŒKŒL‹ŽMNMÌÎLŒËŒMMMŒNÍMŒŒÍMNŽNÎNÌŒÍŒNKŒMNMÎNMŽL‹ŒÎMÎMMÎLÍËŒLÎMÌÍÍMLŒLMM‚ŒM‹LŒKŒLËŽLMŒŒÎLÌLŽLNNŒNŽMMLŒMŽŽNÌLNMMLÌÌL‹ŒLŒMMLŒLÍËŒÍÍŽÌÎŽŒMŒMMÍÎMM‚ŒM‹LŒKŒLŽLÌLLMLLÎŽLKŒMŽŒNNÍÌÎLLËŽNLÍLNÎŒLÍÌMMMLMËŒLÌLMŽŒŒ‹ŒMMŽNŽLÌŽ‚ŒM‹LŒKŒLKŽLÌNMÍMŽLMLÌÌËŒMŒŽMÍŒLÍŒÍËŽNŒÎŽNMÍMÍÌL‹ŒLLÍŒÌLŒÎMŒLLÌÍKŒLÍŽLMŒÍÍLLBŒM‹LŒKŒL‹ŽMÌMLÌÌŽLMŽNKŒMNŒLLŒLNÌÍËŽNÌMÌLÍÍŒÍŽKŒLŒMLNÍÌÌŒKŒŒŒLNÍLMŽKŒMMŒÍŒŒMŒÍŒLŒM‹LŒKŒLËŽMNLMMÌÌMMÍ‹ŒMLŒMŒŽNŽMÎLL‹ŽNŒŒÍÎMŽLMŒMÌŽMÍMLÌLÎLÎLKŒŒÌŒŒŒÍMM‹ŒMŒMLMŒŽÌMŒM‹LŒKŒLŽNŒNLÌNNMKŒMLÎLŒÌŒNLŒÌNLŒËŽNÌŒÎLÌÎMÍMŒÌMMÌŒMŒMŽŒLMŒÌNMÍŒŽNÌŒÌËŒLÎLÎMÌŒMÍMNŒM‹LŒKŒLKŽMMÌÍMÍMÍŒÎŒÌKŒMŒŒMŽLMMÌŽNLÍLŒÍÎNMËŒÎLÍŒÌŽNLLMŒNLŒLLÍMŒÎMKŒMÌLÌŽMNŒLÎBŒM‹LŒKŒLLŽMNLÍLÌËŒMMŒŒÍNŒÍ‹ŽNÌŽMMNMÌMÌ‹ŒMLÎŽMLÍLŒÌMŒKŒLLNNLÌŒNLL‹ŒMLŒŒÌÍÍÍMLÎM‚ŒM‹LŒKŒLLKŽMŒŒÍMŒŒLŒÎËŒLÍÌÍMÍMÎNÎNËŽNÌMLÌMÌÍŽŒMŒNNLŽNŒNLŒLÍLMLMMÍ‹ŒLÍMÎÍÎLMŒM‹LŒKŒLL‹ŽMMŒÎNNLMNKŒMÍMLNŽMŒMLŽMËŽNÍÍŒÌNKŒÌÌÌÍÌNÍŽŒÍÍLLMNNNMŒËŒLÍÎŒÌŽLÌŒÌÍ‚ŒM‹LŒKŒLLËŽLÍÍÌMMŒÍL‹ŒMNŒNMLLŽMLŽNÍÌÌŽLŒÎMŒÌËŒLNŒÌŽÍŒL‹ŒŒMÍŒNMŒ‹ŒMÍÍÍŽNMÍÌÂŒM‹LŒKŒLMŽMNÌÌLLLŒŽL‹ŒMNLMÍNNMLÎLÌËŽNÍÌNMLÍŒÍËŒŒÍNMÍMŽMŒËŒLÍÍMÌLMŽLÎKŒLÌNLLÌNŒŒM‹LŒKŒLMKŽMÌŽNLLŒŽŒLÎLNÍNLLŒŒNL‹ŽNÍŒÌMŒLLŒMŒŽMŒŒNNMÌÎŒLMÍNNMMŒNMÎËŒLÎMÍÎÍLMŒÂŒM‹LŒKŒLM‹ŽMŒNLÍÎLMNNMÎKŒMÍÌŽNNNMMMËŽNLLMMŒMÍMŽKŒŒÌÍÎŒŽMLMËŒMLLÌÌÌLÍÍMLŽ‹ŒMMÎŽLŽLÂŒM‹LŒKŒLMËŽMŒŒÍMLLLÌLŒMLMNLÎKŽNŒŒÍŒŒŽÌMMÍNËŒLŒMMÍÍNMÍÌËŒLÌÍÍÎNLÎBŒM‹LŒKŒLNŽMMÌÍMÌÎ‹ŒMÎMŽŽLKŽNMÎÌŽNMËŒMÍMÌMNÍÎKŒÌÎLŒMŽÍLMËŒMÌŒÌNLLNBŒM‹LŒKŒLNKŽNMŽŒÌMMŒÌM‹ŒMNLMLŽNŒËŽNÌNMÍÍÍLŒËŒMŒLÌLLLŒKŒÌLLLŒMMLÍÍŒÍ‹ŒLÍÍÍNÍMŒNN‚ŒM‹LŒKŒLŒŽLÌŽMMNLÌLŽL‹ŒMŒMÌÎÌŒLMŒÌŒŽMKŽNÍÍMŒNKŒLŽÍŒLŽÌÌNKŒNLMÍÌŒÌMŒMÌMKŒMÍÌŒLŒÍNLŽŒM‹LŒKŒLŒKŽMŽŒÎÎM‹ŒMÍÍÌNKŽNÍNÎÍŒÌËŒMÍŒMÍŽMÍMLÌ‹ŒÌÍNMNNÍŒÍŒLÍNMNMÍŽ‚ŒM‹LŒKŒLŒ‹ŽMŽÍNLÎMNŒLÌÌLÎLŽMŽNÌŽŽÌMMŒÌMŒÎMÌŽNÌÍÌMËŒÎLŽNŒŒŒŒLMMMKŒLŽŒMÍNMÍMÂŒM‹LŒKŒLŒËŽLÎLÌLŽŽÎKŒMNMÍÌŒÍŒÍLÌËŽNMNMLËŒNNNNLMŽÎLŒKŒŽMLŒÌÍŒÍLKŒMMŒMŽNLNMMÍŒM‹LŒKŒLŽLLNLÌÌNŒMKŒMŽLÎLÌLLŽLŽNMNŽŽLMNŒÎŽLLÎMÍÍMŒKŒMLŒNLMÍ‹ŒMÍNMŽŒÌŒMÂŒM‹LŒKŒLKŽLMÌŒÌMNMÍÍM‹ŒLÌÍÍŽNMŽLÍŽNÌMNLNNKŒMŽŽLÌÌŽLKŒMLÌLÎLŽMÌŒÍNŒLŒÌŒÍÍÌMÌŒM‹LŒKŒL‹ŽMNMÌÍMLŒMŒMŽMŽNNLŒMŒKŒÍÍÌMÌLÌÌKŒÎŒNMMMŒ‹ŒLÎLŽLŒMŒŽMŒNBŒM‹LŒKŒLËŽNMMŒÌMMLMNLKŒMLÎMMMLÌŽMMŽNMŽLŒLMLNKŒMMÌLŽMLLŽKŒÌÌÎNLÎLÍÎŒ‹ŒMLŽMŒÍÍLMŽNŒM‹LŒKŒLŽŽLŒŽÎLŒÎLÍMLÍŒMŒLLMMNM‹ŽNÌLNÍŒÍŒŒŒÎKŒMŒÍNMÌÌÍMLËŒNMŒÍÎÍŽMNMÍMMLËŒLÎLŒÎÍŒÌÌÌLŒM‹LŒKŒLŽKŽLÌŒNŽNLÎKŒMLŒÍÍÍÎMÍNNËŽNLÍÎNMLMŽM‹ŒNLŒNŒMÍŽNŽNNLÌÌM‹ŒLÎÍŒMMŒÌŒ‚ŒM‹LŒKŒLÌŽLÎLMÌLMŒÍLÎŒMŒÌNLLLMÎÎMŽŽNŽMÎÎMMÍLŒLŒMÍMŒŒÌÌŽŒÌÍÌÎMMÍÎLËŒMÌŒÍŒLLLŽ‚ŒM‹LŒKŒLÌKŽMLŽÌÌÌMŒÍÍÍKŒMŒÌNÌMML‹ŽNNLÎŽMÍËŒMLLLŒÎÍLLËŒÌŒÌÌMM‹ŒMNLÍÌMNŒÌLÌŒ‚ŒM‹LŒKŒLÌ‹ŽNÌÍÌŒÌM‹ŒMMLNÍMÌŽLŽKŽNÎLŽNMNLŒMLKŒMÌŒŽMÌÌÌÎLÌMKŒLLMNLÍŒÍKŒMMLLÎMÍNLMÍŒM‹LŒKŒLÌËŽLÌMLŒLLŒŽLÍLMKŒMMMÎMMÌLÌÌŽŒKŽNLŒÍŒŒÎLLÌMŒLLLÎŒŽLÌÍNŒMŒÌÌNLŒÍMMÎMŒMMMÍÎMÍLNBŒM‹LŒKŒLÍŽMNNŽMÌÌLËŒMŒÍŒMNLÍÍŽNÌÎÌLŽKŒLŽNMÍÌLMLLÍKŒNMŽMÌÍÍÎLÎNM‹ŒMLŒÍMŒŒÌÍÍÍNMŒŒM‹LŒKŒLÍKŽMLŽLŒMÌMŒŒ‹ŒMMMLLMŒÍŒŒM‹ŽNMÍÌÌÎNÎËŒÍNÍÌLŽNLŒNÌÍŽNMMŒ‹ŒLÍÍŽLNNŒMÍÂŒM‹LŒKŒLÍ‹ŽMŒMLŒMÎLÍMLËŒLÌLMÍÍNLÍÌN‹ŽNÍÌÌMÌMLËŒÎLŒÎLÍÌÌML‹ŒLŒLMŒLÍMMÎKŒLNNMLMŽLLÍÂŒM‹LŒKŒLÍËŽMÌŽÌÍLMŽLMËŒMLMŒLŒNMMÌŽŽNÎŒLÍLMÍÍ‹ŒNÌMŽLLÍNNŒLŒŒÍLÌMÌMMLMKŒMŒÎMŒŽLÍLMÂŒM‹LŒKŒLÎŽMŒNÍÎNLMKŒMŒŒLMNNLMËŽNÎNMLMÍMÍÍËŒMÌŒŒMŽÌNNKŒMMLÌÍNNŒMÍKŒMÌNLNŽMMŒM‹LŒKŒLÎKŽLMÎNŒÌÍŽNKŒMŒÌNLÌNŽLMÎNŽNŽNMÌÎMMÎKŒŒLNŒÎMŒÎLŒLŒÍŽLÍLËŒMLLMMNMMŒŽNÂŒM‹LŒKŒLŽMNLNÍNLÌÎLLÎMËŒMŽMLÍŽLMMËŽNÍÌÍŒŒNMÍ‹ŒLMÍÍLLÎŽŒÍMNLÎLÎMKŒMŒÌÌÌMŒŒÍŒM‹LŒKŒLKŽMŒŒÍŽÌÍÍŒNÎLKŒMLŽŒNMŽŽNŽÍLÍÍNLÍ‹ŒNLÎMÎMÌÍËŒÎŽLŒÌŽLNËŒMÍLMÎLLMÍŽBŒM‹LŒKŒL‹ŽLŒŒLÍÍÌLÌŽKŒLÍMÍŒÍMMŒNÍ‹ŽNÌLLLÌMÍÎËŒÎNNNNLÎNMÌŒMÌMŒÌLÌŒÎL‹ŒLÌÌMŒÎLŽMŒL‚ŒM‹LŒKŒLËŽMÍNLLMÌNLÍŒNLÍÎLLLÌÎNMMŽMÎMÌŒMLNLLKŒLÌÌÎLŒLÌŒ‹ŒLÍŒŽNŒLLÌÍKŒMŒMLMÌMŒLŒM‹LŒKŒLŽMŽŽMŽMNMÍKŒMNLÌŒŽMŒŽMÍ‹ŽNŒMÍŒÍÍŽMŒÎ‹ŒMŒÎNMLŒÌŒNNMÍÌŽNL‹ŒMŽMÍLŒLNLŒ‚ŒM‹LŒKŒLKŽMMLÍÌMÌNNŒMLÌNŽNLÌMÍLŽLÌŒÌ‹ŒMŽLMŒNMÌŽMKŒÍÍÍÌÍÌŒLNNKŒLÌÌÌÌMMLN‚ŒM‹LŒKŒL‹ŽMMMÌNLNLÌÎNKŒMLŒŒŒŒŒÌÍMÍŽNLLŒÌMÎLŽËŒNÌNLÍÍÎLMËŒLLÌLÌNÍÎM‹ŒMMLÎLMÍMÍBŒM‹LŒKŒLËŽLŽNNMÎMLËŒMŒÍÍŒÎMŒÎNŒNLËŽNLÍÍŽLÎLÍÍLÌN‹ŒMLÍŽÎÌÍNKŒÎLŽLÌŒÍŒLMŒMLŒŒŒŒŒM‹LŒKŒLŽMÍÌÎLNÌÍÌÎM‹ŒMMÎÍMMÍLLÎŽNÌNŒÎŒÌŽLKŒLŒÍÍÌLÎLÍMÌ‹ŒÎÌÌLÍŒŽNNNKŒMNLÍŒŒÌÎLŽŒM‹LŒKŒLKŽNNÍÌÌÍŒŒ‹ŒLÎŒÌNMÎLŽLLKŽNMLMŒÍÍLÌŽLËŒÍŒÌMŽNNKŒÎÌÌÌÍMNNÌÍKŒLÍÍŽÍÌMŒÎ‚ŒM‹LŒKŒLLŽLMŒLMÌŽNMKŒMMÌÌMÎNMMŒÍŽNÌÌLÌŒLÌÎËŒLLÍNLÌÌÌLÌŒÍŒMÌMŽNNÎMMÌŒËŒMLMŒLMÍLÂŒM‹LŒKŒLLKŽMÍÌŽÌMÎKŒLÎÍMÍLŽŒËŽNNLMMNKŒŒÌLMŒÎŒLMŒLNMNÍŽMLŽMÌÌLKŒLÍŒMÍÌÍŒNLŒBŒM‹LŒKŒLL‹ŽLÍÍÌÍÍÌŒNÍMKŒLÍLLMNNNŽNŒŽLÌLMÎMÍMLŒÎMLLŒLMŒNËŒÎMLLÌLLÌL‹ŒLÌMÌMNÍÂŒM‹LŒKŒLLËŽMLÎLŽNNMÍLŒMMÍÎKŒMLMÎLŒŒLÍKŽNLLLNLLËŒNÌÎLLMŒÍŒLÌŒMÎLŒ‹ŒLÎNÎMŒNMBŒM‹LŒKŒLMŽMŒÌLÎÍNÍÌLŒKŒMLŒÌÍŽNÍNLÎMŽNÎMLÌÌLLÍ‹ŒÌŒLÍÍÍKŒMLŽNMËŒLÍLMÍNNÌÌÍBŒM‹LŒKŒLMKŽLÍŒÍLLÌŽKŒMÌÍÌÍLŽMŒÍŽLŽNMÎMNLLËŒMLÎNŽÌŒMÍÍLLÌMŽMLËŒMNŽÍLNÍÎBŒM‹LŒKŒLM‹ŽMŽMNLMNMÌÍMKŒMÍLÍLÎÍŽNLLÍŽNÌÍŒÌLŒNËŒLLLMMÎLLŽŒŒŽMŒLLLŒÌÍMËŒMMMŒLMNMLŒŽNLÂŒM‹LŒKŒLMËKŒLMÍÍMÍMÎLËŒMÌMÍNÌNŒÍÌÌËŽNÎLLÍMŒMMÍÎŒMŽLÌMÍŒLŽNMŒÌÌMÌMMNKŒMMŒŒLMÌMLŽ‚ŒM‹LŒKŒLNŽMMMÌŒŒMŒŒ‹ŒMLÌŒÎLLMMÍ‹ŽNŒŒÎNLLÍŒMŒMMÌÍŒËŒÎMMÎMLÌM‹ŒLÍLMÍLÍMNBŒM‹LŒKŒLNKŽMÍÍÎLÍMŽÍÌ‹ŒMŒNLÌMÎMMNÎËŽNŒNMMÍŽMMÌKŒÌÍLÌÎNŒLŒŒÍMLÍÍMÌŒÌNNKŒMLŒÍÎMLŽNL‚ŒM‹LŒKŒŒŽNLMLŒLŽŒMŒÌ‹ŒÌMÍÎMÌNNLNMM‹ŽNMNÌÍMÌNÌNLËŒMNŒLMLÎŒËŒŒÌMÌŽÌŽKŒMÍÍÍÌŒÍMÍM‚ŒM‹LŒKŒŒKŽNLÎMMÍÌÍMMŒLLÌŒÎMŒÍŒNMŽNMMÌÌMÌŒÍŒKŒÍÎMLLÍMÌKŒŒŽMÎLNÌÎŒÎÎMNLŒÍÎÂŒM‹LŒKŒŒ‹ŽNLŒŒÍŒÌŽŒÌLMMNÎÍM‹ŽNMŒÎMÌLLKŒÌLÍŒŒMMÌËŒMMŒÍMMÌM‹ŒŽŒMŒÌMŒM‹LŒKŒŒËŽMÌLNLÎMMŒÍŒNŒŽÎLÍŒŒŽMÍÌËŽNMŽLŒMÎLLÎNKŒÎMLLMŒŽNNNMKŒŒÎMŒÌŒMËŒŒŒMÌŒLNLLÌBŒM‹LŒKŒŒŽNMLNŒÍLMLMLÌLŽKŽNMŽMLÍNMMLLËŒÎLŽLÍMÌNL‹ŒMMÍÎLÎLMNMLŒNLMML‚ŒM‹LŒKŒŒKŽNÍŒŒÍÍÌKŒÌŒÎMŒÌMNLKŽNMŒÍÌNMŒLMÍÍËŒŒMÌÍŒÍŽŒŒÌNÎŒÍ‹ŒŽÍLŒÌŒÍNŒM‹LŒKŒŒ‹ŽNLÌLLLLMKŒŽMMŒÌMMÍLÍNLÎKŽNMŒŒLNNMÍNLËŒÌŒÍMŒŒÍLMŒMKŒŒMÍÍMLÌŒLNLÌLKŒLMMÌŒLMÎMŽM‚ŒM‹LŒKŒŒËŽNMŒLNLLLÎMŒŒŒŒ‹ŒÍÎLLÎÎMÌNŽNMMŽNNÍÌÍÍÌMŽŒŒÍŽLMLÌNÌKŒŒŒÎLÎMLKŒÍÍÌŽLŽMLMÎLŒM‚ŒM‹LŒKŒŒŽMÍMÌŽÍÎŽMÍKŒÌMÌÍÍNLÌŽKŽNMŽLLÍÎLMÎML‹ŒÎLŽŒÎÌÎMËŒŒNNMÍŒKŒÌÍMLLŽMMÍÎBŒM‹LŒKŒŒKKŒŒŒÌÌMŽ‹ŒÌÌLLMLÍŽNMLNŒÎNMMÍ‹ŒMÎÍÌÌNNÌÎŒNMÍÌMNMÎLNKŒŽLLÍÌÌÍŒMMM‚ŒM‹LŒKŒŒLŽMÌMMMMNLMÎKŒÌÌÍLÎŒŒŒ‹ŽNMNMMLLMÌŽŒMLŒNMŽLLLŒÎKŒÍMÌÍÌŒŒŒŒÎMŒLÌÎMÌÎBŒM‹LŒKŒŒLKŽNŒŒLÎMÎŒÍLÍÌŒŽMLLLÌËŽNMŒLÎMLMËŒÎLÍMŒLÌMNN‹ŒŒÎÍŒMÌÍMŽKŒÌÍŒŒŽMÍŒŒÂŒM‹LŒKŒŒL‹ŽNÎMÍÌLÌŒÍËŒÌMMLMÍLÍNNMËŽNMÌÌÌMŽÍŒŒËŒÎLMLLÍŽMÍMŒÌ‹ŒLŽMNÌÍÌÌÍMMŒŽL‹ŒMÍMÍLÌMŒÌÂŒM‹LŒKŒŒLËŽMÌÍLÌNMŽMLŽLÍ‹ŒÍÎLNŒMŽÍ‹ŽNMŒLŒÎLÎKŒŽLŒŽMÍŽMÍLMŒŒÍŽMŽÎMÎMMËŒÌÎLÍMŒÎBŒM‹LŒKŒŒMKŒLÎMMÌÍÌÌKŒÌÌŒÎMŒLÌ‹ŽNMŒÍŒÍLKŒÌÌMLÌÎLŽÎ‹ŒŒMÌÌMMÌÎÎËŒÌMÌŒÎLŽLÌŒÍŒM‹LŒKŒŒMKŽNNMÎMŽMMŽNNŒÌLLŽŽMMMMLMŒÎŽNMNMNLMÌÌÌÌŽËŒLMNÎNMMÍLNNKŒLLMLLŒŽNÎŒKŒŽLMMŒLMŽLŽNÂŒM‹LŒKŒŒM‹ŽNLMMŒŒÍ‹ŒÌÎÍÌLÍLŒKŽNMŒÌÌÌÍÍŽKŒÌMÍÍŒÌŒÍ‹ŒŒMÍŒMNŽMLKŒÌÌLÍÍŽMÌÍLLÂŒM‹LŒKŒŒMËŽNÎMÍLMŒŒŒÌMMNMÌNMMŽMŽNMNMŒLMŽŒLMNMÌÌMÌMŒŽMŒÍŒÌLŒŒL‹ŒÌMLŒMÌMLÍŒ‚ŒM‹LŒKŒŒNŽNLNNMMNŽMŒNŒÍMÍM‹ŽNMÌŒNNÎMÎNKŒÍÌLÌŒŒMNMÎKŒMMŽLÍMMÌLMŒLÌËŒNMLŒÌNLNLÌÍ‚ŒM‹LŒKŒŒNKKŒÌŒLÌÍÌÌÎŒÍLÎMMLMÌŒÍÍMMKŽNMMMŽMNLÌ‹ŒNLÍŽMÌNMÎŒŒÍNNMÍŒŒ‹ŒŽLŒŒLLMÌBŒM‹LŒKŒŒŒŽNÌMNLNKŒŽMÍÌÍLLMÍÌŒÍËŽNMNÍÌÍÌLNKŒLÍLMLÌLŽNKŒŒÎMŒŒŽMÎMŒŽMÍLMÎMMMLÍLÂŒM‹LŒKŒŒŒKŽNMMLMMÌLŒ‹ŒŽLŽLLÍMLÌLKŽNMŽLÍLŒÌMŒM‹ŒÎLMLÌLLÍŒMMŒMLLŒŒMŒÌŒMËŒŽÎLMÌŒÍBŒM‹LŒKŒŒŒ‹ŽMÌÍŽLLŒÍÍÌLŒ‹ŒÎLMNÍÌLLŒKŽNMMMLÎMŒLŒŽLÌ‹ŒÌMMŽMÍMLÌLÌKŒŒÌŽMÌNMMLŒÌNLËŒÌŒLÎNLMÍŒÌL‚ŒM‹LŒKŒŒŒËŽMÍŽNMLÍÌÍMÌŒ‹ŒNLŽMÍÌNŽNMŒLLNŒÍNÌÌ‹ŒÌŽNÎMŒÌÍÎŒŒLÎÍŽŽMMŽŒÌÎÌMÌŒŒLÌŽŒM‹LŒKŒŒŽMÍÌÌÌMÎŒNMKŒÍÍMMÍLMLNŽNMŒNLLÍÌÎKŒÎLLŽLÎLËŒMLÌŒŽÌÌLŒŽMÌLŽŒLŒMÂŒM‹LŒKŒŒKŽNLŒLLÎMLÎLMËŒÌÍÌÌNÎLNLŒÌ‹ŽNMŒÍÌÍMÍNNŒÌŽMÍŒÍÍÌŽŒNNLŒMŽMŽŒŽMÎNÎLMMŒ‚ŒM‹LŒKŒŒ‹ŽNMŒŽŒLŽNMŒÌÌLÍŒÍÌŽKŽNMŒÌÎÌËŒÌÌNÍMMÍËŒMMLŽNÍÎMMLÌÍŒÌŒŒMŒŒNÌÂŒM‹LŒKŒŒËKŒMÍŒŒŒLMËŒÍLÍŒNLLŒÍÎKŽNMŒÍMÌÍÍŒÌ‹ŒÍŒÍMŒÌŒÌËŒLÍLŒNLÍŽÌLŒÌŒLÎŒÍÌNLŽŒM‹LŒKŒŒŽŽNLLLÌÌÎNŒÌÌŒLMŒŒŒMNKŽNMLÌÎNŒŒÌLÍÎŒMŒŽLÎNLŽLLËŒNMÌNŒMÌÍŽLLMŒÍÍÎMŽMNLÌŽŒM‹LŒKŒŒŽKŽMŒÍLMÌNLLÍŒÌKŒLMLŒÍŽLÎM‹ŽNMLÌLMLŽLÎMŒÍŽLÎNMLÎŒŒŽLÌMMLMMŒLÍŒÎMŽNMÌÎŒŽMBŒM‹LŒKŒŒÌŽNMÍŒLMÍÍŒLÍLM‹ŒÎMMÍÍŒLLÍKŽNMNLŒŒLÍLL‹ŒLMŒMŽMÍÎÎKŒLÎMÌÌÍÎLŒŒLŽKŒÍÍLÌNMŒŒÍLŽŒM‹LŒKŒŒÌKŽNÍLLÌLÍŒMËŒMMŒMLÌMÌÎMÍLNŽNMLLMLLÍMÌMMKŒMŒLNŒŽMLKŒLLÎÍMÌÍËŒÌNLÍÍMMŒM‹LŒKŒŒÌ‹ŽMÍÍŽŒMÌÍLÎKŒŒŒÍÍÌ‹ŽNMÌÍMMNŒÍLMŽÌÌMLL‹ŒŒLŽLÍNNLÍËŒŒŽMÌÌÍMŒÌ‚ŒM‹LŒKŒŒÌËŽMÍŒÎÌÎÍÍLKŒÎÍLŽMMŒNMMŽNMŒÍŽLNLÌÌMÍŒËŒŒÍMLNMŒÎMNŒŒŽLLLÍLLLÌŒÌÌNÎÍM‚ŒM‹LŒKŒŒÍŽMÍÍÍLMLÍÍLÍÌKŒÌÎMLMŒŒNNLŒMŽNMŽLŒŽŒÌÍNKŒÎLŒÎMÌÎLMŽNM‹ŒLÌŒŒÍÎNLÍÍÌËŒŒLÍMÎÌLLM‚ŒM‹LŒKŒŒÍKŽNMMÍÍÌŒNMŽMÌÍÌLÍÍÍM‹ŽNMMNLÍÌÎÍÍŽŒÌÍÎLÎLÍMÍKŒLMLMŒMLÌMŽLNŒMÌŽMÍŒŽLLŒ‚ŒM‹LŒKŒŒÍ‹KŒLMÍML‹ŒÍÌŒŽÌMÍŒŒÌËŽNMNNMMMLÍŒLËŒÍLNNMÍÍÌ‹ŒNŒLMÍŒŒŒËŒÌŒÌMÎŒÌBŒM‹LŒKŒŒÍËŽMÎLÍŽNLŒNM‹ŒLMŽNLŒÌLŒÍËŽNMÌŽLLMÍKŒMÎLÌŽMÎKŒŒÎŽLÌMMÎŽŒŒÍŒÍNMÌLÌÎLLMÂŒM‹LŒKŒŒÎKŒŽŽMNLLŒLËŒÍÎMMLLMÍMKŽNMNMŽLLMLŒMMNŒLÍÎMŒLÌŽLÍ‹ŒMNMŒŒÎÎNMÌËŒÌŒÍLŒŒLMÂŒM‹LŒKŒŒÎKKŒLMŽMNLÍÌÎMËŒÍLÎMŽÎNNŽNMŒŒÌNMËŒŒŽMÍŒLÌMÍKŒMŽÍÍÎMŒŽL‹ŒŽMLÍLŒŽLLÍŒÍMŒM‹LŒKŒŒŽMÍŒÌÌÍŽMMÌËŒÍŒLŒLLÍMŽMÌMËŽNMŒÍMMÎŽËŒLŒÍNLŒÌÌÎKŒŒNMMÍÍŒLÌŒÌÍŒŒÌÌÍLMÎLŒLŒBŒM‹LŒKŒŒKŽMÌÎLMMMMÌÍŒÌÌMÌŒMÌÌÌÌ‹ŽNMMÍÎŒÎMÍMNŒŒMMÌÍÌMÎNMÍŒLMŽLŒÌÌÌMËŒŽLMŽMLLMÌÂŒM‹LŒKŒŒ‹KŒMMŒÌÌNLŽMKŒÎLÎLMMLÍÍÍMKŽNMŒŽŽÍMËŒÌŒLÎLÍ‹ŒMÍÌÌŒŒÎLÌŒËŒÌÎŽMLÌÎŒLMBŒM‹LŒKŒŒËŽMÎMÍŽLÍŒMŒNÌLKŒÍLMŽLMÌÍÌÎLÍÌÌÍ‹ŽNMŒÌÌMÌŽÍ‹ŒLÍŒNÌÍLNM‹ŒÌÌÍÍMNMÍÎŒÌLŽLNŒÌŒŒ‚ŒM‹LŒKŒŒŽNLÍNMNLLL‹ŒÍÌLMÌŒM‹ŽNMMÍÌÌŒNNMÎŒLŽNMÌÌMÌÌ‹ŒMÎNLMLŒŒÌMÌL‹ŒŽÍLMÎNMÍLÎŒM‹LŒKŒŒKŽNLLÎLÌÌMÌLËŒÍNÌŒÍŒMLML‹ŽNMŒMLMLÎÌŒ‹ŒÎÌMŒŒÍÌÍÎMËŒŒNMŽLÍÌLŒÍÍÍŒŽMÌLŒÍŽLÎMŒ‚ŒM‹LŒKŒŒ‹KŒÌNLLËŒÌÎŒŽÍLMÌLKŽNMMÍŒNLNÌÍÍMKŒŒÌÌÎNLLÎŒÌËŒNÎMNLŽMŽ‹ŒÍLLMÌÍMLŒNN‚ŒM‹LŒKŒŒËKŒÍLNŒ‹ŒÍÎMMÌNLKŽNMNÍMÍŒMKŒLÌÎLLŒÎMMŽŒNŒŽLÍMMNŒÌÍÌÎMŽNMNMBŒM‹LŒKŒŒŽNLŒÌÌLMŒMËŒÍLNNŒŒÌKŽNMŒLŽMÌÍMLLŒÍŒÌŽNMÍÍKŒLLŒÌÌÎLÌŒNLŒLËŒŽLNLŽMŒMŒMŒÂŒM‹LŒKŒŒKŽMMMŒLNNŒMÌËŒÎMLŽLMLÌÎMKŽNMŒŽLÌÌÌÌËŒÌÍLŒMÌNNKŒÌMNÌNNÍŒÌŽMÌŒÍÍMLÌÂŒM‹LŒKŒŒLKŒLMMÍMÌÎMKŒŒNLÍÌLNŽNMMMMNÍLKŒÌŒMLNŽLLŽKŒŒLÌÌŒÌÍÍLLÌŒÍNÌÎLŒÍLŒNBŒM‹LŒKŒŒLKŽNLÍÌÎŽLÌŒÌMŒ‹ŒŽÌNŽNMN‹ŽNMÌNMNNNMMLMŒÎŒÌÍÎŒÎMMM‹ŒLÎLNÌŒMLÍÌNKŒŒŒŒNLNLŒMÍÍ‚ŒM‹LŒKŒŒL‹ŽMÍÎLLLÍŒÎLËŒÍŒŒMÎLÌÌŽÌKŽNMMÌÎMÎLÍÍŒÎNKŒÍMÌLLÎMŒMLM‹ŒNLNLLNMŒKŒÍÍLÌÍMLŒÂŒM‹LŒKŒŒLËŽNMÌÌÍLLŒ‹ŒŒÎÍLLLMŽÍKŽNMLŽNNNMÎKŒŒÌŒŒÌMÎMŽ‹ŒMŽMÎLMMÎÍÍÍKŒÎÌÍÍŒMŒŒBŒM‹LŒKŒŒMŽMÍLÎMÌÌLM‹ŒLÌÌŽMLÍÌÌÍ‹ŽNMŽLŒÍLMMŒÌÎŒÎLŒŒÍMÍMŽMÍŒŒÍMÌNMÎLMŒLLNŒŒÍŽMNLŒLŒÂŒM‹LŒKŒŒMKŽNMMÍÍÌŒMŒLNMŽŒLLLŽMÍLÍÍLNŽNMMLŽMÍMÌLÍŽ‹ŒÌŽMÌÌÎLŒMKŒMÎMMNMLMŽ‹ŒÎÍLÍLMÍŽL‚ŒM‹LŒKŒŒM‹ŽMÍLŒLLLÌŒLŒËŒÍLÍŒÌLŽNMMÍÍLÍŒNLMŒLKŒNMNNMÌŒMÌÍMŒŒŒÍŽNŽMLMËŒÍMLÌLÍŒÎMN‚ŒM‹LŒKŒŒMËŽNNLLŒÌÍÌÍKŒÎNÌŒŒÎLŒÍÌŽMŒŽNMNŒÎLÌNKŒMÌŒÍLÍMŽM‹ŒŒÌLÌŒŽMŒŒŒLÎÍŒÍŒÌÌNÌLMÍŒ‚ŒM‹LŒKŒŒNŽNMŽMLMÍNMMÌ‹ŒŽMÍÍMMÌŽŽNMÌMÎLÌMÎŒÎLÍÎÎŒMŒÍNÌÍÌMMŒ‹ŒŽNLÎÍÎMŒLÍL‚ŒM‹LŒKŒŒNKKŒÌLÍŒŽLKŒLŽÌŒÎNLÎNNŽNMLÎMÌLŒÍŒÎKŒÎNÎMMÎÌŽŒM‹ŒMLŒÎLMMŽLLŒŒKŒÍŒNLŒLŒŒLBŒM‹LŒKŒŒŒŽNŒŒMMÌŽÍ‹ŒŽMÌMŒMÌÌLÍËŽNMŒÎMŒÌMÍLŽËŒMÌMLÍLLLÍKŒMŒLÌLMLNNLÍKŒÌŽMŒLMMÍŒM‹LŒKŒŒŒKŽNLMŒÍŽLŽMÎKŒŒÌLÌLLÎÍMŽNMÌNLÍLŒMMŒLNŽNŽŒMÍÌÍÌŽLŒLÌËŒÍŒÎLÍÌMÌÍ‚ŒM‹LŒKŒŒŒ‹ŽNLÍŒÍŒÌÎÌËŒÌLÌÌLŒŒMÌŒMÍÍLËŽNMMŒNNÍŽM‹ŒMŒMÎMŽMŒLLLKŒŒŒMÎNNMŽLÌLÌNŒŽŽLNMMŽL‚ŒM‹LŒKŒŒŒËŽNÍLŽÍNLÍŒŽMËŒÍŒŒŽLŽMLÌÍMŽNMNLŒÎMÌMŽLŽLËŒLMÍÌLŒLÎLÍMKŒLŒŒNMMLLMÌÎLLËŒŽLŽLÎMÍÍMLMŒNBŒM‹LŒKŒŒŽMÍÍMÍMŽMÎKŒÌMÎLÌÍMLŽLËŽNMŒÌŒÍÎŒNKŒLÍÍMLÍLÎLËŒÎLNLŽNMËŒÌŽŒMŽMÌL‚ŒM‹LŒKŒŒKŽMÍÌÌÌNNMŽMKŒŽMÌLŒLLNMŒŒMËŽNMMNMMMÌMŽNËŒŽLŒLÍLNM‹ŒŒŽÌÌÍMÌMMËŒÍMÎLLLŒMŒŽML‚ŒM‹LŒKŒŒ‹KŒMLLŒÎLÍŒŒNLÍMÍNNMLÎŽNMNMÌMMÌÌÍŽLMŒLMMÎLLÌÍËŒÌMMÍL‹ŒÍLMÌÌMÍÌÌ‚ŒM‹LŒKŒŒËKŒŒMÌLÎNÌËŒÍÍNŒŒMÍŒMŽNMŒÍLMŽ‹ŒÌMÍLLMŽŒLÎNKŒMMŒÌÍÌËŒŒLÍÍNLÍÎBŒM‹LŒKŒŒŽŽNLÍÍNÍLÍLÍÍÌ‹ŒÍÎMŒÍNLŒLÎ‹ŽNMNÌMŒŒÌMŽNLKŒMÌÌÍÌÍŒÎNŒŒÌŽLLÎÍÌÍÌÎŒ‹ŒÍÌŽLÍÌŒM‹LŒKŒŒŽKŽNLŒMMÌNLÎKŒŽNŒÌŒLLŽLÎKŽNMŒÌÌÌLÍMMÍKŒŽMŽLLÎÍŒNŽMÍLNLÎŒŒLÍÍÌLÌŽNLÂŒM‹LŒKŒŒÌŽNŒNMNÎMÌŽMKŒÍNMLÌÍMÍÎMKŽNMŒÍŒÌLNMÍŒÍËŒNMMLNLŒLŒËŒŒÌŒÍŒÍMŒŒÍÍMMKŒŽMÎLMŒŒÍÎŒM‹LŒKŒŒÌKŽNMÌMÍŒÎKŒÍLLNÎÌMÍŒÌËŽNMŒNMMŽLŽLŒËŒÍŒŒLÌNMLÍŒŒŒÎMLMÎLÎMŒÍŒÌLÎMŒNLLMÌLŒ‚ŒM‹LŒKŒŒÌ‹ŽNMÎLŒLMNKŒÌNMNŒMŒMËŽNMŽLMLLÍLŒMÌ‹ŒÌŒMÌÌNŽMKŒLÎÍÌŒŽLŒÌËŒÌŒÌÍÌLLÌÌBŒM‹LŒKŒŒÌËŽNMŽMMŽMÍÍÌ‹ŒÍMÌŒŽMÌLMKŽNMNÌÍNÌŽÌŒ‹ŒMŒMNNMÍ‹ŒÌÍNNMÌLÍËŒÍÌLÍMLÂŒM‹LŒKŒŒÍKŒMÍŒMÎMŒÍŒËŒŽNLMMŒLÍÌÍŒ‹ŽNMMLMÎLLNLËŒŒÍÍÌÍMMNÎMKŒŒÍLŒŒMÍNNKŒŽÌŒÍLÍÍŽNLBŒM‹LŒKŒŒÍKŽNMMLMLÎKŒÌMÍNMŽÌLMËŽNMÎNÌÎŒNLŽMŽÌÍNMLÍŽŒŒŽNNMMLÌÎLŒŒŽLNMMMLÌŒMŒÌÂŒM‹LŒKŒŒÍ‹ŽNŒŒÍÌNLÎNËŒÌŒŒŽMLÌMNKŽNMMNLŽÌKŒŽMLÌMMMÌŒÎN‹ŒMMMLŒÎMNMŒŒÌ‹ŒÌÌMMNLÍŒÍÎŒM‹LŒKŒŒÍËŽNLNMÍÌŒÍLËŒÌÍÌÌÍNLÌŒÌÍ‹ŽNMŒLLŒÎÍMÍLŽŒLMŒŽMÌÌŒLÌ‹ŒŽNNMÎŒÌLMŒ‹ŒŒÍŒMLLÍÌÌLŒŽBŒM‹LŒKŒŒÎKŒLÍŒMLLÌ‹ŒÎMÍMÌMMÌMLKŽNMMÎŒMMNMÌMËŒNLŒÌÍMÌMŽM‹ŒLLNÎMLÌÍ‹ŒÌŽÌMŒNÍÌMÌŒÂŒM‹LŒKŒŒÎKŽNNMÍLLÌLÌŒŽLÍÎLMŒŽMÎ‹ŽNMŽMŒÍÍŽKŒÎMÌNNŽN‹ŒLNŒÌŒŒKŒŽÍLÌŒÎNLBŒM‹LŒKŒŒŽNLŒLÎNLMÌŒËŒÎÎMNŒÌŽMÍKŽNMÌŒÌÍÍÍÌKŒLMÍÎNMLM‹ŒLÌMÍNÌMŒML‹ŒÌŒÍMLMÍNNÍŒM‹LŒKŒŒKŽNLNMMŒNÍLËŒŽNNÌLÍŽNMŒÌMŒM‹ŒLŒMŒŒÎMÍÎŒNLÍMŒLÎMLML‹ŒŽNÌÌÍÍLÍLÍŒM‹LŒKŒŒ‹ŽNLNÍMNMMMÎKŒLŒŽMÎŒŒMÎLËŽNMMMŒŽLMMLLÌM‹ŒÌŒŒMŒŒÎMLŒL‹ŒMLLÌMÍMŒÍMÍNÌLLMŽŒM‹LŒKŒŒËŽNNŒŽMŒNLMLËŒÍLNÎMLLŒËŽNMŒŽMŒÍNLŽÍŽM‹ŒÌÌÎŒÌÎÍŒ‹ŒÍNLÎÌLNMNŒŽMNLŒÍÌŒŒÌÎŒM‹LŒKŒŒŽNMMŒŒNNMNËŒÍÌLŽÍÌNÎKŽNMNÍÍÌMÌŒÍNËŒMÌMÎŒNMÌ‹ŒMÍŒLŒLÌÍÌŒÍÎŽŒÌMÍMŒŽLNL‚ŒM‹LŒKŒŒKŽNÍÌÌŽŽMNNL‹ŒÍLŽMÌÎŒMŒLMLL‹ŽNMNNMŒÌÌÍMLMŽËŒÍNLLÍÌŒÎŒMÌÎNMŒÌÌMŒŽLMŒÌNÌŒLÂŒM‹LŒKŒŒ‹ŽNLŒÌŒMŽNNÎLÍM‹ŒLÌŒÌÍMÍLŒÍKŽNMÌŒÍÌNMÌLÍNÍKŒÍÌMÌŒLMŽMÍŒLÌÍMÌMLÍŽMNŒNNLÍÍNŽLŽMLÎBŒM‹LŒKŒŒËŽNNLMÍÌMÌŽKŒMLÎLÌÎLŒÍKŽNMLÌLÌLŒÌŽÍŒL‹ŒLMŒNÍŒŒNÍÌŒÍŒLÍMŽŒÎMLŽNLÌÌÂŒM‹LŒKŒŒŽMÎÍÍMÎÍŒNMËŒÍÌLMMÎNÌÌM‹ŽNMMÌÍŒŒÌŒKŒÍMÌÌŽÌMMÎKŒŽMNNLNMLLÍŒNŒÍŒMLÌÌ‚ŒM‹LŒKŒŒKŽNMLLŒÌNMÌMËŒÍMNMÍÌÌ‹ŽNMŒÌMÌLŒMNMMŒŽLLNMÌNŒNMŒŒÌLŒÍÍŒÌŒÎMËŒÌLÍÍLŒNMŒM‹LŒKŒŒLŽNŽNMÌÍMÍNËŒÎŒŒŒŒ‹ŽNMMNÌÌÍŒŽŒŽNMŒLÌÍNNKŒMMŒÍÌŽMÌMËŒÍŽNLÌNMŒÍŒM‹LŒKŒŒLKŽNNÍŒÌÍMMMLMŒLKŒÌÎÍNNMLKŽNMŒŒMÍŽMLŽÍÌ‹ŒÍÎLÎNLÌÍÍ‹ŒMMŒŒÍŒÌLŽÎŒÌNLÍLNLLÎ‚ŒM‹LŒKŒŒL‹ŽMÌÍÌÎŽÎMLMNŒÌŒÍÌŽŽN‹ŽNMŒÍLLMÍŒN‹ŒÌLŒÎLŽMŒŒÌÌÌÌMŒÍŽMÍÍ‹ŒŽLŒÌÎLŽMÌÍÍ‚ŒM‹LŒKŒŒLËŽNÍÍŒŒŽMMŒMËŒŽNNLNLÌÍMËŽNMŒMMMÌLÍŒÎËŒÌŽLMŒÎLÍ‹ŒMMÍÎŒMÍLÌLMŒŽMMŒÍÍLMML‚ŒM‹LŒKŒŒMŽMÎNLLMÌÍËŒLŒMLÌMËŽNMŒMÎŒŽMMÍŒËŒÍÌLÍÎLŽŒÍÍŒÍÍLÌNÍLËŒÍMŒÎŒŒM‹LŒKŒŒMKŽNLÍLLÎNÍÌÍŒÍLLÍŒŒÌLÍËŽNMŒMLŒŽNMŒLŽLKŒÎŒÌLÍÌŒÍŒ‹ŒŒŒÍÎÌNŒLLÍÍNN‹ŒÌLÎÎNÂŒM‹LŒKŒŒM‹KŒLŒÌÍNLÌŽNM‹ŒÍÍNÍMÍÍLËŽNMMÌŒMËŒŒŒLÎLÍMMÌKŒŽMLÌŒŒÍÎLŒÍÎNMÌÌÂŒM‹LŒKŒŒMËKŒÍŽLÌŒLNLÍ‹ŒÎLŽŒLMŽNMŒMÌMÎLÎLLMÌMËŒŒLŒŒMÌL‹ŒŒLÍŒŒLÌŽMŒÍÍMŒÍÍÍŒÌNM‚ŒM‹LŒKŒŒNŽMÎLÎÍŽLLËŒÌLŽÎŽNKŽNMŽÎLMÍÍÌÎËŒÎMÍMLMMNNÌÌMŒMNÎNMŒNKŒŒÍLÌÍŒÌLŒŽMŒM‹LŒKŒŒNKŽNLÌŒÍÌŽÌLM‹ŒÍMMNMMNLNMŽËŽNMŒÎLÎMÍŽMÌŽ‹ŒLÍÎNÎMŒMŒMŽÌLÌÎMŒËŒÍNMNMLŒŒÍM‚ŒM‹LŒKŒLŽNÍŽLMLMLLNLŒÍŒÌÍLŒÎLÌNLŒNŽNNLŒŒMNLMLÌËŒNLŒÌŒLÌÌMÍŽNÌ‹ŒLMÎMMŒÍMÍÍÍLÍŒÌÍŽMŒŽLÌNÂŒM‹LŒKŒLKŽNMÍLŒLÍÍÍŽŒÍLÌMŽMŽÌŒÍŒ‹ŽNNLŒLÍŒÎMÍLËŒNNÎNMÍNLLMNKŒŒÎLÍÍÍÍŒÍMKŒÌŽLŽLŒŽÂŒM‹LŒKŒL‹ŽNLLÌMŒÎLLMNNKŒÍMÌMMMÍÌÍŒÍ‹ŽNNLŒNÌŽLŒLÍŒËŒNNMÍŽÌÎMŒMŒLÌMNLÎÌÎM‹ŒÌŽLŽLÎMLNMMÂŒM‹LŒKŒLËKŒŒLŽMŽNLÌ‹ŒÌŒÌLŽNML‹ŽNNLŒLMŒŒLŒNMMLNNMŒMÎKŒÌŒÍÎMÌL‹ŒÌMLMÌÌŽMÍMÂŒM‹LŒKŒLŽNMŒMLMÌMLŒÍÍLKŒŽMÌŒÍMKŽNNMÌLŒŒMLLËŒMŽÍŒLÍŒÌMŒŒËŒÌŽÌÌMMÎNNMÍNŒÎNMÍNMÍŒMMBŒM‹LŒKŒLKŽNLÌŽMÎLŽMŽŒÌMŒLMLLÍÍÍÍ‹ŽNNLŒÌÍNÌÌLÍ‹ŒNMMLMÎMÍMŒNŒLMLÌLŽLLŒLLL‹ŒÌMÍLÌNÍÎNM‚ŒM‹LŒKŒL‹ŽNLNLNLÌŒŒŽNMËŒÌŒLŒMÍLLŒMKŽNNLŽŒÎLÌÍÍŒKŒNMÍÍÌÍÌMËŒLŒMŒŒÌLÍMKŒŽMMLÍŒLMMŒÂŒM‹LŒKŒLËŽNMLÌNLMNLÍŒMLKŒÍNMMÌÌŒÌLËŽNNLÌÎMLMŒÎKŒNLLÎLŽŒÌLŒMKŒNNMÌNŽMLÍMNKŒÌŒMNŒNMLLÍÍÌŒM‹LŒKŒLŽNMŒMŒÎMÍLËŒÍÌŒÌŒŽLNÌLŽNNLLMLLÎMLLÍ‹ŒŒLÍÍŒLNŒLMMMŒŽNŒËŒÍMŒÎLMLLÌMÎBŒM‹LŒKŒLKŽNMŒÌŒMÌŒÌ‹ŒÌLÍMNMÎMŒMÍÌÎKŽNNLÌÌŽÍÎÌMŒNÍLNMMLËŒÌÍNÍŒMÎLMŒŽMÌÌLÌŒLNÂŒM‹LŒKŒLLŽNLÍÍMÌÌŒŽLŒÌŽŒLLNLLŽLËŽNNLŒLMLLMLNŒKŒNNMNÍÍÍMMÍ‹ŒLŒLMMÌŽLŽL‹ŒÌÌÍÎÌMLÍÌMÌÂŒM‹LŒKŒLLKŽNNLNLLNLMŽŒÌŒŒMŒÌÌÌLŒËŽNNLŽLÍMLŒŽKŒNLLMMŒÍMŒLÍŒÍLMMMŽMMÌKŒÌLNÌNÍMLBŒM‹LŒKŒLL‹ŽNÎMŒÍŒÌÎNMMËŒŽMÎMŒÍŒŒÌMKŽNNLÎŒLŽLMÌLLÌ‹ŒMÍLNNNLŽMÎKŒLÍLÎÍŒŒNÍKŒŽÌÌMNLŒBŒM‹LŒKŒLLËŽNLÍLLÌLŽMŒŽLŒŒŒÌMMŽŒ‹ŽNNLÌÌŽMLÍ‹ŒNÍLÍMŒKŒLŒLLNLŒÎNNÍLÍKŒŽNLŒŒÎMÌÍNÍ‚ŒM‹LŒKŒLMŽNMMÍMÍMÎÎŒÌLÍLŒLLÌÍMMŽNNLŽLŒÍÍÌÎMNMM‹ŒNNLNLŒŒŽLKŒÎMÍÎŽMNMKŒŽLÍŒMNLŒŒ‚ŒM‹LŒKŒLMKŽNLŽNNNLNŒMŒÍŒMÌNNŽÍŒMŽNNLMÍMLŽMŽŒŒŽMÌŽMŒÍÍŒŽNLNMÌMÌŽKŒÌŒÎŽLÌÌÎŒBŒM‹LŒKŒLM‹ŽNMÌMLLNMŒLKŒÍÌÍLLMŒMŽŽNNLMÌLMŒŒŽMËŒŒŽLLÎÌÎNËŒMLÌŽLMMÌÌKŒÌŽLÍMNŒLÍŒ‚ŒM‹LŒKŒLMËŽNMŽLÌLMÌLŒŒLÍŒÍŽLLÍŽLMMŽNNLŒLÍÌÎNLKŒNLMMMLMŒLŽËŒÎŽMÌŒÌÍŒŽŽËŒÌLMÍŒÍNNNLŒÍÍÂŒM‹LŒKŒLNŽNMÌŒŒŒNLŽNLŽKŒÌÌMMNNNNMŽNNLŽŒLNMÌLKŒNLMÌMLMÌÍÎÍKŒŒŒNMMÍ‹ŒÌŽMÌÍMÌL‚ŒM‹LŒKŒLNKKŒNLMLLŽMLÌÌ‹ŒÍNMLLÍNMÌMŽNNLNŒŽÍLÎLÌNKŒŒMMŽLÌMËŒLNMMMÌMLŒŒÌMŒNMÍŒNNÍBŒM‹LŒKŒLŒŽNNLŽNL‹ŒMLÍNMMÌŽLËŽNNLŒMÌLÍNLLÌËŒNNŒMMMËŒÌÍÍÍÎÍLÍÌKŒÍÌÍÍLÎMMLÍŒ‚ŒM‹LŒKŒLŒKKŒÍÎMÌŽMËŒÍNLÌLMM‹ŽNNLŒÌÌÎLŽKŒNLMLŽLÍŒLÎMŒMÌNLÎËŒÌMÎMÎŽÌÌÍBŒM‹LŒKŒLŒ‹ŽNMÌÍŽLÎLŽMLŒŒŒ‹ŒÌŒMÌÌNMŒMLŒËŽNNLÌÎŒÍMNMÍKŒNŒŽMNMNLÍŒÍNŒLLŒŒLÌMÎMŒŽÍŒÌLMŽÌLŽNLNÎŒM‹LŒKŒLŒËŽNNÍÌLMŒŒNËŒÌÌÍÌMMLŒŽNNLMÌÌŒMNLLÍMËŒŒÌÌŒÍÍÌÌÍŒMLÌLÌŒŒÍLÍŒÌKŒÌŒÌNMŒÍŽMLLLNŒM‹LŒKŒLŽNMŒNNŒNNLKŒÍLÎMÌŒMŽNNLNLMÍMÍMÎŒŒLŽLÌŽLÍŽMKŒÌLLÌŽMMMLMÍÎŒÌNÌÍMMŒÍ‚ŒM‹LŒKŒLKKŒLLMLNMÎNLM‹ŒÌLŒŒMÎŒMMŒMMMŽNNLŒÌMLÍNNÎŒNMŒNÍÎLÍMKŒLŒÍÌŒLŒÍŒÎLËŒÌÌÌMMNŒM‹LŒKŒL‹KŒLÍÌLŒLMLÍ‹ŒÍLŒŒŒÍMLNMŽNNLNLŒÌŒŽKŒŒMŒÍŒÌÌÍMLŒŒLLÌMMÍÌLÎLŒÌŒÌNÍÍÍÍBŒM‹LŒKŒLËKŒÌŽNLÍNNLLÎŒÌÍNMMŒŒŒNMÎNŽNNLMMÍÌÎÌËŒŒMMÎLŒÌŽÎLKŒŽMÌÎLMŒŒÌLM‹ŒÌÌÍMMMMMŒM‹LŒKŒLŽŽNMNÍLNNŽL‹ŒÌNMNMMMÎLM‹ŽNNLŽNŒŒLL‹ŒNÌŽÌÍNŽLNŒÌMMŽLŒÎLLM‹ŒŽMÌMNLÌMÌŽMMÎŒM‹LŒKŒLŽKŽNNLLMÎLLŒÍ‹ŒÌŽLÍÍÍMLNMËŽNNLÍMÌMŒNÌLÌLŒÍMŒLŒŒLÍŽNMÍLLŒŽLŒNLNMÎŽMŒM‹LŒKŒLÌŽNLŒMMÌNLNLMŒŒÍŒÌLŒŒÌÍŒMÌËŽNNLÌÍÍŒŽMMŽMËŒNNNLÍÌŒLÎLÍÍKŒÍŽLNNMÍLÌÌÍŽŒŽMÌŒNÍÌÍLN‚ŒM‹LŒKŒLÌKŽNNLŽÍŽMÍNMËŒÍÍŒMŒŒLLŒŽŒLM‹ŽNNLŒMÍLÎLLÍŒŽKŒNMÍÎMMMÎLÌNLÍËŒÍÌLÍÍNMNŒÌÍŽMÍÎŒŒNM‚ŒM‹LŒKŒLÌ‹KŒÌÍÎLÌŒLŒÍÎŒÌÍŒÌMÌÎNMËŽNNLLÎMŒÌNŽLŽŒNLÌLÍŽÌLŒLÍËŒÍÌŒLMLMMËŒÌÎÌŒÌÎNLMMÂŒM‹LŒKŒLÌËKŒNMMÍÌÌÎNNMŒÍÎLŒÍMLÎNŽNNLÌŒLŽÎLMKŒNLÍÍLŒNMŒN‹ŒÍÌÍMŒŽŒLKŒÌÎLÌŒÌMÂŒM‹LŒKŒLÍŽNLŒLNNMÍŒMŒÌMÍMŒNMÍLÍKŽNNLŽMÍŒÍŒLŒÍKŒNÌÎNMÍÍŒÌÌMKŒMNLMNLÎŒŽMMŒÍÎÍLÍÎLŒÂŒM‹LŒKŒLÍKŽNNÎLŽÌMŒÌËŒŽÎMÍLÌLÍLNŽNNMLNMŽMÎMŽKŒMÌMLŒLNŒÎÌÍŒLLMNŒŽŽÌMKŒŽÍNLÎNMNLÍŒ‚ŒM‹LŒKŒLÍ‹KŒLMLLÌMMÍÎKŒÍLMÌŒMMMŒNNŽNNLLLLÍNLNKŒŒLMMÍMÌLLŽM‹ŒLLLLNLÍÍMŽÌKŒÌŒŒNŽLŒŒÎŒM‹LŒKŒLÍËŽNMLŽLŒLLMŒLMŒÍÍŽLÍÍMŽLÍKŽNNLLÍNMMÍÍÎËŒŒMMÌMŒLLMŒLÎNLŒÍÍLŒMÍM‹ŒÌÍŽLŒÎLŽMŒM‹LŒKŒLÎŽNNMNÌÍŒÍÎÍMŒÌMŒŒMÍÌMÎNLŒÍŒ‹ŽNNLŽLMNLMLŽKŒNNMLÎMÌÍŒŒNLLÎLMMMMŒËŒÌŒŒÎLLÎMŒÌ‚ŒM‹LŒKŒLÎKŽNMNMŒŒÌLNNLKŒÎÌŒÎLMÍMMLËŽNNLMMÌLÌÌŽŒŒŽŒÍNÎMÍŒÍL‹ŒÍNMÍŒLLNMÎŒÍŒÍÌÎŒÌMBŒM‹LŒKŒLKŒŽNNNLLLLMKŒÌÍŒÎÍŽLÌ‹ŽNNLÎLLMMŒNMKŒMÍŽMLÎLMÍ‹ŒŽÍMÍMÌMÍÍŽNŒŽNÌŒŒLŒÍÌMÍBŒM‹LŒKŒLKŽNMMŒŒÌMLÌÎMNÍËŽNNLMŒÌÌÍŒNLŽÌŒÎMLŒŒÍŒLŒÌLŒŒNMMKŒŽMÍMÌÌÌŒM‹LŒKŒL‹KŒÍŒÎÌŒÌLKŒÍÌŒMÌMNMËŽNNLŒMŽNMKŒNMÎÍÍÌÌNÌÍLKŒŒÌŒÎŒŽLMŒKŒÌÌÍÎÎÌŒLŒMMBŒM‹LŒKŒLËKŒÍÌÍÎMMNNLKŒÌLŒLMLMMÍŽLŽËŽNNLÍÌNLÍËŒNMŒMLLLÌLÌLÌËŒNMÌÎLÌMÎMKŒŽMNLMÍÌÌÌŒÌLÂŒM‹LŒKŒLKŒNÍÌNLÌMŒÌMÍŒÍNLÌŒÌÌKŽNNLŽMÍNMMŒNMMLÎMMÌMÍKŒÌŽLÎMŽMÎLÌÎMKŒŽLŒÌMÍÍLMMÌL‚ŒM‹LŒKŒLKŽNLŒÌMÍŒÌLLNLÌÍLÌÎM‹ŽNNLŽLNŒÍŽLŒ‹ŒNMŒÍÍM‹ŒLNLMŒÌÍNKŒÌMŽMŒNNŒLÎŒM‹LŒKŒL‹KŒÌLMMŒÎMNÌÍËŒÍMLLÌÍKŽNNLŽNMŒLMŒËŒNŒŒNŒŒNŒŒÎNÌŒÌŒNKŒÌMÍNNNNNBŒM‹LŒKŒLËKŒŽÎNŒŒÌLKŒÌLÍNÎÌÍŒ‹ŽNNLŽÎÎÍMMËŒNŽMÍŽÍMÍ‹ŒÍÌMLŒKŒŽLÎLMÌLÍÌLL‚ŒM‹LŒKŒLKŒŒŽNMÍÍŽNŒÍÍLŒLMÎMML‹ŽNNLÍÌÌLÌÍMKŒŒLÍMÌÌNLÍMMÌŒMŒLÌÍMÌMÌÎŽÎŒÍŒŒMŒŒŽLMŒBŒM‹LŒKŒLKŽNŒLNNMMŒŽMŒÍÍMÎÍLLKŽNNLLÍÍÍL‹ŒŒŒŒÍMÌLŒÌLŒ‹ŒLMÍLLÍLNÌMÌ‹ŒÍÌLŒÌMÍLÎÂŒM‹LŒKŒLLKŒLLŒÍÍŒŽNŒÌÌNÌLLNLŒŽŽNNLLÍMÍŒŒÎMLKŒŒÎÍÍŒMÌÍÍÍËŒÌLLÍLÍLÍÎLËŒÌMNLÌÍMÌ‚ŒM‹LŒKŒLLKKŒÎŒŒÍLMLŒÍËŒÌLŒÌMMLNÎML‹ŽNNLŽLMMLŒNNMNLLÎNŒNNNLMNLMŒÌL‹ŒŽLŒMŽMŒLNMŒŒŒM‹LŒKŒLL‹ŽNNMŽLLMÎËŒÌÍÍŒNÍMÍÌŒŽŽNNLNMŒŽL‹ŒNMŒŒÌÌÍŒMÎNŒLLNLÌNNLNKŒÌŒLMLLÌMMŒM‹LŒKŒLLËKŒÌÍŽLÍÎLËŒÍLŒÍŒMŒÌËŽNNLMLÌÌŽLLÌÍLNŒŒMÍLLMŽŒÍÌÍËŒŒNMLŽÎLM‹ŒÌÌŽLÌÍÌÌLÎLBŒM‹LŒKŒLMŽNLŽNLÍMŒÌŒŒŒÌMŒÍÎLÍÌÍÍLLN‹ŽNNLNLMNLMNNLŒŒLŒÍLÍNŒLLMÎÎŽNŒÌÍMLLLMŒLM‚ŒM‹LŒKŒLMKŽNNNLNÍŒÍŒŒÌÌÍŒÌÌMŽLŒL‹ŽNNLŽLŒNŽLŽMŒKŒNLMMMÎNL‹ŒLŒŽMÎLM‹ŒÌLŒMMLLÌLMŒM‹LŒKŒLM‹ŽNLÎŽNLÎMÍKŒÍLÎLÎŽKŽNNLMŒMLLLÍŒŒÌLÌŒŒMÍÌMMËŒLLLÌMLŒŒÍNMÎL‹ŒÌŒNLÍNNBŒM‹LŒKŒLMËKŒÌÍÍLMŽÎMŒÎÍÍMŒMNNŽNNLMLÍÎLÍÍ‹ŒŒŽNÍÎKŒNLÌMNLŒMŽÌŽMLËŒÌÎŒMŒLŒÌ‚ŒM‹LŒKŒLNŽNMÌMŒÌŒŒNŒÎMÌMLŽÎKŽNNNLÍÎLMŽLMKŒŒŽNMÌÍNMÍÌ‹ŒMLÍLMLÌMKŒÎÌLÎMLŒÌÍŒM‹LŒKŒLNKKŒÌŽLÍÌŒŽÎLÎMÍMLŽÌKŽNNMÌLŒŒŒMMŽŒMŽLÍŒÌLÌLŒÍŒŒÍNŽMMŽMLËŒNLMÌLMŒM‹LŒKŒLŒŽNNMÌÍLLŒÍNËŒÌMMMŒÎLÎLÍÎMMMKŽNNLÍÌÌLÌÍ‹ŒNLMÍŒÌÌÌÍLËŒŒMÌMÌNNLŒÎŒÌLLŒNLÌŒMÌÍLMŒM‹LŒKŒLŒKŽNLÌNNÎMLÍÎKŒÍŽNMÌŒŒŒŽKŽNNLŽMÌÌŽLŒKŒNMMŒÎMMÍNMNMNËŒLŒMMÌÌLÍÍŒ‹ŒÍŒMMŒŒMLÎÍ‚ŒM‹LŒKŒLŒ‹KŒÌÌMŽMMÍMÌ‹ŒŽMÎNŒNÎNLMÎŽNNMÎNŽLMŽMÎKŒMÌÍMÍŒŒÎŒÌMÌNŒÌMŒÌNNÎÍMŒŽÎMÍLŽLLLMÍÂŒM‹LŒKŒLŒËŽNMÌLMÎLŒËŒÌŒŒNMŒÍÍŒLÌKŽNNLŒLÌÎNÌÍŽKŒNNÌNŽNŒMŽLMŒLMMNLÍŒL‹ŒÌMÌŒÎMLŽL‚ŒM‹LŒKŒLŽNMÍÍMMÍÎMLKŒÌÌLÌÌŒŒ‹ŽNNLMÌNÎŒMÌ‹ŒŒÍŒŒÍÎËŒÎNMÌÎNLMÎLÍ‹ŒÌLNLMLŽMMLÎŒM‹LŒKŒLKŽNMMŒMNMLMËŒÍŒNLNMÍÌÌËŽNNLLLÌÌNLÍKŒŒLNMÍÎLLMÍÎLŽ‹ŒÌLLÍÌÌNMÌŽMÍKŒÌŒNMÌÍLMÂŒM‹LŒKŒL‹KŒMÌMŽMŒŽLÌŒÌLMŒÌÍÎÍMŽNNLŒNLMÌŒLKŒNNMÍŒLMŒÌNŽKŒMÌŽLNLMÌÍN‹ŒÌMNÌÍÌÌÍÍŒM‹LŒKŒLËŽNMNŒÌMNMÌÌŒMŒÍŽMÎLMMÌŽMŽNNNMÍŒŒÌŒŒKŒŒLÌMŒÍŒÍŽLNMMLLÍËŒÌÍMŒŒŒLŒÍÍÂŒM‹LŒKŒLŽŽNMŽÌŽÌÌMLËŒÎLÌMÎMÌŽNMÍŽNNLÍÍŽŒM‹ŒŒMÍŒLŒŒNMŒÍNMÍNMŒËŒÍÎMŽNLMNMŒBŒM‹LŒKŒLŽKŽNLMÎLMÍLÌÌKŒŽNLÌÍŽLŽMŒLÍKŽNNLÍÎMÍNMÍÍŒ‹ŒNÌŒLŒÌÌÎMÍÍNLËŒÍNLŒŽLŒMŒLŒLN‹ŒŽMÌŽLLŽŒM‹LŒKŒLÌŽNÌÎMÎMMMÌÌËŒÍMŒLŒNÌM‹ŽNNLNMŽLÍŒÍÍÌËŒŒÎMNÍÍÌŒ‹ŒLNLÌŒÌÌÎLMÌNŒÌMŒŽMŒŒLŽMÌÎM‚ŒM‹LŒKŒLÌKŽNLNÍÌLŒÍŒŒMÍKŒÌÌŒLLMLNÍMÍKŽNNLŽLNLMŒŒŒÎËŒNMŒLÌLKŒNLLLÎMÌËŒÌNŒLMNÎBŒM‹LŒKŒLÌ‹ŽNÌNMÌÌLÌÌMÍÍKŒÍÍMÎMLÍŒÎMLLMŽNNLNÍNNÌÌMÍKŒNLLMMLMMLŒÌŒ‹ŒLÎMÍÍLLLŒMÍÌKŒÌÍÎLÌLŒÍÍNŒM‹LŒKŒLÌËŽNNNMMÎLŒKŒÍNŒŽKŽNNLÎMNÍÌ‹ŒMÍŽLÌÍMNLÍŒËŒÎMNNLLÌMÌKŒÍMŒMŒÌMNBŒM‹LŒKŒLÍKŒLNŒŒMŽLNMLKŒÌŽMLŽMŒÌÌŒLMÌÍMKŽNNLŒŒÌMMŒ‹ŒŒLÍLMÍLÍMNÌËŒLMMŒÌÍÍÌŒÌKŒÌLÍMLMŽŒÍÎMMŒM‹LŒKŒLÍKKŒLÌÌMMMÍŒLËŒÌÎMÍÍÌMŽMŒL‹ŽNNLLŒLŽLŒÍŽMŒNLÌÍÍLMNLNMÍÌMKŒLLÌŒŽNÌÍNÌÍÍŒÌMMŒŒŒÎLÌŽŒM‹LŒKŒLÍ‹ŽNLLÌÎÌÍÎLÎL‹ŒÍNNŒLMMÌÎŽNNLNMMNMÌMŒŒMLŒNNLNMŒÍŒMÌŒŒMÌÎŒÌMÍŒÎMMŒM‹LŒKŒLÍËKŒÎLNLNNMML‹ŒÍŽÌŒMNNLŒLMÌËŽNNLŒMNMMLNLŒNNMÌMLÌLLML‹ŒÍMŒÌNLŒÎKŒÌŒÌÍLLLLMLŒBŒM‹LŒKŒLÎŽNNLÌMLÎNLËŒÌÍLNMLÌMŽMŽM‹ŽNNLŒÍÍÍMÍŒŽŒNMLŒŒÌLÍŽLÍÌÍKŒŽLNÌLNLL‹ŒÌŒNLLNMLNMŒM‹LŒKŒLÎKKŒÍNMŒÎMMËŒÍÌÌÍŒLÍMLÌM‹ŽNNLLLÌÌŒ‹ŒŒLLÍŒŒNLÌLÍËŒLNÌLÎNÎKŒÌŒÍÍNLLŒMMŽMÂŒM‹LŒKŒLŽNNMNMÌÌLÍÎKŒÌŒÌLLÍÌNM‹ŽNNLÍÍŽLMÍ‹ŒMÍLÍLÌMÍLŒËŒÍŒMÌMMŒŒÌÎLŒMŒËŒŽMŒÌMÌÍÌÌBŒM‹LŒKŒLKŽNLMŒMŽŒNLÍËŒÌNMÌLNMMMÌÍKŽNNLNNMÌLÌŒÍKŒŒŒŽMLÌLÌÌŒNMŒÍŒÌLŒLÌŽMŒÍKŒŽMŒMNMNMŒM‹LŒKŒL‹KŒLÌMŒÍMMÍËŒÍNMÌÍLÍÍ‹ŽNNLŒLŒMŽMŒŒÍ‹ŒNNLLMNNLÌÌLŒ‹ŒÎLÍÍMÍLŒML‹ŒÌLNMŒLŒÍBŒM‹LŒKŒLËKŒLÌMŽMÍËŒÍÌÌÍLÌMML‹ŽNNLMÍMŒLÌLMÎMLKŒŒÌMÎMÌŽMŒÌ‹ŒÌMLŽLÌLM‹ŒÌNŒNMMÎMLŽŒM‹LŒKŒLKŒLŒLŒŒÍNÍM‹ŒÌŽMŒLLNLNŒÍËŽNNLÍMLLLÌÍËŒMÎMLÍÌÌŒÌŽ‹ŒÌMŒNMMÌMÍ‹ŒŽLLÍŽŒMŒM‹LŒKŒLKŽNMMMŒLKŒÌŒLLÍMNL‹ŽNNLÍÍÎLNMÌÎL‹ŒMÍŒÍÍŒÍÎMŒÍÍ‹ŒLÌLMNLNMMÎMËŒŽMŒLÎLNŒM‹LŒKŒL‹ŽNMÍLNNMNNMKŒÎLÍLMNLŒÍŽLMKŽNNLLÎMŒŽËŒŒMŒMÌNÍMÍMNŒLŒŒLNŽMNŒ‹ŒÍNÌMNMŒÎÍŒM‹LŒKŒLËŽNNMŒMÎÌÌÌKŒÎŒÍÌÍŒÍLÌÎMKŽNNLLŒÌL‹ŒŒMÍÎNLNŒMLŒ‹ŒLLMMŽMŒÍÍNMËŒÍNMÌLMÌÌÌÍŒM‹LŒKŒLŽNLLŒÎMŒMLKŒÌŒLNMNLMKŽNNLÎNMM‹ŒNNLMLMŒLÎLŒMËŒMÍNNMÎLÌÍÍKŒÌÍÌMLLŒMŒM‹LŒKŒLKŽNMŒLÌMŽŒŽL‹ŒÌÍLÍÍNÍŽMNŽNNMNNLMŒNŒMÌMNLÌLMÎÌÌËŒÍÍLLÌŒŽMÍKŒÍŽŒÌÎŒÍŽŒM‹LŒKŒLLKŒLMŽÎNMÍÍKŒÍÎMNLÎMLMMKŽNNLMŒŽMŒMÌÌ‹ŒŒMÍÍMMLM‹ŒMÍLLÎLŒLÍLËŒÌŒMLÍÍÎŒÍMBŒM‹LŒKŒLLKKŒLLÌNLÌŒŒÌLËŒÌŽMŒLMNLŒNKŽNNLNMLÌŽLÍL‹ŒŒLÌNLÍNNÌ‹ŒLMNNMÌÌÌMÌMÌÌKŒÌMNNŒŽLŒÌŽMŒM‹LŒKŒLL‹ŽNŒÍŒÍÌLŽLNMŒÍLMNÎÌŒŒÌM‹ŽNNLÎNMÌNMÍŒ‹ŒNNŽMÍŽMLMŒÎLÍŒMŽMMÍ‹ŒÌLLNÍŒÍNMMNŒM‹LŒKŒLLËKŒLŒÌÍŽŒŒKŒÍÎMÌNMÍÍÌËŽNNLLŒŽMŒMÍŽMÌËŒŒMÍÎNKŒLMŽÍMMŒËŒÌÎNMÍŒÌÍÌL‚ŒM‹LŒKŒLMŽNLŒŒŒNLÌML‹ŒÍŒNÍÍLLLKŽNNLLŒÍÌLŽŒŒLNŒLNLÎLLÎM‹ŒLÌŽÎLÌÍÎÎM‹ŒÍMÌMMMMÍÂŒM‹LŒKŒLMKŽNNLŽLMLŽMŒËŒÌÌMŽÍMMNMÎNŽNNLÌMŒNÌŽKŒNLLLÍŽKŒÌÎMMÌŒNNŒMÍKŒŽMŽLNŽMÌÌMŒM‹LŒKŒLM‹ŽNNMMŒÍNMÍËŒÍÎŽMNNŒÌŽNNLŒÎÍÌŒÌÌËŒNMLMLNNLŒŒLNMÍLMÎNNMÍËŒÌÌMÍŒMÌŒŽL‚ŒM‹LŒKŒLMËKŒÌŽMMÍMŒ‹ŒÌLŽMŒNLMŒŒLÍŽNNLÌŒMÍŽMÍMÍ‹ŒNÎŒŽMMŒÍKŒÌLŒNML‹ŒÌŒLÌŒLŒM‹LŒKŒLNŽNNLÌÎLÌÌMËŒÌÌŒLÍNMÎNMŒ‹ŽNNLNMMÌŒLÍÍMMËŒŒMLNŒLŒNMŒLMNLŽMÌŽLMŒÌÎMÌMŽBŒM‹LŒKŒLNKŽNNÍŒMNMLMÍÌŒÌMÎÌŽNMMKŽNNLÎÌLÍŒLMŒËŒNLLÌÌÌÌLÎÌËŒLŒŒÍNÌÌÌLL‹ŒÌNNLLÌÍÍMLŽMŽBŒM‹LŒ‹ŒLŽNLNLMÎLÌLMËŒMÎŒLÌÌÌLÌËŽNMLŒÍÍLÌMÍNMKŒMŒÌŒÍLŒŒÍŒ‹ŒMLLMÌŽNMNÍÍMNMŒLLLMÍÍÌNÌL‚ŒM‹LŒ‹ŒLKŽMNLŒÎNMÍMŒŒKŒMÌŒLÍMÎN‹ŽNLÍNNMLMŒÍ‹ŒMMMÍLÎÌMÌÌL‹ŒŽMŽMLŒMËŒŒŽÌŽLÍÌLLÂŒM‹LŒ‹ŒL‹ŽMŒÌÎNMM‹ŒLNLÎLÌLÎMÌNMKŽNMŒÌLMŒÍLNLÎŽNNŒŒÌLMLMŒLÌLKŒNMŽNÌÌŒNNŒŒ‚ŒM‹LŒ‹ŒLËŽLŽLNÍMLKŒMLLÎÌŒÌÍŽLÍŽŽNÎMŒŽMŽLŽKŒŒÌÍÌÎMÌ‹ŒLNLLMLLMMMÍ‹ŒŒMŽNÍMÍMBŒM‹LŒ‹ŒLŽMÎMÌMÎLÍÍÎL‹ŒLÍÍŽŒŒÌMÍÎLMM‹ŽNLÍŒÍÌÎMÍŒ‹ŒMLÎÍÌNMLÎÎŒÎÌMLÍÍŒÍLLÌËŒŒNŒMÌŽŒŒLÍ‚ŒM‹LŒ‹ŒLKŽMŒNMŽLÌŒM‹ŒLÌMMÌMKŽNÍMMLMÌ‹ŒÎMLÍÌMŒLKŒLMÎLŽMLLÎNŒNMMNMŒLŽŒÍŒ‚ŒM‹LŒ‹ŒL‹ŽLÌŒLÍŒMŽKŒMÌLÌÎŒÍLLNLÌŽNMŒÍÌÌÌLÌ‹ŒÍLÌLNLMÎŒMÍMLÍMŒŒŽLŒŒÍÎŒNLLLNBŒM‹LŒ‹ŒLËŽMÌMŽÌŒÌŒLNŒÍMKŒMNNMÍŒMMNNŽNŒÌNÌÎLÎMNŒÍMÌLMÍÍMÌËŒLNLÍNLŽÌÍMŽMKŒNNÌÌÌLMMŽŒM‹LŒ‹ŒLŽLÌLŒŽLNL‹ŒMŽMNŒÍÍLŽËŽNLÍÎLŽNMKŒMLŽMŽÍÍLŒÍŒÌLÌÌŒÌÌÍÍKŒŒNŒŒMŒÎMLÍÎM‚ŒM‹LŒ‹ŒLKŽMŒÌÌÌŒMLKŒMŒŒŒÍŒNÎKŽNMNLÌMŒŽLŽMŒÌNNMŽÍŒLM‹ŒÎMÌŒLÍMMÌLÌŒŒLÌÌŒÎLMŽÌ‚ŒM‹LŒ‹ŒLLŽMMNNÍMÌÍMLKŒLŽMŒÍÍÌMMLLNNŽNÌÍÎNMÌŒLLNMŒÎÍMLÌLÍMŒLLÎLÍLÌMÍŒNLÍŒMMŒŒŽNLŽLÍBŒM‹LŒ‹ŒLLKŽLÍÎMÍÎŒÍŒÎKŒMŒÌNMMMÍŒMÌŒLKŽNMŒÌŽNM‹ŒMNÍÌNŒŽLÌŽMKŒLÎMLŒÌÌNMŒLÌŒÍM‚ŒM‹LŒ‹ŒLL‹ŽLŒŒÌÎLMËŒMMMÌÎŒMLMÎ‹ŽNÍÎMNNÌÌŒKŒLNMÍÍÌM‹ŒMNŽÌMMKŒŒÌÍÌMŒLNŒMŒŒ‚ŒM‹LŒ‹ŒLLËŽLŒNNMŽÍŒŒÍÌÍKŒMLNŒÌÌŒMMŒÎŽNLŒÌŒÌŽNLÍËŒNLŽÍŒÌLÌÍÎŒÌÎMŒÎMLMÌËŒŒÎÌŒLMLNMŒM‚ŒM‹LŒ‹ŒLMŽLŒŒÌŒÎMMÍ‹ŒLÌŒNMÌÍŒNLËŽNLLÌÎÌŒÍMÍÌŒÌŒŽMÍŒLŒŒŽNMÍMŒMMŒNLLÌŒMÌLMMÍMÂŒM‹LŒ‹ŒLMKŽMMLMLÌNLLŒ‹ŒMŒÍŒMLÌËŽNNMŒNLÍÍÍ‹ŒLÌŽÍÍÌŒLÎMKŒÍŒLŒMÍMMÍKŒNLŒLMMLÎMÂŒM‹LŒ‹ŒLM‹ŽMLŒŽMLMMÍÍÌ‹ŒLÍLŒLMMÍŒÌŒËŽNÎMMÍMMLÎMŒÍŒMÌMŒMÍŽŒLMÎŽMÌÌÍŒ‹ŒNMÍLÌLŒŒÌL‚ŒM‹LŒ‹ŒLMËŽMÎLŒNÌÌŒMLÌNMLLLÍKŽNÍLÌÌÍËŒŽNMÎÎKŒLÍŽÎMM‹ŒŒLŒMÍÍÍÌ‚ŒM‹LŒ‹ŒLNŽMNMÎÍLÌLKŒMNMŒÍMÍÍŒÍÍ‹ŽNŒNÍNLLÌL‹ŒÌÍŒŒMŒLLÎMÌMŒŒŒMLŽLLNMÂŒM‹LŒ‹ŒLNKŽLŒÎMLŒŽMÍKŒMMŽNÌMMNMÌMÍŽNÌÎÍÌNLÎKŒLŽLNLLŽŒŒËŒNNŽLÎMMŽMNËŒMŒLÍNÌŒÍMŒM‹LŒ‹ŒLŒŽMÎMNNNMLÌŒŒŽKŒMMŒLLÎLÍMNLMKŽNÍNNMÍMLÎNKŒLMNŒŒŽLM‹ŒÍÍLŽLÍŒŒL‹ŒŒMMLŒÍÍLÌÍ‚ŒM‹LŒ‹ŒLŒKŽMŒÍLŒLLMŒ‹ŒMÍŽMÍŽÍMKŽNŒŒÍÌNMŒÍŒKŒNÌÍNLŽLNLKŒLMÌŽMLŽNLŒŽNMMŒŽMLŽMÎŒM‹LŒ‹ŒLŒ‹ŽMÌŒÌÌ‹ŒLÍÍÌLÎLÌŒŒMŽMŽKŽNÌÍLŽMMLŒÎËŒÍÍÌŒMŒŒKŒMÍMŽMÍÌÌKŒŒLÍLMÌŽÍÎMŽMŒM‹LŒ‹ŒLŒËŽMLNMNMÍNÌŒMŒŒMÌ‹ŽNLÎMŒÌÍŒÌNKŒMLÍÍÍMÌŽŒMMŒŽÍÍÍŒŒLÌMNMLŒÌŒÂŒM‹LŒ‹ŒLŽMŽLNNŒÌŒŒKŒMLLMNMNMŒŒËŽNŒMNŽL‹ŒMÍÌŽÌLNKŒÍNMMŒMNŒŒMÍMÌŽÍÌLÌŒM‹LŒ‹ŒLKŽMÌÌŒLÍÍÎMMÎŒMŒÍÌÎLLMŒ‹ŽNÌŽMMÌLM‹ŒLÍÌŒÌMÌÍ‹ŒLNMÌLÍMŒÍÌLŒÌËŒLLMÎMÌÎLÍLÂŒM‹LŒ‹ŒL‹ŽNLMÌÌÍNMÍL‹ŒMNÍMŒÍŒŒŒÌMMNLËŽNÍÌMÌLLÍMMKŒLNMÎLÌLÌÌÌ‹ŒMÌÌÍLŒÌÌËŒŒMLMNMMÍŒLÌ‚ŒM‹LŒ‹ŒLËŽLÍNŽNNLÍLÌÍ‹ŒLŽLÌŒŒLMLKŽNLÌLLÌÍÌÍŒÍMÌMMLMÎKŒMŒÌÌMÌMŒŒ‹ŒŒŒÎMMÌÌLÍŽŒM‹LŒ‹ŒLŽŽMMLŒMMÌŒÌŒNKŒLÎMLNÍNŒKŽNÌMŽMÍLM‹ŒÎMÎMLÌMŒMMËŒÌÎMÍLLÌLËŒNLÌÌŒLÌŒMNÍBŒM‹LŒ‹ŒLŽKŽLÎMMÌŒŒÌËŒMÍÌÌÌŒŒMÌLMÍ‹ŽNŒMMÌÌÍÌNKŒMNLŒLÌLLKŒÌMMÌÌLMÌ‹ŒÎLMŒŒÍMÍÍLŽLÍÂŒM‹LŒ‹ŒLÌŽMÍMŽLŒÎKŒMLMMŒŒNNŒÌÍMËŽNŒÌLŒÍËŒÍNMNMÌŒLÌMMŒKŒÎLLŽNNNÌÍËŒŒLÍŽNLŒMMMŽLBŒM‹LŒ‹ŒLÌKŽLŽLÍLMNLŒMÌŒMÌÎNMŽŒËŽNÌLÌŒMÌNŒLŒNMÌLNMŒNMŒMŒMMKŒŒMÍMŒLÍŒÍÌÍÎŒM‹LŒ‹ŒLÌ‹ŽMNMÌÎLŒÎKŒMMMŒNÍMŒŒÍMNŽNÎNÌŒÍŒKŒMNMÎNMŽLËŒÎMÎMMÎMLKŒŒÎLMŒÌŒMLLNŒM‹LŒ‹ŒLÌËŽLMŒŒÎLÌLŽLNN‹ŒNŽMMLŒMŒ‹ŽNÌLNMMLÌÌL‹ŒLŒMMLŒLÌÎŒÍÍŽÌÍÎ‹ŒNŒNLLLÂŒM‹LŒ‹ŒLÍŽLÌLLMLLÎŽM‹ŒMŽŒNNÍÌÎLKŽNLÍLNÎŒËŒLÍÌMMMLMKŒLÌLMŽŒŒÎKŒŒLMÍMŽMMNBŒM‹LŒ‹ŒLÍKŽLÌNMÍMŽLMLÌŒKŒMŒŽMÍŒLÍÍŽNŒÎŽNMÍMÍÌL‹ŒLLÍŒÌLÎŒÎMŒLLÌÍÎKŒŒÎLŒLÌMÍLBŒM‹LŒ‹ŒLÍ‹ŽMÌMLÌÌŽLMŽÌKŒMNŒLLŒLNL‹ŽNÌMÌLÍÍŒÍŽŒLŒMLNÍÌÍ‹ŒŒŒLNÍLMMMKŒŒMÎÍÌNNLÎŒM‹LŒ‹ŒLÍËŽMNLMMÌÌMMÍŽŒMLŒMŒŽNŽMÎMKŽNŒŒÍÎMŽLMŒËŒMÌŽMÍMLÌLÎLÎLKŒŒÌŒŒŒÍMMŽŒŒNNMŒÍŒNBŒM‹LŒ‹ŒLÎŽNŒNLÌNN‹ŒMLÎLŒÌŒNLŒÌNŒ‹ŽNÌŒÎLÌÎMÍMŒÌMMÌŒMŒMŽŒLŒÌNMÍŒŽNÌŒÌÎŒNLNLŒÎLNLÎÍÌÂŒM‹LŒ‹ŒLÎKŽMMÌÍMÍMÍŒÎŒÌMKŒMŒŒMŽLMMŽKŽNLÍLŒÍÎNMËŒÎLÍŒÌŽNLLËŒNLŒLLÍMŒÎLMKŒŒÍÎLNLŽŒŒŒM‹LŒ‹ŒLŽMNLÍLNKŒMMŒŒÍNŒÌËŽNÌŽMMNMÌMÌ‹ŒMLÎŽMLÍLŒÌMŒLLNNLÌŒNLMLËŒŒMÌÌÍÌÍLMÍÌ‚ŒM‹LŒ‹ŒLKŽMŒŒÍMŒŒLŒÎMŒLÍÌÍMÍMÎNÎMÍËŽNÌMLÌMÌÍŽŒMŒNNLŽNŒNLŒLÍLMLMMKŒŒŒŽNLŽMNMLÎÌŒM‹LŒ‹ŒL‹ŽMMŒÎNNLM‹ŒMÍMLNŽMŒMLÌ‹ŽNÍÍŒÌNŒÌÌÌÍÌNÎLKŒÍÍLLMNNNMŒÍŒŒMÌÍNŽLMÍ‚ŒM‹LŒ‹ŒLËŽLÍÍÌMMŒÍ‹ŒMNŒNMLLŽMLŽNÍÌÌŽLŒÎMŒÌËŒLNŒÌŽÍŒKŒŒMÍŒNMŒÍŒŒŒŽÍÍLŒÌŒÌ‚ŒM‹LŒ‹ŒLŽMNÌÌLLLŒŽM‹ŒMNLMÍNNMLÎLÌÍËŽNÍÌNMLÍŒÍËŒŒÍNMÍMŽMŒ‹ŒLÍÍMÌLMŽLËŒNŽÌÌÍŒMÌŽNÎŒM‹LŒ‹ŒLKŽMÌŽNLLŒÌ‹ŒLÎLNÍNLLŒŒMÌ‹ŽNÍŒÌMŒLL‹ŒMŒŽMŒŒNNMÌÌKŒLMÍNNMMŒNMÎÌ‹ŒNLLŽNNLÌŒÍN‚ŒM‹LŒ‹ŒL‹ŽMŒNLÍÎLMNNMÎL‹ŒMÍÌŽNNNMMÍ‹ŽNLLMMŒMÍMŽL‹ŒŒÌÍÎŒŽMLŒMLLÌÌÌLÍÍMLÌËŒŒŒLNŽLLŒLŒÂŒM‹LŒ‹ŒLËŽMŒŒÍMLLLÌLŒMLMNLÎŽNŒŒÍŒ‹ŒŽÌMMÍŒŒLŒMMÍÍNMÍMËŒNNMÎÍŒLÍŽLNŒ‚ŒM‹LŒ‹ŒLŽMMÌÍMÌÎŒMÎMŽŽLMKŽNMÎÌŽNMËŒMÍMÌMNÍMKŒÌÎLŒMŽÍLËŒŒNLNLLNÂŒM‹LŒ‹ŒLKŽNMŽŒÌMMŒÌŽŒMNLMLŽNŒÍËŽNÌNMÍÍÍLŒËŒMŒLÌLLLŒL‹ŒÌLLLŒMMLÍÍNÍŒŒMŽMÎMŽÌÎÌNM‚ŒM‹LŒ‹ŒLLŽLÌŽMMNLÌLŽÌ‹ŒMŒMÌÎÌŒLMŒÌŒKŽNÍÍMŒ‹ŒLŽÍŒLŽÌÌŒÍŒNLMÍÌŒÌMŒMNKŒŒŒÌÍLÎÌŒMMÂŒM‹LŒ‹ŒLLKŽMŽŒÎÎLÎNM‹ŒMÍÍÌNËŽNÍNÎÍŒÌKŒMÍŒMÍŽMÍMM‹ŒÌÍNMNNÍŒÌÍMŒŒŽLÎLLNMŒM‹LŒ‹ŒLL‹ŽMŽÍNLÎMKŒLÌÌLÎLŽ‹ŽNÌŽŽÌMMŒÌM‹ŒÎMÌŽNÌÍÌN‹ŒÎLŽNŒŒŒŒLMLKŒŒMMLÍMÍÍÌMŒBŒM‹LŒ‹ŒLLËŽLÎLÌLŽŽKŒMNMÍÌŒÍŒÍLÌËŽNMNMLŽKŒNNNNLMŽÎLÌËŒŽMLŒÌÍŒÍKŒNMÍŒŽŽNŒLÎNÌÂŒM‹LŒ‹ŒLMŽLLNLÌÌNŒKŒMŽLÎLÌLLŽNKŽNMNŽŽLMNŒÎŽLLÎMÍÍMŒŒËŒMLŒNLMŒL‹ŒŽMLÎLLÌŒÌÍM‚ŒM‹LŒ‹ŒLMKŽLMÌŒÌMNMÍÍLÌËŒLÌÍÍŽNMŽLÌLËŽNÌMNLNNKŒMŽŽLÌÌŽ‹ŒMLÌLÎLŽMÌLKŒŒLÍMŽLŒÍÌNŒM‹LŒ‹ŒLM‹ŽMNMÌÍMLŒÎM‹ŒMŒMŽMÌ‹ŽNNLŒMŒKŒÍÍÌMÌLÌÌNŒÎŒNMMMŒŽŒŒÍLÌŒÍÍŽNÌ‚ŒM‹LŒ‹ŒLMËŽNMMŒÌMMLMNŽKŒMLÎMMMLÌŽNŽNMŽLŒLML‹ŒMMÌLŽMLLKŒÌÌÎNLÎLÍÎŒÎMŒŒŒLMLLÎLLNNBŒM‹LŒ‹ŒLNŽLŒŽÎLŒÎLÍMLL‹ŒMŒLLMMŒÍKŽNÌLNÍŒÍŒŒŒÍËŒMŒÍNMÌÌÍŒŒNMŒÍÎÍŽMNMÍMŽMËŒŒÌÎNÎÎNNLÌÂŒM‹LŒ‹ŒLNKŽLÌŒNŽNMKŒMLŒÍÍÍÎMÍNLËŽNLÍÎNMLMŽNŒNLŒM‹ŒMÍŽNŽNNLÌŽM‹ŒŒŒŽÎLMMÎŽŒM‹LŒ‹ŒLŒŽLÎLMÌLMŒÍLÍÌ‹ŒMŒÌNLLLMÎÎMÍ‹ŽNŽMÎÎMMÍL‹ŒLŒMÍMŒŒÌÌ‹ŒÌÍÌÎMMÍŽ‹ŒŒMNŒNMNMÍÌ‚ŒM‹LŒ‹ŒLŒKŽMLŽÌÌÌMŒÍÎLKŒMŒÌNÌMML‹ŽNNLÎŽMÎŒMLLLŒÎÍËŒÌŒÌÌMÌËŒNLŽLLLÌŒÍÂŒM‹LŒ‹ŒLŒ‹ŽNÌÍÌŒÌLÎKŒMMLNÍMÌŽLÍMKŽNÎLŽNMNLŒMLŒMÌŒŽMÌÌÌÎLŽKŒLLMNLÍŒŒNŒŒÍLMŽLÌŒŽLÌBŒM‹LŒ‹ŒLŒËŽLÌMLŒLLŒŽLÍLL‹ŒMMMÎMMÌLÌÌŽMLËŽNLŒÍŒŒÎLLÌMŒLLLÎŒŽLÌÍÌKŒMŒÌÌNLŒÍNŒKŒÌMÎMMÎNMŽÍÎLBŒM‹LŒ‹ŒLŽMNNŽMÌÌÌ‹ŒMŒÍŒMNLÍÌÍÍËŽNÌÎÌLŽKŒLŽNMÍÌLMLLÍËŒNMŽMÌÍÍÎLÎNÌ‹ŒMMŒÎÌÌŽÌ‚ŒM‹LŒ‹ŒLKŽMLŽLŒMÌMŒNNŒMMMLLMŒÍŒŽŽNMÍÌÌÎNÎËŒÍNÍÌLŽNLÍËŒNÌÍŽNMŒŒÍNÌLLMÎBŒM‹LŒ‹ŒL‹ŽMŒMLŒMÎLÍM‹ŒLÌLMÍÍNLÍÌNËŽNÍÌÌMÌMLËŒÎLŒÎLÍÌÌMŒLŒLMŒLÍMLÌËŒŒMÌÌÌNÌŽNBŒM‹LŒ‹ŒLËŽMÌŽÌÍLMŽL‹ŒMLMŒLŒNMMÍ‹ŽNÎŒLÍLMÍÍ‹ŒNÌMŽLLÍŒLËŒLŒŒÍLÌMÌMMLMŒËŒŒMÌMMLLMLMLLÍŒM‹LŒ‹ŒLŽŽMŒNÍÎNLMŽŒMŒŒLMNNLMŒËŽNÎNMLMÍMÍÍŒMÌŒŒMŽÌNLŒKŒMMLÌÍNNŒLŒMŒŒÌMÎLÌÌÎNMLLÍMÂŒM‹LŒ‹ŒLŽKŽLMÎNŒÌÍŽMMKŒMŒÌNLÌNŽLMÎLM‹ŽNŽNMÌÎMMÍËŒŒLNŒ‹ŒÎLŒLŒÍŽLLKŒŒÌÌLŒNMÍÎMÌ‚ŒM‹LŒ‹ŒLÌŽMNLNÍNLÌÎLLÍÍËŒMŽMLÍŽLMÍŽNÍÌÍŒŒNMÍKŒLMÍÍLLÎËŒÍMNLÎLÎNMËŒŒLNLÍÍMŒÂŒM‹LŒ‹ŒLÌKŽMŒŒÍŽÌÍÍŒNÎLŒËŒMLŽŒNMŽÌMKŽNŽÍLÍÍNLÎŒNLÎMÎMÌÌMŒÎŽLŒÌŽLMÌÍ‹ŒŒÌMÌLŒLŒÎÍ‚ŒM‹LŒ‹ŒLÌ‹ŽLŒŒLÍÍÌLÌKŒLÍMÍŒÍMMŒNËŽNÌLLLÌMÍÎËŒÎNNNNLÎNMÌŒMÌMŒÌLÌŒËŒŒŒMNLŒÌŒLLÍÌNL‚ŒM‹LŒ‹ŒLÌËŽMÍNLLMÌNLÍLKŒNLÍÎLLLÌÎNMLŽMÎMÌŒMLNLLËŒLÌÌÎLŒLÌM‹ŒLÍŒŽNŒLLÌN‹ŒNÍÌÎMMÍMÂŒM‹LŒ‹ŒLÍŽMŽŽMŽMNMÎKŒMNLÌŒŽMŒŽMÍKŽNŒMÍŒÍÍŽMŒÎKŒMŒÎNMLÎŒÌŒNNMÍÌÌLLKŒŒNMŒMŽÍÍLÌMŒM‹LŒ‹ŒLÍKŽMMLÍÌMÌN‹ŒMLÌNŽËŽNLÌMÍLŽLÌŒËŒMŽLMŒNMÌÌËŒÍÍÍÌÍÌŒLŒM‹ŒŒŒLŒMMÍLLÌMÌŽMÂŒM‹LŒ‹ŒLÍ‹ŽMMMÌNLNLÌÎLËŒMLŒŒŒŒŒÌÍMÍŽNLLŒÌMÎLŽŒNÌNLÍÍÎLŽŒLLÌLÌNÍÎŽŒŒÌŒÍLLLÌÍÌMÂŒM‹LŒ‹ŒLÍËŽLŽNNMÎMLŒËŒMŒÍÍŒÎMŒÎNŒŽKŽNLÍÍŽLÎLÍÍLÌNŒMLÍŽÎÌÌKŒÎLŽLÌŒÍŒMÌ‹ŒŒŽMŒMŽŽNŒMÂŒM‹LŒ‹ŒLÎŽMÍÌÎLNÌÍÌÎKŒMMÎÍMMÍLLÌËŽNÌNŒÎŒÌŽLKŒLŒÍÍÌLÎLÍMÍŒÎÌÌLÍŒŽNLL‹ŒŒÌÍLLŒMÍÌNŒBŒM‹LŒ‹ŒLÎKŽNNÍÌÌÍŒŒÌKŒLÎŒÌNMÎLŽLLMŽNMLMŒÍÍLÌŽL‹ŒÍŒÌMŽNNÌ‹ŒÎÌÌÌÍMNNŒŒ‹ŒŒMŽNLÍÌŒŒLÍŽÌ‚ŒM‹LŒ‹ŒLŽLMŒLMÌŽNMLËŒMMÌÌMÎNMMŒŽMŽNÌÌLÌŒLÌÎËŒLLÍNLÌÌÌLÌŒ‹ŒMÌMŽNNÎMMÌKŒÎMMLÌNLMMŒÌLBŒM‹LŒ‹ŒLKŽMÍÌŽÌMÌ‹ŒLÎÍMÍLŽŒŽŽNNLMMNKŒŒÌLMŒÎŒLMŒLNMNÍŽMLŽMÌÌŽKŒŒMŒLŒÌŽMÎM‚ŒM‹LŒ‹ŒL‹ŽLÍÍÌÍÍÌŒNÍL‹ŒLÍLLMNŒLKŽNŒŽLÌLMÎMÍMLËŒÎMLLŒLMŒŒËŒÎMLLÌLLÌLŒMÍ‹ŒŒMMŽMÌ‚ŒM‹LŒ‹ŒLËŽMLÎLŽNNMÍLŒMMÎŒMLMÎLŒŒLÍËŽNLLLNLLËŒNÌÎLLMLKŒÍŒLÌŒMÎLÍKŒŒMÌÍMÍMMŒNLÂŒM‹LŒ‹ŒLŽMŒÌLÎÍNÍÌLŒMËŒMLŒÌÍŽNÍNLÎLŽNÎMLÌÌLLÍ‹ŒÌŒLÍÍÍËŒMLŽNMKŒNNNŒLNNLÎLLÂŒM‹LŒ‹ŒLKŽLÍŒÍLLÌŽLKŒMÌÍÌÍLŽMŒÍŽLËŽNMÎMNLL‹ŒMLÎNŽÌŒÍ‹ŒMÍÍLLÌMŽLÍÍKŒLÎLÌŒŒÍÍŽBŒM‹LŒ‹ŒL‹ŽMŽMNLMNMÌÍ‹ŒMÍLÍLÎÍŽNLLMËŽNÌÍŒÌLŒNËŒLLLMMÎLLKŒŒŽMŒLLLŒÌŽ‹ŒÎŽMMÌŽMÂŒM‹LŒ‹ŒLËKŒLMÍÍMÍMÎ‹ŒMÌMÍNÌNŒÍÌÎMKŽNÎLLÍMŒMMÍÍ‹ŒMŽLÌŒKŒLŽNMŒÌÌMÌMMNL‹ŒMÌMNMNNLNLÂŒM‹LŒ‹ŒLŽMMMÌŒŒMŒLËŒMLÌŒÎLLMMÍÎNŽNŒŒÎNLLÍŒMŒMMÌÍŒ‹ŒÎMMÎMLÌŒÍŒŒÍÌÍŽM‚ŒM‹LŒ‹ŒLKŽMÍÍÎLÍMŽÍŽŒMŒNLÌMÎMMNÍ‹ŽNŒNMMÍŽMMÌËŒÌÍLÌÎNŒLŒÍMLÍÍMÌŒÌÎMKŒLÎMNNÌÌÍÌLŽMÂŒM‹LŒ‹ŒLLŽMÌŽÍÍÌÍÍMÌËŒMNNLLNLŽNMÍŽLËŽNMŒÍMMMMÎNŒNÍLNNŽŽŒÎMÍLLMÍNLMÍŒŒŒMMÌÎÌŒ‚ŒM‹LŒ‹ŒLLKŽMNMLÍÎMMŒŽŒMÎLÎMÎÍÍNŽNMŒÍÌÎÌLÌM‹ŒMÎNLLL‹ŒÍMÍMŒMLÌMŒÍÌÍ‹ŒŒŒÎMNLŒÌÍMÂŒM‹LŒ‹ŒLL‹ŽMŒŒÍÌÌMŽŒMLŒŒÎLŒMŽNÌŒÍÎLÌMMÌKŒÍŒŒNNL‹ŒŒLLÍMŒLŒŽŒNMÎLÎMÌLŒŒM‹LŒ‹ŒLLËŽLŽMNLMLÎNLËŒMŒÍLÍMŒLÌNMÍŒÌËŽNLÌÌÍÌÍKŒLÍŽLNMÌLM‹ŒÌMMÎLÎMNMËŒŒÍŒŒLMÍŽÍM‚ŒM‹LŒ‹ŒLMŽMÍLÌLÎMŒNKŒMMÍÍLNÌMÍŒËŽNÌNLŒÌLŒLMŽLŒÍŒÌLÍ‹ŒMŒMÍÍLNMŒÎLMŽLŒLÍÌŒL‚ŒM‹LŒ‹ŒLMKŽLLMLÍNNMËŒMMŒŒNŒÍÍÎMŒ‹ŽNÌŒÌÌŒÌLŒŒLÍËŒLMMŒLŽ‹ŒŽLŽNLÍÍÌŽŽÌMŒŒNNLÌMÂŒM‹LŒ‹ŒLM‹ŽMŒŽLLNNŒÌÌËŒLÎNLLÍMŒLN‹ŽNMLÌÌÌMŒMÌŒŒÌÍŽŒÌMNMŽMÌNLLKŒNLÌMLMÌŒŒNNBŒM‹LŒ‹ŒLMËŽLŒNLŒŒNLLNŒMÍÍMMŒMMLŽMÍÎŒLLNŒŒ‹ŒLLMÌÎNÎMKŒŽNMŒÍÌL‹ŒŽLÍÌÌLÌLŒÍBŒM‹LŒ‹ŒLNŽLÎLMLŒÌNLMNŒMLŒMMÍÌÍLMŽNÌŽNMÌLLÍŽMËŒLMŒNMŒÍLŒLÍMÍMMŒŒÌMKŒŒŽLŒŒÎMÌLÂŒM‹LŒ‹ŒLNKŽNLNLÎŽMÎ‹ŒMLÌÌŽNNNŽNLŽMÍLÍŽŒËŒMÍÌÍŽNÌÎN‹ŒNNMÌLŒÌŒËŒŒÌMMMŒLLBŒM‹LŒ‹ŒŒŽMÌMMMMNLMÌ‹ŒÌÌÍLÎŒ‹ŽNMNMMLLMÌËŒMLŒNMŽLLLŒMKŒÍMÌÍÌŒŒŽLËŒLNLLÍŒMŒÌLÍŒM‹LŒ‹ŒŒKŽNŒŒLÎMÎŒKŒÍLÍÌŒŽMLLKŽNMŒLÎMLMËŒÎLÍMŒLÌMNM‹ŒŒÎÍŒMÌÍLÌM‹ŒLŽÎLMMÂŒM‹LŒ‹ŒŒ‹ŽNÎMÍÌLÌŒÍËŒÌMMLMÍLÍNMÎNŽNMÌÌÌMŽÍŒŒÎLMLLÍŽMÍMNMËŒLŽMNÌÍÌÌÍMMÌKŒLLÌLÍLNMÍŒM‹LŒ‹ŒŒËŽMÌÍLÌNMŽMLŽLÌMKŒÍÎLNŒMŽÍÎŽNMŒLŒÎLÎKŒŽLŒŽMÍŽMÍŽKŒŒÍŽMŽÎMÎMMKŒLNŽMÌLÍŒNMŒLBŒM‹LŒ‹ŒŒKŒLÎMMÌÍÌÌMŒÌÌŒÎMŒLÌËŽNMŒÍŒÍLKŒÌÌMLÌÎLŽÎŒŒMÌÌMMÌÎÎŒLÎMMŽLÍÎLÎŒM‹LŒ‹ŒŒKŽNNMÎMŽMMŽNŒÌLLŽŽMMMMLMŒÎLKŽNMNMNLMÌÌÌÌŽ‹ŒLMNÎNMMÍLŒKŒLLMLLŒŽNÎLKŒLLMŽLNÍÎMÍ‚ŒM‹LŒ‹ŒŒ‹ŽNLMMŒŒÍ‹ŒÌÎÍÌLÍLŒŽNMŒÌÌÌÍÍËŒÌMÍÍŒÌŒÍŽŒŒMÍŒMNŽMMMËŒLŽMLŽNLŒMÌÂŒM‹LŒ‹ŒŒËŽNÎMÍLMŒŒÎKŒÌMMNMÌNMMÍMKŽNMNMŒLMŽŒLMNMÌÌNNŒŽMŒÍŒÌLŒMMËŒLŒÎLŒÎŒÎMÍÂŒM‹LŒ‹ŒŒŽNLNNMMNŽLËŒNŒÍMÍMLL‹ŽNMÌŒNNÎMÎNKŒÍÌLÌŒŒMNMŽ‹ŒMMŽLÍMMÌLMŒMKŒŽMMŒÌLÍMŒŒM‹LŒ‹ŒŒKKŒÌŒLÌÍÌÍKŒÍLÎMMLMÌŒÍÍŒËŽNMMMŽMNLÌ‹ŒNLÍŽMÌNNM‹ŒŒÍNNMÍŒŒMŒMŒLLŒMNŒNLÎÂŒM‹LŒ‹ŒŒLŽNÌMNLNMŒŽMÍÌÍLLMÍÌŒ‹ŽNMNÍÌÍÌLNKŒLÍLMLÌLÍ‹ŒŒÎMŒŒŽMÍÎ‹ŒLLMMÌLŒÌÎMÍÎ‚ŒM‹LŒ‹ŒŒLKŽNMMLMMÌLNMŒŽLŽLLÍMLÌLÌ‹ŽNMŽLÍLŒÌMŒM‹ŒÎLMLÌLLÍŒMŽMKŒMLLŒŒMŒÌÌM‹ŒLŽMŽLLNMMÂŒM‹LŒ‹ŒŒL‹ŽMÌÍŽLLŒÍÍÌLÌ‹ŒÎLMNÍÌLLŒKŽNMMMLÎMŒLŒŽLÌ‹ŒÌMMŽMÍMLÌLÌËŒŒÌŽMÌNMMLŒÌL‹ŒLMÎÍMÌÍÌÌŽLLBŒM‹LŒ‹ŒŒLËŽMÍŽNMLÍÌÍMÌMŒNLŽMÍÎLËŽNMŒLLNŒÍNÌÌËŒÌŽNÎMŒÌÎMŒŒLÎÍŽÌŒËŒLLMMÎNLÌÍ‚ŒM‹LŒ‹ŒŒMŽMÍÌÌÌMÎŒNMŒKŒÍÍMMÍLMNKŽNMŒNLLÍÌÎ‹ŒÎLLŽLÎKŒMLÌŒŽÌÍŒŽŒMÎLŒŽNMBŒM‹LŒ‹ŒŒMKŽNLŒLLÎMLÎLMÍËŒÌÍÌÌNÎLNLŒ‹ŽNMŒÍÌÍMÍNNŒÌŽMÍŒÍÍÌNM‹ŒNNLŒMŒNŒLLMMÎŒÌÍMÌMÌÍŒM‹LŒ‹ŒŒM‹ŽNMŒŽŒLŽNÌËŒÌÌLÍŒÍÌŽKŽNMŒÌÎÌËŒÌÌNÍMMÌÎŒMMLŽNÍÎMMLŒŽKŒLLMÌÎNMMŒM‹LŒ‹ŒŒMËKŒMÍŒŒŒLMKŒÍLÍŒNLLŒÍŽ‹ŽNMŒÍMÌÍÍŒÌ‹ŒÍŒÍMŒÌŒÍËŒLÍLŒNLÍŽÌLÎLËŒLLŒLŽMÎLÎÎÂŒM‹LŒ‹ŒŒNŽNLLLÌÌÎNKŒÌÌŒLMŒŒŒMN‹ŽNMLÌÎNŒŒÌLÍÎŒMŒŽLÎNLŽLËŒNMÌNŒMÌÍŽMŒLLÌÌŽŒŽMŒÍÍÂŒM‹LŒ‹ŒŒNKŽMŒÍLMÌNLLÍŒÎKŒLMLŒÍŽLÌÍŽNMLÌLMLŽLÎMŒÍŽLÎNMLÎËŒŒŽLÌMMLMMŒM‹ŒLÌÎMLŒÍÎŒM‹LŒ‹ŒŒŒŽNMÍŒLMÍÍŒLÍLÍŒÎMMÍÍŒLLÍÍËŽNMNLŒŒLÍLLËŒLMŒMŽMÍÎÎŒÍKŒLÎMÌÌÍÎLŒŒLLÍŒLLŽLMLÌŒÎMÌNBŒM‹LŒ‹ŒŒŒKŽNÍLLÌLÍŒMMËŒMMŒMLÌMÌÎMÍËŽNMLLMLLÍMÌMMKŒMŒLNŒŽMLKŒLLÎÍMÌ‹ŒLNLMÌŒLÌŽMMŒMBŒM‹LŒ‹ŒŒŒ‹ŽMÍÍŽŒMÌÍLÎNŒŒŒÍÍÌŒÍŒKŽNMÌÍMMNŒÍLMŽÌÌMMŒŒLŽLÍNNLKŒLMMLMMÌÌÌÍŒM‹LŒ‹ŒŒŒËŽMÍŒÎÌÎÍÍL‹ŒÎÍLŽMMŒNMMM‹ŽNMŒÍŽLNLÌÌMÍŒËŒŒÍMLNMŒÎNŒŒŽLLLÍLLMÍÍ‹ŒLLMMMÌÎNŒM‹LŒ‹ŒŒŽMÍÍÍLMLÍÍLÎKŒÌÎMLMŒŒNNLMKŽNMŽLŒŽŒÌÍNKŒÎLŒÎMÌÎLMÍÍŒLÌŒŒÍÎNLÎLKŒÌÍÌMŽLLŽÎLÂŒM‹LŒ‹ŒŒKŽNMMÍÍÌŒÍËŒNMŽMÌÍÌLÍÍÍŽKŽNMMNLÍÌÎÍÍŽŒÌÍÎLÎLÍMŒLMLMŒMLÌMŽLM‹ŒLÍNMÍLMÌÍÌÌ‚ŒM‹LŒ‹ŒŒ‹KŒLMÍMMŒÍÌŒŽÌMÍŒŒÌËŽNMNNMMMLÍŒLËŒÍLNNMÍÍŽŒNŒLMÍŒ‹ŒLLMLÍÌNNÍÍMŒM‹LŒ‹ŒŒËŽMÎLÍŽNLŒŒ‹ŒLMŽNLŒÌLŒÍKŽNMÌŽLLMÍKŒMÎLÌŽMÎËŒŒÎŽLÌMMÌNŒLMÌŒMÍMÍŽÂŒM‹LŒ‹ŒŒŽKŒŽŽMNLLŒKŒÍÎMMLLMÍ‹ŽNMNMŽLLMLŒMMMÎKŒLÍÎMŒLÌŽLŒŒMNMŒŒÎÎNËŒLLÎÍMLMÎŒM‹LŒ‹ŒŒŽKKŒLMŽMNLÍÌÎMËŒÍLÎMŽÎNNËŽNMŒŒÌNMËŒŒŽMÍŒLÌMÍÌÍKŒMŽÍÍÎMŒŽÍNŒLLŒLŽŽLÌŒMÂŒM‹LŒ‹ŒŒÌŽMÍŒÌÌÍŽMMÌÌKŒÍŒLŒLLÍMŽMÌŒNŽNMŒÍMMÎŽËŒLŒÍNLŒÌÌŽNKŒŒNMMÍÍŒLÌŒÍMM‹ŒLMŽLŒŒŒBŒM‹LŒ‹ŒŒÌKŽMÌÎLMMMMÌMKŒÌÌMÌŒMÌÌŽMŽNMMÍÎŒÎMÍMNŒŒMMÌÍÌMÎNML‹ŒLMŽLŒÌÌÌËŒLLMÌŒLLLMÍÍÌ‚ŒM‹LŒ‹ŒŒÌ‹KŒMMŒÌÌNLŽŒÎLÎLMMLÍÍÍNNKŽNMŒŽŽÍMËŒÌŒLÎLŽKŒMÍÌÌŒŒÎLÌKŒLMMÍÌMMLŒÌMÎBŒM‹LŒ‹ŒŒÌËŽMÎMÍŽLÍŒMŒNÌKŒÍLMŽLMÌÍÌÎLÍÌÎLËŽNMŒÌÌMÌŽÍNKŒLÍŒNÌÍLŒÌÌÍÍMNMÍLŒLŒŒŒÎLŒLÎLÍL‚ŒM‹LŒ‹ŒŒÍŽNLÍNMNLLËŒÍÌLMÌŒMËŽNMMÍÌÌŒNNNŒLŽNMÌÌMÌKŒMÎNLMLŒŒÌŒM‹ŒLMMNŒLLLBŒM‹LŒ‹ŒŒÍKŽNLLÎLÌÌMÌLËŒÍNÌŒÍŒMLMKŽNMŒMLMLÎÌŒŒÎÌMŒŒÍÌÍÎL‹ŒŒNMŽLÍÌLŒÍŽŒLÌŒMŒÎMBŒM‹LŒ‹ŒŒÍ‹KŒÌNLLL‹ŒÌÎŒŽÍLMÌMÍ‹ŽNMMÍŒNLNÌÍÍMKŒŒÌÌÎNLLÎLËŒNÎMNLŽMÌ‹ŒLLŒMÌÍNÎMLMÎLBŒM‹LŒ‹ŒŒÍËKŒÍLNMŒÍÎMMÌNLÌ‹ŽNMNÍMÍŒMKŒLÌÎLLŒÎMMŽKŒNŒŽLÍMMLMŒLLÍÎMNLLÎLNÎŒM‹LŒ‹ŒŒÎŽNLŒÌÌLMŒMŒÍLNNŒŒŽNNŽNMŒLŽMÌÍMLLŒÍKŒÌŽNMÍÍŒLLŒÌÌÎLÌŒNLNKŒMMÍMNMÍÎMÂŒM‹LŒ‹ŒŒÎKŽMMMŒLNNŒM‹ŒÎMLŽLMLÌÎMŽNMŒŽLÌÌÌÌËŒÌÍLŒMÌNŒÌMNÌNNÍŒŒ‹ŒLMÌLÍMŒNŒÎLÂŒM‹LŒ‹ŒŒKŒLMMÍMÌÎNŒŒNLÍÌLKŽNMMMMNÍLKŒÌŒMLNŽLLËŒŒLÌÌŒÌÍÍLLÍÍËŒLMŒMMÍMŒNLLŒM‹LŒ‹ŒŒKŽNLÍÌÎŽLÌŒÌMM‹ŒŽÌNŽNMMÎKŽNMÌNMNNNMMLLËŒÎŒÌÍÎŒÎMŒKŒLÎLNÌŒMLÍÍÍÌËŒMÌMÍÍLMÍÌÍŽBŒM‹LŒ‹ŒŒ‹ŽMÍÎLLLÍŒŽËŒÍŒŒMÎLÌÌŽËŽNMMÌÎMÎLÍÍŒÎNKŒÍMÌLLÎMŒMLMËŒNLNLLNMÍ‹ŒLNLÍÌŒNLÌLMŒMŒBŒM‹LŒ‹ŒŒËŽNMÌÌÍLLŒMŒŒÎÍLLLMŽLMKŽNMLŽNNNMÎKŒŒÌŒŒÌMÎMÍM‹ŒMŽMÎLMMÎÌLÍËŒLNLÍÎNLLMÌŽŒM‹LŒ‹ŒŒŽMÍLÎMÌÌLMKŒLÌÌŽMLÍÌÌMKŽNMŽLŒÍLMMŒÍŒÎLŒŒÍMÍMŽMLKŒŒÍMÌNMÎLMŒMMŒ‹ŒLLÌLŒLŒ‚ŒM‹LŒ‹ŒŒKŽNMMÍÍÌŒMŒLNMÌKŒLLLŽMÍLÍÍNŽNMMLŽMÍMÌLÍŽ‹ŒÌŽMÌÌÎLŒMKŒMÎMMNMLMKŒLMLÍLNÍŒ‚ŒM‹LŒ‹ŒŒ‹ŽMÍLŒLLLÌŒLŽŒÍLÍŒÌN‹ŽNMMÍÍLÍŒNLMŒLKŒNMNNMÌŒMÌÌÎKŒŒŒÍŽNŽLËŒLLÍŽÍÍÌÌL‚ŒM‹LŒ‹ŒŒËŽNNLLŒÌÍÌÍ‹ŒÎNÌŒŒÎLŒÍÌŽMMËŽNMNŒÎLÌNKŒMÌŒÍLÍMÎMKŒŒÌLÌŒŽMŒŒŒLÎÌNŒLMŒŒÍLŒÍŒMMNŒM‹LŒ‹ŒŒŽNMŽMLMÍNMMŒŽMÍÍMMÌÎŽNMÌMÎLÌNŒÎLÍÎÎKŒMŒÍNÌÍÌMMKŒLLMŽLÌÍLÌÌÌLŒM‹LŒ‹ŒŒKKŒÌLÍŒŽLKŒLŽÌŒÎNLÎKŽNMLÎMÌLŒÍŒÎKŒÎNÎMMÎÌŽNŒMLŒÎLMMŽLMMÍKŒLMNLLÍLŒŒÂŒM‹LŒ‹ŒŒLŽNŒŒMMÌŽMŒŽMÌMŒMÌÌLËŽNMŒÎMŒÌMÍLŽŒMÌMLÍLLMNMKŒMŒLÌLMLNNMÍKŒLNÍMMŒLÌÌ‚ŒM‹LŒ‹ŒŒLKŽNLMŒÍŽLŽNŒŒÌLÌLLÎÍMËŽNMÌNLÍLŒMMŒLNŽNŒËŒMÍÌÍÌŽLŒLÌKŒLŽÌÌÍMMÌLBŒM‹LŒ‹ŒŒL‹ŽNLÍŒÍŒÌÎŒÌLÌÌLŒŒMÌŒMÍÎ‹ŽNMMŒNNÍŽM‹ŒMŒMÎMŽMŒLLNKŒŒŒMÎNNMŽLÌLLËŒLMMNMLNMLNBŒM‹LŒ‹ŒŒLËŽNÍLŽÍNLÍŒËŒÍŒŒŽLŽMLÌÍMŽKŽNMNLŒÎMÌMŽLŽLËŒLMÍÌLŒLÎLÍMKŒLŒŒNMMLLMÌÌL‹ŒLMŒMÍMMÍŒŒÍMÂŒM‹LŒ‹ŒŒMŽMÍÍMÍMŽMKŒÌMÎLÌÍMLÍÍËŽNMŒÌŒÍÎŒNKŒLÍÍMLÍLÎMLËŒÎLNLŽNM‹ŒLMÍLŽMÌŽMŒŒ‚ŒM‹LŒ‹ŒŒMKŽMÍÌÌÌNNMŽML‹ŒŽMÌLŒLLNMŒM‹ŽNMMNMMMÌMŽNŒŽLŒLÍLNMÍËŒŒŽÌÌÍMÌMNLÎŒLNŒŒMLÌNŒM‹LŒ‹ŒŒM‹KŒMLLŒÎLŒŒNLÍMÍNNMNMKŽNMNMÌMMÌÌÍŽLMŒLMMÎLLÌÍŒÎŒÌMMÍŒLLŒÍLLNLÍNNLÂŒM‹LŒ‹ŒŒMËKŒŒMÌLÎNÌM‹ŒÍÍNŒŒMÍŒLŽNMŒÍLMŽ‹ŒÌMÍLLMŽŒMŒMMŒÌÍÍŒMŽLŒMŽLÌLŒBŒM‹LŒ‹ŒŒNŽNLÍÍNÍLÍLÍÍM‹ŒÍÎMŒÍNLŒMËŽNMNÌMŒŒÌMŽNL‹ŒMÌÌÍÌÍŒMËŒŒÌŽLLÎÍÌÍÌÎL‹ŒLNMLÍŒÍÎLLMNNŒM‹LŒ‹ŒŒNKŽNLŒMMÌNLÎ‹ŒŽNŒÌŒLLŽLÎËŽNMŒÌÌÌLÍMMÍKŒŽMŽLLÎÎŒNŽMÍLNLKŒLLÌNLLLLŒMŒ‚ŒM‹LŒ‹ŒŒŒŽNŒNMNÎMÌÌËŒÍNMLÌÍMÍÎMMËŽNMŒÍŒÌLNMÍŒÎKŒNMMLNLŒLŒŒMŒŒÌŒÍŒÍMŒŒÍÎÌËŒMÌÌÎMLÍÎLÎ‚ŒM‹LŒ‹ŒŒŒKŽNMÌMÍŒÎKŒÍLLNÎÌMÍNËŽNMŒNMMŽLŽLŒŒÍŒŒLÌNMLÍŒŒMKŒÎMLMÎLÎMŒŒML‹ŒLLMŽNÍLŒÌBŒM‹LŒ‹ŒŒŒ‹ŽNMÎLŒLMNŒÌNMNŒMŒÌ‹ŽNMŽLMLLÍLŒMÌ‹ŒÌŒMÌÌNŽMÍ‹ŒLÎÍÌŒŽLŒŒ‹ŒLŒÍÍÍMŒÍLŒÌŒBŒM‹LŒ‹ŒŒŒËŽNMŽMMŽMÍÍÌŒKŒÍMÌŒŽMÌLLÎMËŽNMNÌÍNÌŽÌŒ‹ŒMŒMNNMM‹ŒÌÍNNMÌLŒ‹ŒLŽMNMŒÌÌ‚ŒM‹LŒ‹ŒŒKŒMÍŒMÎMŒÍŒËŒŽNLMMŒLÍÌŽMËŽNMMLMÎLLNLËŒŒÍÍÌÍMMNÍMŒËŒŒÍLŒŒMÍNLËŒLLLÍÎÌÌMNŒM‹LŒ‹ŒŒKŽNMMLMMËŒÌMÍNMŽÌLMÌËŽNMÎNÌÎŒNLŽMŽÌÍNMLÍŒŒŽNNMMLÌÎLŒŒLÍÎMŽMŒÎLÎLŽBŒM‹LŒ‹ŒŒ‹ŽNŒŒÍÌNLÎMÌ‹ŒÌŒŒŽMLÌMNMKŽNMMNLŽÌKŒŽMLÌMMMÌŒÎMÎŒMMMLŒÎMNMLNŒLÎLÍŒŽÍLÌMMÎBŒM‹LŒ‹ŒŒËŽNLNMÍÌŒÍLËŒÌÍÌÌÍNLÌŒÌÍL‹ŽNMŒLLŒÎÍMÍLŽŒLMŒŽMÌÌŒLÌŒŽNNMÎŒÌLLLŒËŒMŽNÎMÌÍŒŽŒBŒM‹LŒ‹ŒŒŽKŒLÍŒMLLŒËŒÎMÍMÌMMÌMLNKŽNMMÎŒMMNMÌMËŒNLŒÌÍMÌMŽLL‹ŒLLNÎMLÌÍËŒLLŒÌÍÌÌNMÌŒM‹LŒ‹ŒŒŽKŽNNMÍLLÌLÌŒŽLÍÎLMŒŽMÎNŽNMŽMŒÍÍŽŒÎMÌNNŽNÍM‹ŒLNŒÌLMÍŒLLMÎÌMŒŒŒ‚ŒM‹LŒ‹ŒŒÌŽNLŒLÎNLMÌŒŒÍKŒÎÎMNŒÌŽNKŽNMÌŒÌÍÍÍÌLKŒLMÍÎNMLŒKŒLÌMÍNÌMÍŒLÌŒŒÌNLLŒÎÂŒM‹LŒ‹ŒŒÌKŽNLNMMŒNÍŒŽNNÌLÍŒ‹ŽNMŒÌMŒM‹ŒLŒMŒŒÎMÍŽËŒNLÍMŒLÎMLMNŒLNLÍÎLLÌMÎMÍÍÂŒM‹LŒ‹ŒŒÌ‹ŽNLNÍMNMMMÌ‹ŒLŒŽMÎŒŒMÍŽNMMMŒŽLMMLLÌM‹ŒÌŒŒMŒŒÎML‹ŒMLLÌMÍLNŒLÎŒŒÌŒM‹LŒ‹ŒŒÌËŽNNŒŽMŒNLMLMËŒÍLNÎMLLNKŽNMŒŽMŒÍNLŽÍŽM‹ŒÌÌÎŒÌÎÍŒŒÍNLÎÌLLMMŒNÍŽLMÌŽMLŒMMBŒM‹LŒ‹ŒŒÍŽNMMŒŒNNMMÍËŒÍÌLŽÍÌNÎ‹ŽNMNÍÍÌMÌŒÍNËŒMÌMÎŒNMŽKŒMÍŒLŒLÌÍÌŒÍÍÌMËŒNLÎMLLŒ‚ŒM‹LŒ‹ŒŒÍKŽNÍÌÌŽŽMNNKŒÍLŽMÌÎŒMŒLMMŽŽNMNNMŒÌÌÍMLMŽËŒÍNLLÍÌNM‹ŒMÌÎNMŒÌÌMŒŽLŒKŒLMMNMLLÌLLÌ‚ŒM‹LŒ‹ŒŒÍ‹ŽNLŒÌŒMŽNNÎLÍMÎKŒLÌŒÌÍMÍLKŽNMÌŒÍÌNMÌLÍNÌËŒÍÌMÌŒLMŽMKŒLÌÍMÌMLÍŽMÎKŒÌÌMMŽLÌÌMLÂŒM‹LŒ‹ŒŒÍËŽNNLMÍÌMÌÍŒMLÎLÌÎLMÎŽNMLÌLÌLŒÌŽÍŒLKŒLMŒNÍŒKŒNÍÌŒÍŒLÍMMÍËŒLNLŽLMÍÎMBŒM‹LŒ‹ŒŒÎŽMÎÍÍMÎÍŒNMM‹ŒÍÌLMMÎNÌÌKŽNMMÌÍŒŒÌŒŒÍMÌÌŽÌMMÎM‹ŒŽMNNLNMLLM‹ŒLÎÎÍŒLŒÍBŒM‹LŒ‹ŒŒÎKŽNMLLŒÌNMÌKŒÍMNMÍÌÌÍ‹ŽNMŒÌMÌLŒMNMMŒŽLLNMÌNŒNMNMŒŒÌLŒÍÍŒÌNKŒLLMLLŒŽÍŒŽMMÂŒM‹LŒ‹ŒŒŽNŽNMÌÍMÍNLËŒÎŒŒŒŒLËŽNMMNÌÌÍŒŽŒŽNMŒLÌÍNNKŒMMŒÍÌŽMÌMKŒLLŒÍLÍNMÌÌNÂŒM‹LŒ‹ŒŒKŽNNÍŒÌÍMMMLMŒKŒÌÎÍNNMLŽNMŒŒMÍŽMLŽÍÌKŒÍÎLÎNLÌÎËŒMMŒŒÍŒÌLŽMŒLLLNLMLŒMÍ‚ŒM‹LŒ‹ŒŒ‹ŽMÌÍÌÎŽÎMLMMKŒÌŒÍÌŽŽNL‹ŽNMŒÍLLMÍŒNËŒÌLŒÎLŽËŒŒÌÌÌÌMŒÍŽMM‹ŒLMLNLÍŒÌŒM‹LŒ‹ŒŒËŽNÍÍŒŒŽMMŒËŒŽNNLNLÌÍLKŽNMŒMMMÌLÍŒÎËŒÌŽLMŒÎLLËŒMMÍÎŒMÍLÌLLÌ‹ŒLLŽÌMLNŒM‹LŒ‹ŒŒŽMÎNLLMÌ‹ŒLŒMLŒÌ‹ŽNMŒMÎŒŽMMÍŒŒÍÌLÍÎLMŒÍÍŒÍÍLÌNÌLMKŒLŒŽÍÌŽLŒÍŒŒNNBŒM‹LŒ‹ŒŒKŽNLÍLLÎNÍÌÍËŒÍLLÍŒŒÌŽNMŒMLŒŽNMŒLŽLKŒÎŒÌLÍÌŒÍLËŒŒŒÍÎÌNŒLLÍÍN‹ŒLMÍNŒMMÎMNBŒM‹LŒ‹ŒŒ‹KŒLŒÌÍNLÌŽNM‹ŒÍÍNÍMÍÌÍKŽNMMÌŒMËŒŒŒLÎLÍMM‹ŒŽMLÌLŽËŒLÍŽLLÌNLÎLŒÂŒM‹LŒ‹ŒŒËKŒÍŽLÌŒLNLÍËŒÎLŽŒLLËŽNMŒMÌMÎLÎLLMÌNŒŒLŒŒMÌLŒÌËŒŒLÍŒŒLÌÌŒLMLLÌÍÍÍÌÎMLBŒM‹LŒ‹ŒŒŽMÎLÎÍŽLLÍKŒÌLŽÎŽLMKŽNMŽÎLMÍÍÌÎ‹ŒÎMÍMLMMNNÌÌKŒMNÎNMŒMÍŒMÌÎLÌÎMÍÎMÍ‚ŒM‹LŒ‹ŒŒKŽNLÌŒÍÌŽÌLML‹ŒÍMMNMMNLNMŽŽNMŒÎLÎMÍŽMÌŽ‹ŒLÍÎNÎLÎŒMŒMŽÌLÌÎMŒŒMŒLÍŒŒŒÍÌÍÎMŽL‚ŒM‹LŒ‹ŒŒLKŒŒÍŒNŒ‹ŒÍŽNNÌÌMÌKŽNMLŒÎLÎLÌÍLŒNÎLLMLÍNNŽ‹ŒLLLLŒÎMÍNLLNŒNLŽNLÎMÎLÌBŒM‹LŒ‹ŒŒLKŽMÍŽLŒŒŒMÌMŽÌÌ‹ŒÌÌÌŒMÍMŒŽNŽNMÌŽLM‹ŒNÌÍŽLÎNÎKŒNŒÎNMMLÌ‹ŒNMMŽŽLÍŒÌÂŒM‹LŒ‹ŒŒL‹ŽMŽÍMŽÎLÎŒÌËŒÌMLÎŽ‹ŽNMNMNNLŒÎKŒNŒÌÌŽMŒÍ‹ŒNNLÍLÎLŒÍÎMŒLMLÌMŽLNNBŒM‹LŒ‹ŒŒLËŽNMÌŽNÎKŒÎLŽLMÍŽMKŽNMŒLÌLÍNNMÎMŒMLMŽÍÌ‹ŒMLÍŒMNLÍLMËŒLMLNŒLÍÎŒÍBŒM‹LŒ‹ŒŒMŽNMÍÍN‹ŒÍNÌNLŽM‹ŽNMŒLNLÌŒÍMNŒMŒŽLŒÌÍKŒÍÍÌÎLLÍÍNLMŽŒLŒNLMÌLÎMBŒM‹LŒ‹ŒŒMKŽNÎLÌÍLŽMÌMMÍËŒÎNŒŒLŒÎLLKŽNMMÍMÍŒMÎÎKŒÎMÎLÌLÍÌŒŒÌÌ‹ŒŒŽLMLMÍMÍMMÎÎŒLNMÌŒÍMÍŽLÍMÎ‚ŒM‹LŒ‹ŒŒM‹ŽNMNÌŒÍÌŒËŒMŒMNMLÍ‹ŽNMNMLŒŒMÌÌÌËŒMMMÎLŽLÍMLMÍ‹ŒMNLLÎLŒÍŒÌL‹ŒLMMÌMNMLNLBŒM‹LŒ‹ŒŒMËŽNLLÎNN‹ŒÍŒÌÎNNMMŽLM‹ŽNMNLÎLÌMMNÌKŒLNLÌNÎLŒÌMŒŒNMÌŽNLŽLŒŒNKŒLÎLMLLLLÂŒM‹LŒ‹ŒŒNŽMÍMŽLÌMŒŒÌLÌËŒÌŽLLÌÎËŽNMŒŒÍÌŒŽÎLÍ‹ŒÍÍLMŽNLMMÌŒŒLNMMNLÌMML‹ŒLMŒÌÎLÌLNMNŒM‹LŒ‹ŒŒNKKŒLLÎÍŒLMNMKŒÎÍÌÍMMÌÍŒNMËŽNMMŽÎNNMMMÍËŒMŒŒŒMŽMLŒÌLŒMÌÍMMMLÌMLLËŒLÌÌÌÍÍMŒŽLÂŒM‹LŒ‹ŒLŽNLÍÍMÌÌŒŽMŒÌŽŒLLNLLŽNNLŒLMLLMLNŒKŒNNMNÍÍÍMMLÍŒLŒLMMÌŽLŽ‹ŒMŒLÍLÍLÍŒLÂŒM‹LŒ‹ŒLKŽNNLNLLNLMM‹ŒÌŒŒMŒÌÌÌLŒŽLËŽNNLŽLÍMLŒŽŒNLLMMŒÍMŒMLËŒÍLMMMŽMMŒŽMKŒŒÍÌMMŒ‚ŒM‹LŒ‹ŒL‹ŽNÎMŒÍŒÌÎNMŒËŒŽMÎMŒÍŒŒÌÎMËŽNNLÎŒLŽLMÌLLÌ‹ŒMÍLNNNLŽMLÎŒLÍLÎÍŒŒ‹ŒMŒÌŒŒÎ‚ŒM‹LŒ‹ŒLËŽNLÍLLÌLŽLÎŒŽLŒŒŒÌMMŽŒŒKŽNNLÌÌŽMLÍ‹ŒNÍLÍMŒ‹ŒLŒLLNLŒÎNNŽLLËŒLLLLÎÎMNŒM‹LŒ‹ŒLŽNMMÍMÍMÎÎÍ‹ŒÌLÍLŒLLÌÍNŽNNLŽLŒÍÍÌÎMNMMËŒNNLNLŒŒŽËŒÎMÍÎŽMŒŽŽMŽLÌLÍÌBŒM‹LŒ‹ŒLKŽNLŽNNNLNŒMËŒÍŒMÌNNŽÍM‹ŽNNLMÍMLŽMŽŒŒŽMÌŽMŒÍÌKŒŽNLNMÌMÌNKŒŒÍŒNNLŒMMÍŒM‹LŒ‹ŒL‹ŽNMÌMLLNMŒKŒÍÌÍLLMŒŒÌKŽNNLMÌLMŒŒŽMËŒŒŽLLÎÍNŒMLÌŽLMMÌMŒLÎÍÎŒÍLNMBŒM‹LŒ‹ŒLËŽNMŽLÌLMÌLŒŒLÍŒÍŽLLÍŽLMÌKŽNNLŒLÍÌÎNLKŒNLMMMLMŒLÌNKŒÎŽMÌŒÌÍŒŽKŒÌÎLNMŽŒŒŒ‚ŒM‹LŒ‹ŒLŽNMÌŒŒŒNLŽNLËŒÌÌMMNNNNŽNNLŽŒLNMÌLKŒNLMÌMLMÌÎŒŒŒNMMÍÍŒLNMÍŒÌNNŒM‹LŒ‹ŒLKKŒNLMLLŽMLÌËŒÍNMLLÍNLKŽNNLNŒŽÍLÎLÌMËŒŒMMŽMŒKŒLNMMMÌMLÍKŒÎMŽNMMÌŽMMÍÍBŒM‹LŒ‹ŒLLŽNNLŽNLŒŒ‹ŒMLÍNMMÌM‹ŽNNLŒMÌLÍNLLÌËŒNNŒMMÍÍKŒÌÍÍÍÎÍLÍMŒMKŒŒMNŽLMŒNŒM‹LŒ‹ŒLLKKŒÍÎMÌŽŒÍNLÌLMÍLËŽNNLŒÌÌÎLŽKŒNLMLŽLÍŒLÎÍŒ‹ŒMÌNLŽ‹ŒMŒÌÍÌÎMŒMÍŒM‹LŒ‹ŒLL‹ŽNMÌÍŽLÎLŽMLŒŒ‹ŒÌŒMÌÌNMŒMMMMŽNNLÌÎŒÍMNMÍKŒNŒŽMNMNLÍKŒLLŒŒLÌMÎMŒŽËŒLMÌŽÌLŒŒMÍŒLMŒM‹LŒ‹ŒLLËŽNNÍÌLMŒŒNKŒÌÌÍÌMMLŒMŽNNLMÌÌŒMNLLÍMËŒŒÌÌŒÍÍÌÌ‹ŒMLÌLÌŒŒÍLÍŒÍ‹ŒMLMLLLNMLŒŒÌÂŒM‹LŒ‹ŒLMŽNMŒNNŒNNLLKŒÍLÎMÌŒMMËŽNNLNLMÍMÍMÎŒŒLŽLÌŽLÍŽKŒÌLLÌŽMMMLMÍ‹ŒÌMLLŽŒÍBŒM‹LŒ‹ŒLMKKŒLLMLNMÎNLKŒÌLŒŒMÎŒMMŒMMËŽNNLŒÌMLÍNNÎŒNMŒNÍÎLÍKŒLŒÍÌŒLŒÍMKŒLÌMŒÍMLÍMŒM‹LŒ‹ŒLM‹KŒLÍÌLŒLMLÍ‹ŒÍLŒŒŒÍMLLMKŽNNLNLŒÌŒŽKŒŒMŒÍŒÌÌÍMLMÍKŒLLÌMMÍÌLÍNKŒLLMNMÍMÍ‚ŒM‹LŒ‹ŒLMËKŒÌŽNLÍNNLLÍŒÌÍNMMŒŒŒNNMÍKŽNNLMMÍÌÎÌËŒŒMMÎLŒÌŽÎLŒŒŽMÌÎLMŒŒŽMKŒLÌÌLNÌÌŒÌLÍ‚ŒM‹LŒ‹ŒLNŽNMNÍLNNŽLŒÌNMNMMMÎMMŽNNLŽNŒŒLL‹ŒNÌŽÌÍNŽLŽL‹ŒÌMMŽLŒÎLLMÍKŒÌÌÌMMLN‚ŒM‹LŒ‹ŒLNKŽNNLLMÎLLŒÍËŒÌŽLÍÍÍMLL‹ŽNNLÍMÌMŒNÌLÌLŒÍMŒLËŒŒLÍŽNMÍLLLÍÍŒLÎMÎMLLMÎÍBŒM‹LŒ‹ŒLŒŽNLŒMMÌNLNLMŒMŒÌLŒŒÌÍŒKŽNNLÌÍÍŒŽMMŽMKŒNNNLÍÌŒLÎLÎLËŒÍŽLNNMÍLÌMLËŒÎÎLMLMÍBŒM‹LŒ‹ŒLŒKŽNNLŽÍŽMÍNNLËŒÍÍŒMŒŒLLŒŽŽËŽNNLŒMÍLÎLLÍŒŽKŒNMÍÎMMMÎLÌŒMŒÍÌLÍÍNMNMÌKŒLŒÌÍÌÌŽM‚ŒM‹LŒ‹ŒLŒ‹KŒÌÍÎLÌŒLŒÍÎŒ‹ŒÌÍŒÌMÌÎNMMŽNNLLÎMŒÌNŽLŽKŒNLÌLÍŽÌLŒLŽËŒÍÌŒLMLŒÌ‹ŒÌÍLÍŒLMÌBŒM‹LŒ‹ŒLŒËKŒNMMÍÌÍ‹ŒÍÎLŒÍMLÎMÍ‹ŽNNLÌŒLŽÎLMKŒNLÍÍLŒNMŒM‹ŒÍÌÍMŒŽMMŒMÍMMÎLŽÍÂŒM‹LŒ‹ŒLŽNLŒLNNMÍŒ‹ŒÌMÍMŒNMÍLLKŽNNLŽMÍŒÍŒLŒÍŒNÌÎNMÍÍŒÌÌMŒËŒMNLMNÎNKŒMLÎMLMNÍÍ‚ŒM‹LŒ‹ŒLKŽNNÎLŽÌMŒÍËŒŽÎMÍLÌLÍLNLËŽNNMLNMŽMÎMŽKŒMÌMLŒLNŒÎŽ‹ŒLLMNŒŽŽMËŒÍŒÌŒLLÎŒM‹LŒ‹ŒL‹KŒLMLLÌMMÎKŒÍLMÌŒMMMŒNM‹ŽNNLLLLÍNLNKŒŒLMMÍMÌLLŽLÍËŒLLLLNLÍÍMŽMKŒMŒŒŒMÌLLLŒ‚ŒM‹LŒ‹ŒLËŽNMLŽLŒLLMŒLKŒÍÍŽLÍÍMŽLŒËŽNNLLÍNMMÍÍÎËŒŒMMÌMŒLLNKŒLÎNLŒÍÍLŒŽLËŒLŒŒŒÍŒŽLMBŒM‹LŒ‹ŒLŽŽNNMNÌÍŒÍÎÍL‹ŒÌMŒŒMÍÌMÎNLŒÍŒËŽNNLŽLMNLMLŽKŒNNMLÎMÌŒÍËŒŒNLLÎLMMMN‹ŒLÌLŽÍÌÌŒŒÍBŒM‹LŒ‹ŒLŽKŽNMNMŒŒÌLNNLL‹ŒÎÌŒÎLMÍMŒNŽNNLMMÌLÌÌŽŒŒŽŒÍNÎMÍM‹ŒÍNMÍŒLLNMÌŒKŒLMÌLÍÌÎÍBŒM‹LŒ‹ŒLÌKŒŽNNNLLLLMKŒÌÍŒÎÍŽLÍ‹ŽNNLÎLLMMŒNMKŒMÍŽMLÎLMÍL‹ŒŽÍMÍMÌMÎËŒNMLŒLŽNMLNLŒ‚ŒM‹LŒ‹ŒLÌKŽNMMŒKŒÌMLÌÎMMÍŽŽNNLMŒÌÌÍŒNLŽÌŒÎMLŒŒÌÍÌËŒLŒÌLŒŒNLMNŒLLÎMÍNMMMŽNMBŒM‹LŒ‹ŒLÌ‹KŒÍŒÎÌŒÌLL‹ŒÍÌŒMÌMNLÍKŽNNLŒMŽNMKŒNMÎÍÍÌÌNÌÍLŒŒÌŒÎŒŽLMŽKŒMÎNLŒLÎÍMŒ‚ŒM‹LŒ‹ŒLÌËKŒÍÌÍÎMMNNM‹ŒÌLŒLMLMMÍŽLŽKŽNNLÍÌNLÍËŒNMŒMLLLÌLÌŒNMÌÎLÌMŒKŒÍÎLŒÌLMLLÂŒM‹LŒ‹ŒLÍKŒNÍÌNLÌLKŒÌMÍŒÍNLÌŒÌŒÌÍKŽNNLŽMÍNMMŒNMMLÎMMŽKŒÌŽLÎMŽMÎMÎKŒNÍNLNMÎÌŽMMŒM‹LŒ‹ŒLÍKŽNLŒÌMÍMKŒÌLLNLÌÍLÍÍŽNNLŽLNŒÍŽLŒ‹ŒNMŒÍÍLMKŒLNLMŒÌÍŽŒÌLLLÌLŒ‚ŒM‹LŒ‹ŒLÍ‹KŒÌLMMŒÎMNÍ‹ŒÍMLLÌÌMŽNNLŽNMŒLMŒËŒNŒŒNŒŒML‹ŒŒÎNÌŒÌÍÍKŒŒMLÍŒÌLÍŒM‹LŒ‹ŒLÍËKŒŽÎNŒŒÌËŒÌLÍNÎÌLËŽNNLŽÎÎÍMM‹ŒNŽMÍŽÍNMKŒÍÌMMŒÌÎLÍÎÌŒMŽBŒM‹LŒ‹ŒLÎKŒŒŽNMÍÍŽM‹ŒÍÍLŒLMÎMLM‹ŽNNLÍÌÌLÌÍMŒŒLÍMÌÌNLÍMMÌMŒLÌÍMÌMÌÎŽÎŒLÎMMMŒÌMŽŒM‹LŒ‹ŒLÎKŽNŒLNNMMŒÌLËŒÍÍMÎÍLLŒLËŽNNLLÍÍÍL‹ŒŒŒŒÍMÌLŒÌLMÍKŒLMÍLLÍLNÌMM‹ŒMÎMMMÌÂŒM‹LŒ‹ŒLKŒLLŒÍÍŒŽN‹ŒÌÌNÌLLNLŒÎMKŽNNLLÍMÍŒŒÎML‹ŒŒÎÍÍŒMÌÍÍÌKŒÌLLÍLÍMLËŒNMÎÌÌŒÍŒMÌŒ‚ŒM‹LŒ‹ŒLKKŒÎŒŒÍLMLŒŽŒÌLŒÌMMLNÎMÌ‹ŽNNLŽLMMLŒNNMNLMMKŒNNNLMNLMŒÌŒŒËŒMMMÌMÌÌŒMÂŒM‹LŒ‹ŒL‹ŽNNMŽLLMÎËŒÌÍÍŒNÍMÍÌŒÍKŽNNLNMŒŽL‹ŒNMŒŒÌÌÍŒNÎŒLLNLÌŒÌŽŒMMÍLŽLLÎMŒM‹LŒ‹ŒLËKŒÌÍŽLÍÎLŽNŒÍLŒÍŒMŒŽKŽNNLMLÌÌŽLLÌÍLNŒŒMÍLLMŽŒÍÌNŒŒNMLŽÎLKŒLŒNLŒŽLŒMÍLŽBŒM‹LŒ‹ŒLŽNLŽNLÍMŒÌŒŒŒŽLËŒÍÎLÍÌÍÍLLM‹ŽNNLNLMNLMNNLKŒŒLŒÍLÍŒËŒLLMÎÎNNMKŒLŒLŽLŒÌÍLÎÍŒM‹LŒ‹ŒLKŽNNNLNÍŒÍŒŒÌÌŒËŒÌÌMŽLŒLKŽNNLŽLŒNŽLŽM‹ŒNLMMMÎNLŒËŒLŒŽMÎ‹ŒŽÌÌLŒÍLÌÌBŒM‹LŒ‹ŒL‹ŽNLÎŽNLÎMÍŒ‹ŒÍLÎLÎŒŽNNLMŒMLLLÍKŒŒÌLÌŒŒMÍÌMNŒLLLÌMLŒŒÍNMŒNMŒNMÍMMBŒM‹LŒ‹ŒLËKŒÌÍÍLMŽËŒÎÍÍMŒMŒNKŽNNLMLÍÎLÍÍKŒŒŽNÍÎKŒNLÌMNLŒMŽÌÌŒÎKŒLMLŒLMÌÎLÍŒM‹LŒ‹ŒLŽNMÌMŒÌŒŒLLËŒÎMÌMLŽŒKŽNNNLÍÎLMŽLMKŒŒŽNMÌÍNMÍŒMËŒMLÍLMLÌM‹ŒNMMLŒÍLÍ‚ŒM‹LŒ‹ŒLKKŒÌŽLÍÌËŒŽÎLÎMÍMLŽL‹ŽNNMÌLŒŒŒMMŽŒMŽLÍŒÌLÌLMŒŒÍNŽMMŽÌŒKŒŒÍÍLŒLÌMÍMŒM‹LŒ‹ŒLLŽNNMÌÍLLŒÍMÎKŒÌMMMŒÎLÎLÍÎMLMŽNNLÍÌÌLÌÍ‹ŒNLMÍŒÌÌÌÍLÌÌ‹ŒŒMÌMÌNŒ‹ŒLLMMŽLLÌÂŒM‹LŒ‹ŒLLKŽNLÌNNÎMLÎŒÍŽNMÌŒŒMMÍŽNNLŽMÌÌŽLŒ‹ŒNMMŒÎMMÍNMNMLKŒLŒMMÌÌLÍÌÍËŒMLÌÍLÍNŒŒÌLÍBŒM‹LŒ‹ŒLL‹KŒÌÌMŽMMÍMÌŒËŒŽMÎNŒNÎNMËŽNNMÎNŽLMŽMÎKŒMÌÍMÍŒŒÎŒÌM‹ŒÌMŒÌNNÎÍŒÎLŒMŒM‹LŒ‹ŒLLËŽNMÌLMÎLŒLKŒÌŒŒNMŒÍÍŒLŽKŽNNLŒLÌÎNÌÍŽKŒNNÌNŽNŒMŽËŒLMMNLÍŒLLÌ‹ŒLMLŒMLNMLMÍŒM‹LŒ‹ŒLMŽNMÍÍMMÍÎMMËŒÌÌLÌÌŒŒŒŽNNLMÌNÎŒMÌ‹ŒŒÍŒŒÍÍM‹ŒÎNMÌÎNLMÎÌŒKŒMŒLÍÌMLL‚ŒM‹LŒ‹ŒLMKŽNMMŒMNMLŒKŒÍŒNLNMÍÌÎŽNNLLLÌÌNLÍKŒŒLNMÍÎLLMÍÎMKŒÌLLÍÌÌNMÌŽMÍMŒLNŒLMŒ‚ŒM‹LŒ‹ŒLM‹KŒMÌMŽMŒŽLŽKŒÌLMŒÌÍÎÌÍ‹ŽNNLŒNLMÌŒLKŒNNMÍŒLMŒÌNŽM‹ŒMÌŽLNLMÌÍLÍMŒLNLÌLÌÍŒNNBŒM‹LŒ‹ŒLMËŽNMNŒÌMNMÌÌŒŽŒÍŽMÎLMMÌÌŒKŽNNNMÍŒŒÌŒ‹ŒŒLÌMŒÍÌ‹ŒÍŽLNMMLLÌŒLÍÍÎMMNL‚ŒM‹LŒ‹ŒLNŽNMŽÌŽÌÌMŒKŒÎLÌMÎMÌŽNLŒ‹ŽNNLÍÍŽŒMËŒŒMÍŒLŒŒNÎNMKŒÍNMÍNMŒÎMŒLMŒMNMŒNÎÍ‚ŒM‹LŒ‹ŒLNKŽNLMÎLMÍLÍŒŽNLÌÍŽLŽMŒMŽNNLÍÎMÍNMÍÍŒKŒNÌŒLŒÌÌÎMÍÍÌÌ‹ŒÍNLŒŽLŒMŒLŒLLËŒNNLÍLÌÍMŒM‹LŒ‹ŒLŒŽNÌÎMÎMMMÌÌMŒÍMŒLŒNÌMMËŽNNLNMŽLÍŒÍÍÌËŒŒÎMNÍÍMÍ‹ŒLNLÌŒÌÌÎLMÍLËŒLÌÍMÎLÎLÎŒM‹LŒ‹ŒLŒKŽNLNÍÌLŒÍŒŒNËŒÌÌŒLLMLNÍNL‹ŽNNLŽLNLMŒŒŒÎËŒNMŒLÌLÌL‹ŒNLLLÎMÍKŒŽNNŒÍMŒM‹LŒ‹ŒLŒ‹ŽNÌNMÌÌLÌÌMÍLËŒÍÍMÎMLÍŒÎMLNKŽNNLNÍNNÌÌMÍKŒNLLMMLMMLŒŽMŒLÎMÍÍLLLNNNM‹ŒNŽLÌMŽMMÌŽ‚ŒM‹LŒ‹ŒLŒËŽNNNMMÎLŒMŒÍNŒŽŒÍËŽNNLÎMNÍÌ‹ŒMÍŽLÌÍMNLŒŒÎMNNLLÌMNMŒËŒÍŽMLÎLMMŒÍÂŒM‹LŒ‹ŒLKŒLNŒŒMŽLNMLL‹ŒÌŽMLŽMŒÌÌŒLMÍ‹ŽNNLŒŒÌMMŒ‹ŒŒLÍLMÍLÍMNKŒLMMŒÌÍÍÌŒÍÌËŒÍÍÌLLÌÎM‚ŒM‹LŒ‹ŒLKKŒLÌÌMMMÍŒŽKŒÌÎMÍÍÌMŽMŒLMËŽNNLLŒLŽLŒÍŽLËŒNLÌÍÍLMNLNMÍLËŒLLÌŒŽNÌÍNÌÍMËŒMMÍLLBŒM‹LŒ‹ŒL‹ŽNLLÌÎÌÍÎLÍÎŒÍNNŒLMMÌÍÍŽNNLNMMNMÌMKŒŒMLŒNNLNÍKŒÍŒMÌŒŒMÌÌŒMKŒŒÍÌLLÌŒÌÌBŒM‹LŒ‹ŒLËKŒÎLNLNNMM‹ŒÍŽÌŒMNNLŒLŽNNLŒMNMMLNLŒNNMÌMLÌLLMŽËŒÍMŒÌNLŒŒ‹ŒMŒŒÌÌÎMŒÎŽMBŒM‹LŒ‹ŒLŽŽNNLÌMLÎNLËŒÌÍLNMLÌMŽLÍKŽNNLŒÍÍÍMÍŒŽŒNMLŒŒÌLÍŽLÍÍŒ‹ŒŽLNÌLNLMÍKŒÌMÌLÎLŒMMŽBŒM‹LŒ‹ŒLŽKKŒÍNMŒÎMËŒÍÌÌÍŒLÍMLŽŽNNLLLÌÌŒ‹ŒŒLLÍŒŒNLÌMŒLNÌLÎNNKŒLÎMNMÌÌLÌÂŒM‹LŒ‹ŒLÌŽNNMNMÌÌLÍÎKŒÌŒÌLLÍÌNLNKŽNNLÍÍŽLMÍËŒMÍLÍLÌMÍLMKŒÍŒMÌMMŒŒÌÎLLŒ‹ŒŽMÌÌŽMNMÍÍ‚ŒM‹LŒ‹ŒLÌKŽNLMŒMŽŒNLKŒÌNMÌLNMMMÍÌ‹ŽNNLNNMÌLÌŒÍKŒŒŒŽMLÌLÌÌŒŒÍŒÍŒÌLŒLÌŽNMŒKŒÌMÍÎŒŒÍŽLM‚ŒM‹LŒ‹ŒLÌ‹KŒLÌMŒÍMMŒÍNMÌÍLÍŒÌ‹ŽNNLŒLŒMŽMŒŒÍKŒNNLLMNNLÌÌLÎËŒÎLÍÍMÍLŒMLNNŒMŽMÌMŽMMMŒM‹LŒ‹ŒLÌËKŒLÌMŽMÌËŒÍÌÌÍLÌMMËŽNNLMÍMŒLÌLMÎMLKŒŒÌMÎMÌŽMŒÍËŒÌMLŽLÌLŒLMËŒMŽÌÎNLLNNMŒM‹LŒ‹ŒLÍKŒLŒLŒŒÍNÍKŒÌŽMŒLLNLNŽMËŽNNLÍMLLLÌÍŽKŒMÎMLÍÌÌŒÍKŒÌMŒNMMÎNŒŒLLÍÌŽBŒM‹LŒ‹ŒLÍKŽNMMMŒLÎŒÌŒLLÍMNML‹ŽNNLÍÍÎLNMÌÎL‹ŒMÍŒÍÍŒÍÎMŒÍÎËŒLÌLMNLNMMÍÍKŒÍLÎLŒÌL‚ŒM‹LŒ‹ŒLÍ‹ŽNMÍLNNMNNMLËŒÎLÍLMNLŒÍŽLNKŽNNLLÎMŒŽËŒŒMŒMÌNÍMÍM‹ŒLŒŒLNŽMNÍ‹ŒLLÍŒÌŒÌÍBŒM‹LŒ‹ŒLÍËŽNNMŒMÎÌÌŽNŒÎŒÍÌÍŒÍLÍŽNNLLŒÌL‹ŒŒMÍÎNLNŒMLŒÎNŒLLMMŽMŒÍÍÍ‹ŒMMÌÌMÍLŒM‹LŒ‹ŒLÎŽNLLŒÎMŒMNKŒÌŒLNMNLMMŽNNLÎNMM‹ŒNNLMLMŒLÎLŒÍËŒMÍNNMÎLÌLËŒLMLŒMŒŒÍÍŒM‹LŒ‹ŒLÎKŽNMŒLÌMŽŒŽNŒÌÍLÍÍNÍÌŽNNMNNLMŒNËŒMÌMNLÌLMÎÍKŒÍÍLLÌŒŽMÎM‹ŒÎÎÍLLÌLNNLNŒM‹LŒ‹ŒLKŒLMŽÎNMÍÍMŒÍÎMNLÎMLMKŽNNLMŒŽMŒMÌÌ‹ŒŒMÍÍMMLLËŒMÍLLÎLŒM‹ŒLLŒLNÍÌM‚ŒM‹LŒ‹ŒLKKŒLLÌNLÌŒŒÌMMŒÌŽMŒLMNLŒŒKŽNNLNMLÌŽLÍLŒKŒŒLÌNLÍNNLKŒLMNNMÌÌÌMÌMÍŒMNLMÌÎMMŒBŒM‹LŒ‹ŒL‹ŽNŒÍŒÍÌLŽLNMŒÍLMNÎÌŒŒÌM‹ŽNNLÎNMÌNMÍŒKŒNNŽMÍŽMÎNNŒÎLÍŒMŽMŒLŒŒÌŒÍNMÍBŒM‹LŒ‹ŒLËKŒLŒÌÍŽŒŒÍŒÍÎMÌNMÍÍÌMËŽNNLLŒŽMŒMÍŽMÌËŒŒMÍÎLŒËŒLMŽÍMMŒŒËŒMÎNLÌMÍMÍŒÍÂŒM‹LŒ‹ŒLŽNLŒŒŒNLÌMKŒÍŒNÍÍLL‹ŽNNLLŒÍÌLŽŒŒLNŒLNLÎLLŽ‹ŒLÌŽÎLÌÍÎÌÍ‹ŒLMNLMŒÌŒMÍÎÍŒM‹LŒ‹ŒLKŽNNLŽLMLŽM‹ŒÌÌMŽÍMMNMÍŽŽNNLÌMŒNÌŽKŒNLLLÍŽŽŒÌÎMMÌŒNNŒLËŒLLŽMLLLBŒM‹LŒ‹ŒL‹ŽNNMMŒÍNMÌËŒÍÎŽMNNŒÌLM‹ŽNNLŒÎÍÌŒÌÌŒNMLMLNNLŒLÎŒLNMÍLMÎNËŒLNÌLNŒLÍMBŒM‹LŒ‹ŒLËKŒÌŽMMÍM‹ŒÌLŽMŒNLMŒŒ‹ŽNNLÌŒMÍŽMÍMÍKŒNÎŒŽMMÌÌËŒÌLŒNMŒÍŒKŒMMLŽLLLÍÌŒ‚ŒM‹LŒ‹ŒLŽNNLÌÎLÌÌM‹ŒÌÌŒLÍNMÎNMËŽNNLNMMÌŒLÍÍMM‹ŒŒMLNŒLŒÍMËŒLMNLŽMÌŽLMNMKŒMÍNÍŒŒMÎBŒM‹LŒ‹ŒLKŽNNÍŒMNMLMÍÌM‹ŒÌMÎÌŽNMLKŽNNLÎÌLÍŒLMŒËŒNLLÌÌÌÌLÎŽMŒLŒŒÍNÌÌÌLLÍ‹ŒLÌÍŽNLLŽMBŒM‹LŒ‹ŒLLŽNLÌÍŒÌLŒMNLKŒÍLÍNMLNÌ‹ŽNNLMNÌŽŒÍKŒŒMNÎLÎMŽŒNŒLLŒÍÌMÌÍÎŒLŒÍMMLLLÍŒÍBŒM‹LŒ‹ŒLLKŽNNLÌMŒM‹ŒÌMMŒÌŽMŽNNLÍÎÌÌNNÎŒNLLLŒÍLMÌÌËŒNMÌLÌÍÍMŒÍÍŒ‹ŒMLMÍMŒÍÍÍÍ‚ŒM‹LŒ‹ŒLL‹ŽNNÌMŽÌMMKŒÎŽÌMÌMÌÍŒKŽNNLMÎLLÌŒŒÌŒLÎŒŒNLNLŽNËŒLLLÎMÌÍÍMNLÌLËŒMŒMÌMÍÍŽNÍ‚ŒM‹LŒ‹ŒLLËKŒNMLÎNŒÌËŒÍLMNMÍLLMŽNNLMÌMÍŽÍ‹ŒŒÍŒMÌÌLÍÍËŒÌŒLÌLLÍŒÌLKŒŒÍŒMMLNÌÌBŒM‹LŒ‹ŒLMKŒÍÎŒÌÍLÎMNKŒÍÌÍÍNMMÍÍKŽNNLMLMLÍÌÎLÌËŒŒNNÍÍŽNNNŽ‹ŒŽÍŽÌLMÌÌ‹ŒLLLÎNNLMÎNBŒM‹LŒ‹ŒLMKŽNMŒLÍLÍŒŒLÍL‹ŒÍMŽMLMLMMKŽNNLÌLÍŒŒÍKŒŒMŒŒLÍLŒÍŒNŒŽÎLÍMÎŒNMLŽNLÌÌ‚ŒM‹LŒ‹ŒLM‹ŽNMLŒNNLŒŽŒŽLÍÎLŽMÍLŒÍŒËŽNNLÍMŒÍŒLŒÎËŒMÎMÎMMŒÌŽLŽNŒÌLÍLLŒMŒMŒÎNNLŒŽMÎLŽŒM‹LŒ‹ŒLMËKŒMÌLÌLÌÍMLŽŒÌÌMLŒMNMNLŒMKŽNNLLŽMÌMNÌËŒŒMÌMÌŒLMÍŒLMÍÍÍMÌŒÌMKŒLÍNNÎÍMÎBŒM‹LŒ‹ŒLNŽNMMNLÍÍŽŒÍÌŒMŒNÌŽKŽNNLÍŒÍLÍÌMLLÍŒNLŒMŒMÌLÌKŒMÍLÎLŽLNÍŒËŒÎNMNÎLNLMBŒM‹LŒ‹ŒLNKŽNMMÍÌLMÎ‹ŒÌŒŽÌÍÍLNÎÍKŽNNLÌNLÎÍÌ‹ŒNNÌÌMÌMM‹ŒÍÌŽLMÎÍM‹ŒMÎLLÍMLMÍÂŒM‹LŒŒLŽMÎMNNNMLÌŒŒ‹ŒMMŒLLÎLÍMNLMKŽNÍNNMÍMLÎNKŒLMNŒŒŽLMŒÍÍLŽLÍŒŒNMÍŒËŒŽMÌMÍNLLLMŒÂŒM‹LŒŒLKŽMŒÍLŒLLMÌËŒMÍŽMÍŽÍŽNŒŒÍÌNMŒÍŒKŒNÌÍNLŽLNÍ‹ŒLMÌŽMLŽNLŒŽNLKÍÌÍŽLŒMMÍMBŒM‹LŒŒL‹ŽMÌŒÌŽLKŒLÍÍÌLÎLÌŒŒMŽMNMKŽNÌÍLŽMMLŒÎKŒÍÍÌŒMŒ‹ŒMÍMŽMÍNMKŒÍŒŽÎMN‚ŒM‹LŒŒLËŽMLNMNMÍNÌŒMŒŒMÌ‹ŽNLÎMŒÌÍŒÌNKŒMLÍÍÍMÌŽ‹ŒMMŒŽÌLKŒÍŒÌÎLNMMÌMLMÂŒM‹LŒŒLŽMŽLNNŒÌŒŒŒMLLMNMNMŒŒ‹ŽNŒMNŽKŒMÍÌŽÌLŒÍNMMŒMMKŒÍŒMÍÍLMÌLŒÌŽŒM‹LŒŒLKŽMÌÌŒLÍÍÎMMËŒMŒÍÌÎLLMLËŽNÌŽMMÌLMËŒLÍÌŒÌMÌÍMKŒLNMÌLÍMŒÍÌLLMŽLŒÍNNBŒM‹LŒŒL‹ŽNLMÌÌÍNMÍËŒMNÍMŒÍŒŒŒÌMMNMŽNÍÌMÌLLÍMMŒLNMÎLÌLÌÌÌŒMÌÌÍLŒÌ‹ŒÎÌŒŒMÌBŒM‹LŒŒLËŽLÍNŽNNLÍLÍMKŒLŽLÌŒŒLMMKŽNLÌLLÌÍÌÍŒÍMÌMMLMÎŒMŒÌÌMÌMŒLNKŒÍLŒÌMMÍMŽŒÍBŒM‹LŒŒLŽMMLŒMMÌŒÌŒKŒLÎMLNÍNŒŽNÌMŽMÍLM‹ŒÎMÎMLÌMŒMÌ‹ŒÌÎMÍLLÌMNLMÍLŽNBŒM‹LŒŒLKŽLÎMMÌŒŒÌËŒMÍÌÌÌŒŒMÌLNM‹ŽNŒMMÌÌÍÌNŒMNLŒLÌLLM‹ŒÌMMÌÌLNLÍKMLŒÍÍÍŒŒÌMÍŒÍÍBŒM‹LŒŒLLŽMÍMŽLŒËŒMLMMŒŒNNŒÌÍMÌ‹ŽNŒÌLŒÍŽKŒÍNMNMÌŒLÌMMMŒÎLLŽNNNÌŒ‹ŒÎLMMNLÍMÂŒM‹LŒŒLLKŽLŽLÍLMNLËŒMÌŒMÌÎNMŽ‹ŽNÌLÌŒMÌNKŒLŒNMÌLNÍKŒNMŒMŒLÍ‹ŒÎŒÌÍŽMLÌŒÌÍNM‚ŒM‹LŒŒLL‹ŽMNMÌÎLŒËŒMMMŒNÍMŒŒÍMNŽNÎNÌŒÍŒNKŒMNMÎNMŽL‹ŒÎMÎMMÎLÍËŒÎLŒÎMMNNMÍŽ‚ŒM‹LŒŒLLËŽLMŒŒÎLÌLŽLNNŒNŽMMLŒMŽŽNÌLNMMLÌÌL‹ŒLŒMMLŒLÍËŒÍÍŽÌÎŽÍÎŽLÌÍMÌÍÂŒM‹LŒŒLMŽLÌLLMLLÎŽLKŒMŽŒNNÍÌÎLLËŽNLÍLNÎŒLÍÌMMMLMËŒLÌLMŽŒŒ‹ŒÎLMMŒÎNÎMÂŒM‹LŒŒLMKŽLÌNMÍMŽLMLÌÌËŒMŒŽMÍŒLÍŒÍËŽNŒÎŽNMÍMÍÌL‹ŒLLÍŒÌLŒÎMŒLLÌÍKŒÍŒMÎLŒÎMLŒÂŒM‹LŒŒLM‹ŽMÌMLÌÌŽLMŽNKŒMNŒLLŒLNÌÍËŽNÌMÌLÍÍŒÍŽKŒLŒMLNÍÌÌŒKŒŒŒLNÍLMŽKŒÌÍÍMŒLMMÎLÍM‚ŒM‹LŒŒLMËŽMNLMMÌÌMMÍ‹ŒMLŒMŒŽNŽMÎLL‹ŽNŒŒÍÎMŽLMŒMÌŽMÍMLÌLÎLÎLKŒŒÌŒŒŒÍMM‹ŒÎÌLNMLŒNNMÂŒM‹LŒŒLNŽNŒNLÌNNMKŒMLÎLŒÌŒNLŒÌNLŒËŽNÌŒÎLÌÎMÍMŒÌMMÌŒMŒMŽŒLMŒÌNMÍŒŽNÌŒÌËŒÌMŽMMÌMNLÌNLMBŒM‹LŒŒLNKŽMMÌÍMÍMÍŒÎŒÌKŒMŒŒMŽLMMÌŽNLÍLŒÍÎNMËŒÎLÍŒÌŽNLLMŒNLŒLLÍMŒÎMKŒNŒŒŒŽÂŒM‹LŒŒLŒŽMNLÍLÌËŒMMŒŒÍNŒÍ‹ŽNÌŽMMNMÌMÌ‹ŒMLÎŽMLÍLŒÌMŒKŒLLNNLÌŒNLL‹ŒÍŽLLLÎLLNMBŒM‹LŒŒLŒKŽMŒŒÍMŒŒLŒÎËŒLÍÌÍMÍMÎNÎNËŽNÌMLÌMÌÍŽŒMŒNNLŽNŒNLŒLÍLMLMMÍ‹NMÎMÎÌŽŒM‚ŒM‹LŒŒLŒ‹ŽMMŒÎNNLMNKŒMÍMLNŽMŒMLŽMËŽNÍÍŒÌNKŒÌÌÌÍÌNÍŽŒÍÍLLMNNNMŒËŒÎMÎÍLŽMÍŽMÂŒM‹LŒŒLŒËŽLÍÍÌMMŒÍL‹ŒMNŒNMLLŽMLŽNÍÌÌŽLŒÎMŒÌËŒLNŒÌŽÍŒL‹ŒŒMÍŒNMŒ‹ŒÍLÍMÍÍMLNML‚ŒM‹LŒŒLŽMNÌÌLLLŒŽL‹ŒMNLMÍNNMLÎLÌËŽNÍÌNMLÍŒÍËŒŒÍNMÍMŽMŒËŒLÍÍMÌLMŽLÎKŒŽMMÎLÌMÌMÍMŒM‹LŒŒLKŽMÌŽNLLŒŽŒLÎLNÍNLLŒŒNL‹ŽNÍŒÌMŒLLŒMŒŽMŒŒNNMÌÎŒLMÍNNMMŒNMÎËŒÍLÎNLLÎMLÂŒM‹LŒŒL‹ŽMŒNLÍÎLMNNMÎKŒMÍÌŽNNNMMMËŽNLLMMŒMÍMŽKŒŒÌÍÎŒŽMLMËŒMLLÌÌÌLÍÍMLŽ‹ŒÍNLŒÌŽMLNÎBŒM‹LŒŒLËŽMŒŒÍMLLLÌLŒMLMNLÎKŽNŒŒÍŒŒŽÌMMÍNËŒLŒMMÍÍNMÍÌËŒÍMNLŒŒÌLMMÌLŒÌBŒM‹LŒŒLŽŽMMÌÍMÌÎ‹ŒMÎMŽŽLKŽNMÎÌŽNMËŒMÍMÌMNÍÎKŒÌÎLŒMŽÍLMËŒÎNLŒMÌŒÍÎMBŒM‹LŒŒLŽKŽNMŽŒÌMMŒÌM‹ŒMNLMLŽNŒËŽNÌNMÍÍÍLŒËŒMŒLÌLLLŒKŒÌLLLŒMMLÍÍŒÍ‹ŒÌÎLÍÌÍÌLŒÎŒM‹LŒŒLÌŽLÌŽMMNLÌLŽL‹ŒMŒMÌÎÌŒLMŒÌŒŽMKŽNÍÍMŒNKŒLŽÍŒLŽÌÌNKŒNLMÍÌŒÌMŒMÌMKŒÎMÌŽLLÎMMŽBŒM‹LŒŒLÌKŽMŽŒÎÎM‹ŒMÍÍÌNKŽNÍNÎÍŒÌËŒMÍŒMÍŽMÍMLÌ‹ŒÌÍNMNNÍŒÍŒÍMŽMŽLMMNŒM‹LŒŒLÌ‹ŽMŽÍNLÎMNŒLÌÌLÎLŽMŽNÌŽŽÌMMŒÌMŒÎMÌŽNÌÍÌMËŒÎLŽNŒŒŒŒLMMMKŒÌÍÍÎŽLMÎÍÍŒM‹LŒŒLÌËŽLÎLÌLŽŽÎKŒMNMÍÌŒÍŒÍLÌËŽNMNMLËŒNNNNLMŽÎLŒKŒŽMLŒÌÍŒÍLKŒÌŽMÌLMMLN‚ŒM‹LŒŒLÍŽLLNLÌÌNŒMKŒMŽLÎLÌLLŽLŽNMNŽŽLMNŒÎŽLLÎMÍÍMŒKŒMLŒNLMÍ‹LÌŒŒMÍÌMÎÍBŒM‹LŒŒLÍKŽLMÌŒÌMNMÍÍM‹ŒLÌÍÍŽNMŽLÍŽNÌMNLNNKŒMŽŽLÌÌŽLKŒMLÌLÎLŽMÌŒÍNŒÍLŽÌŽŒÍŒÌŒM‹LŒŒLÍ‹ŽMNMÌÍMLŒMŒMŽMŽNNLŒMŒKŒÍÍÌMÌLÌÌKŒÎŒNMMMŒ‹ŒÍŒŽLŒÍŒÌÍŽ‚ŒM‹LŒŒLÍËŽNMMŒÌMMLMNLKŒMLÎMMMLÌŽMMŽNMŽLŒLMLNKŒMMÌLŽMLLŽKŒÌÌÎNLÎLÍÎŒ‹ŒÎÌLLÍŽNMÎMÂŒM‹LŒŒLÎŽLŒŽÎLŒÎLÍMLÍŒMŒLLMMNM‹ŽNÌLNÍŒÍŒŒŒÎKŒMŒÍNMÌÌÍMLËŒNMŒÍÎÍŽMNMÍMMLËLŽNŒLÍÍNÍÂŒM‹LŒŒLÎKŽLÌŒNŽNLÎKŒMLŒÍÍÍÎMÍNNËŽNLÍÎNMLMŽM‹ŒNLŒNŒMÍŽNŽNNLÌÌM‹ŒÎMÍŒMLLÍÍÂŒM‹LŒŒLŽLÎLMÌLMŒÍLÎŒMŒÌNLLLMÎÎMŽŽNŽMÎÎMMÍLŒLŒMÍMŒŒÌÌŽŒÌÍÌÎMMÍÎLËŒÎMÍŒŒMMNNŒŒÍŒM‹LŒŒLKŽMLŽÌÌÌMŒÍÍÍKŒMŒÌNÌMML‹ŽNNLÎŽMÍËŒMLLLŒÎÍLLËŒÌŒÌÌMM‹LÎLLNMNÌÍÌBŒM‹LŒŒL‹ŽNÌÍÌŒÌM‹ŒMMLNÍMÌŽLŽKŽNÎLŽNMNLŒMLKŒMÌŒŽMÌÌÌÎLÌMKŒLLMNLÍŒÍKŒÎMLNÍNLÍLNŒM‹LŒŒLËŽLÌMLŒLLŒŽLÍLMKŒMMMÎMMÌLÌÌŽŒKŽNLŒÍŒŒÎLLÌMŒLLLÎŒŽLÌÍNŒMŒÌÌNLŒÍMMÎMMNMLÌÌŒM‹LŒŒLŽMNNŽMÌÌLËŒMŒÍŒMNLÍÍŽNÌÎÌLŽKŒLŽNMÍÌLMLLÍKŒNMŽMÌÍÍÎLÎNM‹NLŽLŽŒÌÍŽÌMBŒM‹LŒŒLKŽMLŽLŒMÌMŒŒ‹ŒMMMLLMŒÍŒŒM‹ŽNMÍÌÌÎNÎËŒÍNÍÌLŽNLŒNÌÍŽNMMŒ‹ŒÍLMŽLMMMMÌÌ‚ŒM‹LŒŒL‹ŽMŒMLŒMÎLÍMLËŒLÌLMÍÍNLÍÌN‹ŽNÍÌÌMÌMLËŒÎLŒÎLÍÌÌML‹ŒLŒLMŒLÍMMÎKŒÍMÌŒŒMMMŒBŒM‹LŒŒLËŽMÌŽÌÍLMŽLMËŒMLMŒLŒNMMÌŽŽNÎŒLÍLMÍÍ‹ŒNÌMŽLLÍNNŒLŒŒÍLÌMÌMMLMKŒÍÎNNÌÌÍŒÎÌŒŒM‹LŒŒLŽMŒNÍÎNLMKŒMŒŒLMNNLMËŽNÎNMLMÍMÍÍËŒMÌŒŒMŽÌNNKŒMMLÌÍNNŒMÍKŒÍÍÌÎMÍMŽL‚ŒM‹LŒŒLKŽLMÎNŒÌÍŽNKŒMŒÌNLÌNŽLMÎNŽNŽNMÌÎMMÎKŒŒLNŒÎMŒÎLŒLŒÍŽLÍLËMNLÍMLNMNMLŒM‹LŒŒLLŽMNLNÍNLÌÎLLÎMËŒMŽMLÍŽLMMËŽNÍÌÍŒŒNMÍ‹ŒLMÍÍLLÎŽŒÍMNLÎLÎMKŒÍLNMNMLNÌMÍ‚ŒM‹LŒŒLLKŽMŒŒÍŽÌÍÍŒNÎLKŒMLŽŒNMŽŽNŽÍLÍÍNLÍ‹ŒNLÎMÎMÌÍËŒÎŽLŒÌŽLNËŒŽÌMNNMLŒNL‚ŒM‹LŒŒLL‹ŽLŒŒLÍÍÌLÌŽKŒLÍMÍŒÍMMŒNÍ‹ŽNÌLLLÌMÍÎËŒÎNNNNLÎNMÌŒMÌMŒÌLÌŒÎL‹ŒÍŒÌLŒLLÌNLÍŒÍŒM‹LŒŒLLËŽMÍNLLMÌNLÍŒNLÍÎLLLÌÎNMMŽMÎMÌŒMLNLLKŒLÌÌÎLŒLÌŒ‹ŒLÍŒŽNŒLLÌÍKMMNMÍM‚ŒM‹LŒŒLMŽMŽŽMŽMNMÍKŒMNLÌŒŽMŒŽMÍ‹ŽNŒMÍŒÍÍŽMŒÎ‹ŒMŒÎNMLŒÌŒNNMÍÌŽNL‹ŒÍMŒÍŒŒLLŒÌŒM‹LŒŒLMKŽMMLÍÌMÌNNŒMLÌNŽNLÌMÍLŽLÌŒÌ‹ŒMŽLMŒNMÌŽMKŒÍÍÍÌÍÌŒLNNKŒÎLMLLMŒBŒM‹LŒŒLM‹ŽMMMÌNLNLÌÎNKŒMLŒŒŒŒŒÌÍMÍŽNLLŒÌMÎLŽËŒNÌNLÍÍÎLMËŒLLÌLÌNÍÎM‹ŒÍMŒÍŽMMMMÌBŒM‹LŒŒLMËŽLŽNNMÎMLËŒMŒÍÍŒÎMŒÎNŒNLËŽNLÍÍŽLÎLÍÍLÌN‹ŒMLÍŽÎÌÍNKŒÎLŽLÌŒÍŒLMŒÎMÍÍŒÍMMNMŒMŒM‹LŒŒLNŽMÍÌÎLNÌÍÌÎM‹ŒMMÎÍMMÍLLÎŽNÌNŒÎŒÌŽLKŒLŒÍÍÌLÎLÍMÌ‹ŒÎÌÌLÍŒŽNNNKŒÎLNLLŒŽLÂŒM‹LŒŒLNKŽNNÍÌÌÍŒŒ‹ŒLÎŒÌNMÎLŽLLKŽNMLMŒÍÍLÌŽLËŒÍŒÌMŽNNKŒÎÌÌÌÍMNNÌÍKŒÍMMÎLÌMÎMŒÍÂŒM‹LŒŒLŒŽLMŒLMÌŽNMKŒMMÌÌMÎNMMŒÍŽNÌÌLÌŒLÌÎËŒLLÍNLÌÌÌLÌŒÍŒMÌMŽNNÎMMÌŒËÌNNŒMMÍMBŒM‹LŒŒLŒKŽMÍÌŽÌMÎKŒLÎÍMÍLŽŒËŽNNLMMNKŒŒÌLMŒÎŒLMŒLNMNÍŽMLŽMÌÌLKŒÍMŽLÌLLMMMÍ‚ŒM‹LŒŒLŒ‹ŽLÍÍÌÍÍÌŒNÍMKŒLÍLLMNNNŽNŒŽLÌLMÎMÍMLŒÎMLLŒLMŒNËŒÎMLLÌLLÌL‹ŒÎLLMŒLÎÍBŒM‹LŒŒLŒËŽMLÎLŽNNMÍLŒMMÍÎKŒMLMÎLŒŒLÍKŽNLLLNLLËŒNÌÎLLMŒÍŒLÌŒMÎLŒ‹ŒŽLMLÍMÎNLÌÎŒM‹LŒŒLŽMŒÌLÎÍNÍÌLŒKŒMLŒÌÍŽNÍNLÎMŽNÎMLÌÌLLÍ‹ŒÌŒLÍÍÍKŒMLŽNMËŒÌNNMÍÎŒÍBŒM‹LŒŒLKŽLÍŒÍLLÌŽKŒMÌÍÌÍLŽMŒÍŽLŽNMÎMNLLËŒMLÎNŽÌŒMÍÍLLÌMŽMLËMÌÍŽLLLMBŒM‹LŒŒL‹ŽMŽMNLMNMÌÍMKŒMÍLÍLÎÍŽNLLÍŽNÌÍŒÌLŒNËŒLLLMMÎLLŽŒŒŽMŒLLLŒÌÍMËÌÍLÍLLNMŒMMÂŒM‹LŒŒLËKŒLMÍÍMÍMÎLËŒMÌMÍNÌNŒÍÌÌËŽNÎLLÍMŒMMÍÎŒMŽLÌMÍŒLŽNMŒÌÌMÌMMNKLMÍŒLÎLÌÍŒ‚ŒM‹LŒŒLŽŽMMMÌŒŒMŒŒ‹ŒMLÌŒÎLLMMÍ‹ŽNŒŒÎNLLÍŒMŒMMÌÍŒËŒÎMMÎMLÌM‹ŒÌÍÌŽMLÌÍÌLÍŒM‹LŒŒLŽKŽMÍÍÎLÍMŽÍÌ‹ŒMŒNLÌMÎMMNÎËŽNŒNMMÍŽMMÌKŒÌÍLÌÎNŒLŒŒÍMLÍÍMÌŒÌNNKÌÍNLÎMŒMŒM‹LŒŒLÌŽMÌŽÍÍÌÍÍMÎKŒMNNLLNLŽNMÍÌËŽNMŒÍMMMMÎNŒNÍLNNŽŒÎMÍLLMÍNLMŒÎMÎŽMMMÌL‚ŒM‹LŒŒLÌKŽMNMLÍÎMMŒL‹ŒMÎLÎMÎÍÍŽKŽNMŒÍÌÎÌLÌMŒMÎNLLÎŒÍMÍMŒMLÌMŒÍÍËŒÍÍŒŽMMÌMÌL‚ŒM‹LŒŒLÌ‹ŽMŒŒÍÌÌMŽŒMLŒŒÎLŒŒM‹ŽNÌŒÍÎLÌMMÌËŒÍŒŒNNLËŒŒLLÍMŒNÍËŒŽNLÌŒŒÍLÌÎÂŒM‹LŒŒLÌËŽLŽMNLMLÎNLNŒMŒÍLÍMŒLÌNMÍÌ‹ŽNLÌÌÍÌÍKŒLÍŽLNMÌLKŒÌMMÎLÎMNNŒÍÌŽÍŽMŽMLÌŒM‹LŒŒLÍŽMÍLÌLÎMŒNLËŒMMÍÍLNÌMÌËŽNÌNLŒÌLKŒLMŽLŒÍŒÌLŒ‹ŒMŒMÍÍLLÍ‹ÍÍMÌMŒNBŒM‹LŒŒLÍKŽLLMLÍNNÌËŒMMŒŒNŒÍÍÎMŒMKŽNÌŒÌÌŒÌLŒŒLÎŒLMMŒLŽŽŒŽLŽNLÍÍÌŽŽ‹ŒÎÎÍÍÎMÌÌLBŒM‹LŒŒLÍ‹ŽMŒŽLLNNŒÌÌËŒLÎNLLÍMŒLNËŽNMLÌÌÌMŒMÌŒŒÌÍŽŒÌMNMŽMÌNLKŒÌNLŽLLNLÍÌÍ‚ŒM‹LŒŒLÍËŽLŒNLŒŒNLLMKŒMÍÍMMŒMMLŽ‹ŽMÍÎŒLLNŒŒ‹ŒLLMÌÎNŒŽNMŒÍÌKLNNNLLÌŒŒM‹LŒŒLÎŽLÎLMLŒÌNLMÍKŒMLŒMMÍÌÍLMŽNÌŽNMÌLLÍŽMŒLMŒNMŒÍM‹ŒLÍMÍMMŒŒMÌËŒÎMŒÌÍÌŒŒÍMBŒM‹LŒŒLÎKŽNLNLÎŽN‹ŒMLÌÌŽNNNŽNLŽMÍLÍŽŒMÍÌÍŽNÌÎNŒNNMÌLŒÍÍÎLŽÌNNLŒÂŒM‹LŒŒLŽÍNLLÌÌLNLËŒNLLLMÌŒMŒM‹ŽNŒNMŒÌM‹ŒNMMÎÌNŒLÌÎÍÌÎMLŽKLŒŒLNNÍBŒM‹LŒŒLKŽLMMMŒMLÍŒKŒMŒÌŒŒNLÌŒÌM‹ŽNMMMLLÍŒÍÌLLÎŽL‹ŒMŒŒŒMÍŽMŒLLËŒÍÎŒÍMLÌLÂŒM‹LŒŒL‹ŽLÍLLMMÌLÌËŒMŽŽNÍŽMŒMËŽNŒÍÌMÍÎNMŒMLLMMÌNMÌŽŒÍNLŒÍÍLL‹ŒÍÍMÌLÌŽÌÌÍÂŒM‹LŒŒLËŽMÌLLÎLÍÌÍLKŒMŒÌŽNMŒÌÍÍÍËŽNŒMLÎNNNNLÍ‹ŒÍÌÌŒMŒMŒMÌLŒŒÌNNNKŒÍMLLÌÍŒÍŽÌL‚ŒM‹LŒŒLŽLMÌŒMÍMÎÎKŒMLŒŒÌŒÌMŒKŽNŒŽLLÌNLNŒÎMÌNLLŒÍÌËŒNLÌÌÌÍÍÌLMŒÌLŽÌLNMMŒMMÂŒM‹LŒŒLKŽMLŽŒŒÎML‹ŒMLMŽLŒNMŒËŽNŒLMÌMKŒÍŒŽMNLLÎŽM‹ŒÍLŒNMÎLÌÍÍMM‹ŒÎÌŽÌŒMMÂŒM‹LŒŒL‹ŽMŒŽÍÌNLÍNMMËŒMÌNMLNŒMËŽNMŒLLLŒNNLLLËŒŒÎLÌÎÍMËŒÍÌLÍMLMŒŒÎMŒÎŒNNÎLLLÍÂŒM‹LŒŒLËŽMŒÍLLÍNL‹ŒMÌÌNMMŒLLŒ‹ŽNMŽMŒÎLLKŒMMNNÍÍÍLËŒLLMNNLËÌŒÍÍÌÍLŒÎBŒM‹LŒŒLŽLŽLÌMŒŽLŒŽKŒMLÌÍLÎŽMMËŽNLŒMŒŽMÍÌKŒŒLMÌÌMKŒŒÎLNŒLLMŒKŒÍLLÍŒLL‚ŒM‹LŒŒLKŽLÍÍŒÌÌÌÌÌLLKŒMŒÍÍŒÍŒÍMÍNMÌËŽNMLNMÌNMŽMŒÎŒLLLÌNÌLÌNŒÌÍLLÌŒÌŽMÌËÍMLLLŒÌ‚ŒM‹LŒŒLLŽMÌÌMŒÌŒÌÍLMËŒMŒÎLÌÍLMLŽMÌ‹ŽNLÌÎMMŒÎËŒMŒNNLÌŒMMLÌÌ‹ŒMLMÌNMNÎŒMÎÌŽLÍMNŒNLBŒM‹LŒŒLLKŽLŽLLÍÌŒÌLLÍKŒNNÎNŒÌNÍKŽMÎLŒLŒMNMŒÌŽŒLNLNLÍÎÍMNNLMŒÌMNMŒMÎŒMKLŒMMLÌÎLÍÍ‚ŒM‹LŒŒLL‹ŽLŒMLÍÌÍLËŒMLMÌLMÍMLÎNNËŽNÍŒÎMMŽŒÌÍŽLMÍÍŒÍKŒÎLNŒŒMÌÌ‹ŒÍMÌNMNMÌÍLMŒM‹LŒŒLLËŽLŽMÍMÎMMNLKŒMLÍMÌLLÎLËŽNNNÎLLLÍ‹ŒÍÌMMMMM‹ŒÍLÌÌÍŽŒLMKŒÍÌLÍÍÎŽMÌBŒM‹LŒŒLMŽMMNLŒŒŒMŒ‹ŒLÌMŒNÍMÌLŒLËŽNLMNLÍËŒÍÌMÍMMÍMÌNKŒŽLLMLMLLŒŒMŒÌMÍLÌŒMÍÎNŒM‹LŒŒLMKŽMÍÍÍÎŽNÍMŒLÎŽLÍÌŽLÍŒŒŒÌÎKŽNŒÌŒLNL‹ŒLŒLLŒMÌLËŒÎLÌLLÌÎNMNŽŒÎMŽLLNŒMMLŒM‹LŒŒLM‹ŽNÌÎLLŒNMËŒLÌMÌÎŽLŒÍŽMMËŽNLMÎLÎMNMMËŒŒÌNLÍLMÍLNŒŒNLÎŽLÌLËŒÌŽNMÍŽNLÍMŒÍ‚ŒM‹LŒŒLMËŽLÍNMÌŽMŒÍÎMŒÍËŒMMÌŒŽNMÎÍŒËŽNLÎLMŒLMMKŒMÌMÍÌŒŽNÎM‹ŒÎLNLLÎLÍNNKMÌŒLŒÎMMÌÂŒM‹LŒŒLNŽMMLÌNMMÍÍLŒMLÍNLŒMÍNLŽLKŽNMNÎMŒLŽÍËŒNLMNÌN‹ŒÍŽNLÌŒËŒÌŒLÌŽLÌŒÍ‚ŒM‹LŒŒLNKŽLŽMŒŽMÎŽËŒMMÎLŒLLŒMËŽNÍÎNLÍŽMËŒÌNNNLMÍÍÌKŒMLLÌÎLKŒÍMNLŒNLŒM‹LŒŒŒŽNMÍŒLMÍÍŒLÍLM‹ŒÎMMÍÍŒLLÍKŽNMNLŒŒLÍLL‹ŒLMŒMŽMÍÎÎKŒLÎMÌÌÍÎLŒŒLŽKŒMÍLŒNNMLLŽMŒM‹LŒŒŒKŽNÍLLÌLÍŒMËŒMMŒMLÌMÌÎMÍLNŽNMLLMLLÍMÌMMKŒMŒLNŒŽMLKŒLLÎÍMÌÍËŒŒÍŒÍÍÌLÌÍ‚ŒM‹LŒŒŒ‹ŽMÍÍŽŒMÌÍLÎKŒŒŒÍÍÌ‹ŽNMÌÍMMNŒÍLMŽÌÌMLL‹ŒŒLŽLÍNNLÍËŒMMLÌNNLLÍML‚ŒM‹LŒŒŒËŽMÍŒÎÌÎÍÍLKŒÎÍLŽMMŒNMMŽNMŒÍŽLNLÌÌMÍŒËŒŒÍMLNMŒÎMNŒŒŽLLLÍLLLÌŒNNÍLÍÍLLÂŒM‹LŒŒŒŽMÍÍÍLMLÍÍLÍÌKŒÌÎMLMŒŒNNLŒMŽNMŽLŒŽŒÌÍNKŒÎLŒÎMÌÎLMŽNM‹ŒLÌŒŒÍÎNLÍÍÌËŒMMLNLŒŒÌÌŽÂŒM‹LŒŒŒKŽNMMÍÍÌŒNMŽMÌÍÌLÍÍÍM‹ŽNMMNLÍÌÎÍÍŽŒÌÍÎLÎLÍMÍKŒLMLMŒMLÌMŽLNŒNMŽMÎMŒÌNBŒM‹LŒŒŒ‹KŒLMÍML‹ŒÍÌŒŽÌMÍŒŒÌËŽNMNNMMMLÍŒLËŒÍLNNMÍÍÌ‹ŒNŒLMÍŒŒŒËŒNÍLMŒLNMÎLÌÂŒM‹LŒŒŒËŽMÎLÍŽNLŒNM‹ŒLMŽNLŒÌLŒÍËŽNMÌŽLLMÍKŒMÎLÌŽMÎKŒŒÎŽLÌMMÎŽŒMMŽMÎŽLÎNMNŒM‹LŒŒŒKŒŽŽMNLLŒLËŒÍÎMMLLMÍMKŽNMNMŽLLMLŒMMNŒLÍÎMŒLÌŽLÍ‹ŒMNMŒŒÎÎNMÌËŒNŽLŽMŒBŒM‹LŒŒŒKKŒLMŽMNLÍÌÎMËŒÍLÎMŽÎNNŽNMŒŒÌNMËŒŒŽMÍŒLÌMÍKŒMŽÍÍÎMŒŽL‹ŒŒMLNÎNLÌBŒM‹LŒŒŒLŽMÍŒÌÌÍŽMMÌËŒÍŒLŒLLÍMŽMÌMËŽNMŒÍMMÎŽËŒLŒÍNLŒÌÌÎKŒŒNMMÍÍŒLÌŒÌÍŒŒŒMLMÍÌÌŒÍÎNMLÍBŒM‹LŒŒŒLKŽMÌÎLMMMMÌÍŒÌÌMÌŒMÌÌÌÌ‹ŽNMMÍÎŒÎMÍMNŒŒMMÌÍÌMÎNMÍŒLMŽLŒÌÌÌMËŒMÎMLŒMÌMÎŒ‚ŒM‹LŒŒŒL‹KŒMMŒÌÌNLŽMKŒÎLÎLMMLÍÍÍMKŽNMŒŽŽÍMËŒÌŒLÎLÍ‹ŒMÍÌÌŒŒÎLÌŒËŒŒMÍÍÌÌLLŒMLMŽŒM‹LŒŒŒLËŽMÎMÍŽLÍŒMŒNÌLKŒÍLMŽLMÌÍÌÎLÍÌÌÍ‹ŽNMŒÌÌMÌŽÍ‹ŒLÍŒNÌÍLNM‹ŒÌÌÍÍMNMÍÎŒNLMŒŒŒŒŽMMMÌBŒM‹LŒŒŒMŽNLÍNMNLLL‹ŒÍÌLMÌŒM‹ŽNMMÍÌÌŒNNMÎŒLŽNMÌÌMÌÌ‹ŒMÎNLMLŒŒÌMÌL‹ŒNÎMŽÌÌÍLŒNBŒM‹LŒŒŒMKŽNLLÎLÌÌMÌLËŒÍNÌŒÍŒMLML‹ŽNMŒMLMLÎÌŒ‹ŒÎÌMŒŒÍÌÍÎMËŒŒNMŽLÍÌLŒÍÍÍŒNŒMŒMÍNŒM‹LŒŒŒM‹KŒÌNLLËŒÌÎŒŽÍLMÌLKŽNMMÍŒNLNÌÍÍMKŒŒÌÌÎNLLÎŒÌËŒNÎMNLŽMŽ‹ŒNMÎŒÌŒMÌÌMŽŒM‹LŒŒŒMËKŒÍLNŒ‹ŒÍÎMMÌNLKŽNMNÍMÍŒMKŒLÌÎLLŒÎMMŽŒNŒŽLÍMMNŒŒLLÌŽLŒÌŒŽLMBŒM‹LŒŒŒNŽNLŒÌÌLMŒMËŒÍLNNŒŒÌKŽNMŒLŽMÌÍMLLŒÍŒÌŽNMÍÍKŒLLŒÌÌÎLÌŒNLŒLËŒMÍŒLŒŒŒMBŒM‹LŒŒŒNKŽMMMŒLNNŒMÌËŒÎMLŽLMLÌÎMKŽNMŒŽLÌÌÌÌËŒÌÍLŒMÌNNKŒÌMNÌNNÍŒNMŒLŽMMÍÍŒM‹LŒŒŒŒKŒLMMÍMÌÎMKŒŒNLÍÌLNŽNMMMMNÍLKŒÌŒMLNŽLLŽKŒŒLÌÌŒÌÍÍLLÌŒNLLLŒÍŒŽÍÍŒM‹LŒŒŒŒKŽNLÍÌÎŽLÌŒÌMŒ‹ŒŽÌNŽNMN‹ŽNMÌNMNNNMMLMŒÎŒÌÍÎŒÎMMM‹ŒLÎLNÌŒMLÍÌNKŒMÌLÌLLLÌÍMŽŒM‹LŒŒŒŒ‹ŽMÍÎLLLÍŒÎLËŒÍŒŒMÎLÌÌŽÌKŽNMMÌÎMÎLÍÍŒÎNKŒÍMÌLLÎMŒMLM‹ŒNLNLLNMŒKŒŒŽMMMN‚ŒM‹LŒŒŒŒËŽNMÌÌÍLLŒ‹ŒŒÎÍLLLMŽÍKŽNMLŽNNNMÎKŒŒÌŒŒÌMÎMŽ‹ŒMŽMÎLMMÎÍÍÍKŒNLÍMŒLLNNÎŽŒM‹LŒŒŒŽMÍLÎMÌÌLM‹ŒLÌÌŽMLÍÌÌÍ‹ŽNMŽLŒÍLMMŒÌÎŒÎLŒŒÍMÍMŽMÍŒŒÍMÌNMÎLMŒLLNŒMMÌLÍMNMŽŒM‹LŒŒŒKŽNMMÍÍÌŒMŒLNMŽŒLLLŽMÍLÍÍLNŽNMMLŽMÍMÌLÍŽ‹ŒÌŽMÌÌÎLŒMKŒMÎMMNMLMŽ‹ŒŒLÍMLLÍÍMÌÎŒM‹LŒŒŒ‹ŽMÍLŒLLLÌŒLŒËŒÍLÍŒÌLŽNMMÍÍLÍŒNLMŒLKŒNMNNMÌŒMÌÍMŒŒŒÍŽNŽMLMËŒMÌMÌÍŽMLMÍŒM‹LŒŒŒËŽNNLLŒÌÍÌÍKŒÎNÌŒŒÎLŒÍÌŽMŒŽNMNŒÎLÌNKŒMÌŒÍLÍMŽM‹ŒŒÌLÌŒŽMŒŒŒLÎÍŒÍŒNMÌÍÍŽNMLMŽŒM‹LŒŒŒŽŽNMŽMLMÍNMMÌ‹ŒŽMÍÍMMÌŽŽNMÌMÎLÌMÎŒÎLÍÎÎŒMŒÍNÌÍÌMMŒ‹ŒNÌŒÍÍŒNMMÍÂŒM‹LŒŒŒŽKKŒÌLÍŒŽLKŒLŽÌŒÎNLÎNNŽNMLÎMÌLŒÍŒÎKŒÎNÎMMÎÌŽŒM‹ŒMLŒÎLMMŽLLŒŒKŒŒMÎŒÎNMÌMLÂŒM‹LŒŒŒÌŽNŒŒMMÌŽÍ‹ŒŽMÌMŒMÌÌLÍËŽNMŒÎMŒÌMÍLŽËŒMÌMLÍLLLÍKŒMŒLÌLMLNNLÍKŒNLLMMLÍÍÂŒM‹LŒŒŒÌKŽNLMŒÍŽLŽMÎKŒŒÌLÌLLÎÍMŽNMÌNLÍLŒMMŒLNŽNŽŒMÍÌÍÌŽLŒLÌËŒMŒNÌŽÌMÍMÎMÂŒM‹LŒŒŒÌ‹ŽNLÍŒÍŒÌÎÌËŒÌLÌÌLŒŒMÌŒMÍÍLËŽNMMŒNNÍŽM‹ŒMŒMÎMŽMŒLLLKŒŒŒMÎNNMŽLÌLÌNŒNLÌŽNLLÍMMÍÍBŒM‹LŒŒŒÌËŽNÍLŽÍNLÍŒŽMËŒÍŒŒŽLŽMLÌÍMŽNMNLŒÎMÌMŽLŽLËŒLMÍÌLŒLÎLÍMKŒLŒŒNMMLLMÌÎLLËŒMÍÎMÌMMNLÍ‚ŒM‹LŒŒŒÍŽMÍÍMÍMŽMÎKŒÌMÎLÌÍMLŽLËŽNMŒÌŒÍÎŒNKŒLÍÍMLÍLÎLËŒÎLNLŽNMËŒŒŽLÍŒÍNLŒÎMBŒM‹LŒŒŒÍKŽMÍÌÌÌNNMŽMKŒŽMÌLŒLLNMŒŒMËŽNMMNMMMÌMŽNËŒŽLŒLÍLNM‹ŒŒŽÌÌÍMÌMMËŒŒMÎMŒŽLLMŒÂŒM‹LŒŒŒÍ‹KŒMLLŒÎLÍŒŒNLÍMÍNNMLÎŽNMNMÌMMÌÌÍŽLMŒLMMÎLLÌÍËŒÌMMÍL‹ŒNÌŒNŒMŒÍBŒM‹LŒŒŒÍËKŒŒMÌLÎNÌËŒÍÍNŒŒMÍŒMŽNMŒÍLMŽ‹ŒÌMÍLLMŽŒLÎNKŒMMŒÌÍÌËŒMŒŒNLŒÎLÂŒM‹LŒŒŒÎŽNLÍÍNÍLÍLÍÍÌ‹ŒÍÎMŒÍNLŒLÎ‹ŽNMNÌMŒŒÌMŽNLKŒMÌÌÍÌÍŒÎNŒŒÌŽLLÎÍÌÍÌÎŒ‹ŒŒLÌÌMŽŒLLLÂŒM‹LŒŒŒÎKŽNLŒMMÌNLÎKŒŽNŒÌŒLLŽLÎKŽNMŒÌÌÌLÍMMÍKŒŽMŽLLÎÍŒNŽMÍLNLÎŒMÍLÍLLŒMLLÌÎŒM‹LŒŒŒŽNŒNMNÎMÌŽMKŒÍNMLÌÍMÍÎMKŽNMŒÍŒÌLNMÍŒÍËŒNMMLNLŒLŒËŒŒÌŒÍŒÍMŒŒÍÍMMKŒMŒÌNLNŽMŒM‹LŒŒŒKŽNMÌMÍŒÎKŒÍLLNÎÌMÍŒÌËŽNMŒNMMŽLŽLŒËŒÍŒŒLÌNMLÍŒŒŒÎMLMÎLÎMŒÍŒŒMŽLŒLLÍBŒM‹LŒŒŒ‹ŽNMÎLŒLMNKŒÌNMNŒMŒMËŽNMŽLMLLÍLŒMÌ‹ŒÌŒMÌÌNŽMKŒLÎÍÌŒŽLŒÌËŒŒNNMNÌÎÌÂŒM‹LŒŒŒËŽNMŽMMŽMÍÍÌ‹ŒÍMÌŒŽMÌLMKŽNMNÌÍNÌŽÌŒ‹ŒMŒMNNMÍ‹ŒÌÍNNMÌLÍËŒŒLMŒLÎMMŒŒÂŒM‹LŒŒŒKŒMÍŒMÎMŒÍŒËŒŽNLMMŒLÍÌÍŒ‹ŽNMMLMÎLLNLËŒŒÍÍÌÍMMNÎMKŒŒÍLŒŒMÍNNKŒMÌŒÌÍÌÍÍNMNNŒM‹LŒŒŒKŽNMMLMLÎKŒÌMÍNMŽÌLMËŽNMÎNÌÎŒNLŽMŽÌÍNMLÍŽŒŒŽNNMMLÌÎLŒŒNLLMÍŒŽLÌM‚ŒM‹LŒŒŒ‹ŽNŒŒÍÌNLÎNËŒÌŒŒŽMLÌMNKŽNMMNLŽÌKŒŽMLÌMMMÌŒÎN‹ŒMMMLŒÎMNMŒŒÌ‹ŒŒMÍÍMMMÎLBŒM‹LŒŒŒËŽNLNMÍÌŒÍLËŒÌÍÌÌÍNLÌŒÌÍ‹ŽNMŒLLŒÎÍMÍLŽŒLMŒŽMÌÌŒLÌ‹ŒŽNNMÎŒÌLMŒ‹ŒNŒÌLLÍNBŒM‹LŒŒŒKŒLÍŒMLLÌ‹ŒÎMÍMÌMMÌMLKŽNMMÎŒMMNMÌMËŒNLŒÌÍMÌMŽM‹ŒLLNÎMLÌÍ‹ŒNMLNNMMLMNNLBŒM‹LŒŒŒKŽNNMÍLLÌLÌŒŽLÍÎLMŒŽMÎ‹ŽNMŽMŒÍÍŽKŒÎMÌNNŽN‹ŒLNŒÌŒŒKŒMMŒLÌNN‚ŒM‹LŒŒŒLŽNLŒLÎNLMÌŒËŒÎÎMNŒÌŽMÍKŽNMÌŒÌÍÍÍÌKŒLMÍÎNMLM‹ŒLÌMÍNÌMŒML‹ŒMNMÎLŽÍLÂŒM‹LŒŒŒLKŽNLNMMŒNÍLËŒŽNNÌLÍŽNMŒÌMŒM‹ŒLŒMŒŒÎMÍÎŒNLÍMŒLÎMLML‹ŒŒÍŒŒŽÌNNŽML‚ŒM‹LŒŒŒL‹ŽNLNÍMNMMMÎKŒLŒŽMÎŒŒMÎLËŽNMMMŒŽLMMLLÌM‹ŒÌŒŒMŒŒÎMLŒL‹ŒMLLÌMÍMŒNLÌÍŽMÌŽŒÂŒM‹LŒŒŒLËŽNNŒŽMŒNLMLËŒÍLNÎMLLŒËŽNMŒŽMŒÍNLŽÍŽM‹ŒÌÌÎŒÌÎÍŒ‹ŒÍNLÎÌLNMNŒMMÎLLMŒŽLÌÎŒM‹LŒŒŒMŽNMMŒŒNNMNËŒÍÌLŽÍÌNÎKŽNMNÍÍÌMÌŒÍNËŒMÌMÎŒNMÌ‹ŒMÍŒLŒLÌÍÌŒÍÎŽŒMMLÎÍÍÍÎLŒÍŒM‹LŒŒŒMKŽNÍÌÌŽŽMNNL‹ŒÍLŽMÌÎŒMŒLMLL‹ŽNMNNMŒÌÌÍMLMŽËŒÍNLLÍÌŒÎŒMÌÎNMŒÌÌMŒŽLMŒŒLLŒŽNNMÌÍMNÌ‚ŒM‹LŒŒŒM‹ŽNLŒÌŒMŽNNÎLÍM‹ŒLÌŒÌÍMÍLŒÍKŽNMÌŒÍÌNMÌLÍNÍKŒÍÌMÌŒLMŽMÍŒLÌÍMÌMLÍŽMNŒMÎMMÎLÌŒŒL‚ŒM‹LŒŒŒMËŽNNLMÍÌMÌŽKŒMLÎLÌÎLŒÍKŽNMLÌLÌLŒÌŽÍŒL‹ŒLMŒNÍŒŒNÍÌŒÍŒLÍMŽŒNÌÌNŒÌÎBŒM‹LŒŒŒNŽMÎÍÍMÎÍŒNMËŒÍÌLMMÎNÌÌM‹ŽNMMÌÍŒŒÌŒKŒÍMÌÌŽÌMMÎKŒŽMNNLNMLLÍŒLLMLÎLŒÌÂŒM‹LŒŒŒNKŽNMLLŒÌNMÌMËŒÍMNMÍÌÌ‹ŽNMŒÌMÌLŒMNMMŒŽLLNMÌNŒNMŒŒÌLŒÍÍŒÌŒÎMËŒNMMLMMÌÎŒM‹LŒŒŒŒŽNŽNMÌÍMÍNËŒÎŒŒŒŒ‹ŽNMMNÌÌÍŒŽŒŽNMŒLÌÍNNKŒMMŒÍÌŽMÌMËŒMÎLŒŽLÍLLMMŒÍÂŒM‹LŒŒŒŒKŽNNÍŒÌÍMMMLMŒLKŒÌÎÍNNMLKŽNMŒŒMÍŽMLŽÍÌ‹ŒÍÎLÎNLÌÍÍ‹ŒMMŒŒÍŒÌLŽÎŒMÎÌŒLÎÍÍÌ‚ŒM‹LŒŒŒŒ‹ŽMÌÍÌÎŽÎMLMNŒÌŒÍÌŽŽN‹ŽNMŒÍLLMÍŒN‹ŒÌLŒÎLŽMŒŒÌÌÌÌMŒÍŽMÍÍ‹ŒŒMÍLMŽMMŒÎÍÌMŒM‹LŒŒŒŒËŽNÍÍŒŒŽMMŒMËŒŽNNLNLÌÍMËŽNMŒMMMÌLÍŒÎËŒÌŽLMŒÎLÍ‹ŒMMÍÎŒMÍLÌLMŒMLŽMNMÌŽÌLM‚ŒM‹LŒŒŒŽMÎNLLMÌÍËŒLŒMLÌMËŽNMŒMÎŒŽMMÍŒËŒÍÌLÍÎLŽŒÍÍŒÍÍLÌNÍLËŒNMLÌÎLMMMÎŒM‹LŒŒŒKŽNLÍLLÎNÍÌÍŒÍLLÍŒŒÌLÍËŽNMŒMLŒŽNMŒLŽLKŒÎŒÌLÍÌŒÍŒ‹ŒŒŒÍÎÌNŒLLÍÍNN‹ŒNLÎMÎMLÌÌBŒM‹LŒŒŒ‹KŒLŒÌÍNLÌŽNM‹ŒÍÍNÍMÍÍLËŽNMMÌŒMËŒŒŒLÎLÍMMÌKŒŽMLÌŒŒÌÌMÎMMŽMLNMÎBŒM‹LŒŒŒËKŒÍŽLÌŒLNLÍ‹ŒÎLŽŒLMŽNMŒMÌMÎLÎLLMÌMËŒŒLŒŒMÌL‹ŒŒLÍŒŒLÌŽMŒŒNMLNMNLÌM‚ŒM‹LŒŒŒŽŽMÎLÎÍŽLLËŒÌLŽÎŽNKŽNMŽÎLMÍÍÌÎËŒÎMÍMLMMNNÌÌMŒMNÎNMŒNKŒMŒMMÌŒŒŒÂŒM‹LŒŒŒŽKŽNLÌŒÍÌŽÌLM‹ŒÍMMNMMNLNMŽËŽNMŒÎLÎMÍŽMÌŽ‹ŒLÍÎNÎMŒMŒMŽÌLÌÎMŒËŒŒLÎMŒNMÍÎÍÌÎŒM‹LŒŒŒÌKŒŒÍŒNN‹ŒÍŽNNÌÌMÍ‹ŽNMLŒÎLÎLÌÍLŒNÎLLMLÍNNMÍKŒLLLLŒÎMÍNLÍML‹ŒMÌÍLŽÎNNLŒ‚ŒM‹LŒŒŒÌKŽMÍŽLŒŒŒMÌMŽÌÍËŒÌÌÌŒMÍMŒŽÌKŽNMÌŽLMŒKŒNÌÍŽLÎNŒ‹ŒNŒÎNMMMËŒNLNŽLNŒM‹LŒŒŒÌ‹ŽMŽÍMŽÎLÎŒŽŒÌMLÎŽŽNMNMNNLŒŽŒNŒÌÌŽMŒÌÎNNŒNNLÍLÎLŒÍÎMËŒNMÎMÍŒÎLÌBŒM‹LŒŒŒÌËŽNMÌŽNËŒÎLŽLMÍŒÍKŽNMŒLÌLÍNNMÎMŒMLMŽÍ‹ŒMLÍŒMNLÍLLÍMÍŒNNLMÎMÎÌÍBŒM‹LŒŒŒÍŽNMÍÍNMKŒÍNÌNLŽMMÍKŽNMŒLNLÌŒÍMN‹ŒMŒŽLŒÌÌŽMKŒÍÍÌÎLLÍÍNLLËŒŒÍMÌŒŒÎNÎNNMÂŒM‹LŒŒŒÍKŽNÎLÌÍLŽMÌMMMŒÎNŒŒLŒÎMÎKŽNMMÍMÍŒMÎÎKŒÎMÎLÌLÍÌŒŒÍM‹ŒŒŽLMLMÍMÍMMÎLŒÍKŒNÌŒNMMŒM‚ŒM‹LŒŒŒÍ‹ŽNMNÌŒÍÌŒÍŒMŒMNMLÎL‹ŽNMNMLŒŒMÌÌÌËŒMMMÎLŽLÍMLNM‹ŒMNLLÎLŒÍÍMKŒNNMMŽMNÎŽŒM‹LŒŒŒÍËŽNLLÎNNÎL‹ŒÍŒÌÎNNMMŽLŽNMNLÎLÌMMNÌKŒLNLÌNÎLŒÌŒKŒŒNMÌŽNLŽLŒNNNŒNLÌŒMŒNMŽMM‚ŒM‹LŒŒŒÎŽMÍMŽLÌMŒŒÌLŒËŒÌŽLLÌÍÎKŽNMŒŒÍÌŒŽÎLÍ‹ŒÍÍLMŽNLMMÌËŒŒLNMMNLÌMMŒMËŒŒŽNLLÌLÍŒLÌŽŒM‹LŒŒŒÎKKŒLLÎÍŒLMNMËŒÎÍÌÍMMÌÍŒNLKŽNMMŽÎNNMMMÍËŒMŒŒŒMŽMLŒÌLNKŒMÌÍMMMLÌMÎ‹ŒŒLÎMÍLNLÍÍBŒM‹LŒŒŒŽMMÍÌÌLÍŒŽŒLÍŒMÍÍÍÍMËŽNMÌNLÌÌLŒKŒLÌŽMÎÎLÎMLËŒÌÌŒŒÌLMŒNNNŒŒÌŒŽÌÍŒÌLM‚ŒM‹LŒŒŒKŽMÍLŒMÍÎMLLŒŽLÍÍÌLÌŽŽNMŽMÍLŽNLÍMÌKŒŒÍŒMNMŒÎNLÌM‹ŒNLŽLNMÌMLNŒMÍŒMÌŽMÍŒBŒM‹LŒŒŒ‹ŽMÍMŒMÌÌÍŽMLŒËŒŒÎŽMÌÌÌLL‹ŽNMŽMLÍŒÍÍLÍ‹ŒÎNLLŒNŒÍMÍŒLÍMÎNŒÌLŒŒML‹ŒMŒNLÍÌÌMÂŒM‹LŒŒŒËŽNLMŽMÍMÍÌNLÎ‹ŒÍMLÌÍLLMÌÎËŽNMŒLÎŽŒŽLËŒÎMMLÍÌLÌNLËŒLLŒMÌMNMMËŒŒŒÌŒLÌŒÌLÍŽLMMÂŒM‹LŒŒŒŽNMŒÍŒMÍÍÌMŒKŒÍÌŒLÎÍL‹ŽNMŒŽŒMŒŽMŒKŒÌMNMŒMLMŒKŒMMŒŒÍÌÍLMÍŒMËŒNÌNŽNLÎLÌŽMÍ‚ŒM‹LŒŒŒKŽNMÌÌLŒLÌLŒÍÌŒÌŒLŽLŒ‹ŽNMMÎMŒŒŒÎMKŒNLMÎMÍŒMMNËŒMÍMŒMMŽNMMKŒŒLÌÎMNNÂŒM‹LŒŒŒ‹ŽMÍÎÍÌÌÌÍLMÍLKŒÍLÌŽŒÍŒŒÍŽŽNMŒMÎLŽÎLŒŒLMÌMÌMÍÌÌÌŒŒŒNNLNMÌÌMÍËŒMÍMLŒLÍÌLÌMÌL‚ŒM‹LŒŒŒËKŒÌÍMŒÌÌÍLÍNL‹ŒÍÎÍLÌÌMMMMNŽNMŒMMMÌ‹ŒÍÎLLÌŽ‹ŒMŽLŒLÍÎÍŒŒÍŒKŒŒMŒMŒÌŽBŒM‹LŒŒŒŽNÎMMŽLŒÍMŽŒÌŽKŒÌNMŒŽŒŽÎLËŽNMMŒÍÍÍMÌÍ‹ŒMLLMMMŽLÍKŒŒŒNMÎÎ‹ŒNLLŽŽMÌÌÌÂŒM‹LŒŒŒKKŒLÍŒŒŒÍMŽËŒÍŽŒŒLÍÍŽKŽNMŒMNNLÌ‹ŒÌÌÍNLMŒŒÍÌMKŒŒMŽLLNMÍ‹ŒNMŽNLLŽMÍMŒM‹LŒŒŒLŽMÍNLLÍŒŽLLÌŒŽLÌÎŒŒŽKŽNMŒLLŒŒÌÌËŒLMÍÌŒŒÌŒNÌNLŽLNŒŒLÌŒÍÎŽMBŒM‹LŒŒŒLKŽMÌÌÍLÍÍLLËŒŒŒMLMÌMŽLL‹ŽNMMLMŒÌLÍLKŒÍÎLÌLÌŒKŒŒLŒÍLMŒŒÍÌMNMÍÌMÌL‚ŒM‹LŒŒŒL‹ŽNMÌŽMŽLLNLËŒÍÎÎLNÍŒLŒKŽNMŒLŽMMÍÎŽŒÎNLÌÎŒNKŒŒLÌŽMLMLŒMÌŒŽLMLL‚ŒM‹LŒŒŒLËŽMNLŽMLÌMKŒÌNLÌÍÍÌŒLÍM‹ŽNMNLŒŒLŒÎKŒŒÍŽMLÍÎLÍŒÍŽMÌMLŒLNLLÍKŒNLÍMŽLNMÍ‚ŒM‹LŒŒŒMŽNÌMÌÍÌÌÍMËŒÎÌLŽMÍLÍŒMKŽNMNNMŒLNÌMLÍÌKŒÍÌLLÎMŒÌMKŒŽLMNMÎNÍŒËŒŒÎLÌMÎMÍLMMÍÍBŒM‹LŒŒŒMKŽNMŒMÌNLŽÍÍMŒLLÌMÍLLMŽŽNMLÌMNMŽÌÌ‹ŒÍLNŒŽMMKŒŒŒÍLÌŒLLÍŒŒÍMMLNLŒŒŒÍÌÂŒM‹LŒŒŒM‹KŒLLLLMLLNLLŒÌLLMŒÌÍLNKŽNMLÌNMÍÍÍÍKŒÍÍÍLMÎMMLÌÎM‹ŒNÍŒMŒLNLNMËŒŒŽÌLÎNLLLMÍ‚ŒM‹LŒŒŒMËŽMÎMÌNNLLËŒŒNMÍÍÌÍNNÎŽNMLŒNNNLŽKŒNLMMLŒÌŽNLLM‹ŒÌŽMÍÎLÍÌÌ‹ŒŒŒÌÌŽLMŽMNŽŒ‚ŒM‹LŒŒŒNŽNÌMMŒLMÍMŒÍÍ‹ŒŽMŒŒÎLLLKŽNMŒÎLŽLLLLËŒÍÌMŽÌKŒŒMMŒMŒÌÍNMKŒMLÍÍÌÎLMÌMN‚ŒM‹LŒŒŒNKŽNLÎMNÌLMËŒÎMÎŒŒLLŒŽ‹ŽNMNMÎÍÎLÍÎKŒÎLŽÌLMM‹ŒNÌLMNLMNKŒMÌÎLNLŽLLŽŒMÍÂŒM‹LŒŒLŽNLŒMMÌNLNLMŒŒÍŒÌLŒŒÌÍŒMÌËŽNNLÌÍÍŒŽMMŽMËŒNNNLÍÌŒLÎLÍÍKŒÍŽLNNMÍLÌÌÍŽŒMÌMÍNMMŒMLNŒM‹LŒŒLKŽNNLŽÍŽMÍNMËŒÍÍŒMŒŒLLŒŽŒLM‹ŽNNLŒMÍLÎLLÍŒŽKŒNMÍÎMMMÎLÌNLÍËŒÍÌLÍÍNMNŒMLŒÌÍŒÍÍLŽŒM‹LŒŒL‹KŒÌÍÎLÌŒLŒÍÎŒÌÍŒÌMÌÎNMËŽNNLLÎMŒÌNŽLŽŒNLÌLÍŽÌLŒLÍËŒÍÌŒLMLMMËŒÎMÍMÎLÎBŒM‹LŒŒLËKŒNMMÍÌÌÎNNMŒÍÎLŒÍMLÎNŽNNLÌŒLŽÎLMKŒNLÍÍLŒNMŒN‹ŒÍÌÍMŒŽŒLKŒMÎMÍNŒŽŒŽ‚ŒM‹LŒŒLŽNLŒLNNMÍŒMŒÌMÍMŒNMÍLÍKŽNNLŽMÍŒÍŒLŒÍKŒNÌÎNMÍÍŒÌÌMKŒMNLMNLÎŒÌŒLŒLLLLÂŒM‹LŒŒLKŽNNÎLŽÌMŒÌËŒŽÎMÍLÌLÍLNŽNNMLNMŽMÎMŽKŒMÌMLŒLNŒÎÌÍŒLLMNŒŽŽÌMKŒÌLÎMŒÎMMŽÌMŒM‹LŒŒL‹KŒLMLLÌMMÍÎKŒÍLMÌŒMMMŒNNŽNNLLLLÍNLNKŒŒLMMÍMÌLLŽM‹ŒLLLLNLÍÍMŽÌKŒÍÎMÌMLŒÌŽLNLÌNBŒM‹LŒŒLËŽNMLŽLŒLLMŒLMŒÍÍŽLÍÍMŽLÍKŽNNLLÍNMMÍÍÎËŒŒMMÌMŒLLMŒLÎNLŒÍÍLŒMÍM‹ŒÌÎLMŒŽMMÌMÂŒM‹LŒŒLŽNNMNÌÍŒÍÎÍMŒÌMŒŒMÍÌMÎNLŒÍŒ‹ŽNNLŽLMNLMLŽKŒNNMLÎMÌÍŒŒNLLÎLMMMMŒËŒŽMŽMÌBŒM‹LŒŒLKŽNMNMŒŒÌLNNLKŒÎÌŒÎLMÍMMLËŽNNLMMÌLÌÌŽŒŒŽŒÍNÎMÍŒÍL‹ŒÍNMÍŒLLNMÎŒÍÎLLŒŒÎNÎŒÍ‚ŒM‹LŒŒLLKŒŽNNNLLLLMKŒÌÍŒÎÍŽLÌ‹ŽNNLÎLLMMŒNMKŒMÍŽMLÎLMÍ‹ŒŽÍMÍMÌMÍÍŽNŒÌMÍÎMMMNMN‚ŒM‹LŒŒLLKŽNMMŒŒÌMLÌÎMNÍËŽNNLMŒÌÌÍŒNLŽÌŒÎMLŒŒÍŒLŒÌLŒŒNMMKŒÍŒÌÍMLLLLŒÌ‚ŒM‹LŒŒLL‹KŒÍŒÎÌŒÌLKŒÍÌŒMÌMNMËŽNNLŒMŽNMKŒNMÎÍÍÌÌNÌÍLKŒŒÌŒÎŒŽLMŒKŒLNMŒŒMÍNŒM‹LŒŒLLËKŒÍÌÍÎMMNNLKŒÌLŒLMLMMÍŽLŽËŽNNLÍÌNLÍËŒNMŒMLLLÌLÌLÌËŒNMÌÎLÌMÎMKŒŒLMÎNÌŒÎBŒM‹LŒŒLMKŒNÍÌNLÌMŒÌMÍŒÍNLÌŒÌÌKŽNNLŽMÍNMMŒNMMLÎMMÌMÍKŒÌŽLÎMŽMÎLÌÎMKŒÎLÎLLŽNLÌÍBŒM‹LŒŒLMKŽNLŒÌMÍŒÌLLNLÌÍLÌÎM‹ŽNNLŽLNŒÍŽLŒ‹ŒNMŒÍÍM‹ŒLNLMŒÌÍNKŒÎLÌMMLNMÍ‚ŒM‹LŒŒLM‹KŒÌLMMŒÎMNÌÍËŒÍMLLÌÍKŽNNLŽNMŒLMŒËŒNŒŒNŒŒNŒŒÎNÌŒÌŒNKŒÍÌŒMÌMŒ‚ŒM‹LŒŒLMËKŒŽÎNŒŒÌLKŒÌLÍNÎÌÍŒ‹ŽNNLŽÎÎÍMMËŒNŽMÍŽÍMÍ‹ŒÍÌMLŒKŒÎMLÎMÌÍÌMÂŒM‹LŒŒLNKŒŒŽNMÍÍŽNŒÍÍLŒLMÎMML‹ŽNNLÍÌÌLÌÍMKŒŒLÍMÌÌNLÍMMÌŒMŒLÌÍMÌMÌÎŽÎŒLŽLÎLMLBŒM‹LŒŒLNKŽNŒLNNMMŒŽMŒÍÍMÎÍLLKŽNNLLÍÍÍL‹ŒŒŒŒÍMÌLŒÌLŒ‹ŒLMÍLLÍLNÌMÌ‹ŒLÍLŽLLŒŒNÂŒM‹LŒŒLŒKŒLLŒÍÍŒŽNŒÌÌNÌLLNLŒŽŽNNLLÍMÍŒŒÎMLKŒŒÎÍÍŒMÌÍÍÍËŒÌLLÍLÍLÍÎLËŒÌÍÍÍÎNMNÌŒ‚ŒM‹LŒŒLŒKKŒÎŒŒÍLMLŒÍËŒÌLŒÌMMLNÎML‹ŽNNLŽLMMLŒNNMNLLÎNŒNNNLMNLMŒÌL‹ŒNMÍLŒÌÍMÍM‚ŒM‹LŒŒLŒ‹ŽNNMŽLLMÎËŒÌÍÍŒNÍMÍÌŒŽŽNNLNMŒŽL‹ŒNMŒŒÌÌÍŒMÎNŒLLNLÌNNLNKŒLŽMŒÍŒŒÌBŒM‹LŒŒLŒËKŒÌÍŽLÍÎLËŒÍLŒÍŒMŒÌËŽNNLMLÌÌŽLLÌÍLNŒŒMÍLLMŽŒÍÌÍËŒŒNMLŽÎLM‹ŒÌLMLLÍÍBŒM‹LŒŒLŽNLŽNLÍMŒÌŒŒŒÌMŒÍÎLÍÌÍÍLLN‹ŽNNLNLMNLMNNLŒŒLŒÍLÍNŒLLMÎÎŽNŒMŽMLŽMLMŒMŒÍLBŒM‹LŒŒLKŽNNNLNÍŒÍŒŒÌÌÍŒÌÌMŽLŒL‹ŽNNLŽLŒNŽLŽMŒKŒNLMMMÎNL‹ŒLŒŽMÎLM‹ŒŽÍLNLMÎBŒM‹LŒŒL‹ŽNLÎŽNLÎMÍKŒÍLÎLÎŽKŽNNLMŒMLLLÍŒŒÌLÌŒŒMÍÌMMËŒLLLÌMLŒŒÍNMÎL‹ŒÎLŒÍLŒÍLŽŒŽMŒM‹LŒŒLËKŒÌÍÍLMŽÎMŒÎÍÍMŒMNNŽNNLMLÍÎLÍÍ‹ŒŒŽNÍÎKŒNLÌMNLŒMŽÌŽMLËŒÍÍMÍÍÍÍLBŒM‹LŒŒLŽŽNMÌMŒÌŒŒNŒÎMÌMLŽÎKŽNNNLÍÎLMŽLMKŒŒŽNMÌÍNMÍÌ‹ŒMLÍLMLÌMKŒMÍNMÎŽŽÌÌMÂŒM‹LŒŒLŽKKŒÌŽLÍÌŒŽÎLÎMÍMLŽÌKŽNNMÌLŒŒŒMMŽŒMŽLÍŒÌLÌLŒÍŒŒÍNŽMMŽMLËŒLMÍMLÍŒŒŒÌÂŒM‹LŒŒLÌŽNNMÌÍLLŒÍNËŒÌMMMŒÎLÎLÍÎMMMKŽNNLÍÌÌLÌÍ‹ŒNLMÍŒÌÌÌÍLËŒŒMÌMÌNNLŒÎŒÌŒŒÌÍŒŒLŒM‹LŒŒLÌKŽNLÌNNÎMLÍÎKŒÍŽNMÌŒŒŒŽKŽNNLŽMÌÌŽLŒKŒNMMŒÎMMÍNMNMNËŒLŒMMÌÌLÍÍŒ‹ŒMÍMŽLŽŒÌŒMÌ‚ŒM‹LŒŒLÌ‹KŒÌÌMŽMMÍMÌ‹ŒŽMÎNŒNÎNLMÎŽNNMÎNŽLMŽMÎKŒMÌÍMÍŒŒÎŒÌMÌNŒÌMŒÌNNÎÍMŒÌLŽNLŽMLŽBŒM‹LŒŒLÌËŽNMÌLMÎLŒËŒÌŒŒNMŒÍÍŒLÌKŽNNLŒLÌÎNÌÍŽKŒNNÌNŽNŒMŽLMŒLMMNLÍŒL‹ŒÌÍÎMŒNLMMŽŒM‹LŒŒLÍŽNMÍÍMMÍÎMLKŒÌÌLÌÌŒŒ‹ŽNNLMÌNÎŒMÌ‹ŒŒÍŒŒÍÎËŒÎNMÌÎNLMÎLÍ‹ŒŒÌÌÎNMLLÎŒM‹LŒŒLÍKŽNMMŒMNMLMËŒÍŒNLNMÍÌÌËŽNNLLLÌÌNLÍKŒŒLNMÍÎLLMÍÎLŽ‹ŒÌLLÍÌÌNMÌŽMÍKŒNMLÍŒMÌŒM‹LŒŒLÍ‹KŒMÌMŽMŒŽLÌŒÌLMŒÌÍÎÍMŽNNLŒNLMÌŒLKŒNNMÍŒLMŒÌNŽKŒMÌŽLNLMÌÍN‹ŒÌÎMŒŒÎM‚ŒM‹LŒŒLÍËŽNMNŒÌMNMÌÌŒMŒÍŽMÎLMMÌŽMŽNNNMÍŒŒÌŒŒKŒŒLÌMŒÍŒÍŽLNMMLLÍËŒMŽLÌÎLLÌŒBŒM‹LŒŒLÎŽNMŽÌŽÌÌMLËŒÎLÌMÎMÌŽNMÍŽNNLÍÍŽŒM‹ŒŒMÍŒLŒŒNMŒÍNMÍNMŒËŒÍÌÎLÍMÌLNMBŒM‹LŒŒLÎKŽNLMÎLMÍLÌÌKŒŽNLÌÍŽLŽMŒLÍKŽNNLÍÎMÍNMÍÍŒ‹ŒNÌŒLŒÌÌÎMÍÍNLËŒÍNLŒŽLŒMŒLŒLN‹ŒNLŒÌÎMÎBŒM‹LŒŒLŽNÌÎMÎMMMÌÌËŒÍMŒLŒNÌM‹ŽNNLNMŽLÍŒÍÍÌËŒŒÎMNÍÍÌŒ‹ŒLNLÌŒÌÌÎLMÌNŒŽŽMMŒMÌŒÍ‚ŒM‹LŒŒLKŽNLNÍÌLŒÍŒŒMÍKŒÌÌŒLLMLNÍMÍKŽNNLŽLNLMŒŒŒÎËŒNMŒLÌLKŒNLLLÎMÌËŒÍÍÌÎNMÍÌŒLMŒŒŒM‹LŒŒL‹ŽNÌNMÌÌLÌÌMÍÍKŒÍÍMÎMLÍŒÎMLLMŽNNLNÍNNÌÌMÍKŒNLLMMLMMLŒÌŒ‹ŒLÎMÍÍLLLŒMÍÌKŒÍÎMÌŽLMŒM‚ŒM‹LŒŒLËŽNNNMMÎLŒKŒÍNŒŽKŽNNLÎMNÍÌ‹ŒMÍŽLÌÍMNLÍŒËŒÎMNNLLÌMÌKŒÍMŒŒMLLNMŒMÌÎMBŒM‹LŒŒLKŒLNŒŒMŽLNMLKŒÌŽMLŽMŒÌÌŒLMÌÍMKŽNNLŒŒÌMMŒ‹ŒŒLÍLMÍLÍMNÌËŒLMMŒÌÍÍÌŒÌKŒLLŒŽNNLNBŒM‹LŒŒLKKŒLÌÌMMMÍŒLËŒÌÎMÍÍÌMŽMŒL‹ŽNNLLŒLŽLŒÍŽMŒNLÌÍÍLMNLNMÍÌMKŒLLÌŒŽNÌÍNÌÍÍŒMŽMÎMMŽŽŒM‹LŒŒL‹ŽNLLÌÎÌÍÎLÎL‹ŒÍNNŒLMMÌÎŽNNLNMMNMÌMŒŒMLŒNNLNMŒÍŒMÌŒŒMÌÎŒŒÍŒŽÍLŽÍÌM‚ŒM‹LŒŒLËKŒÎLNLNNMML‹ŒÍŽÌŒMNNLŒLMÌËŽNNLŒMNMMLNLŒNNMÌMLÌLLML‹ŒÍMŒÌNLŒÎKŒLLLÍLÌÍÍMŒMÍÂŒM‹LŒŒLŽNNLÌMLÎNLËŒÌÍLNMLÌMŽMŽM‹ŽNNLŒÍÍÍMÍŒŽŒNMLŒŒÌLÍŽLÍÌÍKŒŽLNÌLNLL‹ŒÎNŽMÌNLMÎÌÂŒM‹LŒŒLKKŒÍNMŒÎMMËŒÍÌÌÍŒLÍMLÌM‹ŽNNLLLÌÌŒ‹ŒŒLLÍŒŒNLÌLÍËŒLNÌLÎNÎKŒÎMLMÌMLŽLŒBŒM‹LŒŒLLŽNNMNMÌÌLÍÎKŒÌŒÌLLÍÌNM‹ŽNNLÍÍŽLMÍ‹ŒMÍLÍLÌMÍLŒËŒÍŒMÌMMŒŒÌÎLŒMŒËŒÍMŒÎLŽNLÌŽNŽBŒM‹LŒŒLLKŽNLMŒMŽŒNLÍËŒÌNMÌLNMMMÌÍKŽNNLNNMÌLÌŒÍKŒŒŒŽMLÌLÌÌŒNMŒÍŒÌLŒLÌŽMŒÍKŒŒŒÍLLŒLŒM‹LŒŒLL‹KŒLÌMŒÍMMÍËŒÍNMÌÍLÍÍ‹ŽNNLŒLŒMŽMŒŒÍ‹ŒNNLLMNNLÌÌLŒ‹ŒÎLÍÍMÍLŒML‹ŒÌNLÌÌLMÎBŒM‹LŒŒLLËKŒLÌMŽMÍËŒÍÌÌÍLÌMML‹ŽNNLMÍMŒLÌLMÎMLKŒŒÌMÎMÌŽMŒÌ‹ŒÌMLŽLÌLM‹ŒMÌLÍÍLMÎNNŒM‹LŒŒLMKŒLŒLŒŒÍNÍM‹ŒÌŽMŒLLNLNŒÍËŽNNLÍMLLLÌÍËŒMÎMLÍÌÌŒÌŽ‹ŒÌMŒNMMÌMÍ‹ŒÌMÌŽÌŒLŒ‚ŒM‹LŒŒLMKŽNMMMŒLKŒÌŒLLÍMNL‹ŽNNLÍÍÎLNMÌÎL‹ŒMÍŒÍÍŒÍÎMŒÍÍ‹ŒLÌLMNLNMMÎMËŒMÍŽNMLLŒLBŒM‹LŒŒLM‹ŽNMÍLNNMNNMKŒÎLÍLMNLŒÍŽLMKŽNNLLÎMŒŽËŒŒMŒMÌNÍMÍMNŒLŒŒLNŽMNŒ‹ŒÎLÍNÂŒM‹LŒŒLMËŽNNMŒMÎÌÌÌKŒÎŒÍÌÍŒÍLÌÎMKŽNNLLŒÌL‹ŒŒMÍÎNLNŒMLŒ‹ŒLLMMŽMŒÍÍNMËŒMNMÍÌNÌBŒM‹LŒŒLNŽNLLŒÎMŒMLKŒÌŒLNMNLMKŽNNLÎNMM‹ŒNNLMLMŒLÎLŒMËŒMÍNNMÎLÌÍÍKŒLÎŒLLLŒBŒM‹LŒŒLNKŽNMŒLÌMŽŒŽL‹ŒÌÍLÍÍNÍŽMNŽNNMNNLMŒNŒMÌMNLÌLMÎÌÌËŒÍÍLLÌŒŽMÍKŒŽMŒMŒMMÍÎBŒM‹LŒŒLŒKŒLMŽÎNMÍÍKŒÍÎMNLÎMLMMKŽNNLMŒŽMŒMÌÌ‹ŒŒMÍÍMMLM‹ŒMÍLLÎLŒLÍLËŒMÍŒMÌ‚ŒM‹LŒŒLŒKKŒLLÌNLÌŒŒÌLËŒÌŽMŒLMNLŒNKŽNNLNMLÌŽLÍL‹ŒŒLÌNLÍNNÌ‹ŒLMNNMÌÌÌMÌMÌÌKŒMLNÎNMÌŽLLÌ‚ŒM‹LŒŒLŒ‹ŽNŒÍŒÍÌLŽLNMŒÍLMNÎÌŒŒÌM‹ŽNNLÎNMÌNMÍŒ‹ŒNNŽMÍŽMLMŒÎLÍŒMŽMMÍ‹ŒÍÎŽLLMLÌMNBŒM‹LŒŒLŒËKŒLŒÌÍŽŒŒKŒÍÎMÌNMÍÍÌËŽNNLLŒŽMŒMÍŽMÌËŒŒMÍÎNKŒLMŽÍMMŒËŒÎMMMLŒLŽLMŒŽBŒM‹LŒŒLŽNLŒŒŒNLÌML‹ŒÍŒNÍÍLLLKŽNNLLŒÍÌLŽŒŒLNŒLNLÎLLÎM‹ŒLÌŽÎLÌÍÎÎM‹ŒLÌLÍNL‚ŒM‹LŒŒLKŽNNLŽLMLŽMŒËŒÌÌMŽÍMMNMÎNŽNNLÌMŒNÌŽKŒNLLLÍŽKŒÌÎMMÌŒNNŒMÍKŒÍŒŽMŒN‚ŒM‹LŒŒL‹ŽNNMMŒÍNMÍËŒÍÎŽMNNŒÌŽNNLŒÎÍÌŒÌÌËŒNMLMLNNLŒŒLNMÍLMÎNNMÍËŒLÌNÌÎÍNŒM‹LŒŒLËKŒÌŽMMÍMŒ‹ŒÌLŽMŒNLMŒŒLÍŽNNLÌŒMÍŽMÍMÍ‹ŒNÎŒŽMMŒÍKŒÌLŒNML‹ŒÍŒŽLÌMÌMÍŒŒŒ‚ŒM‹LŒŒLŽŽNNLÌÎLÌÌMËŒÌÌŒLÍNMÎNMŒ‹ŽNNLNMMÌŒLÍÍMMËŒŒMLNŒLŒNMŒLMNLŽMÌŽLMŒÍLÌÍŒŽMÍÎBŒM‹LŒŒLŽKŽNNÍŒMNMLMÍÌŒÌMÎÌŽNMMKŽNNLÎÌLÍŒLMŒËŒNLLÌÌÌÌLÎÌËŒLŒŒÍNÌÌÌLL‹ŒÌÍMLÌNLMÍM‚ŒM‹LŒŒLÌŽNLÌÍŒÌLŒMŒL‹ŒÍLÍNMLNÌÌŽNNLMNÌŽŒÍKŒŒMNÎLÎMŽKŒLLŒÍÌMÌÌŒËŒLMLLŽMŽÌLÂŒM‹LŒŒLÌKŽNNLÌMŒLŒËŒÌMMŒÌŽL‹ŽNNLÍÎÌÌNNÎŒNLLLŒÍLMÌÎKŒNMÌLÌÍÍMŒÌÍÎŒÌLÎÌŒŒLÌÌÂŒM‹LŒŒLÌ‹ŽNNÌMŽÌMMŒÎŽÌMÌMÌÍÌMŽNNLMÎLLÌŒŒÌŒLÎŒŒNLNLŽNŒ‹ŒLLLÎMÌÍÍMNNL‹ŒLLMLŒÍÌMNM‚ŒM‹LŒŒLÌËKŒNMLÎNŒŒÍLMNMÍLLŒLËŽNNLMÌMÍŽÍ‹ŒŒÍŒMÌÌLÎM‹ŒÌŒLÌLLÍLŒ‹ŒÍÌLÍÍÎÎNÂŒM‹LŒŒLÍKŒÍÎŒÌÍLÎMNLËŒÍÌÍÍNMMÍ‹ŽNNLMLMLÍÌÎLÌŒŒNNÍÍŽNNNNKŒŽÍŽÌLMN‹ŒMLLLLÌMLLMŒM‹LŒŒLÍKŽNMŒLÍLÍŒŒLÍLMŒÍMŽMLMLMMM‹ŽNNLÌLÍŒŒÍKŒŒMŒŒLÍLLL‹ŒNŒŽÎLÍLËŒLÎMŽLŒMÍŽŒM‹LŒŒLÍ‹ŽNMLŒNNLŒÍËŒŽLÍÎLŽMÍLŒÍNMÍŽNNLÍMŒÍŒLŒÎËŒMÎMÎMMŒÌŽLMŒÌLÍLLŒMLÌMËŒÌÍMLŒÍÎLNNNÂŒM‹LŒŒLÍËKŒMÌLÌLÌÍMLŽŒÌÌMLŒMNMNLNMKŽNNLLŽMÌMNÌKŒŒMÌMÌŒLMÍËŒLMÍÍÍMÌŒLÎKŒLŒÍÌÍÍÂŒM‹LŒŒLÎŽNMMNLÍÍŽLËŒÍÌŒMŒNÌÌLKŽNNLÍŒÍLÍÌMLLÍKŒNLŒMŒMÌLÌŒMÍLÎLŽLNL‹ŒÍMMŽMMMŒLÌÍŒŽŒM‹LŒŒLÎKŽNMMÍÌLMÎLKŒÌŒŽÌÍÍLNÍ‹ŽNNLÌNLÎÍÌ‹ŒNNÌÌMÌMMËŒÍÌŽLMÎÍMŒM‹ŒLÌMÎMMŒBŒM‹LŒŒLŽNMNMÍMŒÌMNŒÎMLÌÎŽMÎLŒ‹ŽNNMÍNMLMKŒŒÎNLLŒNŒMÎNMLMŒNLÍŒÎLÌÍÍLLLŽBŒM‹LŒŒLKŽNNMLLLÎŽM‹ŒÎLMNMMMÌŒLÍ‹ŽNNLÌMŒMÎNËŒŒŒMŒŽLŒNMÎMÎLËŒÌÍÍMÎMLŽMÍ‹ŒLÎLÌŽŽŒMBŒM‹LŒŒL‹ŽNNŽMÍLMMMËŒÌÌLÎMÍNLNMŒKŽNNLŒMMÍÍÌŒÍŒÎKŒNNŒŒNMKŒLLŒÍNÍÍÍMLÌMŒÍMŒLÌÍNMÎMÌŒM‹LŒŒLËŽNNMŒMÎMLLŒËŒÌMŒMÌLÌÍ‹ŽNNLÎÍŒÌLÍËŒMÍLLÌŒMNŒ‹ŒLMŒMÌMÍÌÍMÍŒLÌÎLMÎM‚ŒM‹LŒŒLŽNNLLÍMLLÌMŒŽKŒÌÍŒŽNNLÌÌ‹ŽNNLNLŽMMÌN‹ŒŒLŒLÌMMÎLLMŒ‹ŒMÎNMÌLÌÌMNŒÍMŽNLŒMLÌMŒÂŒM‹LŒŒLKŽNNLLŒÍMÍÌÌNKŒÍMÎLLMŒÍŒLŽNNLMŒLLÍMÌŒÍKŒŒLNLŒŒŒŽMÌMKŒLLÌÌŽNMŒŒ‹ŒÍNNÌNŒŽŒM‹LŒŒL‹ŽNLLLLŒLŽKŒÌMLŒÎMMÌÎŒ‹ŽNNLÍÍNŽLŒKŒMÍMÌŽMMÌÌŽKŒLÍLLMÌÎLÌÎÌ‹ŒNNMLÌÌÌÌŽŒM‹LŒŒLËKŒÍŒŒNLÌLŒÌŒÌŽLŽLŒLŽŽNNLŽNÌŒLÎÍLËŒNÌŒÎÌLŒMŒŒÌMÎLÎÍMNŒÍÍLÎMNNMÎÎBŒM‹LŒŒLŽNMŒLÌŒÍMŒ‹ŒÍÍLÍŒÌLŒÌKŽNNLNNNŒÍLMÌNËŒŒŒŒNLMLLŒ‹ŒLLLLŒÌÎÎŒLŒMMŒLÌMMLMBŒM‹LŒŒLKKŒMLÎÎKŒÌŒÌLMÌÌÎŒŒÍKŽNNLŒÌÌŽKŒNLNMLÎMNLŽNMÍŽŒŽMÍŽLŒÍŽÎLŽŒŽÌÍÎŽLMŽMŒM‹LŒŒLLŽNLÌÎNMÌÍÍNËŒÌŽMÌÌMLŒLÍÍMŽNNLŒÍÍMNŽÌKŒNMLÌÍŒŒNLMKŒLŒŒLLMŒŒMŒÌŒŒŒÎNLÍÍÌÎŒM‹LŒŒLLKŽNLLLÌNŒŒLKŒÌÎLŒÍŽMÍLMKŽNNLÌMLÍÍÎÎMÍËŒNNÎMMÍŒMLMÍKŒŒÌÍMLMÌŽÎÌÎKŒNMŒÌÌŽLŒBŒM‹LŒŒLL‹ŽNNLLMÌÍÍÍÌKŒÌMŒŒMLÎLÍŒ‹ŽNNLÌLÌLÍŽLMŒNMNLMMŒNMŒÎ‹ŒŽÌŒÍŒŽMLLŒŽŽKŒÌÍÌMŽNMÍÍNLMBŒM‹LŒŒLLËŽNÌLLLLÎNM‹ŒŽMNLÍMÌÎLŒËŽNNLÍŽÎÍËŒMÍÎLŒMLMMLMŒLÌŽÌŒNMLŒMŒÎLÍLMM‚ŒM‹LŒŒLMŽNLŒNMÎLÍMÌNŒÍÍLMÌÍNLNNNŽNNLÍLNNMÌMNMŒŒNMÍNMŒŒLÌŒÎKŒLÍLÍÎNMËŒÍMNMŽNM‚ŒM‹LŒŒLMKKŒÍŒLÍŒNŒÌ‹ŒÍLŒŒŒMÎMŽÍÍÍŽŽNNLMNÌŽLŽKŒŒŒŒŒÎÌMÍKŒŽŽÎMMŽLÍÍŽ‹ŒLÍÎŒMMLÎMŒM‹LŒŒLM‹KŒŒNMÍLÍËŒÎŒNLÌMLŽMÌLMKŽNNLLÌÍÌÌNNLŒLËŒŒMNNLŒÎ‹ŒÍŒÍLMÌMÍMMKŒLŽNŒÌÌÎÎLŒŒM‹LŒŒLMËŽNLÌŒMÌÍMKŒÌÍMÍLLÍÌÎNMŽNNLLÎNLŒÎLŒNLÍNMÌLLMÌMŒMMLÌŒLMNM‹ŒLÎMLMÌNMŒÌÌÌLBŒM‹LŒŒLNŽNMÍÍMLŽMLŒMKŒÌNLÌÍÍÍÍÌMÍŽNNLÍLÍNLÍLÌËŒNLMÌLŽLMŒÌLNMŽMLÎÌÌ‹ŒLÍŒLLŒÌÌMLŒM‹LŒŒLNKŽNMŒNMMNMËŒÍÌÎMŒLÎMÍŽNNLLÌŽNÌ‹ŒŒLMLŒLÌNMKŒÍÌÌŒLŽLÌNLÌ‹ŒŒÎÍŒŒÎŒBŒM‹ÌŒKLŽLŒÎŒMŽLŒÍNŒMLÍŽMMÌMLÍŽNMŒLÍŒMLÎKŒLNMÍLŒÎMŒÌLŒŒNKŒMLŒŽMMMŒMMÂŒM‹ÌŒKLKŽMLNLÍÍLLMŒÌ‹ŒMÍNNLMMŒNNŽNÍÎNNNÍLMËŒNLMLNMMËŒÌÌŒLMŒŒNŽŒMMMMŽMŒLMÂŒM‹ÌŒKL‹ŽNŽMÍLNKŒLŒÌÎLLÌŒÍMÍËŽNÌÍÌNLŒÌËŒÎMŒLMLŒNMÍKŒŒŒMÌŒLLMMÍÍŒLMÌŒÌMÍŽMLMÌBŒM‹ÌŒKLËŽMŒŒNMNNMŒÍŒKŒLÍMLLÌŒÌMÌŒÌŽ‹ŽNÎMÌMŽNŒÍŒMÌŽNÎLLËŒÌÍŽMŒLÍŽŒMÌÌLŽLŒM‹ÌŒKLŽNMMLÍÌMÌNŽLËŒLŒÌLÍŽLMLÍNŽNÍÍŽLLLMÍNŒLNLÍLÌŽLMMÍŒÍLNÌŒÍÎNLL‹ŒLŽNMLNLÍÌÍMBŒM‹ÌŒKLKŽMMÍMŽLŒÍMKŒLŒŒNLŒÍŒMNŒÌKŽNÍÍÍLŒNLNŒÍNLŒÌÌÌLŒÎŒÌNLÌÎMŒÍÍMMLMËŒLŒŽNŒMŒM‹ÌŒKL‹ŽMÍÍÍÍŽÍÌŒLÍŒMÎÍŽLÌŽMLÍŽŽNŒLÍNLLŒKŒMÎLLMNŽMŽNŒÍMÎMÍLÍŽLŒMŒLÍŒŒMÌŽNMŒ‚ŒM‹ÌŒKLËŽLŽLÎMMLNMŒLMLŒLLŒLÌÎMLKŽNŒÎMÌŒMËŒÍLŒNLŒMŒÍÍÌLÌÌÍŒMŽM‹ŒLNŽMLŒÌNMLÌÍM‚ŒM‹ÌŒKLŽLLÍÌLŽNMÌŒLÍÌŽMŒÌÌÍLÌÌÍÌÌËŽNNŒLÌŒŒLÍMŒÍÎMMMÎMMKŒLÌLNMÌŽNLÌŒMŒLŒÍÌNBŒM‹ÌŒKLKŽMMÌLMLÎÌ‹ŒLÍLLMÍÌLŽŽNMÍÌÌNMKŒÌÌŒÌMÎLÍMMŒÎÍÌŽNMÌNNŽNŒLÎLŽNNNLÎMÎÂŒM‹ÌŒKLLŽMLÍMMLŽLŽMŽLKŒLÌÌLLMŒÌMNMŒËŽNÍŽNÌMLMÍŒÎ‹ŒLŽŒMŒMÍŒ‹ŒLMNMŒÍÎNËŒLŽÍÌŒŽMÌMBŒM‹ÌŒKLLKŽNLŒÌÍÍÎNKŒLŒÌÍŒŽMNNMLËŽNNNMMÌŒÌËŒŒŽNLÍMMNKŒLNÌÌLÌÍŒLMÌÍMŒLÍMMBŒM‹ÌŒKLL‹ŽLÌŽLLŽMMÍŒLÍÍÌÎLÌLŽNNLÌÌÍŒÍÎL‹ŒMLMMŽÍŒÍLÌÍMŒLŽNLÍÍÎŒŽMŒMLLLÌÎMÍŒŽŒM‹ÌŒKLLËŽMŒÎLÌMLL‹ŒLÍÍŽŒÎMÍÌMKŽNÍŽLÎMÍŽMŒNLÌÎMMÍMÍŒMŒLMNMÌÍNÍMÌËŒMLŽLLŽMLÍŒM‹ÌŒKLMŽNŽNLÌÍŒKŒNNLÎMLÍMLLÍKŽNLLÍNM‹ŒŽÎŽMÍLMLÌLÌËŒÎÍÍÎMMMŽLŒÍ‹ŒLÎMLNMLM‚ŒM‹ÌŒKLMKŽNLÌÍÌŒÍŒÎMLLLKŒLMÍMLÍŽLÌMŽLMŽNÌMLŒNLŽMMËŒMNMŒMÌŒŒÍŒÌLŒMMŒÌMÌ‹ŒLNÌLŒÌMÍŒM‹ÌŒKLM‹ŽMÌÌŒÌÎMLÌMKŒLŒMÎMŒÎÍKŽNŒŽŒŽLÍLLLMËŒŽŒLŒŽLÎLŒLÍŒMÌÍŒNMLŒLŒŒÌŒÍLNŒM‹ÌŒKLMËŽMLÌLÎŽLÌÍ‹ŒLLÎMÎLÍMLËŽNŽÍÌÌLÍŽLLÌKŒLLÍLÌMÍŽNÎŒŒLÌNËŒLÌŒLMÍÌNM‚ŒM‹ÌŒKLNŽMMLMMÍMŒŒKŒLÎÍÍÍLÌÎŒÌÍMMNŽNŒÍÌŒÌÌMM‹ŒLÍÍŒÍÍMML‹ŒÍÍÎNÍLÍKŒLŽMMMÍNLÍÍLLÂŒM‹ÌŒKLNKKŒŒÌŒNNLŽÎËŒLÌNÍÎLÎLMŒËŽNŽÍÌÌMNLËŒÌMÍŽLÎMËŒMŒÌLÍLMÍŒËŒLÎŽLŽLŒŒÌ‚ŒM‹ÌŒKLŒŽMÍLMLÌÎÌÍŒLMÌLÎLŒMLM‹ŽNMŒÍÎMÎMŽ‹ŒŽLÌŒÌLŒM‹ŒMLÎŒŒÍŒŒÍLKŒLŒMMŽNÍLÌMÎBŒM‹ÌŒKLŒKŽMLLÍÍÌÌÍMKŒLÍŒÌLLLMÎLNŽNÍÍMÍMMÌLNKŒLMŒLÌŒÍŒLÍL‹ŒÌŒLÌLLÎ‹ŒLÌÎMLNMŒMMÎ‚ŒM‹ÌŒKLŒ‹ŽLÍMŒMÍŒÎM‹ŒLLÍNÌŽMŽMKŽNLMÍŒNLÌLÍËŒÌLŒÍMLÎMŒŽMÌ‹ŒÍÌÌLŒNÌŒMËŒLŒNŒÍNMNMŒNBŒM‹ÌŒKLŒËŽMŒÍÍŒLŒŒŽMËŒLŽÎLMÌ‹ŽNÍŽMÍMŽMÌKŒLŽŽŒŒÌÌMÌËŒŒNLÎNNÌMLLLŒËŒLŒŒŒÍMŒŽLM‚ŒM‹ÌŒKLŽLNÌMŒMÌËŒLÌÎŒÍŒMÌŒŒŽNÍÍLÌÎŽL‹ŒLMŒŽÎMŽL‹ŒÌŒÎMLŒÎLL‹ŒLÍNMÌÍÍM‚ŒM‹ÌŒKLKŽMLMŽÌLMËŒLLLŒÌÍŒL‹ŽNMŒÎÍÍŒMÍ‹ŒÍÍLMMLÌLML‹ŒÎLŽMLLÎŒŒLÌLLÎNLŒM‹ÌŒKL‹ŽMÌNLNÌÍŽNKŒLLŒÎMÍÌÌŒÌ‹ŽNMMÌMÍŒÍNNL‹ŒLÍLŽLLŽL‹ŒÍMŽNMMŒMÌŽ‹ŒLŒŒÎŽLÎMÂŒM‹ÌŒKLËKŒŒŒŽMÍÌMŒ‹ŒLÍŽMŒÌŒMŒ‹ŽNÎLÌÍM‹ŒÎŒŒÌMMMŒÍÍÎNMLNLŒKŒLÌMLŽNLLÍÂŒM‹ÌŒKLŽŽMNLŽNLÌÍLŽLÍ‹ŒMÍÌŽMNÍŒLŒŒ‹ŽNŒNMÌÍLLKŒLÌŒŒŽLÌMLÎKŒMŒMÎLLŽLKŒMMMŒÌLÂŒM‹ÌŒKLŽKŽLÌŽŒÌŒMLKŒLÍÎMŒMÍŒLÍÌ‹ŽNÌÌŽŒŽŒMŒÌÌÍÍÎŒŒLLNŒMÍÎLNKŒMÍÌLÎÍ‚ŒM‹ÌŒKLÌŽLÌMLŒMNËŒLÎLLŒLŽMŒMŒÌÍËŽNÌMŒMNÌÍŒMŒLNLÍÍLNLŒLÍŽËŒMŒMLÌÎMMNLKŒLÌÌLLLMÌM‚ŒM‹ÌŒKLÌKKŒMŒNŒŽMLÍŒËŒMŒŒNNMÌLÌNMËŽNMLMNMÌNŒMÌÍMLLLŒÍŒËŒÌLNNŒŒÌMŒÌML‹ŒMÎLLÌÌLÌÍMLMŒM‹ÌŒKLÌ‹ŽMNNMÍMÎNM‹ŒMLÌÍNNNMLLÍ‹ŽNLLMÎLÌŽLLÌÍ‹ŒMÌMLŽMÎLML‹ŒÎMŒMMNLÌŒÍKŒMÍŒÌÍÍÎŒM‹ÌŒKLÌËŽNŒLŒLÌÍŒÎLÍËŒLÌÌMŒÌÌNŒËŽNÎÍNÌÌÍÍŽŒMÎÌLŒLLŒKŒÍNNMNMÎLŽMŒLŒŒLŒLŒŒÌLÌ‚ŒM‹ÌŒKLÍŽNŽLLÍLÌŽ‹ŒLŒMÍÍLLLÍÍMŽNÎLÍÌLLÌMNLMËŒMŒNLÍÍ‹ŒÌLÍŒLŒÍŽŒLÌLŽLLÍÌMÌÍM‚ŒM‹ÌŒKLÍKŽNNMÍÍÌLMŽ‹ŒLÌŒÍÍŽÎLÍÍNKŽNÎLNNMÍŒLÍÌÍŒŽŽMNŒNLLMÍLMNLMËŒMŽÌMŽLÍÂŒM‹ÌŒKLÍ‹ŽLÎNMŽŽLÌÎŒÌM‹ŒLLNLÍÍŒNÌMŽLŽNÍMÌMÎN‹ŒÍNLÍÎMŒÍŽŒŒLLÌMÌLŒLNMNÌLÎBŒM‹ÌŒKLÍËŽMÌÌNMŽÍMÎLËŒLÍLÍÌLŽMNLÌNKŽNLMMMŒNLŒŒMŒŒMLŒLÍLMŒÎM‹ŒÎLNLLÍÍÍÎNNŒMLMLLÎMNÌM‚ŒM‹ÌŒKLÎŽLŒLŒŒÍÍÌKŒMÌÌŒMLŽMLËŽNLÌÌÌŒÌŽŒMŒMÌLÍMNNÌ‹ŒÎLMNNKŒLÍÎNMLÍŒÎNM‚ŒM‹ÌŒKLÎKŽMMNLÌÌNMŒMËŒMŒMŒŽLÎMŒNŒÌNŽMÍÍMŒNNLÌŒMMMKŒLNLŒŒMŽNÌL‹ŒŒMÍŒMÌÎM‹ŒMNMÍMÌLŒÎNMBŒM‹ÌŒKLŽMŒÍMŽMNMNKŒLMÍLÌŽNNLŽNLMLMÍLÌÍËŒŽŒÍMNÌMÍKŒLÌÍŽMNLNNMÍMËŒLŒÌLŒŒŽLÌŽMBŒM‹ÌŒKLKKŒÌLÍNLLÍMLŽŒLMŒMMMLÍŒÍKŽNNLÌLŒNLLMMËŒÎÌLLŽÍMMLËŒLÌNŽLÌÌMÌÍ‹ŒLÎLŒÍŒÌÍÌÍ‚ŒM‹ÌŒKL‹ŽNÌÎLÎLÍŒŒ‹ŒLÍÌLLÍŽLLMÌKŽNŒLŽNMŽLNMÍŒMLLMŽMMLNNŒLŽLŒMÌŒŒÌMNNMŒMŒÌŒÌMMNNÌN‚ŒM‹ÌŒKLËŽMMÌŒLÌŒLÌ‹ŒLMMŒLŽÎ‹ŽNNMÍÌÎMLMŒLMŒÍÍMMŒMŒÍŒÎKŒŒÌMLŒMŒ‹ŒLŽMÍŽMÌÎMÍBŒM‹ÌŒKLŽMÍMLNMÍMLNMŒLŒÎÌLÌÎMËŽNÌÌŒÎNLŽMÌŽMËŒÎMŒLŒLÌNKŒŽMŒÌŒÌLŒKŒLNMŽNNÌÍNMŒŒM‹ÌŒKLKŽLÍMÎMMÌMLÌÌÍKŒLŒLLŒNÌLÌLLÍÍËŽNÌMÌMÌMÌÍŒŽLKŒLMLŒLÎÎËŒÎMMÌŒŒLMLÍMM‹ŒLÍMŒNÌŽNŽMNLÂŒM‹ÌŒKL‹ŽMMÌLÎMÎMÌŽŒLŒŽMNLÎMŽLÎNKŽNMÌMÌÍÌÌLNMËŒLÌMLŒNNL‹ŒÎNNLLÎLŒÍ‹ŒLÎMLÍŽLMNMÌ‚ŒM‹ÌŒKLËŽMÎNLMÌÍLMKŒMNÎMÍMMLÌŒŒËŽMÍŽLÎMŒÌŒÌÍKŒLLLÍMŒÍLÎNKŒÍLMÌÍLNËŒMLMŒLÌŽŒM‹ÌŒKLŽLLNNÎMMNMKŒMŒNMÌÍMMLŽLÍŒËŽNLŽNLMLŒLŒŽÌMŒŒÌÌŽMŒMÍÌÎNLŒMNÎLŒMŒŒÎŒM‹ÌŒKLKŽMNMŽLŒNKŒLLÌÍŒŒÌÍKŽNMŒLÍŽLKŒNLMŒMÎÌ‹ŒLÍÌŒNMLKŒLŒLÍLLŒŒÍŒŒÍBŒM‹ÌŒKLLŽMŽMÌLÌMLŒÌŒLKŒLÍÌLŽNŒŽLÍŒŽŽNŒŽNLÌMÍËŒMMŒŒMLÎMMLKŒŒÍLLMMMÎMÍËŒMÎÍNMŒÍLÍBŒM‹ÌŒKLLKŽNMMÎÍLNKŒLLÌÌÌŒNMÍNNMMËŽNMÍMMLÍËŒMÍÌÍÌÎLÎÍ‹ŒÌNŒŒMŽLÌŒÌÌMKŒLNŒMŽLÌÂŒM‹ÌŒKLL‹ŽMLÍMŒÎÌM‹ŒLÌÍLLLKŽNLMÌMŽÌNKŒŽŒŽLÎŒŒLKŒÌÎLŽÍÍMÍŒLŽMMNÍLŒNMBŒM‹ÌŒKLLËŽMÎMNŒÌMŒÎKŒNÎMŽŽLNŽMÍÍÍMÎLÍŒLÌKŒLMNLLŒÍÎÍMKŒŽLMLLÌŒNNMŒ‹ŒMLLLLÌMÍ‚ŒM‹ÌŒKLMŽMŒÌÍÎMŽMËŒLÌLŒMŒNÍŒMKŽNMLMÍÌMMÌMLŽŒLMLÌLLKŒMÍÍŒÍŒMKŒLŒÌŽLMLŒLŒŒM‹ÌŒKLMKŽNMŒLÍMMŒMLÍMŒÎNLÍNMËŽNÌŒŒŒÌŒŽLLKŒLŒŽNMÌŽLÌËŒMÌNMMÎNŽNMÎŒMNNLÍŽMÍÍM‚ŒM‹ÌŒKLM‹ŽLÍŽÌMŒÎŒËŒLÌNLŒNŒLÍËŽNŽMÌMŒÌÍMŒKŒLŒÌŽLÌLMÍ‹ŒŽMNLÍŒŒLMLLLÍ‹ŒLÌŒÎLÍÍÍŒM‹ÌŒKLMËŽMLŒÌÎNMMKŒLŽÍLÌMÌÌMŒÌŽNLŒLNLÎMËŒŒMLNMÍLÍÎMŽKŒÎNŽÍLLMKŒLŒLŽŽBŒM‹ÌŒKLNŽLŒLLŒÎLÌNNKŒMLÌÍÎMÌŽLNNM‹ŽMÎÍNÎMNLÍËŒLLNLÍLÍÍMLÍKŒŒÍMNLŒLÎŽKŒMÎMÌÌLLÌÍÂŒM‹ÌŒKLNKŽLÌLÌÎLNÌÎÍÍKŒLÌMŒÌŒMMŒMLNMŽNLMMNLLÍŒNŽ‹ŒŒNLŒŽMLMLÍL‹ŒÍÌMLŒLMMNLŽMNKŒLŒÌÍŽMÂŒM‹ÌŒKLŒŽNNŒŒÌÍÍŒŒKŒLÎLŒÍLÎÌMLËŽNÎÌNMÍŒKŒNŽMŽLKŒŒMÌŒÌŒNMLMÎNNŒLMŽLÌŒÍÌMÍÎNBŒM‹ÌŒKLŒKŽMNÍLL‹ŒLMÍŒŽMŒNMNÌ‹ŽNLMMÎLŒÍÌËŒNŒNNMÍMŒÍŒLŽMLMÎMNÎMKŒLŒŒLŒMÍÍŒÌMNŒM‹ÌŒKLŒ‹ŽMÍNNÌÎMLŒŒKŒMLÌÍLMMÌÌ‹ŽNMŽMÍÍMNMNKŒMÍŽNMÌŒÌÍKŒLŒÎÌŽLŒŽMMKŒLÍŒŒŒŽLŒÌLMŒM‹ÌŒKLŒËŽMÌNLMÍMLÎŒNÌÌNŒMÌL‹ŽNÎÎMLÍÍÍŒMÎÎŽÍKŒLLÎLÌÌŒÍNKŒMÍÌŒŒÎŒLMŒM‹ÌŒKLŽLMNNLÌÍÍŒMŽ‹ŽNÎLLLMŒŽL‹ŒLÍNNNLMÌNMÎŽL‹ŒÍÍŒŒÎLLŽNNŒÌ‹ŒMMÌŒLÌÌÎMÌÌ‚ŒM‹ÌŒKLKŽMÌÌÌŽNNMMÍŽLÍL‹ŒLÌÎŒÌMŽLÎŽNNËŽNÌLNLÎŽÍÍÌ‹ŒÍÌMÍÎLÎMŽKŒMÌŒŒÍŽLŒLÍŒLÌLÍMÍÎŽMÂŒM‹ÌŒKL‹ŽMLÍÌÌŒŒÍÎÌŒËŒLLLŒŒŽMLKŽNLÍŒÍNKŒMLÍÍMŽNLMLLÌKŒÌÍÎLMÍLMÍŒLŽNNMMÌLŒÌÌNLŒM‹ÌŒKLËŽMŽNÎNÍŒËŒLŽLLÌNLŽLÍKŽNMŒÌLŒŒŽŒÍÌŽÌMMÍLMLKŒŽÍÍÎMÎÎŒMM‹ŒLNMLÍŒÎMÍÎLMMÍÂŒM‹ÌŒKLŽŽMÌŒÌLÌŒMÌÌLŒ‹ŒLLMNŽMÎMŒLÌËŽNŒÍÍÎMLMMMLËŒLŽLLNMËŒŒLLÌÍŽMËŒLMÌNNLÌŒÎNÌÌ‚ŒM‹ÌŒKLŽKKŒMÍŒŒŒÍÌŒ‹ŒLŒLÌMŽŒ‹ŽNŽÌŒLÎMŒLŒ‹ŒLMMŒŽNÍLŒŽLÌNNLÍÌŒMÎLËŒLŒŒMMŒÍLÌMBŒM‹ÌŒKLÌŽMMMŒMMÌLÍÌÍËŒLLMŒÎLMLŽLËŽNÍMŒMŒL‹ŒÍLMŒLMÍŒLMKŒÍÎMÎŽLMËŒLMÍLÌNMNLŒÌÍ‚ŒM‹ÌŒKLÌKKŒÍÌŽMÎLÍËŒLÌMÍÍÌMNLL‹ŽNÍŒÍŽMMËŒŒÌNMNLÍLÌKŒMLMÌÌÎMNŒLÌÎLÌNLÎLÍL‚ŒM‹ÌŒKLÌ‹ŽNLÎÌŒŒÌŒMŽŒMNNLÎNLNMŽNLLÍLŒÌNMLLÌÌËŒMÌLŒŒMLNËŒÌMLŽLÎLLÍŒMMMÌLÍÎNLÌŒM‹ÌŒKLÌËŽLMÍMLÌMÌMÌËŒMŒŽLÌMÎLÍKŽNÌŒÍMÌMLŒMÎNNMLMÎLNËŒÌNMŒMŒÌŒÌÍŒMÍÎMÌÍÌÍÍLÌÂŒM‹ÌŒKLÍŽLÍÍMLLLLLMKŒLÌLNŽŽŽNLŽLÌŒLÌMŽKŒMÍLŒÍÌÌMŽLLÎŒÎŒÌÍÍŒÍŽÍL‹ŒLŒÍÍÌLŒLNLÍMMŒM‹ÌŒKLÍKŽNNLÍŽÎMÌÌ‹ŒMÍMŒMŽLMMŽKŽNLÍNLŒÌÌ‹ŒMMÍLMÌLLMËŒMÌÍÌLNMÎŒLÌNŒMMMMMBŒM‹ÌŒKLÍ‹ŽMNMNMMLÎÌKŒMÍÎŒMÍÌMŒLMKŽNMÎLŒÌÍLLÍMŒMMMMÍNMMMÍËŒMŒLÌŽÎŒLÍÎŽÍLNLÌÌŒÂŒM‹ÌŒKLÍËŽLÌÌÎŽNNŽŒMMMŽMÎLŒÌÎŽNÍÎLMÍNLËŒLŒMÍMNŒÌÌÎÍMŒMMÍËŒLÎÍŒÌŒNÍŒÍMM‚ŒM‹ÌŒKLÎŽMŽMÍŒÌLÌŒÌMŽKŒMLÎLŒLÍNÍLÍÍŽNÌLMLŽNNNLKŒLÍŒNNMÍÍNMŒÎMMŽLMÌÌ‹ŒLÌMLŒÍŒMÂŒM‹ÌŒKLÎKŽMLMNLŽLÌÍËŒLŒLŒŽLÍÍML‹ŽNŽLÌÍŒÎLL‹ŒLŒÍÍLNNLMŒÌËŒMMÌÍÎŽNN‹ŒLŽÍÌMÍŽMMÎBŒM‹ÌŒKLŽMÍNÍLLMŒKŒLÌÌÌMÎLMNLKŽNÍÎLNLNMLKŒLŽÍLÍŽLŽNMÌËŒÎLÎNÌMKŒLÌÌLÎLNMÍŽÍ‚ŒM‹ÌŒKLKŽLÌÍÍŽÌÎMÍÍKŒLNLÎMÌÍMMÌŒLM‹ŽNÌŒLMLŒŒŒÌNŽLÍŒÍŒLMMÍÌLÍLLŒÌ‹ŒLŽNNMÍŒNŒM‹ÌŒKL‹ŽLÍÎLÍÍMÌÌMŒ‹ŒMNNLÌÍLNŒÍŽÍKŽMÎNMÌLLÍÌŽ‹ŒLMŒMÍLŽLÎŒMLÎŒÌMKŒMÌÌMÍŽLÌÎŒM‹ÌŒKLËŽMMÎMLŒŒMÍËŒMŒŒÍÍŒNKŽMÍÎLŽÌNLÍŒÌŒLËŒLLLMŒÎMÎËŒÍÎMÍŒÌÍNMŒMMNMNMM‚ŒM‹ÌŒKLŽMÍŒŒŽNLLÍŽŽŒLLLMÍÍLMMËŽNMÌŒNNŒÌÍŒÍÌMLLMÌLLËŒÎŒŽÎMÍMMKŒLMŒLMÍMÌBŒM‹ÌŒKLKŽMÍLÍÍÌMMŒLLÌŒLŒLŒÌŒMMÍÎŒNKŽNLÍLŽLÍKŒÍÌLLŒŒŒLÍÍLËŒÍLÌLÌŒÌÌLŒŽŒLMMMLNÎMLÎM‚ŒM‹ÌŒKL‹ŽMÍŽÌÎNLÌŽŽKŒMMÌNNLÌÍ‹ŽNNŒLLMÍŒÎŒÍŒLŒÌÍMNËŒNMÌMMŒMLÌÎMÎMŽŒLŽLÍMÍÌÍÌMMMNBŒM‹ÌŒKLËŽLÍMÌÍÍÌÌÎ‹ŒLŽŽMLÍÍMLMMÎŽNMÍŒNNNKŒŽLŒÍÍMŒKŒŽÍLŒŒÍLMŒ‹ŒLŽLŒNNLLLLÂŒM‹ÌŒKLŽLÍÍŒÌLÌŒLMŒM‹ŒMNMMMÎÌMLÌ‹ŽMÎÎLLŒ‹ŒLŽLNŒÍÍLËŒÎNLŒLŒMÎNLÌ‹ŒMŒÌÍÌMÍLLÍŒM‹ÌŒKLKŽMÌMŒÍÎÍLÌMŒ‹ŒLÍŽMÍÍMŽLÎŽNŒLŒÌLMÎLÎNKŒÌÌLÌÍŽŒŒÌŽNLŒÌMLŒMŽKŒLÌLÎLÍMMÍÌ‚ŒM‹ÌŒKLLŽMŒMMÍLMŒÎLKŒMŒNNLÍNLÎMKŽNÍÌŒÎÎŒÌÌÌÎMLMŽLÎKŒLLÍÍMŒÎKŒLÍÍŒÎNLŒMBŒM‹ÌŒKLLKŽLŒÎÌÌLÌÍNËŒMLÍÍMÎLMKŽNÌLÌÍÍÍÌÌÍKŒLNLMŽMMŽMMÎŒŒËŒMÍÍŒMLMMŒLÌŽMNLÎŒM‹ÌŒKLL‹ŽMMŽMLŒŒLŒN‹ŒMMÍLLLMŒŒÌM‹ŽNMMŽLLMÍMËŒÍNMÍÌÌNLÌLLKŒŽLNŒNNNNÍÍM‹ŒLÎLÍÍŒLMMŒŒÌÂŒM‹ÌŒKLLËŽMÍÍÍŒMÎLLÍ‹ŒMÍLÍÍMKŽMÍÌÌLÌMÌŒ‹ŒLÌLLÌŒLŽMÎNŒNNNÍLLÌŒËŒMŒŽMÎŒÌÎLMÂŒM‹ÌŒKLMŽLMŒMNNŒÍLMKŒLMÍNMMLL‹ŽNÌÌÎNLLŽLKŒLŽLÍÍLÎMKŒÍÍÍMLNLÎMÌLKŒLŒLMLLÌLÎMMÌÎMÂŒM‹ÌŒKLMKŽMÌNLÌÍÌMÍŽMŒKŒLÌÎMÍNLNMŽŽNŒŒMLÎNMÌ‹ŒMÌÎMLŒNNNNŒŽŒÌÍÍÎLŒŒÍKŒLÎLÎMÍŒŽNMÂŒM‹ÌŒKLM‹ŽMŽLLMÌÌËŒLLÍŽMŒMÍÍÍÍÎM‹ŽNŒÎMÌLŽLŒMŒÍŽŽLŽMÍÍLLÍ‹ŒÍŒŒÌŒLÌMMŽMŒLMŒÍÌÎÎLMŽÂŒM‹ÌŒKLMËŽLÎNŒLÌŒËŒNŒŒÌÎNNLÍŽMÍMMÌÎNLŒÌLËŒLLLNMŽMÎÍÍKŒLÌŽMÌMÎŒKŒMÎŽŽÍMMÍBŒM‹ÌŒKLNŽNNNÎLNMKŒMÍNÍŽŒŒNMŽMÎÍÍLNNMÍÍŒËŒLÍÍŽÍÌÌL‹ŒÌMMŽŒNMLMËŒMLNÌŽNLÌLÂŒM‹ÌŒKLNKŽLŽNLÍŒLŒNNLÎKŒLŒŒLNMMŒÍLÌËŽNNMŒMLÍNÌŒÍÎÍÎMŽŒLÌKŒŽMÌMŽŒLÍÌËŒMÌŽNNÎLBŒM‹ÌŒKŒŽNŒÍÎLMLÌÍŽKŒÌMÍÌLNNLKŽNMMLÌÎMÍŽLÌLM‹ŒÎLÍMŽNMNŒMÌŒÌÍÌÌMMÌËŒÌLÌŒÌÍÌÍŒÌÌÌ‚ŒM‹ÌŒKŒKŽMÍÌMÎŽLÍÍÌKŒŒLÍNMLLNÍŽNM‹ŽNMŒÌÌÌÌŒNLÍŽLÍMŽŒMÎLÎMŒÌNLŒNLŽŽÍÌMÍNMÂŒM‹ÌŒKŒ‹ŽNÍMŽMNMÍKŒLÌÎLMÌMÌÎŽNMŽMNLNMÎMÎKŒÎNLNLŒÍNNMMËŒLÍÌŽNLÎÌÍÍŒ‹ŒNMÍLŒÍÍÎBŒM‹ÌŒKŒËŽNÍMÌŒÌÌÍ‹ŒÍÌÎŒŒŽNÍÍÌÌMŽNMMMŒÍLLLMŒÌNÍNMMÎNLKŒŽLÌLŽNÍŽNŒÌÍÍÎÎŒÌMBŒM‹ÌŒKŒŽNMNÌNMMŽMNM‹ŒÌNMLNMÌŽNMMÎLŽNÍLÎKŒLÍMŒÎMLŒÎMŒÍKŒŒMÌLŽLMÌŽMŒMÌŒÍÌËŒNLLMÎMLŽMÍBŒM‹ÌŒKŒKŽNLŽNMMŽMMËŒMÎÍÍLMM‹ŽNMŒLŒŒŒLNÌËŒÌÍÌŽNLNLKŒMÍNMNLŽMÌLŒÎËŒNNŒÌMÌÍÂŒM‹ÌŒKŒ‹KŒLLMLLŒMÌÍÍ‹ŒŽMÍMLMNMÍMNŽNMŒŒÎLÍŽMŒŒÌÍŒÌÌLÌMÍÎMŒŒÎLÍÌŒÌÍÍŒLËŒŽMMÌLMÌŒŽMLÍ‚ŒM‹ÌŒKŒËŽNÌÌŒŽMŒMÎ‹ŒMMŒÍMNMÌÍÍLËŽNMMLLŒMLËŒMLÍMÍÎLMKŒMLMLŒŒŒÍKŒMÍLMÎNBŒM‹ÌŒKŒŽMÍÌÍŽLÎLLŽŒKŒMÍŽLÌNÌLKŽNMÍÌLŒMMÎËŒŒMÌŒŒŒMM‹ŒNNŒŒLŒŽLÌËŒŒMŒMNLŒLMÂŒM‹ÌŒKŒKŽNMÎLŒLNÌNMÌÌ‹ŒLMMÌÌÌMMŒKŽNMŒMLNŒKŒŒŒMMŒLNLMMÍNŒLÍLŒÍÌNÌŒŒÍÌŒŒLNLÍÂŒM‹ÌŒKŒLŽNLŒŒŽMŒŽKŒÍLÍÎNLÌÍÎÎMÎŽNMMÌMŽÎLŒŒÌ‹ŒŒÎLLÍÌŒËŒMŒMÍŽNLŒMNMMÌL‹ŒÍÌÍLŽNL‚ŒM‹ÌŒKŒLKŽNLNMÎLLMŒÌNLNLMMŒŒÌLŒKŽNMLÍÎLMÌLŽKŒŒŽLÎLLŽÌŒŒŒŽNLŒÍNMKŒÌNMMLÍLNÌ‚ŒM‹ÌŒKŒL‹ŽNMÎLŒŽLÍÌÎKŒŒNÌLÌÌÍLMŽNMÍŒNL‹ŒŒÎMMÌÍÌNMKŒŒÌŽÌMÌÍŒMŽÌËŒNÌÍÌLLNLŒBŒM‹ÌŒKŒLËŽNMÎMŒNNŒŒMÎLLLÍNŽNMMÎMŽLÍLŒLÍŒNMNLŒÍŒÍÌŒÍŒMÍÌLMMŒLLNÌKŒÌLŒÍŽÍMÍÍŒÍŒM‹ÌŒKŒMŽNÌÍŒMÍŽMÌ‹ŒLLMLŽMŒÍÎLÍŽNMÌÍNLMÍKŒÍMŒŒLÌMÍNLMLMKŒNNLLMMMŒLKŒMŒLÌŒÍNNMŒÎMBŒM‹ÌŒKŒMKKŒMŒLLLMMNNLŒËŒÍNŽLÌKŽNMŒMLLŒŒŒMMŒNÌÎMÍŽKŒŒLMŒMLMÌÌŽŒLËŒÎMMLŒLÌŽŒŒÂŒM‹ÌŒKŒM‹ŽNŒÌLLÍŒMMŒÌLLŽNMŒŒÎMÍLŒLMÌ‹ŒLMŒŒÍÍLNŒMNNLMÍÍMÎŒŒÌÌÌÌMMMŒLŒŒŒM‹ÌŒKŒMËŽNLÌÎŒÍÍM‹ŒÍLÌŽMLÌÌMÌMKŽNMLÌŒÌÎMÍŒMÍMMÎNMLLÌŒM‹ŒŒMLMÍMLÍLÍŒÍŽLŽMŒ‚ŒM‹ÌŒKŒNŽNLLÍÍMÎMKŒMMÌÍMLMÎLŽKŽNMNÍNLLMÍŽLÎŒMŒŽLÍLMÍLÌML‹ŒMLÍNMŽNÎŒŒLŽMŽMLŒÌBŒM‹ÌŒKŒNKKŒMÌÌŒŽNLMÍÌMLÍKŒÎLÌMNÌŒLÎNÍKŽNMŽMLŒÌÍÍKŒLLÍMÍMŒÌÍŽMÎNNÎLÌËŒÌNLÎNMMLÎÎŒM‹ÌŒKŒŒŽNNLÍÎLLLŒMŒÌ‹ŒÌMMMNNLLŒŒËŽNMŒLMÍNMLLL‹ŒLÍÎMÌÌÍNMLLMKŒMÌÎMMMMML‹ŒÌNÌLÎLLLÌLÂŒM‹ÌŒKŒŒKŽNÎLŒÌÌÌLŒËŒÌLNLMŒLKŽNMÍŒLNLLÎŽKŒNNMÎNÍL‹ŒLLÍLÎMŒMMKŒŒŒÎMMŽNMÍÌ‚ŒM‹ÌŒKŒŒ‹ŽMLÎŒŒMNMÎLLNŒŽÍÌÎLLMŒÍKŽNMMMŒÍMÍ‹ŒÍÌMÎÌNMÌŒÌŒLMLÌŽLÍÍÌMKŒŒÍMLLÍÌŒM‹ÌŒKŒŒËŽNMÍËŒŒÌÍŽNÍÍŒKŽNMMÌŒÍNŒLÌŽŒŒMŒÌÎŽMMLM‹ŒŒŒÎMÌŽMÎMÌMKŒÌÎNÍÍŒNLLÍBŒM‹ÌŒKŒŽNLÎÎMÌŒÌŒNÍŒLŽLÌÍÌMMÍŽNMNNMŽMKŒŒŒMÍÌŽMLMÌËŒŒÎLÍNŒŒÍŒ‹ŒNÌÌNÌŒÍ‚ŒM‹ÌŒKŒKŽMÌÍÍŒŒŒŒŒLKŒÌÎLÌNMŒŒŒŒŒLŒKŽNMŒLNLMÌÌMNLM‹ŒLLŒÎMŒLMÌŒKŒŽMNŽMÍÍŒNL‹ŒÌMLLÍLÌÌLBŒM‹ÌŒKŒ‹ŽNŽÌŽŽMLŒŒMŒLÍŽÍLLMÍMËŽNMNÍLÌÍŒÌËŒMŒÍMŒŒŒÎŒLKŒMÎÍŒMÌŒNÍËŒÎMNŒ‚ŒM‹ÌŒKŒËKŒÌÍÌÍŽMÍÍÌÎLÌ‹ŒŒÌŽMLÍŒŒMMŽLËŽNMMÍLLMÌÍŒŒLŒMŽNLLNŒMŒLLMŽLNLÌÍŒŽMŒMÍŽLŽÍÍBŒM‹ÌŒKŒŽŽNMMŽNLLNÍLMKŒÍÌŒÌMLŒNÍŽNMLŒMŒÌMLÌŽLMMÎŒLLMŽNMŒŒMÌLÌÌŽÎŒ‹ŒMMMMŽLMÍŽ‚ŒM‹ÌŒKŒŽKŽNNMMÌÍMNMŽKŒÌŒLMÍLÌŒÍŒÎLM‹ŽNMŒNMÍÍNLMËŒŽÎMÌMLÍŒÌËŒÍŒŒÌLNLŒLŒLËŒÎÍÍÎMÎLLÂŒM‹ÌŒKŒÌŽMÍMLŒNMŒL‹ŒŽLMMÍNMM‹ŽNMMÍLŒNLMËŒŒMMLNLÍNÌÍLL‹ŒŽLÌÎLÍNŒÎMÍŽŒÌLMÌMÌŒM‹ÌŒKŒÌKŽNMŒŽMLÎMÍŒŒŽNMŒLLÌÍŽ‹ŽNMNMŽMŒÌM‹ŒMÍMMŽNLÌÍNËŒŒNNŒŽMÌŽMLËŒŒÎMMÍÍŒÍMÍ‚ŒM‹ÌŒKŒÌ‹ŽNÌŒLLŒÍÌŒÎNKŒÍÍŒŒÎLŒÎÎLËŽNMLÌŒNNMÎKŒÍÌMÌÎLMÍNÍKŒMŽMŽMŒÍÎMÌNËŒÌÌLMLÌÂŒM‹ÌŒKŒÌËKŒŒŒMŒÎŽMŒŽMŽLLŽNÍÌÍ‹ŽNMŒŽLMŽÌŽL‹ŒÌÍŽLMÌŽLËŒŒÎÎLÌÍÎÌÍLNŒŽNÍÍÌÌNLÂŒM‹ÌŒKŒÍŽNÎMŒŒÍMŒŒNLÍŒKŒŽÍŒMMÍÍÍËŽNMNÌLÎÌNLŽMËŒMMŒÌŒŒÍÎNŒŒŒÌÍLÍŒÌLÍŒÌMŽNMŒÍMŒMLMŒBŒM‹ÌŒKŒÍKŽNMMNLMŒNŽLÍLMÎMNNKŽNMŽMLÌMÍNNKŒÎMMÌÍÎÍLMŒNMŒÌLŒLŽMÌËŒMÌMÌMŽÎÍ‚ŒM‹ÌŒKŒÍ‹ŽNNNLMLŽMKŒNNÎMNNÎŒŽLŽMŽNMŒŒMMNLMNKŒÎÎÌŽLÍ‹ŒNMMÌÎŒÍÍÌËŒŒLÌÍŒMÍŽLÌŽŒM‹ÌŒKŒÍËŽNMŒŒNLÎMMÎÎKŒŒÎŽLÌÎMNM‹ŽNMNŒŽLÌMMÎËŒMÌMLÌNÌÍŒKŒÌÍŽLLLMÎLŒŒËŒŒÌNMÌÌMŽLŒ‚ŒM‹ÌŒKŒÎKŒLÍŒNÌMŒMKŒŒÍÍÌÍÍMÍÌMŽNMÍÍÌÌMÌÌŒËŒMMMŒÎÎMMÌMKŒLÌÍŽNÌLÎÎŒŒÌÌŽMLMNÌLM‚ŒM‹ÌŒKŒÎKŽMÌMMŒMŒLÍL‹ŒÌÎMÍNMLMÌLMM‹ŽNMŒŒLMÎÍLMŽŒÍÍÍŒLÍÎMŒMLŒŒÎÌÌÍLÌÍLLLÍKŒÌŒÎMÍNMÌÌ‚ŒM‹ÌŒKŒŽMÌÍÌÍÌÎMKŒÌÍMŒŒÍÍNKŽNMLMLNLÍLLNKŒMMÌMNLŒMÌ‹ŒŽLÍÍMMMŒNLÌËŒÍMÎÍLLMÌNNŒM‹ÌŒKŒKKŒLŽLMKŒNLMŽMÍÎMMLÍŽNMŒŽLŒŒÍMLLKŒÌMŽLMŒMLLÍÌMÍKŒŒŒŽNLNMÎNNMM‚ŒM‹ÌŒKŒ‹ŽMÌŽLŽLLÌLÎNLÍŒÌMŽLŒŽKŽNMMMMÎÎMÍŽ‹ŒÍŽNLMŽMNMMŒÌÎŒMÍÍÍŽNNŽŒ‹ŒÌLÌLMLŽNŒM‹ÌŒKŒËŽMÍŽÎLMLÌÌËŒNNLNNMÍNMLŒÍMŒËŽNMŒMÍNLÍÌÌŽMŽŒÍÌÍŽLKŒŒNÌMMNÍÍŒŒMÍŒLŽŒŒÍMMŒM‹ÌŒKŒŽMÎNŒŒLŒÍŽMËŒŽMMŒLMÌMŒŽNMMMÎMÌLMÍÌÍ‹ŒÌLŒÎMÌMLM‹ŒLÎMŒLMLŒŒKŒŽLMŒÎŽNÍMÂŒM‹ÌŒKŒKŽNŒŒNÌŒÍÍMLÍŽNŒMŒMŒMMŽNLNŽNMŽÍÍÌÌNŒKŒÌNNLÎŽMÍŒLLÎLÍMNMLM‹ŒMMÍMŒMÌMLÍ‚ŒM‹ÌŒKŒ‹ŽMMŒMLMM‹ŒŒMŒÍÍLŒÎLLMMKŽNMMNÍÌÍMÌMŒLÍM‹ŒŽMŽMMŒŽNKŒŒŒLLÎMÌŒMMËŒÍÌÍNLLMNM‚ŒM‹ÌŒKŒËŽNNÌÌÍLÌŒLKŒŒLÍLŽLMNÍLÍKŽNMŒÌMLLŒLMMN‹ŒŽLŒÍŒÍŒÎÍ‹ŒMŒŒŒŒÍŒÍMŒMŒŒ‹ŒŒÌMMŒLNMLÌÂŒM‹ÌŒKŒŽMMÍNNMÌMKŒLÍÎNNNMÎM‹ŽNMLLMNLŽÌNMMËŒMMŽMNLLÌŒÎKŒMLMŽNLNÍÍMŒŒÍNÍMŽLŒLŒMŒM‹ÌŒKŒKŽNLÎMŒÍMŽKŒŒÌÌLŒÌMMŽKŽNMŒNMÌMÍMŽKŒNŒÍLMÌKŒÌÌNÎNMLÌÍ‹ŒMNLLŒMLLLMLŒBŒM‹ÌŒKŒLKŒŒÎÌÌLMÌMMÌŒMËŒŒMŒNÍŒŽMÌŽKŽNMŒŒÌÎMŒÎMËŒÌÎMŒMLŽŒŒMMËŒNNMÌMÍÍLÌÌŒÍKŒLŽMÌNLÍÍMŒM‹ÌŒKŒLKŽNLÌŽÍÍLÌNMKŒŒLÌMLŒŽNMNLŽNMMÌŒ‹ŒLLŒLÍLÍNMŒMÌMŒŽNŽLŒËŒÌLŒLNMLÍÍÌBŒM‹ÌŒKŒL‹ŽMÌÍŒŽŒNLÍLÍËŒÌÌÌŒLMMÌÎNKŽNMŒÌŒLŒMLÍ‹ŒÌMÌŒÍÌÌÍÌÎMËŒŒÎLÍLNLÌŒLËŒŒÎMLMŽLNBŒM‹ÌŒKŒLËŽMÎŒÌÌÍŽÍLKŒÍLŒLŒÍMMNKŽNMŒMMMNLÌÎKŒÎÍÍLÌMMÌŒŽMÎÌÎÍŽMNLËŒÍÌŒLÌŒÍMMBŒM‹ÌŒKŒMKŒÍMŒNLMŒÍÌMËŒLŒMŒMŒLÍÌÌNŽNMŒÍMÌÎNÌÍŒMËŒÌÌMLÍLMLLŽMŒMLŒMŽLLÌŽMMMÌKŒŒÎÌÌÎŒÌŽŒM‹ÌŒKŒMKŽMNLMŽMLMŽM‹ŒŒÎMŽÍŽNMËŽNMMMŒMMLÎMMŒÍÌMMÍŽÍNMŒÍMÌÌLÍŒŽÍÌÎMÌLMÍNBŒM‹ÌŒKŒM‹ŽNMÍMÍÌÌÍNLKŒÌNMÌMNNŽLM‹ŽNMMÎMŒÍLÎMŒŽËŒNMÍÎÎKŒLLMLMMÌŽNMÎMÌËŒÍLŒMLŒÍŽŽŽÍ‚ŒM‹ÌŒKŒMËŽNÎLLLNNLÌNŒÍMŒLMMNÍËŽNMŒLÌLÎLŽLËŒMÍLÌÍLMËŒLLÍÎMŒÎL‹ŒÍMMŒŒMŽNLÎMÍ‚ŒM‹ÌŒKŒNKŒMÌMŒLMLKŒŽMNÌÍÍMÎL‹ŽNMLNLNÍŽKŒLLÍÎÎMLŒŒÎŒNLÎLLŒÌŒLÌËŒÌÌNÌLŽBŒM‹ÌŒKŒNKKŒMÌŽLNLÍLL‹ŒMŽMÍÍÌNLMËŽNMNMÍÌŒLLMKŒLMLMÎLÌMÌ‹ŒÌŽŽLNNÍLËŒMNMLNLNM‚ŒM‹ÌŒKŒŒKŒÍÍLLŒNNÌKŒLÎNNMMÌŒŽLŒËŽNMÎÍMNMÍÍŒÍÍËŒLŒNMÍŒŒËŒLMÎLLLÌ‹ŒMŒÌLÎLMŽÎÂŒM‹ÌŒKŒŒKŽMÌŒMÌLŽËŒLLÌMLŒŒŒŒLNKŽNMLMÌMMŽMÍÍÌÌŽŒLLÍŒÌNÌÌŒMŒÌŒÎMÌŒŒMŒLÍ‹ŒÍŽÍŒÌÌLÌMŽNBŒM‹ÌŒKŒŒ‹ŽNÎMNLLÌKŒÍÎŒŒMMÌŒMËŽNMŒLÌŽMŒLMMÎNNNM‹ŒŒLMÌLÍLMÌLŒ‹ŒÌÍMMMNBŒM‹ÌŒKŒŒËŽNLLNMŒÍÌÌÌŒŒNMLMÌLÌÎÍËŽNMMÍŽNŒÍMËŒLÍÌŒŒMMMLÎËŒNNÎŒŽMKŒNŽMNÎŒÍMÂŒM‹ÌŒKŒŽNLÍMLÎLÌLLËŒNMLLLÍNLÍÍLMŽNMNLLMÌMNŒKŒLŒNNMMLMKŒMMÍMÎLÍŒLŒÌŒŒŒMÌMMNNNMBŒM‹ÌŒKŒKŽNÌÍLLMÍÌŒŽÌKŒŒÌŒÌLKŽNMŽÍNLŽMËŒLŒLÎLLNÍ‹ŒMŒNÍŒÎN‹ŒNLMLÌŽLL‚ŒM‹ÌŒKŒ‹ŽMÍMÍŒŒÌMLLM‹ŒŽLLÍÌÌMKŽNMMŒŽŒLŽÍËŒÍLMMÌÌÌÍNËŒNLÌÍMMÍNLŒLLKŒÌLÌMÌMNLÂŒM‹ÌŒKŒËŽNŽMLMMLM‹ŒNLMLLNÎŽLÍŽNMÌŒŽŒŒŒÍÍÎŒÎMŒMŽËŒLŒNMÍŒLÌËŒLŽMŽNNLŒŽÌÍŒM‹ÌŒKŒŽŽNÌNNMŽLKŒMÍLÌÌŒLNLŽKŽNMÍÍÌÍÍÌÎÍÍŒMLLNŽŽMLÎŒMMÌÍLÍNMŒŒŽŒNNLMNMMŒÍÌLBŒM‹ÌŒKŒŽKKŒŒLŽÍMÎMKŒÍÍLÌŽÌLLŒËŽNMLÌŒNLÌÍŒŽŒLLÌLLŽMÎMŒŒÌÎMMLKŒÌLLMÍLÍÍÍÍMŒM‚ŒM‹ÌŒKŒÌKŒŒLNŒÌÍŽMËŒÌÍŽMMLNŽKŽNMLÎLÎMÌNL‹ŒLÍMMLÌŒŒŒËŒŒÍÎLLŽÎÍLŒÌLMŽLLLÌŒLÌBŒM‹ÌŒKŒÌKKŒÎÎNNÍÍÎKŒLÍNLŒLÍLŽLŒKŽNMŽLÍŽLÌMÍŒÎMLÎŒNŒLÌKŒŒŒNLŽÍÎLÌLLŒML‹ŒMMŽÍŒMNNÂŒM‹ÌŒKŒÌ‹ŽNNŒMMMNLMÌM‹ŒÍÌÍLLÍL‹ŽNMŒLÍMŽNNNNKŒŒLŽMŒÌNNNŒŒŒLÍÎÍŽMLKŒÌÍŒLLÌMÌNŒMÎŒM‹ÌŒKŒÌËŽNLLÎMLÎMŒMŒŒŒÍÍNÎ‹ŽNMŒMÍŽMNMM‹ŒŒMŽMLÌMÍŒMÍLÍMÌNÍÍŒMÍ‹ŒMNŒNMNLÎLÌÎŒM‹ÌŒKŒÍŽMÍNMŒÍÌMLÌLMLKŒÍÍÍMLMLLLMÎÎNŽNMNMŽÌŒLŽMÍÎMÍMÌÍÍŒMÍMÌLMMÌM‹ŒÌMLLŽNMŒM‹ÌŒKŒÍKŽNMÍŽMŒŽMMÌ‹ŒÎŒNMÎMÎNÍŽNMMÎNMÎNÌL‹ŒÎLÍÍŒÎŒLÍLŒËŒŒLLŒŒŒŽÌMËŒÌMMÍMŽMŒÌŒBŒM‹ÌŒKŒÍ‹ŽNMÌŽLŒMLMKŒLÍŒÌMŒNŽÍŒŽNMŽLÌÍŽÎÎKŒÎLNMNÍŽŽMÍNKŒMÌNMŽŒLKŒMÌÍŒÌMŽÌBŒM‹ÌŒKŒÍËKŒŒÎMÌŽŒÍÍÍÌKŒŒÌNMLÌÌŒÍÌËŽNMLÌLÍÍMNKŒNLŒŒLÎMNLLKŒÍLMÍÍMLÌMŽŒŽNÍŒMÍŒMMŒÍL‚ŒM‹ÌŒKŒÎKŒMÍŒLMŒŽŒŒŒŒMLLŒŽMŽNMŽMÌLMNMŒÎKŒÎNLŽLŒMÌMLÍŒ‹ŒMMMMÎLÌŒNM‹ŒMÎNŒŒMŒÍÍLLÂŒM‹ÌŒKŒÎKŽMÍMŒMLŒÌLÍËŒLMÌÍMLMŽKŽNMÌÍŒMÌMMKŒÍŒŽLÌMÍÌMLÌM‹ŒMÌMÌŽMÌNLÌËŒLMŽLÌMÌMÍNNMMŒM‹ÌŒKŒŽNLLÌŒŒNLÌNM‹ŒÌMŽLNŒMÍMMLÌKŽNMMÍÍNLNMËŒŒLMLÌŒÎMÎ‹ŒMŽŒÌÎMLNLNKŒÌŒÍŒŒNMMNMÌÂŒM‹ÌŒKŒKŽNÌLLLMÍMŽËŒŒÎÌŒŒMLÍLMËŽNMNÌÍÎMNŒMÍÎMÍKŒNÌNMMŒÎLNÌL‹ŒNNLÎMÍMÂŒM‹ÌŒKŒ‹ŽNMLÍÌŒÍLŽMËŒÌŒMÌNMNMÌŒÎMËŽNMNLMMÎLMËŒLLÍMLÌÍÍLÌŒÌLŽMLŒŒLÍMŒÍŒŒÍNMMNNMÎNLÂŒM‹ÌŒKŒËŽNLMMÌMMM‹ŒNÌŒŽMLLÍŒ‹ŽNMMÌÍMŒLÌMŒMŒMLMÎMÍŒLNMÍÌÍKŒÍÍLMÎLÎMŒÍŒM‹ÌŒKŒKŒÍÌÎLŒLŒNLŒŽËŒÍMMLLËŽNMŒÌÌŒÌÍÍLŽNŒŽLÌLLMÌŒÍM‹ŒMMÌLLÎÍËŒŒNLÌMÎLNLLÌÂŒM‹ÌŒKŒKŽNMLLŒÌÌMŒ‹ŒŒŽMMNÎËŽNMNMŒMLNMËŒMLŽLÍÍMŒLËŒŽLÌÍMLŒLËŒŒMNNNLÌLNNÍBŒM‹ÌŒKŒ‹ŽNNŒÍMMLÎMÍ‹ŒLŒÍÎMLLÎMÌLÍŽNMÍMÎMÍLMŒŒMKŒÍÎÍNÍÌÌÌ‹ŒNLÌÌŒŒLÎMŒËŒMÌMÍNNMLÍÂŒM‹ÌŒKŒËŽNMŒŽMLŒËŒŒŒÌÌÌŒŽNMMŒŽM‹ŽNMŒÍÌŒŒMNŒŒNMÎMŒKŒMNMMŒÎMÍMLŒÌŒŒMÍMÍLBŒM‹ÌŒKŒŽNMMŽŒMMÍÍŒNMÍÌÍNNMLMMŒLËŽNMNLÍNNÌŒËŒLÌLŽÍÎNÌL‹ŒLÎÌLMÌMŒŒÎNLÌLNMŒÎLBŒM‹ÌŒKŒKKŒÎMÎMÍŽNKŒŒÎLÍNNŒÎKŽNMŽLÍŽNLMÍŽKŒÎLÍMÌNMŒŒŒŒNLŒŒÍÌÍLÌ‹ŒŒLÍÌMMNLÌMBŒM‹ÌŒKŒLŽNMÌÍÍLNNLÍMŒÌŒÍÍÍMÍÎÎL‹ŽNMMLNNLNMM‹ŒŒŒŒŒÍÎÌÌMŒMÍÌLLÎMLMŒÍÌLLÍŒMÍŒŒM‹ÌŒKŒLKŽMÎÌŒÌÍŽLÎMKŒÍNLLNŒÍŒNŽNMLLLÍÍMÍMÍKŒMLLMŒÍNŽLŒMÌÎNÍÍÌNMÌKŒÍŒÌLŽLÍMÍÌBŒM‹ÌŒKŒL‹ŽNLÎLŽNMLLÍŒLÍMNNMNÍLŒ‹ŽNMŒÍŒÌLÎÌŒËŒLŒÌMÍŒMÍÌKŒŒNMÎŒÌMÌ‹ŒNNLŒMÌMÍŒNŒM‹ÌŒKŒLËŽMÎMÌÌŒŒÌLLÎNMËŒÌŒÍNMMMŒNŽNMLŽMLŒMÌŒ‹ŒLLŽMÎÍŒÍÍM‹ŒNÍÎŽŽKŒÎŒMLŽŒM‹ÌŒKŒMŽNLÎÌŽLÌÍLÍLNKŒŒÍNÍÌLÌÌNML‹ŽNMŒŒNLLŒÍMÍÎLNŽM‹ŒLÎLLÍŽMÌLŽLŒNÌÎLMNMBŒM‹ÌŒKŒMKŽMÎÎNLŽLÍNLÎNŒŽNLLNMŽÍÌÌÌËŽNMMÎLMŒŒLNŒÍÍLÍÍŒNMMLÎŒNLŽLŒMMMKŒNÍÌLŽLŽM‚ŒM‹ÌŒKŒM‹ŽMÌŒMÌÌÍÍLNMŒŒÌŽMMMNNKŽNMMNNÍÌÌÍÌÎLKŒÎMÎMŒÍŽMM‹ŒMÍNLÍLŽMÎLÍMŒÌNLLMÍMÌÍÌÌBŒM‹ÌŒKŒMËŽMÍLLŒMŒŒÍÍM‹ŒMÌLNLÌMLMLKŽNMLMMMŒMŒNNÍKŒMLŒNLŒLÍÍÍKŒŒŽŒMŒŒMÌÌÌMËŒÍÍŒŒMMNMÌM‚ŒM‹ÌŒKŒNŽNMÎŽLÌMËŒŒÍÌŒÍNMMMŽNMNNLLŒÎLL‹ŒÍŒÍÍLŒŒŒMÎ‹ŒMMMÌMŽLÍŒŒLLLMËŒŒŽŒŒNNLMNMBŒM‹ÌŒKŒNKŽNMŒŽMÌÎËŒŽMÎŒÍŽÍMŒMLKŽNMMMÍŽMNÍÎËŒMLÌÌÌÍMŒKŒMÍMLMŒMNŒKŒŒÌLLMÎMÌÎNNŒM‹ÌŒKLKŒÎMÍÌMÌÍNLŽM‹ŒŽMLÌMŒNLÎLKŽNNLŒMMLÎMŒKŒNNMÍÌÌÍLLÌÍŒM‹ŒLLÎLLÎNKŒÌŒMLÌMÍŽLLÂŒM‹ÌŒKLKŽNLÍÍÎLMÎMŒÌÍÌMLÎMLŒLKŽNNLLMÌÍÍÍÍŒŒLÎMMLLÍMLNL‹ŒMŒŒÌÍNLMÍŒÌÎNNLÌNLŒŒÍ‚ŒM‹ÌŒKL‹ŽNMÌMNLŒLÍÎ‹ŒŒÍLŒÍLÍMNLŒL‹ŽNNLÍÍŒÌÍMKŒMÍNÍMÍLNMÍMÍŒLMŒÌŒŒŽKŒÌŒÌÍÍMMBŒM‹ÌŒKLËKŒMÍÎMŽLŽŒÍLLÎÌŽÍKŽNNLMÍMLLLËŒŒÌMÌŒÌŽMMÎËŒLÎNLLŒMMÍŒÌËŒÌŒMÌÌÎMŒBŒM‹ÌŒKLŽNMŒŽMÍÌÍÍÎŒŽLÍMMŒÍÌÍLËŽNNLÌŽMÎNNMÌËŒNÌNŒŽÎMŒLŽLÍÌMŒÎMMKŒNMÎLÍMMÌMMÂŒM‹ÌŒKLKKŒŒNMÍ‹ŒŒÌÍÌMŒNLLÌLKŽNNLŽÍŒMŒLLLÍL‹ŒNLLŒLMÌLÍMŒLNMŒNÌÌŽLKŒÍÌLÎÍÌŽLLLÍŒM‹ÌŒKL‹ŽNNMMÍŽNNKŒÌÍLÎMMŒMŽLŒKŽNNLÍMŽLNÍMMŒŒNMÍLÌÍŒÍŒŒMÌŒÎLMMŒÌMNLLMÍŒËŒÌMŒMÌŽLÍ‚ŒM‹ÌŒKLËKŒLŽLMŽNMKŒÌLÌÎNLÌNMMMÌMŒËŽNNLŽLŽMŒËŒNLMLLŒÍLNÍL‹ŒÍŒÎNLLŒÎŒŒ‹ŒÎÎÌŽÎNLŒM‹ÌŒKLŽNÌNNMÎLNNŒÌÌŒŽNÎŒLMËŽNNLÌLÌÌÌÌÎLKŒNLŽLŽMLÎNLMŒLÍÍÎÎLLÌŒŽNNMÎMÍÌŒM‹ÌŒKLKKŒŒÎMMÍMŽMËŒŽÌÌLMNŒLŒÎKŽNNLÌÎLŒLLKŒNÌŒLÌÍÍŽÍMŒNŒÎMNLÍÌÌËŒŽMÌLLÍNMŽMÂŒM‹ÌŒKLLŽNLŒÍLMÎŒÌMKŒÍNNÍMŒŒŽKŽNNLLMŒNMMLLŒ‹ŒŒLŒMÌLMLÍLËŒMÌNNLNLŽMNŒÌMÌLŒNLMMŽŒM‹ÌŒKLLKKŒŒMMÌÍÍÍMÍŽMËŒŽÌŽŒLNM‹ŽNNLLMŒÌNLÌÌKŒŒLNMÌÌŒLÍÍLËŒLŒÍLÌMMÍL‹ŒŽÌÌÍÌÎLÎMŒLŽBŒM‹ÌŒKLL‹KŒÍLÌLLÎNMLKŒŽNLLLLŒŽM‹ŽNNLŒŽMMÍÎLÍŒNMŒŽMŒMÍŒMÌÌKŒŽMNMÍÍÌÌNŒŒNLÌÌMLÍÌMÍŒM‹ÌŒKLLËŽNÌLMŒLLŒÌŒLNNÍMMLÌËŽNNLŒŒÍÌÎNMŒLÍËŒNMÌLMLŒNKŒLŒLMÎLÍNLMNKŒÌŽÌŽMÍMÎMÍMMÌÂŒM‹ÌŒKLMKŒÌŒLÍÌŒLL‹ŒŒLMÌLÎMŽ‹ŽNNLNNMÍŒMM‹ŒŒÍÌŒŒÎLÍËŒÌŒLÍŽŒNŒŽMÌÍÌÍNLLÌÂŒM‹ÌŒKLMKKŒÌÌÌŒMÍÍËŒŽLÎMÌÎNLMÌÌ‹ŽNNLŒŒÎLŒŒÍÌLËŒNMÌÎMMMMÍÍÍŒÎMLLŒMNNM‹ŒÌLŽÎLŽŒM‹ÌŒKLM‹KŒŒÍMÌLMM‹ŒÌŽMÎMŒLL‹ŽNNLŒÍLŒMÍÍÍM‹ŒNMMŽLMŽMLNLKŒÌMLÍŽŽNLMŒÌMKŒŽMŒLÎNÍMÌMLBŒM‹ÌŒKLMËŽNMLÎÌLŒÌLÍLLLŒŽNNLMMLMŒÎŒŒŒÎMNLMŒMÌLKŒLÌÌÎLŒÎNLŽMNNKŒÌÍÎMÌÍÌÍLLŒŒM‹ÌŒKLNŽNMMMŒÍŒLÍNŒÌÍLÍÍMLŽNNKŽNNLŒŒÎNÌLÍLÌËŒNNMŽNNNŒNLLŽLËŒÍŒNÍÌŒLÍMËŒÌÍŽMÌLÍMNÎŒM‹ÌŒKLNKŽNNLÍLLŒLÍLÌ‹ŒÌNÍÍLŽMLŒÌÎŽNNLLÌLLNMÎMÍKŒŒNŒLÍÌŒNNŒMÌLÎMÌÍŒŒŒÍŒÌŒNLÌLÎLŒÍŽNLBŒM‹ÌŒKLŒKŒÌLMLMM‹ŒÌNLÎMLÎMÎŒÍLËŽNNLNMÍLMLŒNŒŒŽÌÍLŒMLMËŒLÌLMŒŒÍŽÌMKŒÌÌÌLŽMNLMLÍLMÂŒM‹ÌŒKLŒKŽNÎLÌLÌŒLMÌŒÎLËŒÌÍÍÌLMŽMKŽNNMLÌÎMMÌ‹ŒMMMÎLÌÍÌMŽÌNŒLLMÎMÌŒŒMŒMÌŒŒLLLÎÎŒM‹ÌŒKLŒ‹ŽNMÍÍÍŽMŒÌÎLÎMÎLMŒKŽNNLLLŒŒLŒÌÎNLLŽÍÍËŒMMLLŽMÎNLËŒŽÍNŒNNNMMŒM‹ÌŒKLŒËŽNMMMÌLŒÍÌŒMŽKŒÌMÍMLNNMMÌMËŽNNLÍÍÌLÌLÍËŒŒNLÍLLŒLÍÍÍÌËŒLLLŽMÌLMNKŒŽÍLLŒŽLÍŒŽM‚ŒM‹ÌŒKLŽNMŒMÍNMŒLŒLKŒÎMÌLŒŽLNŽNŒKŽNNLŒNŒÍLMŒËŒNMÍÌÎÌŒÍKŒMÌMŒÎLÎÌÍŒŽNLÌLÍMÌNLŒÂŒM‹ÌŒKLKŽNMMÌNMLÎŽNŒŒÎMÎÌMLÍMÌMÎŽNNLÌNMÌÌLÌMMÌKŒNÌMLÍŒLÍËŒLNMÌÍŽNNMMÍŽKŒŒÍMŒNLMNŒM‹ÌŒKL‹ŽNLŒÍÌŒÌŒNKŒLÍŒŒ‹ŽNNLŒNMMÍÍMŒNMÍMLÌŒŽNNMMMKŒNLNNLŽLŒMNÍKŒMÌNLLÍÎLLÎBŒM‹ÌŒKLËKŒŽNLÎNLÌKŒÎLŽMLŒÌMŒËŽNNLÎMŒLÍÍLËŒMÍÎLÍŒMŽLËŒLLÍŒŒŒÌŽ‹ŒŽMNLNLMLÂŒM‹ÌŒKLŽŽNLŒÌÎMÍLÍÌÍM‹ŒÌŒMŽLMLÍŒÎLÎNMŽNNLLÎLÌLLÎŒŒMÍŒLŒMLÎMÍLMËŒÍMÌÌŒMŽLÍÍKŒÌÌNMLMMMŒBŒM‹ÌŒKLŽKKŒMÎMÌŒKŒÍMŽLMÎNNMÍ‹ŽNNLÌÌLŒÌ‹ŒNMNÌNNÍŒÍËŒMÌŒÍŒŒKŒŽMNLŽŒŽÌŒŒM‹ÌŒKLÌŽNLÎÌŒMNLŒMŒÍMÎÍÎMŒMÍMLÎŽNNLÌLŒŒÌL‹ŒŒŒLLLŽÌŒLNMÍ‹ŒLLŽŽŒÌLÍNKŒÌMŒÌÎÎÌÎLÎŒM‹ÌŒKLÌKŽNMNNLÌÍÌŽLNM‹ŒŽLŽNNŽNLŒËŽNNLLMLÌÌMŽKŒŒLMÍÍÌÍÎKŒÍŽLLÌŽMŽNKŒÌLŒŒÌMLMŽLL‚ŒM‹ÌŒKLÌ‹ŽNLŒŽNLLŒNŽŒŽMÍÍŽNMÌËŽNNLNMMMÌÍËŒŒMÌLMÌÍŒMŽÌŽNÎÍ‹ŒMÌŒÌLŒMÎNLBŒM‹ÌŒKLÌËKŒŒÌÌÌŒŒL‹ŒÌMLNLÍNNŽNŽNNLLÍLŽLMMŽLËŒŒÍÎLŒLŒNŒNMÌNLLŽÍŒ‹ŒÌÌÌŽMLÌŽMMŒ‚ŒM‹ÌŒKLÍŽNNLLÌŽLŽÌÍŒŒNMMŽMNÎLŽNKŽNNLŒMÍŽNNLŒËŒNNLŽLÌŽLÍLLŽKŒŽÌÎMLNŒÎLÍËŒŽMLŒÎŒMÌŒLŽŽNMŒM‹ÌŒKLÍKKŒLMLÌNÌŽÎŒÍMŒÌNNŒLÍMŒŽNNLLÍŒÍMŒŒÍËŒŒÎNLÎMŒŽLŒM‹ŒÌŒŒNÍMÌLKŒÌÌŒMÍNLŒÍ‚ŒM‹ÌŒKLÍ‹KŒŒŒLÎNÍŒËŒŽNNMMMŽÍLNMMMŽNNLNNMNLLLMÍŒËŒŒLLLNNLLLMÌMŒÍÌÌMLŒLŽNÌLLËŒŽLÍÌÍLLMŽMNŒM‹ÌŒKLÍËŽNLMÍÌŒLÍMLÎËŒÌLÌLÍÌLŒLÍÌ‹ŽNNLLMŒÍLNNÌ‹ŒŒLMŽLNMMŒÌŽŒLÌÍŽLLŽÎNŒLËŒÌŒLLÌÍÍÌNMMÌÎŒM‹ÌŒKLÎKŒLÍNMMŽNNŒŽLLÌÍÍLÌÎNNËŽNNLÌŽNLÍLÍKŒNÌŽLÌŒÌÍÎŒŒŽMÌÌNLÌÌNNKŒŽLŒMLMÌÎŒM‹ÌŒKLÎKŽNMNMÍMÍNMŽLËŒŽMMÌNMMŽNŒKŽNNLŒMŒNMMÎLNŒNNMMLÍÍŒÎŒÌÎŒÌŒMŽLÌKŒÎMŒÍÍŒMÍ‚ŒM‹ÌŒKLŽNŒMÌÌLMŒÎŒLËŒÌŒŽNŽLÌLÌŒÍŽNNLÌMÎMLÍÎÌŽMŒNMÍŽLŽMLÌNMMÌMMŒNNNNMLÌÍKŒŽŒMÍNMM‚ŒM‹ÌŒKLKŽNMÍŒÌÎMMŒNKŒŽNLÍÌÍÍLŒL‹ŽNNLÌÍLŽLÌMNMËŒNŒMŒÎMMNMNÍKŒLNLÌÍÍŒMŒNNŒÍMMÌÎNLÌ‚ŒM‹ÌŒKL‹KŒÌMÎLÌMÍ‹ŒÌÍLÎNMŒLÍÍLM‹ŽNNLNMŒÌÎMÎNNŒŒÌNNMÍÌŽMLŒŽŒÌŒÍŒLLŒMMMŒÌLMMÍŒLNŽŒM‹ÌŒKLËŽNMÌŒNÍLM‹ŒŽLLLÍÎÌÍÍMNMËŽNNLLÌNNNŽŒŒÌÎMÎLÎM‹ŒMMMŒLÍLŽLKŒŽÍŽLŒŽŒÍŽBŒM‹ÌŒKLKŒNŽNMŒÌMÌMKŒLÍÌÍÌŒÍLÍLMŒËŽNNLŒŒŒLŒMŒŒKŒNMÌNNÌÌMŒŒËŒMÎMNLÍÎLLËŒÍÍMMNMLÌLŒŒŒM‹ÌŒKLKŽNNŒMNNŒÎŒŽNMNLÍLLNÍËŽNNLŽMMLMÎÌŒ‹ŒNÍÍMŒMNÌMM‹ŒŽNÍLNÌÌŒÎKŒŽÎÍMÌNLÍNNBŒM‹ÌŒKL‹ŽNLÍÌÌŽÍÎMKŒÌLLÌŒÍŽLÌŽMKŽNNLÎLMÍMÌLMMÍËŒŒMMÌŒMŒMÌÍŒLŒMLNMNMÍMKŒÌMÍLMŒMNLMBŒM‹ÌŒKLËKŒLÌNMŒÍŒŽNŒŒÌÎÍNLMNNŽËŽNNMLÌÍŽMLÌ‹ŒMLÍÌŒLMLŽLËŒÌÎLMÌNNÌËŒŒÌNÌLŽLÍŒÌÌÍBŒM‹ÌŒKLŽNLÎMŽLÌÍMÍŒÍÌÎNLÎMŽL‹ŽNNLŽÍMÌNŒŒŒLLMMÍMMÌNŒMŽLMÍÌÎMŽÎKŒÌÍŒŒÍLMŽLLÍŒM‹ÌŒKLKŽNLŽLLŒÌÌLÍL‹ŒŽÎMŽMŒÎMMŽŽNNLŒLÎMMÌÍËŒNNNNMÌNMŒÌ‹ŒMÌNŒŒŒLÍKŒÌNLÌMMNMŒÍŒM‹ÌŒKLLKŒÍŒÌŒŒŽŒÌMLL‹ŒŽMNLÍŒŽŽNNLNLMMNNMÌMKŒNLÍMNÍŒ‹ŒŽŒŒMÍLÍËŒŽLMMÌŒÌÌÍÍŒÌŽÎM‚ŒM‹ÌŒKLLKŽNMŽLŒŒKŒÍNMLLÎN‹ŽNNLMLÌÍÌKŒŒMÍLNÌLMLŒŒÎNMÌŽMŽKŒÍLÍMÎŒÌLNÍŒM‹ÌŒKLL‹ŽNŒŽNŒŒMÍŒ‹ŒŽNÍNMŽLŽKŽNNLŽNLÌÌLŒLNKŒNÍŒÎMMÍÍ‹ŒÌŽMLÌÎMNNL‹ŒÌÌŒŒŽL‚ŒM‹ÌŒKLLËŽNLÌMMNÍŒLÍÎŒÍLLLÍLMÌŒŽKŽNNLŒŒLÎÍLÍŒËŒNMÍMŒLÍÍÎLLËŒLŒLÎLLÎLLÎNNŒÌÌÍMNŽMŽM‚ŒM‹ÌŒKLMKŒÌÍŽMŽNMÍNMŒËŒŽMLŒÍÌÌÍMLÎNŽNNLŒÎLŒŽLMNML‹ŒNMLÍÌŒŒŽNMÍLÍKŒÍŒMLLNMKŒŽŽLŒLMÌLNŒM‹ÌŒKLMKŽNLMNMLMMŒL‹ŒÍÌMŒÍÌŒKŽNNLÌMLŽNŽLNŒNLÌLMŒMŒÍŒŒKŒÌÌLÍNNMÍMÍŒÍÌMLÍŒLÍÍŽLÂŒM‹ÌŒKLM‹ŽNMLŽMÎMMŒÌLŽNŒŽNNŒŒÎKŽNNLNMÌLŽÍLŒËŒŒÍÌÌÌNNNKŒLLÎÌÌÍÌŽMÌ‹ŒŽÌNMLÎLŒLÎŒM‹ÌŒKLMËŽNNNNMÍÍÍNMËŒŽLÍÍÎLŒLŒËŽNNLLŽLÌMÎKŒŒMÌÍŒŽMŒÌMÌÍŒÍÍÌÎM‹ŒŽMMŽMÍŒŽNMBŒM‹ÌŒKLNŽNNŽLÌLŒÍNKŒLŒMNMÎLŽNNLÎLNLLŒŽKŒNNÌÍÌŽŒNMÌËŒÎLÌÌMÍÍKŒŽÍÍMMMMÎLÍŒBŒM‹ÌŒKLNKKŒLNÌÌŒMNL‹ŒÌÎMNLLŽNLLKŽNNLLLŽLÍLL‹ŒŒŒŒÎMNMNMLÌMMMËŒMNLŒÎMŽÎMŒÎKŒÍŒLLÎMMLMÎMÂŒM‹ÌŒKLŒKŒMÍŽLÍËŒÌLŒMMÍÍÍMŽNNLŒÌNLÍÌÍÌËŒNMNMÌNLÍNLŒŒNŒLLÍÍÍŒÍMÎLÎNÍNMLÍMŒM‹ÌŒKLŒKŽNLMÌÍŽMŽL‹ŒÍLŽNNLLËŽNNLMŽLŒNMKŒŒŒÍŒLÍÌŒŒÎÍŒLMÎMÌÍŽÎ‹ŒÍÍMŒŽLLMMÂŒM‹ÌŒKLŒ‹KŒMÌMLÌŒMKŒÍÌMŽŒŒÌÌMMËŽNNLMÎLŽMLMŒŒÌŒÌÍÍLŒÍÌNMÌ‹ŒŒÌŒÌLMŽLML‹ŒŽÍŽMLÎMLŒŽMŒ‚ŒM‹ÌŒKLŒËŽNNMŒMŒÌLŒMÍËŒŽÌÍLMŽNLÍŽŽNNLNÎLŽNMMKŒŒMLNMMMŽLNMKŒÎNLMLMLLŽNKŒŽÌNLLÎÍÎNÂŒM‹ÌŒKLKŒŒLÎÌMLÍŒKŒÍÌLÎNMLNLŽLŽL‹ŽNNLLMÌŒÍŒLŒŽKŒŒLMŒLÍŒŒÎMNNŒLÍLÎLŒMŒÌ‹ŒÌŽNNÍMLŽŒM‹ÌŒKLKŽNMŽMÌMMŒMÌÌÎKŒMMÍÍNMŒ‹ŽNNLÌMMŒÌŒÍMŽËŒNNMLLÍÍÍŒŽŒLŒŒÌÌŽMÌÍŽNKŒMŒLÍMLMÌÌÌÍÂŒM‹ÌŒKL‹ŽNMMŒÍMMMŒLKŒŽŽÍLÎÎMÍÌŽNNLMÍÌLLKŒNLLNNMNÌŒMËŒÌÌÍMLÌÍŽLÌÎŒŽMMMMÌŽŒM‹ÌŒKLËŽNNMŒÍÌLÌLÍKŒÌŒÍÌMŒMMMLKŽNNLMNMNÎMËŒŒLMLMÎMLŒMÍŒLÌNMLLÎŒÌŽŒŒÍÍNM‚ŒM‹ÌŒKLŽŽNÎLÍNMNLL‹ŒÎLLÌNLLÌÍMNMËŽNNLÍÍÌLŽLLL‹ŒŒNLÍLÌLÌÍŽL‹ŒLLÌÍLŒŒÍLÍŽKŒÍLLŒMÍMÍLŒÍÂŒM‹ÌŒKLŽKKŒÌMLNÌÍKŒÌŽMLLÍÎMÌÎLÌËŽNNLŽŒŒLÍŒÍKŒNMMÌÌLMŒMÌM‹ŒLNMŒLMÌLŒLKŒÌLÍŒÌLÍMÍÂŒM‹ÌŒKLÌŽNLÍŒŽMŒNŽŒÍÍNŽLLŽLŽNNLÌMNŒŒÍÎÎKŒNMMÌŒŒŒŒÍLÍKŒLNÎMÎNLLÌËŒŽÌLÌÌŒÂŒM‹ÌŒKLÌKŽNNMŒLÌÍŽÎÌÎLÍËŒÌŒMÌÎMÌŽNŒÎMKŽNNLÍÍMÌŽNLÍŒNLNÍÍÍÌŒŽL‹ŒMNLŒÌÍÍLLKŒÎÍŒŒMNMŒŽMŒM‹ÌŒKLÌ‹ŽNNLLŒLŒŽLŒMÍ‹ŒÍÎNLNMMÌ‹ŽNNLÌŽŽLNMŒNMÎÌŽMMÌMÍN‹ŒLMÍŽLÍLÌÌÌKŒÍÍÎLMNMŒÌÍN‚ŒM‹ÌŒKLÌËKŒŒŒŽLLNMŒNMÎMŒMLŒLMÌËŽNNMLÌLNL‹ŒMNLÌÍMMÌÎLŒËŒÎMLŒMLËŒÌÍÌÍÌNLLŒÂŒM‹ÌŒKLÍŽNŒŽÍNLŽËŒÌLNLŒÎÍŒÍŒ‹ŽNNLLNMÍÌNKŒŒLMMŒMMŒNŒMLÍNMŽMÎLLKŒŽLÌÎNLÍÎLÎNÂŒM‹ÌŒKLÍKKŒŽÌMÌÍŒKŒÍÍÍÍLÍÍÌL‹ŽNNNŒMÎLMÎMÍ‹ŒŒLÎŒLÍŒŒLÍKŒŽMMŽLŽLLŒŒÌŒNÎLLÍÌL‚ŒM‹ÌŒKLÍ‹ŽNMÎLŽŒÌMLÎŒŽÍNMLÍMŒÌŒÍŽN‹ŽNNLŒÌÍŒÌÍMÎLËŒNMMÍÌŽNŒL‹ŒÎLNÍŽÍLÌÍMŒŽŒÎLÍŽMÍŽBŒM‹ÌŒKLÍËKŒŒŽŽÍÍŽKŒÌÎLÍMÌLËŽNNLMŒMMŒLŽNKŒNLŽÎNÍŒÌMŒLËŒNŒLNMLMÎM‹ŒŽŒŒŽLÌÍÌÎŒM‹ÌŒKLÎŽNMÌŽLŒÌÌÎŒ‹ŒÍLÍÍŒŒÍLM‹ŽNNLMMLÌŒÍËŒŒÌMÎNNŽLŒÎËŒLÍŒŒMŒÍNNLÍÌÌÎBŒM‹ÌŒKLÎKKŒLŽMŽMÍMLŒ‹ŒŽLÍLLÎÍNMÎŽNNLŽLÍNÍNMÌKŒNLLMŽLÍŽÍÌ‹ŒNLMŒMÍNLLÌLÍKŒŽŽMÌNLL‚ŒM‹ÌŒKLŽNLLÍŒÌNŒMKŒŽMÍLŒÍÌNÌŽKŽNNLŽMÍÌŒŒÎLMËŒNNÌLÎLM‹ŒLŽLMLÌŒMËŒŽLÍMÍŒLÍ‚ŒM‹ÌŒKLKKŒÌŒNNÍKŒNLŒŒŽMÍÍMMÍKŽNNLŒMNNÌMNÎŒNNÌÍÎÎMNÍÍ‹ŒÌÍÌMNNMÍKŒŽLŽNNÎMBŒM‹ÌŒKL‹ŽNLŒNMLÍŽMÌLŒ‹ŒÌÎLŒŽÎMÍŽNNLMÍÍMÌÎÎLÎLËŒŒÎÎMLÍÍLÌKŒNÌNMMŒMÌKŒÍLÌÍLLŒŒÍÌ‚ŒM‹ÌŒKLËKŒMMÍMÌNŒŽLÌNLLMÍŒMËŽNNLŒÍÌŽÎMÍNËŒNMLŽÎLÌMMŽMŒLŒÍÌMNMMŒÍËŒÌŽNÍŒLNNMŒM‹ÌŒKLKŒLLÍLLŽÍŒÌMÌËŒÍÍÎNNÍÍÌŽMËŽNNLNLLŽMMMŒŒÌNNMLÍÎMŒLLËŒMLŒNMŒÌÌŒÍÍ‹ŒÌÌÌMŒÍLMLÍÍ‚ŒM‹ÌŒKLKŽNMŒŒLŽÌLM‹ŒŒÎMÌMMÍMLÌ‹ŽNNLÌÍÎÎLŽMÍËŒNNMMŒLÎNŒŒŽMKŒLŽMÍÎLÎLËŒLMŒMÌMMÎM‚ŒM‹ÌŒKL‹ŽNMLŒÌŽÍMŽNÌLËŒŽNLÍÍLLÎLŒÌ‹ŽNNLLÎÍŒÍÎMŒÎŒŒLLŒLMMŽ‹ŒŒLLMÍŒËŒŽMŒMÌMŒMŒÌÌŽM‚ŒM‹ÌŒKLËŽMÍNMMÍMNLÌŒÌÍÍMLÌŒMMLLÌKŽNNLMMLMÍŒMÌ‹ŒŒÌNÎNNLMŒÍŒËŒNNNMÎMÎLÎMLMŒÍMÎNÍLÍLŽMÂŒM‹ÌŒKLKŒÌNÍÍLŒŒL‹ŒÌLLLMMŽMŒŒ‹ŽNNLŽLLÎNMLŽŒNMNLŒLŒŒLNNÍËŒMÍÍÌÌLMŒMMŒ‹ŒÌMŽNNMLÌLÌÂŒM‹ÌŒKLKKŒNÍMMÍNNNMKŒŽNÌÍMMMMÍËŽNNLÍÌÌMÌŽMËŒNMMNLÍLMKŒMLŽLŽLMLÍMŒÍLÍKŒŽNMŽMMLÎŽMŒMŒM‹ÌŒKLLŽNNLŒÌŒÌŒLLM‹ŒÌNLNLÍÎŒÎMKŽNNLŒNMÍŒŒLLÍMLËŒNMÍLMŽLÌLMNLËŒLMŒŽŒÍÍMÍLŒŒËŒÌŒÎÌMLÎÍÂŒM‹ÌŒKLLKŽNLÌNÎŒMLŒKŒÌÎŽÍÌKŽNNLŒÍÍÌÌKŒŒÌŒÌŒLLNÌM‹ŒLLŽMLŒLÌLÍŒ‹ŒÌŒÌŽLÌÌÌLBŒM‹ÌŒKLL‹KŒMMŒLLÍŒN‹ŒÎMÍŒŒMÎMLÌŽNNMMŒLŒLNKŒMÌŒÌŒÌŽLŒMÎËŒLLMMŽLMŒÌMKŒLÎLŽMŒMÎŒBŒM‹ÌŒKLLËŽNLÍNMŽLÌÌNLŒËŒLÍŽLNMMÎMÍKŽNNLŽMMÍMŽNKŒNŽŒŒNMMNŒLLLÌŒMNM‹ŒŽŒÍÌLŒMM‚ŒM‹ÌŒKLMKŒÍŽMNLNLÎŒÌŒLMMÌNÍ‹ŽNNLLMLMNNKŒŒLLMŒMÌÎLÌÍŒLÍMÍMŒMŒNMËŒÌMŽÎŒŒNNBŒM‹ÌŒKLMKŽNLŒÎNMNLLNŒÍÍÍÍŽMÎLŒËŽNNLLŽMŽLŽNKŒŒŒMŽŒNËŒÍLÎMLMŒÍLMLËŒÌLŽMŒNŒÍLÌMBŒM‹ÌŒKLM‹ŽNMŽNMÌLNMKŒÌNŒÌLMÍLKŽNNLÌLÍÌLÎMËŒNŽLÎMMŒÍÎÍNÍŒÌLÍLLM‹ŒÌMMMŒŽMÂŒM‹ÌŒKLMËŽNMŒLLÍŒMNLËŒÌLMÎMŒÍ‹ŽNNLLÌÌÌÍŒMMŒŒMÌMÌÌÍKŒÍÌÌŒÍŒNNMÍLÌŽŒÌMŒÎLNLNÍLÎŒÂŒM‹ÌŒKLNŽNMMŒLÌLÌLÍŒËŒŒMLÍMÍÍLÍŽNNLLLÍLNLL‹ŒŒLÌNLLÍÌMMŒ‹ŒMÎMLMÍŒŒM‹ŒŽNLÌŒL‚ŒM‹ÌŒKLNKKŒLLNÍŽMNKŒŒÍŒÌÎÍLÎM‹ŽNNMLÌMNŒMÌÌMMÍŒMÌMM‹ŒŽŽŒŒŒÍŽNL‹ŒŒLÎLLŽLLLLLŒNŒM‹ÌŒKŒLŽMMÍMŽLŒÍMŽMŒLŒŒNLŒÍŒMNŒKŽNÍÍÍLŒNLNŒÍNLŒÌÌÌLŒŒKŒÌNLÌÎMŒÍÍMMMKŒMÌMŽNMÎLÍÌBŒM‹ÌŒKŒLKŽMÍÍÍÍŽÍÌŒMÎŒMÎÍŽLÌŽMLÌËŽNŒLÍNLLŒ‹ŒMÎLLMNŽMÌKŒÍMÎMÍLÍŽ‹ŒLMÍMÌLÌÍÎÌBŒM‹ÌŒKŒL‹ŽLŽLÎMMLNÎLKŒLMLŒLLŒLÌÎMÎŽNŒÎMÌŒNŒÍLŒNLÌ‹ŒMŒÍÍÌLÌÌÍŒNNŒMÍŒLNMÌLBŒM‹ÌŒKŒLËŽLLÍÌLŽNMÌLL‹ŒLÍÌŽMŒÌÌÍLÌÌÍŒ‹ŽNNŒLÌŒKŒLÍMŒÍÎMMMÎLMKŒLÌLNMÌŽNLNNŒMÌŒŽÌÍÍLMŒÍLBŒM‹ÌŒKŒLŽMMÌLMLÎÌŒ‹ŒLÍLLMÍÌLŽKŽNMÍÌÌNM‹ŒÌÌŒÌMÎLÍLKŒÎÍÌŽNMÌNNŽMËŒŒNÌÍÌŽMÌÌŽŒM‹ÌŒKŒLKŽMLÍMMLŽLŽMÌËŒLÌÌLLMŒÌMNNM‹ŽNÍŽNÌMLMÍŒÎKŒLŽŒMŒMÍŒ‹ŒLMNMŒÍÎLLŒŒŒŒŒMLÍM‚ŒM‹ÌŒKŒL‹ŽNLŒÌÍÍÎM‹ŒLŒÌÍŒŽMNNMLËŽNNNMMÌŒÌ‹ŒŒŽNLÍMMŒÍËŒLNÌÌL‹ŒMÌÍÌŒŒÌŒŒBŒM‹ÌŒKŒLËŽLÌŽLLŽMMÌŒKŒLÍÍÌÎLÌLMKŽNNLÌÌÍŒÍÎLËŒMLMMŽÍŒÍLÌÍKŒLŽNLÍÍÎŒÍŒŒŒŽŽÍLŒMBŒM‹ÌŒKŒLŽMŒÎLÌMLŒLÍÍŽŒÎMÍÌMÍ‹ŽNÍŽLÎMÍŽLËŒNLÌÎMMÍMÍŒNKŒLMNMÌÍNÍLÎMËŒŒÍNMMNNLÎŒÍŒÍŒM‹ÌŒKŒLKŽNŽNLÌÍŒÌËŒNNLÎMLÍMLLÍÎŽNLLÍNMŒKŒŽÎŽMÍLMLÌLËŒÎÍÍÎMMMŽNL‹ŒNMÌŽLŒÍMLŒMŽŒM‹ÌŒKŒLLŽNLÌÍÌŒÍŒÎMLL‹ŒLMÍMLÍŽLÌMŽËŽNÌMLŒNLŽMNŒMNMŒMÌŒŒŒÍKŒÌLŒMMŒÌMŒŒMÎNÎLNNŒM‹ÌŒKŒLLKŽMÌÌŒÌÎMLÌMŒKŒLŒMÎMŒÎÎKŽNŒŽŒŽLÍLLLMËŒŽŒLŒŽLÎLKŒLÍŒMÌÍŒNMŒÌLŒŒLMMÌMŒŒMMŒÂŒM‹ÌŒKŒLL‹ŽMLÌLÎŽLÌÌËŒLLÎMÎLÍMŒËŽNŽÍÌÌLÍŽLLÌKŒLLÍLÌMÍŽN‹ŒŒLÌNÌKŒNMÍMLŒŽMLÌMÍÍŒÂŒM‹ÌŒKŒLLËŽMMLMMÍMŒŽKŒLÎÍÍÍLÌÎŒÌÍMŒÌ‹ŽNŒÍÌŒÌÌMMŒLÍÍŒÍÍMML‹ŒÍÍÎNÍLÍÌKŒMÍÎŒÍLNŽLMBŒM‹ÌŒKŒLMKŒŒÌŒNNLŽÎËŒLÌNÍÎLÎLMLKŽNŽÍÌÌMNLËŒÌMÍŽLÎMNKŒMŒÌLÍLMŒÎKŒMÎMÎNMLMŽMÂŒM‹ÌŒKŒLMKŽMÍLMLÌÎÌÌŒËŒLMÌLÎLŒM‹ŽNMŒÍÎMÎMŽKŒŽLÌŒÌLŒŒKŒMLÎŒŒÍŒŒÎLM‹ŒNÎNLÍÌLM‚ŒM‹ÌŒKŒLM‹ŽMLLÍÍÌÌÍKŒLÍŒÌLLLMÎMKŽNÍÍMÍMMÌLNKŒLMŒLÌŒÍŒLÍMŒÌŒLÌLLÎNMËŒŒÌNMLLŒÎÌÍÍÂŒM‹ÌŒKŒLMËŽLÍMŒMÍŒÎLKŒLLÍNÌŽMŽM‹ŽNLMÍŒNLÌLÍËŒÌLŒÍMLÎMŒŽN‹ŒÍÌÌLŒNÌŒÌMŒNMMŒÎLŒŒM‹ÌŒKŒLNŽMŒÍÍŒLŒŒŽL‹ŒLŽÎLMŽNM‹ŽNÍŽMÍMŽMÌŒLŽŽŒŒÌÌMKŒŒNLÎNNÌMLLKŒMÎMNLMŽŒÌÌ‚ŒM‹ÌŒKŒLNKŽLNÌMŒMÌÍ‹ŒLÌÎŒÍŒMÌŒÌËŽNÍÍLÌÎŽLKŒLMŒŽÎMŽLŒ‹ŒÌŒÎMLŒÎLLÌËŒMÌÌÍÌŽNMŒŒ‚ŒM‹ÌŒKŒLŒŽMLMŽÌLM‹ŒLLLŒÌÍŒLKŽNMŒÎÍÍŒMÍ‹ŒÍÍLMMLÌLMKŒÎLŽMLLÎÎNŒŒŒÌLÍÍMŒŽÍNL‚ŒM‹ÌŒKŒLŒKŽMÌNLNÌÍŽ‹ŒLLŒÎMÍÌÌŒÌŽM‹ŽNMMÌMÍŒÍNNL‹ŒLÍLŽLLŽLKŒÍMŽNMMŒMÌÌLËŒNLMÌÌLMLŽMŽMÂŒM‹ÌŒKŒLŒ‹KŒŒŒŽMÍÌMŒÍKŒLÍŽMŒÌŒMNŽNÎLÌÍM‹ŒÎŒŒÌMMLÍŒÍÍÎNMLNÎKŒMMÍMÌÍŒLŒÎLÍÂŒM‹ÌŒKŒLŒËŽMNLŽNLÌÍLŽKŒMÍÌŽMNÍŒLŒŽNKŽNŒNMÌÍLLKŒLÌŒŒŽLÌMLŒËŒMŒMÎLLÍMËŒŒÎLŒLÍLŒŒŒÍÍ‚ŒM‹ÌŒKŒLŽLÌŽŒÌŒMM‹ŒLÍÎMŒMÍŒLÍÌMËŽNÌÌŽŒŽŒMKŒÌÌÍÍÎL‹ŒŒLLNŒMÎËŒLNÌNMŒÎMÂŒM‹ÌŒKŒLKŽLÌMLŒMNMŒLÎLLŒLŽMŒMŒÌËŽNÌMŒMNÌÍŒMKŒLNLÍÍLNLŒLÍËŒMŒMLÌÎMLËŒMÍÌÎMLÍŒÌÎLMBŒM‹ÌŒKŒL‹KŒMŒNŒŽMLÍMŒMŒŒNNMÌLÌËŽNMLMNMÌ‹ŒMÌÍMLLLŒÌËŒÌLNNŒŒÌMŒÌLÌ‹ŒŒNŒLLNLÎM‚ŒM‹ÌŒKŒLËŽMNNMÍN‹ŒMLÌÍNNNMLLÍKŽNLLMÎLÌŽLLÌÍ‹ŒMÌMLŽMÎLMŒÎMŒMMNLÌŒ‹ŒŒÎLÍLLNLŽNLÂŒM‹ÌŒKŒLŽŽNŒLŒLÌÍŒÎLM‹ŒLÌÌMŒÌÌNMËŽNÎÍNÌÌÍÍÌKŒMÎÌLŒLLNNMËŒÍNNMNMÎLŽ‹ŒMÍŽNÎMNÌÂŒM‹ÌŒKŒLŽKŽNŽLLÍLÌŽÍËŒLŒMÍÍLLLÍÌ‹ŽNÎLÍÌLLÌMNLNŒMŒNLÍÍÎNKŒÌLÍŒLŒÍLËŒŒÍÌLMÌÍNNLŒÂŒM‹ÌŒKŒLÌŽNNMÍÍÌLMŽ‹ŒLÌŒÍÍŽÎLÍÍM‹ŽNÎLNNMÍŒLÍÌÍŒŽŽMŽKŒNLLMÍLMNLKŒNLMŒÌŒÌLÌNNŒM‹ÌŒKŒLÌKŽLÎNMŽŽLÌÎŒÌÎŒLLNLÍÍŒNÌMŽMMŽNÍMÌMÎN‹ŒÍNLÍÎMŒÍL‹ŒŒLLÌMŒKŒMÌŒÌLŒŽÎMŽMBŒM‹ÌŒKŒLÌ‹ŽMÌÌNMŽÍMÎLËŒLÍLÍÌLŽMNLÌN‹ŽNLMMMŒNLŒŒMŒŒMLŒLÍLMŒÎMŽKŒÎLNLLÍÍÍÎNLMKŒŒMŽÍMŒLMÌÍBŒM‹ÌŒKŒLÌËŽLŒLŒŒÍÍÌKŒMÌÌŒMLŽMËŽNLÌÌÌŒÌKŒMŒMÌLÍMNNÎKŒÎLMNNLÍËŒŒŒÌŒLMNLLŒŒM‹ÌŒKŒLÍŽMMNLÌÌNMŒËŒMŒMŒŽLÎMŒNŒÍŽŽMÍÍMŒNNLÌŒMMMKŒLNLŒŒMŽNÌL‹ŒŒMÍŒMÌÎMKŒŒÌŒMŽMÍLÍL‚ŒM‹ÌŒKŒLÍKŽMŒÍMŽMNMŒKŒLMÍLÌŽNNL‹ŽNLMLMÍLÌÎKŒŽŒÍMNÌMŒÎKŒLÌÍŽMNLNNMÍM‹ŒNMÍŽÌÌŒLÌÂŒM‹ÌŒKŒLÍ‹KŒÌLÍNLLÍMLŽKŒLMŒMMMLÍŒÍKŽNNLÌLŒNLLMMËŒÎÌLLŽÍMMŽŒLÌNŽLÌÌMÌÍËŒŒMŒŒNMLNLÍÎLÎŒM‹ÌŒKŒLÍËŽNÌÎLÎLÍNLËŒLÍÌLLÍŽLLMÍ‹ŽNŒLŽNMŽLNMÌËŒMLLMŽMMLKŒLŽLŒMÌŒŒÌMŒMÍ‹ŒŽLÌNLMŽNLÍÂŒM‹ÌŒKŒLÎŽMMÌŒLÌŒLÌÍKŒLMMŒLŽÍMŽNNMÍÌÎMLMŒLMŒÍÍMMŒMŒÍŒÎKŒŒÌMLŒŒŒMÌMŒNÌMÌMÌ‚ŒM‹ÌŒKŒLÎKŽMÍMLNMÍMLNKŒLŒÎÌLÌÎLŽKŽNÌÌŒÎNLŽMÌÌKŒÎMŒLŒLÌNŒŽMŒÌŒÌLŒMNËŒMŒŒLŒLMÎMNŒM‹ÌŒKŒLŽLÍMÎMMÌMLÌÌÌÌËŒLŒLLŒNÌLÌLMM‹ŽNÌMÌMÌMÌÍŒŽŒLMLŒLÎŽ‹ŒÎMMÌŒŒLMLÍMÌÍKŒŒŒÌÍLŒŒÎŒÂŒM‹ÌŒKŒLKŽMMÌLÎMÎMÌKŒLŒŽMNLÎMŽLÎLËŽNMÌMÌÍÌÌLNMËŒLÌMLŒNNNKŒÎNNLLÎLŒÍMŽKŒNMÍMŽÌLNMMŒÎBŒM‹ÌŒKŒL‹ŽMÎNLMÌÍÌËŒMNÎMÍMMLÌŒŒ‹ŽMÍŽLÎMŒÌŒÌËŒLLLÍMŒÍLÎNNL‹ŒÍLMÌÍLŒŒŒŽLÌŒŒLLÌMŒLBŒM‹ÌŒKŒLËŽLLNNÎMMNËŒMŒNMÌÍMMLŽLÌÍÌËŽNLŽNLMLŒLŒŽÌMŒŒÌÌNŒMÍÌÎNLËŒLŽLŒŒNNLMŒ‚ŒM‹ÌŒKŒLŽMNMŽLŒNMËŒLLÌÍŒŒÌNŽNMŒLÍŽLL‹ŒNLMŒMÎËŒLÍÌŒNMLLÌKŒNLMMNŒÍMMŒÎBŒM‹ÌŒKŒLKŽMŽMÌLÌMLŒÌŒÎKŒLÍÌLŽNŒŽLÍŽŽNŒŽNLÌMÍŽKŒMMŒŒMLÎMM‹ŒŒÍLLMMMÎMLÌËŒŒMŒNMŽLÍMŒM‹ÌŒKŒL‹ŽNMMÎÍ‹ŒLLÌÌÌŒNMÍNNMŽNMÍMMLÍËŒMÍÌÍÌÎLÍÎLËŒÌNŒŒMŽLÌŒÌÌ‹ŒMŒMMNÍŒÍNBŒM‹ÌŒKŒLËŽMLÍMŒÎÌKŒLÌÍLLLM‹ŽNLMÌMŽÌNKŒŽŒŽLÎŒŒLMKŒÌÎLŽÍÍMÌËŒŒMÌÍMÌÎŒM‹ÌŒKŒLŽMÎMNŒÌMŒÌMKŒNÎMŽŽLLÍ‹ŽMÍÍÍMÎLÍŒLKŒLMNLLŒÍÎLËŒŽLMLLÌŒŒ‹ŒNNÌÍŒŒŽŒM‹ÌŒKŒLKŽMŒÌÍÎMÌ‹ŒLÌLŒMŒNÍŒNŽNMLMÍÌMMÌMLŽŒLMLÌLLMKŒMÍÍŒÍŒN‹ŒŒLÌŒŒÍŽMÍMÍÍŒM‹ÌŒKŒLLŽNMŒLÍMLNKŒMLÍMŒÎNLÍNLÍÎŽNÌŒŒŒÌŒŽLL‹ŒLŒŽNMÌŽLÌŒMÌNMMÎNŽNÍŒ‹ŒNLLÍÍÍŽMÂŒM‹ÌŒKŒLLKŽLÍŽÌMŒÎNŒLÌNLŒNŒLKŽNŽMÌMŒÌÍMŒ‹ŒLŒÌŽLÌLMKŒŽMNLÍŒŒLMLËŒNLŒÍÎMÍÍÎMŒÌÂŒM‹ÌŒKŒLL‹ŽMLŒÌÎNMNŒLŽÍLÌMÌÌMŒMËŽNLŒLNLÎNKŒŒMLNMÍLÍÎL‹ŒÎNŽÍLLMNŒŒNÎNŒM‚ŒM‹ÌŒKŒLLËŽLŒLLŒÎLÌNLËŒMLÌÍÎMÌŽLNMÌÌ‹ŽMÎÍNÎMNLÍËŒLLNLÍLÍÍMLŽKŒŒÍMNLŒLÎŽËŒŒŒŽMLLLŽLŒÍ‚ŒM‹ÌŒKŒLMŽLÌLÌÎLNÌÎÍÌËŒLÌMŒÌŒMMŒMLNMMËŽNLMMNLLÍŒNŽËŒŒNLŒŽMLMLÍŒÍÌMLŒLMMNLÌËŒNŒLÎMÌLÍÌÌŒBŒM‹ÌŒKŒLMKŽNNŒŒÌÍÍŒMŒLÎLŒÍLÎÌŒKŽNÎÌNMÍŒKŒNŽMŽLËŒŒMÌŒÌŒNMLMLÍŒMLLÎMÌLÌÌM‚ŒM‹ÌŒKŒLM‹ŽMNÍLLNŒLMÍŒŽMŒNMNÍ‹ŽNLMMÎLŒÍÌËŒNŒNNMÍMËŒLŽMLMÎMMÎ‹ŒNLMÎLLŒBŒM‹ÌŒKŒLMËŽMÍNNÌÎMLŒËŒMLÌÍLMM‹ŽNMŽMÍÍMNMNKŒMÍŽNMÌŒÌÍËŒLŒÎÌŽLŒŽMKŒNLLÎNLÌŽMŽŒM‹ÌŒKŒLNŽMÌNLMÍMLÍŒNÌÌNŒMÍMŽNÎÎMLÍÍÌËŒMÎÎŽKŒLLÎLÌÌŒÎKŒŒMÍÎÍNLMŒLŒÂŒM‹ÌŒKŒLNKŽLMNNLÌÍÌŒ‹ŒMŽMŽNÎLLLMŒŽLKŒLÍNNNLMÌNMÎÌKŒÍÍŒŒÎLLŽNNÎKŒÍŽŒMNÎLLLÂŒM‹ÌŒKŒLŒŽMÌÌÌŽNNMMÍŽLÌŒËŒLÌÎŒÌMŽLÎŽNLÍ‹ŽNÌLNLÎŽÍÍÌ‹ŒÍÌMÍÎLÎMŒ‹ŒMÌŒŒÍŽLÍNKŒMMÌŽŽLÍL‚ŒM‹ÌŒKŒLŒKŽMLÍÌÌŒŒÍÎÌKŒLLLŒŒŽMŽNLÍŒÍMËŒMLÍÍMŽNLMLLÍŒ‹ŒÌÍÎLMÍLMNKŒŒMMÎMÍLÍŽLLBŒM‹ÌŒKŒLŒ‹ŽMŽNÎNÍÎŒLŽLLÌNLŽLÍŒ‹ŽNMŒÌLŒŒŽŒÍÌŽÌMMÍLMŒŽÍÍÎMÎÎŒM‹ŒMŽNNŽLÎÍÌ‚ŒM‹ÌŒKŒLŒËŽMÌŒÌLÌŒMÌÌL‹ŒLLMNŽMÎMŒLÌKŽNŒÍÍÎMLMMMLËŒLŽLLNMŒŒLLÌÍÍŽMKŒNŒNLÎÎMŒÂŒM‹ÌŒKŒLKŒMÍŒŒŒÍÌŒLŒLÌMÍŽNŽÌŒLÎMŒLŒ‹ŒLMMŒŽNÍŒŽLÌNNLÍÌŒLËŒŒÎNÌNLŽL‚ŒM‹ÌŒKŒLKŽMMMŒMMÌLÍÍÍËŒLLMŒÎLMLÌMKŽNÍMŒMŒL‹ŒÍLMŒLMÍŒLMŒËŒÍÎMÎŽLŒMKŒMŒNMŽÍNMŒLMÍL‚ŒM‹ÌŒKŒL‹KŒÍÌŽMÎLÍŽŒLÌMÍÍÌMNLLŽNÍŒÍŽMMËŒŒÌNMNLÍLÌMŒMLMÌÌÎ‹ŒŒŒÎLŽÌMÍÌÌ‚ŒM‹ÌŒKŒLËŽNLÎÌŒŒÌŒMKŒMNNLÎNLNLÎMKŽNLLÍLŒÌNMLLÌÌËŒMÌLŒŒMLNÍ‹ŒÌMLŽLÎLLMÍ‹ŒŒÍÌMÌMLŒŽMBŒM‹ÌŒKŒLŽŽLMÍMLÌMÌLËŒMŒŽLÌMÎLŒMKŽNÌŒÍMÌMLKŒMÎNNMLMÎLMÍKŒÌNMŒMŒÌŒÌŽ‹ŒŒÍNÎÎLÌMÌÂŒM‹ÌŒKŒLŽKŽLÍÍMLLLLLÎKŒLÌLNŽŒÌÍËŽNLŽLÌŒLÌMÌKŒMÍLŒÍÌÌMŽLLÌËŒÎŒÌÍÍŒÍŽMÍKŒMÍMLŒMMŒŒÌÌŽŒM‹ÌŒKŒLÌŽNNLÍŽÎMÌÌËŒMÍMŒMŽLMMÍŒ‹ŽNLÍNLŒÌÌ‹ŒMMÍLMÌLLÍKŒMÌÍÌLNMÌM‹ŒŒMLÌÍLMMLŽNMŒ‚ŒM‹ÌŒKŒLÌKŽMNMNMMLÎÌŒMÍÎŒMÍÌMŒLMKŽNMÎLŒÌÍLLÍMŒMMMMÍNMMMÌ‹ŒMŒLÌŽÍKŒŒMÍLNNMLLÂŒM‹ÌŒKŒLÌ‹ŽLÌÌÎŽNNNŒMMMŽMÎLŒÌÍÌ‹ŽNÍÎLMÍNLËŒLŒMÍMMÎŒÌÌÎÍMŒMÌKŒNMÎLLŽLÌÎÎLŒM‹ÌŒKŒLÌËŽMŽMÍŒÌLÌŒÌMÌKŒMLÎLŒLÍNÍMMŽNÌLMLŽNNNL‹ŒLÍŒNNMÍÍNMŽŒÎMMŽLMÌÌÎKŒNMMLNMÍÌÌMBŒM‹ÌŒKŒLÍŽMLMNLŽLÌÍŒÍŒLŒLŒŽLÍÍMLÌKŽNŽLÌÍŒÎLLËŒLŒÍÍLNNLMŽŒMMÌÍÎŽNLÍ‹ŒNNÍÌMLLÍŒÂŒM‹ÌŒKŒLÍKŽMÍNÍLLMŒLÌÌÌMÎLMNNKŽNÍÎLNLNMMŒLŽÍLÍŽLŽNMŒÎLÎNÌNŒŒLLÌŽMLMÍÎL‚ŒM‹ÌŒKŒLÍ‹ŽLÌÍÍŽÌÎMÍÌËŒLNLÎMÌÍMMÌŒL‹ŽNÌŒLMLŒËŒŒÌNŽLÍŒÍL‹ŒLMMÍÌLÍLLÌKŒMÍŒNLMŒÍÍÌÌLÍBŒM‹ÌŒKŒLÍËŽLÍÎLÍÍMÌÌMM‹ŒMNNLÌÍLNŒÍŽLËŽMÎNMÌLLÍÌŽŒLMŒMÍLŽLËŒMLÎŒÎKŒŒMLŒŒŽMÍMÍŽMMNŒM‹ÌŒKŒLÎŽMMÎMLŒŒMLKŒMŒŒÍÍŒNÍ‹ŽMÍÎLŽÌNLÍŒÌŒL‹ŒLLLMŒÎMÎKŒÍÎMÍŒÌÍLLÍKŒLŒMLLLMÎMÂŒM‹ÌŒKŒLÎKŽMÍŒŒŽNLLÍŽNŒLLLMÍÍLNŽNMÌŒNNŒÌÍŒÍÌMLLMÌLLNŒÎŒŽÎMÍÎ‹ŒMŒNMMŒLÌÌÍLŒŒM‹ÌŒKŒLŽMÍLÍÍÌMMŒLLÍËŒLŒLŒÌŒMMÍÎŒÍËŽNLÍLŽLÍKŒÍÌLLŒŒŒLÍÍLŒËŒÍLÌLÌŒÌÌLŒMMŒMŽLMŒÌMŒŒNŒM‹ÌŒKŒLKŽMÍŽÌÎNLÌŽŽËŒMMÌNNLÌÎŽNNŒLLMÍŒÍÎKŒÍŒLŒÌÍMNÌËŒNMÌMMŒMLÌÎMÎMÍËŒMÍÍÍNLÌLNLMÌŽBŒM‹ÌŒKŒL‹ŽLÍMÌÍÍÌÌÎL‹ŒLŽŽMLÍÍMLMN‹ŽNMÍŒNNNKŒŽLŒÍÍMLËŒŽÍLŒŒÍLMMŒŒNLŒMÍŽÎŒM‹ÌŒKŒLËŽLÍÍŒÌLÌŒLM‹ŒMNMMMÎÌMLŽLÌËŽMÎÎLLŒËŒLŽLNŒÍÍLKŒÎNLŒLŒMÎNKŒŒŽÌÎNNÍBŒM‹ÌŒKŒLŽMÌMŒÍÎÍLÌMKŒLÍŽMÍÍMŽLÌ‹ŽNŒLŒÌLMÎLÎMËŒÌÌLÌÍÌ‹ŒŒÌŽNLŒÌMLŒMÌMŒŒŒNÌNNMNLÍŒM‹ÌŒKŒLKŽMŒMMÍLMŒÎŒ‹ŒMŒNNLÍNLŽ‹ŽNÍÌŒÎÎKŒÌÌÌÎMLMŽLÎLËŒLLÍÍMŒÎŒŒLNLÍŒLÎNŒM‹ÌŒKŒL‹ŽLŒÎÌÌLÌÍMMËŒMLÍÍMÎMŽŽNÌLÌÍÍÍÌÌÍKŒLNLMŽMMŽMMÎŒÎŒMÍÍŒMLNM‹ŒŒMÍŽNŒŽLÌBŒM‹ÌŒKŒLËŽMMŽMLŒŒLŒMÍŒMMÍLLLMŒŒÌËŽNMMŽLLMÍMŽKŒÍNMÍÌÌNLÌLM‹ŒŽLNŒNNNNÎLM‹ŒMNŒÍLÌNŽLŒÂŒM‹ÌŒKŒLŽMÍÍÍŒMÎLLKŒMÍLÍÍNŽMÍÌÌLÌMÌŒ‹ŒLÌLLÌŒLŽMÍKŒNNNÍLLÌŒÍKŒŒMMÌLŒLÍMŒMMÂŒM‹ÌŒKŒLKŽLMŒMNNŒÍLMËŒLMÍNMMLËŽNÌÌÎNLLŽLKŒLŽLÍÍLÎMŒŒ‹ŒÍÍÍMLNLÎMŽŒNLŽLMÎÌÍŒÍŒM‹ÌŒKŒLLŽMÌNLÌÍÌMÍŽMŒL‹ŒLÌÎMÍNLNMŽŒÎM‹ŽNŒŒMLÎNMÌ‹ŒMÌÎMLŒNNNŒ‹ŒŽŒÌÍÍÎLMÌNŒŒÍLMLMÍNMÌÌBŒM‹ÌŒKŒLLKŽMŽLLMÌÌMËŒLLÍŽMŒMÍÍÍÍÍŽNŒÎMÌLŽLŒMŒÍŽŽLŽMÍÍLLNŒÍŒŒÌŒLÌMMÍÌMKŒMMÎLÌLMMÍN‚ŒM‹ÌŒKŒLL‹ŽLÎNŒLŽM‹ŒNŒŒÌÎNŒŒ‹ŽMÍMMÌÎNLŒÌKŒLLLNMŽMÎÍÍÍKŒLÌŽMÌMÎÍŒMÌLŽMMNNMBŒM‹ÌŒKŒLLËŽNNNÎLNMŒMÍNÍŽŒŒN‹ŽMÎÍÍLNNMÍÍŒËŒLÍÍŽÍÌÌŒËŒÌMMŽŒNMLÌÌKŒŒŒÎMÌÎLŽNLŒ‚ŒM‹ÌŒKŒLMŽLŽNLÍŒLŒNNMŒ‹ŒLŒŒLNMMŒÍÍŽNNMŒMLÍNÌKŒÍÎÍÎMŽŒLKŒŽMÌMŽŒLÍKŒŒNNMŒLŒÌŽŒM‚ŒM‹ÌŒKŒLMKŽLŒLLÍŽÍÍMM‹ŒLÌNÍÍÍNMÌÎMM‹ŽNMNLMLÌÎLMËŒÍNLÌÌM‹ŒLÍÌŒÎLMŒLKŒNMMÎMNNNMŒŒM‹ÌŒKŒLM‹ŽMÌLŽÍLÍMMM‹ŒLÌMÍLÎNŽMÌÌŽNŒLMÌLLÍÎNLMËŒMMNLŒŒŒŒÌNMMÍŒÍMKŒNMMMLŒŽŒM‹ÌŒKŒLMËŽMLŒŒLMLÌMÎ‹ŒNLMÎLLŽŽNÍÍŒŒÌÍLÌÎL‹ŒÎLMNLNLŒÎLŒ‹ŒLÌNÌÎŽMLŒŒMŒÍMLÎÌMLMŒM‹ÌŒKŒLNŽLMNLÎLLMKŒLÌŒŽNNMÎ‹ŽNÍŒÌŒÍÍÍŒLLŒŽNMÍLLŒËŒÍLLMÌÍŒÌËŒNNLŽLÍŽMÂŒM‹ÌŒKŒLNKŽNLNMLMMLÍÎKŒLÎLÍÌMNLMŒŽNÎMÎLŒNLŽMKŒMLÎLÍÍÌLÎLËŒÌÎMÌMMNNLŒŒŒŒÌNNLNÎL‚ŒM‹ÌŒKŒŒŽNLŽNMMŽMLMËŒMÎÍÍLMMM‹ŽNMŒLŒŒŒLNÌËŒÌÍÌŽNLNLŒÎKŒMÍNMNLŽMÌLNËŒMLNMMMŒMÌÌMÎBŒM‹ÌŒKŒŒKKŒLLMLLŒMÌÎL‹ŒŽMÍMLMNMÍMKŽNMŒŒÎLÍŽMŒŒÌÍŒÌÌLÌMÎŒŒÎLÍÌŒÌÍÍŒLMÍMŒLÍŒÌNLMÍŒÍMÌ‚ŒM‹ÌŒKŒŒ‹ŽNÌÌŒŽMŒMÍËŒMMŒÍMNMÌÍÍ‹ŽNMMLLŒMLŽKŒMLÍMÍÎLKŒMLMLŒŒNMŒÎÎÌMNNLBŒM‹ÌŒKŒŒËŽMÍÌÍŽLÎLLŽ‹ŒMÍŽLÌNÎL‹ŽNMÍÌLŒMMÎËŒŒMÌŒŒŒMLKŒNNŒŒLŒŽLLM‹ŒLÌÌLÌLMÍÎMMÎMÂŒM‹ÌŒKŒŒŽNMÎLŒLNÌNMÍMŒLMMÌÌÌMMËŽNMŒMLNŒŒŒŒMMŒLNLMMÍÍ‹ŒLÍLŒÍÌNŽLŒ‹ŒLŽMŒŒMŒÂŒM‹ÌŒKŒŒKŽNLŒŒŽMŒŽËŒÍLÍÎNLÌÍÎÎLMŽNMMÌMŽÎLŒŒÌ‹ŒŒÎLLÍÌŒÎŒMŒMÍŽNLŒMNMŒËŒLMÍÍMÍÎÍMMÍÂŒM‹ÌŒKŒŒ‹ŽNLNMÎLLËŒÌNLNLMMŒŒÌÌŒ‹ŽNMLÍÎLMÌLŽŒŒŽLÎLLŽÍMŒŒŽNLŒÍMÎÌ‹ŒLÍŒÍÍÍLÍÍBŒM‹ÌŒKŒŒËŽNMÎLŒŽLÍÌÎŒŒNÌLÌÌÍŒKŽNMÍŒNL‹ŒŒÎMMÌÍÌNMËŒŒÌŽÌMÌÍŒMŽŽMŽŒLÍŽNÎLÌŒL‚ŒM‹ÌŒKŒŒŽNMÎMŒŒŒŒMÎLLLÍLŒKŽNMMÎMŽLÍLŒLÍŒNMNLŒÍŒÍÌŒN‹ŒMÍÌLMMŒLLNLÎMËŒLŽÌŒŒÌŽÌBŒM‹ÌŒKŒŒKŽNÌÍŒMÍŽMLËŒLLMLŽMŒÍÍÎMNKŽNMÌÍNLMÍKŒÍMŒŒLÌMÍNLMKŒNNLLMMMËŒÍŽMÌMŒÍMŒM‹ÌŒKŒŒLKŒMŒLLLMMNNLNŒÍNŽLMŽNMŒMLLŒŒŒMMŒNÌÎMÎNKŒŒLMŒMLMÌÌŽŒKŒLŒÍNMÌŽMŒM‹ÌŒKŒŒLKŽNŒÌLLÍŒMMŒÌLLÍKŽNMŒŒÎMÍLŒLMÍŒLMŒŒÍÍLMÍMŒMNNLMÍÍÌKŒMÍÎÍÎLÌÍÂŒM‹ÌŒKŒŒL‹ŽNLÌÎŒÍÍÌËŒÍLÌŽMLÌÌMKŽNMLÌŒÌÎMÍŒMÍMMÎNMLLÌŒËŒŒMLMÍMLÌŒLÍÎLŽMLLŒMŒÂŒM‹ÌŒKŒŒLËŽNLLÍÍMÎMËŒMMÌÍMLMÎNKŽNMNÍNLLMÍŽLÎŒMŒŽLÍLMÍLÌMÌKŒMLÍNMŽŒŒÌLÎNÍÍŽMÍÂŒM‹ÌŒKŒŒMKŒMÌÌŒŽNLMÍÌMMŽŒÎLÌMNÌŒLÎNÌËŽNMŽMLŒÌÍÍKŒLLÍMÍMÌ‹ŒÌÍŽMÎNNÎLNËŒLÍŒMLÎMMŽMLM‚ŒM‹ÌŒKŒŒMKŽNNLÍÎLLLŒMŒ‹ŒÌMMMNNLLŒÌËŽNMŒLMÍNMLLL‹ŒLÍÎMÌÌÍNMLMMŒMÌÎMMMMMÌKŒLŒÍMÍLMÌŒL‚ŒM‹ÌŒKŒŒM‹ŽNÎLŒÌÌÌLŒMŒÌLNLMËŽNMÍŒLNLLÎ‹ŒNNMÎNÍKŒLLÍLÎMŒÎŒLMÍÌŒLLÎŽM‚ŒM‹ÌŒKŒŒMËŽMLÎŒŒMNMÎLL‹ŒŽÍÌÎLLMMKŽNMMMŒÍMÍŒKŒÍÌMÎÌNMÎKŒÌŒLMLÌŽLÍÍÎKŒLLLLNLNŒM‹ÌŒKŒŒNŽNMÍLŒŒÌÍŽNÍÍMŽNMMÌŒÍNŒLÌŽŒŒMŒÌÎŽMMKŒŒŒÎMÌŽMÎŽKŒLLÎÍÌÍNNMÎNÂŒM‹ÌŒKŒŒNKŽNLÎÎMÌŒÍ‹ŒNÍŒLŽLÌÍÌÌKŽNMNNMŽMŒŒŒMÍÌŽML‹ŒŒÎLÍNŒŒŽËŒLÍMMÎMŒŽŽÂŒM‹ÌŒKŒŒŒŽMÌÍÍŒŒŒŒ‹ŒÌÎLÌNMŒŒŒŒŒLÌËŽNMŒLNLMÌÌMNLNŒLLŒÎMŒLMŒÍ‹ŒŽMNŽMÍÍNLŒËŒLMÎMNŒLÍŽÎŒM‹ÌŒKŒŒŒKŽNŽÌŽŽMLŒŒŒ‹ŒLÍŽÍLLMLKŽNMNÍLÌÍŒÌËŒMŒÍMŒŒŒÎŒNKŒMÎÍŒMÌŒMÌ‹ŒNMLMŒŒLMÍÌŽBŒM‹ÌŒKŒŒŒ‹KŒÌÍÌÍŽMÍÍÌÎLÍËŒŒÌŽMLÍŒŒMMŽKŽNMMÍLLMÌÍ‹ŒŒLŒMŽNLLMÎLËŒMŒLLMŽLNLÌMŒLÌLÌÍMLÎŒM‹ÌŒKŒŒŒËŽNMMŽNLLNÍLLÌ‹ŒÍÌŒÌMLŒNM‹ŽNMLŒMŒÌMLÌŽLMMÎŒLLMŽNMŒ‹ŒMÌLÌÌŽÎLËŒÍLLŒLÌNMÌŒM‹ÌŒKŒŒŽNNMMÌÍMNMËŒÌŒLMÍLÌŒÍŒÎ‹ŽNMŒNMÍÍNLMËŒŽÎMÌMLÍŒM‹ŒÍŒŒÌLNLŒLLÍËŒLŒMŒLMÌMÌMŒM‹ÌŒKŒŒKŽMÍMLŒNMNNKŒŽLMMÍNMMNËŽNMMÍLŒNLMËŒŒMMLNLÍNÌÍMŒŽLÌÎLÍNŒÎNKŒLNLÌMLÎMNŒM‹ÌŒKŒŒ‹ŽNMŒŽMLÎMÍNKŒŒŽNMŒLLÌÍÌMËŽNMNMŽMŒÌM‹ŒMÍMMŽNLÌÍNÍŒŒNNŒŽMÌŽLÍÎMŒLŽÍŒÍÍŽNÍBŒM‹ÌŒKŒŒËŽNÌŒLLŒÍÌŒÎÌKŒÍÍŒŒÎLŒÎÎŽNMLÌŒNNMÎKŒÍÌMÌÎLMÍŒ‹ŒMŽMŽMŒÍÎMÌÍ‹ŒLÎLÌÎMŒNÂŒM‹ÌŒKŒŒŽKŒŒŒMŒÎÎKŒŽMŽLLŽNÍÍM‹ŽNMŒŽLMŽÌŽL‹ŒÌÍŽLMÌŽLËŒŒÎÎLÌÍÎÌÍÌŽŒLLÌÎLÍLÎŒLM‚ŒM‹ÌŒKŒŒŽKŽNÎMŒŒÍMŒŒNLÌÍËŒŽÍŒMMÍÍÌL‹ŽNMNÌLÎÌNLŽMËŒMMŒÌŒŒÎ‹ŒŒŒÌÍLÍŒÌLÍËŒLMÍŽLLMŽMŒ‚ŒM‹ÌŒKŒŒÌŽNMMNLMÌËŒNŽLÍLMÎMŒŽNMŽMLÌMÍNNKŒÎMMÌÍÎÍLLÍKŒNMŒÌLŒLŽMÍŒËŒÍLMÌLLMLÂŒM‹ÌŒKŒŒÌKŽNNNLMLŽLÎMKŒNNÎMNNÎŒŽ‹ŽNMŒŒMMNLMNKŒÎÎÌŽLŽNŒNMMÌÎŒÍÍÍËŒMŽŽÎLMÍLÌMBŒM‹ÌŒKŒŒÌ‹ŽNMŒŒNLÎMMÎLNŒŒÎŽLÌÎMMÎL‹ŽNMNŒŽLÌMMÎËŒMÌMLÌNÌÍÍÍ‹ŒÌÍŽLLLMÎLLKŒŒÍŒÍŽŽMÎLÂŒM‹ÌŒKŒŒÌËKŒLÍŒNÌMŒŒŒÍÍÌÍÍMÍÌËŽNMÍÍÌÌMÌÌŒËŒMMMŒÎÎMMÍŽŒLÌÍŽNÌLÌÌKŒLLÍLMMMŒÎŒM‹ÌŒKŒŒÍŽMÌMMŒMŒLÍËŒÌÎMÍNMLMÌLÌËŽNMŒŒLMÎÍLMŽŒÍÍÍŒLÍÎMŒMNŒŒÎÌÌÍLÌÍLLMŒ‹ŒLMLLÍLÌŒÍÌÌÎMLBŒM‹ÌŒKŒŒÍKŽMÌÍÌÍÌÎNŒÌÍMŒŒÍÍŒŽNMLMLNLÍLLNKŒMMÌMNLŒMÌKŒŽLÍÍMMMŒNLŒMKŒLÍŒÎLÌMÍÍMŽBŒM‹ÌŒKŒŒÍ‹KŒLŽLMKŒNLMŽMÍÎMMLËŽNMŒŽLŒŒÍMLLKŒÌMŽLMNŒMLLÍÌMLËŒNMMÎŒM‚ŒM‹ÌŒKŒŒÍËŽMÌŽLŽLLÌLÎNLÌŒ‹ŒÌMŽLŒŽNNKŽNMMMMÎÎMÍŽ‹ŒÍŽNLMŽMNMMŒÎLKŒMÍÍÍŽNNŽŒM‹ŒLLÍMŒŽÌLÌÍNŒM‹ÌŒKŒŒÎŽMÍŽÎLMLÌÌŽŒNNLNNMÍNMLŒÍLŒ‹ŽNMŒMÍNLÍÌÌŽMŽKŒÍÌÍŽLŽKŒŒNÌMMMÎÌKŒMÌMŒÌÍÎÎ‚ŒM‹ÌŒKŒŒÎKŽMÎNŒŒLŒÍŽKŒŽMMŒLMÌMŒÎŽNMMMÎMÌLMÍÌÍËŒÌLŒÎMÌMLŒLÎMŒLMLŒŒŒÎMKŒLÍMÌMMLÍÍŽMÌÂŒM‹ÌŒKŒŒŽNŒŒNÌŒÍÍMLÍËŒMŒMŒMMŽNMÌKŽNMŽÍÍÌÌNŒKŒÌNNLÎŽMŽM‹ŒLLÎLÍMNMLÌÍÍ‹ŒŒLMLŽNLMÍŽŒM‹ÌŒKŒŒKŽMMŒMLMKŒŒMŒÍÍLŒÎLLÍ‹ŽNMMNÍÌÍMÌMŒLÍMKŒŽMŽMMŒŽNLÌKŒŒŒLLÎMÌÎM‹ŒLLŒŒLŒLMLŒÍŒÎBŒM‹ÌŒKŒŒ‹ŽNNÌÌÍLÌŒ‹ŒŒLÍLŽLMNÍŽNMŒÌMLLŒLMMN‹ŒŽLŒÍŒÍŒÎÌÎMËŒMŒŒŒŒÍŒÍMŒMËŒMÍŒMÌLŒ‚ŒM‹ÌŒKŒŒËŽMMÍNNMÌLÍ‹ŒLÍÎNNNMÎNMŽNMLLMNLŽÌNMMKŒMMŽMNLLÌÍLKŒMLMŽNLNLÎMŒMMÎLLLLÍ‚ŒM‹ÌŒKŒŒŽNLÎMŒÍMMKŒŒÌÌLŒÌMMÌŽM‹ŽNMŒNMÌMÍMŽKŒNŒÍLMÌNKŒÌÌNÎNMLNKŒMŒMÍMLŒÌM‚ŒM‹ÌŒKŒŒKKŒŒÎÌÌLMÌMMÌŒÌËŒŒMŒNÍŒŽMŽNMÍ‹ŽNMŒŒÌÎMŒÎMËŒÌÎMŒMLŽŒŒMŒNNMÌMÍÍLÍŒŒËŒLÌMŒÍLMÎMŽŽŒM‹ÌŒKŒŒ‹ŽNLÌŽÍÍLÌNMMKŒŒLÌMLŒŽNMNLŽNMMÌŒ‹ŒLLŒLÍLÍNMKŒMÌMŒŽNŽLÌNŒLŒMŒŒŒÍŒÌMŒM‹ÌŒKŒŒËŽMÌÍŒŽŒNLÍLÌÍ‹ŒÌÌÌŒLMMÌMŒKŽNMŒÌŒLŒMLÍ‹ŒÌMÌŒÍÌÌÍÌÎ‹ŒŒÎLÍLNLÌŒMŒLMŒLMŒŒM‚ŒM‹ÌŒKŒŒŽMÎŒÌÌÍŽÍŒÍLŒLŒÍMM‹ŽNMŒMMMNLÌÎKŒÎÍÍLÌMMÌŒ‹ŒŽMÎÌÎÍŽMNÌËŒLLMLÍŒÎNLÌŒBŒM‹ÌŒKŒŒKKŒÍMŒNLMŒÍÌMËŒLŒMŒMŒLÍÌÌ‹ŽNMŒÍMÌÎNÌÍŒNKŒÌÌMLÍLMLLÌÍŒMLŒMŽLLÌŽMMŒ‹ŒÍÍÍÌÍMLÌŽÍŒM‹ÌŒKŒŒLŽMNLMŽMLMÌÍŒŒÎMŽÍŽËŽNMMMŒMMLÎMMKŒÍÌMMÍŽŽMËŒÍMÌÌÌÍŒLŒŒLLMNŒŽN‚ŒM‹ÌŒKŒŒLKŽNMÍMÍÌÌÍNLLÍŒÌNMÌMNNÌKŽNMMÎMŒÍLÎMŒŽ‹ŒNMÍÎŽMKŒLLMLMMÌŽNMŒÌ‹ŒLLMÌÍÎŒ‚ŒM‹ÌŒKŒŒL‹ŽNÎLLLNNLÌM‹ŒÍMŒLMMNMM‹ŽNMŒLÌLÎLŽLËŒMÍLÌÍLÌ‹ŒLLÍÎMŒÎLŒÍMKŒLNŒÎLÌMÍLÌÍÍÂŒM‹ÌŒKŒŒLËKŒMÌMŒLMLKŒŽMNÌÍÍMÎLŽKŽNMLNLNÍŽLKŒLLÍÎÎMLŒŒ‹ŒNLÎLLŒÌŒŒÌ‹ŒLMŒMÍŒMMÌÎNM‚ŒM‹ÌŒKŒŒMKŒMÌŽLNLÍŒMŽMÍÍÌNLŒ‹ŽNMNMÍÌŒLLMËŒLMLMÎLÌMŽŒÌŽŽLNNÎKŒLŒÍÎLMŒÍNMÌÌ‚ŒM‹ÌŒKŒŒMKKŒÍÍLLŒNNÍ‹ŒLÎNNMMÌŒÌM‹ŽNMÎÍMNMÍÍŒÍÍ‹ŒLŒNMÍŒŒÌLËŒLMÎLLLŒŒÌÎMŒŽMŒŒMÌÌ‚ŒM‹ÌŒKŒŒM‹ŽMÌŒMÌLÎLKŒLLÌMLŒŒŒŒNLËŽNMLMÌMMŽMÍÍÌÌŽŒLLÍŒÌNÌÌMKŒÌŒÎMÌŒŒMŒLÎMÍKŒLŒŒNÌŒÍLŒM‹ÌŒKŒŒMËŽNÎMNLLÌKŒÍÎŒŒMMÌŒNMKŽNMŒLÌŽMŒLMMÎNNNM‹ŒŒLMÌLÍLMÌLÍ‹ŒLNLLÎMMŒŒÌMÂŒM‹ÌŒKŒŒNŽNLLNMŒÍÌÌÌLŒŒNMLMÌLÌÍÍM‹ŽNMMÍŽNŒÍMËŒLÍÌŒŒMMMLÍLËŒNNÎŒŽLŒL‹ŒLŒÌLŽLMMNMÌMÌBŒM‹ÌŒKŒŒNKŽNLÍMLÎLÌMŒNMLLLÍNLÍŒÍËŽNMNLLMÌMNŒKŒLŒNNMMLLKŒMMÍMÎLÍŒLŒNŒMNÍLÌMM‚ŒM‹ÌŒKŒŒŒŽNÌÍLLMÍÌŒŽŽ‹ŒŒÌŒÌLNËŽNMŽÍNLŽMËŒLŒLÎLLMŒ‹ŒMŒNÍŒÎNMÌŒLÍLMŽLNMÎŒM‹ÌŒKŒŒŒKŽMÍMÍŒŒÌMLL‹ŒŽLLÍÌÌÍ‹ŽNMMŒŽŒLŽÍËŒÍLMMÌÌÌÍNÍKŒNLÌÍMMÍNLŒL‹ŒLLLÌMÍŒMNMNBŒM‹ÌŒKŒŒŒ‹ŽNŽMLMMLMŒKŒNLMLLNÎŽLMËŽNMÌŒŽŒŒŒÍÍÍ‹ŒÎMŒMŽMËŒLŒNMÍŒLŽMÍ‹ŒÎLLÌÍÎMMMBŒM‹ÌŒKŒŒŒËŽNÌNNMŽLŒMÍLÌÌŒLNLÌM‹ŽNMÍÍÌÍÍÌÎÍÍŒMLLNŽŽMLÎKŒMMÌÍLÍNMMMKŒLÍMÍÌLMÎNMMÎBŒM‹ÌŒKŒŒKŒŒLŽÍMÎMMËŒÍÍLÌŽÌLÎKŽNMLÌŒNLÌÍŒËŒLLÌLLÌËŒŒÌÎMMMËŒLMŒÍÍŒÍÍÎÍŒMBŒM‹ÌŒKŒŒKKŒŒLNŒÌÍŽKŒÌÍŽMMLNMŒËŽNMLÎLÎMÌNL‹ŒLÍMMLÌŒNLKŒŒÍÎLLŽÎÍLLÍŒMLŒLMÍŽŒ‚ŒM‹ÌŒKŒŒ‹KŒÎÎNNÍÎËŒLÍNLŒLÍLŽLŒ‹ŽNMŽLÍŽLÌMÍŒÎMLÎŒNŒMLKŒŒŒNLŽÍÎLÌLLNL‹ŒŒŒŒŒLŒBŒM‹ÌŒKŒŒËŽNNŒMMMNLMŽMŒÍÌÍLLÍKŽNMŒLÍMŽNNNNKŒŒLŽMŒÌNNNŒŒLÍÎÍŽMŒÎLÍKŒLÍŽÌMMŒÍ‚ŒM‹ÌŒKŒŒŽŽNLLÎMLÎMŒKŒŒŒÍÍNŽNMŒMÍŽMNMM‹ŒŒMŽMLÌMÌËŒMÍLÍMÌNÍÍŒŒNMŒLLÎNÎLNŒM‹ÌŒKŒŒŽKŽMÍNMŒÍÌMLÌLMLM‹ŒÍÍÍMLMLLLMÎKŽNMNMŽÌŒLŽMÍÎMÍMÌÍMKŒMÍMÌLMMŒLÌLÍŒÎMŒMÎŒM‹ÌŒKŒŒÌŽNMÍŽMŒŽMMMŒÎŒNMÎMÎN‹ŽNMMÎNMÎNÌLËŒÎLÍÍŒÎŒLÍ‹ŒŒLLŒŒŒŽŽLKŒLMLÎŒŒMÎBŒM‹ÌŒKŒŒÌKŽNMÌŽLŒMLËŒLÍŒÌMŒNŽÍL‹ŽNMŽLÌÍŽÎÎ‹ŒÎLNMNÍŽŽMÍÌKŒMÌNMŽŒLÍNÌÌÂŒM‹ÌŒKŒŒÌ‹KŒŒÎMÌŽŒÍÍÍÌŒŒÌNMLÌÌŒÎÌKŽNMLÌLÍÍMNKŒNLŒŒLÎMNLÌKŒÍLMÍÍMLÌMMÌÍŒLLLÌÎNNLŒ‚ŒM‹ÌŒKŒŒÌËKŒMÍŒLMŒËŒŒŒŒMLLŒÍËŽNMŽMÌLMNMŒÎKŒÎNLŽLŒMÌMLÍŒMËŒMMMMÎLÌÍMŒLŽÎÌNMMŒM‹ÌŒKŒŒÍŽMÍMŒMLŒÌLÍŒLMÌÍMLMŽŒÍKŽNMÌÍŒMÌMMËŒÍŒŽLÌMÍÌMMÍËŒMÌMÌŽMÌŒÍËŒNMLŽLÌŽMMŒŽMÂŒM‹ÌŒKŒŒÍKŽNLLÌŒŒNLÌMLKŒÌMŽLNŒMÍMMLÎMËŽNMMÍÍNLNMËŒŒLMLÌŒÎMÎ‹ŒMŽŒÌÎMLŒL‹ŒLLÍÎNMLŒLÍBŒM‹ÌŒKŒŒÍ‹ŽNÌLLLMÍMŽ‹ŒŒÎÌŒŒMLÍÎLËŽNMNÌÍÎMNKŒMÍÎMÍŒMKŒNÌNMMŒÎLNMÌËŒLŽÍMŒLNNNLŽBŒM‹ÌŒKŒŒÍËŽNMLÍÌŒÍLÎ‹ŒÌŒMÌNMNMÌŒÎNŽNMNLMMÎLMËŒLLÍMLÌÍÍLÌMŒÌLŽMLŒŒÌÌËŒLLMŒÍMNLMNLÂŒM‹ÌŒKŒŒÎŽNLMMÌMMŒNÌŒŽMLLÍÌÌËŽNMMÌÍMŒLÌLËŒMŒMLMÎMNKŒLNMÍÌÍÌM‹ŒLŽLŽLŽMLNLÎLMŒM‹ÌŒKŒŒÎKKŒÍÌÎLŒLŒNLŒŽLKŒÍMMLN‹ŽNMŒÌÌŒÌÍÍLŽNŒŽLÌLLMÌMÎMŒMMÌLLÎÍLNŒLLÍÎLŽLŒMLŽÌBŒM‹ÌŒKŒŒŽNMLLŒÌÌMŒMËŒŒŽMMNÍÍMŽNMNMŒMLNMËŒMLŽLÍÍMŒLÎKŒŽLÌÍMLŒÌËŒLÌŒLMLLLBŒM‹ÌŒKŒŒKŽNNŒÍMMLÎMÍÌKŒLŒÍÎMLLÎMÌLËŽNMÍMÎMÍLMŒŒMKŒÍÎÍNÍÌÌÎKŒNLÌÌŒŒLÍÎLKŒLÍŽŒŒLÍ‚ŒM‹ÌŒKŒŒ‹ŽNMŒŽMLŒŒLËŒŒŒÌÌÌŒŽNMMŒ‹ŽNMŒÍÌŒŒMNËŒŒNMÎMÎŒMNMMŒÎMÍMLLMKŒNMLLÍŒMÌ‚ŒM‹ÌŒKŒŒËŽNMMŽŒMMÍÍM‹ŒNMÍÌÍNNMLMMŒLŒM‹ŽNMNLÍNNÌŒËŒLÌLŽÍÎNÌKŒLÎÌLMÍLKŒLÌŽÌÌMÌŽÂŒM‹ÌŒKŒŒKŒÎMÎMÍŽNËŒŒÎLÍNNŒÌ‹ŽNMŽLÍŽNLMÍŽKŒÎLÍMÌNMŒŒMKŒŒNLŒŒÍÌÍLÌLŽŒMMÌLŽŒÎMÎNMMÎŒM‹ÌŒKŒŒKŽNMÌÍÍLNNLÍ‹ŒÌŒÍÍÍMÍÎÎÍ‹ŽNMMLNNLNMM‹ŒŒŒŒŒÍÎÌÌÍ‹ŒMÍÌLLÎMLËŒLLÎMÎÌŒÍÌŒÂŒM‹ÌŒKŒŒ‹ŽMÎÌŒÌÍŽLÎMÍKŒÍNLLNŒÍŒLLKŽNMLLLÍÍMÍMÍL‹ŒMLLMŒÍNËŒMÌÎNÍÍÌNLËŒLLÎŒŒ‚ŒM‹ÌŒKŒŒËŽNLÎLŽNMLLÍ‹ŒLÍMNNMNÍLÍŽNMŒÍŒÌLÎÌŒËŒLŒÌMÍŒMÍKŒŒNMÎŒÌMMËŒNLÍÌLÎÍÌLLÎMŒM‹ÌŒKŒŒŽMÎMÌÌŒŒÌLLÎNKŒÌŒÍNMMMŒKŽNMLŽMLŒMÌŒËŒLLŽMÎÍŒÍÌŒËŒNÍÎŽŒLLŒÎLNÍMBŒM‹ÌŒKŒŒKŽNLÎÌŽLÌÍLÍÍ‹ŒŒÍNÍÌLÌÌNMËŽNMŒŒNLLŒÍMÍÎLNÍKŒLÎLLÍŽMÌLŽML‹ŒMŽÍLÍÌŽLŒ‚ŒM‹ÌŒKŒŒLŽMÎÎNLŽLÍNLÎKŒŽNLLNMŽÍÌÌŽKŽNMMÎLMŒŒLMËŒÍÍLÍÍŒNMMLLËŒNLŽLŒMÌ‹ŒLÌMŽLŽNMÌÌÂŒM‹ÌŒKŒŒLKŽMÌŒMÌÌÍÍLNÍKŒŒÌŽMMMNNKŽNMMNNÍÌÌÍÌÎLKŒÎMÎMŒÍŽMŒËŒMÍNLÍLŽMÎLÍÌÍËŒLÌLMŽLÍMÍÎŽŒM‹ÌŒKŒŒL‹ŽMÍLLŒMŒŒÍÍM‹ŒMÌLNLÌMLMLËŽNMLMMMŒMŒNNÍKŒMLŒNLŒLÍÍÍŒŒŽŒMŒŒMÌÌŒLLŽLŒÌŒLMŽÌÌBŒM‹ÌŒKŒŒLËŽNMÎŽLÌMÎKŒŒÍÌŒÍNMMMÌKŽNMNNLLŒÎLL‹ŒÍŒÍÍLŒŒŒML‹ŒMMMÌMŽLÍŒŒLÎKŒLÍŒŽLNNNM‚ŒM‹ÌŒKŒŒMŽNMŒŽMÌÎMKŒŽMÎŒÍŽÍMŒÌËŽNMMMÍŽMNÍÎŒMLÌÌÌÍMNL‹ŒMÍMLMŒMMÍNMKŒNLÌMŒMLÎLÂŒM‹ÌŒKŒŒMKŽNLLŽNÎLÎÍŒŽLÍLÍMLËŽNMŒÎÎLŒLËŒLMŽLÍŒMLŒMLLŒLMMËŒLLNÍÌNŒŽLŽBŒM‹ÌŒKŒŒM‹ŽNMÍÍŽLÎLŒËŒÍMMLNMÍËŽNMLLŒÍLŽŒLÌÍŽNMLÌLËŒLÎŒMMÎNLLŒÍÍŒLLÌŽŒŽÍŒÂŒM‹ÌŒKŒŒMËŽNŒLLÎŒÌÍŒŽLKŒÌÍLÍŒLLLKŽNMMÌMNLÎNLMNŒÍNÍŒNLLLÍÍÍŒÌLÌŒÍŒŽLŒ‹ŒLMÍÍÍÍÍ‚ŒM‹ÌŒKŒŒNŽMŒŒLÌÍÌNMŒMLËŒMMLLÍÌMŒNËŽNMŽMÍŒNLM‹ŒŒÍMLÎLMÍMŽ‹ŒÌMÌÌÌŒÎLNŒLMÍMNLŽNÍÂŒM‹ÌŒKŒŒNKKŒMÌLNNMÌMŒKŒŽLMŒNLŽMLLNLLËŽNMNLÎÌÌMŒŒÌM‹ŒLÎMŽLÎLÎLKŒLÍÌÎNÍLŒÎŒMÎMLÎŽÌÍÍÌBŒM‹ÌŒKŒLKŒŒNMÍLŽKŒŒÌÍÌMŒNLLŒLKŽNNLŽÍŒMŒLLLÍLKŒNLLŒLMÌLÍÌMKŒLNMŒNÌÌŽŒŒÎLÌMLÍLÍŒM‹ÌŒKŒLKŽNNMMÍŽNLŒ‹ŒÌÍLÎMMŒMÌMŽNNLÍMŽLNÍMLËŒŒNMÍLÌÍŒÍŒŒMÍŒÎLMMŒÌMNLLLŒMKŒLLMŒÍMNÂŒM‹ÌŒKŒL‹KŒLŽLMŽNNKŒÌLÌÎNLÌNMMMŽŽNNLŽLŽMŒËŒNLMLLŒÍLNÌLËŒÍŒÎNLLŒÎNL‹ŒÌLŒÌÌLMÌLÂŒM‹ÌŒKŒLËŽNÌNNMÎLŒËŒÌÌŒŽNÎLL‹ŽNNLÌLÌÌÌÌÎLKŒNLŽLŽMLÎNLÍ‹ŒLÍÍÎÎLLÌÌŒŒÌLÍNMLMÍBŒM‹ÌŒKŒLKŒŒÎMMÍMÍ‹ŒŽÌÌLMNŒLŒŒNMËŽNNLÌÎLŒLLKŒNÌŒLÌÍÍŽŒÌ‹ŒNŒÎMNLÍŽŒÌLÎMNMÌÌÍŒÍ‚ŒM‹ÌŒKŒLKŽNLŒÍLMÎŒÌ‹ŒÍNNÍMŒMŒMŽNNLLMŒNMMLLŒ‹ŒŒLŒMÌLMLÎKŒMÌNNLNLŽMŒÍËŒŽMÎLÌNMÎMŒ‚ŒM‹ÌŒKŒL‹KŒŒMMÌÍÍÍMÍŽ‹ŒŽÌŽŒLNMŽNNLLMŒÌNLÌËŒŒLNMÌÌŒLÎKŒLŒÍLÌMMÌËŒLMMMŒLLÍ‚ŒM‹ÌŒKŒLËKŒÍLÌLLÎNMLŒKŒŽNLLLLŒMNŽNNLŒŽMMÍÎLÍËŒNMŒŽMŒMÍŒMÌÍKŒŽMNMÍÍŒŽKŒÎMÌÍŒŒŒLLÍBŒM‹ÌŒKŒLŽNÌLMŒLMKŒÌŒLNNÍMMLŽNNLŒŒÍÌÎNMŒLÍËŒNMÌLMLŒMÎLÌ‹ŒLŒLMÎLÍNMÌKŒŒŒLÌLÎBŒM‹ÌŒKŒLKKŒÌŒLÍÌŒLL‹ŒŒLMÌLÎMŒN‹ŽNNLNNMÍŒMM‹ŒŒÍÌŒŒÎLMKŒÌŒLÍŽŒÌËŒMŒÌMÍMLÍ‚ŒM‹ÌŒKŒLLKŒÌÌÌŒMÍÍÎËŒŽLÎMÌÎNLLÎŽNNLŒŒÎLŒŒÍÌLËŒNMÌÎMMMMÍŽŒÎMLLŒMNNMLÍ‹ŒÍŒLÍÌŒŒŒMÂŒM‹ÌŒKŒLLKKŒŒÍMÌLMMŒÌŽMÎMŒLNM‹ŽNNLŒÍLŒMÍÍÍM‹ŒNMMŽLMŽMLNLLŒÌMLÍŽŽNLMŒŒŒŒËŒLŒNLLŒÌÌŒLMÂŒM‹ÌŒKŒLL‹ŽNMLÎÌLŒÌLÍLLÍKŽNNLMMLMŒŽŒŒŒÎMNLMŒMŽNÌËŒLÌÌÎLŒÎNLÍÎMKŒÌÎÍMÍBŒM‹ÌŒKŒLLËŽNMMMŒÍŒLÍÌ‹ŒÌÍLÍÍMLŽNNLMKŽNNLŒŒÎNÌLÍLÌËŒNNMŽNNNŒNLLŒ‹ŒÍŒNÍÌŒLÍÍËŒLŽÌŽLŒÌÎM‚ŒM‹ÌŒKŒLMŽNNLÍLLŒLÍLÌÌ‹ŒÌNÍÍLŽMLŒÍŽ‹ŽNNLLÌLLNMÎMÍKŒŒNŒLÍÌŒŒÌKŒMÌLÎMÌÍŒŒ‹ŒLŒÌLLÎMMBŒM‹ÌŒKŒLMKKŒÌLMLMMKŒÌNLÎMLÎMÎŒÌM‹ŽNNLNMÍLMLŒNŒŒŽÌÍLŒLËŒLÌLMŒŒÍŽNLÌËŒÍŽÍNLÌÍÌŒM‹ÌŒKŒLM‹ŽNÎLÌLÌŒLMÌLKŒÌÍÍÌLMÍ‹ŽNNMLÌÎMMÌ‹ŒMMMÎLÌÍÌMŽŒLLMÎMÌŒNNLËŒÎÍÍŽMLÎÍÎBŒM‹ÌŒKŒLMËŽNMÍÍÍËŒÌÎLÎMÎLLML‹ŽNNLLLŒŒLŒÌÎNLLŽÍŒÌËŒMMLLŽMLLKŒNMÍŒMNÌLÂŒM‹ÌŒKŒLNŽNMMMÌLŒÍÌŒMŒÌMÍMLNNMNLÌLËŽNNLÍÍÌLÌLÍËŒŒNLÍLLŒLÍÍÍÍŽŒLLLŽMÌLMŒŒŒŒMMLMÍLM‚ŒM‹ÌŒKŒLNKŽNMŒMÍNMŒLŒKŒÎMÌLŒŽLNŽNÍŽNNLŒNŒÍLMŒ‹ŒNMÍÌÎÌŒ‹ŒMÌMŒÎLÎLÎŒÎÍŽLÍMŒÌŽBŒM‹ÌŒKŒLŒŽNMMÌNMLÎÌNŒŒÎMÎÌMLÍMÌNMŽNNLÌNMÌÌLÌMMÌKŒNÌMLÍŒLÌM‹ŒLNMÌÍŽNNMLÍKŒÎŒÍÍMÍ‚ŒM‹ÌŒKŒLŒKŽNLŒÍÌŒÌŒNŒLÍŒŒLÍKŽNNLŒNMMÍÍMKŒNMÍMLÌŒŽNNMMŽŒNLNNLŽLŒMMKŒŽLLLÌLMÍNMŒBŒM‹ÌŒKŒLŒ‹KŒŽNLÎNLÌŒËŒÎLŽMLŒÌLŒKŽNNLÎMŒLÍÍLËŒMÍÎLÍŒMŒÍŒLLÍŒŒŒÌŽŒŒKŒÌÌŽMÌÌLÌMLÌ‚ŒM‹ÌŒKŒLŒËŽNLŒÌÎMÍLÍÌÍ‹ŒÌŒMŽLMLÍŒÎLÎMÍKŽNNLLÎLÌLLÎŒŒMÍŒLŒMLÎMÌ‹ŒÍMÌÌŒMŽLÌÍMKŒNLMÌŽMLMLÌMÎŒM‹ÌŒKŒLKŒMÎMÌŒLKŒÍMŽLMÎNNMÌMŽNNLÌÌLŒÌKŒNMNÌNNÍNŒMÌŒÍŒÍM‹ŒŽÍMLŽNLŒM‹ÌŒKŒLKŽNLÎÌŒMNLŒKŒÍMÎÍÎMŒMÍMLLËŽNNLÌLŒŒÌL‹ŒŒŒLLLŽÌŒLNMÍKŒLLŽŽŒÌMËŒNNÌŒLÎLBŒM‹ÌŒKŒL‹ŽNMNNLÌÍÌŽLNM‹ŒŽLŽNNŽNLŽMŽNNLLMLÌÌMËŒŒLMÍÍÌÍL‹ŒÍŽLLÌŽMÍM‹ŒŒÍÍÎMŒŒŒBŒM‹ÌŒKŒLËŽNLŒŽNLLŒMÎŒŽMÍÍŽŒŒËŽNNLNMMMÌÍËŒŒMÌLMÌÌŽMKŒMŽÌŽNŽMLKŒNMŒŒÍÌŽÌLBŒM‹ÌŒKŒLŽKŒŒÌÌÌŒŒLŒ‹ŒÌMLNLÍNNKŽNNLLÍLŽLMMŽLËŒŒÍÎLŒLŒLKŒNMÌNLLŽMÌ‹ŒLŽÌŒÌBŒM‹ÌŒKŒLŽKŽNNLLÌŽLŽÌŽŒŒNMMŽMNÎLŽLMŽNNLŒMÍŽNNLŒËŒNNLŽLÌŽLÍLLÌÍKŒŽÌÎMLNŒÎLÌËŒÍŒÌŽLMÌÍÌŽÍŒM‹ÌŒKŒLÌKŒLMLÌNÌŽÌKŒÍMŒÌNNŒLÍMKŽNNLLÍŒÍMŒŒÍËŒŒÎNLÎMŒŽLLNŒÌŒŒNÍLNLÌKŒMŽMÎMMÌŒŒBŒM‹ÌŒKŒLÌKKŒŒŒLÎNÍNMËŒŽNNMMMŽÍLNML‹ŽNNLNNMNLLLMÍŒËŒŒLLLNNLLLMŽËŒÍÌÌMLŒLŽNŽLLNËŒÎNÌMNÎNMÌÎBŒM‹ÌŒKŒLÌ‹ŽNLMÍÌŒLÍMLÎKŒÌLÌLÍÌLŒLÍÌKŽNNLLMŒÍLNNÌËŒŒLMŽLNMMŒÌŒLÌÍŽLLŽÎNNLËŒÌÎNMLLMMŽ‚ŒM‹ÌŒKŒLÌËKŒLÍNMMŽNMM‹ŒŽLLÌÍÍLÌÍŽNNLÌŽNLÍLÍKŒNÌŽLÌŒÌÍÎNMËŒŽMÌÌNLÌÌNLÍËŒÎLÌÍLÌŒŽÍŒM‹ÌŒKŒLÍŽNMNMÍMÍNMŽLKŒŽMMÌNMMŽNNŽNNLŒMŒNMMÎLNŒNNMMLÍÍŒÍNŒÌÎŒÌŒMŽMËŒŒÌNMŒLMÌŽŒM‹ÌŒKŒLÍKŽNŒMÌÌLMŒÎNMËŒÌŒŽNŽLÌLÍÍÍKŽNNLÌMÎMLÍÎÌŽMŒNMÍŽLŽMLÌNMMÍLŒ‹ŒNNNNMLÍMNKŒMŒÎMMŒNNMÍÎ‚ŒM‹ÌŒKŒLÍ‹ŽNMÍŒÌÎMMŒNKŒŽNLÍÌÍÍLŒ‹ŽNNLÌÍLŽLÌMNMËŒNŒMŒÎMMNMMÍŒLNLÌÍÍŒMŒŒ‹ŒŽÌŒMNMÌMLBŒM‹ÌŒKŒLÍËKŒÌMÎLÌMËŒÌÍLÎNMŒLÍÍLŽNNLNMŒÌÎMÎNNKŒŒÌNNMÍÌŽMMÍ‹ŒÌŒÍŒLLŒMMŒMÍKŒLŽLÎŒMÌMÌBŒM‹ÌŒKŒLÎŽNMÌŒNÍLNKŒŽLLLÍÎÌÍÍÌ‹ŽNNLLÌNNNŽŒŒÌÎMÎLÌLKŒMMMŒLÍLÌŒÌËŒÎMÍÍŒÌÍÌNMÂŒM‹ÌŒKŒLÎKKŒNŽNMŒÌMÌŒKŒLÍÌÍÌŒÍLÍNNKŽNNLŒŒŒLŒMŒŒKŒNMÌNNÌÌMŒKŒMÎMNLÍÎLŒÍÍÍËŒMÍLLÎMŒMBŒM‹ÌŒKŒLŽNNŒMNNŒÌMKŒŽNMNLÍLLLMËŽNNLŽMMLMÎÌŒ‹ŒNÍÍMŒMNÌMLNŒŽNÍLNÌÍŒLŒÎÎÌLÍMÌŒ‚ŒM‹ÌŒKŒLKŽNLÍÌÌŽÍÎ‹ŒÌLLÌŒÍŽLÌÎMÍËŽNNLÎLMÍMÌLMMÎŒŒMMÌŒMŒMÌÌËŒLŒMLNMNŒ‹ŒLÎNMÍÎLÌŽLÍŒÂŒM‹ÌŒKŒL‹KŒLÌNMŒÍŒŽMŒKŒŒÌÎÍNLMNNLËŽNNMLÌÍŽMLÌËŒMLÍÌŒLMLŽLM‹ŒÌÎLMÌNNMLKŒÎMÌNMLMŒÎMŒM‹ÌŒKŒLËŽNLÎMŽLÌÍŒËŒÍÌÎNLÎMŽN‹ŽNNLŽÍMÌNKŒŒŒLLMMÍML‹ŒMŽLMÍÌÎMNKŒNMŒÌLŒMÌLLŒBŒM‹ÌŒKŒLŽNLŽLLŒÌÌLÍMŒŽÎMŽMŒÎMËŽNNLŒLÎMMÌÍËŒNNNNMÌNMŒNLËŒMÌNŒŒŒM‹ŒŽNMÎMLÎLLLŒM‹ÌŒKŒLKKŒÍŒÌŒŒŽŒÌMLŒŽMNLÍÍŒËŽNNLNLMMNNMÌMKŒNLÍMNÍŒÎŒŽŒŒMÌÎLKŒŒMÍNLNŒM‹ÌŒKŒL‹ŽNMŽLŒŒ‹ŒÍNMLLÎNLÌMŽNNLMLÌÍËŒŒMÍLNÌLMLŒŒÎNMÌŽMŽMKŒMŒMLŽMŒMLÍLÍÂŒM‹ÌŒKŒLËŽNŒŽNŒŒMÌKŒŽNÍNMŽL‹ŽNNLŽNLÌÌLŒLNKŒNÍŒÎMMÍÍÌÌËŒÌŽMLÌÎMNNŒÍÍŒÍMÎMŽŽNMŒÍMŽBŒM‹ÌŒKŒLŽNLÌMMNÍŒLÎKŒÍLLLÍLMÌNNŽNNLŒŒLÎÍLÍŒËŒNMÍMŒLÍÍÎMKŒLŒLÎLLÎLMÍ‹ŒŽMÌÌÍÌMÎMMÂŒM‹ÌŒKŒLKKŒÌÍŽMŽNMÍNLÎKŒŽMLŒÍÌÌÍMLÎŽŽNNLŒÎLŒŽLMNML‹ŒNMLÍÌŒŒŽNMÍLŒŒÍŒMLLNLMÎŒÌÎMMLÌŒNŒM‹ÌŒKŒLLŽNLMNMLMMŒËŒÍÌMŒÍŽ‹ŽNNLÌMLŽNŽLMËŒNLÌLMŒMŒÍŒŒÎKŒÌÌLÍNNMÌŒLËŒÌMMÌŽÍMBŒM‹ÌŒKŒLLKŽNMLŽMÎMMNKŒÌLŽNŒŽNNŒÌMŽNNLNMÌLŽÍLŒËŒŒÍÌÌÌNNNÍL‹ŒLLÎÌÌÍÌŽNLÌËŒÍMÍŽŒÎŒ‚ŒM‹ÌŒKŒLL‹ŽNNNNMÍÍÍŒMËŒŽLÍÍÎLŒMÍL‹ŽNNLLŽLÌMÎKŒŒMÌÍŒŽNM‹ŒÌMÌÍŒÍÍÌÎLMËŒÎNÍŒMÎLŽML‚ŒM‹ÌŒKŒLLËŽNNŽLÌLŒÍŒLŒMNMÎLŒL‹ŽNNLÎLNLLŒŽKŒNNÌÍÌŽŒNÌKŒÎLÌÌŒÌÌ‹ŒŒŒLMNŒŒÍLÍŒM‹ÌŒKŒLMKŒLNÌÌŒMNL‹ŒÌÎMNLLŽNMÍŽNNLLLŽLÍLL‹ŒŒŒŒÎMNMNMLÌMMÌŒMNLŒÎMŽÎMŒÍMKŒLÌŒÍÍŽMÌÍMÍNÍBŒM‹ÌŒKŒLMKKŒMÍŽLL‹ŒÌLŒMMÍÍÍMÎ‹ŽNNLŒÌNLÍÌÍÌŽŒNMNMÌNLÍNLŒ‹ŒNŒLLÍÎLÎŒLÎMŒÎLÍŒLŒÍMNŒM‹ÌŒKŒLM‹ŽNLMÌÍŽMÌ‹ŒÍLŽNNLMŽŽNNLMŽLŒNM‹ŒŒŒÍŒLÍÌŒŒÎŽŒLMÎMÌÍŽŒLŒLLŒMŒBŒM‹ÌŒKŒLMËKŒMÌMLÌŒMLŒÍÌMŽŒŒÌÌŒËŽNNLMÎLŽMLMŒŒÌŒÌÍÍLŒÍÌMÍŒŒÌŒÌLMŽLM‹ŒÎMÌÍLNMLÍLÂŒM‹ÌŒKŒLNŽNNMŒMŒÌLŒMÍMËŒŽÌÍLMŽNMŒËŽNNLNÎLŽNMMKŒŒMLNMMMŽLNM‹ŒÎNLMLMLLŽNLMKŒLLÍÌMMMÎBŒM‹ÌŒKŒLNKKŒŒLÎÌMLÍ‹ŒÍÌLÎNMLNLŽLMKŽNNLLMÌŒÍŒLŒŽKŒŒLMŒLÍŒŒÎMŒÍËŒLÍLÎLŒMŒÍËŒMLÍÍLÌÌŒŒÌŒM‹ÌŒKŒLŒŽNMŽMÌMMŒMÌÌÎËŒMMÍÍŒËŽNNLÌMMŒÌŒÍMŽKŒNNMLLÌËŒŽŒLŒŒÌÌŽMÍLLËŒÍMÌMÍMÌMLÎLÂŒM‹ÌŒKŒLŒKŽNMMŒÍMMMŒMKŒŽŽÍLÎÎMÍÎ‹ŽNNLMÍÌLL‹ŒNLLNNMNÍŒÌÌÍMLÌÍÌŽKŒÍMLÌŒŒÌŒ‚ŒM‹ÌŒKŒLŒ‹ŽNNMŒÍÌLÌLÍLËŒÌŒÍÌMŒMMM‹ŽNNLMNMNÎMËŒŒLMLMÎMLŒMLM‹ŒLÌNMLLÎMKŒLŒŽLMMÍLMBŒM‹ÌŒKŒLŒËŽNÎLÍNMNLLŒŒÎLLÌNLLÌÍMŒÌMKŽNNLÍÍÌLŽLLL‹ŒŒNLÍLÌLÌÍŽKŒLLÌÍLŒŒÍŒÌ‹ŒMÍÍŒMNŒŒÎŒMŒM‹ÌŒKŒLKŒÌMLNÌÍËŒÌŽMLLÍÎMÌÎÎŽNNLŽŒŒLÍŒÍKŒNMMÌÌLMŒMÌMMÎM‹ŒLNMŒLMÌLŒKŒÍNMMMLMŒM‹ÌŒKŒLKŽNLÍŒŽMŒNL‹ŒÍÍNŽLL‹ŽNNLÌMNŒŒÍÎÎKŒNMMÌŒŒŒŒÌÌ‹ŒLNÎMÎNLLÌKŒÍMÍMLMMMÍMŒM‹ÌŒKŒL‹ŽNNMŒLÌÍŽÎÌÎLNKŒÌŒMÌÎMÌŽNŒKŽNNLÍÍMÌŽNLÍŒNLNÍÍÍÌŒMŒMNLŒÌÍÍLŽËŒLMLŽMÍŒŒBŒM‹ÌŒKŒLËŽNNLLŒLŒŽLŒMÍËŒÍÎNLNMMŽNLŽMKŽNNLÌŽŽLNMŒNMÎÌŽMMÌMÍNMÍ‹ŒLMÍŽLÍLÌŽMŒŒÌLMÍNÌMM‚ŒM‹ÌŒKŒLŽKŒŒŒŽLLNMM‹ŒNMÎMŒMLŒLLÌÌ‹ŽNNMLÌLNLKŒMNLÌÍMMÌÎLŒKŒÎMLŒMŒMËŒÍMMMÌÍÍ‚ŒM‹ÌŒKŒLŽKŽNŒŽÍNLŽËŒÌLNLŒÎÍŒÍŒKŽNNLLNMÍÌNKŒŒLMMŒMMŒÍL‹ŒMLÍNMŽMÎLNŒNMLÍ‚ŒM‹ÌŒKŒLÌKŒŽÌMÌÍŒKŒÍÍÍÍLÍÍŽMLMKŽNNNŒMÎLMÎMÍ‹ŒŒLÎŒLÍŒŒMKŒŽMMŽLŽLLLÌŒÎNLŒÌLMÎLBŒM‹ÌŒKŒLÌKŽNMÎLŽŒÌMMŒKŒŽÍNMLÍMŒÌŒÍÍ‹ŽNNLŒÌÍŒÌÍMÎMŒNMMÍÌŽNKŒÎLNÍŽÍLÌŽMÌ‹ŒÌLÍŒÌLLLÍŒÍŒM‹ÌŒKŒLÌ‹KŒŒŽŽÍÍŽŒÌÎLÍMÌLLN‹ŽNNLMŒMMŒLŽNŒNLŽÎNÍŒÌMŒŒŒNŒLNMLNLKŒÍLLLÍÌLÍŒBŒM‹ÌŒKŒLÌËŽNMÌŽLŒÌÌÎŒÍLÍÍŒŒÍŒKŽNNLMMLÌŒÍËŒŒÌMÎNNŽLŒMÌËŒLÍŒŒMÎNŒMNLLNLÍBŒM‹ÌŒKŒLÍKŒLŽMŽMÍMLMKŒŽLÍLLÎÍMÎMËŽNNLŽLÍNÍNMÌ‹ŒNLLMŽLÍŽÍMMŒNLMŒMÍNLLÌLŒÍKŒMŒŽLLÌMÍ‚ŒM‹ÌŒKŒLÍKŽNLLÍŒÌNŒŒŽMÍLŒÍÌNÌÍËŽNNLŽMÍÌŒŒÎLNŒNNÌLÎLMÍ‹ŒLŽLMLÌŒMLKŒŽŒÍLLŽMÎL‚ŒM‹ÌŒKŒLÍ‹KŒÌŒNNMKŒNLŒŒŽMÍÍMLL‹ŽNNLŒMNNÌMNÎKŒNNÌÍÎÎMNKŒÌÍÌMNNMÎÌMŒÍÌÎŒÍMNBŒM‹ÌŒKŒLÍËŽNLŒNMLÍŽMÌL‹ŒÌÎLŒŽÎMÍÎNKŽNNLMÍÍMÌÎÎLÎLËŒŒÎÎMLÍÍLNKŒNÌNMMŒMŒLŒNMLÍŒÍŒŽMÌBŒM‹ÌŒKŒLÎKŒMMÍMÌNŒŽLÌNLLMÍLËŽNNLŒÍÌŽÎMÍNËŒNMLŽÎLÌMMKŒLŒÍÌMNMŒÍKŒLMÌÎÎÍŒM‹ÌŒKŒLÎKKŒLLÍLLŽÍŒÌMŒ‹ŒÍÍÎNNÍÍÌÌLËŽNNLNLLŽMMMŒŒÌNNMLÍÎMNNLKŒMLŒNMŒÌÌMÍËŒMÍMŒÍÌÎMÌLÌÍŒM‹ÌŒKŒLŽNMŒŒLŽÌMKŒŒÎMÌMMÍÍÍ‹ŽNNLÌÍÎÎLŽMÍKŒNNMMŒLÎNŒÌËŒLŽMÍÎLÎNMÍËŒÎLNÌÌLŽNMŒM‹ÌŒKŒLKŽNMLŒÌŽÍMŽNÌ‹ŒŽNLÍÍLLÎLŒÍËŽNNLLÎÍŒÍÎMŒÎŒŒLLŒLMMŽMM‹ŒŒLLMÌŽMŽKŒÎLŒŽÍÌÌŒLÍ‚ŒM‹ÌŒKŒL‹ŽMÍNMMÍMNLÌKŒÌÍÍMLÌŒMMLÌMKŽNNLMMLMÍŒMÌ‹ŒŒÌNÎNNLMNMMŒNNNMÎMÎLÎMÌËŒMÎÌÌÍÍŽBŒM‹ÌŒKŒLËKŒÌNÍÍLŒŒL‹ŒÌLLLMMŽMŒMLKŽNNLŽLLÎNMLŽŒNMNLŒLŒŒLŒŒMKŒMÍÍÌÌLMŒMŒŒÍŒLMNÎMÌLLBŒM‹ÌŒKŒLKŒNÍMMÍNNNMLËŒŽNÌÍMMMŒMËŽNNLÍÌÌMÌŽMËŒNMMNLÍLÌL‹ŒMLŽLŽLMLÍMŒÍM‹ŒMMNNŒÌÎŒŒNBŒM‹ÌŒKŒLKŽNNLŒÌŒÌŒLMM‹ŒÌNLNLÍÎÌMËŽNNLŒNMÍŒŒLLÍMLËŒNMÍLMŽLÌLMLŒ‹ŒLMŒŽŒÍÍMÍŒŒNŒÍMÌŽLÌMÌÎMMŒM‹ÌŒKŒL‹ŽNLÌNÎŒMLMKŒÌÎŽÍÌMKŽNNLŒÍÍÌÌKŒŒÌŒÌŒLLNÌÍKŒLLŽMLŒLÌLŒLŒ‹ŒNÎÎÍNNŒŒM‹ÌŒKŒLËKŒMMŒLLÍŒNMŒÎMÍŒŒMÎMLÌMMKŽNNMMŒLŒLNŒMÌŒÌŒÌŽLŒNKŒLLMMŽLMŒÌLÍKŒÎLÍÎŽÎBŒM‹ÌŒKŒLŽNLÍNMŽLÌÌNLŒ‹ŒLÍŽLNMMÎŒËŽNNLŽMMÍMŽNKŒNŽŒŒNMMMÍËŒLLLÌŒMNÍ‹ŒLÎŽMNLÌÎNNMŒM‹ÌŒKŒLKKŒÍŽMNLNNKŒÌŒLMMÌNM‹ŽNNLLMLMNŒKŒŒLLMŒMÌÎKŒLÍMÍMŒMŒÍÍŽŒNMNMÌŒNMNMŒM‹ÌŒKŒLLŽNLŒÎNMNLMËŒÍÍÍÍŽMÎMŽNNLLŽMŽLŽNKŒŒŒMŽŒMŽŒÍLÎMLMŒÍLÌŒÌKŒŽLMŽLŒÍÍÍŽBŒM‹ÌŒKŒLLKŽNMŽNMÌL‹ŒÌNŒÌLMÍLNLMKŽNNLÌLÍÌLÎNKŒNŽLÎMËŒÍÎÍNÍŒÌLÍLŒËŒÎMÌÌLLMM‚ŒM‹ÌŒKŒLL‹ŽNMŒLLÍŒMŒÌLMÎMŒLŽNNLLÌÌÌÍŒMMŒŒMÌMÌMŒÍÌÌŒÍŒNNMÍMNŒLŽMÌLNLÎLBŒM‹ÌŒKŒLLËŽNMMŒLÌLÌLÌÍKŒŒMLÍMÍÍLMMÍKŽNNLLLÍLNLLËŒŒLÌNLLÍÌMMÍLËŒMÎMLMÍŒÌNMKŒÎMÌMŽŒLŽNBŒM‹ÌŒKŒLMKŒLLNÍŽMMËŒŒÍŒÌÎÍLÎŽŽNNMLÌMNŒMÌÌMMÍŒMÌMNLËŒŽŽŒŒŒÎËŒNLMMLÍŽ‚ŒM‹ÌŒKŒLMKŽNMÌÍLLMÍŒMLMÍËŒÌŒLLÌMŒŽMMŒËŽNNLMÍLÌËŒŒMÌMÎLLÌÍLÌ‹ŒÌÌÍÍÎLÍËŒÌÍLLÌŒÎÂŒM‹ÌŒKŒLM‹ŽNLÎNNMNMÍŒŽLŒŒÎLÌLMŽM‹ŽNNLMMÍÍÍLNÌKŒŒMMÍLLMŽLŒMŒMËŒMÎLÌLŒÌÌËŒMMNLMNŽLNLÂŒM‹ÌŒKŒLMËKŒLLÌŒMMNMŽMKŒLLMÎLÎLÌŒËŽNNLÎLÎÌŒLŒŽLKŒMÍÌÌMÎLŒNËŒLNNŒŒÍNLŒLÍKŒMLLMLÎMÂŒM‹ÌŒKŒLNŽNÍÌÌÍLÍÌÌLLËŒŽMŽMLLÌNÍÍŒËŽNNLŒLÌŒŽLÌÍMÎŒNNÎNÎÎMŒÎŒLÍÌÌNÎŒMÌÍÎŽŒBŒM‹ÌŒKŒLNKKŒLNLÍŽMÍMLÍ‹ŒÌLNNNÌLÌLKŽNNLÍMŒŒÎMÎMNŒNÍÍLÌKŒŒÌÍÍMMÍŒLŒMŒŽŒMŒMÌÌÌÍŒM‹ÌŒ‹ŒLŽNLÌÍÌŒÍŒÎMLLLKŒLMÍMLÍŽLÌMŽLMŽNÌMLŒNLŽMMËŒMNMŒMÌŒŒÍŒÌLŒMMŒÌMÌ‹ŒŽLNÌMNÎMLÍŒM‹ÌŒ‹ŒLKŽMÌÌŒÌÎMLÌMKŒLŒMÎMŒÎÍKŽNŒŽŒŽLÍLLLMËŒŽŒLŒŽLÎLŒLÍŒMÌÍŒNMLŒÌŒLÌLNMÂŒM‹ÌŒ‹ŒL‹ŽMLÌLÎŽLÌÍ‹ŒLLÎMÎLÍMLËŽNŽÍÌÌLÍŽLLÌKŒLLÍLÌMÍŽNÎŒŒLÌNËŒÌÌŒMŽMŒMÍÌÂŒM‹ÌŒ‹ŒLËŽMMLMMÍMŒŒKŒLÎÍÍÍLÌÎŒÌÍMMNŽNŒÍÌŒÌÌMM‹ŒLÍÍŒÍÍMML‹ŒÍÍÎNÍLÍKŒŽMÍLNLMMÍŽLÂŒM‹ÌŒ‹ŒLKŒŒÌŒNNLŽÎËŒLÌNÍÎLÎLMŒËŽNŽÍÌÌMNLËŒÌMÍŽLÎMËŒMŒÌLÍLMÍŒËŒŽMŒŽÌÍÌMŒŒLÂŒM‹ÌŒ‹ŒLKŽMÍLMLÌÎÌÍŒLMÌLÎLŒMLM‹ŽNMŒÍÎMÎMŽ‹ŒŽLÌŒÌLŒM‹ŒMLÎŒŒÍŒŒÍLKŒÌŒÎŒÌLMÂŒM‹ÌŒ‹ŒL‹ŽMLLÍÍÌÌÍMKŒLÍŒÌLLLMÎLNŽNÍÍMÍMMÌLNKŒLMŒLÌŒÍŒLÍL‹ŒÌŒLÌLLÎ‹ŒÌÍNMŽLÎLLÌBŒM‹ÌŒ‹ŒLËŽLÍMŒMÍŒÎM‹ŒLLÍNÌŽMŽMKŽNLMÍŒNLÌLÍËŒÌLŒÍMLÎMŒŽMÌ‹ŒÍÌÌLŒNÌŒMËŒÌLMŒÎLNMMŒÍÍ‚ŒM‹ÌŒ‹ŒLŽMŒÍÍŒLŒŒŽMËŒLŽÎLMÌ‹ŽNÍŽMÍMŽMÌKŒLŽŽŒŒÌÌMÌËŒŒNLÎNNÌMLLLŒËŒMŽMLLÌMMÌÎŒM‹ÌŒ‹ŒLKŽLNÌMŒMÌËŒLÌÎŒÍŒMÌŒŒŽNÍÍLÌÎŽL‹ŒLMŒŽÎMŽL‹ŒÌŒÎMLŒÎLL‹ŒÍNÌNÌÌLÂŒM‹ÌŒ‹ŒLLŽMLMŽÌLMËŒLLLŒÌÍŒL‹ŽNMŒÎÍÍŒMÍ‹ŒÍÍLMMLÌLML‹ŒÎLŽMLLÎŒŒÍLŒMMŒÍMLŒBŒM‹ÌŒ‹ŒLLKŽMÌNLNÌÍŽNKŒLLŒÎMÍÌÌŒÌ‹ŽNMMÌMÍŒÍNNL‹ŒLÍLŽLLŽL‹ŒÍMŽNMMŒMÌŽ‹ŒŽNÌÍŒÌÌÍŒÂŒM‹ÌŒ‹ŒLL‹KŒŒŒŽMÍÌMŒ‹ŒLÍŽMŒÌŒMŒ‹ŽNÎLÌÍM‹ŒÎŒŒÌMMMŒÍÍÎNMLNLŒKŒŒÌMMÌÌÍMMMŒM‚ŒM‹ÌŒ‹ŒLLËŽMNLŽNLÌÍLŽLÍ‹ŒMÍÌŽMNÍŒLŒŒ‹ŽNŒNMÌÍLLKŒLÌŒŒŽLÌMLÎKŒMŒMÎLLŽLKŒÍÌNNÎMÎLŽŒM‹ÌŒ‹ŒLMŽLÌŽŒÌŒMLKŒLÍÎMŒMÍŒLÍÌ‹ŽNÌÌŽŒŽŒMŒÌÌÍÍÎŒŒLLNŒMÍÎLNKÍŽÌÌNÌÌ‚ŒM‹ÌŒ‹ŒLMKŽLÌMLŒMNËŒLÎLLŒLŽMŒMŒÌÍËŽNÌMŒMNÌÍŒMŒLNLÍÍLNLŒLÍŽËŒMŒMLÌÎMMNLKŒÌLÌMLŽNŒ‚ŒM‹ÌŒ‹ŒLM‹KŒMŒNŒŽMLÍŒËŒMŒŒNNMÌLÌNMËŽNMLMNMÌNŒMÌÍMLLLŒÍŒËŒÌLNNŒŒÌMŒÌML‹ŒÌŒÌLÍLÍLÌLÌÂŒM‹ÌŒ‹ŒLMËŽMNNMÍMÎNM‹ŒMLÌÍNNNMLLÍ‹ŽNLLMÎLÌŽLLÌÍ‹ŒMÌMLŽMÎLML‹ŒÎMŒMMNLÌŒÍKŒÍŒÌŒÍÍŽÍLŒBŒM‹ÌŒ‹ŒLNŽNŒLŒLÌÍŒÎLÍËŒLÌÌMŒÌÌNŒËŽNÎÍNÌÌÍÍŽŒMÎÌLŒLLŒKŒÍNNMNMÎLŽMŒŽMÌÍMÍLÌŒŒŒM‹ÌŒ‹ŒLNKŽNŽLLÍLÌŽ‹ŒLŒMÍÍLLLÍÍMŽNÎLÍÌLLÌMNLMËŒMŒNLÍÍ‹ŒÌLÍŒLŒÍŽŒMŒŒŒÍÎÌMÂŒM‹ÌŒ‹ŒLŒŽNNMÍÍÌLMŽ‹ŒLÌŒÍÍŽÎLÍÍNKŽNÎLNNMÍŒLÍÌÍŒŽŽMNŒNLLMÍLMNLMËŒÌLMÎLMNŒLBŒM‹ÌŒ‹ŒLŒKŽLÎNMŽŽLÌÎŒÌM‹ŒLLNLÍÍŒNÌMŽLŽNÍMÌMÎN‹ŒÍNLÍÎMŒÍŽŒŒLLÌMÌLŒMÎÍÌŒÍÌLMŒŒM‹ÌŒ‹ŒLŒ‹ŽMÌÌNMŽÍMÎLËŒLÍLÍÌLŽMNLÌNKŽNLMMMŒNLŒŒMŒŒMLŒLÍLMŒÎM‹ŒÎLNLLÍÍÍÎNNŒÎLŽÌMÍÎLNLÂŒM‹ÌŒ‹ŒLŒËŽLŒLŒŒÍÍÌKŒMÌÌŒMLŽMLËŽNLÌÌÌŒÌŽŒMŒMÌLÍMNNÌ‹ŒÎLMNNKŒÍŒÍNLLÍÌŽŒM‹ÌŒ‹ŒLŽMMNLÌÌNMŒMËŒMŒMŒŽLÎMŒNŒÌNŽMÍÍMŒNNLÌŒMMMKŒLNLŒŒMŽNÌL‹ŒŒMÍŒMÌÎM‹LLMMŒMMMBŒM‹ÌŒ‹ŒLKŽMŒÍMŽMNMNKŒLMÍLÌŽNNLŽNLMLMÍLÌÍËŒŽŒÍMNÌMÍKŒLÌÍŽMNLNNMÍMËŒŽÌMÌŒŽMBŒM‹ÌŒ‹ŒL‹KŒÌLÍNLLÍMLŽŒLMŒMMMLÍŒÍKŽNNLÌLŒNLLMMËŒÎÌLLŽÍMMLËŒLÌNŽLÌÌMÌÍ‹LMÎNLLÌÌŒŽLBŒM‹ÌŒ‹ŒLËŽNÌÎLÎLÍŒŒ‹ŒLÍÌLLÍŽLLMÌKŽNŒLŽNMŽLNMÍŒMLLMŽMMLNNŒLŽLŒMÌŒŒÌMNNMŒÍMŒMŽLŽMÌMÂŒM‹ÌŒ‹ŒLŽŽMMÌŒLÌŒLÌ‹ŒLMMŒLŽÎ‹ŽNNMÍÌÎMLMŒLMŒÍÍMMŒMŒÍŒÎKŒŒÌMLŒMŒ‹ŒÌNÌÌLÌŽLMLÂŒM‹ÌŒ‹ŒLŽKŽMÍMLNMÍMLNMŒLŒÎÌLÌÎMËŽNÌÌŒÎNLŽMÌŽMËŒÎMŒLŒLÌNKŒŽMŒÌŒÌLŒKŒÌMÍLLMLNÂŒM‹ÌŒ‹ŒLÌŽLÍMÎMMÌMLÌÌÍKŒLŒLLŒNÌLÌLLÍÍËŽNÌMÌMÌMÌÍŒŽLKŒLMLŒLÎÎËŒÎMMÌŒŒLMLÍMM‹ŒÌÌŒŽÎMMŽMLM‚ŒM‹ÌŒ‹ŒLÌKŽMMÌLÎMÎMÌŽŒLŒŽMNLÎMŽLÎNKŽNMÌMÌÍÌÌLNMËŒLÌMLŒNNL‹ŒÎNNLLÎLŒÍ‹ŒÌÍÌMÍŒÌÌMBŒM‹ÌŒ‹ŒLÌ‹ŽMÎNLMÌÍLMKŒMNÎMÍMMLÌŒŒËŽMÍŽLÎMŒÌŒÌÍKŒLLLÍMŒÍLÎNKŒÍLMÌÍLNËŒÍŒÌÍÎMŒÎMBŒM‹ÌŒ‹ŒLÌËŽLLNNÎMMNMKŒMŒNMÌÍMMLŽLÍŒËŽNLŽNLMLŒLŒŽÌMŒŒÌÌŽMŒMÍÌÎNLŒÎLLMÌÍŒLŽÍNBŒM‹ÌŒ‹ŒLÍŽMNMŽLŒNKŒLLÌÍŒŒÌÍKŽNMŒLÍŽLKŒNLMŒMÎÌ‹ŒLÍÌŒNMLKŒŽMŒNLÌÍÌLŒBŒM‹ÌŒ‹ŒLÍKŽMŽMÌLÌMLŒÌŒLKŒLÍÌLŽNŒŽLÍŒŽŽNŒŽNLÌMÍËŒMMŒŒMLÎMMLKŒŒÍLLMMMÎMÍËŒÍŒÌLNÎMŒM‹ÌŒ‹ŒLÍ‹ŽNMMÎÍLNKŒLLÌÌÌŒNMÍNNMMËŽNMÍMMLÍËŒMÍÌÍÌÎLÎÍ‹ŒÌNŒŒMŽLÌŒÌÌMKŒNLMLŒÎÌLÍBŒM‹ÌŒ‹ŒLÍËŽMLÍMŒÎÌM‹ŒLÌÍLLLKŽNLMÌMŽÌNKŒŽŒŽLÎŒŒLKŒÌÎLŽÍÍMÍŒŽMNMÌŽMMNN‚ŒM‹ÌŒ‹ŒLÎŽMÎMNŒÌMŒÎKŒNÎMŽŽLNŽMÍÍÍMÎLÍŒLÌKŒLMNLLŒÍÎÍMKŒŽLMLLÌŒNNMŒ‹ŒÌŽŽŽMŒLMÌLBŒM‹ÌŒ‹ŒLÎKŽMŒÌÍÎMŽMËŒLÌLŒMŒNÍŒMKŽNMLMÍÌMMÌMLŽŒLMLÌLLKŒMÍÍŒÍŒMKŒÌMŒLŒÍMÌŒMBŒM‹ÌŒ‹ŒLŽNMŒLÍMMŒMLÍMŒÎNLÍNMËŽNÌŒŒŒÌŒŽLLKŒLŒŽNMÌŽLÌËŒMÌNMMÎNŽNMÎLNNMŒÌNLMŽMÌ‚ŒM‹ÌŒ‹ŒLKŽLÍŽÌMŒÎŒËŒLÌNLŒNŒLÍËŽNŽMÌMŒÌÍMŒKŒLŒÌŽLÌLMÍ‹ŒŽMNLÍŒŒLMLLLÍ‹ŒÌÍŒMÌLLŒMMÍÍŒM‹ÌŒ‹ŒL‹ŽMLŒÌÎNMMKŒLŽÍLÌMÌÌMŒÌŽNLŒLNLÎMËŒŒMLNMÍLÍÎMŽKŒÎNŽÍLLMKŒÎLLŽLÍÌÎŒM‹ÌŒ‹ŒLËŽLŒLLŒÎLÌNNKŒMLÌÍÎMÌŽLNNM‹ŽMÎÍNÎMNLÍËŒLLNLÍLÍÍMLÍKŒŒÍMNLŒLÎŽKŒÌMÌLÎMÌÌÍNMŒM‹ÌŒ‹ŒLŽLÌLÌÎLNÌÎÍÍKŒLÌMŒÌŒMMŒMLNMŽNLMMNLLÍŒNŽ‹ŒŒNLŒŽMLMLÍL‹ŒÍÌMLŒLMMNLŽMNKŒNLŽLŒLLÎNÍBŒM‹ÌŒ‹ŒLKŽNNŒŒÌÍÍŒŒKŒLÎLŒÍLÎÌMLËŽNÎÌNMÍŒKŒNŽMŽLKŒŒMÌŒÌŒNMLMÎNNŒNMÎLŒLLŽÍL‚ŒM‹ÌŒ‹ŒL‹ŽMNÍLL‹ŒLMÍŒŽMŒNMNÌ‹ŽNLMMÎLŒÍÌËŒNŒNNMÍMŒÍŒLŽMLMÎMNÎMKŒŽMNMŒÍŒMÎÂŒM‹ÌŒ‹ŒLËŽMÍNNÌÎMLŒŒKŒMLÌÍLMMÌÌ‹ŽNMŽMÍÍMNMNKŒMÍŽNMÌŒÌÍKŒLŒÎÌŽLŒŽMMKŒÌÌLŒŒÌŒŒÍBŒM‹ÌŒ‹ŒLŽMÌNLMÍMLÎŒNÌÌNŒMÌL‹ŽNÎÎMLÍÍÍŒMÎÎŽÍKŒLLÎLÌÌŒÍNKŒÎŒLMLÌNLMŒM‹ÌŒ‹ŒLKŽLMNNLÌÍÍŒMŽ‹ŽNÎLLLMŒŽL‹ŒLÍNNNLMÌNMÎŽL‹ŒÍÍŒŒÎLLŽNNŒÌ‹ÍNMÌMŒNLBŒM‹ÌŒ‹ŒLLŽMÌÌÌŽNNMMÍŽLÍL‹ŒLÌÎŒÌMŽLÎŽNNËŽNÌLNLÎŽÍÍÌ‹ŒÍÌMÍÎLÎMŽKŒMÌŒŒÍŽLŒLÍŒŽLŒÍŒÍÌÍŒÂŒM‹ÌŒ‹ŒLLKŽMLÍÌÌŒŒÍÎÌŒËŒLLLŒŒŽMLKŽNLÍŒÍNKŒMLÍÍMŽNLMLLÌKŒÌÍÎLMÍLMÍŒŽLÍNLNNLLMÂŒM‹ÌŒ‹ŒLL‹ŽMŽNÎNÍŒËŒLŽLLÌNLŽLÍKŽNMŒÌLŒŒŽŒÍÌŽÌMMÍLMLKŒŽÍÍÎMÎÎŒMM‹ŒÍŒMNŒŒÌŒBŒM‹ÌŒ‹ŒLLËŽMÌŒÌLÌŒMÌÌLŒ‹ŒLLMNŽMÎMŒLÌËŽNŒÍÍÎMLMMMLËŒLŽLLNMËŒŒLLÌÍŽMËŒNLMNMNÌÍŽBŒM‹ÌŒ‹ŒLMKŒMÍŒŒŒÍÌŒ‹ŒLŒLÌMŽŒ‹ŽNŽÌŒLÎMŒLŒ‹ŒLMMŒŽNÍLŒŽLÌNNLÍÌŒMÎLËŒÎMLÌÍŽMŒÌNMBŒM‹ÌŒ‹ŒLMKŽMMMŒMMÌLÍÌÍËŒLLMŒÎLMLŽLËŽNÍMŒMŒL‹ŒÍLMŒLMÍŒLMKŒÍÎMÎŽLMËŒMÌŽMNLŽLLÌMBŒM‹ÌŒ‹ŒLM‹KŒÍÌŽMÎLÍËŒLÌMÍÍÌMNLL‹ŽNÍŒÍŽMMËŒŒÌNMNLÍLÌKŒMLMÌÌÎMNŒŽMMÎMMŒMMLMÎM‚ŒM‹ÌŒ‹ŒLMËŽNLÎÌŒŒÌŒMŽŒMNNLÎNLNMŽNLLÍLŒÌNMLLÌÌËŒMÌLŒŒMLNËŒÌMLŽLÎLLÍŒÍMMÌÍÌŽLLŒÌÍÂŒM‹ÌŒ‹ŒLNŽLMÍMLÌMÌMÌËŒMŒŽLÌMÎLÍKŽNÌŒÍMÌMLŒMÎNNMLMÎLNËŒÌNMŒMŒÌŒÌÍLMLÍÎŒŒNLNŒM‹ÌŒ‹ŒLNKŽLÍÍMLLLLLMKŒLÌLNŽŽŽNLŽLÌŒLÌMŽKŒMÍLŒÍÌÌMŽLLÎŒÎŒÌÍÍŒÍŽÍL‹ŒŽLÍNŽNLÌLMÌŒMŒM‹ÌŒ‹ŒLŒŽNNLÍŽÎMÌÌ‹ŒMÍMŒMŽLMMŽKŽNLÍNLŒÌÌ‹ŒMMÍLMÌLLMËŒMÌÍÌLNMÎŒŽLŒÍNMLLÎLLÍBŒM‹ÌŒ‹ŒLŒKŽMNMNMMLÎÌKŒMÍÎŒMÍÌMŒLMKŽNMÎLŒÌÍLLÍMŒMMMMÍNMMMÍËŒMŒLÌŽÎŒÌÌŽLŽÌLÎMÂŒM‹ÌŒ‹ŒLŒ‹ŽLÌÌÎŽNNŽŒMMMŽMÎLŒÌÎŽNÍÎLMÍNLËŒLŒMÍMNŒÌÌÎÍMŒMMÍËŒŽNÌŒÍLLŽLNLÌ‚ŒM‹ÌŒ‹ŒLŒËŽMŽMÍŒÌLÌŒÌMŽKŒMLÎLŒLÍNÍLÍÍŽNÌLMLŽNNNLKŒLÍŒNNMÍÍNMŒÎMMŽLMÌÌ‹ŒÌÎŽMÌLŽÌBŒM‹ÌŒ‹ŒLŽMLMNLŽLÌÍËŒLŒLŒŽLÍÍML‹ŽNŽLÌÍŒÎLL‹ŒLŒÍÍLNNLMŒÌËŒMMÌÍÎŽNN‹ŒÍÎMÌLLÍMÌÎNÂŒM‹ÌŒ‹ŒLKŽMÍNÍLLMŒKŒLÌÌÌMÎLMNLKŽNÍÎLNLNMLKŒLŽÍLÍŽLŽNMÌËŒÎLÎNÌMKŒÌÍMMÎLÌÂŒM‹ÌŒ‹ŒL‹ŽLÌÍÍŽÌÎMÍÍKŒLNLÎMÌÍMMÌŒLM‹ŽNÌŒLMLŒŒŒÌNŽLÍŒÍŒLMMÍÌLÍLLŒÌ‹ŒŽMÌÌŽMLMŒÎÎÂŒM‹ÌŒ‹ŒLËŽLÍÎLÍÍMÌÌMŒ‹ŒMNNLÌÍLNŒÍŽÍKŽMÎNMÌLLÍÌŽ‹ŒLMŒMÍLŽLÎŒMLÎŒÌMKŒŽLÎMÌMÎNMÌLŽLLÂŒM‹ÌŒ‹ŒLŽŽMMÎMLŒŒMÍËŒMŒŒÍÍŒNKŽMÍÎLŽÌNLÍŒÌŒLËŒLLLMŒÎMÎËŒÍÎMÍŒÌÍNMŒÍMŽÌMŒM‹ÌŒ‹ŒLŽKŽMÍŒŒŽNLLÍŽŽŒLLLMÍÍLMMËŽNMÌŒNNŒÌÍŒÍÌMLLMÌLLËŒÎŒŽÎMÍMMKŒÎMNLLŒLŒLÌ‚ŒM‹ÌŒ‹ŒLÌŽMÍLÍÍÌMMŒLLÌŒLŒLŒÌŒMMÍÎŒNKŽNLÍLŽLÍKŒÍÌLLŒŒŒLÍÍLËŒÍLÌLÌŒÌÌLŒŽŒŽÍMŒÌÎŒM‚ŒM‹ÌŒ‹ŒLÌKŽMÍŽÌÎNLÌŽŽKŒMMÌNNLÌÍ‹ŽNNŒLLMÍŒÎŒÍŒLŒÌÍMNËŒNMÌMMŒMLÌÎMÎMŽŒŽMLÌÍMŒMBŒM‹ÌŒ‹ŒLÌ‹ŽLÍMÌÍÍÌÌÎ‹ŒLŽŽMLÍÍMLMMÎŽNMÍŒNNNKŒŽLŒÍÍMŒKŒŽÍLŒŒÍLMŒ‹ŒÍŒŽÌMNÌÌÌŒÍÂŒM‹ÌŒ‹ŒLÌËŽLÍÍŒÌLÌŒLMŒM‹ŒMNMMMÎÌMLÌ‹ŽMÎÎLLŒ‹ŒLŽLNŒÍÍLËŒÎNLŒLŒMÎNLÌ‹ŒÍŽMMÍŒŒÌŒÌNMŒM‹ÌŒ‹ŒLÍŽMÌMŒÍÎÍLÌMŒ‹ŒLÍŽMÍÍMŽLÎŽNŒLŒÌLMÎLÎNKŒÌÌLÌÍŽŒŒÌŽNLŒÌMLŒMŽKŒÍLŒŒMM‚ŒM‹ÌŒ‹ŒLÍKŽMŒMMÍLMŒÎLKŒMŒNNLÍNLÎMKŽNÍÌŒÎÎŒÌÌÌÎMLMŽLÎKŒLLÍÍMŒÎKŒÌŒÌNŒLMÎBŒM‹ÌŒ‹ŒLÍ‹ŽLŒÎÌÌLÌÍNËŒMLÍÍMÎLMKŽNÌLÌÍÍÍÌÌÍKŒLNLMŽMMŽMMÎŒŒËŒMÍÍŒMLMMŒÌÍŽÍÌŒŽÌMÌNBŒM‹ÌŒ‹ŒLÍËŽMMŽMLŒŒLŒN‹ŒMMÍLLLMŒŒÌM‹ŽNMMŽLLMÍMËŒÍNMÍÌÌNLÌLLKŒŽLNŒNNNNÍÍM‹ŒŒNMŒÌLŒLÍLÍÍBŒM‹ÌŒ‹ŒLÎŽMÍÍÍŒMÎLLÍ‹ŒMÍLÍÍMKŽMÍÌÌLÌMÌŒ‹ŒLÌLLÌŒLŽMÎNŒNNNÍLLÌŒËŒŽLŽLMÍNLMÎ‚ŒM‹ÌŒ‹ŒLÎKŽLMŒMNNŒÍLMKŒLMÍNMMLL‹ŽNÌÌÎNLLŽLKŒLŽLÍÍLÎMKŒÍÍÍMLNLÎMÌLKŒÌÌLMÌÂŒM‹ÌŒ‹ŒLŽMÌNLÌÍÌMÍŽMŒKŒLÌÎMÍNLNMŽŽNŒŒMLÎNMÌ‹ŒMÌÎMLŒNNNNŒŽŒÌÍÍÎLŒŒÍKŒÍÍMÌÍLŒŽLLÍ‚ŒM‹ÌŒ‹ŒLKŽMŽLLMÌÌËŒLLÍŽMŒMÍÍÍÍÎM‹ŽNŒÎMÌLŽLŒMŒÍŽŽLŽMÍÍLLÍ‹ŒÍŒŒÌŒLÌMMŽMŒNMÌMŒLŒM‹ÌŒ‹ŒL‹ŽLÎNŒLÌŒËŒNŒŒÌÎNNLÍŽMÍMMÌÎNLŒÌLËŒLLLNMŽMÎÍÍKŒLÌŽMÌMÎŒKŒÎLÌÌNLÍÌÌÌÂŒM‹ÌŒ‹ŒLËŽNNNÎLNMKŒMÍNÍŽŒŒNMŽMÎÍÍLNNMÍÍŒËŒLÍÍŽÍÌÌL‹ŒÌMMŽŒNMLMËŒÎMÍLNNLÌÎÍŒM‹ÌŒ‹ŒLŽLŽNLÍŒLŒNNLÎKŒLŒŒLNMMŒÍLÌËŽNNMŒMLÍNÌŒÍÎÍÎMŽŒLÌKŒŽMÌMŽŒLÍÌËŒÍÍLŽMNLŒŒMŒM‹ÌŒ‹ŒLKŽLŒLLÍŽÍÍNNŒLÌNÍÍÍNMÌÎLŒËŽNMNLMLÌÎLNŒÍNLÌÌNKŒLÍÌŒÎLMŒÌKŒŽLŽÍLÌNLNNŒM‹ÌŒ‹ŒL‹ŽMÌLŽÍLÍMMM‹ŒLÌMÍLÎNŽMÌŽŽNŒLMÌLLÍÎNLM‹ŒMMNLŒŒŒÎŒÌNMMÍŒLŒŒŒLÎLŒÍÎLŒÎ‚ŒM‹ÌŒ‹ŒLËŽMLŒŒLMLÌMÍKŒNLMÎLMŽNÍÍŒŒÌÍLÌÎLËŒÎLMNLNLŒÎLŒÌKŒLÌNÌÎŽMÍKŒÍMŒMLLLŒMÎLŒÂŒM‹ÌŒ‹ŒLŽLMNLÎLLMŒLÌŒŽNNMÍÍ‹ŽNÍŒÌŒÍÍÍ‹ŒLLŒŽNMÍL‹ŒÍLLMÌÍŒÎNŒMÎLNŒÌÍLŒÎÍ‚ŒM‹ÌŒ‹ŒLKŽNLNMLMMLÍÎ‹ŒLÎLÍÌMNLMŒLMKŽNÎMÎLŒNLŽM‹ŒMLÎLÍÍÌLÎM‹ŒÌÎMÌMMNNLŒŒÌŒÌÌLÌÌÌMÌÂŒM‹ÌŒ‹ŒLLŽLNMÍÍÌMÍŒMËŒLŒMÍÍLÍŒÎÍŒNNŽNÌLNMMŒNLÌMÍŒLNMÌÌÎMÌÍÍL‹ŒMŒÍŒÍŽLŒÌÌÌŒŽÎLÎÂŒM‹ÌŒ‹ŒLLKŽMLÍŒŽLMŽNLKŒLŒÌMMÎŒ‹ŽNMÍÍÍÌÌMLËŒLÌÍŒÎMLÎMMLŽŒLÌLŒÌÎMÍM‹ŒÍMÌÍNMŽLNBŒM‹ÌŒ‹ŒLL‹ŽNŽLÎLMÌŒLMÍËŒLÎÍŒMŒÎLMŒÍNKŽNŒMÌÍLMÌLKŒÍÌŒŒÍŒÌMMM‹ŒÌŒÌNLÍÍŽLŒÌŒŒÌLŽÌ‚ŒM‹ÌŒ‹ŒLLËŽMÌLÌMLŒLÌÍÍMÌÍŒNLÍMËŽNLLÌNŒŒÌŒŒÎŒŽLÎMÎLÍÍLKŒÍŒÍÎÍÌÎMÌËMÍŒLŒÍÌŽMÂŒM‹ÌŒ‹ŒLMŽLÍŒÌŽMMÍÌMLMKŒLŒMŽLÍNLÍŒÌLŽNŽMÍÎŒÌŒŽKŒLNMŒÌŒÍŒ‹ŒLÌNNLLÍÍKŒŽNÍÌÍLÌMÎMLMÂŒM‹ÌŒ‹ŒLMKŽMŒÌŒNNMÌLMKŒLÍÌÍÍÌŒÌŒÍÎŽKŽNÍMÎNMÌMMLNÍKŒÎÍÍÌŒMÌMËŒLÎLŒÍLÍLLÌÌŽMŽŒŒÎŒÌMÍŒŽMŽŽMŒM‹ÌŒ‹ŒLM‹ŽÌLÍMŒNLËŒMLÍŽŒNNMÍL‹ŽNŒÍŒMÎÌŽNKŒLÌLÌMLÌMLŽËŒLLŒLMMÌŒÌÌNËLLÍŽLMÌÍÌNL‚ŒM‹ÌŒ‹ŒLMËŽMLNMŽMLMNKŒLÍŒMŒMÍMŒMMÍKŽNŽLMÍMŽÍKŒLŒŒÌÌÍŽLËŒNŽÍŽNMŽLM‹ŒÍMŒMLŒMNLMÎN‚ŒM‹ÌŒ‹ŒLNŽLMMŒML‹ŒMÍÍÎLMLNMKŽNLLÍMLÍŒMÌLMÍLŒÌMÍNKŒÌÌÌŽÎLÍŒÌŒÍŽLŒÌÎNŒM‹ÌŒ‹ŒLNKŽMŒÍLŒMÍÌKŒLÎŽÌÍÍMLŽŽNÌÍLMLLËŒŽLŒÌÎLÍÌL‹ŒÌLŒÌMÌŽMN‹ŒŽNÍÎŽŽMÍM‚ŒM‹ÌŒ‹ŒŒKŒMŒLLLMMNNLŒËŒÍNŽLÌKŽNMŒMLLŒŒŒMMŒNÌÎMÍŽKŒŒLMŒMLMÌÌŽŒLËŒMMÍÌÍLLLMLLŒÂŒM‹ÌŒ‹ŒŒKŽNŒÌLLÍŒMMŒÌLLŽNMŒŒÎMÍLŒLMÌ‹ŒLMŒŒÍÍLNŒMNNLMÍÍMÎŒMNLÎŒMÍMŽLÂŒM‹ÌŒ‹ŒŒ‹ŽNLÌÎŒÍÍM‹ŒÍLÌŽMLÌÌMÌMKŽNMLÌŒÌÎMÍŒMÍMMÎNMLLÌŒM‹ŒŒMLMÍMLÍLÍŒMNMMNMŒŒÍÎLNŒM‹ÌŒ‹ŒŒËŽNLLÍÍMÎMKŒMMÌÍMLMÎLŽKŽNMNÍNLLMÍŽLÎŒMŒŽLÍLMÍLÌML‹ŒMLÍNMŽNÎŒLMŒMNÌBŒM‹ÌŒ‹ŒŒKŒMÌÌŒŽNLMÍÌMLÍKŒÎLÌMNÌŒLÎNÍKŽNMŽMLŒÌÍÍKŒLLÍMÍMŒÌÍŽMÎNNÎLÌËŒMNMÍÎÌÍÍŒŒBŒM‹ÌŒ‹ŒŒKŽNNLÍÎLLLŒMŒÌ‹ŒÌMMMNNLLŒŒËŽNMŒLMÍNMLLL‹ŒLÍÎMÌÌÍNMLLMKŒMÌÎMMMMML‹ŒNÍÍÍLLŒN‚ŒM‹ÌŒ‹ŒŒ‹ŽNÎLŒÌÌÌLŒËŒÌLNLMŒLKŽNMÍŒLNLLÎŽKŒNNMÎNÍL‹ŒLLÍLÎMŒMMKŒLÌMÎLMLNLŽMŽŒM‹ÌŒ‹ŒŒËŽMLÎŒŒMNMÎLLNŒŽÍÌÎLLMŒÍKŽNMMMŒÍMÍ‹ŒÍÌMÎÌNMÌŒÌŒLMLÌŽLÍÍÌMKŒMÍÍLÍMLMLŒŒŒŽBŒM‹ÌŒ‹ŒŒŽNMÍËŒŒÌÍŽNÍÍŒKŽNMMÌŒÍNŒLÌŽŒŒMŒÌÎŽMMLM‹ŒŒŒÎMÌŽMÎMÌMKŒNNLÌNMŒÌLÍBŒM‹ÌŒ‹ŒŒKŽNLÎÎMÌŒÌŒNÍŒLŽLÌÍÌMMÍŽNMNNMŽMKŒŒŒMÍÌŽMLMÌËŒŒÎLÍNŒŒÍŒ‹ŒMLÍÎLMŽŒÎLÌ‚ŒM‹ÌŒ‹ŒŒLŽMÌÍÍŒŒŒŒŒLKŒÌÎLÌNMŒŒŒŒŒLŒKŽNMŒLNLMÌÌMNLM‹ŒLLŒÎMŒLMÌŒKŒŽMNŽMÍÍŒNL‹ŒNMÎNMŒMŒNLM‚ŒM‹ÌŒ‹ŒŒLKŽNŽÌŽŽMLŒŒMŒLÍŽÍLLMÍMËŽNMNÍLÌÍŒÌËŒMŒÍMŒŒŒÎŒLKŒMÎÍŒMÌŒNÍËŒMMLMÍÍNMMNÎÂŒM‹ÌŒ‹ŒŒL‹KŒÌÍÌÍŽMÍÍÌÎLÌ‹ŒŒÌŽMLÍŒŒMMŽLËŽNMMÍLLMÌÍŒŒLŒMŽNLLNŒMŒLLMŽLNLÌÍŒMÍŒLMNÎŒMNLÂŒM‹ÌŒ‹ŒŒLËŽNMMŽNLLNÍLMKŒÍÌŒÌMLŒNÍŽNMLŒMŒÌMLÌŽLMMÎŒLLMŽNMŒŒMÌLÌÌŽÎŒ‹ŒLÌŽLÍŒŒLÎÌÍŒNŒM‹ÌŒ‹ŒŒMŽNNMMÌÍMNMŽKŒÌŒLMÍLÌŒÍŒÎLM‹ŽNMŒNMÍÍNLMËŒŽÎMÌMLÍŒÌËŒÍŒŒÌLNLŒLŒLËŒNMNMLMÌLÍÎ‚ŒM‹ÌŒ‹ŒŒMKŽMÍMLŒNMŒL‹ŒŽLMMÍNMM‹ŽNMMÍLŒNLMËŒŒMMLNLÍNÌÍLL‹ŒŽLÌÎLÍNŒÎMÍŽŒNLMÌMLÌÌMÍŽLÍMÌ‚ŒM‹ÌŒ‹ŒŒM‹ŽNMŒŽMLÎMÍŒŒŽNMŒLLÌÍŽ‹ŽNMNMŽMŒÌM‹ŒMÍMMŽNLÌÍNËŒŒNNŒŽMÌŽMLËŒLMÍÌÎLLÍÌÂŒM‹ÌŒ‹ŒŒMËŽNÌŒLLŒÍÌŒÎNKŒÍÍŒŒÎLŒÎÎLËŽNMLÌŒNNMÎKŒÍÌMÌÎLMÍNÍKŒMŽMŽMŒÍÎMÌNËŒMÌLÌÍŽMŽÌŒM‹ÌŒ‹ŒŒNKŒŒŒMŒÎŽMŒŽMŽLLŽNÍÌÍ‹ŽNMŒŽLMŽÌŽL‹ŒÌÍŽLMÌŽLËŒŒÎÎLÌÍÎÌÍLNŒNLŒNMŽLÍLÌLBŒM‹ÌŒ‹ŒŒNKŽNÎMŒŒÍMŒŒNLÍŒKŒŽÍŒMMÍÍÍËŽNMNÌLÎÌNLŽMËŒMMŒÌŒŒÍÎNŒŒŒÌÍLÍŒÌLÍŒMÌNLÍMLŒŽMBŒM‹ÌŒ‹ŒŒŒŽNMMNLMŒNŽLÍLMÎMNNKŽNMŽMLÌMÍNNKŒÎMMÌÍÎÍLMŒNMŒÌLŒLŽMÌËŒLÎMŒÍLŒŒM‹ÌŒ‹ŒŒŒKŽNNNLMLŽMKŒNNÎMNNÎŒŽLŽMŽNMŒŒMMNLMNKŒÎÎÌŽLÍ‹ŒNMMÌÎŒÍÍÌËŒMŒÎŒLMŒMBŒM‹ÌŒ‹ŒŒŒ‹ŽNMŒŒNLÎMMÎÎKŒŒÎŽLÌÎMNM‹ŽNMNŒŽLÌMMÎËŒMÌMLÌNÌÍŒKŒÌÍŽLLLMÎLŒŒËŒLŽŒLMMÍLÎMÎMÂŒM‹ÌŒ‹ŒŒŒËKŒLÍŒNÌMŒMKŒŒÍÍÌÍÍMÍÌMŽNMÍÍÌÌMÌÌŒËŒMMMŒÎÎMMÌMKŒLÌÍŽNÌLÎÎŒMÍLMNNMNÎMÌÍ‚ŒM‹ÌŒ‹ŒŒŽMÌMMŒMŒLÍL‹ŒÌÎMÍNMLMÌLMM‹ŽNMŒŒLMÎÍLMŽŒÍÍÍŒLÍÎMŒMLŒŒÎÌÌÍLÌÍLLLÍKŒNMLMÌŽÌÍÎMMBŒM‹ÌŒ‹ŒŒKŽMÌÍÌÍÌÎMKŒÌÍMŒŒÍÍNKŽNMLMLNLÍLLNKŒMMÌMNLŒMÌ‹ŒŽLÍÍMMMŒNLÌËŒNNMÎÎNMLMÍBŒM‹ÌŒ‹ŒŒ‹KŒLŽLMKŒNLMŽMÍÎMMLÍŽNMŒŽLŒŒÍMLLKŒÌMŽLMŒMLLÍÌMÍKŒMÍLNLMNÌÍLÂŒM‹ÌŒ‹ŒŒËŽMÌŽLŽLLÌLÎNLÍŒÌMŽLŒŽKŽNMMMMÎÎMÍŽ‹ŒÍŽNLMŽMNMMŒÌÎŒMÍÍÍŽNNŽŒ‹ŒMÍLÌÍLMÌLÌM‚ŒM‹ÌŒ‹ŒŒŽŽMÍŽÎLMLÌÌËŒNNLNNMÍNMLŒÍMŒËŽNMŒMÍNLÍÌÌŽMŽŒÍÌÍŽLKŒŒNÌMMNÍÍŒMMLÌMŒÎŒM‹ÌŒ‹ŒŒŽKŽMÎNŒŒLŒÍŽMËŒŽMMŒLMÌMŒŽNMMMÎMÌLMÍÌÍ‹ŒÌLŒÎMÌMLM‹ŒLÎMŒLMLŒŒKŒMÍÌÌŒMŒÍNLNÎLÂŒM‹ÌŒ‹ŒŒÌŽNŒŒNÌŒÍÍMLÍŽNŒMŒMŒMMŽNLNŽNMŽÍÍÌÌNŒKŒÌNNLÎŽMÍŒLLÎLÍMNMLM‹ŒLŒÌÍÌMÌMŽNML‚ŒM‹ÌŒ‹ŒŒÌKŽMMŒMLMM‹ŒŒMŒÍÍLŒÎLLMMKŽNMMNÍÌÍMÌMŒLÍM‹ŒŽMŽMMŒŽNKŒŒŒLLÎMÌŒMMËŒNNÍÌÌŒŒBŒM‹ÌŒ‹ŒŒÌ‹ŽNNÌÌÍLÌŒLKŒŒLÍLŽLMNÍLÍKŽNMŒÌMLLŒLMMN‹ŒŽLŒÍŒÍŒÎÍ‹ŒMŒŒŒŒÍŒÍMŒMŒŒ‹ŒLÍLŒÎLLÍŒNLBŒM‹ÌŒ‹ŒŒÌËŽMMÍNNMÌMKŒLÍÎNNNMÎM‹ŽNMLLMNLŽÌNMMËŒMMŽMNLLÌŒÎKŒMLMŽNLNÍÍMŒŒLÍÍŒLLÍNNÍŒM‹ÌŒ‹ŒŒÍŽNLÎMŒÍMŽKŒŒÌÌLŒÌMMŽKŽNMŒNMÌMÍMŽKŒNŒÍLMÌKŒÌÌNÎNMLÌÍ‹ŒMMÌÍŒŒMMNŒMÍBŒM‹ÌŒ‹ŒŒÍKKŒŒÎÌÌLMÌMMÌŒMËŒŒMŒNÍŒŽMÌŽKŽNMŒŒÌÎMŒÎMËŒÌÎMŒMLŽŒŒMMËŒNNMÌMÍÍLÌÌŒÍKŒMLMÍNMMMÂŒM‹ÌŒ‹ŒŒÍ‹ŽNLÌŽÍÍLÌNMKŒŒLÌMLŒŽNMNLŽNMMÌŒ‹ŒLLŒLÍLÍNMŒMÌMŒŽNŽLŒËŒMŒÌMŒŽLNMŽÍŽLBŒM‹ÌŒ‹ŒŒÍËŽMÌÍŒŽŒNLÍLÍËŒÌÌÌŒLMMÌÎNKŽNMŒÌŒLŒMLÍ‹ŒÌMÌŒÍÌÌÍÌÎMËŒŒÎLÍLNLÌŒLËŒMLNMLLÍŒÌLL‚ŒM‹ÌŒ‹ŒŒÎŽMÎŒÌÌÍŽÍLKŒÍLŒLŒÍMMNKŽNMŒMMMNLÌÎKŒÎÍÍLÌMMÌŒŽMÎÌÎÍŽMNLËŒMÍLÌÎNLÎÍLŒ‚ŒM‹ÌŒ‹ŒŒÎKKŒÍMŒNLMŒÍÌMËŒLŒMŒMŒLÍÌÌNŽNMŒÍMÌÎNÌÍŒMËŒÌÌMLÍLMLLŽMŒMLŒMŽLLÌŽMMMÌKŒLLLNLÍLÍÍŒÍLŒŒÂŒM‹ÌŒ‹ŒŒŽMNLMŽMLMŽM‹ŒŒÎMŽÍŽNMËŽNMMMŒMMLÎMMŒÍÌMMÍŽÍNMŒÍMÌÌLÍŒŒMŽMLMŒLLÌÍŒM‹ÌŒ‹ŒŒKŽNMÍMÍÌÌÍNLKŒÌNMÌMNNŽLM‹ŽNMMÎMŒÍLÎMŒŽËŒNMÍÎÎKŒLLMLMMÌŽNMÎMÌËŒNLŒNLÍMŽŒM‹ÌŒ‹ŒŒ‹ŽNÎLLLNNLÌNŒÍMŒLMMNÍËŽNMŒLÌLÎLŽLËŒMÍLÌÍLMËŒLLÍÎMŒÎL‹ŒNMÍŽLŒÌŽÍ‚ŒM‹ÌŒ‹ŒŒËKŒMÌMŒLMLKŒŽMNÌÍÍMÎL‹ŽNMLNLNÍŽKŒLLÍÎÎMLŒŒÎŒNLÎLLŒÌŒLÌËŒNLÎMÎLŒÍŽBŒM‹ÌŒ‹ŒŒKŒMÌŽLNLÍLL‹ŒMŽMÍÍÌNLMËŽNMNMÍÌŒLLMKŒLMLMÎLÌMÌ‹ŒÌŽŽLNNÍLËŒMŒMNÌÌMNÌNŒM‹ÌŒ‹ŒŒKKŒÍÍLLŒNNÌKŒLÎNNMMÌŒŽLŒËŽNMÎÍMNMÍÍŒÍÍËŒLŒNMÍŒŒËŒLMÎLLLÌ‹ŒMMMÌNMŽMMMMMLÍŒM‹ÌŒ‹ŒŒ‹ŽMÌŒMÌLŽËŒLLÌMLŒŒŒŒLNKŽNMLMÌMMŽMÍÍÌÌŽŒLLÍŒÌNÌÌŒMŒÌŒÎMÌŒŒMŒLÍ‹ŒŒMŒMŽNMŒŒMŒM‹ÌŒ‹ŒŒËŽNÎMNLLÌKŒÍÎŒŒMMÌŒMËŽNMŒLÌŽMŒLMMÎNNNM‹ŒŒLMÌLÍLMÌLŒ‹ŒNŒNNŒŒÎM‚ŒM‹ÌŒ‹ŒŒŽNLLNMŒÍÌÌÌŒŒNMLMÌLÌÎÍËŽNMMÍŽNŒÍMËŒLÍÌŒŒMMMLÎËŒNNÎŒŽMKŒMMŒMÌÍŒÍLÌLÂŒM‹ÌŒ‹ŒŒKŽNLÍMLÎLÌLLËŒNMLLLÍNLÍÍLMŽNMNLLMÌMNŒKŒLŒNNMMLMKŒMMÍMÎLÍŒLŒÌŒMŒLNLŽMMÌL‚ŒM‹ÌŒ‹ŒŒLŽNÌÍLLMÍÌŒŽÌKŒŒÌŒÌLKŽNMŽÍNLŽMËŒLŒLÎLLNÍ‹ŒMŒNÍŒÎN‹ŒLÍŽÍLŒNLMŒŒÎM‚ŒM‹ÌŒ‹ŒŒLKŽMÍMÍŒŒÌMLLM‹ŒŽLLÍÌÌMKŽNMMŒŽŒLŽÍËŒÍLMMÌÌÌÍNËŒNLÌÍMMÍNLŒLLKŒMMMŒŒNLMLÌÍBŒM‹ÌŒ‹ŒŒL‹ŽNŽMLMMLM‹ŒNLMLLNÎŽLÍŽNMÌŒŽŒŒŒÍÍÎŒÎMŒMŽËŒLŒNMÍŒLÌËŒLÌMÌÎNMMÍÌÂŒM‹ÌŒ‹ŒŒLËŽNÌNNMŽLKŒMÍLÌÌŒLNLŽKŽNMÍÍÌÍÍÌÎÍÍŒMLLNŽŽMLÎŒMMÌÍLÍNMŒŒŽŒMÍLLÍÎMŒL‚ŒM‹ÌŒ‹ŒŒMKŒŒLŽÍMÎMKŒÍÍLÌŽÌLLŒËŽNMLÌŒNLÌÍŒŽŒLLÌLLŽMÎMŒŒÌÎMMLKŒMMÎLMŽNÌBŒM‹ÌŒ‹ŒŒMKKŒŒLNŒÌÍŽMËŒÌÍŽMMLNŽKŽNMLÎLÎMÌNL‹ŒLÍMMLÌŒŒŒËŒŒÍÎLLŽÎÍLŒMŒÍMÌÌÍÌŒ‚ŒM‹ÌŒ‹ŒŒM‹KŒÎÎNNÍÍÎKŒLÍNLŒLÍLŽLŒKŽNMŽLÍŽLÌMÍŒÎMLÎŒNŒLÌKŒŒŒNLŽÍÎLÌLLŒML‹ŒLŒMMMMÌLBŒM‹ÌŒ‹ŒŒMËŽNNŒMMMNLMÌM‹ŒÍÌÍLLÍL‹ŽNMŒLÍMŽNNNNKŒŒLŽMŒÌNNNŒŒŒLÍÎÍŽMLKŒNÍMLŒŒMÎMLŽMŒM‹ÌŒ‹ŒŒNŽNLLÎMLÎMŒMŒŒŒÍÍNÎ‹ŽNMŒMÍŽMNMM‹ŒŒMŽMLÌMÍŒMÍLÍMÌNÍÍŒMÍ‹ŒMLÎMLLNMNŒM‹ÌŒ‹ŒŒNKŽMÍNMŒÍÌMLÌLMLKŒÍÍÍMLMLLLMÎÎNŽNMNMŽÌŒLŽMÍÎMÍMÌÍÍŒMÍMÌLMMÌM‹ŒMNÎLMLNÎMNMMŒM‹ÌŒ‹ŒŒŒŽNMÍŽMŒŽMMÌ‹ŒÎŒNMÎMÎNÍŽNMMÎNMÎNÌL‹ŒÎLÍÍŒÎŒLÍLŒËŒŒLLŒŒŒŽÌMËŒMMÌLŒÌŽNMÌŒLŒÍÂŒM‹ÌŒ‹ŒŒŒKŽNMÌŽLŒMLMKŒLÍŒÌMŒNŽÍŒŽNMŽLÌÍŽÎÎKŒÎLNMNÍŽŽMÍNKŒMÌNMŽŒLKŒLŒÌÍÍÍŒŒLŒÍŒÍŒM‹ÌŒ‹ŒŒŒ‹KŒŒÎMÌŽŒÍÍÍÌKŒŒÌNMLÌÌŒÍÌËŽNMLÌLÍÍMNKŒNLŒŒLÎMNLLKŒÍLMÍÍMLÌMŽŒMÎLÍLNMŒŽÌ‚ŒM‹ÌŒ‹ŒŒŒËKŒMÍŒLMŒŽŒŒŒŒMLLŒŽMŽNMŽMÌLMNMŒÎKŒÎNLŽLŒMÌMLÍŒ‹ŒMMMMÎLÌŒNM‹ŒLNMMNLŽMMÌML‚ŒM‹ÌŒ‹ŒŒŽMÍMŒMLŒÌLÍËŒLMÌÍMLMŽKŽNMÌÍŒMÌMMKŒÍŒŽLÌMÍÌMLÌM‹ŒMÌMÌŽMÌNLÌËŒLÌMLÌNŒÍÎŒM‹ÌŒ‹ŒŒKŽNLLÌŒŒNLÌNM‹ŒÌMŽLNŒMÍMMLÌKŽNMMÍÍNLNMËŒŒLMLÌŒÎMÎ‹ŒMŽŒÌÎMLNLNKŒNMLÎMÎLNMÎÂŒM‹ÌŒ‹ŒŒ‹ŽNÌLLLMÍMŽËŒŒÎÌŒŒMLÍLMËŽNMNÌÍÎMNŒMÍÎMÍKŒNÌNMMŒÎLNÌL‹ŒMLLÍÍMŒM‹ÌŒ‹ŒŒËŽNMLÍÌŒÍLŽMËŒÌŒMÌNMNMÌŒÎMËŽNMNLMMÎLMËŒLLÍMLÌÍÍLÌŒÌLŽMLŒŒLÍMŒNÍŒMLÍŽŒL‚ŒM‹ÌŒ‹ŒŒŽŽNLMMÌMMM‹ŒNÌŒŽMLLÍŒ‹ŽNMMÌÍMŒLÌMŒMŒMLMÎMÍŒLNMÍÌÍKŒŒŒÌMÌLLÎMÂŒM‹ÌŒ‹ŒŒŽKKŒÍÌÎLŒLŒNLŒŽËŒÍMMLLËŽNMŒÌÌŒÌÍÍLŽNŒŽLÌLLMÌŒÍM‹ŒMMÌLLÎÍËŒMLŒLLÌÎLÎBŒM‹ÌŒ‹ŒŒÌŽNMLLŒÌÌMŒ‹ŒŒŽMMNÎËŽNMNMŒMLNMËŒMLŽLÍÍMŒLËŒŽLÌÍMLŒLËŒMŽNLLMÎLMÌNLÂŒM‹ÌŒ‹ŒŒÌKŽNNŒÍMMLÎMÍ‹ŒLŒÍÎMLLÎMÌLÍŽNMÍMÎMÍLMŒŒMKŒÍÎÍNÍÌÌÌ‹ŒNLÌÌŒŒLÎMŒËŒNŒŒLMŒÌNMNŒM‹ÌŒ‹ŒŒÌ‹ŽNMŒŽMLŒËŒŒŒÌÌÌŒŽNMMŒŽM‹ŽNMŒÍÌŒŒMNŒŒNMÎMŒKŒMNMMŒÎMÍMLŒMLÍÍŒMÎLŒÌŽÂŒM‹ÌŒ‹ŒŒÌËŽNMMŽŒMMÍÍŒNMÍÌÍNNMLMMŒLËŽNMNLÍNNÌŒËŒLÌLŽÍÎNÌL‹ŒLÎÌLMÌMŒMŒÍÍŽMÌŽMÌLMŒM‹ÌŒ‹ŒŒÍKŒÎMÎMÍŽNKŒŒÎLÍNNŒÎKŽNMŽLÍŽNLMÍŽKŒÎLÍMÌNMŒŒŒŒNLŒŒÍÌÍLÌ‹ŒLÌMÎLÂŒM‹ÌŒ‹ŒŒÍKŽNMÌÍÍLNNLÍMŒÌŒÍÍÍMÍÎÎL‹ŽNMMLNNLNMM‹ŒŒŒŒŒÍÎÌÌMŒMÍÌLLÎMLMŒMNMMNLLÌLÌMŒM‹ÌŒ‹ŒŒÍ‹ŽMÎÌŒÌÍŽLÎMKŒÍNLLNŒÍŒNŽNMLLLÍÍMÍMÍKŒMLLMŒÍNŽLŒMÌÎNÍÍÌNMÌKŒMŒŒMÌŒMŒM‹ÌŒ‹ŒŒÍËŽNLÎLŽNMLLÍŒLÍMNNMNÍLŒ‹ŽNMŒÍŒÌLÎÌŒËŒLŒÌMÍŒMÍÌKŒŒNMÎŒÌMÌ‹ŒMŒŽMŽŒÍMŽÌ‚ŒM‹ÌŒ‹ŒŒÎŽMÎMÌÌŒŒÌLLÎNMËŒÌŒÍNMMMŒNŽNMLŽMLŒMÌŒ‹ŒLLŽMÎÍŒÍÍM‹ŒNÍÎŽŽKŒMLMÌŒŒÍLL‚ŒM‹ÌŒ‹ŒŒÎKŽNLÎÌŽLÌÍLÍLNKŒŒÍNÍÌLÌÌNML‹ŽNMŒŒNLLŒÍMÍÎLNŽM‹ŒLÎLLÍŽMÌLŽLŒMLLMNMÌÎMNBŒM‹ÌŒ‹ŒŒŽMÎÎNLŽLÍNLÎNŒŽNLLNMŽÍÌÌÌËŽNMMÎLMŒŒLNŒÍÍLÍÍŒNMMLÎŒNLŽLŒMMMKŒMÍLLŽMMLÍŒÂŒM‹ÌŒ‹ŒŒKŽMÌŒMÌÌÍÍLNMŒŒÌŽMMMNNKŽNMMNNÍÌÌÍÌÎLKŒÎMÎMŒÍŽMM‹ŒMÍNLÍLŽMÎLÍMŒMŒMŒÎNMMMŽML‚ŒM‹ÌŒ‹ŒŒ‹ŽMÍLLŒMŒŒÍÍM‹ŒMÌLNLÌMLMLKŽNMLMMMŒMŒNNÍKŒMLŒNLŒLÍÍÍKŒŒŽŒMŒŒMÌÌÌMËŒNMŒMŒLŽNBŒM‹ÌŒ‹ŒŒËŽNMÎŽLÌMËŒŒÍÌŒÍNMMMŽNMNNLLŒÎLL‹ŒÍŒÍÍLŒŒŒMÎ‹ŒMMMÌMŽLÍŒŒLLLMËŒMMŒLLÌÍ‚ŒM‹ÌŒ‹ŒŒŽNMŒŽMÌÎËŒŽMÎŒÍŽÍMŒMLKŽNMMMÍŽMNÍÎËŒMLÌÌÌÍMŒKŒMÍMLMŒMNŒKŒMÎŽÍŒÍLLÎN‚ŒM‹ÌŒ‹ŒŒKŽNLLŽNÎLÎÍŽŒŽLÍLÍMKŽNMŒÎÎLŒL‹ŒLMŽLÌÍÎM‹ŒMLŒMLLŒLLLËŒMÍMNMÌÍŒMŒÌÂŒM‹ÌŒ‹ŒŒ‹ŽNMÍÍŽLÎLM‹ŒÍMMLNMM‹ŽNMLLŒÍLËŒLÌÍŽNMLÌÌ‹ŒLÎŒMMÎNLLÍ‹ŒMÍÌÍÌÌLÎNM‚ŒM‹ÌŒ‹ŒŒËŽNŒLLÎŒÌÍŒŽLŒÌÍLÍŒLLKŽNMMÌMNLÎNLMNŒÍNÍŒNLLLÎËŒÌLÌŒÍŒŽMMKŒŒÌLŽMÌMLÎNŒM‹ÌŒ‹ŒŒŽMŒŒLÌÍÌNMŒMLNKŒMMLLÍÌMŒNMËŽNMŽMÍŒNLMËŒŒÍMLÎLMÍLŒMŒÌMÌÌÌŒÎLLŽËŒLŽLMŒNNMÎ‚ŒM‹ÌŒ‹ŒŒKKŒMÌLNNMÌMŒLËŒŽLMŒNLŽMLLMÎ‹ŽNMNLÎÌÌMŒŒÌM‹ŒLÎMŽLÎLÍMŒLÍÌÎNÍLŒÎŒËŒMŽNNMLÍLMMŒ‚ŒM‹ÌŒ‹ŒŒLŽNÍLMLŒŽŒLKŒÌMMÎMŒŽNMLŒŽNLÎKŒMŽMÌŒÍŒMŒÌLKŒLÌŽNŒLŒÍMMKŒLÌŽNLNNLŽLŽBŒM‹ÌŒ‹ŒŒLKŽMNÍŒŒŒÎLŽL‹ŒŒMMŒMŒŽKŽNMŒÍÍMÎÍŒMËŒŽMÍÌŒNMÌKŒÎLŒÍŒLMŒÌNŒNLÌLÍÌŒMŒÂŒM‹ÌŒ‹ŒŒL‹KŒÌÍŒÍŒÎLMLLÍÌÍŽNMMNMÍMLÍŒMŒËŒŽLMÎNNNNLLÎÎÍ‹ŒMŒMŒÍÌMŒMŒMŒŒNNMLÎÍÌŒLMŒM‹ÌŒ‹ŒŒLËKŒLLŽÌÍŒNÍMÌLŽMÍŒËŽNMNNÌÎÌLLŽMËŒÎLNÌÌNÍMŒŒŽLLŒLÌÌÌŒÍŒŒŽMŒLNLÍÂŒM‹ÌŒ‹ŒŒMŽMÎÍŒNLÍŒKŒMÌMÌÌMNNLËŽNMŒŽLÎŒMŽLÎKŒÌLMÌÍLNMKŒÍŒLNLŒMŒŒMŒMLÎLÌLÍÎNŒÂŒM‹ÌŒ‹ŒŒMKKŒLNMŒŒÍLËŒMÍÎLLÍÌLÍÍMMŽNMŒŒNŽMÌLÎKŒLLMÍÌŽLÌKŒŒÍÎLŽŽŽÍ‹ŒLÎMŒÌÌÌÍŒŒÎÌBŒM‹ÌŒ‹ŒŒM‹ŽMÌLNLÍÌÎMÎM‹ŒŒMMMÍNMKŽNMLÍŒŽMÎLKŒMŒMMNÌÌÍŽÎLËŒŒMNMÌLÌMLNLŒMŽLÌLMLLLNŒM‹ÌŒ‹ŒŒMËŽNLÍÎÎŒÍNKŒMNLŽLÍÎLMÍMKŽNMMŒÍÍNMËŒMMŒNMŒLLÍŒNMÍŒMŒÍÎLLMKŒNLŒMÎNLŒÍŒBŒM‹ÌŒ‹ŒŒNŽMMMÎMÎŽLËŒŽLŒMÎÌŽLÍÌËŽNMNÍŒŽNNŒNÍŽLLLËŒÍÍMŒÌLLÌÌŒMÍMŒÌÎLLMÍŒBŒM‹ÌŒ‹ŒŒNKKŒLLÌMLL‹ŒÍNMLÍNLÎŒKŽNMMŒÌÎNNMMMŒKŒMLMŒL‹ŒMÍLŒÍLMÍMŒLM‹ŒMMMLÌMÍŽNŒBŒM‹ÌŒ‹ŒLKŒÌÌÌŒMÍÍËŒŽLÎMÌÎNLMÌÌ‹ŽNNLŒŒÎLŒŒÍÌLËŒNMÌÎMMMMÍÍÍŒÎMLLŒMNNM‹ŒNNLŽNLŽŽLÍŒM‹ÌŒ‹ŒLKKŒŒÍMÌLMM‹ŒÌŽMÎMŒLL‹ŽNNLŒÍLŒMÍÍÍM‹ŒNMMŽLMŽMLNLKŒÌMLÍŽŽNLMŒÌMKŒÍNNLMÍÌÍŽŒM‹ÌŒ‹ŒL‹ŽNMLÎÌLŒÌLÍLLLŒŽNNLMMLMŒÎŒŒŒÎMNLMŒMÌLKŒLÌÌÎLŒÎNLŽMNNKŒŽÎLLÎÍÍLŽŒM‹ÌŒ‹ŒLËŽNMMMŒÍŒLÍNŒÌÍLÍÍMLŽNNKŽNNLŒŒÎNÌLÍLÌËŒNNMŽNNNŒNLLŽLËŒÍŒNÍÌŒLÍMËŒŒÌLŒÎÌLŒML‚ŒM‹ÌŒ‹ŒLŽNNLÍLLŒLÍLÌ‹ŒÌNÍÍLŽMLŒÌÎŽNNLLÌLLNMÎMÍKŒŒNŒLÍÌŒNNŒMÌLÎMÌÍŒŒŒÍŒÍLŽLÍÌNLNNMBŒM‹ÌŒ‹ŒLKKŒÌLMLMM‹ŒÌNLÎMLÎMÎŒÍLËŽNNLNMÍLMLŒNŒŒŽÌÍLŒMLMËŒLÌLMŒŒÍŽÌMKŒÍŒNMLŒÌÍÌÍŽMÌBŒM‹ÌŒ‹ŒL‹ŽNÎLÌLÌŒLMÌŒÎLËŒÌÍÍÌLMŽMKŽNNMLÌÎMMÌ‹ŒMMMÎLÌÍÌMŽÌNŒLLMÎMÌŒŒMŒNLÌNLÎÍNLLÍBŒM‹ÌŒ‹ŒLËŽNMÍÍÍŽMŒÌÎLÎMÎLMŒKŽNNLLLŒŒLŒÌÎNLLŽÍÍËŒMMLLŽMÎNLËŒŽLÌNŒÌ‚ŒM‹ÌŒ‹ŒLŽNMMMÌLŒÍÌŒMŽKŒÌMÍMLNNMMÌMËŽNNLÍÍÌLÌLÍËŒŒNLÍLLŒLÍÍÍÌËŒLLLŽMÌLMNKŒÌLŽLLŒLLÌŽBŒM‹ÌŒ‹ŒLKŽNMŒMÍNMŒLŒLKŒÎMÌLŒŽLNŽNŒKŽNNLŒNŒÍLMŒËŒNMÍÌÎÌŒÍKŒMÌMŒÎLÎÌÍŒÌÍLMMŽNMÌ‚ŒM‹ÌŒ‹ŒLLŽNMMÌNMLÎŽNŒŒÎMÎÌMLÍMÌMÎŽNNLÌNMÌÌLÌMMÌKŒNÌMLÍŒLÍËŒLNMÌÍŽNNMMÍŽKŒLŒÎÌÎÌŒM‚ŒM‹ÌŒ‹ŒLLKŽNLŒÍÌŒÌŒNKŒLÍŒŒ‹ŽNNLŒNMMÍÍMŒNMÍMLÌŒŽNNMMMKŒNLNNLŽLŒMNÍKŒNLMÍÎLÍÍMMMŒM‹ÌŒ‹ŒLL‹KŒŽNLÎNLÌKŒÎLŽMLŒÌMŒËŽNNLÎMŒLÍÍLËŒMÍÎLÍŒMŽLËŒLLÍŒŒŒÌŽ‹ŒLLLLÍBŒM‹ÌŒ‹ŒLLËŽNLŒÌÎMÍLÍÌÍM‹ŒÌŒMŽLMLÍŒÎLÎNMŽNNLLÎLÌLLÎŒŒMÍŒLŒMLÎMÍLMËŒÍMÌÌŒMŽLÍÍKŒNMÎMŒÍÌLÎŒM‹ÌŒ‹ŒLMKŒMÎMÌŒKŒÍMŽLMÎNNMÍ‹ŽNNLÌÌLŒÌ‹ŒNMNÌNNÍŒÍËŒMÌŒÍŒŒKŒÍNŒNBŒM‹ÌŒ‹ŒLMKŽNLÎÌŒMNLŒMŒÍMÎÍÎMŒMÍMLÎŽNNLÌLŒŒÌL‹ŒŒŒLLLŽÌŒLNMÍ‹ŒLLŽŽŒÌLÍNKŒÍNMŒÎÍÍŒMM‚ŒM‹ÌŒ‹ŒLM‹ŽNMNNLÌÍÌŽLNM‹ŒŽLŽNNŽNLŒËŽNNLLMLÌÌMŽKŒŒLMÍÍÌÍÎKŒÍŽLLÌŽMŽNKŒŒÌMLNŒMÂŒM‹ÌŒ‹ŒLMËŽNLŒŽNLLŒNŽŒŽMÍÍŽNMÌËŽNNLNMMMÌÍËŒŒMÌLMÌÍŒMŽÌŽNÎÍ‹ŒMÌŒLÍÎMLBŒM‹ÌŒ‹ŒLNKŒŒÌÌÌŒŒL‹ŒÌMLNLÍNNŽNŽNNLLÍLŽLMMŽLËŒŒÍÎLŒLŒNŒNMÌNLLŽÍŒ‹ŒÍŒŒMŒMÍÌBŒM‹ÌŒ‹ŒLNKŽNNLLÌŽLŽÌÍŒŒNMMŽMNÎLŽNKŽNNLŒMÍŽNNLŒËŒNNLŽLÌŽLÍLLŽKŒŽÌÎMLNŒÎLÍËŒMMLLMÍÍMBŒM‹ÌŒ‹ŒLŒKŒLMLÌNÌŽÎŒÍMŒÌNNŒLÍMŒŽNNLLÍŒÍMŒŒÍËŒŒÎNLÎMŒŽLŒM‹ŒÌŒŒNÍMÌLKŒŒÌŒŒŒBŒM‹ÌŒ‹ŒLŒKKŒŒŒLÎNÍŒËŒŽNNMMMŽÍLNMMMŽNNLNNMNLLLMÍŒËŒŒLLLNNLLLMÌMŒÍÌÌMLŒLŽNÌLLËŒNMŒÎMŽŒŽLŒÎMŒÂŒM‹ÌŒ‹ŒLŒ‹ŽNLMÍÌŒLÍMLÎËŒÌLÌLÍÌLŒLÍÌ‹ŽNNLLMŒÍLNNÌ‹ŒŒLMŽLNMMŒÌŽŒLÌÍŽLLŽÎNŒLËŒŽLNLMŽMÌÍBŒM‹ÌŒ‹ŒLŒËKŒLÍNMMŽNNŒŽLLÌÍÍLÌÎNNËŽNNLÌŽNLÍLÍKŒNÌŽLÌŒÌÍÎŒŒŽMÌÌNLÌÌNNKŒŽNMŒÌMÌNBŒM‹ÌŒ‹ŒLŽNMNMÍMÍNMŽLËŒŽMMÌNMMŽNŒKŽNNLŒMŒNMMÎLNŒNNMMLÍÍŒÎŒÌÎŒÌŒMŽLÌKŒÌŒŒMÌÍMMMBŒM‹ÌŒ‹ŒLKŽNŒMÌÌLMŒÎŒLËŒÌŒŽNŽLÌLÌŒÍŽNNLÌMÎMLÍÎÌŽMŒNMÍŽLŽMLÌNMMÌMMŒNNNNMLÌÍKŒŽLÎÎMMMÍLLBŒM‹ÌŒ‹ŒL‹ŽNMÍŒÌÎMMŒNKŒŽNLÍÌÍÍLŒL‹ŽNNLÌÍLŽLÌMNMËŒNŒMŒÎMMNMNÍKŒLNLÌÍÍŒMŒNNŒÍŒMŒŒLMÌÍBŒM‹ÌŒ‹ŒLËKŒÌMÎLÌMÍ‹ŒÌÍLÎNMŒLÍÍLM‹ŽNNLNMŒÌÎMÎNNŒŒÌNNMÍÌŽMLŒŽŒÌŒÍŒLLŒMMMŒÎÍMÌŒNMMÍÍÌ‚ŒM‹ÌŒ‹ŒLŽŽNMÌŒNÍLM‹ŒŽLLLÍÎÌÍÍMNMËŽNNLLÌNNNŽŒŒÌÎMÎLÎM‹ŒMMMŒLÍLŽLKŒNLLÍŒÍŒŽMŒÂŒM‹ÌŒ‹ŒLŽKKŒNŽNMŒÌMÌMKŒLÍÌÍÌŒÍLÍLMŒËŽNNLŒŒŒLŒMŒŒKŒNMÌNNÌÌMŒŒËŒMÎMNLÍÎLLËŒÌMÍŒŒÌŒÍÍŒ‚ŒM‹ÌŒ‹ŒLÌŽNNŒMNNŒÎŒŽNMNLÍLLNÍËŽNNLŽMMLMÎÌŒ‹ŒNÍÍMŒMNÌMM‹ŒŽNÍLNÌÌŒÎKŒÌÌÌŒÎÍNMMÍBŒM‹ÌŒ‹ŒLÌKŽNLÍÌÌŽÍÎMKŒÌLLÌŒÍŽLÌŽMKŽNNLÎLMÍMÌLMMÍËŒŒMMÌŒMŒMÌÍŒLŒMLNMNMÍMKŒŽÎLLÎMŒÍNLŽBŒM‹ÌŒ‹ŒLÌ‹KŒLÌNMŒÍŒŽNŒŒÌÎÍNLMNNŽËŽNNMLÌÍŽMLÌ‹ŒMLÍÌŒLMLŽLËŒÌÎLMÌNNÌËŒMMÌÌÎMMNÍŒM‹ÌŒ‹ŒLÌËŽNLÎMŽLÌÍMÍŒÍÌÎNLÎMŽL‹ŽNNLŽÍMÌNŒŒŒLLMMÍMMÌNŒMŽLMÍÌÎMŽÎKŒLLÎLLÎÌLŒM‹ÌŒ‹ŒLÍŽNLŽLLŒÌÌLÍL‹ŒŽÎMŽMŒÎMMŽŽNNLŒLÎMMÌÍËŒNNNNMÌNMŒÌ‹ŒMÌNŒŒŒLÍKŒLÍÎLNÍŽNÍLÍBŒM‹ÌŒ‹ŒLÍKKŒÍŒÌŒŒŽŒÌMLL‹ŒŽMNLÍŒŽŽNNLNLMMNNMÌMKŒNLÍMNÍŒ‹ŒŽŒŒMÍLÍËŒLÍÍÌŒÌŽÌNÍÎŒM‹ÌŒ‹ŒLÍ‹ŽNMŽLŒŒKŒÍNMLLÎN‹ŽNNLMLÌÍÌKŒŒMÍLNÌLMLŒŒÎNMÌŽMŽKŒMÌÍŽMNNLÌŽMBŒM‹ÌŒ‹ŒLÍËŽNŒŽNŒŒMÍŒ‹ŒŽNÍNMŽLŽKŽNNLŽNLÌÌLŒLNKŒNÍŒÎMMÍÍ‹ŒÌŽMLÌÎMNNL‹ŒMŒŒÌLŽÍL‚ŒM‹ÌŒ‹ŒLÎŽNLÌMMNÍŒLÍÎŒÍLLLÍLMÌŒŽKŽNNLŒŒLÎÍLÍŒËŒNMÍMŒLÍÍÎLLËŒLŒLÎLLÎLLÎNNŒÎLŒMMMBŒM‹ÌŒ‹ŒLÎKKŒÌÍŽMŽNMÍNMŒËŒŽMLŒÍÌÌÍMLÎNŽNNLŒÎLŒŽLMNML‹ŒNMLÍÌŒŒŽNMÍLÍKŒÍŒMLLNMKŒŒLŒLŒÍÎNLÌÎLLBŒM‹ÌŒ‹ŒLŽNLMNMLMMŒL‹ŒÍÌMŒÍÌŒKŽNNLÌMLŽNŽLNŒNLÌLMŒMŒÍŒŒKŒÌÌLÍNNMÍMÍŒÎÎNLNMLÍNNL‚ŒM‹ÌŒ‹ŒLKŽNMLŽMÎMMŒÌLŽNŒŽNNŒŒÎKŽNNLNMÌLŽÍLŒËŒŒÍÌÌÌNNNKŒLLÎÌÌÍÌŽMÌ‹ŒNLÎMLŒMŒMŒ‚ŒM‹ÌŒ‹ŒL‹ŽNNNNMÍÍÍNMËŒŽLÍÍÎLŒLŒËŽNNLLŽLÌMÎKŒŒMÌÍŒŽMŒÌMÌÍŒÍÍÌÎM‹ŒÍNLLÍLMÍÎÂŒM‹ÌŒ‹ŒLËŽNNŽLÌLŒÍNKŒLŒMNMÎLŽNNLÎLNLLŒŽKŒNNÌÍÌŽŒNMÌËŒÎLÌÌMÍÍKŒMÍMÌŽMMÌÂŒM‹ÌŒ‹ŒLKŒLNÌÌŒMNL‹ŒÌÎMNLLŽNLLKŽNNLLLŽLÍLL‹ŒŒŒŒÎMNMNMLÌMMMËŒMNLŒÎMŽÎMŒÎKŒNÎNMLŒLŒNNÂŒM‹ÌŒ‹ŒLKKŒMÍŽLÍËŒÌLŒMMÍÍÍMŽNNLŒÌNLÍÌÍÌËŒNMNMÌNLÍNLŒŒNŒLLÍÍÍŒLŒÍÍÍLÎNNNLÌ‚ŒM‹ÌŒ‹ŒL‹ŽNLMÌÍŽMŽL‹ŒÍLŽNNLLËŽNNLMŽLŒNMKŒŒŒÍŒLÍÌŒŒÎÍŒLMÎMÌÍŽÎ‹ŒÌLÎÎLLN‚ŒM‹ÌŒ‹ŒLËKŒMÌMLÌŒMKŒÍÌMŽŒŒÌÌMMËŽNNLMÎLŽMLMŒŒÌŒÌÍÍLŒÍÌNMÌ‹ŒŒÌŒÌLMŽLML‹ŒNMÎNNÌŽŒM‹ÌŒ‹ŒLŽNNMŒMŒÌLŒMÍËŒŽÌÍLMŽNLÍŽŽNNLNÎLŽNMMKŒŒMLNMMMŽLNMKŒÎNLMLMLLŽNKŒLÌNÍMÌÍMNÂŒM‹ÌŒ‹ŒLKKŒŒLÎÌMLÍŒKŒÍÌLÎNMLNLŽLŽL‹ŽNNLLMÌŒÍŒLŒŽKŒŒLMŒLÍŒŒÎMNNŒLÍLÎLŒMŒÌ‹ŒÌLÌÍM‚ŒM‹ÌŒ‹ŒLLŽNMŽMÌMMŒMÌÌÎKŒMMÍÍNMŒ‹ŽNNLÌMMŒÌŒÍMŽËŒNNMLLÍÍÍŒŽŒLŒŒÌÌŽMÌÍŽNKŒŒLNLMNLÌLLŒŽBŒM‹ÌŒ‹ŒLLKŽNMMŒÍMMMŒLKŒŽŽÍLÎÎMÍÌŽNNLMÍÌLLKŒNLLNNMNÌŒMËŒÌÌÍMLÌÍŽLÌÎŒÌMNŒNŒÌÍÎLBŒM‹ÌŒ‹ŒLL‹ŽNNMŒÍÌLÌLÍKŒÌŒÍÌMŒMMMLKŽNNLMNMNÎMËŒŒLMLMÎMLŒMÍŒLÌNMLLÎŒÎÌÌŒÍLŽŒÂŒM‹ÌŒ‹ŒLLËŽNÎLÍNMNLL‹ŒÎLLÌNLLÌÍMNMËŽNNLÍÍÌLŽLLL‹ŒŒNLÍLÌLÌÍŽL‹ŒLLÌÍLŒŒÍLÍŽKŒMŽŒNLMMLBŒM‹ÌŒ‹ŒLMKŒÌMLNÌÍKŒÌŽMLLÍÎMÌÎLÌËŽNNLŽŒŒLÍŒÍKŒNMMÌÌLMŒMÌM‹ŒLNMŒLMÌLŒLKŒŽLÍŒÍÎNNŽLŒÌÂŒM‹ÌŒ‹ŒLMKŽNLÍŒŽMŒNŽŒÍÍNŽLLŽLŽNNLÌMNŒŒÍÎÎKŒNMMÌŒŒŒŒÍLÍKŒLNÎMÎNLLÌËŒÍLLNLÍŒMŒÌÍMŒM‹ÌŒ‹ŒLM‹ŽNNMŒLÌÍŽÎÌÎLÍËŒÌŒMÌÎMÌŽNŒÎMKŽNNLÍÍMÌŽNLÍŒNLNÍÍÍÌŒŽL‹ŒMNLŒÌÍÍLLKŒMÍMŒÌÍÍNM‚ŒM‹ÌŒ‹ŒLMËŽNNLLŒLŒŽLŒMÍ‹ŒÍÎNLNMMÌ‹ŽNNLÌŽŽLNMŒNMÎÌŽMMÌMÍN‹ŒLMÍŽLÍLÌÌÌKŒÍŒÎLŒÎN‚ŒM‹ÌŒ‹ŒLNKŒŒŒŽLLNMŒNMÎMŒMLŒLMÌËŽNNMLÌLNL‹ŒMNLÌÍMMÌÎLŒËŒÎMLŒMLËŒÍŽLŽMÌÎLLÂŒM‹ÌŒ‹ŒLNKŽNŒŽÍNLŽËŒÌLNLŒÎÍŒÍŒ‹ŽNNLLNMÍÌNKŒŒLMMŒMMŒNŒMLÍNMŽMÎLLKŒÌMNMŒLLŽNLŽÂŒM‹ÌŒ‹ŒLŒKŒŽÌMÌÍŒKŒÍÍÍÍLÍÍÌL‹ŽNNNŒMÎLMÎMÍ‹ŒŒLÎŒLÍŒŒLÍKŒŽMMŽLŽLLŒŒMÌMMÌÍŒLÍBŒM‹ÌŒ‹ŒLŒKŽNMÎLŽŒÌMLÎŒŽÍNMLÍMŒÌŒÍŽN‹ŽNNLŒÌÍŒÌÍMÎLËŒNMMÍÌŽNŒL‹ŒÎLNÍŽÍLÌÍMŒŒLŽMMÍŒNMŒŒÎLÍBŒM‹ÌŒ‹ŒLŒ‹KŒŒŽŽÍÍŽKŒÌÎLÍMÌLËŽNNLMŒMMŒLŽNKŒNLŽÎNÍŒÌMŒLËŒNŒLNMLMÎM‹ŒŒMMNŒÎMMMÌBŒM‹ÌŒ‹ŒLŒËŽNMÌŽLŒÌÌÎŒ‹ŒÍLÍÍŒŒÍLM‹ŽNNLMMLÌŒÍËŒŒÌMÎNNŽLŒÎËŒLÍŒŒMŒMŽÌŒÍNÌÍMŽMÂŒM‹ÌŒ‹ŒLKŒLŽMŽMÍMLŒ‹ŒŽLÍLLÎÍNMÎŽNNLŽLÍNÍNMÌKŒNLLMŽLÍŽÍÌ‹ŒNLMŒMÍNLLÌLÍKŒMŽŒÌLÍÍŽMMŒM‹ÌŒ‹ŒLKŽNLLÍŒÌNŒMKŒŽMÍLŒÍÌNÌŽKŽNNLŽMÍÌŒŒÎLMËŒNNÌLÎLM‹ŒLŽLMLÌŒMËŒÌÌÍNNLMMÍLŒLBŒM‹ÌŒ‹ŒL‹KŒÌŒNNÍKŒNLŒŒŽMÍÍMMÍKŽNNLŒMNNÌMNÎŒNNÌÍÎÎMNÍÍ‹ŒÌÍÌMNNMÍKŒŒLÎMÌÍMŽLÎÌMŒM‹ÌŒ‹ŒLËŽNLŒNMLÍŽMÌLŒ‹ŒÌÎLŒŽÎMÍŽNNLMÍÍMÌÎÎLÎLËŒŒÎÎMLÍÍLÌKŒNÌNMMŒMÌKŒMÍMNNNNLMÍÂŒM‹ÌŒ‹ŒLŽKŒMMÍMÌNŒŽLÌNLLMÍŒMËŽNNLŒÍÌŽÎMÍNËŒNMLŽÎLÌMMŽMŒLŒÍÌMNMMŒÍËŒLLŽLMLÍÎŽŒM‹ÌŒ‹ŒLŽKKŒLLÍLLŽÍŒÌMÌËŒÍÍÎNNÍÍÌŽMËŽNNLNLLŽMMMŒŒÌNNMLÍÎMŒLLËŒMLŒNMŒÌÌŒÍÍ‹ŒÍÌMMNÌLŒÍŒLÂŒM‹ÌŒ‹ŒLÌŽNMŒŒLŽÌLM‹ŒŒÎMÌMMÍMLÌ‹ŽNNLÌÍÎÎLŽMÍËŒNNMMŒLÎNŒŒŽMKŒLŽMÍÎLÎLËŒŽLÎMÌÍÎNMBŒM‹ÌŒ‹ŒLÌKŽNMLŒÌŽÍMŽNÌLËŒŽNLÍÍLLÎLŒÌ‹ŽNNLLÎÍŒÍÎMŒÎŒŒLLŒLMMŽ‹ŒŒLLMÍŒËŒÌÍÍŒÌÍNMÌŽMLM‚ŒM‹ÌŒ‹ŒLÌ‹ŽMÍNMMÍMNLÌŒÌÍÍMLÌŒMMLLÌKŽNNLMMLMÍŒMÌ‹ŒŒÌNÎNNLMŒÍŒËŒNNNMÎMÎLÎMLMŒLŒNLŒÎLŒÌLMMBŒM‹ÌŒ‹ŒLÌËKŒÌNÍÍLŒŒL‹ŒÌLLLMMŽMŒŒ‹ŽNNLŽLLÎNMLŽŒNMNLŒLŒŒLNNÍËŒMÍÍÌÌLMŒMMŒ‹ŒŽÍÌÎŒBŒM‹ÌŒ‹ŒLÍKŒNÍMMÍNNNMKŒŽNÌÍMMMMÍËŽNNLÍÌÌMÌŽMËŒNMMNLÍLMKŒMLŽLŽLMLÍMŒÍLÍKŒÍLMLÍLMLÍBŒM‹ÌŒ‹ŒLÍKŽNNLŒÌŒÌŒLLM‹ŒÌNLNLÍÎŒÎMKŽNNLŒNMÍŒŒLLÍMLËŒNMÍLMŽLÌLMNLËŒLMŒŽŒÍÍMÍLŒŒËŒÌÍÌÌMMÎMÍÌŒM‹ÌŒ‹ŒLÍ‹ŽNLÌNÎŒMLŒKŒÌÎŽÍÌKŽNNLŒÍÍÌÌKŒŒÌŒÌŒLLNÌM‹ŒLLŽMLŒLÌLÍŒ‹ŒMÍÍMLÌBŒM‹ÌŒ‹ŒLÍËKŒMMŒLLÍŒN‹ŒÎMÍŒŒMÎMLÌŽNNMMŒLŒLNKŒMÌŒÌŒÌŽLŒMÎËŒLLMMŽLMŒÌMKŒŒÌMÌŒÌÌMLMNBŒM‹ÌŒ‹ŒLÎŽNLÍNMŽLÌÌNLŒËŒLÍŽLNMMÎMÍKŽNNLŽMMÍMŽNKŒNŽŒŒNMMNŒLLLÌŒMNM‹ŒŒNNŽMŒÂŒM‹ÌŒ‹ŒLÎKKŒÍŽMNLNLÎŒÌŒLMMÌNÍ‹ŽNNLLMLMNNKŒŒLLMŒMÌÎLÌÍŒLÍMÍMŒMŒNMËŒŽMÌMMÌŽ‚ŒM‹ÌŒ‹ŒLŽNLŒÎNMNLLNŒÍÍÍÍŽMÎLŒËŽNNLLŽMŽLŽNKŒŒŒMŽŒNËŒÍLÎMLMŒÍLMLËŒÍNŒLBŒM‹ÌŒ‹ŒLKŽNMŽNMÌLNMKŒÌNŒÌLMÍLKŽNNLÌLÍÌLÎMËŒNŽLÎMMŒÍÎÍNÍŒÌLÍLLM‹ŒMLÌÌŒÍMNLBŒM‹ÌŒ‹ŒL‹ŽNMŒLLÍŒMNLËŒÌLMÎMŒÍ‹ŽNNLLÌÌÌÍŒMMŒŒMÌMÌÌÍKŒÍÌÌŒÍŒNNMÍLÌŽŒLŽMÌLMÍÂŒM‹ÌŒ‹ŒLËŽNMMŒLÌLÌLÍŒËŒŒMLÍMÍÍLÍŽNNLLLÍLNLL‹ŒŒLÌNLLÍÌMMŒ‹ŒMÎMLMÍŒŒM‹ŒÌŒÌŒLMÎLÌŒNŒM‹ÌŒ‹ŒLKŒLLNÍŽMNKŒŒÍŒÌÎÍLÎM‹ŽNNMLÌMNŒMÌÌMMÍŒMÌMM‹ŒŽŽŒŒŒÍŽNL‹ŒŒNLMMMÎMŽMŒM‹ÌŒ‹ŒLKŽNMÌÍLLMÍŒMLMÌKŒÌŒLLÌMŒŽMŽNNLMÍLÌŒŒMÌMÎLLÌÍLŒKŒÌÌÍÍÎLÍÎLŒ‹ŒÌMÌNMŒŒNMLÍÂŒM‹ÌŒ‹ŒL‹ŽNLÎNNMNMÍMKŒŽLŒŒÎLÌLMŽŒ‹ŽNNLMMÍÍÍLNÌKŒŒMMÍLLMŽLŒLŒÍKŒMÎLÌLŒÌŽÎŒÍMŽÍŽMŽÌÍÍŽBŒM‹ÌŒ‹ŒLËKŒLLÌŒMMNMÌMËŒLLMÎLÎMLMŽNNLÎLÎÌŒLŒŽLŒMÍÌÌMÎLŒŒLMŒLNNŒŒÍNLŒÍŽKŒŽLMMLÍMŽNLŒM‹ÌŒ‹ŒLŽNÍÌÌÍLÍÌÌLL‹ŒŽMŽMLLÌNLËŽNNLŒLÌŒŽLÌÍMÎŒNNÎNÎÎMŒLÍ‹ŒLÍÌÌMÎÍŒŒŒÍLMÌMLÌŽMBŒM‹ÌŒ‹ŒLKKŒLNLÍŽMÍMLÌ‹ŒÌLNNNÌLÌÍKŽNNLÍMŒŒÎMÎMMËŒNÍÍLËŒŒÌÍÍMMÍŒLŒMÌKŒŽNLÌŒŒÎBŒM‹ÌŒ‹ŒLLKŒÎMŒŒÍŒLKŒÎMLLMLÍLMNŒÍKŽNNLLÎMLLLKŒŒŒLÎMÍÍÍÌMŒMKŒÌNLLÎMÍŒŒMLMÌMÍÌMMBŒM‹ÌŒ‹ŒLLKŽNÌÌLÌLLLÌ‹ŒLLÍLŒÌM‹ŽNNLŽLŒŽNŒÌKŒNLMNMLŽÌÌNŒLNLŽLLLŒLMMŒLLÌÍMŽŒŽBŒM‹ÌŒ‹ŒLL‹KŒÎMMÎLÌMËŒÌNNMŒÍÌLMÌÍKŽNNLÌNMŒÌÌNLŽŒNMNNMÌÌÍ‹ŒÌÍMÍMMMÌËŒŽŒNÍMŒM‹ÌŒ‹ŒLLËKŒLÍLMŒLÍÎÍ‹ŒÌNMÌLNÎËŽNNLNMLÍÍÍŒMMLŒŒŽMŒNŽMÍMŒLMLLLLŒÌÌÍËŒLLŒÍÍÌÌLÌÍÌŒÂŒM‹ÌŒ‹ŒLMŽNLŽMLÌÎMËŒŽLÍLÍNLMÎÍLÍËŽNNLŒMLMMŒŒMLLMLÍLËŒMÍNNMÍÌM‹ŒŽMLNMMÍŒŽBŒM‹ÌŒ‹ŒLMKKŒMÌÍÍNLËŒŽLNMÌŒŒLM‹ŽNNLŒMNLËŒNNLÌŒMÌNMMŒLLËŒLÌŒLŽMLÌÌÍNÌ‹ŒÌŽLÌNLÌÍŒM‹ÌŒ‹ŒLM‹ŽNMÎLLNLŽMKŒÌÍMÎNMŽLŒÍKŽNNLLŒŒŒÍÍÌL‹ŒŒNLNÍMMLÎŒLLLŽMÎLŒÍMMÍËŒMÌÍNNŒM‹ÌŒ‹ŒLMËKŒÍÌÍÍŒŽLÌKŒÌNMÎMMÌÍŽÍÍŒKŽNNLÍÍMŒÌŒŒŒŒMLMNMNMŒŒLMÎËŒLÎLNLLŒŒÌÍŒLLŒMLÍÎNMÎMÌŒM‹ÌŒ‹ŒLNŽNMÍÌLŽMŽŒŒMMŒŽMÍÍÌMMŽNNLÌÎÌŽM‹ŒNÎMÍŒNLŽŒŒNNMŒLMŒLKŒŒLÌMŒLNŒM‹ÌŒ‹ŒLNKKŒLÌŽÍNNNKŒÌÌŒÌÌMŒLÍ‹ŽNNLÌÍÍÍÎŽKŒŒMLŒÎMÍÍÌŒNÎŒÌMMÍŽNKŒÌNLŒMMÍŒÂŒM‹ÌŒŒLŽNNMÍÍÌLMŽ‹ŒLÌŒÍÍŽÎLÍÍM‹ŽNÎLNNMÍŒLÍÌÍŒŽŽMŽKŒNLLMÍLMNLKLMÌŒŒMŒÌMŽMNBŒM‹ÌŒŒLKŽLÎNMŽŽLÌÎŒÌÎŒLLNLÍÍŒNÌMŽMMŽNÍMÌMÎN‹ŒÍNLÍÎMŒÍL‹ŒŒLLÌMŒKÍMNMLÍŽÍLÂŒM‹ÌŒŒL‹ŽMÌÌNMŽÍMÎLËŒLÍLÍÌLŽMNLÌN‹ŽNLMMMŒNLŒŒMŒŒMLŒLÍLMŒÎMŽKŒÎLNLLÍÍÍÎNLMKŒMÌLŒLÎLÍŽÂŒM‹ÌŒŒLËŽLŒLŒŒÍÍÌKŒMÌÌŒMLŽMËŽNLÌÌÌŒÌKŒMŒMÌLÍMNNÎKŒÎLMNNLÍËŒMÍŒLŒŒLÎBŒM‹ÌŒŒLŽMMNLÌÌNMŒËŒMŒMŒŽLÎMŒNŒÍŽŽMÍÍMŒNNLÌŒMMMKŒLNLŒŒMŽNÌL‹ŒŒMÍŒMÌÎMKNÍŒÍŒŒÌŒÂŒM‹ÌŒŒLKŽMŒÍMŽMNMŒKŒLMÍLÌŽNNL‹ŽNLMLMÍLÌÎKŒŽŒÍMNÌMŒÎKŒLÌÍŽMNLNNMÍM‹MÍÍLNŒÌŒÍBŒM‹ÌŒŒL‹KŒÌLÍNLLÍMLŽKŒLMŒMMMLÍŒÍKŽNNLÌLŒNLLMMËŒÎÌLLŽÍMMŽŒLÌNŽLÌÌMÌÍËMNLŒLÍŒÍÍLLNŒM‹ÌŒŒLËŽNÌÎLÎLÍNLËŒLÍÌLLÍŽLLMÍ‹ŽNŒLŽNMŽLNMÌËŒMLLMŽMMLKŒLŽLŒMÌŒŒÌMŒMÍ‹NLÎÍÌLŒN‚ŒM‹ÌŒŒLŽMMÌŒLÌŒLÌÍKŒLMMŒLŽÍMŽNNMÍÌÎMLMŒLMŒÍÍMMŒMŒÍŒÎKŒŒÌMLŒLMÍÍŽLŽMÍ‚ŒM‹ÌŒŒLKŽMÍMLNMÍMLNKŒLŒÎÌLÌÎLŽKŽNÌÌŒÎNLŽMÌÌKŒÎMŒLŒLÌNŒŽMŒÌŒÌLŒMNËŒÌÌLMMNN‚ŒM‹ÌŒŒLLŽLÍMÎMMÌMLÌÌÌÌËŒLŒLLŒNÌLÌLMM‹ŽNÌMÌMÌMÌÍŒŽŒLMLŒLÎŽ‹ŒÎMMÌŒŒLMLÍMÌÍKLÎLŒÍÍÎÌMÌÂŒM‹ÌŒŒLLKŽMMÌLÎMÎMÌKŒLŒŽMNLÎMŽLÎLËŽNMÌMÌÍÌÌLNMËŒLÌMLŒNNNKŒÎNNLLÎLŒÍMŽKNNÎMÎÍÌÍÍÂŒM‹ÌŒŒLL‹ŽMÎNLMÌÍÌËŒMNÎMÍMMLÌŒŒ‹ŽMÍŽLÎMŒÌŒÌËŒLLLÍMŒÍLÎNNL‹ŒÍLMÌÍLŒŒLÌÍNLÎMNBŒM‹ÌŒŒLLËŽLLNNÎMMNËŒMŒNMÌÍMMLŽLÌÍÌËŽNLŽNLMLŒLŒŽÌMŒŒÌÌNŒMÍÌÎNLËŒÌMÎÍÎLNNBŒM‹ÌŒŒLMŽMNMŽLŒNMËŒLLÌÍŒŒÌNŽNMŒLÍŽLL‹ŒNLMŒMÎËŒLÍÌŒNMLLÌKÍÍNMMÌÍLŒÍŒM‹ÌŒŒLMKŽMŽMÌLÌMLŒÌŒÎKŒLÍÌLŽNŒŽLÍŽŽNŒŽNLÌMÍŽKŒMMŒŒMLÎMM‹ŒŒÍLLMMMÎMLÌËLLLŒÌNLÌÌMBŒM‹ÌŒŒLM‹ŽNMMÎÍ‹ŒLLÌÌÌŒNMÍNNMŽNMÍMMLÍËŒMÍÌÍÌÎLÍÎLËŒÌNŒŒMŽLÌŒÌÌ‹ŒÎLLNMÍMÌÎÍMŒM‹ÌŒŒLMËŽMLÍMŒÎÌKŒLÌÍLLLM‹ŽNLMÌMŽÌNKŒŽŒŽLÎŒŒLMKŒÌÎLŽÍÍMÌËÌÎÍÌMŒLŒÌÍBŒM‹ÌŒŒLNŽMÎMNŒÌMŒÌMKŒNÎMŽŽLLÍ‹ŽMÍÍÍMÎLÍŒLKŒLMNLLŒÍÎLËŒŽLMLLÌŒŒ‹ŒMLÎÍŒLNNŒM‹ÌŒŒLNKŽMŒÌÍÎMÌ‹ŒLÌLŒMŒNÍŒNŽNMLMÍÌMMÌMLŽŒLMLÌLLMKŒMÍÍŒÍŒN‹LMÎLŒÌÌÎLBŒM‹ÌŒŒLŒŽNMŒLÍMLNKŒMLÍMŒÎNLÍNLÍÎŽNÌŒŒŒÌŒŽLL‹ŒLŒŽNMÌŽLÌŒMÌNMMÎNŽNÍŒ‹ÍÍÍŽMLŽLÍÂŒM‹ÌŒŒLŒKŽLÍŽÌMŒÎNŒLÌNLŒNŒLKŽNŽMÌMŒÌÍMŒ‹ŒLŒÌŽLÌLMKŒŽMNLÍŒŒLMLËŽÎMÍÍŒŽMÍÌM‚ŒM‹ÌŒŒLŒ‹ŽMLŒÌÎNMNŒLŽÍLÌMÌÌMŒMËŽNLŒLNLÎNKŒŒMLNMÍLÍÎL‹ŒÎNŽÍLLMNÍMLMÎMÎBŒM‹ÌŒŒLŒËŽLŒLLŒÎLÌNLËŒMLÌÍÎMÌŽLNMÌÌ‹ŽMÎÍNÎMNLÍËŒLLNLÍLÍÍMLŽKŒŒÍMNLŒLÎŽËLMNMLŒLBŒM‹ÌŒŒLŽLÌLÌÎLNÌÎÍÌËŒLÌMŒÌŒMMŒMLNMMËŽNLMMNLLÍŒNŽËŒŒNLŒŽMLMLÍŒÍÌMLŒLMMNLÌËŒÎLÍLÍŒMÂŒM‹ÌŒŒLKŽNNŒŒÌÍÍŒMŒLÎLŒÍLÎÌŒKŽNÎÌNMÍŒKŒNŽMŽLËŒŒMÌŒÌŒNMLMLÍŒŒNNÌLÍÌŒÍÍLÍŒŒM‹ÌŒŒL‹ŽMNÍLLNŒLMÍŒŽMŒNMNÍ‹ŽNLMMÎLŒÍÌËŒNŒNNMÍMËŒLŽMLMÎMMÎ‹ÍÍLÍÍÂŒM‹ÌŒŒLËŽMÍNNÌÎMLŒËŒMLÌÍLMM‹ŽNMŽMÍÍMNMNKŒMÍŽNMÌŒÌÍËŒLŒÎÌŽLŒŽMKŒŒMŽÍÎMMLŒLM‚ŒM‹ÌŒŒLŽŽMÌNLMÍMLÍŒNÌÌNŒMÍMŽNÎÎMLÍÍÌËŒMÎÎŽKŒLLÎLÌÌŒÎKÌMLMÎNÍLŒM‹ÌŒŒLŽKŽLMNNLÌÍÌŒ‹ŒMŽMŽNÎLLLMŒŽLKŒLÍNNNLMÌNMÎÌKŒÍÍŒŒÎLLŽNNÎKÍÌÍÌŽÌNLŽÍNNBŒM‹ÌŒŒLÌŽMÌÌÌŽNNMMÍŽLÌŒËŒLÌÎŒÌMŽLÎŽNLÍ‹ŽNÌLNLÎŽÍÍÌ‹ŒÍÌMÍÎLÎMŒ‹ŒMÌŒŒÍŽLÍNKÌMÌLŒŽLLÌŒ‚ŒM‹ÌŒŒLÌKŽMLÍÌÌŒŒÍÎÌKŒLLLŒŒŽMŽNLÍŒÍMËŒMLÍÍMŽNLMLLÍŒ‹ŒÌÍÎLMÍLMNKÌŒÌŒŽNMMMŽMŒÂŒM‹ÌŒŒLÌ‹ŽMŽNÎNÍÎŒLŽLLÌNLŽLÍŒ‹ŽNMŒÌLŒŒŽŒÍÌŽÌMMÍLMŒŽÍÍÎMÎÎŒM‹ŒÌÍÌÎÎMLŽÍŒM‹ÌŒŒLÌËŽMÌŒÌLÌŒMÌÌL‹ŒLLMNŽMÎMŒLÌKŽNŒÍÍÎMLMMMLËŒLŽLLNMŒŒLLÌÍÍŽMKŒŽMÍNMMLŒÌNŒM‹ÌŒŒLÍKŒMÍŒŒŒÍÌŒLŒLÌMÍŽNŽÌŒLÎMŒLŒ‹ŒLMMŒŽNÍŒŽLÌNNLÍÌŒLËŒÎÍŒLŒÎÌŒM‚ŒM‹ÌŒŒLÍKŽMMMŒMMÌLÍÍÍËŒLLMŒÎLMLÌMKŽNÍMŒMŒL‹ŒÍLMŒLMÍŒLMŒËŒÍÎMÎŽLŒMKLNLMLÎNNLNŽ‚ŒM‹ÌŒŒLÍ‹KŒÍÌŽMÎLÍŽŒLÌMÍÍÌMNLLŽNÍŒÍŽMMËŒŒÌNMNLÍLÌMŒMLMÌÌÎ‹MÍMÎLLLLÌ‚ŒM‹ÌŒŒLÍËŽNLÎÌŒŒÌŒMKŒMNNLÎNLNLÎMKŽNLLÍLŒÌNMLLÌÌËŒMÌLŒŒMLNÍ‹ŒÌMLŽLÎLLMÍ‹MMNMŽLMŒNBŒM‹ÌŒŒLÎŽLMÍMLÌMÌLËŒMŒŽLÌMÎLŒMKŽNÌŒÍMÌMLKŒMÎNNMLMÎLMÍKŒÌNMŒMŒÌŒÌŽ‹ŽLŽLŒÌÌNLŒÂŒM‹ÌŒŒLÎKŽLÍÍMLLLLLÎKŒLÌLNŽŒÌÍËŽNLŽLÌŒLÌMÌKŒMÍLŒÍÌÌMŽLLÌËŒÎŒÌÍÍŒÍŽMÍKMLMLMMŒÌÌ‚ŒM‹ÌŒŒLŽNNLÍŽÎMÌÌËŒMÍMŒMŽLMMÍŒ‹ŽNLÍNLŒÌÌ‹ŒMMÍLMÌLLÍKŒMÌÍÌLNMÌM‹LŽLŒŒÎNBŒM‹ÌŒŒLKŽMNMNMMLÎÌŒMÍÎŒMÍÌMŒLMKŽNMÎLŒÌÍLLÍMŒMMMMÍNMMMÌ‹ŒMŒLÌŽÍKMŒÍMÎÌMLÌLMŒM‹ÌŒŒL‹ŽLÌÌÎŽNNNŒMMMŽMÎLŒÌÍÌ‹ŽNÍÎLMÍNLËŒLŒMÍMMÎŒÌÌÎÍMŒMÌKŒMÍÍŒMLMÌÍ‚ŒM‹ÌŒŒLËŽMŽMÍŒÌLÌŒÌMÌKŒMLÎLŒLÍNÍMMŽNÌLMLŽNNNL‹ŒLÍŒNNMÍÍNMŽŒÎMMŽLMÌÌÎKLŒŽMLMÌÌNLMNBŒM‹ÌŒŒLŽMLMNLŽLÌÍŒÍŒLŒLŒŽLÍÍMLÌKŽNŽLÌÍŒÎLLËŒLŒÍÍLNNLMŽŒMMÌÍÎŽNLÍ‹MLŒÌMÍMÍŒŒÌÌŽBŒM‹ÌŒŒLKŽMÍNÍLLMŒLÌÌÌMÎLMNNKŽNÍÎLNLNMMŒLŽÍLÍŽLŽNMŒÎLÎNÌNŒÎLÍLŒŽMNNÍN‚ŒM‹ÌŒŒL‹ŽLÌÍÍŽÌÎMÍÌËŒLNLÎMÌÍMMÌŒL‹ŽNÌŒLMLŒËŒŒÌNŽLÍŒÍL‹ŒLMMÍÌLÍLLÌKMÍÎMLŽMMMMŒM‹ÌŒŒLËŽLÍÎLÍÍMÌÌMM‹ŒMNNLÌÍLNŒÍŽLËŽMÎNMÌLLÍÌŽŒLMŒMÍLŽLËŒMLÎŒÎKLNNNMÌÌÌŽMNBŒM‹ÌŒŒLŽMMÎMLŒŒMLKŒMŒŒÍÍŒNÍ‹ŽMÍÎLŽÌNLÍŒÌŒL‹ŒLLLMŒÎMÎKŒÍÎMÍŒÌÍLLÍKMMÌÌŒÎNNÍNŒM‹ÌŒŒLKŽMÍŒŒŽNLLÍŽNŒLLLMÍÍLNŽNMÌŒNNŒÌÍŒÍÌMLLMÌLLNŒÎŒŽÎMÍÎ‹LÍNNMMÎÍÎŒM‹ÌŒŒLLŽMÍLÍÍÌMMŒLLÍËŒLŒLŒÌŒMMÍÎŒÍËŽNLÍLŽLÍKŒÍÌLLŒŒŒLÍÍLŒËŒÍLÌLÌŒÌÌLŒMMŒÎLMŽLMMNÌMNBŒM‹ÌŒŒLLKŽMÍŽÌÎNLÌŽŽËŒMMÌNNLÌÎŽNNŒLLMÍŒÍÎKŒÍŒLŒÌÍMNÌËŒNMÌMMŒMLÌÎMÎMÍËŒÍÌÍLÌÍŒŒŽMŒM‹ÌŒŒLL‹ŽLÍMÌÍÍÌÌÎL‹ŒLŽŽMLÍÍMLMN‹ŽNMÍŒNNNKŒŽLŒÍÍMLËŒŽÍLŒŒÍLMMMŽLÌÍLLNLŒŒÌÎNBŒM‹ÌŒŒLLËŽLÍÍŒÌLÌŒLM‹ŒMNMMMÎÌMLŽLÌËŽMÎÎLLŒËŒLŽLNŒÍÍLKŒÎNLŒLŒMÎNKŒMNLMÍMLÍÂŒM‹ÌŒŒLMŽMÌMŒÍÎÍLÌMKŒLÍŽMÍÍMŽLÌ‹ŽNŒLŒÌLMÎLÎMËŒÌÌLÌÍÌ‹ŒŒÌŽNLŒÌMLŒMÌMMMŒÍÎMMŒŒM‹ÌŒŒLMKŽMŒMMÍLMŒÎŒ‹ŒMŒNNLÍNLŽ‹ŽNÍÌŒÎÎKŒÌÌÌÎMLMŽLÎLËŒLLÍÍMŒÎŒNÍLNNÍLÌÂŒM‹ÌŒŒLM‹ŽLŒÎÌÌLÌÍMMËŒMLÍÍMÎMŽŽNÌLÌÍÍÍÌÌÍKŒLNLMŽMMŽMMÎŒÎŒMÍÍŒMLNM‹MNÍŒÌÍÌÍÌ‚ŒM‹ÌŒŒLMËŽMMŽMLŒŒLŒMÍŒMMÍLLLMŒŒÌËŽNMMŽLLMÍMŽKŒÍNMÍÌÌNLÌLM‹ŒŽLNŒNNNNÎLM‹ŒÍÍÎÎMMÍLMÂŒM‹ÌŒŒLNŽMÍÍÍŒMÎLLKŒMÍLÍÍNŽMÍÌÌLÌMÌŒ‹ŒLÌLLÌŒLŽMÍKŒNNNÍLLÌŒÍKLÍŒŒŒÍÍLŒÎLŽBŒM‹ÌŒŒLNKŽLMŒMNNŒÍLMËŒLMÍNMMLËŽNÌÌÎNLLŽLKŒLŽLÍÍLÎMŒŒ‹ŒÍÍÍMLNLÎMŽLŒLÎLÍŒLÌMŒÂŒM‹ÌŒŒLŒŽMÌNLÌÍÌMÍŽMŒL‹ŒLÌÎMÍNLNMŽŒÎM‹ŽNŒŒMLÎNMÌ‹ŒMÌÎMLŒNNNŒ‹ŒŽŒÌÍÍÎLMÌNMÎMMÎMLMBŒM‹ÌŒŒLŒKŽMŽLLMÌÌMËŒLLÍŽMŒMÍÍÍÍÍŽNŒÎMÌLŽLŒMŒÍŽŽLŽMÍÍLLNŒÍŒŒÌŒLÌMMÍÌMKŒÍÍŒNLÌÌÌLŒBŒM‹ÌŒŒLŒ‹ŽLÎNŒLŽM‹ŒNŒŒÌÎNŒŒ‹ŽMÍMMÌÎNLŒÌKŒLLLNMŽMÎÍÍÍKŒLÌŽMÌMÎÍŒŽÌŽLNMÌÌ‚ŒM‹ÌŒŒLŒËŽNNNÎLNMŒMÍNÍŽŒŒN‹ŽMÎÍÍLNNMÍÍŒËŒLÍÍŽÍÌÌŒËŒÌMMŽŒNMLÌÌKLLŽLÌÎMŒÌLÍŒM‹ÌŒŒLŽLŽNLÍŒLŒNNMŒ‹ŒLŒŒLNMMŒÍÍŽNNMŒMLÍNÌKŒÍÎÍÎMŽŒLKŒŽMÌMŽŒLÍKLMMLMÌÍÎM‚ŒM‹ÌŒŒLKŽLŒLLÍŽÍÍMM‹ŒLÌNÍÍÍNMÌÎMM‹ŽNMNLMLÌÎLMËŒÍNLÌÌM‹ŒLÍÌŒÎLMŒLKÍÍÎLŽNÍLÂŒM‹ÌŒŒL‹ŽMÌLŽÍLÍMMM‹ŒLÌMÍLÎNŽMÌÌŽNŒLMÌLLÍÎNLMËŒMMNLŒŒŒŒÌNMMÍŒÍMKŒŒÎMÎLÍLBŒM‹ÌŒŒLËŽMLŒŒLMLÌMÎ‹ŒNLMÎLLŽŽNÍÍŒŒÌÍLÌÎL‹ŒÎLMNLNLŒÎLŒ‹ŒLÌNÌÎŽMLÎMMÍLÍLŒNLŒŒM‹ÌŒŒLŽŽLMNLÎLLMKŒLÌŒŽNNMÎ‹ŽNÍŒÌŒÍÍÍŒLLŒŽNMÍLLŒËŒÍLLMÌÍŒÌËÌÎMÎMÍÌÍÍMÂŒM‹ÌŒŒLŽKŽNLNMLMMLÍÎKŒLÎLÍÌMNLMŒŽNÎMÎLŒNLŽMKŒMLÎLÍÍÌLÎLËŒÌÎMÌMMNNLŒÌŽNNÍNBŒM‹ÌŒŒLÌŽLNMÍÍÌMÍŒMÌËŒLŒMÍÍLÍŒÎÍŒNLM‹ŽNÌLNMMŒNLÌMÌ‹ŒLNMÌÌÎMÌÎËŒMŒÍŒÍÎLKÌÎÍÍŽMÂŒM‹ÌŒŒLÌKŽMLÍŒŽLMŽNÍKŒLŒÌMMÎŒŒÍŽNMÍÍÍÌÌMMŒLÌÍŒÎMLÎMMLLËŒLÌLŒÌÎMÍMKŒÍNÍLŒLŽNLÂŒM‹ÌŒŒLÌ‹ŽNŽLÎLMÌŒLLÍŒLÎÍŒMŒÎLMŽNŒMÌÍLMÌLŒ‹ŒÍÌŒŒÍŒÌMMLÌËŒÌŒÌNLÍÍŽLŒÌNŒÎMLLLŒMLÌLŒŒŒMÂŒM‹ÌŒŒLÌËŽMÌLÌMLM‹ŒLÌÍÍMÌÍŒNLÍŽM‹ŽNLLÌNŒŒÌŒŒÎŒŽLÎMÎLÍÌÍ‹ŒÍŒÍÎÍÌÎMM‹ÍŒŽLLMMÍÎŒŒBŒM‹ÌŒŒLÍŽLÍŒÌŽMMÍÌMLLËŒLŒMŽLÍNLÍŒŽM‹ŽNŽMÍÎŒÌŒŽKŒLNMŒÌŒÍŒËŒLÌNNLLÍÍMM‹LLMÍÍLŽMLLÌLÌŒÂŒM‹ÌŒŒLÍKŽMŒÌŒNNMÌLM‹ŒLÍÌÍÍÌŒÌŒÍÎŽNÍMÎNMÌMMLNÍKŒÎÍÍÌŒMŽËŒLÎLŒÍLÍLLÌÌMKŒÌLŒÌŒLLLŒÎMŒBŒM‹ÌŒŒLÍ‹ŽÌLÍMŒNLŒ‹ŒMLÍŽŒNNM‹ŽNŒÍŒMÎÌÌKŒLÌLÌMLÌMLŒ‹ŒLLŒLMMÌŒÌÌËÎMLÍŒNMŽÍÌÌ‚ŒM‹ÌŒŒLÍËŽMLNMŽMLMMÎŒLÍŒMŒMÍMŒMN‹ŽNŽLMÍMŽÌËŒLŒŒÌÌÍŽLKŒNŽÍŽNMŽLÍÍKMLMÍMÌMŒM‹ÌŒŒLÎŽLMMŒMŒ‹ŒMÍÍÎLMLNÍ‹ŽNLLÍMLÍŒMÌLMÍLŒÌMÍŒÌÌÌŽÎLÎËÍÌŒNŒŒLNŒÂŒM‹ÌŒŒLÎKŽMŒÍLŒMÍŽM‹ŒLÎŽÌÍÍMLÌËŽNÌÍLMLLËŒŽLŒÌÎLÍÌLŒÌLŒÌMÌŽMLŒ‹ŒÎLÌÌNMÍŒÌŒMLMÂŒM‹ÌŒŒLŽLÍÌŒÌLÍÍŽKŒMÍŒŽLÌÍÍŽLÌËŽNNNMŽMLŒKŒMLŒNLŒŒÍÍŒÌŒLŽLÌÌMÌŽÌLŒÌÍÍÌBŒM‹ÌŒŒLKŽNLLNLLÍLËŒLÌLÍŒLÌÍÌËŽNNLÍLÌŒNÌÍ‹ŒŒŒLŒMLMMŒMMŒÌŒÌLŽŽMMÌÌLÌ‹LÍÌŒŒŽLNMŽBŒM‹ÌŒŒL‹ŽLÌÍÍŽLŒLŒLŽL‹ŒMŒÎMÎMŽÌLMŒÍ‹ŽNLLÌÍŽŽL‹ŒNMÍÌÌLŽLÌŒÍŽËŒŒMMŒLMLÌLMËMNÌLMÎNÍLÂŒM‹ÌŒŒLËŽMŒLÍMMÍÌËŒLŽÎNÌŒÍŒÌÎNKŽNŒÌÌÌÍNM‹ŒLÍÍÍLÌNŒŽL‹ŒÌMÍÍÍŒNMŒÎËLLLÎNÌÍNŒM‹ÌŒŒLŽMLÍLÌNLÌLNMÌ‹ŒLMŒÍLŒÍŽMËŽNŽŒŽNMMŽŒLÌÌÍMËŒÎMÎMÌNLŒŽMÌÍŒÌŽÌÍŽMMLŒLÂŒM‹ÌŒŒLKŽNLLMÍŒŽNLÍÍŒLÍMÎÍMLÍL‹ŽNLLÎŽLŽLŽŒŽLÎLŽLÎLNŒNŒÎNNMNLMÌŽNŒÍÍÌÌŒŒLNMNŒM‹ÌŒŒL‹ŽNLÍŒLŒÍLŒÎLKŒMLÍÎLŒŒÍMLÍMKŽNÍMMŒMMLÎŽŒLMLMNLÎÎLŒÌŒÌLÍMLLMŒLMMKÌMŒMMÍÍNLÎML‚ŒM‹ÌŒŒLËŽNÍŒŒÌMÍÍÎLNLŽKŒLÌÎŒÍNLÎNÌŽKŽNÍÍÍŒŒÌ‹ŒÌÎLÍMÎLŽŒÌÌÎLÎŽNL‹NLÍNNLŽNMÌLŽBŒM‹ÌŒŒLŽLMÎMŒŒÍ‹ŒLÍŒŒÎMMLÎNM‹ŽNÎNÌLL‹ŒMÎÎMLLLŒKŒNNNNNÌKLMÍÌNLÍMŒNBŒM‹ÌŒŒLKŽMÎMŒLMŒKŒLŒŽŒÌNŽŽNMÍŒNLÍLŽLÍÌÎKŒMMLÍŒLŒKŒNMNŒŒÍKŒÎMŒÌMÌLŽŒÍMBŒM‹ÌŒŒLLŽLMMÍŽLMÌMÌMŽLËŒMMÌÍNÎNMŒKŽNÌŒÎLLNMÎNŒLMMÍÍLÎMÍŒNNKŒŒNÌMNÌÍMNMËÌLMÍÍŽÎLÍÌÂŒM‹ÌŒŒLLKŽLLÌŒÍÌŒÍÌLMÍËŒMMMŒÍŽNLNLM‹ŽNÌÍÌLŒLŒ‹ŒLLMLÎLMÎMKŒÍŒÌLMÍML‹ŒNÎMŒŒŒMÍBŒM‹ÌŒŒLL‹KŒŒMLÌÌŽNLLÍÍ‹ŒLNLŒLÌÌLL‹ŽNŒNŽŒÍÍÌÌ‹ŒMÎMMNMÎM‹ŒMÎŒLÍMKŒÍÎNMŒMÎM‚ŒM‹ÌŒŒLLËŽLLÌLŒÎLŽMŒMÍ‹ŒLÍLNÌMÎMÌMËŽNŒŽNMÍÎMŒÍÌŽMÌÌLÍNNŒŒÌŒŽNMŽMMÍ‹ŒÌÌLÍMŽMÍMNÍŒM‹ÌŒŒLMŽNLNMŽMMNMŒLÌŽLŒMLMÌ‹ŽNLŒLLLŒNMËŒLÌŒŒMÍNŒËŒMMÍŽNMÍLŽL‹ŒÎLLMÌÍ‚ŒM‹ÌŒŒLMKŽMŒŽMÌNNMŽL‹ŒLŒÍÍŽMÍÌÍLŒÌËŽNLŽŒLŒŒÍÌÎLÍ‹ŒMÍMŒMLŒLËŒÎÌŽNMNMŒMLNKMMMNLŒÍÌM‚ŒM‹ÌŒŒLM‹ŽLŒNLÍLÌÎMŽŒŒŽŒMMLŽLŒŽMŽNŽNLŒŒLNŒŒÍÎŒMŽLMÌŒÌŒŽMKŒŒNMŒÌN‹NLMÍÍÎLÎL‚ŒM‹ÌŒŒLMËŽMÌÍÎÍNML‹ŒLÌMMMÍMŽNÌÎ‹ŒÍMNLÌÎMÎNLLNMŒËŒMLLŒÌÌNŽMMŒÌÌLÍÌÍÌŒMŒÌŽŒM‹ÌŒŒLNŽLŒLÌLMÍÌMÌKŒLÍÌÎŒÍLŒŽNMŒLMLÍMŒÌËŒNMÎMLNMŒKŒNNLŒÎNMMÌŒ‹LŒMÎÍÍMŒ‚ŒM‹ÌŒŒLNKŽMÍÍÌLLNLËŒMŒÌÍŽÌNMMŽNÌMÌMLŒŒŽLKŒLMÍŒŒŽLNÍKŒLMŒŒÌÍNÍŽLÍLLŽNMLLNLÌŒMMBŒM‹ÌŒŒŒŽNMMNLMÌËŒNŽLÍLMÎMŒŽNMŽMLÌMÍNNKŒÎMMÌÍÎÍLLÍKŒNMŒÌLŒLŽMÍŒËŒMŒŽLŒŽMŒŒŒNMŒM‹ÌŒŒŒKŽNNNLMLŽLÎMKŒNNÎMNNÎŒŽ‹ŽNMŒŒMMNLMNKŒÎÎÌŽLŽNŒNMMÌÎŒÍÍÍËŒMÌMLÌÎŒÂŒM‹ÌŒŒŒ‹ŽNMŒŒNLÎMMÎLNŒŒÎŽLÌÎMMÎL‹ŽNMNŒŽLÌMMÎËŒMÌMLÌNÌÍÍÍ‹ŒÌÍŽLLLMÎLLKŒMŒLMLMÎLÍŒÌÂŒM‹ÌŒŒŒËKŒLÍŒNÌMŒŒŒÍÍÌÍÍMÍÌËŽNMÍÍÌÌMÌÌŒËŒMMMŒÎÎMMÍŽŒLÌÍŽNÌLÌÌKŒŒLÌÍLLÂŒM‹ÌŒŒŒŽMÌMMŒMŒLÍËŒÌÎMÍNMLMÌLÌËŽNMŒŒLMÎÍLMŽŒÍÍÍŒLÍÎMŒMNŒŒÎÌÌÍLÌÍLLMŒ‹ŒMŽLÍÌNMÌMŽŒŒÂŒM‹ÌŒŒŒKŽMÌÍÌÍÌÎNŒÌÍMŒŒÍÍŒŽNMLMLNLÍLLNKŒMMÌMNLŒMÌKŒŽLÍÍMMMŒNLŒMKŒÎLLÌÌÎMÍLÍMBŒM‹ÌŒŒŒ‹KŒLŽLMKŒNLMŽMÍÎMMLËŽNMŒŽLŒŒÍMLLKŒÌMŽLMNŒMLLÍÌMLËŒNMÍÎMNLÌMŒM‹ÌŒŒŒËŽMÌŽLŽLLÌLÎNLÌŒ‹ŒÌMŽLŒŽNNKŽNMMMMÎÎMÍŽ‹ŒÍŽNLMŽMNMMŒÎLKŒMÍÍÍŽNNŽŒM‹ŒŒMÍŒÌÍLÎLŽNNLÂŒM‹ÌŒŒŒŽMÍŽÎLMLÌÌŽŒNNLNNMÍNMLŒÍLŒ‹ŽNMŒMÍNLÍÌÌŽMŽKŒÍÌÍŽLŽKŒŒNÌMMMÎÌKŒÍÎLÎLÌŒÍMÍŒM‹ÌŒŒŒKŽMÎNŒŒLŒÍŽKŒŽMMŒLMÌMŒÎŽNMMMÎMÌLMÍÌÍËŒÌLŒÎMÌMLŒLÎMŒLMLŒŒŒÎMKŒMŽÌLLÌÌLBŒM‹ÌŒŒŒLŽNŒŒNÌŒÍÍMLÍËŒMŒMŒMMŽNMÌKŽNMŽÍÍÌÌNŒKŒÌNNLÎŽMŽM‹ŒLLÎLÍMNMLÌÍÍ‹ŒMLMŽLÌÌÍŒÌÂŒM‹ÌŒŒŒLKŽMMŒMLMKŒŒMŒÍÍLŒÎLLÍ‹ŽNMMNÍÌÍMÌMŒLÍMKŒŽMŽMMŒŽNLÌKŒŒŒLLÎMÌÎM‹ŒŽLNÌMMÌLŽŒM‹ÌŒŒŒL‹ŽNNÌÌÍLÌŒ‹ŒŒLÍLŽLMNÍŽNMŒÌMLLŒLMMN‹ŒŽLŒÍŒÍŒÎÌÎMËŒMŒŒŒŒÍŒÍMŒMËŒŒLÌÍÎLŒŽMÂŒM‹ÌŒŒŒLËŽMMÍNNMÌLÍ‹ŒLÍÎNNNMÎNMŽNMLLMNLŽÌNMMKŒMMŽMNLLÌÍLKŒMLMŽNLNLÎMŒÎLMÌÍÌLÍ‚ŒM‹ÌŒŒŒMŽNLÎMŒÍMMKŒŒÌÌLŒÌMMÌŽM‹ŽNMŒNMÌMÍMŽKŒNŒÍLMÌNKŒÌÌNÎNMLNKŒŒŽMÌÎLŒÎŒNNBŒM‹ÌŒŒŒMKKŒŒÎÌÌLMÌMMÌŒÌËŒŒMŒNÍŒŽMŽNMÍ‹ŽNMŒŒÌÎMŒÎMËŒÌÎMŒMLŽŒŒMŒNNMÌMÍÍLÍŒŒËŒŒÍŽLNMÍÌLNNMŒM‹ÌŒŒŒM‹ŽNLÌŽÍÍLÌNMMKŒŒLÌMLŒŽNMNLŽNMMÌŒ‹ŒLLŒLÍLÍNMKŒMÌMŒŽNŽLÌNŒLMÎÍÌÌŒŒŽBŒM‹ÌŒŒŒMËŽMÌÍŒŽŒNLÍLÌÍ‹ŒÌÌÌŒLMMÌMŒKŽNMŒÌŒLŒMLÍ‹ŒÌMÌŒÍÌÌÍÌÎ‹ŒŒÎLÍLNLÌŒMŒŒNÍLMÌLÌŽBŒM‹ÌŒŒŒNŽMÎŒÌÌÍŽÍŒÍLŒLŒÍMM‹ŽNMŒMMMNLÌÎKŒÎÍÍLÌMMÌŒ‹ŒŽMÎÌÎÍŽMNÌËŒÌLŽLLÌNMÌÍÂŒM‹ÌŒŒŒNKKŒÍMŒNLMŒÍÌMËŒLŒMŒMŒLÍÌÌ‹ŽNMŒÍMÌÎNÌÍŒNKŒÌÌMLÍLMLLÌÍŒMLŒMŽLLÌŽMMŒ‹ŒNNŒMMŒÌÌÎÌÂŒM‹ÌŒŒŒŒŽMNLMŽMLMÌÍŒŒÎMŽÍŽËŽNMMMŒMMLÎMMKŒÍÌMMÍŽŽMËŒÍMÌÌÌÍŒÍÍŽMŒŽLNÍ‚ŒM‹ÌŒŒŒŒKŽNMÍMÍÌÌÍNLLÍŒÌNMÌMNNÌKŽNMMÎMŒÍLÎMŒŽ‹ŒNMÍÎŽMKŒLLMLMMÌŽNMŒÌ‹ŒŒÎMLLŒÍÌMNMŒÍBŒM‹ÌŒŒŒŒ‹ŽNÎLLLNNLÌM‹ŒÍMŒLMMNMM‹ŽNMŒLÌLÎLŽLËŒMÍLÌÍLÌ‹ŒLLÍÎMŒÎLŒÍMKŒŽLŒÎMÎLÌÍÍMNLBŒM‹ÌŒŒŒŒËKŒMÌMŒLMLKŒŽMNÌÍÍMÎLŽKŽNMLNLNÍŽLKŒLLÍÎÎMLŒŒ‹ŒNLÎLLŒÌŒŒÌ‹ŒÌÌMLÍÍLNLMÍLÂŒM‹ÌŒŒŒKŒMÌŽLNLÍŒMŽMÍÍÌNLŒ‹ŽNMNMÍÌŒLLMËŒLMLMÎLÌMŽŒÌŽŽLNNÎKŒŽLÍLÌÍLLÌ‚ŒM‹ÌŒŒŒKKŒÍÍLLŒNNÍ‹ŒLÎNNMMÌŒÌM‹ŽNMÎÍMNMÍÍŒÍÍ‹ŒLŒNMÍŒŒÌLËŒLMÎLLLŒŒŒÌMLŽLLMNNL‚ŒM‹ÌŒŒŒ‹ŽMÌŒMÌLÎLKŒLLÌMLŒŒŒŒNLËŽNMLMÌMMŽMÍÍÌÌŽŒLLÍŒÌNÌÌMKŒÌŒÎMÌŒŒMŒLÎMÍKŒÎMNŽMŒLÍŒL‚ŒM‹ÌŒŒŒËŽNÎMNLLÌKŒÍÎŒŒMMÌŒNMKŽNMŒLÌŽMŒLMMÎNNNM‹ŒŒLMÌLÍLMÌLÍ‹ŒŽÌŒNŒM‹ÌŒŒŒŽŽNLLNMŒÍÌÌÌLŒŒNMLMÌLÌÍÍM‹ŽNMMÍŽNŒÍMËŒLÍÌŒŒMMMLÍLËŒNNÎŒŽLŒL‹ŒNÌNMŽBŒM‹ÌŒŒŒŽKŽNLÍMLÎLÌMŒNMLLLÍNLÍŒÍËŽNMNLLMÌMNŒKŒLŒNNMMLLKŒMMÍMÎLÍŒLŒNŒŒÍÍŒMMÎNLÍLÌÌÂŒM‹ÌŒŒŒÌŽNÌÍLLMÍÌŒŽŽ‹ŒŒÌŒÌLNËŽNMŽÍNLŽMËŒLŒLÎLLMŒ‹ŒMŒNÍŒÎNMÌŒNMŒLŒLŒÎLML‚ŒM‹ÌŒŒŒÌKŽMÍMÍŒŒÌMLL‹ŒŽLLÍÌÌÍ‹ŽNMMŒŽŒLŽÍËŒÍLMMÌÌÌÍNÍKŒNLÌÍMMÍNLŒL‹ŒŒÎLLÍŽLŽÍŽMBŒM‹ÌŒŒŒÌ‹ŽNŽMLMMLMŒKŒNLMLLNÎŽLMËŽNMÌŒŽŒŒŒÍÍÍ‹ŒÎMŒMŽMËŒLŒNMÍŒLŽMÍ‹ŒNLÍMLÎÎNŒM‹ÌŒŒŒÌËŽNÌNNMŽLŒMÍLÌÌŒLNLÌM‹ŽNMÍÍÌÍÍÌÎÍÍŒMLLNŽŽMLÎKŒMMÌÍLÍNMMMKŒŒŒLNÍMÂŒM‹ÌŒŒŒÍKŒŒLŽÍMÎMMËŒÍÍLÌŽÌLÎKŽNMLÌŒNLÌÍŒËŒLLÌLLÌËŒŒÌÎMMMËŒŒÌÎLÍMMŽŒM‹ÌŒŒŒÍKKŒŒLNŒÌÍŽKŒÌÍŽMMLNMŒËŽNMLÎLÎMÌNL‹ŒLÍMMLÌŒNLKŒŒÍÎLLŽÎÍLLÍŒÌÌÍÌÎŒMMLLMÂŒM‹ÌŒŒŒÍ‹KŒÎÎNNÍÎËŒLÍNLŒLÍLŽLŒ‹ŽNMŽLÍŽLÌMÍŒÎMLÎŒNŒMLKŒŒŒNLŽÍÎLÌLLNL‹ŒŒŒLMÎÌÍÎBŒM‹ÌŒŒŒÍËŽNNŒMMMNLMŽMŒÍÌÍLLÍKŽNMŒLÍMŽNNNNKŒŒLŽMŒÌNNNŒŒLÍÎÍŽMŒÎLÍKŒŽŒNNÌLÍMŽŒM‹ÌŒŒŒÎŽNLLÎMLÎMŒKŒŒŒÍÍNŽNMŒMÍŽMNMM‹ŒŒMŽMLÌMÌËŒMÍLÍMÌNÍÍŒŒNMŒMÍÍNMLÌLŒÎBŒM‹ÌŒŒŒÎKŽMÍNMŒÍÌMLÌLMLM‹ŒÍÍÍMLMLLLMÎKŽNMNMŽÌŒLŽMÍÎMÍMÌÍMKŒMÍMÌLMMŒÌMÍÌÍLLÍNM‚ŒM‹ÌŒŒŒŽNMÍŽMŒŽMMMŒÎŒNMÎMÎN‹ŽNMMÎNMÎNÌLËŒÎLÍÍŒÎŒLÍ‹ŒŒLLŒŒŒŽŽLKŒŒNNLÎMÌL‚ŒM‹ÌŒŒŒKŽNMÌŽLŒMLËŒLÍŒÌMŒNŽÍL‹ŽNMŽLÌÍŽÎÎ‹ŒÎLNMNÍŽŽMÍÌKŒMÌNMŽŒMÎLÌLŒŒŽNMÍŒM‹ÌŒŒŒ‹KŒŒÎMÌŽŒÍÍÍÌŒŒÌNMLÌÌŒÎÌKŽNMLÌLÍÍMNKŒNLŒŒLÎMNLÌKŒÍLMÍÍMLÌMMÌÍŒÌÎLŽLŽÍNLMŒM‹ÌŒŒŒËKŒMÍŒLMŒËŒŒŒŒMLLŒÍËŽNMŽMÌLMNMŒÎKŒÎNLŽLŒMÌMLÍŒMËŒMMMMÎLÌÍMŒMÌŒLÎMŒÌŽMÍMBŒM‹ÌŒŒŒŽMÍMŒMLŒÌLÍŒLMÌÍMLMŽŒÍKŽNMÌÍŒMÌMMËŒÍŒŽLÌMÍÌMMÍËŒMÌMÌŽMÌŒÍËŒÍMÌLÍÍŽNBŒM‹ÌŒŒŒKŽNLLÌŒŒNLÌMLKŒÌMŽLNŒMÍMMLÎMËŽNMMÍÍNLNMËŒŒLMLÌŒÎMÎ‹ŒMŽŒÌÎMLŒL‹ŒÌMÍŽMLŽŒÂŒM‹ÌŒŒŒ‹ŽNÌLLLMÍMŽ‹ŒŒÎÌŒŒMLÍÎLËŽNMNÌÍÎMNKŒMÍÎMÍŒMKŒNÌNMMŒÎLNMÌËŒŒÍÍNMÍLLŒÌŽŒM‹ÌŒŒŒËŽNMLÍÌŒÍLÎ‹ŒÌŒMÌNMNMÌŒÎNŽNMNLMMÎLMËŒLLÍMLÌÍÍLÌMŒÌLŽMLŒŒÌÌËŒÍLLMNMLLÍŒ‚ŒM‹ÌŒŒŒŽNLMMÌMMŒNÌŒŽMLLÍÌÌËŽNMMÌÍMŒLÌLËŒMŒMLMÎMNKŒLNMÍÌÍÌM‹ŒÌMMÌÍNŒŒLŽŒM‹ÌŒŒŒKKŒÍÌÎLŒLŒNLŒŽLKŒÍMMLN‹ŽNMŒÌÌŒÌÍÍLŽNŒŽLÌLLMÌMÎMŒMMÌLLÎÍLNŒŒNLŒMLBŒM‹ÌŒŒŒLŽNMLLŒÌÌMŒMËŒŒŽMMNÍÍMŽNMNMŒMLNMËŒMLŽLÍÍMŒLÎKŒŽLÌÍMLŒÌËŒÌÎLMMÍŽMŒM‹ÌŒŒŒLKŽNNŒÍMMLÎMÍÌKŒLŒÍÎMLLÎMÌLËŽNMÍMÎMÍLMŒŒMKŒÍÎÍNÍÌÌÎKŒNLÌÌŒŒLÍÎLKŒLÌLÍNNÍ‚ŒM‹ÌŒŒŒL‹ŽNMŒŽMLŒŒLËŒŒŒÌÌÌŒŽNMMŒ‹ŽNMŒÍÌŒŒMNËŒŒNMÎMÎŒMNMMŒÎMÍMLLMKŒLÎLÍÍŒÍÌMŒM‹ÌŒŒŒLËŽNMMŽŒMMÍÍM‹ŒNMÍÌÍNNMLMMŒLŒM‹ŽNMNLÍNNÌŒËŒLÌLŽÍÎNÌKŒLÎÌLMÍLKŒŒÌŒNMÍNLMLŒÎMÍMBŒM‹ÌŒŒŒMKŒÎMÎMÍŽNËŒŒÎLÍNNŒÌ‹ŽNMŽLÍŽNLMÍŽKŒÎLÍMÌNMŒŒMKŒŒNLŒŒÍÌÍLÌLŽŒŒLLNMBŒM‹ÌŒŒŒMKŽNMÌÍÍLNNLÍ‹ŒÌŒÍÍÍMÍÎÎÍ‹ŽNMMLNNLNMM‹ŒŒŒŒŒÍÎÌÌÍ‹ŒMÍÌLLÎMLËŒŒŒNŒÍLŽ‚ŒM‹ÌŒŒŒM‹ŽMÎÌŒÌÍŽLÎMÍKŒÍNLLNŒÍŒLLKŽNMLLLÍÍMÍMÍL‹ŒMLLMŒÍNËŒMÌÎNÍÍÌNLËŒNLÌÍNŒŽNŒM‹ÌŒŒŒMËŽNLÎLŽNMLLÍ‹ŒLÍMNNMNÍLÍŽNMŒÍŒÌLÎÌŒËŒLŒÌMÍŒMÍKŒŒNMÎŒÌMMËŒÌLNŽMÂŒM‹ÌŒŒŒNŽMÎMÌÌŒŒÌLLÎNKŒÌŒÍNMMMŒKŽNMLŽMLŒMÌŒËŒLLŽMÎÍŒÍÌŒËŒNÍÎŽŒLÍMLÍŽLÍMÌNBŒM‹ÌŒŒŒNKŽNLÎÌŽLÌÍLÍÍ‹ŒŒÍNÍÌLÌÌNMËŽNMŒŒNLLŒÍMÍÎLNÍKŒLÎLLÍŽMÌLŽML‹ŒNMLŽLÎMMLLBŒM‹ÌŒŒŒŒŽMÎÎNLŽLÍNLÎKŒŽNLLNMŽÍÌÌŽKŽNMMÎLMŒŒLMËŒÍÍLÍÍŒNMMLLËŒNLŽLŒMÌ‹ŒŽLLŽMÌŒÎÍNMÂŒM‹ÌŒŒŒŒKŽMÌŒMÌÌÍÍLNÍKŒŒÌŽMMMNNKŽNMMNNÍÌÌÍÌÎLKŒÎMÎMŒÍŽMŒËŒMÍNLÍLŽMÎLÍÌÍËŒŽNMMÎLNNM‚ŒM‹ÌŒŒŒŒ‹ŽMÍLLŒMŒŒÍÍM‹ŒMÌLNLÌMLMLËŽNMLMMMŒMŒNNÍKŒMLŒNLŒLÍÍÍŒŒŽŒMŒŒMÌÌŒŽLLŽMLNNL‚ŒM‹ÌŒŒŒŒËŽNMÎŽLÌMÎKŒŒÍÌŒÍNMMMÌKŽNMNNLLŒÎLL‹ŒÍŒÍÍLŒŒŒML‹ŒMMMÌMŽLÍŒŒLÎKŒŒNLLÌÍÂŒM‹ÌŒŒŒŽNMŒŽMÌÎMKŒŽMÎŒÍŽÍMŒÌËŽNMMMÍŽMNÍÎŒMLÌÌÌÍMNL‹ŒMÍMLMŒMMÍNMKŒŒNLLLLÍÌN‚ŒM‹ÌŒŒŒKŽNLLŽNÎLÎÍŒŽLÍLÍMLËŽNMŒÎÎLŒLËŒLMŽLÍŒMLŒMLLŒLMMËŒLŽÌMÌÍMŒMÂŒM‹ÌŒŒŒ‹ŽNMÍÍŽLÎLŒËŒÍMMLNMÍËŽNMLLŒÍLŽŒLÌÍŽNMLÌLËŒLÎŒMMÎNLLŒÍÍŒŽMÌÍÌNNMŒM‹ÌŒŒŒËŽNŒLLÎŒÌÍŒŽLKŒÌÍLÍŒLLLKŽNMMÌMNLÎNLMNŒÍNÍŒNLLLÍÍÍŒÌLÌŒÍŒŽLŒ‹ŒÌMÍŒMNLBŒM‹ÌŒŒŒŽŽMŒŒLÌÍÌNMŒMLËŒMMLLÍÌMŒNËŽNMŽMÍŒNLM‹ŒŒÍMLÎLMÍMŽ‹ŒÌMÌÌÌŒÎLNŒŒŒLNLŒLNMŒM‹ÌŒŒŒŽKKŒMÌLNNMÌMŒKŒŽLMŒNLŽMLLNLLËŽNMNLÎÌÌMŒŒÌM‹ŒLÎMŽLÎLÎLKŒLÍÌÎNÍLŒÎŒŒÌMŒÌÎLŒÍÎMBŒM‹ÌŒŒŒÌŽNÍLMLŒŽNNKŒÌMMÎMŒ‹ŽNMLŒŽNLÎKŒMŽMÌŒÍŒMŒÌLŒLÌŽNŒLŒÍÎNËŒLÌŽÌNLNMMLÂŒM‹ÌŒŒŒÌKŽMNÍŒŒŒÎLËŒŒMMŒMŒŽŽNMŒÍÍMÎÍŒNŒŽMÍÌŒNMMŒÎLŒÍŒLMŒŽMÌÌËŒŽLMŽMÍŒM‹ÌŒŒŒÌ‹KŒÌÍŒ‹ŒÎLMLLÍÌÌLËŽNMMNMÍMLÍŒMŒŽLMÎNNNNLLÎÌÍKŒMŒMŒÍÌMŒŒLKŒÌLLŒŒNÌNMÌLBŒM‹ÌŒŒŒÌËKŒLLŽÌÍL‹ŒNÍMÌLŽMÌ‹ŽNMNNÌÎÌLLŽMËŒÎLNÌÌNÍMÎ‹ŒŒŽLLŒLÌÌÌÍŒKŒÌÎÍÎNLMMÍÌMÍŒÂŒM‹ÌŒŒŒÍŽMÎÍŒNLÍŒŽKŒMÌMÌÌMNNLŽKŽNMŒŽLÎŒMŽLÎŒÌLMÌÍLNŒÍŒLNLŒMŒÎ‹ŒÎÍÌÎLŒLÌNL‚ŒM‹ÌŒŒŒÍKKŒLNMŒŒÍ‹ŒMÍÎLLÍÌLÍÍMLNKŽNMŒŒNŽMÌMŒLLMÍÌŽM‹ŒŒÍÎLŽŽŽÎKŒŒNNMLÍL‚ŒM‹ÌŒŒŒÍ‹ŽMÌLNLÍÌÎMÎLËŒŒMMMÍNŒÍ‹ŽNMLÍŒŽMÎLKŒMŒMMNÌÌÍŽÌ‹ŒŒMNMÌLÌML‹ŒŽLŒŒLMŽLŒÌŒM‹ÌŒŒŒÍËŽNLÍÎÎŒÍŒKŒMNLŽLÍÎLMÍÍKŽNMMŒÍÍNMËŒMMŒNMŒLLŒKŒNMÍŒMŒÍÎLN‹ŒŽMLLLÍŽMÍLŒ‚ŒM‹ÌŒŒŒÎŽMMMÎMÎŽLËŒŽLŒMÎÌŽLÎMKŽNMNÍŒŽNNŒNÍŽLLLMŒÍÍMŒÌLLÌŽNMKŒŒÎMÌMÍÎLŒM‹ÌŒŒŒÎKKŒLLÌMLLŒ‹ŒÍNMLÍNLÎÍŽNMMŒÌÎNNMMMŒKŒMLMŒLMÍ‹ŒMÍLŒÍLMÍMŒLNMKŒŒMŽLLŽLMMBŒM‹ÌŒŒŒŽMÌŒNMMÌÍÍŒ‹ŒMŒŒÎÍLLL‹ŽNMNMŒÎLÌNKŒMNNŽMMŒLKŒMÌÍMÌÌMNMLËŒÍÌŒŽNNL‚ŒM‹ÌŒŒŒKKŒMŒNMMMŒNŒÌŒLÍÍÌÎLNKŽNMŒŒÍŽMŽLÍŒÍÍ‹ŒÌÍÍÎLŽNLÍÍŒLÍŒMÌMMŽMÍŒKŒÌÌÍN‚ŒM‹ÌŒŒŒ‹ŽMÍNLLÍÌŒMŽÍŒ‹ŒÍLŒLMLMŒŒŒNNMŽNMMMŽÍÍLÎŽKŒÌÌNÌÌNMLLLÍKŒŒŒLLLŒŽNNNLÌŒŽÌÌÍNNNMLMBŒM‹ÌŒŒŒËŽNÌÌÎLÌMMM‹ŒLŒÌLŒLŒÌÍMËŽNMŽMŽNÌŽMŒMLŽMMLŒÍKŒNŒNLLÎLMÌKŒŒLÌÎÎÎLMÎBŒM‹ÌŒŒŒŽMÍŽLÌMŽLÌŽLÍMŒŒLÌŽÌÍL‹ŽNMŽNKŒŒMÌÍÍŽLMŒN‹ŒNNMMNŒŒKŒNLLMŽÌNLNMBŒM‹ÌŒŒŒKŽMÎŽMŒÎMŒKŒŒŒŽMÎMÌNLLMÎŽNMLLÍMMMLŽŒLNÍNNLŒÌKŒNMMŒŒŒÍMLLŒŒ‹ŒNMŒÎMŒÌŒMNBŒM‹ÌŒŒŒ‹KŒNLÌÍÍÍM‹ŒŽMMÍLŽLÎLŒKŽNMNŽLÎLNNÍŒMÌMÌŒŒÎLMKŒLNNLÌŽMÌ‹ŒŒMLŒÎLÎ‚ŒM‹ÌŒŒŒËŽNMÍÌNLLMÍŒŽKŒNLŽMŽMMŒMÌ‹ŽNMŒMŒMÌÍÌKŒNLLÌÎŽMÍMMKŒMNÍLÎMMÍŒŒŒÍÌNLÍÂŒM‹ÌŒŒŒŽNLLMŒÍŒÍNMÍLŒLŒÌMÍŽLMNMLŒÍŽNMÌLÎLLÍÍŒ‹ŒÎMMLMÍKŒLNÌÎLÎM‹ŒŒMŒÌÎLŒŒLÌNÂŒM‹ÌŒŒŒKŽNMÍÎNMMÌÌÌÌÎŒÌÎMNMÌÍÌŒNŽNMMLÍŽLMÌŽMÌŒ‹ŒÌŒÎLNMNMÍNNÍ‹ŒNMŒÎMÌŒŒMŽLNŽMŽL‚ŒM‹ÌŒŒŒLŽMLLMÍÌŽLNMNNKŒÌŒMŽMLMŒŒNNKŽNMLMÍŒÌLŽNÍ‹ŒLMMMMLÍNMÎ‹ŒÍÌŽNLŒŽLNL‹ŒLMŒMLMÌŒMÂŒM‹ÌŒŒŒLKŽNMÍŽLÎMÍÍLŒŽKŒÌLMNMÍNMŒNLÍŽŽNMMÌMLÍLNŒÍNLMMÌŒMŒÎLLÍÎLŽMŒŒÎLÌMÌÍÍÍLÍÍŽLMŒM‹ÌŒŒŒL‹KŒŽÎMŒŒŒKŒÍNMŽÍŽŒ‹ŽNMŒÍŒLÎNŒÍ‹ŒMÍŒMLÎMKŒLÎLÍŒLŒMÎMŒÎÌKŒŒŒLÌMÎŒÍŒBŒM‹ÌŒŒŒLËŽMŽÌÍÍLÍÌÍŽMÌMKŒNLŽÍÌÍÎMŽNMNMNNMÌÌÍMŒLŒLLLLMÍM‹ŒŒŽMMÌÍNMLËŒŽMNŒÌŽLÍNBŒM‹ÌŒŒŒMŽNLŒÍÍLLÌŒKŒŒÍŽMMŒÍLÌNLÌKŽNMMNÎLŒŒÎŒMMMLÌLMMMŽNKŒMŽLÎNLNLŒLŒLŒŽLLÌÌŒNÍNMÍÂŒM‹ÌŒŒŒMKŽMÎŒMNMMÍŽËŒÌŒMÍLŽLÌŒMŽNMŒŒŒÍÍMÎMKŒÍMÌŒÎŒNNKŒNMÌÍÌMÌMŒŒŒÍŽŽNMLÂŒM‹ÌŒŒŒM‹ŽMŒLÍÌNLLKŒŽLÍÌÍŽNÌLŽNMMLŽNMŽLŽÍËŒÍÌMÍMMMLMÍNŒÍMÌŒÌNLÌ‹ŒŒŒMNLMMLŽÌÌÂŒM‹ÌŒŒŒMËŽNMÍLMNMNLÍÍ‹ŒŒÌÌÌLÍÍÍLÎKŽNMŽMMNLÍŽMÌ‹ŒÎNMLÍMMLLÍKŒNÌNNMÌMNNNŒÍÍLŽLŒÎNLÂŒM‹ÌŒŒŒNŽMŒÎMŒNŽÍÍKŒŒMMŒMÍÍÌMMËŽNMÍÌÌÍNLLÍKŒMŒLŒÎLÎL‹ŒÍNMLÌLLÍMËŒŽMÍMNMLŽMLÌLÂŒM‹ÌŒŒŒNKŽMMÎÍŒMŒŒŒŽ‹ŒÌLŽMÌÌM‹ŽNMNMŽÌLML‹ŒMLMÌÌŒŒÎËŒNLÌÌŽLLLÌKŒÎMÍÍŽMÍÍŒBŒM‹ÌŒŒLKŒLMLÌNÌŽÌKŒÍMŒÌNNŒLÍMKŽNNLLÍŒÍMŒŒÍËŒŒÎNLÎMŒŽLLNŒÌŒŒNÍLNLÌKŒLLŽMŒMÍMŽLÂŒM‹ÌŒŒLKKŒŒŒLÎNÍNMËŒŽNNMMMŽÍLNML‹ŽNNLNNMNLLLMÍŒËŒŒLLLNNLLLMŽËŒÍÌÌMLŒLŽNŽLLNËŒÍLŽMÌMMÎNÂŒM‹ÌŒŒL‹ŽNLMÍÌŒLÍMLÎKŒÌLÌLÍÌLŒLÍÌKŽNNLLMŒÍLNNÌËŒŒLMŽLNMMŒÌŒLÌÍŽLLŽÎNNLËŒLMMNMNÍŒŒ‚ŒM‹ÌŒŒLËKŒLÍNMMŽNMM‹ŒŽLLÌÍÍLÌÍŽNNLÌŽNLÍLÍKŒNÌŽLÌŒÌÍÎNMËŒŽMÌÌNLÌÌNLÍËŒLÌÌNMLÌŒM‹ÌŒŒLŽNMNMÍMÍNMŽLKŒŽMMÌNMMŽNNŽNNLŒMŒNMMÎLNŒNNMMLÍÍŒÍNŒÌÎŒÌŒMŽMËŒLŒLŒMÌŒMLŒÂŒM‹ÌŒŒLKŽNŒMÌÌLMŒÎNMËŒÌŒŽNŽLÌLÍÍÍKŽNNLÌMÎMLÍÎÌŽMŒNMÍŽLŽMLÌNMMÍLŒ‹ŒNNNNMLÍMNKŒMMŒÌNÌÌÍÌŽMBŒM‹ÌŒŒL‹ŽNMÍŒÌÎMMŒNKŒŽNLÍÌÍÍLŒ‹ŽNNLÌÍLŽLÌMNMËŒNŒMŒÎMMNMMÍŒLNLÌÍÍŒMŒŒ‹ŒLŽLMÌ‚ŒM‹ÌŒŒLËKŒÌMÎLÌMËŒÌÍLÎNMŒLÍÍLŽNNLNMŒÌÎMÎNNKŒŒÌNNMÍÌŽMMÍ‹ŒÌŒÍŒLLŒMMŒMÍKŒLÎLÎÎÍŽLÍBŒM‹ÌŒŒLŽNMÌŒNÍLNKŒŽLLLÍÎÌÍÍÌ‹ŽNNLLÌNNNŽŒŒÌÎMÎLÌLKŒMMMŒLÍLÌŒÌËŒLMÍŽLLLÌŒLÍÌÂŒM‹ÌŒŒLKKŒNŽNMŒÌMÌŒKŒLÍÌÍÌŒÍLÍNNKŽNNLŒŒŒLŒMŒŒKŒNMÌNNÌÌMŒKŒMÎMNLÍÎLŒÍÍÍËŒLNÍMŽLÎŒLŒ‚ŒM‹ÌŒŒLLŽNNŒMNNŒÌMKŒŽNMNLÍLLLMËŽNNLŽMMLMÎÌŒ‹ŒNÍÍMŒMNÌMLNŒŽNÍLNÌÍŒLŒÍÎŒÎNŒNM‚ŒM‹ÌŒŒLLKŽNLÍÌÌŽÍÎ‹ŒÌLLÌŒÍŽLÌÎMÍËŽNNLÎLMÍMÌLMMÎŒŒMMÌŒMŒMÌÌËŒLŒMLNMNŒ‹ŒLNMÎMÎÌÌÎÍÍBŒM‹ÌŒŒLL‹KŒLÌNMŒÍŒŽMŒKŒŒÌÎÍNLMNNLËŽNNMLÌÍŽMLÌËŒMLÍÌŒLMLŽLM‹ŒÌÎLMÌNNMLKŒMŒÌÌŒÌLŽMÎŒM‹ÌŒŒLLËŽNLÎMŽLÌÍŒËŒÍÌÎNLÎMŽN‹ŽNNLŽÍMÌNKŒŒŒLLMMÍML‹ŒMŽLMÍÌÎMNKŒMLÍÍŒM‹ÌŒŒLMŽNLŽLLŒÌÌLÍMŒŽÎMŽMŒÎMËŽNNLŒLÎMMÌÍËŒNNNNMÌNMŒNLËŒMÌNŒŒŒM‹ŒÎÎMLLLÂŒM‹ÌŒŒLMKKŒÍŒÌŒŒŽŒÌMLŒŽMNLÍÍŒËŽNNLNLMMNNMÌMKŒNLÍMNÍŒÎŒŽŒŒMÌÎLKŒÍMLLLLŒŒŒŽLLNBŒM‹ÌŒŒLM‹ŽNMŽLŒŒ‹ŒÍNMLLÎNLÌMŽNNLMLÌÍËŒŒMÍLNÌLMLŒŒÎNMÌŽMŽMKŒMÍÌÍÍÎLNÂŒM‹ÌŒŒLMËŽNŒŽNŒŒMÌKŒŽNÍNMŽL‹ŽNNLŽNLÌÌLŒLNKŒNÍŒÎMMÍÍÌÌËŒÌŽMLÌÎMNNŒÍÍŒÍÎLLLNLÌÍBŒM‹ÌŒŒLNŽNLÌMMNÍŒLÎKŒÍLLLÍLMÌNNŽNNLŒŒLÎÍLÍŒËŒNMÍMŒLÍÍÎMKŒLŒLÎLLÎLMÍ‹ŒNLÍŒLÍŽMÍLÂŒM‹ÌŒŒLNKKŒÌÍŽMŽNMÍNLÎKŒŽMLŒÍÌÌÍMLÎŽŽNNLŒÎLŒŽLMNML‹ŒNMLÍÌŒŒŽNMÍLŒŒÍŒMLLNLMÎŒLMÎÎŽLŽL‚ŒM‹ÌŒŒLŒŽNLMNMLMMŒËŒÍÌMŒÍŽ‹ŽNNLÌMLŽNŽLMËŒNLÌLMŒMŒÍŒŒÎKŒÌÌLÍNNMÌŒLËŒMNMÎÍŒMŽMŽMÂŒM‹ÌŒŒLŒKŽNMLŽMÎMMNKŒÌLŽNŒŽNNŒÌMŽNNLNMÌLŽÍLŒËŒŒÍÌÌÌNNNÍL‹ŒLLÎÌÌÍÌŽNLÌËŒLNNNLMŒŒÌNLMNŒM‹ÌŒŒLŒ‹ŽNNNNMÍÍÍŒMËŒŽLÍÍÎLŒMÍL‹ŽNNLLŽLÌMÎKŒŒMÌÍŒŽNM‹ŒÌMÌÍŒÍÍÌÎLMËŒMMŽLLLŽMÍÌMÌŒÂŒM‹ÌŒŒLŒËŽNNŽLÌLŒÍŒLŒMNMÎLŒL‹ŽNNLÎLNLLŒŽKŒNNÌÍÌŽŒNÌKŒÎLÌÌŒÌÌ‹ŒLŒLMÍÌMŒM‹ÌŒŒLKŒLNÌÌŒMNL‹ŒÌÎMNLLŽNMÍŽNNLLLŽLÍLL‹ŒŒŒŒÎMNMNMLÌMMÌŒMNLŒÎMŽÎMŒÍMKŒNÍMLŽLLÎLÂŒM‹ÌŒŒLKKŒMÍŽLL‹ŒÌLŒMMÍÍÍMÎ‹ŽNNLŒÌNLÍÌÍÌŽŒNMNMÌNLÍNLŒ‹ŒNŒLLÍÎLÎŒMŒMMÌMŒÌŒÎMBŒM‹ÌŒŒL‹ŽNLMÌÍŽMÌ‹ŒÍLŽNNLMŽŽNNLMŽLŒNM‹ŒŒŒÍŒLÍÌŒŒÎŽŒLMÎMÌÍŽŒLÌÍLMÍÌŒÍŒ‚ŒM‹ÌŒŒLËKŒMÌMLÌŒMLŒÍÌMŽŒŒÌÌŒËŽNNLMÎLŽMLMŒŒÌŒÌÍÍLŒÍÌMÍŒŒÌŒÌLMŽLM‹ŒÌLLÌŒLÍÌŒM‹ÌŒŒLŽŽNNMŒMŒÌLŒMÍMËŒŽÌÍLMŽNMŒËŽNNLNÎLŽNMMKŒŒMLNMMMŽLNM‹ŒÎNLMLMLLŽNLMKŒLLMLŒMŽMÍŒÌ‚ŒM‹ÌŒŒLŽKKŒŒLÎÌMLÍ‹ŒÍÌLÎNMLNLŽLMKŽNNLLMÌŒÍŒLŒŽKŒŒLMŒLÍŒŒÎMŒÍËŒLÍLÎLŒMŒÍËŒMŒLMÎMÍBŒM‹ÌŒŒLÌŽNMŽMÌMMŒMÌÌÎËŒMMÍÍŒËŽNNLÌMMŒÌŒÍMŽKŒNNMLLÌËŒŽŒLŒŒÌÌŽMÍLLËŒÍÌÎÍMLLŽBŒM‹ÌŒŒLÌKŽNMMŒÍMMMŒMKŒŽŽÍLÎÎMÍÎ‹ŽNNLMÍÌLL‹ŒNLLNNMNÍŒÌÌÍMLÌÍÌŽKŒLMÌŽŒÎLÌÍNŒMÂŒM‹ÌŒŒLÌ‹ŽNNMŒÍÌLÌLÍLËŒÌŒÍÌMŒMMM‹ŽNNLMNMNÎMËŒŒLMLMÎMLŒMLM‹ŒLÌNMLLÎMKŒMMMMLMMMMÌÍÂŒM‹ÌŒŒLÌËŽNÎLÍNMNLLŒŒÎLLÌNLLÌÍMŒÌMKŽNNLÍÍÌLŽLLL‹ŒŒNLÍLÌLÌÍŽKŒLLÌÍLŒŒÍŒÌ‹ŒMLLLÌLŒNMŒM‹ÌŒŒLÍKŒÌMLNÌÍËŒÌŽMLLÍÎMÌÎÎŽNNLŽŒŒLÍŒÍKŒNMMÌÌLMŒMÌMMÎM‹ŒLNMŒLMÌLŒKŒLNŽÌMÍBŒM‹ÌŒŒLÍKŽNLÍŒŽMŒNL‹ŒÍÍNŽLL‹ŽNNLÌMNŒŒÍÎÎKŒNMMÌŒŒŒŒÌÌ‹ŒLNÎMÎNLLÌKŒMMMÌÌNÌŒÍÍBŒM‹ÌŒŒLÍ‹ŽNNMŒLÌÍŽÎÌÎLNKŒÌŒMÌÎMÌŽNŒKŽNNLÍÍMÌŽNLÍŒNLNÍÍÍÌŒMŒMNLŒÌÍÍLŽËŒMLŽNMŒŒÂŒM‹ÌŒŒLÍËŽNNLLŒLŒŽLŒMÍËŒÍÎNLNMMŽNLŽMKŽNNLÌŽŽLNMŒNMÎÌŽMMÌMÍNMÍ‹ŒLMÍŽLÍLÌŽMŒÎLÎÍŽNLN‚ŒM‹ÌŒŒLÎKŒŒŒŽLLNMM‹ŒNMÎMŒMLŒLLÌÌ‹ŽNNMLÌLNLKŒMNLÌÍMMÌÎLŒKŒÎMLŒMŒMËŒLÌLŽNŽÌÌŒŒNŒM‹ÌŒŒLÎKŽNŒŽÍNLŽËŒÌLNLŒÎÍŒÍŒKŽNNLLNMÍÌNKŒŒLMMŒMMŒÍL‹ŒMLÍNMŽMÎLNŒMŒŽÍÎÌÌÎBŒM‹ÌŒŒLKŒŽÌMÌÍŒKŒÍÍÍÍLÍÍŽMLMKŽNNNŒMÎLMÎMÍ‹ŒŒLÎŒLÍŒŒMKŒŽMMŽLŽLLLÌŒMŒÌÍLNNLÍÂŒM‹ÌŒŒLKŽNMÎLŽŒÌMMŒKŒŽÍNMLÍMŒÌŒÍÍ‹ŽNNLŒÌÍŒÌÍMÎMŒNMMÍÌŽNKŒÎLNÍŽÍLÌŽMÌ‹ŒNLMŒLLÍMÍ‚ŒM‹ÌŒŒL‹KŒŒŽŽÍÍŽŒÌÎLÍMÌLLN‹ŽNNLMŒMMŒLŽNŒNLŽÎNÍŒÌMŒŒŒNŒLNMLNLKŒNŽŽÍŒM‹ÌŒŒLËŽNMÌŽLŒÌÌÎŒÍLÍÍŒŒÍŒKŽNNLMMLÌŒÍËŒŒÌMÎNNŽLŒMÌËŒLÍŒŒMÎNŒLÍLÍÎMMÍLMÂŒM‹ÌŒŒLKŒLŽMŽMÍMLMKŒŽLÍLLÎÍMÎMËŽNNLŽLÍNÍNMÌ‹ŒNLLMŽLÍŽÍMMŒNLMŒMÍNLLÌLŒÍKŒMÍMNŒŽŒM‹ÌŒŒLKŽNLLÍŒÌNŒŒŽMÍLŒÍÌNÌÍËŽNNLŽMÍÌŒŒÎLNŒNNÌLÎLMÍ‹ŒLŽLMLÌŒMLKŒLNMÎNÎÍŒÌŽML‚ŒM‹ÌŒŒL‹KŒÌŒNNMKŒNLŒŒŽMÍÍMLL‹ŽNNLŒMNNÌMNÎKŒNNÌÍÎÎMNKŒÌÍÌMNNMÎÌMŒÌŒŽŒŒŒÂŒM‹ÌŒŒLËŽNLŒNMLÍŽMÌL‹ŒÌÎLŒŽÎMÍÎNKŽNNLMÍÍMÌÎÎLÎLËŒŒÎÎMLÍÍLNKŒNÌNMMŒMŒLŒMÍNMŒŽLLÌÍÌÌÎBŒM‹ÌŒŒLKŒMMÍMÌNŒŽLÌNLLMÍLËŽNNLŒÍÌŽÎMÍNËŒNMLŽÎLÌMMKŒLŒÍÌMNMŒÍKŒMÌMMŽLLMMÍBŒM‹ÌŒŒLKKŒLLÍLLŽÍŒÌMŒ‹ŒÍÍÎNNÍÍÌÌLËŽNNLNLLŽMMMŒŒÌNNMLÍÎMNNLKŒMLŒNMŒÌÌMÍËŒLMÍNŽMŒŒŽNMÎŒM‹ÌŒŒLLŽNMŒŒLŽÌMKŒŒÎMÌMMÍÍÍ‹ŽNNLÌÍÎÎLŽMÍKŒNNMMŒLÎNŒÌËŒLŽMÍÎLÎNMÍËŒLMMLÎLÍM‚ŒM‹ÌŒŒLLKŽNMLŒÌŽÍMŽNÌ‹ŒŽNLÍÍLLÎLŒÍËŽNNLLÎÍŒÍÎMŒÎŒŒLLŒLMMŽMM‹ŒŒLLMÌŽMŽKŒMÍÌÎÌMÍÌLÍÌŽMŒM‹ÌŒŒLL‹ŽMÍNMMÍMNLÌKŒÌÍÍMLÌŒMMLÌMKŽNNLMMLMÍŒMÌ‹ŒŒÌNÎNNLMNMMŒNNNMÎMÎLÎMÌËŒMŽMLLMÌMÍMÌBŒM‹ÌŒŒLLËKŒÌNÍÍLŒŒL‹ŒÌLLLMMŽMŒMLKŽNNLŽLLÎNMLŽŒNMNLŒLŒŒLŒŒMKŒMÍÍÌÌLMŒMŒŒÍŒLÌŒÎLMÍLLMÌ‚ŒM‹ÌŒŒLMKŒNÍMMÍNNNMLËŒŽNÌÍMMMŒMËŽNNLÍÌÌMÌŽMËŒNMMNLÍLÌL‹ŒMLŽLŽLMLÍMŒÍM‹ŒMLÌNŽÌBŒM‹ÌŒŒLMKŽNNLŒÌŒÌŒLMM‹ŒÌNLNLÍÎÌMËŽNNLŒNMÍŒŒLLÍMLËŒNMÍLMŽLÌLMLŒ‹ŒLMŒŽŒÍÍMÍŒŒNŒLMŒÍÍLÌMÌMÎMLBŒM‹ÌŒŒLM‹ŽNLÌNÎŒMLMKŒÌÎŽÍÌMKŽNNLŒÍÍÌÌKŒŒÌŒÌŒLLNÌÍKŒLLŽMLŒLÌLŒLŒ‹ŒLŒLÍÌLMŽŒBŒM‹ÌŒŒLMËKŒMMŒLLÍŒNMŒÎMÍŒŒMÎMLÌMMKŽNNMMŒLŒLNŒMÌŒÌŒÌŽLŒNKŒLLMMŽLMŒÌLÍKŒLMŽNÍÌLŽŒÍÌÂŒM‹ÌŒŒLNŽNLÍNMŽLÌÌNLŒ‹ŒLÍŽLNMMÎŒËŽNNLŽMMÍMŽNKŒNŽŒŒNMMMÍËŒLLLÌŒMNÍ‹ŒLLŽMÍÌMMÎMÍMBŒM‹ÌŒŒLNKKŒÍŽMNLNNKŒÌŒLMMÌNM‹ŽNNLLMLMNŒKŒŒLLMŒMÌÎKŒLÍMÍMŒMŒÍÍŽŒLMŒNLLLMÎNŒBŒM‹ÌŒŒLŒŽNLŒÎNMNLMËŒÍÍÍÍŽMÎMŽNNLLŽMŽLŽNKŒŒŒMŽŒMŽŒÍLÎMLMŒÍLÌŒÌKŒLŒÎNMÎNLMBŒM‹ÌŒŒLŒKŽNMŽNMÌL‹ŒÌNŒÌLMÍLNLMKŽNNLÌLÍÌLÎNKŒNŽLÎMËŒÍÎÍNÍŒÌLÍLŒËŒMÎLNÎMÍBŒM‹ÌŒŒLŒ‹ŽNMŒLLÍŒMŒÌLMÎMŒLŽNNLLÌÌÌÍŒMMŒŒMÌMÌMŒÍÌÌŒÍŒNNMÍMNŒMÍMÍŒÂŒM‹ÌŒŒLŒËŽNMMŒLÌLÌLÌÍKŒŒMLÍMÍÍLMMÍKŽNNLLLÍLNLLËŒŒLÌNLLÍÌMMÍLËŒMÎMLMÍŒÌNMKŒLLÌÍÎNLNLBŒM‹ÌŒŒLKŒLLNÍŽMMËŒŒÍŒÌÎÍLÎŽŽNNMLÌMNŒMÌÌMMÍŒMÌMNLËŒŽŽŒŒŒÎËŒMŽNMÌLÌLNNŒŒÎBŒM‹ÌŒŒLKŽNMÌÍLLMÍŒMLMÍËŒÌŒLLÌMŒŽMMŒËŽNNLMÍLÌËŒŒMÌMÎLLÌÍLÌ‹ŒÌÌÍÍÎLÍËŒMŽLÍÎMÎNMÎBŒM‹ÌŒŒL‹ŽNLÎNNMNMÍŒŽLŒŒÎLÌLMŽM‹ŽNNLMMÍÍÍLNÌKŒŒMMÍLLMŽLŒMŒMËŒMÎLÌLŒÌÌËŒLÍÌMNMŽNL‚ŒM‹ÌŒŒLËKŒLLÌŒMMNMŽMKŒLLMÎLÎLÌŒËŽNNLÎLÎÌŒLŒŽLKŒMÍÌÌMÎLŒNËŒLNNŒŒÍNLŒLÍKŒLLŒÌÍŒÎLÍÌÂŒM‹ÌŒŒLŽŽNÍÌÌÍLÍÌÌLLËŒŽMŽMLLÌNÍÍŒËŽNNLŒLÌŒŽLÌÍMÎŒNNÎNÎÎMŒÎŒLÍÌÌNÎŒLNLMMÍÎLÍNLÍÌL‚ŒM‹ÌŒŒLŽKKŒLNLÍŽMÍMLÍ‹ŒÌLNNNÌLÌLKŽNNLÍMŒŒÎMÎMNŒNÍÍLÌKŒŒÌÍÍMMÍŒLŒMŒŽŒLŒÌŒNŒLŒÍÎŒ‚ŒM‹ÌŒŒLÌKŒÎMŒŒÍŒKŒÎMLLMLÍLMNLÌ‹ŽNNLLÎMLLLKŒŒŒLÎMÍÍÍÌMÍËŒÌNLLÎŒÎMÌKŒÌMÌÌÎŒÍŒÌ‚ŒM‹ÌŒŒLÌKŽNÌÌLÌLLLÍKŒLLÍLŒÌËŽNNLŽLŒŽNŒÌKŒNLMNMLŽÌŒËŒLNLŽLLLŒLNKŒLŒŒLÍÍŒÌNŒM‹ÌŒŒLÌ‹KŒÎMMÎLÌNËŒÌNNMŒÍÌLMÌŒÌKŽNNLÌNMŒÌÌNLŽŒ‹ŒNMNNMÌKŒÌÍMÍMMNŒMÍÍÍLLŒÍNŽNBŒM‹ÌŒŒLÌËKŒLÍLMŒLÍÎNKŒÌNMÌLNŽÍËŽNNLNMLÍÍÍŒMMLKŒŒŽMŒNŽMÍKŒLMLLLLŒÌML‹ŒMNÎMMNMŒMŒM‹ÌŒŒLÍŽNLŽMLÌÎN‹ŒŽLÍLÍNLMÎKŽNNLŒMLMMŒŒMLLMLÍLM‹ŒMÍNNMÍMŽŒLLÍMÌÍÎMŽLMŒM‹ÌŒŒLÍKKŒMÌÍÍNMŒŽLNMÌŒŒLKŽNNLŒMNLËŒNNLÌŒMÌNMMŒLÎŒLÌŒLŽMLÌÌÍMÎMÍÌËŒLNMÌŒLÍNMÎNLÂŒM‹ÌŒŒLÍ‹ŽNMÎLLNLÌKŒÌÍMÎNMŽLMŽNNLLŒŒŒÍÍÌL‹ŒŒNLNÍMMMKŒLLLŽMÎLŒÍMMNMŒMNLŽMŒMÎMŒM‹ÌŒŒLÍËKŒÍÌÍÍŒŽLÌËŒÌNMÎMMÌÍŽÍÎKŽNNLÍÍMŒÌŒŒKŒŒMLMNMNMŒŒLNËŒLÎLNLLŒŒŒMMLLMÌLŒÎLMŒÍBŒM‹ÌŒŒLÎŽNMÍÌLŽMÎKŒŒMMŒŽMÍÍÌMŒËŽNNLÌÎÌŽMËŒNÎMÍŒMÎKŒŒNNMŒLMŒMÌÌ‹ŒÌNNÍŒÎMŒŒMBŒM‹ÌŒŒLÎKKŒLÌŽÍNNNLKŒÌÌŒÌÌMŒMŽ‹ŽNNLÌÍÍÍÎŽLKŒŒMLŒÎMÍÍÌŒNŒÌMMÍŽM‹ŒLLŽLMMLLÌMŒM‹ÌŒŒLŽNMÌLÎMMNNKŒÌNNLŒÍŒMÌËŽNNLÍŒŽLÌŽNËŒŒMNLLÌÌÌŽLMŒŒNÌÌŒŒLÎŒMÍÌŒLŒÍLÍBŒM‹ÌŒŒLKKŒLLMŽLŽMŒŽÎNLLMMMŒÌMŽNNLÌÎÌNLÌMKŒŒNMÎLMÌÌŒÍLÌ‹ŒLMNLMÍŒMLL‹ŒLÌLÍÎLMNÂŒM‹ÌŒŒL‹ŽNNNLNŒÎMÍÎMÎŒŽÎLÍMÎMMMËŽNNLÌMŽNMÌŒNMMÍLŽLLÌMÌËŒLLÌÌÌŒLÌÎMŽKŒLMŒŽMÌÌŒNLÌ‚ŒM‹ÌŒŒLËŽNMŒNMÌÍÎLËŒÌŽMÍLŒÍŒLNMKŽNNLLLŒÌML‹ŒŒLŒÌLÎMÎMLŒÍKŒLÌÌÌŽMLMMÍÎŒMÌMŒÌNMÌÌŒŒM‹ÌŒŒLŽNLŒMŽMLNMKŒMÍLNÌÍÎM‹ŽNNLŒLÌLÍÍÎËŒNMŽMŒMÌNLMŒLŽÌLLMLNKŒLMMŒLÍÍM‚ŒM‹ÌŒŒLKŽNMMÌMŒMŒ‹ŒŽLÍLÍŒŒŒŒLÍÎMËŽNNLŽLLLÍMÌMÍËŒNŒÍÎLÌÌ‹ŒLMŒLÍÌMÍLŒŽŒŽNLËŒLŒMNMNÎMNŒŒLÂŒM‹ÌŒŒL‹ŽNMLLÍÌŒŽMKŒÍŽÎMÍMMÌMÌNLÍŽNNLNMÍLÍÍÎMŽŒŒMÍLŒÍŽKŒMÍLÍÍŽLÎMŒL‹ŒLÍÍÍLLÌÎÍŒM‹ÌŒŒLËŽNNLÌÍŒMŽLKŒÌÌÌNLÌÍMMKŽNNLNŒMMMŒŒLŒŽMŽMÌÍÍÌNNMMËŒLMMMÍMNÍKŒLNÍÍŒŒLMÎNÂŒM‹ÌŒŒLŽNLÎNÍÎNMËŒŽLMÌLLÍËŽNNLMLNMŒNNÎKŒŒNLMÌLMLËŒÍMLŽMLLLÍËŒLÍÌMŒMMNMÍBŒM‹ÌŒŒLKKŒLMÍÍŒÎMLŒÍŒŽNLLŒMÍŽÌNLËŽNNLŒLŽMÌÌMNŒNNÍÌMÌŒŒMNNKŒÌŒŒŒÍMÎNLÌÌMMKŒLLŒÍLNMŽŒM‹ÌŒŒLLŽNNMÌÍÎÍLMKŒŽLNMÎŽNMŒLLËŽNNLNMÌLNNLËŒŒÌMÍMMŒLMKŒLMLMÍÌLÌMÌNMŒÍŒÎNNMÎMÎMBŒM‹ÌŒŒLLKŽNLŒMÍŒŒËŒÌÍÍMŒLŽLLMLKŽNNLMŒLMLŒÌKŒŒMŽLMÎŒÎŒMLLÎMŒÍMLM‹ŒMÌMNNMLMLLŒÂŒM‹ÌŒŒLL‹KŒLÎNŒLMLÌÍMËŒŽMMŒŽÌMNKŽNNLŒMLLÌMÌLÍKŒNNLMNMŒÎMLÌËŒMÎMLMLÌLÌNËŒLMŒLÍÍMMÂŒM‹ÌŒŒLLËŽNMNŒÌÌMÌNMMŒ‹ŒÍÍŒÍLNLMMŽNNLLMÍÌŽLL‹ŒŒLÍŒŒMÎLŽÎËŒÎÍÌLLLÍMMKŒLLLŒMŽLÎMBŒM‹ÌŒŒLMKŒLÎLLÍNMÍÌ‹ŒŽLLÍÎMMÍMLÎLÍ‹ŽNNLŽNLLÍNŒNÌŒÌLŽNMLKŒNLÎLMŽMŽNMÍNKŒMÎLMNLŒMLBŒM‹ÌŒŒLMKŽNLLŒNNÍMMNMŒLÌÍÎŽŒËŽNNLŽÌNŒLMLŒ‹ŒNÎŒLÌMMÎNÍËŒLNLNLLMLMËŒLÍMŒLMÍ‚ŒM‹ÌŒŒLM‹ŽNLŽLÍŽLŒÎNKŒÌÍŽÎÎKŽNNLLÌÍÌMMÍNŒŒLMŒŒŒMLŽNLMËŒLŒNMLMÍMŽL‹ŒLŽLMÌÍÎLLŽNMÂŒM‹ÌŒŒLMËKŒÌŒÍŒNLLŽMÍ‹ŒŽLÍLNÎKŽNNLÌŒÍLKŒNLMÌŒÍMLMLŒLMŒMÍŒŽMŒLÌLÌLŒÍÌŽŽMŒM‹ÌŒŒLNŽNMÍÌMŽŒNLNLËŒŽNLÍLÌÎŽËŽNNLLLNLLŽNËŒNLÍMŒLÌÍÎLMŒKŒLLŒLÌLŽLNÍÌÌMŒLÎMÎMŒÍŽNLŒ‚ŒM‹ÌŒŒLNKŽMÎLÌŒŽLŒÎL‹ŒŽMLLMÍMLÌËŽNNLŽMMLÍÍNŒNŒNNLÎMNLËŒLŒÎŒÌÍÌÎŒKŒLÌŒÌÎÍŒMÍ