stage,seed,dimension,true_rank,strength,rank,method,train_samples,heldout_samples,field_evaluation_samples,cca_identity_diff,scale,generator_error,vector_field_cosine,orbit_shape_error,frequency_error,stability_max_real_eigenvalue
development,0,4,1,0.1,1,correlon,2000,1000,64,0.0,1.0071685045746004,0.059435255277563666,0.9986293580655485,0.026178635702147717,0.007392969023609679,5.551115123125783e-17
development,0,4,1,0.1,1,cca_equivalent,2000,1000,64,0.0,1.0071685045746004,0.059435255277563666,0.9986293580655485,0.026178635702147717,0.007392969023609679,5.551115123125783e-17
development,0,4,1,0.1,1,block_diagonal,2000,1000,64,0.0,1.0099337232164676,0.04973720735049289,0.9990455366054357,0.021845633368757368,0.00784136003552352,7.681527754676604e-17
development,0,4,1,0.1,1,pca_rank_matched,2000,1000,64,0.0,1.0692435052842448,0.19362369785621125,0.9812446924617404,0.09683828669038824,0.11171658230637974,3.3306690738754696e-16
development,0,4,1,0.1,1,random_rank_matched,2000,1000,64,0.0,1.0063765524434534,0.06423245880911825,0.9986217014079508,0.02625165320555242,0.010768372549459464,3.3306690738754696e-16
development,0,4,1,0.1,1,raw_svd,2000,1000,64,0.0,1.0072714824771607,0.05893612554264651,0.9986646890564921,0.02583903000799214,0.00749966307352037,2.7755575615628914e-16
development,0,4,1,0.1,1,full_state_oracle,2000,1000,64,0.0,1.0,0.0,1.0,0.0,0.0,7.32920668600201e-17
development,0,4,1,0.1,2,correlon,2000,1000,64,0.0,1.0048899896398134,0.06893861835219081,0.9981481185648227,0.03042927402335938,0.0075752306372726145,2.7755575615628914e-16
development,0,4,1,0.1,2,cca_equivalent,2000,1000,64,0.0,1.0048899896398134,0.06893861835219081,0.9981481185648227,0.03042927402335938,0.0075752306372726145,2.7755575615628914e-16
development,0,4,1,0.1,2,block_diagonal,2000,1000,64,0.0,1.0099337232164676,0.04973720735049289,0.9990455366054357,0.021845633368757368,0.00784136003552352,7.681527754676604e-17
development,0,4,1,0.1,2,pca_rank_matched,2000,1000,64,0.0,1.1000664701600729,0.2274861006803426,0.9760339746108831,0.10946694795488932,0.1742653058814097,2.498001805406602e-16
development,0,4,1,0.1,2,random_rank_matched,2000,1000,64,0.0,1.0056494423358833,0.06778315550845923,0.998052003116168,0.031208948106528432,0.008310578976501538,2.220446049250313e-16
development,0,4,1,0.1,2,raw_svd,2000,1000,64,0.0,1.0056405211659911,0.06562823933009973,0.9983113164502183,0.029057559685747993,0.008470226869860611,1.5265566588595902e-16
development,0,4,1,0.1,2,full_state_oracle,2000,1000,64,0.0,1.0,0.0,1.0,0.0,0.0,7.32920668600201e-17
development,0,4,1,0.1,4,correlon,2000,1000,64,0.0,1.0039531390389387,0.07171554773716965,0.997983974306703,0.031749218047827,0.011839242263635497,2.0816681711721685e-16
development,0,4,1,0.1,4,cca_equivalent,2000,1000,64,0.0,1.0039531390389387,0.07171554773716965,0.997983974306703,0.031749218047827,0.011839242263635497,2.0816681711721685e-16
development,0,4,1,0.1,4,block_diagonal,2000,1000,64,0.0,1.0099337232164676,0.04973720735049289,0.9990455366054357,0.021845633368757368,0.00784136003552352,7.681527754676604e-17
development,0,4,1,0.1,4,pca_rank_matched,2000,1000,64,0.0,1.0039531597605846,0.07171554649600438,0.9979839743628001,0.03174921760610845,0.011839241041344742,1.1102230246251565e-16
development,0,4,1,0.1,4,random_rank_matched,2000,1000,64,0.0,1.0042085497388988,0.07383435228983617,0.9978564377942176,0.032738068099557344,0.009148355354514043,3.3306690738754696e-16
development,0,4,1,0.1,4,raw_svd,2000,1000,64,0.0,1.0039531390389382,0.07171554773717013,0.997983974306703,0.03174921804782717,0.011839242263635079,2.220446049250313e-16
development,0,4,1,0.1,4,full_state_oracle,2000,1000,64,0.0,1.0,0.0,1.0,0.0,0.0,7.32920668600201e-17
development,0,4,1,0.25,1,correlon,2000,1000,64,0.0,1.0145029616055974,0.04969519342832152,0.9990016458453106,0.02234227108744042,0.025287975029553697,1.3877787807814457e-16
development,0,4,1,0.25,1,cca_equivalent,2000,1000,64,0.0,1.0145029616055974,0.04969519342832152,0.9990016458453106,0.02234227108744042,0.025287975029553697,1.3877787807814457e-16
development,0,4,1,0.25,1,block_diagonal,2000,1000,64,0.0,1.0167612156244523,0.05464617235819674,0.9987500870353638,0.02499912963121145,0.024308252253073905,9.36644625699345e-17
development,0,4,1,0.25,1,pca_rank_matched,2000,1000,64,0.0,1.065491103835853,0.19641425624793069,0.9803670786758877,0.09907805338245275,0.13253137904525555,1.1102230246251565e-16
development,0,4,1,0.25,1,random_rank_matched,2000,1000,64,0.0,1.0109966332559084,0.07585021595238961,0.9978360471848626,0.03289340978932777,0.02997908578446204,3.3306690738754696e-16
development,0,4,1,0.25,1,raw_svd,2000,1000,64,0.0,1.014572819907053,0.04999924028761796,0.9989832636130582,0.022547021831515194,0.02522780549340123,2.7755575615628914e-16
development,0,4,1,0.25,1,full_state_oracle,2000,1000,64,0.0,1.0,0.0,1.0,0.0,0.0,2.498001805406602e-16
development,0,4,1,0.25,2,correlon,2000,1000,64,0.0,1.0132021774134752,0.05532271562091675,0.9987774436578155,0.024724040347246425,0.026164451748039885,3.3306690738754696e-16
development,0,4,1,0.25,2,cca_equivalent,2000,1000,64,0.0,1.0132021774134752,0.05532271562091675,0.9987774436578155,0.024724040347246425,0.026164451748039885,3.3306690738754696e-16
development,0,4,1,0.25,2,block_diagonal,2000,1000,64,0.0,1.0167612156244523,0.05464617235819674,0.9987500870353638,0.02499912963121145,0.024308252253073905,9.36644625699345e-17
development,0,4,1,0.25,2,pca_rank_matched,2000,1000,64,0.0,1.1125704434413897,0.22291476683432035,0.9754106636242463,0.11088132479311777,0.14890127242786372,3.0531133177191805e-16
development,0,4,1,0.25,2,random_rank_matched,2000,1000,64,0.0,1.0114879317224434,0.07234252525010694,0.9979230449209167,0.032225417600733226,0.0302335042977844,1.1102230246251565e-16
development,0,4,1,0.25,2,raw_svd,2000,1000,64,0.0,1.0134194606641538,0.0543797024179634,0.998818740887591,0.024302871357197903,0.02607842016715297,1.6653345369377348e-16
development,0,4,1,0.25,2,full_state_oracle,2000,1000,64,0.0,1.0,0.0,1.0,0.0,0.0,2.498001805406602e-16
development,0,4,1,0.25,4,correlon,2000,1000,64,0.0,1.0128293485110471,0.05663046932030259,0.9986877589952006,0.025614849255845503,0.026517161292261587,3.0531133177191805e-16
development,0,4,1,0.25,4,cca_equivalent,2000,1000,64,0.0,1.0128293485110471,0.05663046932030259,0.9986877589952006,0.025614849255845503,0.026517161292261587,3.0531133177191805e-16
development,0,4,1,0.25,4,block_diagonal,2000,1000,64,0.0,1.0167612156244523,0.05464617235819674,0.9987500870353638,0.02499912963121145,0.024308252253073905,9.36644625699345e-17
development,0,4,1,0.25,4,pca_rank_matched,2000,1000,64,0.0,1.0128293692407542,0.056630468184660145,0.9986877590575091,0.0256148486477177,0.026517158533046835,5.551115123125783e-17
development,0,4,1,0.25,4,random_rank_matched,2000,1000,64,0.0,1.0109909923463833,0.07582604357705541,0.9975409277192173,0.03506474212640521,0.03106853083052503,3.885780586188048e-16
development,0,4,1,0.25,4,raw_svd,2000,1000,64,0.0,1.0128293485110473,0.05663046932030297,0.9986877589952007,0.02561484925584561,0.026517161292261504,3.3306690738754696e-16
development,0,4,1,0.25,4,full_state_oracle,2000,1000,64,0.0,1.0,0.0,1.0,0.0,0.0,2.498001805406602e-16
development,0,4,1,0.5,1,correlon,2000,1000,64,0.0,0.9926433243774925,0.05585981093397113,0.9988810300783184,0.02365343444070635,0.013320467233407409,2.220446049250313e-16
development,0,4,1,0.5,1,cca_equivalent,2000,1000,64,0.0,0.9926433243774925,0.05585981093397113,0.9988810300783184,0.02365343444070635,0.013320467233407409,2.220446049250313e-16
development,0,4,1,0.5,1,block_diagonal,2000,1000,64,0.0,0.9999802941034198,0.0693709675078521,0.9977707703473007,0.03338584769553791,0.010337094393395876,1.310355602090275e-16
development,0,4,1,0.5,1,pca_rank_matched,2000,1000,64,0.0,1.0511818665616177,0.20078713335322487,0.9788094901847648,0.10293325462462374,0.08209003137468546,1.942890293094024e-16
development,0,4,1,0.5,1,random_rank_matched,2000,1000,64,0.0,0.98937108608877,0.1083815233962797,0.9947390964876368,0.051287929926851446,0.02005078239563761,2.7755575615628914e-16
development,0,4,1,0.5,1,raw_svd,2000,1000,64,0.0,0.9928486825587283,0.0527347889511145,0.9990029458937467,0.022327719389285156,0.013129846908090652,2.7755575615628914e-16
development,0,4,1,0.5,1,full_state_oracle,2000,1000,64,0.0,1.0,0.0,1.0,0.0,0.0,2.7755575615628914e-16
development,0,4,1,0.5,2,correlon,2000,1000,64,0.0,0.9900403798265742,0.06466597323100683,0.998425362681199,0.028059199193857395,0.017557178855573313,3.3306690738754696e-16
development,0,4,1,0.5,2,cca_equivalent,2000,1000,64,0.0,0.9900403798265742,0.06466597323100683,0.998425362681199,0.028059199193857395,0.017557178855573313,3.3306690738754696e-16
development,0,4,1,0.5,2,block_diagonal,2000,1000,64,0.0,0.9999802941034198,0.0693709675078521,0.9977707703473007,0.03338584769553791,0.010337094393395876,1.310355602090275e-16
development,0,4,1,0.5,2,pca_rank_matched,2000,1000,64,0.0,1.0798444621231416,0.23078961234267836,0.9745568801993414,0.11278989272239458,0.19280697164959756,4.163336342344337e-16
development,0,4,1,0.5,2,random_rank_matched,2000,1000,64,0.0,0.990483448622242,0.08700425394778485,0.9967251115816049,0.04046534578126804,0.014968235701922761,1.5959455978986625e-16
development,0,4,1,0.5,2,raw_svd,2000,1000,64,0.0,0.9899084804604056,0.06470523089401987,0.9984330499634692,0.02799062375627642,0.0173234262135959,1.6653345369377348e-16
development,0,4,1,0.5,2,full_state_oracle,2000,1000,64,0.0,1.0,0.0,1.0,0.0,0.0,2.7755575615628914e-16
development,0,4,1,0.5,4,correlon,2000,1000,64,0.0,0.9899555667122684,0.06497324660999917,0.9984188009806749,0.028117601420862816,0.01778864873887615,4.996003610813204e-16
development,0,4,1,0.5,4,cca_equivalent,2000,1000,64,0.0,0.9899555667122684,0.06497324660999917,0.9984188009806749,0.028117601420862816,0.01778864873887615,4.996003610813204e-16
development,0,4,1,0.5,4,block_diagonal,2000,1000,64,0.0,0.9999802941034198,0.0693709675078521,0.9977707703473007,0.03338584769553791,0.010337094393395876,1.310355602090275e-16
development,0,4,1,0.5,4,pca_rank_matched,2000,1000,64,0.0,0.9899555874613742,0.06497324577785489,0.9984188010225337,0.028117601048687543,0.017788645876366208,2.220446049250313e-16
development,0,4,1,0.5,4,random_rank_matched,2000,1000,64,0.0,0.9853111714020325,0.1061824797542437,0.995049811500799,0.04975031909043893,0.014320258062298263,2.220446049250313e-16
development,0,4,1,0.5,4,raw_svd,2000,1000,64,0.0,0.9899555667122687,0.06497324660999926,0.998418800980675,0.02811760142086289,0.017788648738876884,3.3306690738754696e-16
development,0,4,1,0.5,4,full_state_oracle,2000,1000,64,0.0,1.0,0.0,1.0,0.0,0.0,2.7755575615628914e-16
development,0,4,1,1.0,1,correlon,2000,1000,64,0.0,1.0193521603866027,0.04028914560238795,0.9991712170129124,0.020356608105079256,0.014465931676700317,3.885780586188048e-16
development,0,4,1,1.0,1,cca_equivalent,2000,1000,64,0.0,1.0193521603866027,0.04028914560238795,0.9991712170129124,0.020356608105079256,0.014465931676700317,3.885780586188048e-16
development,0,4,1,1.0,1,block_diagonal,2000,1000,64,0.0,1.0354766353355573,0.12640265385976887,0.9924268382689978,0.06153520021500782,0.015422228877879415,1.1102230246251565e-16
development,0,4,1,1.0,1,pca_rank_matched,2000,1000,64,0.0,1.076806734460803,0.19811778614935296,0.9772243935339783,0.10671365064044457,0.11585671456179636,2.7755575615628914e-16
development,0,4,1,1.0,1,random_rank_matched,2000,1000,64,0.0,0.9962989521398884,0.18543038493357478,0.98121491415961,0.09691513256553363,0.021945697251236324,5.551115123125783e-16
development,0,4,1,1.0,1,raw_svd,2000,1000,64,0.0,1.0196216596628969,0.04010663304251914,0.9991631350912824,0.02045562158329087,0.014310038578648869,4.996003610813204e-16
development,0,4,1,1.0,1,full_state_oracle,2000,1000,64,0.0,1.0,0.0,1.0,0.0,0.0,2.220446049250313e-16
development,0,4,1,1.0,2,correlon,2000,1000,64,0.0,1.018462287004354,0.04563820480195989,0.9989842696398397,0.022535864307370174,0.015669667552223675,3.3306690738754696e-16
development,0,4,1,1.0,2,cca_equivalent,2000,1000,64,0.0,1.018462287004354,0.04563820480195989,0.9989842696398397,0.022535864307370174,0.015669667552223675,3.3306690738754696e-16
development,0,4,1,1.0,2,block_diagonal,2000,1000,64,0.0,1.0354766353355573,0.12640265385976887,0.9924268382689978,0.06153520021500782,0.015422228877879415,1.1102230246251565e-16
development,0,4,1,1.0,2,pca_rank_matched,2000,1000,64,0.0,1.1031692039780863,0.21254889830182494,0.974833785293808,0.11217445053618957,0.16570728057540035,2.220446049250313e-16
development,0,4,1,1.0,2,random_rank_matched,2000,1000,64,0.0,0.9833910247457441,0.22978812874526378,0.9756683361347389,0.11029883015077975,0.052113902206527445,3.3306690738754696e-16
development,0,4,1,1.0,2,raw_svd,2000,1000,64,0.0,1.0187118114673481,0.045223456388241,0.9989784934050083,0.02259985171402291,0.015275974742062992,2.7755575615628914e-16
development,0,4,1,1.0,2,full_state_oracle,2000,1000,64,0.0,1.0,0.0,1.0,0.0,0.0,2.220446049250313e-16
development,0,4,1,1.0,4,correlon,2000,1000,64,0.0,1.0180869349776918,0.0473436235865469,0.9989002635913726,0.02344926873729103,0.013769010295736118,3.3306690738754696e-16
development,0,4,1,1.0,4,cca_equivalent,2000,1000,64,0.0,1.0180869349776918,0.0473436235865469,0.9989002635913726,0.02344926873729103,0.013769010295736118,3.3306690738754696e-16
development,0,4,1,1.0,4,block_diagonal,2000,1000,64,0.0,1.0354766353355573,0.12640265385976887,0.9924268382689978,0.06153520021500782,0.015422228877879415,1.1102230246251565e-16
development,0,4,1,1.0,4,pca_rank_matched,2000,1000,64,0.0,1.0180869558314154,0.047343623923814686,0.9989002635763611,0.02344926889733222,0.01376900889166656,3.3306690738754696e-16
development,0,4,1,1.0,4,random_rank_matched,2000,1000,64,0.0,1.0065127296624532,0.1296177626552334,0.993032185532905,0.059024632430431274,0.018846442807670664,2.220446049250313e-16
development,0,4,1,1.0,4,raw_svd,2000,1000,64,0.0,1.0180869349776895,0.04734362358654683,0.9989002635913726,0.02344926873729086,0.013769010295736045,3.191891195797325e-16
development,0,4,1,1.0,4,full_state_oracle,2000,1000,64,0.0,1.0,0.0,1.0,0.0,0.0,2.220446049250313e-16
development,0,4,2,0.1,1,correlon,2000,1000,64,0.0,1.0099225770215743,0.06108898852454348,0.9986225720584943,0.026243360508000323,0.0050073731794472425,1.942890293094024e-16
development,0,4,2,0.1,1,cca_equivalent,2000,1000,64,0.0,1.0099225770215743,0.06108898852454348,0.9986225720584943,0.026243360508000323,0.0050073731794472425,1.942890293094024e-16
development,0,4,2,0.1,1,block_diagonal,2000,1000,64,0.0,1.0133606627989031,0.045506580103453646,0.9991420885979214,0.02071124576261213,0.0054529027021539625,7.592484436595361e-17
development,0,4,2,0.1,1,pca_rank_matched,2000,1000,64,0.0,1.0690126544188217,0.19365659945722635,0.9827431365072095,0.092889352169101,0.16869576041654039,2.220446049250313e-16
development,0,4,2,0.1,1,random_rank_matched,2000,1000,64,0.0,1.010405672045963,0.05581840191165078,0.9987480770841441,0.025019221769030396,0.008974127864640885,1.8041124150158794e-16
development,0,4,2,0.1,1,raw_svd,2000,1000,64,0.0,1.0098360164370208,0.06159210591148304,0.998592677371432,0.026526615205940213,0.005110512807347333,2.220446049250313e-16
development,0,4,2,0.1,1,full_state_oracle,2000,1000,64,0.0,1.0,0.0,1.0,0.0,0.0,2.220446049250313e-16
development,0,4,2,0.1,2,correlon,2000,1000,64,0.0,1.0090678748788697,0.06341423814250653,0.9984315633547467,0.028003898346955398,0.0061539942835778265,2.220446049250313e-16
development,0,4,2,0.1,2,cca_equivalent,2000,1000,64,0.0,1.0090678748788697,0.06341423814250653,0.9984315633547467,0.028003898346955398,0.0061539942835778265,2.220446049250313e-16
development,0,4,2,0.1,2,block_diagonal,2000,1000,64,0.0,1.0133606627989031,0.045506580103453646,0.9991420885979214,0.02071124576261213,0.0054529027021539625,7.592484436595361e-17
development,0,4,2,0.1,2,pca_rank_matched,2000,1000,64,0.0,1.1155675283174864,0.22008428400113056,0.9748122283784708,0.11222248353500561,0.1356841927767805,8.326672684688674e-17
development,0,4,2,0.1,2,random_rank_matched,2000,1000,64,0.0,1.0093049564517937,0.06546544757425399,0.998238775110045,0.029675114910940215,0.009550796742833689,1.6653345369377348e-16
development,0,4,2,0.1,2,raw_svd,2000,1000,64,0.0,1.0093998722258999,0.062237647399167303,0.998498781392424,0.027397249931114094,0.007725883191772486,2.7755575615628914e-16
development,0,4,2,0.1,2,full_state_oracle,2000,1000,64,0.0,1.0,0.0,1.0,0.0,0.0,2.220446049250313e-16
development,0,4,2,0.1,4,correlon,2000,1000,64,0.0,1.0085407557300141,0.0654503791511359,0.9982922323541127,0.029221290576284382,0.006870249443223201,4.440892098500626e-16
development,0,4,2,0.1,4,cca_equivalent,2000,1000,64,0.0,1.0085407557300141,0.0654503791511359,0.9982922323541127,0.029221290576284382,0.006870249443223201,4.440892098500626e-16
development,0,4,2,0.1,4,block_diagonal,2000,1000,64,0.0,1.0133606627989031,0.045506580103453646,0.9991420885979214,0.02071124576261213,0.0054529027021539625,7.592484436595361e-17
development,0,4,2,0.1,4,pca_rank_matched,2000,1000,64,0.0,1.0085407761932115,0.06545037895183871,0.9982922323534945,0.02922129058157321,0.006870247261097674,2.220446049250313e-16
development,0,4,2,0.1,4,random_rank_matched,2000,1000,64,0.0,1.0080124556410848,0.06915859174189448,0.9981902297617056,0.030081308468005007,0.0038221780038607805,2.220446049250313e-16
development,0,4,2,0.1,4,raw_svd,2000,1000,64,0.0,1.0085407557300134,0.06545037915113586,0.9982922323541127,0.02922129057628434,0.006870249443222776,3.885780586188048e-16
development,0,4,2,0.1,4,full_state_oracle,2000,1000,64,0.0,1.0,0.0,1.0,0.0,0.0,2.220446049250313e-16
development,0,4,2,0.25,1,correlon,2000,1000,64,0.0,0.9832609285176991,0.06492068484919657,0.9983983135931775,0.028299173193067757,0.01105191381063602,3.3306690738754696e-16
development,0,4,2,0.25,1,cca_equivalent,2000,1000,64,0.0,0.9832609285176991,0.06492068484919657,0.9983983135931775,0.028299173193067757,0.01105191381063602,3.3306690738754696e-16
development,0,4,2,0.25,1,block_diagonal,2000,1000,64,0.0,0.9882778891482541,0.06020615573222051,0.9985445925733909,0.026975984009939957,0.009514739805268698,3.311927930529099e-17
development,0,4,2,0.25,1,pca_rank_matched,2000,1000,64,0.0,1.0460827882057389,0.19924052082869986,0.980485500059119,0.09877879312099591,0.1065739111768538,2.7755575615628914e-16
development,0,4,2,0.25,1,random_rank_matched,2000,1000,64,0.0,0.9841750821597136,0.07307637643228583,0.9977645661243902,0.033432273895218564,0.01307935294424677,2.498001805406602e-16
development,0,4,2,0.25,1,raw_svd,2000,1000,64,0.0,0.9835713035098334,0.06341078739842386,0.9984474703197707,0.02786152975187657,0.011564763126404448,3.608224830031759e-16
development,0,4,2,0.25,1,full_state_oracle,2000,1000,64,0.0,1.0,0.0,1.0,0.0,0.0,2.220446049250313e-16
development,0,4,2,0.25,2,correlon,2000,1000,64,0.0,0.9807916867819275,0.06443407884088051,0.9982974430993711,0.029176676478215605,0.01187349454336608,3.885780586188048e-16
development,0,4,2,0.25,2,cca_equivalent,2000,1000,64,0.0,0.9807916867819275,0.06443407884088051,0.9982974430993711,0.029176676478215605,0.01187349454336608,3.885780586188048e-16
development,0,4,2,0.25,2,block_diagonal,2000,1000,64,0.0,0.9882778891482541,0.06020615573222051,0.9985445925733909,0.026975984009939957,0.009514739805268698,3.311927930529099e-17
development,0,4,2,0.25,2,pca_rank_matched,2000,1000,64,0.0,1.0729920181817962,0.227699973696128,0.9729299284559709,0.11634017264906604,0.15715826758769777,2.220446049250313e-16
development,0,4,2,0.25,2,random_rank_matched,2000,1000,64,0.0,0.9827076640337016,0.07502185047523495,0.9976856553521258,0.034017235689236924,0.010714419459532892,2.498001805406602e-16
development,0,4,2,0.25,2,raw_svd,2000,1000,64,0.0,0.9810975318382319,0.06259362705199564,0.9983581509904911,0.028651780132384962,0.010786681167973333,1.942890293094024e-16
development,0,4,2,0.25,2,full_state_oracle,2000,1000,64,0.0,1.0,0.0,1.0,0.0,0.0,2.220446049250313e-16
development,0,4,2,0.25,4,correlon,2000,1000,64,0.0,0.97991996744345,0.06891871030627826,0.997967139547288,0.03188150288734821,0.011697008220589767,2.220446049250313e-16
development,0,4,2,0.25,4,cca_equivalent,2000,1000,64,0.0,0.97991996744345,0.06891871030627826,0.997967139547288,0.03188150288734821,0.011697008220589767,2.220446049250313e-16
development,0,4,2,0.25,4,block_diagonal,2000,1000,64,0.0,0.9882778891482541,0.06020615573222051,0.9985445925733909,0.026975984009939957,0.009514739805268698,3.311927930529099e-17
development,0,4,2,0.25,4,pca_rank_matched,2000,1000,64,0.0,0.9799199883674665,0.06891870849389306,0.9979671396609544,0.03188150199602867,0.011697006171114285,2.220446049250313e-16
development,0,4,2,0.25,4,random_rank_matched,2000,1000,64,0.0,0.9795864007281704,0.07698235249127842,0.997595601346875,0.034672746164135126,0.012554503461707014,2.220446049250313e-16
development,0,4,2,0.25,4,raw_svd,2000,1000,64,0.0,0.9799199674434488,0.06891871030627879,0.997967139547288,0.0318815028873484,0.011697008220590617,3.3306690738754696e-16
development,0,4,2,0.25,4,full_state_oracle,2000,1000,64,0.0,1.0,0.0,1.0,0.0,0.0,2.220446049250313e-16
development,0,4,2,0.5,1,correlon,2000,1000,64,0.0,0.9780178321855842,0.061770065224523205,0.9981768875437979,0.03019198946908057,0.007397892064642762,4.579669976578771e-16
development,0,4,2,0.5,1,cca_equivalent,2000,1000,64,0.0,0.9780178321855842,0.061770065224523205,0.9981768875437979,0.03019198946908057,0.007397892064642762,4.579669976578771e-16
development,0,4,2,0.5,1,block_diagonal,2000,1000,64,0.0,0.9819136994146629,0.08234383959127123,0.9967903467428352,0.040060287425110454,0.003295482012051666,4.4408920985001213e-16
development,0,4,2,0.5,1,pca_rank_matched,2000,1000,64,0.0,1.0424000981954695,0.19859240253435378,0.9791801494556089,0.10202904131763421,0.1463359792345626,1.6653345369377348e-16
development,0,4,2,0.5,1,random_rank_matched,2000,1000,64,0.0,0.9710950395448338,0.11564995628874425,0.9942451801219729,0.05364149456357021,0.011968984360622641,3.469446951953614e-16
development,0,4,2,0.5,1,raw_svd,2000,1000,64,0.0,0.9795590650690916,0.05890744692379286,0.9985505867815205,0.026920375354733163,0.00924740903865082,4.163336342344337e-16
development,0,4,2,0.5,1,full_state_oracle,2000,1000,64,0.0,1.0,0.0,1.0,0.0,0.0,4.996003610813204e-16
development,0,4,2,0.5,2,correlon,2000,1000,64,0.0,0.9762239838193764,0.04950411444337619,0.9989796362786147,0.02258720568579939,0.008878761454445796,3.3306690738754696e-16
development,0,4,2,0.5,2,cca_equivalent,2000,1000,64,0.0,0.9762239838193764,0.04950411444337619,0.9989796362786147,0.02258720568579939,0.008878761454445796,3.3306690738754696e-16
development,0,4,2,0.5,2,block_diagonal,2000,1000,64,0.0,0.9819136994146629,0.08234383959127123,0.9967903467428352,0.040060287425110454,0.003295482012051666,4.4408920985001213e-16
development,0,4,2,0.5,2,pca_rank_matched,2000,1000,64,0.0,1.0669595017379818,0.22104138637271964,0.9729032256383667,0.11639753941049022,0.14896404083112255,6.661338147750939e-16
development,0,4,2,0.5,2,random_rank_matched,2000,1000,64,0.0,0.96780362139988,0.11459032699098831,0.9937497689828482,0.05590273256805877,0.01430302505123239,2.7755575615628914e-16
development,0,4,2,0.5,2,raw_svd,2000,1000,64,0.0,0.9763785258967912,0.04915303252605,0.9989885779360976,0.022488019742768744,0.009230881884737797,3.3306690738754696e-16
development,0,4,2,0.5,2,full_state_oracle,2000,1000,64,0.0,1.0,0.0,1.0,0.0,0.0,4.996003610813204e-16
development,0,4,2,0.5,4,correlon,2000,1000,64,0.0,0.9757034298223123,0.052901391109957764,0.9988457163475033,0.024023776269528826,0.010991524860855174,6.661338147750939e-16
development,0,4,2,0.5,4,cca_equivalent,2000,1000,64,0.0,0.9757034298223123,0.052901391109957764,0.9988457163475033,0.024023776269528826,0.010991524860855174,6.661338147750939e-16
development,0,4,2,0.5,4,block_diagonal,2000,1000,64,0.0,0.9819136994146629,0.08234383959127123,0.9967903467428352,0.040060287425110454,0.003295482012051666,4.4408920985001213e-16
development,0,4,2,0.5,4,pca_rank_matched,2000,1000,64,0.0,0.9757034508117439,0.05290138930421006,0.9988457164184242,0.024023775531499477,0.010991523222939559,6.106226635438361e-16
development,0,4,2,0.5,4,random_rank_matched,2000,1000,64,0.0,0.9679081467536279,0.1334670685373353,0.9908153722143529,0.06776661340825241,0.017502874842176667,3.885780586188048e-16
development,0,4,2,0.5,4,raw_svd,2000,1000,64,0.0,0.9757034298223092,0.05290139110995844,0.9988457163475033,0.02402377626952915,0.010991524860854952,2.220446049250313e-16
development,0,4,2,0.5,4,full_state_oracle,2000,1000,64,0.0,1.0,0.0,1.0,0.0,0.0,4.996003610813204e-16
development,0,4,2,1.0,1,correlon,2000,1000,64,0.0,0.9989845731927872,0.10437181441297848,0.9946292141483656,0.05182077697041262,0.0418109025665062,8.326672684688674e-16
development,0,4,2,1.0,1,cca_equivalent,2000,1000,64,0.0,0.9989845731927872,0.10437181441297848,0.9946292141483656,0.05182077697041262,0.0418109025665062,8.326672684688674e-16
development,0,4,2,1.0,1,block_diagonal,2000,1000,64,0.0,1.0183024217915737,0.15442522368550407,0.9884774937381577,0.07590291911989368,0.07637872226958067,1.1550766280412304e-16
development,0,4,2,1.0,1,pca_rank_matched,2000,1000,64,0.0,1.0540299778829183,0.1884070889273223,0.9821172542804446,0.09455883279618948,0.09742366378798958,2.220446049250313e-16
development,0,4,2,1.0,1,random_rank_matched,2000,1000,64,0.0,0.9741542441208078,0.21069676199668277,0.9797366192683867,0.10065629819244608,0.07578800769161585,2.220446049250313e-16
development,0,4,2,1.0,1,raw_svd,2000,1000,64,0.0,1.0010800259266286,0.10164693003327825,0.9946471378062152,0.051734235249903573,0.04099800861127868,5.551115123125783e-16
development,0,4,2,1.0,1,full_state_oracle,2000,1000,64,0.0,1.0,0.0,1.0,0.0,0.0,3.0531133177191805e-16
development,0,4,2,1.0,2,correlon,2000,1000,64,0.0,0.9883808175302164,0.06119297630112185,0.9985916700411126,0.02653610708909138,0.018093624330205404,1.6653345369377348e-16
development,0,4,2,1.0,2,cca_equivalent,2000,1000,64,0.0,0.9883808175302164,0.06119297630112185,0.9985916700411126,0.02653610708909138,0.018093624330205404,1.6653345369377348e-16
development,0,4,2,1.0,2,block_diagonal,2000,1000,64,0.0,1.0183024217915737,0.15442522368550407,0.9884774937381577,0.07590291911989368,0.07637872226958067,1.1550766280412304e-16
development,0,4,2,1.0,2,pca_rank_matched,2000,1000,64,0.0,1.0647407773478252,0.24441731015454796,0.9720492794837856,0.11821742789499017,0.16441168559009106,2.7755575615628914e-16
development,0,4,2,1.0,2,random_rank_matched,2000,1000,64,0.0,0.9459496612402325,0.25241343677918315,0.9716019593218604,0.11915964224127958,0.05160782339215058,4.163336342344337e-16
development,0,4,2,1.0,2,raw_svd,2000,1000,64,0.0,0.988248459627714,0.060384673750788924,0.9986101850303387,0.026361097944331044,0.0182763222970541,2.5673907444456745e-16
development,0,4,2,1.0,2,full_state_oracle,2000,1000,64,0.0,1.0,0.0,1.0,0.0,0.0,3.0531133177191805e-16
development,0,4,2,1.0,4,correlon,2000,1000,64,0.0,0.986180502143494,0.07024758024572476,0.9982769839654206,0.029351456817161344,0.018912146861372194,4.440892098500626e-16
development,0,4,2,1.0,4,cca_equivalent,2000,1000,64,0.0,0.986180502143494,0.07024758024572476,0.9982769839654206,0.029351456817161344,0.018912146861372194,4.440892098500626e-16
development,0,4,2,1.0,4,block_diagonal,2000,1000,64,0.0,1.0183024217915737,0.15442522368550407,0.9884774937381577,0.07590291911989368,0.07637872226958067,1.1550766280412304e-16
development,0,4,2,1.0,4,pca_rank_matched,2000,1000,64,0.0,0.98618052373502,0.0702475783178816,0.9982769840673265,0.029351455949181888,0.01891214323406329,3.3306690738754696e-16
development,0,4,2,1.0,4,random_rank_matched,2000,1000,64,0.0,0.9470848426301914,0.2462059102952965,0.9722567340614652,0.11777789677722805,0.09079107419116136,3.3306690738754696e-16
development,0,4,2,1.0,4,raw_svd,2000,1000,64,0.0,0.9861805021434952,0.07024758024572476,0.9982769839654206,0.029351456817161253,0.01891214686137162,6.522560269672795e-16
development,0,4,2,1.0,4,full_state_oracle,2000,1000,64,0.0,1.0,0.0,1.0,0.0,0.0,3.0531133177191805e-16
development,0,4,4,0.1,1,correlon,2000,1000,64,0.0,0.99159039888744,0.052810803514019566,0.9987796256927508,0.02470196659427378,0.01710237075312454,1.8995222061946038e-16
development,0,4,4,0.1,1,cca_equivalent,2000,1000,64,0.0,0.99159039888744,0.052810803514019566,0.9987796256927508,0.02470196659427378,0.01710237075312454,1.8995222061946038e-16
development,0,4,4,0.1,1,block_diagonal,2000,1000,64,0.0,0.9929217811633014,0.049259073728329,0.9989356559588006,0.02306885390737171,0.01597699393506154,2.220446049250313e-16
development,0,4,4,0.1,1,pca_rank_matched,2000,1000,64,0.0,1.056095119473114,0.19538675979359812,0.9794288823408763,0.10141774415535874,0.08027146521419934,1.3877787807814457e-16
development,0,4,4,0.1,1,random_rank_matched,2000,1000,64,0.0,0.9917109975194784,0.05360626397876313,0.9987974161495998,0.02452125456007672,0.016290695768511786,7.632783294297951e-17
development,0,4,4,0.1,1,raw_svd,2000,1000,64,0.0,0.991787646968629,0.0519606311707402,0.9987931752384889,0.0245644536018115,0.01712011014634412,2.220446049250313e-16
development,0,4,4,0.1,1,full_state_oracle,2000,1000,64,0.0,1.0,0.0,1.0,0.0,0.0,2.498001805406602e-16
development,0,4,4,0.1,2,correlon,2000,1000,64,0.0,0.9910267054780754,0.0550820225586957,0.9987001587317528,0.025493541027555192,0.017935987852556914,8.326672684688674e-17
development,0,4,4,0.1,2,cca_equivalent,2000,1000,64,0.0,0.9910267054780754,0.0550820225586957,0.9987001587317528,0.025493541027555192,0.017935987852556914,8.326672684688674e-17
development,0,4,4,0.1,2,block_diagonal,2000,1000,64,0.0,0.9929217811633014,0.049259073728329,0.9989356559588006,0.02306885390737171,0.01597699393506154,2.220446049250313e-16
development,0,4,4,0.1,2,pca_rank_matched,2000,1000,64,0.0,1.0825159897509484,0.2303579292399474,0.9718291909784087,0.1186819468613302,0.17803873404066028,3.3306690738754696e-16
development,0,4,4,0.1,2,random_rank_matched,2000,1000,64,0.0,0.9910085395257708,0.05960740566511318,0.998496093617545,0.027421764918172328,0.01683338248018706,4.718447854656915e-16
development,0,4,4,0.1,2,raw_svd,2000,1000,64,0.0,0.991026807333544,0.05499702589990904,0.9987034951605089,0.025460801632029805,0.017845341403028153,2.220446049250313e-16
development,0,4,4,0.1,2,full_state_oracle,2000,1000,64,0.0,1.0,0.0,1.0,0.0,0.0,2.498001805406602e-16
development,0,4,4,0.1,4,correlon,2000,1000,64,0.0,0.9908195883086791,0.05668813455089576,0.998616918984992,0.026297157783761023,0.01816569861414892,2.7755575615628914e-16
development,0,4,4,0.1,4,cca_equivalent,2000,1000,64,0.0,0.9908195883086791,0.05668813455089576,0.998616918984992,0.026297157783761023,0.01816569861414892,2.7755575615628914e-16
development,0,4,4,0.1,4,block_diagonal,2000,1000,64,0.0,0.9929217811633014,0.049259073728329,0.9989356559588006,0.02306885390737171,0.01597699393506154,2.220446049250313e-16
development,0,4,4,0.1,4,pca_rank_matched,2000,1000,64,0.0,0.9908196091679741,0.05668813279610593,0.9986169190674103,0.0262971570002309,0.018165695013712575,2.7755575615628914e-16
development,0,4,4,0.1,4,random_rank_matched,2000,1000,64,0.0,0.9900953539147735,0.0628060262019185,0.9983766108755958,0.028490253810770378,0.017589838081639105,3.885780586188048e-16
development,0,4,4,0.1,4,raw_svd,2000,1000,64,0.0,0.9908195883086779,0.05668813455089569,0.9986169189849919,0.026297157783760943,0.018165698614148927,2.7755575615628914e-16
development,0,4,4,0.1,4,full_state_oracle,2000,1000,64,0.0,1.0,0.0,1.0,0.0,0.0,2.498001805406602e-16
development,0,4,4,0.25,1,correlon,2000,1000,64,0.0,0.9936196235982945,0.07151794834623443,0.9976847816760972,0.03402365591689608,0.01136183280723282,1.6653345369377348e-16
development,0,4,4,0.25,1,cca_equivalent,2000,1000,64,0.0,0.9936196235982945,0.07151794834623443,0.9976847816760972,0.03402365591689608,0.01136183280723282,1.6653345369377348e-16
development,0,4,4,0.25,1,block_diagonal,2000,1000,64,0.0,0.9953358529849057,0.07527925083743488,0.9973415441459945,0.03645857823616776,0.01652847343517681,1.1102230246251565e-16
development,0,4,4,0.25,1,pca_rank_matched,2000,1000,64,0.0,1.0512574528515297,0.193427062713376,0.979611794118561,0.1009658503689216,0.10747224666016145,4.440892098500626e-16
development,0,4,4,0.25,1,random_rank_matched,2000,1000,64,0.0,0.9912921601632892,0.09453978149922922,0.995529161131568,0.047280222442539585,0.012590335728163156,1.6653345369377348e-16
development,0,4,4,0.25,1,raw_svd,2000,1000,64,0.0,0.993690340364078,0.07121255975909675,0.9976924787625687,0.03396705195797259,0.011172900972117131,2.7755575615628914e-16
development,0,4,4,0.25,1,full_state_oracle,2000,1000,64,0.0,1.0,0.0,1.0,0.0,0.0,3.0531133177191805e-16
development,0,4,4,0.25,2,correlon,2000,1000,64,0.0,0.9928267116040718,0.06744937187693144,0.9980446822379798,0.031267537175321665,0.00790399760942715,3.885780586188048e-16
development,0,4,4,0.25,2,cca_equivalent,2000,1000,64,0.0,0.9928267116040718,0.06744937187693144,0.9980446822379798,0.031267537175321665,0.00790399760942715,3.885780586188048e-16
development,0,4,4,0.25,2,block_diagonal,2000,1000,64,0.0,0.9953358529849057,0.07527925083743488,0.9973415441459945,0.03645857823616776,0.01652847343517681,1.1102230246251565e-16
development,0,4,4,0.25,2,pca_rank_matched,2000,1000,64,0.0,1.0812894331223575,0.227259467032141,0.9724063083860868,0.1174599753403542,0.16078680295609665,1.6653345369377348e-16
development,0,4,4,0.25,2,random_rank_matched,2000,1000,64,0.0,0.9894761295591493,0.0966326584244792,0.9951564505681099,0.04921153031500904,0.011493485374213377,1.3877787807814457e-16
development,0,4,4,0.25,2,raw_svd,2000,1000,64,0.0,0.9928030903804875,0.06804692875783401,0.998027782147279,0.03140237134931799,0.007566086659239558,3.885780586188048e-16
development,0,4,4,0.25,2,full_state_oracle,2000,1000,64,0.0,1.0,0.0,1.0,0.0,0.0,3.0531133177191805e-16
development,0,4,4,0.25,4,correlon,2000,1000,64,0.0,0.9922049034737254,0.06049619802656848,0.9983315712908505,0.028882769163893474,0.006515869055175656,4.544975507059235e-16
development,0,4,4,0.25,4,cca_equivalent,2000,1000,64,0.0,0.9922049034737254,0.06049619802656848,0.9983315712908505,0.028882769163893474,0.006515869055175656,4.544975507059235e-16
development,0,4,4,0.25,4,block_diagonal,2000,1000,64,0.0,0.9953358529849057,0.07527925083743488,0.9973415441459945,0.03645857823616776,0.01652847343517681,1.1102230246251565e-16
development,0,4,4,0.25,4,pca_rank_matched,2000,1000,64,0.0,0.9922049242121391,0.06049619709377361,0.9983315713444267,0.02888276870015355,0.00651587005335354,1.3877787807814457e-16
development,0,4,4,0.25,4,random_rank_matched,2000,1000,64,0.0,0.9885365680464332,0.08876762742778482,0.9962953738987425,0.043038506603142485,0.015349621134514692,3.3306690738754696e-16
development,0,4,4,0.25,4,raw_svd,2000,1000,64,0.0,0.9922049034737246,0.06049619802656895,0.9983315712908505,0.028882769163893686,0.00651586905517781,1.6653345369377348e-16
development,0,4,4,0.25,4,full_state_oracle,2000,1000,64,0.0,1.0,0.0,1.0,0.0,0.0,3.0531133177191805e-16
development,0,4,4,0.5,1,correlon,2000,1000,64,0.0,1.0011345193567796,0.09716099809958972,0.9962019824566273,0.04357761778351758,0.011913075609807089,2.220446049250313e-16
development,0,4,4,0.5,1,cca_equivalent,2000,1000,64,0.0,1.0011345193567796,0.09716099809958972,0.9962019824566273,0.04357761778351758,0.011913075609807089,2.220446049250313e-16
development,0,4,4,0.5,1,block_diagonal,2000,1000,64,0.0,1.0072525570940538,0.11041398758716629,0.9950073740566632,0.0499631161124724,0.01126744991974513,1.442720703011578e-16
development,0,4,4,0.5,1,pca_rank_matched,2000,1000,64,0.0,1.0518966897359987,0.20414148813981248,0.9801941960997169,0.09951332549031584,0.10885328900306407,2.498001805406602e-16
development,0,4,4,0.5,1,random_rank_matched,2000,1000,64,0.0,0.9937644126688274,0.15207723717618368,0.9897274495066057,0.07166781178951358,0.00982549381569451,1.6653345369377348e-16
development,0,4,4,0.5,1,raw_svd,2000,1000,64,0.0,1.0025554062407833,0.09459664357064528,0.996528055412861,0.04166500082286687,0.011064944963983407,3.3306690738754696e-16
development,0,4,4,0.5,1,full_state_oracle,2000,1000,64,0.0,1.0,0.0,1.0,0.0,0.0,6.106226635438361e-16
development,0,4,4,0.5,2,correlon,2000,1000,64,0.0,0.9977818508574934,0.08290424766791729,0.9972493396749726,0.03708544407869104,0.012988660100209437,2.7755575615628914e-16
development,0,4,4,0.5,2,cca_equivalent,2000,1000,64,0.0,0.9977818508574934,0.08290424766791729,0.9972493396749726,0.03708544407869104,0.012988660100209437,2.7755575615628914e-16
development,0,4,4,0.5,2,block_diagonal,2000,1000,64,0.0,1.0072525570940538,0.11041398758716629,0.9950073740566632,0.0499631161124724,0.01126744991974513,1.442720703011578e-16
development,0,4,4,0.5,2,pca_rank_matched,2000,1000,64,0.0,1.0849417065935156,0.23450079226607384,0.9733948999467028,0.11533668118447235,0.152913012564619,1.942890293094024e-16
development,0,4,4,0.5,2,random_rank_matched,2000,1000,64,0.0,0.9926763372498747,0.11141001121703152,0.994617246914931,0.051878478606590596,0.016785773747135965,1.6653345369377348e-16
development,0,4,4,0.5,2,raw_svd,2000,1000,64,0.0,0.9996324149071205,0.08486002347611771,0.9973787267533594,0.036202715689853004,0.006170461596888896,1.6653345369377348e-16
development,0,4,4,0.5,2,full_state_oracle,2000,1000,64,0.0,1.0,0.0,1.0,0.0,0.0,6.106226635438361e-16
development,0,4,4,0.5,4,correlon,2000,1000,64,0.0,0.994499295576998,0.058423375715134195,0.9985398484206615,0.027019914686565498,0.005579738841834277,4.996003610813204e-16
development,0,4,4,0.5,4,cca_equivalent,2000,1000,64,0.0,0.994499295576998,0.058423375715134195,0.9985398484206615,0.027019914686565498,0.005579738841834277,4.996003610813204e-16
development,0,4,4,0.5,4,block_diagonal,2000,1000,64,0.0,1.0072525570940538,0.11041398758716629,0.9950073740566632,0.0499631161124724,0.01126744991974513,1.442720703011578e-16
development,0,4,4,0.5,4,pca_rank_matched,2000,1000,64,0.0,0.9944993164818061,0.0584233752627684,0.9985398484497034,0.027019914417857237,0.00557973720287849,1.3877787807814457e-16
development,0,4,4,0.5,4,random_rank_matched,2000,1000,64,0.0,0.9795558037629559,0.15753004634234136,0.9895353609720194,0.07233477389188589,0.028994584729767764,3.0531133177191805e-16
development,0,4,4,0.5,4,raw_svd,2000,1000,64,0.0,0.9944992955769988,0.05842337571513372,0.9985398484206615,0.027019914686565297,0.005579738841834358,2.220446049250313e-16
development,0,4,4,0.5,4,full_state_oracle,2000,1000,64,0.0,1.0,0.0,1.0,0.0,0.0,6.106226635438361e-16
development,0,4,4,1.0,1,correlon,2000,1000,64,0.0,1.00028403054985,0.1882268161901939,0.9834331204481823,0.09101340437489891,0.0811402181639489,3.191891195797325e-16
development,0,4,4,1.0,1,cca_equivalent,2000,1000,64,0.0,1.00028403054985,0.1882268161901939,0.9834331204481823,0.09101340437489891,0.0811402181639489,3.191891195797325e-16
development,0,4,4,1.0,1,block_diagonal,2000,1000,64,0.0,1.0181823186849734,0.21323279375280896,0.9775247918667942,0.10600756608187421,0.09046322904827353,2.2204460492500606e-16
development,0,4,4,1.0,1,pca_rank_matched,2000,1000,64,0.0,1.0481409578891019,0.23779481209441974,0.9694195191671992,0.12365371169682066,0.15860449081270617,2.7755575615628914e-16
development,0,4,4,1.0,1,random_rank_matched,2000,1000,64,0.0,0.9579896688844478,0.28714707553074753,0.9630834821724147,0.13586117515240562,0.07445526780188372,6.38378239159465e-16
development,0,4,4,1.0,1,raw_svd,2000,1000,64,0.0,0.9994086158318948,0.19386234902716284,0.9834138327466677,0.0910663693504147,0.08222693982576931,1.942890293094024e-16
development,0,4,4,1.0,1,full_state_oracle,2000,1000,64,0.0,1.0,0.0,1.0,0.0,0.0,2.220446049250313e-16
development,0,4,4,1.0,2,correlon,2000,1000,64,0.0,0.9824389170303439,0.15386905025575037,0.9895293036428205,0.07235570591591066,0.05495971394608361,4.371503159461554e-16
development,0,4,4,1.0,2,cca_equivalent,2000,1000,64,0.0,0.9824389170303439,0.15386905025575037,0.9895293036428205,0.07235570591591066,0.05495971394608361,4.371503159461554e-16
development,0,4,4,1.0,2,block_diagonal,2000,1000,64,0.0,1.0181823186849734,0.21323279375280896,0.9775247918667942,0.10600756608187421,0.09046322904827353,2.2204460492500606e-16
development,0,4,4,1.0,2,pca_rank_matched,2000,1000,64,0.0,1.02289364277642,0.2082876768045433,0.9765464638827657,0.108290202966922,0.1453180309852614,1.6653345369377348e-16
development,0,4,4,1.0,2,random_rank_matched,2000,1000,64,0.0,0.9273464893388932,0.3168792212337272,0.9550326310709432,0.14994560501904836,0.05981536850633917,4.996003610813204e-16
development,0,4,4,1.0,2,raw_svd,2000,1000,64,0.0,0.9803923978338284,0.16410301904747612,0.9884871850359891,0.07587099236207116,0.055652213807620546,3.608224830031759e-16
development,0,4,4,1.0,2,full_state_oracle,2000,1000,64,0.0,1.0,0.0,1.0,0.0,0.0,2.220446049250313e-16
development,0,4,4,1.0,4,correlon,2000,1000,64,0.0,0.9622170464444088,0.07071656065573688,0.9977954365378351,0.033200628474208994,0.020340594405433655,3.0531133177191805e-16
development,0,4,4,1.0,4,cca_equivalent,2000,1000,64,0.0,0.9622170464444088,0.07071656065573688,0.9977954365378351,0.033200628474208994,0.020340594405433655,3.0531133177191805e-16
development,0,4,4,1.0,4,block_diagonal,2000,1000,64,0.0,1.0181823186849734,0.21323279375280896,0.9775247918667942,0.10600756608187421,0.09046322904827353,2.2204460492500606e-16
development,0,4,4,1.0,4,pca_rank_matched,2000,1000,64,0.0,0.9622170687762522,0.07071655893869351,0.997795436655512,0.03320062758810585,0.020340591125343026,2.914335439641036e-16
development,0,4,4,1.0,4,random_rank_matched,2000,1000,64,0.0,0.8753526902476382,0.38894651971290967,0.9305414962638651,0.18635785968954335,0.10390660760042439,3.3306690738754696e-16
development,0,4,4,1.0,4,raw_svd,2000,1000,64,0.0,0.9622170464444075,0.07071656065573749,0.997795436537835,0.03320062847420926,0.020340594405433635,1.682681771697503e-16
development,0,4,4,1.0,4,full_state_oracle,2000,1000,64,0.0,1.0,0.0,1.0,0.0,0.0,2.220446049250313e-16
development,0,8,1,0.1,1,correlon,2000,1000,64,0.0,0.9825452473784744,0.07308946904604961,0.9975972312817056,0.034660991895027894,0.021530740219781554,3.885780586188048e-16
development,0,8,1,0.1,1,cca_equivalent,2000,1000,64,0.0,0.9825452473784744,0.07308946904604961,0.9975972312817056,0.034660991895027894,0.021530740219781554,3.885780586188048e-16
development,0,8,1,0.1,1,block_diagonal,2000,1000,64,0.0,0.9853475164203478,0.06404531790354351,0.9979884403797303,0.031714031754648084,0.021274114559430277,2.220446049250313e-16
development,0,8,1,0.1,1,pca_rank_matched,2000,1000,64,0.0,1.0384477291172935,0.20126039342643043,0.97721511426919,0.10673538712819197,0.1269794776409007,5.273559366969494e-16
development,0,8,1,0.1,1,random_rank_matched,2000,1000,64,0.0,0.9830310996260421,0.0725551575176867,0.997426622188571,0.0358704461320802,0.023472031432200398,5.551115123125783e-16
development,0,8,1,0.1,1,raw_svd,2000,1000,64,0.0,0.9833957725793713,0.07043521572036619,0.9976067892723689,0.03459198409770094,0.020841344791070963,2.220446049250313e-16
development,0,8,1,0.1,1,full_state_oracle,2000,1000,64,0.0,1.0,0.0,1.0,0.0,0.0,4.996003610813204e-16
development,0,8,1,0.1,2,correlon,2000,1000,64,0.0,0.9807247646447738,0.07892702417043782,0.9972127429961165,0.03733133404985367,0.022548993903735014,5.48172618408671e-16
development,0,8,1,0.1,2,cca_equivalent,2000,1000,64,0.0,0.9807247646447738,0.07892702417043782,0.9972127429961165,0.03733133404985367,0.022548993903735014,5.48172618408671e-16
development,0,8,1,0.1,2,block_diagonal,2000,1000,64,0.0,0.9853475164203478,0.06404531790354351,0.9979884403797303,0.031714031754648084,0.021274114559430277,2.220446049250313e-16
development,0,8,1,0.1,2,pca_rank_matched,2000,1000,64,0.0,1.040006828493765,0.20160763100900658,0.9751880461185806,0.11138212127944819,0.1108431265830013,1.942890293094024e-16
development,0,8,1,0.1,2,random_rank_matched,2000,1000,64,0.0,0.9803975197900588,0.08163614182535046,0.9969685299835216,0.03893244159103269,0.02445016651539484,3.903127820947816e-16
development,0,8,1,0.1,2,raw_svd,2000,1000,64,0.0,0.9812122513264387,0.07719935606278845,0.997265455636277,0.03697664373441026,0.022131507489426064,3.3306690738754696e-16
development,0,8,1,0.1,2,full_state_oracle,2000,1000,64,0.0,1.0,0.0,1.0,0.0,0.0,4.996003610813204e-16
development,0,8,1,0.1,4,correlon,2000,1000,64,0.0,0.9791046989654528,0.08379167096353167,0.9969076445917306,0.03932146620021554,0.023298787115459327,4.163336342344337e-16
development,0,8,1,0.1,4,cca_equivalent,2000,1000,64,0.0,0.9791046989654528,0.08379167096353167,0.9969076445917306,0.03932146620021554,0.023298787115459327,4.163336342344337e-16
development,0,8,1,0.1,4,block_diagonal,2000,1000,64,0.0,0.9853475164203478,0.06404531790354351,0.9979884403797303,0.031714031754648084,0.021274114559430277,2.220446049250313e-16
development,0,8,1,0.1,4,pca_rank_matched,2000,1000,64,0.0,1.076621315304792,0.25207156558222693,0.9648241732621123,0.1326194305859584,0.1597009042065953,2.220446049250313e-16
development,0,8,1,0.1,4,random_rank_matched,2000,1000,64,0.0,0.9798407497227253,0.0826403877890657,0.9968287757772532,0.03981974524495965,0.021916628374784725,3.3306690738754696e-16
development,0,8,1,0.1,4,raw_svd,2000,1000,64,0.0,0.9792850348536424,0.08322631081539776,0.9969444581228222,0.03908671051123363,0.023947888579282563,3.885780586188048e-16
development,0,8,1,0.1,4,full_state_oracle,2000,1000,64,0.0,1.0,0.0,1.0,0.0,0.0,4.996003610813204e-16
development,0,8,1,0.25,1,correlon,2000,1000,64,0.0,0.9808173999387703,0.08194085514321141,0.9971220296823751,0.03793395785852639,0.0199744228986518,2.7755575615628914e-16
development,0,8,1,0.25,1,cca_equivalent,2000,1000,64,0.0,0.9808173999387703,0.08194085514321141,0.9971220296823751,0.03793395785852639,0.0199744228986518,2.7755575615628914e-16
development,0,8,1,0.25,1,block_diagonal,2000,1000,64,0.0,0.9848359064443861,0.0716011460400938,0.9977639362280988,0.03343698380462286,0.019321003061601623,2.546248781320745e-16
development,0,8,1,0.25,1,pca_rank_matched,2000,1000,64,0.0,1.031234904563285,0.20140913512343453,0.9786497846747596,0.10332041261348222,0.1343753436313362,3.885780586188048e-16
development,0,8,1,0.25,1,random_rank_matched,2000,1000,64,0.0,0.9807786162617191,0.08479667327133975,0.9968656906675402,0.03958730435669824,0.01955716227752119,3.608224830031759e-16
development,0,8,1,0.25,1,raw_svd,2000,1000,64,0.0,0.9815285082157021,0.0805544308356719,0.9972082065506676,0.03736170130850895,0.01928822873812289,2.498001805406602e-16
development,0,8,1,0.25,1,full_state_oracle,2000,1000,64,0.0,1.0,0.0,1.0,0.0,0.0,2.220446049250313e-16
development,0,8,1,0.25,2,correlon,2000,1000,64,0.0,0.9781881232630346,0.08961714914817848,0.9966405646220298,0.04098435907739868,0.016861965657390388,4.163336342344337e-16
development,0,8,1,0.25,2,cca_equivalent,2000,1000,64,0.0,0.9781881232630346,0.08961714914817848,0.9966405646220298,0.04098435907739868,0.016861965657390388,4.163336342344337e-16
development,0,8,1,0.25,2,block_diagonal,2000,1000,64,0.0,0.9848359064443861,0.0716011460400938,0.9977639362280988,0.03343698380462286,0.019321003061601623,2.546248781320745e-16
development,0,8,1,0.25,2,pca_rank_matched,2000,1000,64,0.0,1.0346264201662514,0.20670106559285753,0.9764584880752651,0.10849311481549143,0.13177602398966903,3.3306690738754696e-16
development,0,8,1,0.25,2,random_rank_matched,2000,1000,64,0.0,0.9776910409915434,0.09163860100093024,0.9962091956967831,0.04353621655137743,0.017277522441280207,4.440892098500626e-16
development,0,8,1,0.25,2,raw_svd,2000,1000,64,0.0,0.978909884274091,0.0870295531620624,0.9968009534711797,0.03999404036116004,0.017808217676044076,3.885780586188048e-16
development,0,8,1,0.25,2,full_state_oracle,2000,1000,64,0.0,1.0,0.0,1.0,0.0,0.0,2.220446049250313e-16
development,0,8,1,0.25,4,correlon,2000,1000,64,0.0,0.9758844327851716,0.09437624006477523,0.9961628892986116,0.043801316768952964,0.012495379428121475,3.3306690738754696e-16
development,0,8,1,0.25,4,cca_equivalent,2000,1000,64,0.0,0.9758844327851716,0.09437624006477523,0.9961628892986116,0.043801316768952964,0.012495379428121475,3.3306690738754696e-16
development,0,8,1,0.25,4,block_diagonal,2000,1000,64,0.0,0.9848359064443861,0.0716011460400938,0.9977639362280988,0.03343698380462286,0.019321003061601623,2.546248781320745e-16
development,0,8,1,0.25,4,pca_rank_matched,2000,1000,64,0.0,1.0727477828675223,0.255225245178222,0.9669653041475641,0.12851983475797774,0.17296058721169344,4.996003610813204e-16
development,0,8,1,0.25,4,random_rank_matched,2000,1000,64,0.0,0.9754475290996046,0.09786679921154195,0.9955351864603126,0.04724835203309928,0.015440862029936204,4.440892098500626e-16
development,0,8,1,0.25,4,raw_svd,2000,1000,64,0.0,0.9759766528903137,0.09449275209955607,0.9961107600211511,0.04409784563246205,0.01353507752868952,3.3306690738754696e-16
development,0,8,1,0.25,4,full_state_oracle,2000,1000,64,0.0,1.0,0.0,1.0,0.0,0.0,2.220446049250313e-16
development,0,8,1,0.5,1,correlon,2000,1000,64,0.0,1.0044762383955361,0.07255700785103124,0.9975505414293018,0.03499613243415815,0.012139249515040732,3.3306690738754696e-16
development,0,8,1,0.5,1,cca_equivalent,2000,1000,64,0.0,1.0044762383955361,0.07255700785103124,0.9975505414293018,0.03499613243415815,0.012139249515040732,3.3306690738754696e-16
development,0,8,1,0.5,1,block_diagonal,2000,1000,64,0.0,1.0067351547251717,0.07378904541560743,0.9974954619980527,0.03538741303025187,0.011686368952693343,2.3175395113350235e-16
development,0,8,1,0.5,1,pca_rank_matched,2000,1000,64,0.0,1.0532863926397764,0.19723491509886007,0.9787481322298474,0.10308217054891888,0.08601234253867461,8.326672684688674e-16
development,0,8,1,0.5,1,random_rank_matched,2000,1000,64,0.0,1.0033270277163397,0.08485080167929239,0.9967611166419594,0.040242287199167996,0.0110979070522934,3.3306690738754696e-16
development,0,8,1,0.5,1,raw_svd,2000,1000,64,0.0,1.004677915604821,0.07239686281589727,0.9975279637702514,0.03515704929134761,0.01174287652654542,4.996003610813204e-16
development,0,8,1,0.5,1,full_state_oracle,2000,1000,64,0.0,1.0,0.0,1.0,0.0,0.0,5.134781488891349e-16
development,0,8,1,0.5,2,correlon,2000,1000,64,0.0,1.0025767692090266,0.0777388957335601,0.997159058935051,0.03768913016341114,0.014487620706723152,3.3306690738754696e-16
development,0,8,1,0.5,2,cca_equivalent,2000,1000,64,0.0,1.0025767692090266,0.0777388957335601,0.997159058935051,0.03768913016341114,0.014487620706723152,3.3306690738754696e-16
development,0,8,1,0.5,2,block_diagonal,2000,1000,64,0.0,1.0067351547251717,0.07378904541560743,0.9974954619980527,0.03538741303025187,0.011686368952693343,2.3175395113350235e-16
development,0,8,1,0.5,2,pca_rank_matched,2000,1000,64,0.0,1.059945096348017,0.20707990420565883,0.974551470067,0.11280188370102688,0.12575006870864558,2.7755575615628914e-16
development,0,8,1,0.5,2,random_rank_matched,2000,1000,64,0.0,1.0022240381674072,0.09037487683653551,0.9959388858016245,0.04506170324330557,0.009946325792980706,2.220446049250313e-16
development,0,8,1,0.5,2,raw_svd,2000,1000,64,0.0,1.003125666525866,0.07594487620592641,0.9972721039203349,0.036931667168332676,0.013448830126940323,6.106226635438361e-16
development,0,8,1,0.5,2,full_state_oracle,2000,1000,64,0.0,1.0,0.0,1.0,0.0,0.0,5.134781488891349e-16
development,0,8,1,0.5,4,correlon,2000,1000,64,0.0,1.0007961090316748,0.08089254213955288,0.9969028988885131,0.0393516271041415,0.01656162653840509,3.3306690738754696e-16
development,0,8,1,0.5,4,cca_equivalent,2000,1000,64,0.0,1.0007961090316748,0.08089254213955288,0.9969028988885131,0.0393516271041415,0.01656162653840509,3.3306690738754696e-16
development,0,8,1,0.5,4,block_diagonal,2000,1000,64,0.0,1.0067351547251717,0.07378904541560743,0.9974954619980527,0.03538741303025187,0.011686368952693343,2.3175395113350235e-16
development,0,8,1,0.5,4,pca_rank_matched,2000,1000,64,0.0,1.1136476987659356,0.24636441935749986,0.9682270989963173,0.12604146342311845,0.1684194963137593,3.2959746043559335e-16
development,0,8,1,0.5,4,random_rank_matched,2000,1000,64,0.0,1.0000185372558608,0.09066983814974768,0.9962915213100834,0.04306087951909839,0.013684244629740824,3.3306690738754696e-16
development,0,8,1,0.5,4,raw_svd,2000,1000,64,0.0,1.0009771009904627,0.08039988352468114,0.9969226500043347,0.039225948017002736,0.016124471690317707,3.885780586188048e-16
development,0,8,1,0.5,4,full_state_oracle,2000,1000,64,0.0,1.0,0.0,1.0,0.0,0.0,5.134781488891349e-16
development,0,8,1,1.0,1,correlon,2000,1000,64,0.0,0.9854730175391927,0.06896824710501305,0.9977663661258815,0.03341881112575963,0.01855411431122811,3.885780586188048e-16
development,0,8,1,1.0,1,cca_equivalent,2000,1000,64,0.0,0.9854730175391927,0.06896824710501305,0.9977663661258815,0.03341881112575963,0.01855411431122811,3.885780586188048e-16
development,0,8,1,1.0,1,block_diagonal,2000,1000,64,0.0,0.9917996345439535,0.10679633223707076,0.9947716570954108,0.05112896881704712,0.01601915718705952,1.1102230246251565e-16
development,0,8,1,1.0,1,pca_rank_matched,2000,1000,64,0.0,1.0491063766893725,0.21485054043434101,0.9754699710094272,0.11074752591045255,0.11267572498196517,1.6653345369377348e-16
development,0,8,1,1.0,1,random_rank_matched,2000,1000,64,0.0,0.9792494988596256,0.12104585618224598,0.9936162623732554,0.056496626566302666,0.02040689740091168,6.38378239159465e-16
development,0,8,1,1.0,1,raw_svd,2000,1000,64,0.0,0.985546670859357,0.06919550304207192,0.9977661578645286,0.03342036905445091,0.0180722944600216,4.440892098500626e-16
development,0,8,1,1.0,1,full_state_oracle,2000,1000,64,0.0,1.0,0.0,1.0,0.0,0.0,3.0531133177191805e-16
development,0,8,1,1.0,2,correlon,2000,1000,64,0.0,0.9831996713630947,0.07676803731207471,0.9971915949666381,0.037472690278133845,0.018755758413521298,2.7755575615628914e-16
development,0,8,1,1.0,2,cca_equivalent,2000,1000,64,0.0,0.9831996713630947,0.07676803731207471,0.9971915949666381,0.037472690278133845,0.018755758413521298,2.7755575615628914e-16
development,0,8,1,1.0,2,block_diagonal,2000,1000,64,0.0,0.9917996345439535,0.10679633223707076,0.9947716570954108,0.05112896881704712,0.01601915718705952,1.1102230246251565e-16
development,0,8,1,1.0,2,pca_rank_matched,2000,1000,64,0.0,1.051625170990672,0.21402983713185075,0.9738355681148254,0.11437751502191017,0.12164725865060466,3.3306690738754696e-16
development,0,8,1,1.0,2,random_rank_matched,2000,1000,64,0.0,0.9784058047592479,0.11719946109038584,0.9928690665454711,0.05971152926583328,0.029815002214319156,1.6653345369377348e-16
development,0,8,1,1.0,2,raw_svd,2000,1000,64,0.0,0.9836329442814735,0.07488245794198863,0.9973084979457911,0.03668447937622138,0.019644751667150982,2.220446049250313e-16
development,0,8,1,1.0,2,full_state_oracle,2000,1000,64,0.0,1.0,0.0,1.0,0.0,0.0,3.0531133177191805e-16
development,0,8,1,1.0,4,correlon,2000,1000,64,0.0,0.9810552035062081,0.08384524022303633,0.9966889512910865,0.04068813530326515,0.018524892257259236,1.6653345369377348e-16
development,0,8,1,1.0,4,cca_equivalent,2000,1000,64,0.0,0.9810552035062081,0.08384524022303633,0.9966889512910865,0.04068813530326515,0.018524892257259236,1.6653345369377348e-16
development,0,8,1,1.0,4,block_diagonal,2000,1000,64,0.0,0.9917996345439535,0.10679633223707076,0.9947716570954108,0.05112896881704712,0.01601915718705952,1.1102230246251565e-16
development,0,8,1,1.0,4,pca_rank_matched,2000,1000,64,0.0,1.0769658072150303,0.2528268542233932,0.9639627293316189,0.13423351047406362,0.17915569667384534,3.608224830031759e-16
development,0,8,1,1.0,4,random_rank_matched,2000,1000,64,0.0,0.9747770703440604,0.1440814487054225,0.9906301307734283,0.06844658218849092,0.025164821680699282,3.0531133177191805e-16
development,0,8,1,1.0,4,raw_svd,2000,1000,64,0.0,0.9810780846850576,0.08411197086942986,0.9966828179718518,0.040725802804537435,0.01890655876788458,2.498001805406602e-16
development,0,8,1,1.0,4,full_state_oracle,2000,1000,64,0.0,1.0,0.0,1.0,0.0,0.0,3.0531133177191805e-16
development,0,8,2,0.1,1,correlon,2000,1000,64,0.0,0.9990495959494723,0.07522563605913643,0.9973031840851652,0.03672067479523489,0.02176691905802857,4.440892098500626e-16
development,0,8,2,0.1,1,cca_equivalent,2000,1000,64,0.0,0.9990495959494723,0.07522563605913643,0.9973031840851652,0.03672067479523489,0.02176691905802857,4.440892098500626e-16
development,0,8,2,0.1,1,block_diagonal,2000,1000,64,0.0,1.0030130129449033,0.059791205093175454,0.9982463734025682,0.02961103339493494,0.01997976408649898,2.220446049250313e-16
development,0,8,2,0.1,1,pca_rank_matched,2000,1000,64,0.0,1.0550933891069278,0.2006299439445464,0.9772940877025162,0.10655025175353597,0.12260604700518137,1.0547118733938987e-15
development,0,8,2,0.1,1,random_rank_matched,2000,1000,64,0.0,1.0004475267796908,0.0694404987063023,0.9975545280152648,0.03496764207617672,0.021787499804635225,2.7755575615628914e-16
development,0,8,2,0.1,1,raw_svd,2000,1000,64,0.0,1.0009562766149442,0.06810974505626978,0.9976049826792462,0.03460503807795786,0.02080237234809195,4.440892098500626e-16
development,0,8,2,0.1,1,full_state_oracle,2000,1000,64,0.0,1.0,0.0,1.0,0.0,0.0,3.3306690738754696e-16
development,0,8,2,0.1,2,correlon,2000,1000,64,0.0,0.9978687546598026,0.07862357643076444,0.9969534684218069,0.039029037768007695,0.021589470617525773,2.220446049250313e-16
development,0,8,2,0.1,2,cca_equivalent,2000,1000,64,0.0,0.9978687546598026,0.07862357643076444,0.9969534684218069,0.039029037768007695,0.021589470617525773,2.220446049250313e-16
development,0,8,2,0.1,2,block_diagonal,2000,1000,64,0.0,1.0030130129449033,0.059791205093175454,0.9982463734025682,0.02961103339493494,0.01997976408649898,2.220446049250313e-16
development,0,8,2,0.1,2,pca_rank_matched,2000,1000,64,0.0,1.05213043491817,0.2081304793935809,0.9748454667688791,0.1121484133439279,0.12278412142848717,6.106226635438361e-16
development,0,8,2,0.1,2,random_rank_matched,2000,1000,64,0.0,0.9987280750292625,0.07426012648379765,0.997306584312998,0.036697518219914724,0.0241178785135738,4.163336342344337e-16
development,0,8,2,0.1,2,raw_svd,2000,1000,64,0.0,0.9979857020952945,0.07836531371330524,0.9969567777008486,0.039007834464062606,0.021529842727951807,4.996003610813204e-16
development,0,8,2,0.1,2,full_state_oracle,2000,1000,64,0.0,1.0,0.0,1.0,0.0,0.0,3.3306690738754696e-16
development,0,8,2,0.1,4,correlon,2000,1000,64,0.0,0.9960954020157904,0.0837683895849086,0.9966404959078178,0.04098477822425142,0.022140336661852257,2.7755575615628914e-16
development,0,8,2,0.1,4,cca_equivalent,2000,1000,64,0.0,0.9960954020157904,0.0837683895849086,0.9966404959078178,0.04098477822425142,0.022140336661852257,2.7755575615628914e-16
development,0,8,2,0.1,4,block_diagonal,2000,1000,64,0.0,1.0030130129449033,0.059791205093175454,0.9982463734025682,0.02961103339493494,0.01997976408649898,2.220446049250313e-16
development,0,8,2,0.1,4,pca_rank_matched,2000,1000,64,0.0,1.0882235188911522,0.25603933588469,0.9637056040717251,0.13471153612121492,0.1751296193583659,2.220446049250313e-16
development,0,8,2,0.1,4,random_rank_matched,2000,1000,64,0.0,0.9970605086187003,0.07898081653067579,0.9968739461971174,0.039535135024953524,0.02304414277093362,5.551115123125783e-16
development,0,8,2,0.1,4,raw_svd,2000,1000,64,0.0,0.9963122628988271,0.08309448192086472,0.9966717595960656,0.040793629428714125,0.022325181786099622,3.3306690738754696e-16
development,0,8,2,0.1,4,full_state_oracle,2000,1000,64,0.0,1.0,0.0,1.0,0.0,0.0,3.3306690738754696e-16
development,0,8,2,0.25,1,correlon,2000,1000,64,0.0,0.9900440888972453,0.07297908333392245,0.9975285064011629,0.035153190458599055,0.00830652951780976,3.885780586188048e-16
development,0,8,2,0.25,1,cca_equivalent,2000,1000,64,0.0,0.9900440888972453,0.07297908333392245,0.9975285064011629,0.035153190458599055,0.00830652951780976,3.885780586188048e-16
development,0,8,2,0.25,1,block_diagonal,2000,1000,64,0.0,0.9935950379284886,0.0645562066107214,0.9980451255031282,0.031263992842180933,0.006836532278749214,2.22044604925025e-16
development,0,8,2,0.25,1,pca_rank_matched,2000,1000,64,0.0,1.040833750011953,0.19918424661832312,0.9795117820844622,0.10121318569123747,0.10990881013098394,8.881784197001252e-16
development,0,8,2,0.25,1,random_rank_matched,2000,1000,64,0.0,0.9892988838936935,0.08030396295530631,0.9969721566519686,0.03890914640564236,0.012554804539357586,4.440892098500626e-16
development,0,8,2,0.25,1,raw_svd,2000,1000,64,0.0,0.9904047888454792,0.07184272013769495,0.9976382394275856,0.03436393874699547,0.008120885550715858,4.163336342344337e-16
development,0,8,2,0.25,1,full_state_oracle,2000,1000,64,0.0,1.0,0.0,1.0,0.0,0.0,2.7755575615628914e-16
development,0,8,2,0.25,2,correlon,2000,1000,64,0.0,0.9872070944200695,0.08121898526561444,0.9969191950116639,0.03924796165621928,0.010957966967709587,3.885780586188048e-16
development,0,8,2,0.25,2,cca_equivalent,2000,1000,64,0.0,0.9872070944200695,0.08121898526561444,0.9969191950116639,0.03924796165621928,0.010957966967709587,3.885780586188048e-16
development,0,8,2,0.25,2,block_diagonal,2000,1000,64,0.0,0.9935950379284886,0.0645562066107214,0.9980451255031282,0.031263992842180933,0.006836532278749214,2.22044604925025e-16
development,0,8,2,0.25,2,pca_rank_matched,2000,1000,64,0.0,1.0467485339231166,0.206301276692173,0.9766460528748009,0.1080600460975267,0.10424066403596267,4.718447854656915e-16
development,0,8,2,0.25,2,random_rank_matched,2000,1000,64,0.0,0.984944181295999,0.09403288823369567,0.9960723450110444,0.04431509330327327,0.011340693887404284,4.996003610813204e-16
development,0,8,2,0.25,2,raw_svd,2000,1000,64,0.0,0.988673127462327,0.07473580260906096,0.9972650856650569,0.036979145034350416,0.008556098381406155,4.996003610813204e-16
development,0,8,2,0.25,2,full_state_oracle,2000,1000,64,0.0,1.0,0.0,1.0,0.0,0.0,2.7755575615628914e-16
development,0,8,2,0.25,4,correlon,2000,1000,64,0.0,0.9845827857795699,0.08464462432300107,0.9965668134525494,0.04143179061693255,0.0132575358689828,3.3306690738754696e-16
development,0,8,2,0.25,4,cca_equivalent,2000,1000,64,0.0,0.9845827857795699,0.08464462432300107,0.9965668134525494,0.04143179061693255,0.0132575358689828,3.3306690738754696e-16
development,0,8,2,0.25,4,block_diagonal,2000,1000,64,0.0,0.9935950379284886,0.0645562066107214,0.9980451255031282,0.031263992842180933,0.006836532278749214,2.22044604925025e-16
development,0,8,2,0.25,4,pca_rank_matched,2000,1000,64,0.0,1.0825098127575434,0.25299253514274705,0.9671167586565869,0.12822488320020636,0.1862906681783253,3.885780586188048e-16
development,0,8,2,0.25,4,random_rank_matched,2000,1000,64,0.0,0.9823595828974154,0.09650745772507927,0.995923313632223,0.045148014174363496,0.015282139604453676,3.885780586188048e-16
development,0,8,2,0.25,4,raw_svd,2000,1000,64,0.0,0.9847806334800615,0.08427398730590588,0.9965943083706685,0.04126555239743803,0.01281219790526194,6.661338147750939e-16
development,0,8,2,0.25,4,full_state_oracle,2000,1000,64,0.0,1.0,0.0,1.0,0.0,0.0,2.7755575615628914e-16
development,0,8,2,0.5,1,correlon,2000,1000,64,0.0,0.9714349916730404,0.0856868046437834,0.9965831633581619,0.04133301732173772,0.018143851060528637,3.608224830031759e-16
development,0,8,2,0.5,1,cca_equivalent,2000,1000,64,0.0,0.9714349916730404,0.0856868046437834,0.9965831633581619,0.04133301732173772,0.018143851060528637,3.608224830031759e-16
development,0,8,2,0.5,1,block_diagonal,2000,1000,64,0.0,0.9753802308606608,0.08932145160375128,0.9963034083658787,0.04299181104653115,0.017574961958070224,2.220446049250313e-16
development,0,8,2,0.5,1,pca_rank_matched,2000,1000,64,0.0,1.0276280023454292,0.20115438284395692,0.9776845164927326,0.10563021231462941,0.11617350874510056,2.220446049250313e-16
development,0,8,2,0.5,1,random_rank_matched,2000,1000,64,0.0,0.9677476771511001,0.11435710537891969,0.9935280036018487,0.056885834784027395,0.021017025685374793,3.885780586188048e-16
development,0,8,2,0.5,1,raw_svd,2000,1000,64,0.0,0.9718887210225976,0.0850905598474326,0.9966443342318787,0.04096135842548009,0.01746156514878427,3.885780586188048e-16
development,0,8,2,0.5,1,full_state_oracle,2000,1000,64,0.0,1.0,0.0,1.0,0.0,0.0,3.885780586188048e-16
development,0,8,2,0.5,2,correlon,2000,1000,64,0.0,0.9698393665185001,0.07985501191336135,0.9970527193713066,0.03838802305858796,0.018683727817074218,3.0531133177191805e-16
development,0,8,2,0.5,2,cca_equivalent,2000,1000,64,0.0,0.9698393665185001,0.07985501191336135,0.9970527193713066,0.03838802305858796,0.018683727817074218,3.0531133177191805e-16
development,0,8,2,0.5,2,block_diagonal,2000,1000,64,0.0,0.9753802308606608,0.08932145160375128,0.9963034083658787,0.04299181104653115,0.017574961958070224,2.220446049250313e-16
development,0,8,2,0.5,2,pca_rank_matched,2000,1000,64,0.0,1.0272413870374313,0.20929283560111733,0.9743984629389704,0.11314048139598308,0.14040272492268108,2.7755575615628914e-16
development,0,8,2,0.5,2,random_rank_matched,2000,1000,64,0.0,0.9654498977860417,0.11404811190543188,0.9939958664849742,0.054791119330717834,0.025102515218726362,2.220446049250313e-16
development,0,8,2,0.5,2,raw_svd,2000,1000,64,0.0,0.9707910945729297,0.07989874339244558,0.9970480383811997,0.03841849566810371,0.017591563178066334,3.3306690738754696e-16
development,0,8,2,0.5,2,full_state_oracle,2000,1000,64,0.0,1.0,0.0,1.0,0.0,0.0,3.885780586188048e-16
development,0,8,2,0.5,4,correlon,2000,1000,64,0.0,0.9663508731499635,0.09008694443357561,0.9962632817454138,0.04322451997758991,0.022255703796584266,3.0531133177191805e-16
development,0,8,2,0.5,4,cca_equivalent,2000,1000,64,0.0,0.9663508731499635,0.09008694443357561,0.9962632817454138,0.04322451997758991,0.022255703796584266,3.0531133177191805e-16
development,0,8,2,0.5,4,block_diagonal,2000,1000,64,0.0,0.9753802308606608,0.08932145160375128,0.9963034083658787,0.04299181104653115,0.017574961958070224,2.220446049250313e-16
development,0,8,2,0.5,4,pca_rank_matched,2000,1000,64,0.0,1.0639197066125803,0.2613512164347312,0.9633836966915146,0.1353076186112324,0.15897326880717824,2.7755575615628914e-16
development,0,8,2,0.5,4,random_rank_matched,2000,1000,64,0.0,0.962861681974498,0.12028841760404926,0.9930253735634683,0.05905347761364989,0.025968923402345308,2.7755575615628914e-16
development,0,8,2,0.5,4,raw_svd,2000,1000,64,0.0,0.9667496802740735,0.08876715598654847,0.9963351593333483,0.042806779058063536,0.02199214899625246,3.191891195797325e-16
development,0,8,2,0.5,4,full_state_oracle,2000,1000,64,0.0,1.0,0.0,1.0,0.0,0.0,3.885780586188048e-16
development,0,8,2,1.0,1,correlon,2000,1000,64,0.0,0.9914209313359035,0.09751051004547423,0.9958375283739108,0.04562056348889833,0.019775189463969164,4.440892098500626e-16
development,0,8,2,1.0,1,cca_equivalent,2000,1000,64,0.0,0.9914209313359035,0.09751051004547423,0.9958375283739108,0.04562056348889833,0.019775189463969164,4.440892098500626e-16
development,0,8,2,1.0,1,block_diagonal,2000,1000,64,0.0,0.9968289614656595,0.12431754113494342,0.9935535576369037,0.05677341967459936,0.017557437425208516,2.220446049250313e-16
development,0,8,2,1.0,1,pca_rank_matched,2000,1000,64,0.0,1.0546572852501601,0.21689960161890728,0.9760933405196278,0.10933128436173302,0.11368422107652507,7.216449660063518e-16
development,0,8,2,1.0,1,random_rank_matched,2000,1000,64,0.0,0.9849704004216818,0.15785552256273286,0.9885357541277888,0.07571078480709077,0.025213958727117573,5.551115123125783e-16
development,0,8,2,1.0,1,raw_svd,2000,1000,64,0.0,0.9919636054380454,0.09632915792926618,0.9959470121555237,0.04501659607564901,0.01896551976129911,3.885780586188048e-16
development,0,8,2,1.0,1,full_state_oracle,2000,1000,64,0.0,1.0,0.0,1.0,0.0,0.0,3.3306690738754696e-16
development,0,8,2,1.0,2,correlon,2000,1000,64,0.0,0.9882466762118881,0.07959946241516944,0.997071418473948,0.03826605235748801,0.025928055350005544,4.996003610813204e-16
development,0,8,2,1.0,2,cca_equivalent,2000,1000,64,0.0,0.9882466762118881,0.07959946241516944,0.997071418473948,0.03826605235748801,0.025928055350005544,4.996003610813204e-16
development,0,8,2,1.0,2,block_diagonal,2000,1000,64,0.0,0.9968289614656595,0.12431754113494342,0.9935535576369037,0.05677341967459936,0.017557437425208516,2.220446049250313e-16
development,0,8,2,1.0,2,pca_rank_matched,2000,1000,64,0.0,1.05087362243697,0.2169845138346819,0.9734015754127268,0.11532221075593647,0.11567734100830626,7.216449660063518e-16
development,0,8,2,1.0,2,random_rank_matched,2000,1000,64,0.0,0.9772179762218297,0.16616321699771533,0.9886035112065894,0.07548671669045663,0.028311198457810858,2.220446049250313e-16
development,0,8,2,1.0,2,raw_svd,2000,1000,64,0.0,0.9887758116594926,0.07680758676213896,0.997233422353891,0.03719259096990299,0.024611450171022172,3.3306690738754696e-16
development,0,8,2,1.0,2,full_state_oracle,2000,1000,64,0.0,1.0,0.0,1.0,0.0,0.0,3.3306690738754696e-16
development,0,8,2,1.0,4,correlon,2000,1000,64,0.0,0.9851023047437958,0.08784918067145663,0.9964163081431171,0.04233020113868352,0.02822627187418228,3.608224830031759e-16
development,0,8,2,1.0,4,cca_equivalent,2000,1000,64,0.0,0.9851023047437958,0.08784918067145663,0.9964163081431171,0.04233020113868352,0.02822627187418228,3.608224830031759e-16
development,0,8,2,1.0,4,block_diagonal,2000,1000,64,0.0,0.9968289614656595,0.12431754113494342,0.9935535576369037,0.05677341967459936,0.017557437425208516,2.220446049250313e-16
development,0,8,2,1.0,4,pca_rank_matched,2000,1000,64,0.0,1.0737254996643881,0.26129164639020047,0.9633979499482642,0.1352812811362603,0.16567428968032655,3.0531133177191805e-16
development,0,8,2,1.0,4,random_rank_matched,2000,1000,64,0.0,0.9749794022508921,0.16843944110681422,0.9875994738713741,0.07874174918245698,0.02644355368822885,3.3306690738754696e-16
development,0,8,2,1.0,4,raw_svd,2000,1000,64,0.0,0.985278421938903,0.0869480405154871,0.9964716137275522,0.0420022991778286,0.02776743837876804,3.3306690738754696e-16
development,0,8,2,1.0,4,full_state_oracle,2000,1000,64,0.0,1.0,0.0,1.0,0.0,0.0,3.3306690738754696e-16
development,0,8,4,0.1,1,correlon,2000,1000,64,0.0,0.9979553498307133,0.07605976297477285,0.9972278309313889,0.0372301562487393,0.017539031131461276,2.498001805406602e-16
development,0,8,4,0.1,1,cca_equivalent,2000,1000,64,0.0,0.9979553498307133,0.07605976297477285,0.9972278309313889,0.0372301562487393,0.017539031131461276,2.498001805406602e-16
development,0,8,4,0.1,1,block_diagonal,2000,1000,64,0.0,1.0027634100231297,0.06118280482150257,0.998100439379985,0.030818505966504272,0.011874786966931358,6.714678302742659e-17
development,0,8,4,0.1,1,pca_rank_matched,2000,1000,64,0.0,1.0542630666301722,0.2056738377555056,0.9778897900980368,0.10514325917994767,0.1204969776746074,5.828670879282072e-16
development,0,8,4,0.1,1,random_rank_matched,2000,1000,64,0.0,0.9987511446748448,0.07684227376333139,0.9971385629282807,0.03782484019608811,0.013562144756774794,3.0531133177191805e-16
development,0,8,4,0.1,1,raw_svd,2000,1000,64,0.0,0.998601521839287,0.07469929311799024,0.9972720813383216,0.036931820031501285,0.016362575575927463,4.440892098500626e-16
development,0,8,4,0.1,1,full_state_oracle,2000,1000,64,0.0,1.0,0.0,1.0,0.0,0.0,2.220446049250313e-16
development,0,8,4,0.1,2,correlon,2000,1000,64,0.0,0.9959309357610786,0.08127327086212953,0.9966904052952597,0.04067920048833558,0.019032888392927258,3.885780586188048e-16
development,0,8,4,0.1,2,cca_equivalent,2000,1000,64,0.0,0.9959309357610786,0.08127327086212953,0.9966904052952597,0.04067920048833558,0.019032888392927258,3.885780586188048e-16
development,0,8,4,0.1,2,block_diagonal,2000,1000,64,0.0,1.0027634100231297,0.06118280482150257,0.998100439379985,0.030818505966504272,0.011874786966931358,6.714678302742659e-17
development,0,8,4,0.1,2,pca_rank_matched,2000,1000,64,0.0,1.053326640984593,0.2098061458059798,0.9762348634847168,0.10900719360501693,0.1206533080120511,4.163336342344337e-16
development,0,8,4,0.1,2,random_rank_matched,2000,1000,64,0.0,0.9964828306656321,0.08282667058215334,0.9965718392028833,0.041401454063334085,0.017700741929568213,4.718447854656915e-16
development,0,8,4,0.1,2,raw_svd,2000,1000,64,0.0,0.996241631674474,0.08037013405961747,0.9967524412776476,0.04029614573599058,0.018938263658522927,3.885780586188048e-16
development,0,8,4,0.1,2,full_state_oracle,2000,1000,64,0.0,1.0,0.0,1.0,0.0,0.0,2.220446049250313e-16
development,0,8,4,0.1,4,correlon,2000,1000,64,0.0,0.9938176393671349,0.08634365751653694,0.9962334824883354,0.04339652930629765,0.022430601884934682,2.7755575615628914e-16
development,0,8,4,0.1,4,cca_equivalent,2000,1000,64,0.0,0.9938176393671349,0.08634365751653694,0.9962334824883354,0.04339652930629765,0.022430601884934682,2.7755575615628914e-16
development,0,8,4,0.1,4,block_diagonal,2000,1000,64,0.0,1.0027634100231297,0.06118280482150257,0.998100439379985,0.030818505966504272,0.011874786966931358,6.714678302742659e-17
development,0,8,4,0.1,4,pca_rank_matched,2000,1000,64,0.0,1.0893464741949055,0.25743465143606403,0.9653183725504046,0.13168452348244158,0.18024769946346497,9.71445146547012e-17
development,0,8,4,0.1,4,random_rank_matched,2000,1000,64,0.0,0.9923097780200143,0.09472789308239096,0.99592875698976,0.04511786237312229,0.018022328732851048,2.7755575615628914e-16
development,0,8,4,0.1,4,raw_svd,2000,1000,64,0.0,0.9940268912106397,0.08604241578460287,0.996236821902873,0.043377287243020674,0.022486633259624883,3.3306690738754696e-16
development,0,8,4,0.1,4,full_state_oracle,2000,1000,64,0.0,1.0,0.0,1.0,0.0,0.0,2.220446049250313e-16
development,0,8,4,0.25,1,correlon,2000,1000,64,0.0,0.9744561095939861,0.08127930102480277,0.9967895116565906,0.040065498520605675,0.016897357282959023,2.220446049250313e-16
development,0,8,4,0.25,1,cca_equivalent,2000,1000,64,0.0,0.9744561095939861,0.08127930102480277,0.9967895116565906,0.040065498520605675,0.016897357282959023,2.220446049250313e-16
development,0,8,4,0.25,1,block_diagonal,2000,1000,64,0.0,0.9773991877654403,0.07862950948681019,0.9969796140716174,0.038861201270564485,0.016094099105542846,2.220446049250313e-16
development,0,8,4,0.25,1,pca_rank_matched,2000,1000,64,0.0,1.0301370407148083,0.20619976708264062,0.9769405269185059,0.10737661077137348,0.11853992079635446,4.440892098500626e-16
development,0,8,4,0.25,1,random_rank_matched,2000,1000,64,0.0,0.9730971874008976,0.0932914857081228,0.995526957153096,0.047291874814305836,0.017909308839811407,3.3306690738754696e-16
development,0,8,4,0.25,1,raw_svd,2000,1000,64,0.0,0.9749145916517395,0.07988265229437173,0.996850575770549,0.03968264248667805,0.016958814376165844,2.7755575615628914e-16
development,0,8,4,0.25,1,full_state_oracle,2000,1000,64,0.0,1.0,0.0,1.0,0.0,0.0,3.3306690738754696e-16
development,0,8,4,0.25,2,correlon,2000,1000,64,0.0,0.9723833376920449,0.08394611874526403,0.9966381035706913,0.04099936846653065,0.017162042371776515,3.3306690738754696e-16
development,0,8,4,0.25,2,cca_equivalent,2000,1000,64,0.0,0.9723833376920449,0.08394611874526403,0.9966381035706913,0.04099936846653065,0.017162042371776515,3.3306690738754696e-16
development,0,8,4,0.25,2,block_diagonal,2000,1000,64,0.0,0.9773991877654403,0.07862950948681019,0.9969796140716174,0.038861201270564485,0.016094099105542846,2.220446049250313e-16
development,0,8,4,0.25,2,pca_rank_matched,2000,1000,64,0.0,1.0319826624064297,0.20570659559369478,0.9739289946330729,0.11417312592490218,0.1218472805890344,3.3306690738754696e-16
development,0,8,4,0.25,2,random_rank_matched,2000,1000,64,0.0,0.9720369443575263,0.09461037821900002,0.9954492998436546,0.047700629746080955,0.01862377465641315,4.440892098500626e-16
development,0,8,4,0.25,2,raw_svd,2000,1000,64,0.0,0.9729319482289288,0.08205708596780933,0.9967355724525586,0.0404006655108635,0.016647572147195443,5.585809592645319e-16
development,0,8,4,0.25,2,full_state_oracle,2000,1000,64,0.0,1.0,0.0,1.0,0.0,0.0,3.3306690738754696e-16
development,0,8,4,0.25,4,correlon,2000,1000,64,0.0,0.9704742548811239,0.08638164306593693,0.9964673958581028,0.0420273966710836,0.018890680843126104,4.44956571588051e-16
development,0,8,4,0.25,4,cca_equivalent,2000,1000,64,0.0,0.9704742548811239,0.08638164306593693,0.9964673958581028,0.0420273966710836,0.018890680843126104,4.44956571588051e-16
development,0,8,4,0.25,4,block_diagonal,2000,1000,64,0.0,0.9773991877654403,0.07862950948681019,0.9969796140716174,0.038861201270564485,0.016094099105542846,2.220446049250313e-16
development,0,8,4,0.25,4,pca_rank_matched,2000,1000,64,0.0,1.0656799475711762,0.2566328483875134,0.9641774438999118,0.13383302301765482,0.16733593822889473,2.7755575615628914e-16
development,0,8,4,0.25,4,random_rank_matched,2000,1000,64,0.0,0.9693234900965365,0.10057295081508505,0.9953212293895621,0.04836719244714282,0.020049450774962046,3.3306690738754696e-16
development,0,8,4,0.25,4,raw_svd,2000,1000,64,0.0,0.9708115843990672,0.08573194235818281,0.9964796220813179,0.0419546059371446,0.01824052955825667,2.7755575615628914e-16
development,0,8,4,0.25,4,full_state_oracle,2000,1000,64,0.0,1.0,0.0,1.0,0.0,0.0,3.3306690738754696e-16
development,0,8,4,0.5,1,correlon,2000,1000,64,0.0,1.0153765535416552,0.09887792611516882,0.9954573463127762,0.04765843937449019,0.01817293349197873,3.3306690738754696e-16
development,0,8,4,0.5,1,cca_equivalent,2000,1000,64,0.0,1.0153765535416552,0.09887792611516882,0.9954573463127762,0.04765843937449019,0.01817293349197873,3.3306690738754696e-16
development,0,8,4,0.5,1,block_diagonal,2000,1000,64,0.0,1.0221623578531813,0.10101994283620314,0.9953935134846916,0.04799211661985969,0.01789676216983387,2.220446049250313e-16
development,0,8,4,0.5,1,pca_rank_matched,2000,1000,64,0.0,1.0718869448976798,0.2099321303531788,0.973949586189758,0.11412802856932659,0.11127890161553616,6.106226635438361e-16
development,0,8,4,0.5,1,random_rank_matched,2000,1000,64,0.0,1.011716401213732,0.12398606280988186,0.9927970807242967,0.06001216241606036,0.018345454419260533,3.885780586188048e-16
development,0,8,4,0.5,1,raw_svd,2000,1000,64,0.0,1.0156948731545583,0.0984820928036691,0.9954735490757733,0.0475733692533267,0.019416661620320262,3.3306690738754696e-16
development,0,8,4,0.5,1,full_state_oracle,2000,1000,64,0.0,1.0,0.0,1.0,0.0,0.0,4.440892098500626e-16
development,0,8,4,0.5,2,correlon,2000,1000,64,0.0,1.0121056436340763,0.09537495870846899,0.9957970633695372,0.04584177478273936,0.02166350894311681,3.0531133177191805e-16
development,0,8,4,0.5,2,cca_equivalent,2000,1000,64,0.0,1.0121056436340763,0.09537495870846899,0.9957970633695372,0.04584177478273936,0.02166350894311681,3.0531133177191805e-16
development,0,8,4,0.5,2,block_diagonal,2000,1000,64,0.0,1.0221623578531813,0.10101994283620314,0.9953935134846916,0.04799211661985969,0.01789676216983387,2.220446049250313e-16
development,0,8,4,0.5,2,pca_rank_matched,2000,1000,64,0.0,1.0630074225498518,0.20853776239840435,0.9739045612002313,0.1142266142362818,0.1286596128508803,3.3306690738754696e-16
development,0,8,4,0.5,2,random_rank_matched,2000,1000,64,0.0,1.0081785334086906,0.11811514760702607,0.9937286363130744,0.055997159244579785,0.027062586170730416,2.706168622523819e-16
development,0,8,4,0.5,2,raw_svd,2000,1000,64,0.0,1.01254734629873,0.09497977866379782,0.9957810092499633,0.04592924313570185,0.02258061127811885,2.220446049250313e-16
development,0,8,4,0.5,2,full_state_oracle,2000,1000,64,0.0,1.0,0.0,1.0,0.0,0.0,4.440892098500626e-16
development,0,8,4,0.5,4,correlon,2000,1000,64,0.0,1.006291032686621,0.08694382944310358,0.9963612675172895,0.04265402960278511,0.023172624310455615,2.498001805406602e-16
development,0,8,4,0.5,4,cca_equivalent,2000,1000,64,0.0,1.006291032686621,0.08694382944310358,0.9963612675172895,0.04265402960278511,0.023172624310455615,2.498001805406602e-16
development,0,8,4,0.5,4,block_diagonal,2000,1000,64,0.0,1.0221623578531813,0.10101994283620314,0.9953935134846916,0.04799211661985969,0.01789676216983387,2.220446049250313e-16
development,0,8,4,0.5,4,pca_rank_matched,2000,1000,64,0.0,1.1045835695185817,0.2625586434766367,0.9642512035940753,0.13369516895895062,0.16516650029067748,3.191891195797325e-16
development,0,8,4,0.5,4,random_rank_matched,2000,1000,64,0.0,0.9973395831396722,0.14762406635402384,0.9903700000212348,0.06939020096081695,0.027663067862315545,8.604228440844963e-16
development,0,8,4,0.5,4,raw_svd,2000,1000,64,0.0,1.0062674860572542,0.08804588199835874,0.9962655000434748,0.04321168798210214,0.023373731533422516,1.6653345369377348e-16
development,0,8,4,0.5,4,full_state_oracle,2000,1000,64,0.0,1.0,0.0,1.0,0.0,0.0,4.440892098500626e-16
development,0,8,4,1.0,1,correlon,2000,1000,64,0.0,1.0105618340133422,0.1414725750176862,0.990182682159698,0.07006182212982341,0.024183772648538493,5.551115123125783e-16
development,0,8,4,1.0,1,cca_equivalent,2000,1000,64,0.0,1.0105618340133422,0.1414725750176862,0.990182682159698,0.07006182212982341,0.024183772648538493,5.551115123125783e-16
development,0,8,4,1.0,1,block_diagonal,2000,1000,64,0.0,1.0182393271555348,0.16192118601016733,0.9868935280105411,0.08095205985476503,0.032338755941083486,2.220446049250313e-16
development,0,8,4,1.0,1,pca_rank_matched,2000,1000,64,0.0,1.0627035209991111,0.2128928494359411,0.9741858134241184,0.11360938908356472,0.1261379036110876,1.6653345369377348e-16
development,0,8,4,1.0,1,random_rank_matched,2000,1000,64,0.0,0.9994959891411997,0.18204914467578465,0.9844288880539875,0.08823579757108904,0.030828035952269572,3.885780586188048e-16
development,0,8,4,1.0,1,raw_svd,2000,1000,64,0.0,1.0104141975722818,0.14239431192407925,0.9900842562461392,0.07041215716714283,0.025343615738561205,2.220446049250313e-16
development,0,8,4,1.0,1,full_state_oracle,2000,1000,64,0.0,1.0,0.0,1.0,0.0,0.0,4.440892098500626e-16
development,0,8,4,1.0,2,correlon,2000,1000,64,0.0,0.999244936272629,0.12633281561353515,0.9922916452619795,0.06208202130254976,0.02083657629975031,4.510281037539698e-16
development,0,8,4,1.0,2,cca_equivalent,2000,1000,64,0.0,0.999244936272629,0.12633281561353515,0.9922916452619795,0.06208202130254976,0.02083657629975031,4.510281037539698e-16
development,0,8,4,1.0,2,block_diagonal,2000,1000,64,0.0,1.0182393271555348,0.16192118601016733,0.9868935280105411,0.08095205985476503,0.032338755941083486,2.220446049250313e-16
development,0,8,4,1.0,2,pca_rank_matched,2000,1000,64,0.0,1.053644952816544,0.19769453164027934,0.9766671355052825,0.1080112598174779,0.09892199228621998,2.1094237467877974e-15
development,0,8,4,1.0,2,random_rank_matched,2000,1000,64,0.0,0.9711927350134973,0.2387553551185618,0.9728383641576874,0.11653676639222611,0.03661492882798803,6.106226635438361e-16
development,0,8,4,1.0,2,raw_svd,2000,1000,64,0.0,1.0002745356469036,0.12859035207090244,0.9925085190113605,0.06120245496971329,0.018636753091385794,6.106226635438361e-16
development,0,8,4,1.0,2,full_state_oracle,2000,1000,64,0.0,1.0,0.0,1.0,0.0,0.0,4.440892098500626e-16
development,0,8,4,1.0,4,correlon,2000,1000,64,0.0,0.9899335828548959,0.08309097804116686,0.9966556633064236,0.04089215507634878,0.017280551881721284,4.163336342344337e-16
development,0,8,4,1.0,4,cca_equivalent,2000,1000,64,0.0,0.9899335828548959,0.08309097804116686,0.9966556633064236,0.04089215507634878,0.017280551881721284,4.163336342344337e-16
development,0,8,4,1.0,4,block_diagonal,2000,1000,64,0.0,1.0182393271555348,0.16192118601016733,0.9868935280105411,0.08095205985476503,0.032338755941083486,2.220446049250313e-16
development,0,8,4,1.0,4,pca_rank_matched,2000,1000,64,0.0,1.0827661520008494,0.24464612673033842,0.9676493605368616,0.12718223040806145,0.15657773711375594,2.220446049250313e-16
development,0,8,4,1.0,4,random_rank_matched,2000,1000,64,0.0,0.9603398467883696,0.2203548502857357,0.9761796230234643,0.10913381001443959,0.056077798885613823,4.163336342344337e-16
development,0,8,4,1.0,4,raw_svd,2000,1000,64,0.0,0.9897742962955424,0.08371034345853944,0.9966189449300615,0.04111602528174705,0.01756108974303576,5.551115123125783e-16
development,0,8,4,1.0,4,full_state_oracle,2000,1000,64,0.0,1.0,0.0,1.0,0.0,0.0,4.440892098500626e-16
development,0,16,1,0.1,1,correlon,2000,1000,64,0.0,0.9713363617707158,0.10295806659937874,0.9947932443234382,0.05102330681444432,0.031527297119354786,6.106226635438361e-16
development,0,16,1,0.1,1,cca_equivalent,2000,1000,64,0.0,0.9713363617707158,0.10295806659937874,0.9947932443234382,0.05102330681444432,0.031527297119354786,6.106226635438361e-16
development,0,16,1,0.1,1,block_diagonal,2000,1000,64,0.0,0.9758356139612677,0.09101735964402842,0.9960884784405403,0.04422398421365771,0.02739905452082273,2.220446049250313e-16
development,0,16,1,0.1,1,pca_rank_matched,2000,1000,64,0.0,1.0309973752365094,0.19838024376363209,0.9777695361120913,0.10542880035338706,0.10875063915215571,7.771561172376096e-16
development,0,16,1,0.1,1,random_rank_matched,2000,1000,64,0.0,0.9716883487570996,0.10238364212333897,0.995015653321109,0.04992167204176466,0.03043247364085349,4.3021142204224816e-16
development,0,16,1,0.1,1,raw_svd,2000,1000,64,0.0,0.9722473483994627,0.10053094517708802,0.9949983463064925,0.05000826778397487,0.03091198874477651,4.163336342344337e-16
development,0,16,1,0.1,1,full_state_oracle,2000,1000,64,0.0,1.0,0.0,1.0,0.0,0.0,2.220446049250313e-16
development,0,16,1,0.1,2,correlon,2000,1000,64,0.0,0.9692044074569967,0.10786452043050265,0.9942372199267868,0.05367858079911024,0.03233628340913115,5.273559366969494e-16
development,0,16,1,0.1,2,cca_equivalent,2000,1000,64,0.0,0.9692044074569967,0.10786452043050265,0.9942372199267868,0.05367858079911024,0.03233628340913115,5.273559366969494e-16
development,0,16,1,0.1,2,block_diagonal,2000,1000,64,0.0,0.9758356139612677,0.09101735964402842,0.9960884784405403,0.04422398421365771,0.02739905452082273,2.220446049250313e-16
development,0,16,1,0.1,2,pca_rank_matched,2000,1000,64,0.0,1.0263890185482332,0.20128885663251617,0.9764089388351502,0.10860723080175114,0.10857125213344576,9.992007221626409e-16
development,0,16,1,0.1,2,random_rank_matched,2000,1000,64,0.0,0.9696761789367475,0.10715724689946163,0.9945180252185095,0.052354440028952544,0.03228322160455087,3.885780586188048e-16
development,0,16,1,0.1,2,raw_svd,2000,1000,64,0.0,0.9702756407159294,0.1050971726999868,0.9945087365027079,0.05239877621324834,0.03179927011942232,4.440892098500626e-16
development,0,16,1,0.1,2,full_state_oracle,2000,1000,64,0.0,1.0,0.0,1.0,0.0,0.0,2.220446049250313e-16
development,0,16,1,0.1,4,correlon,2000,1000,64,0.0,0.9652602913744759,0.1164508130494525,0.9932112787534758,0.0582611416234023,0.03658391131473177,3.885780586188048e-16
development,0,16,1,0.1,4,cca_equivalent,2000,1000,64,0.0,0.9652602913744759,0.1164508130494525,0.9932112787534758,0.0582611416234023,0.03658391131473177,3.885780586188048e-16
development,0,16,1,0.1,4,block_diagonal,2000,1000,64,0.0,0.9758356139612677,0.09101735964402842,0.9960884784405403,0.04422398421365771,0.02739905452082273,2.220446049250313e-16
development,0,16,1,0.1,4,pca_rank_matched,2000,1000,64,0.0,1.0246838165361007,0.2215435325970717,0.9710223235847286,0.12036959004514278,0.12227119754224865,7.216449660063518e-16
development,0,16,1,0.1,4,random_rank_matched,2000,1000,64,0.0,0.9648154968397311,0.11818758410211169,0.9936148437664813,0.056502903613525245,0.036014075979843116,4.440892098500626e-16
development,0,16,1,0.1,4,raw_svd,2000,1000,64,0.0,0.9657917886796159,0.11522840660779853,0.9933712571853319,0.05757057761855473,0.03553843287654258,4.440892098500626e-16
development,0,16,1,0.1,4,full_state_oracle,2000,1000,64,0.0,1.0,0.0,1.0,0.0,0.0,2.220446049250313e-16
development,0,16,1,0.25,1,correlon,2000,1000,64,0.0,0.9779892847703394,0.09772163620308842,0.9951192345117372,0.04940023020322246,0.024712345633844467,5.412337245047638e-16
development,0,16,1,0.25,1,cca_equivalent,2000,1000,64,0.0,0.9779892847703394,0.09772163620308842,0.9951192345117372,0.04940023020322246,0.024712345633844467,5.412337245047638e-16
development,0,16,1,0.25,1,block_diagonal,2000,1000,64,0.0,0.980253163224668,0.09247609226805757,0.9955639700285188,0.04709580645599592,0.02258816377165358,1.852325009973951e-16
development,0,16,1,0.25,1,pca_rank_matched,2000,1000,64,0.0,1.0364873982857252,0.19481549287308778,0.9789640937888178,0.10255707243087199,0.11558326369210001,6.106226635438361e-16
development,0,16,1,0.25,1,random_rank_matched,2000,1000,64,0.0,0.9779428020192538,0.09816067617950601,0.9949916359235045,0.050041802907646524,0.023887773249670403,4.440892098500626e-16
development,0,16,1,0.25,1,raw_svd,2000,1000,64,0.0,0.9781337733455023,0.097250528086234,0.995176299048949,0.04911059433081087,0.0243013901196934,6.106226635438361e-16
development,0,16,1,0.25,1,full_state_oracle,2000,1000,64,0.0,1.0,0.0,1.0,0.0,0.0,4.440892098500626e-16
development,0,16,1,0.25,2,correlon,2000,1000,64,0.0,0.9757459757637548,0.10309593772022733,0.9944777759184014,0.052546284747823094,0.02585747196304299,4.440892098500626e-16
development,0,16,1,0.25,2,cca_equivalent,2000,1000,64,0.0,0.9757459757637548,0.10309593772022733,0.9944777759184014,0.052546284747823094,0.02585747196304299,4.440892098500626e-16
development,0,16,1,0.25,2,block_diagonal,2000,1000,64,0.0,0.980253163224668,0.09247609226805757,0.9955639700285188,0.04709580645599592,0.02258816377165358,1.852325009973951e-16
development,0,16,1,0.25,2,pca_rank_matched,2000,1000,64,0.0,1.0311499701775235,0.20296970442902595,0.9764133183546421,0.10859714923826935,0.10807160173390469,7.771561172376096e-16
development,0,16,1,0.25,2,random_rank_matched,2000,1000,64,0.0,0.9754565976679719,0.10490442835962853,0.9944459607595251,0.05269743466467316,0.02718328680496776,4.440892098500626e-16
development,0,16,1,0.25,2,raw_svd,2000,1000,64,0.0,0.9761642686383232,0.10175619234473628,0.9946514279780397,0.05171349931091654,0.025034629890021583,3.885780586188048e-16
development,0,16,1,0.25,2,full_state_oracle,2000,1000,64,0.0,1.0,0.0,1.0,0.0,0.0,4.440892098500626e-16
development,0,16,1,0.25,4,correlon,2000,1000,64,0.0,0.9719127930429837,0.11206630794612137,0.9935794054491889,0.05665948530833626,0.030420405786695113,6.106226635438361e-16
development,0,16,1,0.25,4,cca_equivalent,2000,1000,64,0.0,0.9719127930429837,0.11206630794612137,0.9935794054491889,0.05665948530833626,0.030420405786695113,6.106226635438361e-16
development,0,16,1,0.25,4,block_diagonal,2000,1000,64,0.0,0.980253163224668,0.09247609226805757,0.9955639700285188,0.04709580645599592,0.02258816377165358,1.852325009973951e-16
development,0,16,1,0.25,4,pca_rank_matched,2000,1000,64,0.0,1.0291337940677612,0.21964522022212862,0.9718216639485017,0.11869780126754316,0.12224557372950182,9.992007221626409e-16
development,0,16,1,0.25,4,random_rank_matched,2000,1000,64,0.0,0.9720537192008644,0.1124385560182625,0.9934880042478506,0.057061351859859534,0.02914590529404276,5.551115123125783e-16
development,0,16,1,0.25,4,raw_svd,2000,1000,64,0.0,0.9730713384967866,0.10923364985001902,0.993885538815944,0.055292229038337706,0.028621395952272085,8.326672684688674e-16
development,0,16,1,0.25,4,full_state_oracle,2000,1000,64,0.0,1.0,0.0,1.0,0.0,0.0,4.440892098500626e-16
development,0,16,1,0.5,1,correlon,2000,1000,64,0.0,0.9750222176778958,0.09993061311211025,0.9951699434218834,0.04914293732631708,0.01722042582587644,8.326672684688674e-16
development,0,16,1,0.5,1,cca_equivalent,2000,1000,64,0.0,0.9750222176778958,0.09993061311211025,0.9951699434218834,0.04914293732631708,0.01722042582587644,8.326672684688674e-16
development,0,16,1,0.5,1,block_diagonal,2000,1000,64,0.0,0.9779345008644414,0.09967503935692988,0.9952436956600454,0.04876630158190527,0.01549036115014628,3.885780586188048e-16
development,0,16,1,0.5,1,pca_rank_matched,2000,1000,64,0.0,1.0321915875888752,0.19920582093020542,0.9785819052472378,0.10348452723176119,0.11656378764592602,5.551115123125783e-16
development,0,16,1,0.5,1,random_rank_matched,2000,1000,64,0.0,0.9734146628737332,0.11158383624938632,0.9937483662371484,0.0559090053696705,0.0183424139577426,2.7755575615628914e-16
development,0,16,1,0.5,1,raw_svd,2000,1000,64,0.0,0.9751805368825545,0.09933018362160345,0.9952156530577307,0.04890985045095355,0.017139075431384435,3.3306690738754696e-16
development,0,16,1,0.5,1,full_state_oracle,2000,1000,64,0.0,1.0,0.0,1.0,0.0,0.0,3.885780586188048e-16
development,0,16,1,0.5,2,correlon,2000,1000,64,0.0,0.9717844486159769,0.1080505792157593,0.9944495629896177,0.05268034268293216,0.01936696909892862,4.996003610813204e-16
development,0,16,1,0.5,2,cca_equivalent,2000,1000,64,0.0,0.9717844486159769,0.1080505792157593,0.9944495629896177,0.05268034268293216,0.01936696909892862,4.996003610813204e-16
development,0,16,1,0.5,2,block_diagonal,2000,1000,64,0.0,0.9779345008644414,0.09967503935692988,0.9952436956600454,0.04876630158190527,0.01549036115014628,3.885780586188048e-16
development,0,16,1,0.5,2,pca_rank_matched,2000,1000,64,0.0,1.0306798344752763,0.20267227829361603,0.9776826234258452,0.1056346926302027,0.12114405416696589,8.049116928532385e-16
development,0,16,1,0.5,2,random_rank_matched,2000,1000,64,0.0,0.97040145768365,0.11792799961829571,0.9936344890349308,0.05641591515285908,0.02363715182645491,6.106226635438361e-16
development,0,16,1,0.5,2,raw_svd,2000,1000,64,0.0,0.9722349874753278,0.10691346912506795,0.9945524435806095,0.05218982860381182,0.01841184071777479,3.885780586188048e-16
development,0,16,1,0.5,2,full_state_oracle,2000,1000,64,0.0,1.0,0.0,1.0,0.0,0.0,3.885780586188048e-16
development,0,16,1,0.5,4,correlon,2000,1000,64,0.0,0.9683028662903436,0.11552775662353877,0.9936100831776185,0.05652396315891834,0.024452801286042106,3.885780586188048e-16
development,0,16,1,0.5,4,cca_equivalent,2000,1000,64,0.0,0.9683028662903436,0.11552775662353877,0.9936100831776185,0.05652396315891834,0.024452801286042106,3.885780586188048e-16
development,0,16,1,0.5,4,block_diagonal,2000,1000,64,0.0,0.9779345008644414,0.09967503935692988,0.9952436956600454,0.04876630158190527,0.01549036115014628,3.885780586188048e-16
development,0,16,1,0.5,4,pca_rank_matched,2000,1000,64,0.0,1.030074213063549,0.22256665973761344,0.9722959199949166,0.11769468978055778,0.12840168378696087,2.4424906541753444e-15
development,0,16,1,0.5,4,random_rank_matched,2000,1000,64,0.0,0.9685426440010837,0.12185509011211243,0.992836795758645,0.059846487956082106,0.021242108090872812,4.475586568020162e-16
development,0,16,1,0.5,4,raw_svd,2000,1000,64,0.0,0.9691368729618889,0.11344245559820097,0.9937852806740326,0.0557436961726054,0.022340797688028866,4.440892098500626e-16
development,0,16,1,0.5,4,full_state_oracle,2000,1000,64,0.0,1.0,0.0,1.0,0.0,0.0,3.885780586188048e-16
development,0,16,1,1.0,1,correlon,2000,1000,64,0.0,0.9811564404763641,0.09316580585659127,0.9953943495330935,0.04798776128820036,0.025498899614664047,5.273559366969494e-16
development,0,16,1,1.0,1,cca_equivalent,2000,1000,64,0.0,0.9811564404763641,0.09316580585659127,0.9953943495330935,0.04798776128820036,0.025498899614664047,5.273559366969494e-16
development,0,16,1,1.0,1,block_diagonal,2000,1000,64,0.0,0.9862529142810426,0.10854189529496826,0.9939291135450903,0.055094856633399615,0.020234024131466716,2.391365853962456e-16
development,0,16,1,1.0,1,pca_rank_matched,2000,1000,64,0.0,1.0394748782349028,0.202454889073655,0.9783486376599466,0.10404653367617116,0.11058288261668539,1.0130785099704553e-15
development,0,16,1,1.0,1,random_rank_matched,2000,1000,64,0.0,0.9766097552232519,0.12949532107265002,0.9917272410629687,0.06431469092295834,0.026621915242166005,6.106226635438361e-16
development,0,16,1,1.0,1,raw_svd,2000,1000,64,0.0,0.9810080374096707,0.09301201311108537,0.9954138868911347,0.047885870091631734,0.025886197739027544,3.0531133177191805e-16
development,0,16,1,1.0,1,full_state_oracle,2000,1000,64,0.0,1.0,0.0,1.0,0.0,0.0,2.220446049250313e-16
development,0,16,1,1.0,2,correlon,2000,1000,64,0.0,0.9781943596396083,0.10063585492028658,0.9946682368631261,0.05163217570892169,0.02668601051293578,3.885780586188048e-16
development,0,16,1,1.0,2,cca_equivalent,2000,1000,64,0.0,0.9781943596396083,0.10063585492028658,0.9946682368631261,0.05163217570892169,0.02668601051293578,3.885780586188048e-16
development,0,16,1,1.0,2,block_diagonal,2000,1000,64,0.0,0.9862529142810426,0.10854189529496826,0.9939291135450903,0.055094856633399615,0.020234024131466716,2.391365853962456e-16
development,0,16,1,1.0,2,pca_rank_matched,2000,1000,64,0.0,1.0344250392951044,0.2069046671177057,0.976711101990885,0.10790944817094343,0.11351318830130697,7.216449660063518e-16
development,0,16,1,1.0,2,random_rank_matched,2000,1000,64,0.0,0.9716991117620144,0.1409057170069461,0.9895626644690576,0.07224034721311355,0.03374737094711443,4.440892098500626e-16
development,0,16,1,1.0,2,raw_svd,2000,1000,64,0.0,0.9784176186218788,0.0998835889385167,0.9947545422365303,0.0512125851889446,0.02693922688398164,2.636779683484747e-16
development,0,16,1,1.0,2,full_state_oracle,2000,1000,64,0.0,1.0,0.0,1.0,0.0,0.0,2.220446049250313e-16
development,0,16,1,1.0,4,correlon,2000,1000,64,0.0,0.9740148112792512,0.11002900774136938,0.9937516706919154,0.05589422737673626,0.02905617041289382,6.106226635438361e-16
development,0,16,1,1.0,4,cca_equivalent,2000,1000,64,0.0,0.9740148112792512,0.11002900774136938,0.9937516706919154,0.05589422737673626,0.02905617041289382,6.106226635438361e-16
development,0,16,1,1.0,4,block_diagonal,2000,1000,64,0.0,0.9862529142810426,0.10854189529496826,0.9939291135450903,0.055094856633399615,0.020234024131466716,2.391365853962456e-16
development,0,16,1,1.0,4,pca_rank_matched,2000,1000,64,0.0,1.0327925332187295,0.2243253876183119,0.9715206058595993,0.11933020183591533,0.1242545350192372,4.440892098500626e-16
development,0,16,1,1.0,4,random_rank_matched,2000,1000,64,0.0,0.9677798270016347,0.1472633508107249,0.9890833721939745,0.07388040269931387,0.03574883164462399,6.106226635438361e-16
development,0,16,1,1.0,4,raw_svd,2000,1000,64,0.0,0.9752248003103956,0.10687972273893934,0.9941401780478865,0.05412865208054593,0.028595532068155648,3.885780586188048e-16
development,0,16,1,1.0,4,full_state_oracle,2000,1000,64,0.0,1.0,0.0,1.0,0.0,0.0,2.220446049250313e-16
development,0,16,2,0.1,1,correlon,2000,1000,64,0.0,0.9662821301628458,0.10434505914992995,0.9945053756503088,0.05241480873613513,0.03208196059216413,4.440892098500626e-16
development,0,16,2,0.1,1,cca_equivalent,2000,1000,64,0.0,0.9662821301628458,0.10434505914992995,0.9945053756503088,0.05241480873613513,0.03208196059216413,4.440892098500626e-16
development,0,16,2,0.1,1,block_diagonal,2000,1000,64,0.0,0.9698140095068061,0.09598782038110265,0.9952318432141007,0.04882702523141925,0.02901545563873354,1.1102230246251565e-16
development,0,16,2,0.1,1,pca_rank_matched,2000,1000,64,0.0,1.02545135025504,0.19902878953494443,0.9773994434914361,0.10630276691733809,0.11267916646879537,1.3322676295501878e-15
development,0,16,2,0.1,1,random_rank_matched,2000,1000,64,0.0,0.9652749077962749,0.10792906419537468,0.9944034569965134,0.05289869092655529,0.0330055454103593,5.551115123125783e-16
development,0,16,2,0.1,1,raw_svd,2000,1000,64,0.0,0.9667891287663772,0.10319945435374867,0.9945169556893284,0.052359546935929216,0.03143711275228449,4.440892098500626e-16
development,0,16,2,0.1,1,full_state_oracle,2000,1000,64,0.0,1.0,0.0,1.0,0.0,0.0,4.996003610813204e-16
development,0,16,2,0.1,2,correlon,2000,1000,64,0.0,0.9631636827549924,0.11155206816890788,0.9935404298182207,0.056831198217965485,0.03540346658495219,7.771561172376096e-16
development,0,16,2,0.1,2,cca_equivalent,2000,1000,64,0.0,0.9631636827549924,0.11155206816890788,0.9935404298182207,0.056831198217965485,0.03540346658495219,7.771561172376096e-16
development,0,16,2,0.1,2,block_diagonal,2000,1000,64,0.0,0.9698140095068061,0.09598782038110265,0.9952318432141007,0.04882702523141925,0.02901545563873354,1.1102230246251565e-16
development,0,16,2,0.1,2,pca_rank_matched,2000,1000,64,0.0,1.0178936077600131,0.20281296324178133,0.975419837463764,0.11086063894871796,0.11233728106379752,7.771561172376096e-16
development,0,16,2,0.1,2,random_rank_matched,2000,1000,64,0.0,0.9630499211219288,0.11291453537528039,0.9936851742400615,0.05619086117839111,0.03614964893022486,4.440892098500626e-16
development,0,16,2,0.1,2,raw_svd,2000,1000,64,0.0,0.9633854577046523,0.1110050759981846,0.993596440827526,0.05658426977735963,0.03513171910986081,5.551115123125783e-16
development,0,16,2,0.1,2,full_state_oracle,2000,1000,64,0.0,1.0,0.0,1.0,0.0,0.0,4.996003610813204e-16
development,0,16,2,0.1,4,correlon,2000,1000,64,0.0,0.9592340062169081,0.12010311623141356,0.9926259553802559,0.06072085564179799,0.039938460622728295,4.40619762898109e-16
development,0,16,2,0.1,4,cca_equivalent,2000,1000,64,0.0,0.9592340062169081,0.12010311623141356,0.9926259553802559,0.06072085564179799,0.039938460622728295,4.40619762898109e-16
development,0,16,2,0.1,4,block_diagonal,2000,1000,64,0.0,0.9698140095068061,0.09598782038110265,0.9952318432141007,0.04882702523141925,0.02901545563873354,1.1102230246251565e-16
development,0,16,2,0.1,4,pca_rank_matched,2000,1000,64,0.0,1.0173304193061816,0.22253773586992537,0.9705870371203713,0.12127028259146758,0.11731224681811364,7.216449660063518e-16
development,0,16,2,0.1,4,random_rank_matched,2000,1000,64,0.0,0.9587968985282525,0.12184232993914693,0.9925581046400429,0.060999571145857856,0.03785823810343407,7.216449660063518e-16
development,0,16,2,0.1,4,raw_svd,2000,1000,64,0.0,0.9604336844684199,0.11748592116264253,0.9926902803697606,0.0604554366051533,0.03796151876460449,3.608224830031759e-16
development,0,16,2,0.1,4,full_state_oracle,2000,1000,64,0.0,1.0,0.0,1.0,0.0,0.0,4.996003610813204e-16
development,0,16,2,0.25,1,correlon,2000,1000,64,0.0,0.9747472754460978,0.0955647575074991,0.9954859549735311,0.047508131022325165,0.019525350778496126,4.510281037539698e-16
development,0,16,2,0.25,1,cca_equivalent,2000,1000,64,0.0,0.9747472754460978,0.0955647575074991,0.9954859549735311,0.047508131022325165,0.019525350778496126,4.510281037539698e-16
development,0,16,2,0.25,1,block_diagonal,2000,1000,64,0.0,0.9782611180206164,0.08617027432204226,0.9963631321911155,0.04264309914209136,0.017713227364066726,1.1102230246251565e-16
development,0,16,2,0.25,1,pca_rank_matched,2000,1000,64,0.0,1.0313640398769537,0.19770825051483457,0.979149474890846,0.10210417501051057,0.11463928801561991,9.992007221626409e-16
development,0,16,2,0.25,1,random_rank_matched,2000,1000,64,0.0,0.9749491139268349,0.09516537279516699,0.9954671352063856,0.04760706246773878,0.019823194692773702,5.828670879282072e-16
development,0,16,2,0.25,1,raw_svd,2000,1000,64,0.0,0.9756558783675581,0.09330776236698533,0.9956190000344377,0.04680277751139516,0.018849942474025133,5.551115123125783e-16
development,0,16,2,0.25,1,full_state_oracle,2000,1000,64,0.0,1.0,0.0,1.0,0.0,0.0,4.440892098500626e-16
development,0,16,2,0.25,2,correlon,2000,1000,64,0.0,0.971516016299198,0.1046159805873609,0.994774195922489,0.05111655347101913,0.022773166126627747,4.440892098500626e-16
development,0,16,2,0.25,2,cca_equivalent,2000,1000,64,0.0,0.971516016299198,0.1046159805873609,0.994774195922489,0.05111655347101913,0.022773166126627747,4.440892098500626e-16
development,0,16,2,0.25,2,block_diagonal,2000,1000,64,0.0,0.9782611180206164,0.08617027432204226,0.9963631321911155,0.04264309914209136,0.017713227364066726,1.1102230246251565e-16
development,0,16,2,0.25,2,pca_rank_matched,2000,1000,64,0.0,1.0275094180969382,0.2017029752663409,0.9773054339706015,0.106523626556268,0.10954441831134966,1.3877787807814457e-15
development,0,16,2,0.25,2,random_rank_matched,2000,1000,64,0.0,0.9721473109708603,0.10276453406892197,0.9945737957375593,0.052087446963931264,0.0209496923885572,3.3306690738754696e-16
development,0,16,2,0.25,2,raw_svd,2000,1000,64,0.0,0.9735237482799588,0.09722178733267914,0.9953638430480172,0.0481464274478531,0.019751263858555853,3.885780586188048e-16
development,0,16,2,0.25,2,full_state_oracle,2000,1000,64,0.0,1.0,0.0,1.0,0.0,0.0,4.440892098500626e-16
development,0,16,2,0.25,4,correlon,2000,1000,64,0.0,0.9678944685314567,0.11172684192482804,0.9942257945431154,0.053731766474239884,0.024753547447504687,3.2612801348363973e-16
development,0,16,2,0.25,4,cca_equivalent,2000,1000,64,0.0,0.9678944685314567,0.11172684192482804,0.9942257945431154,0.053731766474239884,0.024753547447504687,3.2612801348363973e-16
development,0,16,2,0.25,4,block_diagonal,2000,1000,64,0.0,0.9782611180206164,0.08617027432204226,0.9963631321911155,0.04264309914209136,0.017713227364066726,1.1102230246251565e-16
development,0,16,2,0.25,4,pca_rank_matched,2000,1000,64,0.0,1.0256042833388703,0.2213814282396398,0.9701462860818568,0.12217551701986606,0.1239533391869538,4.996003610813204e-16
development,0,16,2,0.25,4,random_rank_matched,2000,1000,64,0.0,0.9678533188278615,0.11200268397160923,0.9939119216980394,0.055172811700875894,0.025485356397739255,4.996003610813204e-16
development,0,16,2,0.25,4,raw_svd,2000,1000,64,0.0,0.9700630181089995,0.10562156846494447,0.9947049775095008,0.05145397210371188,0.021866656536587013,3.885780586188048e-16
development,0,16,2,0.25,4,full_state_oracle,2000,1000,64,0.0,1.0,0.0,1.0,0.0,0.0,4.440892098500626e-16
development,0,16,2,0.5,1,correlon,2000,1000,64,0.0,0.9743256405703759,0.10074959386833804,0.9950354609226422,0.049822379897782175,0.018132680103342076,3.0531133177191805e-16
development,0,16,2,0.5,1,cca_equivalent,2000,1000,64,0.0,0.9743256405703759,0.10074959386833804,0.9950354609226422,0.049822379897782175,0.018132680103342076,3.0531133177191805e-16
development,0,16,2,0.5,1,block_diagonal,2000,1000,64,0.0,0.9771178109861729,0.09742028711679969,0.9952659391648383,0.04865213682440751,0.01663719858393803,3.3306690738754696e-16
development,0,16,2,0.5,1,pca_rank_matched,2000,1000,64,0.0,1.0305834787866344,0.19284038801674586,0.9801416852857664,0.09964515721858638,0.11926394182961039,1.0547118733938987e-15
development,0,16,2,0.5,1,random_rank_matched,2000,1000,64,0.0,0.9731956643738033,0.10625341536582994,0.9943083343737187,0.053346347701980566,0.02013917670714198,2.7755575615628914e-16
development,0,16,2,0.5,1,raw_svd,2000,1000,64,0.0,0.97460731580862,0.0988478088096565,0.9952632434163093,0.04866598701193006,0.017857572924064476,4.440892098500626e-16
development,0,16,2,0.5,1,full_state_oracle,2000,1000,64,0.0,1.0,0.0,1.0,0.0,0.0,3.608224830031759e-16
development,0,16,2,0.5,2,correlon,2000,1000,64,0.0,0.9721278267921378,0.10305723379141972,0.9947662249124185,0.051155523101526094,0.01981931708312207,5.559788740505667e-16
development,0,16,2,0.5,2,cca_equivalent,2000,1000,64,0.0,0.9721278267921378,0.10305723379141972,0.9947662249124185,0.051155523101526094,0.01981931708312207,5.559788740505667e-16
development,0,16,2,0.5,2,block_diagonal,2000,1000,64,0.0,0.9771178109861729,0.09742028711679969,0.9952659391648383,0.04865213682440751,0.01663719858393803,3.3306690738754696e-16
development,0,16,2,0.5,2,pca_rank_matched,2000,1000,64,0.0,1.0249039929745147,0.1964791263719634,0.9782205478920493,0.1043538502115535,0.11047598566083894,8.326672684688674e-16
development,0,16,2,0.5,2,random_rank_matched,2000,1000,64,0.0,0.9694426876030271,0.11579576936059084,0.9933707474755762,0.05757279098855525,0.024170258564772812,3.885780586188048e-16
development,0,16,2,0.5,2,raw_svd,2000,1000,64,0.0,0.9725743027339411,0.10054255534033174,0.9950076419591938,0.04996177559297829,0.01952560723739513,6.661338147750939e-16
development,0,16,2,0.5,2,full_state_oracle,2000,1000,64,0.0,1.0,0.0,1.0,0.0,0.0,3.608224830031759e-16
development,0,16,2,0.5,4,correlon,2000,1000,64,0.0,0.9679163332055385,0.11170442133236592,0.9942290681495887,0.05371653307135254,0.024531189255624704,4.579669976578771e-16
development,0,16,2,0.5,4,cca_equivalent,2000,1000,64,0.0,0.9679163332055385,0.11170442133236592,0.9942290681495887,0.05371653307135254,0.024531189255624704,4.579669976578771e-16
development,0,16,2,0.5,4,block_diagonal,2000,1000,64,0.0,0.9771178109861729,0.09742028711679969,0.9952659391648383,0.04865213682440751,0.01663719858393803,3.3306690738754696e-16
development,0,16,2,0.5,4,pca_rank_matched,2000,1000,64,0.0,1.0248160632988585,0.2197097844998238,0.9709312843357657,0.12055852451036851,0.11361983859548672,7.771561172376096e-16
development,0,16,2,0.5,4,random_rank_matched,2000,1000,64,0.0,0.966522007673264,0.12361478089025205,0.9918982040836487,0.06364666494150063,0.02367375708973511,3.885780586188048e-16
development,0,16,2,0.5,4,raw_svd,2000,1000,64,0.0,0.9690226443423349,0.10828645799540089,0.9943770571304607,0.053023310296223744,0.0226830794541261,3.3306690738754696e-16
development,0,16,2,0.5,4,full_state_oracle,2000,1000,64,0.0,1.0,0.0,1.0,0.0,0.0,3.608224830031759e-16
development,0,16,2,1.0,1,correlon,2000,1000,64,0.0,0.9802058370973419,0.10830476865075474,0.9944447513855267,0.052703171699971296,0.015848587464803186,6.106226635438361e-16
development,0,16,2,1.0,1,cca_equivalent,2000,1000,64,0.0,0.9802058370973419,0.10830476865075474,0.9944447513855267,0.052703171699971296,0.015848587464803186,6.106226635438361e-16
development,0,16,2,1.0,1,block_diagonal,2000,1000,64,0.0,0.9871754488429157,0.1177361792464001,0.9934601332823877,0.05718333112722772,0.011934572492678116,1.9533559414007194e-16
development,0,16,2,1.0,1,pca_rank_matched,2000,1000,64,0.0,1.03642170577396,0.2043383269742145,0.9782839041407778,0.10420195741736876,0.11497715346195733,1.0547118733938987e-15
development,0,16,2,1.0,1,random_rank_matched,2000,1000,64,0.0,0.9750716926449362,0.1416414857292951,0.9913761095673114,0.06566540349639459,0.020061635995609797,6.106226635438361e-16
development,0,16,2,1.0,1,raw_svd,2000,1000,64,0.0,0.9801464984252495,0.10789305457479935,0.9944957355428359,0.052460768471135136,0.015809881969297182,4.440892098500626e-16
development,0,16,2,1.0,1,full_state_oracle,2000,1000,64,0.0,1.0,0.0,1.0,0.0,0.0,4.996003610813204e-16
development,0,16,2,1.0,2,correlon,2000,1000,64,0.0,0.9753952250330385,0.10602703952624225,0.9945516998942449,0.05219339089269414,0.018825378989910106,4.440892098500626e-16
development,0,16,2,1.0,2,cca_equivalent,2000,1000,64,0.0,0.9753952250330385,0.10602703952624225,0.9945516998942449,0.05219339089269414,0.018825378989910106,4.440892098500626e-16
development,0,16,2,1.0,2,block_diagonal,2000,1000,64,0.0,0.9871754488429157,0.1177361792464001,0.9934601332823877,0.05718333112722772,0.011934572492678116,1.9533559414007194e-16
development,0,16,2,1.0,2,pca_rank_matched,2000,1000,64,0.0,1.0323770106234382,0.20696873385419332,0.9768276550225785,0.10763908439182676,0.10714846449924892,9.43689570931383e-16
development,0,16,2,1.0,2,random_rank_matched,2000,1000,64,0.0,0.9691288326425136,0.1521530251807754,0.989041117331293,0.0740232486071334,0.027677397223010023,8.326672684688674e-16
development,0,16,2,1.0,2,raw_svd,2000,1000,64,0.0,0.9758624571529256,0.10445546955948527,0.9946663524040995,0.05164129934413201,0.019080135055247714,3.3306690738754696e-16
development,0,16,2,1.0,2,full_state_oracle,2000,1000,64,0.0,1.0,0.0,1.0,0.0,0.0,4.996003610813204e-16
development,0,16,2,1.0,4,correlon,2000,1000,64,0.0,0.970164233779121,0.11836091162516134,0.9934581888073877,0.057191831552295846,0.02300818940094234,5.551115123125783e-16
development,0,16,2,1.0,4,cca_equivalent,2000,1000,64,0.0,0.970164233779121,0.11836091162516134,0.9934581888073877,0.057191831552295846,0.02300818940094234,5.551115123125783e-16
development,0,16,2,1.0,4,block_diagonal,2000,1000,64,0.0,0.9871754488429157,0.1177361792464001,0.9934601332823877,0.05718333112722772,0.011934572492678116,1.9533559414007194e-16
development,0,16,2,1.0,4,pca_rank_matched,2000,1000,64,0.0,1.030604456430669,0.22034365134769615,0.9723837790390542,0.11750791667148608,0.11890740341046571,3.8163916471489756e-16
development,0,16,2,1.0,4,random_rank_matched,2000,1000,64,0.0,0.9638283179910785,0.1613388463914413,0.9876754177254501,0.07850026202042232,0.03155169718978626,5.551115123125783e-16
development,0,16,2,1.0,4,raw_svd,2000,1000,64,0.0,0.9728653186873675,0.11143782237344531,0.9938975574624415,0.05523786082732823,0.02036637658584641,4.996003610813204e-16
development,0,16,2,1.0,4,full_state_oracle,2000,1000,64,0.0,1.0,0.0,1.0,0.0,0.0,4.996003610813204e-16
development,0,16,4,0.1,1,correlon,2000,1000,64,0.0,0.9947829828777623,0.09469961294702485,0.9955346183229721,0.04725135805999621,0.019217416507358247,3.885780586188048e-16
development,0,16,4,0.1,1,cca_equivalent,2000,1000,64,0.0,0.9947829828777623,0.09469961294702485,0.9955346183229721,0.04725135805999621,0.019217416507358247,3.885780586188048e-16
development,0,16,4,0.1,1,block_diagonal,2000,1000,64,0.0,0.9985380599142994,0.08510318569501084,0.9963891562779859,0.04249025607132892,0.017528945195544394,1.59877896289611e-16
development,0,16,4,0.1,1,pca_rank_matched,2000,1000,64,0.0,1.0503708195009704,0.20052497182806706,0.9784687480181453,0.10375753462244254,0.11545900383222013,2.525757381022231e-15
development,0,16,4,0.1,1,random_rank_matched,2000,1000,64,0.0,0.9946344960315179,0.09595371433144906,0.9955625398680888,0.047103397605221635,0.01933374213590905,5.551115123125783e-16
development,0,16,4,0.1,1,raw_svd,2000,1000,64,0.0,0.9950885604134787,0.0939586694635723,0.9956359267219408,0.04671227503590099,0.01887035120615121,3.3306690738754696e-16
development,0,16,4,0.1,1,full_state_oracle,2000,1000,64,0.0,1.0,0.0,1.0,0.0,0.0,3.3306690738754696e-16
development,0,16,4,0.1,2,correlon,2000,1000,64,0.0,0.9917360004325968,0.10167991030450586,0.9947608345992222,0.051181859094692056,0.020567355021949958,5.689893001203927e-16
development,0,16,4,0.1,2,cca_equivalent,2000,1000,64,0.0,0.9917360004325968,0.10167991030450586,0.9947608345992222,0.051181859094692056,0.020567355021949958,5.689893001203927e-16
development,0,16,4,0.1,2,block_diagonal,2000,1000,64,0.0,0.9985380599142994,0.08510318569501084,0.9963891562779859,0.04249025607132892,0.017528945195544394,1.59877896289611e-16
development,0,16,4,0.1,2,pca_rank_matched,2000,1000,64,0.0,1.0497808943185836,0.2017337750487153,0.9774047886268888,0.10629019562760975,0.10280683422276943,5.551115123125783e-16
development,0,16,4,0.1,2,random_rank_matched,2000,1000,64,0.0,0.9917661893479325,0.10262977187273842,0.9946504717236029,0.05171812195158036,0.019907604133585916,3.885780586188048e-16
development,0,16,4,0.1,2,raw_svd,2000,1000,64,0.0,0.9924208423743652,0.10005184976223991,0.9949191863446214,0.05040244862791199,0.02045547165425715,3.3306690738754696e-16
development,0,16,4,0.1,2,full_state_oracle,2000,1000,64,0.0,1.0,0.0,1.0,0.0,0.0,3.3306690738754696e-16
development,0,16,4,0.1,4,correlon,2000,1000,64,0.0,0.9883385595155719,0.10943869082398969,0.9939919615959786,0.05480893359672944,0.02277137776641734,3.3306690738754696e-16
development,0,16,4,0.1,4,cca_equivalent,2000,1000,64,0.0,0.9883385595155719,0.10943869082398969,0.9939919615959786,0.05480893359672944,0.02277137776641734,3.3306690738754696e-16
development,0,16,4,0.1,4,block_diagonal,2000,1000,64,0.0,0.9985380599142994,0.08510318569501084,0.9963891562779859,0.04249025607132892,0.017528945195544394,1.59877896289611e-16
development,0,16,4,0.1,4,pca_rank_matched,2000,1000,64,0.0,1.050858523871967,0.2189755507314853,0.9719921431211143,0.1183381951841538,0.1118402583915233,4.996003610813204e-16
development,0,16,4,0.1,4,random_rank_matched,2000,1000,64,0.0,0.9876682507258877,0.11265738441565201,0.9937233241359347,0.05602087050406026,0.02363238273395559,3.3306690738754696e-16
development,0,16,4,0.1,4,raw_svd,2000,1000,64,0.0,0.9884262235483131,0.10923859593692117,0.9940406539438664,0.0545863813424812,0.022712579547918166,4.718447854656915e-16
development,0,16,4,0.1,4,full_state_oracle,2000,1000,64,0.0,1.0,0.0,1.0,0.0,0.0,3.3306690738754696e-16
development,0,16,4,0.25,1,correlon,2000,1000,64,0.0,0.9810817909891493,0.10270523565561716,0.9947252457046432,0.05135540037501823,0.019121258511735448,4.996003610813204e-16
development,0,16,4,0.25,1,cca_equivalent,2000,1000,64,0.0,0.9810817909891493,0.10270523565561716,0.9947252457046432,0.05135540037501823,0.019121258511735448,4.996003610813204e-16
development,0,16,4,0.25,1,block_diagonal,2000,1000,64,0.0,0.9843158621914421,0.09666117961415316,0.9951953290469979,0.04901362541682745,0.017070352723474447,1.1148150883693396e-16
development,0,16,4,0.25,1,pca_rank_matched,2000,1000,64,0.0,1.0326389187210747,0.1984638057942651,0.9795082630284295,0.10122187750573128,0.113826043033249,4.996003610813204e-16
development,0,16,4,0.25,1,random_rank_matched,2000,1000,64,0.0,0.9808481540943842,0.10536668965347547,0.9944710084983441,0.05257847231356126,0.018510199511427253,4.440892098500626e-16
development,0,16,4,0.25,1,raw_svd,2000,1000,64,0.0,0.9813179099685655,0.10196475318104506,0.9947991442471404,0.050994390636909824,0.018662231730390222,2.636779683484747e-16
development,0,16,4,0.25,1,full_state_oracle,2000,1000,64,0.0,1.0,0.0,1.0,0.0,0.0,5.551115123125783e-16
development,0,16,4,0.25,2,correlon,2000,1000,64,0.0,0.9785402623944088,0.10844140705545102,0.994100606661513,0.05431110999826351,0.021307677786765525,6.661338147750939e-16
development,0,16,4,0.25,2,cca_equivalent,2000,1000,64,0.0,0.9785402623944088,0.10844140705545102,0.994100606661513,0.05431110999826351,0.021307677786765525,6.661338147750939e-16
development,0,16,4,0.25,2,block_diagonal,2000,1000,64,0.0,0.9843158621914421,0.09666117961415316,0.9951953290469979,0.04901362541682745,0.017070352723474447,1.1148150883693396e-16
development,0,16,4,0.25,2,pca_rank_matched,2000,1000,64,0.0,1.0294877616022078,0.1998574306564012,0.977487595505423,0.10609525082343961,0.10539775473132244,6.938893903907228e-16
development,0,16,4,0.25,2,random_rank_matched,2000,1000,64,0.0,0.9779569141894979,0.11208941592531727,0.9934419524490261,0.05726276080915862,0.022936528268339362,3.3306690738754696e-16
development,0,16,4,0.25,2,raw_svd,2000,1000,64,0.0,0.9791750655273406,0.10649645208313649,0.9942990641534591,0.053389773583247646,0.01974757853412889,3.3306690738754696e-16
development,0,16,4,0.25,2,full_state_oracle,2000,1000,64,0.0,1.0,0.0,1.0,0.0,0.0,5.551115123125783e-16
development,0,16,4,0.25,4,correlon,2000,1000,64,0.0,0.9750370871849539,0.11485233321102445,0.9934947960224717,0.057031587640220344,0.02437789435199834,4.440892098500626e-16
development,0,16,4,0.25,4,cca_equivalent,2000,1000,64,0.0,0.9750370871849539,0.11485233321102445,0.9934947960224717,0.057031587640220344,0.02437789435199834,4.440892098500626e-16
development,0,16,4,0.25,4,block_diagonal,2000,1000,64,0.0,0.9843158621914421,0.09666117961415316,0.9951953290469979,0.04901362541682745,0.017070352723474447,1.1148150883693396e-16
development,0,16,4,0.25,4,pca_rank_matched,2000,1000,64,0.0,1.0329843709331619,0.21736221296645428,0.9703951383046108,0.12166524091824495,0.11435353719128252,5.551115123125783e-16
development,0,16,4,0.25,4,random_rank_matched,2000,1000,64,0.0,0.9742109170631917,0.12052938099805198,0.992392399005283,0.061674958430131724,0.025538501652105614,3.3306690738754696e-16
development,0,16,4,0.25,4,raw_svd,2000,1000,64,0.0,0.9757295042783751,0.11351139739897666,0.993645312863918,0.05636793031539307,0.024135570201625114,4.440892098500626e-16
development,0,16,4,0.25,4,full_state_oracle,2000,1000,64,0.0,1.0,0.0,1.0,0.0,0.0,5.551115123125783e-16
development,0,16,4,0.5,1,correlon,2000,1000,64,0.0,0.965982997529017,0.10347078028527407,0.9948238679581403,0.05087303825141475,0.021612003715499338,4.718447854656915e-16
development,0,16,4,0.5,1,cca_equivalent,2000,1000,64,0.0,0.965982997529017,0.10347078028527407,0.9948238679581403,0.05087303825141475,0.021612003715499338,4.718447854656915e-16
development,0,16,4,0.5,1,block_diagonal,2000,1000,64,0.0,0.9696935007236243,0.09903268810462401,0.9951176720747127,0.04940813660363712,0.01781882987824124,2.220446049250313e-16
development,0,16,4,0.5,1,pca_rank_matched,2000,1000,64,0.0,1.0227490917991953,0.19886492724291496,0.979181436862242,0.10202588675860136,0.10347820457024831,5.551115123125783e-16
development,0,16,4,0.5,1,random_rank_matched,2000,1000,64,0.0,0.9647568854839078,0.11073530710031068,0.994169692191327,0.05399216521252441,0.02115410682961889,5.689893001203927e-16
development,0,16,4,0.5,1,raw_svd,2000,1000,64,0.0,0.9667317970297569,0.10146779454369828,0.9949346796874767,0.050325541788058425,0.019678808300109957,4.440892098500626e-16
development,0,16,4,0.5,1,full_state_oracle,2000,1000,64,0.0,1.0,0.0,1.0,0.0,0.0,4.440892098500626e-16
development,0,16,4,0.5,2,correlon,2000,1000,64,0.0,0.9630234253608573,0.10911724973977861,0.9944355220616365,0.052746933268027416,0.02255088986723336,5.551115123125783e-16
development,0,16,4,0.5,2,cca_equivalent,2000,1000,64,0.0,0.9630234253608573,0.10911724973977861,0.9944355220616365,0.052746933268027416,0.02255088986723336,5.551115123125783e-16
development,0,16,4,0.5,2,block_diagonal,2000,1000,64,0.0,0.9696935007236243,0.09903268810462401,0.9951176720747127,0.04940813660363712,0.01781882987824124,2.220446049250313e-16
development,0,16,4,0.5,2,pca_rank_matched,2000,1000,64,0.0,1.0164119064241606,0.20162814604746832,0.9780821157718609,0.10468496603653067,0.11193217339438036,7.771561172376096e-16
development,0,16,4,0.5,2,random_rank_matched,2000,1000,64,0.0,0.9608834965125103,0.12054704847624446,0.9930399417659853,0.05899177160424431,0.02659538947697342,4.440892098500626e-16
development,0,16,4,0.5,2,raw_svd,2000,1000,64,0.0,0.9640426017101658,0.10580620463869395,0.994645964180209,0.05173990635762163,0.02180209921153713,4.440892098500626e-16
development,0,16,4,0.5,2,full_state_oracle,2000,1000,64,0.0,1.0,0.0,1.0,0.0,0.0,4.440892098500626e-16
development,0,16,4,0.5,4,correlon,2000,1000,64,0.0,0.959104936371467,0.1128708586093041,0.9941488325370187,0.05408866546228199,0.025017400572711127,5.551115123125783e-16
development,0,16,4,0.5,4,cca_equivalent,2000,1000,64,0.0,0.959104936371467,0.1128708586093041,0.9941488325370187,0.05408866546228199,0.025017400572711127,5.551115123125783e-16
development,0,16,4,0.5,4,block_diagonal,2000,1000,64,0.0,0.9696935007236243,0.09903268810462401,0.9951176720747127,0.04940813660363712,0.01781882987824124,2.220446049250313e-16
development,0,16,4,0.5,4,pca_rank_matched,2000,1000,64,0.0,1.0126477382689687,0.22096118612593807,0.973008557265314,0.11617108662375077,0.12747439553411102,1.2212453270876722e-15
development,0,16,4,0.5,4,random_rank_matched,2000,1000,64,0.0,0.9580211191127695,0.12373496484641536,0.9924742973799556,0.061342084330597686,0.027599818280916337,5.551115123125783e-16
development,0,16,4,0.5,4,raw_svd,2000,1000,64,0.0,0.9596464649684213,0.11172749418592982,0.9942583663207138,0.05358000410267895,0.024055944304037784,7.216449660063518e-16
development,0,16,4,0.5,4,full_state_oracle,2000,1000,64,0.0,1.0,0.0,1.0,0.0,0.0,4.440892098500626e-16
development,0,16,4,1.0,1,correlon,2000,1000,64,0.0,0.9791953014702667,0.13572415856972328,0.9914199507132435,0.06549827969785352,0.018749838486346607,5.134781488891349e-16
development,0,16,4,1.0,1,cca_equivalent,2000,1000,64,0.0,0.9791953014702667,0.13572415856972328,0.9914199507132435,0.06549827969785352,0.018749838486346607,5.134781488891349e-16
development,0,16,4,1.0,1,block_diagonal,2000,1000,64,0.0,0.9865027604864328,0.14179613053467924,0.9905462033170538,0.06875244244005488,0.017813797005508964,3.469446951953614e-16
development,0,16,4,1.0,1,pca_rank_matched,2000,1000,64,0.0,1.0363977051234914,0.2132839461966891,0.9748960092185235,0.11203568802278235,0.12371844987255434,1.3461454173580023e-15
development,0,16,4,1.0,1,random_rank_matched,2000,1000,64,0.0,0.9738644833458261,0.1592671262779177,0.9886394141155375,0.07536771817052171,0.024708779468466006,4.996003610813204e-16
development,0,16,4,1.0,1,raw_svd,2000,1000,64,0.0,0.9804408577766042,0.13550946841421926,0.9915140413482819,0.06513815568358551,0.019332169933508572,7.771561172376096e-16
development,0,16,4,1.0,1,full_state_oracle,2000,1000,64,0.0,1.0,0.0,1.0,0.0,0.0,3.3306690738754696e-16
development,0,16,4,1.0,2,correlon,2000,1000,64,0.0,0.9741280266686907,0.12422389339853009,0.9926231183360484,0.060732535201288435,0.022247124313537432,5.273559366969494e-16
development,0,16,4,1.0,2,cca_equivalent,2000,1000,64,0.0,0.9741280266686907,0.12422389339853009,0.9926231183360484,0.060732535201288435,0.022247124313537432,5.273559366969494e-16
development,0,16,4,1.0,2,block_diagonal,2000,1000,64,0.0,0.9865027604864328,0.14179613053467924,0.9905462033170538,0.06875244244005488,0.017813797005508964,3.469446951953614e-16
development,0,16,4,1.0,2,pca_rank_matched,2000,1000,64,0.0,1.0316297145832194,0.21327103498703165,0.9734973901110859,0.11511431250916224,0.11219421263193967,1.3461454173580023e-15
development,0,16,4,1.0,2,random_rank_matched,2000,1000,64,0.0,0.9634589370120824,0.17822261326462985,0.9846217561505519,0.08768763838035601,0.03262488631429414,5.551115123125783e-16
development,0,16,4,1.0,2,raw_svd,2000,1000,64,0.0,0.9764576239775463,0.12410876231427136,0.992503868964167,0.06122144655197694,0.020763278093618817,6.106226635438361e-16
development,0,16,4,1.0,2,full_state_oracle,2000,1000,64,0.0,1.0,0.0,1.0,0.0,0.0,3.3306690738754696e-16
development,0,16,4,1.0,4,correlon,2000,1000,64,0.0,0.9687528588321622,0.10728554186910517,0.9944277158051027,0.05278391892848276,0.029709700983553838,4.996003610813204e-16
development,0,16,4,1.0,4,cca_equivalent,2000,1000,64,0.0,0.9687528588321622,0.10728554186910517,0.9944277158051027,0.05278391892848276,0.029709700983553838,4.996003610813204e-16
development,0,16,4,1.0,4,block_diagonal,2000,1000,64,0.0,0.9865027604864328,0.14179613053467924,0.9905462033170538,0.06875244244005488,0.017813797005508964,3.469446951953614e-16
development,0,16,4,1.0,4,pca_rank_matched,2000,1000,64,0.0,1.028795788841851,0.2162260225886515,0.9725833897352333,0.1170824714992956,0.12157325941897276,1.609823385706477e-15
development,0,16,4,1.0,4,random_rank_matched,2000,1000,64,0.0,0.9544552657196409,0.18798304256073897,0.9836467720684148,0.09042463141087494,0.038123441761804114,4.996003610813204e-16
development,0,16,4,1.0,4,raw_svd,2000,1000,64,0.0,0.9691308042809337,0.10772282929837147,0.9943723381288323,0.053045555285846896,0.0289470539202683,4.440892098500626e-16
development,0,16,4,1.0,4,full_state_oracle,2000,1000,64,0.0,1.0,0.0,1.0,0.0,0.0,3.3306690738754696e-16
development,1,4,1,0.1,1,correlon,2000,1000,64,0.0,0.9849664988862572,0.06244038045182749,0.9980079651411551,0.031559743811102034,0.012642774909295777,5.551115123125783e-17
development,1,4,1,0.1,1,cca_equivalent,2000,1000,64,0.0,0.9849664988862572,0.06244038045182749,0.9980079651411551,0.031559743811102034,0.012642774909295777,5.551115123125783e-17
development,1,4,1,0.1,1,block_diagonal,2000,1000,64,0.0,0.988313703707804,0.04527523258832142,0.9989423884664603,0.02299577715081226,0.012519783655983403,3.035342609175782e-17
development,1,4,1,0.1,1,pca_rank_matched,2000,1000,64,0.0,1.0445413761024867,0.19996796004542686,0.9771549937846178,0.10687611102435876,0.12866485968102565,2.237793284010081e-16
development,1,4,1,0.1,1,random_rank_matched,2000,1000,64,0.0,0.9859269926842855,0.05733711371284756,0.9981593870594554,0.030336553368375638,0.010427409530800708,2.7755575615628914e-16
development,1,4,1,0.1,1,raw_svd,2000,1000,64,0.0,0.9850981090546092,0.06133963784225933,0.9980632940086194,0.031118370710728708,0.012599181848566789,3.3306690738754696e-16
development,1,4,1,0.1,1,full_state_oracle,2000,1000,64,0.0,1.0,0.0,1.0,0.0,0.0,2.220446049250313e-16
development,1,4,1,0.1,2,correlon,2000,1000,64,0.0,0.9843570890914721,0.06442628179425022,0.9979331458745517,0.032146960396344834,0.012681636878003527,3.3306690738754696e-16
development,1,4,1,0.1,2,cca_equivalent,2000,1000,64,0.0,0.9843570890914721,0.06442628179425022,0.9979331458745517,0.032146960396344834,0.012681636878003527,3.3306690738754696e-16
development,1,4,1,0.1,2,block_diagonal,2000,1000,64,0.0,0.988313703707804,0.04527523258832142,0.9989423884664603,0.02299577715081226,0.012519783655983403,3.035342609175782e-17
development,1,4,1,0.1,2,pca_rank_matched,2000,1000,64,0.0,1.0709602817203845,0.23614399882469878,0.9683530129442259,0.1257914684224931,0.15319424331708886,1.1102230246251565e-16
development,1,4,1,0.1,2,random_rank_matched,2000,1000,64,0.0,0.9852003380884825,0.05730657177270878,0.9983932542588378,0.02834383302556447,0.01212779504939376,3.885780586188048e-16
development,1,4,1,0.1,2,raw_svd,2000,1000,64,0.0,0.9843375864599047,0.0645257745967609,0.9979158145052391,0.03228146135757212,0.012722497242118493,1.6653345369377348e-16
development,1,4,1,0.1,2,full_state_oracle,2000,1000,64,0.0,1.0,0.0,1.0,0.0,0.0,2.220446049250313e-16
development,1,4,1,0.1,4,correlon,2000,1000,64,0.0,0.9840744781312614,0.06565414779624579,0.9978818390463787,0.03254351666324075,0.011738470903523424,3.3306690738754696e-16
development,1,4,1,0.1,4,cca_equivalent,2000,1000,64,0.0,0.9840744781312614,0.06565414779624579,0.9978818390463787,0.03254351666324075,0.011738470903523424,3.3306690738754696e-16
development,1,4,1,0.1,4,block_diagonal,2000,1000,64,0.0,0.988313703707804,0.04527523258832142,0.9989423884664603,0.02299577715081226,0.012519783655983403,3.035342609175782e-17
development,1,4,1,0.1,4,pca_rank_matched,2000,1000,64,0.0,0.9840744989718996,0.06565414617385668,0.9978818391543371,0.032543515833901845,0.011738471357277666,1.6653345369377348e-16
development,1,4,1,0.1,4,random_rank_matched,2000,1000,64,0.0,0.9840151268706722,0.06245700151216121,0.9981893684607512,0.030088465724000722,0.012321214901654986,3.885780586188048e-16
development,1,4,1,0.1,4,raw_svd,2000,1000,64,0.0,0.9840744781312615,0.06565414779624579,0.9978818390463787,0.03254351666324051,0.011738470903523032,2.220446049250313e-16
development,1,4,1,0.1,4,full_state_oracle,2000,1000,64,0.0,1.0,0.0,1.0,0.0,0.0,2.220446049250313e-16
development,1,4,1,0.25,1,correlon,2000,1000,64,0.0,1.0072567570478796,0.0454898091528786,0.9988670363169486,0.023800879007416797,0.018778029814743587,3.3306690738754696e-16
development,1,4,1,0.25,1,cca_equivalent,2000,1000,64,0.0,1.0072567570478796,0.0454898091528786,0.9988670363169486,0.023800879007416797,0.018778029814743587,3.3306690738754696e-16
development,1,4,1,0.25,1,block_diagonal,2000,1000,64,0.0,1.0088872166832135,0.04907562183151863,0.9983809117354274,0.028452489034990584,0.01882780191119867,1.1102230246251565e-16
development,1,4,1,0.25,1,pca_rank_matched,2000,1000,64,0.0,1.058062007495359,0.19761990443125077,0.9768101017912665,0.10767984539535144,0.12402296411652095,5.551115123125783e-17
development,1,4,1,0.25,1,random_rank_matched,2000,1000,64,0.0,1.0056369373188458,0.0658557714620675,0.9973083374571887,0.036685573069063844,0.020913972096851835,2.7755575615628914e-16
development,1,4,1,0.25,1,raw_svd,2000,1000,64,0.0,1.0071694243258567,0.046383687893843215,0.9988330426469351,0.024155303279662546,0.018769064812508576,1.8735013540549517e-16
development,1,4,1,0.25,1,full_state_oracle,2000,1000,64,0.0,1.0,0.0,1.0,0.0,0.0,1.942890293094024e-16
development,1,4,1,0.25,2,correlon,2000,1000,64,0.0,1.0068403275193,0.047943179016821894,0.9987353070856613,0.025146499898978894,0.019424042586427367,3.3306690738754696e-16
development,1,4,1,0.25,2,cca_equivalent,2000,1000,64,0.0,1.0068403275193,0.047943179016821894,0.9987353070856613,0.025146499898978894,0.019424042586427367,3.3306690738754696e-16
development,1,4,1,0.25,2,block_diagonal,2000,1000,64,0.0,1.0088872166832135,0.04907562183151863,0.9983809117354274,0.028452489034990584,0.01882780191119867,1.1102230246251565e-16
development,1,4,1,0.25,2,pca_rank_matched,2000,1000,64,0.0,1.100898192685404,0.22411436630767778,0.9736791766357088,0.1147188375208954,0.14097872713720555,3.0531133177191805e-16
development,1,4,1,0.25,2,random_rank_matched,2000,1000,64,0.0,1.0062102234264279,0.06525554336936973,0.9970269295982367,0.03855561179493319,0.01967790428056343,1.3877787807814457e-16
development,1,4,1,0.25,2,raw_svd,2000,1000,64,0.0,1.0070921959370684,0.04593396094441281,0.9987986282724771,0.0245088935646112,0.01927059227300515,2.498001805406602e-16
development,1,4,1,0.25,2,full_state_oracle,2000,1000,64,0.0,1.0,0.0,1.0,0.0,0.0,1.942890293094024e-16
development,1,4,1,0.25,4,correlon,2000,1000,64,0.0,1.0065776238823871,0.0490584731791563,0.9986364565849034,0.02611075846367349,0.019329544589124215,2.7755575615628914e-16
development,1,4,1,0.25,4,cca_equivalent,2000,1000,64,0.0,1.0065776238823871,0.0490584731791563,0.9986364565849034,0.02611075846367349,0.019329544589124215,2.7755575615628914e-16
development,1,4,1,0.25,4,block_diagonal,2000,1000,64,0.0,1.0088872166832135,0.04907562183151863,0.9983809117354274,0.028452489034990584,0.01882780191119867,1.1102230246251565e-16
development,1,4,1,0.25,4,pca_rank_matched,2000,1000,64,0.0,1.006577644513624,0.04905847256990583,0.9986364566217681,0.026110758110707972,0.019329542888697936,2.7755575615628914e-16
development,1,4,1,0.25,4,random_rank_matched,2000,1000,64,0.0,1.0044436818037,0.0706021492545277,0.9972999326617837,0.036742804317418644,0.0202387154239728,2.7755575615628914e-16
development,1,4,1,0.25,4,raw_svd,2000,1000,64,0.0,1.0065776238823865,0.049058473179156174,0.9986364565849033,0.02611075846367345,0.019329544589123636,4.996003610813204e-16
development,1,4,1,0.25,4,full_state_oracle,2000,1000,64,0.0,1.0,0.0,1.0,0.0,0.0,1.942890293094024e-16
development,1,4,1,0.5,1,correlon,2000,1000,64,0.0,0.9878248151892156,0.06143825555374761,0.9981983961655324,0.03001336231137341,0.02558428124729078,2.220446049250313e-16
development,1,4,1,0.5,1,cca_equivalent,2000,1000,64,0.0,0.9878248151892156,0.06143825555374761,0.9981983961655324,0.03001336231137341,0.02558428124729078,2.220446049250313e-16
development,1,4,1,0.5,1,block_diagonal,2000,1000,64,0.0,0.9922009906838959,0.08243337760804605,0.9966005068753572,0.041227982758333434,0.032236895169170936,2.772809868492125e-16
development,1,4,1,0.5,1,pca_rank_matched,2000,1000,64,0.0,1.0456676514650909,0.19526966267439147,0.9799832527851267,0.10004185927618818,0.09848256401057372,3.3306690738754696e-16
development,1,4,1,0.5,1,random_rank_matched,2000,1000,64,0.0,0.9794763947225354,0.12312263548505856,0.9927874663356526,0.06005220089366978,0.026461208261438517,3.0531133177191805e-16
development,1,4,1,0.5,1,raw_svd,2000,1000,64,0.0,0.9880974418682354,0.059739593236130796,0.9982824924212755,0.029304501179209044,0.02464548846080054,1.6653345369377348e-16
development,1,4,1,0.5,1,full_state_oracle,2000,1000,64,0.0,1.0,0.0,1.0,0.0,0.0,2.7755575615628914e-16
development,1,4,1,0.5,2,correlon,2000,1000,64,0.0,0.9861715984234352,0.06823703769710869,0.9977968672289251,0.03318985365344981,0.023756457276307208,4.440892098500626e-16
development,1,4,1,0.5,2,cca_equivalent,2000,1000,64,0.0,0.9861715984234352,0.06823703769710869,0.9977968672289251,0.03318985365344981,0.023756457276307208,4.440892098500626e-16
development,1,4,1,0.5,2,block_diagonal,2000,1000,64,0.0,0.9922009906838959,0.08243337760804605,0.9966005068753572,0.041227982758333434,0.032236895169170936,2.772809868492125e-16
development,1,4,1,0.5,2,pca_rank_matched,2000,1000,64,0.0,1.0656557124602637,0.23681570681299532,0.9696473229328006,0.12319228276803593,0.17613122801349,3.3306690738754696e-16
development,1,4,1,0.5,2,random_rank_matched,2000,1000,64,0.0,0.9816422660684858,0.11150892105933216,0.9939457616773721,0.055019261729997056,0.028352416396590117,2.220446049250313e-16
development,1,4,1,0.5,2,raw_svd,2000,1000,64,0.0,0.9861852889565513,0.06799635795282147,0.9978233112150163,0.03299006505740524,0.023480647015670243,2.220446049250313e-16
development,1,4,1,0.5,2,full_state_oracle,2000,1000,64,0.0,1.0,0.0,1.0,0.0,0.0,2.7755575615628914e-16
development,1,4,1,0.5,4,correlon,2000,1000,64,0.0,0.9855179076580307,0.07039992248291659,0.9977282016353715,0.03370310345226766,0.02279972573932086,2.220446049250313e-16
development,1,4,1,0.5,4,cca_equivalent,2000,1000,64,0.0,0.9855179076580307,0.07039992248291659,0.9977282016353715,0.03370310345226766,0.02279972573932086,2.220446049250313e-16
development,1,4,1,0.5,4,block_diagonal,2000,1000,64,0.0,0.9922009906838959,0.08243337760804605,0.9966005068753572,0.041227982758333434,0.032236895169170936,2.772809868492125e-16
development,1,4,1,0.5,4,pca_rank_matched,2000,1000,64,0.0,0.9855179287347374,0.07039992036411419,0.9977282017885374,0.03370310231612628,0.022799723210996013,8.326672684688674e-16
development,1,4,1,0.5,4,random_rank_matched,2000,1000,64,0.0,0.983484301716793,0.10012462720254707,0.9948866813411962,0.050563418885612554,0.022618583527939634,4.718447854656915e-16
development,1,4,1,0.5,4,raw_svd,2000,1000,64,0.0,0.9855179076580303,0.07039992248291699,0.9977282016353715,0.03370310345226788,0.022799725739320882,3.885780586188048e-16
development,1,4,1,0.5,4,full_state_oracle,2000,1000,64,0.0,1.0,0.0,1.0,0.0,0.0,2.7755575615628914e-16
development,1,4,1,1.0,1,correlon,2000,1000,64,0.0,0.9880529598186416,0.04830697770085363,0.9990079471766613,0.02227165040290754,0.007830903752083925,3.3306690738754696e-16
development,1,4,1,1.0,1,cca_equivalent,2000,1000,64,0.0,0.9880529598186416,0.04830697770085363,0.9990079471766613,0.02227165040290754,0.007830903752083925,3.3306690738754696e-16
development,1,4,1,1.0,1,block_diagonal,2000,1000,64,0.0,1.0013357071948026,0.12373839844691292,0.9933295097485059,0.05775158115365392,0.017648510463494707,9.771947100005123e-17
development,1,4,1,1.0,1,pca_rank_matched,2000,1000,64,0.0,1.053780176413367,0.22614268851952524,0.9737022968126161,0.11466844201301397,0.1672300550655609,1.6653345369377348e-16
development,1,4,1,1.0,1,random_rank_matched,2000,1000,64,0.0,0.9736119184635253,0.1693757000966563,0.9887387579899187,0.0750374640099239,0.019362125140189985,2.7755575615628914e-16
development,1,4,1,1.0,1,raw_svd,2000,1000,64,0.0,0.9879513239628337,0.04859357532748875,0.9990111568068514,0.022235593011527194,0.007772093419549691,3.885780586188048e-16
development,1,4,1,1.0,1,full_state_oracle,2000,1000,64,0.0,1.0,0.0,1.0,0.0,0.0,2.220446049250313e-16
development,1,4,1,1.0,2,correlon,2000,1000,64,0.0,0.9868745620373501,0.052957510462412524,0.9987855939796755,0.024641489609239,0.011100654896478723,3.3306690738754696e-16
development,1,4,1,1.0,2,cca_equivalent,2000,1000,64,0.0,0.9868745620373501,0.052957510462412524,0.9987855939796755,0.024641489609239,0.011100654896478723,3.3306690738754696e-16
development,1,4,1,1.0,2,block_diagonal,2000,1000,64,0.0,1.0013357071948026,0.12373839844691292,0.9933295097485059,0.05775158115365392,0.017648510463494707,9.771947100005123e-17
development,1,4,1,1.0,2,pca_rank_matched,2000,1000,64,0.0,1.0750384302005092,0.2179307472525262,0.9742740678085589,0.11341501706441083,0.16770167887763043,2.220446049250313e-16
development,1,4,1,1.0,2,random_rank_matched,2000,1000,64,0.0,0.983977554618933,0.1499716319978086,0.9897914140996492,0.07144433462616476,0.020624183348014708,1.6653345369377348e-16
development,1,4,1,1.0,2,raw_svd,2000,1000,64,0.0,0.9869461295710915,0.05318768298044267,0.9987794401794864,0.024703844038059964,0.011397462821968478,4.3368086899420177e-16
development,1,4,1,1.0,2,full_state_oracle,2000,1000,64,0.0,1.0,0.0,1.0,0.0,0.0,2.220446049250313e-16
development,1,4,1,1.0,4,correlon,2000,1000,64,0.0,0.9863564334945377,0.05530239065184186,0.9986283506173477,0.026188254835444697,0.009857013817167233,3.3306690738754696e-16
development,1,4,1,1.0,4,cca_equivalent,2000,1000,64,0.0,0.9863564334945377,0.05530239065184186,0.9986283506173477,0.026188254835444697,0.009857013817167233,3.3306690738754696e-16
development,1,4,1,1.0,4,block_diagonal,2000,1000,64,0.0,1.0013357071948026,0.12373839844691292,0.9933295097485059,0.05775158115365392,0.017648510463494707,9.771947100005123e-17
development,1,4,1,1.0,4,pca_rank_matched,2000,1000,64,0.0,0.9863564546521219,0.05530239004797199,0.9986283506528892,0.02618825449615513,0.0098570136113571,5.551115123125783e-16
development,1,4,1,1.0,4,random_rank_matched,2000,1000,64,0.0,0.9873070218151423,0.11657068545449477,0.9930780696312833,0.05882996842051124,0.01775364795754027,2.7755575615628914e-16
development,1,4,1,1.0,4,raw_svd,2000,1000,64,0.0,0.9863564334945384,0.05530239065184145,0.9986283506173477,0.0261882548354446,0.009857013817166575,2.498001805406602e-16
development,1,4,1,1.0,4,full_state_oracle,2000,1000,64,0.0,1.0,0.0,1.0,0.0,0.0,2.220446049250313e-16
development,1,4,2,0.1,1,correlon,2000,1000,64,0.0,0.9795459818109239,0.051012490842206715,0.998785571513577,0.02464171753777428,0.015034880096685257,9.71445146547012e-17
development,1,4,2,0.1,1,cca_equivalent,2000,1000,64,0.0,0.9795459818109239,0.051012490842206715,0.998785571513577,0.02464171753777428,0.015034880096685257,9.71445146547012e-17
development,1,4,2,0.1,1,block_diagonal,2000,1000,64,0.0,0.9805387402901479,0.045480360899884525,0.9991036754306853,0.021169843756091565,0.014723099472857935,1.413794648970253e-16
development,1,4,2,0.1,1,pca_rank_matched,2000,1000,64,0.0,1.0378344390112808,0.19827538392641647,0.9801807802376585,0.09954702346715737,0.1137185186836609,2.7755575615628914e-16
development,1,4,2,0.1,1,random_rank_matched,2000,1000,64,0.0,0.978643673723612,0.05833525214789166,0.9985556861315199,0.026872977770244295,0.01516107939928903,4.440892098500626e-16
development,1,4,2,0.1,1,raw_svd,2000,1000,64,0.0,0.9795222611408796,0.051058124887626836,0.9987889725661862,0.024607188317784693,0.014971268414708153,4.440892098500626e-16
development,1,4,2,0.1,1,full_state_oracle,2000,1000,64,0.0,1.0,0.0,1.0,0.0,0.0,1.1102230246251565e-16
development,1,4,2,0.1,2,correlon,2000,1000,64,0.0,0.9786890737181833,0.05374465477190139,0.998610942419167,0.026353914138443645,0.01507291128597963,2.7755575615628914e-16
development,1,4,2,0.1,2,cca_equivalent,2000,1000,64,0.0,0.9786890737181833,0.05374465477190139,0.998610942419167,0.026353914138443645,0.01507291128597963,2.7755575615628914e-16
development,1,4,2,0.1,2,block_diagonal,2000,1000,64,0.0,0.9805387402901479,0.045480360899884525,0.9991036754306853,0.021169843756091565,0.014723099472857935,1.413794648970253e-16
development,1,4,2,0.1,2,pca_rank_matched,2000,1000,64,0.0,1.0611204000645842,0.23009610753466989,0.9722934195640489,0.11770000092597939,0.1600582857127549,1.6653345369377348e-16
development,1,4,2,0.1,2,random_rank_matched,2000,1000,64,0.0,0.9775684399055671,0.06166738244630818,0.9984810004350859,0.027559023612186314,0.015943522709354275,1.1102230246251565e-16
development,1,4,2,0.1,2,raw_svd,2000,1000,64,0.0,0.9787138661999896,0.053407931577519746,0.9986282597301774,0.026189122454012684,0.015121135622299938,2.7755575615628914e-16
development,1,4,2,0.1,2,full_state_oracle,2000,1000,64,0.0,1.0,0.0,1.0,0.0,0.0,1.1102230246251565e-16
development,1,4,2,0.1,4,correlon,2000,1000,64,0.0,0.978329350966308,0.054571102683736515,0.9985613091897132,0.02682061530135742,0.015413411123546581,1.113475631142613e-16
development,1,4,2,0.1,4,cca_equivalent,2000,1000,64,0.0,0.978329350966308,0.054571102683736515,0.9985613091897132,0.02682061530135742,0.015413411123546581,1.113475631142613e-16
development,1,4,2,0.1,4,block_diagonal,2000,1000,64,0.0,0.9805387402901479,0.045480360899884525,0.9991036754306853,0.021169843756091565,0.014723099472857935,1.413794648970253e-16
development,1,4,2,0.1,4,pca_rank_matched,2000,1000,64,0.0,0.9783293717115636,0.05457110142720842,0.9985613092576322,0.026820614668271663,0.015413407606018748,2.498001805406602e-16
development,1,4,2,0.1,4,random_rank_matched,2000,1000,64,0.0,0.9774369804188161,0.06259841244517732,0.99832600264607,0.02893092941757999,0.016147584114573135,1.6653345369377348e-16
development,1,4,2,0.1,4,raw_svd,2000,1000,64,0.0,0.9783293509663077,0.0545711026837359,0.9985613091897132,0.026820615301357043,0.015413411123545736,2.220446049250313e-16
development,1,4,2,0.1,4,full_state_oracle,2000,1000,64,0.0,1.0,0.0,1.0,0.0,0.0,1.1102230246251565e-16
development,1,4,2,0.25,1,correlon,2000,1000,64,0.0,0.9906212439810856,0.06482006849888321,0.9979521488778755,0.03199883687045868,0.01508714146948064,2.498001805406602e-16
development,1,4,2,0.25,1,cca_equivalent,2000,1000,64,0.0,0.9906212439810856,0.06482006849888321,0.9979521488778755,0.03199883687045868,0.01508714146948064,2.498001805406602e-16
development,1,4,2,0.25,1,block_diagonal,2000,1000,64,0.0,0.9965449923857638,0.056488003454190805,0.9985212848471186,0.027191130473754023,0.008997006191592175,2.220446049250313e-16
development,1,4,2,0.25,1,pca_rank_matched,2000,1000,64,0.0,1.0392124781380185,0.20182991188840005,0.977699088620148,0.10559571814200644,0.14992614266096593,2.7755575615628914e-16
development,1,4,2,0.25,1,random_rank_matched,2000,1000,64,0.0,0.9913737174561288,0.07261454328264837,0.9976894394216396,0.033989414369479505,0.01536228462765566,8.326672684688674e-17
development,1,4,2,0.25,1,raw_svd,2000,1000,64,0.0,0.9915219496699815,0.06322982755012346,0.9979059368558003,0.03235786723657511,0.012312613136879275,1.6653345369377348e-16
development,1,4,2,0.25,1,full_state_oracle,2000,1000,64,0.0,1.0,0.0,1.0,0.0,0.0,4.440892098500626e-16
development,1,4,2,0.25,2,correlon,2000,1000,64,0.0,0.9879848173551162,0.06412850114994921,0.9979996385504915,0.031625633981854466,0.01617466364488448,1.6653345369377348e-16
development,1,4,2,0.25,2,cca_equivalent,2000,1000,64,0.0,0.9879848173551162,0.06412850114994921,0.9979996385504915,0.031625633981854466,0.01617466364488448,1.6653345369377348e-16
development,1,4,2,0.25,2,block_diagonal,2000,1000,64,0.0,0.9965449923857638,0.056488003454190805,0.9985212848471186,0.027191130473754023,0.008997006191592175,2.220446049250313e-16
development,1,4,2,0.25,2,pca_rank_matched,2000,1000,64,0.0,1.0737676365807414,0.23707777682264802,0.9712887174673085,0.1198150293842377,0.19000985169372286,2.220446049250313e-16
development,1,4,2,0.25,2,random_rank_matched,2000,1000,64,0.0,0.9855986918445101,0.09063008497688735,0.9960741059188355,0.04430515817128085,0.025416552516763776,5.273559366969494e-16
development,1,4,2,0.25,2,raw_svd,2000,1000,64,0.0,0.9881980608849262,0.06311821214105282,0.9980634749580115,0.031116916958371925,0.016416751286995115,3.885780586188048e-16
development,1,4,2,0.25,2,full_state_oracle,2000,1000,64,0.0,1.0,0.0,1.0,0.0,0.0,4.440892098500626e-16
development,1,4,2,0.25,4,correlon,2000,1000,64,0.0,0.9869768479306129,0.06780887130252186,0.9977982631793201,0.03317933709916433,0.01576881101109437,2.220446049250313e-16
development,1,4,2,0.25,4,cca_equivalent,2000,1000,64,0.0,0.9869768479306129,0.06780887130252186,0.9977982631793201,0.03317933709916433,0.01576881101109437,2.220446049250313e-16
development,1,4,2,0.25,4,block_diagonal,2000,1000,64,0.0,0.9965449923857638,0.056488003454190805,0.9985212848471186,0.027191130473754023,0.008997006191592175,2.220446049250313e-16
development,1,4,2,0.25,4,pca_rank_matched,2000,1000,64,0.0,0.9869768686828856,0.06780887019261272,0.9977982632600979,0.033179336490518886,0.01576880813188314,2.498001805406602e-16
development,1,4,2,0.25,4,random_rank_matched,2000,1000,64,0.0,0.9871817313625684,0.08561673591799716,0.9969202299838663,0.039241368580451456,0.01780753981156459,1.1102230246251565e-16
development,1,4,2,0.25,4,raw_svd,2000,1000,64,0.0,0.986976847930615,0.06780887130252101,0.9977982631793201,0.0331793370991639,0.01576881101109464,1.6653345369377348e-16
development,1,4,2,0.25,4,full_state_oracle,2000,1000,64,0.0,1.0,0.0,1.0,0.0,0.0,4.440892098500626e-16
development,1,4,2,0.5,1,correlon,2000,1000,64,0.0,1.0137848343701632,0.0713698544322447,0.9977370802862102,0.03363717968104534,0.022839081695259264,5.134781488891349e-16
development,1,4,2,0.5,1,cca_equivalent,2000,1000,64,0.0,1.0137848343701632,0.0713698544322447,0.9977370802862102,0.03363717968104534,0.022839081695259264,5.134781488891349e-16
development,1,4,2,0.5,1,block_diagonal,2000,1000,64,0.0,1.0240186359270764,0.08372308583473943,0.9966502234290304,0.04092539902658,0.01558600015658576,2.220446049250313e-16
development,1,4,2,0.5,1,pca_rank_matched,2000,1000,64,0.0,1.0620590829154015,0.1997652310210283,0.9774787420633781,0.10611611078583173,0.08732635067514485,1.1102230246251565e-16
development,1,4,2,0.5,1,random_rank_matched,2000,1000,64,0.0,1.007690934509828,0.10445453726074007,0.9957089006846782,0.04632007834256027,0.020681839197147816,2.220446049250313e-16
development,1,4,2,0.5,1,raw_svd,2000,1000,64,0.0,1.0135349754709673,0.07352509480998366,0.9976520766629268,0.03426312403352342,0.023058113089206994,3.0531133177191805e-16
development,1,4,2,0.5,1,full_state_oracle,2000,1000,64,0.0,1.0,0.0,1.0,0.0,0.0,5.551115123125783e-16
development,1,4,2,0.5,2,correlon,2000,1000,64,0.0,1.0114905152194864,0.06278014828832487,0.9983296087401755,0.0288997513814953,0.01305489362495675,1.1102230246251565e-16
development,1,4,2,0.5,2,cca_equivalent,2000,1000,64,0.0,1.0114905152194864,0.06278014828832487,0.9983296087401755,0.0288997513814953,0.01305489362495675,1.1102230246251565e-16
development,1,4,2,0.5,2,block_diagonal,2000,1000,64,0.0,1.0240186359270764,0.08372308583473943,0.9966502234290304,0.04092539902658,0.01558600015658576,2.220446049250313e-16
development,1,4,2,0.5,2,pca_rank_matched,2000,1000,64,0.0,1.1126679032017135,0.2153671002109233,0.9752942201591468,0.11114355546061414,0.19900378619146894,1.1102230246251565e-16
development,1,4,2,0.5,2,random_rank_matched,2000,1000,64,0.0,1.0008872042968406,0.13701506230118907,0.9923493355798347,0.06184927008528578,0.012519720209012994,2.220446049250313e-16
development,1,4,2,0.5,2,raw_svd,2000,1000,64,0.0,1.0115196030600726,0.06283534595278348,0.9983408422339259,0.02880241106291345,0.012628744174894726,3.191891195797325e-16
development,1,4,2,0.5,2,full_state_oracle,2000,1000,64,0.0,1.0,0.0,1.0,0.0,0.0,5.551115123125783e-16
development,1,4,2,0.5,4,correlon,2000,1000,64,0.0,1.0102601850753357,0.06440337005305713,0.9982459776832068,0.029614374185463036,0.019725299256972313,3.3306690738754696e-16
development,1,4,2,0.5,4,cca_equivalent,2000,1000,64,0.0,1.0102601850753357,0.06440337005305713,0.9982459776832068,0.029614374185463036,0.019725299256972313,3.3306690738754696e-16
development,1,4,2,0.5,4,block_diagonal,2000,1000,64,0.0,1.0240186359270764,0.08372308583473943,0.9966502234290304,0.04092539902658,0.01558600015658576,2.220446049250313e-16
development,1,4,2,0.5,4,pca_rank_matched,2000,1000,64,0.0,1.0102602057312282,0.0644033698028448,0.9982459777069211,0.02961437398526939,0.019725296243414212,3.3306690738754696e-16
development,1,4,2,0.5,4,random_rank_matched,2000,1000,64,0.0,0.9954217067044429,0.14140331445872473,0.9917779926134125,0.06411710920880467,0.018245602210890277,7.771561172376096e-16
development,1,4,2,0.5,4,raw_svd,2000,1000,64,0.0,1.0102601850753354,0.0644033700530577,0.9982459776832068,0.029614374185463255,0.019725299256972133,3.885780586188048e-16
development,1,4,2,0.5,4,full_state_oracle,2000,1000,64,0.0,1.0,0.0,1.0,0.0,0.0,5.551115123125783e-16
development,1,4,2,1.0,1,correlon,2000,1000,64,0.0,1.0081718670937245,0.1264389978322806,0.9940057365460739,0.05474606585831525,0.034103362571939404,4.440892098500626e-16
development,1,4,2,1.0,1,cca_equivalent,2000,1000,64,0.0,1.0081718670937245,0.1264389978322806,0.9940057365460739,0.05474606585831525,0.034103362571939404,4.440892098500626e-16
development,1,4,2,1.0,1,block_diagonal,2000,1000,64,0.0,1.0177541670608363,0.15255211208619976,0.9906956718245306,0.06820677450029983,0.03072243351749164,2.220446049250313e-16
development,1,4,2,1.0,1,pca_rank_matched,2000,1000,64,0.0,1.0649489471353981,0.21678180190276136,0.9770289787893036,0.10717047450369993,0.11170928935070962,4.996003610813204e-16
development,1,4,2,1.0,1,random_rank_matched,2000,1000,64,0.0,0.9868823819519477,0.20913174160999526,0.9843174270147321,0.08855103891335189,0.021799565234958008,2.8449465006019636e-16
development,1,4,2,1.0,1,raw_svd,2000,1000,64,0.0,1.0087828700695711,0.12858074379544424,0.9939581659434703,0.05496286954176319,0.03782395277164341,5.551115123125783e-16
development,1,4,2,1.0,1,full_state_oracle,2000,1000,64,0.0,1.0,0.0,1.0,0.0,0.0,5.551115123125783e-16
development,1,4,2,1.0,2,correlon,2000,1000,64,0.0,1.003076702375258,0.06053936330390135,0.9983164282079235,0.02901354676764258,0.0164284066111988,4.163336342344337e-16
development,1,4,2,1.0,2,cca_equivalent,2000,1000,64,0.0,1.003076702375258,0.06053936330390135,0.9983164282079235,0.02901354676764258,0.0164284066111988,4.163336342344337e-16
development,1,4,2,1.0,2,block_diagonal,2000,1000,64,0.0,1.0177541670608363,0.15255211208619976,0.9906956718245306,0.06820677450029983,0.03072243351749164,2.220446049250313e-16
development,1,4,2,1.0,2,pca_rank_matched,2000,1000,64,0.0,1.0918874412061128,0.2009885218273268,0.9808359126056122,0.0978879139485252,0.13665483907825854,1.6653345369377348e-16
development,1,4,2,1.0,2,random_rank_matched,2000,1000,64,0.0,0.9678768729483588,0.23213169521849372,0.9772291551233045,0.1067024949958891,0.028374724837339153,3.885780586188048e-16
development,1,4,2,1.0,2,raw_svd,2000,1000,64,0.0,1.0028640477334891,0.061592280574006356,0.9982453061198645,0.029620042877546937,0.01670200170944196,2.220446049250313e-16
development,1,4,2,1.0,2,full_state_oracle,2000,1000,64,0.0,1.0,0.0,1.0,0.0,0.0,5.551115123125783e-16
development,1,4,2,1.0,4,correlon,2000,1000,64,0.0,1.0013368617788858,0.06606981089274573,0.998027199012128,0.03140701345139346,0.011620821720674204,2.220446049250313e-16
development,1,4,2,1.0,4,cca_equivalent,2000,1000,64,0.0,1.0013368617788858,0.06606981089274573,0.998027199012128,0.03140701345139346,0.011620821720674204,2.220446049250313e-16
development,1,4,2,1.0,4,block_diagonal,2000,1000,64,0.0,1.0177541670608363,0.15255211208619976,0.9906956718245306,0.06820677450029983,0.03072243351749164,2.220446049250313e-16
development,1,4,2,1.0,4,pca_rank_matched,2000,1000,64,0.0,1.0013368828316243,0.06606981117674046,0.9980271990129896,0.031407013444534074,0.011620821811518496,8.326672684688674e-16
development,1,4,2,1.0,4,random_rank_matched,2000,1000,64,0.0,0.9649799848628186,0.2538020191854097,0.9744001418822184,0.11313677147104215,0.030763262466134846,3.608224830031759e-16
development,1,4,2,1.0,4,raw_svd,2000,1000,64,0.0,1.001336861778885,0.06606981089274536,0.998027199012128,0.03140701345139319,0.011620821720674624,1.249000902703301e-16
development,1,4,2,1.0,4,full_state_oracle,2000,1000,64,0.0,1.0,0.0,1.0,0.0,0.0,5.551115123125783e-16
development,1,4,4,0.1,1,correlon,2000,1000,64,0.0,1.0065411424576227,0.056312267416072405,0.9986847070562207,0.025644618770604984,0.012294055322642286,1.8041124150158794e-16
development,1,4,4,0.1,1,cca_equivalent,2000,1000,64,0.0,1.0065411424576227,0.056312267416072405,0.9986847070562207,0.025644618770604984,0.012294055322642286,1.8041124150158794e-16
development,1,4,4,0.1,1,block_diagonal,2000,1000,64,0.0,1.0076063644203643,0.05517030370242155,0.9986371769596385,0.02610386025439058,0.011686006869863583,2.220446049250313e-16
development,1,4,4,0.1,1,pca_rank_matched,2000,1000,64,0.0,1.0739195938369075,0.1954416961203502,0.980488826161437,0.09877037470457194,0.09300708965539248,3.0531133177191805e-16
development,1,4,4,0.1,1,random_rank_matched,2000,1000,64,0.0,1.0052266958464553,0.06732882259386691,0.9980218631619523,0.031449458167412035,0.013578821027204712,3.3306690738754696e-16
development,1,4,4,0.1,1,raw_svd,2000,1000,64,0.0,1.0065499428588294,0.056327800337243786,0.9986977599469695,0.02551705364095097,0.012285400862016092,2.220446049250313e-16
development,1,4,4,0.1,1,full_state_oracle,2000,1000,64,0.0,1.0,0.0,1.0,0.0,0.0,2.220446049250313e-16
development,1,4,4,0.1,2,correlon,2000,1000,64,0.0,1.0061352612908525,0.05621433589473931,0.9986826858036922,0.02566431565722963,0.012501890534663843,3.885780586188048e-16
development,1,4,4,0.1,2,cca_equivalent,2000,1000,64,0.0,1.0061352612908525,0.05621433589473931,0.9986826858036922,0.02566431565722963,0.012501890534663843,3.885780586188048e-16
development,1,4,4,0.1,2,block_diagonal,2000,1000,64,0.0,1.0076063644203643,0.05517030370242155,0.9986371769596385,0.02610386025439058,0.011686006869863583,2.220446049250313e-16
development,1,4,4,0.1,2,pca_rank_matched,2000,1000,64,0.0,1.0952834021177478,0.2314337358414968,0.9722156859343603,0.11786499494260311,0.1511936277016545,2.220446049250313e-16
development,1,4,4,0.1,2,random_rank_matched,2000,1000,64,0.0,1.005466023443904,0.06187578520270759,0.9984003095405105,0.028281535137697107,0.013165772959109898,2.220446049250313e-16
development,1,4,4,0.1,2,raw_svd,2000,1000,64,0.0,1.0061597592190843,0.05623653823179196,0.9986900287714376,0.025592686734323605,0.012481290829646788,2.220446049250313e-16
development,1,4,4,0.1,2,full_state_oracle,2000,1000,64,0.0,1.0,0.0,1.0,0.0,0.0,2.220446049250313e-16
development,1,4,4,0.1,4,correlon,2000,1000,64,0.0,1.0058706227828074,0.05681196156828592,0.9986794865737977,0.025695460943543365,0.012707935213830977,2.220446049250313e-16
development,1,4,4,0.1,4,cca_equivalent,2000,1000,64,0.0,1.0058706227828074,0.05681196156828592,0.9986794865737977,0.025695460943543365,0.012707935213830977,2.220446049250313e-16
development,1,4,4,0.1,4,block_diagonal,2000,1000,64,0.0,1.0076063644203643,0.05517030370242155,0.9986371769596385,0.02610386025439058,0.011686006869863583,2.220446049250313e-16
development,1,4,4,0.1,4,pca_rank_matched,2000,1000,64,0.0,1.0058706437847833,0.056811959218217765,0.99867948669144,0.02569545979896028,0.012707932632737173,4.440892098500626e-16
development,1,4,4,0.1,4,random_rank_matched,2000,1000,64,0.0,1.0045992723227062,0.0697061744419389,0.998011721945671,0.03152997030072396,0.013961442498363529,3.3306690738754696e-16
development,1,4,4,0.1,4,raw_svd,2000,1000,64,0.0,1.0058706227828074,0.056811961568285704,0.9986794865737977,0.02569546094354329,0.012707935213830825,3.0531133177191805e-16
development,1,4,4,0.1,4,full_state_oracle,2000,1000,64,0.0,1.0,0.0,1.0,0.0,0.0,2.220446049250313e-16
development,1,4,4,0.25,1,correlon,2000,1000,64,0.0,0.9949712577460503,0.06542521867682267,0.9980997031053589,0.03082447805430908,0.027023841463214526,1.6653345369377348e-16
development,1,4,4,0.25,1,cca_equivalent,2000,1000,64,0.0,0.9949712577460503,0.06542521867682267,0.9980997031053589,0.03082447805430908,0.027023841463214526,1.6653345369377348e-16
development,1,4,4,0.25,1,block_diagonal,2000,1000,64,0.0,0.9973548489924521,0.06800529734797582,0.9978749285522436,0.0325965600006842,0.02561194655275656,1.5736336785166043e-16
development,1,4,4,0.25,1,pca_rank_matched,2000,1000,64,0.0,1.0580314037335385,0.2024551448028421,0.9791691258720567,0.10205604863981196,0.09426584004479165,3.191891195797325e-16
development,1,4,4,0.25,1,random_rank_matched,2000,1000,64,0.0,0.9941693073621369,0.07307139782304117,0.9978023376667031,0.03314862239442868,0.027162659800266643,5.551115123125783e-16
development,1,4,4,0.25,1,raw_svd,2000,1000,64,0.0,0.9955400784064947,0.06474107249356018,0.9981461425844464,0.030445503900852215,0.026040231997751517,1.6653345369377348e-16
development,1,4,4,0.25,1,full_state_oracle,2000,1000,64,0.0,1.0,0.0,1.0,0.0,0.0,3.191891195797325e-16
development,1,4,4,0.25,2,correlon,2000,1000,64,0.0,0.9939477978654742,0.06171324989687674,0.9984180633865793,0.028124158773380134,0.027780797168309,1.942890293094024e-16
development,1,4,4,0.25,2,cca_equivalent,2000,1000,64,0.0,0.9939477978654742,0.06171324989687674,0.9984180633865793,0.028124158773380134,0.027780797168309,1.942890293094024e-16
development,1,4,4,0.25,2,block_diagonal,2000,1000,64,0.0,0.9973548489924521,0.06800529734797582,0.9978749285522436,0.0325965600006842,0.02561194655275656,1.5736336785166043e-16
development,1,4,4,0.25,2,pca_rank_matched,2000,1000,64,0.0,1.0729231485406132,0.23735431431927795,0.9716879469753692,0.11897910115778897,0.16609367561855368,2.7755575615628914e-16
development,1,4,4,0.25,2,random_rank_matched,2000,1000,64,0.0,0.9925327410086592,0.08416387351990573,0.9965485665720625,0.04154174664080433,0.027851196185854715,3.86843335142828e-16
development,1,4,4,0.25,2,raw_svd,2000,1000,64,0.0,0.9939378252577827,0.0613271031932113,0.9984476000719376,0.027860365468371354,0.027441292874093068,1.6653345369377348e-16
development,1,4,4,0.25,2,full_state_oracle,2000,1000,64,0.0,1.0,0.0,1.0,0.0,0.0,3.191891195797325e-16
development,1,4,4,0.25,4,correlon,2000,1000,64,0.0,0.9916055843102394,0.06228714640211151,0.9982714639492057,0.02939843576446129,0.02762713225837303,4.440892098500626e-16
development,1,4,4,0.25,4,cca_equivalent,2000,1000,64,0.0,0.9916055843102394,0.06228714640211151,0.9982714639492057,0.02939843576446129,0.02762713225837303,4.440892098500626e-16
development,1,4,4,0.25,4,block_diagonal,2000,1000,64,0.0,0.9973548489924521,0.06800529734797582,0.9978749285522436,0.0325965600006842,0.02561194655275656,1.5736336785166043e-16
development,1,4,4,0.25,4,pca_rank_matched,2000,1000,64,0.0,0.9916056055611018,0.062287143475102794,0.9982714641132331,0.029398434369596677,0.027627128145132338,1.942890293094024e-16
development,1,4,4,0.25,4,random_rank_matched,2000,1000,64,0.0,0.9879185039820594,0.10266830270874712,0.9956546008212878,0.04661222574986209,0.029263680395009685,5.551115123125783e-16
development,1,4,4,0.25,4,raw_svd,2000,1000,64,0.0,0.9916055843102396,0.062287146402111235,0.9982714639492059,0.029398435764461193,0.027627132258372482,5.551115123125783e-16
development,1,4,4,0.25,4,full_state_oracle,2000,1000,64,0.0,1.0,0.0,1.0,0.0,0.0,3.191891195797325e-16
development,1,4,4,0.5,1,correlon,2000,1000,64,0.0,0.9954844081072909,0.10220610411003478,0.9956463435244685,0.0466564919144776,0.013616825997901282,1.3877787807814457e-16
development,1,4,4,0.5,1,cca_equivalent,2000,1000,64,0.0,0.9954844081072909,0.10220610411003478,0.9956463435244685,0.0466564919144776,0.013616825997901282,1.3877787807814457e-16
development,1,4,4,0.5,1,block_diagonal,2000,1000,64,0.0,0.9997616844798995,0.11380498599800168,0.9941297860351264,0.05417662763994034,0.01427170944551016,2.220446049250329e-16
development,1,4,4,0.5,1,pca_rank_matched,2000,1000,64,0.0,1.0457727326991353,0.1981354885464902,0.9799454705046232,0.10013623094409138,0.0932177302819806,1.1102230246251565e-16
development,1,4,4,0.5,1,random_rank_matched,2000,1000,64,0.0,0.9929292831719237,0.1178175959191685,0.9936165473020833,0.056495365729928415,0.010815549505478075,3.469446951953614e-16
development,1,4,4,0.5,1,raw_svd,2000,1000,64,0.0,0.995392267334635,0.10402324026376124,0.9955883933597401,0.04696598045532459,0.012661797423018123,3.885780586188048e-16
development,1,4,4,0.5,1,full_state_oracle,2000,1000,64,0.0,1.0,0.0,1.0,0.0,0.0,5.551115123125783e-16
development,1,4,4,0.5,2,correlon,2000,1000,64,0.0,0.9929528146334832,0.08932347830742521,0.9967885556255954,0.04007146350212655,0.017189357979247335,3.885780586188048e-16
development,1,4,4,0.5,2,cca_equivalent,2000,1000,64,0.0,0.9929528146334832,0.08932347830742521,0.9967885556255954,0.04007146350212655,0.017189357979247335,3.885780586188048e-16
development,1,4,4,0.5,2,block_diagonal,2000,1000,64,0.0,0.9997616844798995,0.11380498599800168,0.9941297860351264,0.05417662763994034,0.01427170944551016,2.220446049250329e-16
development,1,4,4,0.5,2,pca_rank_matched,2000,1000,64,0.0,1.1012721786841313,0.21265389297859644,0.9770711334862484,0.10707209373536987,0.1584862943907176,3.0531133177191805e-16
development,1,4,4,0.5,2,random_rank_matched,2000,1000,64,0.0,0.9864130030610925,0.13875282778665482,0.9909172355940771,0.06738977817860427,0.009757488092794309,5.273559366969494e-16
development,1,4,4,0.5,2,raw_svd,2000,1000,64,0.0,0.9931431415610893,0.09075713125992324,0.9967926707244446,0.040045781772587594,0.015508911144484728,5.412337245047638e-16
development,1,4,4,0.5,2,full_state_oracle,2000,1000,64,0.0,1.0,0.0,1.0,0.0,0.0,5.551115123125783e-16
development,1,4,4,0.5,4,correlon,2000,1000,64,0.0,0.9922800283458129,0.06233581418751947,0.9983628590036022,0.028610671054675896,0.018706556016286516,3.3306690738754696e-16
development,1,4,4,0.5,4,cca_equivalent,2000,1000,64,0.0,0.9922800283458129,0.06233581418751947,0.9983628590036022,0.028610671054675896,0.018706556016286516,3.3306690738754696e-16
development,1,4,4,0.5,4,block_diagonal,2000,1000,64,0.0,0.9997616844798995,0.11380498599800168,0.9941297860351264,0.05417662763994034,0.01427170944551016,2.220446049250329e-16
development,1,4,4,0.5,4,pca_rank_matched,2000,1000,64,0.0,0.9922800489709781,0.06233581492186561,0.9983628589571085,0.028610671460937702,0.018706556196203688,2.7755575615628914e-16
development,1,4,4,0.5,4,random_rank_matched,2000,1000,64,0.0,0.9816114081761145,0.1458950996870673,0.9899864228615931,0.07075866426949749,0.009520508371897246,1.1102230246251565e-16
development,1,4,4,0.5,4,raw_svd,2000,1000,64,0.0,0.9922800283458141,0.06233581418751958,0.9983628590036022,0.028610671054675976,0.018706556016285777,3.885780586188048e-16
development,1,4,4,0.5,4,full_state_oracle,2000,1000,64,0.0,1.0,0.0,1.0,0.0,0.0,5.551115123125783e-16
development,1,4,4,1.0,1,correlon,2000,1000,64,0.0,0.9971192555719544,0.18761430737595866,0.986937798651728,0.08081522550940506,0.02261790847785737,1.942890293094024e-16
development,1,4,4,1.0,1,cca_equivalent,2000,1000,64,0.0,0.9971192555719544,0.18761430737595866,0.986937798651728,0.08081522550940506,0.02261790847785737,1.942890293094024e-16
development,1,4,4,1.0,1,block_diagonal,2000,1000,64,0.0,1.0149107888081785,0.2111649913320849,0.9812149633143488,0.09691500576704114,0.00902545334590224,3.0060558564597016e-17
development,1,4,4,1.0,1,pca_rank_matched,2000,1000,64,0.0,1.030699889481681,0.2112286576632519,0.9794720214064412,0.10131134831192108,0.10542707855176854,1.6653345369377348e-16
development,1,4,4,1.0,1,random_rank_matched,2000,1000,64,0.0,0.9691545422726857,0.261075196105808,0.9703827954620406,0.12169060057777543,0.04035892285537447,8.326672684688674e-16
development,1,4,4,1.0,1,raw_svd,2000,1000,64,0.0,0.9964142239422926,0.18864299512895835,0.9867781916101155,0.08130746703066204,0.019683878173520384,3.0531133177191805e-16
development,1,4,4,1.0,1,full_state_oracle,2000,1000,64,0.0,1.0,0.0,1.0,0.0,0.0,4.510281037539698e-16
development,1,4,4,1.0,2,correlon,2000,1000,64,0.0,0.9884867422947806,0.15910849752390235,0.9905958984180316,0.06857150130326913,0.009613028857276981,1.6653345369377348e-16
development,1,4,4,1.0,2,cca_equivalent,2000,1000,64,0.0,0.9884867422947806,0.15910849752390235,0.9905958984180316,0.06857150130326913,0.009613028857276981,1.6653345369377348e-16
development,1,4,4,1.0,2,block_diagonal,2000,1000,64,0.0,1.0149107888081785,0.2111649913320849,0.9812149633143488,0.09691500576704114,0.00902545334590224,3.0060558564597016e-17
development,1,4,4,1.0,2,pca_rank_matched,2000,1000,64,0.0,1.0634396001037834,0.2346034646231696,0.9711975727546012,0.12000505665470677,0.142945470434893,2.220446049250313e-16
development,1,4,4,1.0,2,random_rank_matched,2000,1000,64,0.0,0.9381704997371751,0.29486712322871544,0.9624448863157476,0.13703122579224852,0.06405447225537557,1.1102230246251565e-16
development,1,4,4,1.0,2,raw_svd,2000,1000,64,0.0,0.988862022982837,0.16095287529868263,0.9904483096445287,0.06910749002630358,0.01123270256534456,9.71445146547012e-17
development,1,4,4,1.0,2,full_state_oracle,2000,1000,64,0.0,1.0,0.0,1.0,0.0,0.0,4.510281037539698e-16
development,1,4,4,1.0,4,correlon,2000,1000,64,0.0,0.9652206893948568,0.06294369295034023,0.9983985823826584,0.028296798558684368,0.015939710932056185,3.885780586188048e-16
development,1,4,4,1.0,4,cca_equivalent,2000,1000,64,0.0,0.9652206893948568,0.06294369295034023,0.9983985823826584,0.028296798558684368,0.015939710932056185,3.885780586188048e-16
development,1,4,4,1.0,4,block_diagonal,2000,1000,64,0.0,1.0149107888081785,0.2111649913320849,0.9812149633143488,0.09691500576704114,0.00902545334590224,3.0060558564597016e-17
development,1,4,4,1.0,4,pca_rank_matched,2000,1000,64,0.0,0.9652207119861208,0.06294369009945497,0.9983985825191461,0.028296797352826447,0.015939706632598038,1.734723475976807e-16
development,1,4,4,1.0,4,random_rank_matched,2000,1000,64,0.0,0.9178095211314372,0.2552433512186255,0.972310318981904,0.11766410034096217,0.10363599035157306,4.996003610813204e-16
development,1,4,4,1.0,4,raw_svd,2000,1000,64,0.0,0.9652206893948577,0.06294369295034004,0.9983985823826584,0.028296798558684187,0.015939710932056223,2.7755575615628914e-16
development,1,4,4,1.0,4,full_state_oracle,2000,1000,64,0.0,1.0,0.0,1.0,0.0,0.0,4.510281037539698e-16
development,1,8,1,0.1,1,correlon,2000,1000,64,0.0,0.9832260245946535,0.08004661322636802,0.9969392330106397,0.03912011624062684,0.016752257808573128,3.885780586188048e-16
development,1,8,1,0.1,1,cca_equivalent,2000,1000,64,0.0,0.9832260245946535,0.08004661322636802,0.9969392330106397,0.03912011624062684,0.016752257808573128,3.885780586188048e-16
development,1,8,1,0.1,1,block_diagonal,2000,1000,64,0.0,0.9869132567533611,0.0663340760760763,0.9978870402102828,0.03250353665154905,0.013246326419104698,2.7270318955823167e-16
development,1,8,1,0.1,1,pca_rank_matched,2000,1000,64,0.0,1.0359913168887553,0.19962916309681075,0.9781989993927455,0.10440546108143622,0.11519694180395791,6.522560269672795e-16
development,1,8,1,0.1,1,random_rank_matched,2000,1000,64,0.0,0.9837979799650667,0.07779918051814777,0.9971231831096974,0.03792635554797352,0.013399145203958017,1.734723475976807e-16
development,1,8,1,0.1,1,raw_svd,2000,1000,64,0.0,0.9836252858777983,0.0785906639126464,0.9969714263851641,0.038913838250909674,0.01642536879997611,4.440892098500626e-16
development,1,8,1,0.1,1,full_state_oracle,2000,1000,64,0.0,1.0,0.0,1.0,0.0,0.0,4.440892098500626e-16
development,1,8,1,0.1,2,correlon,2000,1000,64,0.0,0.9816621410949296,0.0845338623341121,0.9966374439714161,0.04100339027802432,0.01991899732836397,4.996003610813204e-16
development,1,8,1,0.1,2,cca_equivalent,2000,1000,64,0.0,0.9816621410949296,0.0845338623341121,0.9966374439714161,0.04100339027802432,0.01991899732836397,4.996003610813204e-16
development,1,8,1,0.1,2,block_diagonal,2000,1000,64,0.0,0.9869132567533611,0.0663340760760763,0.9978870402102828,0.03250353665154905,0.013246326419104698,2.7270318955823167e-16
development,1,8,1,0.1,2,pca_rank_matched,2000,1000,64,0.0,1.0394176284884096,0.20751443037819026,0.9763595682952251,0.1087208160951134,0.11307188162698446,2.7755575615628914e-16
development,1,8,1,0.1,2,random_rank_matched,2000,1000,64,0.0,0.9816512733882774,0.08389573016251493,0.9968256107646029,0.039839611163998194,0.015564243881090099,3.885780586188048e-16
development,1,8,1,0.1,2,raw_svd,2000,1000,64,0.0,0.9820824604968811,0.08330978135340383,0.9966301158147302,0.04104804614881105,0.01973780246501495,4.0245584642661925e-16
development,1,8,1,0.1,2,full_state_oracle,2000,1000,64,0.0,1.0,0.0,1.0,0.0,0.0,4.440892098500626e-16
development,1,8,1,0.1,4,correlon,2000,1000,64,0.0,0.9803313126455229,0.08817689428474391,0.9963228536718798,0.042878586311352065,0.02030547732303649,4.440892098500626e-16
development,1,8,1,0.1,4,cca_equivalent,2000,1000,64,0.0,0.9803313126455229,0.08817689428474391,0.9963228536718798,0.042878586311352065,0.02030547732303649,4.440892098500626e-16
development,1,8,1,0.1,4,block_diagonal,2000,1000,64,0.0,0.9869132567533611,0.0663340760760763,0.9978870402102828,0.03250353665154905,0.013246326419104698,2.7270318955823167e-16
development,1,8,1,0.1,4,pca_rank_matched,2000,1000,64,0.0,1.077272734648873,0.25338048769108396,0.9666837080138813,0.1290664402277344,0.1763914521491684,4.579669976578771e-16
development,1,8,1,0.1,4,random_rank_matched,2000,1000,64,0.0,0.9805642274181435,0.08635603328353178,0.996633144729464,0.041029594627147115,0.016314125925332337,2.7755575615628914e-16
development,1,8,1,0.1,4,raw_svd,2000,1000,64,0.0,0.9803526100255519,0.0881134591093746,0.9962932491422829,0.043050847016737455,0.020189083166784173,4.996003610813204e-16
development,1,8,1,0.1,4,full_state_oracle,2000,1000,64,0.0,1.0,0.0,1.0,0.0,0.0,4.440892098500626e-16
development,1,8,1,0.25,1,correlon,2000,1000,64,0.0,0.9942015983378548,0.07343384753666848,0.9973645183043116,0.03630070037677147,0.02369485113653185,2.7755575615628914e-16
development,1,8,1,0.25,1,cca_equivalent,2000,1000,64,0.0,0.9942015983378548,0.07343384753666848,0.9973645183043116,0.03630070037677147,0.02369485113653185,2.7755575615628914e-16
development,1,8,1,0.25,1,block_diagonal,2000,1000,64,0.0,0.9967236790051347,0.06726677295006962,0.9979425010217482,0.03207412491598041,0.02087767018474066,4.440892098500626e-16
development,1,8,1,0.25,1,pca_rank_matched,2000,1000,64,0.0,1.053550297257663,0.2001954521878485,0.9787374901799135,0.10310797694670983,0.12366368065267783,3.3306690738754696e-16
development,1,8,1,0.25,1,random_rank_matched,2000,1000,64,0.0,0.9938469873811104,0.0766829230160204,0.9973527589296556,0.03638159610534133,0.021954032897347375,2.7755575615628914e-16
development,1,8,1,0.25,1,raw_svd,2000,1000,64,0.0,0.9945523036244593,0.07250325973358725,0.9973785563982375,0.03620389206813639,0.02232657319607914,4.718447854656915e-16
development,1,8,1,0.25,1,full_state_oracle,2000,1000,64,0.0,1.0,0.0,1.0,0.0,0.0,2.7755575615628914e-16
development,1,8,1,0.25,2,correlon,2000,1000,64,0.0,0.9922531018899821,0.07849428227615773,0.9971047716661559,0.03804752510902724,0.024149041331085724,2.7755575615628914e-16
development,1,8,1,0.25,2,cca_equivalent,2000,1000,64,0.0,0.9922531018899821,0.07849428227615773,0.9971047716661559,0.03804752510902724,0.024149041331085724,2.7755575615628914e-16
development,1,8,1,0.25,2,block_diagonal,2000,1000,64,0.0,0.9967236790051347,0.06726677295006962,0.9979425010217482,0.03207412491598041,0.02087767018474066,4.440892098500626e-16
development,1,8,1,0.25,2,pca_rank_matched,2000,1000,64,0.0,1.0565591704329096,0.20694617106541424,0.9755887414870751,0.1104790896797328,0.12697911855025107,4.440892098500626e-16
development,1,8,1,0.25,2,random_rank_matched,2000,1000,64,0.0,0.9921002772257718,0.08267561179863775,0.9965862842124784,0.04131413673018983,0.022029427841910136,2.7755575615628914e-16
development,1,8,1,0.25,2,raw_svd,2000,1000,64,0.0,0.992693468777727,0.07689543539403847,0.9971808255611156,0.037544469891612045,0.022703784992081994,3.608224830031759e-16
development,1,8,1,0.25,2,full_state_oracle,2000,1000,64,0.0,1.0,0.0,1.0,0.0,0.0,2.7755575615628914e-16
development,1,8,1,0.25,4,correlon,2000,1000,64,0.0,0.9906570995003929,0.08268705437312854,0.9967665467907223,0.04020853895180566,0.02490728979699295,3.3306690738754696e-16
development,1,8,1,0.25,4,cca_equivalent,2000,1000,64,0.0,0.9906570995003929,0.08268705437312854,0.9967665467907223,0.04020853895180566,0.02490728979699295,3.3306690738754696e-16
development,1,8,1,0.25,4,block_diagonal,2000,1000,64,0.0,0.9967236790051347,0.06726677295006962,0.9979425010217482,0.03207412491598041,0.02087767018474066,4.440892098500626e-16
development,1,8,1,0.25,4,pca_rank_matched,2000,1000,64,0.0,1.086745926353837,0.2552019854145271,0.9636911897465754,0.13473828381982697,0.17766685714995828,2.0122792321330962e-16
development,1,8,1,0.25,4,random_rank_matched,2000,1000,64,0.0,0.9899893111215208,0.08915194564348561,0.9961450696889571,0.04390290600315071,0.02371490058125399,2.7755575615628914e-16
development,1,8,1,0.25,4,raw_svd,2000,1000,64,0.0,0.9907463219754842,0.08270449435124425,0.9967373395360826,0.04038972928801033,0.024375522864744106,3.608224830031759e-16
development,1,8,1,0.25,4,full_state_oracle,2000,1000,64,0.0,1.0,0.0,1.0,0.0,0.0,2.7755575615628914e-16
development,1,8,1,0.5,1,correlon,2000,1000,64,0.0,0.9878483578937772,0.07657687956748403,0.9971412558421615,0.03780703742584525,0.02250961047401176,2.498001805406602e-16
development,1,8,1,0.5,1,cca_equivalent,2000,1000,64,0.0,0.9878483578937772,0.07657687956748403,0.9971412558421615,0.03780703742584525,0.02250961047401176,2.498001805406602e-16
development,1,8,1,0.5,1,block_diagonal,2000,1000,64,0.0,0.9923680986432756,0.07625125045993279,0.9971093841340775,0.03801720574899346,0.018717165648066622,2.220446049250313e-16
development,1,8,1,0.5,1,pca_rank_matched,2000,1000,64,0.0,1.0455304952575644,0.2042564583520815,0.9790924595743833,0.10224368055194581,0.10088165619278555,3.469446951953614e-16
development,1,8,1,0.5,1,random_rank_matched,2000,1000,64,0.0,0.9849640146537275,0.09869010857906005,0.9958827110676931,0.0453722874247421,0.02125124660374888,2.0816681711721685e-16
development,1,8,1,0.5,1,raw_svd,2000,1000,64,0.0,0.9879658943477493,0.07779474500161508,0.9970175237713976,0.03861655233576893,0.021764531405268232,6.661338147750939e-16
development,1,8,1,0.5,1,full_state_oracle,2000,1000,64,0.0,1.0,0.0,1.0,0.0,0.0,5.551115123125783e-16
development,1,8,1,0.5,2,correlon,2000,1000,64,0.0,0.9847808187223549,0.08359174318739061,0.9966486938814368,0.040934741470804475,0.024973633801053205,3.3306690738754696e-16
development,1,8,1,0.5,2,cca_equivalent,2000,1000,64,0.0,0.9847808187223549,0.08359174318739061,0.9966486938814368,0.040934741470804475,0.024973633801053205,3.3306690738754696e-16
development,1,8,1,0.5,2,block_diagonal,2000,1000,64,0.0,0.9923680986432756,0.07625125045993279,0.9971093841340775,0.03801720574899346,0.018717165648066622,2.220446049250313e-16
development,1,8,1,0.5,2,pca_rank_matched,2000,1000,64,0.0,1.0448012859289084,0.21272117836519377,0.9747874418641798,0.11227768731101552,0.11224532399078205,3.3306690738754696e-16
development,1,8,1,0.5,2,random_rank_matched,2000,1000,64,0.0,0.9837495772092644,0.09973157742759488,0.9950457950296301,0.049770498140815904,0.02579842343529945,1.6653345369377348e-16
development,1,8,1,0.5,2,raw_svd,2000,1000,64,0.0,0.9849578647946343,0.08310931846845178,0.9966084493374274,0.04117979275429044,0.024630834582311485,3.885780586188048e-16
development,1,8,1,0.5,2,full_state_oracle,2000,1000,64,0.0,1.0,0.0,1.0,0.0,0.0,5.551115123125783e-16
development,1,8,1,0.5,4,correlon,2000,1000,64,0.0,0.9823914836403356,0.0896238249118564,0.9960200618664652,0.04460906933312337,0.02870529529886332,2.7755575615628914e-16
development,1,8,1,0.5,4,cca_equivalent,2000,1000,64,0.0,0.9823914836403356,0.0896238249118564,0.9960200618664652,0.04460906933312337,0.02870529529886332,2.7755575615628914e-16
development,1,8,1,0.5,4,block_diagonal,2000,1000,64,0.0,0.9923680986432756,0.07625125045993279,0.9971093841340775,0.03801720574899346,0.018717165648066622,2.220446049250313e-16
development,1,8,1,0.5,4,pca_rank_matched,2000,1000,64,0.0,1.0741380467387132,0.2615587834392866,0.9611642049138737,0.1393481163958208,0.18394758751795431,3.885780586188048e-16
development,1,8,1,0.5,4,random_rank_matched,2000,1000,64,0.0,0.9800115634084965,0.11035292664448797,0.9941256925506481,0.05419551387961864,0.024010203899640092,5.551115123125783e-16
development,1,8,1,0.5,4,raw_svd,2000,1000,64,0.0,0.9823108309065778,0.08977519830917148,0.9960047943880618,0.044694550070105296,0.028963570163908152,3.3306690738754696e-16
development,1,8,1,0.5,4,full_state_oracle,2000,1000,64,0.0,1.0,0.0,1.0,0.0,0.0,5.551115123125783e-16
development,1,8,1,1.0,1,correlon,2000,1000,64,0.0,0.9792242361086887,0.0726749829805725,0.9976231531377975,0.03447351782312444,0.01616664501978468,3.3306690738754696e-16
development,1,8,1,1.0,1,cca_equivalent,2000,1000,64,0.0,0.9792242361086887,0.0726749829805725,0.9976231531377975,0.03447351782312444,0.01616664501978468,3.3306690738754696e-16
development,1,8,1,1.0,1,block_diagonal,2000,1000,64,0.0,0.9902676064290465,0.10935511386791812,0.9935226966248778,0.05690915293308307,0.01701548380348272,2.716986681036355e-16
development,1,8,1,1.0,1,pca_rank_matched,2000,1000,64,0.0,1.0322524270213238,0.2003729927248672,0.9788049060706305,0.10294438772796072,0.1045505820979559,4.996003610813204e-16
development,1,8,1,1.0,1,random_rank_matched,2000,1000,64,0.0,0.9538452780229106,0.1720356658111743,0.987546079997371,0.07891108921637362,0.04266929417978284,2.229119666630197e-16
development,1,8,1,1.0,1,raw_svd,2000,1000,64,0.0,0.9792632393235987,0.07276481344585106,0.9976185222188181,0.034507084643460945,0.016385405449345775,3.3306690738754696e-16
development,1,8,1,1.0,1,full_state_oracle,2000,1000,64,0.0,1.0,0.0,1.0,0.0,0.0,4.440892098500626e-16
development,1,8,1,1.0,2,correlon,2000,1000,64,0.0,0.9776783262648664,0.07763925196881108,0.9971453699307748,0.03777982311515764,0.016978692221561266,3.3306690738754696e-16
development,1,8,1,1.0,2,cca_equivalent,2000,1000,64,0.0,0.9776783262648664,0.07763925196881108,0.9971453699307748,0.03777982311515764,0.016978692221561266,3.3306690738754696e-16
development,1,8,1,1.0,2,block_diagonal,2000,1000,64,0.0,0.9902676064290465,0.10935511386791812,0.9935226966248778,0.05690915293308307,0.01701548380348272,2.716986681036355e-16
development,1,8,1,1.0,2,pca_rank_matched,2000,1000,64,0.0,1.028839786077069,0.2047969126796147,0.975734304579897,0.11014920657931011,0.1159198594330891,3.3306690738754696e-16
development,1,8,1,1.0,2,random_rank_matched,2000,1000,64,0.0,0.9616088669172282,0.16265376270889229,0.9870761107759048,0.08038622153110292,0.048077348706217646,2.7755575615628914e-16
development,1,8,1,1.0,2,raw_svd,2000,1000,64,0.0,0.9778249755202053,0.07750680590505024,0.9971516832198136,0.03773802313440888,0.01701505581382295,2.3592239273284576e-16
development,1,8,1,1.0,2,full_state_oracle,2000,1000,64,0.0,1.0,0.0,1.0,0.0,0.0,4.440892098500626e-16
development,1,8,1,1.0,4,correlon,2000,1000,64,0.0,0.9761010637498951,0.0818846041713744,0.9968335800551833,0.03978957115135057,0.016601338446430112,7.216449660063518e-16
development,1,8,1,1.0,4,cca_equivalent,2000,1000,64,0.0,0.9761010637498951,0.0818846041713744,0.9968335800551833,0.03978957115135057,0.016601338446430112,7.216449660063518e-16
development,1,8,1,1.0,4,block_diagonal,2000,1000,64,0.0,0.9902676064290465,0.10935511386791812,0.9935226966248778,0.05690915293308307,0.01701548380348272,2.716986681036355e-16
development,1,8,1,1.0,4,pca_rank_matched,2000,1000,64,0.0,1.0763974746825447,0.25122130716929336,0.9657644486571604,0.13083491763065336,0.16348219259767577,3.608224830031759e-16
development,1,8,1,1.0,4,random_rank_matched,2000,1000,64,0.0,0.9669550041640914,0.15760522473675787,0.9869091943603244,0.08090366382209016,0.023685213083802024,6.106226635438361e-16
development,1,8,1,1.0,4,raw_svd,2000,1000,64,0.0,0.9763995051170055,0.08101142040836914,0.9968578676767283,0.039636676975193255,0.01663316719868316,4.440892098500626e-16
development,1,8,1,1.0,4,full_state_oracle,2000,1000,64,0.0,1.0,0.0,1.0,0.0,0.0,4.440892098500626e-16
development,1,8,2,0.1,1,correlon,2000,1000,64,0.0,0.9863091507289005,0.0774547061504519,0.9969428868116909,0.03909675938175105,0.016277366139058995,3.3306690738754696e-16
development,1,8,2,0.1,1,cca_equivalent,2000,1000,64,0.0,0.9863091507289005,0.0774547061504519,0.9969428868116909,0.03909675938175105,0.016277366139058995,3.3306690738754696e-16
development,1,8,2,0.1,1,block_diagonal,2000,1000,64,0.0,0.9894340540809805,0.06818733304369436,0.9976749670352583,0.034095695950822444,0.015150503635827761,3.3306690738754696e-16
development,1,8,2,0.1,1,pca_rank_matched,2000,1000,64,0.0,1.031230543733822,0.20301924176295721,0.9769964981420536,0.10724621638534967,0.12115493904348017,8.326672684688674e-17
development,1,8,2,0.1,1,random_rank_matched,2000,1000,64,0.0,0.9850279379097506,0.08357224956319409,0.9966295628858901,0.0410514135816899,0.014160360777910393,2.220446049250313e-16
development,1,8,2,0.1,1,raw_svd,2000,1000,64,0.0,0.9864348450842566,0.07722791503754411,0.9969101095076012,0.039305791509642495,0.01551987225505998,3.3306690738754696e-16
development,1,8,2,0.1,1,full_state_oracle,2000,1000,64,0.0,1.0,0.0,1.0,0.0,0.0,2.220446049250313e-16
development,1,8,2,0.1,2,correlon,2000,1000,64,0.0,0.9841985152742173,0.08372266002599495,0.9964399115882281,0.0421905701061978,0.016878710461767636,3.2612801348363973e-16
development,1,8,2,0.1,2,cca_equivalent,2000,1000,64,0.0,0.9841985152742173,0.08372266002599495,0.9964399115882281,0.0421905701061978,0.016878710461767636,3.2612801348363973e-16
development,1,8,2,0.1,2,block_diagonal,2000,1000,64,0.0,0.9894340540809805,0.06818733304369436,0.9976749670352583,0.034095695950822444,0.015150503635827761,3.3306690738754696e-16
development,1,8,2,0.1,2,pca_rank_matched,2000,1000,64,0.0,1.037963844037877,0.21681099952795932,0.9711893621588957,0.12002216012283785,0.1079255131046469,2.7755575615628914e-16
development,1,8,2,0.1,2,random_rank_matched,2000,1000,64,0.0,0.9820249304294613,0.09132325923837822,0.9962429618189941,0.04334188609766458,0.014575399051240421,4.371503159461554e-16
development,1,8,2,0.1,2,raw_svd,2000,1000,64,0.0,0.984211425756342,0.08370838163786216,0.9964278930726472,0.04226172575364571,0.01677860081906511,3.885780586188048e-16
development,1,8,2,0.1,2,full_state_oracle,2000,1000,64,0.0,1.0,0.0,1.0,0.0,0.0,2.220446049250313e-16
development,1,8,2,0.1,4,correlon,2000,1000,64,0.0,0.9820590122203811,0.08939198056641035,0.9960154456751151,0.044634932087350504,0.01662704570674537,5.412337245047638e-16
development,1,8,2,0.1,4,cca_equivalent,2000,1000,64,0.0,0.9820590122203811,0.08939198056641035,0.9960154456751151,0.044634932087350504,0.01662704570674537,5.412337245047638e-16
development,1,8,2,0.1,4,block_diagonal,2000,1000,64,0.0,0.9894340540809805,0.06818733304369436,0.9976749670352583,0.034095695950822444,0.015150503635827761,3.3306690738754696e-16
development,1,8,2,0.1,4,pca_rank_matched,2000,1000,64,0.0,1.0757483296115433,0.259143094837605,0.9628035252095194,0.1363753547941867,0.16023166907498915,3.0531133177191805e-16
development,1,8,2,0.1,4,random_rank_matched,2000,1000,64,0.0,0.9809091548414993,0.09409153711775355,0.9954549896975067,0.04767079977561421,0.015701290692931018,4.440892098500626e-16
development,1,8,2,0.1,4,raw_svd,2000,1000,64,0.0,0.982167515899076,0.08890571603851034,0.9960263577402255,0.04457377177093293,0.017635006688236823,6.106226635438361e-16
development,1,8,2,0.1,4,full_state_oracle,2000,1000,64,0.0,1.0,0.0,1.0,0.0,0.0,2.220446049250313e-16
development,1,8,2,0.25,1,correlon,2000,1000,64,0.0,0.989969811732388,0.08250166321354489,0.9968572631557311,0.03964048968081034,0.02016190423493743,7.771561172376096e-16
development,1,8,2,0.25,1,cca_equivalent,2000,1000,64,0.0,0.989969811732388,0.08250166321354489,0.9968572631557311,0.03964048968081034,0.02016190423493743,7.771561172376096e-16
development,1,8,2,0.25,1,block_diagonal,2000,1000,64,0.0,0.9931119899511669,0.07608784591106642,0.9973896314495039,0.03612733418407811,0.018068385417034726,2.220446049250313e-16
development,1,8,2,0.25,1,pca_rank_matched,2000,1000,64,0.0,1.044401399260027,0.2011970912004189,0.9782787745935679,0.104214263434599,0.09193975067279309,7.771561172376096e-16
development,1,8,2,0.25,1,random_rank_matched,2000,1000,64,0.0,0.9899996096211949,0.08564022145671712,0.9965411427346786,0.041586399611659726,0.018122362531826773,1.3877787807814457e-16
development,1,8,2,0.25,1,raw_svd,2000,1000,64,0.0,0.9907670311506758,0.07904641924140841,0.9970614710848695,0.038330985606494075,0.01918571250294473,3.3306690738754696e-16
development,1,8,2,0.25,1,full_state_oracle,2000,1000,64,0.0,1.0,0.0,1.0,0.0,0.0,2.498001805406602e-16
development,1,8,2,0.25,2,correlon,2000,1000,64,0.0,0.9876388983393759,0.08923370480608832,0.9961550308961655,0.04384614637476384,0.022676820038880482,3.885780586188048e-16
development,1,8,2,0.25,2,cca_equivalent,2000,1000,64,0.0,0.9876388983393759,0.08923370480608832,0.9961550308961655,0.04384614637476384,0.022676820038880482,3.885780586188048e-16
development,1,8,2,0.25,2,block_diagonal,2000,1000,64,0.0,0.9931119899511669,0.07608784591106642,0.9973896314495039,0.03612733418407811,0.018068385417034726,2.220446049250313e-16
development,1,8,2,0.25,2,pca_rank_matched,2000,1000,64,0.0,1.0500592093748968,0.2050003159855642,0.9760300635927397,0.10947587955175386,0.1254148692309079,4.85722573273506e-16
development,1,8,2,0.25,2,random_rank_matched,2000,1000,64,0.0,0.988205840259812,0.08685361340369141,0.9965222133214616,0.04170004003917943,0.019049327734390834,2.7755575615628914e-16
development,1,8,2,0.25,2,raw_svd,2000,1000,64,0.0,0.9884906165430907,0.08638506917798738,0.9963971213069005,0.04244336634327793,0.021933043923810056,4.718447854656915e-16
development,1,8,2,0.25,2,full_state_oracle,2000,1000,64,0.0,1.0,0.0,1.0,0.0,0.0,2.498001805406602e-16
development,1,8,2,0.25,4,correlon,2000,1000,64,0.0,0.984661537795226,0.09553287153458281,0.9954473690055857,0.04771074823566632,0.028481980138759626,3.885780586188048e-16
development,1,8,2,0.25,4,cca_equivalent,2000,1000,64,0.0,0.984661537795226,0.09553287153458281,0.9954473690055857,0.04771074823566632,0.028481980138759626,3.885780586188048e-16
development,1,8,2,0.25,4,block_diagonal,2000,1000,64,0.0,0.9931119899511669,0.07608784591106642,0.9973896314495039,0.03612733418407811,0.018068385417034726,2.220446049250313e-16
development,1,8,2,0.25,4,pca_rank_matched,2000,1000,64,0.0,1.0891298024746672,0.2593416424428182,0.9638819707834371,0.13438383313584057,0.18105762466301775,4.440892098500626e-16
development,1,8,2,0.25,4,random_rank_matched,2000,1000,64,0.0,0.9841271376440712,0.09899953798523034,0.9954535758622136,0.0476782137762437,0.02418802149110627,3.885780586188048e-16
development,1,8,2,0.25,4,raw_svd,2000,1000,64,0.0,0.9850861129321671,0.09495321343377033,0.995467573301533,0.047604761833597076,0.0279591205048991,3.885780586188048e-16
development,1,8,2,0.25,4,full_state_oracle,2000,1000,64,0.0,1.0,0.0,1.0,0.0,0.0,2.498001805406602e-16
development,1,8,2,0.5,1,correlon,2000,1000,64,0.0,0.995628141958877,0.06712629025037342,0.9977693927704515,0.033396161677268506,0.013602981959224915,5.273559366969494e-16
development,1,8,2,0.5,1,cca_equivalent,2000,1000,64,0.0,0.995628141958877,0.06712629025037342,0.9977693927704515,0.033396161677268506,0.013602981959224915,5.273559366969494e-16
development,1,8,2,0.5,1,block_diagonal,2000,1000,64,0.0,0.9992902212205746,0.07369397264727175,0.9972308458832134,0.037209905380063746,0.012179105516155118,2.220446049250313e-16
development,1,8,2,0.5,1,pca_rank_matched,2000,1000,64,0.0,1.0448374457581941,0.20145582201032983,0.9784241378677615,0.10386496553756351,0.12308143762486691,6.661338147750939e-16
development,1,8,2,0.5,1,random_rank_matched,2000,1000,64,0.0,0.9922932231690591,0.09461142178715157,0.9952941673939134,0.04850686861716879,0.016430322398679264,2.0816681711721685e-16
development,1,8,2,0.5,1,raw_svd,2000,1000,64,0.0,0.9959231868403188,0.06609417463515961,0.9978669558623461,0.03265764946879869,0.013450668788211769,6.661338147750939e-16
development,1,8,2,0.5,1,full_state_oracle,2000,1000,64,0.0,1.0,0.0,1.0,0.0,0.0,4.2327252813834093e-16
development,1,8,2,0.5,2,correlon,2000,1000,64,0.0,0.9925632598497848,0.07119187947636443,0.9975442685349866,0.035040915120851855,0.01497308624574735,3.608224830031759e-16
development,1,8,2,0.5,2,cca_equivalent,2000,1000,64,0.0,0.9925632598497848,0.07119187947636443,0.9975442685349866,0.035040915120851855,0.01497308624574735,3.608224830031759e-16
development,1,8,2,0.5,2,block_diagonal,2000,1000,64,0.0,0.9992902212205746,0.07369397264727175,0.9972308458832134,0.037209905380063746,0.012179105516155118,2.220446049250313e-16
development,1,8,2,0.5,2,pca_rank_matched,2000,1000,64,0.0,1.0506687330953306,0.20164255917980248,0.9768700150482229,0.10754065499097787,0.11698970157698646,5.551115123125783e-16
development,1,8,2,0.5,2,random_rank_matched,2000,1000,64,0.0,0.9898491260885848,0.10103392611528104,0.994843123947569,0.05077832240450102,0.01243666327486389,3.885780586188048e-16
development,1,8,2,0.5,2,raw_svd,2000,1000,64,0.0,0.9944871784840902,0.0641822666729853,0.9979982210359895,0.03163683742103873,0.012774503194708145,3.885780586188048e-16
development,1,8,2,0.5,2,full_state_oracle,2000,1000,64,0.0,1.0,0.0,1.0,0.0,0.0,4.2327252813834093e-16
development,1,8,2,0.5,4,correlon,2000,1000,64,0.0,0.9892121788073089,0.07938499457408185,0.996937769600506,0.039129467153885426,0.014718120843584294,4.440892098500626e-16
development,1,8,2,0.5,4,cca_equivalent,2000,1000,64,0.0,0.9892121788073089,0.07938499457408185,0.996937769600506,0.039129467153885426,0.014718120843584294,4.440892098500626e-16
development,1,8,2,0.5,4,block_diagonal,2000,1000,64,0.0,0.9992902212205746,0.07369397264727175,0.9972308458832134,0.037209905380063746,0.012179105516155118,2.220446049250313e-16
development,1,8,2,0.5,4,pca_rank_matched,2000,1000,64,0.0,1.0874632819392618,0.2513408092379195,0.9658271885607814,0.1307149789412417,0.16533062708600232,3.3306690738754696e-16
development,1,8,2,0.5,4,random_rank_matched,2000,1000,64,0.0,0.9856180171458969,0.11062488889988611,0.9941135627969919,0.05425143870446236,0.020335198197116572,4.996003610813204e-16
development,1,8,2,0.5,4,raw_svd,2000,1000,64,0.0,0.9893117359848944,0.07947587585991556,0.9969117316265214,0.03929547285298045,0.014684531046483968,5.551115123125783e-16
development,1,8,2,0.5,4,full_state_oracle,2000,1000,64,0.0,1.0,0.0,1.0,0.0,0.0,4.2327252813834093e-16
development,1,8,2,1.0,1,correlon,2000,1000,64,0.0,0.9890456018840499,0.10407085751336745,0.9946089958538853,0.051918224864274734,0.01658485212291239,4.996003610813204e-16
development,1,8,2,1.0,1,cca_equivalent,2000,1000,64,0.0,0.9890456018840499,0.10407085751336745,0.9946089958538853,0.051918224864274734,0.01658485212291239,4.996003610813204e-16
development,1,8,2,1.0,1,block_diagonal,2000,1000,64,0.0,0.9944753150561634,0.13102325594189804,0.9916291409071647,0.06469489582971484,0.01348982714810507,2.220446049250313e-16
development,1,8,2,1.0,1,pca_rank_matched,2000,1000,64,0.0,1.0441228743258848,0.21389458739466113,0.9770186999742057,0.10719444954332838,0.11804849647721813,5.551115123125783e-16
development,1,8,2,1.0,1,random_rank_matched,2000,1000,64,0.0,0.9825626696363182,0.15163556192421515,0.9886003041830198,0.0754973370953578,0.013540490520518294,3.3306690738754696e-16
development,1,8,2,1.0,1,raw_svd,2000,1000,64,0.0,0.9894589605109066,0.1054819411841212,0.9945148114746013,0.052369783871038876,0.015996651938715037,2.220446049250313e-16
development,1,8,2,1.0,1,full_state_oracle,2000,1000,64,0.0,1.0,0.0,1.0,0.0,0.0,2.498001805406602e-16
development,1,8,2,1.0,2,correlon,2000,1000,64,0.0,0.9863002060748579,0.0849936561494739,0.9964511457884101,0.04212394931383978,0.01576502052864468,4.440892098500626e-16
development,1,8,2,1.0,2,cca_equivalent,2000,1000,64,0.0,0.9863002060748579,0.0849936561494739,0.9964511457884101,0.04212394931383978,0.01576502052864468,4.440892098500626e-16
development,1,8,2,1.0,2,block_diagonal,2000,1000,64,0.0,0.9944753150561634,0.13102325594189804,0.9916291409071647,0.06469489582971484,0.01348982714810507,2.220446049250313e-16
development,1,8,2,1.0,2,pca_rank_matched,2000,1000,64,0.0,1.0449374492071775,0.21979341645222042,0.9743087007662845,0.11333865014573667,0.11822027798620627,2.7755575615628914e-16
development,1,8,2,1.0,2,random_rank_matched,2000,1000,64,0.0,0.9764226752406806,0.15659516866585818,0.9884959833001098,0.07584199595174877,0.020711453961718418,7.216449660063518e-16
development,1,8,2,1.0,2,raw_svd,2000,1000,64,0.0,0.9866366720998423,0.08516673456687492,0.9964832152416409,0.04193318947062818,0.01521363505759301,4.440892098500626e-16
development,1,8,2,1.0,2,full_state_oracle,2000,1000,64,0.0,1.0,0.0,1.0,0.0,0.0,2.498001805406602e-16
development,1,8,2,1.0,4,correlon,2000,1000,64,0.0,0.982459194741904,0.09471940435772608,0.995637958065651,0.04670140219709136,0.017786518043626427,4.440892098500626e-16
development,1,8,2,1.0,4,cca_equivalent,2000,1000,64,0.0,0.982459194741904,0.09471940435772608,0.995637958065651,0.04670140219709136,0.017786518043626427,4.440892098500626e-16
development,1,8,2,1.0,4,block_diagonal,2000,1000,64,0.0,0.9944753150561634,0.13102325594189804,0.9916291409071647,0.06469489582971484,0.01348982714810507,2.220446049250313e-16
development,1,8,2,1.0,4,pca_rank_matched,2000,1000,64,0.0,1.0722616189601044,0.23881088708219483,0.9683803731473324,0.12573708055436073,0.17788701807249213,3.3306690738754696e-16
development,1,8,2,1.0,4,random_rank_matched,2000,1000,64,0.0,0.9703796830471719,0.1695483274270875,0.9856438292655081,0.08472358212000909,0.02353248196683653,4.440892098500626e-16
development,1,8,2,1.0,4,raw_svd,2000,1000,64,0.0,0.9832262786711266,0.09243144634316458,0.9957593640971164,0.046046910335458845,0.017568873376795188,2.220446049250313e-16
development,1,8,2,1.0,4,full_state_oracle,2000,1000,64,0.0,1.0,0.0,1.0,0.0,0.0,2.498001805406602e-16
development,1,8,4,0.1,1,correlon,2000,1000,64,0.0,0.990185789649404,0.07779371331617715,0.9973286842320771,0.03654665352616361,0.016491026790843633,3.885780586188048e-16
development,1,8,4,0.1,1,cca_equivalent,2000,1000,64,0.0,0.990185789649404,0.07779371331617715,0.9973286842320771,0.03654665352616361,0.016491026790843633,3.885780586188048e-16
development,1,8,4,0.1,1,block_diagonal,2000,1000,64,0.0,0.9947819126734558,0.061814330414104585,0.9982146110069879,0.029877993515396144,0.014036589733381918,2.220446049250313e-16
development,1,8,4,0.1,1,pca_rank_matched,2000,1000,64,0.0,1.0481845819869584,0.2026022680790663,0.9797175741146495,0.10070358952229642,0.13578713576260434,6.38378239159465e-16
development,1,8,4,0.1,1,random_rank_matched,2000,1000,64,0.0,0.9912201201937921,0.07535184968904995,0.997303225538476,0.036720392573637566,0.01836750880779945,3.3306690738754696e-16
development,1,8,4,0.1,1,raw_svd,2000,1000,64,0.0,0.9923607802261815,0.06976933428245122,0.9976736505683874,0.03410534731983081,0.01580414311823175,2.498001805406602e-16
development,1,8,4,0.1,1,full_state_oracle,2000,1000,64,0.0,1.0,0.0,1.0,0.0,0.0,4.163336342344337e-16
development,1,8,4,0.1,2,correlon,2000,1000,64,0.0,0.9875588938349061,0.08404170609071719,0.9968869008551124,0.039453131338891195,0.018663314166077465,2.220446049250313e-16
development,1,8,4,0.1,2,cca_equivalent,2000,1000,64,0.0,0.9875588938349061,0.08404170609071719,0.9968869008551124,0.039453131338891195,0.018663314166077465,2.220446049250313e-16
development,1,8,4,0.1,2,block_diagonal,2000,1000,64,0.0,0.9947819126734558,0.061814330414104585,0.9982146110069879,0.029877993515396144,0.014036589733381918,2.220446049250313e-16
development,1,8,4,0.1,2,pca_rank_matched,2000,1000,64,0.0,1.0492944255101804,0.2077259727381976,0.9762076396988104,0.10906961149006976,0.12413769684379762,2.220446049250313e-16
development,1,8,4,0.1,2,random_rank_matched,2000,1000,64,0.0,0.9886516271266511,0.08147036078670163,0.9969349198797413,0.039147669919541495,0.017520118753499743,3.3306690738754696e-16
development,1,8,4,0.1,2,raw_svd,2000,1000,64,0.0,0.9894544033274005,0.0786520786995729,0.9970852560911728,0.03817554131133687,0.019056064449041416,2.7755575615628914e-16
development,1,8,4,0.1,2,full_state_oracle,2000,1000,64,0.0,1.0,0.0,1.0,0.0,0.0,4.163336342344337e-16
development,1,8,4,0.1,4,correlon,2000,1000,64,0.0,0.984881940936268,0.09197500761654433,0.9962479078267356,0.0433133476728852,0.021699405855170457,3.3306690738754696e-16
development,1,8,4,0.1,4,cca_equivalent,2000,1000,64,0.0,0.984881940936268,0.09197500761654433,0.9962479078267356,0.0433133476728852,0.021699405855170457,3.3306690738754696e-16
development,1,8,4,0.1,4,block_diagonal,2000,1000,64,0.0,0.9947819126734558,0.061814330414104585,0.9982146110069879,0.029877993515396144,0.014036589733381918,2.220446049250313e-16
development,1,8,4,0.1,4,pca_rank_matched,2000,1000,64,0.0,1.0914395543052515,0.2518593820327536,0.966268618469018,0.12986797436431732,0.16178192200883293,1.6653345369377348e-16
development,1,8,4,0.1,4,random_rank_matched,2000,1000,64,0.0,0.9855365722134629,0.09226142531519124,0.996055377043075,0.04441071355498007,0.020240131600672655,3.885780586188048e-16
development,1,8,4,0.1,4,raw_svd,2000,1000,64,0.0,0.984848495440595,0.09215395483761374,0.9962235207804383,0.043453879110855784,0.021857464808199195,6.661338147750939e-16
development,1,8,4,0.1,4,full_state_oracle,2000,1000,64,0.0,1.0,0.0,1.0,0.0,0.0,4.163336342344337e-16
development,1,8,4,0.25,1,correlon,2000,1000,64,0.0,0.9946783103847769,0.08632546581850585,0.996699601218962,0.04062264627666506,0.012775862768355543,3.3306690738754696e-16
development,1,8,4,0.25,1,cca_equivalent,2000,1000,64,0.0,0.9946783103847769,0.08632546581850585,0.996699601218962,0.04062264627666506,0.012775862768355543,3.3306690738754696e-16
development,1,8,4,0.25,1,block_diagonal,2000,1000,64,0.0,0.9984668406186803,0.08116158488735063,0.9969383931564513,0.03912548302288942,0.00915877995404449,2.0372087620325735e-16
development,1,8,4,0.25,1,pca_rank_matched,2000,1000,64,0.0,1.0454072266720442,0.19867903713552154,0.9795744744767286,0.1010582147162501,0.12868455089268366,4.996003610813204e-16
development,1,8,4,0.25,1,random_rank_matched,2000,1000,64,0.0,0.9928504693654885,0.09580660678284884,0.9959182136307487,0.04517624580048304,0.01346216891253084,2.498001805406602e-16
development,1,8,4,0.25,1,raw_svd,2000,1000,64,0.0,0.9955205049618121,0.08445016921044043,0.996752147924048,0.040297965680366324,0.012541571713000086,2.7755575615628914e-16
development,1,8,4,0.25,1,full_state_oracle,2000,1000,64,0.0,1.0,0.0,1.0,0.0,0.0,2.7755575615628914e-16
development,1,8,4,0.25,2,correlon,2000,1000,64,0.0,0.9924292640115784,0.08879444174024051,0.996527510867343,0.04166826809849955,0.013956510681848985,4.996003610813204e-16
development,1,8,4,0.25,2,cca_equivalent,2000,1000,64,0.0,0.9924292640115784,0.08879444174024051,0.996527510867343,0.04166826809849955,0.013956510681848985,4.996003610813204e-16
development,1,8,4,0.25,2,block_diagonal,2000,1000,64,0.0,0.9984668406186803,0.08116158488735063,0.9969383931564513,0.03912548302288942,0.00915877995404449,2.0372087620325735e-16
development,1,8,4,0.25,2,pca_rank_matched,2000,1000,64,0.0,1.0457870231583446,0.20988360605579798,0.9754404802602301,0.11081407794086896,0.12942407836843933,2.7755575615628914e-16
development,1,8,4,0.25,2,random_rank_matched,2000,1000,64,0.0,0.9908550974035616,0.09920010303856068,0.9955387377848487,0.047229557562776754,0.01669471596134838,4.996003610813204e-16
development,1,8,4,0.25,2,raw_svd,2000,1000,64,0.0,0.9932419633827907,0.08763600108725476,0.9965268050642736,0.0416725025390025,0.013215994055325898,3.885780586188048e-16
development,1,8,4,0.25,2,full_state_oracle,2000,1000,64,0.0,1.0,0.0,1.0,0.0,0.0,2.7755575615628914e-16
development,1,8,4,0.25,4,correlon,2000,1000,64,0.0,0.9900277826645293,0.09334860730293645,0.9960542519061191,0.044417046805708724,0.016858555682432115,3.0531133177191805e-16
development,1,8,4,0.25,4,cca_equivalent,2000,1000,64,0.0,0.9900277826645293,0.09334860730293645,0.9960542519061191,0.044417046805708724,0.016858555682432115,3.0531133177191805e-16
development,1,8,4,0.25,4,block_diagonal,2000,1000,64,0.0,0.9984668406186803,0.08116158488735063,0.9969383931564513,0.03912548302288942,0.00915877995404449,2.0372087620325735e-16
development,1,8,4,0.25,4,pca_rank_matched,2000,1000,64,0.0,1.0982548340467606,0.25491798172725644,0.9664747494598891,0.1294705575413016,0.15596836689191645,2.7755575615628914e-16
development,1,8,4,0.25,4,random_rank_matched,2000,1000,64,0.0,0.9862011616199042,0.11509602451149471,0.9940101089256548,0.054726095577636205,0.01787948879468749,2.498001805406602e-16
development,1,8,4,0.25,4,raw_svd,2000,1000,64,0.0,0.9903900656006125,0.0923274112810725,0.9961266939224644,0.044007420269402686,0.01730551124353174,4.996003610813204e-16
development,1,8,4,0.25,4,full_state_oracle,2000,1000,64,0.0,1.0,0.0,1.0,0.0,0.0,2.7755575615628914e-16
development,1,8,4,0.5,1,correlon,2000,1000,64,0.0,0.9775254163047199,0.11035097321186992,0.9947290571191449,0.051336842914494474,0.023087533599352495,2.220446049250313e-16
development,1,8,4,0.5,1,cca_equivalent,2000,1000,64,0.0,0.9775254163047199,0.11035097321186992,0.9947290571191449,0.051336842914494474,0.023087533599352495,2.220446049250313e-16
development,1,8,4,0.5,1,block_diagonal,2000,1000,64,0.0,0.9847113545264643,0.10953613416866541,0.9944636942170859,0.05261323874707772,0.01787928456061759,4.440892098500626e-16
development,1,8,4,0.5,1,pca_rank_matched,2000,1000,64,0.0,1.0394499455230037,0.2122702742187273,0.974887570908935,0.11205451595331851,0.11268643123222563,8.326672684688674e-16
development,1,8,4,0.5,1,random_rank_matched,2000,1000,64,0.0,0.9753851111054118,0.12823061587915344,0.9925712224653418,0.060945785476348366,0.02811332877653955,4.996003610813204e-16
development,1,8,4,0.5,1,raw_svd,2000,1000,64,0.0,0.9811974351478542,0.10599556846896517,0.9949539416490688,0.050229763840432214,0.018742806192170128,3.608224830031759e-16
development,1,8,4,0.5,1,full_state_oracle,2000,1000,64,0.0,1.0,0.0,1.0,0.0,0.0,2.220446049250313e-16
development,1,8,4,0.5,2,correlon,2000,1000,64,0.0,0.9748563696564261,0.1073427318201141,0.9948911226170057,0.05054145517787448,0.025745451288133575,2.3592239273284576e-16
development,1,8,4,0.5,2,cca_equivalent,2000,1000,64,0.0,0.9748563696564261,0.1073427318201141,0.9948911226170057,0.05054145517787448,0.025745451288133575,2.3592239273284576e-16
development,1,8,4,0.5,2,block_diagonal,2000,1000,64,0.0,0.9847113545264643,0.10953613416866541,0.9944636942170859,0.05261323874707772,0.01787928456061759,4.440892098500626e-16
development,1,8,4,0.5,2,pca_rank_matched,2000,1000,64,0.0,1.0390523248445542,0.21180360691016595,0.9746728194879135,0.11253261863141399,0.12457400283700339,3.0531133177191805e-16
development,1,8,4,0.5,2,random_rank_matched,2000,1000,64,0.0,0.9710031867435914,0.13425697538887751,0.9917350255571744,0.06428442440757176,0.029084454701554928,2.220446049250313e-16
development,1,8,4,0.5,2,raw_svd,2000,1000,64,0.0,0.9765548407900276,0.10600948018624587,0.9949648577596836,0.050175403537572126,0.021414459021931176,5.551115123125783e-16
development,1,8,4,0.5,2,full_state_oracle,2000,1000,64,0.0,1.0,0.0,1.0,0.0,0.0,2.220446049250313e-16
development,1,8,4,0.5,4,correlon,2000,1000,64,0.0,0.972078041940047,0.1030516480653496,0.995201609118558,0.04898158266860078,0.027438950292973285,3.3306690738754696e-16
development,1,8,4,0.5,4,cca_equivalent,2000,1000,64,0.0,0.972078041940047,0.1030516480653496,0.995201609118558,0.04898158266860078,0.027438950292973285,3.3306690738754696e-16
development,1,8,4,0.5,4,block_diagonal,2000,1000,64,0.0,0.9847113545264643,0.10953613416866541,0.9944636942170859,0.05261323874707772,0.01787928456061759,4.440892098500626e-16
development,1,8,4,0.5,4,pca_rank_matched,2000,1000,64,0.0,1.0699401092316112,0.26392044791196123,0.9629958213427461,0.13602238539529785,0.1719061359099981,3.3306690738754696e-16
development,1,8,4,0.5,4,random_rank_matched,2000,1000,64,0.0,0.9681799847801205,0.13896353419895022,0.9907649121243425,0.06795251237319157,0.029920304733466463,2.220446049250313e-16
development,1,8,4,0.5,4,raw_svd,2000,1000,64,0.0,0.9723079024345518,0.10269736833588895,0.9952120123517649,0.04892845617958425,0.027398921614544047,3.3306690738754696e-16
development,1,8,4,0.5,4,full_state_oracle,2000,1000,64,0.0,1.0,0.0,1.0,0.0,0.0,2.220446049250313e-16
development,1,8,4,1.0,1,correlon,2000,1000,64,0.0,1.0015603316705695,0.1421305189844514,0.9913660610794864,0.06570364875908173,0.0211771432409437,2.220446049250313e-16
development,1,8,4,1.0,1,cca_equivalent,2000,1000,64,0.0,1.0015603316705695,0.1421305189844514,0.9913660610794864,0.06570364875908173,0.0211771432409437,2.220446049250313e-16
development,1,8,4,1.0,1,block_diagonal,2000,1000,64,0.0,1.0093930009961742,0.16441966528748986,0.9870636053127935,0.08042510393902672,0.023830880408834302,2.220446049250313e-16
development,1,8,4,1.0,1,pca_rank_matched,2000,1000,64,0.0,1.0407160071390673,0.21367356670015347,0.9762236076702482,0.10903300493371672,0.1173125013651152,4.440892098500626e-16
development,1,8,4,1.0,1,random_rank_matched,2000,1000,64,0.0,0.9695178850914936,0.21431857263463613,0.9800402277055882,0.09989938011422272,0.04066818618760046,2.7755575615628914e-16
development,1,8,4,1.0,1,raw_svd,2000,1000,64,0.0,1.0022480102212914,0.14226273729879166,0.9914439562926871,0.0654065887633379,0.019922242206321036,5.273559366969494e-16
development,1,8,4,1.0,1,full_state_oracle,2000,1000,64,0.0,1.0,0.0,1.0,0.0,0.0,3.469446951953614e-16
development,1,8,4,1.0,2,correlon,2000,1000,64,0.0,0.9947871076840422,0.12227230248172627,0.9932798938598877,0.057965964755675344,0.013513027537001378,5.551115123125783e-16
development,1,8,4,1.0,2,cca_equivalent,2000,1000,64,0.0,0.9947871076840422,0.12227230248172627,0.9932798938598877,0.057965964755675344,0.013513027537001378,5.551115123125783e-16
development,1,8,4,1.0,2,block_diagonal,2000,1000,64,0.0,1.0093930009961742,0.16441966528748986,0.9870636053127935,0.08042510393902672,0.023830880408834302,2.220446049250313e-16
development,1,8,4,1.0,2,pca_rank_matched,2000,1000,64,0.0,1.036266389866365,0.21167247730780614,0.9746440037783424,0.11259661678233841,0.12171390164454132,4.163336342344337e-16
development,1,8,4,1.0,2,random_rank_matched,2000,1000,64,0.0,0.9680826081046024,0.21273487600674384,0.9793789703176143,0.10154070534122162,0.038684095101223566,4.718447854656915e-16
development,1,8,4,1.0,2,raw_svd,2000,1000,64,0.0,0.996007759457659,0.12331693143159045,0.9934138030717318,0.057385524865893905,0.014964097766756657,4.440892098500626e-16
development,1,8,4,1.0,2,full_state_oracle,2000,1000,64,0.0,1.0,0.0,1.0,0.0,0.0,3.469446951953614e-16
development,1,8,4,1.0,4,correlon,2000,1000,64,0.0,0.9828882868784373,0.08796147652209725,0.9962386209264218,0.04336691753847707,0.024113375252363407,5.48172618408671e-16
development,1,8,4,1.0,4,cca_equivalent,2000,1000,64,0.0,0.9828882868784373,0.08796147652209725,0.9962386209264218,0.04336691753847707,0.024113375252363407,5.48172618408671e-16
development,1,8,4,1.0,4,block_diagonal,2000,1000,64,0.0,1.0093930009961742,0.16441966528748986,0.9870636053127935,0.08042510393902672,0.023830880408834302,2.220446049250313e-16
development,1,8,4,1.0,4,pca_rank_matched,2000,1000,64,0.0,1.0774547937736345,0.24574340702417544,0.9656294007530623,0.1310927138458461,0.17090537682868961,2.220446049250313e-16
development,1,8,4,1.0,4,random_rank_matched,2000,1000,64,0.0,0.9405693403978284,0.25658406589846044,0.967253376615764,0.12795824198588374,0.057820014418518466,3.885780586188048e-16
development,1,8,4,1.0,4,raw_svd,2000,1000,64,0.0,0.9829506946312887,0.08776171476270724,0.9962510513303307,0.04329519990523961,0.02426917601087319,5.828670879282072e-16
development,1,8,4,1.0,4,full_state_oracle,2000,1000,64,0.0,1.0,0.0,1.0,0.0,0.0,3.469446951953614e-16
development,1,16,1,0.1,1,correlon,2000,1000,64,0.0,0.9801047838034515,0.10074114526388818,0.9952249728719057,0.04886218951343832,0.020910253192967056,3.3306690738754696e-16
development,1,16,1,0.1,1,cca_equivalent,2000,1000,64,0.0,0.9801047838034515,0.10074114526388818,0.9952249728719057,0.04886218951343832,0.020910253192967056,3.3306690738754696e-16
development,1,16,1,0.1,1,block_diagonal,2000,1000,64,0.0,0.9834054075702953,0.09236404191797092,0.9959912463931063,0.04477026695751176,0.018517941713238013,1.1102230246251565e-16
development,1,16,1,0.1,1,pca_rank_matched,2000,1000,64,0.0,1.0388632364702384,0.19553528286237035,0.9794016406284693,0.10148487417228921,0.12475384683250068,1.0547118733938987e-15
development,1,16,1,0.1,1,random_rank_matched,2000,1000,64,0.0,0.9798201470159136,0.102113559912426,0.9954324487448263,0.047788865100427444,0.022182216107252184,4.163336342344337e-16
development,1,16,1,0.1,1,raw_svd,2000,1000,64,0.0,0.9807614404540357,0.0988452262626307,0.9952796965590034,0.04858139273938434,0.020658537087070737,3.885780586188048e-16
development,1,16,1,0.1,1,full_state_oracle,2000,1000,64,0.0,1.0,0.0,1.0,0.0,0.0,5.551115123125783e-16
development,1,16,1,0.1,2,correlon,2000,1000,64,0.0,0.9772336533964061,0.107678579801392,0.9943720331649393,0.0530469925399207,0.023569241073874807,4.996003610813204e-16
development,1,16,1,0.1,2,cca_equivalent,2000,1000,64,0.0,0.9772336533964061,0.107678579801392,0.9943720331649393,0.0530469925399207,0.023569241073874807,4.996003610813204e-16
development,1,16,1,0.1,2,block_diagonal,2000,1000,64,0.0,0.9834054075702953,0.09236404191797092,0.9959912463931063,0.04477026695751176,0.018517941713238013,1.1102230246251565e-16
development,1,16,1,0.1,2,pca_rank_matched,2000,1000,64,0.0,1.0350213959383092,0.20131028425970535,0.9766076835800668,0.10814877812516727,0.11698174882703342,7.771561172376096e-16
development,1,16,1,0.1,2,random_rank_matched,2000,1000,64,0.0,0.9772186221684664,0.107848652329798,0.9945852957134245,0.05203222216365322,0.024801003612402506,4.718447854656915e-16
development,1,16,1,0.1,2,raw_svd,2000,1000,64,0.0,0.9775670536285249,0.10676715802158833,0.9944722944094151,0.05257235771099187,0.023436733138346707,7.216449660063518e-16
development,1,16,1,0.1,2,full_state_oracle,2000,1000,64,0.0,1.0,0.0,1.0,0.0,0.0,5.551115123125783e-16
development,1,16,1,0.1,4,correlon,2000,1000,64,0.0,0.9725444699944878,0.1177427650989903,0.993461087400084,0.057179159664671776,0.027624472868123435,4.440892098500626e-16
development,1,16,1,0.1,4,cca_equivalent,2000,1000,64,0.0,0.9725444699944878,0.1177427650989903,0.993461087400084,0.057179159664671776,0.027624472868123435,4.440892098500626e-16
development,1,16,1,0.1,4,block_diagonal,2000,1000,64,0.0,0.9834054075702953,0.09236404191797092,0.9959912463931063,0.04477026695751176,0.018517941713238013,1.1102230246251565e-16
development,1,16,1,0.1,4,pca_rank_matched,2000,1000,64,0.0,1.0368399993378161,0.22317282291903626,0.9708871035551561,0.12065010659929801,0.10330243521365559,6.106226635438361e-16
development,1,16,1,0.1,4,random_rank_matched,2000,1000,64,0.0,0.972752675124656,0.11851764636673845,0.9933574847435106,0.05763035335866626,0.027064485955873206,4.440892098500626e-16
development,1,16,1,0.1,4,raw_svd,2000,1000,64,0.0,0.9733001301576202,0.11596998666312795,0.9935568299569129,0.05675900828541295,0.026871837721942664,4.440892098500626e-16
development,1,16,1,0.1,4,full_state_oracle,2000,1000,64,0.0,1.0,0.0,1.0,0.0,0.0,5.551115123125783e-16
development,1,16,1,0.25,1,correlon,2000,1000,64,0.0,0.9845562981908896,0.09535994658534715,0.9957722465911298,0.04597691490775631,0.01717093552927959,4.163336342344337e-16
development,1,16,1,0.25,1,cca_equivalent,2000,1000,64,0.0,0.9845562981908896,0.09535994658534715,0.9957722465911298,0.04597691490775631,0.01717093552927959,4.163336342344337e-16
development,1,16,1,0.25,1,block_diagonal,2000,1000,64,0.0,0.9884056062554932,0.08601067453845616,0.9965038523330559,0.041809972894896984,0.018538673590564856,2.220446049250313e-16
development,1,16,1,0.25,1,pca_rank_matched,2000,1000,64,0.0,1.0349908572482223,0.1971393182781063,0.9787470619503386,0.10308476621126297,0.10967604383880353,4.440892098500626e-16
development,1,16,1,0.25,1,random_rank_matched,2000,1000,64,0.0,0.9841606662705074,0.09704704323381595,0.9952630343880429,0.048667060790421095,0.017173936001906535,4.440892098500626e-16
development,1,16,1,0.25,1,raw_svd,2000,1000,64,0.0,0.9851913367372627,0.09408328757031179,0.9958836399732607,0.04536716889304069,0.017082495337874083,3.885780586188048e-16
development,1,16,1,0.25,1,full_state_oracle,2000,1000,64,0.0,1.0,0.0,1.0,0.0,0.0,4.996003610813204e-16
development,1,16,1,0.25,2,correlon,2000,1000,64,0.0,0.9818695527838169,0.10200234936664859,0.9950888221988121,0.04955389894442137,0.019003845584632386,3.885780586188048e-16
development,1,16,1,0.25,2,cca_equivalent,2000,1000,64,0.0,0.9818695527838169,0.10200234936664859,0.9950888221988121,0.04955389894442137,0.019003845584632386,3.885780586188048e-16
development,1,16,1,0.25,2,block_diagonal,2000,1000,64,0.0,0.9884056062554932,0.08601067453845616,0.9965038523330559,0.041809972894896984,0.018538673590564856,2.220446049250313e-16
development,1,16,1,0.25,2,pca_rank_matched,2000,1000,64,0.0,1.0321151322602928,0.20283569384715738,0.9767731454337094,0.10776561271177963,0.10301845750840627,3.3306690738754696e-16
development,1,16,1,0.25,2,random_rank_matched,2000,1000,64,0.0,0.9816754550424941,0.10373845755068084,0.9948156773936835,0.05091327236741177,0.01890313992936179,4.440892098500626e-16
development,1,16,1,0.25,2,raw_svd,2000,1000,64,0.0,0.9825206663921714,0.10079189045359406,0.9952246315227536,0.04886393597146229,0.018503290914593733,2.3765711620882257e-16
development,1,16,1,0.25,2,full_state_oracle,2000,1000,64,0.0,1.0,0.0,1.0,0.0,0.0,4.996003610813204e-16
development,1,16,1,0.25,4,correlon,2000,1000,64,0.0,0.9777463391490364,0.11035952564823256,0.9941633138859045,0.054021690616341524,0.020240797041239524,5.551115123125783e-16
development,1,16,1,0.25,4,cca_equivalent,2000,1000,64,0.0,0.9777463391490364,0.11035952564823256,0.9941633138859045,0.054021690616341524,0.020240797041239524,5.551115123125783e-16
development,1,16,1,0.25,4,block_diagonal,2000,1000,64,0.0,0.9884056062554932,0.08601067453845616,0.9965038523330559,0.041809972894896984,0.018538673590564856,2.220446049250313e-16
development,1,16,1,0.25,4,pca_rank_matched,2000,1000,64,0.0,1.0330552472490153,0.2217545568517818,0.9718139357767841,0.11871407714171031,0.11496112536760265,6.106226635438361e-16
development,1,16,1,0.25,4,random_rank_matched,2000,1000,64,0.0,0.9764728013045039,0.11633640678495988,0.9932256544252098,0.058199422569258266,0.022575428464243177,2.7755575615628914e-16
development,1,16,1,0.25,4,raw_svd,2000,1000,64,0.0,0.9780894026395262,0.10947398131630587,0.994160490065003,0.05403475703191871,0.02039551915720263,4.440892098500626e-16
development,1,16,1,0.25,4,full_state_oracle,2000,1000,64,0.0,1.0,0.0,1.0,0.0,0.0,4.996003610813204e-16
development,1,16,1,0.5,1,correlon,2000,1000,64,0.0,0.9896646101453254,0.09638867602480797,0.995583607917669,0.04699144646811272,0.026787052157191262,6.106226635438361e-16
development,1,16,1,0.5,1,cca_equivalent,2000,1000,64,0.0,0.9896646101453254,0.09638867602480797,0.995583607917669,0.04699144646811272,0.026787052157191262,6.106226635438361e-16
development,1,16,1,0.5,1,block_diagonal,2000,1000,64,0.0,0.9920876898974613,0.09688269866813862,0.9955110778103358,0.047375743739092153,0.024948242071949484,4.440892098500626e-16
development,1,16,1,0.5,1,pca_rank_matched,2000,1000,64,0.0,1.0473049765423936,0.19979830316840455,0.9790315148784123,0.10239259036079637,0.1175312366997233,1.609823385706477e-15
development,1,16,1,0.5,1,random_rank_matched,2000,1000,64,0.0,0.9889748697669308,0.10420017025962401,0.9947709583441897,0.05113238531405692,0.025196220630023507,4.440892098500626e-16
development,1,16,1,0.5,1,raw_svd,2000,1000,64,0.0,0.9896830058184488,0.09585097595216198,0.9956122260218938,0.04683894735210323,0.026952403316776282,4.996003610813204e-16
development,1,16,1,0.5,1,full_state_oracle,2000,1000,64,0.0,1.0,0.0,1.0,0.0,0.0,5.551115123125783e-16
development,1,16,1,0.5,2,correlon,2000,1000,64,0.0,0.9874938186753107,0.10146128251214578,0.9951925444156948,0.0490278267125168,0.028470516790832463,3.469446951953614e-16
development,1,16,1,0.5,2,cca_equivalent,2000,1000,64,0.0,0.9874938186753107,0.10146128251214578,0.9951925444156948,0.0490278267125168,0.028470516790832463,3.469446951953614e-16
development,1,16,1,0.5,2,block_diagonal,2000,1000,64,0.0,0.9920876898974613,0.09688269866813862,0.9955110778103358,0.047375743739092153,0.024948242071949484,4.440892098500626e-16
development,1,16,1,0.5,2,pca_rank_matched,2000,1000,64,0.0,1.0430307468870605,0.2046762386727645,0.976857264885976,0.10757029123792491,0.11174241747252953,8.881784197001252e-16
development,1,16,1,0.5,2,random_rank_matched,2000,1000,64,0.0,0.9855662890981239,0.11342871397881361,0.9937712680145152,0.05580650493215275,0.030559431340508286,4.996003610813204e-16
development,1,16,1,0.5,2,raw_svd,2000,1000,64,0.0,0.9879493890838097,0.10024257272035086,0.9951962950639458,0.04900869788136709,0.028178041956191856,5.551115123125783e-16
development,1,16,1,0.5,2,full_state_oracle,2000,1000,64,0.0,1.0,0.0,1.0,0.0,0.0,5.551115123125783e-16
development,1,16,1,0.5,4,correlon,2000,1000,64,0.0,0.9839874338240107,0.10954236055248419,0.9943240988537091,0.05327241850287506,0.030545344278668222,6.106226635438361e-16
development,1,16,1,0.5,4,cca_equivalent,2000,1000,64,0.0,0.9839874338240107,0.10954236055248419,0.9943240988537091,0.05327241850287506,0.030545344278668222,6.106226635438361e-16
development,1,16,1,0.5,4,block_diagonal,2000,1000,64,0.0,0.9920876898974613,0.09688269866813862,0.9955110778103358,0.047375743739092153,0.024948242071949484,4.440892098500626e-16
development,1,16,1,0.5,4,pca_rank_matched,2000,1000,64,0.0,1.0391550376987029,0.2182341666059403,0.972273926522807,0.11774139772652817,0.11988775664267062,6.661338147750939e-16
development,1,16,1,0.5,4,random_rank_matched,2000,1000,64,0.0,0.9832890948342572,0.11557942022353342,0.993672351344705,0.056247882872579986,0.0314908215074514,7.771561172376096e-16
development,1,16,1,0.5,4,raw_svd,2000,1000,64,0.0,0.9845447765054933,0.10818050982161585,0.9943836601818774,0.05299216837478294,0.03010271713078683,3.3306690738754696e-16
development,1,16,1,0.5,4,full_state_oracle,2000,1000,64,0.0,1.0,0.0,1.0,0.0,0.0,5.551115123125783e-16
development,1,16,1,1.0,1,correlon,2000,1000,64,0.0,0.9779319250672264,0.10311664717574939,0.9948531235153452,0.05072906703584655,0.019382731062091072,4.440892098500626e-16
development,1,16,1,1.0,1,cca_equivalent,2000,1000,64,0.0,0.9779319250672264,0.10311664717574939,0.9948531235153452,0.05072906703584655,0.019382731062091072,4.440892098500626e-16
development,1,16,1,1.0,1,block_diagonal,2000,1000,64,0.0,0.9822618704719658,0.11814619449257162,0.9930991208644335,0.05874044235263482,0.01942241996050681,1.7547029361987327e-16
development,1,16,1,1.0,1,pca_rank_matched,2000,1000,64,0.0,1.0314488589520716,0.1960593244091278,0.97921896351154,0.10193389153873197,0.12334033234200019,7.216449660063518e-16
development,1,16,1,1.0,1,random_rank_matched,2000,1000,64,0.0,0.9696892299536051,0.1437993269525775,0.9896338330397328,0.07199363499736304,0.029883022621081133,6.661338147750939e-16
development,1,16,1,1.0,1,raw_svd,2000,1000,64,0.0,0.9780511569982978,0.10319027067719455,0.9948295288988289,0.05084521167804808,0.019248849642339756,3.3306690738754696e-16
development,1,16,1,1.0,1,full_state_oracle,2000,1000,64,0.0,1.0,0.0,1.0,0.0,0.0,4.440892098500626e-16
development,1,16,1,1.0,2,correlon,2000,1000,64,0.0,0.974789851930833,0.11018457517033667,0.9942438095882411,0.05364788165323412,0.02232134095938928,2.7755575615628914e-16
development,1,16,1,1.0,2,cca_equivalent,2000,1000,64,0.0,0.974789851930833,0.11018457517033667,0.9942438095882411,0.05364788165323412,0.02232134095938928,2.7755575615628914e-16
development,1,16,1,1.0,2,block_diagonal,2000,1000,64,0.0,0.9822618704719658,0.11814619449257162,0.9930991208644335,0.05874044235263482,0.01942241996050681,1.7547029361987327e-16
development,1,16,1,1.0,2,pca_rank_matched,2000,1000,64,0.0,1.0263676324698643,0.20678675671523744,0.975866141432245,0.10984957571095794,0.1141489583556865,6.661338147750939e-16
development,1,16,1,1.0,2,random_rank_matched,2000,1000,64,0.0,0.9689340160857711,0.14416758865117663,0.9890891455285677,0.07386086403309991,0.0274476289817026,4.440892098500626e-16
development,1,16,1,1.0,2,raw_svd,2000,1000,64,0.0,0.9758075297006111,0.10812815866477668,0.9943604014327267,0.05310178230188372,0.020903608192481472,3.3306690738754696e-16
development,1,16,1,1.0,2,full_state_oracle,2000,1000,64,0.0,1.0,0.0,1.0,0.0,0.0,4.440892098500626e-16
development,1,16,1,1.0,4,correlon,2000,1000,64,0.0,0.9704435340548828,0.11963666966381616,0.9929968535245962,0.059174092622548254,0.025144710610579046,5.499073418846478e-16
development,1,16,1,1.0,4,cca_equivalent,2000,1000,64,0.0,0.9704435340548828,0.11963666966381616,0.9929968535245962,0.059174092622548254,0.025144710610579046,5.499073418846478e-16
development,1,16,1,1.0,4,block_diagonal,2000,1000,64,0.0,0.9822618704719658,0.11814619449257162,0.9930991208644335,0.05874044235263482,0.01942241996050681,1.7547029361987327e-16
development,1,16,1,1.0,4,pca_rank_matched,2000,1000,64,0.0,1.0278767063492185,0.223530021328228,0.9714615386414736,0.119453885157676,0.11862976739664194,9.992007221626409e-16
development,1,16,1,1.0,4,random_rank_matched,2000,1000,64,0.0,0.960271830959248,0.16059855604655568,0.9866929051315694,0.08156927996626727,0.038229154281444994,3.885780586188048e-16
development,1,16,1,1.0,4,raw_svd,2000,1000,64,0.0,0.9712098987038422,0.11810623603599454,0.9932027527834877,0.05829771529190636,0.02451132414257873,4.996003610813204e-16
development,1,16,1,1.0,4,full_state_oracle,2000,1000,64,0.0,1.0,0.0,1.0,0.0,0.0,4.440892098500626e-16
development,1,16,2,0.1,1,correlon,2000,1000,64,0.0,0.97737402175183,0.10386262997644102,0.9950059112027838,0.04997043524533351,0.019387329597511528,4.440892098500626e-16
development,1,16,2,0.1,1,cca_equivalent,2000,1000,64,0.0,0.97737402175183,0.10386262997644102,0.9950059112027838,0.04997043524533351,0.019387329597511528,4.440892098500626e-16
development,1,16,2,0.1,1,block_diagonal,2000,1000,64,0.0,0.9803785942614373,0.09648160663429245,0.9956648829533548,0.04655704590416639,0.016846602589773513,2.225840703644867e-16
development,1,16,2,0.1,1,pca_rank_matched,2000,1000,64,0.0,1.0289449340193897,0.19524162787437893,0.9803006084329517,0.09924563357409767,0.11189880980224047,9.992007221626409e-16
development,1,16,2,0.1,1,random_rank_matched,2000,1000,64,0.0,0.9775031882999827,0.10383561792751389,0.9946767678538599,0.05159085261041922,0.018838201888920013,3.3306690738754696e-16
development,1,16,2,0.1,1,raw_svd,2000,1000,64,0.0,0.9775724848952505,0.10339569681164296,0.9950916654836056,0.04953955246262513,0.01910016054160462,3.885780586188048e-16
development,1,16,2,0.1,1,full_state_oracle,2000,1000,64,0.0,1.0,0.0,1.0,0.0,0.0,3.3306690738754696e-16
development,1,16,2,0.1,2,correlon,2000,1000,64,0.0,0.9751714944865373,0.10910770219477929,0.9945065778547928,0.05240907433454197,0.021270315680693316,6.106226635438361e-16
development,1,16,2,0.1,2,cca_equivalent,2000,1000,64,0.0,0.9751714944865373,0.10910770219477929,0.9945065778547928,0.05240907433454197,0.021270315680693316,6.106226635438361e-16
development,1,16,2,0.1,2,block_diagonal,2000,1000,64,0.0,0.9803785942614373,0.09648160663429245,0.9956648829533548,0.04655704590416639,0.016846602589773513,2.225840703644867e-16
development,1,16,2,0.1,2,pca_rank_matched,2000,1000,64,0.0,1.0257527757681866,0.19903974564736898,0.9784517637184614,0.10379844960677061,0.10975860210211044,9.159339953157541e-16
development,1,16,2,0.1,2,random_rank_matched,2000,1000,64,0.0,0.9749201231498024,0.10953262597057943,0.9942329077784005,0.05369866023281958,0.020727799915730004,4.440892098500626e-16
development,1,16,2,0.1,2,raw_svd,2000,1000,64,0.0,0.975407359427002,0.10851179011714392,0.9945722045173235,0.05209508365804096,0.020955361539811854,4.3021142204224816e-16
development,1,16,2,0.1,2,full_state_oracle,2000,1000,64,0.0,1.0,0.0,1.0,0.0,0.0,3.3306690738754696e-16
development,1,16,2,0.1,4,correlon,2000,1000,64,0.0,0.9719589485908362,0.11617738511637817,0.9937465191488231,0.0559172641103663,0.02353716951983259,4.996003610813204e-16
development,1,16,2,0.1,4,cca_equivalent,2000,1000,64,0.0,0.9719589485908362,0.11617738511637817,0.9937465191488231,0.0559172641103663,0.02353716951983259,4.996003610813204e-16
development,1,16,2,0.1,4,block_diagonal,2000,1000,64,0.0,0.9803785942614373,0.09648160663429245,0.9956648829533548,0.04655704590416639,0.016846602589773513,2.225840703644867e-16
development,1,16,2,0.1,4,pca_rank_matched,2000,1000,64,0.0,1.026996788085365,0.22187555446831675,0.9728005200219474,0.11661792310372482,0.12560976497672294,1.1102230246251565e-15
development,1,16,2,0.1,4,random_rank_matched,2000,1000,64,0.0,0.9722062558405454,0.11606779186430809,0.9936558197825833,0.056321311319148026,0.02160562863856004,2.7755575615628914e-16
development,1,16,2,0.1,4,raw_svd,2000,1000,64,0.0,0.9723594115405073,0.11517796073935677,0.9938805170635162,0.05531492988553681,0.023378909651727554,3.608224830031759e-16
development,1,16,2,0.1,4,full_state_oracle,2000,1000,64,0.0,1.0,0.0,1.0,0.0,0.0,3.3306690738754696e-16
development,1,16,2,0.25,1,correlon,2000,1000,64,0.0,0.986910501697003,0.09394676974057188,0.9957816494331544,0.04592575838701877,0.02090594988584956,3.3306690738754696e-16
development,1,16,2,0.25,1,cca_equivalent,2000,1000,64,0.0,0.986910501697003,0.09394676974057188,0.9957816494331544,0.04592575838701877,0.02090594988584956,3.3306690738754696e-16
development,1,16,2,0.25,1,block_diagonal,2000,1000,64,0.0,0.9903217577704473,0.08594542852027286,0.9964154604233766,0.042335207432014486,0.018268868372992093,3.330669073875596e-16
development,1,16,2,0.25,1,pca_rank_matched,2000,1000,64,0.0,1.0452071404601644,0.1971784496475254,0.9790174309881681,0.10242697157446332,0.10799792028500879,1.0547118733938987e-15
development,1,16,2,0.25,1,random_rank_matched,2000,1000,64,0.0,0.986717016663964,0.09577342006812271,0.9953515597450063,0.048210166225567425,0.02209791717018388,2.7755575615628914e-16
development,1,16,2,0.25,1,raw_svd,2000,1000,64,0.0,0.9872292862925337,0.09315223300748181,0.9957203983574173,0.04625798116316081,0.020621894986793614,2.7755575615628914e-16
development,1,16,2,0.25,1,full_state_oracle,2000,1000,64,0.0,1.0,0.0,1.0,0.0,0.0,3.885780586188048e-16
development,1,16,2,0.25,2,correlon,2000,1000,64,0.0,0.9845935527895715,0.09997001178073296,0.9950954066900471,0.04952066896737564,0.021876957926499054,4.996003610813204e-16
development,1,16,2,0.25,2,cca_equivalent,2000,1000,64,0.0,0.9845935527895715,0.09997001178073296,0.9950954066900471,0.04952066896737564,0.021876957926499054,4.996003610813204e-16
development,1,16,2,0.25,2,block_diagonal,2000,1000,64,0.0,0.9903217577704473,0.08594542852027286,0.9964154604233766,0.042335207432014486,0.018268868372992093,3.330669073875596e-16
development,1,16,2,0.25,2,pca_rank_matched,2000,1000,64,0.0,1.0398977942662506,0.2010256988146584,0.9774703190335077,0.10613595283053795,0.10507594033901166,6.661338147750939e-16
development,1,16,2,0.25,2,random_rank_matched,2000,1000,64,0.0,0.9837092724808211,0.10439205794341071,0.9946441907344908,0.051748474690126084,0.023463860697887882,4.718447854656915e-16
development,1,16,2,0.25,2,raw_svd,2000,1000,64,0.0,0.9845862099526037,0.10011095815377051,0.9950925393026148,0.04953514256255494,0.02203284107353931,4.996003610813204e-16
development,1,16,2,0.25,2,full_state_oracle,2000,1000,64,0.0,1.0,0.0,1.0,0.0,0.0,3.885780586188048e-16
development,1,16,2,0.25,4,correlon,2000,1000,64,0.0,0.9814968878066624,0.10611383054254102,0.9944874380584714,0.05250029495883179,0.025526503441000978,3.3306690738754696e-16
development,1,16,2,0.25,4,cca_equivalent,2000,1000,64,0.0,0.9814968878066624,0.10611383054254102,0.9944874380584714,0.05250029495883179,0.025526503441000978,3.3306690738754696e-16
development,1,16,2,0.25,4,block_diagonal,2000,1000,64,0.0,0.9903217577704473,0.08594542852027286,0.9964154604233766,0.042335207432014486,0.018268868372992093,3.330669073875596e-16
development,1,16,2,0.25,4,pca_rank_matched,2000,1000,64,0.0,1.0358076340275233,0.2210142666305294,0.9710680874564102,0.120274503831007,0.12995545305647282,1.3322676295501878e-15
development,1,16,2,0.25,4,random_rank_matched,2000,1000,64,0.0,0.9806934423971814,0.10976199825279091,0.9942315107097026,0.05370516404544979,0.027308069006220053,5.412337245047638e-16
development,1,16,2,0.25,4,raw_svd,2000,1000,64,0.0,0.9817742106922109,0.10531100843758308,0.9945136485602015,0.05237533503376653,0.025322519327136465,2.220446049250313e-16
development,1,16,2,0.25,4,full_state_oracle,2000,1000,64,0.0,1.0,0.0,1.0,0.0,0.0,3.885780586188048e-16
development,1,16,2,0.5,1,correlon,2000,1000,64,0.0,0.9834002463465664,0.10199428855888473,0.9950435714660175,0.04978166597243672,0.014034445180352642,3.885780586188048e-16
development,1,16,2,0.5,1,cca_equivalent,2000,1000,64,0.0,0.9834002463465664,0.10199428855888473,0.9950435714660175,0.04978166597243672,0.014034445180352642,3.885780586188048e-16
development,1,16,2,0.5,1,block_diagonal,2000,1000,64,0.0,0.9876472879360292,0.09741852426162352,0.9954709262515391,0.047587150305838495,0.009650964746355507,2.2204460492180013e-16
development,1,16,2,0.5,1,pca_rank_matched,2000,1000,64,0.0,1.0360073763419215,0.19971596457948032,0.9787994376855146,0.10295766682109074,0.10734862335418756,7.771561172376096e-16
development,1,16,2,0.5,1,random_rank_matched,2000,1000,64,0.0,0.9826577253661424,0.10982207598343259,0.9942997249425062,0.05338667931934773,0.013746400978387283,5.828670879282072e-16
development,1,16,2,0.5,1,raw_svd,2000,1000,64,0.0,0.9835423714931254,0.10338524895070467,0.9948628545131426,0.05068108861724174,0.013248067550650803,4.440892098500626e-16
development,1,16,2,0.5,1,full_state_oracle,2000,1000,64,0.0,1.0,0.0,1.0,0.0,0.0,6.696032617270475e-16
development,1,16,2,0.5,2,correlon,2000,1000,64,0.0,0.9803335356740277,0.10731157013689241,0.9944317296836016,0.05276490460712718,0.01488363386648071,4.579669976578771e-16
development,1,16,2,0.5,2,cca_equivalent,2000,1000,64,0.0,0.9803335356740277,0.10731157013689241,0.9944317296836016,0.05276490460712718,0.01488363386648071,4.579669976578771e-16
development,1,16,2,0.5,2,block_diagonal,2000,1000,64,0.0,0.9876472879360292,0.09741852426162352,0.9954709262515391,0.047587150305838495,0.009650964746355507,2.2204460492180013e-16
development,1,16,2,0.5,2,pca_rank_matched,2000,1000,64,0.0,1.0334281345370495,0.20634122215072118,0.9764373271169314,0.10854186492563263,0.09766949564143709,4.440892098500626e-16
development,1,16,2,0.5,2,random_rank_matched,2000,1000,64,0.0,0.9801689636226836,0.114255497745435,0.9934532548601633,0.05721339502178135,0.01640363989397995,3.2959746043559335e-16
development,1,16,2,0.5,2,raw_svd,2000,1000,64,0.0,0.9807867649971401,0.10710795792575363,0.9944913818467548,0.05248151176007207,0.014236874133058353,4.996003610813204e-16
development,1,16,2,0.5,2,full_state_oracle,2000,1000,64,0.0,1.0,0.0,1.0,0.0,0.0,6.696032617270475e-16
development,1,16,2,0.5,4,correlon,2000,1000,64,0.0,0.9771567659692557,0.11184062071386039,0.9938406474182744,0.05549483120852588,0.016983973674159575,4.996003610813204e-16
development,1,16,2,0.5,4,cca_equivalent,2000,1000,64,0.0,0.9771567659692557,0.11184062071386039,0.9938406474182744,0.05549483120852588,0.016983973674159575,4.996003610813204e-16
development,1,16,2,0.5,4,block_diagonal,2000,1000,64,0.0,0.9876472879360292,0.09741852426162352,0.9954709262515391,0.047587150305838495,0.009650964746355507,2.2204460492180013e-16
development,1,16,2,0.5,4,pca_rank_matched,2000,1000,64,0.0,1.0327438084020608,0.22373527370250915,0.9696056568822575,0.12327680868221427,0.10957394806181132,6.661338147750939e-16
development,1,16,2,0.5,4,random_rank_matched,2000,1000,64,0.0,0.9755413414892443,0.12460654979388806,0.9923365394473918,0.06190097152956583,0.022941478125436954,6.106226635438361e-16
development,1,16,2,0.5,4,raw_svd,2000,1000,64,0.0,0.9778060420558992,0.1105216909199895,0.9939491045277788,0.055004070177674634,0.016115269796072813,3.608224830031759e-16
development,1,16,2,0.5,4,full_state_oracle,2000,1000,64,0.0,1.0,0.0,1.0,0.0,0.0,6.696032617270475e-16
development,1,16,2,1.0,1,correlon,2000,1000,64,0.0,0.9820157227999334,0.10334526750221688,0.9948503861658554,0.05074255528717776,0.01728185210977848,4.440892098500626e-16
development,1,16,2,1.0,1,cca_equivalent,2000,1000,64,0.0,0.9820157227999334,0.10334526750221688,0.9948503861658554,0.05074255528717776,0.01728185210977848,4.440892098500626e-16
development,1,16,2,1.0,1,block_diagonal,2000,1000,64,0.0,0.9876806995766666,0.1153797456271446,0.9936886617497955,0.05617534267899198,0.019508556300818873,1.708517615676233e-16
development,1,16,2,1.0,1,pca_rank_matched,2000,1000,64,0.0,1.0368074646979293,0.19923115884959097,0.9782453776283495,0.10429434877223819,0.11564372640340048,7.216449660063518e-16
development,1,16,2,1.0,1,random_rank_matched,2000,1000,64,0.0,0.9769072556302819,0.13329334331157666,0.9917106239099511,0.06437925166561378,0.021879481833013907,4.996003610813204e-16
development,1,16,2,1.0,1,raw_svd,2000,1000,64,0.0,0.9823273327193957,0.10390651764134017,0.9947667207654804,0.05115309978153567,0.01773336907980272,2.220446049250313e-16
development,1,16,2,1.0,1,full_state_oracle,2000,1000,64,0.0,1.0,0.0,1.0,0.0,0.0,5.551115123125783e-16
development,1,16,2,1.0,2,correlon,2000,1000,64,0.0,0.9778015836937223,0.09650624420324264,0.9954674654285922,0.047605328333117196,0.02139381160115874,7.771561172376096e-16
development,1,16,2,1.0,2,cca_equivalent,2000,1000,64,0.0,0.9778015836937223,0.09650624420324264,0.9954674654285922,0.047605328333117196,0.02139381160115874,7.771561172376096e-16
development,1,16,2,1.0,2,block_diagonal,2000,1000,64,0.0,0.9876806995766666,0.1153797456271446,0.9936886617497955,0.05617534267899198,0.019508556300818873,1.708517615676233e-16
development,1,16,2,1.0,2,pca_rank_matched,2000,1000,64,0.0,1.0331578684115093,0.20015078383383722,0.9773944851890572,0.10631442708057738,0.1109643760645724,4.163336342344337e-16
development,1,16,2,1.0,2,random_rank_matched,2000,1000,64,0.0,0.9684846936473576,0.15096705333472807,0.9892261601560961,0.07339563966579983,0.031982989099894166,5.551115123125783e-16
development,1,16,2,1.0,2,raw_svd,2000,1000,64,0.0,0.9780018135157167,0.09578558908236473,0.9954818090431894,0.04752994296656881,0.02129364203924727,2.7755575615628914e-16
development,1,16,2,1.0,2,full_state_oracle,2000,1000,64,0.0,1.0,0.0,1.0,0.0,0.0,5.551115123125783e-16
development,1,16,2,1.0,4,correlon,2000,1000,64,0.0,0.9719173875023023,0.11068239663961721,0.9943957356390377,0.052935169599059174,0.024728309125839967,4.510281037539698e-16
development,1,16,2,1.0,4,cca_equivalent,2000,1000,64,0.0,0.9719173875023023,0.11068239663961721,0.9943957356390377,0.052935169599059174,0.024728309125839967,4.510281037539698e-16
development,1,16,2,1.0,4,block_diagonal,2000,1000,64,0.0,0.9876806995766666,0.1153797456271446,0.9936886617497955,0.05617534267899198,0.019508556300818873,1.708517615676233e-16
development,1,16,2,1.0,4,pca_rank_matched,2000,1000,64,0.0,1.0317661263210474,0.21752478307385165,0.9723340634082336,0.11761363992277085,0.11997288431174964,8.881784197001252e-16
development,1,16,2,1.0,4,random_rank_matched,2000,1000,64,0.0,0.9634635071087214,0.16044697411692185,0.9869811231829935,0.08068109077412927,0.03225295075225215,6.626643678231403e-16
development,1,16,2,1.0,4,raw_svd,2000,1000,64,0.0,0.9727633053709734,0.10867956319225375,0.9944780885527482,0.052544797303119506,0.024954356532418745,7.216449660063518e-16
development,1,16,2,1.0,4,full_state_oracle,2000,1000,64,0.0,1.0,0.0,1.0,0.0,0.0,5.551115123125783e-16
development,1,16,4,0.1,1,correlon,2000,1000,64,0.0,0.9745550274842859,0.1022733467394441,0.9950301882385562,0.049848830284389585,0.025485659250159116,2.220446049250313e-16
development,1,16,4,0.1,1,cca_equivalent,2000,1000,64,0.0,0.9745550274842859,0.1022733467394441,0.9950301882385562,0.049848830284389585,0.025485659250159116,2.220446049250313e-16
development,1,16,4,0.1,1,block_diagonal,2000,1000,64,0.0,0.9787240060358899,0.09097597439687845,0.9960553606099662,0.04441080606132862,0.020680249752099034,3.3306690738754696e-16
development,1,16,4,0.1,1,pca_rank_matched,2000,1000,64,0.0,1.0282194716354411,0.19650271199305624,0.9774185339213226,0.106257861070787,0.11199293269940734,1.3877787807814457e-15
development,1,16,4,0.1,1,random_rank_matched,2000,1000,64,0.0,0.9748767940129915,0.10125567738623394,0.9949717598144775,0.05014100211165738,0.02358637311539727,5.551115123125783e-16
development,1,16,4,0.1,1,raw_svd,2000,1000,64,0.0,0.9762080726271642,0.0972921455433697,0.9954058842428691,0.04792763168116501,0.022200020473492336,4.440892098500626e-16
development,1,16,4,0.1,1,full_state_oracle,2000,1000,64,0.0,1.0,0.0,1.0,0.0,0.0,3.3306690738754696e-16
development,1,16,4,0.1,2,correlon,2000,1000,64,0.0,0.9717774430396362,0.10871654388585404,0.994358561692102,0.05311044298392711,0.02659152232400381,3.885780586188048e-16
development,1,16,4,0.1,2,cca_equivalent,2000,1000,64,0.0,0.9717774430396362,0.10871654388585404,0.994358561692102,0.05311044298392711,0.02659152232400381,3.885780586188048e-16
development,1,16,4,0.1,2,block_diagonal,2000,1000,64,0.0,0.9787240060358899,0.09097597439687845,0.9960553606099662,0.04441080606132862,0.020680249752099034,3.3306690738754696e-16
development,1,16,4,0.1,2,pca_rank_matched,2000,1000,64,0.0,1.024759834682716,0.20256515136084477,0.9753834462443169,0.1109426738358218,0.11170984885396573,1.2212453270876722e-15
development,1,16,4,0.1,2,random_rank_matched,2000,1000,64,0.0,0.970179110907971,0.11280528601282508,0.9934885851326672,0.05705880680198626,0.026056940121611978,5.551115123125783e-16
development,1,16,4,0.1,2,raw_svd,2000,1000,64,0.0,0.972271635211676,0.10732501271064372,0.9945143056182849,0.052372198644486216,0.02632103679234562,4.996003610813204e-16
development,1,16,4,0.1,2,full_state_oracle,2000,1000,64,0.0,1.0,0.0,1.0,0.0,0.0,3.3306690738754696e-16
development,1,16,4,0.1,4,correlon,2000,1000,64,0.0,0.967709997137923,0.11761414073219097,0.9931833872542186,0.0583807020589055,0.029500184802761842,3.885780586188048e-16
development,1,16,4,0.1,4,cca_equivalent,2000,1000,64,0.0,0.967709997137923,0.11761414073219097,0.9931833872542186,0.0583807020589055,0.029500184802761842,3.885780586188048e-16
development,1,16,4,0.1,4,block_diagonal,2000,1000,64,0.0,0.9787240060358899,0.09097597439687845,0.9960553606099662,0.04441080606132862,0.020680249752099034,3.3306690738754696e-16
development,1,16,4,0.1,4,pca_rank_matched,2000,1000,64,0.0,1.026013073772218,0.2244387180109833,0.9697016033486654,0.1230820796284628,0.13116814743705285,3.885780586188048e-16
development,1,16,4,0.1,4,random_rank_matched,2000,1000,64,0.0,0.966564684265707,0.11992818812862116,0.9930442795224312,0.05897338585145306,0.027783476718922756,4.996003610813204e-16
development,1,16,4,0.1,4,raw_svd,2000,1000,64,0.0,0.9683093579034949,0.11611232263383431,0.9934257654593915,0.05733338704720172,0.02862677225821034,4.440892098500626e-16
development,1,16,4,0.1,4,full_state_oracle,2000,1000,64,0.0,1.0,0.0,1.0,0.0,0.0,3.3306690738754696e-16
development,1,16,4,0.25,1,correlon,2000,1000,64,0.0,0.9734158287855724,0.10590338944392466,0.9949445413209681,0.05027652871386343,0.027551157875050435,3.3306690738754696e-16
development,1,16,4,0.25,1,cca_equivalent,2000,1000,64,0.0,0.9734158287855724,0.10590338944392466,0.9949445413209681,0.05027652871386343,0.027551157875050435,3.3306690738754696e-16
development,1,16,4,0.25,1,block_diagonal,2000,1000,64,0.0,0.9766879069518225,0.09944957589875891,0.9953246401393776,0.04834955977370688,0.024165432941377997,1.7370460896926921e-16
development,1,16,4,0.25,1,pca_rank_matched,2000,1000,64,0.0,1.033269824965031,0.19989275824378042,0.9786803879744482,0.10324633655862031,0.11150814907417617,9.020562075079397e-16
development,1,16,4,0.25,1,random_rank_matched,2000,1000,64,0.0,0.9734848584210124,0.10712551714672448,0.9945383983364278,0.05225706489830935,0.027874490339721905,3.3306690738754696e-16
development,1,16,4,0.25,1,raw_svd,2000,1000,64,0.0,0.9746389468707082,0.10382543814611031,0.9948982768050746,0.05050605505741578,0.02607418039288812,5.551115123125783e-16
development,1,16,4,0.25,1,full_state_oracle,2000,1000,64,0.0,1.0,0.0,1.0,0.0,0.0,4.440892098500626e-16
development,1,16,4,0.25,2,correlon,2000,1000,64,0.0,0.971432297952497,0.11030306884904796,0.9944679937553305,0.0525928048532763,0.028264368719458907,4.440892098500626e-16
development,1,16,4,0.25,2,cca_equivalent,2000,1000,64,0.0,0.971432297952497,0.11030306884904796,0.9944679937553305,0.0525928048532763,0.028264368719458907,4.440892098500626e-16
development,1,16,4,0.25,2,block_diagonal,2000,1000,64,0.0,0.9766879069518225,0.09944957589875891,0.9953246401393776,0.04834955977370688,0.024165432941377997,1.7370460896926921e-16
development,1,16,4,0.25,2,pca_rank_matched,2000,1000,64,0.0,1.029614576243999,0.20346808314353185,0.9765765962372952,0.1082206167111998,0.11289672969125242,1.1379786002407855e-15
development,1,16,4,0.25,2,random_rank_matched,2000,1000,64,0.0,0.9716159332127892,0.11072262544962495,0.993938496726674,0.05505226277513933,0.02787664707731989,4.440892098500626e-16
development,1,16,4,0.25,2,raw_svd,2000,1000,64,0.0,0.9719885432873547,0.10931103168265123,0.994478718694966,0.05254179909859413,0.027801340317125126,3.608224830031759e-16
development,1,16,4,0.25,2,full_state_oracle,2000,1000,64,0.0,1.0,0.0,1.0,0.0,0.0,4.440892098500626e-16
development,1,16,4,0.25,4,correlon,2000,1000,64,0.0,0.9675780982615001,0.11804279824374161,0.9934531699320491,0.05721376612298337,0.032114265408422105,6.661338147750939e-16
development,1,16,4,0.25,4,cca_equivalent,2000,1000,64,0.0,0.9675780982615001,0.11804279824374161,0.9934531699320491,0.05721376612298337,0.032114265408422105,6.661338147750939e-16
development,1,16,4,0.25,4,block_diagonal,2000,1000,64,0.0,0.9766879069518225,0.09944957589875891,0.9953246401393776,0.04834955977370688,0.024165432941377997,1.7370460896926921e-16
development,1,16,4,0.25,4,pca_rank_matched,2000,1000,64,0.0,1.0246164688342536,0.22132097244646218,0.9701376863562283,0.1221931128250928,0.12959068607191712,1.1102230246251565e-15
development,1,16,4,0.25,4,random_rank_matched,2000,1000,64,0.0,0.9673994674278764,0.1200577817558508,0.9930690849072752,0.058868136936397274,0.03147773077058708,4.440892098500626e-16
development,1,16,4,0.25,4,raw_svd,2000,1000,64,0.0,0.9682169982250707,0.11685184623587036,0.9934737616123999,0.05712371831209912,0.03141229145634042,3.885780586188048e-16
development,1,16,4,0.25,4,full_state_oracle,2000,1000,64,0.0,1.0,0.0,1.0,0.0,0.0,4.440892098500626e-16
development,1,16,4,0.5,1,correlon,2000,1000,64,0.0,0.9982347394685395,0.10369683706423875,0.994646756795162,0.05173607641113654,0.02124874993120867,4.163336342344337e-16
development,1,16,4,0.5,1,cca_equivalent,2000,1000,64,0.0,0.9982347394685395,0.10369683706423875,0.994646756795162,0.05173607641113654,0.02124874993120867,4.163336342344337e-16
development,1,16,4,0.5,1,block_diagonal,2000,1000,64,0.0,1.0027757738595413,0.10067192942554785,0.9950915052190143,0.049540361226910905,0.019703597066873774,2.220446049250313e-16
development,1,16,4,0.5,1,pca_rank_matched,2000,1000,64,0.0,1.0498809462393315,0.20132336850506252,0.977948327528816,0.10500398199874135,0.11794445715577828,1.5543122344752192e-15
development,1,16,4,0.5,1,random_rank_matched,2000,1000,64,0.0,0.9952732184112006,0.12068658585584383,0.9928382283325308,0.05984050328777811,0.024686727737538033,2.7755575615628914e-16
development,1,16,4,0.5,1,raw_svd,2000,1000,64,0.0,0.9985485492339002,0.10339112218771218,0.9947176985205838,0.05139212721524692,0.02093501453726833,4.440892098500626e-16
development,1,16,4,0.5,1,full_state_oracle,2000,1000,64,0.0,1.0,0.0,1.0,0.0,0.0,5.551115123125783e-16
development,1,16,4,0.5,2,correlon,2000,1000,64,0.0,0.9954723480857129,0.10497442071778987,0.9944212165613988,0.05281469226740438,0.02177663402290884,2.7755575615628914e-16
development,1,16,4,0.5,2,cca_equivalent,2000,1000,64,0.0,0.9954723480857129,0.10497442071778987,0.9944212165613988,0.05281469226740438,0.02177663402290884,2.7755575615628914e-16
development,1,16,4,0.5,2,block_diagonal,2000,1000,64,0.0,1.0027757738595413,0.10067192942554785,0.9950915052190143,0.049540361226910905,0.019703597066873774,2.220446049250313e-16
development,1,16,4,0.5,2,pca_rank_matched,2000,1000,64,0.0,1.0460488183094483,0.2039781021472236,0.974781089628882,0.11229183044887547,0.11201684703821213,1.3322676295501878e-15
development,1,16,4,0.5,2,random_rank_matched,2000,1000,64,0.0,0.9921088827540753,0.12433704137832564,0.9922736707363655,0.062154361325792606,0.02242849305671969,4.996003610813204e-16
development,1,16,4,0.5,2,raw_svd,2000,1000,64,0.0,0.9960919038575925,0.10392735747397948,0.9945612754056108,0.052147505186678,0.020667623951812264,4.440892098500626e-16
development,1,16,4,0.5,2,full_state_oracle,2000,1000,64,0.0,1.0,0.0,1.0,0.0,0.0,5.551115123125783e-16
development,1,16,4,0.5,4,correlon,2000,1000,64,0.0,0.9904928293100916,0.10884662610138739,0.993893848986046,0.05525464240203632,0.0251398676049637,3.885780586188048e-16
development,1,16,4,0.5,4,cca_equivalent,2000,1000,64,0.0,0.9904928293100916,0.10884662610138739,0.993893848986046,0.05525464240203632,0.0251398676049637,3.885780586188048e-16
development,1,16,4,0.5,4,block_diagonal,2000,1000,64,0.0,1.0027757738595413,0.10067192942554785,0.9950915052190143,0.049540361226910905,0.019703597066873774,2.220446049250313e-16
development,1,16,4,0.5,4,pca_rank_matched,2000,1000,64,0.0,1.0458901523620419,0.21931266800890808,0.9698862208324559,0.12270651809815193,0.1193528099055984,7.771561172376096e-16
development,1,16,4,0.5,4,random_rank_matched,2000,1000,64,0.0,0.9865204578343093,0.13449497632340393,0.9904182663457903,0.0692160879211244,0.029930360680254214,3.3306690738754696e-16
development,1,16,4,0.5,4,raw_svd,2000,1000,64,0.0,0.9908149242659935,0.10844214767653221,0.9939302688311051,0.055089614125054885,0.024767765261869558,3.885780586188048e-16
development,1,16,4,0.5,4,full_state_oracle,2000,1000,64,0.0,1.0,0.0,1.0,0.0,0.0,5.551115123125783e-16
development,1,16,4,1.0,1,correlon,2000,1000,64,0.0,0.9782561352229646,0.14014262736652536,0.9910605064264841,0.06685616491213033,0.016730954294441554,5.551115123125783e-16
development,1,16,4,1.0,1,cca_equivalent,2000,1000,64,0.0,0.9782561352229646,0.14014262736652536,0.9910605064264841,0.06685616491213033,0.016730954294441554,5.551115123125783e-16
development,1,16,4,1.0,1,block_diagonal,2000,1000,64,0.0,0.9854317391036426,0.1431789240809021,0.9903098700338312,0.06960650101164668,0.017020757808004112,2.642862094566895e-16
development,1,16,4,1.0,1,pca_rank_matched,2000,1000,64,0.0,1.0383670727367866,0.21669587996460415,0.9746571252677265,0.11256747916754964,0.1273246901623335,6.106226635438361e-16
development,1,16,4,1.0,1,random_rank_matched,2000,1000,64,0.0,0.9721702003569409,0.16690379943971362,0.9861855096624139,0.08310983797838244,0.02269313144554913,3.3306690738754696e-16
development,1,16,4,1.0,1,raw_svd,2000,1000,64,0.0,0.978446720430936,0.13993626346016874,0.9910294418680292,0.06697222607906508,0.016254972041652528,4.996003610813204e-16
development,1,16,4,1.0,1,full_state_oracle,2000,1000,64,0.0,1.0,0.0,1.0,0.0,0.0,4.163336342344337e-16
development,1,16,4,1.0,2,correlon,2000,1000,64,0.0,0.9730337765284817,0.1321638702855905,0.9919617113444008,0.06339672174331734,0.02024645324659983,4.163336342344337e-16
development,1,16,4,1.0,2,cca_equivalent,2000,1000,64,0.0,0.9730337765284817,0.1321638702855905,0.9919617113444008,0.06339672174331734,0.02024645324659983,4.163336342344337e-16
development,1,16,4,1.0,2,block_diagonal,2000,1000,64,0.0,0.9854317391036426,0.1431789240809021,0.9903098700338312,0.06960650101164668,0.017020757808004112,2.642862094566895e-16
development,1,16,4,1.0,2,pca_rank_matched,2000,1000,64,0.0,1.0340812568079314,0.21542695744404208,0.9736239723388342,0.11483907797689298,0.11758885089657835,2.0539125955565396e-15
development,1,16,4,1.0,2,random_rank_matched,2000,1000,64,0.0,0.9617655075921937,0.17754910028593618,0.9857872633030903,0.08429927845749834,0.0359018431370222,4.718447854656915e-16
development,1,16,4,1.0,2,raw_svd,2000,1000,64,0.0,0.973612815354466,0.1318844536869043,0.9918862498275347,0.06369360318142367,0.01978563880662107,6.661338147750939e-16
development,1,16,4,1.0,2,full_state_oracle,2000,1000,64,0.0,1.0,0.0,1.0,0.0,0.0,4.163336342344337e-16
development,1,16,4,1.0,4,correlon,2000,1000,64,0.0,0.9667970641316379,0.1198018026090253,0.9930727842643354,0.05885242448559164,0.02420297249292059,7.216449660063518e-16
development,1,16,4,1.0,4,cca_equivalent,2000,1000,64,0.0,0.9667970641316379,0.1198018026090253,0.9930727842643354,0.05885242448559164,0.02420297249292059,7.216449660063518e-16
development,1,16,4,1.0,4,block_diagonal,2000,1000,64,0.0,0.9854317391036426,0.1431789240809021,0.9903098700338312,0.06960650101164668,0.017020757808004112,2.642862094566895e-16
development,1,16,4,1.0,4,pca_rank_matched,2000,1000,64,0.0,1.0317113557311839,0.22435371498444773,0.9692544728140031,0.12398694928498902,0.12110734118563159,8.881784197001252e-16
development,1,16,4,1.0,4,random_rank_matched,2000,1000,64,0.0,0.9538187976066237,0.19455372014964947,0.9825345277772963,0.0934491097408199,0.03459802686181315,6.661338147750939e-16
development,1,16,4,1.0,4,raw_svd,2000,1000,64,0.0,0.9670527309021102,0.12055462652998594,0.9930067177909442,0.05913240316888821,0.023877699444043235,3.885780586188048e-16
development,1,16,4,1.0,4,full_state_oracle,2000,1000,64,0.0,1.0,0.0,1.0,0.0,0.0,4.163336342344337e-16
development,2,4,1,0.1,1,correlon,2000,1000,64,0.0,0.9795799585289576,0.07278904106189023,0.9979905349849363,0.031697515794331145,0.006631185044398663,2.7755575615628914e-16
development,2,4,1,0.1,1,cca_equivalent,2000,1000,64,0.0,0.9795799585289576,0.07278904106189023,0.9979905349849363,0.031697515794331145,0.006631185044398663,2.7755575615628914e-16
development,2,4,1,0.1,1,block_diagonal,2000,1000,64,0.0,0.9854667350546211,0.04919223312823875,0.9988688010039328,0.023782335840568863,0.008195536672057052,1.338126700282018e-16
development,2,4,1,0.1,1,pca_rank_matched,2000,1000,64,0.0,1.0345197101402281,0.19683545244655434,0.9806834252768912,0.09827658602919831,0.17941888246733945,2.7755575615628914e-16
development,2,4,1,0.1,1,random_rank_matched,2000,1000,64,0.0,0.9813831842993087,0.06664927315194007,0.9981105838677657,0.03073610362614513,0.010551046730746545,2.220446049250313e-16
development,2,4,1,0.1,1,raw_svd,2000,1000,64,0.0,0.9809442156218094,0.06717373043084852,0.9982360895094253,0.02969773131549474,0.007854604356139624,2.498001805406602e-16
development,2,4,1,0.1,1,full_state_oracle,2000,1000,64,0.0,1.0,0.0,1.0,0.0,0.0,3.365363543395006e-16
development,2,4,1,0.1,2,correlon,2000,1000,64,0.0,0.9785449577006637,0.07571675274625894,0.9977860642348437,0.03327112686065943,0.0069270535837587495,5.551115123125783e-16
development,2,4,1,0.1,2,cca_equivalent,2000,1000,64,0.0,0.9785449577006637,0.07571675274625894,0.9977860642348437,0.03327112686065943,0.0069270535837587495,5.551115123125783e-16
development,2,4,1,0.1,2,block_diagonal,2000,1000,64,0.0,0.9854667350546211,0.04919223312823875,0.9988688010039328,0.023782335840568863,0.008195536672057052,1.338126700282018e-16
development,2,4,1,0.1,2,pca_rank_matched,2000,1000,64,0.0,1.0842174908591042,0.22355398678439675,0.9752550006927403,0.11123173851751969,0.13945529490380626,2.740863092043355e-16
development,2,4,1,0.1,2,random_rank_matched,2000,1000,64,0.0,0.9788475757728902,0.07788755548169181,0.9974429378814507,0.035756552676042865,0.009367233130539509,3.3306690738754696e-16
development,2,4,1,0.1,2,raw_svd,2000,1000,64,0.0,0.9785639856567143,0.07554661723266244,0.9977949197089695,0.033204519956103386,0.00775503356300878,2.7755575615628914e-16
development,2,4,1,0.1,2,full_state_oracle,2000,1000,64,0.0,1.0,0.0,1.0,0.0,0.0,3.365363543395006e-16
development,2,4,1,0.1,4,correlon,2000,1000,64,0.0,0.9775097535827068,0.07835399719659393,0.9976672950044237,0.03415190328207375,0.0069795876245869835,2.3592239273284576e-16
development,2,4,1,0.1,4,cca_equivalent,2000,1000,64,0.0,0.9775097535827068,0.07835399719659393,0.9976672950044237,0.03415190328207375,0.0069795876245869835,2.3592239273284576e-16
development,2,4,1,0.1,4,block_diagonal,2000,1000,64,0.0,0.9854667350546211,0.04919223312823875,0.9988688010039328,0.023782335840568863,0.008195536672057052,1.338126700282018e-16
development,2,4,1,0.1,4,pca_rank_matched,2000,1000,64,0.0,0.9775097742455046,0.07835399611205161,0.9976672950527781,0.03415190292810879,0.006979586682191799,1.6653345369377348e-16
development,2,4,1,0.1,4,random_rank_matched,2000,1000,64,0.0,0.9794281629148255,0.07120507793764372,0.9978877911233652,0.03249776051233977,0.010038086559870537,3.3306690738754696e-16
development,2,4,1,0.1,4,raw_svd,2000,1000,64,0.0,0.9775097535827074,0.07835399719659368,0.9976672950044237,0.03415190328207363,0.006979587624587197,3.3306690738754696e-16
development,2,4,1,0.1,4,full_state_oracle,2000,1000,64,0.0,1.0,0.0,1.0,0.0,0.0,3.365363543395006e-16
development,2,4,1,0.25,1,correlon,2000,1000,64,0.0,0.9730737609103605,0.06654602638871274,0.9981120485796514,0.030724187705687005,0.014349372054724082,2.7755575615628914e-16
development,2,4,1,0.25,1,cca_equivalent,2000,1000,64,0.0,0.9730737609103605,0.06654602638871274,0.9981120485796514,0.030724187705687005,0.014349372054724082,2.7755575615628914e-16
development,2,4,1,0.25,1,block_diagonal,2000,1000,64,0.0,0.9763098157149475,0.0647805942845128,0.9983929650315929,0.028346383970508978,0.012319892948757582,2.220446049250313e-16
development,2,4,1,0.25,1,pca_rank_matched,2000,1000,64,0.0,1.0340309688999263,0.19952717452783558,0.9753898314297124,0.11092828442351313,0.13492147877817245,2.220446049250313e-16
development,2,4,1,0.25,1,random_rank_matched,2000,1000,64,0.0,0.9713035825887005,0.08211230349666422,0.9975827138188963,0.03476554458874275,0.019889441372564928,3.3306690738754696e-16
development,2,4,1,0.25,1,raw_svd,2000,1000,64,0.0,0.9730023777333238,0.06704491042024827,0.9980880271171035,0.030919030409251525,0.014410196029966117,1.6653345369377348e-16
development,2,4,1,0.25,1,full_state_oracle,2000,1000,64,0.0,1.0,0.0,1.0,0.0,0.0,2.3678975447083417e-16
development,2,4,1,0.25,2,correlon,2000,1000,64,0.0,0.9725052370325407,0.06871381981913821,0.9979638092544105,0.03190760681710155,0.014190376451894221,2.220446049250313e-16
development,2,4,1,0.25,2,cca_equivalent,2000,1000,64,0.0,0.9725052370325407,0.06871381981913821,0.9979638092544105,0.03190760681710155,0.014190376451894221,2.220446049250313e-16
development,2,4,1,0.25,2,block_diagonal,2000,1000,64,0.0,0.9763098157149475,0.0647805942845128,0.9983929650315929,0.028346383970508978,0.012319892948757582,2.220446049250313e-16
development,2,4,1,0.25,2,pca_rank_matched,2000,1000,64,0.0,1.0664982025237755,0.23088580245288362,0.9712249927214507,0.1199479205291806,0.1620638734484572,3.3306690738754696e-16
development,2,4,1,0.25,2,random_rank_matched,2000,1000,64,0.0,0.9716472448603813,0.08040489377599193,0.9972388063825552,0.03715638314909605,0.01366820666077216,2.7755575615628914e-16
development,2,4,1,0.25,2,raw_svd,2000,1000,64,0.0,0.9724663036123282,0.06896904911476863,0.9979496289709409,0.03201851830628019,0.014206260532157986,4.440892098500626e-16
development,2,4,1,0.25,2,full_state_oracle,2000,1000,64,0.0,1.0,0.0,1.0,0.0,0.0,2.3678975447083417e-16
development,2,4,1,0.25,4,correlon,2000,1000,64,0.0,0.9724594048707376,0.06853155276036266,0.9979946567766058,0.031664990315758784,0.014330859070643465,2.220446049250313e-16
development,2,4,1,0.25,4,cca_equivalent,2000,1000,64,0.0,0.9724594048707376,0.06853155276036266,0.9979946567766058,0.031664990315758784,0.014330859070643465,2.220446049250313e-16
development,2,4,1,0.25,4,block_diagonal,2000,1000,64,0.0,0.9763098157149475,0.0647805942845128,0.9983929650315929,0.028346383970508978,0.012319892948757582,2.220446049250313e-16
development,2,4,1,0.25,4,pca_rank_matched,2000,1000,64,0.0,0.97245942568354,0.06853155130522866,0.9979946568651873,0.03166498961639415,0.014330856702025586,2.7755575615628914e-16
development,2,4,1,0.25,4,random_rank_matched,2000,1000,64,0.0,0.9708853642100633,0.08087682932859624,0.9973454091196532,0.03643206609806024,0.01437720761035985,3.885780586188048e-16
development,2,4,1,0.25,4,raw_svd,2000,1000,64,0.0,0.9724594048707391,0.06853155276036298,0.9979946567766058,0.031664990315758965,0.014330859070643357,3.885780586188048e-16
development,2,4,1,0.25,4,full_state_oracle,2000,1000,64,0.0,1.0,0.0,1.0,0.0,0.0,2.3678975447083417e-16
development,2,4,1,0.5,1,correlon,2000,1000,64,0.0,1.017209842145136,0.05910840067510707,0.9983818248969184,0.02844446433914311,0.005712648171630417,3.3306690738754696e-16
development,2,4,1,0.5,1,cca_equivalent,2000,1000,64,0.0,1.017209842145136,0.05910840067510707,0.9983818248969184,0.02844446433914311,0.005712648171630417,3.3306690738754696e-16
development,2,4,1,0.5,1,block_diagonal,2000,1000,64,0.0,1.0258707375373177,0.07589618333638955,0.9972506077589562,0.037076894699015886,0.013732405468489545,1.1102230246251565e-16
development,2,4,1,0.5,1,pca_rank_matched,2000,1000,64,0.0,1.0856823188353226,0.1971542121814098,0.9794195892970425,0.10144064940386942,0.10319375560007288,2.220446049250313e-16
development,2,4,1,0.5,1,random_rank_matched,2000,1000,64,0.0,1.0144168215317162,0.10893311209525795,0.9937893969500835,0.05572523239034768,0.006833383879998543,2.220446049250313e-16
development,2,4,1,0.5,1,raw_svd,2000,1000,64,0.0,1.0184233471438289,0.057037581013659126,0.9984092343729002,0.028202532041466118,0.0046646159368971445,4.440892098500626e-16
development,2,4,1,0.5,1,full_state_oracle,2000,1000,64,0.0,1.0,0.0,1.0,0.0,0.0,4.440892098500626e-16
development,2,4,1,0.5,2,correlon,2000,1000,64,0.0,1.0155691875778752,0.06570937645687056,0.9981316034019825,0.030564657678580003,0.004459597584447322,1.6653345369377348e-16
development,2,4,1,0.5,2,cca_equivalent,2000,1000,64,0.0,1.0155691875778752,0.06570937645687056,0.9981316034019825,0.030564657678580003,0.004459597584447322,1.6653345369377348e-16
development,2,4,1,0.5,2,block_diagonal,2000,1000,64,0.0,1.0258707375373177,0.07589618333638955,0.9972506077589562,0.037076894699015886,0.013732405468489545,1.1102230246251565e-16
development,2,4,1,0.5,2,pca_rank_matched,2000,1000,64,0.0,1.1201298621738607,0.22630079749434978,0.974859190848284,0.11211781560420256,0.19948958776685816,2.498001805406602e-16
development,2,4,1,0.5,2,random_rank_matched,2000,1000,64,0.0,1.0101932168704355,0.11548998927217556,0.9944566393425851,0.05264675040975867,0.01578755472584719,3.3306690738754696e-16
development,2,4,1,0.5,2,raw_svd,2000,1000,64,0.0,1.0157537253910247,0.06476666317107599,0.998184228997185,0.03013113840211585,0.004350979271175155,1.6653345369377348e-16
development,2,4,1,0.5,2,full_state_oracle,2000,1000,64,0.0,1.0,0.0,1.0,0.0,0.0,4.440892098500626e-16
development,2,4,1,0.5,4,correlon,2000,1000,64,0.0,1.015240980087597,0.06664520605179844,0.9981296228541139,0.030580853044724958,0.006233778195632794,1.6653345369377348e-16
development,2,4,1,0.5,4,cca_equivalent,2000,1000,64,0.0,1.015240980087597,0.06664520605179844,0.9981296228541139,0.030580853044724958,0.006233778195632794,1.6653345369377348e-16
development,2,4,1,0.5,4,block_diagonal,2000,1000,64,0.0,1.0258707375373177,0.07589618333638955,0.9972506077589562,0.037076894699015886,0.013732405468489545,1.1102230246251565e-16
development,2,4,1,0.5,4,pca_rank_matched,2000,1000,64,0.0,1.015241000913536,0.06664520490829723,0.9981296228767513,0.03058085285966296,0.006233779398466549,2.220446049250313e-16
development,2,4,1,0.5,4,random_rank_matched,2000,1000,64,0.0,1.0156775083013383,0.10088579252475825,0.9940051262594032,0.054748852684767424,0.005033950961804268,1.6653345369377348e-16
development,2,4,1,0.5,4,raw_svd,2000,1000,64,0.0,1.0152409800875986,0.06664520605179784,0.9981296228541139,0.03058085304472478,0.0062337781956330425,1.3877787807814457e-16
development,2,4,1,0.5,4,full_state_oracle,2000,1000,64,0.0,1.0,0.0,1.0,0.0,0.0,4.440892098500626e-16
development,2,4,1,1.0,1,correlon,2000,1000,64,0.0,1.0287968572422899,0.04956850237191757,0.999050614848221,0.02178744078338459,0.01599584198682953,1.1102230246251565e-16
development,2,4,1,1.0,1,cca_equivalent,2000,1000,64,0.0,1.0287968572422899,0.04956850237191757,0.999050614848221,0.02178744078338459,0.01599584198682953,1.1102230246251565e-16
development,2,4,1,1.0,1,block_diagonal,2000,1000,64,0.0,1.0390465838871923,0.12726144723924268,0.9921305239354661,0.06272749024364793,0.047952732423720945,1.1102230246251565e-16
development,2,4,1,1.0,1,pca_rank_matched,2000,1000,64,0.0,1.088883838637896,0.20099388694930082,0.9795314385832368,0.10116462182196709,0.11670719548976045,1.6653345369377348e-16
development,2,4,1,1.0,1,random_rank_matched,2000,1000,64,0.0,1.0096538167288431,0.18391408989801267,0.9842944952595161,0.08861575689594922,0.0367660706342937,4.440892098500626e-16
development,2,4,1,1.0,1,raw_svd,2000,1000,64,0.0,1.0292918639851032,0.04961675774995109,0.9990128403444483,0.022216656539089472,0.016760502197117527,3.885780586188048e-16
development,2,4,1,1.0,1,full_state_oracle,2000,1000,64,0.0,1.0,0.0,1.0,0.0,0.0,2.220446049250313e-16
development,2,4,1,1.0,2,correlon,2000,1000,64,0.0,1.0258417951472556,0.06250316004261598,0.9983831477319616,0.028432835490313252,0.0185369874517377,1.6653345369377348e-16
development,2,4,1,1.0,2,cca_equivalent,2000,1000,64,0.0,1.0258417951472556,0.06250316004261598,0.9983831477319616,0.028432835490313252,0.0185369874517377,1.6653345369377348e-16
development,2,4,1,1.0,2,block_diagonal,2000,1000,64,0.0,1.0390465838871923,0.12726144723924268,0.9921305239354661,0.06272749024364793,0.047952732423720945,1.1102230246251565e-16
development,2,4,1,1.0,2,pca_rank_matched,2000,1000,64,0.0,1.1186163380319398,0.2130044833773793,0.9757021382930691,0.11022218857138266,0.15851191782732343,2.220446049250313e-16
development,2,4,1,1.0,2,random_rank_matched,2000,1000,64,0.0,1.0083627649267861,0.16932309209747146,0.9875788019539334,0.07880735386392099,0.04138574133140205,7.771561172376096e-16
development,2,4,1,1.0,2,raw_svd,2000,1000,64,0.0,1.026821588832679,0.060955461209682905,0.9983992893471045,0.02829055189365809,0.021528310013005467,3.3306690738754696e-16
development,2,4,1,1.0,2,full_state_oracle,2000,1000,64,0.0,1.0,0.0,1.0,0.0,0.0,2.220446049250313e-16
development,2,4,1,1.0,4,correlon,2000,1000,64,0.0,1.0246679083544756,0.0665717485299852,0.9981831974744124,0.030139695797962836,0.020955574299197574,2.983724378680108e-16
development,2,4,1,1.0,4,cca_equivalent,2000,1000,64,0.0,1.0246679083544756,0.0665717485299852,0.9981831974744124,0.030139695797962836,0.020955574299197574,2.983724378680108e-16
development,2,4,1,1.0,4,block_diagonal,2000,1000,64,0.0,1.0390465838871923,0.12726144723924268,0.9921305239354661,0.06272749024364793,0.047952732423720945,1.1102230246251565e-16
development,2,4,1,1.0,4,pca_rank_matched,2000,1000,64,0.0,1.0246679295459928,0.06657174721475646,0.9981831975447968,0.030139695214146115,0.020955573166844293,4.718447854656915e-16
development,2,4,1,1.0,4,random_rank_matched,2000,1000,64,0.0,1.0000909627059196,0.19355215170509898,0.9830575283880174,0.09203931663148805,0.03129295030743607,2.220446049250313e-16
development,2,4,1,1.0,4,raw_svd,2000,1000,64,0.0,1.0246679083544743,0.06657174852998499,0.9981831974744125,0.030139695797962735,0.020955574299197116,3.3306690738754696e-16
development,2,4,1,1.0,4,full_state_oracle,2000,1000,64,0.0,1.0,0.0,1.0,0.0,0.0,2.220446049250313e-16
development,2,4,2,0.1,1,correlon,2000,1000,64,0.0,0.999283578085761,0.05560788050274194,0.9984311526812333,0.028007564324364152,0.019599255160477703,2.220446049250313e-16
development,2,4,2,0.1,1,cca_equivalent,2000,1000,64,0.0,0.999283578085761,0.05560788050274194,0.9984311526812333,0.028007564324364152,0.019599255160477703,2.220446049250313e-16
development,2,4,2,0.1,1,block_diagonal,2000,1000,64,0.0,1.0016122254078998,0.044583742894986574,0.9989935420024534,0.02243276618639191,0.015129024927132374,2.498001805406602e-16
development,2,4,2,0.1,1,pca_rank_matched,2000,1000,64,0.0,1.0646856350328793,0.19462299187425228,0.9791447003896101,0.10211586461072017,0.1462024292810873,2.0816681711721685e-16
development,2,4,2,0.1,1,random_rank_matched,2000,1000,64,0.0,0.9992090128637461,0.05452774347378333,0.9986749207248307,0.025739845329463187,0.01160502836278916,4.996003610813204e-16
development,2,4,2,0.1,1,raw_svd,2000,1000,64,0.0,0.9995535018860429,0.05375453014055849,0.9985417736188765,0.027002096040154296,0.01958204342997002,2.220446049250313e-16
development,2,4,2,0.1,1,full_state_oracle,2000,1000,64,0.0,1.0,0.0,1.0,0.0,0.0,3.3306690738754696e-16
development,2,4,2,0.1,2,correlon,2000,1000,64,0.0,0.9984739692022918,0.05787579648124041,0.9983312928260102,0.02888517936580769,0.02112567490568771,2.220446049250313e-16
development,2,4,2,0.1,2,cca_equivalent,2000,1000,64,0.0,0.9984739692022918,0.05787579648124041,0.9983312928260102,0.02888517936580769,0.02112567490568771,2.220446049250313e-16
development,2,4,2,0.1,2,block_diagonal,2000,1000,64,0.0,1.0016122254078998,0.044583742894986574,0.9989935420024534,0.02243276618639191,0.015129024927132374,2.498001805406602e-16
development,2,4,2,0.1,2,pca_rank_matched,2000,1000,64,0.0,1.0943124151565133,0.22367638300548925,0.9750620046356782,0.1116646662206129,0.1440209831027784,1.9081958235744878e-16
development,2,4,2,0.1,2,random_rank_matched,2000,1000,64,0.0,0.997461492588996,0.06200017736498075,0.9982728961231865,0.029386254242531835,0.010715408788570002,1.3877787807814457e-16
development,2,4,2,0.1,2,raw_svd,2000,1000,64,0.0,0.9984413955382722,0.05824012561292232,0.9983041915035203,0.029118795446237026,0.021628251974701064,2.255140518769849e-16
development,2,4,2,0.1,2,full_state_oracle,2000,1000,64,0.0,1.0,0.0,1.0,0.0,0.0,3.3306690738754696e-16
development,2,4,2,0.1,4,correlon,2000,1000,64,0.0,0.9977792470166864,0.05948857973385649,0.9982612343788189,0.02948529821098282,0.021960865800507014,6.661338147750939e-16
development,2,4,2,0.1,4,cca_equivalent,2000,1000,64,0.0,0.9977792470166864,0.05948857973385649,0.9982612343788189,0.02948529821098282,0.021960865800507014,6.661338147750939e-16
development,2,4,2,0.1,4,block_diagonal,2000,1000,64,0.0,1.0016122254078998,0.044583742894986574,0.9989935420024534,0.02243276618639191,0.015129024927132374,2.498001805406602e-16
development,2,4,2,0.1,4,pca_rank_matched,2000,1000,64,0.0,0.9977792676196516,0.05948857907038522,0.9982612343830997,0.029485298174686644,0.02196086631191406,2.7755575615628914e-16
development,2,4,2,0.1,4,random_rank_matched,2000,1000,64,0.0,0.9975351815523484,0.06573890147801859,0.9979518174131291,0.03200142642813683,0.011280477296617401,2.220446049250313e-16
development,2,4,2,0.1,4,raw_svd,2000,1000,64,0.0,0.9977792470166871,0.05948857973385628,0.9982612343788189,0.029485298210982693,0.02196086580050685,3.3306690738754696e-16
development,2,4,2,0.1,4,full_state_oracle,2000,1000,64,0.0,1.0,0.0,1.0,0.0,0.0,3.3306690738754696e-16
development,2,4,2,0.25,1,correlon,2000,1000,64,0.0,0.9931479081624,0.06353768476230694,0.9979217079548909,0.03223578791583322,0.011088028894608491,4.440892098500626e-16
development,2,4,2,0.25,1,cca_equivalent,2000,1000,64,0.0,0.9931479081624,0.06353768476230694,0.9979217079548909,0.03223578791583322,0.011088028894608491,4.440892098500626e-16
development,2,4,2,0.25,1,block_diagonal,2000,1000,64,0.0,0.9971781353886475,0.061402214080929406,0.9982607295703076,0.029489578071688817,0.007441924414075226,2.220446049250313e-16
development,2,4,2,0.25,1,pca_rank_matched,2000,1000,64,0.0,1.0560522794641456,0.19767777974312745,0.9795429774212252,0.10113610279908683,0.07810657026143383,1.1102230246251565e-16
development,2,4,2,0.25,1,random_rank_matched,2000,1000,64,0.0,0.9923596285630734,0.07920804800029319,0.9971521056492696,0.03773522459672366,0.011377675661121127,5.551115123125783e-16
development,2,4,2,0.25,1,raw_svd,2000,1000,64,0.0,0.9930353244304803,0.06406790177685172,0.997907469252753,0.03234602562330568,0.010936202395988975,2.7755575615628914e-16
development,2,4,2,0.25,1,full_state_oracle,2000,1000,64,0.0,1.0,0.0,1.0,0.0,0.0,2.3592239273284576e-16
development,2,4,2,0.25,2,correlon,2000,1000,64,0.0,0.9904764686597202,0.0626343400386155,0.998139284709453,0.030501764625566682,0.022254210201425116,5.551115123125783e-16
development,2,4,2,0.25,2,cca_equivalent,2000,1000,64,0.0,0.9904764686597202,0.0626343400386155,0.998139284709453,0.030501764625566682,0.022254210201425116,5.551115123125783e-16
development,2,4,2,0.25,2,block_diagonal,2000,1000,64,0.0,0.9971781353886475,0.061402214080929406,0.9982607295703076,0.029489578071688817,0.007441924414075226,2.220446049250313e-16
development,2,4,2,0.25,2,pca_rank_matched,2000,1000,64,0.0,1.0797055433967055,0.2355182277332071,0.9703812811833774,0.12169371145754107,0.19638508970149168,1.8041124150158794e-16
development,2,4,2,0.25,2,random_rank_matched,2000,1000,64,0.0,0.9890456086317793,0.08709584764391043,0.9968884932738103,0.039443039475867844,0.010972032176618794,6.106226635438361e-16
development,2,4,2,0.25,2,raw_svd,2000,1000,64,0.0,0.9903508296920975,0.06326749569675104,0.9981105776759673,0.030736153988687873,0.022605985528570294,3.3306690738754696e-16
development,2,4,2,0.25,2,full_state_oracle,2000,1000,64,0.0,1.0,0.0,1.0,0.0,0.0,2.3592239273284576e-16
development,2,4,2,0.25,4,correlon,2000,1000,64,0.0,0.990289828344797,0.06304071817950788,0.9980961426318031,0.030853341538615468,0.022354630080766824,2.498001805406602e-16
development,2,4,2,0.25,4,cca_equivalent,2000,1000,64,0.0,0.990289828344797,0.06304071817950788,0.9980961426318031,0.030853341538615468,0.022354630080766824,2.498001805406602e-16
development,2,4,2,0.25,4,block_diagonal,2000,1000,64,0.0,0.9971781353886475,0.061402214080929406,0.9982607295703076,0.029489578071688817,0.007441924414075226,2.220446049250313e-16
development,2,4,2,0.25,4,pca_rank_matched,2000,1000,64,0.0,0.9902898492038038,0.06304071663521019,0.9980961427133942,0.030853340877495108,0.022354626931922278,2.220446049250313e-16
development,2,4,2,0.25,4,random_rank_matched,2000,1000,64,0.0,0.9898665304470317,0.08661936130456753,0.9968734938169981,0.03953799554227478,0.012825270100219754,8.326672684688674e-16
development,2,4,2,0.25,4,raw_svd,2000,1000,64,0.0,0.9902898283447965,0.06304071817950832,0.9980961426318031,0.030853341538615634,0.022354630080767234,2.7755575615628914e-16
development,2,4,2,0.25,4,full_state_oracle,2000,1000,64,0.0,1.0,0.0,1.0,0.0,0.0,2.3592239273284576e-16
development,2,4,2,0.5,1,correlon,2000,1000,64,0.0,0.9863683553765785,0.0713993394547327,0.9978796876707847,0.032560039382772236,0.012096771179249228,3.3306690738754696e-16
development,2,4,2,0.5,1,cca_equivalent,2000,1000,64,0.0,0.9863683553765785,0.0713993394547327,0.9978796876707847,0.032560039382772236,0.012096771179249228,3.3306690738754696e-16
development,2,4,2,0.5,1,block_diagonal,2000,1000,64,0.0,0.9933532186848444,0.08429140314846886,0.9970033805060743,0.03870800623853978,0.013740536778651129,4.1631594495570346e-17
development,2,4,2,0.5,1,pca_rank_matched,2000,1000,64,0.0,1.0421308527093327,0.2029917084178058,0.9792539495300805,0.10184804973567124,0.10831842452240784,5.551115123125783e-16
development,2,4,2,0.5,1,random_rank_matched,2000,1000,64,0.0,0.9854014048585936,0.10066961587920423,0.9954488149051408,0.04770317125128709,0.005230075708804899,2.7755575615628914e-16
development,2,4,2,0.5,1,raw_svd,2000,1000,64,0.0,0.9857062287058375,0.07347704199859424,0.9977842057003978,0.033285089000948904,0.012023548762722876,2.220446049250313e-16
development,2,4,2,0.5,1,full_state_oracle,2000,1000,64,0.0,1.0,0.0,1.0,0.0,0.0,3.885780586188048e-16
development,2,4,2,0.5,2,correlon,2000,1000,64,0.0,0.9841978212745205,0.06443297337947977,0.9982614115199171,0.02948379622846149,0.012674700893839746,2.220446049250313e-16
development,2,4,2,0.5,2,cca_equivalent,2000,1000,64,0.0,0.9841978212745205,0.06443297337947977,0.9982614115199171,0.02948379622846149,0.012674700893839746,2.220446049250313e-16
development,2,4,2,0.5,2,block_diagonal,2000,1000,64,0.0,0.9933532186848444,0.08429140314846886,0.9970033805060743,0.03870800623853978,0.013740536778651129,4.1631594495570346e-17
development,2,4,2,0.5,2,pca_rank_matched,2000,1000,64,0.0,1.0773778355492973,0.2264965490541275,0.9751671487239464,0.11142901614044165,0.14417601887007356,8.326672684688674e-17
development,2,4,2,0.5,2,random_rank_matched,2000,1000,64,0.0,0.9816649142804753,0.11844241393616384,0.9937276013959147,0.05600177945425197,0.01866719028264648,1.6653345369377348e-16
development,2,4,2,0.5,2,raw_svd,2000,1000,64,0.0,0.9838948772510955,0.06569100865249149,0.9982034276776397,0.02997142240835564,0.01188155385079763,2.220446049250313e-16
development,2,4,2,0.5,2,full_state_oracle,2000,1000,64,0.0,1.0,0.0,1.0,0.0,0.0,3.885780586188048e-16
development,2,4,2,0.5,4,correlon,2000,1000,64,0.0,0.9834800199449333,0.06431441088491316,0.9982334876622936,0.029719625987773914,0.008086083635185808,3.3306690738754696e-16
development,2,4,2,0.5,4,cca_equivalent,2000,1000,64,0.0,0.9834800199449333,0.06431441088491316,0.9982334876622936,0.029719625987773914,0.008086083635185808,3.3306690738754696e-16
development,2,4,2,0.5,4,block_diagonal,2000,1000,64,0.0,0.9933532186848444,0.08429140314846886,0.9970033805060743,0.03870800623853978,0.013740536778651129,4.1631594495570346e-17
development,2,4,2,0.5,4,pca_rank_matched,2000,1000,64,0.0,0.9834800408188515,0.06431440984974769,0.9982334877116343,0.02971962557272262,0.008086083264842892,2.7755575615628914e-16
development,2,4,2,0.5,4,random_rank_matched,2000,1000,64,0.0,0.9800650644832609,0.11859585493860036,0.9937603584597019,0.05585535578750751,0.01531068273861387,3.885780586188048e-16
development,2,4,2,0.5,4,raw_svd,2000,1000,64,0.0,0.9834800199449328,0.06431441088491348,0.9982334876622937,0.029719625987773998,0.008086083635184937,2.7755575615628914e-16
development,2,4,2,0.5,4,full_state_oracle,2000,1000,64,0.0,1.0,0.0,1.0,0.0,0.0,3.885780586188048e-16
development,2,4,2,1.0,1,correlon,2000,1000,64,0.0,0.9726937358554656,0.11403387964397566,0.9930806347669017,0.058819066777272014,0.03249503583578731,2.7755575615628914e-16
development,2,4,2,1.0,1,cca_equivalent,2000,1000,64,0.0,0.9726937358554656,0.11403387964397566,0.9930806347669017,0.058819066777272014,0.03249503583578731,2.7755575615628914e-16
development,2,4,2,1.0,1,block_diagonal,2000,1000,64,0.0,1.005787124405441,0.15666774856399532,0.9881291377681691,0.07704174917481699,0.00720151345097393,2.220446049250313e-16
development,2,4,2,1.0,1,pca_rank_matched,2000,1000,64,0.0,1.0461383595638254,0.21034947331616663,0.9749833092891376,0.11184071421191503,0.11990710226096016,2.498001805406602e-16
development,2,4,2,1.0,1,random_rank_matched,2000,1000,64,0.0,0.9727634342283363,0.1835908813918719,0.9835020987223466,0.09082373389608397,0.022973547328936084,3.3306690738754696e-16
development,2,4,2,1.0,1,raw_svd,2000,1000,64,0.0,0.977199775121145,0.11665490160658917,0.992898331727624,0.059588875943316875,0.034729782654570225,2.220446049250313e-16
development,2,4,2,1.0,1,full_state_oracle,2000,1000,64,0.0,1.0,0.0,1.0,0.0,0.0,2.7755575615628914e-16
development,2,4,2,1.0,2,correlon,2000,1000,64,0.0,0.9672755239080075,0.07145162894775388,0.9977212096739783,0.03375492798112411,0.030517894755711084,2.7755575615628914e-16
development,2,4,2,1.0,2,cca_equivalent,2000,1000,64,0.0,0.9672755239080075,0.07145162894775388,0.9977212096739783,0.03375492798112411,0.030517894755711084,2.7755575615628914e-16
development,2,4,2,1.0,2,block_diagonal,2000,1000,64,0.0,1.005787124405441,0.15666774856399532,0.9881291377681691,0.07704174917481699,0.00720151345097393,2.220446049250313e-16
development,2,4,2,1.0,2,pca_rank_matched,2000,1000,64,0.0,1.0626627039637857,0.22491891319582263,0.9733122175472619,0.11551576180923986,0.14400631298526229,3.3306690738754696e-16
development,2,4,2,1.0,2,random_rank_matched,2000,1000,64,0.0,0.9409727689670803,0.24948763815165098,0.967286840167026,0.12789284544683086,0.04600729020570206,6.661338147750939e-16
development,2,4,2,1.0,2,raw_svd,2000,1000,64,0.0,0.9673383714636109,0.07121318419824818,0.997738215823673,0.0336287390213129,0.03021687426509094,3.885780586188048e-16
development,2,4,2,1.0,2,full_state_oracle,2000,1000,64,0.0,1.0,0.0,1.0,0.0,0.0,2.7755575615628914e-16
development,2,4,2,1.0,4,correlon,2000,1000,64,0.0,0.9671527590366226,0.07209042119579898,0.9976693927476532,0.034136543852203056,0.030977282803676228,2.220446049250313e-16
development,2,4,2,1.0,4,cca_equivalent,2000,1000,64,0.0,0.9671527590366226,0.07209042119579898,0.9976693927476532,0.034136543852203056,0.030977282803676228,2.220446049250313e-16
development,2,4,2,1.0,4,block_diagonal,2000,1000,64,0.0,1.005787124405441,0.15666774856399532,0.9881291377681691,0.07704174917481699,0.00720151345097393,2.220446049250313e-16
development,2,4,2,1.0,4,pca_rank_matched,2000,1000,64,0.0,0.9671527810539889,0.07209041798127658,0.9976693929448566,0.034136542407978254,0.030977278641868364,3.885780586188048e-16
development,2,4,2,1.0,4,random_rank_matched,2000,1000,64,0.0,0.9400290496377783,0.23666654614370142,0.9762383239554995,0.10899925698026698,0.04561001434903403,1.8041124150158794e-16
development,2,4,2,1.0,4,raw_svd,2000,1000,64,0.0,0.9671527590366222,0.0720904211957986,0.9976693927476532,0.034136543852202855,0.03097728280367635,5.551115123125783e-16
development,2,4,2,1.0,4,full_state_oracle,2000,1000,64,0.0,1.0,0.0,1.0,0.0,0.0,2.7755575615628914e-16
development,2,4,4,0.1,1,correlon,2000,1000,64,0.0,0.9735968141785509,0.06704558191186055,0.9979385298227696,0.03210506328626618,0.017520767949782756,5.551115123125783e-16
development,2,4,4,0.1,1,cca_equivalent,2000,1000,64,0.0,0.9735968141785509,0.06704558191186055,0.9979385298227696,0.03210506328626618,0.017520767949782756,5.551115123125783e-16
development,2,4,4,0.1,1,block_diagonal,2000,1000,64,0.0,0.9760696319470978,0.060243370049273465,0.9982505060528064,0.02957612167943604,0.01663613319851258,1.1102230246251565e-16
development,2,4,4,0.1,1,pca_rank_matched,2000,1000,64,0.0,1.035860228514864,0.19178886290659222,0.9779494463077385,0.10500131830663234,0.10662414051106944,4.996003610813204e-16
development,2,4,4,0.1,1,random_rank_matched,2000,1000,64,0.0,0.9727061148420865,0.07571513404309149,0.9972720414083636,0.03693209032559922,0.017495337984291426,5.551115123125783e-16
development,2,4,4,0.1,1,raw_svd,2000,1000,64,0.0,0.9735700133110926,0.06726165630922193,0.9979365820143435,0.03212022716028305,0.01710149671998668,2.220446049250313e-16
development,2,4,4,0.1,1,full_state_oracle,2000,1000,64,0.0,1.0,0.0,1.0,0.0,0.0,3.885780586188048e-16
development,2,4,4,0.1,2,correlon,2000,1000,64,0.0,0.9730009125923496,0.06751252953424879,0.9978911987692075,0.03247153546409924,0.017049219671932243,3.3306690738754696e-16
development,2,4,4,0.1,2,cca_equivalent,2000,1000,64,0.0,0.9730009125923496,0.06751252953424879,0.9978911987692075,0.03247153546409924,0.017049219671932243,3.3306690738754696e-16
development,2,4,4,0.1,2,block_diagonal,2000,1000,64,0.0,0.9760696319470978,0.060243370049273465,0.9982505060528064,0.02957612167943604,0.01663613319851258,1.1102230246251565e-16
development,2,4,4,0.1,2,pca_rank_matched,2000,1000,64,0.0,1.0691316494150294,0.22059508713614245,0.9737767446205563,0.11450601595427994,0.148538534108256,1.1096809235389138e-16
development,2,4,4,0.1,2,random_rank_matched,2000,1000,64,0.0,0.9725865123625045,0.07474197460013211,0.9970752551296742,0.03824097848072022,0.016461719880625378,2.220446049250313e-16
development,2,4,4,0.1,2,raw_svd,2000,1000,64,0.0,0.9729485713379998,0.06761284775143195,0.9978875456039983,0.032499649198120234,0.0170511118619599,4.996003610813204e-16
development,2,4,4,0.1,2,full_state_oracle,2000,1000,64,0.0,1.0,0.0,1.0,0.0,0.0,3.885780586188048e-16
development,2,4,4,0.1,4,correlon,2000,1000,64,0.0,0.9724348375330274,0.06732642308245525,0.9979121165401064,0.032310087123788786,0.016947443937277876,2.220446049250313e-16
development,2,4,4,0.1,4,cca_equivalent,2000,1000,64,0.0,0.9724348375330274,0.06732642308245525,0.9979121165401064,0.032310087123788786,0.016947443937277876,2.220446049250313e-16
development,2,4,4,0.1,4,block_diagonal,2000,1000,64,0.0,0.9760696319470978,0.060243370049273465,0.9982505060528064,0.02957612167943604,0.01663613319851258,1.1102230246251565e-16
development,2,4,4,0.1,4,pca_rank_matched,2000,1000,64,0.0,0.9724348579839431,0.06732642295995474,0.9979121165507815,0.03231008704118951,0.016947443415861956,1.1796119636642288e-16
development,2,4,4,0.1,4,random_rank_matched,2000,1000,64,0.0,0.970188893960731,0.08361893222293584,0.9970705937458404,0.038271440096759604,0.01993400367157719,2.220446049250313e-16
development,2,4,4,0.1,4,raw_svd,2000,1000,64,0.0,0.9724348375330297,0.06732642308245429,0.9979121165401064,0.03231008712378831,0.016947443937276957,3.885780586188048e-16
development,2,4,4,0.1,4,full_state_oracle,2000,1000,64,0.0,1.0,0.0,1.0,0.0,0.0,3.885780586188048e-16
development,2,4,4,0.25,1,correlon,2000,1000,64,0.0,0.9707483064886705,0.07133798977402261,0.9977752471768278,0.03335230744020812,0.013176063957435195,2.220446049250313e-16
development,2,4,4,0.25,1,cca_equivalent,2000,1000,64,0.0,0.9707483064886705,0.07133798977402261,0.9977752471768278,0.03335230744020812,0.013176063957435195,2.220446049250313e-16
development,2,4,4,0.25,1,block_diagonal,2000,1000,64,0.0,0.9727515088154758,0.07396724179684505,0.9974124166109288,0.035969316014286115,0.013155183934612198,1.1102230246251565e-16
development,2,4,4,0.25,1,pca_rank_matched,2000,1000,64,0.0,1.0335574448607514,0.20044907850096155,0.9774681921278798,0.10614096257364584,0.10504986330848991,2.7755575615628914e-16
development,2,4,4,0.25,1,random_rank_matched,2000,1000,64,0.0,0.9673697187903372,0.09536272867753684,0.9959206017966615,0.04516302803919613,0.014667528783219384,3.885780586188048e-16
development,2,4,4,0.25,1,raw_svd,2000,1000,64,0.0,0.9706936329807345,0.07176085624222314,0.9977407679869883,0.03360976058388154,0.0131812819290419,1.6653345369377348e-16
development,2,4,4,0.25,1,full_state_oracle,2000,1000,64,0.0,1.0,0.0,1.0,0.0,0.0,1.6653345369377348e-16
development,2,4,4,0.25,2,correlon,2000,1000,64,0.0,0.9689856040337859,0.06891164109821617,0.9979108718454508,0.032319716540753184,0.013576807806016139,5.551115123125783e-16
development,2,4,4,0.25,2,cca_equivalent,2000,1000,64,0.0,0.9689856040337859,0.06891164109821617,0.9979108718454508,0.032319716540753184,0.013576807806016139,5.551115123125783e-16
development,2,4,4,0.25,2,block_diagonal,2000,1000,64,0.0,0.9727515088154758,0.07396724179684505,0.9974124166109288,0.035969316014286115,0.013155183934612198,1.1102230246251565e-16
development,2,4,4,0.25,2,pca_rank_matched,2000,1000,64,0.0,1.0638229679279632,0.23144218971062477,0.9707791673532213,0.12087355510362603,0.14798613801503166,2.220446049250313e-16
development,2,4,4,0.25,2,random_rank_matched,2000,1000,64,0.0,0.9647772726490599,0.10317471795660145,0.9952332045500352,0.048820054536864485,0.018745337243132848,3.469446951953614e-16
development,2,4,4,0.25,2,raw_svd,2000,1000,64,0.0,0.9689860854989346,0.06968568092831055,0.9978636603218565,0.03268286766903705,0.013414632285301131,3.885780586188048e-16
development,2,4,4,0.25,2,full_state_oracle,2000,1000,64,0.0,1.0,0.0,1.0,0.0,0.0,1.6653345369377348e-16
development,2,4,4,0.25,4,correlon,2000,1000,64,0.0,0.9685642667663154,0.06799465243678113,0.997962151111125,0.03192059592860896,0.014650105849237528,4.440892098500626e-16
development,2,4,4,0.25,4,cca_equivalent,2000,1000,64,0.0,0.9685642667663154,0.06799465243678113,0.997962151111125,0.03192059592860896,0.014650105849237528,4.440892098500626e-16
development,2,4,4,0.25,4,block_diagonal,2000,1000,64,0.0,0.9727515088154758,0.07396724179684505,0.9974124166109288,0.035969316014286115,0.013155183934612198,1.1102230246251565e-16
development,2,4,4,0.25,4,pca_rank_matched,2000,1000,64,0.0,0.9685642878401867,0.06799465019989027,0.9979621512007144,0.03192059522694998,0.014650102580566496,5.828670879282072e-16
development,2,4,4,0.25,4,random_rank_matched,2000,1000,64,0.0,0.9638949836308507,0.10530297977384719,0.993815669975965,0.05560723884547324,0.023605712671603964,2.0816681711721685e-16
development,2,4,4,0.25,4,raw_svd,2000,1000,64,0.0,0.9685642667663164,0.06799465243678149,0.997962151111125,0.031920595928609165,0.014650105849237385,3.3306690738754696e-16
development,2,4,4,0.25,4,full_state_oracle,2000,1000,64,0.0,1.0,0.0,1.0,0.0,0.0,1.6653345369377348e-16
development,2,4,4,0.5,1,correlon,2000,1000,64,0.0,1.0005823400808118,0.10240958675112957,0.9953447418815358,0.04824550817674236,0.018137963581163104,2.220446049250313e-16
development,2,4,4,0.5,1,cca_equivalent,2000,1000,64,0.0,1.0005823400808118,0.10240958675112957,0.9953447418815358,0.04824550817674236,0.018137963581163104,2.220446049250313e-16
development,2,4,4,0.5,1,block_diagonal,2000,1000,64,0.0,1.0041985531889572,0.11452687395315544,0.9941399512651239,0.05412969949517636,0.013326003125658322,2.220446049250313e-16
development,2,4,4,0.5,1,pca_rank_matched,2000,1000,64,0.0,1.047811173373956,0.20267558393642843,0.978887605636245,0.1027433559013794,0.09908902332818276,1.6653345369377348e-16
development,2,4,4,0.5,1,random_rank_matched,2000,1000,64,0.0,0.995635179416087,0.12141282510699963,0.9934454304648408,0.057247574337954334,0.01701615034833961,4.440892098500626e-16
development,2,4,4,0.5,1,raw_svd,2000,1000,64,0.0,1.0018078118766458,0.10142872123235826,0.9956810644748034,0.04647007383895884,0.02134587219112163,3.885780586188048e-16
development,2,4,4,0.5,1,full_state_oracle,2000,1000,64,0.0,1.0,0.0,1.0,0.0,0.0,3.3306690738754696e-16
development,2,4,4,0.5,2,correlon,2000,1000,64,0.0,0.9954210336327302,0.0949310133724825,0.9962004546693289,0.04358638164995498,0.016338687772308274,6.730727086790012e-16
development,2,4,4,0.5,2,cca_equivalent,2000,1000,64,0.0,0.9954210336327302,0.0949310133724825,0.9962004546693289,0.04358638164995498,0.016338687772308274,6.730727086790012e-16
development,2,4,4,0.5,2,block_diagonal,2000,1000,64,0.0,1.0041985531889572,0.11452687395315544,0.9941399512651239,0.05412969949517636,0.013326003125658322,2.220446049250313e-16
development,2,4,4,0.5,2,pca_rank_matched,2000,1000,64,0.0,1.0818388306096847,0.2246186989397176,0.9737830525131737,0.11449224315827329,0.21125613031806903,6.106226635438361e-16
development,2,4,4,0.5,2,random_rank_matched,2000,1000,64,0.0,0.9887876861106101,0.14846510912932287,0.989921592533332,0.07098734910766814,0.02849901012814684,2.7755575615628914e-16
development,2,4,4,0.5,2,raw_svd,2000,1000,64,0.0,0.9977450845842893,0.0913558544184056,0.996782303459266,0.040110450887106956,0.022001280374423365,4.440892098500626e-16
development,2,4,4,0.5,2,full_state_oracle,2000,1000,64,0.0,1.0,0.0,1.0,0.0,0.0,3.3306690738754696e-16
development,2,4,4,0.5,4,correlon,2000,1000,64,0.0,0.9897914299804285,0.06238642360962366,0.9983286495677511,0.02890804760139304,0.014647351957765418,3.191891195797325e-16
development,2,4,4,0.5,4,cca_equivalent,2000,1000,64,0.0,0.9897914299804285,0.06238642360962366,0.9983286495677511,0.02890804760139304,0.014647351957765418,3.191891195797325e-16
development,2,4,4,0.5,4,block_diagonal,2000,1000,64,0.0,1.0041985531889572,0.11452687395315544,0.9941399512651239,0.05412969949517636,0.013326003125658322,2.220446049250313e-16
development,2,4,4,0.5,4,pca_rank_matched,2000,1000,64,0.0,0.989791451101587,0.062386422220040774,0.9983286496493072,0.028908046896087558,0.014647349505848176,8.881784197001252e-16
development,2,4,4,0.5,4,random_rank_matched,2000,1000,64,0.0,0.976505646300381,0.15561601454358598,0.9887838669482503,0.07488702508362062,0.026008014434203294,3.3306690738754696e-16
development,2,4,4,0.5,4,raw_svd,2000,1000,64,0.0,0.9897914299804275,0.06238642360962299,0.9983286495677512,0.02890804760139284,0.014647351957765179,2.0816681711721685e-16
development,2,4,4,0.5,4,full_state_oracle,2000,1000,64,0.0,1.0,0.0,1.0,0.0,0.0,3.3306690738754696e-16
development,2,4,4,1.0,1,correlon,2000,1000,64,0.0,1.005189451110521,0.1813458707106016,0.9856006246786568,0.08485097324528226,0.049431043258064675,3.0531133177191805e-16
development,2,4,4,1.0,1,cca_equivalent,2000,1000,64,0.0,1.005189451110521,0.1813458707106016,0.9856006246786568,0.08485097324528226,0.049431043258064675,3.0531133177191805e-16
development,2,4,4,1.0,1,block_diagonal,2000,1000,64,0.0,1.0240381153815958,0.21009322538661876,0.9778020645844422,0.10535163837254209,0.046133747062194946,1.155571286099241e-16
development,2,4,4,1.0,1,pca_rank_matched,2000,1000,64,0.0,1.0299926178455234,0.21249066410624676,0.9779019186421812,0.10511441708400127,0.11248064500897484,2.220446049250313e-16
development,2,4,4,1.0,1,random_rank_matched,2000,1000,64,0.0,0.9447913986638254,0.29629350705997287,0.963157187304274,0.13572548157167466,0.0638327905977101,3.3306690738754696e-16
development,2,4,4,1.0,1,raw_svd,2000,1000,64,0.0,1.0035193364214936,0.18507094821000813,0.9850495684491782,0.08645933018136813,0.04837795839032198,4.510281037539698e-16
development,2,4,4,1.0,1,full_state_oracle,2000,1000,64,0.0,1.0,0.0,1.0,0.0,0.0,2.220446049250313e-16
development,2,4,4,1.0,2,correlon,2000,1000,64,0.0,0.9937685139356188,0.15247151579310528,0.9911346133954603,0.0665784747667736,0.040227211758320405,2.7755575615628914e-16
development,2,4,4,1.0,2,cca_equivalent,2000,1000,64,0.0,0.9937685139356188,0.15247151579310528,0.9911346133954603,0.0665784747667736,0.040227211758320405,2.7755575615628914e-16
development,2,4,4,1.0,2,block_diagonal,2000,1000,64,0.0,1.0240381153815958,0.21009322538661876,0.9778020645844422,0.10535163837254209,0.046133747062194946,1.155571286099241e-16
development,2,4,4,1.0,2,pca_rank_matched,2000,1000,64,0.0,1.068184391452177,0.21792809977748875,0.9742767006867576,0.11340921327926223,0.13135780759395674,1.6653345369377348e-16
development,2,4,4,1.0,2,random_rank_matched,2000,1000,64,0.0,0.9577199174712901,0.2565671587632548,0.9691988587988919,0.1240990354537618,0.03287249902345047,2.7755575615628914e-16
development,2,4,4,1.0,2,raw_svd,2000,1000,64,0.0,0.9922841316460989,0.15452980229015018,0.9910297017983359,0.06697125578061104,0.037045394646394295,1.942890293094024e-16
development,2,4,4,1.0,2,full_state_oracle,2000,1000,64,0.0,1.0,0.0,1.0,0.0,0.0,2.220446049250313e-16
development,2,4,4,1.0,4,correlon,2000,1000,64,0.0,0.9831372552546148,0.060020794845706486,0.9984667365470133,0.027688115257152545,0.021332376852824755,3.0531133177191805e-16
development,2,4,4,1.0,4,cca_equivalent,2000,1000,64,0.0,0.9831372552546148,0.060020794845706486,0.9984667365470133,0.027688115257152545,0.021332376852824755,3.0531133177191805e-16
development,2,4,4,1.0,4,block_diagonal,2000,1000,64,0.0,1.0240381153815958,0.21009322538661876,0.9778020645844422,0.10535163837254209,0.046133747062194946,1.155571286099241e-16
development,2,4,4,1.0,4,pca_rank_matched,2000,1000,64,0.0,0.983137277004559,0.0600207953624063,0.9984667365345135,0.02768811537001492,0.021332380795450086,1.3877787807814457e-16
development,2,4,4,1.0,4,random_rank_matched,2000,1000,64,0.0,0.9236384469809047,0.3011145245115037,0.9605994856527722,0.1403576046162584,0.058340448367983286,9.43689570931383e-16
development,2,4,4,1.0,4,raw_svd,2000,1000,64,0.0,0.9831372552546149,0.06002079484570717,0.9984667365470132,0.027688115257152784,0.021332376852824457,3.885780586188048e-16
development,2,4,4,1.0,4,full_state_oracle,2000,1000,64,0.0,1.0,0.0,1.0,0.0,0.0,2.220446049250313e-16
development,2,8,1,0.1,1,correlon,2000,1000,64,0.0,1.0046824771021634,0.06627098700108887,0.9981337394805894,0.03054718087983377,0.01738331281792593,4.996003610813204e-16
development,2,8,1,0.1,1,cca_equivalent,2000,1000,64,0.0,1.0046824771021634,0.06627098700108887,0.9981337394805894,0.03054718087983377,0.01738331281792593,4.996003610813204e-16
development,2,8,1,0.1,1,block_diagonal,2000,1000,64,0.0,1.0065465684244534,0.05912446968013892,0.9984838386627628,0.027533264764982135,0.015845810665736343,2.220446049250313e-16
development,2,8,1,0.1,1,pca_rank_matched,2000,1000,64,0.0,1.0548313381620287,0.20112821592198876,0.979610933804516,0.10096798055691715,0.10476847932983116,3.3306690738754696e-16
development,2,8,1,0.1,1,random_rank_matched,2000,1000,64,0.0,1.0046892905313372,0.06618362845386362,0.9981217310895916,0.030645300703439182,0.0160810385572492,3.608224830031759e-16
development,2,8,1,0.1,1,raw_svd,2000,1000,64,0.0,1.0053169493723708,0.06405136924201538,0.9981687618552813,0.030259198144686805,0.016078107898574015,4.996003610813204e-16
development,2,8,1,0.1,1,full_state_oracle,2000,1000,64,0.0,1.0,0.0,1.0,0.0,0.0,2.7755575615628914e-16
development,2,8,1,0.1,2,correlon,2000,1000,64,0.0,1.0034066856592607,0.07089442644834086,0.9978232531457358,0.03299050510574288,0.01657751398009502,4.440892098500626e-16
development,2,8,1,0.1,2,cca_equivalent,2000,1000,64,0.0,1.0034066856592607,0.07089442644834086,0.9978232531457358,0.03299050510574288,0.01657751398009502,4.440892098500626e-16
development,2,8,1,0.1,2,block_diagonal,2000,1000,64,0.0,1.0065465684244534,0.05912446968013892,0.9984838386627628,0.027533264764982135,0.015845810665736343,2.220446049250313e-16
development,2,8,1,0.1,2,pca_rank_matched,2000,1000,64,0.0,1.059665352180816,0.20752844686846073,0.9772845243342299,0.10657268802505229,0.11133505470960074,4.996003610813204e-16
development,2,8,1,0.1,2,random_rank_matched,2000,1000,64,0.0,1.0034265120301882,0.07073195428990099,0.9976800298731501,0.034058553454675594,0.014885173117120155,4.440892098500626e-16
development,2,8,1,0.1,2,raw_svd,2000,1000,64,0.0,1.0038586047828675,0.06925901277061663,0.9979026271153709,0.032383428513894884,0.016150685486552113,5.551115123125783e-16
development,2,8,1,0.1,2,full_state_oracle,2000,1000,64,0.0,1.0,0.0,1.0,0.0,0.0,2.7755575615628914e-16
development,2,8,1,0.1,4,correlon,2000,1000,64,0.0,1.0017609046803584,0.07581296564701565,0.997498202531433,0.03536804679768891,0.015687604436890077,4.163336342344337e-16
development,2,8,1,0.1,4,cca_equivalent,2000,1000,64,0.0,1.0017609046803584,0.07581296564701565,0.997498202531433,0.03536804679768891,0.015687604436890077,4.163336342344337e-16
development,2,8,1,0.1,4,block_diagonal,2000,1000,64,0.0,1.0065465684244534,0.05912446968013892,0.9984838386627628,0.027533264764982135,0.015845810665736343,2.220446049250313e-16
development,2,8,1,0.1,4,pca_rank_matched,2000,1000,64,0.0,1.1010173263151015,0.25016057522957946,0.9670494028879371,0.12835613953384342,0.189471758067547,3.608224830031759e-16
development,2,8,1,0.1,4,random_rank_matched,2000,1000,64,0.0,1.0011138768073249,0.07891444469964265,0.9972425693286567,0.037131056215405495,0.017561925738780758,2.7755575615628914e-16
development,2,8,1,0.1,4,raw_svd,2000,1000,64,0.0,1.0020240953860842,0.07526009224646818,0.9975205685635258,0.035209596962151354,0.015540076132976184,3.5388358909926865e-16
development,2,8,1,0.1,4,full_state_oracle,2000,1000,64,0.0,1.0,0.0,1.0,0.0,0.0,2.7755575615628914e-16
development,2,8,1,0.25,1,correlon,2000,1000,64,0.0,0.9915449587617011,0.07012973465619247,0.997430351190302,0.03584444733635885,0.011088735707841774,4.440892098500626e-16
development,2,8,1,0.25,1,cca_equivalent,2000,1000,64,0.0,0.9915449587617011,0.07012973465619247,0.997430351190302,0.03584444733635885,0.011088735707841774,4.440892098500626e-16
development,2,8,1,0.25,1,block_diagonal,2000,1000,64,0.0,0.9952739015227454,0.05995602107506961,0.9981933707007427,0.030055193388642345,0.007621736968763603,2.220446049250313e-16
development,2,8,1,0.25,1,pca_rank_matched,2000,1000,64,0.0,1.0388594595898248,0.20168170790370685,0.9768798436893441,0.10751780389929813,0.09897203192247064,6.106226635438361e-16
development,2,8,1,0.25,1,random_rank_matched,2000,1000,64,0.0,0.9902814956623017,0.07759852459466193,0.9968927104322775,0.03941630099161102,0.01094984581709257,4.440892098500626e-16
development,2,8,1,0.25,1,raw_svd,2000,1000,64,0.0,0.9919820658496961,0.06717246415975318,0.9976087369169252,0.03457790539545993,0.010999850548469726,2.220446049250313e-16
development,2,8,1,0.25,1,full_state_oracle,2000,1000,64,0.0,1.0,0.0,1.0,0.0,0.0,2.7755575615628914e-16
development,2,8,1,0.25,2,correlon,2000,1000,64,0.0,0.9888333068526514,0.0776183458159433,0.9968558130721328,0.03964963384362542,0.01018385858885993,5.551115123125783e-16
development,2,8,1,0.25,2,cca_equivalent,2000,1000,64,0.0,0.9888333068526514,0.0776183458159433,0.9968558130721328,0.03964963384362542,0.01018385858885993,5.551115123125783e-16
development,2,8,1,0.25,2,block_diagonal,2000,1000,64,0.0,0.9952739015227454,0.05995602107506961,0.9981933707007427,0.030055193388642345,0.007621736968763603,2.220446049250313e-16
development,2,8,1,0.25,2,pca_rank_matched,2000,1000,64,0.0,1.0406784130668758,0.2106331688595006,0.9727908836569946,0.11663857925876281,0.11680855346843827,4.163336342344337e-16
development,2,8,1,0.25,2,random_rank_matched,2000,1000,64,0.0,0.9892528928306901,0.07739500359754724,0.9971627575594886,0.03766458841213711,0.008316953773170096,2.220446049250313e-16
development,2,8,1,0.25,2,raw_svd,2000,1000,64,0.0,0.9894663035335497,0.0751288656469677,0.996933591706314,0.039156150817502934,0.008441730016430667,2.983724378680108e-16
development,2,8,1,0.25,2,full_state_oracle,2000,1000,64,0.0,1.0,0.0,1.0,0.0,0.0,2.7755575615628914e-16
development,2,8,1,0.25,4,correlon,2000,1000,64,0.0,0.985648734470532,0.08650410523565616,0.9961923598403851,0.043632786752709866,0.012899015209273744,3.3306690738754696e-16
development,2,8,1,0.25,4,cca_equivalent,2000,1000,64,0.0,0.985648734470532,0.08650410523565616,0.9961923598403851,0.043632786752709866,0.012899015209273744,3.3306690738754696e-16
development,2,8,1,0.25,4,block_diagonal,2000,1000,64,0.0,0.9952739015227454,0.05995602107506961,0.9981933707007427,0.030055193388642345,0.007621736968763603,2.220446049250313e-16
development,2,8,1,0.25,4,pca_rank_matched,2000,1000,64,0.0,1.0852163726462616,0.2534102442444962,0.9644295607319844,0.1333612373743128,0.1749249408498535,3.3306690738754696e-16
development,2,8,1,0.25,4,random_rank_matched,2000,1000,64,0.0,0.9829517619268137,0.09897406142967374,0.9956757346909378,0.04649873820364458,0.014857323253727416,3.885780586188048e-16
development,2,8,1,0.25,4,raw_svd,2000,1000,64,0.0,0.9864108928615719,0.08423418844712859,0.9962758905949609,0.04315153186758939,0.01226787516981861,4.440892098500626e-16
development,2,8,1,0.25,4,full_state_oracle,2000,1000,64,0.0,1.0,0.0,1.0,0.0,0.0,2.7755575615628914e-16
development,2,8,1,0.5,1,correlon,2000,1000,64,0.0,0.9966397841547175,0.0802385918134972,0.9968679903079615,0.0395727791040662,0.017127032368475712,4.996003610813204e-16
development,2,8,1,0.5,1,cca_equivalent,2000,1000,64,0.0,0.9966397841547175,0.0802385918134972,0.9968679903079615,0.0395727791040662,0.017127032368475712,4.996003610813204e-16
development,2,8,1,0.5,1,block_diagonal,2000,1000,64,0.0,1.0019026034562712,0.07958005424247606,0.9967430382609517,0.040354440518041004,0.017447340998974596,2.220446049250313e-16
development,2,8,1,0.5,1,pca_rank_matched,2000,1000,64,0.0,1.0443608803500866,0.20460215357601327,0.9758489106360314,0.10988878324007553,0.1035378096960162,4.996003610813204e-16
development,2,8,1,0.5,1,random_rank_matched,2000,1000,64,0.0,0.9920382738661557,0.10194825430603517,0.9952603762765679,0.048680713447072796,0.025488883023390748,1.3877787807814457e-16
development,2,8,1,0.5,1,raw_svd,2000,1000,64,0.0,0.9969771702619735,0.07892197364737051,0.9969372842271473,0.039132568104155115,0.01815183703730784,3.3306690738754696e-16
development,2,8,1,0.5,1,full_state_oracle,2000,1000,64,0.0,1.0,0.0,1.0,0.0,0.0,6.245004513516506e-16
development,2,8,1,0.5,2,correlon,2000,1000,64,0.0,0.9940649631728156,0.08753966851418947,0.996467416302321,0.04202727505845976,0.019470708552186054,3.885780586188048e-16
development,2,8,1,0.5,2,cca_equivalent,2000,1000,64,0.0,0.9940649631728156,0.08753966851418947,0.996467416302321,0.04202727505845976,0.019470708552186054,3.885780586188048e-16
development,2,8,1,0.5,2,block_diagonal,2000,1000,64,0.0,1.0019026034562712,0.07958005424247606,0.9967430382609517,0.040354440518041004,0.017447340998974596,2.220446049250313e-16
development,2,8,1,0.5,2,pca_rank_matched,2000,1000,64,0.0,1.0479486477360163,0.20608261961420357,0.9755189032027172,0.11063701188409512,0.11329003640926225,4.996003610813204e-16
development,2,8,1,0.5,2,random_rank_matched,2000,1000,64,0.0,0.9923445118503919,0.1018116717292424,0.9946855498962732,0.051548278844820675,0.022988137347363474,2.498001805406602e-16
development,2,8,1,0.5,2,raw_svd,2000,1000,64,0.0,0.9943899559189864,0.086769136611997,0.9965079988544948,0.04178517168509153,0.019475131688561003,1.942890293094024e-16
development,2,8,1,0.5,2,full_state_oracle,2000,1000,64,0.0,1.0,0.0,1.0,0.0,0.0,6.245004513516506e-16
development,2,8,1,0.5,4,correlon,2000,1000,64,0.0,0.9910687294344123,0.09529674114798219,0.9957749424808267,0.04596225363911817,0.020723762590763063,4.996003610813204e-16
development,2,8,1,0.5,4,cca_equivalent,2000,1000,64,0.0,0.9910687294344123,0.09529674114798219,0.9957749424808267,0.04596225363911817,0.020723762590763063,4.996003610813204e-16
development,2,8,1,0.5,4,block_diagonal,2000,1000,64,0.0,1.0019026034562712,0.07958005424247606,0.9967430382609517,0.040354440518041004,0.017447340998974596,2.220446049250313e-16
development,2,8,1,0.5,4,pca_rank_matched,2000,1000,64,0.0,1.0905975914330908,0.25770513819302776,0.9648093751636826,0.1326473234489059,0.16807804854787625,2.7755575615628914e-16
development,2,8,1,0.5,4,random_rank_matched,2000,1000,64,0.0,0.9879553894636797,0.11757355109636444,0.992724264141635,0.060314740563004544,0.020730813931855357,3.608224830031759e-16
development,2,8,1,0.5,4,raw_svd,2000,1000,64,0.0,0.9910868823329753,0.09512159634689095,0.9957617247566919,0.04603409194992362,0.021365231453453024,2.7755575615628914e-16
development,2,8,1,0.5,4,full_state_oracle,2000,1000,64,0.0,1.0,0.0,1.0,0.0,0.0,6.245004513516506e-16
development,2,8,1,1.0,1,correlon,2000,1000,64,0.0,0.9817962114744112,0.06498906810635724,0.9979983788449329,0.031635590361703214,0.012546745405935152,7.771561172376096e-16
development,2,8,1,1.0,1,cca_equivalent,2000,1000,64,0.0,0.9817962114744112,0.06498906810635724,0.9979983788449329,0.031635590361703214,0.012546745405935152,7.771561172376096e-16
development,2,8,1,1.0,1,block_diagonal,2000,1000,64,0.0,0.9882914464783117,0.10754371075373047,0.9941693458063456,0.053993769055579094,0.024958358428280578,1.2071920849394962e-16
development,2,8,1,1.0,1,pca_rank_matched,2000,1000,64,0.0,1.0351343540835625,0.19817826553838466,0.9783726124616521,0.10398891176069662,0.11469155236993858,5.273559366969494e-16
development,2,8,1,1.0,1,random_rank_matched,2000,1000,64,0.0,0.9751374694422187,0.12310494879757974,0.9930394472044757,0.05899386745893262,0.029022155992237064,4.440892098500626e-16
development,2,8,1,1.0,1,raw_svd,2000,1000,64,0.0,0.9818779369023305,0.06534572975791761,0.9979683931220745,0.03187167141777682,0.01214279505932651,3.0531133177191805e-16
development,2,8,1,1.0,1,full_state_oracle,2000,1000,64,0.0,1.0,0.0,1.0,0.0,0.0,3.885780586188048e-16
development,2,8,1,1.0,2,correlon,2000,1000,64,0.0,0.9793010885903682,0.07356182981603258,0.9975531885675948,0.03497721710203093,0.01718841284291464,3.608224830031759e-16
development,2,8,1,1.0,2,cca_equivalent,2000,1000,64,0.0,0.9793010885903682,0.07356182981603258,0.9975531885675948,0.03497721710203093,0.01718841284291464,3.608224830031759e-16
development,2,8,1,1.0,2,block_diagonal,2000,1000,64,0.0,0.9882914464783117,0.10754371075373047,0.9941693458063456,0.053993769055579094,0.024958358428280578,1.2071920849394962e-16
development,2,8,1,1.0,2,pca_rank_matched,2000,1000,64,0.0,1.0344232909715407,0.2003075886703831,0.9765916711837774,0.10818578653460578,0.11795800029622108,6.106226635438361e-16
development,2,8,1,1.0,2,random_rank_matched,2000,1000,64,0.0,0.9673397527835,0.14540945748054293,0.9903098140448183,0.06960670210253352,0.03153774816664042,3.0531133177191805e-16
development,2,8,1,1.0,2,raw_svd,2000,1000,64,0.0,0.9797402747948525,0.07202851796879683,0.9975791137455958,0.03479142318448672,0.015977325264291145,4.440892098500626e-16
development,2,8,1,1.0,2,full_state_oracle,2000,1000,64,0.0,1.0,0.0,1.0,0.0,0.0,3.885780586188048e-16
development,2,8,1,1.0,4,correlon,2000,1000,64,0.0,0.9763651139073543,0.08265142922010511,0.996908247536527,0.03931763258051651,0.018246351187690545,3.400058012914542e-16
development,2,8,1,1.0,4,cca_equivalent,2000,1000,64,0.0,0.9763651139073543,0.08265142922010511,0.996908247536527,0.03931763258051651,0.018246351187690545,3.400058012914542e-16
development,2,8,1,1.0,4,block_diagonal,2000,1000,64,0.0,0.9882914464783117,0.10754371075373047,0.9941693458063456,0.053993769055579094,0.024958358428280578,1.2071920849394962e-16
development,2,8,1,1.0,4,pca_rank_matched,2000,1000,64,0.0,1.0730300641224992,0.25042289807248147,0.9661089581277074,0.13017496278526947,0.15831189252081054,2.498001805406602e-16
development,2,8,1,1.0,4,random_rank_matched,2000,1000,64,0.0,0.9651925487881248,0.1541742013564812,0.9876796514972861,0.07848677755747724,0.03305711807136595,4.440892098500626e-16
development,2,8,1,1.0,4,raw_svd,2000,1000,64,0.0,0.9763931084009791,0.08253061767325708,0.9969105542211176,0.03930296285830362,0.01833740792519245,4.163336342344337e-16
development,2,8,1,1.0,4,full_state_oracle,2000,1000,64,0.0,1.0,0.0,1.0,0.0,0.0,3.885780586188048e-16
development,2,8,2,0.1,1,correlon,2000,1000,64,0.0,0.9797281877447722,0.07253307050570713,0.9975950927630515,0.0346764129989576,0.016190187590309914,3.885780586188048e-16
development,2,8,2,0.1,1,cca_equivalent,2000,1000,64,0.0,0.9797281877447722,0.07253307050570713,0.9975950927630515,0.0346764129989576,0.016190187590309914,3.885780586188048e-16
development,2,8,2,0.1,1,block_diagonal,2000,1000,64,0.0,0.9829679429277439,0.06329263899442186,0.9982756389392671,0.029362910795193115,0.013642227406720346,1.1102230246251565e-16
development,2,8,2,0.1,1,pca_rank_matched,2000,1000,64,0.0,1.0393545420677126,0.19819606880725518,0.979947710731492,0.100130637840044,0.11780443067237772,3.3306690738754696e-16
development,2,8,2,0.1,1,random_rank_matched,2000,1000,64,0.0,0.979589866655157,0.07393705404755288,0.9975947256154063,0.03467905985312866,0.016936038137412967,2.7755575615628914e-16
development,2,8,2,0.1,1,raw_svd,2000,1000,64,0.0,0.9798778615966343,0.07203581865491275,0.9976847659531123,0.034023771446502024,0.01581167150651977,2.498001805406602e-16
development,2,8,2,0.1,1,full_state_oracle,2000,1000,64,0.0,1.0,0.0,1.0,0.0,0.0,4.440892098500626e-16
development,2,8,2,0.1,2,correlon,2000,1000,64,0.0,0.9771838746417725,0.080192775986877,0.9970671385400368,0.03829400383848055,0.016843167783966072,3.3306690738754696e-16
development,2,8,2,0.1,2,cca_equivalent,2000,1000,64,0.0,0.9771838746417725,0.080192775986877,0.9970671385400368,0.03829400383848055,0.016843167783966072,3.3306690738754696e-16
development,2,8,2,0.1,2,block_diagonal,2000,1000,64,0.0,0.9829679429277439,0.06329263899442186,0.9982756389392671,0.029362910795193115,0.013642227406720346,1.1102230246251565e-16
development,2,8,2,0.1,2,pca_rank_matched,2000,1000,64,0.0,1.039661315974662,0.21375781425875393,0.9735734860825809,0.11494893195984708,0.1384907184722783,7.216449660063518e-16
development,2,8,2,0.1,2,random_rank_matched,2000,1000,64,0.0,0.9768903752137125,0.08433531239797507,0.9968079906440743,0.03995002725859962,0.019341678986954908,1.942890293094024e-16
development,2,8,2,0.1,2,raw_svd,2000,1000,64,0.0,0.9780241046202875,0.07772267472286884,0.9971376347026668,0.03783097472530424,0.015668718882836715,3.0531133177191805e-16
development,2,8,2,0.1,2,full_state_oracle,2000,1000,64,0.0,1.0,0.0,1.0,0.0,0.0,4.440892098500626e-16
development,2,8,2,0.1,4,correlon,2000,1000,64,0.0,0.9735318887386311,0.09064596591082781,0.9962387601785034,0.043366114775805,0.01868129482923829,5.551115123125783e-16
development,2,8,2,0.1,4,cca_equivalent,2000,1000,64,0.0,0.9735318887386311,0.09064596591082781,0.9962387601785034,0.043366114775805,0.01868129482923829,5.551115123125783e-16
development,2,8,2,0.1,4,block_diagonal,2000,1000,64,0.0,0.9829679429277439,0.06329263899442186,0.9982756389392671,0.029362910795193115,0.013642227406720346,1.1102230246251565e-16
development,2,8,2,0.1,4,pca_rank_matched,2000,1000,64,0.0,1.0755042712175378,0.254969356945662,0.9652074593202566,0.13189492158484228,0.16325922697921766,6.661338147750939e-16
development,2,8,2,0.1,4,random_rank_matched,2000,1000,64,0.0,0.973441951274476,0.09356935812235515,0.995897284766736,0.04529191557697717,0.020093556976339143,4.440892098500626e-16
development,2,8,2,0.1,4,raw_svd,2000,1000,64,0.0,0.973854870892974,0.08980382007529836,0.9962623446907597,0.04322993933167272,0.0183017814293567,4.440892098500626e-16
development,2,8,2,0.1,4,full_state_oracle,2000,1000,64,0.0,1.0,0.0,1.0,0.0,0.0,4.440892098500626e-16
development,2,8,2,0.25,1,correlon,2000,1000,64,0.0,0.9798260281177249,0.08597656127311944,0.996588298533749,0.041301945875776104,0.023398921933819525,3.400058012914542e-16
development,2,8,2,0.25,1,cca_equivalent,2000,1000,64,0.0,0.9798260281177249,0.08597656127311944,0.996588298533749,0.041301945875776104,0.023398921933819525,3.400058012914542e-16
development,2,8,2,0.25,1,block_diagonal,2000,1000,64,0.0,0.9820778733663343,0.08302083709755213,0.9968721949619146,0.039546207391388546,0.022721387063616764,1.1102230246251565e-16
development,2,8,2,0.25,1,pca_rank_matched,2000,1000,64,0.0,1.0392951086138988,0.20121712949030038,0.9764285322176228,0.10856211996450967,0.1237507215070796,5.828670879282072e-16
development,2,8,2,0.25,1,random_rank_matched,2000,1000,64,0.0,0.9793685413412336,0.09087767451168702,0.9961144831858472,0.044076733171554895,0.023415089657530183,4.440892098500626e-16
development,2,8,2,0.25,1,raw_svd,2000,1000,64,0.0,0.9797788739753098,0.08654634688349207,0.9965436202855031,0.041571502946711344,0.023628910794963306,2.220446049250313e-16
development,2,8,2,0.25,1,full_state_oracle,2000,1000,64,0.0,1.0,0.0,1.0,0.0,0.0,4.996003610813204e-16
development,2,8,2,0.25,2,correlon,2000,1000,64,0.0,0.9779089953326446,0.08892665980830862,0.9963679204719966,0.04261501805703856,0.02421078353838998,2.220446049250313e-16
development,2,8,2,0.25,2,cca_equivalent,2000,1000,64,0.0,0.9779089953326446,0.08892665980830862,0.9963679204719966,0.04261501805703856,0.02421078353838998,2.220446049250313e-16
development,2,8,2,0.25,2,block_diagonal,2000,1000,64,0.0,0.9820778733663343,0.08302083709755213,0.9968721949619146,0.039546207391388546,0.022721387063616764,1.1102230246251565e-16
development,2,8,2,0.25,2,pca_rank_matched,2000,1000,64,0.0,1.0387728073144276,0.2049861814081549,0.9750904579948467,0.11160094534804166,0.12329795669940304,5.273559366969494e-16
development,2,8,2,0.25,2,random_rank_matched,2000,1000,64,0.0,0.9764892455610426,0.09875421498261258,0.9956156722947815,0.046820549469321536,0.022716792952727577,2.7755575615628914e-16
development,2,8,2,0.25,2,raw_svd,2000,1000,64,0.0,0.9779628481467518,0.08922324238941565,0.9963469788560875,0.042737694977107644,0.02465213655232351,4.440892098500626e-16
development,2,8,2,0.25,2,full_state_oracle,2000,1000,64,0.0,1.0,0.0,1.0,0.0,0.0,4.996003610813204e-16
development,2,8,2,0.25,4,correlon,2000,1000,64,0.0,0.9753649263357068,0.0951979697201296,0.9958392320035099,0.04561122666893595,0.024929558157627506,4.440892098500626e-16
development,2,8,2,0.25,4,cca_equivalent,2000,1000,64,0.0,0.9753649263357068,0.0951979697201296,0.9958392320035099,0.04561122666893595,0.024929558157627506,4.440892098500626e-16
development,2,8,2,0.25,4,block_diagonal,2000,1000,64,0.0,0.9820778733663343,0.08302083709755213,0.9968721949619146,0.039546207391388546,0.022721387063616764,1.1102230246251565e-16
development,2,8,2,0.25,4,pca_rank_matched,2000,1000,64,0.0,1.0675317367565655,0.25879463402336517,0.9649250716503787,0.13242909111977882,0.16964909409007783,5.551115123125783e-16
development,2,8,2,0.25,4,random_rank_matched,2000,1000,64,0.0,0.9745412545734647,0.10391985690586301,0.995169805268808,0.049143640133754864,0.029724171808552247,3.885780586188048e-16
development,2,8,2,0.25,4,raw_svd,2000,1000,64,0.0,0.9757028863216288,0.09456329128376788,0.9958875372056155,0.04534568774638042,0.024776080796861985,3.3306690738754696e-16
development,2,8,2,0.25,4,full_state_oracle,2000,1000,64,0.0,1.0,0.0,1.0,0.0,0.0,4.996003610813204e-16
development,2,8,2,0.5,1,correlon,2000,1000,64,0.0,0.9955465813921657,0.06745847077131002,0.9979553730866564,0.03197363690091921,0.013418930155333693,2.498001805406602e-16
development,2,8,2,0.5,1,cca_equivalent,2000,1000,64,0.0,0.9955465813921657,0.06745847077131002,0.9979553730866564,0.03197363690091921,0.013418930155333693,2.498001805406602e-16
development,2,8,2,0.5,1,block_diagonal,2000,1000,64,0.0,0.9981248946746357,0.07699753425389742,0.997147599453166,0.03776506683983231,0.011702520958689325,2.220446049250313e-16
development,2,8,2,0.5,1,pca_rank_matched,2000,1000,64,0.0,1.045091560943435,0.20000527156005465,0.9797833359771622,0.10054020097164588,0.10428034006246253,1.0547118733938987e-15
development,2,8,2,0.5,1,random_rank_matched,2000,1000,64,0.0,0.9920821599614723,0.09419784293532242,0.995370566929134,0.048111501072331836,0.01337892849970245,4.440892098500626e-16
development,2,8,2,0.5,1,raw_svd,2000,1000,64,0.0,0.995661989163557,0.06737872328979742,0.9979751945527333,0.03181827656604616,0.013494600377922973,3.885780586188048e-16
development,2,8,2,0.5,1,full_state_oracle,2000,1000,64,0.0,1.0,0.0,1.0,0.0,0.0,3.3306690738754696e-16
development,2,8,2,0.5,2,correlon,2000,1000,64,0.0,0.9920486248874937,0.06519416141326774,0.9980863568987324,0.030932532237658884,0.01564043842543267,2.7755575615628914e-16
development,2,8,2,0.5,2,cca_equivalent,2000,1000,64,0.0,0.9920486248874937,0.06519416141326774,0.9980863568987324,0.030932532237658884,0.01564043842543267,2.7755575615628914e-16
development,2,8,2,0.5,2,block_diagonal,2000,1000,64,0.0,0.9981248946746357,0.07699753425389742,0.997147599453166,0.03776506683983231,0.011702520958689325,2.220446049250313e-16
development,2,8,2,0.5,2,pca_rank_matched,2000,1000,64,0.0,1.049109292746043,0.20767500802312688,0.9771693349113715,0.10684255961139395,0.11882058810221667,4.996003610813204e-16
development,2,8,2,0.5,2,random_rank_matched,2000,1000,64,0.0,0.9883106107029425,0.1034739426681675,0.9949345749410888,0.05032606212943329,0.010507332312579568,2.498001805406602e-16
development,2,8,2,0.5,2,raw_svd,2000,1000,64,0.0,0.9921829056946907,0.06501598483657156,0.9981052744109298,0.030779259161569254,0.01584082923119582,3.885780586188048e-16
development,2,8,2,0.5,2,full_state_oracle,2000,1000,64,0.0,1.0,0.0,1.0,0.0,0.0,3.3306690738754696e-16
development,2,8,2,0.5,4,correlon,2000,1000,64,0.0,0.9895031435259585,0.07471707983763562,0.9973207236517042,0.036601067937259146,0.01584170909052304,3.3306690738754696e-16
development,2,8,2,0.5,4,cca_equivalent,2000,1000,64,0.0,0.9895031435259585,0.07471707983763562,0.9973207236517042,0.036601067937259146,0.01584170909052304,3.3306690738754696e-16
development,2,8,2,0.5,4,block_diagonal,2000,1000,64,0.0,0.9981248946746357,0.07699753425389742,0.997147599453166,0.03776506683983231,0.011702520958689325,2.220446049250313e-16
development,2,8,2,0.5,4,pca_rank_matched,2000,1000,64,0.0,1.0850951268538886,0.25242062967685464,0.9665692972809624,0.1292878623828192,0.1762056603131556,3.0531133177191805e-16
development,2,8,2,0.5,4,random_rank_matched,2000,1000,64,0.0,0.9875629902720379,0.09737323704337886,0.9956633640329263,0.04656520142270231,0.01146187492563592,4.440892098500626e-16
development,2,8,2,0.5,4,raw_svd,2000,1000,64,0.0,0.9897541754471358,0.07390808165157389,0.9973635867370771,0.03630711543845669,0.015619058851007037,4.996003610813204e-16
development,2,8,2,0.5,4,full_state_oracle,2000,1000,64,0.0,1.0,0.0,1.0,0.0,0.0,3.3306690738754696e-16
development,2,8,2,1.0,1,correlon,2000,1000,64,0.0,1.0005202529805228,0.09312105450634962,0.9959480984832978,0.04501056274199568,0.020598827998529714,6.938893903907228e-16
development,2,8,2,1.0,1,cca_equivalent,2000,1000,64,0.0,1.0005202529805228,0.09312105450634962,0.9959480984832978,0.04501056274199568,0.020598827998529714,6.938893903907228e-16
development,2,8,2,1.0,1,block_diagonal,2000,1000,64,0.0,1.0084596066228635,0.12307165264522342,0.9933518213291099,0.0576549159694557,0.017511138243029856,1.1102230246251565e-16
development,2,8,2,1.0,1,pca_rank_matched,2000,1000,64,0.0,1.0595967025075692,0.21410577590497176,0.9749581094364679,0.11189702981655084,0.11418929327563611,2.7755575615628914e-16
development,2,8,2,1.0,1,random_rank_matched,2000,1000,64,0.0,0.9842108448920976,0.1752827607943501,0.9865421426404826,0.08203004742019068,0.029809448319670473,6.661338147750939e-16
development,2,8,2,1.0,1,raw_svd,2000,1000,64,0.0,1.0005582561868531,0.0932012321087348,0.9959437784612744,0.045034550840025576,0.02015270418961974,4.440892098500626e-16
development,2,8,2,1.0,1,full_state_oracle,2000,1000,64,0.0,1.0,0.0,1.0,0.0,0.0,3.608224830031759e-16
development,2,8,2,1.0,2,correlon,2000,1000,64,0.0,0.9961264920840494,0.07407989054635059,0.9973432550536263,0.036446844488745786,0.021231643436946668,2.220446049250313e-16
development,2,8,2,1.0,2,cca_equivalent,2000,1000,64,0.0,0.9961264920840494,0.07407989054635059,0.9973432550536263,0.036446844488745786,0.021231643436946668,2.220446049250313e-16
development,2,8,2,1.0,2,block_diagonal,2000,1000,64,0.0,1.0084596066228635,0.12307165264522342,0.9933518213291099,0.0576549159694557,0.017511138243029856,1.1102230246251565e-16
development,2,8,2,1.0,2,pca_rank_matched,2000,1000,64,0.0,1.0565675778258217,0.2112548103748822,0.9741054937733229,0.11378599700023971,0.118688550417751,2.7755575615628914e-16
development,2,8,2,1.0,2,random_rank_matched,2000,1000,64,0.0,0.9795112604643801,0.18171452322536452,0.986259379721698,0.08288733400918988,0.035693314655100866,3.3306690738754696e-16
development,2,8,2,1.0,2,raw_svd,2000,1000,64,0.0,0.9963948569928758,0.07463201340687751,0.997278335760553,0.036889458111004095,0.021118202031339278,3.0531133177191805e-16
development,2,8,2,1.0,2,full_state_oracle,2000,1000,64,0.0,1.0,0.0,1.0,0.0,0.0,3.608224830031759e-16
development,2,8,2,1.0,4,correlon,2000,1000,64,0.0,0.9926818897947015,0.0841798486549523,0.9964295858290912,0.042251711035819664,0.02400636050886991,3.0531133177191805e-16
development,2,8,2,1.0,4,cca_equivalent,2000,1000,64,0.0,0.9926818897947015,0.0841798486549523,0.9964295858290912,0.042251711035819664,0.02400636050886991,3.0531133177191805e-16
development,2,8,2,1.0,4,block_diagonal,2000,1000,64,0.0,1.0084596066228635,0.12307165264522342,0.9933518213291099,0.0576549159694557,0.017511138243029856,1.1102230246251565e-16
development,2,8,2,1.0,4,pca_rank_matched,2000,1000,64,0.0,1.083626211114818,0.25281380087984134,0.96524071523428,0.13183187165044719,0.18557893240745993,4.440892098500626e-16
development,2,8,2,1.0,4,random_rank_matched,2000,1000,64,0.0,0.9806894075808568,0.17057776945900438,0.9870802003947776,0.08037350186853365,0.036879714874356886,6.661338147750939e-16
development,2,8,2,1.0,4,raw_svd,2000,1000,64,0.0,0.9931275101296965,0.08374209421986718,0.9964806065712342,0.0419487391274508,0.023707692517007856,8.049116928532385e-16
development,2,8,2,1.0,4,full_state_oracle,2000,1000,64,0.0,1.0,0.0,1.0,0.0,0.0,3.608224830031759e-16
development,2,8,4,0.1,1,correlon,2000,1000,64,0.0,0.9766286762011201,0.07567081166126514,0.9972613593501528,0.03700432846200029,0.019322908596207257,1.8041124150158794e-16
development,2,8,4,0.1,1,cca_equivalent,2000,1000,64,0.0,0.9766286762011201,0.07567081166126514,0.9972613593501528,0.03700432846200029,0.019322908596207257,1.8041124150158794e-16
development,2,8,4,0.1,1,block_diagonal,2000,1000,64,0.0,0.9797091798353176,0.06582672500682496,0.9978738716450039,0.03260466496527812,0.0174807055337407,3.1390830369686166e-16
development,2,8,4,0.1,1,pca_rank_matched,2000,1000,64,0.0,1.031909079957515,0.19979037721276202,0.9771040955292909,0.10699510379150315,0.10766853857320405,4.718447854656915e-16
development,2,8,4,0.1,1,random_rank_matched,2000,1000,64,0.0,0.9770856082354702,0.07513200398476774,0.9972212521101586,0.03727430676646763,0.01831270335435712,3.885780586188048e-16
development,2,8,4,0.1,1,raw_svd,2000,1000,64,0.0,0.9772017955604961,0.07308521213065318,0.997393712893488,0.03609907967325541,0.018669724303940073,4.996003610813204e-16
development,2,8,4,0.1,1,full_state_oracle,2000,1000,64,0.0,1.0,0.0,1.0,0.0,0.0,2.498001805406602e-16
development,2,8,4,0.1,2,correlon,2000,1000,64,0.0,0.9748496448676763,0.08109198196970203,0.9968270964601494,0.03983028709318157,0.0201901561977933,1.942890293094024e-16
development,2,8,4,0.1,2,cca_equivalent,2000,1000,64,0.0,0.9748496448676763,0.08109198196970203,0.9968270964601494,0.03983028709318157,0.0201901561977933,1.942890293094024e-16
development,2,8,4,0.1,2,block_diagonal,2000,1000,64,0.0,0.9797091798353176,0.06582672500682496,0.9978738716450039,0.03260466496527812,0.0174807055337407,3.1390830369686166e-16
development,2,8,4,0.1,2,pca_rank_matched,2000,1000,64,0.0,1.0356157835068849,0.20589052375433958,0.9739540208315576,0.11411831397379299,0.13897082595645632,2.7755575615628914e-16
development,2,8,4,0.1,2,random_rank_matched,2000,1000,64,0.0,0.9739729699846015,0.08426302643479767,0.9966681948410618,0.04081546985481183,0.0211034030551021,1.6653345369377348e-16
development,2,8,4,0.1,2,raw_svd,2000,1000,64,0.0,0.9752221115769748,0.07978980682804031,0.996899383713871,0.03937395259641248,0.019891183066421878,6.661338147750939e-16
development,2,8,4,0.1,2,full_state_oracle,2000,1000,64,0.0,1.0,0.0,1.0,0.0,0.0,2.498001805406602e-16
development,2,8,4,0.1,4,correlon,2000,1000,64,0.0,0.9735485698428838,0.08488502127651129,0.9965406249427289,0.04158951224329931,0.0206951779969912,2.7755575615628914e-16
development,2,8,4,0.1,4,cca_equivalent,2000,1000,64,0.0,0.9735485698428838,0.08488502127651129,0.9965406249427289,0.04158951224329931,0.0206951779969912,2.7755575615628914e-16
development,2,8,4,0.1,4,block_diagonal,2000,1000,64,0.0,0.9797091798353176,0.06582672500682496,0.9978738716450039,0.03260466496527812,0.0174807055337407,3.1390830369686166e-16
development,2,8,4,0.1,4,pca_rank_matched,2000,1000,64,0.0,1.0783141122838709,0.2537363208917294,0.9640079169034713,0.13414932556022915,0.16229962871667597,3.885780586188048e-16
development,2,8,4,0.1,4,random_rank_matched,2000,1000,64,0.0,0.97397533442779,0.08643444437568198,0.9959802129275517,0.0448318361906375,0.021295812474571386,2.498001805406602e-16
development,2,8,4,0.1,4,raw_svd,2000,1000,64,0.0,0.9737596395378553,0.08436717298997069,0.9965299609904237,0.04165356533105041,0.020560957531738436,4.440892098500626e-16
development,2,8,4,0.1,4,full_state_oracle,2000,1000,64,0.0,1.0,0.0,1.0,0.0,0.0,2.498001805406602e-16
development,2,8,4,0.25,1,correlon,2000,1000,64,0.0,0.9900141236265512,0.08069581493913619,0.9970120930488939,0.038651694342589624,0.0195117661455974,4.440892098500626e-16
development,2,8,4,0.25,1,cca_equivalent,2000,1000,64,0.0,0.9900141236265512,0.08069581493913619,0.9970120930488939,0.038651694342589624,0.0195117661455974,4.440892098500626e-16
development,2,8,4,0.25,1,block_diagonal,2000,1000,64,0.0,0.9930283424129206,0.0784617952446151,0.9973594934397223,0.036335289735170265,0.016738481172939454,1.8804884414867135e-16
development,2,8,4,0.25,1,pca_rank_matched,2000,1000,64,0.0,1.0396610710063745,0.19936144997053287,0.9781019106394709,0.10463768288845325,0.10738281593169169,6.106226635438361e-16
development,2,8,4,0.25,1,random_rank_matched,2000,1000,64,0.0,0.9868751031305424,0.09808948733952336,0.9959442094221358,0.04503215838633708,0.021447102569085733,3.3306690738754696e-16
development,2,8,4,0.25,1,raw_svd,2000,1000,64,0.0,0.9900407321980617,0.08071588688234492,0.9970043678297005,0.038701628972818744,0.01967370223768489,3.191891195797325e-16
development,2,8,4,0.25,1,full_state_oracle,2000,1000,64,0.0,1.0,0.0,1.0,0.0,0.0,2.7755575615628914e-16
development,2,8,4,0.25,2,correlon,2000,1000,64,0.0,0.988894772623479,0.08245285347497804,0.9968589193312253,0.03963004333062607,0.019296131511944443,4.718447854656915e-16
development,2,8,4,0.25,2,cca_equivalent,2000,1000,64,0.0,0.988894772623479,0.08245285347497804,0.9968589193312253,0.03963004333062607,0.019296131511944443,4.718447854656915e-16
development,2,8,4,0.25,2,block_diagonal,2000,1000,64,0.0,0.9930283424129206,0.0784617952446151,0.9973594934397223,0.036335289735170265,0.016738481172939454,1.8804884414867135e-16
development,2,8,4,0.25,2,pca_rank_matched,2000,1000,64,0.0,1.0411538509471776,0.20468075407452763,0.9760634804365402,0.10939954196307189,0.12355493750543883,2.7755575615628914e-16
development,2,8,4,0.25,2,random_rank_matched,2000,1000,64,0.0,0.9860155545277381,0.09563938126487373,0.9959280430423668,0.0451218182126625,0.018958132052532932,3.3306690738754696e-16
development,2,8,4,0.25,2,raw_svd,2000,1000,64,0.0,0.9891025541275629,0.08136571017912142,0.9969052232561542,0.039336857677283496,0.019729646577889403,6.661338147750939e-16
development,2,8,4,0.25,2,full_state_oracle,2000,1000,64,0.0,1.0,0.0,1.0,0.0,0.0,2.7755575615628914e-16
development,2,8,4,0.25,4,correlon,2000,1000,64,0.0,0.987422314394306,0.08375019720580362,0.9967068938718637,0.04057774099266931,0.02024776577059891,3.3306690738754696e-16
development,2,8,4,0.25,4,cca_equivalent,2000,1000,64,0.0,0.987422314394306,0.08375019720580362,0.9967068938718637,0.04057774099266931,0.02024776577059891,3.3306690738754696e-16
development,2,8,4,0.25,4,block_diagonal,2000,1000,64,0.0,0.9930283424129206,0.0784617952446151,0.9973594934397223,0.036335289735170265,0.016738481172939454,1.8804884414867135e-16
development,2,8,4,0.25,4,pca_rank_matched,2000,1000,64,0.0,1.0848386512279906,0.25228845755350415,0.9670187965597867,0.12841573782097981,0.17737345358624468,1.942890293094024e-16
development,2,8,4,0.25,4,random_rank_matched,2000,1000,64,0.0,0.9844498613487117,0.10309522082232656,0.9954431313270964,0.047732948122358204,0.02221666292438673,3.885780586188048e-16
development,2,8,4,0.25,4,raw_svd,2000,1000,64,0.0,0.9873515755839142,0.0837922156321304,0.9967297157131083,0.040436890872640616,0.020143291862966695,2.498001805406602e-16
development,2,8,4,0.25,4,full_state_oracle,2000,1000,64,0.0,1.0,0.0,1.0,0.0,0.0,2.7755575615628914e-16
development,2,8,4,0.5,1,correlon,2000,1000,64,0.0,0.9876416210562097,0.09060107590954816,0.9961406991658601,0.04392778638936777,0.014304709812754392,4.440892098500626e-16
development,2,8,4,0.5,1,cca_equivalent,2000,1000,64,0.0,0.9876416210562097,0.09060107590954816,0.9961406991658601,0.04392778638936777,0.014304709812754392,4.440892098500626e-16
development,2,8,4,0.5,1,block_diagonal,2000,1000,64,0.0,0.9927294784190887,0.09131253337164033,0.9956634894518808,0.04656452806654027,0.013122090903272165,2.5401333293302957e-16
development,2,8,4,0.5,1,pca_rank_matched,2000,1000,64,0.0,1.0344487605838812,0.20869337934730026,0.9762367699968569,0.10900282107161971,0.11508416322670972,2.220446049250313e-16
development,2,8,4,0.5,1,random_rank_matched,2000,1000,64,0.0,0.9854128499531304,0.11301295636786746,0.992790934284017,0.06003776193356543,0.013697453860561188,5.551115123125783e-16
development,2,8,4,0.5,1,raw_svd,2000,1000,64,0.0,0.9887512252055777,0.08925220184822089,0.9960274448956015,0.044567673847748256,0.014176070871887983,3.885780586188048e-16
development,2,8,4,0.5,1,full_state_oracle,2000,1000,64,0.0,1.0,0.0,1.0,0.0,0.0,3.3306690738754696e-16
development,2,8,4,0.5,2,correlon,2000,1000,64,0.0,0.9841930146513876,0.08482435291011473,0.9966868033222334,0.040701330922751196,0.014152115385438918,3.3306690738754696e-16
development,2,8,4,0.5,2,cca_equivalent,2000,1000,64,0.0,0.9841930146513876,0.08482435291011473,0.9966868033222334,0.040701330922751196,0.014152115385438918,3.3306690738754696e-16
development,2,8,4,0.5,2,block_diagonal,2000,1000,64,0.0,0.9927294784190887,0.09131253337164033,0.9956634894518808,0.04656452806654027,0.013122090903272165,2.5401333293302957e-16
development,2,8,4,0.5,2,pca_rank_matched,2000,1000,64,0.0,1.0385965844465002,0.2083588326344297,0.9751469870548528,0.11147424129624564,0.12407912932150322,5.551115123125783e-16
development,2,8,4,0.5,2,random_rank_matched,2000,1000,64,0.0,0.9795412532682933,0.1201009843082663,0.9923078307261397,0.062016809309494283,0.015606734023335551,4.440892098500626e-16
development,2,8,4,0.5,2,raw_svd,2000,1000,64,0.0,0.9844315907207348,0.08428309926534709,0.9968070102770699,0.03995616174590694,0.013783678357385185,3.2612801348363973e-16
development,2,8,4,0.5,2,full_state_oracle,2000,1000,64,0.0,1.0,0.0,1.0,0.0,0.0,3.3306690738754696e-16
development,2,8,4,0.5,4,correlon,2000,1000,64,0.0,0.9806097886039429,0.07887958614309074,0.9973672698625339,0.036281745668215695,0.015398121273097858,3.885780586188048e-16
development,2,8,4,0.5,4,cca_equivalent,2000,1000,64,0.0,0.9806097886039429,0.07887958614309074,0.9973672698625339,0.036281745668215695,0.015398121273097858,3.885780586188048e-16
development,2,8,4,0.5,4,block_diagonal,2000,1000,64,0.0,0.9927294784190887,0.09131253337164033,0.9956634894518808,0.04656452806654027,0.013122090903272165,2.5401333293302957e-16
development,2,8,4,0.5,4,pca_rank_matched,2000,1000,64,0.0,1.078872398906286,0.25025116169098277,0.9682486676599165,0.12599867527097983,0.15714006448339668,2.7755575615628914e-16
development,2,8,4,0.5,4,random_rank_matched,2000,1000,64,0.0,0.9729560252572977,0.13010227104755379,0.9924193738232763,0.06156551866395563,0.02335499817654194,4.996003610813204e-16
development,2,8,4,0.5,4,raw_svd,2000,1000,64,0.0,0.9806142142367869,0.08000734552077918,0.9972922120665939,0.0367952981602677,0.015820579912264415,4.440892098500626e-16
development,2,8,4,0.5,4,full_state_oracle,2000,1000,64,0.0,1.0,0.0,1.0,0.0,0.0,3.3306690738754696e-16
development,2,8,4,1.0,1,correlon,2000,1000,64,0.0,1.0040809326373898,0.14483563271885505,0.9905873394230115,0.06860269884264221,0.01714085841118393,3.3306690738754696e-16
development,2,8,4,1.0,1,cca_equivalent,2000,1000,64,0.0,1.0040809326373898,0.14483563271885505,0.9905873394230115,0.06860269884264221,0.01714085841118393,3.3306690738754696e-16
development,2,8,4,1.0,1,block_diagonal,2000,1000,64,0.0,1.011438778763734,0.16365098294126548,0.9868854226569748,0.0809770873242092,0.01905165942982921,3.3306690738754696e-16
development,2,8,4,1.0,1,pca_rank_matched,2000,1000,64,0.0,1.0591014239537908,0.23059213241536922,0.9730397365829129,0.11610396939184967,0.11749446406281555,2.220446049250313e-16
development,2,8,4,1.0,1,random_rank_matched,2000,1000,64,0.0,0.9979897127543309,0.1793175317251449,0.9845094142160381,0.08800734567057995,0.023713738390207018,2.220446049250313e-16
development,2,8,4,1.0,1,raw_svd,2000,1000,64,0.0,1.0047325851113957,0.14453769514483333,0.9905552977075104,0.06871936514727739,0.014981872691386471,8.049116928532385e-16
development,2,8,4,1.0,1,full_state_oracle,2000,1000,64,0.0,1.0,0.0,1.0,0.0,0.0,3.608224830031759e-16
development,2,8,4,1.0,2,correlon,2000,1000,64,0.0,0.9945533052404205,0.1355076958886993,0.9915238791907787,0.06510038713103518,0.01631346138762819,3.920475055707584e-16
development,2,8,4,1.0,2,cca_equivalent,2000,1000,64,0.0,0.9945533052404205,0.1355076958886993,0.9915238791907787,0.06510038713103518,0.01631346138762819,3.920475055707584e-16
development,2,8,4,1.0,2,block_diagonal,2000,1000,64,0.0,1.011438778763734,0.16365098294126548,0.9868854226569748,0.0809770873242092,0.01905165942982921,3.3306690738754696e-16
development,2,8,4,1.0,2,pca_rank_matched,2000,1000,64,0.0,1.0508771389461304,0.21996401082456515,0.9738550184541002,0.11433499365001916,0.12082280324136856,6.938893903907228e-16
development,2,8,4,1.0,2,random_rank_matched,2000,1000,64,0.0,0.9806619553381508,0.20491249057411307,0.9798274067657626,0.10043055619241924,0.025569958177863075,4.996003610813204e-16
development,2,8,4,1.0,2,raw_svd,2000,1000,64,0.0,0.9964206935092519,0.132690064767072,0.99215688399573,0.06262234427211308,0.01076148213318429,3.3306690738754696e-16
development,2,8,4,1.0,2,full_state_oracle,2000,1000,64,0.0,1.0,0.0,1.0,0.0,0.0,3.608224830031759e-16
development,2,8,4,1.0,4,correlon,2000,1000,64,0.0,0.9853648574534838,0.09360008219264376,0.9959200585376429,0.04516603515008308,0.02013412291207919,3.191891195797325e-16
development,2,8,4,1.0,4,cca_equivalent,2000,1000,64,0.0,0.9853648574534838,0.09360008219264376,0.9959200585376429,0.04516603515008308,0.02013412291207919,3.191891195797325e-16
development,2,8,4,1.0,4,block_diagonal,2000,1000,64,0.0,1.011438778763734,0.16365098294126548,0.9868854226569748,0.0809770873242092,0.01905165942982921,3.3306690738754696e-16
development,2,8,4,1.0,4,pca_rank_matched,2000,1000,64,0.0,1.078246412535419,0.24815091397006808,0.9677377749775772,0.1270083167009603,0.1595480296355945,2.220446049250313e-16
development,2,8,4,1.0,4,random_rank_matched,2000,1000,64,0.0,0.9661902306287422,0.20519354230379613,0.9771159316700548,0.10696744441638587,0.03225539642339109,3.885780586188048e-16
development,2,8,4,1.0,4,raw_svd,2000,1000,64,0.0,0.9853476689515177,0.0935026254825486,0.9959315673908111,0.045102287132632396,0.02053904104739347,5.828670879282072e-16
development,2,8,4,1.0,4,full_state_oracle,2000,1000,64,0.0,1.0,0.0,1.0,0.0,0.0,3.608224830031759e-16
development,2,16,1,0.1,1,correlon,2000,1000,64,0.0,0.9891874778583593,0.09820510806605569,0.9951432737410436,0.049278424583971775,0.018293255431484967,4.996003610813204e-16
development,2,16,1,0.1,1,cca_equivalent,2000,1000,64,0.0,0.9891874778583593,0.09820510806605569,0.9951432737410436,0.049278424583971775,0.018293255431484967,4.996003610813204e-16
development,2,16,1,0.1,1,block_diagonal,2000,1000,64,0.0,0.9919720074772964,0.0912071374959543,0.9957829968966659,0.04591842279158806,0.01665747279656337,3.393604038273417e-16
development,2,16,1,0.1,1,pca_rank_matched,2000,1000,64,0.0,1.0412241002428944,0.20104707789052537,0.9785431102963726,0.10357820645200261,0.11137156046536792,4.440892098500626e-16
development,2,16,1,0.1,1,random_rank_matched,2000,1000,64,0.0,0.9885438776650205,0.10035865415705876,0.9948652287976395,0.0506693753778381,0.0214339676117181,4.579669976578771e-16
development,2,16,1,0.1,1,raw_svd,2000,1000,64,0.0,0.9897054076646413,0.09688049012841049,0.9951397171575231,0.04929646459167681,0.017349847183436636,4.440892098500626e-16
development,2,16,1,0.1,1,full_state_oracle,2000,1000,64,0.0,1.0,0.0,1.0,0.0,0.0,4.718447854656915e-16
development,2,16,1,0.1,2,correlon,2000,1000,64,0.0,0.9867107804348962,0.10434592004499478,0.9945697289446789,0.05210696237222578,0.020910414511531705,7.216449660063518e-16
development,2,16,1,0.1,2,cca_equivalent,2000,1000,64,0.0,0.9867107804348962,0.10434592004499478,0.9945697289446789,0.05210696237222578,0.020910414511531705,7.216449660063518e-16
development,2,16,1,0.1,2,block_diagonal,2000,1000,64,0.0,0.9919720074772964,0.0912071374959543,0.9957829968966659,0.04591842279158806,0.01665747279656337,3.393604038273417e-16
development,2,16,1,0.1,2,pca_rank_matched,2000,1000,64,0.0,1.035190515129096,0.20440180366937813,0.9762085799409881,0.10906745632637628,0.10883956660760655,5.551115123125783e-16
development,2,16,1,0.1,2,random_rank_matched,2000,1000,64,0.0,0.9862442148824101,0.10557306775804241,0.9944414391077956,0.052718881305488775,0.020306783412600303,5.689893001203927e-16
development,2,16,1,0.1,2,raw_svd,2000,1000,64,0.0,0.9876996856115567,0.1017054214333064,0.9946884667993494,0.051534130441148567,0.01843698543934146,5.551115123125783e-16
development,2,16,1,0.1,2,full_state_oracle,2000,1000,64,0.0,1.0,0.0,1.0,0.0,0.0,4.718447854656915e-16
development,2,16,1,0.1,4,correlon,2000,1000,64,0.0,0.9831420966105882,0.11204242964060367,0.9937358694415805,0.055964857537652415,0.02339810094602239,4.579669976578771e-16
development,2,16,1,0.1,4,cca_equivalent,2000,1000,64,0.0,0.9831420966105882,0.11204242964060367,0.9937358694415805,0.055964857537652415,0.02339810094602239,4.579669976578771e-16
development,2,16,1,0.1,4,block_diagonal,2000,1000,64,0.0,0.9919720074772964,0.0912071374959543,0.9957829968966659,0.04591842279158806,0.01665747279656337,3.393604038273417e-16
development,2,16,1,0.1,4,pca_rank_matched,2000,1000,64,0.0,1.0347285556499395,0.22504592796968328,0.9710169168044104,0.12038081906099002,0.13130059523657084,4.718447854656915e-16
development,2,16,1,0.1,4,random_rank_matched,2000,1000,64,0.0,0.9826718314658688,0.11304209620445417,0.9937017643682677,0.05611700113037165,0.023417722906093848,5.551115123125783e-16
development,2,16,1,0.1,4,raw_svd,2000,1000,64,0.0,0.9839703336135444,0.10999359105296189,0.9939308852545298,0.05508681668725373,0.02195672298245583,5.551115123125783e-16
development,2,16,1,0.1,4,full_state_oracle,2000,1000,64,0.0,1.0,0.0,1.0,0.0,0.0,4.718447854656915e-16
development,2,16,1,0.25,1,correlon,2000,1000,64,0.0,0.9830291822166437,0.10092378124340229,0.9948793639975699,0.05059958499054109,0.018623851516852422,3.885780586188048e-16
development,2,16,1,0.25,1,cca_equivalent,2000,1000,64,0.0,0.9830291822166437,0.10092378124340229,0.9948793639975699,0.05059958499054109,0.018623851516852422,3.885780586188048e-16
development,2,16,1,0.25,1,block_diagonal,2000,1000,64,0.0,0.9862479260698906,0.09408849193447621,0.9955834268591929,0.0469924097105433,0.017464042519230432,2.220446049250313e-16
development,2,16,1,0.25,1,pca_rank_matched,2000,1000,64,0.0,1.0391774916276613,0.19761519630399535,0.9786227621624836,0.1033857771589411,0.11070557118314077,1.2420620087993939e-15
development,2,16,1,0.25,1,random_rank_matched,2000,1000,64,0.0,0.982317426784581,0.10424973634937942,0.9946881315307947,0.051535756854854266,0.019907192324764594,4.996003610813204e-16
development,2,16,1,0.25,1,raw_svd,2000,1000,64,0.0,0.9834626388373753,0.10020419231178994,0.9949343206437969,0.05032732536208881,0.01849285805767386,3.3306690738754696e-16
development,2,16,1,0.25,1,full_state_oracle,2000,1000,64,0.0,1.0,0.0,1.0,0.0,0.0,6.106226635438361e-16
development,2,16,1,0.25,2,correlon,2000,1000,64,0.0,0.9801791507192084,0.10779748482733216,0.9942679466940844,0.05353528418676623,0.020769353350896115,8.326672684688674e-16
development,2,16,1,0.25,2,cca_equivalent,2000,1000,64,0.0,0.9801791507192084,0.10779748482733216,0.9942679466940844,0.05353528418676623,0.020769353350896115,8.326672684688674e-16
development,2,16,1,0.25,2,block_diagonal,2000,1000,64,0.0,0.9862479260698906,0.09408849193447621,0.9955834268591929,0.0469924097105433,0.017464042519230432,2.220446049250313e-16
development,2,16,1,0.25,2,pca_rank_matched,2000,1000,64,0.0,1.034272196399201,0.20196878893776843,0.9764701471752015,0.10846624549784722,0.10600422128040107,9.992007221626409e-16
development,2,16,1,0.25,2,random_rank_matched,2000,1000,64,0.0,0.9796225488303435,0.11088220200263332,0.9937735086420841,0.05579646654545352,0.02210935766489867,4.996003610813204e-16
development,2,16,1,0.25,2,raw_svd,2000,1000,64,0.0,0.9810395239402427,0.10596134672458421,0.9944006141996492,0.052912124321136185,0.01971388167532625,3.3306690738754696e-16
development,2,16,1,0.25,2,full_state_oracle,2000,1000,64,0.0,1.0,0.0,1.0,0.0,0.0,6.106226635438361e-16
development,2,16,1,0.25,4,correlon,2000,1000,64,0.0,0.9766030438189619,0.11547755391624227,0.9935051481842053,0.05698619050171109,0.022901045139582715,8.326672684688674e-16
development,2,16,1,0.25,4,cca_equivalent,2000,1000,64,0.0,0.9766030438189619,0.11547755391624227,0.9935051481842053,0.05698619050171109,0.022901045139582715,8.326672684688674e-16
development,2,16,1,0.25,4,block_diagonal,2000,1000,64,0.0,0.9862479260698906,0.09408849193447621,0.9955834268591929,0.0469924097105433,0.017464042519230432,2.220446049250313e-16
development,2,16,1,0.25,4,pca_rank_matched,2000,1000,64,0.0,1.0336588826861046,0.22120764874123602,0.9712352092018617,0.11992662506328261,0.12579510041871117,1.3322676295501878e-15
development,2,16,1,0.25,4,random_rank_matched,2000,1000,64,0.0,0.9768060097673977,0.1157975826142993,0.9932991451884997,0.05788287661951619,0.021123545541734116,4.440892098500626e-16
development,2,16,1,0.25,4,raw_svd,2000,1000,64,0.0,0.9779311594167303,0.1121939858043271,0.9936752126065839,0.05623516423651743,0.022379861671745747,3.885780586188048e-16
development,2,16,1,0.25,4,full_state_oracle,2000,1000,64,0.0,1.0,0.0,1.0,0.0,0.0,6.106226635438361e-16
development,2,16,1,0.5,1,correlon,2000,1000,64,0.0,0.9817757013481115,0.10563381996145986,0.9949959037984367,0.050020476814817284,0.02430130567873187,3.3306690738754696e-16
development,2,16,1,0.5,1,cca_equivalent,2000,1000,64,0.0,0.9817757013481115,0.10563381996145986,0.9949959037984367,0.050020476814817284,0.02430130567873187,3.3306690738754696e-16
development,2,16,1,0.5,1,block_diagonal,2000,1000,64,0.0,0.9870922725969195,0.0969130314074788,0.9956807302540747,0.04647187184698563,0.020334610695365074,2.5263879187681874e-16
development,2,16,1,0.5,1,pca_rank_matched,2000,1000,64,0.0,1.042798591201972,0.1988808664350662,0.9783002271182641,0.10416278817729464,0.1120414068385168,1.6653345369377348e-15
development,2,16,1,0.5,1,random_rank_matched,2000,1000,64,0.0,0.9819734548637922,0.1090373329298567,0.994403539856736,0.052898299326461874,0.023023821723775265,4.163336342344337e-16
development,2,16,1,0.5,1,raw_svd,2000,1000,64,0.0,0.9822860814277955,0.10425574836170001,0.9950946751676406,0.04952436184525474,0.02351770952965372,2.7755575615628914e-16
development,2,16,1,0.5,1,full_state_oracle,2000,1000,64,0.0,1.0,0.0,1.0,0.0,0.0,3.885780586188048e-16
development,2,16,1,0.5,2,correlon,2000,1000,64,0.0,0.9793247078985364,0.10908601004969386,0.994550271418784,0.05220023266814016,0.025735404771489452,4.510281037539698e-16
development,2,16,1,0.5,2,cca_equivalent,2000,1000,64,0.0,0.9793247078985364,0.10908601004969386,0.994550271418784,0.05220023266814016,0.025735404771489452,4.510281037539698e-16
development,2,16,1,0.5,2,block_diagonal,2000,1000,64,0.0,0.9870922725969195,0.0969130314074788,0.9956807302540747,0.04647187184698563,0.020334610695365074,2.5263879187681874e-16
development,2,16,1,0.5,2,pca_rank_matched,2000,1000,64,0.0,1.039067857766598,0.19992751178502352,0.9765252377584843,0.10833919475775075,0.11144935330722108,3.608224830031759e-16
development,2,16,1,0.5,2,random_rank_matched,2000,1000,64,0.0,0.9786438655193119,0.1169788997299903,0.9937950476344017,0.05569987596753812,0.025662844339415382,4.163336342344337e-16
development,2,16,1,0.5,2,raw_svd,2000,1000,64,0.0,0.9798686555524603,0.10759767477151645,0.9946568922680374,0.051687076392278666,0.025149552934510933,3.3306690738754696e-16
development,2,16,1,0.5,2,full_state_oracle,2000,1000,64,0.0,1.0,0.0,1.0,0.0,0.0,3.885780586188048e-16
development,2,16,1,0.5,4,correlon,2000,1000,64,0.0,0.9754584635095969,0.11708887603516938,0.9937323401934275,0.05598062078332343,0.028820934557372307,3.3306690738754696e-16
development,2,16,1,0.5,4,cca_equivalent,2000,1000,64,0.0,0.9754584635095969,0.11708887603516938,0.9937323401934275,0.05598062078332343,0.028820934557372307,3.3306690738754696e-16
development,2,16,1,0.5,4,block_diagonal,2000,1000,64,0.0,0.9870922725969195,0.0969130314074788,0.9956807302540747,0.04647187184698563,0.020334610695365074,2.5263879187681874e-16
development,2,16,1,0.5,4,pca_rank_matched,2000,1000,64,0.0,1.0348599800415765,0.22316156184517305,0.9702448091737226,0.12197374886892157,0.1220815247096887,8.881784197001252e-16
development,2,16,1,0.5,4,random_rank_matched,2000,1000,64,0.0,0.974308388555096,0.1254379189943412,0.9924241747942809,0.061546020203255836,0.029714701747597834,4.440892098500626e-16
development,2,16,1,0.5,4,raw_svd,2000,1000,64,0.0,0.9765082841207204,0.11458805732123575,0.9938805387666294,0.05531483179659255,0.028759484403387495,3.3306690738754696e-16
development,2,16,1,0.5,4,full_state_oracle,2000,1000,64,0.0,1.0,0.0,1.0,0.0,0.0,3.885780586188048e-16
development,2,16,1,1.0,1,correlon,2000,1000,64,0.0,0.981387519862913,0.09795478678440872,0.9952108416259475,0.04893443763880593,0.021263933633065696,3.5388358909926865e-16
development,2,16,1,1.0,1,cca_equivalent,2000,1000,64,0.0,0.981387519862913,0.09795478678440872,0.9952108416259475,0.04893443763880593,0.021263933633065696,3.5388358909926865e-16
development,2,16,1,1.0,1,block_diagonal,2000,1000,64,0.0,0.9890670843714454,0.11122966616586653,0.9938111887287251,0.05562738206708499,0.013012869629913503,2.350718981830338e-16
development,2,16,1,1.0,1,pca_rank_matched,2000,1000,64,0.0,1.0417448537442362,0.20377560772019798,0.9769632963219927,0.107323584728631,0.12249004438048006,6.661338147750939e-16
development,2,16,1,1.0,1,random_rank_matched,2000,1000,64,0.0,0.9749073411378919,0.1419678665892231,0.989564861102244,0.07223274499060675,0.027443190292260056,7.771561172376096e-16
development,2,16,1,1.0,1,raw_svd,2000,1000,64,0.0,0.9815585012003697,0.09801565923310465,0.9951654163914047,0.04916596184656257,0.021322839473963066,4.996003610813204e-16
development,2,16,1,1.0,1,full_state_oracle,2000,1000,64,0.0,1.0,0.0,1.0,0.0,0.0,3.885780586188048e-16
development,2,16,1,1.0,2,correlon,2000,1000,64,0.0,0.9782231478868915,0.10544441517370312,0.9943657166108361,0.0530767528639606,0.023916864485563058,4.440892098500626e-16
development,2,16,1,1.0,2,cca_equivalent,2000,1000,64,0.0,0.9782231478868915,0.10544441517370312,0.9943657166108361,0.0530767528639606,0.023916864485563058,4.440892098500626e-16
development,2,16,1,1.0,2,block_diagonal,2000,1000,64,0.0,0.9890670843714454,0.11122966616586653,0.9938111887287251,0.05562738206708499,0.013012869629913503,2.350718981830338e-16
development,2,16,1,1.0,2,pca_rank_matched,2000,1000,64,0.0,1.038252979997696,0.20502381019792687,0.976075596356056,0.10937185114083053,0.12407848477351471,9.992007221626409e-16
development,2,16,1,1.0,2,random_rank_matched,2000,1000,64,0.0,0.9718381574959742,0.14548780696791955,0.9894716988062021,0.07255446641592067,0.029073898076919454,3.7470027081099033e-16
development,2,16,1,1.0,2,raw_svd,2000,1000,64,0.0,0.978419582840875,0.10522770991799701,0.9943687445727931,0.053062488761868906,0.023712367021677526,4.996003610813204e-16
development,2,16,1,1.0,2,full_state_oracle,2000,1000,64,0.0,1.0,0.0,1.0,0.0,0.0,3.885780586188048e-16
development,2,16,1,1.0,4,correlon,2000,1000,64,0.0,0.974546637482309,0.11369516023435808,0.9932751230331136,0.057986537087872235,0.027260737054247627,4.440892098500626e-16
development,2,16,1,1.0,4,cca_equivalent,2000,1000,64,0.0,0.974546637482309,0.11369516023435808,0.9932751230331136,0.057986537087872235,0.027260737054247627,4.440892098500626e-16
development,2,16,1,1.0,4,block_diagonal,2000,1000,64,0.0,0.9890670843714454,0.11122966616586653,0.9938111887287251,0.05562738206708499,0.013012869629913503,2.350718981830338e-16
development,2,16,1,1.0,4,pca_rank_matched,2000,1000,64,0.0,1.0345804523776871,0.2240315754573553,0.9719766216533867,0.11837098112842769,0.12427260012778482,5.551115123125783e-16
development,2,16,1,1.0,4,random_rank_matched,2000,1000,64,0.0,0.9659687837998808,0.15663908735559,0.9881044887923334,0.07712169347098971,0.0335845846689964,6.175615574477433e-16
development,2,16,1,1.0,4,raw_svd,2000,1000,64,0.0,0.9751304450690393,0.11262408564075381,0.9933837523521878,0.05751629181289522,0.02624111618824381,2.7755575615628914e-16
development,2,16,1,1.0,4,full_state_oracle,2000,1000,64,0.0,1.0,0.0,1.0,0.0,0.0,3.885780586188048e-16
development,2,16,2,0.1,1,correlon,2000,1000,64,0.0,0.9692221376748557,0.10442107164726178,0.9949647938111368,0.050175722161535964,0.02930336059999702,4.996003610813204e-16
development,2,16,2,0.1,1,cca_equivalent,2000,1000,64,0.0,0.9692221376748557,0.10442107164726178,0.9949647938111368,0.050175722161535964,0.02930336059999702,4.996003610813204e-16
development,2,16,2,0.1,1,block_diagonal,2000,1000,64,0.0,0.9736937795705206,0.09308600007638353,0.9955622824756917,0.04710476368854969,0.025807676174885455,2.220446049250313e-16
development,2,16,2,0.1,1,pca_rank_matched,2000,1000,64,0.0,1.0328147877877372,0.19744289267286064,0.9795728443961914,0.10106224716433095,0.12086043303816903,7.216449660063518e-16
development,2,16,2,0.1,1,random_rank_matched,2000,1000,64,0.0,0.9706016563067555,0.10103196384544808,0.9948555915489157,0.050716902759752006,0.027733317550151793,6.106226635438361e-16
development,2,16,2,0.1,1,raw_svd,2000,1000,64,0.0,0.9713912617575337,0.09893210065430284,0.9948430778669739,0.0507785492753882,0.027182840243110587,4.440892098500626e-16
development,2,16,2,0.1,1,full_state_oracle,2000,1000,64,0.0,1.0,0.0,1.0,0.0,0.0,2.220446049250313e-16
development,2,16,2,0.1,2,correlon,2000,1000,64,0.0,0.9665802344147795,0.11041225919085466,0.9943261110870406,0.05326297453653585,0.031092770540354503,4.440892098500626e-16
development,2,16,2,0.1,2,cca_equivalent,2000,1000,64,0.0,0.9665802344147795,0.11041225919085466,0.9943261110870406,0.05326297453653585,0.031092770540354503,4.440892098500626e-16
development,2,16,2,0.1,2,block_diagonal,2000,1000,64,0.0,0.9736937795705206,0.09308600007638353,0.9955622824756917,0.04710476368854969,0.025807676174885455,2.220446049250313e-16
development,2,16,2,0.1,2,pca_rank_matched,2000,1000,64,0.0,1.0266327318750852,0.20269200400774548,0.9766841430983804,0.10797188731706865,0.1115494120669206,1.1102230246251565e-15
development,2,16,2,0.1,2,random_rank_matched,2000,1000,64,0.0,0.9679418830796516,0.10761514960423672,0.9937799546319803,0.055767577354676814,0.029611409253516602,5.273559366969494e-16
development,2,16,2,0.1,2,raw_svd,2000,1000,64,0.0,0.9685135739295606,0.10548803377971482,0.9944552249196701,0.05265346655411142,0.028287531267150452,5.551115123125783e-16
development,2,16,2,0.1,2,full_state_oracle,2000,1000,64,0.0,1.0,0.0,1.0,0.0,0.0,2.220446049250313e-16
development,2,16,2,0.1,4,correlon,2000,1000,64,0.0,0.9622937410600377,0.11964730839357769,0.9935712618021677,0.05669540632993234,0.035108381056367814,3.3306690738754696e-16
development,2,16,2,0.1,4,cca_equivalent,2000,1000,64,0.0,0.9622937410600377,0.11964730839357769,0.9935712618021677,0.05669540632993234,0.035108381056367814,3.3306690738754696e-16
development,2,16,2,0.1,4,block_diagonal,2000,1000,64,0.0,0.9736937795705206,0.09308600007638353,0.9955622824756917,0.04710476368854969,0.025807676174885455,2.220446049250313e-16
development,2,16,2,0.1,4,pca_rank_matched,2000,1000,64,0.0,1.0210512264440006,0.22170065193588556,0.9714050674226933,0.11957201298235881,0.12345803090625931,1.0547118733938987e-15
development,2,16,2,0.1,4,random_rank_matched,2000,1000,64,0.0,0.9628147982662038,0.11941201408432926,0.9928720936587787,0.05969885401421594,0.03676996395988091,7.771561172376096e-16
development,2,16,2,0.1,4,raw_svd,2000,1000,64,0.0,0.9634711845663785,0.11666053545358951,0.9937276947254529,0.05600136281621685,0.033287757126396644,4.440892098500626e-16
development,2,16,2,0.1,4,full_state_oracle,2000,1000,64,0.0,1.0,0.0,1.0,0.0,0.0,2.220446049250313e-16
development,2,16,2,0.25,1,correlon,2000,1000,64,0.0,0.9821216876349425,0.09998253490412284,0.9950668166823979,0.049664792950348834,0.020160169810371678,3.885780586188048e-16
development,2,16,2,0.25,1,cca_equivalent,2000,1000,64,0.0,0.9821216876349425,0.09998253490412284,0.9950668166823979,0.049664792950348834,0.020160169810371678,3.885780586188048e-16
development,2,16,2,0.25,1,block_diagonal,2000,1000,64,0.0,0.9850572557306623,0.09251883114248817,0.9959618234773904,0.044934266003850955,0.01857119085182942,2.220446049250313e-16
development,2,16,2,0.25,1,pca_rank_matched,2000,1000,64,0.0,1.0443541993734318,0.19661488565984409,0.9786694187406968,0.10327289397345099,0.11393264899785022,4.440892098500626e-16
development,2,16,2,0.25,1,random_rank_matched,2000,1000,64,0.0,0.9820553735191266,0.09980781220846802,0.9952535068249886,0.04871597876986328,0.020420652226460414,4.440892098500626e-16
development,2,16,2,0.25,1,raw_svd,2000,1000,64,0.0,0.9826281512135724,0.09841357044151126,0.9952498383988952,0.04873480071316955,0.019663327995139604,4.996003610813204e-16
development,2,16,2,0.25,1,full_state_oracle,2000,1000,64,0.0,1.0,0.0,1.0,0.0,0.0,3.885780586188048e-16
development,2,16,2,0.25,2,correlon,2000,1000,64,0.0,0.9797975271568498,0.10446821972895895,0.9946719803610388,0.05161404672645411,0.0220161345796357,3.3306690738754696e-16
development,2,16,2,0.25,2,cca_equivalent,2000,1000,64,0.0,0.9797975271568498,0.10446821972895895,0.9946719803610388,0.05161404672645411,0.0220161345796357,3.3306690738754696e-16
development,2,16,2,0.25,2,block_diagonal,2000,1000,64,0.0,0.9850572557306623,0.09251883114248817,0.9959618234773904,0.044934266003850955,0.01857119085182942,2.220446049250313e-16
development,2,16,2,0.25,2,pca_rank_matched,2000,1000,64,0.0,1.0395205550555142,0.20129601271095732,0.9761047705751611,0.10930514494944615,0.10537434928233802,5.828670879282072e-16
development,2,16,2,0.25,2,random_rank_matched,2000,1000,64,0.0,0.9785796385903827,0.10875707784775805,0.9945480704454106,0.05221077261729351,0.02439604695553694,2.3592239273284576e-16
development,2,16,2,0.25,2,raw_svd,2000,1000,64,0.0,0.9803570388557395,0.10252854876140059,0.994907490814917,0.05046042600436019,0.021853657307775273,3.885780586188048e-16
development,2,16,2,0.25,2,full_state_oracle,2000,1000,64,0.0,1.0,0.0,1.0,0.0,0.0,3.885780586188048e-16
development,2,16,2,0.25,4,correlon,2000,1000,64,0.0,0.9764142387630858,0.1107424346001106,0.9938571947638584,0.055420236539289576,0.025774687093224738,3.3306690738754696e-16
development,2,16,2,0.25,4,cca_equivalent,2000,1000,64,0.0,0.9764142387630858,0.1107424346001106,0.9938571947638584,0.055420236539289576,0.025774687093224738,3.3306690738754696e-16
development,2,16,2,0.25,4,block_diagonal,2000,1000,64,0.0,0.9850572557306623,0.09251883114248817,0.9959618234773904,0.044934266003850955,0.01857119085182942,2.220446049250313e-16
development,2,16,2,0.25,4,pca_rank_matched,2000,1000,64,0.0,1.0360997620203787,0.2191321533345364,0.9702308537964048,0.12200234875524972,0.11998251200873618,4.996003610813204e-16
development,2,16,2,0.25,4,random_rank_matched,2000,1000,64,0.0,0.9757271337744238,0.11419272524279216,0.9934282580081695,0.05732251735500899,0.025945979604923352,3.3306690738754696e-16
development,2,16,2,0.25,4,raw_svd,2000,1000,64,0.0,0.9767877347762657,0.10984318273996238,0.9939587072869597,0.054960407172074295,0.02532306298713667,3.885780586188048e-16
development,2,16,2,0.25,4,full_state_oracle,2000,1000,64,0.0,1.0,0.0,1.0,0.0,0.0,3.885780586188048e-16
development,2,16,2,0.5,1,correlon,2000,1000,64,0.0,0.9796061234009487,0.10365837030599914,0.9944703891700007,0.05258141701209299,0.022340791872444088,2.7755575615628914e-16
development,2,16,2,0.5,1,cca_equivalent,2000,1000,64,0.0,0.9796061234009487,0.10365837030599914,0.9944703891700007,0.05258141701209299,0.022340791872444088,2.7755575615628914e-16
development,2,16,2,0.5,1,block_diagonal,2000,1000,64,0.0,0.9829472301580972,0.10254673190814606,0.9943823581262967,0.05299831069809329,0.020361846177656264,2.704365317695889e-16
development,2,16,2,0.5,1,pca_rank_matched,2000,1000,64,0.0,1.0365676540036617,0.19934312634109494,0.9790194042907472,0.10242215509657267,0.10069653514202123,4.440892098500626e-16
development,2,16,2,0.5,1,random_rank_matched,2000,1000,64,0.0,0.9784436603926381,0.11304816332729213,0.9934935061252026,0.05703724167067293,0.022795114859926757,6.661338147750939e-16
development,2,16,2,0.5,1,raw_svd,2000,1000,64,0.0,0.9799200663389794,0.10230099076659774,0.9945900630639785,0.05200931135874397,0.02182092146401965,4.996003610813204e-16
development,2,16,2,0.5,1,full_state_oracle,2000,1000,64,0.0,1.0,0.0,1.0,0.0,0.0,4.440892098500626e-16
development,2,16,2,0.5,2,correlon,2000,1000,64,0.0,0.9763853075997426,0.11064651741838595,0.9938449378453604,0.05547549979333019,0.024608807569948606,4.996003610813204e-16
development,2,16,2,0.5,2,cca_equivalent,2000,1000,64,0.0,0.9763853075997426,0.11064651741838595,0.9938449378453604,0.05547549979333019,0.024608807569948606,4.996003610813204e-16
development,2,16,2,0.5,2,block_diagonal,2000,1000,64,0.0,0.9829472301580972,0.10254673190814606,0.9943823581262967,0.05299831069809329,0.020361846177656264,2.704365317695889e-16
development,2,16,2,0.5,2,pca_rank_matched,2000,1000,64,0.0,1.0302660644806156,0.2095629650954055,0.9758417270780819,0.10990512481663019,0.10009820320634918,7.632783294297951e-16
development,2,16,2,0.5,2,random_rank_matched,2000,1000,64,0.0,0.9742867029951804,0.12179148692623762,0.9923573492122592,0.06181686981617894,0.02649599683579585,4.440892098500626e-16
development,2,16,2,0.5,2,raw_svd,2000,1000,64,0.0,0.9771278784350357,0.1087500129104039,0.9939451960768615,0.05502183168133552,0.022965030585818058,6.106226635438361e-16
development,2,16,2,0.5,2,full_state_oracle,2000,1000,64,0.0,1.0,0.0,1.0,0.0,0.0,4.440892098500626e-16
development,2,16,2,0.5,4,correlon,2000,1000,64,0.0,0.9717020850558548,0.11716829521858269,0.9931974728299203,0.0583203530942659,0.02972753227449704,3.3306690738754696e-16
development,2,16,2,0.5,4,cca_equivalent,2000,1000,64,0.0,0.9717020850558548,0.11716829521858269,0.9931974728299203,0.0583203530942659,0.02972753227449704,3.3306690738754696e-16
development,2,16,2,0.5,4,block_diagonal,2000,1000,64,0.0,0.9829472301580972,0.10254673190814606,0.9943823581262967,0.05299831069809329,0.020361846177656264,2.704365317695889e-16
development,2,16,2,0.5,4,pca_rank_matched,2000,1000,64,0.0,1.03158406574624,0.22045391847991164,0.9718956292234683,0.1185419140568678,0.1212388391034749,6.38378239159465e-16
development,2,16,2,0.5,4,random_rank_matched,2000,1000,64,0.0,0.9703174456407055,0.13059371101553566,0.9913621441291065,0.06571855092321156,0.031131591127381744,4.440892098500626e-16
development,2,16,2,0.5,4,raw_svd,2000,1000,64,0.0,0.9728902550341962,0.11481094125232927,0.9933226347572837,0.057781334541166456,0.02664074555806033,7.216449660063518e-16
development,2,16,2,0.5,4,full_state_oracle,2000,1000,64,0.0,1.0,0.0,1.0,0.0,0.0,4.440892098500626e-16
development,2,16,2,1.0,1,correlon,2000,1000,64,0.0,0.9848129065799356,0.10927149541682435,0.9941051385194937,0.05429024535082845,0.01768309461950531,4.996003610813204e-16
development,2,16,2,1.0,1,cca_equivalent,2000,1000,64,0.0,0.9848129065799356,0.10927149541682435,0.9941051385194937,0.05429024535082845,0.01768309461950531,4.996003610813204e-16
development,2,16,2,1.0,1,block_diagonal,2000,1000,64,0.0,0.9914549670701213,0.12094954180041957,0.9930888389982748,0.05878418580589981,0.016585147044001856,1.86681048472822e-16
development,2,16,2,1.0,1,pca_rank_matched,2000,1000,64,0.0,1.0417576603574288,0.20729851350788606,0.9752235739929535,0.11130234949686942,0.1132389409123805,8.326672684688674e-16
development,2,16,2,1.0,1,random_rank_matched,2000,1000,64,0.0,0.980763175875683,0.14222958650606526,0.9906281932307395,0.06845365866504356,0.01630226362233969,3.885780586188048e-16
development,2,16,2,1.0,1,raw_svd,2000,1000,64,0.0,0.9849623335080243,0.10940802033220878,0.9940910446532635,0.05435510715073791,0.016930655658033332,5.551115123125783e-16
development,2,16,2,1.0,1,full_state_oracle,2000,1000,64,0.0,1.0,0.0,1.0,0.0,0.0,3.608224830031759e-16
development,2,16,2,1.0,2,correlon,2000,1000,64,0.0,0.9799820564129471,0.10918495461824758,0.9941772949117943,0.053956950841415025,0.019888582459519383,3.885780586188048e-16
development,2,16,2,1.0,2,cca_equivalent,2000,1000,64,0.0,0.9799820564129471,0.10918495461824758,0.9941772949117943,0.053956950841415025,0.019888582459519383,3.885780586188048e-16
development,2,16,2,1.0,2,block_diagonal,2000,1000,64,0.0,0.9914549670701213,0.12094954180041957,0.9930888389982748,0.05878418580589981,0.016585147044001856,1.86681048472822e-16
development,2,16,2,1.0,2,pca_rank_matched,2000,1000,64,0.0,1.0375823419175603,0.21051782158092164,0.9734812726846138,0.11514931027884226,0.10905779640794963,1.1379786002407855e-15
development,2,16,2,1.0,2,random_rank_matched,2000,1000,64,0.0,0.9747301597756581,0.15387332000536413,0.98909616268039,0.07383710896158516,0.022493723162192288,3.3306690738754696e-16
development,2,16,2,1.0,2,raw_svd,2000,1000,64,0.0,0.9803077831117559,0.10897948320620532,0.9941524134568034,0.05407211177306021,0.019029537213023424,6.106226635438361e-16
development,2,16,2,1.0,2,full_state_oracle,2000,1000,64,0.0,1.0,0.0,1.0,0.0,0.0,3.608224830031759e-16
development,2,16,2,1.0,4,correlon,2000,1000,64,0.0,0.9756313120863085,0.1176663510534845,0.9933170541800963,0.057805474740303384,0.023596543853296882,3.3306690738754696e-16
development,2,16,2,1.0,4,cca_equivalent,2000,1000,64,0.0,0.9756313120863085,0.1176663510534845,0.9933170541800963,0.057805474740303384,0.023596543853296882,3.3306690738754696e-16
development,2,16,2,1.0,4,block_diagonal,2000,1000,64,0.0,0.9914549670701213,0.12094954180041957,0.9930888389982748,0.05878418580589981,0.016585147044001856,1.86681048472822e-16
development,2,16,2,1.0,4,pca_rank_matched,2000,1000,64,0.0,1.039337923991016,0.2229544792717074,0.968663515302266,0.12517284988713387,0.12157418011710158,2.7755575615628914e-16
development,2,16,2,1.0,4,random_rank_matched,2000,1000,64,0.0,0.9696877978561397,0.15832305499465035,0.9879431377872875,0.07764297203453928,0.025236882239575282,4.440892098500626e-16
development,2,16,2,1.0,4,raw_svd,2000,1000,64,0.0,0.976033259377723,0.11725758617434413,0.9933107905289511,0.05783255774669186,0.022339577527096047,3.434752482434078e-16
development,2,16,2,1.0,4,full_state_oracle,2000,1000,64,0.0,1.0,0.0,1.0,0.0,0.0,3.608224830031759e-16
development,2,16,4,0.1,1,correlon,2000,1000,64,0.0,0.9849790039591292,0.09584311931036943,0.9952077719984134,0.048950117474764666,0.021733856222991156,5.551115123125783e-16
development,2,16,4,0.1,1,cca_equivalent,2000,1000,64,0.0,0.9849790039591292,0.09584311931036943,0.9952077719984134,0.048950117474764666,0.021733856222991156,5.551115123125783e-16
development,2,16,4,0.1,1,block_diagonal,2000,1000,64,0.0,0.9882817656807977,0.08688564110806166,0.9962528962560224,0.04328454541737458,0.018751311080108878,2.2204460492422351e-16
development,2,16,4,0.1,1,pca_rank_matched,2000,1000,64,0.0,1.0422528031161464,0.19694750403504818,0.9789460272820272,0.10260110310803863,0.11992272112469404,1.8318679906315083e-15
development,2,16,4,0.1,1,random_rank_matched,2000,1000,64,0.0,0.9841675477520538,0.09885712054064238,0.9949704407826221,0.050147578293363,0.02200233839618703,3.3306690738754696e-16
development,2,16,4,0.1,1,raw_svd,2000,1000,64,0.0,0.9856537021272828,0.09412904111830024,0.9953357993027026,0.04829182486351843,0.020714673257152212,4.440892098500626e-16
development,2,16,4,0.1,1,full_state_oracle,2000,1000,64,0.0,1.0,0.0,1.0,0.0,0.0,3.3306690738754696e-16
development,2,16,4,0.1,2,correlon,2000,1000,64,0.0,0.9816264102725141,0.10418378503868476,0.9944418377825666,0.05271699070239838,0.023909306663238518,5.551115123125783e-16
development,2,16,4,0.1,2,cca_equivalent,2000,1000,64,0.0,0.9816264102725141,0.10418378503868476,0.9944418377825666,0.05271699070239838,0.023909306663238518,5.551115123125783e-16
development,2,16,4,0.1,2,block_diagonal,2000,1000,64,0.0,0.9882817656807977,0.08688564110806166,0.9962528962560224,0.04328454541737458,0.018751311080108878,2.2204460492422351e-16
development,2,16,4,0.1,2,pca_rank_matched,2000,1000,64,0.0,1.039354750738782,0.20395528543933084,0.9761831236062966,0.1091257907043596,0.10909020236824035,9.43689570931383e-16
development,2,16,4,0.1,2,random_rank_matched,2000,1000,64,0.0,0.9822160317129597,0.10308036777540903,0.9945138151946449,0.052374539641676265,0.02348300179468673,4.440892098500626e-16
development,2,16,4,0.1,2,raw_svd,2000,1000,64,0.0,0.9836691102299432,0.09881225505033672,0.9947960436841621,0.05100958888208133,0.02286519206738626,2.498001805406602e-16
development,2,16,4,0.1,2,full_state_oracle,2000,1000,64,0.0,1.0,0.0,1.0,0.0,0.0,3.3306690738754696e-16
development,2,16,4,0.1,4,correlon,2000,1000,64,0.0,0.9774647225745027,0.11306591397991463,0.9935965827741975,0.056583642626657306,0.02957420698108295,3.3306690738754696e-16
development,2,16,4,0.1,4,cca_equivalent,2000,1000,64,0.0,0.9774647225745027,0.11306591397991463,0.9935965827741975,0.056583642626657306,0.02957420698108295,3.3306690738754696e-16
development,2,16,4,0.1,4,block_diagonal,2000,1000,64,0.0,0.9882817656807977,0.08688564110806166,0.9962528962560224,0.04328454541737458,0.018751311080108878,2.2204460492422351e-16
development,2,16,4,0.1,4,pca_rank_matched,2000,1000,64,0.0,1.0406394176490659,0.22008318967218174,0.9705344864293313,0.12137856806427717,0.11476847228828954,3.885780586188048e-16
development,2,16,4,0.1,4,random_rank_matched,2000,1000,64,0.0,0.9779738713938868,0.11242012953378747,0.9937573319805015,0.055868900201715185,0.029559090349637676,5.551115123125783e-16
development,2,16,4,0.1,4,raw_svd,2000,1000,64,0.0,0.9788029254531456,0.11019285703446792,0.9937262228874689,0.05600793297619125,0.02802592500165702,4.440892098500626e-16
development,2,16,4,0.1,4,full_state_oracle,2000,1000,64,0.0,1.0,0.0,1.0,0.0,0.0,3.3306690738754696e-16
development,2,16,4,0.25,1,correlon,2000,1000,64,0.0,0.9766283734354635,0.10180002720286026,0.9948340663771439,0.05082289652733368,0.02019012473891118,1.0547118733938987e-15
development,2,16,4,0.25,1,cca_equivalent,2000,1000,64,0.0,0.9766283734354635,0.10180002720286026,0.9948340663771439,0.05082289652733368,0.02019012473891118,1.0547118733938987e-15
development,2,16,4,0.25,1,block_diagonal,2000,1000,64,0.0,0.9808373438729437,0.09210184418751229,0.9957658298584371,0.046011792736008944,0.016261678462753018,1.761766703299279e-16
development,2,16,4,0.25,1,pca_rank_matched,2000,1000,64,0.0,1.0351980944952728,0.198509299989796,0.9800682235904019,0.09982929532356252,0.11632894513684638,4.996003610813204e-16
development,2,16,4,0.25,1,random_rank_matched,2000,1000,64,0.0,0.9765482224476277,0.1033628164196109,0.9944679969683566,0.05259278958014762,0.019357075726827738,5.620504062164855e-16
development,2,16,4,0.25,1,raw_svd,2000,1000,64,0.0,0.9783358293065549,0.09664698685192957,0.9954204789803816,0.047851442087038364,0.017734846993906893,7.216449660063518e-16
development,2,16,4,0.25,1,full_state_oracle,2000,1000,64,0.0,1.0,0.0,1.0,0.0,0.0,5.273559366969494e-16
development,2,16,4,0.25,2,correlon,2000,1000,64,0.0,0.9740882360390922,0.10647901904165598,0.9943179587545197,0.053301225339950194,0.020853524933326237,7.216449660063518e-16
development,2,16,4,0.25,2,cca_equivalent,2000,1000,64,0.0,0.9740882360390922,0.10647901904165598,0.9943179587545197,0.053301225339950194,0.020853524933326237,7.216449660063518e-16
development,2,16,4,0.25,2,block_diagonal,2000,1000,64,0.0,0.9808373438729437,0.09210184418751229,0.9957658298584371,0.046011792736008944,0.016261678462753018,1.761766703299279e-16
development,2,16,4,0.25,2,pca_rank_matched,2000,1000,64,0.0,1.0311199678356473,0.20188173295802447,0.9783396997946094,0.10406800710446674,0.10743221861942812,5.828670879282072e-16
development,2,16,4,0.25,2,random_rank_matched,2000,1000,64,0.0,0.9740530620755161,0.10930268986727038,0.9938922177261214,0.05526202255563276,0.021109686589605665,4.440892098500626e-16
development,2,16,4,0.25,2,raw_svd,2000,1000,64,0.0,0.9748811901991223,0.10407763479080284,0.9947149753943367,0.05140537231488195,0.020574012958506856,5.828670879282072e-16
development,2,16,4,0.25,2,full_state_oracle,2000,1000,64,0.0,1.0,0.0,1.0,0.0,0.0,5.273559366969494e-16
development,2,16,4,0.25,4,correlon,2000,1000,64,0.0,0.9692942990431787,0.11654950078012065,0.9931069324274966,0.05870718683646618,0.025688985811893435,3.885780586188048e-16
development,2,16,4,0.25,4,cca_equivalent,2000,1000,64,0.0,0.9692942990431787,0.11654950078012065,0.9931069324274966,0.05870718683646618,0.025688985811893435,3.885780586188048e-16
development,2,16,4,0.25,4,block_diagonal,2000,1000,64,0.0,0.9808373438729437,0.09210184418751229,0.9957658298584371,0.046011792736008944,0.016261678462753018,1.761766703299279e-16
development,2,16,4,0.25,4,pca_rank_matched,2000,1000,64,0.0,1.0290889097818006,0.22727829554041792,0.9704827565279912,0.12148506795489065,0.11903176102154209,9.43689570931383e-16
development,2,16,4,0.25,4,random_rank_matched,2000,1000,64,0.0,0.9672998177122136,0.12444836186691978,0.9920339818996033,0.06311108500254432,0.027381661168457184,4.996003610813204e-16
development,2,16,4,0.25,4,raw_svd,2000,1000,64,0.0,0.9697019144486001,0.11565132665212156,0.9932704332381703,0.0580067528906324,0.02513318516827098,3.3306690738754696e-16
development,2,16,4,0.25,4,full_state_oracle,2000,1000,64,0.0,1.0,0.0,1.0,0.0,0.0,5.273559366969494e-16
development,2,16,4,0.5,1,correlon,2000,1000,64,0.0,0.9855346205003475,0.10643374044625563,0.9942062028501398,0.05382284435934299,0.02158239086391502,6.106226635438361e-16
development,2,16,4,0.5,1,cca_equivalent,2000,1000,64,0.0,0.9855346205003475,0.10643374044625563,0.9942062028501398,0.05382284435934299,0.02158239086391502,6.106226635438361e-16
development,2,16,4,0.5,1,block_diagonal,2000,1000,64,0.0,0.9904089859446458,0.10080943872000454,0.994711375641355,0.051422876031222434,0.01726772230497691,1.96483891335045e-16
development,2,16,4,0.5,1,pca_rank_matched,2000,1000,64,0.0,1.040401396841306,0.20310215576446805,0.977993348957205,0.10489673742017654,0.11326010256379339,9.992007221626409e-16
development,2,16,4,0.5,1,random_rank_matched,2000,1000,64,0.0,0.9841355418049684,0.11666109231078976,0.9932227387235675,0.058211945837742515,0.023259359622138022,4.440892098500626e-16
development,2,16,4,0.5,1,raw_svd,2000,1000,64,0.0,0.9859258245744373,0.1057697845419141,0.9942442331877606,0.05364590763627503,0.02060203177003355,3.885780586188048e-16
development,2,16,4,0.5,1,full_state_oracle,2000,1000,64,0.0,1.0,0.0,1.0,0.0,0.0,4.3021142204224816e-16
development,2,16,4,0.5,2,correlon,2000,1000,64,0.0,0.9825921558317958,0.11045623761643429,0.9936941608104984,0.056150864594864174,0.0223557645103045,3.3306690738754696e-16
development,2,16,4,0.5,2,cca_equivalent,2000,1000,64,0.0,0.9825921558317958,0.11045623761643429,0.9936941608104984,0.056150864594864174,0.0223557645103045,3.3306690738754696e-16
development,2,16,4,0.5,2,block_diagonal,2000,1000,64,0.0,0.9904089859446458,0.10080943872000454,0.994711375641355,0.051422876031222434,0.01726772230497691,1.96483891335045e-16
development,2,16,4,0.5,2,pca_rank_matched,2000,1000,64,0.0,1.0355122426801526,0.20805280582851576,0.9760398411524933,0.10945354916014985,0.10909650495363293,4.440892098500626e-16
development,2,16,4,0.5,2,random_rank_matched,2000,1000,64,0.0,0.9810646478577335,0.12195642253574626,0.9921484422343896,0.06265603628386625,0.026959890070192866,5.551115123125783e-16
development,2,16,4,0.5,2,raw_svd,2000,1000,64,0.0,0.9840059631988199,0.1059087571175236,0.9941726056493665,0.053978673337872964,0.02166547145051329,4.440892098500626e-16
development,2,16,4,0.5,2,full_state_oracle,2000,1000,64,0.0,1.0,0.0,1.0,0.0,0.0,4.3021142204224816e-16
development,2,16,4,0.5,4,correlon,2000,1000,64,0.0,0.9782676557419242,0.11460148031455525,0.9932043625160238,0.058290811814453856,0.026371639900822995,3.3306690738754696e-16
development,2,16,4,0.5,4,cca_equivalent,2000,1000,64,0.0,0.9782676557419242,0.11460148031455525,0.9932043625160238,0.058290811814453856,0.026371639900822995,3.3306690738754696e-16
development,2,16,4,0.5,4,block_diagonal,2000,1000,64,0.0,0.9904089859446458,0.10080943872000454,0.994711375641355,0.051422876031222434,0.01726772230497691,1.96483891335045e-16
development,2,16,4,0.5,4,pca_rank_matched,2000,1000,64,0.0,1.036567435104531,0.2221360868041602,0.9718788856986513,0.11857722020132856,0.12146435496134579,1.0547118733938987e-15
development,2,16,4,0.5,4,random_rank_matched,2000,1000,64,0.0,0.9749044017496076,0.13488773189922762,0.9912173734830956,0.06626698467904045,0.03018236565215924,3.885780586188048e-16
development,2,16,4,0.5,4,raw_svd,2000,1000,64,0.0,0.979646388153163,0.11246766701112958,0.9933887368632883,0.057494622082033466,0.025173318475356383,7.216449660063518e-16
development,2,16,4,0.5,4,full_state_oracle,2000,1000,64,0.0,1.0,0.0,1.0,0.0,0.0,4.3021142204224816e-16
development,2,16,4,1.0,1,correlon,2000,1000,64,0.0,0.9927939626952673,0.13372558358837736,0.9911558559631332,0.0664986617792675,0.01763017099588841,2.7755575615628914e-16
development,2,16,4,1.0,1,cca_equivalent,2000,1000,64,0.0,0.9927939626952673,0.13372558358837736,0.9911558559631332,0.0664986617792675,0.01763017099588841,2.7755575615628914e-16
development,2,16,4,1.0,1,block_diagonal,2000,1000,64,0.0,0.9998491767614025,0.14015770976469286,0.9900890220163382,0.07039523415566463,0.01720462574102537,2.2204460492504393e-16
development,2,16,4,1.0,1,pca_rank_matched,2000,1000,64,0.0,1.0499651692066,0.21371694001283933,0.9760667308876931,0.10939211377495844,0.11725391537988185,2.1649348980190553e-15
development,2,16,4,1.0,1,random_rank_matched,2000,1000,64,0.0,0.9856273632708673,0.16273351327877683,0.9869536124489899,0.08076629108424521,0.025027845087622964,6.106226635438361e-16
development,2,16,4,1.0,1,raw_svd,2000,1000,64,0.0,0.9938979834212123,0.13190584979693537,0.9912852505967293,0.06601041358479268,0.015893036751215943,1.106753577673203e-15
development,2,16,4,1.0,1,full_state_oracle,2000,1000,64,0.0,1.0,0.0,1.0,0.0,0.0,4.996003610813204e-16
development,2,16,4,1.0,2,correlon,2000,1000,64,0.0,0.9870752133254038,0.12598476279121779,0.9920826971955841,0.06291781466491002,0.01775523715082576,4.440892098500626e-16
development,2,16,4,1.0,2,cca_equivalent,2000,1000,64,0.0,0.9870752133254038,0.12598476279121779,0.9920826971955841,0.06291781466491002,0.01775523715082576,4.440892098500626e-16
development,2,16,4,1.0,2,block_diagonal,2000,1000,64,0.0,0.9998491767614025,0.14015770976469286,0.9900890220163382,0.07039523415566463,0.01720462574102537,2.2204460492504393e-16
development,2,16,4,1.0,2,pca_rank_matched,2000,1000,64,0.0,1.0418897614099416,0.2108043300039597,0.9760138610230469,0.10951287361984685,0.11139525620367727,4.996003610813204e-16
development,2,16,4,1.0,2,random_rank_matched,2000,1000,64,0.0,0.9770343229655452,0.17276085557847665,0.9858517890937251,0.08410770150906198,0.03229553318003644,2.7755575615628914e-16
development,2,16,4,1.0,2,raw_svd,2000,1000,64,0.0,0.9891388051936664,0.1221199061767749,0.992271586549643,0.0621627438678387,0.01639755924222064,5.551115123125783e-16
development,2,16,4,1.0,2,full_state_oracle,2000,1000,64,0.0,1.0,0.0,1.0,0.0,0.0,4.996003610813204e-16
development,2,16,4,1.0,4,correlon,2000,1000,64,0.0,0.9780282064179862,0.11716421359608907,0.9934273414876564,0.05732651442545396,0.029903500968792605,6.106226635438361e-16
development,2,16,4,1.0,4,cca_equivalent,2000,1000,64,0.0,0.9780282064179862,0.11716421359608907,0.9934273414876564,0.05732651442545396,0.029903500968792605,6.106226635438361e-16
development,2,16,4,1.0,4,block_diagonal,2000,1000,64,0.0,0.9998491767614025,0.14015770976469286,0.9900890220163382,0.07039523415566463,0.01720462574102537,2.2204460492504393e-16
development,2,16,4,1.0,4,pca_rank_matched,2000,1000,64,0.0,1.0388411381429932,0.22274868676543513,0.9724177119337439,0.11743570169726068,0.12045767225000782,7.771561172376096e-16
development,2,16,4,1.0,4,random_rank_matched,2000,1000,64,0.0,0.9593128156167635,0.20342227000421895,0.9790412306284471,0.10236886580292091,0.04660236819904984,1.2906342661267445e-15
development,2,16,4,1.0,4,raw_svd,2000,1000,64,0.0,0.9788722156374263,0.11682630338852681,0.9933712608282176,0.05757056179933637,0.02851871208960635,4.996003610813204e-16
development,2,16,4,1.0,4,full_state_oracle,2000,1000,64,0.0,1.0,0.0,1.0,0.0,0.0,4.996003610813204e-16
development,3,4,1,0.1,1,correlon,2000,1000,64,0.0,0.9708834586044418,0.06716186254977542,0.9976553087465561,0.03423953309731289,0.02112557323191733,2.498001805406602e-16
development,3,4,1,0.1,1,cca_equivalent,2000,1000,64,0.0,0.9708834586044418,0.06716186254977542,0.9976553087465561,0.03423953309731289,0.02112557323191733,2.498001805406602e-16
development,3,4,1,0.1,1,block_diagonal,2000,1000,64,0.0,0.973283280505882,0.058695317316182126,0.998470376624133,0.027655228943792035,0.02040114632927164,8.100126115701687e-17
development,3,4,1,0.1,1,pca_rank_matched,2000,1000,64,0.0,1.0241955987933535,0.19939488910674488,0.9776759185108632,0.10565055960366873,0.10865342784883873,4.440892098500626e-16
development,3,4,1,0.1,1,random_rank_matched,2000,1000,64,0.0,0.9690231488942666,0.0750894324715874,0.9976707557573933,0.034126560349724125,0.02279343760965238,5.273559366969494e-16
development,3,4,1,0.1,1,raw_svd,2000,1000,64,0.0,0.9714251660901861,0.06436316274770983,0.9978168830249101,0.033038742220987946,0.02107381106394751,2.7755575615628914e-16
development,3,4,1,0.1,1,full_state_oracle,2000,1000,64,0.0,1.0,0.0,1.0,0.0,0.0,1.6653345369377348e-16
development,3,4,1,0.1,2,correlon,2000,1000,64,0.0,0.9682970235031314,0.07618396941951874,0.9971401543665928,0.03781432025970571,0.022349006848468304,1.6653345369377348e-16
development,3,4,1,0.1,2,cca_equivalent,2000,1000,64,0.0,0.9682970235031314,0.07618396941951874,0.9971401543665928,0.03781432025970571,0.022349006848468304,1.6653345369377348e-16
development,3,4,1,0.1,2,block_diagonal,2000,1000,64,0.0,0.973283280505882,0.058695317316182126,0.998470376624133,0.027655228943792035,0.02040114632927164,8.100126115701687e-17
development,3,4,1,0.1,2,pca_rank_matched,2000,1000,64,0.0,1.0547603982092117,0.23872947131042974,0.9682678941987531,0.12596052119860193,0.22961449614138313,1.6653345369377348e-16
development,3,4,1,0.1,2,random_rank_matched,2000,1000,64,0.0,0.9687650765716862,0.07329056133498318,0.9974185501243131,0.03592666054399534,0.01870744083372198,4.996003610813204e-16
development,3,4,1,0.1,2,raw_svd,2000,1000,64,0.0,0.9682663569755238,0.0762979334730136,0.9971498714767559,0.03775002333273475,0.022577292070367933,3.2612801348363973e-16
development,3,4,1,0.1,2,full_state_oracle,2000,1000,64,0.0,1.0,0.0,1.0,0.0,0.0,1.6653345369377348e-16
development,3,4,1,0.1,4,correlon,2000,1000,64,0.0,0.9677862158603472,0.07750679700335707,0.9970043815504532,0.03870154034109463,0.022680126810738048,5.551115123125783e-16
development,3,4,1,0.1,4,cca_equivalent,2000,1000,64,0.0,0.9677862158603472,0.07750679700335707,0.9970043815504532,0.03870154034109463,0.022680126810738048,5.551115123125783e-16
development,3,4,1,0.1,4,block_diagonal,2000,1000,64,0.0,0.973283280505882,0.058695317316182126,0.998470376624133,0.027655228943792035,0.02040114632927164,8.100126115701687e-17
development,3,4,1,0.1,4,pca_rank_matched,2000,1000,64,0.0,0.9677862366886331,0.07750679541967108,0.9970043816943224,0.03870153941174472,0.022680125864910066,2.220446049250313e-16
development,3,4,1,0.1,4,random_rank_matched,2000,1000,64,0.0,0.9669212721365325,0.08093122866861527,0.9971373988146046,0.037832533522058266,0.028029026644687774,2.7755575615628914e-16
development,3,4,1,0.1,4,raw_svd,2000,1000,64,0.0,0.9677862158603473,0.07750679700335739,0.9970043815504532,0.03870154034109483,0.022680126810738246,4.579669976578771e-16
development,3,4,1,0.1,4,full_state_oracle,2000,1000,64,0.0,1.0,0.0,1.0,0.0,0.0,1.6653345369377348e-16
development,3,4,1,0.25,1,correlon,2000,1000,64,0.0,0.9862336833345954,0.0602881593304336,0.9984725171153028,0.027635872382621746,0.03128249496809955,1.1102230246251565e-16
development,3,4,1,0.25,1,cca_equivalent,2000,1000,64,0.0,0.9862336833345954,0.0602881593304336,0.9984725171153028,0.027635872382621746,0.03128249496809955,1.1102230246251565e-16
development,3,4,1,0.25,1,block_diagonal,2000,1000,64,0.0,0.9902936557418469,0.05581668790341386,0.9986559045478012,0.025923883314415024,0.02503461929379736,2.220446049250313e-16
development,3,4,1,0.25,1,pca_rank_matched,2000,1000,64,0.0,1.058726290368834,0.1969378023905148,0.9769524063060611,0.10734894897934216,0.08252715404637198,3.3306690738754696e-16
development,3,4,1,0.25,1,random_rank_matched,2000,1000,64,0.0,0.9876316499751409,0.06606947062521189,0.9978913371623566,0.0324704699507377,0.02789333991549614,2.220446049250313e-16
development,3,4,1,0.25,1,raw_svd,2000,1000,64,0.0,0.9866693730400411,0.06022011560838758,0.9984558267495414,0.027786446790283883,0.03149146140689306,1.1102230246251565e-16
development,3,4,1,0.25,1,full_state_oracle,2000,1000,64,0.0,1.0,0.0,1.0,0.0,0.0,1.6653345369377348e-16
development,3,4,1,0.25,2,correlon,2000,1000,64,0.0,0.9852468480344507,0.06467534692271634,0.9981727058163438,0.03022659576975348,0.034022281537863096,4.3021142204224816e-16
development,3,4,1,0.25,2,cca_equivalent,2000,1000,64,0.0,0.9852468480344507,0.06467534692271634,0.9981727058163438,0.03022659576975348,0.034022281537863096,4.3021142204224816e-16
development,3,4,1,0.25,2,block_diagonal,2000,1000,64,0.0,0.9902936557418469,0.05581668790341386,0.9986559045478012,0.025923883314415024,0.02503461929379736,2.220446049250313e-16
development,3,4,1,0.25,2,pca_rank_matched,2000,1000,64,0.0,1.0777398659311452,0.22789718775398862,0.9720610617383867,0.11819250877617715,0.179504524025269,2.3592239273284576e-16
development,3,4,1,0.25,2,random_rank_matched,2000,1000,64,0.0,0.984567342874897,0.07446028491716986,0.9977090580507357,0.03384480720335288,0.02879916590108232,2.220446049250313e-16
development,3,4,1,0.25,2,raw_svd,2000,1000,64,0.0,0.9853696459767645,0.06406348386903608,0.9982014813522991,0.02998765285664184,0.033680524271149564,2.220446049250313e-16
development,3,4,1,0.25,2,full_state_oracle,2000,1000,64,0.0,1.0,0.0,1.0,0.0,0.0,1.6653345369377348e-16
development,3,4,1,0.25,4,correlon,2000,1000,64,0.0,0.9850899901804037,0.06521864725042781,0.9981596292318953,0.030334557587878685,0.033578156530169906,1.942890293094024e-16
development,3,4,1,0.25,4,cca_equivalent,2000,1000,64,0.0,0.9850899901804037,0.06521864725042781,0.9981596292318953,0.030334557587878685,0.033578156530169906,1.942890293094024e-16
development,3,4,1,0.25,4,block_diagonal,2000,1000,64,0.0,0.9902936557418469,0.05581668790341386,0.9986559045478012,0.025923883314415024,0.02503461929379736,2.220446049250313e-16
development,3,4,1,0.25,4,pca_rank_matched,2000,1000,64,0.0,0.9850900111802645,0.06521864509027073,0.9981596293415973,0.03033455668377884,0.0335781527005095,3.3306690738754696e-16
development,3,4,1,0.25,4,random_rank_matched,2000,1000,64,0.0,0.9852274289701436,0.07357223384239935,0.9976797064548758,0.03406092735910278,0.028573728072085497,3.3306690738754696e-16
development,3,4,1,0.25,4,raw_svd,2000,1000,64,0.0,0.9850899901804046,0.06521864725042772,0.9981596292318953,0.0303345575878787,0.033578156530169816,2.220446049250313e-16
development,3,4,1,0.25,4,full_state_oracle,2000,1000,64,0.0,1.0,0.0,1.0,0.0,0.0,1.6653345369377348e-16
development,3,4,1,0.5,1,correlon,2000,1000,64,0.0,0.9923739201185128,0.05796585173466731,0.9985198427954736,0.027204385717438367,0.014479359676444887,4.718447854656915e-16
development,3,4,1,0.5,1,cca_equivalent,2000,1000,64,0.0,0.9923739201185128,0.05796585173466731,0.9985198427954736,0.027204385717438367,0.014479359676444887,4.718447854656915e-16
development,3,4,1,0.5,1,block_diagonal,2000,1000,64,0.0,0.996515995228785,0.08240116225699058,0.9974010770239601,0.03604804416358739,0.0344276979311609,7.326384494120544e-17
development,3,4,1,0.5,1,pca_rank_matched,2000,1000,64,0.0,1.0577631385564603,0.20253970846243421,0.9793220788836765,0.10168067937500122,0.11316178715477723,1.1102230246251565e-16
development,3,4,1,0.5,1,random_rank_matched,2000,1000,64,0.0,0.9909241229067627,0.09730758536440381,0.9964539935666167,0.04210704473946909,0.034425595568871904,2.7755575615628914e-16
development,3,4,1,0.5,1,raw_svd,2000,1000,64,0.0,0.9928590748034932,0.06035098895226459,0.9983486200973857,0.028734821233255752,0.01475380283098092,4.440892098500626e-16
development,3,4,1,0.5,1,full_state_oracle,2000,1000,64,0.0,1.0,0.0,1.0,0.0,0.0,2.220446049250313e-16
development,3,4,1,0.5,2,correlon,2000,1000,64,0.0,0.9909402029957822,0.06377541199146455,0.998160374000312,0.030328419013260964,0.01716980088260138,5.551115123125783e-16
development,3,4,1,0.5,2,cca_equivalent,2000,1000,64,0.0,0.9909402029957822,0.06377541199146455,0.998160374000312,0.030328419013260964,0.01716980088260138,5.551115123125783e-16
development,3,4,1,0.5,2,block_diagonal,2000,1000,64,0.0,0.996515995228785,0.08240116225699058,0.9974010770239601,0.03604804416358739,0.0344276979311609,7.326384494120544e-17
development,3,4,1,0.5,2,pca_rank_matched,2000,1000,64,0.0,1.0789750159447342,0.23146859550909182,0.9742931800253949,0.11337288029904931,0.1616469561492055,2.7755575615628914e-16
development,3,4,1,0.5,2,random_rank_matched,2000,1000,64,0.0,0.9857773713487087,0.11685149671049944,0.9948238859073444,0.05087295004545955,0.03074198902699991,2.220446049250313e-16
development,3,4,1,0.5,2,raw_svd,2000,1000,64,0.0,0.9910496822722099,0.06343719605494762,0.9981815756109622,0.03015314568198292,0.01617555481312073,1.3877787807814457e-16
development,3,4,1,0.5,2,full_state_oracle,2000,1000,64,0.0,1.0,0.0,1.0,0.0,0.0,2.220446049250313e-16
development,3,4,1,0.5,4,correlon,2000,1000,64,0.0,0.9906407215248026,0.06493050169688423,0.9980795851952389,0.030987213530431615,0.018379822919708265,3.885780586188048e-16
development,3,4,1,0.5,4,cca_equivalent,2000,1000,64,0.0,0.9906407215248026,0.06493050169688423,0.9980795851952389,0.030987213530431615,0.018379822919708265,3.885780586188048e-16
development,3,4,1,0.5,4,block_diagonal,2000,1000,64,0.0,0.996515995228785,0.08240116225699058,0.9974010770239601,0.03604804416358739,0.0344276979311609,7.326384494120544e-17
development,3,4,1,0.5,4,pca_rank_matched,2000,1000,64,0.0,0.9906407423390888,0.0649305007124813,0.9980795852513935,0.030987213077384116,0.018379821465459318,1.6653345369377348e-16
development,3,4,1,0.5,4,random_rank_matched,2000,1000,64,0.0,0.9903416876838672,0.09061605406804464,0.996267943515989,0.04319754902775694,0.02106602937401051,4.996003610813204e-16
development,3,4,1,0.5,4,raw_svd,2000,1000,64,0.0,0.9906407215248026,0.06493050169688447,0.9980795851952388,0.030987213530431726,0.018379822919708626,5.551115123125783e-16
development,3,4,1,0.5,4,full_state_oracle,2000,1000,64,0.0,1.0,0.0,1.0,0.0,0.0,2.220446049250313e-16
development,3,4,1,1.0,1,correlon,2000,1000,64,0.0,0.9761396100935887,0.054150012514796855,0.9985957686699243,0.026497465256848155,0.02269057720043036,2.7755575615628914e-16
development,3,4,1,1.0,1,cca_equivalent,2000,1000,64,0.0,0.9761396100935887,0.054150012514796855,0.9985957686699243,0.026497465256848155,0.02269057720043036,2.7755575615628914e-16
development,3,4,1,1.0,1,block_diagonal,2000,1000,64,0.0,0.9920815562851936,0.1333297126933464,0.9928945334096402,0.059604809329280604,0.0277779362259164,2.220446049250313e-16
development,3,4,1,1.0,1,pca_rank_matched,2000,1000,64,0.0,1.0472103529061672,0.21571237970696414,0.9751768439767714,0.11140726193392546,0.11933845128037715,2.220446049250313e-16
development,3,4,1,1.0,1,random_rank_matched,2000,1000,64,0.0,0.9682201152157444,0.15595680704196568,0.9884401120109929,0.07602594290440282,0.034663565110646,5.724587470723463e-17
development,3,4,1,1.0,1,raw_svd,2000,1000,64,0.0,0.976128861862365,0.053399993191392124,0.9986615432081465,0.02586944908433,0.022279669210149858,2.220446049250313e-16
development,3,4,1,1.0,1,full_state_oracle,2000,1000,64,0.0,1.0,0.0,1.0,0.0,0.0,4.440892098500626e-16
development,3,4,1,1.0,2,correlon,2000,1000,64,0.0,0.9752148957275262,0.05834787603559042,0.9984212605650795,0.028095724184655214,0.022711687055949392,2.220446049250313e-16
development,3,4,1,1.0,2,cca_equivalent,2000,1000,64,0.0,0.9752148957275262,0.05834787603559042,0.9984212605650795,0.028095724184655214,0.022711687055949392,2.220446049250313e-16
development,3,4,1,1.0,2,block_diagonal,2000,1000,64,0.0,0.9920815562851936,0.1333297126933464,0.9928945334096402,0.059604809329280604,0.0277779362259164,2.220446049250313e-16
development,3,4,1,1.0,2,pca_rank_matched,2000,1000,64,0.0,1.051277777927105,0.2162424863432048,0.9755982751492902,0.11045751411902627,0.1537105976342118,1.942890293094024e-16
development,3,4,1,1.0,2,random_rank_matched,2000,1000,64,0.0,0.9532735762080577,0.21426875073710444,0.9787484020972008,0.103081516051131,0.04269274711124098,4.996003610813204e-16
development,3,4,1,1.0,2,raw_svd,2000,1000,64,0.0,0.9751716535514287,0.058346141383887024,0.9984131361274258,0.028167923890252793,0.022740167882666494,1.6653345369377348e-16
development,3,4,1,1.0,2,full_state_oracle,2000,1000,64,0.0,1.0,0.0,1.0,0.0,0.0,4.440892098500626e-16
development,3,4,1,1.0,4,correlon,2000,1000,64,0.0,0.9747207012271305,0.06063711451790298,0.9983435220575589,0.02877914125231245,0.02244613959711248,2.1510571102112408e-16
development,3,4,1,1.0,4,cca_equivalent,2000,1000,64,0.0,0.9747207012271305,0.06063711451790298,0.9983435220575589,0.02877914125231245,0.02244613959711248,2.1510571102112408e-16
development,3,4,1,1.0,4,block_diagonal,2000,1000,64,0.0,0.9920815562851936,0.1333297126933464,0.9928945334096402,0.059604809329280604,0.0277779362259164,2.220446049250313e-16
development,3,4,1,1.0,4,pca_rank_matched,2000,1000,64,0.0,0.9747207226665734,0.06063711231685928,0.9983435221764827,0.02877914021924037,0.022446135168066476,1.1102230246251565e-16
development,3,4,1,1.0,4,random_rank_matched,2000,1000,64,0.0,0.9555745654744033,0.18007051397538448,0.9856945274754225,0.08457385093685149,0.04457862505159223,2.220446049250313e-16
development,3,4,1,1.0,4,raw_svd,2000,1000,64,0.0,0.9747207012271304,0.06063711451790314,0.9983435220575589,0.028779141252312495,0.022446139597112433,2.7755575615628914e-16
development,3,4,1,1.0,4,full_state_oracle,2000,1000,64,0.0,1.0,0.0,1.0,0.0,0.0,4.440892098500626e-16
development,3,4,2,0.1,1,correlon,2000,1000,64,0.0,0.9819671537155593,0.05586113145253114,0.9985696276799836,0.026742964682475848,0.01693709815633468,2.636779683484747e-16
development,3,4,2,0.1,1,cca_equivalent,2000,1000,64,0.0,0.9819671537155593,0.05586113145253114,0.9985696276799836,0.026742964682475848,0.01693709815633468,2.636779683484747e-16
development,3,4,2,0.1,1,block_diagonal,2000,1000,64,0.0,0.9848901418845666,0.044105294568152945,0.9992257955269965,0.019674913888037437,0.01602667659711742,1.1102230246251565e-16
development,3,4,2,0.1,1,pca_rank_matched,2000,1000,64,0.0,1.0364257466053093,0.20090858928068972,0.9798184008404736,0.10045297198073952,0.12229893058248396,1.8041124150158794e-16
development,3,4,2,0.1,1,random_rank_matched,2000,1000,64,0.0,0.9793638576697175,0.068491272541098,0.998181536968789,0.030153466062884132,0.020660296146237888,3.41740524767431e-16
development,3,4,2,0.1,1,raw_svd,2000,1000,64,0.0,0.9821859662825679,0.05515545386714418,0.9986094911305772,0.026367677840708755,0.016735104056336964,1.734723475976807e-16
development,3,4,2,0.1,1,full_state_oracle,2000,1000,64,0.0,1.0,0.0,1.0,0.0,0.0,2.220446049250313e-16
development,3,4,2,0.1,2,correlon,2000,1000,64,0.0,0.9812005967934371,0.059502534075625925,0.998371030880027,0.028539175881347693,0.01703166133353803,3.3306690738754696e-16
development,3,4,2,0.1,2,cca_equivalent,2000,1000,64,0.0,0.9812005967934371,0.059502534075625925,0.998371030880027,0.028539175881347693,0.01703166133353803,3.3306690738754696e-16
development,3,4,2,0.1,2,block_diagonal,2000,1000,64,0.0,0.9848901418845666,0.044105294568152945,0.9992257955269965,0.019674913888037437,0.01602667659711742,1.1102230246251565e-16
development,3,4,2,0.1,2,pca_rank_matched,2000,1000,64,0.0,1.0721256517124158,0.22865223332852777,0.9734271289081203,0.11526680157764338,0.14688756266449876,2.498001805406602e-16
development,3,4,2,0.1,2,random_rank_matched,2000,1000,64,0.0,0.9793737254192157,0.06839774917220734,0.9982842809021926,0.029289239472947946,0.02076508731754018,2.0816681711721685e-16
development,3,4,2,0.1,2,raw_svd,2000,1000,64,0.0,0.9812532065759443,0.05916834534673248,0.9983835717325524,0.028429107156640824,0.017066316535795895,2.7755575615628914e-16
development,3,4,2,0.1,2,full_state_oracle,2000,1000,64,0.0,1.0,0.0,1.0,0.0,0.0,2.220446049250313e-16
development,3,4,2,0.1,4,correlon,2000,1000,64,0.0,0.980941877078879,0.060873122238902296,0.9983030220958493,0.029128833688895253,0.01714007216515106,5.551115123125783e-16
development,3,4,2,0.1,4,cca_equivalent,2000,1000,64,0.0,0.980941877078879,0.060873122238902296,0.9983030220958493,0.029128833688895253,0.01714007216515106,5.551115123125783e-16
development,3,4,2,0.1,4,block_diagonal,2000,1000,64,0.0,0.9848901418845666,0.044105294568152945,0.9992257955269965,0.019674913888037437,0.01602667659711742,1.1102230246251565e-16
development,3,4,2,0.1,4,pca_rank_matched,2000,1000,64,0.0,0.980941897952719,0.060873120459689505,0.9983030221928999,0.029128832855952365,0.01714006816715289,1.3877787807814457e-16
development,3,4,2,0.1,4,random_rank_matched,2000,1000,64,0.0,0.9797336229780651,0.06740382459524139,0.9982713099020317,0.02939974572992281,0.020543466244790157,4.163336342344337e-16
development,3,4,2,0.1,4,raw_svd,2000,1000,64,0.0,0.9809418770788799,0.060873122238902344,0.9983030220958493,0.029128833688895288,0.017140072165151468,4.996003610813204e-16
development,3,4,2,0.1,4,full_state_oracle,2000,1000,64,0.0,1.0,0.0,1.0,0.0,0.0,2.220446049250313e-16
development,3,4,2,0.ï}ûë¾›Ê×¬¢h­µçMÌÎLŒÌ™KLM‚™]™[ÜY[‹M‹‹KŒ‹˜]×Üİ™ŒLŒMÍNNMMMŒÌLŒKŒMŒMÍMÌÌMM‹NMMÎLMÍŒÌËŒÎLÎÍÌŒËŒMÌNŒMÎMÍŒŒ‹ËŒÌÌLÌÎÍMM™KLM‚™]™[ÜY[‹M‹‹KŒ‹[Üİ]WÛÜ˜XÛKŒLŒKŒŒKŒŒŒËŒNLNLLNMMÎMÌÌYKLM‚™]™[ÜY[‹M‹‹KŒÛÜœ™[Û‹ŒLŒMÌLÌÎLMMMŒ‹ŒLÌÍÎLÍLLŒËNMMLLÌÌŒKŒMLMÍŒÍLNËŒŒÎMÌLÍŒNLLËNMŒÍŒLLÌŒKLM‚™]™[ÜY[‹M‹‹KŒØØWÙ\]Z]˜[[ŒLŒMÌLÌÎLMMMŒ‹ŒLÌÍÎLÍLLŒËNMMLLÌÌŒKŒMLMÍŒÍLNËŒŒÎMÌLÍŒNLLËNMŒÍŒLLÌŒKLM‚™]™[ÜY[‹M‹‹KŒ›ØÚ×ÙXYÛÛ˜[ŒLŒNMMMËŒLMÎMÍNLÌLM‹NLÍLLLNMËŒMMŒŒL‹ŒMMLMLŒLÍLLË‹ŒŒŒŒLLÌLÙKLM‚™]™[ÜY[‹M‹‹KŒØWÜ˜[š×ÛX]ÚYŒLŒKŒÌŒMLMÍÍMÎŒŒŒMÌÌMŒMÍÌ‹MÌÌÍNÍŒLMŒNLŒŒÍMÌÌËŒLLÌNLÎMMÎÌLÌKËÍÌMMŒLMÌŒÍÍŒM™KLM‚™]™[ÜY[‹M‹‹KŒ˜[™ÛWÜ˜[š×ÛX]ÚYŒLŒMÍÍŒÍÍÌMNNŒMLMLNŒNNLÌNLÌMÌŒŒÍŒÌÌÎÎLÌMŒLKŒLMKKMLLLMLLŒÌLMÎÙKLM‚™]™[ÜY[‹M‹‹KŒ˜]×Üİ™ŒLŒMÌLÌÎLÌÍÍŒÍÌLËŒLŒŒÍLLNMLËNMŒŒŒÌÌMLM‹ŒLÍÍLMÍNKŒŒŒLMŒÍÍËÍÌMMŒLMÌŒÍÍŒM™KLM‚™]™[ÜY[‹M‹‹KŒ[Üİ]WÛÜ˜XÛKŒLŒKŒŒKŒŒŒËŒNLNLLNMMÎMÌÌYKLM‚™]™[ÜY[‹M‹ŒKKÛÜœ™[Û‹ŒLŒNLLŒÍÎMËŒLÌŒMŒÌÌÍLNKNMÌÍÎNNMLNLKŒLLLÌÍÌŒÍMÌMKŒNMŒLÎMLMÎLMLŒNLŒ™KLM‚™]™[ÜY[‹M‹ŒKKØØWÙ\]Z]˜[[ŒLŒNLLŒÍÎMËŒLÌŒMŒÌÌÍLNKNMÌÍÎNNMLNLKŒLLLÌÍÌŒÍMÌMKŒNMŒLÎMLMÎLMLŒNLŒ™KLM‚™]™[ÜY[‹M‹ŒKK›ØÚ×ÙXYÛÛ˜[ŒLŒNLMŒÎLMŒKŒLÌMÌÍÌMNMMÎNNMÌLÎLL‹ŒNÍMNLLÌÌÍLÌN‹ŒMÍLÌÍŒÍLÍMÎNK‹ŒŒŒŒLLÌLÙKLM‚™]™[ÜY[‹M‹ŒKKØWÜ˜[š×ÛX]ÚYŒLŒKŒÍÍŒLÍÌÌÎLÌÎŒNNMÌNLLMÍ‹MÍÎMÎÎŒŒÍMŒLLÎŒMÎMLËŒLNÍÍÌMMŒËKMMÌLŒŒÍÍLŒNL™KLMB™]™[ÜY[‹M‹ŒKK˜[™ÛWÜ˜[š×ÛX]ÚYŒLŒNLŒLŒÌKŒLMÌŒLŒŒLÎLÎËNMÌÌLMŒLÌŒML‹ŒNMÍLMÌLMŒÌÌÍÍËLŒNLŒ™KLM‚™]™[ÜY[‹M‹ŒKK˜]×Üİ™ŒLŒNMMLÌMÎLLÎMŒLNMLMÍLLËNMLÌNÌLÌÍKŒNÌÎLKŒNÌŒLÎMMMLŒNLŒ™KLM‚™]™[ÜY[‹M‹ŒKK[Üİ]WÛÜ˜XÛKŒLŒKŒŒKŒŒŒËŒÌÌLÌÎÍMM™KLM‚™]™[ÜY[‹M‹ŒK‹ÛÜœ™[Û‹ŒLŒNNNÌŒLŒNLËŒLMLLÎLMNLNLKNMLNMÌÌÍLLKŒMÍÎLMLL‹ŒŒÌMÎMÌŒLÍÍMËËŒÌÌLÌÎÍMM™KLM‚™]™[ÜY[‹M‹ŒK‹ØØWÙ\]Z]˜[[ŒLŒNNNÌŒLŒNLËŒLMLLÎLMNLNLKNMLNMÌÌÍLLKŒMÍÎLMLL‹ŒŒÌMÎMÌŒLÍÍMËËŒÌÌLÌÎÍMM™KLM‚™]™[ÜY[‹M‹ŒK‹›ØÚ×ÙXYÛÛ˜[ŒLŒNLMŒÎLMŒKŒLÌMÌÍÌMNMMÎNNMÌLÎLL‹ŒNÍMNLLÌÌÍLÌN‹ŒMÍLÌÍŒÍLÍMÎNK‹ŒŒŒŒLLÌLÙKLM‚™]™[ÜY[‹M‹ŒK‹ØWÜ˜[š×ÛX]ÚYŒLŒKŒÍNLNLÌÌÍŒŒŒËŒŒNNLMÌLKMÍŒLÍMMMÌMÌËŒLLŒÍÎLLNKŒLLLÎMÌMÍÌÍÍ‹KÌMLMMÌL™KLM‚™]™[ÜY[‹M‹ŒK‹˜[™ÛWÜ˜[š×ÛX]ÚYŒLŒNŒMNMNÎKŒLLLLÌÎLÍNLL‹NMŒÌÌLMMŒKŒLÍNMÍÍLŒÍŒŒÍÎMŒÎLLL‹LŒNLŒ™KLM‚™]™[ÜY[‹M‹ŒK‹˜]×Üİ™ŒLŒNÍÌMLNŒLÌLMNNNMMLÌŒÍŒLÎNLÎMNMNMŒÍ‹ŒNMŒLLŒLŒÍÍŒËËMÎNŒNKLM‚™]™[ÜY[‹M‹ŒK‹[Üİ]WÛÜ˜XÛKŒLŒKŒŒKŒŒŒËŒÌÌLÌÎÍMM™KLM‚™]™[ÜY[‹M‹ŒKÛÜœ™[Û‹ŒLŒMÍÎLŒÎKŒLNLNMMÍLNNŒÍËNLÌMÌÍÍLMM‹ŒNÍŒÍÍKŒŒÍÎMŒNMÌŒMÍ‹ŒÌŒLMŒŒŒM™KLM‚™]™[ÜY[‹M‹ŒKØØWÙ\]Z]˜[[ŒLŒMÍÎLŒÎKŒLNLNMMÍLNNŒÍËNLÌMÌÍÍLMM‹ŒNÍŒÍÍKŒŒÍÎMŒNMÌŒMÍ‹ŒÌŒLMŒŒŒM™KLM‚™]™[ÜY[‹M‹ŒK›ØÚ×ÙXYÛÛ˜[ŒLŒNLMŒÎLMŒKŒLÌMÌÍÌMNMMÎNNMÌLÎLL‹ŒNÍMNLLÌÌÍLÌN‹ŒMÍLÌÍŒÍLÍMÎNK‹ŒŒŒŒLLÌLÙKLM‚™]™[ÜY[‹M‹ŒKØWÜ˜[š×ÛX]ÚYŒLŒKŒÍÍÎLŒÌŒNŒŒŒÍNLÎLÌÍÎËMÌLMMÍÍÌLŒLŒŒLÎLÍMMŒNMËŒLLNMÌNŒLÎLŒ‹KŒÎÍÍÎÎÎMMÙKLMB™]™[ÜY[‹M‹ŒK˜[™ÛWÜ˜[š×ÛX]ÚYŒLŒMÎNMÍLLMKŒLNÍÎŒLMMLÌÌŒ‹NLÌÌNÍŒÎMKŒNLMÌÌÍÍ‹ŒMÌŒÌLÌNÌËËMÎNŒNKLM‚™]™[ÜY[‹M‹ŒK˜]×Üİ™ŒLŒMÎLMMÎNŒŒÎŒLMMLŒÌMLÌNLÌÌLŒÌÎLKŒMÎMNÌMÌÌMŒŒNMMŒÎÍ‹ŒÌÌÍKLM‚™]™[ÜY[‹M‹ŒK[Üİ]WÛÜ˜XÛKŒLŒKŒŒKŒŒŒËŒÌÌLÌÎÍMM™KLM‚™]™[ÜY[‹M‹ŒKKÛÜœ™[Û‹ŒLŒNŒÍLÌÌNLÌÍŒ‹ŒLMŒÍŒŒŒÌMËNMMLÍKŒLMÍMLÍÎŒÌ‹ŒŒÎMLÌLŒŒMÍM‹ÍÍMMMÍMŒMMŒLMKLM‚™]™[ÜY[‹M‹ŒKKØØWÙ\]Z]˜[[ŒLŒNŒÍLÌÌNLÌÍŒ‹ŒLMŒÍŒŒŒÌMËNMMLÍKŒLMÍMLÍÎŒÌ‹ŒŒÎMLÌLŒŒMÍM‹ÍÍMMMÍMŒMMŒLMKLM‚™]™[ÜY[‹M‹ŒKK›ØÚ×ÙXYÛÛ˜[ŒLŒNNLÍŒÍŒÍNMKŒNLŒMÍÎLÌÍMNNMLNNNLNNMMNML‹ŒNLŒÌŒÎŒŒLŒLÎLLMMÌÍŒ‹‹ŒMLNNŒÍLŒÙKLM‚™]™[ÜY[‹M‹ŒKKØWÜ˜[š×ÛX]ÚYŒLŒKŒÍLLÍÍLMÌŒŒNMMÍÍÌÌMÍŒŒŒ‹MÎLLÍLLMÎKŒLÍNMÌÍÎKŒLMÍÌNLÌNÎMŒËKMLLLMLLŒÌLMÎÙKLM‚™]™[ÜY[‹M‹ŒKK˜[™ÛWÜ˜[š×ÛX]ÚYŒLŒNNMÍÌMŒÎL‹ŒLLŒMLNLÍLÌËNMŒLMÍÌLÌÎLËŒLÍÎMÍLLMLMMŒLŒÍLMŒMMNLŒNLŒ™KLM‚™]™[ÜY[‹M‹ŒKK˜]×Üİ™ŒLŒNMLMÎÌŒLŒKŒLLLLŒNMMLËNMLLLNLLKŒLMMLÍÎÌÌÍM‹ŒŒÌŒNMLNLÍMŒË‹ŒLÌÎMÍÍLLÎYKLM‚™]™[ÜY[‹M‹ŒKK[Üİ]WÛÜ˜XÛKŒLŒKŒŒKŒŒŒËŒLÌLLÌÌMÍÌNLNYKLM‚™]™[ÜY[‹M‹ŒK‹ÛÜœ™[Û‹ŒLŒNÌLÎMÌÍÌMLNŒLLŒÍLÌLÌÍÍNMŒŒLŒŒŒMÍÎŒLLNLNNNKŒMŒMNMK‹ÍÍMMMÍMŒMMŒLMKLM‚™]™[ÜY[‹M‹ŒK‹ØØWÙ\]Z]˜[[ŒLŒNÌLÎMÌÍÌMLNŒLLŒÍLÌLÌÍÍNMŒŒLŒŒŒMÍÎŒLLNLNNNKŒMŒMNMK‹ÍÍMMMÍMŒMMŒLMKLM‚™]™[ÜY[‹M‹ŒK‹›ØÚ×ÙXYÛÛ˜[ŒLŒNNLÍŒÍŒÍNMKŒNLŒMÍÎLÌÍMNNMLNNNLNNMMNML‹ŒNLŒÌŒÎŒŒLŒLÎLLMMÌÍŒ‹‹ŒMLNNŒÍLŒÙKLM‚™]™[ÜY[‹M‹ŒK‹ØWÜ˜[š×ÛX]ÚYŒLŒKŒÍMLLÌÌLNMKŒŒÍŒNNMM‹MÍÌLLÌÍMLNÌKŒLMÌÍLŒÍÌŒN‹ŒLMÌÍLNÍMËKÍMMÌLÌLÎÙKLM‚™]™[ÜY[‹M‹ŒK‹˜[™ÛWÜ˜[š×ÛX]ÚYŒLŒNÌMMMÌÍÍMÌKŒLLÍŒLÍŒŒÍÍÍNËNLÍŒÍMŒŒËŒMLNMÌÌÍLÌMKŒMÌLNLNNMKKMLLLMLLŒÌLMÎÙKLM‚™]™[ÜY[‹M‹ŒK‹˜]×Üİ™ŒLŒNÎMŒMÍŒÎKŒLLŒÌMÌÌLLMMËNMŒÍÍŒŒÎLKŒLÍÍÌŒLMÎKŒŒÌMÍLÎŒNMŒÍŒLLÌŒKLM‚™]™[ÜY[‹M‹ŒK‹[Üİ]WÛÜ˜XÛKŒLŒKŒŒKŒŒŒËŒLÌLLÌÌMÍÌNLNYKLM‚™]™[ÜY[‹M‹ŒKÛÜœ™[Û‹ŒLŒMÎNMLŒÍMŒËŒLMÎLÍMÌMÍLM‹NLÍLÌÍMMLŒMNMÍÌÌMÍŒŒLŒMÍNNLŒŒÎNN‹KMLLLMLLŒÌLMÎÙKLM‚™]™[ÜY[‹M‹ŒKØØWÙ\]Z]˜[[ŒLŒMÎNMLŒÍMŒËŒLMÎLÍMÌMÍLM‹NLÍLÌÍMMLŒMNMÍÌÌMÍŒŒLŒMÍNNLŒŒÎNN‹KMLLLMLLŒÌLMÎÙKLM‚™]™[ÜY[‹M‹ŒK›ØÚ×ÙXYÛÛ˜[ŒLŒNNLÍŒÍŒÍNMKŒNLŒMÍÎLÌÍMNNMLNNNLNNMMNML‹ŒNLŒÌŒÎŒŒLŒLÎLLMMÌÍŒ‹‹ŒMLNNŒÍLŒÙKLM‚™]™[ÜY[‹M‹ŒKØWÜ˜[š×ÛX]ÚYŒLŒKŒÎŒŒÍMŒÌÌÍÍÌÌ‹ŒŒŒÌÍÎÌÌLMMÍNMÌLLLNKŒLŒMÍŒŒÌŒÍÌŒNKŒLÍNLNLLMŒMŒÌÌÍŒÍŒÍÌÍÙKLM‚™]™[ÜY[‹M‹ŒK˜[™ÛWÜ˜[š×ÛX]ÚYŒLŒMÎMNNLŒMÌLNKŒLŒÎMÌLLŒÍKNLŒNMÍKŒŒŒLMLLLŒLŒÌNŒÌÎMÍMŒMNKMLLLMLLŒÌLMÎÙKLM‚™]™[ÜY[‹M‹ŒK˜]×Üİ™ŒLŒNÍNNMLÌLËŒLMŒÎMNLLMÎLËNLÍŒÍÌÍLLLÌÌÍ‹ŒMÌMŒÍMNMKŒMMLÌÌMLÍÎËNMŒÍŒLLÌŒKLM‚™]™[ÜY[‹M‹ŒK[Üİ]WÛÜ˜XÛKŒLŒKŒŒKŒŒŒËŒLÌLLÌÌMÍÌNLNYKLM‚™]™[ÜY[‹M‹KKÛÜœ™[Û‹ŒLŒNMÎÌÌÍÌÍŒLMŒ‹ŒLÍÍLLMMŒNKNMMLŒLÎMÍÍŒMMLLÍÍLŒÎKŒŒLÍLÌÌÍÍÎMÎM‹LŒNLŒ™KLM‚™]™[ÜY[‹M‹KKØØWÙ\]Z]˜[[ŒLŒNMÎÌÌÍÌÍŒLMŒ‹ŒLÍÍLLMMŒNKNMMLŒLÎMÍÍŒMMLLÍÍLŒÎKŒŒLÍLÌÌÍÍÎMÎM‹LŒNLŒ™KLM‚™]™[ÜY[‹M‹KK›ØÚ×ÙXYÛÛ˜[ŒLŒNŒMLLŒÌMÍÌKŒLMMÌŒÌÌÌÌÌÌKNMÌLÍÍMŒÌ‹ŒLÍŒÎKŒNNLÌÌNMLŒÍ‹‹ŒÎŒÌLMÎŒÍKLM‚™]™[ÜY[‹M‹KKØWÜ˜[š×ÛX]ÚYŒLŒKŒÍÎLŒÍNLÌKŒNMÌLMLÌÎNLM‹MÎMLŒÍLLNLŒŒLNMNLLNMLNKŒLÎLÍÍŒÍLÍMËÍÌMMŒLMÌŒÍÍŒM™KLM‚™]™[ÜY[‹M‹KK˜[™ÛWÜ˜[š×ÛX]ÚYŒLŒNMMMMLÎŒËŒLMÍÎMLLMMKNLLLMÍLÍNMËŒNMLÌLÎNLŒMŒŒLÍÌÌŒŒKËMÎNŒNKLM‚™]™[ÜY[‹M‹KK˜]×Üİ™ŒLŒNMLNÌMMÎŒLÌMÌÍÌMMMŒMÍËNMLÌLŒLLLMŒÍŒ‹ŒMMÌLÍÌMÌÌÍŒNMŒÌÍÍLŒÌÌÎNŒ‹‹ÍÍMMMÍMŒMMŒLMKLM‚™]™[ÜY[‹M‹KK[Üİ]WÛÜ˜XÛKŒLŒKŒŒKŒŒŒMÎMNMÍMÎÍÌYKLM‚™]™[ÜY[‹M‹K‹ÛÜœ™[Û‹ŒLŒMÎMÌNMËŒLŒŒÌLÎLMNKNMNLÍNMÍËŒLÎNNÍLNM‹ŒŒMMÍÎÍMLÍËŒMŒÌÌÍŒÍŒÍÌÍÙKLM‚™]™[ÜY[‹M‹K‹ØØWÙ\]Z]˜[[ŒLŒMÎMÌNMËŒLŒŒÌLÎLMNKNMNLÍNMÍËŒLÎNNÍLNM‹ŒŒMMÍÎÍMLÍËŒMŒÌÌÍŒÍŒÍÌÍÙKLM‚™]™[ÜY[‹M‹K‹›ØÚ×ÙXYÛÛ˜[ŒLŒNŒMLLŒÌMÍÌKŒLMMÌŒÌÌÌÌÌÌKNMÌLÍÍMŒÌ‹ŒLÍŒÎKŒNNLÌÌNMLŒÍ‹‹ŒÎŒÌLMÎŒÍKLM‚™]™[ÜY[‹M‹K‹ØWÜ˜[š×ÛX]ÚYŒLŒKŒÍLLMÌŒŒÌÍLËŒŒMMÌLMËMÍŒÌNÌÍKŒLMLLMÍÍÍÌMMËŒLÌMLŒÌÍÌ‹‹ŒLÌÎMÍÍLLÎYKLM‚™]™[ÜY[‹M‹K‹˜[™ÛWÜ˜[š×ÛX]ÚYŒLŒMÍÍMÍÌÎMLÍŒLŒLÎLÌÍŒÍLÍNLMÌMÎMLL‹ŒŒMMLÌNŒNMMNMMË‹ŒLŒŒŒÍMÎÍŒYKLM‚™]™[ÜY[‹M‹K‹˜]×Üİ™ŒLŒNÌMÍÍLÍÌËŒLÌNNNLÌMŒÌMÌKNMŒÌMÍLLÎKŒLÍÌÍLMMÍLÍKŒŒMÍÌŒÍLÍÍŒÌ‹NMŒÍŒLLÌŒKLM‚™]™[ÜY[‹M‹K‹[Üİ]WÛÜ˜XÛKŒLŒKŒŒKŒŒŒMÎMNMÍMÎÍÌYKLM‚™]™[ÜY[‹M‹KÛÜœ™[Û‹ŒLŒMÍŒŒŒÌÍÌÌMMŒKŒLLLÍÌÍNLÎMŒMKNMLÌMÌLŒ‹ŒMMLMÎLÍÍMKŒÎMMŒÍLÌÍKËÍÌMMŒLMÌŒÍÍŒM™KLM‚™]™[ÜY[‹M‹KØØWÙ\]Z]˜[[ŒLŒMÍŒŒŒÌÍÌÌMMŒKŒLLLÍÌÍNLÎMŒMKNMLÌMÌLŒ‹ŒMMLMÎLÍÍMKŒÎMMŒÍLÌÍKËÍÌMMŒLMÌŒÍÍŒM™KLM‚™]™[ÜY[‹M‹K›ØÚ×ÙXYÛÛ˜[ŒLŒNŒMLLŒÌMÍÌKŒLMMÌŒÌÌÌÌÌÌKNMÌLÍÍMŒÌ‹ŒLÍŒÎKŒNNLÌÌNMLŒÍ‹‹ŒÎŒÌLMÎŒÍKLM‚™]™[ÜY[‹M‹KØWÜ˜[š×ÛX]ÚYŒLŒKŒÍLÍŒŒL‹ŒŒNŒNLÎÌÍLKMÌLŒŒLNNMÌMKŒLNNMMNŒÎLÍÌÌKŒLNMLLNLLŒLLMKKMLLÌMKLMB™]™[ÜY[‹M‹K˜[™ÛWÜ˜[š×ÛX]ÚYŒLŒMÌŒLMMÍNLËŒLÌŒLMLÌMMLÎMKNLLŒÌÍÍM‹ŒŒŒNÎMNLŒML‹ŒMNMLÎÌŒŒËËMMLNMLÍŒMKLM‚™]™[ÜY[‹M‹K˜]×Üİ™ŒLŒMÍNLLMŒÌÎÌ‹ŒLLÌÌŒLÌMKNMÎNLMMLMKŒMNMÍŒNMLŒŒNLMLÍŒMËMLLLMMLMKLM‚™]™[ÜY[‹M‹K[Üİ]WÛÜ˜XÛKŒLŒKŒŒKŒŒŒMÎMNMÍMÎÍÌYKLM‚™]™[ÜY[‹M‹KŒKÛÜœ™[Û‹ŒLŒNMNNLÍMÍNMKŒLÌMLNLŒLÎŒÍ‹NLMŒÍÍMŒÌÌÍMŒLÌÌLÍLŒÌÍKŒMÍŒÌÎLMM‹ŒLÌÎMÍÍLLÎYKLM‚™]™[ÜY[‹M‹KŒKØØWÙ\]Z]˜[[ŒLŒNMNNLÍMÍNMKŒLÌMLNLŒLÎŒÍ‹NLMŒÍÍMŒÌÌÍMŒLÌÌLÍLŒÌÍKŒMÍŒÌÎLMM‹ŒLÌÎMÍÍLLÎYKLM‚™]™[ÜY[‹M‹KŒK›ØÚ×ÙXYÛÛ˜[ŒLŒKŒÎLMKŒMLÍLLLŒLÌÎLËNLLŒÍLMŒLËŒLLMÌLÍNMŒÍŒMÌŒÌÌÍÌLLNLÍË‹ŒŒŒŒLLÌLÙKLM‚™]™[ÜY[‹M‹KŒKØWÜ˜[š×ÛX]ÚYŒLŒKŒLÍÌÍÍMLÍLÍŒŒLŒLÍÍÍÌŒŒËMÍLÍÎÍMÍËŒLLLŒÌÌŒŒLËŒLŒLŒNÍŒŒŒÌÍKKÌNLÌŒLÌÍYKLMB™]™[ÜY[‹M‹KŒK˜[™ÛWÜ˜[š×ÛX]ÚYŒLŒNLÍÎNMLKŒMMŒNÍLNÍÍNÎMMŒÍMËŒÎŒŒŒLMNLM‹ŒMÎLÌÎŒLÍŒM‹ËMÎNŒNKLM‚™]™[ÜY[‹M‹KŒK˜]×Üİ™ŒLŒNMMŒMLMÌMKŒLÌŒŒLŒÌŒ‹NLLÌÍÎÍLKŒNLMŒÌMÌÌMMKŒLÌLÍMMMLËËŒÌÌLÌÎÍMM™KLM‚™]™[ÜY[‹M‹KŒK[Üİ]WÛÜ˜XÛKŒLŒKŒŒKŒŒŒËMÎNŒNKLM‚™]™[ÜY[‹M‹KŒ‹ÛÜœ™[Û‹ŒLŒNLLÌNMŒŒŒLNLLÌMÌMNÌËNLMÌMŒNLMLËŒŒMÌLÌNMËŒMÍLÌMÎÎLÍLËKMLLLMLLŒÌLMÎÙKLM‚™]™[ÜY[‹M‹KŒ‹ØØWÙ\]Z]˜[[ŒLŒNLLÌNMŒŒŒLNLLÌMÌMNÌËNLMÌMŒNLMLËŒŒMÌLÌNMËŒMÍLÌMÎÎLÍLËKMLLLMLLŒÌLMÎÙKLM‚™]™[ÜY[‹M‹KŒ‹›ØÚ×ÙXYÛÛ˜[ŒLŒKŒÎLMKŒMLÍLLLŒLÌÎLËNLLŒÍLMŒLËŒLLMÌLÍNMŒÍŒMÌŒÌÌÍÌLLNLÍË‹ŒŒŒŒLLÌLÙKLM‚™]™[ÜY[‹M‹KŒ‹ØWÜ˜[š×ÛX]ÚYŒLŒKŒNMŒÌÌÎNLŒŒ‹ŒŒÎLLÎMÌÌMÍLÎŒMNŒLMŒËŒLLÌLMLÌŒLŒ‹ŒLMLNMŒŒÍLN‹ŒLMŒÍÍÎÍÎMÍKLMB™]™[ÜY[‹M‹KŒ‹˜[™ÛWÜ˜[š×ÛX]ÚYŒLŒMÎÍMÎLŒÎMKŒMÎMŒÍMÍMŒM‹NLMÍŒŒLÍŒÌMMKŒNMŒŒLÎLÍML‹ŒMÌÎLÌMLMÍ‹KMLLLMLLŒÌLMÎÙKLM‚™]™[ÜY[‹M‹KŒ‹˜]×Üİ™ŒLŒNLŒLÌÌŒÎNËŒLŒŒMŒLŒÍNLÌÎLÍMNMŒŒLŒMMÍNLMÍKŒMÍLÌÎLMÌËLŒNLŒ™KLM‚™]™[ÜY[‹M‹KŒ‹[Üİ]WÛÜ˜XÛKŒLŒKŒŒKŒŒŒËMÎNŒNKLM‚™]™[ÜY[‹M‹KŒÛÜœ™[Û‹ŒLŒNÍÍNMLÍÍÌKŒLLŒŒMLKNMÌLÌÌMÌKŒLÎNMMLNLÍMKŒMMÌÎLNLMË‹ŒLÌÎMÍÍLLÎYKLM‚™]™[ÜY[‹M‹KŒØØWÙ\]Z]˜[[ŒLŒNÍÍNMLÍÍÌKŒLLŒŒMLKNMÌLÌÌMÌKŒLÎNMMLNLÍMKŒMMÌÎLNLMË‹ŒLÌÎMÍÍLLÎYKLM‚™]™[ÜY[‹M‹KŒ›ØÚ×ÙXYÛÛ˜[ŒLŒKŒÎLMKŒMLÍLLLŒLÌÎLËNLLŒÍLMŒLËŒLLMÌLÍNMŒÍŒMÌŒÌÌÍÌLLNLÍË‹ŒŒŒŒLLÌLÙKLM‚™]™[ÜY[‹M‹KŒØWÜ˜[š×ÛX]ÚYŒLŒKŒÎMŒÌNLÎKŒŒŒLMŒÌÌNMKMLÌŒÌŒLÎLÌÎŒLŒÎÌÌÌMNL‹ŒLÌMÌÍMÍMLË‹ŒLÌÎMÍÍLLÎYKLM‚™]™[ÜY[‹M‹KŒ˜[™ÛWÜ˜[š×ÛX]ÚYŒLŒMŒMLŒLÍÍMŒÌMŒŒMMÍLÍÌMŒÌ‹MÎMLÍMLLMKŒLLMMMÌMÌNM‹ŒÌÎMÌMÍÍŒM‹‹ÍÍMMMÍMŒMMŒLMKLM‚™]™[ÜY[‹M‹KŒ˜]×Üİ™ŒLŒNÌMŒMLŒMËŒLLMMŒÍÎŒËNMŒNLMMŒLLMMŒÌÌÌ‹ŒLNLÍMÍLL‹ËMÎNŒNKLM‚™]™[ÜY[‹M‹KŒ[Üİ]WÛÜ˜XÛKŒLŒKŒŒKŒŒŒËMÎNŒNKLM‚™]™[ÜY[ËKŒKKÛÜœ™[Û‹ŒLŒNMÌÍÌLÍLLŒMÍLLÌLŒÌŒLMNNÌŒÌÍŒÍMKŒLLÌÍNMÍÌŒËŒŒŒÍÌLÌMLÌMLËËŒŒÌÌMÍNYKLM‚™]™[ÜY[ËKŒKKØØWÙ\]Z]˜[[ŒLŒNMÌÍÌLÍLLŒMÍLLÌLŒÌŒLMNNÌŒÌÍŒÍMKŒLLÌÍNMÍÌŒËŒŒŒÍÌLÌMLÌMLËËŒŒÌÌMÍNYKLM‚™]™[ÜY[ËKŒKK›ØÚ×ÙXYÛÛ˜[ŒLŒNMÎÍÎLNŒNLÍÎÍŒÎNM‹NNLÍÌLLÎŒŒŒÍÍÌŒMLLŒNNLLÌÍŒÍÍLLKKŒÌNÌMÍÎÍÌKLM‚™]™[ÜY[ËKŒKKØWÜ˜[š×ÛX]ÚYŒLŒKŒNLŒÍMÍÌÌËŒNMÎLÌÍŒMÍÍMÌ‹MÎMÍÍÍLLÍÍŒLÌNÍLÌÌŒMŒMMMÎMMLÎÍ‹ŒŒŒŒLLÌLÙKLM‚™]™[ÜY[ËKŒKK˜[™ÛWÜ˜[š×ÛX]ÚYŒLŒNMLLŒLLŒNLÍÍ‹ŒMLLLMÌLŒÎLNNÍLÎÎL‹ŒNMŒNMMŒÌÌÌÎŒŒŒMNNLÎMÎL‹ËNLLMM™KLM‚™]™[ÜY[ËKŒKK˜]×Üİ™ŒLŒNMMŒMMNÎŒMLMÌNÍNMŒNNNÍÌÍÍL‹ŒLÌLMMÎŒŒMÌŒLLŒLŒŒŒ‹ŒÍNLŒŒÎLÌÌMÍ™KLM‚™]™[ÜY[ËKŒKK[Üİ]WÛÜ˜XÛKŒLŒKŒŒKŒŒŒ‹ŒŒŒŒLLÌLÙKLM‚™]™[ÜY[ËKŒK‹ÛÜœ™[Û‹ŒLŒNLÎLÎLMÍÍNÌKŒŒMLLÌLŒÌLMLŒËNNMMÍÍÍLNKŒMÎNÎMÌMËŒNLMÌMŒMÍMÌLÎËŒÌÌLÌÎÍMM™KLM‚™]™[ÜY[ËKŒK‹ØØWÙ\]Z]˜[[ŒLŒNLÎLÎLMÍÍNÌKŒŒMLLÌLŒÌLMLŒËNNMMÍÍÍLNKŒMÎNÎMÌMËŒNLMÌMŒMÍMÌLÎËŒÌÌLÌÎÍMM™KLM‚™]™[ÜY[ËKŒK‹›ØÚ×ÙXYÛÛ˜[ŒLŒNMÎÍÎLNŒNLÍÎÍŒÎNM‹NNLÍÌLLÎŒŒŒÍÍÌŒMLLŒNNLLÌÍŒÍÍLLKKŒÌNÌMÍÎÍÌKLM‚™]™[ÜY[ËKŒK‹ØWÜ˜[š×ÛX]ÚYŒLŒKŒMLÎŒŒNÌÍŒŒŒMÎNMNNLËMÌÌLÎLMN‹ŒLMMNMÌÍŒMNLNMMŒÍKŒLLŒŒÌŒLMMYKLM‚™]™[ÜY[ËKŒK‹˜[™ÛWÜ˜[š×ÛX]ÚYŒLŒNMŒÌNMNLÌËŒNNMÎŒÌÌLÌL‹NNÌMÍÌMËŒLNÎÍÎËŒŒNMLÍÌÌMMMLŒÍKKŒLLŒŒÌŒLMMYKLM‚™]™[ÜY[ËKŒK‹˜]×Üİ™ŒLŒNMMLLML‹ŒNLÎÍÍÍŒŒLNÍKNNŒMLMŒÍKŒŒÌMNMMLKŒNLŒMÌÍÎÌM‹ÍÍMMMÍMŒMMŒLMKLM‚™]™[ÜY[ËKŒK‹[Üİ]WÛÜ˜XÛKŒLŒKŒŒKŒŒŒ‹ŒŒŒŒLLÌLÙKLM‚™]™[ÜY[ËKŒKÛÜœ™[Û‹ŒLŒNLÍLLNLLMMÌËŒŒÍLŒÌŒNNLÍLÎL‹ŒÍLMÌNMÍŒMÌNŒŒÍLÌLLLNLŒNLŒ™KLM‚™]™[ÜY[ËKŒKØØWÙ\]Z]˜[[ŒLŒNLÍLLNLLMMÌËŒŒÍLŒÌŒNNLÍLÎL‹ŒÍLMÌNMÍŒMÌNŒŒÍLÌLLLNLŒNLŒ™KLM‚™]™[ÜY[ËKŒK›ØÚ×ÙXYÛÛ˜[ŒLŒNMÎÍÎLNŒNLÍÎÍŒÎNM‹NNLÍÌLLÎŒŒŒÍÍÌŒMLLŒNNLLÌÍŒÍÍLLKKŒÌNÌMÍÎÍÌKLM‚™]™[ÜY[ËKŒKØWÜ˜[š×ÛX]ÚYŒLŒNLÍLLLŒLMŒÎKŒŒÍLŒLLÎ‹NNLÍŒÌLÌKŒÍLMÌLMÍÌLËŒŒÍLLNLMN‹NNMŒ™KLM‚™]™[ÜY[ËKŒK˜[™ÛWÜ˜[š×ÛX]ÚYŒLŒNLÍMŒLŒŒLMLKŒLÍNÎLŒŒKNNÍÌÌÌNNNËŒÍŒÎÍNMÍŒŒMÍNMNLLLŒNKÌÎLŒÌ™KLM‚™]™[ÜY[ËKŒK˜]×Üİ™ŒLŒNLÍLLNLLMMÍKŒŒÍLŒÌŒL‹NNLÍLÎL‹ŒÍLMÌNMÍŒNMËŒŒÍLÌLLL‹KMLLLMLLŒÌLMÎÙKLM‚™]™[ÜY[ËKŒK[Üİ]WÛÜ˜XÛKŒLŒKŒŒKŒŒŒ‹ŒŒŒŒLLÌLÙKLM‚™]™[ÜY[ËKŒKKÛÜœ™[Û‹ŒLŒMLLÌÍŒNLMLŒMÌLÌLÎMMMNMÎMŒÎMŒMLŒÌÌÎÎMÍÍLŒÍÌËŒMŒÎÎMMLMÍÍŒËËŒLÌLLÌÌMÍÌNLNYKLM‚™]™[ÜY[ËKŒKKØØWÙ\]Z]˜[[ŒLŒMLLÌÍŒNLMLŒMÌLÌLÎMMMNMÎMŒÎMŒMLŒÌÌÎÎMÍÍLŒÍÌËŒMŒÎÎMMLMÍÍŒËËŒLÌLLÌÌMÍÌNLNYKLM‚™]™[ÜY[ËKŒKK›ØÚ×ÙXYÛÛ˜[ŒLŒMMLLLÌÍÍNÌÎKŒMŒÌŒMMNËNNÍÌÌÍMŒËŒÎNMÎNMŒLMMÎMÍNNLMLËŒÌÌLÌÎÍMLÌÙKLM‚™]™[ÜY[ËKŒKKØWÜ˜[š×ÛX]ÚYŒLŒKŒLŒÌMŒLÌLŒKŒŒŒÎMNNÍŒÍMM‹MÍÌÌŒÌLNKŒLÌMÍMLŒLMNLÍŒLÎLÎÎMŒÌŒLMŒŒŒM™KLM‚™]™[ÜY[ËKŒKK˜[™ÛWÜ˜[š×ÛX]ÚYŒLŒMLÌÍNMMŒKŒÍÌÍMÍLŒËNMÍMLŒLNŒŒÎKŒÍNLŒÌŒNMËŒMŒÌÌMNMŒÍLKLÌÍLÍLÍÍÌÍKLM‚™]™[ÜY[ËKŒKK˜]×Üİ™ŒLŒMLLNLŒL‹ŒÌLÍÍÌŒMÌMKNMÎMMMÍL‹ŒÌÍLLÍÎLÍÎMNËŒMLÌLLŒLÌŒMË‹ÍÍMMMÍMŒMMŒLMKLM‚™]™[ÜY[ËKŒKK[Üİ]WÛÜ˜XÛKŒLŒKŒŒKŒŒŒKMLLLMLLŒÌLMÎÙKLMÂ™]™[ÜY[ËKŒK‹ÛÜœ™[Û‹ŒLŒMLLLMMŒLÎŒNLLLÌNLNNÌŒÍLÍÍKŒÌLÍÍÌÌMŒLNMËŒLÌÌÍŒMLMŒMÎKMLLÌMKLM‚™]™[ÜY[ËKŒK‹ØØWÙ\]Z]˜[[ŒLŒMLLLMMŒLÎŒNLLLÌNLNNÌŒÍLÍÍKŒÌLÍÍÌÌMŒLNMËŒLÌÌÍŒMLMŒMÎKMLLÌMKLM‚™]™[ÜY[ËKŒK‹›ØÚ×ÙXYÛÛ˜[ŒLŒMMLLLÌÍÍNÌÎKŒMŒÌŒMMNËNNÍÌÌÍMŒËŒÎNMÎNMŒLMMÎMÍNNLMLËŒÌÌLÌÎÍMLÌÙKLM‚™]™[ÜY[ËKŒK‹ØWÜ˜[š×ÛX]ÚYŒLŒKŒŒÍŒÍMÌM‹ŒŒÌÍÎMLŒÎMMKMÌLLÎÍÌËŒLMÌŒÌMŒŒŒM‹ŒMLŒÌÍÍMNŒ‹ËŒÌÌLÌÎÍMM™KLM‚™]™[ÜY[ËKŒK‹˜[™ÛWÜ˜[š×ÛX]ÚYŒLŒMLLÎNMLLÍMËŒÌŒÌMÍLÍÌLÍËNMÍÍÌÌŒÎLMŒÌÍMŒÍŒŒLM‹ŒMŒNMÍŒŒLÎŒKËŒŒMMŒŒÍLNKLM‚™]™[ÜY[ËKŒK‹˜]×Üİ™ŒLŒMLMŒÍMÌÍMÎMŒ‹ŒMÌLNŒMÎMËNNLÌÌŒLÌŒ‹ŒÌMÍNLŒŒMMLŒÌKŒLÍNMNMŒÍLMËLŒNLŒ™KLM‚™]™[ÜY[ËKŒK‹[Üİ]WÛÜ˜XÛKŒLŒKŒŒKŒŒŒKMLLLMLLŒÌLMÎÙKLMÂ™]™[ÜY[ËKŒKÛÜœ™[Û‹ŒLŒMLMLLÌÍNÌŒMLÎNMÎNLŒÍNÍLNKŒÌMÌÍÍŒÍNÍ‹ŒMMMNŒLLŒMLËLŒNLŒ™KLM‚™]™[ÜY[ËKŒKØØWÙ\]Z]˜[[ŒLŒMLMLLÌÍNÌŒMLÎNMÎNLŒÍNÍLNKŒÌMÌÍÍŒÍNÍ‹ŒMMMNŒLLŒMLËLŒNLŒ™KLM‚™]™[ÜY[ËKŒK›ØÚ×ÙXYÛÛ˜[ŒLŒMMLLLÌÍÍNÌÎKŒMŒÌŒMMNËNNÍÌÌÍMŒËŒÎNMÎNMŒLMMÎMÍNNLMLËŒÌÌLÌÎÍMLÌÙKLM‚™]™[ÜY[ËKŒKØWÜ˜[š×ÛX]ÚYŒLŒMLMLMMMÌNKŒMLÌŒLÎNLËNMÎNLŒÍNMKŒÌMÌÍÍŒÍŒÌMŒÍŒMMMMÎMÌÍËŒŒÌÌMÍNYKLM‚™]™[ÜY[ËKŒK˜[™ÛWÜ˜[š×ÛX]ÚYŒLŒMLÍMÌŒMËŒÎMMÌLŒMMÍÍ‹NMÍMLÎLMÌËŒÍMLÎLŒŒÎMLM‹ŒLÍÎNMMLÌMŒÌÌÍKLM‚™]™[ÜY[ËKŒK˜]×Üİ™ŒLŒMLMLLÌÍNÌ‹ŒMLMKNMÎNLŒÍNÍLNKŒÌMÌÍÍŒÍNM‹ŒMMMNŒLLŒLÍ‹ÍÍMMMÍMŒMMŒLMKLM‚™]™[ÜY[ËKŒK[Üİ]WÛÜ˜XÛKŒLŒKŒŒKŒŒŒKMLLLMLLŒÌLMÎÙKLMÂ™]™[ÜY[ËKKKÛÜœ™[Û‹ŒLŒMÌLÌMNŒMKŒÍMMMMNMMMMÌËNMÌŒÌŒNLMÌŒÍÌŒMÌMMŒÌLLŒŒÍLMMLLÍËËŒNLNLLNMMÎMÌÌYKLM‚™]™[ÜY[ËKKKØØWÙ\]Z]˜[[ŒLŒMÌLÌMNŒMKŒÍMMMMNMMMMÌËNMÌŒÌŒNLMÌŒÍÌŒMÌMMŒÌLLŒŒÍLMMLLÍËËŒNLNLLNMMÎMÌÌYKLM‚™]™[ÜY[ËKKK›ØÚ×ÙXYÛÛ˜[ŒLŒMÎMMÎMÌÍLÌKŒMŒNLNMÎÎNMMNMŒÎŒŒMMMŒMŒÎLNKŒÍMÍÌÌÍË‹ŒMÌŒŒÌLÍLMÍKLMÂ™]™[ÜY[ËKKKØWÜ˜[š×ÛX]ÚYŒLŒKŒMMÍŒŒLÍLLM‹ŒŒŒLMLÍLÌÍLŒL‹MÍŒNMÎMNLLÎKŒLLNLŒMLMÍŒLMMMÍÍNMMÍ‹‹ŒŒŒŒLLÌLÙKLM‚™]™[ÜY[ËKKK˜[™ÛWÜ˜[š×ÛX]ÚYŒLŒMŒÍÎÍLŒÎKŒLÍMNMÍLLNLNLMŒMLÎMMËŒNMŒŒMLNÌÎKŒÌLLŒNÍNNÍËŒÌÌLÌÎÍMM™KLM‚™]™[ÜY[ËKKK˜]×Üİ™ŒLŒMÌMŒNÍÍÎŒÍÌMMNNMÌNMNLMMLËŒÍÍMÎMŒÍÎŒËŒÌLMŒMLÌLŒ‹ŒMŒÌÌÍŒÍŒÍÌÍÙKLM‚™]™[ÜY[ËKKK[Üİ]WÛÜ˜XÛKŒLŒKŒŒKŒŒŒNMŒÍŒLLÌŒKLM‚™]™[ÜY[ËKK‹ÛÜœ™[Û‹ŒLŒMMLNŒŒLKŒLMÌÌÎKNMNLNLLMLŒËŒÎNLÍÎMMÍMŒŒNŒM‹ŒNMMŒNÍMLÍNMNMÎMNMÍMÎÍÌYKLM‚™]™[ÜY[ËKK‹ØØWÙ\]Z]˜[[ŒLŒMMLNŒŒLKŒLMÌÌÎKNMNLNLLMLŒËŒÎNLÍÎMMÍMŒŒNŒM‹ŒNMMŒNÍMLÍNMNMÎMNMÍMÎÍÌYKLM‚™]™[ÜY[ËKK‹›ØÚ×ÙXYÛÛ˜[ŒLŒMÎMMÎMÌÍLÌKŒMŒNLNMÎÎNMMNMŒÎŒŒMMMŒMŒÎLNKŒÍMÍÌÌÍË‹ŒMÌŒŒÌLÍLMÍKLMÂ™]™[ÜY[ËKK‹ØWÜ˜[š×ÛX]ÚYŒLŒKŒLMÍÌŒÎNKŒÍŒŒLÌÎÌLÌËMLLLÌLŒŒÎLLÌËŒLMŒÍÍLÎNNËŒMÌNLÎNLLM‹ËŒÌÌLÌÎÍMM™KLM‚™]™[ÜY[ËKK‹˜[™ÛWÜ˜[š×ÛX]ÚYŒLŒMNLLŒMÍNNMNŒLNÎMLLŒÍMÎKNLÌMLLMÍŒÍŒNLÌMNÎLMŒÌÌÌLLŒÌŒ‹KLÌÍLÍLÍÍÌÍKLM‚™]™[ÜY[ËKK‹˜]×Üİ™ŒLŒMÌLLŒNMŒKŒÎŒÍÌÍNNLNMÌMLLKŒÍÍÎŒŒŒMŒÍ‹ŒÌLMÎMÍÍÌÌÍÎŒËNMŒÍŒLLÌŒKLM‚™]™[ÜY[ËKK‹[Üİ]WÛÜ˜XÛKŒLŒKŒŒKŒŒŒNMŒÍŒLLÌŒKLM‚™]™[ÜY[ËKKÛÜœ™[Û‹ŒLŒMLŒÍÌMNN‹ŒÎÎLLMÌNMÌÎMÎLLÌMKŒÍÍLLÌLÎNMÎËŒÌMÎLNMNMŒÍÎLŒNLŒ™KLM‚™]™[ÜY[ËKKØØWÙ\]Z]˜[[ŒLŒMLŒÍÌMNN‹ŒÎÎLLMÌNMÌÎMÎLLÌMKŒÍÍLLÌLÎNMÎËŒÌMÎLNMNMŒÍÎLŒNLŒ™KLM‚™]™[ÜY[ËKK›ØÚ×ÙXYÛÛ˜[ŒLŒMÎMMÎMÌÍLÌKŒMŒNLNMÎÎNMMNMŒÎŒŒMMMŒMŒÎLNKŒÍMÍÌÌÍË‹ŒMÌŒŒÌLÍLMÍKLMÂ™]™[ÜY[ËKKØWÜ˜[š×ÛX]ÚYŒLŒMLMLŒÌKŒÎÎLLÎÍLMËNMÌÎMÎLÎNŒ‹ŒÍÍLÎMLŒŒŒÌMÎLLNËŒÌÌLÌÎÍMM™KLM‚™]™[ÜY[ËKK˜[™ÛWÜ˜[š×ÛX]ÚYŒLŒMNMNLÌÍÌKŒLMLÍMÍŒËNMMÌMLLMLLÍËŒLÎNLŒÌNLLÌKŒÌÎÎLLÍÍÌÍÍÍM‹‹ŒŒŒŒLLÌLÙKLM‚™]™[ÜY[ËKK˜]×Üİ™ŒLŒMLŒÍÌMNNŒÎÎLLMÍNMÌÎMÎLLÌMKŒÍÍLLÌLÎNMÎLÍ‹ŒÌMÎLNMNMŒÎM‹ÍÍMMMÍMŒMMŒLMKLM‚™]™[ÜY[ËKK[Üİ]WÛÜ˜XÛKŒLŒKŒŒKŒŒŒNMŒÍŒLLÌŒKLM‚™]™[ÜY[ËKKŒKÛÜœ™[Û‹ŒLŒKŒLÍÌŒMÌÍŒMKŒŒÌÍŒMÍLÍKNNÍÌŒÌŒNLLÌËŒLMNÌÍÍËŒNNMŒÌMLÍMMLMËËMÎNŒNKLM‚™]™[ÜY[ËKKŒKØØWÙ\]Z]˜[[ŒLŒKŒLÍÌŒMÌÍŒMKŒŒÌÍŒMÍLÍKNNÍÌŒÌŒNLLÌËŒLMNÌÍÍËŒNNMŒÌMLÍMMLMËËMÎNŒNKLM‚™]™[ÜY[ËKKŒK›ØÚ×ÙXYÛÛ˜[ŒLŒKŒÌŒMLŒLÎŒLÎLÌLÍMM‹NLŒÎLLŒNLLNMKŒŒMÍÎLÍÌKŒMŒMÌŒÎÍÌÍËKŒÎÌÌNLNKLMÂ™]™[ÜY[ËKKŒKØWÜ˜[š×ÛX]ÚYŒLŒKŒÎLÍÎŒLNËŒŒMÍNMÍÎNMÎLŒËMÎÌÎLMŒÍŒ‹ŒLMÍÌNŒMNLÌŒMMMLLÍK‹ÍÍMMMÍMŒMMŒLMKLMÂ™]™[ÜY[ËKKŒK˜[™ÛWÜ˜[š×ÛX]ÚYŒLŒNÌMLMŒÍÎNKŒNÌMŒLÍŒŒÎNL‹NMŒÌLMŒLŒÌMŒÍÍÌÍÎŒLÍNMLMÎMMÎ‹ÍÍMMMÍMŒMMŒLMKLM‚™]™[ÜY[ËKKŒK˜]×Üİ™ŒLŒKŒLÍMNMŒÎËŒMNLLNL‹NNÌÌLNÌLMMÍ‹ŒŒMÎNÍLKŒNLLNŒŒNMËËMÎNŒNKLM‚™]™[ÜY[ËKKŒK[Üİ]WÛÜ˜XÛKŒLŒKŒŒKŒŒŒËŒÌÌLÌÎÍMM™KLM‚™]™[ÜY[ËKKŒ‹ÛÜœ™[Û‹ŒLŒKŒNMNÌMMNKŒÍŒLÎNLMÍMMKNMÎLŒÍLŒÌLLLÍLKŒÌŒŒŒMÌÍMÌŒ‹ŒNŒŒLÌÌŒMÌŒNMM‹ËŒÌÌLÌÎÍMM™KLM‚™]™[ÜY[ËKKŒ‹ØØWÙ\]Z]˜[[ŒLŒKŒNMNÌMMNKŒÍŒLÎNLMÍMMKNMÎLŒÍLŒÌLLLÍLKŒÌŒŒŒMÌÍMÌŒ‹ŒNŒŒLÌÌŒMÌŒNMM‹ËŒÌÌLÌÎÍMM™KLM‚™]™[ÜY[ËKKŒ‹›ØÚ×ÙXYÛÛ˜[ŒLŒKŒÌŒMLŒLÎŒLÎLÌLÍMM‹NLŒÎLLŒNLLNMKŒŒMÍÎLÍÌKŒMŒMÌŒÎÍÌÍËKŒÎÌÌNLNKLMÂ™]™[ÜY[ËKKŒ‹ØWÜ˜[š×ÛX]ÚYŒLŒKŒLNMLLMKŒŒÍÍŒLNMNMLLMÌLŒŒMÍLLMLKŒLNNNMMŒÍMKŒNLMLÌŒLŒKLÌÍLÍLÍÍÌÍKLM‚™]™[ÜY[ËKKŒ‹˜[™ÛWÜ˜[š×ÛX]ÚYŒLŒNÌNLŒÍËŒŒÎLÌMŒLLNMNÌNÌLMÍÌÍÎÍ‹ŒLMLLŒKŒÍÌMÌÍËKLÌÍLÍLÍÍÌÍKLM‚™]™[ÜY[ËKKŒ‹˜]×Üİ™ŒLŒKŒÌŒÍÍÌÌÎLNKŒÍNLMLLŒMNMÎLÍNŒÎMŒŒÌËŒÌŒLNNÌÌÍŒMÍÌŒÎMNÎŒŒ‹LŒNLŒ™KLM‚™]™[ÜY[ËKKŒ‹[Üİ]WÛÜ˜XÛKŒLŒKŒŒKŒŒŒËŒÌÌLÌÎÍMM™KLM‚™]™[ÜY[ËKKŒÛÜœ™[Û‹ŒLŒKŒŒMMÌÍLL‹ŒÍÍLLLMMŒKNMÎÍMLÍÎMKŒÌLNMÎLŒM‹ŒNMLÌÎLŒLÌLÌMK‹ÍÍMMMÍMŒMMŒLMKLM‚™]™[ÜY[ËKKŒØØWÙ\]Z]˜[[ŒLŒKŒŒMMÌÍLL‹ŒÍÍLLLMMŒKNMÎÍMLÍÎMKŒÌLNMÎLŒM‹ŒNMLÌÎLŒLÌLÌMK‹ÍÍMMMÍMŒMMŒLMKLM‚™]™[ÜY[ËKKŒ›ØÚ×ÙXYÛÛ˜[ŒLŒKŒÌŒMLŒLÎŒLÎLÌLÍMM‹NLŒÎLLŒNLLNMKŒŒMÍÎLÍÌKŒMŒMÌŒÎÍÌÍËKŒÎÌÌNLNKLMÂ™]™[ÜY[ËKKŒØWÜ˜[š×ÛX]ÚYŒLŒKŒŒMMMLŒKŒÍÍMLMLLËNMÎÍMLËŒÌLNMÌŒŒÌÍMËŒNMLÌÎŒŒMÌLMMKLŒNLŒ™KLM‚™]™[ÜY[ËKKŒ˜[™ÛWÜ˜[š×ÛX]ÚYŒLŒMÌÌLLNNŒMNÌŒLLËNMÌŒÎLNMÍL‹ŒNMMÌÌNNLÌÍËŒLÍMÍÎLŒLLKËŒÌÌLÌÎÍMM™KLM‚™]™[ÜY[ËKKŒ˜]×Üİ™ŒLŒKŒŒMMÌÍLL‹ŒÍÍLLLMNNMÎÍMLÍÎMKŒÌLNMÎLŒMÍKŒNMLÌÎLŒLÌLÌKËŒÌÌLÌÎÍMM™KLM‚™]™[ÜY[ËKKŒ[Üİ]WÛÜ˜XÛKŒLŒKŒŒKŒŒŒËŒÌÌLÌÎÍMM™KLM‚™]™[ÜY[Ë‹ŒKKÛÜœ™[Û‹ŒLŒNMÍNÍNLŒŒËŒŒNMNNLŒÍÍ‹NNÍÎLLŒŒÌLNŒÍNNŒÎLL‹ŒŒŒÍNLËËŒÌÌLÌÎÍMM™KLM‚™]™[ÜY[Ë‹ŒKKØØWÙ\]Z]˜[[ŒLŒNMÍNÍNLŒŒËŒŒNMNNLŒÍÍ‹NNÍÎLLŒŒÌLNŒÍNNŒÎLL‹ŒŒŒÍNLËËŒÌÌLÌÎÍMM™KLM‚™]™[ÜY[Ë‹ŒKK›ØÚ×ÙXYÛÛ˜[ŒLŒKŒMLLLÌÍMËŒLMLMÍMÌÍÌKNNNŒÍMÌMML‹ŒŒŒÍLMLÍ‹ŒÌLNMNLŒLLNË‹ŒNLÎÍÌÎLÌYKLM‚™]™[ÜY[Ë‹ŒKKØWÜ˜[š×ÛX]ÚYŒLŒKŒŒÌLNÎÌÌÍKŒŒŒMLÍLNLLKMÎÍMLÍÍNŒLŒŒŒÌÌÌÌMMMËŒMLŒNLLNÎLLŒKKÌLMÌÌYKLM‚™]™[ÜY[Ë‹ŒKK˜[™ÛWÜ˜[š×ÛX]ÚYŒLŒNMÎLÌŒËŒŒLNLMŒËNNMLÍŒÎMËŒÌÍÍMŒLŒKŒŒNLMLÌLNMÍËMMLNMLÍŒMKLM‚™]™[ÜY[Ë‹ŒKK˜]×Üİ™ŒLŒNMÍNMNNLMMŒÌÎŒNÌLÍMMMMÍÌLKNNMŒŒŒLÌNLNŒMLÍÎÌMÍMKŒÌLŒÍMÍÍLÍM‹KLÌÍLÍLÍÍÌÍKLM‚™]™[ÜY[Ë‹ŒKK[Üİ]WÛÜ˜XÛKŒLŒKŒŒKŒŒŒKLÌÍLÍLÍÍÌÍKLM‚™]™[ÜY[Ë‹ŒK‹ÛÜœ™[Û‹ŒLŒNMNLÌMLÍÍÎ‹ŒÍNNMLÍÍŒËNMÎÍÍLŒÌŒLÎŒÌŒÍMÌÌM‹ŒÌMŒÎMMÍÍMÍŒŒLK‹ŒŒŒŒLLÌLÙKLM‚™]™[ÜY[Ë‹ŒK‹ØØWÙ\]Z]˜[[ŒLŒNMNLÌMLÍÍÎ‹ŒÍNNMLÍÍŒËNMÎÍÍLŒÌŒLÎŒÌŒÍMÌÌM‹ŒÌMŒÎMMÍÍMÍŒŒLK‹ŒŒŒŒLLÌLÙKLM‚™]™[ÜY[Ë‹ŒK‹›ØÚ×ÙXYÛÛ˜[ŒLŒKŒMLLLÌÍMËŒLMLMÍMÌÍÌKNNNŒÍMÌMML‹ŒŒŒÍLMLÍ‹ŒÌLNMNLŒLLNË‹ŒNLÎÍÌÎLÌYKLM‚™]™[ÜY[Ë‹ŒK‹ØWÜ˜[š×ÛX]ÚYŒLŒKŒMÍŒMŒÌÌÍÌL‹ŒŒÌLNML‹MÌÌMÌLÌMÌÍL‹ŒLMNŒÍÍMŒMŒÍËŒMLÍÎLNÌÌÌÍKKLÌÍLÍLÍÍÌÍKLM‚™]™[ÜY[Ë‹ŒK‹˜[™ÛWÜ˜[š×ÛX]ÚYŒLŒNMMŒLŒNMLMÍÍKŒÎMÎMÍLML‹NMÍLÌMÎMÌMMÍMËŒÍLLŒLÍŒÌŒÍL‹ŒLŒÍÌÎLÍKMLLLMLLŒÌLMÎÙKLM‚™]™[ÜY[Ë‹ŒK‹˜]×Üİ™ŒLŒNMÍŒÍMÌÌLNMËŒÎMLÍNLNMËNMÎÌNLÍLÎ‹ŒÌLÍÎÎKŒÌMMÍMŒÌÎMMNKKMLLÌMKLM‚™]™[ÜY[Ë‹ŒK‹[Üİ]WÛÜ˜XÛKŒLŒKŒŒKŒŒŒKLÌÍLÍLÍÍÌÍKLM‚™]™[ÜY[Ë‹ŒKÛÜœ™[Û‹ŒLŒNMÌLMÎLNMKŒÎMÍŒNŒMŒŒKNMÍÎNNMLÎMŒÌÌMŒŒNÍŒLÍÍËŒÌLÍÌMÎLÌMMM‹‹ÍÍMMMÍMŒMMŒLMKLM‚™]™[ÜY[Ë‹ŒKØØWÙ\]Z]˜[[ŒLŒNMÌLMÎLNMKŒÎMÍŒNŒMŒŒKNMÍÎNNMLÎMŒÌÌMŒŒNÍŒLÍÍËŒÌLÍÌMÎLÌMMM‹‹ÍÍMMMÍMŒMMŒLMKLM‚™]™[ÜY[Ë‹ŒK›ØÚ×ÙXYÛÛ˜[ŒLŒKŒMLLLÌÍMËŒLMLMÍMÌÍÌKNNNŒÍMÌMML‹ŒŒŒÍLMLÍ‹ŒÌLNMNLŒLLNË‹ŒNLÎÍÌÎLÌYKLM‚™]™[ÜY[Ë‹ŒKØWÜ˜[š×ÛX]ÚYŒLŒNMÌÌNMŒMŒÎMÍŒMÌÌMÍÍNMÍÎNNMLLŒÎŒÌÌMŒŒMMMÍNËŒÌLÍN‹ËŒÌÌLÌÎÍMM™KLM‚™]™[ÜY[Ë‹ŒK˜[™ÛWÜ˜[š×ÛX]ÚYŒLŒNMMNŒÌLËŒMÌŒLLÍMÍKNMÍŒÍÌÍKŒÍŒMLÌÍÌLKŒLMÍNLÌN‹‹ÍÍMMMÍMŒMMŒLMKLM‚™]™[ÜY[Ë‹ŒK˜]×Üİ™ŒLŒNMÌLMÎLMŒÎMÍŒNŒMKNMÍÎNNMLÎMŒÌÌMŒŒNÍŒLÎŒÌLÍÌMÎLÌMÌMËËMÎNŒNKLM‚™]™[ÜY[Ë‹ŒK[Üİ]WÛÜ˜XÛKŒLŒKŒŒKŒŒŒKLÌÍLÍLÍÍÌÍKLM‚™]™[ÜY[Ë‹ŒKKÛÜœ™[Û‹ŒLŒMÍMNLLLÎNMÍŒL‹ŒŒLÌÌNMŒÎLNNNMŒÍLÎLŒLKŒÌMÌMLÌNMÌËŒŒŒNÌMMKLŒNLŒ™KLM‚™]™[ÜY[Ë‹ŒKKØØWÙ\]Z]˜[[ŒLŒMÍMNLLLÎNMÍŒL‹ŒŒLÌÌNMŒÎLNNNMŒÍLÎLŒLKŒÌMÌMLÌNMÌËŒŒŒNÌMMKLŒNLŒ™KLM‚™]™[ÜY[Ë‹ŒKK›ØÚ×ÙXYÛÛ˜[ŒLŒMÎNMÌML‹ŒŒÌŒNMËNNÎMMŒŒÍŒÌÍŒÌŒLÍLÍNÍ‹ŒLÌÍLMLÌÌ‹‹ŒŒŒŒLLÌŒYKLM‚™]™[ÜY[Ë‹ŒKKØWÜ˜[š×ÛX]ÚYŒLŒKŒMÍÍÍŒMŒÎKŒNNLNLLLMŒLNKMÎLMÍÍNLLÍNMŒLÍŒÎLÍÎÍÌŒËŒLÌÎMMŒMMKKŒLLŒŒÌŒLMMYKLM‚™]™[ÜY[Ë‹ŒKK˜[™ÛWÜ˜[š×ÛX]ÚYŒLŒMÌÌNMÌMLŒKŒÎLÌÌMLŒÌÍLM‹NMLMLMÌËŒÎMÍŒMLŒLKŒÌLLLŒÌÎMÌMLKËMÎNŒNKLM‚™]™[ÜY[Ë‹ŒKK˜]×Üİ™ŒLŒMÍNLŒLLMÍŒŒMŒMLÎMŒNNNNLÎMMLMLŒÎLMŒÌNMNMÌLM‹ŒMLŒÍŒLLŒŒNMŒÍŒLLÌŒKLM‚™]™[ÜY[Ë‹ŒKK[Üİ]WÛÜ˜XÛKŒLŒKŒŒKŒŒŒ‹ŒÍNLŒŒÎLÌÌMÍ™KLM‚™]™[ÜY[Ë‹ŒK‹ÛÜœ™[Û‹ŒLŒMÌÍÌÍMMLLKŒMŒMÍÍŒŒMÎLŒÎKNNNMÌÎÍNMËŒÍLLÎÌÌŒLÍÍÌŒÍKŒMMŒÍLÎNÍŒÍM‹ËŒŒÌÌMÍNYKLM‚™]™[ÜY[Ë‹ŒK‹ØØWÙ\]Z]˜[[ŒLŒMÌÍÌÍMMLLKŒMŒMÍÍŒŒMÎLŒÎKNNNMÌÎÍNMËŒÍLLÎÌÌŒLÍÍÌŒÍKŒMMŒÍLÎNÍŒÍM‹ËŒŒÌÌMÍNYKLM‚™]™[ÜY[Ë‹ŒK‹›ØÚ×ÙXYÛÛ˜[ŒLŒMÎNMÌML‹ŒŒÌŒNMËNNÎMMŒŒÍŒÌÍŒÌŒLÍLÍNÍ‹ŒLÌÍLMLÌÌ‹‹ŒŒŒŒLLÌŒYKLM‚™]™[ÜY[Ë‹ŒK‹ØWÜ˜[š×ÛX]ÚYŒLŒKŒŒŒÌŒLÌŒÎMÍNŒŒÌNNLÍŒLÌËMÌÍNLMÌLLMŒLMLNŒMLÎMKŒMLMMMŒŒÍŒMËËŒNLNLLNMMÎMÌÌYKLM‚™]™[ÜY[Ë‹ŒK‹˜[™ÛWÜ˜[š×ÛX]ÚYŒLŒMMMÍLÌŒËŒNÌÍÌÍÍÎKNMNLŒÎKŒÎÎNLŒÍÎÎÍÌKŒŒNNMŒLMÌŒ‹LŒNLŒ™KLM‚™]™[ÜY[Ë‹ŒK‹˜]×Üİ™ŒLŒMÌÍNMÎLNNNŒMLÌMNMNNM‹NNÍNLÌÎLŒËŒÍŒLÍLLMKŒNÎMÍÍLÌNËÌMMMÌÌÍLLÍLÙKLM‚™]™[ÜY[Ë‹ŒK‹[Üİ]WÛÜ˜XÛKŒLŒKŒŒKŒŒŒ‹ŒÍNLŒŒÎLÌÌMÍ™KLM‚™]™[ÜY[Ë‹ŒKÛÜœ™[Û‹ŒLŒMÌÌNNMMÍŒ‹ŒNLÍÌMLÍÍLŒMKNNÌLÌŒLÌÎ‹ŒLMÌŒMNMËŒLLNMÌÌMNLÌNKLÌÍLÍLÍÍÌÍKLM‚™]™[ÜY[Ë‹ŒKØØWÙ\]Z]˜[[ŒLŒMÌÌNNMMÍŒ‹ŒNLÍÌMLÍÍLŒMKNNÌLÌŒLÌÎ‹ŒLMÌŒMNMËŒLLNMÌÌMNLÌNKLÌÍLÍLÍÍÌÍKLM‚™]™[ÜY[Ë‹ŒK›ØÚ×ÙXYÛÛ˜[ŒLŒMÎNMÌML‹ŒŒÌŒNMËNNÎMMŒŒÍŒÌÍŒÌŒLÍLÍNÍ‹ŒLÌÍLMLÌÌ‹‹ŒŒŒŒLLÌŒYKLM‚™]™[ÜY[Ë‹ŒKØWÜ˜[š×ÛX]ÚYŒLŒMÌÌNÌÍKŒNLÍÌMLŒÌMLÎMKNNÌLÌŒÍNŒLMŒŒŒŒÌŒÌLL‹ŒLLNMÌŒÌŒ‹ËŒÌÌLÌÎÍMM™KLM‚™]™[ÜY[Ë‹ŒK˜[™ÛWÜ˜[š×ÛX]ÚYŒLŒMÍLŒÌKŒMMÍMÌÎMKNMŒŒÌÍNNMÌKŒÌÎMNMLÌÌLÎMLÍŒÍMNMLMMÍÌŒÍNËMŒÎLMÌMMÍM™KLM‚™]™[ÜY[Ë‹ŒK˜]×Üİ™ŒLŒMÌÌNNMMÍŒ‹ŒNLÍÌMLÍÍLŒLÍ‹NNÌLÌŒLÌÎ‹ŒLMÌŒMNMËŒLLNMÌÌMNNLKËŒÌÌLÌÎÍMM™KLM‚™]™[ÜY[Ë‹ŒK[Üİ]WÛÜ˜XÛKŒLŒKŒŒKŒŒŒ‹ŒÍNLŒŒÎLÌÌMÍ™KLM‚™]™[ÜY[Ë‹KKÛÜœ™[Û‹ŒLŒNMŒLŒÌŒNLÌLËŒÎMÍMMŒŒÍNNNMÌŒÎÎÌÎLKŒÍÍLLÌÌŒNMLL‹ŒLÎNÍÌMNLËKŒLLŒŒÌŒLMMYKLM‚™]™[ÜY[Ë‹KKØØWÙ\]Z]˜[[ŒLŒNMŒLŒÌŒNLÌLËŒÎMÍMMŒŒÍNNNMÌŒÎÎÌÎLKŒÍÍLLÌÌŒNMLL‹ŒLÎNÍÌMNLËKŒLLŒŒÌŒLMMYKLM‚™]™[ÜY[Ë‹KK›ØÚ×ÙXYÛÛ˜[ŒLŒKŒMMMLŒMŒNŒLÍLÎNMNNÍËNMÌMNŒÌÍKŒŒMÌLÌÍÌÌÌLÌM‹ŒMÍMÌMÍŒNMKKŒLLŒŒÌŒLMMYKLM‚™]™[ÜY[Ë‹KKØWÜ˜[š×ÛX]ÚYŒLŒKŒLNMLMNŒŒMLMÍLNKMÍÌLNLLMËŒLÎMLNÍMŒMNLÌÌÌŒMMLNL‹KŒLLŒŒÌŒLMMYKLM‚™]™[ÜY[Ë‹KK˜[™ÛWÜ˜[š×ÛX]ÚYŒLŒNMÍMMÌNNLÎMLNŒÍŒÎLLÍŒLNNMŒLÍÌŒŒLKŒÌMŒLLŒÌMŒLÍMMLŒÌNLÌMKLŒNLŒ™KLM‚™]™[ÜY[Ë‹KK˜]×Üİ™ŒLŒNMŒLMÍŒMŒÌ‹ŒÍÍLNLMÎÎMMÌ‹NMÍÌÌŒŒKŒÍMÍÌÍÎNL‹ŒMÍŒLÍÎÍÌNMMLË‹ŒŒŒŒLLÌLÙKLM‚™]™[ÜY[Ë‹KK[Üİ]WÛÜ˜XÛKŒLŒKŒŒKŒŒŒ‹ÍÍMMMÍMŒMMŒLMKLM‚™]™[ÜY[Ë‹K‹ÛÜœ™[Û‹ŒLŒNMÌLÌLLLÌÎŒÍMMLLÍŒKNMÍMÍMMÍÌLÍMÍ‹ŒÍMNMŒLMŒMŒ‹ŒLŒMÍÍÎLMÌ‹ÍÍMMMÍMŒMMŒLMKLM‚™]™[ÜY[Ë‹K‹ØØWÙ\]Z]˜[[ŒLŒNMÌLÌLLLÌÎŒÍMMLLÍŒKNMÍMÍMMÍÌLÍMÍ‹ŒÍMNMŒLMŒMŒ‹ŒLŒMÍÍÎLMÌ‹ÍÍMMMÍMŒMMŒLMKLM‚™]™[ÜY[Ë‹K‹›ØÚ×ÙXYÛÛ˜[ŒLŒKŒMMMLŒMŒNŒLÍLÎNMNNÍËNMÌMNŒÌÍKŒŒMÌLÌÍÌÌÌLÌM‹ŒMÍMÌMÍŒNMKKŒLLŒŒÌŒLMMYKLM‚™]™[ÜY[Ë‹K‹ØWÜ˜[š×ÛX]ÚYŒLŒKŒŒŒÌMLKŒŒÍÌLMŒÍÍÌÌŒŒ‹MÌNNMLNMMÍŒLNŒÎŒÌLMÌÍNKŒMŒÎMÎMLÎLŒËŒÌŒLMŒŒŒM™KLM‚™]™[ÜY[Ë‹K‹˜[™ÛWÜ˜[š×ÛX]ÚYŒLŒNLÎMLÍÍNKŒLLNÍNŒŒMLLKNMÌÍÌLÌNMMÌKŒLŒŒMŒMÌKŒMÎŒMÌN‹ŒÍÍÎMÍÍÙKLM‚™]™[ÜY[Ë‹K‹˜]×Üİ™ŒLŒNMLMLMNŒËŒÍMLŒLÍËNMÍÎLŒMMŒMÌËŒÌÌŒLLÍMÍÎËŒLLÍÌLÎNLÌÌŒŒM‹‹ÍÍMMMÍMŒMMŒLMKLM‚™]™[ÜY[Ë‹K‹[Üİ]WÛÜ˜XÛKŒLŒKŒŒKŒŒŒ‹ÍÍMMMÍMŒMMŒLMKLM‚™]™[ÜY[Ë‹KÛÜœ™[Û‹ŒLŒNMLÌÍMLŒNMKŒÌNÎMLÍÎLÎNNMÍŒÍŒÍNÎNLÍ‹ŒÍÍÍÍLÍÍÍMMKŒNÍLLÍLLÌMŒ‹ŒÌÌÍKLMÂ™]™[ÜY[Ë‹KØØWÙ\]Z]˜[[ŒLŒNMLÌÍMLŒNMKŒÌNÎMLÍÎLÎNNMÍŒÍŒÍNÎNLÍ‹ŒÍÍÍÍLÍÍÍMMKŒNÍLLÍLLÌMŒ‹ŒÌÌÍKLMÂ™]™[ÜY[Ë‹K›ØÚ×ÙXYÛÛ˜[ŒLŒKŒMMMLŒMŒNŒLÍLÎNMNNÍËNMÌMNŒÌÍKŒŒMÌLÌÍÌÌÌLÌM‹ŒMÍMÌMÍŒNMKKŒLLŒŒÌŒLMMYKLM‚™]™[ÜY[Ë‹KØWÜ˜[š×ÛX]ÚYŒLŒNMLÌÍÍMÌÍŒÌNÎLÎMŒKNMÍŒÍŒÍNLMLËŒÍÍÍÍLÍÌŒÌÌÌKŒNÍLLÍMM‹KLÌÍLÍLÍÍÌÍKLM‚™]™[ÜY[Ë‹K˜[™ÛWÜ˜[š×ÛX]ÚYŒLŒNLNNÍÎMÌNKŒLÎLŒŒÍLMLËNMLLMŒNŒMLMÍNLKŒŒMMLÌÍMÌŒNNÎM‹ËŒÌÌLÌÎÍMM™KLM‚™]™[ÜY[Ë‹K˜]×Üİ™ŒLŒNMLÌÍMLŒMÎŒÌNÎMLÍÎMNMÍŒÍŒÍNÎNLÍ‹ŒÍÍÍÍLÍÍÍMLKŒNÍLLÍLLÌMËNMŒÍŒLLÌŒKLM‚™]™[ÜY[Ë‹K[Üİ]WÛÜ˜XÛKŒLŒKŒŒKŒŒŒ‹ÍÍMMMÍMŒMMŒLMKLM‚™]™[ÜY[Ë‹KŒKÛÜœ™[Û‹ŒLŒMÍMLŒÍLKŒLÍNNNLLMŒKNMŒŒÌÌÍLŒNŒÍLÌŒÌMMKŒÍÎLLLMÍMËŒNLNLLNMMÎMÌÌYKLM‚™]™[ÜY[Ë‹KŒKØØWÙ\]Z]˜[[ŒLŒMÍMLŒÍLKŒLÍNNNLLMŒKNMŒŒÌÌÍLŒNŒÍLÌŒÌMMKŒÍÎLLLMÍMËŒNLNLLNMMÎMÌÌYKLM‚™]™[ÜY[Ë‹KŒK›ØÚ×ÙXYÛÛ˜[ŒLŒNMNÍMLÌÌŒLŒNLMËŒMLLÍNNNÍKNLLMÌÍŒMÎÎL‹ŒMMŒMÎLNNML‹ŒÌŒŒÌLM‹KŒÌÌÍNMÍÍNMNLYKLM‚™]™[ÜY[Ë‹KŒKØWÜ˜[š×ÛX]ÚYŒLŒKŒLÎÌLMMÎŒŒŒNÌLŒLML‹MÍNLMÌÍLÍÍÍMÌ‹ŒLMÍLÌNMÎÌËŒLŒÌMMÍLË‹NNMŒ™KLM‚™]™[ÜY[Ë‹KŒK˜[™ÛWÜ˜[š×ÛX]ÚYŒLŒMÍNŒÌÌNÍŒŒMMLÌŒÎNMÎLLLŒÍNÌ‹ŒLÍLŒŒÍLÌŒMÌÍËŒÌŒÍÍŒŒMLNM‹ŒŒŒŒLLÌLÙKLM‚™]™[ÜY[Ë‹KŒK˜]×Üİ™ŒLŒMÍLMÌLNMLMŒLMÎLÌÍMÌMLÍÍ‹NMŒŒŒMÎÌÌÍNKŒÌMŒÎNŒLŒLLNŒLLŒNLŒ™KLM‚™]™[ÜY[Ë‹KŒK[Üİ]WÛÜ˜XÛKŒLŒKŒŒKŒŒŒËMÎNŒNKLM‚™]™[ÜY[Ë‹KŒ‹ÛÜœ™[Û‹ŒLŒMŒÍÎÍMŒKŒMLMÌÌÍÌÍ‹NNLMMŒMMLŒÎNŒŒLÌLMMÌKŒNMÍÌMM‹‹ŒŒŒŒLLÌLÙKLM‚™]™[ÜY[Ë‹KŒ‹ØØWÙ\]Z]˜[[ŒLŒMŒÍÎÍMŒKŒMLMÌÌÍÌÍ‹NNLMMŒMMLŒÎNŒŒLÌLMMÌKŒNMÍÌMM‹‹ŒŒŒŒLLÌLÙKLM‚™]™[ÜY[Ë‹KŒ‹›ØÚ×ÙXYÛÛ˜[ŒLŒNMNÍMLÌÌŒLŒNLMËŒMLLÍNNNÍKNLLMÌÍŒMÎÎL‹ŒMMŒMÎLNNML‹ŒÌŒŒÌLM‹KŒÌÌÍNMÍÍNMNLYKLM‚™]™[ÜY[Ë‹KŒ‹ØWÜ˜[š×ÛX]ÚYŒLŒKŒNŒLNMÎNŒŒÎNNLLÍÎÌNNMÌMLMÎKŒLNMMMMÌMMLÌÎŒMNLÍÌMMM‹KLÌÍLÍLÍÍÌÍKLM‚™]™[ÜY[Ë‹KŒ‹˜[™ÛWÜ˜[š×ÛX]ÚYŒLŒMÎLÍÌMMÎLÍ‹ŒŒÍLMÌÎMÌNLMNMÍŒŒMÌNLLŒLLÌLLNLL‹ŒNÌNÌ‹‹ŒŒŒŒLLÌLÙKLM‚™]™[ÜY[Ë‹KŒ‹˜]×Üİ™ŒLŒMÍÌÍLMLÍMÎMŒËŒÍÍÍÍLLÎNNNLLMMLÍMM‹ŒŒNÌÎÍMÍNL‹ŒLMLÍÌNLŒÎÍKKLÌÍLÍLÍÍÌÍKLM‚™]™[ÜY[Ë‹KŒ‹[Üİ]WÛÜ˜XÛKŒLŒKŒŒKŒŒŒËMÎNŒNKLM‚™]™[ÜY[Ë‹KŒÛÜœ™[Û‹ŒLŒMÌÌÍMLÌMŒÍNMÍL‹NNŒÍÍLÌMÍËŒMLNMÎMÌÍÌŒMMMMLMÌNKLŒNLŒ™KLM‚™]™[ÜY[Ë‹KŒØØWÙ\]Z]˜[[ŒLŒMÌÌÍMLÌMŒÍNMÍL‹NNŒÍÍLÌMÍËŒMLNMÎMÌÍÌŒMMMMLMÌNKLŒNLŒ™KLM‚™]™[ÜY[Ë‹KŒ›ØÚ×ÙXYÛÛ˜[ŒLŒNMNÍMLÌÌŒLŒNLMËŒMLLÍNNNÍKNLLMÌÍŒMÎÎL‹ŒMMŒMÎLNNML‹ŒÌŒŒÌLM‹KŒÌÌÍNMÍÍNMNLYKLM‚™]™[ÜY[Ë‹KŒØWÜ˜[š×ÛX]ÚYŒLŒMÌÌÍMÌMŒNŒÍNMÍLŒÌLÍN‹NNŒÍÍMMKŒMLNÎMŒMMMLMÌŒMËKLÌÍLÍLÍÍÌÍKLM‚™]™[ÜY[Ë‹KŒ˜[™ÛWÜ˜[š×ÛX]ÚYŒLŒLÌÌÍMMÍMLŒMŒNKŒMŒŒÎLŒŒLLÌMÌÍMMÌNŒŒNLŒÍ‹ŒLMNLÌŒÌÍNL‹ŒLLLMÍÌÎMK‹ŒLŒŒŒÍMÎÍŒYKLM‚™]™[ÜY[Ë‹KŒ˜]×Üİ™ŒLŒMÌÌÍMLÌMŒÍNMÍLÎNNŒÍÍLÌMÍËŒMLNMÎMÌÍÌL‹ŒMMMMLMMNËŒÌÌLÌÎÍMM™KLM‚™]™[ÜY[Ë‹KŒ[Üİ]WÛÜ˜XÛKŒLŒKŒŒKŒŒŒËMÎNŒNKLM‚™]™[ÜY[ËŒKKÛÜœ™[Û‹ŒLŒNÎMLLŒÌMÌÎMÍKŒÌMNÎLÌŒÌKNNLÍÍŒLŒKŒŒMLÍŒŒÍLNLMKŒLLŒŒÍÍÎLÍËËŒÌÌLÌÎÍMM™KLM‚™]™[ÜY[ËŒKKØØWÙ\]Z]˜[[ŒLŒNÎMLLŒÌMÌÎMÍKŒÌMNÎLÌŒÌKNNLÍÍŒLŒKŒŒMLÍŒŒÍLNLMKŒLLŒŒÍÍÎLÍËËŒÌÌLÌÎÍMM™KLM‚™]™[ÜY[ËŒKK›ØÚ×ÙXYÛÛ˜[ŒLŒNLŒÍLLÍÌMLŒM‹ŒLLÌŒÌÌŒLMNNLMÎMMŒÍŒŒŒÍŒLÎMŒŒLÎŒMÍNMÍMÌ‹KŒLLŒŒÌŒLMÙKLM‚™]™[ÜY[ËŒKKØWÜ˜[š×ÛX]ÚYŒLŒKŒŒÍŒÎMÌŒËŒNMÌÍÌNLÌÌËMÎŒÍNLLŒŒŒLMKŒLÍŒNNÎLŒLLMŒLŒŒÎ‹KŒLLŒŒÌŒLMMYKLM‚™]™[ÜY[ËŒKK˜[™ÛWÜ˜[š×ÛX]ÚYŒLŒNÍÌMŒNLŒŒÌL‹ŒLMÌŒÌŒŒMÍMLÎKNNÍÎMMÍLÌLŒLŒMŒÌÍNLÎŒLÌMÍMMNLÌMËKMLLLMLLŒÌLMÎÙKLMÂ™]™[ÜY[ËŒKK˜]×Üİ™ŒLŒNLMNÍÎLMÌ‹ŒÎLÌLŒÎÌLMÍNNLÍLŒŒMÍKŒŒMNLÍŒÎM‹ŒLÌLÍLMLNMLM‹‹NNMŒ™KLM‚™]™[ÜY[ËŒKK[Üİ]WÛÜ˜XÛKŒLŒKŒŒKŒŒŒ‹ÍÍMMMÍMŒMMŒLMKLM‚™]™[ÜY[ËŒK‹ÛÜœ™[Û‹ŒLŒNÌŒMŒLËŒLŒŒŒŒŒMLÍMNNMÍÍÎLNKŒŒLÌNÍ‹ŒLÎMNLNLLŒÌŒÍËŒÌÌLÌÎÍMM™KLM‚™]™[ÜY[ËŒK‹ØØWÙ\]Z]˜[[ŒLŒNÌŒMŒLËŒLŒŒŒŒŒMLÍMNNMÍÍÎLNKŒŒLÌNÍ‹ŒLÎMNLNLLŒÌŒÍËŒÌÌLÌÎÍMM™KLM‚™]™[ÜY[ËŒK‹›ØÚ×ÙXYÛÛ˜[ŒLŒNLŒÍLLÍÌMLŒM‹ŒLLÌŒÌÌŒLMNNLMÎMMŒÍŒŒŒÍŒLÎMŒŒLÎŒMÍNMÍMÌ‹KŒLLŒŒÌŒLMÙKLM‚™]™[ÜY[ËŒK‹ØWÜ˜[š×ÛX]ÚYŒLŒKŒNNNŒŒŒÎMMLLÌÎMÍ‹MÍÍÌÎMLNÎKŒLLŒÍŒNMMÎMÍKŒMÌŒLÍÍLÌ‹ÍÍMMMÍMŒMMŒLMKLM‚™]™[ÜY[ËŒK‹˜[™ÛWÜ˜[š×ÛX]ÚYŒLŒNNŒŒÍÍMŒNLÎLÍŒŒÎMLŒ‹NNÎÌŒMLMÎLKŒMŒMÌŒÎŒÍLË‹NNMŒ™KLM‚™]™[ÜY[ËŒK‹˜]×Üİ™ŒLŒNÌNÌNLML‹ŒÍÎŒLNNNNMŒŒÌKŒŒMÍLLLLMÌÌ‹ŒLÌÌMLÎMNLÌËKMLLLMLLŒÌLMÎÙKLMÂ™]™[ÜY[ËŒK‹[Üİ]WÛÜ˜XÛKŒLŒKŒŒKŒŒŒ‹ÍÍMMMÍMŒMMŒLMKLM‚™]™[ÜY[ËŒKÛÜœ™[Û‹ŒLŒNÌMLMÌŒÍKŒLMÌMMMNLNËNNLÍŒÍËŒŒÌŒLLÍŒM‹ŒLÌLMÌÍŒLÍLMÍKKLÌÍLÍLÍÍÌÍKLM‚™]™[ÜY[ËŒKØØWÙ\]Z]˜[[ŒLŒNÌMLMÌŒÍKŒLMÌMMMNLNËNNLÍŒÍËŒŒÌŒLLÍŒM‹ŒLÌLMÌÍŒLÍLMÍKKLÌÍLÍLÍÍÌÍKLM‚™]™[ÜY[ËŒK›ØÚ×ÙXYÛÛ˜[ŒLŒNLŒÍLLÍÌMLŒM‹ŒLLÌŒÌÌŒLMNNLMÎMMŒÍŒŒŒÍŒLÎMŒŒLÎŒMÍNMÍMÌ‹KŒLLŒŒÌŒLMÙKLM‚™]™[ÜY[ËŒKØWÜ˜[š×ÛX]ÚYŒLŒNÌMLŒLLLÌ‹ŒLMÌLÍLÌMKNNLÍŒÍMLÌËŒŒÌŒLLÍNMMLMŒMKŒLÌLMÌÍÌNMLKKMLLÌMKLM‚™]™[ÜY[ËŒK˜[™ÛWÜ˜[š×ÛX]ÚYŒLŒNNLLLMÌÎNŒ‹ŒŒLLÌÎLÍLÍKNNÌMÍÎLÍÍÍÌËŒMŒMNMNËŒÌLÍMLMÌŒŒÎNMKŒLLŒŒÌŒLMMYKLM‚™]™[ÜY[ËŒK˜]×Üİ™ŒLŒNÌMLMÌŒÍŒLMÌMMMNLÎNNLÍŒÍKŒŒÌŒLLÍŒMLÎŒLÌLMÌÍŒLÍLÎMK‹ŒŒŒŒLLÌLÙKLM‚™]™[ÜY[ËŒK[Üİ]WÛÜ˜XÛKŒLŒKŒŒKŒŒŒ‹ÍÍMMMÍMŒMMŒLMKLM‚™]™[ÜY[ËŒKKÛÜœ™[Û‹ŒLŒNŒŒÌÌŒÌŒÍŒŒLŒNLÍMNMÎMMMLLLKŒÌÎNNLŒNÍKŒÍLŒLÎLŒMNŒNLYKLM‚™]™[ÜY[ËŒKKØØWÙ\]Z]˜[[ŒLŒNŒŒÌÌŒÌŒÍŒŒLŒNLÍMNMÎMMMLLLKŒÌÎNNLŒNÍKŒÍLŒLÎLŒMNŒNLYKLM‚™]™[ÜY[ËŒKK›ØÚ×ÙXYÛÛ˜[ŒLŒNLÍLŒLMÍËŒÍÍÌŒMMŒŒŒMËNMÍÌÍÌÍNMŒŒKŒÌÍŒÍLLÍÍMŒÎÌÍÍMÌNŒMMLKKŒÌLÍŒŒÍMŒMÍKLMÂ™]™[ÜY[ËŒKKØWÜ˜[š×ÛX]ÚYŒLŒKŒNLÍLŒŒMÍÎKŒNMÌŒŒMÍMLËMÎÍÌMMMNŒLŒÎÎÍÍNLŒLÎÎLLNŒÍLKKMLLÌMKLM‚™]™[ÜY[ËŒKK˜[™ÛWÜ˜[š×ÛX]ÚYŒLŒNMŒMMÌÍÍŒËŒMŒŒÌMÌLÎL‹NMLŒNMMÎNLËŒNÎMŒLÌ‹ŒLLÎÍÌÍÎNKLŒNLŒ™KLM‚™]™[ÜY[ËŒKK˜]×Üİ™ŒLŒNÍNLŒÌÍLL‹ŒÌLMNMÍÌŒŒNMÎLMÍÌNŒÌËŒÌŒÌLMÍLLKŒMÌLÎMLMŒLÍË‹NNMŒ™KLM‚™]™[ÜY[ËŒKK[Üİ]WÛÜ˜XÛKŒLŒKŒŒKŒŒŒ‹ŒMMÌLMÌŒMYKLM‚™]™[ÜY[ËŒK‹ÛÜœ™[Û‹ŒLŒNÌÍLMNMŒÌŒŒÌÌÍMÌNLNNLÎLÎMÍŒŒ‹ŒMMÌÎMMÎÌËŒLÍÍÍÌÌNÎNÎNK‹ÍÍMMMÍMŒMMŒLMKLM‚™]™[ÜY[ËŒK‹ØØWÙ\]Z]˜[[ŒLŒNÌÍLMNMŒÌŒŒÌÌÍMÌNLNNLÎLÎMÍŒŒ‹ŒMMÌÎMMÎÌËŒLÍÍÍÌÌNÎNÎNK‹ÍÍMMMÍMŒMMŒLMKLM‚™]™[ÜY[ËŒK‹›ØÚ×ÙXYÛÛ˜[ŒLŒNLÍLŒLMÍËŒÍÍÌŒMMŒŒŒMËNMÍÌÍÌÍNMŒŒKŒÌÍŒÍLLÍÍMŒÎÌÍÍMÌNŒMMLKKŒÌLÍŒŒÍMŒMÍKLMÂ™]™[ÜY[ËŒK‹ØWÜ˜[š×ÛX]ÚYŒLŒKŒÍÍÌŒÎMNLËŒŒÎLŒÌLNNNMÌMNNŒMLÎLMŒLŒNLLNMNMKŒŒŒÌÎLLLMNLË‹ÍÍMMMÍMŒMMŒLMKLM‚™]™[ÜY[ËŒK‹˜[™ÛWÜ˜[š×ÛX]ÚYŒLŒNÎMÍÍÎLŒÌŒ‹ŒÌNÌÎMNLÍÌÎNMLÎÌÌMÍLMŒKŒMÎŒMŒLÌÌLËŒMMLMLLËËŒÌÌLÌÎÍMM™KLM‚™]™[ÜY[ËŒK‹˜]×Üİ™ŒLŒNÍLMÍMMŒLKŒŒÌŒNÍLMKNNÌLMMÌÎŒLLNNNMNMÌLŒLÌÌÎMLÌMÌMKËMÎNŒNKLM‚™]™[ÜY[ËŒK‹[Üİ]WÛÜ˜XÛKŒLŒKŒŒKŒŒŒ‹ŒMMÌLMÌŒMYKLM‚™]™[ÜY[ËŒKÛÜœ™[Û‹ŒLŒNLMŒMLÍÌKŒŒŒŒŒMNLÎKNNÍÌNÌŒËŒMÍLLLNMMÌËŒMÎNÎMLŒNMNN‹ŒŒŒŒLLÌLÙKLM‚™]™[ÜY[ËŒKØØWÙ\]Z]˜[[ŒLŒNLMŒMLÍÌKŒŒŒŒŒMNLÎKNNÍÌNÌŒËŒMÍLLLNMMÌËŒMÎNÎMLŒNMNN‹ŒŒŒŒLLÌLÙKLM‚™]™[ÜY[ËŒK›ØÚ×ÙXYÛÛ˜[ŒLŒNLÍLŒLMÍËŒÍÍÌŒMMŒŒŒMËNMÍÌÍÌÍNMŒŒKŒÌÍŒÍLLÍÍMŒÎÌÍÍMÌNŒMMLKKŒÌLÍŒŒÍMŒMÍKLMÂ™]™[ÜY[ËŒKØWÜ˜[š×ÛX]ÚYŒLŒNLMŒLLŒMÌN‹ŒŒŒŒŒMMMÌŒMNNÍÌNMÍMMKŒMÍÎÍŒŒMÎNÍŒÍÍÍLŒŒËKLÌÍLÍLÍÍÌÍKLM‚™]™[ÜY[ËŒK˜[™ÛWÜ˜[š×ÛX]ÚYŒLŒNLMÎMMNMŒMÍMŒMÍÌÍÎNMLÎMLMLÌÍLŒËŒÎNÍMÍLLÍÌNMMŒMŒŒÍÎMLÍ‹ŒMŒÌÌÍŒÍŒÍÌÍÙKLM‚™]™[ÜY[ËŒK˜]×Üİ™ŒLŒNLMŒMLÍÎŒŒŒŒŒMNLÎÎKNNÍÌNÌŒŒMÍLLLNMML‹ŒMÎNÎMLŒŒŒ‹‹ÍÍMMMÍMŒMMŒLMKLM‚™]™[ÜY[ËŒK[Üİ]WÛÜ˜XÛKŒLŒKŒŒKŒŒŒ‹ŒMMÌLMÌŒMYKLM‚™]™[ÜY[ËKKÛÜœ™[Û‹ŒLŒMÌŒNÎLLÎMKŒMMŒLNNLLLÌËNMNÍNÌMŒMÎMLMLMNMMM‹ŒÍMÌÌÌLMÌÎË‹ÍÍMMMÍMŒMMŒLMKLM‚™]™[ÜY[ËKKØØWÙ\]Z]˜[[ŒLŒMÌŒNÎLLÎMKŒMMŒLNNLLLÌËNMNÍNÌMŒMÎMLMLMNMMM‹ŒÍMÌÌÌLMÌÎË‹ÍÍMMMÍMŒMMŒLMKLM‚™]™[ÜY[ËKK›ØÚ×ÙXYÛÛ˜[ŒLŒMÍÍÎŒLLÌMLÎŒLLÍŒÍMÎLLKNLÍÎLŒLÎLËŒMMÌLMMÍ‹ŒÌÍLŒÌLÎÌK‹ŒŒŒŒLLÌLÙKLM‚™]™[ÜY[ËKKØWÜ˜[š×ÛX]ÚYŒLŒKŒÌMMNNLÎNL‹ŒŒÌMÎMÎMŒLLÍÌMKMÍÎNLÌNMÌMÍŒLÍLMÍNNLMML‹ŒLÌNÌMMMÍMÎMKKŒLLŒŒÌŒLMMYKLM‚™]™[ÜY[ËKK˜[™ÛWÜ˜[š×ÛX]ÚYŒLŒMÌLNÍŒLMËŒLNMMNLÌÎNLÌMÌNMLËŒNŒÌMMŒŒ‹ŒÍNLÍŒÍŒÎMÍËKMLLLMLLŒÌLMÎÙKLM‚™]™[ÜY[ËKK˜]×Üİ™ŒLŒMÌNMLÌLÌÌNM‹ŒMŒŒLÎŒ‹NMNNNMNLËŒMLÎLÎNM‹ŒMMNLÌKKŒMÎMŒLNMŒÍŒKLM‚™]™[ÜY[ËKK[Üİ]WÛÜ˜XÛKŒLŒKŒŒKŒŒŒËMMLNMLÍŒMKLM‚™]™[ÜY[ËK‹ÛÜœ™[Û‹ŒLŒMMLÍMMNÌL‹ŒNMLÌLLÍÌNNMÍÌMLŒLMÍ‹ŒNLMÍMÎMŒŒ‹ŒÌMNLŒÌŒMML‹ÍMNMŒMŒ™KLM‚™]™[ÜY[ËK‹ØØWÙ\]Z]˜[[ŒLŒMMLÍMMNÌL‹ŒNMLÌLLÍÌNNMÍÌMLŒLMÍ‹ŒNLMÍMÎMŒŒ‹ŒÌMNLŒÌŒMML‹ÍMNMŒMŒ™KLM‚™]™[ÜY[ËK‹›ØÚ×ÙXYÛÛ˜[ŒLŒMÍÍÎŒLLÌMLÎŒLLÍŒÍMÎLLKNLÍÎLŒLÎLËŒMMÌLMMÍ‹ŒÌÍLŒÌLÎÌK‹ŒŒŒŒLLÌLÙKLM‚™]™[ÜY[ËK‹ØWÜ˜[š×ÛX]ÚYŒLŒKŒLLMMŒŒMÎMMLŒŒ‹MÎLÌÎÍNLNLLËŒLMŒÎMÍMÍLÌM‹ŒMLNLLŒÎLLLKÌNÎMMLMYKLM‚™]™[ÜY[ËK‹˜[™ÛWÜ˜[š×ÛX]ÚYŒLŒMMMÍMMŒMÍÌËŒMNŒÍŒŒÍNLLÌÍŒÍÍMÍŒŒMMNÌÍLNÌËŒÌÌŒÎMLÎMM‹KÍMMÌLÌLÎÙKLM‚™]™[ÜY[ËK‹˜]×Üİ™ŒLŒMLMNLÍÌŒMMÍ‹ŒNNÌNMMÌÌLNËNMÍLMÎLÌKŒÌNMLÌMNLNKŒÌÍÌÍNNŒÍM‹‹ÍÍMMMÍMŒMMŒLMKLM‚™]™[ÜY[ËK‹[Üİ]WÛÜ˜XÛKŒLŒKŒŒKŒŒŒËMMLNMLÍŒMKLM‚™]™[ÜY[ËKÛÜœ™[Û‹ŒLŒMLÌNLÍM‹ŒŒNMÎŒMNNÍÍŒŒLÎMËŒLÌÌŒMŒNL‹ŒŒMÌÌŒŒŒÌMÌŒŒNLLŒÍ™KLM‚™]™[ÜY[ËKØØWÙ\]Z]˜[[ŒLŒMLÌNLÍM‹ŒŒNMÎŒMNNÍÍŒŒLÎMËŒLÌÌŒMŒNL‹ŒŒMÌÌŒŒŒÌMÌŒŒNLLŒÍ™KLM‚™]™[ÜY[ËK›ØÚ×ÙXYÛÛ˜[ŒLŒMÍÍÎŒLLÌMLÎŒLLÍŒÍMÎLLKNLÍÎLŒLÎLËŒMMÌLMMÍ‹ŒÌÍLŒÌLÎÌK‹ŒŒŒŒLLÌLÙKLM‚™]™[ÜY[ËKØWÜ˜[š×ÛX]ÚYŒLŒMLÌLNMLÎL‹ŒŒNMÍÌLMŒKNNÍÍŒŒLÌÌNLŒLÌÌŒÌMLËŒŒMÌÌŒLMÌÎNLK‹ÍÍMMMÍMŒMMŒLMKLM‚™]™[ÜY[ËK˜[™ÛWÜ˜[š×ÛX]ÚYŒLŒMLÌÍŒÍMÎL‹ŒNÍÌLMMŒLÍNLÌÌÎMÌÌŒŒÎNŒMŒÌÌMMÍNLMMÌ‹ŒÎMŒNMMLLÌÌMKLŒNLŒ™KLM‚™]™[ÜY[ËK˜]×Üİ™ŒLŒMLÌNLÍNŒŒNMÎŒMNNÍÍŒŒLÎMËŒLÌÌŒMŒLŒ‹ŒŒMÌÌŒŒŒÌMNMMËKŒÎÍÍÎÎÎMMÙKLM‚™]™[ÜY[ËK[Üİ]WÛÜ˜XÛKŒLŒKŒŒKŒŒŒËMMLNMLÍŒMKLM‚™]™[ÜY[ËKŒKÛÜœ™[Û‹ŒLŒKŒNNMŒLL‹ŒNNÍŒÌKNÍÌÍŒNMÍŒÎM‹ŒÎÌÌMŒÎMMËŒÎMMÍMÍÌÍÍÌ‹LŒNLŒ™KLM‚™]™[ÜY[ËKŒKØØWÙ\]Z]˜[[ŒLŒKŒNNMŒLL‹ŒNNÍŒÌKNÍÌÍŒNMÍŒÎM‹ŒÎÌÌMŒÎMMËŒÎMMÍMÍÌÍÍÌ‹LŒNLŒ™KLM‚™]™[ÜY[ËKŒK›ØÚ×ÙXYÛÛ˜[ŒLŒKŒÎMLNLÍMNKŒŒLŒÍÍLÍLÌËMÍÎNLÌÍLÍÌNKŒLLMNÌLÎNMMLËŒMÍLNMŒMMKŒLLŒŒÌŒLMMYKLM‚™]™[ÜY[ËKŒKØWÜ˜[š×ÛX]ÚYŒLŒKŒLLŒMNLÍMÌ‹ŒŒMMMÍMÎMÍNNNMMLËŒMLÌŒMŒŒÌÌLLLŒLNŒMMNÌ‹ËŒÌÌLÌÎÍMM™KLM‚™]™[ÜY[ËKŒK˜[™ÛWÜ˜[š×ÛX]ÚYŒLŒNMMŒÍLLÌÌKŒŒŒMLŒŒÍKMLMÌÍËŒLMMNMŒÍÌNNLNKŒŒMNLÍÍÎŒÌŒM‹KŒLLŒŒÌŒLMMYKLM‚™]™[ÜY[ËKŒK˜]×Üİ™ŒLŒKŒŒŒÍMÍNLÎNKŒNLŒNŒŒÎ‹NÎMÎÌKŒÍÍÎNŒNMÍNKŒÍMNMŒÍLŒÍÎKMLLÌMKLM‚™]™[ÜY[ËKŒK[Üİ]WÛÜ˜XÛKŒLŒKŒŒKŒŒŒ‹ÍÍMMMÍMŒMMŒLMKLM‚™]™[ÜY[ËKŒ‹ÛÜœ™[Û‹ŒLŒKŒMNMÍÍMÎNM‹ŒMLŒŒÎNŒÍÎLËNLŒMMÌŒLÍŒÍÍŒŒNÌLÎLÌMÍÎKŒNLNŒLÍÌN‹ŒŒŒŒLLÌLÙKLM‚™]™[ÜY[ËKŒ‹ØØWÙ\]Z]˜[[ŒLŒKŒMNMÍÍMÎNM‹ŒMLŒŒÎNŒÍÎLËNLŒMMÌŒLÍŒÍÍŒŒNÌLÎLÌMÍÎKŒNLNŒLÍÌN‹ŒŒŒŒLLÌLÙKLM‚™]™[ÜY[ËKŒ‹›ØÚ×ÙXYÛÛ˜[ŒLŒKŒÎMLNLÍMNKŒŒLŒÍÍLÍLÌËMÍÎNLÌÍLÍÌNKŒLLMNÌLÎNMMLËŒMÍLNMŒMMKŒLLŒŒÌŒLMMYKLM‚™]™[ÜY[ËKŒ‹ØWÜ˜[š×ÛX]ÚYŒLŒKŒNLÍNMMÍLKŒŒŒÍLŒŒÍLŒŒLMÌÌÍLLÌÌLLL‹ŒLMMÌLŒÍMÎÎM‹ŒLÌLÍMŒÎMÌŒŒËMÎNŒNKLM‚™]™[ÜY[ËKŒ‹˜[™ÛWÜ˜[š×ÛX]ÚYŒLŒMÍMLÍÌMLÌŒÍÎKŒŒÌNÎMLMNËMLÍNNLŒLËŒMLŒÍMMŒNËŒÎMÍMŒÎLÎLMÎKKMLLÌMKLM‚™]™[ÜY[ËKŒ‹˜]×Üİ™ŒLŒKŒMÍLÌMÎMŒMLŒÌÌÌŒÍNLŒNNMLLÎLMŒŒŒŒMMMNLÌŒ‹ŒŒÍMMNLÎMÌŒÍËMÎNŒNKLM‚™]™[ÜY[ËKŒ‹[Üİ]WÛÜ˜XÛKŒLŒKŒŒKŒŒŒ‹ÍÍMMMÍMŒMMŒLMKLM‚™]™[ÜY[ËKŒÛÜœ™[Û‹ŒLŒKŒÎŒMÍŒÍÌNMÌÎÍKNMÍÎÍŒŒMŒÍËŒÌÌMLMLMMÍKŒÎNNÌÌMMNLMÌÎ‹ÍÍMMMÍMŒMMŒLMKLM‚™]™[ÜY[ËKŒØØWÙ\]Z]˜[[ŒLŒKŒÎŒMÍŒÍÌNMÌÎÍKNMÍÎÍŒŒMŒÍËŒÌÌMLMLMMÍKŒÎNNÌÌMMNLMÌÎ‹ÍÍMMMÍMŒMMŒLMKLM‚™]™[ÜY[ËKŒ›ØÚ×ÙXYÛÛ˜[ŒLŒKŒÎMLNLÍMNKŒŒLŒÍÍLÍLÌËMÍÎNLÌÍLÍÌNKŒLLMNÌLÎNMMLËŒMÍLNMŒMMKŒLLŒŒÌŒLMMYKLM‚™]™[ÜY[ËKŒØWÜ˜[š×ÛX]ÚYŒLŒKŒÎŒÍÍÎKŒÍÌNMÌMLLKNMÍÎÍŒŒMŒLŒÌÌMNMÌÍNŒÎNNÌÍNNÍÍLÍKËŒÌÌLÌÎÍMM™KLM‚™]™[ÜY[ËKŒ˜[™ÛWÜ˜[š×ÛX]ÚYŒLŒMÍÎLÍÎMÍŒLÌÌ‹ŒŒÍLŒMMŒŒÌÌÌNMÍMMÍLŒŒÍMÍKŒLLLMÍNŒÌŒÍKŒÍŒMÍMÌŒLÍËKŒÌÍMNLÍMMMKLM‚™]™[ÜY[ËKŒ˜]×Üİ™ŒLŒKŒÎŒMÍLKŒÍÌNMÌÎÍLËNMÍÎÍŒŒMŒÍËŒÌÌMLMLMMÍKŒÎNNÌÌMMNLMŒLËËMÎNŒNKLM‚™]™[ÜY[ËKŒ[Üİ]WÛÜ˜XÛKŒLŒKŒŒKŒŒŒ‹ÍÍMMMÍMŒMMŒLMKLM‚™]™[ÜY[ËKŒKKÛÜœ™[Û‹ŒLŒNÍMLMÍLŒMMÎLŒŒNLŒM‹NMÌÌMMLMKŒÎÍÌLÍŒNLLMŒŒÌŒNMÍÎËŒÌÌLÌÎÍMM™KLM‚™]™[ÜY[ËKŒKKØØWÙ\]Z]˜[[ŒLŒNÍMLMÍLŒMMÎLŒŒNLŒM‹NMÌÌMMLMKŒÎÍÌLÍŒNLLMŒŒÌŒNMÍÎËŒÌÌLÌÎÍMM™KLM‚™]™[ÜY[ËKŒKK›ØÚ×ÙXYÛÛ˜[ŒLŒNMMÌÌÌŒŒ‹ŒÍLÍLMMLŒËNMÍMŒNÍÌÍKŒÍMMÎLÎÌLËŒŒŒÌMMÍÍNLM‹‹ŒŒŒŒLLÌLÙKLM‚™]™[ÜY[ËKŒKKØWÜ˜[š×ÛX]ÚYŒLŒKŒÍNLÌÍMÍLËŒŒÎLMÍÌÎÎMÌL‹MÍÍÎMÌŒÍÌŒŒKŒLLÍÌLÎÍMKŒLMÌLÌMŒŒLÌMKËŒÌÌLÌÎÍMM™KLM‚™]™[ÜY[ËKŒKK˜[™ÛWÜ˜[š×ÛX]ÚYŒLŒNMÌMMÍLÍŒKŒŒMLNLÍNNMÍMÌÌMNŒŒLMLŒÎMÌKŒŒLÍŒÎLMŒNKËŒÌÌLÌÎÍMM™KLM‚™]™[ÜY[ËKŒKK˜]×Üİ™ŒLŒNÍNMÍMÌNLÎ‹ŒMÍLLŒMÍKNMÌMÎMNKŒÎÍMMÍLÍKŒŒLLÌŒLŒÍLÌLË‹ŒŒŒŒLLÌLÙKLM‚™]™[ÜY[ËKŒKK[Üİ]WÛÜ˜XÛKŒLŒKŒŒKŒŒŒLŒNLŒ™KLM‚™]™[ÜY[ËKŒK‹ÛÜœ™[Û‹ŒLŒNLÌÌNLÌÍLL‹ŒÍMMLŒLLLÌKNMÎNMÎL‹ŒÎNMMÌLÍMMMÍŒNMÍÍÍLŒLÌÍÍË‹ÍÍMMMÍMŒMMŒLMKLM‚™]™[ÜY[ËKŒK‹ØØWÙ\]Z]˜[[ŒLŒNLÌÌNLÌÍLL‹ŒÍMMLŒLLLÌKNMÎNMÎL‹ŒÎNMMÌLÍMMMÍŒNMÍÍÍLŒLÌÍÍË‹ÍÍMMMÍMŒMMŒLMKLM‚™]™[ÜY[ËKŒK‹›ØÚ×ÙXYÛÛ˜[ŒLŒNMMÌÌÌŒŒ‹ŒÍLÍLMMLŒËNMÍMŒNÍÌÍKŒÍMMÎLÎÌLËŒŒŒÌMMÍÍNLM‹‹ŒŒŒŒLLÌLÙKLM‚™]™[ÜY[ËKŒK‹ØWÜ˜[š×ÛX]ÚYŒLŒKŒÍLML‹ŒŒMÍLŒNLMÍ‹MÍLMNMNŒÌËŒLLLŒÌMÍÌŒÍÌÌMKŒLŒMÌŒNÌÍMŒMÌMËLŒNLŒ™KLM‚™]™[ÜY[ËKŒK‹˜[™ÛWÜ˜[š×ÛX]ÚYŒLŒNMÌLŒMÍMŒÍŒL‹ŒÌÎNLMNMŒÎÌÍMŒLMLLMŒŒNŒNMLLMŒÌËËŒÌÌLÌÎÍMM™KLM‚™]™[ÜY[ËKŒK‹˜]×Üİ™ŒLŒNÌŒMÍLÍÍLKŒÎNÍÍMÍMLËNMMNMŒÎMLŒÍŒŒŒLNLMLL‹ËŒÌÌLÌÎÍMM™KLM‚™]™[ÜY[ËKŒK‹[Üİ]WÛÜ˜XÛKŒLŒKŒŒKŒŒŒLŒNLŒ™KLM‚™]™[ÜY[ËKŒKÛÜœ™[Û‹ŒLŒNLÌÌÍMLÌN‹ŒÌLÍNLMMËNMŒŒMNÌLÌKŒLLÎLŒLÎKŒŒNMŒNNŒŒLÎLËËŒLÌLLÌÌMÍÌNLNYKLM‚™]™[ÜY[ËKŒKØØWÙ\]Z]˜[[ŒLŒNLÌÌÍMLÌN‹ŒÌLÍNLMMËNMŒŒMNÌLÌKŒLLÎLŒLÎKŒŒNMŒNNŒŒLÎLËËŒLÌLLÌÌMÍÌNLNYKLM‚™]™[ÜY[ËKŒK›ØÚ×ÙXYÛÛ˜[ŒLŒNMMÌÌÌŒŒ‹ŒÍLÍLMMLŒËNMÍMŒNÍÌÍKŒÍMMÎLÎÌLËŒŒŒÌMMÍÍNLM‹‹ŒŒŒŒLLÌLÙKLM‚™]™[ÜY[ËKŒKØWÜ˜[š×ÛX]ÚYŒLŒKŒÎLÍÍLL‹ŒMMLLŒËMŒLLÌÌÌÎÌÍËŒLÌMÎMN‹ŒMÌÍLŒÌŒMMÌMLË‹ŒŒŒŒLLÌLÙKLM‚™]™[ÜY[ËKŒK˜[™ÛWÜ˜[š×ÛX]ÚYŒLŒNNLÌÌMŒLŒNNNMÌËNMŒLÌMNNLÌÍKŒŒÌŒMLMMŒŒŒŒLLÍÍKMLLLMLLŒÌLMÎÙKLM‚™]™[ÜY[ËKŒK˜]×Üİ™ŒLŒNLÎLÌLŒÍNMMLKŒÎMLÍÍMLÍÍMËNMŒŒMÍÍÍÌÍKŒLMLNLÎKŒŒŒMÍNMNL‹NMŒÍŒLLÌŒKLM‚™]™[ÜY[ËKŒK[Üİ]WÛÜ˜XÛKŒLŒKŒŒKŒŒŒLŒNLŒ™KLM‚™]™[ÜY[ËKŒKKÛÜœ™[Û‹ŒLŒNŒLÌÍŒÌNLÍÌÌMŒÌËNMÍÌÍŒÎÎŒÍMMŒLMMŒŒŒŒÍ‹ŒLÎLNMLŒMMLÎMLÍMËËŒÌÌLÌÎÍMM™KLM‚™]™[ÜY[ËKŒKKØØWÙ\]Z]˜[[ŒLŒNŒLÌÍŒÌNLÍÌÌMŒÌËNMÍÌÍŒÎÎŒÍMMŒLMMŒŒŒŒÍ‹ŒLÎLNMLŒMMLÎMLÍMËËŒÌÌLÌÎÍMM™KLM‚™]™[ÜY[ËKŒKK›ØÚ×ÙXYÛÛ˜[ŒLŒNLÍMÍLMMKŒLÌMŒÌÍÌMÌLKNNÍNÍÍŒMMÎŒÌLMÍÌÍLÌMÍŒMŒMÌNNÎMËKNÌLÍŒLNLMŒYKLM‚™]™[ÜY[ËKŒKKØWÜ˜[š×ÛX]ÚYŒLŒKŒÎÍÌŒMÌÍMŒŒŒLÎNMŒMÌMLÍÌMKMÎÍNLÌLŒMNÌ‹ŒLŒMMMÌÍNLLKŒLNMÍŒLÌMÌLMŒËËŒŒÌÌMÍNYKLM‚™]™[ÜY[ËKŒKK˜[™ÛWÜ˜[š×ÛX]ÚYŒLŒNÍMÍÎMÎN‹ŒMMŒÌŒNLŒNMMÍMÌÎMLÎKŒÎLÍÎŒMNNKŒMMŒÍMŒMMÌMMÌM‹ËŒÌÌLÌÎÍMM™KLM‚™]™[ÜY[ËKŒKK˜]×Üİ™ŒLŒNMŒNNLŒÍŒÌÍÍËŒÌÌNÎMMÍMLËNMÍŒMLÎLÍMÌÍKŒÍŒLNLLLÍŒÍŒLÍMMMMLMÍŒË‹ŒLŒŒŒÍMÎÍŒYKLM‚™]™[ÜY[ËKŒKK[Üİ]WÛÜ˜XÛKŒLŒKŒŒKŒŒŒKŒLLŒŒÌŒLMMYKLM‚™]™[ÜY[ËKŒK‹ÛÜœ™[Û‹ŒLŒNMNNŒÍMÌNŒÍMŒŒMLŒNMÌŒNNÍÎËŒÎÌMLMÎŒMŒLMÍLÌŒMÎLMÍ‹ÍÍMMMÍMŒMMŒLMKLM‚™]™[ÜY[ËKŒK‹ØØWÙ\]Z]˜[[ŒLŒNMNNŒÍMÌNŒÍMŒŒMLŒNMÌŒNNÍÎËŒÎÌMLMÎŒMŒLMÍLÌŒMÎLMÍ‹ÍÍMMMÍMŒMMŒLMKLM‚™]™[ÜY[ËKŒK‹›ØÚ×ÙXYÛÛ˜[ŒLŒNLÍMÍLMMKŒLÌMŒÌÍÌMÌLKNNÍNÍÍŒMMÎŒÌLMÍÌÍLÌMÍŒMŒMÌNNÎMËKNÌLÍŒLNLMŒYKLM‚™]™[ÜY[ËKŒK‹ØWÜ˜[š×ÛX]ÚYŒLŒKŒÍÍÌLLLŒŒÍËŒŒLMMŒÌLMÎLKMÍNMNLÍŒMKŒLLŒLÎMLMN‹ŒLŒMŒMŒÍML‹LMŒNLKLM‚™]™[ÜY[ËKŒK‹˜[™ÛWÜ˜[š×ÛX]ÚYŒLŒNŒÎNLNMMÍŒÍÍŒNMLÎMËNMLMÍLMÌÌKŒMMÌŒM‹ŒMÌŒLLMÎLÌN‹ŒMŒÌÌÍŒÍŒÍÌÍÙKLM‚™]™[ÜY[ËKŒK‹˜]×Üİ™ŒLŒNŒŒÍLŒÌ‹ŒÍLNÌÌÍLÎ‹NMÌLNMLŒŒNNMÌ‹ŒÍÌÍŒMŒÎKŒMŒÍŒLÍNLMLLÍŒŒÍK‹ÍÍMMMÍMŒMMŒLMKLM‚™]™[ÜY[ËKŒK‹[Üİ]WÛÜ˜XÛKŒLŒKŒŒKŒŒŒKŒLLŒŒÌŒLMMYKLM‚™]™[ÜY[ËKŒKÛÜœ™[Û‹ŒLŒNÎMÎMNÌŒÌNLÍMLLŒÎKNMŒÌMÍŒÍLËŒÌMÌMLMLËŒNLÍÎMÎLNMŒËËMÎNŒNKLM‚™]™[ÜY[ËKŒKØØWÙ\]Z]˜[[ŒLŒNÎMÎMNÌŒÌNLÍMLLŒÎKNMŒÌMÍŒÍLËŒÌMÌMLMLËŒNLÍÎMÎLNMŒËËMÎNŒNKLM‚™]™[ÜY[ËKŒK›ØÚ×ÙXYÛÛ˜[ŒLŒNLÍMÍLMMKŒLÌMŒÌÍÌMÌLKNNÍNÍÍŒMMÎŒÌLMÍÌÍLÌMÍŒMŒMÌNNÎMËKNÌLÍŒLNLMŒYKLM‚™]™[ÜY[ËKŒKØWÜ˜[š×ÛX]ÚYŒLŒKŒÍÎŒMÍLMLNŒNMÍŒÌÌÌÌÍMËMŒÎÍÍNLMM‹ŒLÍÍÍNMNÍL‹ŒNŒÍÌŒÌÍLÌÍËŒŒÌÌMÍNYKLM‚™]™[ÜY[ËKŒK˜[™ÛWÜ˜[š×ÛX]ÚYŒLŒMÎMNLŒÎÍÌÌ‹ŒLMLŒLÍMŒNLLKNMNNNLÌLÎNÌKŒMÌMLMŒŒÍMMÎKŒNLÌŒŒÌKËŒNLNLLNMMÎMÌÌYKLM‚™]™[ÜY[ËKŒK˜]×Üİ™ŒLŒNŒÍÌLÎNMLŒM‹ŒLÎÍMŒLMKNMŒŒÌMMLKŒÌMÌMMMNÍ‹ŒNÌÌŒLŒM‹ŒŒŒŒLLÌLÙKLM‚™]™[ÜY[ËKŒK[Üİ]WÛÜ˜XÛKŒLŒKŒŒKŒŒŒKŒLLŒŒÌŒLMMYKLM‚™]™[ÜY[ËKKKÛÜœ™[Û‹ŒLŒNÌŒÌNNLÌËŒÎÍÍMLLLÎMËNMNLŒLNMÍËŒÎMŒMLÌÎLLML‹ŒNÍÌŒÌMKËŒÌÌLÌÎÍMM™KLM‚™]™[ÜY[ËKKKØØWÙ\]Z]˜[[ŒLŒNÌŒÌNNLÌËŒÎÍÍMLLLÎMËNMNLŒLNMÍËŒÎMŒMLÌÎLLML‹ŒNÍÌŒÌMKËŒÌÌLÌÎÍMM™KLM‚™]™[ÜY[ËKKK›ØÚ×ÙXYÛÛ˜[ŒLŒNMLMÎNMÍMLÍÌÍKŒÍÎLÌŒÍMÍŒŒŒ‹NMÌNÌÌÌŒKŒÎNŒŒNŒNLMÎMŒMÍÍMMMÎK‹ŒŒŒŒLLÌLÙKLM‚™]™[ÜY[ËKKKØWÜ˜[š×ÛX]ÚYŒLŒKŒLŒLÎMNKŒŒŒÌÌNNLÌÌKMÍÌŒŒÎLÌMÌMMKŒLÌMÌÌËŒMLÌLMÍÌÌÌKËŒÌÌLÌÎÍMM™KLM‚™]™[ÜY[ËKKK˜[™ÛWÜ˜[š×ÛX]ÚYŒLŒNÍÌŒLŒMNLŒËŒLMÍÎLÎÌËNMÌLÎLÎLMÌÌËŒLÌÌŒLMLMLŒMMÍNMÍÌŒÍŒ‹ËMÎNŒNKLM‚™]™[ÜY[ËKKK˜]×Üİ™ŒLŒNŒŒÌÍŒÎMÎMÌLMMLLNKNMÎLLMMMÌL‹ŒLLNLŒÍMÍMÌKŒNMÌLMNNŒÌË‹ŒLŒŒŒÍMÎÍŒYKLM‚™]™[ÜY[ËKKK[Üİ]WÛÜ˜XÛKŒLŒKŒŒKŒŒŒËŒLÌLLÌÌMÍÌNLNYKLM‚™]™[ÜY[ËKK‹ÛÜœ™[Û‹ŒLŒNMÎNNNMÍM‹ŒÌMÎ‹NMŒÌÌÌÍMMÌKŒŒÎLÎÌÍÎŒŒLMMŒÎLLLNNKNMŒÍŒLLÌŒKLM‚™]™[ÜY[ËKK‹ØØWÙ\]Z]˜[[ŒLŒNMÎNNNMÍM‹ŒÌMÎ‹NMŒÌÌÌÍMMÌKŒŒÎLÎÌÍÎŒŒLMMŒÎLLLNNKNMŒÍŒLLÌŒKLM‚™]™[ÜY[ËKK‹›ØÚ×ÙXYÛÛ˜[ŒLŒNMLMÎNMÍMLÍÌÍKŒÍÎLÌŒÍMÍŒŒŒ‹NMÌNÌÌÌŒKŒÎNŒŒNŒNLMÎMŒMÍÍMMMÎK‹ŒŒŒŒLLÌLÙKLM‚™]™[ÜY[ËKK‹ØWÜ˜[š×ÛX]ÚYŒLŒKŒÌÌLMŒÎLÍÎMKŒŒMLLLÍLMLÍÌ‹MÌMMLŒŒNLMLM‹ŒLNLÍÍLMLËŒMÎNŒNLŒK‹ŒLŒŒŒÍMÎÍŒYKLM‚™]™[ÜY[ËKK‹˜[™ÛWÜ˜[š×ÛX]ÚYŒLŒNŒŒLLÌÌÌŒÎŒLNMŒÎŒMÎLMLŒËNLÎNMÌ‹ŒMLÎMÎMŒÍKŒLŒLÌÍ‹ŒŒŒŒLLÌLÙKLM‚™]™[ÜY[ËKK‹˜]×Üİ™ŒLŒNMNLÎÍNŒËŒÍÍMLÌÎMÌ‹NMŒLMLNNM‹ŒÌLÌNM‹ŒŒLÌNÍÍMNÍÍLŒNLŒ™KLM‚™]™[ÜY[ËKK‹[Üİ]WÛÜ˜XÛKŒLŒKŒŒKŒŒŒËŒLÌLLÌÌMÍÌNLNYKLM‚™]™[ÜY[ËKKÛÜœ™[Û‹ŒLŒNÍNMMNLLKŒLŒÍLÍLNMŒÌLLËNMNNMÍNLËŒMMÎMLNNËŒŒÌÍLÍNM‹ËŒÌÌLÌÎÍMM™KLM‚™]™[ÜY[ËKKØØWÙ\]Z]˜[[ŒLŒNÍNMMNLLKŒLŒÍLÍLNMŒÌLLËNMNNMÍNLËŒMMÎMLNNËŒŒÌÍLÍNM‹ËŒÌÌLÌÎÍMM™KLM‚™]™[ÜY[ËKK›ØÚ×ÙXYÛÛ˜[ŒLŒNMLMÎNMÍMLÍÌÍKŒÍÎLÌŒÍMÍŒŒŒ‹NMÌNÌÌÌŒKŒÎNŒŒNŒNLMÎMŒMÍÍMMMÎK‹ŒŒŒŒLLÌLÙKLM‚™]™[ÜY[ËKKØWÜ˜[š×ÛX]ÚYŒLŒKŒÍŒMÎLÌŒNLËŒNÌNÍNMLKMŒÍMNMNMÌŒMÌËŒLÍNMMMÍKŒNMÍÍÍLŒŒLÎÌ‹‹ŒŒŒŒLLÌLÙKLM‚™]™[ÜY[ËKK˜[™ÛWÜ˜[š×ÛX]ÚYŒLŒNÎMMÍMÍMLŒŒÌËŒLÍÍŒLNŒŒLKNMÌÌMÎMNKŒLNNÍÎMÌÌÎŒMÌLŒLNMÎŒÍËËŒÌÌLÌÎÍMM™KLM‚™]™[ÜY[ËKK˜]×Üİ™ŒLŒNÍŒMÌÍÍL‹ŒLLMÍÌMÍÌÌLÍÍËNMNLÌÍÍÍËŒMMÍÎMLÌLÌMMÌ‹ŒÍLMLÍÌÍ‹ŒLÌÎMÍÍLLÎYKLM‚™]™[ÜY[ËKK[Üİ]WÛÜ˜XÛKŒLŒKŒŒKŒŒŒËŒLÌLLÌÌMÍÌNLNYKLM‚™]™[ÜY[ËKKŒKÛÜœ™[Û‹ŒLŒNMLÍLÌLŒNMKŒÎMÍÍÌMNMÎLÌŒÌŒ‹ŒÌŒÍÍÍŒŒÍÌÎMM‹ŒMLMÌLMLL‹LŒNLŒ™KLM‚™]™[ÜY[ËKKŒKØØWÙ\]Z]˜[[ŒLŒNMLÍLÌLŒNMKŒÎMÍÍÌMNMÎLÌŒÌŒ‹ŒÌŒÍÍÍŒŒÍÌÎMM‹ŒMLMÌLMLL‹LŒNLŒ™KLM‚™]™[ÜY[ËKKŒK›ØÚ×ÙXYÛÛ˜[ŒLŒKŒÍŒÌLËŒLLLNLÍÌÌLËNMŒÌÌLÍLŒNÍKŒLÍNMÎLÌLŒŒNLMNMMLÍŒËËŒLŒÌÌÎMŒÎMÍKLM‚™]™[ÜY[ËKKŒKØWÜ˜[š×ÛX]ÚYŒLŒKŒMMŒÎLÌLMŒŒMÍÌÌŒNLMÎMÍNŒLŒMNÌÎŒLNŒÌÍÎMŒLŒMÍMÌÎLMÌËËMÎNŒNKLM‚™]™[ÜY[ËKKŒK˜[™ÛWÜ˜[š×ÛX]ÚYŒLŒNLÍÎLÍLÎLËŒMMMMNNKNMMŒŒÍÍLLËŒÌŒMŒÎNMNLM‹ŒŒÌLÌNÎÍÍÎLMLËËMÎNŒNKLM‚™]™[ÜY[ËKKŒK˜]×Üİ™ŒLŒNMLÎNLÌŒŒMLÌKŒÍMNNŒŒLLËNMÎLŒÌMMMŒÌŒNMNNLÍËŒMMÌÎMNNLÎ‹ÍÍMMMÍMŒMMŒLMKLM‚™]™[ÜY[ËKKŒK[Üİ]WÛÜ˜XÛKŒLŒKŒŒKŒŒŒËŒÌÌLÌÎÍMM™KLM‚™]™[ÜY[ËKKŒ‹ÛÜœ™[Û‹ŒLŒNLLNMÌŒLLÌLŒM‹ŒÍŒÌŒÍÌ‹NMÌÎMÍLÎMŒËŒÍŒMLMMMŒNŒLŒÌMMÌŒMËŒÌÌLÌÎÍMM™KLM‚™]™[ÜY[ËKKŒ‹ØØWÙ\]Z]˜[[ŒLŒNLLNMÌŒLLÌLŒM‹ŒÍŒÌŒÍÌ‹NMÌÎMÍLÎMŒËŒÍŒMLMMMŒNŒLŒÌMMÌŒMËŒÌÌLÌÎÍMM™KLM‚™]™[ÜY[ËKKŒ‹›ØÚ×ÙXYÛÛ˜[ŒLŒKŒÍŒÌLËŒLLLNLÍÌÌLËNMŒÌÌLÍLŒNÍKŒLÍNMÎLÌLŒŒNLMNMMLÍŒËËŒLŒÌÌÎMŒÎMÍKLM‚™]™[ÜY[ËKKŒ‹ØWÜ˜[š×ÛX]ÚYŒLŒKŒLMMLM‹ŒŒMÌÌÍÌÌËMÌÌÌÎMNLÍMÌMŒLMMNMŒÌM‹ŒLMMŒNNLÍÍKËŒNLNLLNMMÎMÌÌYKLM‚™]™[ÜY[ËKKŒ‹˜[™ÛWÜ˜[š×ÛX]ÚYŒLŒNLÍMLNLNLNKŒMMŒŒMÎÌŒML‹NLÍÎMNNKŒÍŒŒNNLÎŒŒÎŒÍÍÌLÌ‹ŒŒŒŒLLÌLÙKLM‚™]™[ÜY[ËKKŒ‹˜]×Üİ™ŒLŒNLÌŒÌMÎMMM‹ŒÍLNŒÌLLMŒKNMÍNMLŒÍMMKŒÍMÌÍÍMÍŒLÌMÍËŒLÎMÍŒÌKËMÎNŒNKLM‚™]™[ÜY[ËKKŒ‹[Üİ]WÛÜ˜XÛKŒLŒKŒŒKŒŒŒËŒÌÌLÌÎÍMM™KLM‚™]™[ÜY[ËKKŒÛÜœ™[Û‹ŒLŒNLLLMMLŒÍLÍŒ‹ŒŒŒŒNLLLMKNMNMLMMÌ‹ŒÎÍLLÌÎLÌLKŒMÌLMÍŒÍÍÎMLNŒKNMŒÍŒLLÌŒKLM‚™]™[ÜY[ËKKŒØØWÙ\]Z]˜[[ŒLŒNLLLMMLŒÍLÍŒ‹ŒŒŒŒNLLLMKNMNMLMMÌ‹ŒÎÍLLÌÎLÌLKŒMÌLMÍŒÍÍÎMLNŒKNMŒÍŒLLÌŒKLM‚™]™[ÜY[ËKKŒ›ØÚ×ÙXYÛÛ˜[ŒLŒKŒÍŒÌLËŒLLLNLÍÌÌLËNMŒÌÌLÍLŒNÍKŒLÍNMÎLÌLŒŒNLMNMMLÍŒËËŒLŒÌÌÎMŒÎMÍKLM‚™]™[ÜY[ËKKŒØWÜ˜[š×ÛX]ÚYŒLŒKŒMMÎŒÍÌÎLÍKŒLMMÎÍŒM‹MLÌNLŒMÍLMMKŒLÌŒLÌÍÌMÍNL‹ŒMMÌLLÍŒŒNÌËËŒÌÌLÌÎÍMM™KLM‚™]™[ÜY[ËKKŒ˜[™ÛWÜ˜[š×ÛX]ÚYŒLŒNLNLŒMNÎMÌ‹ŒMMŒMÎÌLMNNÌÌMÍNÍŒKŒÎMŒÌMLÎMÍŒŒÎKŒLÍÍÎLÍŒMMŒŒÍËŒÌÌLÌÎÍMM™KLM‚™]™[ÜY[ËKKŒ˜]×Üİ™ŒLŒNLLMNMMLËŒMŒMÌNLÌNN‹NMÌLÌÌNMNLNŒÎÌLLMÍÍÍLÍM‹ŒMÌÎNMLÌÌLÍËŒŒMMŒŒÍLNKLM‚™]™[ÜY[ËKKŒ[Üİ]WÛÜ˜XÛKŒLŒKŒŒKŒŒŒËŒÌÌLÌÎÍMM™KLM‚™]™[ÜY[Ë‹ŒKKÛÜœ™[Û‹ŒLŒMÍÍLLLÌÌÌ‹ŒÎÎNLÌŒMÍ‹NMÌMŒLÌŒÌÌŒNÍŒÎLMMLNÌNKŒÌÌÌÍÌÍË‹ÍÍMMMÍMŒMMŒLMKLM‚™]™[ÜY[Ë‹ŒKKØØWÙ\]Z]˜[[ŒLŒMÍÍLLLÌÌÌ‹ŒÎÎNLÌŒMÍ‹NMÌMŒLÌŒÌÌŒNÍŒÎLMMLNÌNKŒÌÌÌÍÌÍË‹ÍÍMMMÍMŒMMŒLMKLM‚™]™[ÜY[Ë‹ŒKK›ØÚ×ÙXYÛÛ˜[ŒLŒMÎNÌMLLMŒKŒLNNLŒÍLÍL‹NMÍÍÌÌLLÎŒÌÌÍŒMMLLÍKŒŒÍÍMMÌMMÌM‹ŒŒŒŒLLÌLÙKLM‚™]™[ÜY[Ë‹ŒKKØWÜ˜[š×ÛX]ÚYŒLŒKŒÌŒLLNNNLNNŒŒLLÍMMNLMKMÍÌMMŒL‹ŒLÌMMÌŒÍLÎŒLMŒÍŒLŒLMÍŒK‹ŒLLLÍLML™KLM‚™]™[ÜY[Ë‹ŒKK˜[™ÛWÜ˜[š×ÛX]ÚYŒLŒMÍŒÌŒÌNŒMÌNKŒLLŒŒMÍŒÌLNNMLLÌLÍÎLÌMËŒÎLÌLÍŒKŒMMMLÍMMÌMËŒŒÌÌMÍNYKLM‚™]™[ÜY[Ë‹ŒKK˜]×Üİ™ŒLŒMÍÍNLNŒKŒÎŒŒLŒŒMËNMÌÍLMÌMLŒËŒÎLLŒŒMËŒLMÌÎÌLÍÍNLŒNLŒ™KLM‚™]™[ÜY[Ë‹ŒKK[Üİ]WÛÜ˜XÛKŒLŒKŒŒKŒŒŒLŒNLŒ™KLM‚™]™[ÜY[Ë‹ŒK‹ÛÜœ™[Û‹ŒLŒMÍÍÎMŒMÌN‹ŒNMNNŒMÎËNMÌMÌÌÌMNKŒLLÍLLMŒ‹ŒMÍŒŒÌLŒÍÎMŒ‹ËŒÌÌLÌÎÍMM™KLM‚™]™[ÜY[Ë‹ŒK‹ØØWÙ\]Z]˜[[ŒLŒMÍÍÎMŒMÌN‹ŒNMNNŒMÎËNMÌMÌÌÌMNKŒLLÍLLMŒ‹ŒMÍŒŒÌLŒÍÎMŒ‹ËŒÌÌLÌÎÍMM™KLM‚™]™[ÜY[Ë‹ŒK‹›ØÚ×ÙXYÛÛ˜[ŒLŒMÎNÌMLLMŒKŒLNNLŒÍLÍL‹NMÍÍÌÌLLÎŒÌÌÍŒMMLLÍKŒŒÍÍMMÌMMÌM‹ŒŒŒŒLLÌLÙKLM‚™]™[ÜY[Ë‹ŒK‹ØWÜ˜[š×ÛX]ÚYŒLŒKŒÍÎÌÌÌMMÍŒŒLÎMMÌÍÌLNMMÍLLLŒÌÍNMÍŒLLMNMMŒÍLŒ‹ŒÍMŒLMÍÎMŒŒË‹ÌŒMŒŒLŒÎNYKLM‚™]™[ÜY[Ë‹ŒK‹˜[™ÛWÜ˜[š×ÛX]ÚYŒLŒMÍŒLÌLÌLŒMKŒŒMNLÍNŒLLMÌËNMÍÍŒMMŒÎKŒÎMÌMMLLMÍKŒÍŒÌÍNMÍÌŒŒ‹ŒMMÌLMÌŒMYKLM‚™]™[ÜY[Ë‹ŒK‹˜]×Üİ™ŒLŒMÍMLŒÍŒLŒËŒÎNNMÎÍLNNNMÌÎNNMLŒŒMKŒÍÌÌÌŒÌÍMLM‹ŒLÎŒÍLNLËËMÎNŒNKLM‚™]™[ÜY[Ë‹ŒK‹[Üİ]WÛÜ˜XÛKŒLŒKŒŒKŒŒŒLŒNLŒ™KLM‚™]™[ÜY[Ë‹ŒKÛÜœ™[Û‹ŒLŒMÌLÍMLÌÍŒLNLNNLÌËNMŒMÎNŒÌÌLŒMÎMÍLÎNKŒNÍÍÌLMË‹ŒŒŒŒLLÌLÙKLM‚™]™[ÜY[Ë‹ŒKØØWÙ\]Z]˜[[ŒLŒMÌLÍMLÌÍŒLNLNNLÌËNMŒMÎNŒÌÌLŒMÎMÍLÎNKŒNÍÍÌLMË‹ŒŒŒŒLLÌLÙKLM‚™]™[ÜY[Ë‹ŒK›ØÚ×ÙXYÛÛ˜[ŒLŒMÎNÌMLLMŒKŒLNNLŒÍLÍL‹NMÍÍÌÌLLÎŒÌÌÍŒMMLLÍKŒŒÍÍMMÌMMÌM‹ŒŒŒŒLLÌLÙKLM‚™]™[ÜY[Ë‹ŒKØWÜ˜[š×ÛX]ÚYŒLŒKŒÎLÌNNŒMKŒMMŒNMLÍÎÍËMMÌŒÍMÍÍŒÎŒLÌÎMÍLKŒMÍÌNLLÌÍM‹‹ŒŒŒŒLLÌLÙKLM‚™]™[ÜY[Ë‹ŒK˜[™ÛWÜ˜[š×ÛX]ÚYŒLŒMÌÌMMMMŒLMLÌŒLËNMŒMLMÍLŒLL‹ŒÍÍMNMLMKŒLÌMNÎNKËMÎNŒNKLM‚™]™[ÜY[Ë‹ŒK˜]×Üİ™ŒLŒMÌÌÎMNLLÍMKŒÍMÍÌŒLLŒM‹NMŒÌÍÎLNÎNMKŒMŒÌMMMŒÌLÌMLLMNNL‹ËMÎNŒNKLM‚™]™[ÜY[Ë‹ŒK[Üİ]WÛÜ˜XÛKŒLŒKŒŒKŒŒŒLŒNLŒ™KLM‚™]™[ÜY[Ë‹ŒKKÛÜœ™[Û‹ŒLŒNMŒÎMÍLÌŒLÌNMŒMÌMLŒMLKNMNÌÌÌÍÍÍŒÎÌŒLNŒŒËŒLÌÍMNMÌLËKMLLLMLLŒÌLMÎÙKLM‚™]™[ÜY[Ë‹ŒKKØØWÙ\]Z]˜[[ŒLŒNMŒÎMÍLÌŒLÌNMŒMÌMLŒMLKNMNÌÌÌÍÍÍŒÎÌŒLNŒŒËŒLÌÍMNMÌLËKMLLLMLLŒÌLMÎÙKLM‚™]™[ÜY[Ë‹ŒKK›ØÚ×ÙXYÛÛ˜[ŒLŒNNÌMÍÌNNLÌËŒÍÌNÍNLÌMLÎNNMÌŒŒLŒÍM‹ŒÍÍÌMÌÍŒÍÍŒKŒLMÍLLŒLÎŒLÌKŒLLLÌÌŒÎLÎMÙKLM‚™]™[ÜY[Ë‹ŒKKØWÜ˜[š×ÛX]ÚYŒLŒKŒLMMMÍNLMMŒ‹ŒŒÍÌLŒLLLMLMMÍÍÌLÍLLMŒNNNŒLMMŒMMNLMÎMLNKŒLMLNMÌMÌÌMÌÌ‹LŒNLŒ™KLM‚™]™[ÜY[Ë‹ŒKK˜[™ÛWÜ˜[š×ÛX]ÚYŒLŒNMMÎMÎÍÍÌLLÍKŒLNŒLLŒKNMMNLÌLŒËŒMÍÌÌÎLÍLÍMŒLÎÎMŒNMÍMÌ‹KŒLLŒŒÌŒLMMYKLM‚™]™[ÜY[Ë‹ŒKK˜]×Üİ™ŒLŒNMÎNÌMŒŒLŒËŒLMMÌNL‹NMNNNLLLLÎKŒÎÌÌLÍŒŒÍLLŒLÍŒÍNMLËŒÌŒLMŒŒŒM™KLM‚™]™[ÜY[Ë‹ŒKK[Üİ]WÛÜ˜XÛKŒLŒKŒŒKŒŒŒÌNÎMMLMYKLM‚™]™[ÜY[Ë‹ŒK‹ÛÜœ™[Û‹ŒLŒNMŒÎNMKŒMŒLNNMÎLMNMLLÌŒLÍ‹ŒÎLŒLŒÌŒLKŒLÎNLÌÌMÍÍLÌ‹LŒNLŒ™KLM‚™]™[ÜY[Ë‹ŒK‹ØØWÙ\]Z]˜[[ŒLŒNMŒÎNMKŒMŒLNNMÎLMNMLLÌŒLÍ‹ŒÎLŒLŒÌŒLKŒLÎNLÌÌMÍÍLÌ‹LŒNLŒ™KLM‚™]™[ÜY[Ë‹ŒK‹›ØÚ×ÙXYÛÛ˜[ŒLŒNNÌMÍÌNNLÌËŒÍÌNÍNLÌMLÎNNMÌŒŒLŒÍM‹ŒÍÍÌMÌÍŒÍÍŒKŒLMÍLLŒLÎŒLÌKŒLLLÌÌŒÎLÎMÙKLM‚™]™[ÜY[Ë‹ŒK‹ØWÜ˜[š×ÛX]ÚYŒLŒKŒLÌLNMŒL‹ŒŒNÌNNNMÍMÍMNMÍŒLËŒLLŒŒŒMÎÍÍËŒLMÌŒÌÌÎLŒËËMMLNMLÍŒMKLM‚™]™[ÜY[Ë‹ŒK‹˜[™ÛWÜ˜[š×ÛX]ÚYŒLŒNMÎÌMÌÎMÍŒKŒMÎÍÌÌÌNÎLMËNMŒMŒÌÎLÎÌKŒÍÎÌÍÍÍÍLËŒLÌLÎŒLML‹‹ŒŒŒŒLLÌLÙKLM‚™]™[ÜY[Ë‹ŒK‹˜]×Üİ™ŒLŒNMLLÎÌÍKŒNLÌÎLÍÌÍKNMLLÍMŒMËŒÎLNLŒÍŒ‹ŒLÍMŒÎLLLÌÌÍÌ‹ŒÌŒLMŒŒŒM™KLM‚™]™[ÜY[Ë‹ŒK‹[Üİ]WÛÜ˜XÛKŒLŒKŒŒKŒŒŒÌNÎMMLMYKLM‚™]™[ÜY[Ë‹ŒKÛÜœ™[Û‹ŒLŒNLÌÌMÍNÎÍKŒÌÌŒÌÎÍÍ‹NMÌŒLMÌÌŒŒÌKŒÎLŒLÌÌŒÍÌKŒMMÍŒŒLÍÍÌLKËŒŒMMŒŒÍLNKLM‚™]™[ÜY[Ë‹ŒKØØWÙ\]Z]˜[[ŒLŒNLÌÌMÍNÎÍKŒÌÌŒÌÎÍÍ‹NMÌŒLMÌÌŒŒÌKŒÎLŒLÌÌŒÍÌKŒMMÍŒŒLÍÍÌLKËŒŒMMŒŒÍLNKLM‚™]™[ÜY[Ë‹ŒK›ØÚ×ÙXYÛÛ˜[ŒLŒNNÌMÍÌNNLÌËŒÍÌNÍNLÌMLÎNNMÌŒŒLŒÍM‹ŒÍÍÌMÌÍŒÍÍŒKŒLMÍLLŒLÎŒLÌKŒLLLÌÌŒÎLÎMÙKLM‚™]™[ÜY[Ë‹ŒKØWÜ˜[š×ÛX]ÚYŒLŒKŒLÍŒŒŒÍKŒŒMŒÍŒLMMËMLŒMMŒÍLLNNŒLÌNÎNLLŒÌKŒMNNÍNLÍÌÍËËŒŒMMŒŒÍLNKLM‚™]™[ÜY[Ë‹ŒK˜[™ÛWÜ˜[š×ÛX]ÚYŒLŒNLMMŒ‹ŒMŒLŒLMÌMÍNLMNMMMLŒÍÌÎNËŒÌMMÎÌÍLKŒLMLÍNLNÍNMŒÍŒLLÌŒKLM‚™]™[ÜY[Ë‹ŒK˜]×Üİ™ŒLŒNLÌÌMNLŒÎKŒÍNLÍÌLLŒLLŒ‹NMMÎŒNMŒLMŒNMÌMMKŒMLLNLMÌÌÌMÌ‹‹ŒLŒŒŒÍMÎÍŒYKLM‚™]™[ÜY[Ë‹ŒK[Üİ]WÛÜ˜XÛKŒLŒKŒŒKŒŒŒÌNÎMMLMYKLM‚™]™[ÜY[Ë‹KKÛÜœ™[Û‹ŒLŒNÌÌÍNŒŒLÌMŒKŒÍNÍLÍÍŒÌŒNMÍLÌŒŒLÌLŒNKŒÍMNMÍLÍÌMLÍM‹ŒMLNLÍMÎMÍŒMNŒNLYKLM‚™]™[ÜY[Ë‹KKØØWÙ\]Z]˜[[ŒLŒNÌÌÍNŒŒLÌMŒKŒÍNÍLÍÍŒÌŒNMÍLÌŒŒLÌLŒNKŒÍMNMÍLÍÌMLÍM‹ŒMLNLÍMÎMÍŒMNŒNLYKLM‚™]™[ÜY[Ë‹KK›ØÚ×ÙXYÛÛ˜[ŒLŒNLLÍMÍNKŒLNLMŒLLNMLKNMÎLŒÎ‹ŒÎNMLÌKŒLÎLÌÎMÎKKŒLLŒŒÌŒLMMYKLM‚™]™[ÜY[Ë‹KKØWÜ˜[š×ÛX]ÚYŒLŒKŒÍÍNŒMMMÍLŒŒÍÍLNLÍMÍNLNLŒÌËŒLMÌÌMŒMÍLMŒÍËŒLÎMÌÍÌMÍË‹ŒŒŒŒLLÌLÙKLM‚™]™[ÜY[Ë‹KK˜[™ÛWÜ˜[š×ÛX]ÚYŒLŒNMNŒLŒLMŒÌ‹ŒLMÌÌNLLÌMNMÍLLMNÌÌ‹ŒLÌMMÍÌŒŒÌLKŒŒÌLLNLÍMŒËLŒNLŒ™KLM‚™]™[ÜY[Ë‹KK˜]×Üİ™ŒLŒNÌÌÌNNMŒÍŒÍŒÌÍLÌKNMÍLÍLLLŒÍMÌMÍŒÎLŒLŒÍKŒMŒŒÌÍÌMÌMM‹ËŒÌÌLÌÎÍMM™KLM‚™]™[ÜY[Ë‹KK[Üİ]WÛÜ˜XÛKŒLŒKŒŒKŒŒŒËŒÌLÌÌŒNÎLLMMÌM™KLM‚™]™[ÜY[Ë‹K‹ÛÜœ™[Û‹ŒLŒNMNLÌÍLŒ‹ŒÌÌÌNNLLŒÎMÍ‹NMÍLÍŒLÍŒLMKŒÍLMÍÍŒŒNÌŒLËŒNMÌÌMÎMÍLÎË‹ÍÍMMMÍMŒMMŒLMKLM‚™]™[ÜY[Ë‹K‹ØØWÙ\]Z]˜[[ŒLŒNMNLÌÍLŒ‹ŒÌÌÌNNLLŒÎMÍ‹NMÍLÍŒLÍŒLMKŒÍLMÍÍŒŒNÌŒLËŒNMÌÌMÎMÍLÎË‹ÍÍMMMÍMŒMMŒLMKLM‚™]™[ÜY[Ë‹K‹›ØÚ×ÙXYÛÛ˜[ŒLŒNLLÍMÍNKŒLNLMŒLLNMLKNMÎLŒÎ‹ŒÎNMLÌKŒLÎLÌÎMÎKKŒLLŒŒÌŒLMMYKLM‚™]™[ÜY[Ë‹K‹ØWÜ˜[š×ÛX]ÚYŒLŒKŒÍŒNLLÌNÌKŒNNÍLLMÎNKMÍÌÍŒÌMÎNÎŒLNLNMŒL‹ŒLÌMÎNLŒLÍLMMËKLMMNNMNL™KLM‚™]™[ÜY[Ë‹K‹˜[™ÛWÜ˜[š×ÛX]ÚYŒLŒMÌÌŒLÌŒŒÎ‹ŒLŒÍÌŒNÌLNLNLÍÌÎNŒÎŒMŒLÍÌÍŒÍMŒÎÍŒÌÍÌMLNLKËMÎNŒNKLM‚™]™[ÜY[Ë‹K‹˜]×Üİ™ŒLŒNMÍÍÍÍŒMKŒÌÍÎLÌNLÌŒLËNMÍÎLLÌÎÎM‹ŒÍMÎÌÍLÌLÌŒNŒŒMLLLÌËËÍÌMMŒLMÌŒÍÍŒM™KLM‚™]™[ÜY[Ë‹K‹[Üİ]WÛÜ˜XÛKŒLŒKŒŒKŒŒŒËŒÌLÌÌŒNÎLLMMÌM™KLM‚™]™[ÜY[Ë‹KÛÜœ™[Û‹ŒLŒMÎMMMŒLMÌÍŒÎLÌŒNMLÌŒËNMÌŒÎLŒNNŒÍÌÍŒÍÌÍLLŒÎKŒŒŒÌNLNMMÍÍËŒÍÌMLÌMNMŒMMMKLM‚™]™[ÜY[Ë‹KØØWÙ\]Z]˜[[ŒLŒMÎMMMŒLMÌÍŒÎLÌŒNMLÌŒËNMÌŒÎLŒNNŒÍÌÍŒÍÌÍLLŒÎKŒŒŒÌNLNMMÍÍËŒÍÌMLÌMNMŒMMMKLM‚™]™[ÜY[Ë‹K›ØÚ×ÙXYÛÛ˜[ŒLŒNLLÍMÍNKŒLNLMŒLLNMLKNMÎLŒÎ‹ŒÎNMLÌKŒLÎLÌÎMÎKKŒLLŒŒÌŒLMMYKLM‚™]™[ÜY[Ë‹KØWÜ˜[š×ÛX]ÚYŒLŒKŒÎMMLÎŒN‹ŒMLLÌLËMÌLÌÎMÌMÎ‹ŒLÎŒÍÍMÌŒÍKŒMŒÎÍÌLML‹KMLLÌMKLM‚™]™[ÜY[Ë‹K˜[™ÛWÜ˜[š×ÛX]ÚYŒLŒMÌŒLMŒLÌKŒLNÎLLŒMMÎNËNLÌÎŒŒÍŒLKŒMÍLÎLÌMŒŒÌLÌÎLÎK‹NNMŒ™KLM‚™]™[ÜY[Ë‹K˜]×Üİ™ŒLŒNMÍÍLLÎLÎŒÍÍÎLNNKNMÌNÌLÎLŒÍŒÍÍMÌLLNËŒŒŒLLŒNLNLÍŒKËMÎNŒNKLM‚™]™[ÜY[Ë‹K[Üİ]WÛÜ˜XÛKŒLŒKŒŒKŒŒŒËŒÌLÌÌŒNÎLLMMÌM™KLM‚™]™[ÜY[Ë‹KŒKÛÜœ™[Û‹ŒLŒNÌŒÍMÎÍKŒMLŒMÍMÍMËNMMÍÍLMLMŒ‹ŒNMÍLÌÎÍMÍÍÍ‹ŒNLNLMŒLÍÌ‹NMŒÍŒLLÌŒKLM‚™]™[ÜY[Ë‹KŒKØØWÙ\]Z]˜[[ŒLŒNÌŒÍMÎÍKŒMLŒMÍMÍMËNMMÍÍLMLMŒ‹ŒNMÍLÌÎÍMÍÍÍ‹ŒNLNLMŒLÍÌ‹NMŒÍŒLLÌŒKLM‚™]™[ÜY[Ë‹KŒK›ØÚ×ÙXYÛÛ˜[ŒLŒNLNŒLÎMLLÎML‹ŒLŒÌNNLÍLLÌËNLŒÎLÍMÌŒKŒŒÌLŒLŒLMNKŒNMMÌÎLNLMÍK‹ŒLNLÌÍÍÌMÙKLM‚™]™[ÜY[Ë‹KŒKØWÜ˜[š×ÛX]ÚYŒLŒKŒÌÌÍŒMNLËŒŒMÌNMNMÌÌËMÍŒÍÌLÌLËŒLNNLÌMÌÍM‹ŒLŒŒNÌÍÍNNMMËKMLLÌMKLM‚™]™[ÜY[Ë‹KŒK˜[™ÛWÜ˜[š×ÛX]ÚYŒLŒMÍÍÍLÍŒMÌMËŒMLMMÌÍM‹NLLLMNÌMŒÍMMÍÍLÍÎŒMÌÎÍLÌÌÍLMMK‹ŒLŒÎLŒÌŒLÌÌMŒ™KLM‚™]™[ÜY[Ë‹KŒK˜]×Üİ™ŒLŒNŒLMŒMÎKŒMLÍŒMŒÍNLËNMMÍÌÌNMÍMÍKŒLÍÍÍÍÎL‹ŒLÎLŒÍŒÍNŒ‹ŒÌÌÍKLM‚™]™[ÜY[Ë‹KŒK[Üİ]WÛÜ˜XÛKŒLŒKŒŒKŒŒŒKMLLLMLLŒÌLMÎÙKLM‚™]™[ÜY[Ë‹KŒ‹ÛÜœ™[Û‹ŒLŒNMŒÌÌLLN‹ŒÍNNNŒNLLŒNMÌŒMŒLMNŒÍÌÌLNÌÎMÌËŒLŒMÌŒNMLMNK‹ŒLŒŒŒÍMÎÍŒYKLM‚™]™[ÜY[Ë‹KŒ‹ØØWÙ\]Z]˜[[ŒLŒNMŒÌÌLLN‹ŒÍNNNŒNLLŒNMÌŒMŒLMNŒÍÌÌLNÌÎMÌËŒLŒMÌŒNMLMNK‹ŒLŒŒŒÍMÎÍŒYKLM‚™]™[ÜY[Ë‹KŒ‹›ØÚ×ÙXYÛÛ˜[ŒLŒNLNŒLÎMLLÎML‹ŒLŒÌNNLÍLLÌËNLŒÎLÍMÌŒKŒŒÌLŒLŒLMNKŒNMMÌÎLNLMÍK‹ŒLNLÌÍÍÌMÙKLM‚™]™[ÜY[Ë‹KŒ‹ØWÜ˜[š×ÛX]ÚYŒLŒKŒÌLLÍÍÍÌÍLŒN‹ŒŒLMMÍMŒNM‹MÌÍLÌNNNNMËŒLMLMNMLMNNKŒLÌLÍLMLÎËLŒNLŒ™KLM‚™]™[ÜY[Ë‹KŒ‹˜[™ÛWÜ˜[š×ÛX]ÚYŒLŒMŒLÍŒÍMÌNÌ‹ŒMÌNÍLŒÌÎNKNÍÍNNLŒMÌLËŒMŒMŒMÍÌMÌÌKŒÍÌÌÍMMÎÍËLŒNLŒ™KLM‚™]™[ÜY[Ë‹KŒ‹˜]×Üİ™ŒLŒNÍÌŒNMKŒÌÍNMLŒLÍLNKNMÌŒÎÎÍLÎL‹ŒÍÌLÌŒÌMÍŒŒÌMM‹ŒLMLNLMÎLÎËMÎNŒNKLM‚™]™[ÜY[Ë‹KŒ‹[Üİ]WÛÜ˜XÛKŒLŒKŒŒKŒŒŒKMLLLMLLŒÌLMÎÙKLM‚™]™[ÜY[Ë‹KŒÛÜœ™[Û‹ŒLŒMÍÎLNNLMLŒLLŒMÍLNMÌŒLŒLLÍLMŒLLÍLÌNNLÌKŒLŒÌNLÌKKMLLLMLLŒÌLMÎÙKLM‚™]™[ÜY[Ë‹KŒØØWÙ\]Z]˜[[ŒLŒMÍÎLNNLMLŒLLŒMÍLNMÌŒLŒLLÍLMŒLLÍLÌNNLÌKŒLŒÌNLÌKKMLLLMLLŒÌLMÎÙKLM‚™]™[ÜY[Ë‹KŒ›ØÚ×ÙXYÛÛ˜[ŒLŒNLNŒLÎMLLÎML‹ŒLŒÌNNLÍLLÌËNLŒÎLÍMÌŒKŒŒÌLŒLŒLMNKŒNMMÌÎLNLMÍK‹ŒLNLÌÍÍÌMÙKLM‚™]™[ÜY[Ë‹KŒØWÜ˜[š×ÛX]ÚYŒLŒKŒLNLLMÍNŒMÍÌMÎÍKMÍLÌÌLŒŒÍM‹ŒLLÌMMÌÍŒÌÌŒËŒMÍLÌÍMLÎNLN‹‹ÍÍMMMÍMŒMMŒLMKLM‚™]™[ÜY[Ë‹KŒ˜[™ÛWÜ˜[š×ÛX]ÚYŒLŒMMNLMÌŒÌLMÍŒMŒNMNNÎLMKNNLŒÌÍMÎŒMLMÍLŒÌMMŒÍKŒÎLÌÎMÍMÍŒÍÎ‹NMŒÍŒLLÌŒKLM‚™]™[ÜY[Ë‹KŒ˜]×Üİ™ŒLŒMÍÍÎÎLMÍÌLKŒLNMNMÎMËNMÍŒLÌLLÍŒM‹ŒÍŒNNŒLLMMŒLMÌNÍLÌNNLLLKËMÎNŒNKLM‚™]™[ÜY[Ë‹KŒ[Üİ]WÛÜ˜XÛKŒLŒKŒŒKŒŒŒKMLLLMLLŒÌLMÎÙKLM‚™]™[ÜY[ËŒKKÛÜœ™[Û‹ŒLŒNMLLÍLLÍLÌÌÎŒÌLMMŒLÌÍMMÎMLKNMÎMŒŒMMÌLËŒÌÌÎNŒÍNMŒÌKŒLÎNNÍÌÎNLÍKLŒNLŒ™KLM‚™]™[ÜY[ËŒKKØØWÙ\]Z]˜[[ŒLŒNMLLÍLLÍLÌÌÎŒÌLMMŒLÌÍMMÎMLKNMÎMŒŒMMÌLËŒÌÌÎNŒÍNMŒÌKŒLÎNNÍÌÎNLÍKLŒNLŒ™KLM‚™]™[ÜY[ËŒKK›ØÚ×ÙXYÛÛ˜[ŒLŒNNŒLLNÍÎMŒNNLÍÎKNNÌLÍMLÍLÍ‹ŒLÎMÍMÌŒLLLÍLMÌLÍKŒLNNNNLLLNMÙKLM‚™]™[ÜY[ËŒKKØWÜ˜[š×ÛX]ÚYŒLŒKŒÌNNÍŒŒÍËŒNNLLNMÍNLËMÍÍNMŒÍÌKŒLMÍŒMMÌŒŒNLLËŒLLLÍÍÌÍÎMËŒÌÌLÌÎÍMM™KLM‚™]™[ÜY[ËŒKK˜[™ÛWÜ˜[š×ÛX]ÚYŒLŒNMMMÍMŒÍÎÌËŒÌMNÍNÍKNMÍÍÌLMÎLÎŒÍMÎMŒMÍÌMKŒLMÍÎMÌÌÌÎÌËËŒÌÌLÌÎÍMM™KLM‚™]™[ÜY[ËŒKK˜]×Üİ™ŒLŒNMŒÌŒŒÍLÍÍËŒÎŒMÌÌÌLÍÍÌNKNMÎLLÌMNÌŒ‹ŒÌŒÌLÍLMNLLKŒLÍLÌLÍNLËËMÎNŒNKLM‚™]™[ÜY[ËŒKK[Üİ]WÛÜ˜XÛKŒLŒKŒŒKŒŒŒLŒNLŒ™KLM‚™]™[ÜY[ËŒK‹ÛÜœ™[Û‹ŒLŒNLÎLLMÌÍŒŒËŒÍLLMÌÌÍMNËNMÌÎLÎNNMÎŒËŒÍŒMÌMÎLMŒMMMÌÌÎLLËKŒLLŒŒÌŒLMMYKLM‚™]™[ÜY[ËŒK‹ØØWÙ\]Z]˜[[ŒLŒNLÎLLMÌÍŒŒËŒÍLLMÌÌÍMNËNMÌÎLÎNNMÎŒËŒÍŒMÌMÎLMŒMMMÌÌÎLLËKŒLLŒŒÌŒLMMYKLM‚™]™[ÜY[ËŒK‹›ØÚ×ÙXYÛÛ˜[ŒLŒNNŒLLNÍÎMŒNNLÍÎKNNÌLÍMLÍLÍ‹ŒLÎMÍMÌŒLLLÍLMÌLÍKŒLNNNNLLLNMÙKLM‚™]™[ÜY[ËŒK‹ØWÜ˜[š×ÛX]ÚYŒLŒKŒLŒMMLLÌ‹ŒŒNMMMÍŒŒL‹MÍLLÎLNMÌÌM‹ŒLLMÎÍMÎMÍŒLŒŒNMMNLKËŒÌÌLÌÎÍMM™KLM‚™]™[ÜY[ËŒK‹˜[™ÛWÜ˜[š×ÛX]ÚYŒLŒNLÍLÎNMÍŒMKŒÎLNLÎÍÌNMÌMŒNMŒMMËŒÎMMMMŒÌLLÌÌNKŒLÍÍMMÍMLŒŒMÌLLÌÎÍÎNLÙKLM‚™]™[ÜY[ËŒK‹˜]×Üİ™ŒLŒNMLNMMŒÍÌŒNKŒÍMÌMÌMLLÌKNMÌÍÍÍMÌLKŒÍŒŒLÌMMŒÌÌÍLKŒMMMMÍË‹ŒŒŒŒLLÌLÙKLM‚™]™[ÜY[ËŒK‹[Üİ]WÛÜ˜XÛKŒLŒKŒŒKŒŒŒLŒNLŒ™KLM‚™]™[ÜY[ËŒKÛÜœ™[Û‹ŒLŒNLNÌÍÍÌMÌ‹ŒMŒŒŒLÌÍŒNNMMÎÌMMÎM‹ŒÎÌLLMLMNËŒMLÍNLÍMMÎËËŒÌÌLÌÎÍMM™KLM‚™]™[ÜY[ËŒKØØWÙ\]Z]˜[[ŒLŒNLNÌÍÍÌMÌ‹ŒMŒŒŒLÌÍŒNNMMÎÌMMÎM‹ŒÎÌLLMLMNËŒMLÍNLÍMMÎËËŒÌÌLÌÎÍMM™KLM‚™]™[ÜY[ËŒK›ØÚ×ÙXYÛÛ˜[ŒLŒNNŒLLNÍÎMŒNNLÍÎKNNÌLÍMLÍLÍ‹ŒLÎMÍMÌŒLLLÍLMÌLÍKŒLNNNNLLLNMÙKLM‚™]™[ÜY[ËŒKØWÜ˜[š×ÛX]ÚYŒLŒKŒLLŒLMÍMÌLËŒMÌMÌÌMÍMÌŒMLŒŒLÌLMMM‹ŒLÌÌNÌÌÍLŒËŒMŒÌNLÌNNÌÌMËËŒÌÌLÌÎÍMM™KLM‚™]™[ÜY[ËŒK˜[™ÛWÜ˜[š×ÛX]ÚYŒLŒNLLÌLLÌMMMMËŒMÍMŒÎLÌŒÍËNMMÌMMNËŒŒÍLŒÎMNLËŒMŒMNMMÍÍË‹ŒŒŒŒLLÌLÙKLM‚™]™[ÜY[ËŒK˜]×Üİ™ŒLŒNLŒLMNNŒLÍL‹ŒÎMÍÍŒMÌÌÌŒÌËNMNMLNLMÍÍLŒÎÍŒLÎLŒÍKŒMLÌŒÌŒKKŒÌÍMNLÍMMMKLM‚™]™[ÜY[ËŒK[Üİ]WÛÜ˜XÛKŒLŒKŒŒKŒŒŒLŒNLŒ™KLM‚™]™[ÜY[ËŒKKÛÜœ™[Û‹ŒLŒNLLÎLŒŒLLËŒŒMMNÌÎNMMMÍÎLÍÌ‹ŒÎLŒLLLNNMŒÍŒNLMÍLÎLLËËŒÌÌLÌÎÍMM™KLM‚™]™[ÜY[ËŒKKØØWÙ\]Z]˜[[ŒLŒNLLÎLŒŒLLËŒŒMMNÌÎNMMMÍÎLÍÌ‹ŒÎLŒLLLNNMŒÍŒNLMÍLÎLLËËŒÌÌLÌÎÍMM™KLM‚™]™[ÜY[ËŒKK›ØÚ×ÙXYÛÛ˜[ŒLŒNLMNLÎŒŒŒÎNLNÍMŒMKNMÌŒMÎŒÌLËŒÍÌÌÎŒLMNMÍM‹ŒŒMNNÌŒÍËKŒNÌŒMŒÍÙKLM‚™]™[ÜY[ËŒKKØWÜ˜[š×ÛX]ÚYŒLŒKŒŒLLÌLKŒŒLLLLŒLŒËMÎNNLMŒNÍNKŒLŒNNÍÌÍŒLŒNÌLL‹LMŒNLKLM‚™]™[ÜY[ËŒKK˜[™ÛWÜ˜[š×ÛX]ÚYŒLŒNÌŒLMLÌMËŒLLLÌŒÌÎKNMŒMŒMMÌMŒÎMÍÍÎMŒËŒMÍÎMÎLNNM‹‹ÍÍMMMÍMŒMMŒLMKLM‚™]™[ÜY[ËŒKK˜]×Üİ™ŒLŒNNMLLÎNLLNMNŒÎMMNLÌÌÌKNMÌMNNKŒÍÍÎNNMÍÎNNKŒNLÌŒLŒÌËËMÎNŒNKLM‚™]™[ÜY[ËŒKK[Üİ]WÛÜ˜XÛKŒLŒKŒŒKŒŒŒËMÎNŒNKLM‚™]™[ÜY[ËŒK‹ÛÜœ™[Û‹ŒLŒNÌŒMŒKŒMÍMÎLNLÌŒŒMÌËNMÌŒMNÌNLKŒÌMMLMÌNML‹ŒMŒÍMLMÎM‹ÍÍMMMÍMŒMMŒLMKLM‚™]™[ÜY[ËŒK‹ØØWÙ\]Z]˜[[ŒLŒNÌŒMŒKŒMÍMÎLNLÌŒŒMÌËNMÌŒMNÌNLKŒÌMMLMÌNML‹ŒMŒÍMLMÎM‹ÍÍMMMÍMŒMMŒLMKLM‚™]™[ÜY[ËŒK‹›ØÚ×ÙXYÛÛ˜[ŒLŒNLMNLÎŒŒŒÎNLNÍMŒMKNMÌŒMÎŒÌLËŒÍÌÌÎŒLMNMÍM‹ŒŒMNNÌŒÍËKŒNÌŒMŒÍÙKLM‚™]™[ÜY[ËŒK‹ØWÜ˜[š×ÛX]ÚYŒLŒKŒŒLÌLNŒŒÍLŒMLŒŒÍÍMÍMÎMLNMŒÌ‹ŒLLMÍŒMÌLMŒLÌŒLÍMÍÌÍMÍ‹ËŒLÌLLÌÌMÍÌNLNYKLM‚™]™[ÜY[ËŒK‹˜[™ÛWÜ˜[š×ÛX]ÚYŒLŒNMNLŒLMÎMÍ‹ŒNMMMKNMMÍŒMÍNNN‹ŒŒŒNÌÌŒŒÌNÌLÌÌKMLLLMLLŒÌLMÎÙKLM‚™]™[ÜY[ËŒK‹˜]×Üİ™ŒLŒNÌÌLLNMÎŒMLNMKNMÌÌNLNMŒÎŒÎŒŒLNËŒNMŒŒMŒMÌNM‹ËŒLÌLLÌÌMÍÌNLNYKLM‚™]™[ÜY[ËŒK‹[Üİ]WÛÜ˜XÛKŒLŒKŒŒKŒŒŒËMÎNŒNKLM‚™]™[ÜY[ËŒKÛÜœ™[Û‹ŒLŒNMLÌMMMÍMNMËŒLŒŒÌMMÍÌLLËNMŒÎNMŒŒÎMŒÌLÍMŒÌLÍÎLNMŒMÎLÎÍKKMLLLMLLŒÌLMÎÙKLM‚™]™[ÜY[ËŒKØØWÙ\]Z]˜[[ŒLŒNMLÌMMMÍMNMËŒLŒŒÌMMÍÌLLËNMŒÎNMŒŒÎMŒÌLÍMŒÌLÍÎLNMŒMÎLÎÍKKMLLLMLLŒÌLMÎÙKLM‚™]™[ÜY[ËŒK›ØÚ×ÙXYÛÛ˜[ŒLŒNLMNLÎŒŒŒÎNLNÍMŒMKNMÌŒMÎŒÌLËŒÍÌÌÎŒLMNMÍM‹ŒŒMNNÌŒÍËKŒNÌŒMŒÍÙKLM‚™]™[ÜY[ËŒKØWÜ˜[š×ÛX]ÚYŒLŒKŒÍÍÎNLŒNLNMÌÎŒMLNMŒÌŒÎMKMMLLMKŒLÌLLÌLŒLÍÌM‹ŒMÎLÌNNN‹‹ŒÍNLŒŒÎLÌÌMÍ™KLM‚™]™[ÜY[ËŒK˜[™ÛWÜ˜[š×ÛX]ÚYŒLŒNMÍŒÍÌNNËŒLLÌŒÌLŒLÍËNMÌNLÍLŒÍËŒLMÍÌŒNMNLNNKŒÍMŒLŒÍÌLÌKKLÌÍLÍLÍÍÌÍKLM‚™]™[ÜY[ËŒK˜]×Üİ™ŒLŒNÍÌÎNMM‹ŒLLŒLLMÌNNMNMŒÌÍLNNLÎŒLNLLLÎ‹ŒÌLŒÌLÍLLMŒLLÍKMÎNMÌLL™KLM‚™]™[ÜY[ËŒK[Üİ]WÛÜ˜XÛKŒLŒKŒŒKŒŒŒËMÎNŒNKLM‚™]™[ÜY[ËKKÛÜœ™[Û‹ŒLŒNLŒŒŒŒLLÎKŒLMÎLLÍÍLŒŒNMMÍÌÍŒŒŒÎMKŒNMMÍLÍÌNKŒŒÌŒÎLMÍMËKLÌÍLÍLÍÍÌÍKLM‚™]™[ÜY[ËKKØØWÙ\]Z]˜[[ŒLŒNLŒŒŒŒLLÎKŒLMÎLLÍÍLŒŒNMMÍÌÍŒŒŒÎMKŒNMMÍLÍÌNKŒŒÌŒÎLMÍMËKLÌÍLÍLÍÍÌÍKLM‚™]™[ÜY[ËKK›ØÚ×ÙXYÛÛ˜[ŒLŒNMÍÍLMÍLÌMÎŒLLMÌÍÌÍÌËNMMÍLŒNNNMÌŒËŒŒMLNÌÍNŒÍŒŒLÍŒŒNLŒËKLÌÌLÎÌÍLÙKLM‚™]™[ÜY[ËKKØWÜ˜[š×ÛX]ÚYŒLŒKŒÍLLÍMÌÌLŒNNLÎŒLML‹MÍÌMÍMNMÍÍÌŒLÍÍNLMMNLLKŒLMÎMLNŒŒË‹ŒLÌÎMÍÍLLÎYKLM‚™]™[ÜY[ËKK˜[™ÛWÜ˜[š×ÛX]ÚYŒLŒNÍŒÍNM‹ŒLŒÍMMŒËNLÌŒÌMÌLŒMŒËŒNMÍNNÎMLÌŒŒÌËŒNLÌÎLŒÍ‹KLÌÍLÍLÍÍÌÍKLM‚™]™[ÜY[ËKK˜]×Üİ™ŒLŒNLŒMMŒNMMŒLMNLÌMŒÌLÍÌ‹NMMÍLMŒÌŒÌÌŒŒMMLÌŒÍÎL‹ŒŒÌÍÌÌMÌLÌÌÎLÍK‹ŒLÌÎMÍÍLLÎYKLM‚™]™[ÜY[ËKK[Üİ]WÛÜ˜XÛKŒLŒKŒŒKŒŒŒËŒÌÌLÌÎÍMM™KLM‚™]™[ÜY[ËK‹ÛÜœ™[Û‹ŒLŒNÌLMLNÎMÍÍKŒMŒÌLÍLMËNMŒLMNMÎMÌMÎKŒŒÎLŒÎ‹ŒŒÌMÍŒÌÌÎLMLLMM‹ËŒÌÌLÌÎÍMM™KLM‚™]™[ÜY[ËK‹ØØWÙ\]Z]˜[[ŒLŒNÌLMLNÎMÍÍKŒMŒÌLÍLMËNMŒLMNMÎMÌMÎKŒŒÎLŒÎ‹ŒŒÌMÍŒÌÌÎLMLLMM‹ËŒÌÌLÌÎÍMM™KLM‚™]™[ÜY[ËK‹›ØÚ×ÙXYÛÛ˜[ŒLŒNMÍÍLMÍLÌMÎŒLLMÌÍÌÍÌËNMMÍLŒNNNMÌŒËŒŒMLNÌÍNŒÍŒŒLÍŒŒNLŒËKLÌÌLÎÌÍLÙKLM‚™]™[ÜY[ËK‹ØWÜ˜[š×ÛX]ÚYŒLŒKŒNLÌMLLMÍÌ‹ŒŒLLÌLMMKMÌÍÍÍLÍÍŒÌNŒLMLMNMŒLÍÎŒLMLÎŒÍÍMËËŒŒMMŒŒÍLNKLM‚™]™[ÜY[ËK‹˜[™ÛWÜ˜[š×ÛX]ÚYŒLŒMÎMÍLŒMËŒMÌLŒMÌMMLËNLŒŒÍÍNŒÎŒÌÍLŒMMÍËŒŒÌÍLÍÍÌNMËËŒÌÌLÌÎÍMM™KLM‚™]™[ÜY[ËK‹˜]×Üİ™ŒLŒNMNLÍLŒÍŒŒLKŒLÍÎLŒÌŒMŒNKNMŒŒŒŒŒÍÍÍÌÍŒL‹ŒÍŒLNNLLÌKŒNLMÍÍNLMŒÍËËŒÌÌLÌÎÍMM™KLM‚™]™[ÜY[ËK‹[Üİ]WÛÜ˜XÛKŒLŒKŒŒKŒŒŒËŒÌÌLÌÎÍMM™KLM‚™]™[ÜY[ËKÛÜœ™[Û‹ŒLŒNMLÍMÌKŒÎŒÌÌÍŒÌKNMÌNÎMÌŒÌËŒÎMÍLLŒLKŒŒŒLÌLLNLË‹ÍÍMMMÍMŒMMŒLMKLM‚™]™[ÜY[ËKØØWÙ\]Z]˜[[ŒLŒNMLÍMÌKŒÎŒÌÌÍŒÌKNMÌNÎMÌŒÌËŒÎMÍLLŒLKŒŒŒLÌLLNLË‹ÍÍMMMÍMŒMMŒLMKLM‚™]™[ÜY[ËK›ØÚ×ÙXYÛÛ˜[ŒLŒNMÍÍLMÍLÌMÎŒLLMÌÍÌÍÌËNMMÍLŒNNNMÌŒËŒŒMLNÌÍNŒÍŒŒLÍŒŒNLŒËKLÌÌLÎÌÍLÙKLM‚™]™[ÜY[ËKØWÜ˜[š×ÛX]ÚYŒLŒKŒÍÍLÍLŒËŒŒŒÎMŒÎMMMMÍÍNÍÌMŒLÌMMNLÍMŒÍ‹ŒMMÌÎÌLLÍÌNLÎŒ‹ËMÎNŒNKLM‚™]™[ÜY[ËK˜[™ÛWÜ˜[š×ÛX]ÚYŒLŒMÌÎLÍMÌLMMKŒMMMŒLNLŒŒMMNLÍÍMLÍŒÎLLÎLŒŒÌMËŒŒÌLMÍNÍÍËËMÎNŒNKLM‚™]™[ÜY[ËK˜]×Üİ™ŒLŒNŒŒÌNÍNML‹ŒÎÌÎMLLÌÌÍÌMKNMÌÍLŒMÍÌÍŒKŒÎLMÎNLÌMMLŒŒLMMÎMNLNMÌ‹‹ÍÍMMMÍMŒMMŒLMKLM‚™]™[ÜY[ËK[Üİ]WÛÜ˜XÛKŒLŒKŒŒKŒŒŒËŒÌÌLÌÎÍMM™KLM‚™]™[ÜY[ËKŒKÛÜœ™[Û‹ŒLŒKŒMŒMNKŒMÌÍÎLŒÌŒMKNLLNLÍMMËŒÌÍMLŒNMÎNMŒËŒMŒÎMŒÌMLŒÍ‹NNMŒ™KLM‚™]™[ÜY[ËKŒKØØWÙ\]Z]˜[[ŒLŒKŒMŒMNKŒMÌÍÎLŒÌŒMKNLLNLÍMMËŒÌÍMLŒNMÎNMŒËŒMŒÎMŒÌMLŒÍ‹NNMŒ™KLM‚™]™[ÜY[ËKŒK›ØÚ×ÙXYÛÛ˜[ŒLŒKŒNŒMŒÍMÌ‹ŒMMŒLŒMÌMLŒËNÌÌÍÍŒŒÍÌKŒÎLÍLÎLMNL‹ŒÍÍMMŒŒÎLÍË‹ŒŒŒŒLLÌLÙKLM‚™]™[ÜY[ËKŒKØWÜ˜[š×ÛX]ÚYŒLŒKŒMŒÌŒÍLLÌ‹ŒŒŒÍÎMÎMNMÎMKMÍŒÍÍÍÌŒÍÍMÎ‹ŒLÎLLMŒŒÎMÍËŒLLMÌMÍŒMÍ‹ËMÎNŒNKLM‚™]™[ÜY[ËKŒK˜[™ÛWÜ˜[š×ÛX]ÚYŒLŒNÍLMÍLLMŒŒŒÌÍÌŒNLÍKNNLLŒMÌÌÍKŒNLLMÎMNLLÍ‹ŒMŒÌÍÎMÍLLKËŒŒÌÌMÍNYKLM‚™]™[ÜY[ËKŒK˜]×Üİ™ŒLŒKŒŒÌLLŒMMM‹ŒMŒMŒMÌÌMŒNLNÍNÌÍKŒÌLÍLŒÍŒMÎLLÍMMŒLÌŒËMÎMNMÍMÎÍÌYKLM‚™]™[ÜY[ËKŒK[Üİ]WÛÜ˜XÛKŒLŒKŒŒKŒŒŒËMÎNŒNKLM‚™]™[ÜY[ËKŒ‹ÛÜœ™[Û‹ŒLŒNMLÍMLŒŒLÌMÍËŒLMLÍLLÍLÌÍ‹NLMÎNMŒÌLÌÍËŒŒLÌŒMŒLLÍŒŒŒKŒMÌLÍŒLÌÍLLNMËËMÎNŒNKLM‚™]™[ÜY[ËKŒ‹ØØWÙ\]Z]˜[[ŒLŒNMLÍMLŒŒLÌMÍËŒLMLÍLLÍLÌÍ‹NLMÎNMŒÌLÌÍËŒŒLÌŒMŒLLÍŒŒŒKŒMÌLÍŒLÌÍLLNMËËMÎNŒNKLM‚™]™[ÜY[ËKŒ‹›ØÚ×ÙXYÛÛ˜[ŒLŒKŒNŒMŒÍMÌ‹ŒMMŒLŒMÌMLŒËNÌÌÍÍŒŒÍÌKŒÎLÍLÎLMNL‹ŒÍÍMMŒŒÎLÍË‹ŒŒŒŒLLÌLÙKLM‚™]™[ÜY[ËKŒ‹ØWÜ˜[š×ÛX]ÚYŒLŒKŒÌÍÎMÍÍMLÎŒŒÍLLMÍÌL‹MÍÍÌNMÍŒKŒLMŒŒMMLMÎLÌL‹ŒLMÎLMŒÍÎMŒŒLŒË‹ŒLŒŒŒÍMÎÍŒYKLM‚™]™[ÜY[ËKŒ‹˜[™ÛWÜ˜[š×ÛX]ÚYŒLŒNŒÍNŒÌNLMKŒŒMNÌKMÎNMLÌLLMMŒ‹ŒLLLLLM‹ŒMÌMŒŒÎNMŒÍŒLLÌŒKLM‚™]™[ÜY[ËKŒ‹˜]×Üİ™ŒLŒNMÍNLMÍMŒLNMLMMMÍNNKNLMÎNÍLÌÌ‹ŒŒMNLLÍÍÎ‹ŒMMÍLMÍŒÍLLËÌNÎMMLMYKLM‚™]™[ÜY[ËKŒ‹[Üİ]WÛÜ˜XÛKŒLŒKŒŒKŒŒŒËMÎNŒNKLM‚™]™[ÜY[ËKŒÛÜœ™[Û‹ŒLŒNMLLMLŒŒÍLKŒŒÍLMŒÌÌN‹NMLLLŒÌNËŒÎLÌMÍŒNNÍMKŒMŒÎLLÌÎMLLKKŒÌÍMNLÍMMMKLM‚™]™[ÜY[ËKŒØØWÙ\]Z]˜[[ŒLŒNMLLMLŒŒÍLKŒŒÍLMŒÌÌN‹NMLLLŒÌNËŒÎLÌMÍŒNNÍMKŒMŒÎLLÌÎMLLKKŒÌÍMNLÍMMMKLM‚™]™[ÜY[ËKŒ›ØÚ×ÙXYÛÛ˜[ŒLŒKŒNŒMŒÍMÌ‹ŒMMŒLŒMÌMLŒËNÌÌÍÍŒŒÍÌKŒÎLÍLÎLMNL‹ŒÍÍMMŒŒÎLÍË‹ŒŒŒŒLLÌLÙKLM‚™]™[ÜY[ËKŒØWÜ˜[š×ÛX]ÚYŒLŒKŒÍŒLNLŒÍNMŒŒŒŒÌNMNM‹MŒMÍÌŒÍMÌÎMŒLÎLÍÍLNNŒMŒŒÍÍMLLNÌNÎMMLMYKLM‚™]™[ÜY[ËKŒ˜[™ÛWÜ˜[š×ÛX]ÚYŒLŒMMÌŒÍNÎLŒËŒŒMLLÌ‹MÍÎLMLŒÎLLÌ‹ŒLLLÎÌMÌLÌMŒLŒÍÌNLLÍÌÌÎÌMK‹ŒŒŒŒLLÌLÙKLM‚™]™[ÜY[ËKŒ˜]×Üİ™ŒLŒNMÍÌLŒMÍÍÍÌŒLKŒMLÍÍÎLLŒMŒNNMNNMNMNÌ‹ŒÎÎMLNMMŒMÌMÍŒMMŒMÎÌŒ‹‹ŒŒŒŒLLÌLÙKLM‚™]™[ÜY[ËKŒ[Üİ]WÛÜ˜XÛKŒLŒKŒŒKŒŒŒËMÎNŒNKLM‚™]™[ÜY[ËM‹KŒKKÛÜœ™[Û‹ŒLŒNÎNŒNMMMÎNŒL‹ŒLŒLŒÌMKNMŒŒNMÍŒŒKŒLNLÍNMÍÌŒMÍKŒŒLÍLÌLLÍÍŒŒKLŒNLŒ™KLM‚™]™[ÜY[ËM‹KŒKKØØWÙ\]Z]˜[[ŒLŒNÎNŒNMMMÎNŒL‹ŒLŒLŒÌMKNMŒŒNMÍŒŒKŒLNLÍNMÍÌŒMÍKŒŒLÍLÌLLÍÍŒŒKLŒNLŒ™KLM‚™]™[ÜY[ËM‹KŒKK›ØÚ×ÙXYÛÛ˜[ŒLŒNÌÍÎMÌŒLÎ‹ŒLÍÌÍMLÍÍŒÎLMÎNMMMŒMMMËŒÌŒLNNNLNMÌKŒNMMÍŒLÎÎMLLÌÍKLŒNLŒ™KLM‚™]™[ÜY[ËM‹KŒKKØWÜ˜[š×ÛX]ÚYŒLŒKŒÌNNLÌŒMŒNNMMŒMŒLMËMÍÎNÍÍNMÌŒLLŒMNÌÍLMM‹ŒLLÍÍŒLÎNLŒÍÌËKÌÍÎLMNŒÍ™KLMB™]™[ÜY[ËM‹KŒKK˜[™ÛWÜ˜[š×ÛX]ÚYŒLŒNÍÍÌÍŒMMŒLÍLÍÌÌŒÌNNNMÎNMMÎMM‹ŒLNLŒMLMÌN‹ŒŒŒÌÍŒNŒÌÎMËËŒŒMMŒŒÍLNKLM‚™]™[ÜY[ËM‹KŒKK˜]×Üİ™ŒLŒNMMŒLÌNMŒLMNLNLMŒNNMÌÍNLÎÌMÌÌËŒLLÌÌÌŒÌÍÌÍÌ‹ŒŒÍMMŒŒÍLLŒKËŒLÌLLÌÌMÍÌNLNYKLM‚™]™[ÜY[ËM‹KŒKK[Üİ]WÛÜ˜XÛKŒLŒKŒŒKŒŒŒËMÎNŒNKLM‚™]™[ÜY[ËM‹KŒK‹ÛÜœ™[Û‹ŒLŒNMLMMŒÌÌLKŒLÍÎÌMMNLÎKNMÌLMMÍÌKŒMÌMMÎÍÌ‹ŒŒÍÍNŒMÌNLËMÎNŒNKLM‚™]™[ÜY[ËM‹KŒK‹ØØWÙ\]Z]˜[[ŒLŒNMLMMŒÌÌLKŒLÍÎÌMMNLÎKNMÌLMMÍÌKŒMÌMMÎÍÌ‹ŒŒÍÍNŒMÌNLËMÎNŒNKLM‚™]™[ÜY[ËM‹KŒK‹›ØÚ×ÙXYÛÛ˜[ŒLŒNÌÍÎMÌŒLÎ‹ŒLÍÌÍMLÍÍŒÎLMÎNMMMŒMMMËŒÌŒLNNNLNMÌKŒNMMÍŒLÎÎMLLÌÍKLŒNLŒ™KLM‚™]™[ÜY[ËM‹KŒK‹ØWÜ˜[š×ÛX]ÚYŒLŒKŒÍÍÍÍMLLKŒŒÎLŒÍLLÌÌËMÍMÌLNKŒLLÍLÌLÍMŒLLLLMŒŒÌLËKÍÍŒÍMÎMLYKLMB™]™[ÜY[ËM‹KŒK‹˜[™ÛWÜ˜[š×ÛX]ÚYŒLŒNMŒÌÍNLMLËŒLLŒÍÎLMÎNÌËNLÎMLLÌÍÍLŒÎ‹ŒMNLÎLŒMÌÍŒŒÌLÍÍÎMÌM‹NMŒÍŒLLÌŒKLM‚™]™[ÜY[ËM‹KŒK‹˜]×Üİ™ŒLŒNMMŒLŒÌŒŒ‹ŒLÌÎLMÌLŒLNKNMLMÍŒNNN‹ŒMÌLÌLLMLÎNMŒŒÍÍŒMŒMÌÌËÌNÎMMLMYKLM‚™]™[ÜY[ËM‹KŒK‹[Üİ]WÛÜ˜XÛKŒLŒKŒŒKŒŒŒËMÎNŒNKLM‚™]™[ÜY[ËM‹KŒKÛÜœ™[Û‹ŒLŒMÍÍÌLLÎMŒLMŒÎMÌÌÎLNLÌMLNLLKŒNLÍÍÌNMMÍKŒÍNÌÍÌLÌÍMKŒÌÍMNLÍMMMKLM‚™]™[ÜY[ËM‹KŒKØØWÙ\]Z]˜[[ŒLŒMÍÍÌLLÎMŒLMŒÎMÌÌÎLNLÌMLNLLKŒNLÍÍÌNMMÍKŒÍNÌÍÌLÌÍMKŒÌÍMNLÍMMMKLM‚™]™[ÜY[ËM‹KŒK›ØÚ×ÙXYÛÛ˜[ŒLŒNÌÍÎMÌŒLÎ‹ŒLÍÌÍMLÍÍŒÎLMÎNMMMŒMMMËŒÌŒLNNNLNMÌKŒNMMÍŒLÎÎMLLÌÍKLŒNLŒ™KLM‚™]™[ÜY[ËM‹KŒKØWÜ˜[š×ÛX]ÚYŒLŒKŒÍÍÎLLMMÎLLËŒŒÎLMÍMLÍËMMÍÌÍÌMLLŒLŒLÍŒLÌÌLLŒ‹ŒLLŒLLŒLNMÍLŒNLŒ™KLM‚™]™[ÜY[ËM‹KŒK˜[™ÛWÜ˜[š×ÛX]ÚYŒLŒMÍÍÍÌÎLM‹ŒLMÍÍÎLÍÍNMÌLŒËNLÌŒNLÍËŒNLÍŒMMÌÍMŒÍŒÍ‹ŒLMÍÌMLŒNLLËNMŒÍŒLLÌŒKLM‚™]™[ÜY[ËM‹KŒK˜]×Üİ™ŒLŒMÍÎÍLÍLMÌÌŒŒKŒLMMMLNMÎËNLÌNMÎLLNLMNNNMËŒNÌNÌÍNÍKŒÌÌMÍŒMNNŒKKMLLLMLLŒÌLMÎÙKLM‚™]™[ÜY[ËM‹KŒK[Üİ]WÛÜ˜XÛKŒLŒKŒŒKŒŒŒËMÎNŒNKLM‚™]™[ÜY[ËM‹KŒKKÛÜœ™[Û‹ŒLŒMÎÍÍÌÌÎL‹ŒLŒLŒLŒÌLNMÎLMÌMÎ‹ŒLNLÍNMËŒŒÎNÌÌÎLLLMËŒŒMMŒŒÍLNKLM‚™]™[ÜY[ËM‹KŒKKØØWÙ\]Z]˜[[ŒLŒMÎÍÍÌÌÎL‹ŒLŒLŒLŒÌLNMÎLMÌMÎ‹ŒLNLÍNMËŒŒÎNÌÌÎLLLMËŒŒMMŒŒÍLNKLM‚™]™[ÜY[ËM‹KŒKK›ØÚ×ÙXYÛÛ˜[ŒLŒNNNLÍÎNŒ‹ŒNLÎÌMÍMÌÌÌËNMLNNLÌMËŒNNNMMNMŒŒLMMLÌNÍNËŒŒÍŒŒŒÌÌÍMLÙKLM‚™]™[ÜY[ËM‹KŒKKØWÜ˜[š×ÛX]ÚYŒLŒKŒÌÎNNNLŒËŒNNÍÎLÍŒÌÍLÍKMÍÍÎMŒÍLNMNL‹ŒLŒNMNMLÍŒ‹ŒLLMÌŒNŒÍËKÍMMÌLÌLÎÙKLM‚™]™[ÜY[ËM‹KŒKK˜[™ÛWÜ˜[š×ÛX]ÚYŒLŒMÎLŒLÎLŒLLKŒLŒLÍÍÌÌŒM‹NMÌŒŒÌŒŒLLKŒLÌÍLLMÌÍÌ‹ŒŒÌMMÌLŒNMÌËËŒÌÌLÌÎÍMM™KLM‚™]™[ÜY[ËM‹KŒKK˜]×Üİ™ŒLŒMÎLÍÎNMŒLŒËŒLLMÌMŒÍŒKNMÍÌKŒLMLÍNŒÎMŒŒŒŒÌŒŒM‹‹ŒLŒŒŒÍMÎÍŒYKLM‚™]™[ÜY[ËM‹KŒKK[Üİ]WÛÜ˜XÛKŒLŒKŒŒKŒŒŒËŒÌÌLÌÎÍMM™KLM‚™]™[ÜY[ËM‹KŒK‹ÛÜœ™[Û‹ŒLŒMÍŒMLÎLŒLŒN‹ŒLLÌÍNMÌÎMLKNLÎNLÍÎMÌ‹ŒMLLMŒÍÍŒÍMÍÌMMNL‹ËŒNLNLLNMMÎMÌÌYKLM‚™]™[ÜY[ËM‹KŒK‹ØØWÙ\]Z]˜[[ŒLŒMÍŒMLÎLŒLŒN‹ŒLLÌÍNMÌÎMLKNLÎNLÍÎMÌ‹ŒMLLMŒÍÍŒÍMÍÌMMNL‹ËŒNLNLLNMMÎMÌÌYKLM‚™]™[ÜY[ËM‹KŒK‹›ØÚ×ÙXYÛÛ˜[ŒLŒNNNLÍÎNŒ‹ŒNLÎÌMÍMÌÌÌËNMLNNLÌMËŒNNNMMNMŒŒLMMLÌNÍNËŒŒÍŒŒŒÌÌÍMLÙKLM‚™]™[ÜY[ËM‹KŒK‹ØWÜ˜[š×ÛX]ÚYŒLŒKŒLÌÍMŒŒLNŒŒLLÌÌMÍNÌ‹MÍŒÎMLŒŒMÍŒÎM‹ŒLŒÎNÍMÍ‹ŒLLNNLMLÍÍŒÌÌÍKLM‚™]™[ÜY[ËM‹KŒK‹˜[™ÛWÜ˜[š×ÛX]ÚYŒLŒMÍNNMLLÌ‹ŒLLLNLÌÎLÍMŒLKNLÎÍMŒÍÌNËŒMMLŒÍÍMŒÌÍ‹ŒLÍLŒŒÎKMLLLMLLŒÌLMÎÙKLM‚™]™[ÜY[ËM‹KŒK‹˜]×Üİ™ŒLŒMÍÌMMLÍMMMÍLËŒLNLMNMŒLŒ‹NLÎNMLNMŒ‹ŒMÌÍŒNLŒMÍŒLKŒŒÌÌÍLÌLÍÎNMLŒNLŒ™KLM‚™]™[ÜY[ËM‹KŒK‹[Üİ]WÛÜ˜XÛKŒLŒKŒŒKŒŒŒËŒÌÌLÌÎÍMM™KLM‚™]™[ÜY[ËM‹KŒKÛÜœ™[Û‹ŒLŒMÌLÌÎNLMÍMÍ‹ŒLŒŒLMÌÍMNÎNLNŒÌŒLMËŒNLŒNMÍÌÎLÍM‹ŒMLLMŒŒÌML‹KMLLLMLLŒÌLMÎÙKLM‚™]™[ÜY[ËM‹KŒKØØWÙ\]Z]˜[[ŒLŒMÌLÌÎNLMÍMÍ‹ŒLŒŒLMÌÍMNÎNLNŒÌŒLMËŒNLŒNMÍÌÎLÍM‹ŒMLLMŒŒÌML‹KMLLLMLLŒÌLMÎÙKLM‚™]™[ÜY[ËM‹KŒK›ØÚ×ÙXYÛÛ˜[ŒLŒNNNLÍÎNŒ‹ŒNLÎÌMÍMÌÌÌËNMLNNLÌMËŒNNNMMNMŒŒLMMLÌNÍNËŒŒÍŒŒŒÌÌÍMLÙKLM‚™]™[ÜY[ËM‹KŒKØWÜ˜[š×ÛX]ÚYŒLŒKŒÌÎLŒŒÎLŒMKŒŒŒŒNMŒLÍÌMŒLËMÌMÍÍMLMNKŒLNMLŒÎÌLNLŒLŒMÌÌMÌÎLNNË‹ŒLMŒÍÍÎÍÎMÍKLMB™]™[ÜY[ËM‹KŒK˜[™ÛWÜ˜[š×ÛX]ÚYŒLŒMÌLŒÎLLÍMŒLŒŒŒÍMÍLÎNL‹NLÌLLÍLMNÌÍ‹ŒŒÍÍNMÎMËŒÌÌÎÌMMLÌÍÍKÌÎLŒÌ™KLM‚™]™[ÜY[ËM‹KŒK˜]×Üİ™ŒLŒMÌŒÍMŒŒMLÌÌÎKŒLŒMŒÌLÍ‹NLÌLLÌÍÎLLÎNNŒNÎMÌÍNLMMÍÌMKŒÌÌLMLÎMNMÍLŒNLŒ™KLM‚™]™[ÜY[ËM‹KŒK[Üİ]WÛÜ˜XÛKŒLŒKŒŒKŒŒŒËŒÌÌLÌÎÍMM™KLM‚™]™[ÜY[ËM‹KKKÛÜœ™[Û‹ŒLŒNLMNMŒÍMËŒMŒŒŒÌNLÍŒËNMMMNŒKŒÌLLMMNLŒKŒŒŒNMÎLMLÍÍ‹KMLLLMLLŒÌLMÎÙKLM‚™]™[ÜY[ËM‹KKKØØWÙ\]Z]˜[[ŒLŒNLMNMŒÍMËŒMŒŒŒÌNLÍŒËNMMMNŒKŒÌLLMMNLŒKŒŒŒNMÎLMLÍÍ‹KMLLLMLLŒÌLMÎÙKLM‚™]™[ÜY[ËM‹KKK›ØÚ×ÙXYÛÛ˜[ŒLŒNLŒNÎMÌMNÌËŒLÍŒÍŒÍŒLNMÌÌKNMNŒMŒLŒKŒMÌŒÎLÍLMMNKŒNÌNMŒMNMLÌKKMLŒÍÌLÎLMŒÍÙKLM‚™]™[ÜY[ËM‹KKKØWÜ˜[š×ÛX]ÚYŒLŒKŒNMÌŒNL‹ŒNMŒMÍŒLÎMÎLMKMÎMÌŒÌMÌLM‹ŒLNÍÍŒŒMŒMKŒLŒMNNLŒÍŒLÌŒKKMLLLMLLŒÌLMÎÙKLM‚™]™[ÜY[ËM‹KKK˜[™ÛWÜ˜[š×ÛX]ÚYŒLŒNÍÌMLMMÍŒNŒLÌÍMMŒMŒ‹NMÌŒMNMLŒLMŒLLÍÌÎMÎLMNŒŒÌNMLŒÌMNLÎÍÍËŒŒMMŒŒÍLNKLM‚™]™[ÜY[ËM‹KKK˜]×Üİ™ŒLŒNMÍÍÍLËŒLNLÍÌÍÌŒËNMNMÎÍLÎNLKŒMLLÎÎŒŒÎM‹ŒNNLŒÌMÌL‹NMŒÍŒLLÌŒKLM‚™]™[ÜY[ËM‹KKK[Üİ]WÛÜ˜XÛKŒLŒKŒŒKŒŒŒKMLLLMLLŒÌLMÎÙKLM‚™]™[ÜY[ËM‹KK‹ÛÜœ™[Û‹ŒLŒNŒÎLÌMŒLŒLÍŒÎNLLNMËNMÌLŒŒÌLŒŒ‹ŒLMMNÎLÌMNM‹ŒŒÎLÌŒÎLÍÌ‹ËÍMŒLÎLÍÍŒMŒÌKLM‚™]™[ÜY[ËM‹KK‹ØØWÙ\]Z]˜[[ŒLŒNŒÎLÌMŒLŒLÍŒÎNLLNMËNMÌLŒŒÌLŒŒ‹ŒLMMNÎLÌMNM‹ŒŒÎLÌŒÎLÍÌ‹ËÍMŒLÎLÍÍŒMŒÌKLM‚™]™[ÜY[ËM‹KK‹›ØÚ×ÙXYÛÛ˜[ŒLŒNLŒNÎMÌMNÌËŒLÍŒÍŒÍŒLNMÌÌKNMNŒMŒLŒKŒMÌŒÎLÍLMMNKŒNÌNMŒMNMLÌKKMLŒÍÌLÎLMŒÍÙKLM‚™]™[ÜY[ËM‹KK‹ØWÜ˜[š×ÛX]ÚYŒLŒKŒÍÍÍLŒÍL‹ŒŒŒLÍŒÍÌMKMÍNLÍÌMŒ‹ŒLMÌLÌÌŒLÍÍŒÌÌ‹ŒLLLÌLLÌÍLMLMKNMŒÍŒLLÌŒKLM‚™]™[ÜY[ËM‹KK‹˜[™ÛWÜ˜[š×ÛX]ÚYŒLŒNMMÌMMMŒNËŒLLMLŒÎNKNLÎLÎNLÌLLÍËŒMLŒÌÌÌMŒŒÍL‹ŒŒŒÌÍNÍÌLM‹ÎÎÍÎLÍMNNKLM‚™]™[ÜY[ËM‹KK‹˜]×Üİ™ŒLŒNŒLÍLKŒLNMNLMÌŒËNMÌÍNLÌŒŒLLÌÌÍŒŒÌÍÍLŒŒÌMLMŒÌÌÍŒNMÍNMŒÍŒLLÌŒKLM‚™]™[ÜY[ËM‹KK‹[Üİ]WÛÜ˜XÛKŒLŒKŒŒKŒŒŒKMLLLMLLŒÌLMÎÙKLM‚™]™[ÜY[ËM‹KKÛÜœ™[Û‹ŒLŒMÍÍŒÌMLŒMŒLLÍÍÌMÍMMŒMËNLÍŒÍLÎŒKŒMLÍÎMÍŒŒNŒÍÌMÎMÍKMLLLMLLŒÌLMÎÙKLM‚™]™[ÜY[ËM‹KKØØWÙ\]Z]˜[[ŒLŒMÍÍŒÌMLŒMŒLLÍÍÌMÍMMŒMËNLÍŒÍLÎŒKŒMLÍÎMÍŒŒNŒÍÌMÎMÍKMLLLMLLŒÌLMÎÙKLM‚™]™[ÜY[ËM‹KK›ØÚ×ÙXYÛÛ˜[ŒLŒNLŒNÎMÌMNÌËŒLÍŒÍŒÍŒLNMÌÌKNMNŒMŒLŒKŒMÌŒÎLÍLMMNKŒNÌNMŒMNMLÌKKMLŒÍÌLÎLMŒÍÙKLM‚™]™[ÜY[ËM‹KKØWÜ˜[š×ÛX]ÚYŒLŒKŒÍMÎÌŒŒMMÎËŒŒNÌÌLÌMŒŒKMLÎLLLËŒLMMŒLNLŒMMŒ‹ŒLMÌNMŒMÍNNKKŒÌNÌÌÍYKLM‚™]™[ÜY[ËM‹KK˜[™ÛWÜ˜[š×ÛX]ÚYŒLŒMÍŒŒÎŒÌŒÍŒLŒÍÍÍÌMNMŒÎMNKNLNLLLNËŒŒÍŒÌLÍŒÍŒÌ‹ŒŒÌLŒŒMMLŒNLŒ™KLM‚™]™[ÜY[ËM‹KK˜]×Üİ™ŒLŒMÎŒLMÍŒLMMÎKŒLLLÌÍÌLÌŒÍÍÌ‹NLÍÍNÍÍÎMËŒMNMMŒŒÍÍÌŒËŒÌMŒŒÍÍÎ‹‹ÍÍMMMÍMŒMMŒLMKLM‚™]™[ÜY[ËM‹KK[Üİ]WÛÜ˜XÛKŒLŒKŒŒKŒŒŒKMLLLMLLŒÌLMÎÙKLM‚™]™[ÜY[ËM‹KKŒKÛÜœ™[Û‹ŒLŒMÌMÎMLÍŒLÎMŒMŒMNMLMLLMLÎMÌÎL‹ŒLMÍLŒÌŒÌMKŒLLÍÍLÌÍMÌÎNMËËŒÌÌLÌÎÍMM™KLM‚™]™[ÜY[ËM‹KKŒKØØWÙ\]Z]˜[[ŒLŒMÌMÎMLÍŒLÎMŒMŒMNMLMLLMLÎMÌÎL‹ŒLMÍLŒÌŒÌMKŒLLÍÍLÌÍMÌÎNMËËŒÌÌLÌÎÍMM™KLM‚™]™[ÜY[ËM‹KKŒK›ØÚ×ÙXYÛÛ˜[ŒLŒMÎŒLLLÌÍLLŒLMLÍLLMMÌMKNMÎMÌÎŒŒËŒMNLMÍLMÌÎLËŒŒMÎÍÌMŒLMN‹ŒŒŒŒLLÌLÙKLM‚™]™[ÜY[ËM‹KKŒKØWÜ˜[š×ÛX]ÚYŒLŒKŒÌMMLÌMÍÎNËŒŒÍÎMÍÌÌMËMÎLÍÌÍÍMLŒLMMMŒÍLLÌLKŒLNŒLLÌÍÍMLKKMLLLMLLŒÌLMÎÙKLM‚™]™[ÜY[ËM‹KKŒK˜[™ÛWÜ˜[š×ÛX]ÚYŒLŒMLMLÌL‹ŒMLŒÎLÌMNMÌÎLËNLÍŒÌÌLLKŒLÍÍÍMËŒÌŒÍNLÎÌŒ‹NNMŒ™KLM‚™]™[ÜY[ËM‹KKŒK˜]×Üİ™ŒLŒMÌLMLŒÍMŒŒÌMËŒLÎLLŒŒÌMÌKNMLMLÎMLÍ‹ŒLÎMLNLLŒLKŒLLÍÍMLŒLÍMÌMËKMLLLMLLŒÌLMÎÙKLM‚™]™[ÜY[ËM‹KKŒK[Üİ]WÛÜ˜XÛKŒLŒKŒŒKŒŒŒ‹ÍÍMMMÍMŒMMŒLMKLM‚™]™[ÜY[ËM‹KKŒ‹ÛÜœ™[Û‹ŒLŒMÌMŒMLÍMÎŒLMLŒÌÍÍÎKNMLÌŒÍŒNMÌŒ‹ŒLŒÌÌMLÌÌNKŒMLMÌÎLÍLŒNLŒ™KLM‚™]™[ÜY[ËM‹KKŒ‹ØØWÙ\]Z]˜[[ŒLŒMÌMŒMLÍMÎŒLMLŒÌÍÍÎKNMLÌŒÍŒNMÌŒ‹ŒLŒÌÌMLÌÌNKŒMLMÌÎLÍLŒNLŒ™KLM‚™]™[ÜY[ËM‹KKŒ‹›ØÚ×ÙXYÛÛ˜[ŒLŒMÎŒLLLÌÍLLŒLMLÍLLMMÌMKNMÎMÌÎŒŒËŒMNLMÍLMÌÎLËŒŒMÎÍÌMŒLMN‹ŒŒŒŒLLÌLÙKLM‚™]™[ÜY[ËM‹KKŒ‹ØWÜ˜[š×ÛX]ÚYŒLŒKŒŒMMÌLÌLÎNKŒŒMMÌŒMLLŒÍÎMMÍÎLÌËŒLLLÍÍÍMÌÎKŒLLŒÍMLÍÌÌŒÍ‹ŒLŒŒŒÍMÎÍŒYKLM‚™]™[ÜY[ËM‹KKŒ‹˜[™ÛWÜ˜[š×ÛX]ÚYŒLŒMŒÍÌLÌMÌŒMMÌMMÍMÍÍÍËNLLŒÌÍÌÌÍÍNKŒMÌLNNLŒMLKŒÌÍMÍNLMŒLÎMÍÌMKËMÎNŒNKLM‚™]™[ÜY[ËM‹KKŒ‹˜]×Üİ™ŒLŒMÌLŒÎMÍÎLÍKŒLNMLLLŒŒKNMŒÌLÍMŒŒŒLNNNŒÍŒKŒŒLÎLMÌÌ‹MÎNMÌLL™KLM‚™]™[ÜY[ËM‹KKŒ‹[Üİ]WÛÜ˜XÛKŒLŒKŒŒKŒŒŒ‹ÍÍMMMÍMŒMMŒLMKLM‚™]™[ÜY[ËM‹KKŒÛÜœ™[Û‹ŒLŒMMLLÍMKŒLMÍŒMÌLNLMÍNLÍMLÌMLÎLŒŒMÍÍNÍŒNŒ‹ŒLLÌNLÎLËŒÌÌÍKLM‚™]™[ÜY[ËM‹KKŒØØWÙ\]Z]˜[[ŒLŒMMLLÍMKŒLMÍŒMÌLNLMÍNLÍMLÌMLÎLŒŒMÍÍNÍŒNŒ‹ŒLLÌNLÎLËŒÌÌÍKLM‚™]™[ÜY[ËM‹KKŒ›ØÚ×ÙXYÛÛ˜[ŒLŒMÎŒLLLÌÍLLŒLMLÍLLMMÌMKNMÎMÌÎŒŒËŒMNLMÍLMÌÎLËŒŒMÎÍÌMŒLMN‹ŒŒŒŒLLÌLÙKLM‚™]™[ÜY[ËM‹KKŒØWÜ˜[š×ÛX]ÚYŒLŒKŒÌÍMÌŒNËŒŒŒMLNLMÍÍŒËMÌMMMÍÌLÌMÌËŒLNLLNLLÌÌŒKŒLŒLLMÎMÌLÎÌÎËÍÌMMŒLMÌŒÍÍŒM™KLM‚™]™[ÜY[ËM‹KKŒ˜[™ÛWÜ˜[š×ÛX]ÚYŒLŒMNMMÎMŒŒÌNM‹ŒMLÌLŒÍÍŒÎMMNLLLMÌLNŒÌÎMMÍLŒÎKŒÍŒÎÌÌMÍLŒÎM‹LŒNLŒ™KLM‚™]™[ÜY[ËM‹KKŒ˜]×Üİ™ŒLŒMÌŒLLMÌÌKŒLMNLŒÌÌLNLÍÍNLÎÌÍÌÎLLMM‹ŒMMMÌLMLNÍKŒÍÍNNÌŒLË‹ŒLŒŒŒÍMÎÍŒYKLM‚™]™[ÜY[ËM‹KKŒ[Üİ]WÛÜ˜XÛKŒLŒKŒŒKŒŒŒ‹ÍÍMMMÍMŒMMŒLMKLM‚™]™[ÜY[ËM‹‹ŒKKÛÜœ™[Û‹ŒLŒNÌŒŒLÍÍÎŒMÎLÍMÎMŒÌLËNMMNMÌÍLÎŒKŒÌMÍLMMÍŒMMŒÎMLÌÍMKËMÎNŒNKLM‚™]™[ÜY[ËM‹‹ŒKKØØWÙ\]Z]˜[[ŒLŒNÌŒŒLÍÍÎŒMÎLÍMÎMŒÌLËNMMNMÌÍLÎŒKŒÌMÍLMMÍŒMMŒÎMLÌÍMKËMÎNŒNKLM‚™]™[ÜY[ËM‹‹ŒKK›ØÚ×ÙXYÛÛ˜[ŒLŒNLMÍMMÌMÍMÌNMNŒMŒŒŒÌÌLMÌKNMÍÍLÎNÍËŒŒŒMLNMLŒŒŒÍNMÌLÍMMŒKŒMŒÌLÌÌŒÎYKLM‚™]™[ÜY[ËM‹‹ŒKKØWÜ˜[š×ÛX]ÚYŒLŒKŒÎMMÌÎŒÍL‹ŒNMŒMÌLÌÌÍÍÎLÌNMÎLÍÎMŒÌÍŒKŒLMŒMÌÌMÎMŒÍKŒLMÍÌÍMLLNMŒËËMÎNŒNKLM‚™]™[ÜY[ËM‹‹ŒKK˜[™ÛWÜ˜[š×ÛX]ÚYŒLŒNÍÍLÍLÎŒËŒMLMNMMMÎŒNMKŒÌÍŒŒMÍMÎMLKŒNŒŒË‹ÍÍMMMÍMŒMMŒLMKLM‚™]™[ÜY[ËM‹‹ŒKK˜]×Üİ™ŒLŒNÍMNÍŒŒÌŒKŒMLÍÌLMÌŒÍÍNMMNNLÌÌÍŒMËŒLÎÌMMMNMKŒÍŒÌMÌLMËËŒÌÌLÌÎÍMM™KLM‚™]™[ÜY[ËM‹‹ŒKK[Üİ]WÛÜ˜XÛKŒLŒKŒŒKŒŒŒ‹ÍÍMMMÍMŒMMŒLMKLM‚™]™[ÜY[ËM‹‹ŒK‹ÛÜœ™[Û‹ŒLŒNŒÍÍMMMŒLMŒMÎÌMÍNMM‹NMMÎLLMÍÍNËŒLLŒLŒLKŒNMÍÌMMLËMÎNŒNKLM‚™]™[ÜY[ËM‹‹ŒK‹ØØWÙ\]Z]˜[[ŒLŒNŒÍÍMMMŒLMŒMÎÌMÍNMM‹NMMÎLLMÍÍNËŒLLŒLŒLKŒNMÍÌMMLËMÎNŒNKLM‚™]™[ÜY[ËM‹‹ŒK‹›ØÚ×ÙXYÛÛ˜[ŒLŒNLMÍMMÌMÍMÌNMNŒMŒŒŒÌÌLMÌKNMÍÍLÎNÍËŒŒŒMLNMLŒŒŒÍNMÌLÍMMŒKŒMŒÌLÌÌŒÎYKLM‚™]™[ÜY[ËM‹‹ŒK‹ØWÜ˜[š×ÛX]ÚYŒLŒKŒÎNÍÌLNMËŒŒLNÌÌLÌKMÍÌMÌŒMLËŒLÌLLMLLÎNËŒLLNNNLÎMMÎNKNMŒÍŒLLÌŒKLM‚™]™[ÜY[ËM‹‹ŒK‹˜[™ÛWÜ˜[š×ÛX]ÚYŒLŒNMLÎLÍMÍLËŒLMÎMŒMÌŒÎ‹NMLMŒŒÌMŒŒÌŒLMÌLLÍŒÌËŒMŒLÎLMNLMÎLËËŒŒÌÌMÍNYKLM‚™]™[ÜY[ËM‹‹ŒK‹˜]×Üİ™ŒLŒNLŒNÎŒLÌÎŒŒÌMÎKNMLLLLÎNNNŒNMMÌŒLNL‹ŒÍÌÌLÎÌŒNMMŒËËMÎNŒNKLM‚™]™[ÜY[ËM‹‹ŒK‹[Üİ]WÛÜ˜XÛKŒLŒKŒŒKŒŒŒ‹ÍÍMMMÍMŒMMŒLMKLM‚™]™[ÜY[ËM‹‹ŒKÛÜœ™[Û‹ŒLŒNLLLÎÌNMKŒLLÌŒÎMÍNMMŒÎNMLMŒÍÎKŒLÍLÍLÎMNÎM‹ŒÌŒMMLÍÍNNÌLM‹ËŒÌÌLÌÎÍMM™KLM‚™]™[ÜY[ËM‹‹ŒKØØWÙ\]Z]˜[[ŒLŒNLLLÎÌNMKŒLLÌŒÎMÍNMMŒÎNMLMŒÍÎKŒLÍLÍLÎMNÎM‹ŒÌŒMMLÍÍNNÌLM‹ËŒÌÌLÌÎÍMM™KLM‚™]™[ÜY[ËM‹‹ŒK›ØÚ×ÙXYÛÛ˜[ŒLŒNLMÍMMÌMÍMÌNMNŒMŒŒŒÌÌLMÌKNMÍÍLÎNÍËŒŒŒMLNMLŒŒŒÍNMÌLÍMMŒKŒMŒÌLÌÌŒÎYKLM‚™]™[ÜY[ËM‹‹ŒKØWÜ˜[š×ÛX]ÚYŒLŒKŒÍÍÌŒÌŒŒŒÍLŒŒNÎNNÎNLMMMÌNLMÎÌÍŒ‹ŒLŒŒÎÍÌÌŒÍ‹ŒLMÌŒLÍMÍÌMKKŒMÌLNÌÌÎLÎNÙKLMB™]™[ÜY[ËM‹‹ŒK˜[™ÛWÜ˜[š×ÛX]ÚYŒLŒNMÍÌLÌMÎNMKŒLLNMNMLLKNMLÎMÌÌÍNMKŒMLÎŒÌMLÍŒNMLŒŒÍŒMŒÌÌÍŒÍŒÍÌÍÙKLM‚™]™[ÜY[ËM‹‹ŒK˜]×Üİ™ŒLŒNMÍÎŒMÌÍŒLLÍNNNŒ‹NMÌŒÍÍŒŒŒMLKŒLÌNÍMLLLËŒÌLMLÌÍ‹LÎLÎLÎLÌŒKLM‚™]™[ÜY[ËM‹‹ŒK[Üİ]WÛÜ˜XÛKŒLŒKŒŒKŒŒŒ‹ÍÍMMMÍMŒMMŒLMKLM‚™]™[ÜY[ËM‹‹ŒKKÛÜœ™[Û‹ŒLŒNÌÌÍŒÎLMŒÌ‹ŒNNMLŒLÍÌLÌM‹NMLLNMŒŒMÎLMŒLÎNÍMLLŒNMMŒŒLLÍMÍÌNLÌÍKŒMŒÌÌÍŒÍŒÍÌÍÙKLM‚™]™[ÜY[ËM‹‹ŒKKØØWÙ\]Z]˜[[ŒLŒNÌÌÍŒÎLMŒÌ‹ŒNNMLŒLÍÌLÌM‹NMLLNMŒŒMÎLMŒLÎNÍMLLŒNMMŒŒLLÍMÍÌNLÌÍKŒMŒÌÌÍŒÍŒÍÌÍÙKLM‚™]™[ÜY[ËM‹‹ŒKK›ØÚ×ÙXYÛÛ˜[ŒLŒNÌÌLLÌÍÌMÌKŒLÍLMÎŒNMÍMKNMMÌÌÌÌÌMLMÌŒÍËŒŒNÌLÍŒMLÍ‹ŒNNMMMMMÌNÎMK‹ŒŒŒŒLLÌLÙKLM‚™]™[ÜY[ËM‹‹ŒKKØWÜ˜[š×ÛX]ÚYŒLŒKŒÎMLMÎÌNLŒNKŒNMMÌÍNŒÎLÌÍKNLNMÎÌŒŒMÍ‹ŒNMÌLÌŒÌŒKŒLÍÍŒLÍÌŒÍLKKÍMMÌLÌLÎÙKLM‚™]™[ÜY[ËM‹‹ŒKK˜[™ÛWÜ˜[š×ÛX]ÚYŒLŒNLNÌÍM‹ŒLLMMÌMLÌMMŒŒKNMNLLMLLKŒLMÍÌMLÌMÎKŒŒÌÎÌLÌÌMK‹ÍÍMMMÍMŒMMŒLMKLM‚™]™[ÜY[ËM‹‹ŒKK˜]×Üİ™ŒLŒNLÍMÍMŒLŒLÍŒMÍLŒŒMÍ‹NMLNNNMÍŒMMLMNLMKŒŒLÌMÌŒM‹KMLLLMLLŒÌLMÎÙKLM‚™]™[ÜY[ËM‹‹ŒKK[Üİ]WÛÜ˜XÛKŒLŒKŒŒKŒŒŒLŒNLŒ™KLM‚™]™[ÜY[ËM‹‹ŒK‹ÛÜœ™[Û‹ŒLŒNMÎÌÍLLÍLËŒLMNLÍÎLÌLMÎÍÎNMMÎNMÍNNMŒLŒLÌŒÌŒÌŒMKŒŒÍLŒÌÌLÍNLÍLKMLLLMLLŒÌLMÎÙKLM‚™]™[ÜY[ËM‹‹ŒK‹ØØWÙ\]Z]˜[[ŒLŒNMÎÌÍLLÍLËŒLMNLÍÎLÌLMÎÍÎNMMÎNMÍNNMŒLŒLÌŒÌŒÌŒMKŒŒÍLŒÌÌLÍNLÍLKMLLLMLLŒÌLMÎÙKLM‚™]™[ÜY[ËM‹‹ŒK‹›ØÚ×ÙXYÛÛ˜[ŒLŒNÌÌLLÌÍÌMÌKŒLÍLMÎŒNMÍMKNMMÌÌÌÌÌMLMÌŒÍËŒŒNÌLÍŒMLÍ‹ŒNNMMMMMÌNÎMK‹ŒŒŒŒLLÌLÙKLM‚™]™[ÜY[ËM‹‹ŒK‹ØWÜ˜[š×ÛX]ÚYŒLŒKŒÍLŒÍLÍMNLËŒŒÌŒÎNMÍMÎMÍÍLÎNÌKŒLŒLÎLLŒËŒLŒLMLÍMLÍÍLË‹ŒLÌÎMÍÍLLÎYKLM‚™]™[ÜY[ËM‹‹ŒK‹˜[™ÛWÜ˜[š×ÛX]ÚYŒLŒNŒÍÍLLÎNLNLÍKŒLNŒMMÌŒKNMŒŒNNMÍMÍËŒLNMLLÎMŒÌŒŒLKŒŒNÎMLŒÌLLŒËËMÎNŒNKLM‚™]™[ÜY[ËM‹‹ŒK‹˜]×Üİ™ŒLŒNÌMMŒLNN‹ŒLMŒÌNÌMMŒM‹NMMÌÌÌËŒLLŒÎLÌLŒÌMKŒŒMNŒLLMÍÌKKMLLLMLLŒÌLMÎÙKLM‚™]™[ÜY[ËM‹‹ŒK‹[Üİ]WÛÜ˜XÛKŒLŒKŒŒKŒŒŒLŒNLŒ™KLM‚™]™[ÜY[ËM‹‹ŒKÛÜœ™[Û‹ŒLŒMÍÎMŒMŒKŒLLÌLÌLNÌMÎËNLÍÍÍLŒNMMKŒMNLÌLŒÌŒŒÌÎM‹ŒMŒMŒÍLNLÍŒLL‹LŒNLŒ™KLM‚™]™[ÜY[ËM‹‹ŒKØØWÙ\]Z]˜[[ŒLŒMÍÎMŒMŒKŒLLÌLÌLNÌMÎËNLÍÍÍLŒNMMKŒMNLÌLŒÌŒŒÌÎM‹ŒMŒMŒÍLNLÍŒLL‹LŒNLŒ™KLM‚™]™[ÜY[ËM‹‹ŒK›ØÚ×ÙXYÛÛ˜[ŒLŒNÌÌLLÌÍÌMÌKŒLÍLMÎŒNMÍMKNMMÌÌÌÌÌMLMÌŒÍËŒŒNÌLÍŒMLÍ‹ŒNNMMMMMÌNÎMK‹ŒŒŒŒLLÌLÙKLM‚™]™[ÜY[ËM‹‹ŒKØWÜ˜[š×ÛX]ÚYŒLŒKŒÍMÍÍMÌÍNMMŒŒŒLMÍLÎÍKMÌÍNMMŒŒÎŒLŒNLLNÌLÍNM‹ŒLMLŒŒÌŒM‹ËMLLLMMLMKLM‚™]™[ÜY[ËM‹‹ŒK˜[™ÛWÜ˜[š×ÛX]ÚYŒLŒMÎŒÌLŒÍÌÍÍ‹ŒLMMLŒÍNLÎM‹NLÍŒÌMÍKŒMŒMÍLÌÍNLKŒMÍÍMMÌMÍËLŒNLŒ™KLM‚™]™[ÜY[ËM‹‹ŒK˜]×Üİ™ŒLŒMÎŒÌLÍÌNNLKŒLLLÌŒÎLM‹NLÎLÎMÌÌKŒMLLÎŒÌMLNMŒŒLNŒÎMÍ‹KMLLLMLLŒÌLMÎÙKLM‚™]™[ÜY[ËM‹‹ŒK[Üİ]WÛÜ˜XÛKŒLŒKŒŒKŒŒŒLŒNLŒ™KLM‚™]™[ÜY[ËM‹‹KKÛÜœ™[Û‹ŒLŒNŒLMÎMLÍŒ‹ŒLÍŒÎMÍLMÌNLKNMŒLŒMŒKŒÍÌŒŒNMMŒLLÎLKŒMÍÍŒLMÌŒLŒKËŒÌÌLÌÎÍMM™KLM‚™]™[ÜY[ËM‹‹KKØØWÙ\]Z]˜[[ŒLŒNŒLMÎMLÍŒ‹ŒLÍŒÎMÍLMÌNLKNMŒLŒMŒKŒÍÌŒŒNMMŒLLÎLKŒMÍÍŒLMÌŒLŒKËŒÌÌLÌÎÍMM™KLM‚™]™[ÜY[ËM‹‹KK›ØÚ×ÙXYÛÛ˜[ŒLŒNMMÎÍLÍLÍŒLLŒMNLÌL‹NMŒMLÍÍŒÎLMLŒÎMÌŒNÍKŒLNLÍÍLMÍ‹‹ŒŒŒŒLLÌLÙKLM‚™]™[ÜY[ËM‹‹KKØWÜ˜[š×ÛX]ÚYŒLŒKŒÎÍÌNÌŒÍÍÍKŒNNLMÌŒNKMÍÎNNLÌMKŒLLLÍÍMMN‹ŒLMÍÍÍMMLÌÍÍÍ‹ŒLŒŒŒÍMÎÍŒYKLM‚™]™[ÜY[ËM‹‹KK˜[™ÛWÜ˜[š×ÛX]ÚYŒLŒNMÍLNLÌŒLNŒKŒLMÍLÌNÌÎNMLLÎMÍÌÍNMLŒÍŒKŒLMŒMÎÍÍLŒMÍ‹ŒMŒLŒMLŒŒÌÎMÌÎËŒÌÌLÌÎÍMM™KLM‚™]™[ÜY[ËM‹‹KK˜]×Üİ™ŒLŒNÎNLMLNLÍÎŒLNNLÍÌÍMMŒKNMŒLMLŒLÍŒLŒ‹ŒŒÎMLŒÎLMKŒMNLMLMLMŒÍKËŒÌÌLÌÎÍMM™KLM‚™]™[ÜY[ËM‹‹KK[Üİ]WÛÜ˜XÛKŒLŒKŒŒKŒŒŒLŒNLŒ™KLM‚™]™[ÜY[ËM‹‹K‹ÛÜœ™[Û‹ŒLŒNNMMŒÍMLMMÍŒ‹ŒLLÍŒMLLËNMLŒMNÍMLM‹ŒNLNMMLÎLÌ‹ŒMÍMMÌMŒÌŒLNKŒMÌLNÌÌÎLÎNÙKLMB™]™[ÜY[ËM‹‹K‹ØØWÙ\]Z]˜[[ŒLŒNNMMŒÍMLMMÍŒ‹ŒLLÍŒMLLËNMLŒMNÍMLM‹ŒNLNMMLÎLÌ‹ŒMÍMMÌMŒÌŒLNKŒMÌLNÌÌÎLÎNÙKLMB™]™[ÜY[ËM‹‹K‹›ØÚ×ÙXYÛÛ˜[ŒLŒNMMÎÍLÍLÍŒLLŒMNLÌL‹NMŒMLÍÍŒÎLMLŒÎMÌŒNÍKŒLNLÍÍLMÍ‹‹ŒŒŒŒLLÌLÙKLM‚™]™[ÜY[ËM‹‹K‹ØWÜ˜[š×ÛX]ÚYŒLŒKŒÍÎNLLNNNNŒŒŒŒNŒÍLMKMÍMÌLÍŒLËŒLLNÌÌÌÍÌÎŒMŒËŒLLNŒLMLÌÍLLLËMÎNMÌLL™KLM‚™]™[ÜY[ËM‹‹K‹˜[™ÛWÜ˜[š×ÛX]ÚYŒLŒNNLÌÌÍMMKŒLÌŒMNNLÍÍNMÎLMMÍÌMÍÎKŒLMMMLLŒÍŒNLMLÍŒKLŒNLŒ™KLM‚™]™[ÜY[ËM‹‹K‹˜]×Üİ™ŒLŒNÌÌLLKŒNNNÌMNÌÍNMLÌLÍÍÍŒŒÍÍÎMÍÍLËŒMNÌLNLLLËKÌÎLŒÌ™KLM‚™]™[ÜY[ËM‹‹K‹[Üİ]WÛÜ˜XÛKŒLŒKŒŒKŒŒŒLŒNLŒ™KLM‚™]™[ÜY[ËM‹‹KÛÜœ™[Û‹ŒLŒMÎLNÌÎMÍ‹ŒLLŒLÌNŒMNNMMMÌÌLÎŒŒMMMŒÎLŒÌ‹ŒŒMÌMÌNN‹LŒNLŒ™KLM‚™]™[ÜY[ËM‹‹KØØWÙ\]Z]˜[[ŒLŒMÎLNÌÎMÍ‹ŒLLŒLÌNŒMNNMMMÌÌLÎŒŒMMMŒÎLŒÌ‹ŒŒMÌMÌNN‹LŒNLŒ™KLM‚™]™[ÜY[ËM‹‹K›ØÚ×ÙXYÛÛ˜[ŒLŒNMMÎÍLÍLÍŒLLŒMNLÌL‹NMŒMLÍÍŒÎLMLŒÎMÌŒNÍKŒLNLÍÍLMÍ‹‹ŒŒŒŒLLÌLÙKLM‚™]™[ÜY[ËM‹‹KØWÜ˜[š×ÛX]ÚYŒLŒKŒÍÎLÍŒLMÍŒŒŒMLLÎMNÌÌÌ‹MÌNMÍŒMLŒLËŒLŒMLÌŒÍÎLÎŒÍNMKŒLŒLÌLLLÌNÌÌLËËÍÌMMŒLMÌŒÍÍŒM™KLM‚™]™[ÜY[ËM‹‹K˜[™ÛWÜ˜[š×ÛX]ÚYŒLŒMÍÎMÎNÌŒMŒÌ‹ŒLNMMÌLLÍŒ‹NLNMÌLŒŒŒKŒNLNLLLMÌKŒŒÌÌÌÍÎMŒÍÌÍÍŒNMKÌNÎMMLMYKLM‚™]™[ÜY[ËM‹‹K˜]×Üİ™ŒLŒNŒÌÍMMÌÍÌËŒLMÎNMÌŒNMLKNMMÌÎÌÌLÌŒLŒLNMÍŒÍÍŒMÌËŒNÍŒLÍMÌŒÍMKKÌÎLŒÌ™KLM‚™]™[ÜY[ËM‹‹K[Üİ]WÛÜ˜XÛKŒLŒKŒŒKŒŒŒLŒNLŒ™KLM‚™]™[ÜY[ËM‹‹KŒKÛÜœ™[Û‹ŒLŒNLÍŒÌÌLLM‹ŒLLŒÍÌLÌMÍKNMMMÍÍNML‹ŒMLŒLÌLMŒÍLŒŒLŒLÌLMMMÍÌM‹‹ŒLÌÎMÍÍLLÎYKLM‚™]™[ÜY[ËM‹‹KŒKØØWÙ\]Z]˜[[ŒLŒNLÍŒÌÌLLM‹ŒLLŒÍÌLÌMÍKNMMMÍÍNML‹ŒMLŒLÌLMŒÍLŒŒLŒLÌLMMMÍÌM‹‹ŒLÌÎMÍÍLLÎYKLM‚™]™[ÜY[ËM‹‹KŒK›ØÚ×ÙXYÛÛ˜[ŒLŒNMLÌNLLÌËŒLŒNMÌMMNLÎKNLMÌLÌÎKŒŒLÍŒNÍÌŒÌML‹ŒNNLÎÍK‹ŒŒŒŒLLYKLM‚™]™[ÜY[ËM‹‹KŒKØWÜ˜[š×ÛX]ÚYŒLŒKŒLLÍNMÌÍLËŒŒLÎMŒŒLÍNNMÍÌŒÌŒLŒNMLËŒLÍLLÍÎMÌMLÌKŒLMNNMLÌÎL‹ŒŒMŒÙKLM‚™]™[ÜY[ËM‹‹KŒK˜[™ÛWÜ˜[š×ÛX]ÚYŒLŒNNMŒÌLÌÌŒNLËŒLÎÎMLKNLMNLŒLKŒÌŒŒŒÍMÍLKŒMÎLÌMLNMŒMM‹ŒLŒŒŒÍMÎÍŒYKLM‚™]™[ÜY[ËM‹‹KŒK˜]×Üİ™ŒLŒNMNKŒLNNNLÎMLÍŒNKNMŒMÌÍMÍŒLÎMMŒÍMŒŒLLÎLMLLM‹ÌŒŒNLLŒÍ™KLM‚™]™[ÜY[ËM‹‹KŒK[Üİ]WÛÜ˜XÛKŒLŒKŒŒKŒŒŒËŒÌÌLÌÎÍMM™KLM‚™]™[ÜY[ËM‹‹KŒ‹ÛÜœ™[Û‹ŒLŒNLLŒÌÌNLLÍÎKŒLÌŒNNÌÍNLŒMKNMÌÍMLŒÌÌLËŒLÌÍLŒÌÌÍMKŒLÌÎNM‹ËMÎNŒNKLM‚™]™[ÜY[ËM‹‹KŒ‹ØØWÙ\]Z]˜[[ŒLŒNLLŒÌÌNLLÍÎKŒLÌŒNNÌÍNLŒMKNMÌÍMLŒÌÌLËŒLÌÍLŒÌÌÍMKŒLÌÎNM‹ËMÎNŒNKLM‚™]™[ÜY[ËM‹‹KŒ‹›ØÚ×ÙXYÛÛ˜[ŒLŒNMLÌNLLÌËŒLŒNMÌMMNLÎKNLMÌLÌÎKŒŒLÍŒNÍÌŒÌML‹ŒNNLÎÍK‹ŒŒŒŒLLYKLM‚™]™[ÜY[ËM‹‹KŒ‹ØWÜ˜[š×ÛX]ÚYŒLŒKŒLŒLŒŒ‹ŒŒLÎLMŒŒÌŒËMÍMÌMLÌÌËŒLLLNLLŒKŒLLÌMŒÎMŒKŒMMÌÍMÍNMMKLMB™]™[ÜY[ËM‹‹KŒ‹˜[™ÛWÜ˜[š×ÛX]ÚYŒLŒMÍLÌÍNLMMÍMKŒMŒÍLLÌÍMÎKNMÌŒMMKŒLNMÍNNNLŒLÎŒÌÎLÍLLÌL‹KMLLLMLLŒÌLMÎÙKLM‚™]™[ÜY[ËM‹‹KŒ‹˜]×Üİ™ŒLŒNLMMMÍLŒËŒLMMLÍLÎNLËNMLMÍÌŒLÎŒLŒÎLÎÍNMMÌLÍŒËŒŒÍÍMMMLMNNËËŒÌÌLÌÎÍMM™KLM‚™]™[ÜY[ËM‹‹KŒ‹[Üİ]WÛÜ˜XÛKŒLŒKŒŒKŒŒŒËŒÌÌLÌÎÍMM™KLM‚™]™[ÜY[ËM‹‹KŒÛÜœ™[Û‹ŒLŒMÎMŒÍÎÌMLKŒLMÌŒŒLÎNLLËNLÌŒMNNLNÍ‹ŒNÎMÌMMMÍÍ‹ŒÌÌÌÌLNLLŒNLŒ™KLM‚™]™[ÜY[ËM‹‹KŒØØWÙ\]Z]˜[[ŒLŒMÎMŒÍÎÌMLKŒLMÌŒŒLÎNLLËNLÌŒMNNLNÍ‹ŒNÎMÌMMMÍÍ‹ŒÌÌÌÌLNLLŒNLŒ™KLM‚™]™[ÜY[ËM‹‹KŒ›ØÚ×ÙXYÛÛ˜[ŒLŒNMLÌNLLÌËŒLŒNMÌMMNLÎKNLMÌLÌÎKŒŒLÍŒNÍÌŒÌML‹ŒNNLÎÍK‹ŒŒŒŒLLYKLM‚™]™[ÜY[ËM‹‹KŒØWÜ˜[š×ÛX]ÚYŒLŒKŒŒÌLNL‹ŒŒMÍÍÌÍKMNÌŒÍÍÍÌL‹ŒLŒÌÍÌÍÍÎLÌLLŒŒLŒÍLLMÍMÍÍNËÍÌMMŒLMÌŒÍÍŒM™KLM‚™]™[ÜY[ËM‹‹KŒ˜[™ÛWÜ˜[š×ÛX]ÚYŒLŒMÌÍLNKŒMŒŒLŒLNMMKNMŒÎLŒÍËŒÎÎÌÍÌÎM‹ŒÌMMLLLNMÌKËÍÌMMŒLMÌŒÍÍŒM™KLM‚™]™[ÜY[ËM‹‹KŒ˜]×Üİ™ŒLŒNMMÌLŒËŒLMNLÌLÌLÍLL‹NLÌÍÌÍÍÍNNM‹ŒMÍNÍMÍLLNMŒÌLŒNNMNNKËMÎNŒNKLM‚™]™[ÜY[ËM‹‹KŒ[Üİ]WÛÜ˜XÛKŒLŒKŒŒKŒŒŒËŒÌÌLÌÎÍMM™KLM‚™]™[ÜY[ËM‹ŒKKÛÜœ™[Û‹ŒLŒMÎMÌMÌÌÌÍMËŒNMÎNMÍÎL‹NMMÍÌŒÎÌ‹ŒÍMÌMÍÍÍLLLŒNLLŒMÌÍÍML‹LŒNLŒ™KLM‚™]™[ÜY[ËM‹ŒKKØØWÙ\]Z]˜[[ŒLŒMÎMÌMÌÌÌÍMËŒNMÎNMÍÎL‹NMMÍÌŒÎÌ‹ŒÍMÌMÍÍÍLLLŒNLLŒMÌÍÍML‹LŒNLŒ™KLM‚™]™[ÜY[ËM‹ŒKK›ØÚ×ÙXYÛÛ˜[ŒLŒNÍÎŒŒNMKŒÌÌLÍÍMÎNMŒLÍŒMLŒÌŒLLÌÎÍ‹ŒMMMÌMMÌMKMÌLMÍÍŒMKLM‚™]™[ÜY[ËM‹ŒKKØWÜ˜[š×ÛX]ÚYŒLŒKŒÌÌÍÍÍÎMNMÌÍKŒNMMÍÌLÍLÌNLNMÌÌMÎÍÌNLÍËŒLÎLÎŒLÍLÌKŒLLLÎLÌÌNMÎLLK‹ŒLÌÎMÍÍLLÎYKLM‚™]™[ÜY[ËM‹ŒKK˜[™ÛWÜ˜[š×ÛX]ÚYŒLŒMÎMMŒŒÍMMKŒNLMMMLKNMLMLNLMLLÍKŒLMÎMMÎNŒŒLNŒMŒN‹‹ŒLŒŒŒÍMÎÍŒYKLM‚™]™[ÜY[ËM‹ŒKK˜]×Üİ™ŒLŒNŒLÍNLÍÌÎKŒMÍÌŒMNLMMNNMMMLMÌLÍMÍËŒÌMMŒÍÌLÌKŒNMÌMLÎÎMËLŒNLŒ™KLM‚™]™[ÜY[ËM‹ŒKK[Üİ]WÛÜ˜XÛKŒLŒKŒŒKŒŒŒËŒNLNLLNMMÎMÌÌYKLM‚™]™[ÜY[ËM‹ŒK‹ÛÜœ™[Û‹ŒLŒMÍNMŒLLMMÍNËŒLÌMNNMMÍLËNMMNNNNMKŒLNNMŒÌMLMMËŒŒŒLŒÎMMŒÍŒMLLÍ‹KÍMMÌLÌLÎÙKLM‚™]™[ÜY[ËM‹ŒK‹ØØWÙ\]Z]˜[[ŒLŒMÍNMŒLLMMÍNËŒLÌMNNMMÍLËNMMNNNNMKŒLNNMŒÌMLMMËŒŒŒLŒÎMMŒÍŒMLLÍ‹KÍMMÌLÌLÎÙKLM‚™]™[ÜY[ËM‹ŒK‹›ØÚ×ÙXYÛÛ˜[ŒLŒNÍÎŒŒNMKŒÌÌLÍÍMÎNMŒLÍŒMLŒÌŒLLÌÎÍ‹ŒMMMÌMMÌMKMÌLMÍÍŒMKLM‚™]™[ÜY[ËM‹ŒK‹ØWÜ˜[š×ÛX]ÚYŒLŒKŒLNŒÍÌNMM‹ŒŒÎŒMMNLMÍŒÌÌLŒÎÎKŒLMMÍÍNNM‹ŒLÍÍÌLÎÍÎ‹ŒLÌÎMÍÍLLÎYKLM‚™]™[ÜY[ËM‹ŒK‹˜[™ÛWÜ˜[š×ÛX]ÚYŒLŒMÍÌÌŒMMNMÍËŒLMNLLÌÌËNMÍÍŒÌKŒLLNŒÎLËŒŒLÎMÍÍÌLM‹LŒNLŒ™KLM‚™]™[ÜY[ËM‹ŒK‹˜]×Üİ™ŒLŒMÍÌÌLLÍÌ‹ŒLÍŒŒMMLKNMLLÍLLMÌŒNMŒMÎÌŒÌÍ‹ŒŒMLÍMÍMÍÍMŒMŒÌÌÍŒÍŒÍÌÍÙKLM‚™]™[ÜY[ËM‹ŒK‹[Üİ]WÛÜ˜XÛKŒLŒKŒŒKŒŒŒËŒNLNLLNMMÎMÌÌYKLM‚™]™[ÜY[ËM‹ŒKÛÜœ™[Û‹ŒLŒMÌŒNLMLLÌÌKŒLMMŒMÌLLÌÍKNLÍÎMLNMŒÌŒLËŒMMÌMÍÍMMŒNLÍLÍÍŒŒLMÍLŒNLŒ™KLM‚™]™[ÜY[ËM‹ŒKØØWÙ\]Z]˜[[ŒLŒMÌŒNLMLLÌÌKŒLMMŒMÌLLÌÍKNLÍÎMLNMŒÌŒLËŒMMÌMÍÍMMŒNLÍLÍÍŒŒLMÍLŒNLŒ™KLM‚™]™[ÜY[ËM‹ŒK›ØÚ×ÙXYÛÛ˜[ŒLŒNÍÎŒŒNMKŒÌÌLÍÍMÎNMŒLÍŒMLŒÌŒLLÌÎÍ‹ŒMMMÌMMÌMKMÌLMÍÍŒMKLM‚™]™[ÜY[ËM‹ŒKØWÜ˜[š×ÛX]ÚYŒLŒKŒÌMÍŒÍÎNŒŒNNNMLŒLMNMÌLMMÌMÌÍLÌËŒLŒÎÍÎMNMKŒLŒLÎNLÍËKMLLLMLLŒÌLMÎÙKLM‚™]™[ÜY[ËM‹ŒK˜[™ÛWÜ˜[š×ÛX]ÚYŒLŒMÌNLLLMNLMËŒLMÌMÍMLŒ‹NLÍNLŒŒMKŒMÍÎLËŒLMLMÌLÍÌNKLŒNLŒ™KLM‚™]™[ÜY[ËM‹ŒK˜]×Üİ™ŒLŒMÌÍMMÍMMÌL‹ŒLLŒMLÍÍLMLLNLÎLÌÌÍÌMËŒMLNÎMŒLNLNŒÍMÍÍLMMMKËŒŒÌÌMÍNYKLM‚™]™[ÜY[ËM‹ŒK[Üİ]WÛÜ˜XÛKŒLŒKŒŒKŒŒŒËŒNLNLLNMMÎMÌÌYKLM‚™]™[ÜY[ËM‹ŒKKÛÜœ™[Û‹ŒLŒNLÎMMŒŒMÌLMËŒMÍMLŒLLLËNMLÎÎLMÌËŒŒÍÍÎNŒŒÌÍÍÍ‹ÍÍMMMÍMŒMMŒLMKLM‚™]™[ÜY[ËM‹ŒKKØØWÙ\]Z]˜[[ŒLŒNLÎMMŒŒMÌLMËŒMÍMLŒLLLËNMLÎÎLMÌËŒŒÍÍÎNŒŒÌÍÍÍ‹ÍÍMMMÍMŒMMŒLMKLM‚™]™[ÜY[ËM‹ŒKK›ØÚ×ÙXYÛÛ˜[ŒLŒNMLMNLÍMÍKŒLÍLÍÎŒNËNMNLÌÎLÌMM‹ŒLLŒŒÍMMÍMKŒLMÌMŒÎŒÎLÌËËŒLÌÍLMMNNMYKLM‚™]™[ÜY[ËM‹ŒKKØWÜ˜[š×ÛX]ÚYŒLŒKŒÌMÍŒMÌMÍ‹ŒNNLMÍÍŒMÎŒÌŒ‹NÍMMLMÌÍKŒNNLÍŒMMÍÌŒKŒLNLŒÎNLLMMMÌMKËÍÌMMŒLMÌŒÍÍŒM™KLM‚™]™[ÜY[ËM‹ŒKK˜[™ÛWÜ˜[š×ÛX]ÚYŒLŒNÌÍŒŒMÌŒŒŒM‹ŒNNŒLMŒÍKNMLMŒÌLKŒMÌŒŒMLMÎŒËŒÍMŒÌÌÍLŒÎL‹LŒNLŒ™KLM‚™]™[ÜY[ËM‹ŒKK˜]×Üİ™ŒLŒNMŒNLÌŒLNKŒMÌÍŒÌÍÌMNMËNMMÍÎŒNLMMËŒÍÍŒÍÎŒN‹ŒLLÌÌÎŒÍ‹‹ÍÍMMMÍMŒMMŒLMKLM‚™]™[ÜY[ËM‹ŒKK[Üİ]WÛÜ˜XÛKŒLŒKŒŒKŒŒŒËŒÌÌLÌÎÍMM™KLM‚™]™[ÜY[ËM‹ŒK‹ÛÜœ™[Û‹ŒLŒMÎÎÍLNLŒ‹ŒLÌŒÍMLÌLMÍŒKNMÍMLNLÌKŒLLMLNNÌLÎŒÎNKŒMÌŒÌMKKMLLLMLLŒÌLMÎÙKLM‚™]™[ÜY[ËM‹ŒK‹ØØWÙ\]Z]˜[[ŒLŒMÎÎÍLNLŒ‹ŒLÌŒÍMLÌLMÍŒKNMÍMLNLÌKŒLLMLNNÌLÎŒÎNKŒMÌŒÌMKKMLLLMLLŒÌLMÎÙKLM‚™]™[ÜY[ËM‹ŒK‹›ØÚ×ÙXYÛÛ˜[ŒLŒNMLMNLÍMÍKŒLÍLÍÎŒNËNMNLÌÎLÌMM‹ŒLLŒŒÍMMÍMKŒLMÌMŒÎŒÎLÌËËŒLÌÍLMMNNMYKLM‚™]™[ÜY[ËM‹ŒK‹ØWÜ˜[š×ÛX]ÚYŒLŒKŒÍŒMMMLŒ‹ŒŒLÎÍÍNKMÎLÎLLÍÎÌÍKŒLMLÍLÎLÌÍÍL‹ŒLLNLŒNMLN‹KŒMMÌÍMÍNMMKLMB™]™[ÜY[ËM‹ŒK‹˜[™ÛWÜ˜[š×ÛX]ÚYŒLŒMÎŒLÎLŒŒŒNLKŒLŒMŒLLÎ‹NMŒŒŒÍÌMLÌKŒLNLÍÍÍÍÍŒÍKŒÌMŒMNLMLMÍNMŒÍŒLLÌŒKLM‚™]™[ÜY[ËM‹ŒK‹˜]×Üİ™ŒLŒMÎNMÎLNLLÌLLKŒNLMMÎŒÌNMLMÎLMÍN‹ŒLMMMMLÌÌ‹ŒÍNÍMK‹ŒLÌÎMÍÍLLÎYKLM‚™]™[ÜY[ËM‹ŒK‹[Üİ]WÛÜ˜XÛKŒLŒKŒŒKŒŒŒËŒÌÌLÌÎÍMM™KLM‚™]™[ÜY[ËM‹ŒKÛÜœ™[Û‹ŒLŒMÍLMÎMÌÎLMKŒLMÎLLËNMNLÎLÎLMÎŒLÎÎNNÍÌMKŒÌÌÍNLŒÌÎMLMÍÍËMÎNŒNKLM‚™]™[ÜY[ËM‹ŒKØØWÙ\]Z]˜[[ŒLŒMÍLMÎMÌÎLMKŒLMÎLLËNMNLÎLÎLMÎŒLÎÎNNÍÌMKŒÌÌÍNLŒÌÎMLMÍÍËMÎNŒNKLM‚™]™[ÜY[ËM‹ŒK›ØÚ×ÙXYÛÛ˜[ŒLŒNMLMNLÍMÍKŒLÍLÍÎŒNËNMNLÌÎLÌMM‹ŒLLŒŒÍMMÍMKŒLMÌMŒÎŒÎLÌËËŒLÌÍLMMNNMYKLM‚™]™[ÜY[ËM‹ŒKØWÜ˜[š×ÛX]ÚYŒLŒKŒÌÍÌLMMŒŒKŒŒNŒÎMLÌMËMÌÎMÍLÌŒNLÎŒLMÌMNMÎMNŒLŒMŒŒÌMNKKMMÌLŒŒÍÍLŒNL™KLMB™]™[ÜY[ËM‹ŒK˜[™ÛWÜ˜[š×ÛX]ÚYŒLŒMÌÍLŒMÍËŒLMÌŒMLNÍŒÍÍ‹NLÍLNMNMLLËŒMÌLŒÍÍLÍ‹ŒÌÍÍŒMÌŒÍÌÎNMËLŒNLŒ™KLM‚™]™[ÜY[ËM‹ŒK˜]×Üİ™ŒLŒMÍMÍLÎLNŒÎLKŒLNLLŒÎMMËNMŒLNNÌMKŒLŒLMMŒÌŒŒËŒMŒÌLLŒÍLM‹ËMÎNŒNKLM‚™]™[ÜY[ËM‹ŒK[Üİ]WÛÜ˜XÛKŒLŒKŒŒKŒŒŒËŒÌÌLÌÎÍMM™KLM‚™]™[ÜY[ËM‹KKÛÜœ™[Û‹ŒLŒNÍÌÌÌŒÎKŒLLMLŒMÌMLÎM‹NLÎMÌNLÌM‹ŒMLNLÍKŒMÌMÌLŒÌMLÍÌËËŒŒÌÌMÍNYKLM‚™]™[ÜY[ËM‹KKØØWÙ\]Z]˜[[ŒLŒNÍÌÌÌŒÎKŒLLMLŒMÌMLÎM‹NLÎMÌNLÌM‹ŒMLNLÍKŒMÌMÌLŒÌMLÍÌËËŒŒÌÌMÍNYKLM‚™]™[ÜY[ËM‹KK›ØÚ×ÙXYÛÛ˜[ŒLŒNLMÎMÌÌLÎŒLŒÍÍÍÌLLÎKNMÌMLÌÎNMËŒLÌÌLÍÍLÌÎNŒMKŒŒŒÍÍMŒÎNMŒ‹‹ŒŒŒŒLLÌLÙKLM‚™]™[ÜY[ËM‹KKØWÜ˜[š×ÛX]ÚYŒLŒKŒMMÍŒŒÍÌÎKŒNNLMŒLLLLMNMKMÎLLÎMMŒÎ‹ŒLŒÎMÍLÍMŒŒLLŒMLLLNLÌŒ‹‹ŒLÌÎMÍÍLLÎYKLM‚™]™[ÜY[ËM‹KK˜[™ÛWÜ˜[š×ÛX]ÚYŒLŒNÍÌMŒŒÌLMÌMÍËŒLMÍÍLÌÌÌÌNŒŒËNLÌMÎNMŒÌŒŒMËŒŒÍMÌLÍÍMMŒNLŒÌŒMÍŒÍË‹ÎŒÌLMÎMÍÍMKLM‚™]™[ÜY[ËM‹KK˜]×Üİ™ŒLŒNMNNLLNÍÍKŒLÌÌÍMLŒŒÎËNMŒLÍŒMŒNËŒMÍÌMLMNŒŒMÍLLMŒMËKMLLLMLLŒÌLMÎÙKLM‚™]™[ÜY[ËM‹KK[Üİ]WÛÜ˜XÛKŒLŒKŒŒKŒŒŒËŒÌÌLÌÎÍMM™KLM‚™]™[ÜY[ËM‹K‹ÛÜœ™[Û‹ŒLŒNNÌLÌMLŒËŒLLNMLÍÌÌÎNMNLÎLÌŒLLLÍŒMLÎMÎKŒŒLÌÍK‹LMÌÍMÎMLÍ™KLM‚™]™[ÜY[ËM‹K‹ØØWÙ\]Z]˜[[ŒLŒNNÌLÌMLŒËŒLLNMLÍÌÌÎNMNLÎLÌŒLLLÍŒMLÎMÎKŒŒLÌÍK‹LMÌÍMÎMLÍ™KLM‚™]™[ÜY[ËM‹K‹›ØÚ×ÙXYÛÛ˜[ŒLŒNLMÎMÌÌLÎŒLŒÍÍÍÌLLÎKNMÌMLÌÎNMËŒLÌÌLÍÍLÌÎNŒMKŒŒŒÍÍMŒÎNMŒ‹‹ŒŒŒŒLLÌLÙKLM‚™]™[ÜY[ËM‹K‹ØWÜ˜[š×ÛX]ÚYŒLŒKŒÎMÍMÍÍŒNÌLKŒŒÍŒŒNNŒŒ‹MÍLÍNÌLMÌÍÍLKŒLLLÌÎÍLLKŒLÍMŒÌMMKMÎNMÌLL™KLM‚™]™[ÜY[ËM‹K‹˜[™ÛWÜ˜[š×ÛX]ÚYŒLŒNLŒÍNMŒLÍÌÍMLÍNÌËNLNÌLLLLMÌLËŒŒÎLMNÌNLMÌËŒÌLLÎMŒÍÌMLÌMNMŒMMMKLM‚™]™[ÜY[ËM‹K‹˜]×Üİ™ŒLŒNMÍÍÌÌNMKŒLLLÎLLÎMKNLÎŒŒLÌŒ‹ŒMMÍÌNLMNNÍÍŒŒŒÍÎMÍLŒLLM‹‹ŒLŒŒŒÍMÎÍŒYKLM‚™]™[ÜY[ËM‹K‹[Üİ]WÛÜ˜XÛKŒLŒKŒŒKŒŒŒËŒÌÌLÌÎÍMM™KLM‚™]™[ÜY[ËM‹KÛÜœ™[Û‹ŒLŒMÍÍLÌŒÍÌMLÍ‹ŒLMNNMMŒLMËNLÌMÎNÌKŒNÍŒÌÌÎNMÍŒÌKŒÌNÎMLŒMÍŒMLËLŒNLŒ™KLM‚™]™[ÜY[ËM‹KØØWÙ\]Z]˜[[ŒLŒMÍÍLÌŒÍÌMLÍ‹ŒLMNNMMŒLMËNLÌMÎNÌKŒNÍŒÌÌÎNMÍŒÌKŒÌNÎMLŒMÍŒMLËLŒNLŒ™KLM‚™]™[ÜY[ËM‹K›ØÚ×ÙXYÛÛ˜[ŒLŒNLMÎMÌÌLÎŒLŒÍÍÍÌLLÎKNMÌMLÌÎNMËŒLÌÌLÍÍLÌÎNŒMKŒŒŒÍÍMŒÎNMŒ‹‹ŒŒŒŒLLÌLÙKLM‚™]™[ÜY[ËM‹KØWÜ˜[š×ÛX]ÚYŒLŒKŒÌÎMÍLNNMNMŒŒLÌÍNMŒNÍËMLÎŒŒMŒLŒL‹ŒLŒÍÌŒLMÎLŒÍ‹ŒLLÌÌÌLNÌMŒÌÌÍKLM‚™]™[ÜY[ËM‹K˜[™ÛWÜ˜[š×ÛX]ÚYŒLŒMÍNMŒMLÎLËŒLÍŒŒMÎŒŒLÍNLLÍÎŒÍLML‹ŒÌÌLÌŒLLÎNM‹ŒÍMÌMÎMMÌMÍËŒŒMMŒŒÍLNKLM‚™]™[ÜY[ËM‹K˜]×Üİ™ŒLŒMÎÍLÍŒNMÌNMÍKŒLMLMŒÍMNLMNKNLÍLÌNMLMËŒMÌÎÎMMMÎMNŒÌÍÌNLÎLMÎËËMÎNŒNKLM‚™]™[ÜY[ËM‹K[Üİ]WÛÜ˜XÛKŒLŒKŒŒKŒŒŒËŒÌÌLÌÎÍMM™KLM‚™]™[ÜY[ËM‹KŒKÛÜœ™[Û‹ŒLŒNMMŒÌÌÍŒŒËŒLÌŒŒÎMMÌLMÌÎMŒËNLŒŒLÍMËŒŒNÌÌMMLÌÍ‹ŒNMŒMÌÎLLLÍËËMÎNŒNKLM‚™]™[ÜY[ËM‹KŒKØØWÙ\]Z]˜[[ŒLŒNMMŒÌÌÍŒŒËŒLÌŒŒÎMMÌLMÌÎMŒËNLŒŒLÍMËŒŒNÌÌMMLÌÍ‹ŒNMŒMÌÎLLLÍËËMÎNŒNKLM‚™]™[ÜY[ËM‹KŒK›ØÚ×ÙXYÛÛ˜[ŒLŒKŒLMNÍNÌLKŒLÍNLÌÍNŒŒÍÍMNLLÍÍMŒMÍŒMÎLŒŒŒŒÌÍLÍŒËŒŒÍÎÍMŒÌMÍMŒÍËŒÌÌLÌÎÍMM™KLM‚™]™[ÜY[ËM‹KŒKØWÜ˜[š×ÛX]ÚYŒLŒKŒLÌMŒÌÌŒŒÎNKŒŒLÌŒÎÍMLŒMŒM‹MÍLLÍŒLMËŒLLLMLLÌÎÌŒLÎKŒLMÎMMÌMMLKÌNÎNLŒÌMLÙKLMB™]™[ÜY[ËM‹KŒK˜[™ÛWÜ˜[š×ÛX]ÚYŒLŒNMLÍÌŒMNŒMÌNÌŒNMLŒÍ‹NÌLNŒŒÌÌÍŒMLMÍLŒM‹ŒŒÎMMMÌMMNNKKMLLLMLLŒÌLMÎÙKLM‚™]™[ÜY[ËM‹KŒK˜]×Üİ™ŒLŒNMMLMÎÍŒLLLÎMÌMNKNLŒLLÎŒŒÎÎŒŒÎLÍÍMLMÍÍŒ‹ŒNMLLLÌËNMŒÍŒLLÌŒKLM‚™]™[ÜY[ËM‹KŒK[Üİ]WÛÜ˜XÛKŒLŒKŒŒKŒŒŒKMLLLMLLŒÌLMÎÙKLM‚™]™[ÜY[ËM‹KŒ‹ÛÜœ™[Û‹ŒLŒNMMŒMMLÍÍŒLNŒLMKNLÌNÎNÍKŒNLÍÍMLNNÍÍÍŒÍ‹ŒNLŒÌŒLNÌMK‹ŒLŒŒŒÍMÎÍŒYKLM‚™]™[ÜY[ËM‹KŒ‹ØØWÙ\]Z]˜[[ŒLŒNMMŒMMLÍÍŒLNŒLMKNLÌNÎNÍKŒNLÍÍMLNNÍÍÍŒÍ‹ŒNLŒÌŒLNÌMK‹ŒLŒŒŒÍMÎÍŒYKLM‚™]™[ÜY[ËM‹KŒ‹›ØÚ×ÙXYÛÛ˜[ŒLŒKŒLMNÍNÌLKŒLÍNLÌÍNŒŒÍÍMNLLÍÍMŒMÍŒMÎLŒŒŒŒÌÍLÍŒËŒŒÍÎÍMŒÌMÍMŒÍËŒÌÌLÌÎÍMM™KLM‚™]™[ÜY[ËM‹KŒ‹ØWÜ˜[š×ÛX]ÚYŒLŒKŒÍÌLÎLÌLÍMŒŒÍÎMÍLLLNMMÍNMÌMÍMÎŒLNMMNMÍÎNNNKŒLŒÍÎÎLMÍÌÌ‹‹MÎNMÙKLMB™]™[ÜY[ËM‹KŒ‹˜[™ÛWÜ˜[š×ÛX]ÚYŒLŒMÍLNMLMŒMŒŒËŒMÌMNMÍMNNŒŒMÌMŒÎLŒŒŒÍMMŒÌŒMMÍÎKKMLLLMLLŒÌLMÎÙKLM‚™]™[ÜY[ËM‹KŒ‹˜]×Üİ™ŒLŒNMŒÍMŒLMŒÍLKŒLNÍÍÍLŒÌLKNLNNLMÌÍÍMŒËŒNLMMÍŒNLLŒËŒNMÎLLLLLÎMM‹ÌNÎMMLMYKLM‚™]™[ÜY[ËM‹KŒ‹[Üİ]WÛÜ˜XÛKŒLŒKŒŒKŒŒŒKMLLLMLLŒÌLMÎÙKLM‚™]™[ÜY[ËM‹KŒÛÜœ™[Û‹ŒLŒNÍNŒNNËŒNMÍMLÌLÌKNMLMLÎM‹ŒLLŒM‹ŒMÌMÎŒKNMŒÍŒLLÌŒKLM‚™]™[ÜY[ËM‹KŒØØWÙ\]Z]˜[[ŒLŒNÍNŒNNËŒNMÍMLÌLÌKNMLMLÎM‹ŒLLŒM‹ŒMÌMÎŒKNMŒÍŒLLÌŒKLM‚™]™[ÜY[ËM‹KŒ›ØÚ×ÙXYÛÛ˜[ŒLŒKŒLMNÍNÌLKŒLÍNLÌÍNŒŒÍÍMNLLÍÍMŒMÍŒMÎLŒŒŒŒÌÍLÍŒËŒŒÍÎÍMŒÌMÍMŒÍËŒÌÌLÌÎÍMM™KLM‚™]™[ÜY[ËM‹KŒØWÜ˜[š×ÛX]ÚYŒLŒKŒÍMÍÎMÌÍŒMËŒŒMMŒÌMÎLÎMŒKMÌŒÌÌLMLNÍKŒLMMÍŒÍÌMÍMMKŒLLÎMMLÎLÍÍ‹ËÍÌMMŒLMÌŒÍÍŒM™KLM‚™]™[ÜY[ËM‹KŒ˜[™ÛWÜ˜[š×ÛX]ÚYŒLŒMŒMŒÍNKŒNLLMMNÌNLMMLNMËŒLMÌNMNMMMÌËŒÍNNNLMLŒK‹ŒLÌÎMÍÍLLÎYKLM‚™]™[ÜY[ËM‹KŒ˜]×Üİ™ŒLŒNÎMMLMÌLLŒKŒLLMÌŒÌŒËNMŒLMKŒLÎMNMŒMÌLMMMŒNNKLŒNLŒ™KLM‚™]™[ÜY[ËM‹KŒ[Üİ]WÛÜ˜XÛKŒLŒKŒŒKŒŒŒKMLLLMLLŒÌLMÎÙKLM‚™]™[ÜY[KŒKKÛÜœ™[Û‹ŒLŒNNNŒÍLLÌŒ‹ŒNÌŒLLŒLKNNLÌÍNMÌ‹ŒÌMŒÌÌÎMNMÍËŒMMÍÎÌÍMŒŒMËŒÌÌÍKLMÂ™]™[ÜY[KŒKKØØWÙ\]Z]˜[[ŒLŒNNNŒÍLLÌŒ‹ŒNÌŒLLŒLKNNLÌÍNMÌ‹ŒÌMŒÌÌÎMNMÍËŒMMÍÎÌÍMŒŒMËŒÌÌÍKLMÂ™]™[ÜY[KŒKK›ØÚ×ÙXYÛÛ˜[ŒLŒKŒNNNMÍÌLKŒNLLŒÌLLÎLÍËNNLŒMÍÌNNŒNNLÌLNLMÎLŒMLÌMMNLMÍMÌŒÍNNNKLMÂ™]™[ÜY[KŒKKØWÜ˜[š×ÛX]ÚYŒLŒKŒÎLLLMÎKŒNMÌMMLMÌLLLMÍLÍŒŒLLNLŒNKŒLÍÌMÌLLMŒÍL‹ŒLMÌLMÍÍÎMÍÌKŒMŒÌÌÍŒÍŒÍÌÍÙKLMÂ™]™[ÜY[KŒKK˜[™ÛWÜ˜[š×ÛX]ÚYŒLŒNNLNLÌÌÌKŒLNŒLLMÌMMNKNNÍLMMÍÍÌËŒMLÌMÌŒMKŒMŒÍÎÌMÌÍÎ‹ÍÍMMMÍMŒMMŒLMKLM‚™]™[ÜY[KŒKK˜]×Üİ™ŒLŒNMÎLMÍLŒMŒNLMÌMÌÎMLËNNMÍLÌMŒŒËŒÍŒMÌŒMMNMÌÍÍNLLLMÎKLÌÍLÍLÍÍÌÍKLM‚™]™[ÜY[KŒKK[Üİ]WÛÜ˜XÛKŒLŒKŒŒKŒŒŒKLÌÍLÍLÍÍÌÍKLM‚™]™[ÜY[KŒK‹ÛÜœ™[Û‹ŒLŒNMLÎMLÌMŒÌÍLKŒMÍMÍÌNNŒLLMLŒNNMLKŒMÍMŒÎLŒNÎ‹ŒLÌÌLLÍŒLMMKKŒLLŒŒÌŒLMMYKLM‚™]™[ÜY[KŒK‹ØØWÙ\]Z]˜[[ŒLŒNMLÎMLÌMŒÌÍLKŒMÍMÍÌNNŒLLMLŒNNMLKŒMÍMŒÎLŒNÎ‹ŒLÌÌLLÍŒLMMKKŒLLŒŒÌŒLMMYKLM‚™]™[ÜY[KŒK‹›ØÚ×ÙXYÛÛ˜[ŒLŒKŒNNNMÍÌLKŒNLLŒÌLLÎLÍËNNLŒMÍÌNNŒNNLÌLNLMÎLŒMLÌMMNLMÍMÌŒÍNNNKLMÂ™]™[ÜY[KŒK‹ØWÜ˜[š×ÛX]ÚYŒLŒKŒMNÍLŒLŒŒNLÍMLŒLMKMÌNMÎMMŒNMLLKŒLNÎÍLLMÍLÌKŒNÌÌÌNNLÎÍNKŒÌÌÍKLMÂ™]™[ÜY[KŒK‹˜[™ÛWÜ˜[š×ÛX]ÚYŒLŒNMÍLÎLÌŒÍÌŒ‹ŒŒMÌMNMNNLNNÍŒŒNÌNËŒÎLŒÍLLŒÌ‹ŒLŒMÍLÌÎNLLMMË‹ÍÍMMMÍMŒMMŒLMKLM‚™]™[ÜY[KŒK‹˜]×Üİ™ŒLŒNMLLÎNNNMÌKŒMŒÌNÎNLNËNNŒÍLÍŒÍÎNKŒMÍÌMMNNŒLÌLMMMÌÍMÍMÍ‹ËŒÌÌLÌÎÍMM™KLM‚™]™[ÜY[KŒK‹[Üİ]WÛÜ˜XÛKŒLŒKŒŒKŒŒŒKLÌÍLÍLÍÍÌÍKLM‚™]™[ÜY[KŒKÛÜœ™[Û‹ŒLŒNMŒÌÍÌMLÌÌËŒLMMÌÍNLŒŒÌÍKNNNNLŒLŒNKŒÌNMLMÍŒÍNMLËŒLÌÎMÌÎLLMÌŒL‹ËŒÌÌLÌÎÍMM™KLM‚™]™[ÜY[KŒKØØWÙ\]Z]˜[[ŒLŒNMŒÌÍÌMLÌÌËŒLMMÌÍNLŒŒÌÍKNNNNLŒLŒNKŒÌNMLMÍŒÍNMLËŒLÌÎMÌÎLLMÌŒL‹ËŒÌÌLÌÎÍMM™KLM‚™]™[ÜY[KŒK›ØÚ×ÙXYÛÛ˜[ŒLŒKŒNNNMÍÌLKŒNLLŒÌLLÎLÍËNNLŒMÍÌNNŒNNLÌLNLMÎLŒMLÌMMNLMÍMÌŒÍNNNKLMÂ™]™[ÜY[KŒKØWÜ˜[š×ÛX]ÚYŒLŒNMŒÌÍÍLÍLÎMKŒLMMÌÌÌŒŒLNLNNNNNLŒMKŒÌNMÍLMMMKŒLÌÎMÌÎNÌÌMLÍKKLÌÍLÍLÍÍÌÍKLM‚™]™[ÜY[KŒK˜[™ÛWÜ˜[š×ÛX]ÚYŒLŒNMŒÌÌMLŒŒMÍŒNÍÍÌKNMÎNÍÍMŒÍNŒÌMÌNMŒLŒLÌLKŒLÍNMMLMŒ‹ÍÍMMMÍMŒMMŒLMKLM‚™]™[ÜY[KŒK˜]×Üİ™ŒLŒNMŒÌÍÌMLÌÌL‹ŒLMMÌÍNLŒŒÌKNNNNLŒLŒNKŒÌNMLMÍŒÍMÍËŒLÌÎMÌÎLLMNMËKLÌÍLÍLÍÍÌÍKLM‚™]™[ÜY[KŒK[Üİ]WÛÜ˜XÛKŒLŒKŒŒKŒŒŒKLÌÍLÍLÍÍÌÍKLM‚™]™[ÜY[KŒKKÛÜœ™[Û‹ŒLŒNŒÍNNMÍLMLËŒMÍÌNMŒMNNMMNNLLMÌÎLŒŒÍMNMNŒMŒLÍÍLŒÍÍLÌÌÎ‹ËMÎNŒNKLM‚™]™[ÜY[KŒKKØØWÙ\]Z]˜[[ŒLŒNŒÍNNMÍLMLËŒMÍÌNMŒMNNMMNNLLMÌÎLŒŒÍMNMNŒMŒLÍÍLŒÍÍLÌÌÎ‹ËMÎNŒNKLM‚™]™[ÜY[KŒKK›ØÚ×ÙXYÛÛ˜[ŒLŒNNMLÎÍÎLL‹ŒMLÍLÎÍLKNNMÎMÌMLNËŒŒNÍKŒMŒÌÍÌLŒMŒŒË‹ŒŒŒŒLLÌLÙKLM‚™]™[ÜY[KŒKKØWÜ˜[š×ÛX]ÚYŒLŒKŒÍMÌÎLMNMŒNNLMÌMMKMÎMMMLŒÌÌKŒLLÎÎMŒLŒLŒLÎMMNŒÎËŒÌÌLÌÎÍMM™KLM‚™]™[ÜY[KŒKK˜[™ÛWÜ˜[š×ÛX]ÚYŒLŒNLÌÎLŒNLL‹ŒNLLLÌŒNLNNÌMÍÍMNLËŒÎNLMÍLÌÍŒÌLÌŒLÍMÌLÌLLŒŒK‹ŒŒŒŒLLÌLÙKLM‚™]™[ÜY[KŒKK˜]×Üİ™ŒLŒNŒÎNÌNLMŒMÌÍÍÌÍNMÍ‹NNLLÌL‹ŒŒÍMŒMÌNMÎMKŒMŒMÍMŒMÍË‹ŒŒMŒLLMŒÍÌYKLM‚™]™[ÜY[KŒKK[Üİ]WÛÜ˜XÛKŒLŒKŒŒKŒŒŒ‹ŒNÍNLÎMKLM‚™]™[ÜY[KŒK‹ÛÜœ™[Û‹ŒLŒNNLNLŒÍŒÌMÎMMÎNNLÎ‹NNMMMÍÎMŒÎNMKŒŒÌÍÌMMÎÍŒMLÍÌŒÍMÍNMKŒMŒÌÌÍŒÍŒÍÌÍÙKLM‚™]™[ÜY[KŒK‹ØØWÙ\]Z]˜[[ŒLŒNNLNLŒÍŒÌMÎMMÎNNLÎ‹NNMMMÍÎMŒÎNMKŒŒÌÍÌMMÎÍŒMLÍÌŒÍMÍNMKŒMŒÌÌÍŒÍŒÍÌÍÙKLM‚™]™[ÜY[KŒK‹›ØÚ×ÙXYÛÛ˜[ŒLŒNNMLÎÍÎLL‹ŒMLÍLÎÍLKNNMÎMÌMLNËŒŒNÍKŒMŒÌÍÌLŒMŒŒË‹ŒŒŒŒLLÌLÙKLM‚™]™[ÜY[KŒK‹ØWÜ˜[š×ÛX]ÚYŒLŒKŒÍÍLŒÌNMÌŒËŒŒŒMÍŒÌÍÌËMÍÍÎMËŒLLŒNMÍMMÍÌ‹ŒMMÍÌLÍMLÍLÎËŒŒÌÌMÍNYKLM‚™]™[ÜY[KŒK‹˜[™ÛWÜ˜[š×ÛX]ÚYŒLŒNLLLLÌÌLŒŒMŒŒMÌŒM‹NNÌMMŒÍMKŒLŒLÍÍÍÍÍMŒMMÌÌŒÍLNÎŒKKŒLLŒŒÌŒLMMYKLM‚™]™[ÜY[KŒK‹˜]×Üİ™ŒLŒNMÎNLLŒŒKŒÌMÎMŒÍMŒËNNMMNMÍLÍKŒŒLÍLMŒMLLÌÍMNŒÌKKLÌÍLÍLÍÍÌÍKLM‚™]™[ÜY[KŒK‹[Üİ]WÛÜ˜XÛKŒLŒKŒŒKŒŒŒ‹ŒNÍNLÎMKLM‚™]™[ÜY[KŒKÛÜœ™[Û‹ŒLŒNMÍLNŒÌLKŒÍNÍLMMÍLÍMKNNLMÌNMŒŒÌMÍŒNMÎMÌÌ‹ŒMÍÌŒÍÌÌM‹KLÌÍLÍLÍÍÌÍKLM‚™]™[ÜY[KŒKØØWÙ\]Z]˜[[ŒLŒNMÍLNŒÌLKŒÍNÍLMMÍLÍMKNNLMÌNMŒŒÌMÍŒNMÎMÌÌ‹ŒMÍÌŒÍÌÌM‹KLÌÍLÍLÍÍÌÍKLM‚™]™[ÜY[KŒK›ØÚ×ÙXYÛÛ˜[ŒLŒNNMLÎÍÎLL‹ŒMLÍLÎÍLKNNMÎMÌMLNËŒŒNÍKŒMŒÌÍÌLŒMŒŒË‹ŒŒŒŒLLÌLÙKLM‚™]™[ÜY[KŒKØWÜ˜[š×ÛX]ÚYŒLŒNMÍLŒLÌMÍLLËŒÍNÍLMÍLÌMÌÍNNLMÌKŒŒÌMÍŒNLÍÌNMŒMÍÌŒÍÍÍNËŒÌÌLÌÎÍMM™KLM‚™]™[ÜY[KŒK˜[™ÛWÜ˜[š×ÛX]ÚYŒLŒNMMÎNŒMÍÌÎŒNMMÌÍNLLLÎLKNNMÍMLLÌ‹ŒÍMŒÎÎŒM‹ŒMMLMMLÌÌÎ‹‹ÍÍMMMÍMŒMMŒLMKLM‚™]™[ÜY[KŒK˜]×Üİ™ŒLŒNMÍLNŒÌŒÍNÍLMMÍLÎLÍKNNLMÌNMŒŒÌMÍŒNMÎMÍKŒMÍÌŒÍÌÌMKLÌÍLÍLÍÍÌÍKLM‚™]™[ÜY[KŒK[Üİ]WÛÜ˜XÛKŒLŒKŒŒKŒŒŒ‹ŒNÍNLÎMKLM‚™]™[ÜY[KKKÛÜœ™[Û‹ŒLŒKŒNŒMÌÍÍKŒÎNŒÌLÎ‹NNLLÍÍÌLŒLÎŒŒLMMÍÌLNÍŒMŒNŒL‹ËŒŒÌÌMÍNYKLM‚™]™[ÜY[KKKØØWÙ\]Z]˜[[ŒLŒKŒNŒMÌÍÍKŒÎNŒÌLÎ‹NNLLÍÍÌLŒLÎŒŒLMMÍÌLNÍŒMŒNŒL‹ËŒŒÌÌMÍNYKLM‚™]™[ÜY[KKK›ØÚ×ÙXYÛÛ˜[ŒLŒKŒÎLÌLMLÍÌŒËŒÍNLÌMÎMÍL‹NMÌÌLŒÎMŒLÎŒÍLÍÍÍLŒËŒŒNMLÌËKŒŒMLNNLLMÙKLM‚™]™[ÜY[KKKØWÜ˜[š×ÛX]ÚYŒLŒKŒLÌMNŒNMŒŒŒKŒNLMÍÎLNL‹MÎNMNMÍNLÌ‹ŒLLLMÍÍÍMNLËŒMMÍÌÎŒÍMŒËLŒNLŒ™KLM‚™]™[ÜY[KKK˜[™ÛWÜ˜[š×ÛX]ÚYŒLŒNLÍMŒMMÌÍNÍËŒLNÍÌŒŒLKNMMMNMÍÍMLKŒÍLLNMÍM‹ŒŒMÌÍŒÌÌLŒ‹KMLLÌMKLM‚™]™[ÜY[KKK˜]×Üİ™ŒLŒKŒMÍNÍŒLLÌËŒŒNNNLMÍŒMËNNLLÍNŒŒÌÌ‹ŒŒLLLNÎŒMÌÌNLNŒNLLËËMÎNŒNKLM‚™]™[ÜY[KKK[Üİ]WÛÜ˜XÛKŒLŒKŒŒKŒŒŒLŒNLŒ™KLM‚™]™[ÜY[KK‹ÛÜœ™[Û‹ŒLŒKŒÍLMÍÌMŒMLMÍŒMÎMNNÍLÌM‹ŒMLMŒÍÌNLÍKŒNLLLŒMLË‹ÍÍMMMÍMŒMMŒLMKLM‚™]™[ÜY[KK‹ØØWÙ\]Z]˜[[ŒLŒKŒÍLMÍÌMŒMLMÍŒMÎMNNÍLÌM‹ŒMLMŒÍÌNLÍKŒNLLLŒMLË‹ÍÍMMMÍMŒMMŒLMKLM‚™]™[ÜY[KK‹›ØÚ×ÙXYÛÛ˜[ŒLŒKŒÎLÌLMLÍÌŒËŒÍNLÌMÎMÍL‹NMÌÌLŒÎMŒLÎŒÍLÍÍÍLŒËŒŒNMLÌËKŒŒMLNNLLMÙKLM‚™]™[ÜY[KK‹ØWÜ˜[š×ÛX]ÚYŒLŒKŒMLÌÌŒŒŒÍL‹ŒŒLLMMŒÍKMÍNMŒMLMNLŒŒLLNLŒŒMMMMMKŒMÍMÎŒMNKLÌÍLÍLÍÍÌÍKLM‚™]™[ÜY[KK‹˜[™ÛWÜ˜[š×ÛX]ÚYŒLŒNMMLÎLÍMLËŒLÍMNŒLÎLÌNNMÍÍMÍŒÍKŒLLLMÌÎMÍÎLMNKŒMÍLŒÍÌË‹ŒŒŒŒLLÌLÙKLM‚™]™[ÜY[KK‹˜]×Üİ™ŒLŒKŒÌLLŒÌMŒM‹ŒMLŒÌMLM‹NNÍŒÍÌMÎÌÍËŒŒNMŒMŒMKŒNŒŒLLMÍÍMMË‹ŒŒŒŒLLÌLÙKLM‚™]™[ÜY[KK‹[Üİ]WÛÜ˜XÛKŒLŒKŒŒKŒŒŒLŒNLŒ™KLM‚™]™[ÜY[KKÛÜœ™[Û‹ŒLŒKŒLMMMMMMËŒMŒMNÍÍÎLÌM‹NNÌÌÌÌÌÎLLKŒLMÌLÍÎMLËŒNMŒMÌÌÎKËMÎNŒNKLM‚™]™[ÜY[KKØØWÙ\]Z]˜[[ŒLŒKŒLMMMMMMËŒMŒMNÍÍÎLÌM‹NNÌÌÌÌÌÎLLKŒLMÌLÍÎMLËŒNMŒMÌÌÎKËMÎNŒNKLM‚™]™[ÜY[KK›ØÚ×ÙXYÛÛ˜[ŒLŒKŒÎLÌLMLÍÌŒËŒÍNLÌMÎMÍL‹NMÌÌLŒÎMŒLÎŒÍLÍÍÍLŒËŒŒNMLÌËKŒŒMLNNLLMÙKLM‚™]™[ÜY[KKØWÜ˜[š×ÛX]ÚYŒLŒKŒLMMÍŒŒLÌ‹ŒMŒMMÍMÎNLLNNNÌÌÌÌÍLMÎNLËŒLMÌLÍÌÍŒMŒNMŒMLË‹ÍÍMMMÍMŒMMŒLMKLM‚™]™[ÜY[KK˜[™ÛWÜ˜[š×ÛX]ÚYŒLŒNLÌÍÌÎLMÌ‹ŒLŒMMÌÌLLL‹NMMMLŒÍMÌÌKŒÌŒMÎNÎLŒMÌ‹ŒŒÍŒLÌLMÎÎËMÎNŒNKLM‚™]™[ÜY[KK˜]×Üİ™ŒLŒKŒLMMMMMŒMŒMNÍÍÎLÌLÍNNÌÌÌÌÌÎLL‹ŒLMÌLÍÎM‹ŒNMŒMÌÌÌMËKMLLLMLLŒÌLMÎÙKLM‚™]™[ÜY[KK[Üİ]WÛÜ˜XÛKŒLŒKŒŒKŒŒŒLŒNLŒ™KLM‚™]™[ÜY[KKŒKÛÜœ™[Û‹ŒLŒMLLLMNKŒNLMÎMLLNNMLÍËNNMLŒMÍÌËŒÍÍÍNMÌNÌL‹ŒŒÎMNLŒNÌÌLLÍL‹NMŒÍŒLLÌŒKLM‚™]™[ÜY[KKŒKØØWÙ\]Z]˜[[ŒLŒMLLLMNKŒNLMÎMLLNNMLÍËNNMLŒMÍÌËŒÍÍÍNMÌNÌL‹ŒŒÎMNLŒNÌÌLLÍL‹NMŒÍŒLLÌŒKLM‚™]™[ÜY[KKŒK›ØÚ×ÙXYÛÛ˜[ŒLŒMÎMLŒÍNNÌÍÎŒLÌÍÌÌÌMÍLLÍŒÍKNLLLMÎLŒËŒLLÌÍŒÌÍMMM‹ŒNMLÌÌŒÌËKŒÍLMÎNLÙKLM‚™]™[ÜY[KKŒKØWÜ˜[š×ÛX]ÚYŒLŒKŒLÌÌÎMMLNMÍÍËŒŒÌLNÍŒMMÍNMÍÌÌŒÎNLNKŒLNMŒÍÌNLÎKŒLŒMÍŒÎŒLŒ‹KŒLLŒŒÌŒLMMYKLM‚™]™[ÜY[KKŒK˜[™ÛWÜ˜[š×ÛX]ÚYŒLŒMNNLLŒŒŒÍKŒLŒÎLLÌLŒNMÍKNMÍÍŒÌKŒLÍÌLÎMŒLMËŒÎMÍNMÌÌÍÌÌÍK‹ŒŒŒŒLLÌLÙKLM‚™]™[ÜY[KKŒK˜]×Üİ™ŒLŒMÍNLŒÍLLËŒŒLNLÎNLÎMÌÍNNÌÍMÍÎLÌŒËŒŒÌÌŒNLÌËŒÍÌŒŒÎLÍ‹ËŒÌÌLÌÎÍMM™KLM‚™]™[ÜY[KKŒK[Üİ]WÛÜ˜XÛKŒLŒKŒŒKŒŒŒKŒLLŒŒÌŒLMMYKLM‚™]™[ÜY[KKŒ‹ÛÜœ™[Û‹ŒLŒMMÎÌMLMÌÌÍÌ‹ŒÍMŒMÍMMMKNMÎLNÍÌÎÍËŒÌŒŒMŒÍLLÍÌMLËŒÍÍŒŒNÌL‹NMŒÍŒLLÌŒKLM‚™]™[ÜY[KKŒ‹ØØWÙ\]Z]˜[[ŒLŒMMÎÌMLMÌÌÍÌ‹ŒÍMŒMÍMMMKNMÎLNÍÌÎÍËŒÌŒŒMŒÍLLÍÌMLËŒÍÍŒŒNÌL‹NMŒÍŒLLÌŒKLM‚™]™[ÜY[KKŒ‹›ØÚ×ÙXYÛÛ˜[ŒLŒMÎMLŒÍNNÌÍÎŒLÌÍÌÌÌMÍLLÍŒÍKNLLLMÎLŒËŒLLÌÍŒÌÍMMM‹ŒNMLÌÌŒÌËKŒÍLMÎNLÙKLM‚™]™[ÜY[KKŒ‹ØWÜ˜[š×ÛX]ÚYŒLŒKŒÍÌMNL‹ŒŒLLÎMÍMÍLMËMÌŒÍLLMÎMLËŒLMÍNLMŒNMŒÍMKŒMMÌŒŒLÍLÎ‹‹ŒLÌÎMÍÍLLÎYKLM‚™]™[ÜY[KKŒ‹˜[™ÛWÜ˜[š×ÛX]ÚYŒLŒMMÌMÎMŒNLKŒMÌÌMNNMŒNL‹NLNLÍLLËŒŒÎÍÌÎMÍÍŒŒKŒÌNLÍLLÎLMLÍKLŒNLŒ™KLM‚™]™[ÜY[KKŒ‹˜]×Üİ™ŒLŒMMÎNMŒLMKŒŒÍÍMÌŒLKNMÎLMMÌÌLÌLŒ‹ŒÌŒŒLLÌÍÌLŒÌKŒÍŒN‹ËŒŒÌÌMÍNYKLM‚™]™[ÜY[KKŒ‹[Üİ]WÛÜ˜XÛKŒLŒKŒŒKŒŒŒKŒLLŒŒÌŒLMMYKLM‚™]™[ÜY[KKŒÛÜœ™[Û‹ŒLŒMMMLMMÌÎNL‹ŒÌÍÍNNMÎLLÎNKNMÍLÍNMLNN‹ŒÍMŒMŒŒŒÍKŒLLÌŒŒLL‹ŒLÌÎMÍÍLLÎYKLM‚™]™[ÜY[KKŒØØWÙ\]Z]˜[[ŒLŒMMMLMMÌÎNL‹ŒÌÍÍNNMÎLLÎNKNMÍLÍNMLNN‹ŒÍMŒMŒŒŒÍKŒLLÌŒŒLL‹ŒLÌÎMÍÍLLÎYKLM‚™]™[ÜY[KKŒ›ØÚ×ÙXYÛÛ˜[ŒLŒMÎMLŒÍNNÌÍÎŒLÌÍÌÌÌMÍLLÍŒÍKNLLLMÎLŒËŒLLÌÍŒÌÍMMM‹ŒNMLÌÌŒÌËKŒÍLMÎNLÙKLM‚™]™[ÜY[KKŒØWÜ˜[š×ÛX]ÚYŒLŒMMMLMŒLMËŒÌÍÍNNÌŒŒÍÌ‹NMÍLÍNMNMÍLŒÍMŒLLLÎKŒLLÌŒÎNLÍÌŒÍ‹ÍÍMMMÍMŒMMŒLMKLM‚™]™[ÜY[KKŒ˜[™ÛWÜ˜[š×ÛX]ÚYŒLŒMMMŒNLMLŒ‹ŒNLNLNMÍÌÌËNMŒMMNÌNNŒMÎLÎÎŒMÎLŒMÎLNLMŒLËÌNÎMMLMYKLM‚™]™[ÜY[KKŒ˜]×Üİ™ŒLŒMMMLMMÌÎNLËŒÌÍÍNNMÎLMM‹NMÍLÍNMLNN‹ŒÍMŒMŒŒÎŒLLÌŒŒLL‹LŒNLŒ™KLM‚™]™[ÜY[KKŒ[Üİ]WÛÜ˜XÛKŒLŒKŒŒKŒŒŒKŒLLŒŒÌŒLMMYKLM‚™]™[ÜY[‹ŒKKÛÜœ™[Û‹ŒLŒKŒMŒLMŒÎŒËŒŒŒLMNLLÍMÎLÎKNNLÌLLLLÍLKŒÌLŒLNLÌÎŒŒ‹ŒÍŒÌÍŒŒÌÎ‹ŒÍNLŒŒÎLÌÌMÍ™KLM‚™]™[ÜY[‹ŒKKØØWÙ\]Z]˜[[ŒLŒKŒMŒLMŒÎŒËŒŒŒLMNLLÍMÎLÎKNNLÌLLLLÍLKŒÌLŒLNLÌÎŒŒ‹ŒÍŒÌÍŒŒÌÎ‹ŒÍNLŒŒÎLÌÌMÍ™KLM‚™]™[ÜY[‹ŒKK›ØÚ×ÙXYÛÛ˜[ŒLŒKŒNLLMMÌÍŒŒÍ‹ŒMÎMLMŒLÍÎNNLMŒMÍŒËŒŒNLLNLÎLŒNMLKŒÌMMLNLÌNKËŒÌÌLÌÎÍMM™KLM‚™]™[ÜY[‹ŒKKØWÜ˜[š×ÛX]ÚYŒLŒKŒÍÍÍNÍMŒÌNŒNMLŒLLLŒÍMNM‹NÎNÌLŒÍŒMÎÍÎLŒNNÎÍKŒMMLŒÍLLÍ‹ËŒÌÌLÌÎÍMM™KLM‚™]™[ÜY[‹ŒKK˜[™ÛWÜ˜[š×ÛX]ÚYŒLŒKŒMMŒLMŒÌMM‹ŒÍÍMŒÍÌÍMÎNNÌÍÍÍMMÍÍMM‹ŒLLLLÌÌÍLLÌ‹ŒÌÍNMNMÌÍŒMË‹ŒÍNLŒŒÎLÌÌMÍ™KLM‚™]™[ÜY[‹ŒKK˜]×Üİ™ŒLŒKŒMLNŒNMÎŒLLÍÎÌÍÍKNNÎMMNMÎKŒÌNMMNÌŒÌŒ‹ŒÌÍMMMÎŒÎMKËŒÌÌLÌÎÍMM™KLM‚™]™[ÜY[‹ŒKK[Üİ]WÛÜ˜XÛKŒLŒKŒŒKŒŒŒ‹ŒŒŒŒLLÌLÙKLM‚™]™[ÜY[‹ŒK‹ÛÜœ™[Û‹ŒLŒKŒLÌÍÎÍÌÍLÍÍNŒMÍŒNLŒNËNMÎÍŒMMÍNMŒÌLÍMÍŒŒNMMÍŒÌLŒMM‹ËŒŒÌÌMÍNYKLM‚™]™[ÜY[‹ŒK‹ØØWÙ\]Z]˜[[ŒLŒKŒLÌÍÎÍÌÍLÍÍNŒMÍŒNLŒNËNMÎÍŒMMÍNMŒÌLÍMÍŒŒNMMÍŒÌLŒMM‹ËŒŒÌÌMÍNYKLM‚™]™[ÜY[‹ŒK‹›ØÚ×ÙXYÛÛ˜[ŒLŒKŒNLLMMÌÍŒŒÍ‹ŒMÎMLMŒLÍÎNNLMŒMÍŒËŒŒNLLNLÎLŒNMLKŒÌMMLNLÌNKËŒÌÌLÌÎÍMM™KLM‚™]™[ÜY[‹ŒK‹ØWÜ˜[š×ÛX]ÚYŒLŒKŒLLÍÌLMNMŒŒM‹ŒŒMÎLÌLÌÍM‹MÌÌŒÌLNMËŒLMÌMMŒÍMÍNŒÌ‹ŒMMŒÍÌŒŒŒÍÍNKKŒLLÌÌÌYKLM‚™]™[ÜY[‹ŒK‹˜[™ÛWÜ˜[š×ÛX]ÚYŒLŒKŒMNLÎLMLMÌËŒNLMNÌÍÌËNMÍÍNLNNLÌMKŒÌÍÍÍMNNLMÎKŒÎLLŒËŒÌÌLÌÎÍMM™KLM‚™]™[ÜY[‹ŒK‹˜]×Üİ™ŒLŒKŒLÌÌÍLÌMKŒMMNLLŒŒÎLÌKNMÎNÍÍÍLËŒÌÌŒÍLLÌMÌLÍÍKŒLLÎÍNMMŒŒLMKËŒÌÌLÌÎÍMM™KLM‚™]™[ÜY[‹ŒK‹[Üİ]WÛÜ˜XÛKŒLŒKŒŒKŒŒŒ‹ŒŒŒŒLLÌLÙKLM‚™]™[ÜY[‹ŒKÛÜœ™[Û‹ŒLŒKŒLÌÌÍLÍÌÍNKŒÌMÍMLŒMLÍËNMÍLNMÍMÍËŒÍNNMÎMŒMÎNÎŒMÌMŒŒÌŒLÍÌË‹ŒÍÍÎMÍÍÙKLM‚™]™[ÜY[‹ŒKØØWÙ\]Z]˜[[ŒLŒKŒLÌÌÍLÍÌÍNKŒÌMÍMLŒMLÍËNMÍLNMÍMÍËŒÍNNMÎMŒMÎNÎŒMÌMŒŒÌŒLÍÌË‹ŒÍÍÎMÍÍÙKLM‚™]™[ÜY[‹ŒK›ØÚ×ÙXYÛÛ˜[ŒLŒKŒNLLMMÌÍŒŒÍ‹ŒMÎMLMŒLÍÎNNLMŒMÍŒËŒŒNLLNLÎLŒNMLKŒÌMMLNLÌNKËŒÌÌLÌÎÍMM™KLM‚™]™[ÜY[‹ŒKØWÜ˜[š×ÛX]ÚYŒLŒKŒLÌÌÍÌÍLŒÍKŒÌMÍMLÎŒÍNMÍLŒÍÍKŒÍNNMÎLMLÍMŒÍKŒMÌLÍÌÍÌŒÌMKKMLLÌMKLM‚™]™[ÜY[‹ŒK˜[™ÛWÜ˜[š×ÛX]ÚYŒLŒKŒLMLLLMËŒÌÍMÍNMÍLÌÍNMÍÎÍŒÍÎNLÌ‹ŒÌÌÌLÌÌNNNLNL‹ŒLÍMMMLÌÌÎÎKMLLLMLLŒÌLMÎÙKLMÂ™]™[ÜY[‹ŒK˜]×Üİ™ŒLŒKŒLÌÌÍLÍÌÍMËŒÌMÍMLŒMLÎKNMÍLNMÍMÍËŒÍNNMÎMŒMÎNKŒMÌMŒŒÌŒLÎMKËŒŒMMŒŒÍLNKLM‚™]™[ÜY[‹ŒK[Üİ]WÛÜ˜XÛKŒLŒKŒŒKŒŒŒ‹ŒŒŒŒLLÌLÙKLM‚™]™[ÜY[‹ŒKKÛÜœ™[Û‹ŒLŒKŒMÌŒŒMLÌŒKŒLÎNLMLÌMM‹NNÎNMLÌMËŒMÌMÌMÍŒMÍNLLLÌÍŒ‹NMŒÍŒLLÌŒKLM‚™]™[ÜY[‹ŒKKØØWÙ\]Z]˜[[ŒLŒKŒMÌŒŒMLÌŒKŒLÎNLMLÌMM‹NNÎNMLÌMËŒMÌMÌMÍŒMÍNLLLÌÍŒ‹NMŒÍŒLLÌŒKLM‚™]™[ÜY[‹ŒKK›ØÚ×ÙXYÛÛ˜[ŒLŒKŒLŒÍLÌMÌÌMMÍ‹ŒMMÎMÍLMŒKNNŒLÍÍŒŒÍÌÌKŒNÌLÎŒMÍÍŒ‹ŒLNÍLÌËKLŒLMÍŒ™KLMÂ™]™[ÜY[‹ŒKKØWÜ˜[š×ÛX]ÚYŒLŒKŒÌÌŒŒLŒŒŒÍKŒNMŒŒMŒÍMÍÍMÍÎLÍÍNLLNMKŒLLMMŒLMŒLÌÌŒNÌLMMÌ‹ËŒNLNLLNMMÎMÌÌYKLM‚™]™[ÜY[‹ŒKK˜[™ÛWÜ˜[š×ÛX]ÚYŒLŒNNÍLMÍŒML‹ŒLMMÍÍMŒÎÍMNNMÍÍLMÍÍMÌËŒÍLMÌÎMŒMÍŒÎÍÎLNÍËËŒÌÌLÌÎÍMM™KLM‚™]™[ÜY[‹ŒKK˜]×Üİ™ŒLŒKŒÍMMLMLŒÎŒMÍÌÎÎMMNNNNMMLNNMMM‹ŒLLLŒÌŒÍMKŒNNMLŒMLM‹KŒLLŒŒÌŒLMMYKLM‚™]™[ÜY[‹ŒKK[Üİ]WÛÜ˜XÛKŒLŒKŒŒKŒŒŒ‹ŒŒŒŒLLÌLÙKLM‚™]™[ÜY[‹ŒK‹ÛÜœ™[Û‹ŒLŒKŒÍLLNMÎÎKŒLLŒÌÍMÍÌLÌÌ‹NNMŒŒÎLËŒMLÌŒMŒMLŒÌNŒLMMÌŒLÍÍÍM‹ËMÎNŒNKLM‚™]™[ÜY[‹ŒK‹ØØWÙ\]Z]˜[[ŒLŒKŒÍLLNMÎÎKŒLLŒÌÍMÍÌLÌÌ‹NNMŒŒÎLËŒMLÌŒMŒMLŒÌNŒLMMÌŒLÍÍÍM‹ËMÎNŒNKLM‚™]™[ÜY[‹ŒK‹›ØÚ×ÙXYÛÛ˜[ŒLŒKŒLŒÍLÌMÌÌMMÍ‹ŒMMÎMÍLMŒKNNŒLÍÍŒŒÍÌÌKŒNÌLÎŒMÍÍŒ‹ŒLNÍLÌËKLŒLMÍŒ™KLMÂ™]™[ÜY[‹ŒK‹ØWÜ˜[š×ÛX]ÚYŒLŒKŒMÍŒÌMÎLMMÎKŒŒÌMLÌŒÎNÌ‹MÌÍÍMMÎLËŒLMNŒLŒMNÌÌÌÌ‹ŒŒLNNLŒÌŒËKLÌÍLÍLÍÍÌÍKLM‚™]™[ÜY[‹ŒK‹˜[™ÛWÜ˜[š×ÛX]ÚYŒLŒNMŒLKŒŒMŒNMŒÍÌÎLM‹NMMŒNÌMM‹ŒŒNLLLÍM‹ŒLÌÍMŒMLLNNË‹ŒÍNLŒŒÎLÌÌMÍ™KLM‚™]™[ÜY[‹ŒK‹˜]×Üİ™ŒLŒKŒŒŒÌŒÌMÍ‹ŒMÌMÎLLÍÍÎMÌKNNŒLŒŒNMŒMKŒÎLMŒMÍNKŒMÎLÎÍLMÌ‹KLÌÍLÍLÍÍÌÍKLM‚™]™[ÜY[‹ŒK‹[Üİ]WÛÜ˜XÛKŒLŒKŒŒKŒŒŒ‹ŒŒŒŒLLÌLÙKLM‚™]™[ÜY[‹ŒKÛÜœ™[Û‹ŒLŒNNMÍMMŒMÌŒŒLLNLÎN‹NNNLLMÎNNËŒLMÎLÌMMÌŒÍ‹ŒÌLÍÌÌLÍËŒÌÌLÌÎÍMM™KLM‚™]™[ÜY[‹ŒKØØWÙ\]Z]˜[[ŒLŒNNMÍMMŒMÌŒŒLLNLÎN‹NNNLLMÎNNËŒLMÎLÌMMÌŒÍ‹ŒÌLÍÌÌLÍËŒÌÌLÌÎÍMM™KLM‚™]™[ÜY[‹ŒK›ØÚ×ÙXYÛÛ˜[ŒLŒKŒLŒÍLÌMÌÌMMÍ‹ŒMMÎMÍLMŒKNNŒLÍÍŒŒÍÌÌKŒNÌLÎŒMÍÍŒ‹ŒLNÍLÌËKLŒLMÍŒ™KLMÂ™]™[ÜY[‹ŒKØWÜ˜[š×ÛX]ÚYŒLŒNNMÍLM‹ŒMÌŒŒŒÍLMMÍKNNNLLMÌMLËŒLMÎLŒŒNMÌ‹ŒÌLŒÍLMÍKLÌÍLÍLÍÍÌÍKLM‚™]™[ÜY[‹ŒK˜[™ÛWÜ˜[š×ÛX]ÚYŒLŒNMLMMÍÍLÌMMLËŒŒLÌLNMNLLËNMÌMMÌÍLŒL‹ŒÎÌÍLŒLÎMÎMÍKŒMÍÍŒNMÌNMŒMÍKKLÌÍLÍLÍÍÌÍKLM‚™]™[ÜY[‹ŒK˜]×Üİ™ŒLŒNNMÍMËŒMÌŒŒLLNLÎ‹NNNLLMÎNNKŒLMÎLÌMMÌŒKŒÌLÍÌÌKKLÌÍLÍLÍÍÌÍKLM‚™]™[ÜY[‹ŒK[Üİ]WÛÜ˜XÛKŒLŒKŒŒKŒŒŒ‹ŒŒŒŒLLÌLÙKLM‚™]™[ÜY[‹KKÛÜœ™[Û‹ŒLŒNÎLÌMMÍÌÍÌ‹ŒÌLLMÌÌÎMMËNMÍÌMLÍMNKŒÌÍÎNÍŒÍÍMŒLŒÌLMÍNÌÌK‹ŒÍNLŒŒÎLÌÌMÍ™KLM‚™]™[ÜY[‹KKØØWÙ\]Z]˜[[ŒLŒNÎLÌMMÍÌÍÌ‹ŒÌLLMÌÌÎMMËNMÍÌMLÍMNKŒÌÍÎNÍŒÍÍMŒLŒÌLMÍNÌÌK‹ŒÍNLŒŒÎLÌÌMÍ™KLM‚™]™[ÜY[‹KK›ØÚ×ÙXYÛÛ˜[ŒLŒNÎÍÌNMLMÍLNKŒMNMŒMÎMËNMÌLNMÌÌŒËŒMNÌMNMMMËŒLŒŒÍLŒÎÍÍMÎKŒLLŒŒÌŒLMMYKLM‚™]™[ÜY[‹KKØWÜ˜[š×ÛX]ÚYŒLŒKŒLŒÌÎMLËŒŒLÌÍÌÎMÍÍKMÍÍNLÍNŒLÍÎNŒŒNMŒLÎLŒLŒMŒMŒŒŒLÎK‹ŒŒŒŒLLÌLÙKLM‚™]™[ÜY[‹KK˜[™ÛWÜ˜[š×ÛX]ÚYŒLŒMÎMŒNŒNÌKŒLLÍÌLMŒÍMLMÎKNLÍMMŒLNNŒMÌŒMŒMŒÎL‹ŒMLŒMMŒLNNMÌÎMKLÌÍLÍLÍÍÌÍKLM‚™]™[ÜY[‹KK˜]×Üİ™ŒLŒNÌŒŒMÍŒÍÍËŒÌŒÌŒNŒÎNMÍÎŒLLKŒÌÌMLÌMLNKŒLNMŒLÌLÌMMŒÎK‹ŒŒŒŒLLÌLÙKLM‚™]™[ÜY[‹KK[Üİ]WÛÜ˜XÛKŒLŒKŒŒKŒŒŒKÌÍLLÍMMMLMÙKLM‚™]™[ÜY[‹K‹ÛÜœ™[Û‹ŒLŒNNLMLËŒLÎLÌÎÌÌLÎMÍNNLŒNÎMM‹ŒÎMLNLŒÌÌŒ‹ŒMÍÍNLMÍNÌKLŒNLŒ™KLM‚™]™[ÜY[‹K‹ØØWÙ\]Z]˜[[ŒLŒNNLMLËŒLÎLÌÎÌÌLÎMÍNNLŒNÎMM‹ŒÎMLNLŒÌÌŒ‹ŒMÍÍNLMÍNÌKLŒNLŒ™KLM‚™]™[ÜY[‹K‹›ØÚ×ÙXYÛÛ˜[ŒLŒNÎÍÌNMLMÍLNKŒMNMŒMÎMËNMÌLNMÌÌŒËŒMNÌMNMMMËŒLŒŒÍLŒÎÍÍMÎKŒLLŒŒÌŒLMMYKLM‚™]™[ÜY[‹K‹ØWÜ˜[š×ÛX]ÚYŒLŒKŒLMLMMLŒËŒŒMMNMLLÎLMÌÌLÌNLNŒLMŒLŒÎÎŒLÎÎNNNŒLNNËËŒÌÌLÌÎÍMM™KLM‚™]™[ÜY[‹K‹˜[™ÛWÜ˜[š×ÛX]ÚYŒLŒMÌMMMŒŒM‹ŒLŒÌLÎMMÌÍMLŒKNMÍŒÍÍLÌLÎKŒLLÌŒMÌŒMŒKŒNÌÍMNLŒŒLËËMÎNŒNKLM‚™]™[ÜY[‹K‹˜]×Üİ™ŒLŒNLLÍÎLÎ‹ŒNÍMNMMLMKNNÌLÌÌNMMKŒLLLÎNÌÍËŒMLÍÌMMLŒŒMÎ‹‹ŒMMÌLMÌŒMYKLM‚™]™[ÜY[‹K‹[Üİ]WÛÜ˜XÛKŒLŒKŒŒKŒŒŒKÌÍLLÍMMMLMÙKLM‚™]™[ÜY[‹KÛÜœ™[Û‹ŒLŒNLLMÌÎNMMKŒMÌÌÌLLMMŒLËNNŒÍÍLÎMM‹ŒMLŒLÎÌLMMÌ‹ŒMNÎLMLLÍKŒMNŒNLYKLM‚™]™[ÜY[‹KØØWÙ\]Z]˜[[ŒLŒNLLMÌÎNMMKŒMÌÌÌLLMMŒLËNNŒÍÍLÎMM‹ŒMLŒLÎÌLMMÌ‹ŒMNÎLMLLÍKŒMNŒNLYKLM‚™]™[ÜY[‹K›ØÚ×ÙXYÛÛ˜[ŒLŒNÎÍÌNMLMÍLNKŒMNMŒMÎMËNMÌLNMÌÌŒËŒMNÌMNMMMËŒLŒŒÍLŒÎÍÍMÎKŒLLŒŒÌŒLMMYKLM‚™]™[ÜY[‹KØWÜ˜[š×ÛX]ÚYŒLŒNLLÎÍMNL‹ŒMÌÌÌMÌMMÍÍLËNNŒÍÍLÎLMÍM‹ŒMLŒLÍÍÌMNLMM‹ŒMNÎLLŒMMÌ‹‹ÍÍMMMÍMŒMMŒLMKLM‚™]™[ÜY[‹K˜[™ÛWÜ˜[š×ÛX]ÚYŒLŒMÌMLMMNLŒNLÍÍKŒLMMMLÍÌÌÎMËNMÌMMÎNMKŒLÌÌNMLMMLÍŒKŒŒÍÎÎLÌL‹LŒNLŒ™KLM‚™]™[ÜY[‹K˜]×Üİ™ŒLŒNLLMÌÎNMMKŒMÌÌÌLLMMŒÍMNNŒÍÍLÎMM‹ŒMLŒLÎÌLMÌŒŒMNÎLMLLÎMKËMÎNŒNKLM‚™]™[ÜY[‹K[Üİ]WÛÜ˜XÛKŒLŒKŒŒKŒŒŒKÌÍLLÍMMMLMÙKLM‚™]™[ÜY[‹KŒKÛÜœ™[Û‹ŒLŒKŒMÎMMLÌLŒŒLLÍNMLÍÎLNLÎLŒMNMÌNN‹ŒMLLLŒMÌMMKŒŒMLŒÎMÎLÎËÌÌÍLMKLM‚™]™[ÜY[‹KŒKØØWÙ\]Z]˜[[ŒLŒKŒMÎMMLÌLŒŒLLÍNMLÍÎLNLÎLŒMNMÌNN‹ŒMLLLŒMÌMMKŒŒMLŒÎMÎLÎËÌÌÍLMKLM‚™]™[ÜY[‹KŒK›ØÚ×ÙXYÛÛ˜[ŒLŒKŒÌÌÎMŒMÍLŒÎKŒMMMMMNÌKNÍŒÌÌLNMËŒÎŒÍŒLÌLŒŒLËŒLŒÌLLÎÎÍKŒNÎMÎMÍMÎMÙKLMÂ™]™[ÜY[‹KŒKØWÜ˜[š×ÛX]ÚYŒLŒKŒŒNMMÍÌÍNLËŒŒNÌÌŒÌÍŒŒŒËMÍMŒÍMÍŒLLÌÌÍLLNÎLMÍKŒNNÎMÍÌÌÍKËŒŒÌÌMÍNYKLM‚™]™[ÜY[‹KŒK˜[™ÛWÜ˜[š×ÛX]ÚYŒLŒNNMŒLÍNMÌNŒNLÌŒÌL‹NÌÌNÌÌLÌ‹ŒLLÌLŒMÍÍËŒÌŒŒMŒÌLNÌL‹KÍMMÌLÌLÎÙKLM‚™]™[ÜY[‹KŒK˜]×Üİ™ŒLŒKŒLLÍLÍÌŒMÎŒLŒNLÌÌÌLŒL‹NLÌMŒMNÍML‹ŒNNNLMÍÍLÍKŒŒLÍŒŒÌŒLÍMÎKKMLLÌMKLM‚™]™[ÜY[‹KŒK[Üİ]WÛÜ˜XÛKŒLŒKŒŒKŒŒŒ‹ŒŒŒŒLLÌLÙKLM‚™]™[ÜY[‹KŒ‹ÛÜœ™[Û‹ŒLŒKŒÎMLÌÍLÌÍÍKŒÌÍLMŒŒÌÌLÌ‹NMÍLŒÎMLNŒÌÎNÍMŒÌNÍ‹ŒMNLÌMMÍŒŒÌNMKLŒNLŒ™KLM‚™]™[ÜY[‹KŒ‹ØØWÙ\]Z]˜[[ŒLŒKŒÎMLÌÍLÌÍÍKŒÌÍLMŒŒÌÌLÌ‹NMÍLŒÎMLNŒÌÎNÍMŒÌNÍ‹ŒMNLÌMMÍŒŒÌNMKLŒNLŒ™KLM‚™]™[ÜY[‹KŒ‹›ØÚ×ÙXYÛÛ˜[ŒLŒKŒÌÌÎMŒMÍLŒÎKŒMMMMMNÌKNÍŒÌÌLNMËŒÎŒÍŒLÌLŒŒLËŒLŒÌLLÎÎÍKŒNÎMÎMÍMÎMÙKLMÂ™]™[ÜY[‹KŒ‹ØWÜ˜[š×ÛX]ÚYŒLŒKŒÍÍÍŒLLŒLÌKŒŒÌLLŒŒÌÍMLÌŒŒËMÌÌLMÌNMÌ‹ŒLMŒMMMLKŒMÍÍÎMÍL‹KŒLLŒŒÌŒLMMYKLM‚™]™[ÜY[‹KŒ‹˜[™ÛWÜ˜[š×ÛX]ÚYŒLŒMMŒLLMÎŒŒÍËŒŒÍLÌÌŒMMËMÍNLÎMŒNŒÍÍŒËŒLLÌÎNLÎNMÌ‹ŒNLÎLŒÍŒMÌÌ‹ŒŒŒŒLLÌLÙKLM‚™]™[ÜY[‹KŒ‹˜]×Üİ™ŒLŒKŒLNLNLÌN‹ŒLLÌÍ‹NMÍÌŒŒŒNLMŒÌÍÍLMÎMÎMŒMŒLÎÍMMŒNLMÎ‹ŒÍNLŒŒÎLÌÌMÍ™KLM‚™]™[ÜY[‹KŒ‹[Üİ]WÛÜ˜XÛKŒLŒKŒŒKŒŒŒ‹ŒŒŒŒLLÌLÙKLM‚™]™[ÜY[‹KŒÛÜœ™[Û‹ŒLŒKŒMŒNÍÍŒÍMŒ‹ŒÌŒLMŒÌLNMÍMÍNLNŒÍNÌÎMNÍNŒMMŒÌŒÍÌŒMÌŒŒÍËMÎNMÌLL™KLM‚™]™[ÜY[‹KŒØØWÙ\]Z]˜[[ŒLŒKŒMŒNÍÍŒÍMŒ‹ŒÌŒLMŒÌLNMÍMÍNLNŒÍNÌÎMNÍNŒMMŒÌŒÍÌŒMÌŒŒÍËMÎNMÌLL™KLM‚™]™[ÜY[‹KŒ›ØÚ×ÙXYÛÛ˜[ŒLŒKŒÌÌÎMŒMÍLŒÎKŒMMMMMNÌKNÍŒÌÌLNMËŒÎŒÍŒLÌLŒŒLËŒLŒÌLLÎÎÍKŒNÎMÎMÍMÎMÙKLMÂ™]™[ÜY[‹KŒØWÜ˜[š×ÛX]ÚYŒLŒKŒMŒŒLŒŒMLÍKŒÌŒLÌLÍŒŒNËNMÍMÍŒŒ‹ŒÍNNLMÎM‹ŒMMŒÌŒÍÍÌMÍÍË‹ŒÍNLŒŒÎLÌÌMÍ™KLM‚™]™[ÜY[‹KŒ˜[™ÛWÜ˜[š×ÛX]ÚYŒLŒMLÍLNMÍÍÍÍ‹ŒŒÌMŒÍÎLLÍMÍÌLMÌLÌKŒLLÌNMŒÌÍMËŒMÍLÍÎMŒÎŒ‹ËŒÌÌLÌÎÍMM™KLM‚™]™[ÜY[‹KŒ˜]×Üİ™ŒLŒKŒMŒNÍÍŒÍMKŒÌŒLMŒÌLÌËNMÍMÍNLNŒÍNÌÎMNÍŒMMŒÌŒÍÌŒMÌŒLK‹ŒŒŒŒLLÌLÙKLM‚™]™[ÜY[‹KŒ[Üİ]WÛÜ˜XÛKŒLŒKŒŒKŒŒŒ‹ŒŒŒŒLLÌLÙKLM‚™]™[ÜY[ŒKKÛÜœ™[Û‹ŒLŒNÎMÍLÎMŒLKŒŒÍÌMÌMMLKNNÌLMNLÍLÎMËŒMMNLŒLMKŒŒLMŒÍ‹NMŒÍŒLLÌŒKLM‚™]™[ÜY[ŒKKØØWÙ\]Z]˜[[ŒLŒNÎMÍLÎMŒLKŒŒÍÌMÌMMLKNNÌLMNLÍLÎMËŒMMNLŒLMKŒŒLMŒÍ‹NMŒÍŒLLÌŒKLM‚™]™[ÜY[ŒKK›ØÚ×ÙXYÛÛ˜[ŒLŒNLMLLMLÍÎKŒLNLNMÎÍÌLLŒMËNNÍÌLNLKŒÎLLMÎÌÍÎMÌKŒNÌŒÍÌLÍNNM‹‹ŒÎLLÎÙKLMÂ™]™[ÜY[ŒKKØWÜ˜[š×ÛX]ÚYŒLŒKŒÎÌÎ‹ŒNNLMÍÌLÍŒKMÎLŒÎÎMÎKŒLÍÌÌÍNMËŒLŒLÌMMMŒMŒÌÌÍŒÍŒÍÌÍÙKLM‚™]™[ÜY[ŒKK˜[™ÛWÜ˜[š×ÛX]ÚYŒLŒNÌLLŒLKŒNMLÎMMËNNÍŒÌMÍKŒŒÎLLÎLMM‹ŒŒLMŒÌÍNNNMKËŒMNMÍŒÍMNLÌÍYKLM‚™]™[ÜY[ŒKK˜]×Üİ™ŒLŒNNŒLÎLÎMML‹ŒMMMMÍNMÍNŒËNNMLMÍÍÌŒKŒÎMNÎLÌNKŒNMÍMLÍÍNNLMËÌNÎMMLMYKLM‚™]™[ÜY[ŒKK[Üİ]WÛÜ˜XÛKŒLŒKŒŒKŒŒŒKŒLLŒŒÌŒLMMYKLM‚™]™[ÜY[ŒK‹ÛÜœ™[Û‹ŒLŒNÍLÌŒMNLŒŒ‹ŒŒŒLNMLÍLËNNÍÎÍLMÌŒ‹ŒÍÍŒÍLÎMNNLNŒËŒŒNNŒÍŒŒ‹‹ŒŒŒŒLLÌLÙKLM‚™]™[ÜY[ŒK‹ØØWÙ\]Z]˜[[ŒLŒNÍLÌŒMNLŒŒ‹ŒŒŒLNMLÍLËNNÍÎÍLMÌŒ‹ŒÍÍŒÍLÎMNNLNŒËŒŒNNŒÍŒŒ‹‹ŒŒŒŒLLÌLÙKLM‚™]™[ÜY[ŒK‹›ØÚ×ÙXYÛÛ˜[ŒLŒNLMLLMLÍÎKŒLNLNMÎÍÌLLŒMËNNÍÌLNLKŒÎLLMÎÌÍÎMÌKŒNÌŒÍÌLÍNNM‹‹ŒÎLLÎÙKLMÂ™]™[ÜY[ŒK‹ØWÜ˜[š×ÛX]ÚYŒLŒKŒLÎLLÌÌÎÌNŒŒŒÎMNMËMÍLNNÎLŒLLÍÌÌÌŒÍM‹ŒMÎNLLÍŒŒÌÌÌLË‹ŒŒŒŒLLÌLÙKLM‚™]™[ÜY[ŒK‹˜[™ÛWÜ˜[š×ÛX]ÚYŒLŒNÌŒLNLLNÌËŒŒŒLMLÍLÍÍ‹NNLMNLÌÍÌŒ‹ŒÌÌNNŒÌNKŒŒNMÌLÍÌÌÎNLÌL‹KMLLLMLLŒÌLMÎÙKLM‚™]™[ÜY[ŒK‹˜]×Üİ™ŒLŒNÍŒÌŒŒŒÌŒËŒŒÌŒÍMNMÌÎËNNÌÌNLÍÌNMŒÌMMMŒŒLÍŒNŒŒŒËMÎNMÌLL™KLM‚™]™[ÜY[ŒK‹[Üİ]WÛÜ˜XÛKŒLŒKŒŒKŒŒŒKŒLLŒŒÌŒLMMYKLM‚™]™[ÜY[ŒKÛÜœ™[Û‹ŒLŒNÌÍMMNML‹ŒŒNŒLMÎMNNNNÍMŒLÌŒËŒMMÌÌŒLÎNÍLMËŒŒLMNÎNŒLÍLMË‹ŒŒŒŒLLÌLÙKLM‚™]™[ÜY[ŒKØØWÙ\]Z]˜[[ŒLŒNÌÍMMNML‹ŒŒNŒLMÎMNNNNÍMŒLÌŒËŒMMÌÌŒLÎNÍLMËŒŒLMNÎNŒLÍLMË‹ŒŒŒŒLLÌLÙKLM‚™]™[ÜY[ŒK›ØÚ×ÙXYÛÛ˜[ŒLŒNLMLLMLÍÎKŒLNLNMÎÍÌLLŒMËNNÍÌLNLKŒÎLLMÎÌÍÎMÌKŒNÌŒÍÌLÍNNM‹‹ŒÎLLÎÙKLMÂ™]™[ÜY[ŒKØWÜ˜[š×ÛX]ÚYŒLŒNÌÍÍÌÎNNMŒŒNŒLMÍLMÌ‹NNÍMŒÍÍÌMKŒMMÌÌÌŒ‹ŒŒLMNÎMLÍML‹ËŒÌÌLÌÎÍMM™KLM‚™]™[ÜY[ŒK˜[™ÛWÜ˜[š×ÛX]ÚYŒLŒNÍLMLÍÍÎM‹ŒMŒMLLÌŒM‹NMÍŒLNMLÎŒÍMŒNMÎMÍNKŒŒÌÎÌMÍŒLËKŒLLŒŒÌŒLMMYKLM‚™]™[ÜY[ŒK˜]×Üİ™ŒLŒNÌÍMMNML‹ŒŒNŒLMÎMNNLËNNÍMŒLÌŒËŒMMÌÌŒLÎNÍLKŒŒLMNÎNŒLÌËËMÎNŒNKLM‚™]™[ÜY[ŒK[Üİ]WÛÜ˜XÛKŒLŒKŒŒKŒŒŒKŒLLŒŒÌŒLMMYKLM‚™]™[ÜY[ŒKKÛÜœ™[Û‹ŒLŒKŒŒMÍÌÌŒNLMKŒNNLŒMLŒLKNMÍÍÍMÍÌÍMNLLŒÌÌÍÍŒMÌMMMMŒŒMMMNÍŒÌÍÌKËŒLÌLLÌÌMÍÌNLNYKLM‚™]™[ÜY[ŒKKØØWÙ\]Z]˜[[ŒLŒKŒŒMÍÌÌŒNLMKŒNNLŒMLŒLKNMÍÍÍMÍÌÍMNLLŒÌÌÍÍŒMÌMMMMŒŒMMMNÍŒÌÍÌKËŒLÌLLÌÌMÍÌNLNYKLM‚™]™[ÜY[ŒKK›ØÚ×ÙXYÛÛ˜[ŒLŒKŒÎMÍMŒLNNŒMŒMLLMÌËNMÍMNËŒÍÌŒMÎLLÍLMKŒNMMŒMMLÌNNË‹ŒLÍLÍLŒNLÙKLMÂ™]™[ÜY[ŒKKØWÜ˜[š×ÛX]ÚYŒLŒKŒLÌÌŒMMÌ‹ŒNMÎŒLMŒÌŒMËMÍLNMNËŒLÌÌMÍÍNLMKŒMŒMMÍMŒÍ‹KŒLLŒŒÌŒLMMYKLM‚™]™[ÜY[ŒKK˜[™ÛWÜ˜[š×ÛX]ÚYŒLŒKŒŒÍÍMŒÌÍŒLLMÌMËNMÍŒÎÍNLLLLËŒÍÎMMÌÌÌMMŒLNÌNLLÌMÌÍM‹ÍÍMMMÍMŒMMŒLMKLM‚™]™[ÜY[ŒKK˜]×Üİ™ŒLŒKŒŒMÌŒÌLŒÍÌMËŒMŒLLŒŒÌÎMÌ‹NMÎŒMNŒÎLËŒÌÌÌLÌÌMŒÌÎËŒŒÌÍŒMÍÌNM‹‹ÍÍMMMÍMŒMMŒLMKLM‚™]™[ÜY[ŒKK[Üİ]WÛÜ˜XÛKŒLŒKŒŒKŒŒŒKLÌÍLÍLÍÍÌÍKLM‚™]™[ÜY[ŒK‹ÛÜœ™[Û‹ŒLŒKŒNMMÌÎÌM‹ŒŒMMÍNMŒÌÎNKNNLÎLŒLMÍÎLÍKŒÌLŒMMÍLNŒNŒNMÌNÍÌÍLLLMKËŒÌÌLÌÎÍMM™KLM‚™]™[ÜY[ŒK‹ØØWÙ\]Z]˜[[ŒLŒKŒNMMÌÎÌM‹ŒŒMMÍNMŒÌÎNKNNLÎLŒLMÍÎLÍKŒÌLŒMMÍLNŒNŒNMÌNÍÌÍLLLMKËŒÌÌLÌÎÍMM™KLM‚™]™[ÜY[ŒK‹›ØÚ×ÙXYÛÛ˜[ŒLŒKŒÎMÍMŒLNNŒMŒMLLMÌËNMÍMNËŒÍÌŒMÎLLÍLMKŒNMMŒMMLÌNNË‹ŒLÍLÍLŒNLÙKLMÂ™]™[ÜY[ŒK‹ØWÜ˜[š×ÛX]ÚYŒLŒKŒLŒÍLÌNÍKŒŒLÌLLMŒÍLM‹MÍMÍÍLÎLŒÍMKŒLLMÎLŒÌŒML‹ŒLÍNÎLNLÌŒÍÍKLÌÍLÍLÍÍÌÍKLM‚™]™[ÜY[ŒK‹˜[™ÛWÜ˜[š×ÛX]ÚYŒLŒKŒMÌLMNMÎMÍŒLÌŒÌÌÌLŒKNMLÍÍMLLÌÍM‹ŒNLNMMÌMMMÍ‹ŒNMLMÍŒÌÌÌLËKLÌÍLÍLÍÍÌÍKLM‚™]™[ÜY[ŒK‹˜]×Üİ™ŒLŒKŒNMÌNNMKŒŒLMÎMMÎÍÍNNMÌMLÌŒKŒÌMLÌÌÍÌÌŒ‹ŒŒLMLLMMŒ‹ŒŒŒŒLLÌLÙKLM‚™]™[ÜY[ŒK‹[Üİ]WÛÜ˜XÛKŒLŒKŒŒKŒŒŒKLÌÍLÍLÍÍÌÍKLM‚™]™[ÜY[ŒKÛÜœ™[Û‹ŒLŒKŒNMŒLKŒMMÌÌÌŒLMŒ‹NNLÌÌNMMÍŒÍMKŒÌMÎLÍMÍLËŒLÍLÌŒÍNMŒK‹NNMŒ™KLM‚™]™[ÜY[ŒKØØWÙ\]Z]˜[[ŒLŒKŒNMŒLKŒMMÌÌÌŒLMŒ‹NNLÌÌNMMÍŒÍMKŒÌMÎLÍMÍLËŒLÍLÌŒÍNMŒK‹NNMŒ™KLM‚™]™[ÜY[ŒK›ØÚ×ÙXYÛÛ˜[ŒLŒKŒÎMÍMŒLNNŒMŒMLLMÌËNMÍMNËŒÍÌŒMÎLLÍLMKŒNMMŒMMLÌNNË‹ŒLÍLÍLŒNLÙKLMÂ™]™[ÜY[ŒKØWÜ˜[š×ÛX]ÚYŒLŒKŒNMŒŒÍMŒŒLËŒMMÍLÍLÍL‹NNLÌÌNMLLŒ‹ŒÌMÎMMMÎLËŒLÍLÌŒÌNLŒLÌ‹KMLLÌMKLM‚™]™[ÜY[ŒK˜[™ÛWÜ˜[š×ÛX]ÚYŒLŒKŒMÌÎNÍKŒLLŒLŒÌLLLMŒËNMLÌMNMLNLÍMŒMÍÍÍKŒMNŒÌŒLŒŒËKŒLLŒŒÌŒLMMYKLM‚™]™[ÜY[ŒK˜]×Üİ™ŒLŒKŒNMŒLKŒMMÌÌÌŒLMM‹NNLÌÌNMMÍŒÍMKŒÌMÎLÍMŒLÍLÌŒÍNLÌÌ‹ËMÎNŒNKLM‚™]™[ÜY[ŒK[Üİ]WÛÜ˜XÛKŒLŒKŒŒKŒŒŒKLÌÍLÍLÍÍÌÍKLM‚™]™[ÜY[KKÛÜœ™[Û‹ŒLŒNMÌMŒŒŒÌÍÎMMKŒLŒMMÎÎMÌNL‹NMLNÍŒŒ‹ŒLNLÌÎMNŒLÍNÍŒLÌÍŒËKLÌÍLÍLÍÍÌÍKLM‚™]™[ÜY[KKØØWÙ\]Z]˜[[ŒLŒNMÌMŒŒŒÌÍÎMMKŒLŒMMÎÎMÌNL‹NMLNÍŒŒ‹ŒLNLÌÎMNŒLÍNÍŒLÌÍŒËKLÌÍLÍLÍÍÌÍKLM‚™]™[ÜY[KK›ØÚ×ÙXYÛÛ˜[ŒLŒKŒMNÍŒÎKŒLMLMŒLMÎMËNLÌŒŒLÌŒLNKŒNÌŒŒLŒLÌMËŒMÎMMŒMM‹ŒŒŒŒLLÌLÙKLM‚™]™[ÜY[KKØWÜ˜[š×ÛX]ÚYŒLŒKŒŒLÌLMŒKŒŒLÌŒÍÌMLLMÍLÌÌNNMŒËŒLLLLMMLMÎLÍMM‹ŒLMÍŒMÌMÎMÍKKLÌÍLÍLÍÍÌÍKLM‚™]™[ÜY[KK˜[™ÛWÜ˜[š×ÛX]ÚYŒLŒNLÍÌNŒMNNM‹ŒLNŒŒÎMÎÌNLMLÌMLŒNLÌÌÍÌNLŒÌÍKŒMMMMLLŒKKMLLLMLLŒÌLMÎÙKLM‚™]™[ÜY[KK˜]×Üİ™ŒLŒNMNLŒŒNÎÍËŒLMŒÌLÍNLNMÍNMÎLLMNMLŒKŒLLÌMŒÌMÌLÌKŒLNLMÌÍÌÍ‹ËŒŒÌÌMÍNYKLM‚™]™[ÜY[KK[Üİ]WÛÜ˜XÛKŒLŒKŒŒKŒŒŒËŒÌÌLÌÎÍMM™KLM‚™]™[ÜY[K‹ÛÜœ™[Û‹ŒLŒNLNMŒNMKŒMŒNLNMMNMŒLÌMÍMMÍŒÎMÍMMMMÍMMŒMŒMÍLÌÌNLÎLË‹ŒŒŒŒLLÌLÙKLM‚™]™[ÜY[K‹ØØWÙ\]Z]˜[[ŒLŒNLNMŒNMKŒMŒNLNMMNMŒLÌMÍMMÍŒÎMÍMMMMÍMMŒMŒMÍLÌÌNLÎLË‹ŒŒŒŒLLÌLÙKLM‚™]™[ÜY[K‹›ØÚ×ÙXYÛÛ˜[ŒLŒKŒMNÍŒÎKŒLMLMŒLMÎMËNLÌŒŒLÌŒLNKŒNÌŒŒLŒLÌMËŒMÎMMŒMM‹ŒŒŒŒLLÌLÙKLM‚™]™[ÜY[K‹ØWÜ˜[š×ÛX]ÚYŒLŒKŒÍLNLÎLŒMÎKŒÌLÎŒÎÌLÌLÎKMÌMŒNLÌKŒLÎMÍŒÍLÍŒMËŒMLMŒÎÎL‹ÍÍMMMÍMŒMMŒLMKLM‚™]™[ÜY[K‹˜[™ÛWÜ˜[š×ÛX]ÚYŒLŒNLŒŒLMÍŒLMŒLŒÍÍMŒÌÌŒŒMKNLMŒÌLÎNLŒÌËŒNLÎÌŒLÌÍ‹ŒMÎNLMÎMNNK‹ŒŒŒŒLLÌLÙKLM‚™]™[ÜY[K‹˜]×Üİ™ŒLŒNLŒŒLÌMMÌ‹ŒMÍÎMŒÌMÍLLMNKNMŒÌÍÌNNÌŒMKŒÌMŒÎLLŒLËŒMNLMÌŒNLL‹ŒNÍNLÎMKLM‚™]™[ÜY[K‹[Üİ]WÛÜ˜XÛKŒLŒKŒŒKŒŒŒËŒÌÌLÌÎÍMM™KLM‚™]™[ÜY[KÛÜœ™[Û‹ŒLŒNLÍMÌÌMLŒ‹ŒŒMÎMŒ‹NMÎÎÌMŒNNKŒÌMMMÎLMLÍŒÎLLM‹ŒLÌŒMMÌ‹ËMÎNŒNKLM‚™]™[ÜY[KØØWÙ\]Z]˜[[ŒLŒNLÍMÌÌMLŒ‹ŒŒMÎMŒ‹NMÎÎÌMŒNNKŒÌMMMÎLMLÍŒÎLLM‹ŒLÌŒMMÌ‹ËMÎNŒNKLM‚™]™[ÜY[K›ØÚ×ÙXYÛÛ˜[ŒLŒKŒMNÍŒÎKŒLMLMŒLMÎMËNLÌŒŒLÌŒLNKŒNÌŒŒLŒLÌMËŒMÎMMŒMM‹ŒŒŒŒLLÌLÙKLM‚™]™[ÜY[KØWÜ˜[š×ÛX]ÚYŒLŒNLÍMÌÌNMNM‹ŒŒMÎMNKNMÎÎÌMLNMMŒÌMMMÎLMLÎMÍÍÌËŒLÌLLM‹ËŒÌÌLÌÎÍMM™KLM‚™]™[ÜY[K˜[™ÛWÜ˜[š×ÛX]ÚYŒLŒMÍLÍÌMŒŒKŒMMLŒLÍMMÍÍKNLŒÌÌÍMLŒKŒÌÌÍÌLMLNLŒKŒÍLÎLÌMÎÌŒ‹ÍÍMMMÍMŒMMŒLMKLM‚™]™[ÜY[K˜]×Üİ™ŒLŒNLÍMÌÌMLŒL‹ŒŒMÎMŒNKNMÎÎÌMŒNNKŒÌMMMÎLMLÍŒÎLMŒLÌŒMNLK‹ŒŒŒŒLLÌLÙKLM‚™]™[ÜY[K[Üİ]WÛÜ˜XÛKŒLŒKŒŒKŒŒŒËŒÌÌLÌÎÍMM™KLM‚™]™[ÜY[KŒKÛÜœ™[Û‹ŒLŒKŒLŒLÎMŒMLŒMÎLNMNMŒKNLLMÍŒÌÌKŒŒÌLÌMŒÎŒLLNLMLŒNLŒNM‹NMŒÍŒLLÌŒKLM‚™]™[ÜY[KŒKØØWÙ\]Z]˜[[ŒLŒKŒLŒLÎMŒMLŒMÎLNMNMŒKNLLMÍŒÌÌKŒŒÌLÌMŒÎŒLLNLMLŒNLŒNM‹NMŒÍŒLLÌŒKLM‚™]™[ÜY[KŒK›ØÚ×ÙXYÛÛ˜[ŒLŒKŒMŒLÍÌMLËŒŒMLÌNLŒÍÌLÌŒ‹MÍÎLLŒMLMËŒLÍÌŒÍŒŒÍÍÌÍ‹ŒÌÎMŒŒLL‹ŒŒŒŒLLÌLÙKLM‚™]™[ÜY[KŒKØWÜ˜[š×ÛX]ÚYŒLŒKŒNMŒŒLÌÎŒŒMMÍNÌÍLÌÍKMÍŒNMMMMNNKŒLLÌMÍLNMÍËŒLŒŒNLNNMLÌÎËKŒLLŒŒÌŒLMMYKLM‚™]™[ÜY[KŒK˜[™ÛWÜ˜[š×ÛX]ÚYŒLŒKŒMÍŒLŒŒÌ‹ŒŒMŒŒMÍLÍŒÌNMÍËMÍLŒMÌÎLLŒŒÌËŒLNNMÎÎÍLÎMNŒLLÍÌNÍNKËMÎNŒNKLM‚™]™[ÜY[KŒK˜]×Üİ™ŒLŒKŒÎLLŒÌMŒLŒ‹ŒMÎNŒMLŒÌÎKNLNMLLKŒÍLÎNLŒNŒLÍŒLMMKŒLLŒŒÌŒLMMYKLM‚™]™[ÜY[KŒK[Üİ]WÛÜ˜XÛKŒLŒKŒŒKŒŒŒ‹ŒLÌÎMÍÍLLÎYKLM‚™]™[ÜY[KŒ‹ÛÜœ™[Û‹ŒLŒKŒÌMMLŒÌÍ‹ŒMLŒLÌÍ‹NLMLÎLMMLLNMÌKŒŒMNMÍLLLM‹ŒLŒLŒLŒLŒŒNNK‹ŒLÌÎMÍÍLLÎYKLM‚™]™[ÜY[KŒ‹ØØWÙ\]Z]˜[[ŒLŒKŒÌMMLŒÌÍ‹ŒMLŒLÌÍ‹NLMLÎLMMLLNMÌKŒŒMNMÍLLLM‹ŒLŒLŒLŒLŒŒNNK‹ŒLÌÎMÍÍLLÎYKLM‚™]™[ÜY[KŒ‹›ØÚ×ÙXYÛÛ˜[ŒLŒKŒMŒLÍÌMLËŒŒMLÌNLŒÍÌLÌŒ‹MÍÎLLŒMLMËŒLÍÌŒÍŒŒÍÍÌÍ‹ŒÌÎMŒŒLL‹ŒŒŒŒLLÌLÙKLM‚™]™[ÜY[KŒ‹ØWÜ˜[š×ÛX]ÚYŒLŒKŒLMMŒNMMMŒÌMKŒŒŒÎLMLÌŒÌÌŒLÌ‹NÎMMNMŒLÎKŒNMMÎMÎLÍ‹ŒMMÌMM‹ËŒÌÌLÌÎÍMM™KLM‚™]™[ÜY[KŒ‹˜[™ÛWÜ˜[š×ÛX]ÚYŒLŒKŒÍŒMŒŒLLM‹ŒÍÍÍNMÍLËMÌÌMÌÍŒËŒLÎMLÌM‹ŒLÌLÍÍNLÍÍÍKŒÌŒLMŒŒŒM™KLM‚™]™[ÜY[KŒ‹˜]×Üİ™ŒLŒKŒLMŒNMŒLNNKŒMLŒŒÍÌLÍMNLNMÍNÍÍËŒŒÌÍLÍÎLÌŒLLLÌÌÌŒ‹ËŒŒÌÌMÍNYKLM‚™]™[ÜY[KŒ‹[Üİ]WÛÜ˜XÛKŒLŒKŒŒKŒŒŒ‹ŒLÌÎMÍÍLLÎYKLM‚™]™[ÜY[KŒÛÜœ™[Û‹ŒLŒKŒMNLNLÍNM‹ŒMLMMNÌÍŒ‹NNÍNLÌÌŒMMKŒLÍMÌËŒNNÍÍMMÌ‹ËMÎNŒNKLM‚™]™[ÜY[KŒØØWÙ\]Z]˜[[ŒLŒKŒMNLNLÍNM‹ŒMLMMNÌÍŒ‹NNÍNLÌÌŒMMKŒLÍMÌËŒNNÍÍMMÌ‹ËMÎNŒNKLM‚™]™[ÜY[KŒ›ØÚ×ÙXYÛÛ˜[ŒLŒKŒMŒLÍÌMLËŒŒMLÌNLŒÍÌLÌŒ‹MÍÎLLŒMLMËŒLÍÌŒÍŒŒÍÍÌÍ‹ŒÌÎMŒŒLL‹ŒŒŒŒLLÌLÙKLM‚™]™[ÜY[KŒØWÜ˜[š×ÛX]ÚYŒLŒKŒMNLNLÌÍMŒMLMŒÎÍÌÍNNÍNLÌÌLLKŒLÍLÌÌÌL‹ŒNNŒŒÌÎÌŒËŒÌÌLÌÎÍMM™KLM‚™]™[ÜY[KŒ˜[™ÛWÜ˜[š×ÛX]ÚYŒLŒMÍLNÍ‹ŒÌŒÍÌÌÌMÍNNËMMLŒÎMÌÍLÌNMŒMNMŒÎÎLŒLŒËŒŒŒMŒÍN‹‹ÍÍMMMÍMŒMMŒLMKLM‚™]™[ÜY[KŒ˜]×Üİ™ŒLŒKŒMNLNLÍNMMKŒMLMMNÌÍNNÍNLÌÌŒMM‹ŒLÍMÎMËŒNNÍÍMNNKLŒNLŒ™KLM‚™]™[ÜY[KŒ[Üİ]WÛÜ˜XÛKŒLŒKŒŒKŒŒŒ‹ŒLÌÎMÍÍLLÎYKLM‚™]™[ÜY[KŒKKÛÜœ™[Û‹ŒLŒKŒMMÎMNLÍÍÌ‹ŒÎMÌLÌLMËNMÌMMÎMLŒ‹ŒÍÍŒŒÍÍÍÎŒMËŒŒLLMŒMLN‹NNMŒ™KLM‚™]™[ÜY[KŒKKØØWÙ\]Z]˜[[ŒLŒKŒMMÎMNLÍÍÌ‹ŒÎMÌLÌLMËNMÌMMÎMLŒ‹ŒÍÍŒŒÍÍÍÎŒMËŒŒLLMŒMLN‹NNMŒ™KLM‚™]™[ÜY[KŒKK›ØÚ×ÙXYÛÛ˜[ŒLŒKŒLÌÍŒËŒMÎNLŒŒÌMNMÎMÍLKŒÌLMÌÍÎLŒÌÎM‹ŒNMNNŒMLLÌÌËKÍÍÍŒLŒÌMLÌÌÙKLM‚™]™[ÜY[KŒKKØWÜ˜[š×ÛX]ÚYŒLŒKŒLNÍÌÍMMM‹ŒNNMMMNMÌÍŒËMÍÌÎNMMÎMLMNLÌKŒLŒÌÌLNLÍŒLÍLMÎLLNLËŒÌÌLÌÎÍMM™KLM‚™]™[ÜY[KŒKK˜[™ÛWÜ˜[š×ÛX]ÚYŒLŒKŒMLŒMÌÌLŒÎŒÍÎLÎÌŒÎMLKNMÌÍŒÍNMÌLÎNŒÍMMMÌÌ‹ŒŒLÌŒLŒLÌÍLÎKŒLLŒŒÌŒLMMYKLM‚™]™[ÜY[KŒKK˜]×Üİ™ŒLŒKŒNLŒNLÍÌÌKŒÍÌŒMNÍÌÍÍMNMÌŒŒÍŒLLÎËŒÍÌÍÍÍÍMÎMMŒËŒŒMÌMÌLÍLÍËËMÎNŒNKLM‚™]™[ÜY[KŒKK[Üİ]WÛÜ˜XÛKŒLŒKŒŒKŒŒŒ‹ŒŒŒŒLLÌLÙKLM‚™]™[ÜY[KŒK‹ÛÜœ™[Û‹ŒLŒNNLÍLÍÍM‹ŒÌMÌLÍÍLŒ‹NMÎLÍÍMLNMËŒMÍÍŒÎŒŒNMMNŒLËKMLLLMLLŒÌLMÎÙKLM‚™]™[ÜY[KŒK‹ØØWÙ\]Z]˜[[ŒLŒNNLÍLÍÍM‹ŒÌMÌLÍÍLŒ‹NMÎLÍÍMLNMËŒMÍÍŒÎŒŒNMMNŒLËKMLLLMLLŒÌLMÎÙKLM‚™]™[ÜY[KŒK‹›ØÚ×ÙXYÛÛ˜[ŒLŒKŒLÌÍŒËŒMÎNLŒŒÌMNMÎMÍLKŒÌLMÌÍÎLŒÌÎM‹ŒNMNNŒMLLÌÌËKÍÍÍŒLŒÌMLÌÌÙKLM‚™]™[ÜY[KŒK‹ØWÜ˜[š×ÛX]ÚYŒLŒKŒMÍŒÍŒMNNLËŒŒLÍÌMNËMÍLŒNNMÌÍŒLLMÍMÌÍM‹ŒLMMMÍŒÌÍŒŒŒLËËŒÌÌLÌÎÍMM™KLM‚™]™[ÜY[KŒK‹˜[™ÛWÜ˜[š×ÛX]ÚYŒLŒNNLMMNÎŒLÌMNNLÌKNMŒÍLÌNÌNKŒŒÌÎNÌÍŒÍŒŒÌÍLÍMMÌŒLËKMLLLMLLŒÌLMÎÙKLM‚™]™[ÜY[KŒK‹˜]×Üİ™ŒLŒNNMÍÌMÌNŒŒËŒÎNMLÍÍÍNMMŒLMMÍ‹ŒÎLÍŒNNNÍËŒŒŒLNLÍÌMÌŒÎNKËŒÌÌLÌÎÍMM™KLM‚™]™[ÜY[KŒK‹[Üİ]WÛÜ˜XÛKŒLŒKŒŒKŒŒŒ‹ŒŒŒŒLLÌLÙKLM‚™]™[ÜY[KŒKÛÜœ™[Û‹ŒLŒNMÌLLÌNËŒNMŒÌÌLMÌÌËNMMÎMÎNŒŒÍNNNLNMLNMKŒŒNNMŒNÌLLM‹KÌÌMÌMMÌMÍKLM‚™]™[ÜY[KŒKØØWÙ\]Z]˜[[ŒLŒNMÌLLÌNËŒNMŒÌÌLMÌÌËNMMÎMÎNŒŒÍNNNLNMLNMKŒŒNNMŒNÌLLM‹KÌÌMÌMMÌMÍKLM‚™]™[ÜY[KŒK›ØÚ×ÙXYÛÛ˜[ŒLŒKŒLÌÍŒËŒMÎNLŒŒÌMNMÎMÍLKŒÌLMÌÍÎLŒÌÎM‹ŒNMNNŒMLLÌÌËKÍÍÍŒLŒÌMLÌÌÙKLM‚™]™[ÜY[KŒKØWÜ˜[š×ÛX]ÚYŒLŒKŒLŒŒÌŒÌÌÌLŒLÍÌÌÌLÌËMŒNMÎLŒËŒLÌŒMMÍŒËŒMŒÍŒÍMÍŒLN‹ŒNÍNLÎMKLM‚™]™[ÜY[KŒK˜[™ÛWÜ˜[š×ÛX]ÚYŒLŒNMÍÍÍÍLMMKŒMNLÍÌÍMMLNM‹NMŒÌÍLNMÌNMŒMLLÍNLÎÍÍŒLMÍMMNLÍÍMNËŒÌLÌÌŒNÎLLMMÌM™KLM‚™]™[ÜY[KŒK˜]×Üİ™ŒLŒNMÌMŒMÌÍÍÍKŒMŒMŒLNLÍNMNLÌMÍÍÍ‹ŒŒMNÍÍÌLÎKŒŒŒMNMÎMÍNNMŒÍŒLLÌŒKLM‚™]™[ÜY[KŒK[Üİ]WÛÜ˜XÛKŒLŒKŒŒKŒŒŒ‹ŒŒŒŒLLÌLÙKLM‚™]™[ÜY[KŒKKÛÜœ™[Û‹ŒLŒKŒÍŒÎLÌ‹ŒÌLÍŒŒÍÌÎÌLNMÍLLŒNMÌN‹ŒÍLÌŒLNKŒMÌLÍÍŒMMMŒÍLL‹KLŒÌÍÌLÍŒÎKLM‚™]™[ÜY[KŒKKØØWÙ\]Z]˜[[ŒLŒKŒÍŒÎLÌ‹ŒÌLÍŒŒÍÌÎÌLNMÍLLŒNMÌN‹ŒÍLÌŒLNKŒMÌLÍÍŒMMMŒÍLL‹KLŒÌÍÌLÍŒÎKLM‚™]™[ÜY[KŒKK›ØÚ×ÙXYÛÛ˜[ŒLŒKŒÌNMÎÍLŒÌ‹ŒŒMMMNÌŒÍÍÍËNNŒŒÌÍMÍLÌÍKŒMÍNMNÎMLÍNNËŒLÎÌŒÎMKKŒLŒÍLÎMÍLÎÎMÙKLM‚™]™[ÜY[KŒKKØWÜ˜[š×ÛX]ÚYŒLŒKŒMMLÌÍLÎËŒŒÍLÍÍMÌÍÍMÍÍÍMMMŒMËŒLMŒÌÍÌLŒŒÎNÌKŒLMÌŒÌÍLLŒ‹KMLLLMLLŒÌLMÎÙKLM‚™]™[ÜY[KŒKK˜[™ÛWÜ˜[š×ÛX]ÚYŒLŒKŒÌÌÍÎMÍÎŒÌ‹ŒÌÎÍÌÌLMÍNMÍÎMŒÌŒŒMŒÍMLMÎLŒMÌÍNŒMŒŒMÍÍÌŒŒËËŒÌÌLÌÎÍMM™KLM‚™]™[ÜY[KŒKK˜]×Üİ™ŒLŒKŒÎMMŒÎMMMŒÍ‹ŒÌLLÌMÌÌÎLNŒÎKNMÍŒÍMŒÌLMÌKŒÍNLMMMÌÍÎLÌMŒMLÌÍLLÎŒÌÍ‹ŒŒŒŒLLÌLÙKLM‚™]™[ÜY[KŒKK[Üİ]WÛÜ˜XÛKŒLŒKŒŒKŒŒŒ‹ŒLÌÎMÍÍLLÎYKLM‚™]™[ÜY[KŒK‹ÛÜœ™[Û‹ŒLŒKŒNÌMMÌÍLÍKŒÍLMMLÎNŒNLŒLKNMÌÍLMÌLNLÍŒËŒÍŒÎLÌNMÍÌNKŒMLÌÍÎÍMÌŒ‹ËŒŒÌÌMÍNYKLM‚™]™[ÜY[KŒK‹ØØWÙ\]Z]˜[[ŒLŒKŒNÌMMÌÍLÍKŒÍLMMLÎNŒNLŒLKNMÌÍLMÌLNLÍŒËŒÍŒÎLÌNMÍÌNKŒMLÌÍÎÍMÌŒ‹ËŒŒÌÌMÍNYKLM‚™]™[ÜY[KŒK‹›ØÚ×ÙXYÛÛ˜[ŒLŒKŒÌNMÎÍLŒÌ‹ŒŒMMMNÌŒÍÍÍËNNŒŒÌÍMÍLÌÍKŒMÍNMNÎMLÍNNËŒLÎÌŒÎMKKŒLŒÍLÎMÍLÎÎMÙKLM‚™]™[ÜY[KŒK‹ØWÜ˜[š×ÛX]ÚYŒLŒKŒNMLÎMMÎMKŒŒMÍLLÎNKMÍŒNMÌÌÌLKŒLMÌÍŒMNMLÍÎKŒLÌŒLŒÌËËŒÌÌLÌÎÍMM™KLM‚™]™[ÜY[KŒK‹˜[™ÛWÜ˜[š×ÛX]ÚYŒLŒKŒÍLLŒÌÍ‹ŒÌÍÎMÍMLŒMNKNMÍMMÌLÌÌMLKŒÌLMLŒLL‹ŒMŒÎMLMÍÎMLLK‹ÍÍMMMÍMŒMMŒLMKLM‚™]™[ÜY[KŒK‹˜]×Üİ™ŒLŒKŒLŒÌŒÍLKŒÍMÎÌŒNNM‹NMÌŒNMÌŒMÎL‹ŒÍÌÌMÍÌÌÌ‹ŒMŒÎMMLŒŒLÌË‹ŒŒŒŒLLÌLÙKLM‚™]™[ÜY[KŒK‹[Üİ]WÛÜ˜XÛKŒLŒKŒŒKŒŒŒ‹ŒLÌÎMÍÍLLÎYKLM‚™]™[ÜY[KŒKÛÜœ™[Û‹ŒLŒNNNŒŒMM‹ŒLLMÍMŒMÌL‹NMÍŒMÌ‹ŒÎMÍÌÎMNLÌÍŒKŒMŒÌMÌŒÍK‹ŒŒŒŒLLÌLÙKLM‚™]™[ÜY[KŒKØØWÙ\]Z]˜[[ŒLŒNNNŒŒMM‹ŒLLMÍMŒMÌL‹NMÍŒMÌ‹ŒÎMÍÌÎMNLÌÍŒKŒMŒÌMÌŒÍK‹ŒŒŒŒLLÌLÙKLM‚™]™[ÜY[KŒK›ØÚ×ÙXYÛÛ˜[ŒLŒKŒÌNMÎÍLŒÌ‹ŒŒMMMNÌŒÍÍÍËNNŒŒÌÍMÍLÌÍKŒMÍNMNÎMLÍNNËŒLÎÌŒÎMKKŒLŒÍLÎMÍLÎÎMÙKLM‚™]™[ÜY[KŒKØWÜ˜[š×ÛX]ÚYŒLŒKŒLÍÎÍÍLLŒLÍLÍLÌÌLËMMÍÌLÎLËŒLÌLLÎMMMËŒNLŒMMNMLÌ‹ËŒÌÌLÌÎÍMM™KLM‚™]™[ÜY[KŒK˜[™ÛWÜ˜[š×ÛX]ÚYŒLŒNNMŒŒNLNNŒÍNLLÎMNNMLŒÌL‹ŒNLÌŒÌÌMÎŒMNMÍÌNLÌ‹NMŒÍŒLLÌŒKLM‚™]™[ÜY[KŒK˜]×Üİ™ŒLŒNNNMÍMÍÎÍ‹ŒMÌLLMÍ‹NMÌÌÍÌŒLÌLMËŒÎMLÎÍMMÌÌÍŒLËŒMNÍŒÎLMŒMM‹ËŒÌÌLÌÎÍMM™KLM‚™]™[ÜY[KŒK[Üİ]WÛÜ˜XÛKŒLŒKŒŒKŒŒŒ‹ŒLÌÎMÍÍLLÎYKLM‚™]™[ÜY[KKKÛÜœ™[Û‹ŒLŒNÌMMLMÎLŒÍËŒÍMLNMNMÍŒÍÌKNMÌÍNMÎMÍMŒÍŒÌÎÌLMÍMKŒMNNMLLLMLŒÍ‹KMLLLMLLŒÌLMÎÙKLM‚™]™[ÜY[KKKØØWÙ\]Z]˜[[ŒLŒNÌMMLMÎLŒÍËŒÍMLNMNMÍŒÍÌKNMÌÍNMÎMÍMŒÍŒÌÎÌLMÍMKŒMNNMLLLMLŒÍ‹KMLLLMLLŒÌLMÎÙKLM‚™]™[ÜY[KKK›ØÚ×ÙXYÛÛ˜[ŒLŒNLMNMNMÌŒNLŒÍÌÌLÌMÌKNMÌLNLŒLMNËŒÎMNNNMLÌËŒMMMŒÌÎMMË‹ŒŒŒŒLLÌLÙKLM‚™]™[ÜY[KKKØWÜ˜[š×ÛX]ÚYŒLŒKŒÌŒNMŒŒLÍÍŒM‹ŒNMMÌMÌÎLMÌKMÍÍÌLŒÍLM‹ŒLMNÍŒLNNŒMÍKŒLMLÍÌÎMLNKŒÌÌÍKLM‚™]™[ÜY[KKK˜[™ÛWÜ˜[š×ÛX]ÚYŒLŒNLÍMLÍÍŒŒ‹ŒLMÍLÍÍÎMŒËNMÍÌÍNÎKŒŒŒLMNNLMŒLLÎLÎŒLN‹ŒŒŒŒLLÌLÙKLM‚™]™[ÜY[KKK˜]×Üİ™ŒLŒNŒÎÍNLËŒÌÍÌÌÎMÎŒÍMNMÍLNMÍKŒÍLÍLÍÍÎMŒÍLKŒMMÍLÍÍÍL‹LŒNLŒ™KLM‚™]™[ÜY[KKK[Üİ]WÛÜ˜XÛKŒLŒKŒŒKŒŒŒŒNMÍŒNLYKLM‚™]™[ÜY[KK‹ÛÜœ™[Û‹ŒLŒNNLMNLŒLËŒÍÍÍNMŒŒKNMNNMÌŒŒÎKŒÎMMLÎMMÍLMŒMÍÌLNLMNLŒN‹KŒÎÍÍÎÎÎMMÙKLM‚™]™[ÜY[KK‹ØØWÙ\]Z]˜[[ŒLŒNNLMNLŒLËŒÍÍÍNMŒŒKNMNNMÌŒŒÎKŒÎMMLÎMMÍLMŒMÍÌLNLMNLŒN‹KŒÎÍÍÎÎÎMMÙKLM‚™]™[ÜY[KK‹›ØÚ×ÙXYÛÛ˜[ŒLŒNLMNMNMÌŒNLŒÍÌÌLÌMÌKNMÌLNLŒLMNËŒÎMNNNMLÌËŒMMMŒÌÎMMË‹ŒŒŒŒLLÌLÙKLM‚™]™[ÜY[KK‹ØWÜ˜[š×ÛX]ÚYŒLŒKŒÌMÍŒLÍŒŒÎLŒLM‹MÍÍÎÎÌŒÍ‹ŒLLŒMÎMŒMŒÌLÌKŒLŒŒÌMŒÍŒ‹‹ÍÍMMMÍMŒMMŒLMKLM‚™]™[ÜY[KK‹˜[™ÛWÜ˜[š×ÛX]ÚYŒLŒNŒMMÍÍÍÍ‹ŒLMÍÎNÍLÍÌŒL‹NMLMMŒŒMÎM‹ŒLMÌLMÌLLLÍMÍ‹ŒÌNNLÌMÍMKLŒNLŒ™KLM‚™]™[ÜY[KK‹˜]×Üİ™ŒLŒNŒLŒLÌÌÍÎNÎÌ‹ŒNŒLLŒNNMNLÌÎMKŒÎLÍÍŒÍÍŒÎNNŒMÍMMLÍÍLÌËNMŒÍŒLLÌŒKLM‚™]™[ÜY[KK‹[Üİ]WÛÜ˜XÛKŒLŒKŒŒKŒŒŒŒNMÍŒNLYKLM‚™]™[ÜY[KKÛÜœ™[Û‹ŒLŒNÌLÍLŒÍŒLLLÍNŒMKNMŒÌLMÍMÌÍ‹ŒMÌLNNÌN‹ŒNMLÌÌÌÌÎLŒMËNMŒÍŒLLÌŒKLM‚™]™[ÜY[KKØØWÙ\]Z]˜[[ŒLŒNÌLÍLŒÍŒLLLÍNŒMKNMŒÌLMÍMÌÍ‹ŒMÌLNNÌN‹ŒNMLÌÌÌÌÎLŒMËNMŒÍŒLLÌŒKLM‚™]™[ÜY[KK›ØÚ×ÙXYÛÛ˜[ŒLŒNLMNMNMÌŒNLŒÍÌÌLÌMÌKNMÌLNLŒLMNËŒÎMNNNMLÌËŒMMMŒÌÎMMË‹ŒŒŒŒLLÌLÙKLM‚™]™[ÜY[KKØWÜ˜[š×ÛX]ÚYŒLŒKŒÎMÎMLŒÍŒÌÍKŒNÍMÌLÌÍMMŒÌMÍLÍÌÍ‹ŒLÍMÍLŒÎLNÍÌ‹ŒMÍMMÎNLLMK‹ÍÍMMMÍMŒMMŒLMKLM‚™]™[ÜY[KK˜[™ÛWÜ˜[š×ÛX]ÚYŒLŒMÎÎMÎNLLŒM‹ŒLMMÌMNLÍNMKNLÍÌÎLÌMŒŒÌËŒMŒÎLMLMŒMÎLLLÎMNLMÍKËŒLÌLLÌÌMÍÌNLNYKLM‚™]™[ÜY[KK˜]×Üİ™ŒLŒNÍMÌLÌNÍŒLLLLÎLÌŒËNMŒŒÌLLÎMMKŒÍMÌLŒÍÌLŒNÎLÎLNL‹‹ŒLÌÎMÍÍLLÎYKLM‚™]™[ÜY[KK[Üİ]WÛÜ˜XÛKŒLŒKŒŒKŒŒŒŒNMÍŒNLYKLM‚™]™[ÜY[KKŒKÛÜœ™[Û‹ŒLŒNMÍŒŒÌÌMËŒŒÌÎLŒÎNMNKNNMÎLNLÍMMŒ‹ŒÌMÌMNMMLÍËŒLMÌÌMMŒMÎLLM‹LŒNLŒ™KLM‚™]™[ÜY[KKŒKØØWÙ\]Z]˜[[ŒLŒNMÍŒŒÌÌMËŒŒÌÎLŒÎNMNKNNMÎLNLÍMMŒ‹ŒÌMÌMNMMLÍËŒLMÌÌMMŒMÎLLM‹LŒNLŒ™KLM‚™]™[ÜY[KKŒK›ØÚ×ÙXYÛÛ˜[ŒLŒKŒNLMLÌËŒLMŒNNMNNLLKNMŒÌMÍÍLÌŒMŒLÎNÌÌNÌÍŒŒÍŒLŒLÎÍMÌ‹LÌÌÌNLÌL™KLM‚™]™[ÜY[KKŒKØWÜ˜[š×ÛX]ÚYŒLŒKŒMÍÍLŒÍMÍÌLŒŒMŒNLLLMÌ‹MÎNMŒÌMMŒKŒLLŒŒŒNNLÍŒËŒLMÍÌLLNMLLNËŒÌÌLÌÎÍMM™KLM‚™]™[ÜY[KKŒK˜[™ÛWÜ˜[š×ÛX]ÚYŒLŒNLNLN‹ŒMLLŒŒŒÎŒËNÎNMLMÌŒNLŒL‹ŒÍÍÍÍÎMÍLKŒMNNLÌMÍLÌKËMÎNŒNKLM‚™]™[ÜY[KKŒK˜]×Üİ™ŒLŒNMMŒMNÌŒŒÍNLMMMÌÍÍKNNMNMÍKŒLÌNNŒMLLLŒLMŒLÍÌLŒLLMÌÎËŒÌÌLÌÎÍMM™KLM‚™]™[ÜY[KKŒK[Üİ]WÛÜ˜XÛKŒLŒKŒŒKŒŒŒKMLLLMLLŒÌLMÎÙKLM‚™]™[ÜY[KKŒ‹ÛÜœ™[Û‹ŒLŒNLÍMÌŒÌÍKŒNNNÌMÍŒÎÌMKNMÍLÍŒŒMËŒÌÎMÎNÌNÎNÌŒ‹ŒLŒÎNÍÎMÌLKËŒÌÌLÌÎÍMM™KLM‚™]™[ÜY[KKŒ‹ØØWÙ\]Z]˜[[ŒLŒNLÍMÌŒÌÍKŒNNNÌMÍŒÎÌMKNMÍLÍŒŒMËŒÌÎMÎNÌNÎNÌŒ‹ŒLŒÎNÍÎMÌLKËŒÌÌLÌÎÍMM™KLM‚™]™[ÜY[KKŒ‹›ØÚ×ÙXYÛÛ˜[ŒLŒKŒNLMLÌËŒLMŒNNMNNLLKNMŒÌMÍÍLÌŒMŒLÎNÌÌNÌÍŒŒÍŒLŒLÎÍMÌ‹LÌÌÌNLÌL™KLM‚™]™[ÜY[KKŒ‹ØWÜ˜[š×ÛX]ÚYŒLŒKŒLŒÎLÎMÌÍËŒŒLÎLMŒÍNLËMÍMMMŒŒMLKŒLLLMLMÍÌLMŒLLLÎLÍŒLÌÍÍKKLLMLMNÎMKLM‚™]™[ÜY[KKŒ‹˜[™ÛWÜ˜[š×ÛX]ÚYŒLŒMÎNLMÍMÍKŒMNMÍŒÍLMLËNMŒNŒÌÍŒŒNKŒÍLLMMLŒML‹ŒÎNLMMÌLÍ‹ËŒÌÌLÌÎÍMM™KLM‚™]™[ÜY[KKŒ‹˜]×Üİ™ŒLŒNLÌÍLŒŒÎMÍMŒMMÍÌNŒÌŒËNMÎÍMÎMNLLÌËŒÌNÍÎMMMÍŒLŒŒÎNLÍLÎŒËËŒLÌLLÌÌMÍÌNLNYKLM‚™]™[ÜY[KKŒ‹[Üİ]WÛÜ˜XÛKŒLŒKŒŒKŒŒŒKMLLLMLLŒÌLMÎÙKLM‚™]™[ÜY[KKŒÛÜœ™[Û‹ŒLŒNLÎLÌMMLNM‹ŒÍNLMNNÌÍNLËNMÌÍÌÍÌMLLNKŒÍÌLŒÌNLNLÌŒÌŒMLKŒMMÌŒÌLÍLMK‹ÍÍMMMÍMŒMMŒLMKLM‚™]™[ÜY[KKŒØØWÙ\]Z]˜[[ŒLŒNLÎLÌMMLNM‹ŒÍNLMNNÌÍNLËNMÌÍÌÍÌMLLNKŒÍÌLŒÌNLNLÌŒÌŒMLKŒMMÌŒÌLÍLMK‹ÍÍMMMÍMŒMMŒLMKLM‚™]™[ÜY[KKŒ›ØÚ×ÙXYÛÛ˜[ŒLŒKŒNLMLÌËŒLMŒNNMNNLLKNMŒÌMÍÍLÌŒMŒLÎNÌÌNÌÍŒŒÍŒLŒLÎÍMÌ‹LÌÌÌNLÌL™KLM‚™]™[ÜY[KKŒØWÜ˜[š×ÛX]ÚYŒLŒKŒMÍLÎMÌÌKŒŒNMMMÌŒÎKMMÍÍMÌÎËŒLMŒMÌŒÌ‹ŒMMÌÍŒŒÌËKMLLLMLLŒÌLMÎÙKLM‚™]™[ÜY[KKŒ˜[™ÛWÜ˜[š×ÛX]ÚYŒLŒMÎŒÍÍÍLÍÌÍÌLËŒMLÌLLÌÍÎMÌÍNÎMÌÌLËŒÍÎMMŒÌNLÌÍ‹ŒNÍÎNLMËŒÌÌLÌÎÍMM™KLM‚™]™[ÜY[KKŒ˜]×Üİ™ŒLŒNLLLÍNLÌMMŒËŒÍNLÎLKNMÌÍMMÍÍLÍÌŒKŒÍŒÍŒLNNLÍMLL‹ŒLÎÍÍLÍÍŒNŒŒÎ‹‹ŒLÌÎMÍÍLLÎYKLM‚™]™[ÜY[KKŒ[Üİ]WÛÜ˜XÛKŒLŒKŒŒKŒŒŒKMLLLMLLŒÌLMÎÙKLM‚™]™[ÜY[‹ŒKKÛÜœ™[Û‹ŒLŒNNLLMLMLÍÍLKŒÌÍLMÌÍÍNMÍÌMÍŒLMNKŒÌÎŒÌÎNLKŒNMLNLMÌNMLMËLŒNLŒ™KLM‚™]™[ÜY[‹ŒKKØØWÙ\]Z]˜[[ŒLŒNNLLMLMLÍÍLKŒÌÍLMÌÍÍNMÍÌMÍŒLMNKŒÌÎŒÌÎNLKŒNMLNLMÌNMLMËLŒNLŒ™KLM‚™]™[ÜY[‹ŒKK›ØÚ×ÙXYÛÛ˜[ŒLŒNLMÎMŒMÍLKŒMÍLÍÍÌLLÍËNNMLLÌMÌMLÎKŒÌLÍÌÍÎMŒŒÍ‹ŒMÌŒÍÎLLÍÍÍKKŒLLŒŒÌŒLMMYKLM‚™]™[ÜY[‹ŒKKØWÜ˜[š×ÛX]ÚYŒLŒKŒŒLÌLKŒNNNNLMÍLNLÌ‹MÎMMÌÍÌLMM‹ŒLLÌÍÍMÌŒÌM‹ŒMŒLÌMLÌLÌNMŒÍŒLLÌŒKLM‚™]™[ÜY[‹ŒKK˜[™ÛWÜ˜[š×ÛX]ÚYŒLŒNNMŒMŒÎM‹ŒÍŒLMŒŒMÍMŒËNMÍLMNŒLMKŒÍLNÌLMMÍLNMŒNMÎMÍLÍÍM‹ÍÍMMMÍMŒMMŒLMKLM‚™]™[ÜY[‹ŒKK˜]×Üİ™ŒLŒNLÍÍÌÍÌMMNŒÍÍÎMMLÍÌLŒNKNMÎNÎMMÍŒ‹ŒÌLNNLÌÎMÍÌM‹ŒMÎŒMÌÌMËŒÌÌLÌÎÍMM™KLM‚™]™[ÜY[‹ŒKK[Üİ]WÛÜ˜XÛKŒLŒKŒŒKŒŒŒLŒNLŒ™KLM‚™]™[ÜY[‹ŒK‹ÛÜœ™[Û‹ŒLŒNNLMLŒ‹ŒÍMŒÍLL‹NMÌÌLÌNŒÍÌŒNLÎNLÍ‹ŒŒNLLÌÍÍMLÍK‹ŒLŒŒŒÍMÎÍŒYKLM‚™]™[ÜY[‹ŒK‹ØØWÙ\]Z]˜[[ŒLŒNNLMLŒ‹ŒÍMŒÍLL‹NMÌÌLÌNŒÍÌŒNLÎNLÍ‹ŒŒNLLÌÍÍMLÍK‹ŒLŒŒŒÍMÎÍŒYKLM‚™]™[ÜY[‹ŒK‹›ØÚ×ÙXYÛÛ˜[ŒLŒNLMÎMŒMÍLKŒMÍLÍÍÌLLÍËNNMLLÌMÌMLÎKŒÌLÍÌÍÎMŒŒÍ‹ŒMÌŒÍÎLLÍÍÍKKŒLLŒŒÌŒLMMYKLM‚™]™[ÜY[‹ŒK‹ØWÜ˜[š×ÛX]ÚYŒLŒKŒLLŒŒMÌKŒŒLŒÍMÎMÍÍLÌÍNMŒMMŒLNNÌNLÍŒÌÌKŒLLMMÎLLÍMMMËËŒŒMMŒŒÍLNKLM‚™]™[ÜY[‹ŒK‹˜[™ÛWÜ˜[š×ÛX]ÚYŒLŒNMŒLŒÌMLMÍËŒÍÌNLMÌNÎKNMÌLÎMÍÍKŒÍÌLMÍÎMLÌŒÍLËŒŒŒÍÌNŒÍŒNM‹ŒLŒŒŒÍMÎÍŒYKLM‚™]™[ÜY[‹ŒK‹˜]×Üİ™ŒLŒNÌMŒÌŒÍÌKŒÌLMLÍÍLLŒŒLËNMÍLÌÍŒLŒMLŒNKŒÍLLMNNMNÍËŒŒŒLŒMÎMÎLÌM‹ËMÎNŒNKLM‚™]™[ÜY[‹ŒK‹[Üİ]WÛÜ˜XÛKŒLŒKŒŒKŒŒŒLŒNLŒ™KLM‚™]™[ÜY[‹ŒKÛÜœ™[Û‹ŒLŒNŒÍÍÍÍLÎMLKŒÎMMÎLŒMÌÌ‹NMMÌŒŒŒNLLŒNKŒÎLMŒMÍNMKŒŒMMLMÍÎLÍÎMLŒË‹ÍÍMMMÍMŒMMŒLMKLM‚™]™[ÜY[‹ŒKØØWÙ\]Z]˜[[ŒLŒNŒÍÍÍÍLÎMLKŒÎMMÎLŒMÌÌ‹NMMÌŒŒŒNLLŒNKŒÎLMŒMÍNMKŒŒMMLMÍÎLÍÎMLŒË‹ÍÍMMMÍMŒMMŒLMKLM‚™]™[ÜY[‹ŒK›ØÚ×ÙXYÛÛ˜[ŒLŒNLMÎMŒMÍLKŒMÍLÍÍÌLLÍËNNMLLÌMÌMLÎKŒÌLÍÌÍÎMŒŒÍ‹ŒMÌŒÍÎLLÍÍÍKKŒLLŒŒÌŒLMMYKLM‚™]™[ÜY[‹ŒKØWÜ˜[š×ÛX]ÚYŒLŒKŒÌÍMNLÍÎËŒLMMÍÍÍÌËMLNMÍÌNMML‹ŒLÌMÎMÌLÎLNMLM‹ŒMÎÌŒLLÌŒLŒMŒË‹ŒŒŒŒLLÌLÙKLM‚™]™[ÜY[‹ŒK˜[™ÛWÜ˜[š×ÛX]ÚYŒLŒNNMÌLŒLÎ‹ŒÌŒMMÍŒMÌÍM‹NMLÍÍMMŒŒËŒÎLÍŒMÍÎMMMÌLÍŒŒŒMLLLLŒNLŒ™KLM‚™]™[ÜY[‹ŒK˜]×Üİ™ŒLŒNLÍÌÍLŒMLÌKŒÎNLÌŒÍŒLNÌNLKNMMÌÌÍŒLNÎKŒÎLMÌÌMÍ‹ŒŒLÌÍŒŒÌLŒËËŒÌÌLÌÎÍMM™KLM‚™]™[ÜY[‹ŒK[Üİ]WÛÜ˜XÛKŒLŒKŒŒKŒŒŒLŒNLŒ™KLM‚™]™[ÜY[‹ŒKKÛÜœ™[Û‹ŒLŒKŒMLMÌNLŒ‹ŒÌÌŒÍNLMMLËNMÎLLMŒLÌËŒÌMÌNMM‹ŒMÎMMŒŒMÎ‹‹ÍÍMMMÍMŒMMŒLMKLM‚™]™[ÜY[‹ŒKKØØWÙ\]Z]˜[[ŒLŒKŒMLMÌNLŒ‹ŒÌÌŒÍNLMMLËNMÎLLMŒLÌËŒÌMÌNMM‹ŒMÎMMŒŒMÎ‹‹ÍÍMMMÍMŒMMŒLMKLM‚™]™[ÜY[‹ŒKK›ØÚ×ÙXYÛÛ˜[ŒLŒKŒÌMÍÎMÌŒŒLNNŒMŒMNMÍNËNNMLNŒÌMŒÌN‹ŒÌÎNŒÍÍÌŒÎŒLÎLMÍMÎLŒÌKKŒLLŒŒÌŒLMMYKLM‚™]™[ÜY[‹ŒKKØWÜ˜[š×ÛX]ÚYŒLŒKŒMMŒLÍÌLKŒNNNMNÌMÍÎLÍMMÍLŒÍŒLÎ‹ŒLÍÌLÌLKŒLÌNMMÍÍÎLŒNLŒ™KLM‚™]™[ÜY[‹ŒKK˜[™ÛWÜ˜[š×ÛX]ÚYŒLŒKŒLNMÌLÌËŒÌÌÍÌÎNNLÍNM‹NMÍNNMŒLLÌLMŒÍŒŒŒŒLŒÌÎKŒLÍÌÍMNLMÌËËŒÌÌLÌÎÍMM™KLM‚™]™[ÜY[‹ŒKK˜]×Üİ™ŒLŒKŒMMÌNLNÍŒNŒMÍŒËNMÎLÌÌÍNMŒÌMŒÌŒMLNLÍŒŒÎÍ‹ŒMÍLÌŒLLŒMŒËËLÎÍNLNLYKLM‚™]™[ÜY[‹ŒKK[Üİ]WÛÜ˜XÛKŒLŒKŒŒKŒŒŒNMŒÍŒLLÌŒKLM‚™]™[ÜY[‹ŒK‹ÛÜœ™[Û‹ŒLŒKŒÍLLMLÌÌLLM‹ŒÌÍÎNNLŒÎNMÍLMŒÍÎM‹ŒÍLÍŒÍÎLKŒMMLŒMLÌÍŒMNLŒNLŒ™KLM‚™]™[ÜY[‹ŒK‹ØØWÙ\]Z]˜[[ŒLŒKŒÍLLMLÌÌLLM‹ŒÌÍÎNNLŒÎNMÍLMŒÍÎM‹ŒÍLÍŒÍÎLKŒMMLŒMLÌÍŒMNLŒNLŒ™KLM‚™]™[ÜY[‹ŒK‹›ØÚ×ÙXYÛÛ˜[ŒLŒKŒÌMÍÎMÌŒŒLNNŒMŒMNMÍNËNNMLNŒÌMŒÌN‹ŒÌÎNŒÍÍÌŒÎŒLÎLMÍMÎLŒÌKKŒLLŒŒÌŒLMMYKLM‚™]™[ÜY[‹ŒK‹ØWÜ˜[š×ÛX]ÚYŒLŒKŒNMNŒNNÌËŒŒÌÌMLÌÍLLÌÍ‹MÍÍÌÍÌLMÌËŒLLŒÍÍLÎÌKŒLŒLŒMŒÍMÌŒËNMŒÍŒLLÌŒKLM‚™]™[ÜY[‹ŒK‹˜[™ÛWÜ˜[š×ÛX]ÚYŒLŒKŒÌLNLMLÌÌ‹ŒÎŒÌMLMËNMÌLÍÌŒMÎLMKŒÍÎÍÍLÍMÌŒMŒÎNŒÌÍLÌÎËËŒLÌLLÌÌMÍÌNLNYKLM‚™]™[ÜY[‹ŒK‹˜]×Üİ™ŒLŒKŒÍÍÌÌÍÍMÍÌLŒ‹ŒÍMÍMŒLËNMÍŒÎŒLMŒÍNNMÌLŒMÍŒKŒLÎÍLÍŒÌÌÌMÍMËKŒÎÍÍÎÎÎMMÙKLM‚™]™[ÜY[‹ŒK‹[Üİ]WÛÜ˜XÛKŒLŒKŒŒKŒŒŒNMŒÍŒLLÌŒKLM‚™]™[ÜY[‹ŒKÛÜœ™[Û‹ŒLŒKŒMŒŒŒNLLŒÍMMŒÍÎMÎMÍÌÍL‹NMÌÌMMMMMŒŒÍŒÍÍŒMNLÍŒMŒÍÍÌŒLMMLÍMËLŒNLŒ™KLM‚™]™[ÜY[‹ŒKØØWÙ\]Z]˜[[ŒLŒKŒMŒŒŒNLLŒÍMMŒÍÎMÎMÍÌÍL‹NMÌÌMMMMMŒŒÍŒÍÍŒMNLÍŒMŒÍÍÌŒLMMLÍMËLŒNLŒ™KLM‚™]™[ÜY[‹ŒK›ØÚ×ÙXYÛÛ˜[ŒLŒKŒÌMÍÎMÌŒŒLNNŒMŒMNMÍNËNNMLNŒÌMŒÌN‹ŒÌÎNŒÍÍÌŒÎŒLÎLMÍMÎLŒÌKKŒLLŒŒÌŒLMMYKLM‚™]™[ÜY[‹ŒKØWÜ˜[š×ÛX]ÚYŒLŒKŒLMLLLLÍŒM‹ŒLN‹MMŒÎMÍÍN‹ŒLLMNÎL‹ŒMLÍÌÍÍMMNÌ‹KLLMLMNÎMKLM‚™]™[ÜY[‹ŒK˜[™ÛWÜ˜[š×ÛX]ÚYŒLŒNNNMMÎÍŒNÍŒLÌÍŒLMNMNÍMLŒKŒŒÌŒÌŒNLKŒLÎLÍMŒŒKËŒLÌLLÌÌMÍÌNLNYKLM‚™]™[ÜY[‹ŒK˜]×Üİ™ŒLŒKŒNLÌÎLÍŒKŒÍÍLÍLÍMÍŒËNMÌMMÍÍLLŒËŒÍMLMŒÍÎŒMÍ‹ŒMÌÍÌÌŒMÌN‹LŒNLŒ™KLM‚™]™[ÜY[‹ŒK[Üİ]WÛÜ˜XÛKŒLŒKŒŒKŒŒŒNMŒÍŒLLÌŒKLM‚™]™[ÜY[‹KKÛÜœ™[Û‹ŒLŒNMMÍNÌNNMÎKŒÍÍÌMŒMŒLMNMÌNLNMNMNKŒÎŒMÌNLÍMŒÎNM‹ŒMÎNÎÎMLLLÌÎÍÎNLÙKLM‚™]™[ÜY[‹KKØØWÙ\]Z]˜[[ŒLŒNMMÍNÌNNMÎKŒÍÍÌMŒMŒLMNMÌNLNMNMNKŒÎŒMÌNLÍMŒÎNM‹ŒMÎNÎÎMLLLÌÎÍÎNLÙKLM‚™]™[ÜY[‹KK›ØÚ×ÙXYÛÛ˜[ŒLŒNLŒLŒÎÌÍLKŒÌLŒLNŒÌL‹NMÌÎLNÌŒNKŒÍÎÌÌÍÍÎÍMÌMŒMMMLMMÌÍNMKŒLLŒŒÌŒLMMYKLM‚™]™[ÜY[‹KKØWÜ˜[š×ÛX]ÚYŒLŒKŒÌLÌM‹ŒNNNMLŒÎMÎÌLLMKMÎLMMMŒLŒÌŒÎLLLKŒLMMLNMŒMÎKKNLŒÌŒŒMŒYKLM‚™]™[ÜY[‹KK˜[™ÛWÜ˜[š×ÛX]ÚYŒLŒMÎÌMLNMLÌKŒLLÍÎÌLNLŒLÍLŒËNMLÍMÌMŒÍLÎËŒMNLNMM‹ŒŒÌLMNMKËMÎNŒNKLM‚™]™[ÜY[‹KK˜]×Üİ™ŒLŒNMMÍNL‹ŒÍMMMMNLŒMÌËNMÌÌLÌÎLÌKŒÎMŒMLLMŒÍNŒMNÍÎŒŒŒÍÎMËËŒLÌLLÌÌMÍÌNLNYKLM‚™]™[ÜY[‹KK[Üİ]WÛÜ˜XÛKŒLŒKŒŒKŒŒŒKMLLLMLLŒÌLMÎÙKLM‚™]™[ÜY[‹K‹ÛÜœ™[Û‹ŒLŒNŒNLLLŒŒNNŒNŒMMÎLŒÍÎNNMMMÎMÍNÍLËŒÎLÎMŒÌLLŒNÌLMÍNLNMM‹‹ÍÍMMMÍMŒMMŒLMKLM‚™]™[ÜY[‹K‹ØØWÙ\]Z]˜[[ŒLŒNŒNLLLŒŒNNŒNŒMMÎLŒÍÎNNMMMÎMÍNÍLËŒÎLÎMŒÌLLŒNÌLMÍNLNMM‹‹ÍÍMMMÍMŒMMŒLMKLM‚™]™[ÜY[‹K‹›ØÚ×ÙXYÛÛ˜[ŒLŒNLŒLŒÎÌÍLKŒÌLŒLNŒÌL‹NMÌÎLNÌŒNKŒÍÎÌÌÍÍÎÍMÌMŒMMMLMMÌÍNMKŒLLŒŒÌŒLMMYKLM‚™]™[ÜY[‹K‹ØWÜ˜[š×ÛX]ÚYŒLŒKŒMÌÍÍLKŒNMŒÎLŒLŒÍLLŒÌLËMÍŒÍÌNLÌÎNŒLLŒÍÎÌÌŒLMÎMÎMMÌLÎLMK‹ÍÍMMMÍMŒMMŒLMKLM‚™]™[ÜY[‹K‹˜[™ÛWÜ˜[š×ÛX]ÚYŒLŒMÎŒÍÌŒŒMÎKŒLMŒLLMÍMÎNKNLÌLÎMŒÌÍMËŒNÌÎNLNLNŒŒ‹ŒÌÍÍÍÌLÌMÍ‹ŒÍNLŒŒÎLÌÌMÍ™KLM‚™]™[ÜY[‹K‹˜]×Üİ™ŒLŒNÍMLÌLKŒÍÎLÌMÍŒÌÌMNLËNMÌLÍÎLNMLÍMLM‹ŒÍÎMÍMNLŒÌŒÌËŒNMMÎMLLM‹KNLŒÌŒŒMŒYKLM‚™]™[ÜY[‹K‹[Üİ]WÛÜ˜XÛKŒLŒKŒŒKŒŒŒKMLLLMLLŒÌLMÎÙKLM‚™]™[ÜY[‹KÛÜœ™[Û‹ŒLŒMÎLLÌLNŒKŒMÍÍLŒMÌÍNMMŒLŒÌÌNKŒŒÌÌMMÌLÍ‹ŒLÌÎMŒŒŒÌLÌ‹ŒMŒÌÌÍŒÍŒÍÌÍÙKLM‚™]™[ÜY[‹KØØWÙ\]Z]˜[[ŒLŒMÎLLÌLNŒKŒMÍÍLŒMÌÍNMMŒLŒÌÌNKŒŒÌÌMMÌLÍ‹ŒLÌÎMŒŒŒÌLÌ‹ŒMŒÌÌÍŒÍŒÍÌÍÙKLM‚™]™[ÜY[‹K›ØÚ×ÙXYÛÛ˜[ŒLŒNLŒLŒÎÌÍLKŒÌLŒLNŒÌL‹NMÌÎLNÌŒNKŒÍÎÌÌÍÍÎÍMÌMŒMMMLMMÌÍNMKŒLLŒŒÌŒLMMYKLM‚™]™[ÜY[‹KØWÜ˜[š×ÛX]ÚYŒLŒKŒLMMMLÍÎ‹ŒLŒÌMŒÌLLLŒKMÌLÎMÍMNMŒLÌÌÌÍMMMÍÍL‹ŒNLÍLMMÎM‹‹ŒŒŒŒLLÌLÙKLM‚™]™[ÜY[‹K˜[™ÛWÜ˜[š×ÛX]ÚYŒLŒMÌÌŒLLÍLMLKŒLNÍMŒŒÍLÍÍÌNNLÍMŒÍÎLNKŒMÌŒÍLNMNMNMM‹ŒLÌMÍML‹LŒNLŒ™KLM‚™]™[ÜY[‹K˜]×Üİ™ŒLŒMÎLNLMMŒÌÌÌËŒÌNMŒMÍŒŒNKNMMLMŒÌNMËŒNŒNÎKŒÍNLÌŒMLLNËËŒŒÌÌMÍNYKLM‚™]™[ÜY[‹K[Üİ]WÛÜ˜XÛKŒLŒKŒŒKŒŒŒKMLLLMLLŒÌLMÎÙKLM‚™]™[ÜY[‹KŒKÛÜœ™[Û‹ŒLŒNÎŒMMNLMŒ‹ŒLÌŒMLÍMÌÍMÌ‹NMŒMÎLÍŒŒNMLMMŒÌŒMNÌLNÍMÌ‹ËMÎNŒNKLM‚™]™[ÜY[‹KŒKØØWÙ\]Z]˜[[ŒLŒNÎŒMMNLMŒ‹ŒLÌŒMLÍMÌÍMÌ‹NMŒMÎLÍŒŒNMLMMŒÌŒMNÌLNÍMÌ‹ËMÎNŒNKLM‚™]™[ÜY[‹KŒK›ØÚ×ÙXYÛÛ˜[ŒLŒNNMMÍML‹ŒLNŒÎLÌŒKNLÌLÎMŒŒLŒMN‹ŒNMÎNÍÍÌÌËŒŒLLLNLÍLMÌ‹ŒŒŒŒLLÌLÙKLM‚™]™[ÜY[‹KŒKØWÜ˜[š×ÛX]ÚYŒLŒKŒÌÎMNNLMÍMŒŒŒNLÍŒLMËMÍÎÌLŒLMLŒLËŒLLNŒMMÍLKŒLÍLÌNLÌMÍMÎNMÌLL™KLM‚™]™[ÜY[‹KŒK˜[™ÛWÜ˜[š×ÛX]ÚYŒLŒMÎLÍÌMÌËŒMLMMŒŒNMËNMMNMÎÍÎKŒÌŒLÌLŒNÌMÍÌMŒNÎŒŒÎNLÍ‹ËŒÌÌLÌÎÍMM™KLM‚™]™[ÜY[‹KŒK˜]×Üİ™ŒLŒNLNÌÌŒNLÍÌ‹ŒNLÌŒŒMNNMMNLÍÍMÎËŒÎŒÌMÌMÌÎLMÌKŒMLLMÍNLMÌÌŒŒMŒÌÌÍŒÍŒÍÌÍÙKLM‚™]™[ÜY[‹KŒK[Üİ]WÛÜ˜XÛKŒLŒKŒŒKŒŒŒ‹ÍÍMMMÍMŒMMŒLMKLM‚™]™[ÜY[‹KŒ‹ÛÜœ™[Û‹ŒLŒNŒÌŒÌÎNMLKŒÌŒMÌÍMÌM‹NMÎNLNŒMÌÍËŒÌMÌMLŒNNM‹ŒMLÎÌÍÌŒNMMÌKËŒÌÌLÌÎÍMM™KLM‚™]™[ÜY[‹KŒ‹ØØWÙ\]Z]˜[[ŒLŒNŒÌŒÌÎNMLKŒÌŒMÌÍMÌM‹NMÎNLNŒMÌÍËŒÌMÌMLŒNNM‹ŒMLÎÌÍÌŒNMMÌKËŒÌÌLÌÎÍMM™KLM‚™]™[ÜY[‹KŒ‹›ØÚ×ÙXYÛÛ˜[ŒLŒNNMMÍML‹ŒLNŒÎLÌŒKNLÌLÎMŒŒLŒMN‹ŒNMÎNÍÍÌÌËŒŒLLLNLÍLMÌ‹ŒŒŒŒLLÌLÙKLM‚™]™[ÜY[‹KŒ‹ØWÜ˜[š×ÛX]ÚYŒLŒKŒÎMLŒŒŒLKŒŒŒÍÎMŒÎLÎLLËMÍÍNNMŒÌÌÍÌËŒLLŒÍÎÌÌÌMM‹ŒLMÌMLMŒÌÌNNMKŒMNŒNLYKLM‚™]™[ÜY[‹KŒ‹˜[™ÛWÜ˜[š×ÛX]ÚYŒLŒMLLŒNÍŒ‹ŒMÍÍÍLÍÍÍMLLËNÎLLMÍÍLŒËŒMÍŒÍÌNÎNMM‹ŒŒLÍÌÌÍÌÍMMM‹ËMÎNŒNKLM‚™]™[ÜY[‹KŒ‹˜]×Üİ™ŒLŒNŒÌLÍÎMMÍŒÌŒËŒÍMŒÍÌMLÌKNMÎMÌNÍËŒÌŒLMNMÌMMÌÍŒÍ‹ŒMLÌÌÍÎMNÌŒ‹KMLLLMLLŒÌLMÎÙKLM‚™]™[ÜY[‹KŒ‹[Üİ]WÛÜ˜XÛKŒLŒKŒŒKŒŒŒ‹ÍÍMMMÍMŒMMŒLMKLM‚™]™[ÜY[‹KŒÛÜœ™[Û‹ŒLŒMÍÌMMÌLLŒŒŒMŒÌŒMÌMÎLKNMNLŒNLLKŒÎÎLLNLMËŒMÎLÌLËŒÌÌLÌÎÍMM™KLM‚™]™[ÜY[‹KŒØØWÙ\]Z]˜[[ŒLŒMÍÌMMÌLLŒŒŒMŒÌŒMÌMÎLKNMNLŒNLLKŒÎÎLLNLMËŒMÎLÌLËŒÌÌLÌÎÍMM™KLM‚™]™[ÜY[‹KŒ›ØÚ×ÙXYÛÛ˜[ŒLŒNNMMÍML‹ŒLNŒÎLÌŒKNLÌLÎMŒŒLŒMN‹ŒNMÎNÍÍÌÌËŒŒLLLNLÍLMÌ‹ŒŒŒŒLLÌLÙKLM‚™]™[ÜY[‹KŒØWÜ˜[š×ÛX]ÚYŒLŒKŒMÍMLLLŒLÌNËŒLŒLÎMÍLNNMMLNNLŒÎNKŒLMŒLÌŒÍÎÍMŒÍŒMNMÌMÌNÌMLÍK‹ÍÍMMMÍMŒMMŒLMKLM‚™]™[ÜY[‹KŒ˜[™ÛWÜ˜[š×ÛX]ÚYŒLŒMNMÎMMNŒÎÌKŒNLŒLMŒŒLŒÌ‹NÍNNNLLKŒMNÍŒÌLMÎMŒÌMMMNMÎMŒMÍËŒÌÌLÌÎÍMM™KLM‚™]™[ÜY[‹KŒ˜]×Üİ™ŒLŒMÍÌÎLNLÎKŒNMMMÌÍMLLÌNL‹NMÌLLNNKŒÎNMŒNŒLÌ‹ŒMLŒŒÎMÎMKLŒNLŒ™KLM‚™]™[ÜY[‹KŒ[Üİ]WÛÜ˜XÛKŒLŒKŒŒKŒŒŒ‹ÍÍMMMÍMŒMMŒLMKLM‚™]™[ÜY[ŒKKÛÜœ™[Û‹ŒLŒMÍÍŒŒÍLMKŒÌÌŒÎNNLŒNMNL‹NMÌÌLMMÌMMLËŒÍŒÍLÌÌÎMŒ‹ŒŒÍLÍMMMÎLËKÌÎLŒÌ™KLM‚™]™[ÜY[ŒKKØØWÙ\]Z]˜[[ŒLŒMÍÍŒŒÍLMKŒÌÌŒÎNNLŒNMNL‹NMÌÌLMMÌMMLËŒÍŒÍLÌÌÎMŒ‹ŒŒÍLÍMMMÎLËKÌÎLŒÌ™KLM‚™]™[ÜY[ŒKK›ØÚ×ÙXYÛÛ˜[ŒLŒNMNLÎLÌKŒMÌÎNNMÍLÎKNNLLÎNNNKŒLŒMŒÍMMLÌŒŒÍÌŒŒMÍLÌLLÌËŒNMMLŒÍÍŒÍŒ™KLM‚™]™[ÜY[ŒKKØWÜ˜[š×ÛX]ÚYŒLŒKŒÎLMLMMÌÍKŒŒŒŒÎLŒÍÍLÎKMÍLMMMÍÍNÌËŒLÍÍLÍLÎLÌËŒLÍŒÎLÍÎMÍŒMKLŒNLŒ™KLM‚™]™[ÜY[ŒKK˜[™ÛWÜ˜[š×ÛX]ÚYŒLŒMÍÍŒŒŒLÌLMM‹ŒÌÌÎNMMÌÍMMËNMÍŒÎNLLÍŒÍMŒÍNMÌMŒŒLNMMÌLÍMMŒM‹‹ÍÍMMMÍMŒMMŒLMKLM‚™]™[ÜY[ŒKK˜]×Üİ™ŒLŒMÎNMLLŒM‹ŒŒÌŒLÌNNLL‹NMÍÍÎLŒÍMLKŒÌÌÌŒÍLÌÍÌŒÍLN‹ŒŒMÍÍŒÍMMÌËLŒNLŒ™KLM‚™]™[ÜY[ŒKK[Üİ]WÛÜ˜XÛKŒLŒKŒŒKŒŒŒËŒŒLLÍÍŒÎMÌÙKLM‚™]™[ÜY[ŒK‹ÛÜœ™[Û‹ŒLŒMÍÌÌLÍŒÌMÌMŒÍMŒMMÌŒML‹NMÌŒMMMÍLMŒÎÌÌLMLNNMŒŒÍLÌMMÌÍNKLŒNLŒ™KLM‚™]™[ÜY[ŒK‹ØØWÙ\]Z]˜[[ŒLŒMÍÌÌLÍŒÌMÌMŒÍMŒMMÌŒML‹NMÌŒMMMÍLMŒÎÌÌLMLNNMŒŒÍLÌMMÌÍNKLŒNLŒ™KLM‚™]™[ÜY[ŒK‹›ØÚ×ÙXYÛÛ˜[ŒLŒNMNLÎLÌKŒMÌÎNNMÍLÎKNNLLÎNNNKŒLŒMŒÍMMLÌŒŒÍÌŒŒMÍLÌLLÌËŒNMMLŒÍÍŒÍŒ™KLM‚™]™[ÜY[ŒK‹ØWÜ˜[š×ÛX]ÚYŒLŒKŒÍNLŒLÌÎLËŒŒÍNNMÍLMŒËMÌMÎÍÎLŒLÌL‹ŒLMŒÌMÍN‹ŒMMÌÌÎLNMKKMLLLMLLŒÌLMÎÙKLM‚™]™[ÜY[ŒK‹˜[™ÛWÜ˜[š×ÛX]ÚYŒLŒMÍMMMŒÎŒÎMNLMMÌÌKNMÌÌŒNLÍÍŒÍKŒÎMLÍMÌÎÍŒŒNMLÌK‹ŒŒŒŒLLÌLÙKLM‚™]™[ÜY[ŒK‹˜]×Üİ™ŒLŒMÍÌNLLLMMLŒÌÍŒLÎÌÌÍKNMÌMŒÍNMÍÎ‹ŒÍÍŒÍÍNLÍÌNŒŒMÎLÍMÌN‹‹ŒLŒŒŒÍMÎÍŒYKLM‚™]™[ÜY[ŒK‹[Üİ]WÛÜ˜XÛKŒLŒKŒŒKŒŒŒËŒŒLLÍÍŒÎMÌÙKLM‚™]™[ÜY[ŒKÛÜœ™[Û‹ŒLŒMÌÌÎÌLÎMËŒMŒÍLÌÎËNMŒLNMÎMÌ‹ŒÌŒÍÎMLŒNNNLMMŒÎMKNMŒÍŒLLÌŒKLM‚™]™[ÜY[ŒKØØWÙ\]Z]˜[[ŒLŒMÌÌÎÌLÎMËŒMŒÍLÌÎËNMŒLNMÎMÌ‹ŒÌŒÍÎMLŒNNNLMMŒÎMKNMŒÍŒLLÌŒKLM‚™]™[ÜY[ŒK›ØÚ×ÙXYÛÛ˜[ŒLŒNMNLÎLÌKŒMÌÎNNMÍLÎKNNLLÎNNNKŒLŒMŒÍMMLÌŒŒÍÌŒŒMÍLÌLLÌËŒNMMLŒÍÍŒÍŒ™KLM‚™]™[ÜY[ŒKØWÜ˜[š×ÛX]ÚYŒLŒKŒMÍÍLÍMLŒMŒLMÌNŒÍMËMNNLÍLÎNŒLÌÌÌLŒLNŒËŒNMMÎL‹ËŒLÌLLÌÌMÍÌNLNYKLM‚™]™[ÜY[ŒK˜[™ÛWÜ˜[š×ÛX]ÚYŒLŒMÌLŒŒMŒLLŒ‹ŒLŒÍŒLMÍÎNNMŒÍMLŒÍL‹ŒÍŒMŒŒMMŒKŒŒLÍŒÌÌMMMKNLÌLŒÎLÙKLM‚™]™[ÜY[ŒK˜]×Üİ™ŒLŒMÌÌLMMŒÍKŒLÌÌMMMÌLÍMŒKNMŒÎLNMNNL‹ŒÌLŒÌLÍNMÎÎËŒNLMNŒMMÎMMK‹ŒLŒŒŒÍMÎÍŒYKLM‚™]™[ÜY[ŒK[Üİ]WÛÜ˜XÛKŒLŒKŒŒKŒŒŒËŒŒLLÍÍŒÎMÌÙKLM‚™]™[ÜY[ŒKKÛÜœ™[Û‹ŒLŒMÍÍLÌMNNLÍKŒNMMMÎNLŒKNMŒÍLÎŒÌŒŒLÌÍMLÌŒ‹ŒMÌŒÍŒMNÍËKMLLLMLLŒÌLMÎÙKLM‚™]™[ÜY[ŒKKØØWÙ\]Z]˜[[ŒLŒMÍÍLÌMNNLÍKŒNMMMÎNLŒKNMŒÍLÎŒÌŒŒLÌÍMLÌŒ‹ŒMÌŒÍŒMNÍËKMLLLMLLŒÌLMÎÙKLM‚™]™[ÜY[ŒKK›ØÚ×ÙXYÛÛ˜[ŒLŒNÎLMÎMMËŒÍŒMLKNMÍLMÎMMÌÌÍ‹ŒÍLLÍMÌLŒNMÌLÌŒLMM‹‹ŒŒŒŒLLÌLÙKLM‚™]™[ÜY[ŒKKØWÜ˜[š×ÛX]ÚYŒLŒKŒNNMMÍMLMŒŒLŒÌÍÌÌÍÌÍÌÌ‹MÎŒÍMÍNMLMËŒLÎŒÎNMÎKŒMÎŒÌLMŒÍÌ‹ËMÎNŒNKLM‚™]™[ÜY[ŒKK˜[™ÛWÜ˜[š×ÛX]ÚYŒLŒMÍLLLÌNMŒÌÌ‹ŒLLÎMŒŒLNL‹NMLMNLÌLŒLMNMŒLÍÌ‹ŒNLÌÌÍÎLŒ‹LŒNLŒ™KLM‚™]™[ÜY[ŒKK˜]×Üİ™ŒLŒMÍÍÌÍÎMLŒÍÍLËŒMLÎMLŒLËNMÍÌÍLÌŒÍMLKŒŒŒÌÍÌÌÌMMNM‹ŒMÌÍÎÎMLM‹NNMŒ™KLM‚™]™[ÜY[ŒKK[Üİ]WÛÜ˜XÛKŒLŒKŒŒKŒŒŒKLÌÍLÍLÍÍÌÍKLM‚™]™[ÜY[ŒK‹ÛÜœ™[Û‹ŒLŒMÍMÌMŒŒÍ‹ŒLLLLMŒMŒŒ‹NMŒŒLLÍMÍŒÌMËŒÍLÍMŒÌLŒMÍŒŒNLMÍŒŒML‹NMŒÍŒLLÌŒKLM‚™]™[ÜY[ŒK‹ØØWÙ\]Z]˜[[ŒLŒMÍMÌMŒŒÍ‹ŒLLLLMŒMŒŒ‹NMŒŒLLÍMÍŒÌMËŒÍLÍMŒÌLŒMÍŒŒNLMÍŒŒML‹NMŒÍŒLLÌŒKLM‚™]™[ÜY[ŒK‹›ØÚ×ÙXYÛÛ˜[ŒLŒNÎLMÎMMËŒÍŒMLKNMÍLMÎMMÌÌÍ‹ŒÍLLÍMÌLŒNMÌLÌŒLMM‹‹ŒŒŒŒLLÌLÙKLM‚™]™[ÜY[ŒK‹ØWÜ˜[š×ÛX]ÚYŒLŒKŒÎNNMŒËŒŒÌÍŒÌÌÎLŒMMÍMÍMMNMMMMNMŒ‹ŒLLLÎLMÌŒ‹ŒLÎLŒMKMLLLMLLŒÌLMÎÙKLM‚™]™[ÜY[ŒK‹˜[™ÛWÜ˜[š×ÛX]ÚYŒLŒMÌMLÍÎLÎÌÌKŒLNÍNLÎLŒMËNMLÍLMŒLLLÌËŒMLLÍŒNMÍMÌ‹ŒMMÌÌMŒÍÌËKMLLLMLLŒÌLMÎÙKLM‚™]™[ÜY[ŒK‹˜]×Üİ™ŒLŒMÍLÌNMLKŒLÌÌLŒÌÌŒMËNMŒLÍL‹ŒÎMNNLÍNŒLËŒMÍLÍMNMLÌNÎMMLMYKLM‚™]™[ÜY[ŒK‹[Üİ]WÛÜ˜XÛKŒLŒKŒŒKŒŒŒKLÌÍLÍLÍÍÌÍKLM‚™]™[ÜY[ŒKÛÜœ™[Û‹ŒLŒMÌŒMÍÍŒ‹ŒMŒNMNMLLÍKNMMÌNMŒMŒÍÍNŒŒÍMÍŒÌÍLMMŒŒŒKŒNNLMMÍÍŒMLNŒÍÌMLÌMNMŒMMMKLM‚™]™[ÜY[ŒKØØWÙ\]Z]˜[[ŒLŒMÌŒMÍÍŒ‹ŒMŒNMNMLLÍKNMMÌNMŒMŒÍÍNŒŒÍMÍŒÌÍLMMŒŒŒKŒNNLMMÍÍŒMLNŒÍÌMLÌMNMŒMMMKLM‚™]™[ÜY[ŒK›ØÚ×ÙXYÛÛ˜[ŒLŒNÎLMÎMMËŒÍŒMLKNMÍLMÎMMÌÌÍ‹ŒÍLLÍMÌLŒNMÌLÌŒLMM‹‹ŒŒŒŒLLÌLÙKLM‚™]™[ÜY[ŒKØWÜ˜[š×ÛX]ÚYŒLŒKŒNLLNMËŒNLÍÍÍŒMLÍKMŒMLÍÎÍÎÌÍÍKŒLÎÍŒLNMLŒMÌMKŒMÎMLÍNMŒŒÍËËŒÌÌLÌÎÍMM™KLM‚™]™[ÜY[ŒK˜[™ÛWÜ˜[š×ÛX]ÚYŒLŒMÌŒLLKŒLMÌÌÍNLÍL‹NMLMÎLMNËŒLMLÍMÍMLŒÍŒÌMÍÌŒLLKËŒÌÌLÌÎÍMM™KLM‚™]™[ÜY[ŒK˜]×Üİ™ŒLŒMÌÍLÌŒNMLÍKŒMÍÌÌÍLLKNMMNÌKŒŒÍNMNËŒŒÎMMŒNÍ‹ËŒÌÌLÌÎÍMM™KLM‚™]™[ÜY[ŒK[Üİ]WÛÜ˜XÛKŒLŒKŒŒKŒŒŒKLÌÍLÍLÍÍÌÍKLM‚™]™[ÜY[KKÛÜœ™[Û‹ŒLŒKŒLÌÍNMÎNŒLŒŒMMÍMËNMŒMÎÌMÎMMŒMÌLÍÍLMŒLNMLMÍÌNŒÌÎNKNMŒÍŒLLÌŒKLM‚™]™[ÜY[KKØØWÙ\]Z]˜[[ŒLŒKŒLÌÍNMÎNŒLŒŒMMÍMËNMŒMÎÌMÎMMŒMÌLÍÍLMŒLNMLMÍÌNŒÌÎNKNMŒÍŒLLÌŒKLM‚™]™[ÜY[KK›ØÚ×ÙXYÛÛ˜[ŒLŒKŒÍNŒŒNÎMŒMMŒÎÌÍÌMŒŒKNMNMÍÎLŒŒMLMKŒNŒŒMŒÍŒMMŒNÎÌLMÍÌÌLŒN‹ŒMÎÌÍÍŒLMMKLM‚™]™[ÜY[KKØWÜ˜[š×ÛX]ÚYŒLŒKŒMMÌNMŒLÍLŒKŒŒÌLÎLMŒMMÍËMÎLLŒNMMÍMNŒLŒMÌNLNLÎŒËŒLMÌÍŒMMŒŒMÍ‹ÍÍMMMÍMŒMMŒLMKLM‚™]™[ÜY[KK˜[™ÛWÜ˜[š×ÛX]ÚYŒLŒKŒLÍLÍLMLŒÌMKŒLLÌNNMLMKNMÌŒLÌLMÍŒLÍŒÎMMÍÌÎLMŒMÌÍMÍÍLN‹‹ÍÍMMMÍMŒMMŒLMKLM‚™]™[ÜY[KK˜]×Üİ™ŒLŒKŒLÌÌÍÎMNNÍŒLÌNLMLLMÍÍKNMŒŒMLLÎÌŒÌÌÍÌLŒMŒLMÎLLNMLLLKLŒNLŒ™KLM‚™]™[ÜY[KK[Üİ]WÛÜ˜XÛKŒLŒKŒŒKŒŒŒËŒÌÌLÌÎÍMM™KLM‚™]™[ÜY[K‹ÛÜœ™[Û‹ŒLŒKŒŒMÌŒÎMLŒMMLÌÍLLMNMŒÍMÍÍÍŒËŒLLMŒM‹ŒLÍMÎÍÍÍKNLÌLŒÎLÙKLM‚™]™[ÜY[K‹ØØWÙ\]Z]˜[[ŒLŒKŒŒMÌŒÎMLŒMMLÌÍLLMNMŒÍMÍÍÍŒËŒLLMŒM‹ŒLÍMÎÍÍÍKNLÌLŒÎLÙKLM‚™]™[ÜY[K‹›ØÚ×ÙXYÛÛ˜[ŒLŒKŒÍNŒŒNÎMŒMMŒÎÌÍÌMŒŒKNMNMÍÎLŒŒMLMKŒNŒŒMŒÍŒMMŒNÎÌLMÍÌÌLŒN‹ŒMÎÌÍÍŒLMMKLM‚™]™[ÜY[K‹ØWÜ˜[š×ÛX]ÚYŒLŒKŒŒNŒÌÍÍŒNŒŒÍŒMLŒMŒÍËMÍÎMÎNÍÌKŒLLMÌŒÎNLLÍNMŒLNÍLŒMÍMLLMÌ‹ËÌÌÍLMKLM‚™]™[ÜY[K‹˜[™ÛWÜ˜[š×ÛX]ÚYŒLŒNMMNLMÌN‹ŒLÌŒŒMŒLMM‹NLÍLÎLNMM‹ŒŒŒŒÍNMLN‹ŒNMLLÍLËŒMŒÌÌÍŒÍŒÍÌÍÙKLM‚™]™[ÜY[K‹˜]×Üİ™ŒLŒKŒŒŒŒMŒŒLNLKŒÎMLÍŒLNŒKNMMÌNMÍKŒŒÍNMÍÎLÍKŒLMŒÍŒŒMÍLKNMŒÍŒLLÌŒKLM‚™]™[ÜY[K‹[Üİ]WÛÜ˜XÛKŒLŒKŒŒKŒŒŒËŒÌÌLÌÎÍMM™KLM‚™]™[ÜY[KÛÜœ™[Û‹ŒLŒNNMÌÍÌŒMÍN‹ŒMNMÎMŒŒKNMLLMŒMMKŒÎNLŒŒLLLŒÎLËŒLÎÌÍÎÍŒÌÌ‹ËŒÌÌLÌÎÍMM™KLM‚™]™[ÜY[KØØWÙ\]Z]˜[[ŒLŒNNMÌÍÌŒMÍN‹ŒMNMÎMŒŒKNMLLMŒMMKŒÎNLŒŒLLLŒÎLËŒLÎÌÍÎÍŒÌÌ‹ËŒÌÌLÌÎÍMM™KLM‚™]™[ÜY[K›ØÚ×ÙXYÛÛ˜[ŒLŒKŒÍNŒŒNÎMŒMMŒÎÌÍÌMŒŒKNMNMÍÎLŒŒMLMKŒNŒŒMŒÍŒMMŒNÎÌLMÍÌÌLŒN‹ŒMÎÌÍÍŒLMMKLM‚™]™[ÜY[KØWÜ˜[š×ÛX]ÚYŒLŒKŒMÍŒNMŒÌLLNÍŒËŒLÌÌÎNMLM‹MÌŒMÌLLÍMMËŒLLÎNÌËŒMÍŒÍÌLLŒÌŒMÍŒKËMÎNŒNKLM‚™]™[ÜY[K˜[™ÛWÜ˜[š×ÛX]ÚYŒLŒNLÌNÎMŒÍŒLŒÍMLMÍÍÎMLÎKNLÍLMMMŒÎKŒMMÎMLLÍ‹ŒMÍŒMÍMÌKËŒÌÌLÌÎÍMM™KLM‚™]™[ÜY[K˜]×Üİ™ŒLŒNNNÎLŒLMÍ‹ŒMLLLLMŒMËNMÍMMNLÌKŒÎMLÎLMLŒNÍŒLMMÍMMŒŒË‹ÍÍMMMÍMŒMMŒLMKLM‚™]™[ÜY[K[Üİ]WÛÜ˜XÛKŒLŒKŒŒKŒŒŒËŒÌÌLÌÎÍMM™KLM‚™]™[ÜY[KŒKÛÜœ™[Û‹ŒLŒKŒLÌMÌŒÌËŒMNŒNLLÌŒMNNËNMLMÍÌÌNËŒÌŒÍŒÎNLÌLÌŒÍËŒNLNMÌLÌÌÌMK‹ŒLÌÎMÍÍLLÎYKLM‚™]™[ÜY[KŒKØØWÙ\]Z]˜[[ŒLŒKŒLÌMÌŒÌËŒMNŒNLLÌŒMNNËNMLMÍÌÌNËŒÌŒÍŒÎNLÌLÌŒÍËŒNLNMÌLÌÌÌMK‹ŒLÌÎMÍÍLLÎYKLM‚™]™[ÜY[KŒK›ØÚ×ÙXYÛÛ˜[ŒLŒKŒLÎLÍÎLŒËŒMŒMNÍNNLÍMÎMÍ‹ŒMLLMLMMLMÌÌKŒÍMMÍMLÍŒË‹ŒŒŒŒLLÌLÙKLM‚™]™[ÜY[KŒKØWÜ˜[š×ÛX]ÚYŒLŒKŒLLÍLNMŒÌËŒŒMMMMŒŒNMNNËMÌLÍÌÌMŒÍ‹ŒLNNÎÌNŒÍÍËŒLŒÌŒÍMMÌLŒ‹‹LÎLÎLÎLÌŒKLM‚™]™[ÜY[KŒK˜[™ÛWÜ˜[š×ÛX]ÚYŒLŒNLMÌLLŒÍŒ‹ŒNÍÍÎMMNLŒÍ‹NÍÍMLÎÍLŒLLÌÌŒÍMŒLÍ‹ŒŒŒÌÍÍMÌMŒËKNLÌLŒÎLÙKLM‚™]™[ÜY[KŒK˜]×Üİ™ŒLŒKŒMMNNÌËŒMLMLMŒNÎMÌËNMNLÎLLKŒÌŒÍNNLŒL‹ŒŒŒÍÌŒMLÌMKËŒÌÌLÌÎÍMM™KLM‚™]™[ÜY[KŒK[Üİ]WÛÜ˜XÛKŒLŒKŒŒKŒŒŒŒMŒÌÌÍŒÍŒÍÌÍÙKLM‚™]™[ÜY[KŒ‹ÛÜœ™[Û‹ŒLŒNLNLLLÌÎLŒLÌMLÎLÍÌNLŒÍÍKNLŒNMŒÌMÌÌŒŒLMNŒMŒŒÌ‹ŒMLÍLLÎLLÌŒKKŒÌÍMNLÍMMMKLM‚™]™[ÜY[KŒ‹ØØWÙ\]Z]˜[[ŒLŒNLNLLLÌÎLŒLÌMLÎLÍÌNLŒÍÍKNLŒNMŒÌMÌÌŒŒLMNŒMŒŒÌ‹ŒMLÍLLÎLLÌŒKKŒÌÍMNLÍMMMKLM‚™]™[ÜY[KŒ‹›ØÚ×ÙXYÛÛ˜[ŒLŒKŒLÎLÍÎLŒËŒMŒMNÍNNLÍMÎMÍ‹ŒMLLMLMMLMÌÌKŒÍMMÍMLÍŒË‹ŒŒŒŒLLÌLÙKLM‚™]™[ÜY[KŒ‹ØWÜ˜[š×ÛX]ÚYŒLŒKŒLNMLNNLÌLŒMËŒŒMÍMŒMŒMKMMÌÌNŒÎÌ‹ŒLŒÍMMLMŒLÌÍNŒLLŒÌŒLLÎLMMKLŒNLŒ™KLM‚™]™[ÜY[KŒ‹˜[™ÛWÜ˜[š×ÛX]ÚYŒLŒMÎLŒLLLŒŒŒŒKŒNNMLŒÍÌÍNKNMMÍŒLNNËŒNŒÍMMMMËŒŒMMMŒMŒK‹ÍÍMMMÍMŒMMŒLMKLM‚™]™[ÜY[KŒ‹˜]×Üİ™ŒLŒNMMNÌÍMÍÌËŒLLŒÍÍLLŒÍËNLNMÍMNNŒNMKŒŒÎŒÍŒÌÎMŒMŒÍLŒÌLMLË‹ÍÍMMMÍMŒMMŒLMKLM‚™]™[ÜY[KŒ‹[Üİ]WÛÜ˜XÛKŒLŒKŒŒKŒŒŒŒMŒÌÌÍŒÍŒÍÌÍÙKLM‚™]™[ÜY[KŒÛÜœ™[Û‹ŒLŒNÍLÍÍLÎMËŒŒLÌÍÍLLÌMNMMŒNMMLŒKŒMŒMLÌŒÎLÌÌ‹ŒŒLÍÌÍMŒMŒË‹ŒŒŒŒLLÌLÙKLM‚™]™[ÜY[KŒØØWÙ\]Z]˜[[ŒLŒNÍLÍÍLÎMËŒŒLÌÍÍLLÌMNMMŒNMMLŒKŒMŒMLÌŒÎLÌÌ‹ŒŒLÍÌÍMŒMŒË‹ŒŒŒŒLLÌLÙKLM‚™]™[ÜY[KŒ›ØÚ×ÙXYÛÛ˜[ŒLŒKŒLÎLÍÎLŒËŒMŒMNÍNNLÍMÎMÍ‹ŒMLLMLMMLMÌÌKŒÍMMÍMLÍŒË‹ŒŒŒŒLLÌLÙKLM‚™]™[ÜY[KŒØWÜ˜[š×ÛX]ÚYŒLŒKŒLÌÌÎNLLÍŒËŒŒÎNLŒŒMÌKMÍÎMÍŒLMËŒLMŒLLŒŒÎLÌ‹ŒMNLÍLÌÌÌLËËŒŒÌÌMÍNYKLM‚™]™[ÜY[KŒ˜[™ÛWÜ˜[š×ÛX]ÚYŒLŒMŒLLŒNMLÍLMMMËŒŒŒÍMMNMÍÌŒM‹NÍLÍŒNLLÍMÌŒNLŒÍKŒNNÍMÍÎNÌ‹LŒNLŒ™KLM‚™]™[ÜY[KŒ˜]×Üİ™ŒLŒNÍÌÌLMNÌKŒÎÍMMÌÌLL‹NMLÎMÎLNÍ‹ŒMNMLMLÍMÍMŒNMŒMÌLŒÌŒÎMÎKËMÎNŒNKLM‚™]™[ÜY[KŒ[Üİ]WÛÜ˜XÛKŒLŒKŒŒKŒŒŒŒMŒÌÌÍŒÍŒÍÌÍÙKLM‚™]™[ÜY[M‹KŒKKÛÜœ™[Û‹ŒLŒMÍÍLLŒÎLŒLŒNMÌNLŒËNMNMMMMÍ‹ŒLMÎÌŒLÎËŒMŒÍLNNLLNKLŒNLŒ™KLM‚™]™[ÜY[M‹KŒKKØØWÙ\]Z]˜[[ŒLŒMÍÍLLŒÎLŒLŒNMÌNLŒËNMNMMMMÍ‹ŒLMÎÌŒLÎËŒMŒÍLNNLLNKLŒNLŒ™KLM‚™]™[ÜY[M‹KŒKK›ØÚ×ÙXYÛÛ˜[ŒLŒMÎLÍÌLMÎLŒKŒMÎLMLÎNKNMŒMŒLÌNNMNMKŒÎLÌÌÍNL‹ŒMÎMLÌÎÍNMŒË‹NNÌÍÌÌMÍÌYKLM‚™]™[ÜY[M‹KŒKKØWÜ˜[š×ÛX]ÚYŒLŒKŒÌŒÌLNMLŒ‹ŒNMNMŒMNLMŒÌÍÎ‹ŒNNMNŒNNŒ‹ŒLMMLMÎMÍÎ‹ËŒŒMMŒŒÍLNKLM‚™]™[ÜY[M‹KŒKK˜[™ÛWÜ˜[š×ÛX]ÚYŒLŒMÍLNMÎŒÍLÍŒËŒNNLÍLÌLKNMLÎMŒLMKŒŒMŒŒLMÍNNKŒMMÍMMNNNÌŒMËËŒÌÌLÌÎÍMM™KLM‚™]™[ÜY[M‹KŒKK˜]×Üİ™ŒLŒMÍÍÍŒL‹ŒNLNLŒLŒÍLÎNNMLLŒÌÍÌLMKŒLÍÍŒÌMÌŒMÌLŒLË‹ŒLÌÎMÍÍLLÎYKLM‚™]™[ÜY[M‹KŒKK[Üİ]WÛÜ˜XÛKŒLŒKŒŒKŒŒŒ‹ŒŒŒŒLLÌLÙKLM‚™]™[ÜY[M‹KŒK‹ÛÜœ™[Û‹ŒLŒMÌÍMŒÌŒMNŒLLÎLLŒMŒMNLKNLÎLLÌÌŒŒMŒÍŒMLLLŒLŒMÎMŒÌËŒMÎMÎÍÌLNLËKÌÎLŒÌ™KLM‚™]™[ÜY[M‹KŒK‹ØØWÙ\]Z]˜[[ŒLŒMÌÍMŒÌŒMNŒLLÎLLŒMŒMNLKNLÎLLÌÌŒŒMŒÍŒMLLLŒLŒMÎMŒÌËŒMÎMÎÍÌLNLËKÌÎLŒÌ™KLM‚™]™[ÜY[M‹KŒK‹›ØÚ×ÙXYÛÛ˜[ŒLŒMÎLÍÌLMÎLŒKŒMÎLMLÎNKNMŒMŒLÌNNMNMKŒÎLÌÌÍNL‹ŒMÎMLÌÎÍNMŒË‹NNÌÍÌÌMÍÌYKLM‚™]™[ÜY[M‹KŒK‹ØWÜ˜[š×ÛX]ÚYŒLŒKŒMŒÌMÌŒLŒŒŒÍNŒŒNŒMÌ‹MÍÍÍÎMÎMÍLKŒLMÌÍÌŒÎMŒLŒMŒLMMMŒÍÎKMÎNMÌLL™KLM‚™]™[ÜY[M‹KŒK‹˜[™ÛWÜ˜[š×ÛX]ÚYŒLŒMÌMŒÍÎMÎLKŒLNNÌÌMLNKNMMÍÌLŒLŒLÍÌÎMLLMLËŒNMÍMÍNMÍ‹ŒÌÌÍKLM‚™]™[ÜY[M‹KŒK‹˜]×Üİ™ŒLŒMÌNMŒNLÌL‹ŒLÎNLÌMÎÌËNMÎÌÎÌÌMKŒMLÍMNÍÌMÎŒMÍÌŒÍÌÍÍŒNLÎMËÌNÎMMLMYKLM‚™]™[ÜY[M‹KŒK‹[Üİ]WÛÜ˜XÛKŒLŒKŒŒKŒŒŒ‹ŒŒŒŒLLÌLÙKLM‚™]™[ÜY[M‹KŒKÛÜœ™[Û‹ŒLŒMMÎÍNMÍÍÌŒÍ‹ŒLNLNMMKNLÎLNMLKŒNNMÌÌMŒMÎMÌMŒŒLÌMÎMÌÍŒË‹ŒLÌÎMÍÍLLÎYKLM‚™]™[ÜY[M‹KŒKØØWÙ\]Z]˜[[ŒLŒMMÎÍNMÍÍÌŒÍ‹ŒLNLNMMKNLÎLNMLKŒNNMÌÌMŒMÎMÌMŒŒLÌMÎMÌÍŒË‹ŒLÌÎMÍÍLLÎYKLM‚™]™[ÜY[M‹KŒK›ØÚ×ÙXYÛÛ˜[ŒLŒMÎLÍÌLMÎLŒKŒMÎLMLÎNKNMŒMŒLÌNNMNMKŒÎLÌÌÍNL‹ŒMÎMLÌÎÍNMŒË‹NNÌÍÌÌMÍÌYKLM‚™]™[ÜY[M‹KŒKØWÜ˜[š×ÛX]ÚYŒLŒKŒÌMÌŒÌM‹ŒŒŒMŒÍNMÎMÌMÌŒÌMŒNÌLŒKŒLNLLLÌŒLŒLŒÌÍMLMLÌM‹‹ŒLŒŒŒÍMÎÍŒYKLM‚™]™[ÜY[M‹KŒK˜[™ÛWÜ˜[š×ÛX]ÚYŒLŒMŒÍÌÍMMÌKŒLMÎNMLÍÍMÎNLÌÌÌÌNMLKŒMÎNMMLLÎMNNLLL‹ŒŒMŒMÎLMÌLÌŒN‹ŒÎÍÎŒÎLMNMYKLM‚™]™[ÜY[M‹KŒK˜]×Üİ™ŒLŒMLNLŒÍËŒLMÍÎLÌLŒÌÌNLLKNLLLŒÎLLMKŒNMLÎNMŒŒÌÌNKŒŒMÌÌŒNL‹‹ŒLŒŒŒÍMÎÍŒYKLM‚™]™[ÜY[M‹KŒK[Üİ]WÛÜ˜XÛKŒLŒKŒŒKŒŒŒ‹ŒŒŒŒLLÌLÙKLM‚™]™[ÜY[M‹KŒKKÛÜœ™[Û‹ŒLŒMÎÍŒÎŒLÌNLMMMÌMÎMËNMNLMMÌÌËŒLŒLLÌMMMKŒŒŒLÌÎMLÍÎKËŒÌÌLÌÎÍMM™KLM‚™]™[ÜY[M‹KŒKKØØWÙ\]Z]˜[[ŒLŒMÎÍŒÎŒLÌNLMMMÌMÎMËNMNLMMÌÌËŒLŒLLÌMMMKŒŒŒLÌÎMLÍÎKËŒÌÌLÌÎÍMM™KLM‚™]™[ÜY[M‹KŒKK›ØÚ×ÙXYÛÛ˜[ŒLŒNŒŒNLŒÌLML‹ŒLÍŒLLLNMMMÌÍŒLÌMNŒÌMÍËŒŒLLNM‹‹ŒŒŒŒLLÍÍ™KLM‚™]™[ÜY[M‹KŒKKØWÜ˜[š×ÛX]ÚYŒLŒKŒŒLLÎLM‹ŒNMŒÌÌMÌLNL‹MÎMÍÌÌLÍMMŒËŒLMMMNLÌÎLLÍMKŒLMŒÎMÌÎŒÌÌÍKLM‚™]™[ÜY[M‹KŒKK˜[™ÛWÜ˜[š×ÛX]ÚYŒLŒMÎLÌÍLMÎLM‹ŒLMMLŒNMLÎLŒLŒÌMLLËŒNŒNNÎMÍMÌÌËŒMÍNMLÍKËŒÌÌLÌÎÍMM™KLM‚™]™[ÜY[M‹KŒKK˜]×Üİ™ŒLŒMÎLÍNNMŒNÎKŒLMÎLMLÎNMMNNLMÍMNNKŒLŒŒŒLLMÌŒËŒŒÌŒÌNMÎMMLLŒÍËNMŒÍŒLLÌŒKLM‚™]™[ÜY[M‹KŒKK[Üİ]WÛÜ˜XÛKŒLŒKŒŒKŒŒŒKMLLLMLLŒÌLMÎÙKLM‚™]™[ÜY[M‹KŒK‹ÛÜœ™[Û‹ŒLŒMÍŒŒÌÌÎLMKŒLÍLMMÍÌŒMM‹NMMLNŒŒMËŒLÍMŒŒMNM‹ŒŒMMÎNNMÍ‹NMŒÍŒLLÌŒKLM‚™]™[ÜY[M‹KŒK‹ØØWÙ\]Z]˜[[ŒLŒMÍŒŒÌÌÎLMKŒLÍLMMÍÌŒMM‹NMMLNŒŒMËŒLÍMŒŒMNM‹ŒŒMMÎNNMÍ‹NMŒÍŒLLÌŒKLM‚™]™[ÜY[M‹KŒK‹›ØÚ×ÙXYÛÛ˜[ŒLŒNŒŒNLŒÌLML‹ŒLÍŒLLLNMMMÌÍŒLÌMNŒÌMÍËŒŒLLNM‹‹ŒŒŒŒLLÍÍ™KLM‚™]™[ÜY[M‹KŒK‹ØWÜ˜[š×ÛX]ÚYŒLŒKŒÍLÌNMÌMMÌÍËŒŒMŒÎMŒÍÍLŒNMÍËMÍLÌLÎMKŒLÍLNÎMMLNŒLLMLÍŒM‹KÌNLÌŒLÌÍYKLMB™]™[ÜY[M‹KŒK‹˜[™ÛWÜ˜[š×ÛX]ÚYŒLŒMÍNLÌÍMÎŒÍ‹ŒLNLMMÌÍÌMÍÎKNMMMŒŒÌÌNŒLÍÎÍNŒLNKŒÍLÎNMŒÍLŒÎÍËŒMŒÌÌÍŒÍŒÍÌÍÙKLM‚™]™[ÜY[M‹KŒK‹˜]×Üİ™ŒLŒMÍMMMMÎMŒÌLÌKŒLNÌÎLÌÌLŒÎKNMŒÎMŒKŒLŒÌLÍÍN‹ŒLNÌMMLÍLLMKŒÌÍMNLÍMMMKLM‚™]™[ÜY[M‹KŒK‹[Üİ]WÛÜ˜XÛKŒLŒKŒŒKŒŒŒKMLLLMLLŒÌLMÎÙKLM‚™]™[ÜY[M‹KŒKÛÜœ™[Û‹ŒLŒMÌNLÌMMNMÎŒLMÌÍMNÌÍLÌ‹NLÌNŒŒÍMLKŒNMNLŒNMŒL‹ŒLMLMŒŒÌLË‹ŒLÌÎMÍÍLLÎYKLM‚™]™[ÜY[M‹KŒKØØWÙ\]Z]˜[[ŒLŒMÌNLÌMMNMÎŒLMÌÍMNÌÍLÌ‹NLÌNŒŒÍMLKŒNMNLŒNMŒL‹ŒLMLMŒŒÌLË‹ŒLÌÎMÍÍLLÎYKLM‚™]™[ÜY[M‹KŒK›ØÚ×ÙXYÛÛ˜[ŒLŒNŒŒNLŒÌLML‹ŒLÍŒLLLNMMMÌÍŒLÌMNŒÌMÍËŒŒLLNM‹‹ŒŒŒŒLLÍÍ™KLM‚™]™[ÜY[M‹KŒKØWÜ˜[š×ÛX]ÚYŒLŒKŒÌMNLMÍÍŒŒŒLNMLLÍMËMMÍLŒÍÍÎMËŒLŒMLÌMLLNÌLÌLËŒLÍÌÍNNLMÎ‹KŒMNLÌÎNMLÌMMÍMYKLM‚™]™[ÜY[M‹KŒK˜[™ÛWÜ˜[š×ÛX]ÚYŒLŒMÌLLMÌŒÍMMŒLŒŒŒÍMNLMLÍËNLMLNÍŒNMŒÎMLÌM‹ŒÌMNMMÍLŒNŒŒMŒÙKLM‚™]™[ÜY[M‹KŒK˜]×Üİ™ŒLŒMÌÎÌÍÌÍLKŒLMMNMŒÍÎLÍNLKNLÌÎMNŒMŒNLÍLÌMLËŒÍŒÎNMŒŒÍÍŒËKÌÎLŒÌ™KLM‚™]™[ÜY[M‹KŒK[Üİ]WÛÜ˜XÛKŒLŒKŒŒKŒŒŒKMLLLMLLŒÌLMÎÙKLM‚™]™[ÜY[M‹KKKÛÜœ™[Û‹ŒLŒMÎMLÍŒLŒLÌM‹ŒLMÍMMÍÌMÌÍNNMNMÌÍŒÍLMMMËŒŒLÍLÍŒŒNMÎLŒÌËŒÌÌLÌÎÍMM™KLM‚™]™[ÜY[M‹KKKØØWÙ\]Z]˜[[ŒLŒMÎMLÍŒLŒLÌM‹ŒLMÍMMÍÌMÌÍNNMNMÌÍŒÍLMMMËŒŒLÍLÍŒŒNMÎLŒÌËŒÌÌLÌÎÍMM™KLM‚™]™[ÜY[M‹KKK›ØÚ×ÙXYÛÛ˜[ŒLŒNŒLNMÌŒŒÌLÌÎMŒNMNKNMŒÎMÌŒÌMKŒÌÍÌÍNLŒÎMMLŒMÌMŒMÌÎNK‹ŒŒŒŒLLÌLÙKLM‚™]™[ÜY[M‹KKKØWÜ˜[š×ÛX]ÚYŒLŒKŒÌÍŒÎÌNKŒNMÎMÍMMMÎNÌMMÎŒÍLÍLMŒÌKŒLÌLÌLÌLÍÌÎMŒLMMÍLMLÎMNMKNLÌÎMŒLÙKLMB™]™[ÜY[M‹KKK˜[™ÛWÜ˜[š×ÛX]ÚYŒLŒMÍÎNŒÌLÌŒM‹ŒNNMÍNÎMŒÍNMMÌMMŒÍËŒLMLLÌMÎMŒÌËŒNMÌŒŒÌMMŒLË‹ÍÍMMMÍMŒMMŒLMKLM‚™]™[ÜY[M‹KKK˜]×Üİ™ŒLŒMÎÌÌMNŒŒ‹ŒLLNLÎMÌLMÎNKNMŒLÍÌLÎMÌKŒÌÌÍMŒŒÍLÍÎNMMÌLË‹ÍÍMMMÍMŒMMŒLMKLM‚™]™[ÜY[M‹KKK[Üİ]WÛÜ˜XÛKŒLŒKŒŒKŒŒŒÍMNMŒMŒ™KLM‚™]™[ÜY[M‹KK‹ÛÜœ™[Û‹ŒLŒMÍMÎŒÍÍLLÌŒKŒNÌLŒMLNMÌNLÌ‹NMLÎMŒMÌLÍKŒÎMÎLÌNLKŒŒMNLLÍÍÌÍLÍKLŒNLŒ™KLM‚™]™[ÜY[M‹KK‹ØØWÙ\]Z]˜[[ŒLŒMÍMÎŒÍÍLLÌŒKŒNÌLŒMLNMÌNLÌ‹NMLÎMŒMÌLÍKŒÎMÎLÌNLKŒŒMNLLÍÍÌÍLÍKLŒNLŒ™KLM‚™]™[ÜY[M‹KK‹›ØÚ×ÙXYÛÛ˜[ŒLŒNŒLNMÌŒŒÌLÌÎMŒNMNKNMŒÎMÌŒÌMKŒÌÍÌÍNLŒÎMMLŒMÌMŒMÌÎNK‹ŒŒŒŒLLÌLÙKLM‚™]™[ÜY[M‹KK‹ØWÜ˜[š×ÛX]ÚYŒLŒKŒÌÍÌLŒLLËŒNMÍLMÎMÍÌNŒLÌÍÎÍLËŒLLŒMMMLÍMËŒLNŒLŒNÌKŒLLŒŒÌŒLMMYKLMB™]™[ÜY[M‹KK‹˜[™ÛWÜ˜[š×ÛX]ÚYŒLŒMÍÎŒÍŒŒMÌÍKŒLÌLMNL‹NLÎMMÍÍÎMÍŒ‹ŒMMLŒÍMNMKŒŒMMŒÍÎLMKËMÎNŒNKLM‚™]™[ÜY[M‹KK‹˜]×Üİ™ŒLŒMÍŒNNNMÎN‹ŒMÍÍÍLÎLNËNMMŒNLMLŒLL‹ŒÎLMÎMÌÍËŒŒLÎLLÍŒLK‹ŒŒŒŒLLÌLÙKLM‚™]™[ÜY[M‹KK‹[Üİ]WÛÜ˜XÛKŒLŒKŒŒKŒŒŒÍMNMŒMŒ™KLM‚™]™[ÜY[M‹KKÛÜœ™[Û‹ŒLŒMÌLÌŒLÎMÍËŒLÎŒÌÎÍMÌMËNMÌNLLMLËŒLLMLMNÎNKŒNLÍÌNNMÌÌ‹‹ŒLŒŒŒÍMÎÍŒYKLM‚™]™[ÜY[M‹KKØØWÙ\]Z]˜[[ŒLŒMÌLÌŒLÎMÍËŒLÎŒÌÎÍMÌMËNMÌNLLMLËŒLLMLMNÎNKŒNLÍÌNNMÌÌ‹‹ŒLŒŒŒÍMÎÍŒYKLM‚™]™[ÜY[M‹KK›ØÚ×ÙXYÛÛ˜[ŒLŒNŒLNMÌŒŒÌLÌÎMŒNMNKNMŒÎMÌŒÌMKŒÌÍÌÍNLŒÎMMLŒMÌMŒMÌÎNK‹ŒŒŒŒLLÌLÙKLM‚™]™[ÜY[M‹KKØWÜ˜[š×ÛX]ÚYŒLŒKŒMŒŒNNŒËŒŒŒLLMLMNLKMÌÌÍÎNLÍŒËŒLŒMMMŒÌMLËŒLŒÌÎNMÌÍMNLÌ‹KMLLLMLLŒÌLMÎÙKLM‚™]™[ÜY[M‹KK˜[™ÛWÜ˜[š×ÛX]ÚYŒLŒMÌLÎNMŒÎŒMÎLËŒLNŒLMNLÌÍNLÍÌMÌNÌMNMËŒŒŒNMÌMLLN‹ŒÎLÌNŒÍMÍKMLLLMLLŒÌLMÎÙKLM‚™]™[ÜY[M‹KK˜]×Üİ™ŒLŒMÌNLÍÌÎMN‹ŒLÌŒLŒÍŒÍÍNMMÌÍŒMMÍÍÌKŒLŒLLÍÎMŒ‹ŒŒNLŒ‹ËMÎNŒNKLM‚™]™[ÜY[M‹KK[Üİ]WÛÜ˜XÛKŒLŒKŒŒKŒŒŒÍMNMŒMŒ™KLM‚™]™[ÜY[M‹KKŒKÛÜœ™[Û‹ŒLŒMÌMÌÎNKŒLMMLÍÍŒÍ‹NMÌMLÎMÍMŒMKŒLMLÌÌŒŒŒMŒÍÍÌLÌLLË‹ŒLÌÎMÍÍLLÎYKLM‚™]™[ÜY[M‹KKŒKØØWÙ\]Z]˜[[ŒLŒMÌMÌÎNKŒLMMLÍÍŒÍ‹NMÌMLÎMÍMŒMKŒLMLÌÌŒŒŒMŒÍÍÌLÌLLË‹ŒLÌÎMÍÍLLÎYKLM‚™]™[ÜY[M‹KKŒK›ØÚ×ÙXYÛÛ˜[ŒLŒMÍÌŒLNMÌÍKŒLLLMÍÍNLN‹NLÍMÌLLÍMŒÌŒÌËŒMÌMNLNŒNÍMNNLÌÍÍMKËŒNMMMÙKLM‚™]™[ÜY[M‹KKŒKØWÜ˜[š×ÛX]ÚYŒLŒKŒÌÌMÌLÌLKŒNNÎMÌMN‹MÎNLLÎLŒÌÌLÍÎKŒLŒMLŒÍÍLÍÍÌMËŒLLŒÍÍÍMŒKKÌNLÌŒLÌÍYKLMB™]™[ÜY[M‹KKŒK˜[™ÛWÜ˜[š×ÛX]ÚYŒLŒMÎNMMŒÌÍM‹ŒLMLNNNNNNNML‹NLLÍMÌŒNŒMÎLÍÌÌMLMÎKŒLÎMLŒMÌÍÌÎËLŒNLŒ™KLM‚™]™[ÜY[M‹KKŒK˜]×Üİ™ŒLŒMÌÍŒÍMLMLÌÍŒ‹ŒNLLLMLŒMÎNÌÌŒ‹NMLLÍŒLNLÌKŒLLŒŒÎMLÎKŒŒŒÌMMÌŒÍMMÌËNMŒÍŒLLÌŒKLM‚™]™[ÜY[M‹KKŒK[Üİ]WÛÜ˜XÛKŒLŒKŒŒKŒŒŒŒMŒÌÌÍŒÍŒÍÌÍÙKLM‚™]™[ÜY[M‹KKŒ‹ÛÜœ™[Û‹ŒLŒMÌMLLLMÍLKŒLLÍÍÍŒLKNMNLÍLÍÌMŒLÎLLNÌÍNŒÌÌÍÌML‹ÍÍMMMÍMŒMMŒLMKLM‚™]™[ÜY[M‹KKŒ‹ØØWÙ\]Z]˜[[ŒLŒMÌMLLLMÍLKŒLLÍÍÍŒLKNMNLÍLÍÌMŒLÎLLNÌÍNŒÌÌÍÌML‹ÍÍMMMÍMŒMMŒLMKLM‚™]™[ÜY[M‹KKŒ‹›ØÚ×ÙXYÛÛ˜[ŒLŒMÍÌŒLNMÌÍKŒLLLMÍÍNLN‹NLÍMÌLLÍMŒÌŒÌËŒMÌMNLNŒNÍMNNLÌÍÍMKËŒNMMMÙKLM‚™]™[ÜY[M‹KKŒ‹ØWÜ˜[š×ÛX]ÚYŒLŒKŒMMÎLÍL‹ŒŒLLÍÌŒÌÎLNËMÍLŒLÎLŒÍLËŒLÍLÌŒÌLLKŒLÌMÌÍNŒMÌNLŒNLŒ™KLM‚™]™[ÜY[M‹KKŒ‹˜[™ÛWÜ˜[š×ÛX]ÚYŒLŒMNLÌLŒŒÎM‹ŒLÌMÎMLÎÌŒNLÍMÌÍMNKŒŒÌLÍËŒNNÍŒÍMËŒÌÌLÌÎÍMM™KLM‚™]™[ÜY[M‹KKŒ‹˜]×Üİ™ŒLŒMÌMMÌÍMÌÌMMNLËŒLLLŒŒÌLNMKNMLÌLÌKŒLLLŒŒÍŒNMŒÌËŒŒMŒŒŒÌMMÌ‹ËŒÌÌLÌÎÍMM™KLM‚™]™[ÜY[M‹KKŒ‹[Üİ]WÛÜ˜XÛKŒLŒKŒŒKŒŒŒŒMŒÌÌÍŒÍŒÍÌÍÙKLM‚™]™[ÜY[M‹KKŒÛÜœ™[Û‹ŒLŒMNMÌÌNMMMÍÍ‹ŒLMŒMŒLNNÍÌÌ‹NLÌÍLLŒÍŒNLÍKŒMÍMÍLÎLŒŒŒ‹ŒÌNNLÌËËÍÌMMŒLMÌŒÍÍŒM™KLM‚™]™[ÜY[M‹KKŒØØWÙ\]Z]˜[[ŒLŒMNMÌÌNMMMÍÍ‹ŒLMŒMŒLNNÍÌÌ‹NLÌÍLLŒÍŒNLÍKŒMÍMÍLÎLŒŒŒ‹ŒÌNNLÌËËÍÌMMŒLMÌŒÍÍŒM™KLM‚™]™[ÜY[M‹KKŒ›ØÚ×ÙXYÛÛ˜[ŒLŒMÍÌŒLNMÌÍKŒLLLMÍÍNLN‹NLÍMÌLLÍMŒÌŒÌËŒMÌMNLNŒNÍMNNLÌÍÍMKËŒNMMMÙKLM‚™]™[ÜY[M‹KKŒØWÜ˜[š×ÛX]ÚYŒLŒKŒÎLÍÎÌÍÌNŒŒNLÎMŒŒÍMÌMNÌÍMMŒNŒLŒLÍMLNMŒLŒŒKŒLMŒLMÍÎË‹ŒŒŒŒLLÌLÙKLM‚™]™[ÜY[M‹KKŒ˜[™ÛWÜ˜[š×ÛX]ÚYŒLŒMŒÍÌÍNLMËŒLÍÍÌLÌLÎMÍŒML‹NLMÎNMÍÌŒMNKŒÌÌNNMÎÌÍÌNKŒÌMLLÌÌMLKNMŒÍŒLLÌŒKLM‚™]™[ÜY[M‹KKŒ˜]×Üİ™ŒLŒMÌNNLÌÍMKŒLMLMÌÍMNMŒÎNKNLÍLÎMMLÍNKŒMÍLÍÌÍMŒMÌMÍŒLMMŒÌŒK‹NNMŒ™KLM‚™]™[ÜY[M‹KKŒ[Üİ]WÛÜ˜XÛKŒLŒKŒŒKŒŒŒŒMŒÌÌÍŒÍŒÍÌÍÙKLM‚™]™[ÜY[M‹‹ŒKKÛÜœ™[Û‹ŒLŒMNLÌNÌÌÍMŒLŒMÌLMLÍŒL‹NMÌÍLÌLNËŒLŒMÌLMÎMÌKŒÌŒMŒMMŒLËKMLLLMLLŒÌLMÎÙKLM‚™]™[ÜY[M‹‹ŒKKØØWÙ\]Z]˜[[ŒLŒMNLÌNÌÌÍMŒLŒMÌLMLÍŒL‹NMÌÍLÌLNËŒLŒMÌLMÎMÌKŒÌŒMŒMMŒLËKMLLLMLLŒÌLMÎÙKLM‚™]™[ÜY[M‹‹ŒKK›ØÚ×ÙXYÛÛ˜[ŒLŒMÌLLÎŒÍLÎNLŒMŒLMÍLŒÌŒLÌËNMMNNŒMKŒMÍMŒMMLÌËŒŒÍLÍŒMÌŒŒL‹‹ŒÌÌMNÍÌLÍÌ™KLM‚™]™[ÜY[M‹‹ŒKKØWÜ˜[š×ÛX]ÚYŒLŒKŒÍÌMNŒMLÍKŒNMNNLMŒLËMÎLŒÎMKŒLŒÌÌLLÌLŒLMÌMŒÎMKKŒNŒÌÎMÌÍÙKLMB™]™[ÜY[M‹‹ŒKK˜[™ÛWÜ˜[š×ÛX]ÚYŒLŒMÌMMŒÍMMÍNNKŒLLŒŒLMÌŒ‹NMÌLŒŒLLNÌ‹ŒLMÍLŒŒÍÌLMMÍKŒMŒŒÍÎMNŒŒLËKMLLLMLLŒÌLMÎÙKLM‚™]™[ÜY[M‹‹ŒKK˜]×Üİ™ŒLŒMÌMÍÎÎÌMŒÎMKŒLLÌÌÍŒŒŒÎNMËNMÌÍMÍÌÍÍÎKŒLŒMMMŒKŒLÎLLÎËŒÌÌLÌÎÍMM™KLM‚™]™[ÜY[M‹‹ŒKK[Üİ]WÛÜ˜XÛKŒLŒKŒŒKŒŒŒKMLLLMLLŒÌLMÎÙKLM‚™]™[ÜY[M‹‹ŒK‹ÛÜœ™[Û‹ŒLŒMÍMÍÎLŒÌLËŒLÍÎLÎNMMÍLËNMMNMMÎÌŒŒËŒMÎMÍLNLNKŒNMNÌNMÎNLŒNLŒ™KLM‚™]™[ÜY[M‹‹ŒK‹ØØWÙ\]Z]˜[[ŒLŒMÍMÍÎLŒÌLËŒLÍÎLÎNMMÍLËNMMNMMÎÌŒŒËŒMÎMÍLNLNKŒNMNÌNMÎNLŒNLŒ™KLM‚™]™[ÜY[M‹‹ŒK‹›ØÚ×ÙXYÛÛ˜[ŒLŒMÌLLÎŒÍLÎNLŒMŒLMÍLŒÌŒLÌËNMMNNŒMKŒMÍMŒMMLÌËŒŒÍLÍŒMÌŒŒL‹‹ŒÌÌMNÍÌLÍÌ™KLM‚™]™[ÜY[M‹‹ŒK‹ØWÜ˜[š×ÛX]ÚYŒLŒKŒLÎMÍMNNNNNML‹ŒŒMÎLŒÍLLLÌÍÍNKMÍÌMMÍLŒŒLLKŒLÍÍÍŒNLÌLKŒLLNNLLÍMLÌÍMLŒË‹ÍÍMMMÍMŒMMŒLMKLM‚™]™[ÜY[M‹‹ŒK‹˜[™ÛWÜ˜[š×ÛX]ÚYŒLŒMÌMÌŒÌÌLLËŒLMÌŒÎNNNMMMŒLKŒMLŒŒÍÍÍŒÍŒÍÌŒÍÎMÌÌLÌŒMKÌÎLŒÌ™KLM‚™]™[ÜY[M‹‹ŒK‹˜]×Üİ™ŒLŒMÌLÌÌLÌKŒLŒŒŒMÍŒŒL‹NMŒLLŒMMLKŒLÍMNNLLLÎŒŒÎKŒŒÍLÍMLLMÍËËŒÌÌLÌÎÍMM™KLM‚™]™[ÜY[M‹‹ŒK‹[Üİ]WÛÜ˜XÛKŒLŒKŒŒKŒŒŒKMLLLMLLŒÌLMÎÙKLM‚™]™[ÜY[M‹‹ŒKÛÜœ™[Û‹ŒLŒMŒÎLLMŒÍMŒŒÍËŒLMMŒÌŒŒÎÌKNLÌŒŒŒÍLLÌËŒNŒLÍMÌLLÌLMÍŒËŒÌLLLÌÌÍLÍMKKMLLLMLLŒÌLMÎÙKLM‚™]™[ÜY[M‹‹ŒKØØWÙ\]Z]˜[[ŒLŒMŒÎLLMŒÍMŒŒÍËŒLMMŒÌŒŒÎÌKNLÌŒŒŒÍLLÌËŒNŒLÍMÌLLÌLMÍŒËŒÌLLLÌÌÍLÍMKKMLLLMLLŒÌLMÎÙKLM‚™]™[ÜY[M‹‹ŒK›ØÚ×ÙXYÛÛ˜[ŒLŒMÌLLÎŒÍLÎNLŒMŒLMÍLŒÌŒLÌËNMMNNŒMKŒMÍMŒMMLÌËŒŒÍLÍŒMÌŒŒL‹‹ŒÌÌMNÍÌLÍÌ™KLM‚™]™[ÜY[M‹‹ŒKØWÜ˜[š×ÛX]ÚYŒLŒKŒŒNNKŒŒMÎLMMÎNŒÌMÌÍŒLÌËŒLMMÌŒÍÌL‹ŒLNMÌMÎŒŒÎÌNKËMÎNŒNKLM‚™]™[ÜY[M‹‹ŒK˜[™ÛWÜ˜[š×ÛX]ÚYŒLŒMMMNMMNÍM‹ŒLMÎÎLNLLLŒMËNLÎNNŒÍMMMÌÍ‹ŒMÍÎMLÌÌÎMMKŒNMŒÌŒMLËNMŒÍŒLLÌŒKLM‚™]™[ÜY[M‹‹ŒK˜]×Üİ™ŒLŒMNŒNLLLKŒLLÍMŒLÎNLMMNLÌÎLMNNLÎÎKŒMÍLLŒMÌLËŒLÌÎMMÍLÍLÎK‹ÍÍMMMÍMŒMMŒLMKLM‚™]™[ÜY[M‹‹ŒK[Üİ]WÛÜ˜XÛKŒLŒKŒŒKŒŒŒKMLLLMLLŒÌLMÎÙKLM‚™]™[ÜY[M‹‹ŒKKÛÜœ™[Û‹ŒLŒNŒŒLLÍÌËŒNŒÌÍNMLÍŒÌÍLËNMLÎŒMLLÍŒNMMÍMÌÍNLËŒNMMŒŒŒÌÌËNMŒÍŒLLÌŒKLM‚™]™[ÜY[M‹‹ŒKKØØWÙ\]Z]˜[[ŒLŒNŒŒLLÍÌËŒNŒÌÍNMLÍŒÌÍLËNMLÎŒMLLÍŒNMMÍMÌÍNLËŒNMMŒŒŒÌÌËNMŒÍŒLLÌŒKLM‚™]™[ÜY[M‹‹ŒKK›ØÚ×ÙXYÛÛ˜[ŒLŒNŒŒÍMÍÌLŒ‹ŒŒMÎNNLÍŒŒNMŒŒMNŒÍM‹ŒÍNÎÍLÍÌMKŒMŒNÌNÍMMÍ‹ŒNÍNLÎMKLM‚™]™[ÜY[M‹‹ŒKKØWÜ˜[š×ÛX]ÚYŒLŒKŒÍÍLÍÌMKŒNMŒÎÌŒÍNNMÎLÍÍNÎLŒL‹ŒLMMLNLMÍŒLŒNLNMLMKKMLLÌMKLMB™]™[ÜY[M‹‹ŒKK˜[™ÛWÜ˜[š×ÛX]ÚYŒLŒNNMÌÌNMLLŒÌLKŒMÌÌÌLÍLÌŒÌ‹NMLŒMŒÍÌÎŒLNLÍMKŒNLŒŒMLÌŒMÍM‹LŒNLŒ™KLM‚™]™[ÜY[M‹‹ŒKK˜]×Üİ™ŒLŒNÌÌÍMŒÌNMKŒMŒÎMÌŒŒŒŒMÍ‹NMLNÍNLÌM‹ŒMMLŒÎMLËŒNLÌŒLŒNÎÍKLŒNLŒ™KLM‚™]™[ÜY[M‹‹ŒKK[Üİ]WÛÜ˜XÛKŒLŒKŒŒKŒŒŒËMÎNŒNKLM‚™]™[ÜY[M‹‹ŒK‹ÛÜœ™[Û‹ŒLŒMÎLLLÌÎŒKŒLÌÎŒMŒÌLLÍÍŒNNMŒMŒÎLÍÍKŒLNLÍÍMŒŒLLÎÎKŒŒÌÎÎLLŒÍÌÌM‹ËŒÌÌLÌÎÍMM™KLM‚™]™[ÜY[M‹‹ŒK‹ØØWÙ\]Z]˜[[ŒLŒMÎLLLÌÎŒKŒLÌÎŒMŒÌLLÍÍŒNNMŒMŒÎLÍÍKŒLNLÍÍMŒŒLLÎÎKŒŒÌÎÎLLŒÍÌÌM‹ËŒÌÌLÌÎÍMM™KLM‚™]™[ÜY[M‹‹ŒK‹›ØÚ×ÙXYÛÛ˜[ŒLŒNŒŒÍMÍÌLŒ‹ŒŒMÎNNLÍŒŒNMŒŒMNŒÍM‹ŒÍNÎÍLÍÌMKŒMŒNÌNÍMMÍ‹ŒNÍNLÎMKLM‚™]™[ÜY[M‹‹ŒK‹ØWÜ˜[š×ÛX]ÚYŒLŒKŒÍÍŒM‹ŒŒLLÍLLËMÍÍŒMMÌŒŒÌMMÍ‹ŒLMÎLLMMÍŒKŒLLÍLMŒÌNËKÍMMÌLÌLÎÙKLM‚™]™[ÜY[M‹‹ŒK‹˜[™ÛWÜ˜[š×ÛX]ÚYŒLŒMÎMMÍÍÍMŒŒLËŒLÌÍŒÎNMÌNLËNMLLÌMKŒLÌMÎMNËŒŒÌMLLMÌÎKŒÌÌÍKLM‚™]™[ÜY[M‹‹ŒK‹˜]×Üİ™ŒLŒNÍŒÍÍÍLÎMKŒLMÌÌÍNMKNMÌNÌMNŒLŒÌÌÍÍNLŒŒÌMÍÍÍNL‹‹LMÌÍMÎMLÍ™KLM‚™]™[ÜY[M‹‹ŒK‹[Üİ]WÛÜ˜XÛKŒLŒKŒŒKŒŒŒËMÎNŒNKLM‚™]™[ÜY[M‹‹ŒKÛÜœ™[Û‹ŒLŒMÍLNKŒLMÍLÎMMNMNLKNLÍÌMÌLŒMNNLŒÎNLMLNLŒŒÎLÌMLNNÌÎMËLŒNLŒ™KLM‚™]™[ÜY[M‹‹ŒKØØWÙ\]Z]˜[[ŒLŒMÍLNKŒLMÍLÎMMNMNLKNLÍÌMÌLŒMNNLŒÎNLMLNLŒŒÎLÌMLNNÌÎMËLŒNLŒ™KLM‚™]™[ÜY[M‹‹ŒK›ØÚ×ÙXYÛÛ˜[ŒLŒNŒŒÍMÍÌLŒ‹ŒŒMÎNNLÍŒŒNMŒŒMNŒÍM‹ŒÍNÎÍLÍÌMKŒMŒNÌNÍMMÍ‹ŒNÍNLÎMKLM‚™]™[ÜY[M‹‹ŒKØWÜ˜[š×ÛX]ÚYŒLŒKŒÍÎNŒŒŒŒMŒŒMŒÌMNÌÍMÌNMLÌŒÍMKŒLNÍLNLŒÎMÎMNLKŒLMÌŒMMÎLŒŒ‹KŒLLŒŒÌŒLMMYKLMB™]™[ÜY[M‹‹ŒK˜[™ÛWÜ˜[š×ÛX]ÚYŒLŒMÍÍÌNMÍLMLLËŒLLLLNLMŒÍLKNLÎÍNMŒMKŒMLÌÍŒNÌKŒŒÌLNLLŒŒLMŒMŒÌÌÍŒÍŒÍÌÍÙKLM‚™]™[ÜY[M‹‹ŒK˜]×Üİ™ŒLŒMÍMMMNLËŒLMLÍŒLÍÍŒÍKNLÎNLÍÎLÍMLLËŒMLŒÌÍŒÌNÎLKŒMMŒMÌÍŒMÍ‹ÌNÎMMLMYKLM‚™]™[ÜY[M‹‹ŒK[Üİ]WÛÜ˜XÛKŒLŒKŒŒKŒŒŒËMÎNŒNKLM‚™]™[ÜY[M‹‹KKÛÜœ™[Û‹ŒLŒNLŒÍNLÌLÌËŒLLLMŒMŒLNÌËNMLÎMLŒŒNKŒLÌNÍLLŒLKŒNLMLLŒNLŒÎNMŒÍŒLLÌŒKLM‚™]™[ÜY[M‹‹KKØØWÙ\]Z]˜[[ŒLŒNLŒÍNLÌLÌËŒLLLMŒMŒLNÌËNMLÎMLŒŒNKŒLÌNÍLLŒLKŒNLMLLŒNLŒÎNMŒÍŒLLÌŒKLM‚™]™[ÜY[M‹‹KK›ØÚ×ÙXYÛÛ˜[ŒLŒNMÌÌMLŒLLL‹ŒMMÎÍŒÌÍMÍŒÎKNMMLLMÍNMÍMMÎKŒÌÍÌNMLŒNÍKŒMLÌLLLKŒÌÍNMNÎNNYKLM‚™]™[ÜY[M‹‹KKØWÜ˜[š×ÛX]ÚYŒLŒKŒÍMMMŒKŒŒÌÍÌMÍ‹MÍÍNMÍÍÎÌËŒLŒÍMNLÍÍŒLLŒMÌÍÎŒNLL‹ËMMMŒŒNNÙKLM‚™]™[ÜY[M‹‹KK˜[™ÛWÜ˜[š×ÛX]ÚYŒLŒNLŒLMÎLÎNNÎKŒLMŒÍŒÌÌÍŒŒ‹NMLÎLÎLÌÌŒLËŒLÌLÌÍËŒNÍŒLÎLNMŒÍŒLLÌŒKLM‚™]™[ÜY[M‹‹KK˜]×Üİ™ŒLŒNLÎÎMŒŒNŒNÍLÍLMMMM‹NMLŒLÌLNŒMLÍÌÍÌKŒMŒMLÌMNMLMÌMËÌNÎMMLMYKLM‚™]™[ÜY[M‹‹KK[Üİ]WÛÜ˜XÛKŒLŒKŒŒKŒŒŒËŒŒMMŒŒÍLNKLM‚™]™[ÜY[M‹‹K‹ÛÜœ™[Û‹ŒLŒNLLŒÌŒNŒLLŒÎLMLMŒMNMNÌÎMŒËŒLŒMŒMÍÌÍÌÌÌLËŒŒLÌÌŒÍŒLŒËLŒNLŒ™KLM‚™]™[ÜY[M‹‹K‹ØØWÙ\]Z]˜[[ŒLŒNLLŒÌŒNŒLLŒÎLMLMŒMNMNÌÎMŒËŒLŒMŒMÍÌÍÌÌÌLËŒŒLÌÌŒÍŒLŒËLŒNLŒ™KLM‚™]™[ÜY[M‹‹K‹›ØÚ×ÙXYÛÛ˜[ŒLŒNMÌÌMLŒLLL‹ŒMMÎÍŒÌÍMÍŒÎKNMMLLMÍNMÍMMÎKŒÌÍÌNMLŒNÍKŒMLÌLLLKŒÌÍNMNÎNNYKLM‚™]™[ÜY[M‹‹K‹ØWÜ˜[š×ÛX]ÚYŒLŒKŒLÎLÍNLÌÍKŒŒMMÎMÎLÌÍ‹MÍÍMŒÍNMŒÍNKŒLLŒÍŒŒÌMMÌKŒLLMNMLLÍLLŒKLŒNLŒ™KLM‚™]™[ÜY[M‹‹K‹˜[™ÛWÜ˜[š×ÛX]ÚYŒLŒNÎMNMÌ‹ŒLMMÍLÌÍŒÌNNLÌLÎMÎL‹ŒNNLÎÍLMËŒŒÎÎMLÍÌMËNMŒÍŒLLÌŒKLM‚™]™[ÜY[M‹‹K‹˜]×Üİ™ŒLŒNMÍMÌÌÍLÍËŒLNNNNMÌÍŒÍMKNMÎNÌNŒLLÌÍLÍÍÍÍL‹ŒŒŒÌÌŒMNŒÌËËMÎNŒNKLM‚™]™[ÜY[M‹‹K‹[Üİ]WÛÜ˜XÛKŒLŒKŒŒKŒŒŒËŒŒMMŒŒÍLNKLM‚™]™[ÜY[M‹‹KÛÜœ™[Û‹ŒLŒNMÎÌNMKŒLLÌÌÌÌÍÌÍML‹NLÍÌMÌLNLŒMŒMÎÍNMÍÎÍ‹ŒMMNÍÍŒLÎMÎËLŒNLŒ™KLM‚™]™[ÜY[M‹‹KØØWÙ\]Z]˜[[ŒLŒNMÎÌNMKŒLLÌÌÌÌÍÌÍML‹NLÍÌMÌLNLŒMŒMÎÍNMÍÎÍ‹ŒMMNÍÍŒLÎMÎËLŒNLŒ™KLM‚™]™[ÜY[M‹‹K›ØÚ×ÙXYÛÛ˜[ŒLŒNMÌÌMLŒLLL‹ŒMMÎÍŒÌÍMÍŒÎKNMMLLMÍNMÍMMÎKŒÌÍÌNMLŒNÍKŒMLÌLLLKŒÌÍNMNÎNNYKLM‚™]™[ÜY[M‹‹KØWÜ˜[š×ÛX]ÚYŒLŒKŒÍÌLŒMLLNKŒŒLLÎLŒÍÌLÌËMÎNÎÍËŒLMŒLÍLŒMÌLŒLNMÍÍMLNLL‹ŒLLMLLÌŒÎYKLM‚™]™[ÜY[M‹‹K˜[™ÛWÜ˜[š×ÛX]ÚYŒLŒNÎNNÎNŒLŒÌÎLMŒNLLLŒÌÌÌÍM‹ŒŒLŒÌŒŒLÍŒMÍMËŒMMÍMÍÌÎÍÌËËŒÌÌLÌÎÍMM™KLM‚™]™[ÜY[M‹‹K˜]×Üİ™ŒLŒNMÌÍËŒLLÍÍÌÍMLÎLKNLÎNLÌLÌMNLMMŒMÍNLÎMÍMÍKŒŒÍNNLLÍNKNMŒÍŒLLÌŒKLM‚™]™[ÜY[M‹‹K[Üİ]WÛÜ˜XÛKŒLŒKŒŒKŒŒŒËŒŒMMŒŒÍLNKLM‚™]™[ÜY[M‹‹KŒKÛÜœ™[Û‹ŒLŒMÍLÍÎNŒÌŒŒLNÌŒLÌLÌKNMLLMÍLMÎLÍÌËŒMLMMMMŒMÍMLMMLÍÎ‹KMLLLMLLŒÌLMÎÙKLM‚™]™[ÜY[M‹‹KŒKØØWÙ\]Z]˜[[ŒLŒMÍLÍÎNŒÌŒŒLNÌŒLÌLÌKNMLLMÍLMÎLÍÌËŒMLMMMMŒMÍMLMMLÍÎ‹KMLLLMLLŒÌLMÎÙKLM‚™]™[ÜY[M‹‹KŒK›ØÚ×ÙXYÛÛ˜[ŒLŒNÌMÌÌMKŒLMÌLÌNMŒÌMKNLÍMÍNLÌ‹ŒMÌŒMMÍKŒMMLLMLÍÍLK‹ŒŒŒŒLLÌLÙKLM‚™]™[ÜY[M‹‹KŒKØWÜ˜[š×ÛX]ÚYŒLŒKŒÍMMLMMŒLÎÍKŒNNLÍÌÌLLÍLLÌKMÎŒLNMŒÍLËŒLÍÌNMLNŒÌL‹ŒLŒÍÍMLÍŒNMÎNMÌLL™KLM‚™]™[ÜY[M‹‹KŒK˜[™ÛWÜ˜[š×ÛX]ÚYŒLŒMÌŒÌLLÎŒMMMÍNLŒKNLLMMÎNKŒNLŒMMÍŒ‹ŒŒNMMÌÍLÌËLŒNLŒ™KLM‚™]™[ÜY[M‹‹KŒK˜]×Üİ™ŒLŒMÍÍLMŒKŒLNÎMÍŒMNLËNMLLLNMLMKŒMÍÍÍMÎNMMŒMÎMMMLÎÌÌNMŒÍŒLLÌŒKLM‚™]™[ÜY[M‹‹KŒK[Üİ]WÛÜ˜XÛKŒLŒKŒŒKŒŒŒËŒÌÌLÌÎÍMM™KLM‚™]™[ÜY[M‹‹KŒ‹ÛÜœ™[Û‹ŒLŒMÌÌMLNMLÍÎŒMMÌÍÌMÍKNMMŒÌMLLNNKŒLÍŒÌÎNKŒŒNMMÌLLMŒMÎLŒNLŒ™KLM‚™]™[ÜY[M‹‹KŒ‹ØØWÙ\]Z]˜[[ŒLŒMÌÌMLNMLÍÎŒMMÌÍÌMÍKNMMŒÌMLLNNKŒLÍŒÌÎNKŒŒNMMÌLLMŒMÎLŒNLŒ™KLM‚™]™[ÜY[M‹‹KŒ‹›ØÚ×ÙXYÛÛ˜[ŒLŒNÌMÌÌMKŒLMÌLÌNMŒÌMKNLÍMÍNLÌ‹ŒMÌŒMMÍKŒMMLLMLÍÍLK‹ŒŒŒŒLLÌLÙKLM‚™]™[ÜY[M‹‹KŒ‹ØWÜ˜[š×ÛX]ÚYŒLŒKŒÌMÍMLÎMMÎM‹ŒŒŒŒŒMŒŒÍÌMÍŒÍŒNMÌËŒLMNŒLMÍÎËŒLNLMMŒŒÌŒK‹ŒLÌÎMÍÍLLÎYKLM‚™]™[ÜY[M‹‹KŒ‹˜[™ÛWÜ˜[š×ÛX]ÚYŒLŒMŒLLŒLŒÍLMÍËŒMNÍLÌÎKNÍÍÌMÎÍÍÌMÌKŒÎNLÍNÌÎMÍÍËŒÌÎŒMLNLÌÎÍ‹ËŒÌÌLÌÎÍMM™KLM‚™]™[ÜY[M‹‹KŒ‹˜]×Üİ™ŒLŒMÌÍMŒÍMÌNŒMŒMÍLÍŒLŒŒKNMMMNMMLŒŒMKŒÌLNLÌLMŒŒMMLLÍMÌÍLLŒNLŒ™KLM‚™]™[ÜY[M‹‹KŒ‹[Üİ]WÛÜ˜XÛKŒLŒKŒŒKŒŒŒËŒÌÌLÌÎÍMM™KLM‚™]™[ÜY[M‹‹KŒÛÜœ™[Û‹ŒLŒMÎNÌŒNMLŒNNKŒLNMMLŒŒŒÌMÌ‹NMMLMNLLMÍ‹ŒLŒLMLÍNLMÍKŒŒLMÍÍNMMÌËËMÎNŒNKLM‚™]™[ÜY[M‹‹KŒØØWÙ\]Z]˜[[ŒLŒMÎNÌŒNMLŒNNKŒLNMMLŒŒŒÌMÌ‹NMMLMNLLMÍ‹ŒLŒLMLÍNLMÍKŒŒLMÍÍNMMÌËËMÎNŒNKLM‚™]™[ÜY[M‹‹KŒ›ØÚ×ÙXYÛÛ˜[ŒLŒNÌMÌÌMKŒLMÌLÌNMŒÌMKNLÍMÍNLÌ‹ŒMÌŒMMÍKŒMMLLMLÍÍLK‹ŒŒŒŒLLÌLÙKLM‚™]™[ÜY[M‹‹KŒØWÜ˜[š×ÛX]ÚYŒLŒKŒMLLÌÌÌÌÍ‹ŒŒŒMLMLÌÍÍÍ‹MÌÌLLMNÍL‹ŒLŒNÍŒNMMÌNL‹ŒLŒÌŒÎÌLMLÍÌKÍMMÌLÌLÎÙKLM‚™]™[ÜY[M‹‹KŒ˜[™ÛWÜ˜[š×ÛX]ÚYŒLŒMMÍLMNÌNNŒMŒÍÌÎMÍKNÌÍMŒLMÌÍÎKŒÎMLÎMŒÎNMÌËŒÍŒNLŒŒÍÌNKKMLLLMLLŒÌLMÎÙKLM‚™]™[ÜY[M‹‹KŒ˜]×Üİ™ŒLŒMÎLLÌÍKŒLNLMLMÍÌÌËNMMÎÌÍŒL‹ŒLŒŒLNLLNÌŒMNŒLNËŒŒMMŒŒÍLNKLM‚™]™[ÜY[M‹‹KŒ[Üİ]WÛÜ˜XÛKŒLŒKŒŒKŒŒŒËŒÌÌLÌÎÍMM™KLM‚™]™[ÜY[M‹ŒKKÛÜœ™[Û‹ŒLŒMÌMÌÎNŒLŒÌÌMÍÍÌMLÌËNMMLÌMLNNNKŒLŒLŒMÌMÌÎLÌLÍMKŒÌMLMÌŒLÍMNMKNMŒÍŒLLÌŒKLM‚™]™[ÜY[M‹ŒKKØØWÙ\]Z]˜[[ŒLŒMÌMÌÎNŒLŒÌÌMÍÍÌMLÌËNMMLÌMLNNNKŒLŒLŒMÌMÌÎLÌLÍMKŒÌMLMÌŒLÍMNMKNMŒÍŒLLÌŒKLM‚™]™[ÜY[M‹ŒKK›ØÚ×ÙXYÛÛ˜[ŒLŒMÌÌNÌLMMŒŒLŒÎLMÌLŒMNMMÍÎLLŒLŒŒÍÌMMMÍLÌÍKŒLÍÍÍLLÍÍËLŒNLŒ™KLM‚™]™[ÜY[M‹ŒKKØWÜ˜[š×ÛX]ÚYŒLŒKŒÌÍNMŒÍÍŒÌÍKŒNMÌÍMÍLŒÌNMKMÎŒŒMÌLÌËŒLÍMÍMMÍÌÎNKŒLMNŒMŒÍŒÌŒÌMÌÎKÌNÎNLŒÌMLÙKLMB™]™[ÜY[M‹ŒKK˜[™ÛWÜ˜[š×ÛX]ÚYŒLŒMMMLÌÍMÍLËŒLŒMÍLŒÎMKNMÍÍÍŒÎÍ‹ŒLÌNMLLŒNMÌMËŒÌŒMÍNLMÌÌÎKËMÎNŒNKLM‚™]™[ÜY[M‹ŒKK˜]×Üİ™ŒLŒMÌNMÌMLMÌKŒNLLÌNMÍŒŒËNMŒÎLLÌLŒLNMLLÍMLLÌŒËŒÌLMLŒÌÎ‹LŒNLŒ™KLM‚™]™[ÜY[M‹ŒKK[Üİ]WÛÜ˜XÛKŒLŒKŒŒKŒŒŒËMÎNŒNKLM‚™]™[ÜY[M‹ŒK‹ÛÜœ™[Û‹ŒLŒMÍLÎLMÍŒÌÎMŒLŒLÌÍÍLÍMLËNLÎMLLÌNLŒŒLNKŒMNMMŒN‹ŒÌÍÌÍÍLNNMÍ‹NMŒÍŒLLÌŒKLM‚™]™[ÜY[M‹ŒK‹ØØWÙ\]Z]˜[[ŒLŒMÍLÎLMÍŒÌÎMŒLŒLÌÍÍLÍMLËNLÎMLLÌNLŒŒLNKŒMNMMŒN‹ŒÌÍÌÍÍLNNMÍ‹NMŒÍŒLLÌŒKLM‚™]™[ÜY[M‹ŒK‹›ØÚ×ÙXYÛÛ˜[ŒLŒMÌÌNÌLMMŒŒLŒÎLMÌLŒMNMMÍÎLLŒLŒŒÍÌMMMÍLÌÍKŒLÍÍÍLLÍÍËLŒNLŒ™KLM‚™]™[ÜY[M‹ŒK‹ØWÜ˜[š×ÛX]ÚYŒLŒKŒÎMMMŒLMËŒŒLLMŒÍÎN‹MÍNLNÎMÍNËŒLMÌÌŒŒÍMŒËŒLNMÌŒÎLNKKŒŒMŒŒÍLÎLÎMÙKLM‚™]™[ÜY[M‹ŒK‹˜[™ÛWÜ˜[š×ÛX]ÚYŒLŒMŒMŒÎMËŒLLLŒMÎNNLÍÌMÌŒÌÌNMÌŒL‹ŒMŒMMŒLŒÍMŒŒÎŒMÌ‹‹ÍÍMMMÍMŒMMŒLMKLM‚™]™[ÜY[M‹ŒK‹˜]×Üİ™ŒLŒMÎLŒŒLÍLLÍKŒLNŒÍÌMÌÌLŒKNLÎNŒŒËŒMŒÍŒÍÍÌMÌÎŒÌÌŒŒÎNŒŒÌKËŒÌÌLÌÎÍMM™KLM‚™]™[ÜY[M‹ŒK‹[Üİ]WÛÜ˜XÛKŒLŒKŒŒKŒŒŒËMÎNŒNKLM‚™]™[ÜY[M‹ŒKÛÜœ™[Û‹ŒLŒMŒÎMÍŒLMÌÌKŒLMLŒLNNMMÌ‹NLÌNÎMŒÎËŒMÎÍÌMMMMŒÍÍŒÍŒLŒNMMÌËËŒNLNLLNMMÎMÌÌYKLM‚™]™[ÜY[M‹ŒKØØWÙ\]Z]˜[[ŒLŒMŒÎMÍŒLMÌÌKŒLMLŒLNNMMÌ‹NLÌNÎMŒÎËŒMÎÍÌMMMMŒÍÍŒÍŒLŒNMMÌËËŒNLNLLNMMÎMÌÌYKLM‚™]™[ÜY[M‹ŒK›ØÚ×ÙXYÛÛ˜[ŒLŒMÌÌNÌLMMŒŒLŒÎLMÌLŒMNMMÍÎLLŒLŒŒÍÌMMMÍLÌÍKŒLÍÍÍLLÍÍËLŒNLŒ™KLM‚™]™[ÜY[M‹ŒKØWÜ˜[š×ÛX]ÚYŒLŒKŒŒÎLÌÌLÍMÌŒÌŒKŒŒŒÍLŒÌLLÍ‹MLÍMŒNŒLLNNMNÍÎLËŒLLÍNLMËKŒLLŒŒÌŒLMMYKLMB™]™[ÜY[M‹ŒK˜[™ÛWÜ˜[š×ÛX]ÚYŒLŒMŒÌNLLŒNNNŒLMÌŒNMŒÍŒLMNM‹NLÍŒŒÍŒŒŒŒÌMÌMÎÌMŒ‹ŒÍÌÍNMMŒLM‹ÌNÎMMLMYKLM‚™]™[ÜY[M‹ŒK˜]×Üİ™ŒLŒMÌŒŒÌÎÍŒËŒLLÌNMMLMMMLËNLÍÍÍÍÌŒÌÌ‹ŒMÍLNMÍŒMÎKŒÍLÎLLÍÍŒÍKLŒNLŒ™KLM‚™]™[ÜY[M‹ŒK[Üİ]WÛÜ˜XÛKŒLŒKŒŒKŒŒŒËMÎNŒNKLM‚™]™[ÜY[M‹ŒKKÛÜœ™[Û‹ŒLŒMÌLNMÍLLÎNŒLÌLÍŒÎNŒMŒLMËNMMŒŒÌŒÍLÌŒÍ‹ŒLLLMÌŒLLMLŒŒŒNLÎLLMLŒÌ‹LŒNLŒ™KLM‚™]™[ÜY[M‹ŒKKØØWÙ\]Z]˜[[ŒLŒMÌLNMÍLLÎNŒLÌLÍŒÎNŒMŒLMËNMMŒŒÌŒÍLÌŒÍ‹ŒLLLMÌŒLLMLŒŒŒNLÎLLMLŒÌ‹LŒNLŒ™KLM‚™]™[ÜY[M‹ŒKK›ØÚ×ÙXYÛÛ˜[ŒLŒMÌÎMLŒMŒÎLLKŒMMLÎNMÍŒNKNMMŒMÍÍÍŒMÍÌÎMŒŒNŒŒÎNÎÌŒNMÌÍ‹ŒŒŒŒLLNKLM‚™]™[ÜY[M‹ŒKKØWÜ˜[š×ÛX]ÚYŒLŒKŒLNLÍÌMŒNMÍÌŒÎLÎNÌËMÎLLÎLŒÌÍÎLKŒLÌLMLNŒLŒLŒNLŒLÌLLÌ‹LŒNLŒ™KLM‚™]™[ÜY[M‹ŒKK˜[™ÛWÜ˜[š×ÛX]ÚYŒLŒMÌÍNÌÍNMŒÌKŒLÍÎMMLÌLÍÌŒLËNMÌÌŒŒŒLKŒLLÌŒMMÍLMLÌKŒNMNÍÌÌNMÍKËMÎNŒNKLM‚™]™[ÜY[M‹ŒKK˜]×Üİ™ŒLŒMÌMŒMŒÌÍÌÎMŒLLMLLNÍËNMMÌÍMÌÌMMŒ‹ŒLLÌÍNÍÍÍËŒLÍMMŒÎNNMÌŒÍ‹MÎMNMÍMÎÍÌYKLM‚™]™[ÜY[M‹ŒKK[Üİ]WÛÜ˜XÛKŒLŒKŒŒKŒŒŒËMÎNŒNKLM‚™]™[ÜY[M‹ŒK‹ÛÜœ™[Û‹ŒLŒMÎÎLLËŒLNLNLLNLMKNMŒMMÌMÎLKŒLÍÎNÎÎŒŒMKŒLÌNÍNMËËŒÌÌLÌÎÍMM™KLM‚™]™[ÜY[M‹ŒK‹ØØWÙ\]Z]˜[[ŒLŒMÎÎLLËŒLNLNLLNLMKNMŒMMÌMÎLKŒLÍÎNÎÎŒŒMKŒLÌNÍNMËËŒÌÌLÌÎÍMM™KLM‚™]™[ÜY[M‹ŒK‹›ØÚ×ÙXYÛÛ˜[ŒLŒMÌÎMLŒMŒÎLLKŒMMLÎNMÍŒNKNMMŒMÍÍÍŒMÍÌÎMŒŒNŒŒÎNÎÌŒNMÌÍ‹ŒŒŒŒLLNKLM‚™]™[ÜY[M‹ŒK‹ØWÜ˜[š×ÛX]ÚYŒLŒKŒNMMMMMLL‹ŒŒLLŒM‹MÍÍÌÎÍNMMŒËŒLMLÍMŒLÌÎMLÌŒLMNŒLLNLLË‹ŒLŒŒŒÍMÎÍŒYKLM‚™]™[ÜY[M‹ŒK‹˜[™ÛWÜ˜[š×ÛX]ÚYŒLŒMÍMÍŒMKŒLMÌLMÌŒÌÎKNMŒNMNÍÍLŒÌKŒLÍÍŒMNLLŒLÎŒÌNÌÌŒMMÎLLËMÎNŒNKLM‚™]™[ÜY[M‹ŒK‹˜]×Üİ™ŒLŒMMLÎLŒMNNNNLKŒLMNNLÌMLÎÌ‹NMNLÌÎLKŒLÍÎŒÍMÍMÌMLNÌNÎMMLMYKLM‚™]™[ÜY[M‹ŒK‹[Üİ]WÛÜ˜XÛKŒLŒKŒŒKŒŒŒËMÎNŒNKLM‚™]™[ÜY[M‹ŒKÛÜœ™[Û‹ŒLŒMLŒÍMLLÎŒ‹ŒLMNLŒÍNÌMLËNLÍÎLNKŒMÌLMMMMÌLŒKŒÌŒŒMNMMÌLLË‹ŒLÌÎMÍÍLLÎYKLM‚™]™[ÜY[M‹ŒKØØWÙ\]Z]˜[[ŒLŒMLŒÍMLLÎŒ‹ŒLMNLŒÍNÌMLËNLÍÎLNKŒMÌLMMMMÌLŒKŒÌŒŒMNMMÌLLË‹ŒLÌÎMÍÍLLÎYKLM‚™]™[ÜY[M‹ŒK›ØÚ×ÙXYÛÛ˜[ŒLŒMÌÎMLŒMŒÎLLKŒMMLÎNMÍŒNKNMMŒMÍÍÍŒMÍÌÎMŒŒNŒŒÎNÎÌŒNMÌÍ‹ŒŒŒŒLLNKLM‚™]™[ÜY[M‹ŒKØWÜ˜[š×ÛX]ÚYŒLŒKŒŒÌNLLÍÌLËŒŒMMNŒÍM‹MÌÍÌÎÎMLMMNKŒLMNÌNNÍNKŒLNLŒLMÍÌÎÍÍK‹ŒŒŒŒLLÌLÙKLM‚™]™[ÜY[M‹ŒK˜[™ÛWÜ˜[š×ÛX]ÚYŒLŒMMÍÌLŒŒMŒLNMMMNÍN‹NLÍÌNŒÌLMNMŒMÌLÌNLMÍŒNLM‹ŒÌŒÌMLLLMÎMÍÍÍ‹‹ÍÍMMMÍMŒMMŒLMKLM‚™]™[ÜY[M‹ŒK˜]×Üİ™ŒLŒMLMMLŒMNLMËŒLMŒLÍŒNLŒÌÎMNNLÍNÌŒMÌŒMŒMLNMMÍLMÎŒÌÌMŒL‹KŒLÍÎMLLÍYKLM‚™]™[ÜY[M‹ŒK[Üİ]WÛÜ˜XÛKŒLŒKŒŒKŒŒŒËMÎNŒNKLM‚™]™[ÜY[M‹KKÛÜœ™[Û‹ŒLŒNMÌMŒÌÍÍ‹ŒLLÎLŒLŒLLLËNMÌNŒŒÌMKŒMŒÌNMÍNNŒMŒNLÍŒŒÍ‹NMŒÍŒLLÌŒKLM‚™]™[ÜY[M‹KKØØWÙ\]Z]˜[[ŒLŒNMÌMŒÌÍÍ‹ŒLLÎLŒLŒLLLËNMÌNŒŒÌMKŒMŒÌNMÍNNŒMŒNLÍŒŒÍ‹NMŒÍŒLLÌŒKLM‚™]™[ÜY[M‹KK›ØÚ×ÙXYÛÛ˜[ŒLŒNLÍŒÎMŒNLÌMKŒLLNLÍÌŒÍÎLLÌÍL‹NMŒŒLŒLÍLÎŒLÎŒLNŒLLÌMŒMMÌMLMMLLMËKNÌÌNMŒMLÙKLM‚™]™[ÜY[M‹KKØWÜ˜[š×ÛX]ÚYŒLŒKŒÎNÍMMÍLÌŒÍŒŒÌMMMÌMKMÍÍLŒÌMÎKŒLMŒÍLÍÌŒÍLÍNKŒLNÌÌÎÌË‹ŒÎÍÎŒÎLMNMYKLM‚™]™[ÜY[M‹KK˜[™ÛWÜ˜[š×ÛX]ÚYŒLŒNÎNLNMN‹ŒLŒÍLŒÍMNLMÍLŒÌÌLÍ‹ŒNMNLLNKŒNMMLÍÌŒMLKËŒÌÌLÌÎÍMM™KLM‚™]™[ÜY[M‹KK˜]×Üİ™ŒLŒNNLNMÍÌŒÎÍÌ‹ŒLLÍLMÌÌLËNMŒÍMNLÍÎKŒMMMMŒMÌÍKŒMÌMMMŒLNËËŒŒMMŒŒÍLNKLM‚™]™[ÜY[M‹KK[Üİ]WÛÜ˜XÛKŒLŒKŒŒKŒŒŒËŒNLNLLNMMÎMÌÌYKLM‚™]™[ÜY[M‹K‹ÛÜœ™[Û‹ŒLŒNMÍÍLLŒÍLÌLËŒLMÌÌÍNMMNLÍÌÌŒÌÌÍNLŒ‹ŒMŒÍÍNMML‹ŒNMLÍÎMLMŒËËMÎNŒNKLM‚™]™[ÜY[M‹K‹ØØWÙ\]Z]˜[[ŒLŒNMÍÍLLŒÍLÌLËŒLMÌÌÍNMMNLÍÌÌŒÌÌÍNLŒ‹ŒMŒÍÍNMML‹ŒNMLÍÎMLMŒËËMÎNŒNKLM‚™]™[ÜY[M‹K‹›ØÚ×ÙXYÛÛ˜[ŒLŒNLÍŒÎMŒNLÌMKŒLLNLÍÌŒÍÎLLÌÍL‹NMŒŒLŒLÍLÎŒLÎŒLNŒLLÌMŒMMÌMLMMLLMËKNÌÌNMŒMLÙKLM‚™]™[ÜY[M‹K‹ØWÜ˜[š×ÛX]ÚYŒLŒKŒÍMÍNLÌMNÌ‹ŒŒNŒŒNMNŒ‹MÍNLÍÍÌNNŒLLŒKŒLMMLÍÌÌLŒLMLMMÍNMŒ‹‹LŒMŒMÌÎMYKLM‚™]™[ÜY[M‹K‹˜[™ÛWÜ˜[š×ÛX]ÚYŒLŒMÎÌŒÌÌÍŒÌKŒLÍLŒNLMŒÍÍNLMLLÍMÍŒËŒLMMÎMÍLÌŒÍ‹ŒNŒLLNLÍŒŒLLËŒÍÌMLÌMNMŒMMMKLM‚™]™[ÜY[M‹K‹˜]×Üİ™ŒLŒNÍÌÌŒÍMML‹ŒLMŒLNNLŒÌL‹NLÍÍMMÌÍ‹ŒMNÍNNLÌ‹ŒMÎLÌÎMLŒŒ‹ŒLŒŒŒÍMÎÍŒYKLM‚™]™[ÜY[M‹K‹[Üİ]WÛÜ˜XÛKŒLŒKŒŒKŒŒŒËŒNLNLLNMMÎMÌÌYKLM‚™]™[ÜY[M‹KÛÜœ™[Û‹ŒLŒMÎNLLŒÌÌŒÌŒMMŒLNMMÌÍÌÌŒNLÎNLÍMÌÎNMLÎNŒMŒMÎŒÌËŒŒMLÍÍŒÌÍÌÍÍËËMÎNŒNKLM‚™]™[ÜY[M‹KØØWÙ\]Z]˜[[ŒLŒMÎNLLŒÌÌŒÌŒMMŒLNMMÌÍÌÌŒNLÎNLÍMÌÎNMLÎNŒMŒMÎŒÌËŒŒMLÍÍŒÌÍÌÍÍËËMÎNŒNKLM‚™]™[ÜY[M‹K›ØÚ×ÙXYÛÛ˜[ŒLŒNLÍŒÎMŒNLÌMKŒLLNLÍÌŒÍÎLLÌÍL‹NMŒŒLŒLÍLÎŒLÎŒLNŒLLÌMŒMMÌMLMMLLMËKNÌÌNMŒMLÙKLM‚™]™[ÜY[M‹KØWÜ˜[š×ÛX]ÚYŒLŒKŒÍÍLÍŒŒÌLŒÍKŒŒNNMNMÎMŒŒMËMÌMŒÎMLMŒKŒLNLLLÎNLMÌKŒLMNÎLËLŒNLŒ™KLM‚™]™[ÜY[M‹K˜[™ÛWÜ˜[š×ÛX]ÚYŒLŒMÍLŒNLÌŒÍÍÎKŒMÎÌMÍÌÍNNLLMLÌŒÍËŒMLÎLÎLÍËŒŒNNŒMÌÎMÍŒLŒLË‹ŒLŒŒŒÍMÎÍŒYKLM‚™]™[ÜY[M‹K˜]×Üİ™ŒLŒMÎLÎLNÌŒÎL‹ŒLNLMMŒMÌ‹NLÍMLLÌÌMŒMÍËŒMÌŒNMNNMLLLKŒNNLÌŒLŒMÌMLÎÍKLŒLÌNLMKLM‚™]™[ÜY[M‹K[Üİ]WÛÜ˜XÛKŒLŒKŒŒKŒŒŒËŒNLNLLNMMÎMÌÌYKLM‚™]™[ÜY[M‹KŒKÛÜœ™[Û‹ŒLŒNMŒŒÌŒLÎLÌ‹ŒLÎLLLÍŒÌÌÍLM‹NLŒÌL‹ŒŒLÌŒÌŒŒMÍNMŒMMŒMLŒNNMËŒŒMMŒŒÍLNKLM‚™]™[ÜY[M‹KŒKØØWÙ\]Z]˜[[ŒLŒNMŒŒÌŒLÎLÌ‹ŒLÎLLLÍŒÌÌÍLM‹NLŒÌL‹ŒŒLÌŒÌŒŒMÍNMŒMMŒMLŒNNMËŒŒMMŒŒÍLNKLM‚™]™[ÜY[M‹KŒK›ØÚ×ÙXYÛÛ˜[ŒLŒNNMÍMNLMÌÌËŒMMÍÍNMÌM‹NLMŒLLÍÌËŒÍÍÌÌLÍNNNNNŒŒMMÎLMŒÌLŒLÌÍM‹‹ŒŒŒŒLLÌLÙKLM‚™]™[ÜY[M‹KŒKØWÜ˜[š×ÛX]ÚYŒLŒKŒLLŒÎŒÎŒŒLMÌNLÌÍM‹MÍÌÌÌŒÌÍÎMÎLKŒLÎNMŒNMNNKŒLNNMŒÍMÍNLËËŒŒMMŒŒÍLNKLM‚™]™[ÜY[M‹KŒK˜[™ÛWÜ˜[š×ÛX]ÚYŒLŒNLÍÌLÌÎNÎLKŒMMNMNMŒÍÌŒÌLÌ‹NÍÍŒLLÎLÎKŒÎŒÌLMKŒŒÌÍŒÎÍKËŒŒMMŒŒÍLNKLM‚™]™[ÜY[M‹KŒK˜]×Üİ™ŒLŒNMÌMÎLÌ‹ŒLÌÍÍÍÍMŒÌÍŒÎNLNNLMÌÎLKŒŒÎLŒLÍŒMKŒMÌMÍÌŒÍŒKNMŒÍŒLLÌŒKLM‚™]™[ÜY[M‹KŒK[Üİ]WÛÜ˜XÛKŒLŒKŒŒKŒŒŒËMÎNŒNKLM‚™]™[ÜY[M‹KŒ‹ÛÜœ™[Û‹ŒLŒNŒÌÌMŒËŒLŒŒŒÍLNLËNLLLËŒNMLÍŒÍNÍÍÍ‹ŒLMMMMMNÌÌL‹LŒNLŒ™KLM‚™]™[ÜY[M‹KŒ‹ØØWÙ\]Z]˜[[ŒLŒNŒÌÌMŒËŒLŒŒŒÍLNLËNLLLËŒNMLÍŒÍNÍÍÍ‹ŒLMMMMMNÌÌL‹LŒNLŒ™KLM‚™]™[ÜY[M‹KŒ‹›ØÚ×ÙXYÛÛ˜[ŒLŒNNMÍMNLMÌÌËŒMMÍÍNMÌM‹NLMŒLLÍÌËŒÍÍÌÌLÍNNNNNŒŒMMÎLMŒÌLŒLÌÍM‹‹ŒŒŒŒLLÌLÙKLM‚™]™[ÜY[M‹KŒ‹ØWÜ˜[š×ÛX]ÚYŒLŒKŒÌMÍÌNLÌMŒŒNŒÌËMÍLNMÌŒLÍÌNLÍÌÍËŒLLÎLLÎLLÍŒLË‹ŒÎÍÎŒÎLMNMYKLM‚™]™[ÜY[M‹KŒ‹˜[™ÛWÜ˜[š×ÛX]ÚYŒLŒMÍÌÍÌÌLŒÍLÎMŒMÌÎLLMÍMNLLÌÌKNÌNNLLÌÌŒËŒÌÌÍÌNKŒÍLMÌŒÍËMÎNŒNKLM‚™]™[ÜY[M‹KŒ‹˜]×Üİ™ŒLŒNÌMŒMÌÌÎKŒLŒÌÍNMKNLÎMŒMŒNML‹ŒŒMLLŒŒŒ‹ŒLLŒLŒÍÍLNMŒMKËLLÌÎLLMKLM‚™]™[ÜY[M‹KŒ‹[Üİ]WÛÜ˜XÛKŒLŒKŒŒKŒŒŒËMÎNŒNKLM‚™]™[ÜY[M‹KŒÛÜœ™[Û‹ŒLŒNMÎMÎÌ‹ŒLNŒÌMÌLNNNMMÌŒÌNNÌKŒLMŒŒŒMLLMKŒMMMMÍLLÍÌNKMLLLMLLŒÌLMÎÙKLM‚™]™[ÜY[M‹KŒØØWÙ\]Z]˜[[ŒLŒNMÎMÎÌ‹ŒLNŒÌMÌLNNNMMÌŒÌNNÌKŒLMŒŒŒMLLMKŒMMMMÍLLÍÌNKMLLLMLLŒÌLMÎÙKLM‚™]™[ÜY[M‹KŒ›ØÚ×ÙXYÛÛ˜[ŒLŒNNMÍMNLMÌÌËŒMMÍÍNMÌM‹NLMŒLLÍÌËŒÍÍÌÌLÍNNNNNŒŒMMÎLMŒÌLŒLÌÍM‹‹ŒŒŒŒLLÌLÙKLM‚™]™[ÜY[M‹KŒØWÜ˜[š×ÛX]ÚYŒLŒKŒÌLMÍŒÎMŒKŒŒŒLÍŒLLÌÎLNLÌ‹MÌŒÌÍÍNKŒLMÍŒNMÍÌŒÍMÍKŒLNLÎLÌNMMMNK‹ŒLÌÎMÍÍLLÎYKLM‚™]™[ÜY[M‹KŒ˜[™ÛWÜ˜[š×ÛX]ÚYŒLŒMLÌÌŒLÌÌŒNLLMÍÍNKNÍŒLÍÍŒËŒLLLÍÎÍÍMŒÌÍÍLNMÍML‹ËMÎNŒNKLM‚™]™[ÜY[M‹KŒ˜]×Üİ™ŒLŒNNÌÎLLMMLÎŒLNMÌMŒMŒLŒÍKNMLMŒLKŒLMŒŒÍÌNŒÍŒMMKŒMLŒŒNKËMÎNŒNKLM‚™]™[ÜY[M‹KŒ[Üİ]WÛÜ˜XÛKŒLŒKŒŒKŒŒŒËMÎNŒNKLM‚™]™[ÜY[KKŒKKÛÜœ™[Û‹ŒLŒNÍMŒMÌNLÍLÌKŒMŒMNLNMNŒËNNNLÍÌMÍÍLÌ‹ŒMLLMÌÍÌŒLÎNMLÌÍÌMÎK‹ŒŒŒŒLLÌLÙKLM‚™]™[ÜY[KKŒKKØØWÙ\]Z]˜[[ŒLŒNÍMŒMÌNLÍLÌKŒMŒMNLNMNŒËNNNLÍÌMÍÍLÌ‹ŒMLLMÌÍÌŒLÎNMLÌÍÌMÎK‹ŒŒŒŒLLÌLÙKLM‚™]™[ÜY[KKŒKK›ØÚ×ÙXYÛÛ˜[ŒLŒNLÌLMÍŒŒÍËŒŒŒŒŒMMÌÍËNNLNÎLÌŒÌÌM‹ŒNLÍÍMLLÍÎŒMŒMÌMNLM‹‹ŒŒŒŒLLÌLÙKLM‚™]™[ÜY[KKŒKKØWÜ˜[š×ÛX]ÚYŒLŒKŒLŒÍLÌNÍËŒNMŒMÌNLÍÌŒËMÎMMÍÍŒLÎKŒLÌÍMMÍÍÍÌÍLËŒLÌMÌÌLÌ‹KLÌÍLÍLÍÍÌÍKLM‚™]™[ÜY[KKŒKK˜[™ÛWÜ˜[š×ÛX]ÚYŒLŒNMŒMÍÌLÌNKŒŒŒLMLÌŒMŒKNNLNMÎMÍLÍŒÌŒÍÌLLŒŒ‹ŒLNLÌLLÍŒLËËŒLÌLLÌÌMÍÌNLNYKLM‚™]™[ÜY[KKŒKK˜]×Üİ™ŒLŒNMMŒLÍÌMLÍ‹ŒMMÎNÎÍŒN‹NNÌLMNÎLMKŒLÎLLMŒLM‹ŒLÌÎÍÍÎMÌLMKNMŒÍŒLLÌŒKLM‚™]™[ÜY[KKŒKK[Üİ]WÛÜ˜XÛKŒLŒKŒŒKŒŒŒËMÎNŒNKLM‚™]™[ÜY[KKŒK‹ÛÜœ™[Û‹ŒLŒNMŒLÍMÌMLËŒLMÍŒNŒLLŒKNNÎNNMLŒ‹ŒMNNÍNLÌÌÎLËŒLMNÎMŒÌMLMKÌÍÌŒÍÍNMÍÙKLM‚™]™[ÜY[KKŒK‹ØØWÙ\]Z]˜[[ŒLŒNMŒLÍMÌMLËŒLMÍŒNŒLLŒKNNÎNNMLŒ‹ŒMNNÍNLÌÌÎLËŒLMNÎMŒÌMLMKÌÍÌŒÍÍNMÍÙKLM‚™]™[ÜY[KKŒK‹›ØÚ×ÙXYÛÛ˜[ŒLŒNLÌLMÍŒŒÍËŒŒŒŒŒMMÌÍËNNLNÎLÌŒÌÌM‹ŒNLÍÍMLLÍÎŒMŒMÌMNLM‹‹ŒŒŒŒLLÌLÙKLM‚™]™[ÜY[KKŒK‹ØWÜ˜[š×ÛX]ÚYŒLŒKŒÍÍÎNLÌNÌŒ‹ŒŒÌŒÍLLÍŒÌKMÌLLMÌÌNLNLNŒLŒMMŒMMÌLKŒMÍMŒMÎŒÍMLÌL‹‹ŒMÌÍÌMLŒÌKLM‚™]™[ÜY[KKŒK‹˜[™ÛWÜ˜[š×ÛX]ÚYŒLŒNÍÍÌMLMÌŒNŒLÍÌNÌMŒMMKNNLMÍMMŒËŒÌÎMÎLÌMŒÍMŒMŒLNÎÍLNNMÌŒMË‹ŒŒŒŒLLÌLÙKLM‚™]™[ÜY[KKŒK‹˜]×Üİ™ŒLŒNÍÌLÎMÌLËŒLLŒŒŒÍLLLNNMMŒÌÌŒNŒMLŒNMÌNLŒŒËŒLÍLMLMÌLMËLŒNLŒ™KLM‚™]™[ÜY[KKŒK‹[Üİ]WÛÜ˜XÛKŒLŒKŒŒKŒŒŒËMÎNŒNKLM‚™]™[ÜY[KKŒKÛÜœ™[Û‹ŒLŒNLMMNÌNLŒNLNLÍLNÌŒ‹NNMNŒÍÍËŒÌMŒLÍŒÌ‹ŒLÌLMMNÌK‹ŒLŒŒŒÍMÎÍŒYKLM‚™]™[ÜY[KKŒKØØWÙ\]Z]˜[[ŒLŒNLMMNÌNLŒNLNLÍLNÌŒ‹NNMNŒÍÍËŒÌMŒLÍŒÌ‹ŒLÌLMMNÌK‹ŒLŒŒŒÍMÎÍŒYKLM‚™]™[ÜY[KKŒK›ØÚ×ÙXYÛÛ˜[ŒLŒNLÌLMÍŒŒÍËŒŒŒŒŒMMÌÍËNNLNÎLÌŒÌÌM‹ŒNLÍÍMLLÍÎŒMŒMÌMNLM‹‹ŒŒŒŒLLÌLÙKLM‚™]™[ÜY[KKŒKØWÜ˜[š×ÛX]ÚYŒLŒNLMMÎNÌMKŒNLNLÌÌŒMMÌÌKNNMNMÎMÍLKŒÌMŒÌÍÎNMÍŒLÌMŒLL‹‹ÍÍMMMÍMŒMMŒLMKLM‚™]™[ÜY[KKŒK˜[™ÛWÜ˜[š×ÛX]ÚYŒLŒNÍÍÍÍMŒÎNNML‹ŒŒNMŒÌNLNLNLM‹NNÍNMÌNÌKŒŒÎÌMLÍNŒËŒLÍÌMŒNŒÍKNMŒÍŒLLÌŒKLM‚™]™[ÜY[KKŒK˜]×Üİ™ŒLŒNLMMNÌNLÌKŒNLNLÍLNÌ‹NNMNŒÍÍ‹ŒÌMŒLÍŒLKŒLÌLMMNMËŒÌÌLÌÎÍMM™KLM‚™]™[ÜY[KKŒK[Üİ]WÛÜ˜XÛKŒLŒKŒŒKŒŒŒËMÎNŒNKLM‚™]™[ÜY[KKŒKKÛÜœ™[Û‹ŒLŒNLÌŒŒÌMNL‹ŒŒÎŒÍÎLLMM‹NNLNÍMÎÍKŒÌÍŒLÍNMNŒÎÌÌÎŒÍK‹ŒŒŒŒLLÌLÙKLM‚™]™[ÜY[KKŒKKØØWÙ\]Z]˜[[ŒLŒNLÌŒŒÌMNL‹ŒŒÎŒÍÎLLMM‹NNLNÍMÎÍKŒÌÍŒLÍNMNŒÎÌÌÎŒÍK‹ŒŒŒŒLLÌLÙKLM‚™]™[ÜY[KKŒKK›ØÚ×ÙXYÛÛ˜[ŒLŒNMÍÌÍLÎNËŒNMLLÌÍÌÌ‹NNNLÍÍNNLKŒÌLMLNLÌÎLMLM‹ŒÍÎLÎLÌMMËËŒÌÌLÌÎÍMM™KLM‚™]™[ÜY[KKŒKKØWÜ˜[š×ÛX]ÚYŒLŒKŒLŒMÍLLÎŒŒMMŒÍÍLÌMÍŒMKMÍÌLŒLŒÎNNKŒLMMMMMMLŒLËŒNNÍÍL‹LŒNLŒ™KLM‚™]™[ÜY[KKŒKK˜[™ÛWÜ˜[š×ÛX]ÚYŒLŒNLÌMLÍMŒLNŒÍNLÎLÍŒNLÍKNMÌLÌÌÍÍŒMŒŒMLNNMLLKŒŒÎLNLÌLÌ‹ŒŒŒŒLLÌLÙKLM‚™]™[ÜY[KKŒKK˜]×Üİ™ŒLŒNLÍMÍŒŒŒŒÌŒKŒŒMŒLŒÍLÌËNNŒNÎLNLLKŒNMNLLLÎÌËŒŒÍMŒÎMÌLÎLLŒNLŒ™KLM‚™]™[ÜY[KKŒKK[Üİ]WÛÜ˜XÛKŒLŒKŒŒKŒŒŒLŒNLŒ™KLM‚™]™[ÜY[KKŒK‹ÛÜœ™[Û‹ŒLŒNLLÎÍLŒŒ‹ŒÌÌMÎÌÍLLÍËNMÍÌLMŒŒMËŒÌÍÌÍLÍŒM‹ŒÌÌÌNMÌLMÌŒ‹ËŒÌÌLÌÎÍMM™KLM‚™]™[ÜY[KKŒK‹ØØWÙ\]Z]˜[[ŒLŒNLLÎÍLŒŒ‹ŒÌÌMÎÌÍLLÍËNMÍÌLMŒŒMËŒÌÍÌÍLÍŒM‹ŒÌÌÌNMÌLMÌŒ‹ËŒÌÌLÌÎÍMM™KLM‚™]™[ÜY[KKŒK‹›ØÚ×ÙXYÛÛ˜[ŒLŒNMÍÌÍLÎNËŒNMLLÌÍÌÌ‹NNNLÍÍNNLKŒÌLMLNLÌÎLMLM‹ŒÍÎLÎLÌMMËËŒÌÌLÌÎÍMM™KLM‚™]™[ÜY[KKŒK‹ØWÜ˜[š×ÛX]ÚYŒLŒKŒLÍÍÌÎLNŒŒNNMŒŒLÌLKMÍMLLLMŒLLŒMMÌÌLKŒMŒLÍLLÍMÎNLŒËKMLLLMLLŒÌLMÎÙKLM‚™]™[ÜY[KKŒK‹˜[™ÛWÜ˜[š×ÛX]ÚYŒLŒNLLLÎÍÌ‹ŒÎŒŒMÌLL‹NMÍÌMMÍMŒLÍLŒÍÍŒ‹ŒNNMMÎMÌNÌŒËËŒŒÌÌMÍNYKLM‚™]™[ÜY[KKŒK‹˜]×Üİ™ŒLŒNLMLÌŒNNNKŒNMNNLLÌŒÌÌÌLËNMÍÌNMKŒÌÍÌÌÎŒÌLŒÍMMÌMÎLNËŒÌÌLÌÎÍMM™KLM‚™]™[ÜY[KKŒK‹[Üİ]WÛÜ˜XÛKŒLŒKŒŒKŒŒŒLŒNLŒ™KLM‚™]™[ÜY[KKŒKÛÜœ™[Û‹ŒLŒNLLMMMLŒÎLÎKŒÌMMMŒNNMÍLLLLMÎMÎKŒÍÍMÌMÌÍŒÎMŒŒÎMÎLÌLK‹ŒMMÌLMÌŒMYKLM‚™]™[ÜY[KKŒKØØWÙ\]Z]˜[[ŒLŒNLLMMMLŒÎLÎKŒÌMMMŒNNMÍLLLLMÎMÎKŒÍÍMÌMÌÍŒÎMŒŒÎMÎLÌLK‹ŒMMÌLMÌŒMYKLM‚™]™[ÜY[KKŒK›ØÚ×ÙXYÛÛ˜[ŒLŒNMÍÌÍLÎNËŒNMLLÌÍÌÌ‹NNNLÍÍNNLKŒÌLMLNLÌÎLMLM‹ŒÍÎLÎLÌMMËËŒÌÌLÌÎÍMM™KLM‚™]™[ÜY[KKŒKØWÜ˜[š×ÛX]ÚYŒLŒNLLMMŒMÌMNËŒÌMMMŒMÎLÌÌÌNMÍLLLLNLKŒÍÍMÎLNMKŒÎMŒŒÎLÍÎÍŒMÎKÌÍÌŒÍÍNMÍÙKLM‚™]™[ÜY[KKŒK˜[™ÛWÜ˜[š×ÛX]ÚYŒLŒNMÌÍÌÌKŒLLÍÍŒŒMNNMŒŒÌÍÍMÌLÎŒNLNÍMLLŒKŒŒÍÍMMLLLLÌÍMLËLŒNLŒ™KLM‚™]™[ÜY[KKŒK˜]×Üİ™ŒLŒNLLMMMLŒÎLÎKŒÌMMMŒNÌL‹NMÍLLLLMÎMÎKŒÍÍMÌMÌËŒÎMŒŒÎMÎLÌÌNMNMŒÍŒLLÌŒKLM‚™]™[ÜY[KKŒK[Üİ]WÛÜ˜XÛKŒLŒKŒŒKŒŒŒLŒNLŒ™KLM‚™]™[ÜY[KKKKÛÜœ™[Û‹ŒLŒMÎŒŒMMŒMÎÍÎKŒMÍMÌLNNŒMÌÎLËŒÎLÎLLÍÍÌLLÍ‹ŒNLÍÍÌŒÍMKËŒŒÌÌMÍNYKLM‚™]™[ÜY[KKKKØØWÙ\]Z]˜[[ŒLŒMÎŒŒMMŒMÎÍÎKŒMÍMÌLNNŒMÌÎLËŒÎLÎLLÍÍÌLLÍ‹ŒNLÍÍÌŒÍMKËŒŒÌÌMÍNYKLM‚™]™[ÜY[KKKK›ØÚ×ÙXYÛÛ˜[ŒLŒNŒÍÎMÌÌNMÌËŒÌMÍÍŒLÍLLÍÍLMKNMÍLMÌLLÌKŒÍŒLÎŒLLÌÌ‹ŒMŒŒÎLLLÌÍLK‹ŒŒŒŒLLÌLÙKLM‚™]™[ÜY[KKKKØWÜ˜[š×ÛX]ÚYŒLŒKŒÌÍMLNLÍÍÍNËŒŒÍÍÌŒLMNLÌËMÍÌMNLLŒMNKŒLÌMLNNLÍLKŒMLŒÌMLMŒMMÍ‹ËŒŒÌÌMÍNYKLM‚™]™[ÜY[KKKK˜[™ÛWÜ˜[š×ÛX]ÚYŒLŒMNMÌLÍLLÍÎŒLMLNÌÌŒMMÌ‹NLÎLŒNÍÌLÍÌÌÍM‹ŒMLLÎÎŒLÍŒŒÌŒNMLÎLÍÌŒËKMLLLMLLŒÌLMÎÙKLMÂ™]™[ÜY[KKKK˜]×Üİ™ŒLŒMÎÌLLLKŒMNMMMÌNLÎL‹NNÎNMŒÌŒŒLLÌMŒÍÎËŒNMLÎLMŒÌÎLËËŒÌÌLÌÎÍMM™KLM‚™]™[ÜY[KKKK[Üİ]WÛÜ˜XÛKŒLŒKŒŒKŒŒŒËMÎNŒNKLM‚™]™[ÜY[KKK‹ÛÜœ™[Û‹ŒLŒMÍŒÍŒŒÌÌMÌÍMÌŒLMÌÎMŒÌLMŒËNMÎÍMMÍLŒNNKŒÌNMŒÌÍÍÎÍMËŒNLÌŒÍŒNMÌKLŒÌÍÌLÍŒÎKLM‚™]™[ÜY[KKK‹ØØWÙ\]Z]˜[[ŒLŒMÍŒÍŒŒÌÌMÌÍMÌŒLMÌÎMŒÌLMŒËNMÎÍMMÍLŒNNKŒÌNMŒÌÍÍÎÍMËŒNLÌŒÍŒNMÌKLŒÌÍÌLÍŒÎKLM‚™]™[ÜY[KKK‹›ØÚ×ÙXYÛÛ˜[ŒLŒNŒÍÎMÌÌNMÌËŒÌMÍÍŒLÍLLÍÍLMKNMÍLMÌLLÌKŒÍŒLÎŒLLÌÌ‹ŒMŒŒÎLLLÌÍLK‹ŒŒŒŒLLÌLÙKLM‚™]™[ÜY[KKK‹ØWÜ˜[š×ÛX]ÚYŒLŒKŒŒLŒÌLÎMKŒÌÎMMÍÌËMÌLMŒÎNMNMËŒLŒÍMNMÌÍ‹ŒMMMÍMŒMKKMLLLMLLŒÌLMÎÙKLMÂ™]™[ÜY[KKK‹˜[™ÛWÜ˜[š×ÛX]ÚYŒLŒMÌMÌNNŒÌMŒNLËŒLLÌLÌËNMMMŒÎMMŒLÎŒÌÍÎMÍŒKŒNMÍLŒŒMMÍLËŒMŒÌÌÍŒÍŒÍÌÍÙKLM‚™]™[ÜY[KKK‹˜]×Üİ™ŒLŒMÍMÍNMÌÍÌMKŒLÍÌÎÌÍNMKNMÍÎMLÌŒLKŒÌÌÍLÍÌŒÎMLÍÍŒNLÌLÍÎNLÌNNK‹ÍÍMMMÍMŒMMŒLMKLM‚™]™[ÜY[KKK‹[Üİ]WÛÜ˜XÛKŒLŒKŒŒKŒŒŒËMÎNŒNKLM‚™]™[ÜY[KKKÛÜœ™[Û‹ŒLŒMÍLÎLNNÍŒŒŒÌÍMÎLÍ‹NMÍÌÌLÍÌMMÍ‹ŒÌÍMÎLŒÍ‹ŒNNÍÎLÌÌKKLÌÍLÍLÍÍÌÍKLM‚™]™[ÜY[KKKØØWÙ\]Z]˜[[ŒLŒMÍLÎLNNÍŒŒŒÌÍMÎLÍ‹NMÍÌÌLÍÌMMÍ‹ŒÌÍMÎLŒÍ‹ŒNNÍÎLÌÌKKLÌÍLÍLÍÍÌÍKLM‚™]™[ÜY[KKK›ØÚ×ÙXYÛÛ˜[ŒLŒNŒÍÎMÌÌNMÌËŒÌMÍÍŒLÍLLÍÍLMKNMÍLMÌLLÌKŒÍŒLÎŒLLÌÌ‹ŒMŒŒÎLLLÌÍLK‹ŒŒŒŒLLÌLÙKLM‚™]™[ÜY[KKKØWÜ˜[š×ÛX]ÚYŒLŒMÍLÎLÌŒMŒËŒŒÌMMNNMÍÌÌLÍÌÍŒÌKŒÌÍMÎLMÌLNMŒMKŒNNÍÎMK‹ŒŒŒŒLLÌLÙKLM‚™]™[ÜY[KKK˜[™ÛWÜ˜[š×ÛX]ÚYŒLŒMÍŒLÎŒMÍŒLNNLŒLLÌNNŒKNLÌLMÎÌNLËŒNMÎMÍÌÍLÍËŒÌLLMÍÍÍŒLLNLKKÌÎLŒÌ™KLM‚™]™[ÜY[KKK˜]×Üİ™ŒLŒMÍLÎLNNÍŒŒŒÌÍMÎLÍKNMÍÌÌLÍÌMMÍ‹ŒÌÍMÎLŒÎKŒNNÍÎLÌÌLK‹ŒŒŒŒLLÌLÙKLM‚™]™[ÜY[KKK[Üİ]WÛÜ˜XÛKŒLŒKŒŒKŒŒŒËMÎNŒNKLM‚™]™[ÜY[KKKŒKÛÜœ™[Û‹ŒLŒKŒŒLMŒNÌM‹ŒÍÎNLLLÌÍŒMNNMÌÌÌLÎLÍÍËŒMŒŒÌŒMMŒ‹ŒÌMÌÍNMMKËŒÌÌLÌÎÍMM™KLM‚™]™[ÜY[KKKŒKØØWÙ\]Z]˜[[ŒLŒKŒŒLMŒNÌM‹ŒÍÎNLLLÌÍŒMNNMÌÌÌLÎLÍÍËŒMŒŒÌŒMMŒ‹ŒÌMÌÍNMMKËŒÌÌLÌÎÍMM™KLM‚™]™[ÜY[KKKŒK›ØÚ×ÙXYÛÛ˜[ŒLŒKŒŒÌLMŒLÌÌËŒLÍMÌÎLMŒÍKNMNNLÎ‹ŒLMŒNLÌÌËŒLÍMŒMÌKŒLLŒŒÌŒLMMYKLM‚™]™[ÜY[KKKŒKØWÜ˜[š×ÛX]ÚYŒLŒKŒLLNMNLNNLÍŒŒLÌÍÌLŒÌNMKNŒLŒŒËŒNMNMÍMÎŒLLLLLMLÌŒÌNKËŒLÌLLÌÌMÍÌNLNYKLM‚™]™[ÜY[KKKŒK˜[™ÛWÜ˜[š×ÛX]ÚYŒLŒKŒŒÍÌÍLŒLÍLËŒNÌÌNLMÌMKNÌÍŒNLŒÌÌŒMŒÎMMÎLLÌÍÎ‹ŒŒLÍÍNNŒÍŒË‹LMÌÍMÎMLÍ™KLM‚™]™[ÜY[KKKŒK˜]×Üİ™ŒLŒKŒMLÌLNMŒŒÌÍÍŒÍLÌÌLÍÍLÌŒNNMLNÌMŒMLÎMMÌÎNMNÎLËŒÌNMŒNMMÌŒMÌKËÌÌÍLMKLM‚™]™[ÜY[KKKŒK[Üİ]WÛÜ˜XÛKŒLŒKŒŒKŒŒŒËŒÌÌLÌÎÍMM™KLM‚™]™[ÜY[KKKŒ‹ÛÜœ™[Û‹ŒLŒKŒÍMMLMÎLŒŒÍÌÌŒÍÎMÎMŒŒM‹NNLŒMŒMMLMÌKŒNMÎLLŒMŒÌLMMÍMËŒLÌŒÎLLMÌË‹NÍÌÍÎLKLM‚™]™[ÜY[KKKŒ‹ØØWÙ\]Z]˜[[ŒLŒKŒÍMMLMÎLŒŒÍÌÌŒÍÎMÎMŒŒM‹NNLŒMŒMMLMÌKŒNMÎLLŒMŒÌLMMÍMËŒLÌŒÎLLMÌË‹NÍÌÍÎLKLM‚™]™[ÜY[KKKŒ‹›ØÚ×ÙXYÛÛ˜[ŒLŒKŒŒÌLMŒLÌÌËŒLÍMÌÎLMŒÍKNMNNLÎ‹ŒLMŒNLÌÌËŒLÍMŒMÌKŒLLŒŒÌŒLMMYKLM‚™]™[ÜY[KKKŒ‹ØWÜ˜[š×ÛX]ÚYŒLŒKŒMLÌŒÌÌÌŒÌÍŒŒÌÌMLMÌÍÎMKMÍÌŒÎMÎMÍL‹ŒLLÎMÍNÎM‹ŒMLŒÌÍML‹KLÌÍLÍLÍÍÌÍKLM‚™]™[ÜY[KKKŒ‹˜[™ÛWÜ˜[š×ÛX]ÚYŒLŒKŒÌÍÍÎLMÌÍ‹ŒMÌÍNÌÎŒÍËNLŒÎMLŒÍÎLL‹ŒŒMNMLNÍŒNLÍMNL‹‹ÍÍMMMÍMŒMMŒLMKLM‚™]™[ÜY[KKKŒ‹˜]×Üİ™ŒLŒKŒÍLMLÌÍMNNŒMÍÍÍÎLMÎ‹NNLMÍMNLŒÌMMËŒŒÌLŒŒŒËŒŒLŒÎMÍMLŒËKMLLÌMKLM‚™]™[ÜY[KKKŒ‹[Üİ]WÛÜ˜XÛKŒLŒKŒŒKŒŒŒËŒÌÌLÌÎÍMM™KLM‚™]™[ÜY[KKKŒÛÜœ™[Û‹ŒLŒKŒÎLŒÌÍÌMÌ‹ŒŒŒMNÎMÌNNLNLÍÌLÍŒŒLŒŒMNMÍÍÍÍL‹ŒNMÍÍÎÎLËŒŒÌÌMÍNYKLM‚™]™[ÜY[KKKŒØØWÙ\]Z]˜[[ŒLŒKŒÎLŒÌÍÌMÌ‹ŒŒŒMNÎMÌNNLNLÍÌLÍŒŒLŒŒMNMÍÍÍÍL‹ŒNMÍÍÎÎLËŒŒÌÌMÍNYKLM‚™]™[ÜY[KKKŒ›ØÚ×ÙXYÛÛ˜[ŒLŒKŒŒÌLMŒLÌÌËŒLÍMÌÎLMŒÍKNMNNLÎ‹ŒLMŒNLÌÌËŒLÍMŒMÌKŒLLŒŒÌŒLMMYKLM‚™]™[ÜY[KKKŒØWÜ˜[š×ÛX]ÚYŒLŒKŒÎLŒLÎŒËŒŒŒMNÍÎÍMMÍMËNNLNLÍMŒŒLŒŒMNŒMÍŒNMÍÍN‹NNMŒ™KLM‚™]™[ÜY[KKKŒ˜[™ÛWÜ˜[š×ÛX]ÚYŒLŒKŒÌLÍÎMMMŒŒËŒMŒŒŒŒÍÌŒMÌŒËNLÌMNÍMÍÍËŒÍMÌMNLLKŒÌLÌÎLŒÌÌLŒËKMLLÌMKLM‚™]™[ÜY[KKKŒ˜]×Üİ™ŒLŒKŒÎLŒÌÍÌMŒËŒŒŒMNÎMMËNNLNLÍÌLÍŒŒLŒŒMNMÍÍÍÍLMËŒNMÍÍÎMLŒNLŒ™KLM‚™]™[ÜY[KKKŒ[Üİ]WÛÜ˜XÛKŒLŒKŒŒKŒŒŒËŒÌÌLÌÎÍMM™KLM‚™]™[ÜY[K‹ŒKKÛÜœ™[Û‹ŒLŒKŒÍNLŒÎMÌNŒMŒLMÎMMÍMÌÌËNNÎŒŒÍLŒÍŒMNLMLLNMÍLÌËŒLLÍÌÌÌŒMŒML‹‹ŒŒŒŒLLÌLÙKLM‚™]™[ÜY[K‹ŒKKØØWÙ\]Z]˜[[ŒLŒKŒÍNLŒÎMÌNŒMŒLMÎMMÍMÌÌËNNÎŒŒÍLŒÍŒMNLMLLNMÍLÌËŒLLÍÌÌÌŒMŒML‹‹ŒŒŒŒLLÌLÙKLM‚™]™[ÜY[K‹ŒKK›ØÚ×ÙXYÛÛ˜[ŒLŒKŒÌŒÍŒNLÍÍËŒLÌMÌÎMÍLLŒNNLNLÌŒMMNM‹ŒŒNMÌÍMÍÎM‹ŒLÍNLÌÎLNMMÍŒKKŒŒNNÍL™KLM‚™]™[ÜY[K‹ŒKKØWÜ˜[š×ÛX]ÚYŒLŒKŒLÌMMMÍÌŒMËŒŒÎMMÎMÎMÌÌMŒŒMÍNŒLŒÎÍLMÌKŒLMNLŒMÌŒN‹‹ŒŒŒŒLLÌLÙKLM‚™]™[ÜY[K‹ŒKK˜[™ÛWÜ˜[š×ÛX]ÚYŒLŒKŒMÍMÌNÌÍŒŒŒLÌŒŒKNNLMMÍMÎLËŒÌLŒŒMMÍŒ‹ŒLÌMÌÎMÌŒÌLLMKKŒMÎMŒLNMŒÍŒKLM‚™]™[ÜY[K‹ŒKK˜]×Üİ™ŒLŒKŒÍÌNLÍLÌÌŒMŒŒLŒÌLÎKNNÍŒLÌÎÍŒŒMMŒÍLËŒLNLMŒNLMMMKKLÌÍLÍLÍÍÌÍKLM‚™]™[ÜY[K‹ŒKK[Üİ]WÛÜ˜XÛKŒLŒKŒŒKŒŒŒKŒÎÍÍÎÎÎMMÙKLM‚™]™[ÜY[K‹ŒK‹ÛÜœ™[Û‹ŒLŒKŒŒMŒLLÎNKŒŒLÍMNÌÍÍMËNNMŒMÍLŒÎÎÎÍÎLKŒLMLMÌMNMK‹NNMŒ™KLM‚™]™[ÜY[K‹ŒK‹ØØWÙ\]Z]˜[[ŒLŒKŒŒMŒLLÎNKŒŒLÍMNÌÍÍMËNNMŒMÍLŒÎÎÎÍÎLKŒLMLMÌMNMK‹NNMŒ™KLM‚™]™[ÜY[K‹ŒK‹›ØÚ×ÙXYÛÛ˜[ŒLŒKŒÌŒÍŒNLÍÍËŒLÌMÌÎMÍLLŒNNLNLÌŒMMNM‹ŒŒNMÌÍMÍÎM‹ŒLÍNLÌÎLNMMÍŒKKŒŒNNÍL™KLM‚™]™[ÜY[K‹ŒK‹ØWÜ˜[š×ÛX]ÚYŒLŒKŒMMŒÍŒŒMKŒŒŒÍÎNMÎÎMËMÌÍÌÍLÍŒŒŒ‹ŒLMLLÍŒÌÍÍLMÎKŒMLLÌLMÍLËKLÌÍLÍLÍÍÌÍKLM‚™]™[ÜY[K‹ŒK‹˜[™ÛWÜ˜[š×ÛX]ÚYŒLŒKŒLLNLNŒÌÍÌÌMŒMŒÌKNNŒMMMÍËŒÌLLÎÍLÍÌÍÍËŒLNLŒÌLLŒÍ‹ËŒMNMÍŒÍMNLÌÍYKLM‚™]™[ÜY[K‹ŒK‹˜]×Üİ™ŒLŒKŒŒŒMÎLÌŒËŒŒLMÎMÌÌMŒËNNMÎNMÎNNKŒÍÍÌÎLŒMMÎLËŒLÍÌLÌNL‹ËŒÌÌLÌÎÍMM™KLM‚™]™[ÜY[K‹ŒK‹[Üİ]WÛÜ˜XÛKŒLŒKŒŒKŒŒŒKŒÎÍÍÎÎÎMMÙKLM‚™]™[ÜY[K‹ŒKÛÜœ™[Û‹ŒLŒKŒMÎÎLMMÍÍLËŒŒNLÎMMŒŒMMNKNNÌNNLÌMMKŒLÌÍLÍLMÎŒLÎLÌŒMMMÌÎLŒË‹ŒŒŒŒLLÌLÙKLM‚™]™[ÜY[K‹ŒKØØWÙ\]Z]˜[[ŒLŒKŒMÎÎLMMÍÍLËŒŒNLÎMMŒŒMMNKNNÌNNLÌMMKŒLÌÍLÍLMÎŒLÎLÌŒMMMÌÎLŒË‹ŒŒŒŒLLÌLÙKLM‚™]™[ÜY[K‹ŒK›ØÚ×ÙXYÛÛ˜[ŒLŒKŒÌŒÍŒNLÍÍËŒLÌMÌÎMÍLLŒNNLNLÌŒMMNM‹ŒŒNMÌÍMÍÎM‹ŒLÍNLÌÎLNMMÍŒKKŒŒNNÍL™KLM‚™]™[ÜY[K‹ŒKØWÜ˜[š×ÛX]ÚYŒLŒKŒMÎÎÌMNLËŒŒNLÎMMLÌÍKNNÌNNLÍMŒ‹ŒLÌÍŒMNŒŒËŒLÎLÌŒMMÎ‹KŒLLŒŒÌŒLMMYKLM‚™]™[ÜY[K‹ŒK˜[™ÛWÜ˜[š×ÛX]ÚYŒLŒKŒMLLMÌÎLMŒÌŒÎLMKNNMNNLL‹ŒÌLNLMMÎLLMMKŒLÍÌNMÍK‹ŒÍÍÎMÍÍÙKLM‚™]™[ÜY[K‹ŒK˜]×Üİ™ŒLŒKŒMÎÎLMMÍÍŒ‹ŒŒNLÎMMŒŒMMNKNNÌNNLÌMMŒLÌÍLÍLMŒLÎLÌŒMMMÌÎMNKKLÌÍLÍLÍÍÌÍKLM‚™]™[ÜY[K‹ŒK[Üİ]WÛÜ˜XÛKŒLŒKŒŒKŒŒŒKŒÎÍÍÎÎÎMMÙKLM‚™]™[ÜY[K‹ŒKKÛÜœ™[Û‹ŒLŒKŒMŒÌÍMÎNŒŒÍŒÍÍMNNÌMLŒÍNMKŒLÎNŒÌMMÌŒŒÍ‹ŒMÌŒLÎMŒÍMÍÌK‹ŒŒŒŒLLÌLÙKLM‚™]™[ÜY[K‹ŒKKØØWÙ\]Z]˜[[ŒLŒKŒMŒÌÍMÎNŒŒÍŒÍÍMNNÌMLŒÍNMKŒLÎNŒÌMMÌŒŒÍ‹ŒMÌŒLÎMŒÍMÍÌK‹ŒŒŒŒLLÌLÙKLM‚™]™[ÜY[K‹ŒKK›ØÚ×ÙXYÛÛ˜[ŒLŒKŒNMŒLÌMMÍ‹ŒMLNÍÎŒNNLÍ‹NNÌÍŒÍLMMM‹ŒMÍLÎMÌMMMŒLLËŒLMÌŒMÌŒLÍË‹ŒŒŒŒLLÌLÙKLM‚™]™[ÜY[K‹ŒKKØWÜ˜[š×ÛX]ÚYŒLŒKŒÎNÎÎMÍKŒNLÍMŒLÍÍËNMÌÍLLLÌMKŒNMMMŒMMKŒLMŒNMŒMNNL‹KLÌÍLÍLÍÍÌÍKLM‚™]™[ÜY[K‹ŒKK˜[™ÛWÜ˜[š×ÛX]ÚYŒLŒKŒLLÍLLÍÌLËŒLÌÌÎŒŒNMÌLÌLŒKŒÎÍÎLLÌMNŒŒŒÌÌŒŒŒÎÌ‹‹ŒŒŒŒLLÌLÙKLM‚™]™[ÜY[K‹ŒKK˜]×Üİ™ŒLŒKŒMŒÌLŒMÍNNMŒËŒŒÍÎNÍÎLËNNNMMNKŒÌLMÌŒÌËŒNMMMŒÎLÌÍÍLËËMÎNŒNKLM‚™]™[ÜY[K‹ŒKK[Üİ]WÛÜ˜XÛKŒLŒKŒŒKŒŒŒLŒNLŒ™KLM‚™]™[ÜY[K‹ŒK‹ÛÜœ™[Û‹ŒLŒKŒMLŒŒÌŒÍLÍÌÎŒŒMÍÍŒÍÍNNÎÍÌLÍÍNLMÎŒÎLNMŒÎNKŒMNMÎÌMÎLÍÍKKŒÍLÌÌLLŒNLMYKLM‚™]™[ÜY[K‹ŒK‹ØØWÙ\]Z]˜[[ŒLŒKŒMLŒŒÌŒÍLÍÌÎŒŒMÍÍŒÍÍNNÎÍÌLÍÍNLMÎŒÎLNMŒÎNKŒMNMÎÌMÎLÍÍKKŒÍLÌÌLLŒNLMYKLM‚™]™[ÜY[K‹ŒK‹›ØÚ×ÙXYÛÛ˜[ŒLŒKŒNMŒLÌMMÍ‹ŒMLNÍÎŒNNLÍ‹NNÌÍŒÍLMMM‹ŒMÍLÎMÌMMMŒLLËŒLMÌŒMÌŒLÍË‹ŒŒŒŒLLÌLÙKLM‚™]™[ÜY[K‹ŒK‹ØWÜ˜[š×ÛX]ÚYŒLŒKŒLNÍŒÌMLŒÌÍŒŒŒMÍÎÌL‹MÍLMŒLMMMŒLLNNMÌLMLËŒNNMŒŒÍÌËKLÌÍLÍLÍÍÌÍKLM‚™]™[ÜY[K‹ŒK‹˜[™ÛWÜ˜[š×ÛX]ÚYŒLŒKŒMMŒŒŒŒLMËŒÌNÍMLLNÍNKNMÌÍÍLLÌNKŒÍLLÌMÌÌMNMMŒMMLÌNMÍŒMNMLŒ‹‹ŒŒŒŒLLÌLÙKLM‚™]™[ÜY[K‹ŒK‹˜]×Üİ™ŒLŒKŒMÎLMNŒŒŒËŒŒMÎMÎMŒÌÎKNNÍMLLÍNLÍËŒMLŒÍNNŒÎMKŒMÌÍMÍÎNÌKKMLLLMLLŒÌLMÎÙKLM‚™]™[ÜY[K‹ŒK‹[Üİ]WÛÜ˜XÛKŒLŒKŒŒKŒŒŒLŒNLŒ™KLM‚™]™[ÜY[K‹ŒKÛÜœ™[Û‹ŒLŒKŒMLLLÎLŒËŒŒÌÍLÍÎŒÍÌLKNNÍÍÎNNLÍKŒÍÎMÎMÍÌÌÍM‹ŒMMÎLÎMLÌNÎMMLMYKLM‚™]™[ÜY[K‹ŒKØØWÙ\]Z]˜[[ŒLŒKŒMLLLÎLŒËŒŒÌÍLÍÎŒÍÌLKNNÍÍÎNNLÍKŒÍÎMÎMÍÌÌÍM‹ŒMMÎLÎMLÌNÎMMLMYKLM‚™]™[ÜY[K‹ŒK›ØÚ×ÙXYÛÛ˜[ŒLŒKŒNMŒLÌMMÍ‹ŒMLNÍÎŒNNLÍ‹NNÌÍŒÍLMMM‹ŒMÍLÎMÌMMMŒLLËŒLMÌŒMÌŒLÍË‹ŒŒŒŒLLÌLÙKLM‚™]™[ÜY[K‹ŒKØWÜ˜[š×ÛX]ÚYŒLŒKŒMLLÍLLLMKŒŒÌÍLÍMŒŒÎÎNNÍÍMÎ‹ŒÍÎMÎNŒÌÌÍŒMMÎMÎÌÍMÌ‹KÌMLMMÌL™KLMÂ™]™[ÜY[K‹ŒK˜[™ÛWÜ˜[š×ÛX]ÚYŒLŒKŒLŒMŒÍŒMNLNMÌMÎMÌKNMLLLLLÌŒÌLËŒMMNLŒŒÌLÍ‹ŒLMŒÍÌÌŒŒKKLÌÍLÍLÍÍÌÍKLM‚™]™[ÜY[K‹ŒK˜]×Üİ™ŒLŒKŒMLLLÎLŒŒÌÍLÍÎŒÍMÎNNÍÍÎNNLÍKŒÍÎMÎMÍÌÌÌÎL‹ŒMMÎLÎMLMKMLLÌMKLM‚™]™[ÜY[K‹ŒK[Üİ]WÛÜ˜XÛKŒLŒKŒŒKŒŒŒLŒNLŒ™KLM‚™]™[ÜY[K‹KKÛÜœ™[Û‹ŒLŒKŒLLLNÌËŒÍLNNNLLMLÎLNMÌÌÍMŒLŒËŒÍLLŒKŒŒLLLÎŒËŒÌÌLÌÎÍMM™KLM‚™]™[ÜY[K‹KKØØWÙ\]Z]˜[[ŒLŒKŒLLLNÌËŒÍLNNNLLMLÎLNMÌÌÍMŒLŒËŒÍLLŒKŒŒLLLÎŒËŒÌÌLÌÎÍMM™KLM‚™]™[ÜY[K‹KK›ØÚ×ÙXYÛÛ˜[ŒLŒKŒLÍÍLMŒNŒKŒŒÍÌLŒÌŒŒÍËNMŒÌŒÎMLÎŒÍNËŒÌŒNLMMMŒÌÎM‹ŒNÌÍÍÌMÌÌNËMŒÌÍLÎNLKLMÂ™]™[ÜY[K‹KKØWÜ˜[š×ÛX]ÚYŒLŒKŒÌŒMŒÍÎŒŒMÌMÎMLÌŒÍ‹MÎNMŒŒÍÎKŒLMLŒÍÍMŒ‹ŒLŒŒLŒMŒÍÌ‹‹ŒŒŒŒLLÌLÙKLM‚™]™[ÜY[K‹KK˜[™ÛWÜ˜[š×ÛX]ÚYŒLŒKŒÎMÍÌÌNLKŒŒNÌLŒMÍÍËNMŒMMLŒŒNLLLŒÎMÌŒNMÌNÌÍÎNMK‹ŒŒŒŒLLÌLÙKLM‚™]™[ÜY[K‹KK˜]×Üİ™ŒLŒKŒMÍŒLLÌŒÌKŒÍMMLLÍÌMMËNMÌÎÎMÍNMMNMKŒÍNLÌMŒŒÍM‹ŒŒLLÍÌNÌKËŒŒMMŒŒÍLNKLM‚™]™[ÜY[K‹KK[Üİ]WÛÜ˜XÛKŒLŒKŒŒKŒŒŒËŒÌÌLÌÎÍMM™KLM‚™]™[ÜY[K‹K‹ÛÜœ™[Û‹ŒLŒKŒMÍÍÌÌ‹ŒMÎLLÍNŒÍLŒËNNÌŒLMŒÍLÎMKŒLNÎLNNLLNËŒNŒMNLNMLMLMËKMLLLMLLŒÌLMÎÙKLM‚™]™[ÜY[K‹K‹ØØWÙ\]Z]˜[[ŒLŒKŒMÍÍÌÌ‹ŒMÎLLÍNŒÍLŒËNNÌŒLMŒÍLÎMKŒLNÎLNNLLNËŒNŒMNLNMLMLMËKMLLLMLLŒÌLMÎÙKLM‚™]™[ÜY[K‹K‹›ØÚ×ÙXYÛÛ˜[ŒLŒKŒLÍÍLMŒNŒKŒŒÍÌLŒÌŒŒÍËNMŒÌŒÎMLÎŒÍNËŒÌŒNLMMMŒÌÎM‹ŒNÌÍÍÌMÌÌNËMŒÌÍLÎNLKLMÂ™]™[ÜY[K‹K‹ØWÜ˜[š×ÛX]ÚYŒLŒKŒMÍŒNLŒMNÎKŒŒŒLÌMMÍŒÍMÎLŒÌKŒLMLÌÍŒÍNMÌÍLËŒMLŒÍNŒNLKKŒLLŒŒÌŒLMMYKLM‚™]™[ÜY[K‹K‹˜[™ÛWÜ˜[š×ÛX]ÚYŒLŒNMLŒÎÍNN‹ŒLÌNNLŒMÍÎÍNLŒÍÌNMLNKŒŒMÍÍLMŒLMÍŒMÎMÌ‹KLÌÍLÍLÍÍÌÍKLM‚™]™[ÜY[K‹K‹˜]×Üİ™ŒLŒKŒLÍNLŒŒMÌLLŒKŒMÌÌNLŒMLM‹NNÌMÍMŒLŒLÌKŒLÌŒNÌÌM‹ŒMÎLŒMMMŒMÎM‹KMLLLMLLŒÌLMÎÙKLM‚™]™[ÜY[K‹K‹[Üİ]WÛÜ˜XÛKŒLŒKŒŒKŒŒŒËŒÌÌLÌÎÍMM™KLM‚™]™[ÜY[K‹KÛÜœ™[Û‹ŒLŒKŒMMŒÍŒMLL‹ŒNŒŒÎLNLÌNNŒÍNNMÎNML‹ŒNLMMNNMÎMKŒMÎMMLŒLLŒMŒKKLÌÍLÍLÍÍÌÍKLM‚™]™[ÜY[K‹KØØWÙ\]Z]˜[[ŒLŒKŒMMŒÍŒMLL‹ŒNŒŒÎLNLÌNNŒÍNNMÎNML‹ŒNLMMNNMÎMKŒMÎMMLŒLLŒMŒKKLÌÍLÍLÍÍÌÍKLM‚™]™[ÜY[K‹K›ØÚ×ÙXYÛÛ˜[ŒLŒKŒLÍÍLMŒNŒKŒŒÍÌLŒÌŒŒÍËNMŒÌŒÎMLÎŒÍNËŒÌŒNLMMMŒÌÎM‹ŒNÌÍÍÌMÌÌNËMŒÌÍLÎNLKLMÂ™]™[ÜY[K‹KØWÜ˜[š×ÛX]ÚYŒLŒKŒMNN‹ŒNŒŒÍÎLMÍÌŒNMNNŒÍNLLÍÍ‹ŒNLMLŒÍLÍÍ‹ŒMÎMMLLLÌÎŒK‹ŒŒŒŒLLÌLÙKLM‚™]™[ÜY[K‹K˜[™ÛWÜ˜[š×ÛX]ÚYŒLŒNNMÍÌKŒLLÍLMŒMNMÌKNMMÍMLNÌLMÌËŒLLŒLŒLÌMLŒŒÍÎMÎÍMÍŒ‹‹ŒŒŒŒLLÌLÙKLM‚™]™[ÜY[K‹K˜]×Üİ™ŒLŒKŒMMŒÍŒMLËŒNŒŒÎLNMNNŒÍNNMÎNML‹ŒNLMMNNMÎLÎLËŒMÎMMLŒLLŒË‹ŒŒŒŒLLÌLÙKLM‚™]™[ÜY[K‹K[Üİ]WÛÜ˜XÛKŒLŒKŒŒKŒŒŒËŒÌÌLÌÎÍMM™KLM‚™]™[ÜY[K‹KŒKÛÜœ™[Û‹ŒLŒNLMNŒMËŒLŒMNLÍÍ‹NMÍNÍMŒLÎ‹ŒLLŒÍLÍŒMÍKŒMŒÎLNNKLÌÍLÍLÍÍÌÍKLM‚™]™[ÜY[K‹KŒKØØWÙ\]Z]˜[[ŒLŒNLMNŒMËŒLŒMNLÍÍ‹NMÍNÍMŒLÎ‹ŒLLŒÍLÍŒMÍKŒMŒÎLNNKLÌÍLÍLÍÍÌÍKLM‚™]™[ÜY[K‹KŒK›ØÚ×ÙXYÛÛ˜[ŒLŒKŒNŒLŒLÌMNŒMLNLÌÌMŒŒNLKNMÍÍÍLLÍÌMŒÌMLMÌÎÍLŒŒLÍLNMÍLÎMKLLÍMÌÎLMÍ™KLM‚™]™[ÜY[K‹KŒKØWÜ˜[š×ÛX]ÚYŒLŒKŒÎMŒNLŒŒÍML‹ŒŒLMÌMÌÎÎMÌŒÍ‹MÍLÍNMŒÌLMÌM‹ŒLLNMŒÌÍLNLM‹ŒLÍÍÎŒÍLMŒMÍKMLLLMLLŒÌLMÎÙKLMÂ™]™[ÜY[K‹KŒK˜[™ÛWÜ˜[š×ÛX]ÚYŒLŒMMÎLLMLLLKŒNNMŒŒÎLLM‹MÌÍŒÎÍNLŒKŒLMŒMMLŒ‹ŒÌÎMLLLM‹NMŒÍŒLLÌŒKLM‚™]™[ÜY[K‹KŒK˜]×Üİ™ŒLŒNMÎMLMÍÎMËŒLÌMLLMMNLÌÍMMMMŒÍŒÎŒMÍMÎÌŒMNLÍŒNÍMÌÎŒNLŒÎ‹ŒLŒŒŒÍMÎÍŒYKLM‚™]™[ÜY[K‹KŒK[Üİ]WÛÜ˜XÛKŒLŒKŒŒKŒŒŒ‹ŒŒŒŒLLÌLÙKLM‚™]™[ÜY[K‹KŒ‹ÛÜœ™[Û‹ŒLŒMÍMNLÎMMMNMÍKŒLÍÌMÍMNNLMMNÎLNLKŒÌÌÍÍNÎMLNMÌL‹ŒLŒLŒKNMŒÍŒLLÌŒKLM‚™]™[ÜY[K‹KŒ‹ØØWÙ\]Z]˜[[ŒLŒMÍMNLÎMMMNMÍKŒLÍÌMÍMNNLMMNÎLNLKŒÌÌÍÍNÎMLNMÌL‹ŒLŒLŒKNMŒÍŒLLÌŒKLM‚™]™[ÜY[K‹KŒ‹›ØÚ×ÙXYÛÛ˜[ŒLŒKŒNŒLŒLÌMNŒMLNLÌÌMŒŒNLKNMÍÍÍLLÍÌMŒÌMLMÌÎÍLŒŒLÍLNMÍLÎMKLLÍMÌÎLMÍ™KLM‚™]™[ÜY[K‹KŒ‹ØWÜ˜[š×ÛX]ÚYŒLŒKŒMŒMNNNL‹ŒŒÌÍÍÍÌMŒŒMÌMNŒMMLŒËŒLNLÍÍÌLŒMNMMKŒLÎLŒŒŒŒNŒÌÌÍKLMÂ™]™[ÜY[K‹KŒ‹˜[™ÛWÜ˜[š×ÛX]ÚYŒLŒMŒMLMLNMŒÎNŒNLLÌLLÍŒ‹NLMLLÌÌŒMÍÍÌÍNMNNŒLŒÍNŒLÍMLL‹LŒNLŒ™KLM‚™]™[ÜY[K‹KŒ‹˜]×Üİ™ŒLŒMÍMÍÌŒMÍÎŒLMŒÌMŒÎMNMËNNLÌLMLÍKŒÌNLMNLMKŒLNLÎÌÎMÍLË‹ÍÍMMMÍMŒMMŒLMKLM‚™]™[ÜY[K‹KŒ‹[Üİ]WÛÜ˜XÛKŒLŒKŒŒKŒŒŒ‹ŒŒŒŒLLÌLÙKLM‚™]™[ÜY[K‹KŒÛÜœ™[Û‹ŒLŒMÍÎÌÌNNNŒÎŒMMLŒÌMLÌËNMÎLMŒNMKŒÌŒÍŒÍMMÌÍM‹ŒLÌÌÍÍNNML‹‹ŒŒŒŒLLÌLÙKLM‚™]™[ÜY[K‹KŒØØWÙ\]Z]˜[[ŒLŒMÍÎÌÌNNNŒÎŒMMLŒÌMLÌËNMÎLMŒNMKŒÌŒÍŒÍMMÌÍM‹ŒLÌÌÍÍNNML‹‹ŒŒŒŒLLÌLÙKLM‚™]™[ÜY[K‹KŒ›ØÚ×ÙXYÛÛ˜[ŒLŒKŒNŒLŒLÌMNŒMLNLÌÌMŒŒNLKNMÍÍÍLLÍÌMŒÌMLMÌÎÍLŒŒLÍLNMÍLÎMKLLÍMÌÎLMÍ™KLM‚™]™[ÜY[K‹KŒØWÜ˜[š×ÛX]ÚYŒLŒMÍÎÌÌÌŒËŒMMÌÌŒÍLKNMÎLMŒLÍLÍÌ‹ŒÌŒÍŒÍÍMNËŒLÌÌÍMÌŒÍÌÎNMŒÍŒLLÌŒKLM‚™]™[ÜY[K‹KŒ˜[™ÛWÜ˜[š×ÛX]ÚYŒLŒMÌÌÍŒMMÍÎÌKŒÍÍŒMŒLMMLLLŒMMLMÌKŒLMMMÍLM‹ŒÍNMÍÍÍËKMLLLMLLŒÌLMÎÙKLM‚™]™[ÜY[K‹KŒ˜]×Üİ™ŒLŒMÍÎÌÌNNNLKŒMMLŒÌMKNMÎLMŒNMKŒÌŒÍŒÍMMÌÌÍMKŒLÌÌÍÍNLLÍ‹‹ŒŒŒŒLLÌLÙKLM‚™]™[ÜY[K‹KŒ[Üİ]WÛÜ˜XÛKŒLŒKŒŒKŒŒŒ‹ŒŒŒŒLLÌLÙKLM‚™]™[ÜY[KŒKKÛÜœ™[Û‹ŒLŒKŒLŒŒMÌŒŒLÍËŒMMLNMÌŒMKNNMLLLMŒŒŒÌÍÍLMŒÎMÌŒLŒLÌL‹ËŒÌÌLÌÎÍMM™KLM‚™]™[ÜY[KŒKKØØWÙ\]Z]˜[[ŒLŒKŒLŒŒMÌŒŒLÍËŒMMLNMÌŒMKNNMLLLMŒŒŒÌÍÍLMŒÎMÌŒLŒLÌL‹ËŒÌÌLÌÎÍMM™KLM‚™]™[ÜY[KŒKK›ØÚ×ÙXYÛÛ˜[ŒLŒKŒÌLÎŒÍÍKŒŒLÎÌŒÌÍÌ‹NNLÌÍŒÍÍL‹ŒŒMLŒMŒMLLŒLMÍÍÌËÎMÍŒLLMKLM‚™]™[ÜY[KŒKKØWÜ˜[š×ÛX]ÚYŒLŒKŒNMŒÎLŒÍÌÍËŒNMÌŒLLNLMÍMÎMÎNÌLLÎKŒLLLŒLÌÌLŒÌKŒLÌLNLÌÍÌÌÎË‹ŒŒŒŒLLÌLÙKLM‚™]™[ÜY[KŒKK˜[™ÛWÜ˜[š×ÛX]ÚYŒLŒKŒNÎLKŒMÎMMMÌÌNNÌÌNMMMMŒÌ‹ŒMÍMŒÎLÌÌMŒËŒÍÌLÌNMÍÍ‹ŒMNŒNLYKLM‚™]™[ÜY[KŒKK˜]×Üİ™ŒLŒKŒLÍMÌNŒŒKŒMMMMNÎKNNLMÍŒÌLÍŒML‹ŒNMŒÍÎMLÎLLLÌËŒÎLLŒŒNLMÌÌÌMKLŒÌÍÌLÍŒÎKLM‚™]™[ÜY[KŒKK[Üİ]WÛÜ˜XÛKŒLŒKŒŒKŒŒŒËŒÌÌLÌÎÍMM™KLM‚™]™[ÜY[KŒK‹ÛÜœ™[Û‹ŒLŒNNNÌÌËŒMÍÍÍMŒLNNLÌÌLŒLLÍKŒÌMŒÍMLLÍM‹ŒŒLŒMŒÍLÍKËŒÌÌLÌÎÍMM™KLM‚™]™[ÜY[KŒK‹ØØWÙ\]Z]˜[[ŒLŒNNNÌÌËŒMÍÍÍMŒLNNLÌÌLŒLLÍKŒÌMŒÍMLLÍM‹ŒŒLŒMŒÍLÍKËŒÌÌLÌÎÍMM™KLM‚™]™[ÜY[KŒK‹›ØÚ×ÙXYÛÛ˜[ŒLŒKŒÌLÎŒÍÍKŒŒLÎÌŒÌÍÌ‹NNLÌÍŒÍÍL‹ŒŒMLŒMŒMLLŒLMÍÍÌËÎMÍŒLLMKLM‚™]™[ÜY[KŒK‹ØWÜ˜[š×ÛX]ÚYŒLŒKŒLMŒLŒNMMÌŒNŒŒMÎMÎLMMMÍËMÌÌLLNÎÌËŒLMÍÎMMÎMLLËŒMÌMÎNML‹KŒLLŒŒÌŒLMMYKLM‚™]™[ÜY[KŒK‹˜[™ÛWÜ˜[š×ÛX]ÚYŒLŒNNNMLMMM‹ŒMÍŒŒMLŒÍNNÌMÎLÍÌLŒÍËŒMÍÍLÍMLMÌMLMËŒÌŒŒŒÌNLÍKLŒNLŒ™KLM‚™]™[ÜY[KŒK‹˜]×Üİ™ŒLŒNNNLŒŒÌMNLMÌŒËŒMŒÍÌŒÍÍÎMKNNMŒÎLMNŒMMÌNÌÌMKŒLLŒÍÍLLÍMLËMÎNŒNKLM‚™]™[ÜY[KŒK‹[Üİ]WÛÜ˜XÛKŒLŒKŒŒKŒŒŒËŒÌÌLÌÎÍMM™KLM‚™]™[ÜY[KŒKÛÜœ™[Û‹ŒLŒNNMLMNŒLMLÍMÌËŒMLŒÌLMÍËNNLŒÎLNÍŒ‹ŒÌMÌÌÎMMNÌKŒŒLMLMÍŒŒL‹‹ŒLÌÎMÍÍLLÎYKLM‚™]™[ÜY[KŒKØØWÙ\]Z]˜[[ŒLŒNNMLMNŒLMLÍMÌËŒMLŒÌLMÍËNNLŒÎLNÍŒ‹ŒÌMÌÌÎMMNÌKŒŒLMLMÍŒŒL‹‹ŒLÌÎMÍÍLLÎYKLM‚™]™[ÜY[KŒK›ØÚ×ÙXYÛÛ˜[ŒLŒKŒÌLÎŒÍÍKŒŒLÎÌŒÌÍÌ‹NNLÌÍŒÍÍL‹ŒŒMLŒMŒMLLŒLMÍÍÌËÎMÍŒLLMKLM‚™]™[ÜY[KŒKØWÜ˜[š×ÛX]ÚYŒLŒNNMLMÌNŒMLŒÌŒÎÌŒ‹NNLŒÎLMLŒLKŒÌMÌÌÎMMLŒMÌÌËŒŒLMLÌÍÍLÍLKKMLLÌMKLM‚™]™[ÜY[KŒK˜[™ÛWÜ˜[š×ÛX]ÚYŒLŒNNLÍÍŒLÎŒ‹ŒŒLMNÍMLÍNNÌŒÍM‹ŒLÌÌÎMËŒÍÌNÎMÌKKNLÌLŒÎLÙKLM‚™]™[ÜY[KŒK˜]×Üİ™ŒLŒNNMLMNŒLMLÍM‹ŒMLŒÌLLNNLŒÎLNÍŒ‹ŒÌMÌÌÎMMNÌLŒŒLMLMÍŒK‹ŒŒŒŒLLÌLÙKLM‚™]™[ÜY[KŒK[Üİ]WÛÜ˜XÛKŒLŒKŒŒKŒŒŒËŒÌÌLÌÎÍMM™KLM‚™]™[ÜY[KŒKKÛÜœ™[Û‹ŒLŒNLMÍLÌÌÌÍLŒ‹ŒÌLLŒÌŒLÍNMÍÎNNNLLÌÍÍÌÎŒÌÌMÌÌMÌMLËŒLÍÎLÌM‹ÍÍMMMÍMŒMMŒLMKLM‚™]™[ÜY[KŒKKØØWÙ\]Z]˜[[ŒLŒNLMÍLÌÌÌÍLŒ‹ŒÌLLŒÌŒLÍNMÍÎNNNLLÌÍÍÌÎŒÌÌMÌÌMÌMLËŒLÍÎLÌM‹ÍÍMMMÍMŒMMŒLMKLM‚™]™[ÜY[KŒKK›ØÚ×ÙXYÛÛ˜[ŒLŒNMÍŒMÌÍLÌŒÌŒLMÍMÍÍÍMNKNMÍŒŒÌMNMMÌÌKŒÍLMÎMNMKŒNÎÌÍŒMÌLLMË‹ŒŒŒŒLLÌLÙKLM‚™]™[ÜY[KŒKKØWÜ˜[š×ÛX]ÚYŒLŒKŒÍŒÍMÍÌÍÍNL‹ŒŒŒMLÍMŒËMÎNNLÎLÌŒÍŒLLNŒ‹ŒLŒÍÎMMLK‹ŒŒŒŒLLÌLÙKLM‚™]™[ÜY[KŒKK˜[™ÛWÜ˜[š×ÛX]ÚYŒLŒNNLÌŒMLLŒLÍŒÍÍÍÍKNMÌÌÌMŒŒLŒÎLMÌËŒÍLMMÍÍÌMÎMŒLÍMÍÎMÌÍÍÌÌMÎLËËŒÌÌLÌÎÍMM™KLM‚™]™[ÜY[KŒKK˜]×Üİ™ŒLŒNLNÌÌÌÎÍÍÌÌŒNŒÌLÎNMÍNNMNMÎNMÎŒŒŒÎNŒÌÌMÎLŒKŒÌLÌÍŒMŒL‹ËŒŒÌÌMÍNYKLM‚™]™[ÜY[KŒKK[Üİ]WÛÜ˜XÛKŒLŒKŒŒKŒŒŒ‹ŒŒŒŒLLÌLÙKLM‚™]™[ÜY[KŒK‹ÛÜœ™[Û‹ŒLŒNMLMÌNNMŒKŒÌMÍNNMÎKNNŒLNNËŒÌMMNLÌŒNMÍMKŒMLLŒŒLLŒM‹ŒŒŒŒLLÌLÙKLM‚™]™[ÜY[KŒK‹ØØWÙ\]Z]˜[[ŒLŒNMLMÌNNMŒKŒÌMÍNNMÎKNNŒLNNËŒÌMMNLÌŒNMÍMKŒMLLŒŒLLŒM‹ŒŒŒŒLLÌLÙKLM‚™]™[ÜY[KŒK‹›ØÚ×ÙXYÛÛ˜[ŒLŒNMÍŒMÌÍLÌŒÌŒLMÍMÍÍÍMNKNMÍŒŒÌMNMMÌÌKŒÍLMÎMNMKŒNÎÌÍŒMÌLLMË‹ŒŒŒŒLLÌLÙKLM‚™]™[ÜY[KŒK‹ØWÜ˜[š×ÛX]ÚYŒLŒKŒNLLŒÌŒÍM‹ŒŒŒÍMŒLLNNNLNMÌÍÌÍÍMËŒLMLLÍÍMNÌËŒMÌLŒÎNLMÎKŒLLŒŒÌŒLMMYKLM‚™]™[ÜY[KŒK‹˜[™ÛWÜ˜[š×ÛX]ÚYŒLŒNÎMÍMŒLLMËŒLÌLÎLMÌKNMÍÍÌMMËŒŒŒÎÎMÍÍN‹ŒŒŒŒMMŒMÎ‹ŒLŒŒŒÍMÎÍŒYKLM‚™]™[ÜY[KŒK‹˜]×Üİ™ŒLŒNNMMŒÍÌÎLKŒMÌÌÌMÌMŒËNNMÌÌÍMLŒËŒÌMNLŒÌMNKŒMÌÍÌLLŒÍ‹ÍÍMMMÍMŒMMŒLMKLM‚™]™[ÜY[KŒK‹[Üİ]WÛÜ˜XÛKŒLŒKŒŒKŒŒŒ‹ŒŒŒŒLLÌLÙKLM‚™]™[ÜY[KŒKÛÜœ™[Û‹ŒLŒNÍŒÍÍÍÌÍÌLNKŒŒÎNLŒMÌMKNNLÌLÍLLÌL‹ŒÌMMLÍLÍÌLÍŒÌMMÍÍLLÎMËKÌMLMMÌL™KLMÂ™]™[ÜY[KŒKØØWÙ\]Z]˜[[ŒLŒNÍŒÍÍÍÌÍÌLNKŒŒÎNLŒMÌMKNNLÌLÍLLÌL‹ŒÌMMLÍLÍÌLÍŒÌMMÍÍLLÎMËKÌMLMMÌL™KLMÂ™]™[ÜY[KŒK›ØÚ×ÙXYÛÛ˜[ŒLŒNMÍŒMÌÍLÌŒÌŒLMÍMÍÍÍMNKNMÍŒŒÌMNMMÌÌKŒÍLMÎMNMKŒNÎÌÍŒMÌLLMË‹ŒŒŒŒLLÌLÙKLM‚™]™[ÜY[KŒKØWÜ˜[š×ÛX]ÚYŒLŒNÍŒÍÍÎMNŒŒÎNLNMŒMLÍMLËNNLÌLÍMŒÍKŒÌMMLÌMMÎLÍ‹ŒÌMMMMMÌ‹‹ŒÍNLŒŒÎLÌÌMÍ™KLM‚™]™[ÜY[KŒK˜[™ÛWÜ˜[š×ÛX]ÚYŒLŒNLMNLÎMÌ‹ŒLÍMLÎM‹NMŒLÍÍNŒNMËŒNŒŒŒŒNÍŒ‹ŒMŒMÍLÎLKËMÎNŒNKLM‚™]™[ÜY[KŒK˜]×Üİ™ŒLŒNÍŒÍÍÍÌÍÌLMËŒŒÎNLŒMÌMLKNNLÌLÍLLÌL‹ŒÌMMLÍLÍÌÍ‹ŒÌMMÍÍLŒNKLÌÍLÍLÍÍÌÍKLM‚™]™[ÜY[KŒK[Üİ]WÛÜ˜XÛKŒLŒKŒŒKŒŒŒ‹ŒŒŒŒLLÌLÙKLM‚™]™[ÜY[KKKÛÜœ™[Û‹ŒLŒNLÌLÎLLÍMMŒLNNLLMŒÌËNMLLÎÌMNNNKŒLŒÍÌNMÎMÍŒÍLLÍÎLÌMKLŒNLŒ™KLM‚™]™[ÜY[KKKØØWÙ\]Z]˜[[ŒLŒNLÌLÎLLÍMMŒLNNLLMŒÌËNMLLÎÌMNNNKŒLŒÍÌNMÎMÍŒÍLLÍÎLÌMKLŒNLŒ™KLM‚™]™[ÜY[KKK›ØÚ×ÙXYÛÛ˜[ŒLŒNLNNLŒŒLLËŒLMMMÌŒŒÌÍÌŒNMÌÍËNLÎNNMÍMMLŒŒKŒMMNÎMÌÌLNMKŒLMÎMŒMLÍÎÎÌ‹LŒNLŒ™KLM‚™]™[ÜY[KKKØWÜ˜[š×ÛX]ÚYŒLŒKŒLÎLÌN‹ŒŒÌMLŒÌÍMÍÌŒMÍÍŒ‹ŒLNŒÌLMÍLÌŒLÌLÌŒNMÌÍMË‹ÍÍMMMÍMŒMMŒLMKLM‚™]™[ÜY[KKK˜[™ÛWÜ˜[š×ÛX]ÚYŒLŒNMMÌÍLMŒLÎMËŒMLÌNMŒŒNLËNMŒMMMÍKŒÍMÎŒŒŒÍMML‹ŒÌŒŒLNMÍÍË‹ÍÍMMMÍMŒMMŒLMKLM‚™]™[ÜY[KKK˜]×Üİ™ŒLŒNŒLÍÎŒLNMLLÎMŒM‹NMLÎMMÌÌŒÍMKŒÎNMMÌLÌNLÎËŒÍLÎNŒNLËKLÌÍLÍLÍÍÌÍKLM‚™]™[ÜY[KKK[Üİ]WÛÜ˜XÛKŒLŒKŒŒKŒŒŒ‹ŒŒŒŒLLÌLÙKLM‚™]™[ÜY[KK‹ÛÜœ™[Û‹ŒLŒNÌNLMÍKŒLÎMLNMNMÌÌMËNMŒMÌÌLMÌŒÌKŒÍÍMMMŒÌŒLNŒMNMLLLNÍKKŒLLŒŒÌŒLMMYKLM‚™]™[ÜY[KK‹ØØWÙ\]Z]˜[[ŒLŒNÌNLMÍKŒLÎMLNMNMÌÌMËNMŒMÌÌLMÌŒÌKŒÍÍMMMŒÌŒLNŒMNMLLLNÍKKŒLLŒŒÌŒLMMYKLM‚™]™[ÜY[KK‹›ØÚ×ÙXYÛÛ˜[ŒLŒNLNNLŒŒLLËŒLMMMÌŒŒÌÍÌŒNMÌÍËNLÎNNMÍMMLŒŒKŒMMNÎMÌÌLNMKŒLMÎMŒMLÍÎÎÌ‹LŒNLŒ™KLM‚™]™[ÜY[KK‹ØWÜ˜[š×ÛX]ÚYŒLŒKŒMŒNŒMNLLŒŒLLÌLMLMÌÎLÎMLÍŒMŒ‹ŒLMMLMLÌŒMLËŒMÍMLŒÍLÍËKMLLÌMKLM‚™]™[ÜY[KK‹˜[™ÛWÜ˜[š×ÛX]ÚYŒLŒMÍÌLŒLLLÌMNKŒLŒMŒLÎL‹NLÍŒÍŒŒÍÎMÍLL‹ŒMŒMLÌŒMŒMKŒMÌÎLÍÌMKŒMŒÌÌÍŒÍŒÍÌÍÙKLM‚™]™[ÜY[KK‹˜]×Üİ™ŒLŒNÌNM‹ŒMLLŒÍÍNNMÎKNMŒNMÌMLÍNKŒÍŒÍLÌÍMKŒLÍLÌLMË‹ÍÍMMMÍMŒMMŒLMKLM‚™]™[ÜY[KK‹[Üİ]WÛÜ˜XÛKŒLŒKŒŒKŒŒŒ‹ŒŒŒŒLLÌLÙKLM‚™]™[ÜY[KKÛÜœ™[Û‹ŒLŒNÎLLÍŒM‹ŒÍLNNLN‹NMÎÍNLÍMLKŒÌLÍŒÎÌÎLŒLŒMÎMÍÎÌNMŒÎM‹ÍÍMMMÍMŒMMŒLMKLM‚™]™[ÜY[KKØØWÙ\]Z]˜[[ŒLŒNÎLLÍŒM‹ŒÍLNNLN‹NMÎÍNLÍMLKŒÌLÍŒÎÌÎLŒLŒMÎMÍÎÌNMŒÎM‹ÍÍMMMÍMŒMMŒLMKLM‚™]™[ÜY[KK›ØÚ×ÙXYÛÛ˜[ŒLŒNLNNLŒŒLLËŒLMMMÌŒŒÌÍÌŒNMÌÍËNLÎNNMÍMMLŒŒKŒMMNÎMÌÌLNMKŒLMÎMŒMLÍÎÎÌ‹LŒNLŒ™KLM‚™]™[ÜY[KKØWÜ˜[š×ÛX]ÚYŒLŒNÎLLÍÌLMŒÍLNLÌKNMÎÍNLÍÍÎLÍÌKŒÌLÍMÍÎNÍKŒLŒMÎMÍMÌNÎË‹ÍÍMMMÍMŒMMŒLMKLM‚™]™[ÜY[KK˜[™ÛWÜ˜[š×ÛX]ÚYŒLŒMÌMÍMMÍLÎÍNL‹ŒMÍÍÍLÍÎNLÌLLÍÎLLÍËŒMLÎLŒMËŒMÌMŒÌŒMŒÍ‹ËŒÌÌLÌÎÍMM™KLM‚™]™[ÜY[KK˜]×Üİ™ŒLŒNÎLLÍŒMKŒÍLNNLNKNMÎÍNLÍMLKŒÌLÍŒÎÌÎMŒLŒMÎMÍÎÌNMËŒÌÌLÌÎÍMM™KLM‚™]™[ÜY[KK[Üİ]WÛÜ˜XÛKŒLŒKŒŒKŒŒŒ‹ŒŒŒŒLLÌLÙKLM‚™]™[ÜY[KKŒKÛÜœ™[Û‹ŒLŒKŒÌMMÎLÌÌÎKŒNNŒŒLMÌŒNŒŒÎNLMLMN‹ŒÌLNNÎMLLKŒMNÌLNLNMŒKÌNÎMMLMYKLM‚™]™[ÜY[KKŒKØØWÙ\]Z]˜[[ŒLŒKŒÌMMÎLÌÌÎKŒNNŒŒLMÌŒNŒŒÎNLMLMN‹ŒÌLNNÎMLLKŒMNÌLNLNMŒKÌNÎMMLMYKLM‚™]™[ÜY[KKŒK›ØÚ×ÙXYÛÛ˜[ŒLŒKŒMÎLÎNKŒŒÍÎLÌÎMMÎMNÌÌMŒNNKŒLLMNMNNMŒŒÌÌ‹ŒNMNKŒLLŒŒÌŒLMMYKLM‚™]™[ÜY[KKŒKØWÜ˜[š×ÛX]ÚYŒLŒKŒŒLMLLÍ‹ŒŒŒÍMMŒŒÌÌÌÎMÎMŒLŒMŒËŒLMŒŒLÎMŒÌÌ‹ŒMŒÌNMŒË‹NNMŒ™KLM‚™]™[ÜY[KKŒK˜[™ÛWÜ˜[š×ÛX]ÚYŒLŒNÍLLLMÍŒÍLŒÎMNMMMNN‹MŒMÌÍÍÎMLÎ‹ŒLÎÌÎMŒLÎMÌËŒÍÍŒMÍLŒNMKMLLLMLLŒÌLMÎÙKLMÂ™]™[ÜY[KKŒK˜]×Üİ™ŒLŒKŒÌLÎŒŒLMŒÌNKŒNŒŒLLŒNNNMNŒNŒLLÍ‹ŒLÍLŒŒMŒKŒÌMÌLLÌÍMÎMÎËŒŒÌÌMÍNYKLM‚™]™[ÜY[KKŒK[Üİ]WÛÜ˜XÛKŒLŒKŒŒKŒŒŒ‹ŒLÌÎMÍÍLLÎYKLM‚™]™[ÜY[KKŒ‹ÛÜœ™[Û‹ŒLŒKŒMÌÍŒÎLNM‹ŒMLŒLLLMÌNËNLLŒÌÍŒÌÎKŒMMÍLŒŒÌLÍMLÍŒLŒŒËMÎNŒNKLM‚™]™[ÜY[KKŒ‹ØØWÙ\]Z]˜[[ŒLŒKŒMÌÍŒÎLNM‹ŒMLŒLLLMÌNËNLLŒÌÍŒÌÎKŒMMÍLŒŒÌLÍMLÍŒLŒŒËMÎNŒNKLM‚™]™[ÜY[KKŒ‹›ØÚ×ÙXYÛÛ˜[ŒLŒKŒMÎLÎNKŒŒÍÎLÌÎMMÎMNÌÌMŒNNKŒLLMNMNNMŒŒÌÌ‹ŒNMNKŒLLŒŒÌŒLMMYKLM‚™]™[ÜY[KKŒ‹ØWÜ˜[š×ÛX]ÚYŒLŒKŒLLLÌMNMKŒŒÌNMÍMÌNLÌLÌMÌÍNMÍŒLŒÍMŒKŒLMMÌMËŒLÌLMMLNLÌM‹ËŒNLNLLNMMÎMÌÌYKLM‚™]™[ÜY[KKŒ‹˜[™ÛWÜ˜[š×ÛX]ÚYŒLŒMLLÍMÌÍŒLNMLLŒM‹MMNMLNLÍŒLÍ‹ŒLÌÌMÍÎNÍLÎLÍŒMŒŒÍÍKLŒNLŒ™KLM‚™]™[ÜY[KKŒ‹˜]×Üİ™ŒLŒKŒNMÌÌMLÌÎMÍKŒMLLÌŒŒŒMŒÎMÍKNLÍÌLMÍŒÍLMLÍLMËŒLMÍŒMNÌÎ‹‹ŒLŒŒŒÍMÎÍŒYKLM‚™]™[ÜY[KKŒ‹[Üİ]WÛÜ˜XÛKŒLŒKŒŒKŒŒŒ‹ŒLÌÎMÍÍLLÎYKLM‚™]™[ÜY[KKŒÛÜœ™[Û‹ŒLŒNMLLŒÍÍŒŒÌÌMËŒÌLÌÍŒÎMKNNLÎMLŒÍŒÌNMNÍNMÌËŒLNLMNLŒNLŒ™KLM‚™]™[ÜY[KKŒØØWÙ\]Z]˜[[ŒLŒNMLLŒÍÍŒŒÌÌMËŒÌLÌÍŒÎMKNNLÎMLŒÍŒÌNMNÍNMÌËŒLNLMNLŒNLŒ™KLM‚™]™[ÜY[KKŒ›ØÚ×ÙXYÛÛ˜[ŒLŒKŒMÎLÎNKŒŒÍÎLÌÎMMÎMNÌÌMŒNNKŒLLMNMNNMŒŒÌÌ‹ŒNMNKŒLLŒŒÌŒLMMYKLM‚™]™[ÜY[KKŒØWÜ˜[š×ÛX]ÚYŒLŒNMLLŒÍNMMÌŒÌLÌÍL‹NNLÎMÍŒŒMNKŒÌMÎÌNNLÌŒ‹ŒLNLÌÍŒK‹ÌÌÌÌÎLL™KLM‚™]™[ÜY[KKŒ˜[™ÛWÜ˜[š×ÛX]ÚYŒLŒLLNNLÌÍMMNŒÍNLŒLMMMŒÍLMÌMÍÌLNMÌËŒMŒMNMÍŒÍÎNMNŒMÌÌÎËËMÎNŒNKLM‚™]™[ÜY[KKŒ˜]×Üİ™ŒLŒNMLLŒÍÍŒŒÌÌLKŒÌLÌÍŒÎMKNNLÎMLŒÍŒÌNMNÍNËŒLNLMÌŒ‹KLMŒLÍŒŒÙKLM‚™]™[ÜY[KKŒ[Üİ]WÛÜ˜XÛKŒLŒKŒŒKŒŒŒ‹ŒLÌÎMÍÍLLÎYKLM‚™]™[ÜY[KKŒKKÛÜœ™[Û‹ŒLŒNNMMŒLŒŒLŒÎKŒÎLMMLMÌŒÌÍËNMÌLMÎNLNMMÌ‹ŒÎMLMMÎNËŒMÍMŒŒLMMÌÌMMK‹ÍÍMMMÍMŒMMŒLMKLM‚™]™[ÜY[KKŒKKØØWÙ\]Z]˜[[ŒLŒNNMMŒLŒŒLŒÎKŒÎLMMLMÌŒÌÍËNMÌLMÎNLNMMÌ‹ŒÎMLMMÎNËŒMÍMŒŒLMMÌÌMMK‹ÍÍMMMÍMŒMMŒLMKLM‚™]™[ÜY[KKŒKK›ØÚ×ÙXYÛÛ˜[ŒLŒNLŒŒNMËŒMŒLNMÍŒNMNÍËNMÍÍÌŒMŒLNLKŒÌÌÍÍLÎLÌLŒLÌNËŒMÍLLMËŒÍNLLŒLÍÍÙKLM‚™]™[ÜY[KKŒKKØWÜ˜[š×ÛX]ÚYŒLŒKŒLÌÍLÌMMŒKŒŒŒÎLMLŒÍËMÍÌŒÌŒLÎNMÌ‹ŒLLŒMÍŒLÍMKŒLMÍMNNMLÍM‹ÍÍMMMÍMŒMMŒLMKLM‚™]™[ÜY[KKŒKK˜[™ÛWÜ˜[š×ÛX]ÚYŒLŒMÎMMÎNMNMÎLKŒLMŒNŒKNMÌŒMMŒÌŒKŒÍÌÌLÌLŒMÎÎM‹ŒMÍNMLŒÎLKLŒNLŒ™KLM‚™]™[ÜY[KKŒKK˜]×Üİ™ŒLŒNMMMÍLÌLËŒÍÎMMÍMÍLMKNMÌLLMMÎMÌŒŒÎMÍŒŒŒÌÎŒMÌÍMŒLMMNNMËLŒNLŒ™KLM‚™]™[ÜY[KKŒKK[Üİ]WÛÜ˜XÛKŒLŒKŒŒKŒŒŒ‹ÍÍMMMÍMŒMMŒLMKLM‚™]™[ÜY[KKŒK‹ÛÜœ™[Û‹ŒLŒMÍÎÌNLLMKŒMŒNLÍÎLÍLKNMŒÎNNNMÎËŒLLMLMÌNLMŒMÍÍÌMÍM‹ËŒÌÌLÌÎÍMM™KLM‚™]™[ÜY[KKŒK‹ØØWÙ\]Z]˜[[ŒLŒMÍÎÌNLLMKŒMŒNLÍÎLÍLKNMŒÎNNNMÎËŒLLMLMÌNLMŒMÍÍÌMÍM‹ËŒÌÌLÌÎÍMM™KLM‚™]™[ÜY[KKŒK‹›ØÚ×ÙXYÛÛ˜[ŒLŒNLŒŒNMËŒMŒLNMÍŒNMNÍËNMÍÍÌŒMŒLNLKŒÌÌÍÍLÎLÌLŒLÌNËŒMÍLLMËŒÍNLLŒLÍÍÙKLM‚™]™[ÜY[KKŒK‹ØWÜ˜[š×ÛX]ÚYŒLŒKŒÍÎLÌNMNKŒŒÌMLLÌÌLKMÌŒLLÌKŒLMÍLMMMLKŒLLÌÌLÌLLÍÌ‹ËŒŒMMŒŒÍLNKLM‚™]™[ÜY[KKŒK‹˜[™ÛWÜ˜[š×ÛX]ÚYŒLŒMÍÌLMÍÌŒŒÍŒLLMNNÎÎNMÎMMÌLÍNNMÌËŒŒNLÌMŒLMKŒNMMNMŒNLÌÌ‹ÍÍMMMÍMŒMMŒLMKLM‚™]™[ÜY[KKŒK‹˜]×Üİ™ŒLŒMÎÌÌÎLŒÍMKŒNLÌNLMÍÌÍŒËNMMŒŒLÌMLÍ‹ŒMŒNŒŒËŒNNMLMÍ‹ËŒLÌLLÌÌMÍÌNLNYKLM‚™]™[ÜY[KKŒK‹[Üİ]WÛÜ˜XÛKŒLŒKŒŒKŒŒŒ‹ÍÍMMMÍMŒMMŒLMKLM‚™]™[ÜY[KKŒKÛÜœ™[Û‹ŒLŒMÍMLLMÌÍLÍLKŒMMMÍÌŒMÌ‹NMMÎLÌMÍLMŒ‹ŒNŒMÌMÌŒKŒŒMÌÍÎMÍŒLMKËMÎNŒNKLM‚™]™[ÜY[KKŒKØØWÙ\]Z]˜[[ŒLŒMÍMLLMÌÍLÍLKŒMMMÍÌŒMÌ‹NMMÎLÌMÍLMŒ‹ŒNŒMÌMÌŒKŒŒMÌÍÎMÍŒLMKËMÎNŒNKLM‚™]™[ÜY[KKŒK›ØÚ×ÙXYÛÛ˜[ŒLŒNLŒŒNMËŒMŒLNMÍŒNMNÍËNMÍÍÌŒMŒLNLKŒÌÌÍÍLÎLÌLŒLÌNËŒMÍLLMËŒÍNLLŒLÍÍÙKLM‚™]™[ÜY[KKŒKØWÜ˜[š×ÛX]ÚYŒLŒKŒŒMÍMNMMKŒŒNLMLLÍŒMËMŒLLLŒŒLMËŒLÎLLLŒÍLÎLÌËŒMÎMMMLÎLL‹KŒLLŒŒÌŒLMMYKLM‚™]™[ÜY[KKŒK˜[™ÛWÜ˜[š×ÛX]ÚYŒLŒMÍLMÌËŒLÍMMŒÌŒÍÍÍÎKNMNLÌLKŒLÎMŒŒMÌÍKŒLLLMÌMÍLŒËËŒŒÌÌMÍNYKLM‚™]™[ÜY[KKŒK˜]×Üİ™ŒLŒMÍÍÍŒLŒLÌÌÌËŒMÎLMÍNN‹NMNMŒMKŒMNNŒLÍLMÌLKŒŒŒÌNMNNÎŒŒMLŒNLŒ™KLM‚™]™[ÜY[KKŒK[Üİ]WÛÜ˜XÛKŒLŒKŒŒKŒŒŒ‹ÍÍMMMÍMŒMMŒLMKLM‚™]™[ÜY[KKŒKKÛÜœ™[Û‹ŒLŒMÍÌÎÍLNËŒÍÌÍÌÌÍŒŒÍÌKNMÍÌÌNMNNMŒÍËŒÍNMMŒMM‹ŒNÌNLÍÌNLKËŒŒÌÌMÍNYKLM‚™]™[ÜY[KKŒKKØØWÙ\]Z]˜[[ŒLŒMÍÌÎÍLNËŒÍÌÍÌÌÍŒŒÍÌKNMÍÌÌNMNNMŒÍËŒÍNMMŒMM‹ŒNÌNLÍÌNLKËŒŒÌÌMÍNYKLM‚™]™[ÜY[KKŒKK›ØÚ×ÙXYÛÛ˜[ŒLŒMÍLLÌÎÍŒMÍLŒŒKNMÎŒÎMÍNŒËŒÌÌLŒLÍŒÍLÍŒŒLÌNLÌÍÌLÍÎË‹ŒŒŒŒLLÌLÙKLM‚™]™[ÜY[KKŒKKØWÜ˜[š×ÛX]ÚYŒLŒKŒÌŒNNLNLŒ‹ŒNNLŒMÌMLKMÍÌŒÎLÌÎNÌËŒLÎÎMÌMNLÌLKŒLMŒLNLMNÎLŒNLŒ™KLM‚™]™[ÜY[KKŒKK˜[™ÛWÜ˜[š×ÛX]ÚYŒLŒMÍLÌÍNLL‹ŒÍMÌMÎNNNMÌ‹NMÌLŒÍLÍÍKŒÍÎMŒMLMÍNMŒŒŒŒLNMNM‹ËŒÌÍLNMMLM™KLM‚™]™[ÜY[KKŒKK˜]×Üİ™ŒLŒMÍÍŒLMLMŒËŒÌŒLÍLMŒLKNMÍŒMÍÍNÌ‹ŒÍNNLÌŒŒLLŒKŒMÎÍMÍLLŒÎÌ‹ÍÍMMMÍMŒMMŒLMKLM‚™]™[ÜY[KKŒKK[Üİ]WÛÜ˜XÛKŒLŒKŒŒKŒŒŒLŒNLŒ™KLM‚™]™[ÜY[KKŒK‹ÛÜœ™[Û‹ŒLŒMÌŒLÌMŒKŒÍŒÎMLÎKNMÌLÍMNMMŒÎNKŒÎMÌMÌL‹ŒMÍŒMMÎMLÎMËNMŒÍŒLLÌŒKLM‚™]™[ÜY[KKŒK‹ØØWÙ\]Z]˜[[ŒLŒMÌŒLÌMŒKŒÍŒÎMLÎKNMÌLÍMNMMŒÎNKŒÎMÌMÌL‹ŒMÍŒMMÎMLÎMËNMŒÍŒLLÌŒKLM‚™]™[ÜY[KKŒK‹›ØÚ×ÙXYÛÛ˜[ŒLŒMÍLLÌÎÍŒMÍLŒŒKNMÎŒÎMÍNŒËŒÌÌLŒLÍŒÍLÍŒŒLÌNLÌÍÌLÍÎË‹ŒŒŒŒLLÌLÙKLM‚™]™[ÜY[KKŒK‹ØWÜ˜[š×ÛX]ÚYŒLŒKŒMÍNMMŒŒNLLÍMÍŒNÌÌ‹MÍÍŒÌNLMÌMŒNM‹ŒLLÌŒNÎMÌŒÍŒLÍŒNMNÎÌÍË‹ŒŒŒŒLLÌLÙKLM‚™]™[ÜY[KKŒK‹˜[™ÛWÜ˜[š×ÛX]ÚYŒLŒMÌŒMNMLMËŒLMLLŒMÌNMLNMÍLÍMÎŒÎLÍÌÎLÍLNKŒŒŒMLÎÌMÍKMLLLMLLŒÌLMÎÙKLM‚™]™[ÜY[KKŒK‹˜]×Üİ™ŒLŒMÌŒMM‹ŒÎLNNLNŒMËNMÌNMMÎLÌNŒÍÍLÌÍŒÍÎLLKŒMÍNLŒÍÎMM‹ËŒÌÌLÌÎÍMM™KLM‚™]™[ÜY[KKŒK‹[Üİ]WÛÜ˜XÛKŒLŒKŒŒKŒŒŒLŒNLŒ™KLM‚™]™[ÜY[KKŒKÛÜœ™[Û‹ŒLŒMÌÌNMÎLÎL‹ŒÍÍMÍÌLKNMMMÌÎMÍÌÌŒMŒMÍÌMNÌMMM‹ŒŒŒLNMNLK‹ŒLŒŒŒÍMÎÍŒYKLM‚™]™[ÜY[KKŒKØØWÙ\]Z]˜[[ŒLŒMÌÌNMÎLÎL‹ŒÍÍMÍÌLKNMMMÌÎMÍÌÌŒMŒMÍÌMNÌMMM‹ŒŒŒLNMNLK‹ŒLŒŒŒÍMÎÍŒYKLM‚™]™[ÜY[KKŒK›ØÚ×ÙXYÛÛ˜[ŒLŒMÍLLÌÎÍŒMÍLŒŒKNMÎŒÎMÍNŒËŒÌÌLŒLÍŒÍLÍŒŒLÌNLÌÍÌLÍÎË‹ŒŒŒŒLLÌLÙKLM‚™]™[ÜY[KKŒKØWÜ˜[š×ÛX]ÚYŒLŒKŒÍÌLÌMLLNŒMLMÌMÌNMÌ‹MŒÎLMLŒÍÎÍŒNKŒLMŒLÍÍŒMMNNMÍKËMÎNŒNKLM‚™]™[ÜY[KKŒK˜[™ÛWÜ˜[š×ÛX]ÚYŒLŒMÌÍÍŒÎMŒÍMÍÌNMMMKNMŒÎLNMMMÎLËŒÌLÌŒÍÎLÎNÌMŒÌMLMNLÎLLLË‹ŒŒŒŒLLÌLÙKLM‚™]™[ÜY[KKŒK˜]×Üİ™ŒLŒMÌMÌÍML‹ŒÌMÎLLŒLKNMŒÌLÎNLNŒLMÍÌMŒMMŒŒŒÌMŒNLNMÍÌL‹ŒŒŒŒLLÌLÙKLM‚™]™[ÜY[KKŒK[Üİ]WÛÜ˜XÛKŒLŒKŒŒKŒŒŒLŒNLŒ™KLM‚™]™[ÜY[KKKKÛÜœ™[Û‹ŒLŒNLÍÍLÎML‹ŒÍLŒMÌÎLŒÌÌKNMÌŒÍÎNÍMËŒÍÌÎLÌÌŒMMŒËŒŒNÍÍÎÎÌNËËŒŒLLÍÍŒÎMÌÙKLM‚™]™[ÜY[KKKKØØWÙ\]Z]˜[[ŒLŒNLÍÍLÎML‹ŒÍLŒMÌÎLŒÌÌKNMÌŒÍÎNÍMËŒÍÌÎLÌÌŒMMŒËŒŒNÍÍÎÎÌNËËŒŒLLÍÍŒÎMÌÙKLM‚™]™[ÜY[KKKK›ØÚ×ÙXYÛÛ˜[ŒLŒNLNNÎLÍÌ‹ŒLÌNMŒNLŒMMLKNMÍLLLŒÍŒKŒÌMŒLMLÍKŒŒÍŒNLÎNM‹ŒÌNŒŒMÌL™KLM‚™]™[ÜY[KKKKØWÜ˜[š×ÛX]ÚYŒLŒKŒŒMÎLLŒNNLÎNNLŒÌM‹MÎŒMËŒLŒÎŒÌMÎÌ‹ŒLÌÌÍMMÌÌËŒÌÌLÌÎÍMM™KLM‚™]™[ÜY[KKKK˜[™ÛWÜ˜[š×ÛX]ÚYŒLŒNŒÍÌMÌÍLÌŒKŒLÎLÎMÍNMŒÌËNMMMÍMËŒŒLÌÌMLÌ‹ŒŒŒLÍNMŒÎËŒÌÌLÌÎÍMM™KLM‚™]™[ÜY[KKKK˜]×Üİ™ŒLŒNŒÌŒÍÌŒMÍÎMLËŒÍÌŒÎÌŒÍNMLLNMÌMÎLËŒÍÍŒÎNLŒÌ‹ŒŒŒŒLÌMNLÍN‹‹ÍÍMMMÍMŒMMŒLMKLM‚™]™[ÜY[KKKK[Üİ]WÛÜ˜XÛKŒLŒKŒŒKŒŒŒÌŒŒNLLŒÍ™KLM‚™]™[ÜY[KKK‹ÛÜœ™[Û‹ŒLŒNÎLÍÎŒMNLLÍËŒÎMMÍLÍÌŒËNMLŒÌLLŒÍKŒMMLÍŒŒÍŒÍŒÌŒLLÍLM‹ËMÎNŒNKLM‚™]™[ÜY[KKK‹ØØWÙ\]Z]˜[[ŒLŒNÎLÍÎŒMNLLÍËŒÎMMÍLÍÌŒËNMLŒÌLLŒÍKŒMMLÍŒŒÍŒÍŒÌŒLLÍLM‹ËMÎNŒNKLM‚™]™[ÜY[KKK‹›ØÚ×ÙXYÛÛ˜[ŒLŒNLNNÎLÍÌ‹ŒLÌNMŒNLŒMMLKNMÍLLLŒÍŒKŒÌMŒLMLÍKŒŒÍŒNLÎNM‹ŒÌNŒŒMÌL™KLM‚™]™[ÜY[KKK‹ØWÜ˜[š×ÛX]ÚYŒLŒKŒMÎNŒLLKŒŒÌÍMÍMMÍLŒÌMÎŒMÍ‹ŒLÍŒÍMLŒMÌÌÍ‹ŒLÌNLÎMNMÎ‹ÍÍMMMÍMŒMMŒLMKLM‚™]™[ÜY[KKK‹˜[™ÛWÜ˜[š×ÛX]ÚYŒLŒNLMMÌÍÌÎMÎM‹ŒLÌNÌÎ‹NMLŒÌÎMÍÌMŒŒËŒNÍLLËŒLÍÌMÌÎLÍË‹ÍÍMMMÍMŒMMŒLMKLM‚™]™[ÜY[KKK‹˜]×Üİ™ŒLŒNÍÍÍŒÌÌÍÌM‹ŒLŒÌÌÍMMÌÍÎKNMLŒÍŒÌŒLÍKŒNMÌMNMM‹ŒLLLLLLMÌÌŒ‹‹NNMŒ™KLM‚™]™[ÜY[KKK‹[Üİ]WÛÜ˜XÛKŒLŒKŒŒKŒŒŒÌŒŒNLLŒÍ™KLM‚™]™[ÜY[KKKÛÜœ™[Û‹ŒLŒNNÍMŒÌËŒLLÍÍLMÌÎLÌËNMŒLNNÌÌL‹ŒMÍMÎÌÎKŒŒÍMÎLŒŒÌŒNMÌK‹ŒŒŒŒLLÌLÙKLM‚™]™[ÜY[KKKØØWÙ\]Z]˜[[ŒLŒNNÍMŒÌËŒLLÍÍLMÌÎLÌËNMŒLNNÌÌL‹ŒMÍMÎÌÎKŒŒÍMÎLŒŒÌŒNMÌK‹ŒŒŒŒLLÌLÙKLM‚™]™[ÜY[KKK›ØÚ×ÙXYÛÛ˜[ŒLŒNLNNÎLÍÌ‹ŒLÌNMŒNLŒMMLKNMÍLLLŒÍŒKŒÌMŒLMLÍKŒŒÍŒNLÎNM‹ŒÌNŒŒMÌL™KLM‚™]™[ÜY[KKKØWÜ˜[š×ÛX]ÚYŒLŒKŒÎMÍLLMŒÍ‹ŒŒLŒLÌLŒÍ‹MLLKŒLÌÌÌÎMM‹ŒNLMŒMÍÌÍLM‹‹ŒŒŒŒLLÌLÙKLM‚™]™[ÜY[KKK˜[™ÛWÜ˜[š×ÛX]ÚYŒLŒNLŒLMLKŒLÍNLLMLKNMMÎLÌËŒLLMMLMÍNŒKŒMÌMLNMÌMÎMKËŒÌÌLÌÎÍMM™KLM‚™]™[ÜY[KKK˜]×Üİ™ŒLŒNNÍNLLLMKŒLLÍÍMŒMNMŒLLŒMÎMÍ‹ŒLNŒŒMLŒŒÍŒLŒÍLNMŒKËŒÌÌLÌÎÍMM™KLM‚™]™[ÜY[KKK[Üİ]WÛÜ˜XÛKŒLŒKŒŒKŒŒŒÌŒŒNLLŒÍ™KLM‚™]™[ÜY[KKKŒKÛÜœ™[Û‹ŒLŒNNMLLMÍNLÌÍKŒLNMÌLÌÎMMLËNMMLÌMKŒÎMLÌMÎÌMŒKŒMLMMLÌÌŒMËMÎNŒNKLM‚™]™[ÜY[KKKŒKØØWÙ\]Z]˜[[ŒLŒNNMLLMÍNLÌÍKŒLNMÌLÌÎMMLËNMMLÌMKŒÎMLÌMÎÌMŒKŒMLMMLÌÌŒMËMÎNŒNKLM‚™]™[ÜY[KKKŒK›ØÚ×ÙXYÛÛ˜[ŒLŒKŒÌNNLLÌ‹ŒLLÌÌŒNMLLLÌÎNLÍÍMŒŒMËŒMÌLNMLMMÍNLL‹ŒÌÌÍMMMM‹KŒLLŒŒÌŒLMMYKLM‚™]™[ÜY[KKKŒKØWÜ˜[š×ÛX]ÚYŒLŒKŒLNMÎNMŒÎÍŒŒLMÎLLMŒÍÍMMMÍÌÌÌMMLMM‹ŒLLÌLLÎLÌÎŒLLMNLLLNLL‹KŒÌÍMNLÍMMMKLM‚™]™[ÜY[KKKŒK˜[™ÛWÜ˜[š×ÛX]ÚYŒLŒNŒÍMÌMÌMMÍÌMËŒMMŒÍÍÌÍÎLÍÍ‹NLÎLŒÍKŒÍÌMMÎMŒÌÍŒŒŒMÍÎLNÍKËMÎNŒNKLM‚™]™[ÜY[KKKŒK˜]×Üİ™ŒLŒKŒNÍMŒMÍ‹ŒÌLŒÍŒNÌNMLMÌŒÎMÌMÎNMÌKŒMÎLÎŒNNŒLÌLË‹ÍÍMMMÍMŒMMŒLMKLM‚™]™[ÜY[KKKŒK[Üİ]WÛÜ˜XÛKŒLŒKŒŒKŒŒŒLŒNLŒ™KLM‚™]™[ÜY[KKKŒ‹ÛÜœ™[Û‹ŒLŒNMLMÌMMÍŒLNLLÍÎŒLŒ‹NMŒLÍÍÌÌÍÌÍËŒÎMŒMÌÎMÍŒ‹ŒMŒÌLÌLNMËNMŒÍŒLLÌŒKLM‚™]™[ÜY[KKKŒ‹ØØWÙ\]Z]˜[[ŒLŒNMLMÌMMÍŒLNLLÍÎŒLŒ‹NMŒLÍÍÌÌÍÌÍËŒÎMŒMÌÎMÍŒ‹ŒMŒÌLÌLNMËNMŒÍŒLLÌŒKLM‚™]™[ÜY[KKKŒ‹›ØÚ×ÙXYÛÛ˜[ŒLŒKŒÌNNLLÌ‹ŒLLÌÌŒNMLLLÌÎNLÍÍMŒŒMËŒMÌLNMLMMÍNLL‹ŒÌÌÍMMMM‹KŒLLŒŒÌŒLMMYKLM‚™]™[ÜY[KKKŒ‹ØWÜ˜[š×ÛX]ÚYŒLŒKŒŒŒÎLLLKŒŒNLLLNMÌMLÌŒÎMMŒMÍKŒLNLÌMMŒÎMÍËŒLLŒÌMÍMŒMKËŒÌÌLÌÎÍMM™KLM‚™]™[ÜY[KKKŒ‹˜[™ÛWÜ˜[š×ÛX]ÚYŒLŒNLÌÍMÌÍNŒNŒMŒLÎLMLNLMNMKNÌLŒLÎMŒNLMKŒMLLÌÌLÌLËŒNMÌMŒÍMÍŒÌ‹ÍÍMMMÍMŒMMŒLMKLM‚™]™[ÜY[KKKŒ‹˜]×Üİ™ŒLŒNMÌNÍÍNMŒ‹ŒLŒŒÌLÌMÌKNMŒLŒMNLMŒMNLNM‹ŒMŒÎMMÍÍKËŒÌÌLÌÎÍMM™KLM‚™]™[ÜY[KKKŒ‹[Üİ]WÛÜ˜XÛKŒLŒKŒŒKŒŒŒLŒNLŒ™KLM‚™]™[ÜY[KKKŒÛÜœ™[Û‹ŒLŒNLÌÍŒŒÌMÌKŒNLÍNMLÍÌMKNMLNMŒŒÌŒMMMŒMNLÍMNKŒMLÍNNMÌLÍKKMLLLMLLŒÌLMÎÙKLM‚™]™[ÜY[KKKŒØØWÙ\]Z]˜[[ŒLŒNLÌÍŒŒÌMÌKŒNLÍNMLÍÌMKNMLNMŒŒÌŒMMMŒMNLÍMNKŒMLÍNNMÌLÍKKMLLLMLLŒÌLMÎÙKLM‚™]™[ÜY[KKKŒ›ØÚ×ÙXYÛÛ˜[ŒLŒKŒÌNNLLÌ‹ŒLLÌÌŒNMLLLÌÎNLÍÍMŒŒMËŒMÌLNMLMMÍNLL‹ŒÌÌÍMMMM‹KŒLLŒŒÌŒLMMYKLM‚™]™[ÜY[KKKŒØWÜ˜[š×ÛX]ÚYŒLŒKŒMÌÍÎMÍKŒNNMLÌLÎLÍKMŒÎLLNLÌÌÎŒLÍÌÍÌÎMMÍÌÎMŒÎL‹ŒMÎÌMMÌLMŒLŒŒÍÍË‹ÍÍMMMÍMŒMMŒLMKLM‚™]™[ÜY[KKKŒ˜[™ÛWÜ˜[š×ÛX]ÚYŒLŒNÍŒLŒLÌÎÍŒMŒMLÎÍMNMKNMÌMÍLLÌKŒÍNLÍMÎLMŒÌÍMMLMMÌÎLLK‹ŒLÌÎMÍÍLLÎYKLM‚™]™[ÜY[KKKŒ˜]×Üİ™ŒLŒNLÍLMLÍÍÎKŒNLŒNÌLÍNMNNMLNÌMŒLM‹ŒMMLMÌÍNLÌËŒMÍLNMÎÍMKNMŒÍŒLLÌŒKLM‚™]™[ÜY[KKKŒ[Üİ]WÛÜ˜XÛKŒLŒKŒŒKŒŒŒLŒNLŒ™KLM‚™]™[ÜY[K‹ŒKKÛÜœ™[Û‹ŒLŒNNLNLMÍËŒÌÍLNÍNNMŒŒNNMÍŒŒÎŒÍŒŒÍNMÌLÎŒÌKŒMÍÌMLŒÍMÍN‹ŒÎÍÎŒÎLMNMYKLM‚™]™[ÜY[K‹ŒKKØØWÙ\]Z]˜[[ŒLŒNNLNLMÍËŒÌÍLNÍNNMŒŒNNMÍŒŒÎŒÍŒŒÍNMÌLÎŒÌKŒMÍÌMLŒÍMÍN‹ŒÎÍÎŒÎLMNMYKLM‚™]™[ÜY[K‹ŒKK›ØÚ×ÙXYÛÛ˜[ŒLŒNÎMŒÍŒÍLÌÌLËŒÎLÎMŒLMNMÎÌMŒLŒMMLËŒÌŒŒMŒLŒLLŒÍËŒMŒLÍÎMLÌŒÎLÌMKŒLLŒŒÌŒLMMYKLM‚™]™[ÜY[K‹ŒKKØWÜ˜[š×ÛX]ÚYŒLŒKŒLÎLÎMMKŒŒNLÌŒŒÌLŒ‹MÍMÌLŒÎNŒLÎMNÍLMÌÌMÎMŒLLÍNMÍÎLLÎÍŒËNMŒÍŒLLÌŒKLM‚™]™[ÜY[K‹ŒKK˜[™ÛWÜ˜[š×ÛX]ÚYŒLŒNŒÌÌMLŒÍMŒLLMLÌÎL‹NMÍÌŒMNLÍL‹ŒÍNMŒLÌŒMÍÌNMMÍÌMLÍËKŒÎÍÍÎÎÎMMÙKLM‚™]™[ÜY[K‹ŒKK˜]×Üİ™ŒLŒNNMÎLÍÍNNKŒÌÍNMMNÎLÌ‹NMÍLMLÍLLÎL‹ŒÍŒNMÎNNLÍMÌŒMÎMLÍMMŒÎŒMKNMŒÍŒLLÌŒKLM‚™]™[ÜY[K‹ŒKK[Üİ]WÛÜ˜XÛKŒLŒKŒŒKŒŒŒËMŒÎLMÌMMÍM™KLM‚™]™[ÜY[K‹ŒK‹ÛÜœ™[Û‹ŒLŒNMLLÍLŒMÎKŒMLÍÎNMNNÍŒÌMKŒÎÌÎÎMÌMËŒNMLŒÌLÍŒLË‹ÍÍMMMÍMŒMMŒLMKLM‚™]™[ÜY[K‹ŒK‹ØØWÙ\]Z]˜[[ŒLŒNMLLÍLŒMÎKŒMLÍÎNMNNÍŒÌMKŒÎÌÎÎMÌMËŒNMLŒÌLÍŒLË‹ÍÍMMMÍMŒMMŒLMKLM‚™]™[ÜY[K‹ŒK‹›ØÚ×ÙXYÛÛ˜[ŒLŒNÎMŒÍŒÍLÌÌLËŒÎLÎMŒLMNMÎÌMŒLŒMMLËŒÌŒŒMŒLŒLLŒÍËŒMŒLÍÎMLÌŒÎLÌMKŒLLŒŒÌŒLMMYKLM‚™]™[ÜY[K‹ŒK‹ØWÜ˜[š×ÛX]ÚYŒLŒKŒŒŒLŒŒNŒŒLÎLÍÍMÍËMÌŒNÌŒLLMŒLNMÎMŒLÌMÍÌÎLÎLLMÍLËÍÌMMŒLMÌŒÍÍŒM™KLM‚™]™[ÜY[K‹ŒK‹˜[™ÛWÜ˜[š×ÛX]ÚYŒLŒNŒNMÎMÍŒNMÎMŒMÎËNMÍLLMÎÍKŒÍÌLÎLÍÎMŒL‹ŒŒŒŒŒÍLÌÌŒÍK‹ŒŒŒŒLLÌLÙKLM‚™]™[ÜY[K‹ŒK‹˜]×Üİ™ŒLŒNMÌLMMLŒŒ‹ŒÎMNMMŒÎMNMÌÌLLLLÍKŒÎLLŒŒŒÌŒMÌÍÍÍLÍKËMÎNŒNKLM‚™]™[ÜY[K‹ŒK‹[Üİ]WÛÜ˜XÛKŒLŒKŒŒKŒŒŒËMŒÎLMÌMMÍM™KLM‚™]™[ÜY[K‹ŒKÛÜœ™[Û‹ŒLŒNMÍŒÎMLMKŒMLŒLÍŒÍMÍM‹NMŒÌÍLNMKŒÌMLŒMŒŒMNM‹ŒŒÌLNNLMÍMÌMKNMŒÍŒLLÌŒKLM‚™]™[ÜY[K‹ŒKØØWÙ\]Z]˜[[ŒLŒNMÍŒÎMLMKŒMLŒLÍŒÍMÍM‹NMŒÌÍLNMKŒÌMLŒMŒŒMNM‹ŒŒÌLNNLMÍMÌMKNMŒÍŒLLÌŒKLM‚™]™[ÜY[K‹ŒK›ØÚ×ÙXYÛÛ˜[ŒLŒNÎMŒÍŒÍLÌÌLËŒÎLÎMŒLMNMÎÌMŒLŒMMLËŒÌŒŒMŒLŒLLŒÍËŒMŒLÍÎMLÌŒÎLÌMKŒLLŒŒÌŒLMMYKLM‚™]™[ÜY[K‹ŒKØWÜ˜[š×ÛX]ÚYŒLŒKŒÍÎLŒÍÌÌLÍNNŒLÎLÌŒNMMÍMLMÌNM‹ŒLÌLÎÌLMLLMŒNLÍÌMLMMÌŒKËŒÌÌLÌÎÍMM™KLM‚™]™[ÜY[K‹ŒK˜[™ÛWÜ˜[š×ÛX]ÚYŒLŒNŒÎLÌÌÌLLNŒÍÎŒMMÍÌMMKNMŒÍŒLMMÌ‹ŒŒŒLÍŒŒÌÎÌMŒŒŒÌMÍLÌNL‹KMLLLMLLŒÌLMÎÙKLM‚™]™[ÜY[K‹ŒK˜]×Üİ™ŒLŒNŒÌÌLMLMÍKŒMÍŒŒNLÌÌ‹NMŒÌÍÎLMNNKŒNMNÍMLM‹ŒŒŒŒMLÌÍMÌLKKMLLLMLLŒÌLMÎÙKLM‚™]™[ÜY[K‹ŒK[Üİ]WÛÜ˜XÛKŒLŒKŒŒKŒŒŒËMŒÎLMÌMMÍM™KLM‚™]™[ÜY[K‹ŒKKÛÜœ™[Û‹ŒLŒNNMÎŒÌŒLN‹ŒÌÌÍNLMÍLLÌÌMËNMÌMÌLNMÍLNKŒÍÌÍMÌMÎÌMÎMKŒMÍLŒÍNMLÌÍŒË‹ŒLŒŒŒÍMÎÍŒYKLM‚™]™[ÜY[K‹ŒKKØØWÙ\]Z]˜[[ŒLŒNNMÎŒÌŒLN‹ŒÌÌÍNLMÍLLÌÌMËNMÌMÌLNMÍLNKŒÍÌÍMÌMÎÌMÎMKŒMÍLŒÍNMLÌÍŒË‹ŒLŒŒŒÍMÎÍŒYKLM‚™]™[ÜY[K‹ŒKK›ØÚ×ÙXYÛÛ˜[ŒLŒKŒLMŒÍ‹ŒŒÎMÎNNLŒMÌËNNMLLÌÌLËŒÌLNLÍLÌMMMKŒŒŒŒMÌMMÌÎMKŒÌŒÌLŒMŒÍLÎÍYKLM‚™]™[ÜY[K‹ŒKKØWÜ˜[š×ÛX]ÚYŒLŒKŒLNMŒŒÍÍMËŒNMÌLMMÌŒÌÌNNÍŒÌLÌÍÌÌKŒNÍLLMÍÍŒÍNKŒLMŒÌŒMÌMLMÌLÎKKŒLLŒŒÌŒLMMYKLM‚™]™[ÜY[K‹ŒKK˜[™ÛWÜ˜[š×ÛX]ÚYŒLŒNNLLNNNLŒŒMËŒÎÎMÎMŒŒLŒÎM‹NMÌÌŒÍLÌLMËŒÍNLLÎLNLŒÌÎKŒNNLLÍÎÎNMLL‹‹ŒŒŒŒLLÌLÙKLM‚™]™[ÜY[K‹ŒKK˜]×Üİ™ŒLŒKŒÌNLMÍÌÌL‹ŒÌLÎMŒŒMNKNMÍLÎLŒNÌKŒÍLMMŒMNMMËŒMÍLMŒLMMŒÍKLŒNLŒ™KLM‚™]™[ÜY[K‹ŒKK[Üİ]WÛÜ˜XÛKŒLŒKŒŒKŒŒŒ‹ÍÍMMMÍMŒMMŒLMKLM‚™]™[ÜY[K‹ŒK‹ÛÜœ™[Û‹ŒLŒNMÌÍŒÎMLMÎÍ‹ŒLLÍNŒÍKNMÎÌNMÍMŒÌLNNÌNMËŒMNLŒŒMÌÍK‹ŒŒŒŒLLÌLÙKLM‚™]™[ÜY[K‹ŒK‹ØØWÙ\]Z]˜[[ŒLŒNMÌÍŒÎMLMÎÍ‹ŒLLÍNŒÍKNMÎÌNMÍMŒÌLNNÌNMËŒMNLŒŒMÌÍK‹ŒŒŒŒLLÌLÙKLM‚™]™[ÜY[K‹ŒK‹›ØÚ×ÙXYÛÛ˜[ŒLŒKŒLMŒÍ‹ŒŒÎMÎNNLŒMÌËNNMLLÌÌLËŒÌLNLÍLÌMMMKŒŒŒŒMÌMMÌÎMKŒÌŒÌLŒMŒÍLÎÍYKLM‚™]™[ÜY[K‹ŒK‹ØWÜ˜[š×ÛX]ÚYŒLŒKŒLÎMNMMÍÍÍŒŒLÌMÌÍÍŒŒËMÍLÍNÍŒLŒLÍÌÎŒLLÍÎMMÌ‹ŒLÌNMŒÌÎMMÍÌMŒÍKÌÍÌŒÍÍNMÍÙKLM‚™]™[ÜY[K‹ŒK‹˜[™ÛWÜ˜[š×ÛX]ÚYŒLŒNMŒÍÍNMÌMLMLËŒŒMMÎMËNMÌLMMÍMŒNNMÌÌNŒKŒŒŒÌNMŒMÎMNMŒÍŒLLÌŒKLM‚™]™[ÜY[K‹ŒK‹˜]×Üİ™ŒLŒNMÌÎLÍMÌÌNŒŒMLŒMNLÌÍÌKNMÌŒÌŒMNLKŒÎMMMŒLLÎÍÍŒ‹ŒMNLMMNLLÌMMLK‹ÍÍMMMÍMŒMMŒLMKLM‚™]™[ÜY[K‹ŒK‹[Üİ]WÛÜ˜XÛKŒLŒKŒŒKŒŒŒ‹ÍÍMMMÍMŒMMŒLMKLM‚™]™[ÜY[K‹ŒKÛÜœ™[Û‹ŒLŒNMMMLMÌÍKŒÎMÎŒŒLŒŒL‹NMŒLÍMŒÌ‹ŒÌNMMNMNLÌKŒMÍÍLMMÌŒŒË‹LMÌÍMÎMLÍ™KLM‚™]™[ÜY[K‹ŒKØØWÙ\]Z]˜[[ŒLŒNMMMLMÌÍKŒÎMÎŒŒLŒŒL‹NMŒLÍMŒÌ‹ŒÌNMMNMNLÌKŒMÍÍLMMÌŒŒË‹LMÌÍMÎMLÍ™KLM‚™]™[ÜY[K‹ŒK›ØÚ×ÙXYÛÛ˜[ŒLŒKŒLMŒÍ‹ŒŒÎMÎNNLŒMÌËNNMLLÌÌLËŒÌLNLÍLÌMMMKŒŒŒŒMÌMMÌÎMKŒÌŒÌLŒMŒÍLÎÍYKLM‚™]™[ÜY[K‹ŒKØWÜ˜[š×ÛX]ÚYŒLŒKŒMÍLMÍMMÌLÌKŒLMŒÍÌÎNLKMLÍÍNÍLLLKŒLÌMMÍLMËŒMÌÍNŒŒMÍËLŒNLŒ™KLM‚™]™[ÜY[K‹ŒK˜[™ÛWÜ˜[š×ÛX]ÚYŒLŒNMMÌLNNÌLM‹ŒLLLÌÍNLÍÍËNMNLNÎLÍMÎKŒLMÌMÍNÌMKŒMÎLÍMÍLŒMÎNNMKËŒÌÌLÌÎÍMM™KLM‚™]™[ÜY[K‹ŒK˜]×Üİ™ŒLŒNMLÍLŒÌMŒLKŒMŒLMÎLÌÍLÌÍNMŒÎÌÍÍËŒÌNMNMLŒMÎLMLLMÍÎMLÍÎKMLLLMLLŒÌLMÎÙKLM‚™]™[ÜY[K‹ŒK[Üİ]WÛÜ˜XÛKŒLŒKŒŒKŒŒŒ‹ÍÍMMMÍMŒMMŒLMKLM‚™]™[ÜY[K‹KKÛÜœ™[Û‹ŒLŒNÌNLÌŒLÌÍNÌËŒMLLŒMÍMMKNMÌÎKŒÎŒLÌNÌŒKŒNNÎŒNLŒË‹ŒŒŒŒLLÌLÙKLM‚™]™[ÜY[K‹KKØØWÙ\]Z]˜[[ŒLŒNÌNLÌŒLÌÍNÌËŒMLLŒMÍMMKNMÌÎKŒÎŒLÌNÌŒKŒNNÎŒNLŒË‹ŒŒŒŒLLÌLÙKLM‚™]™[ÜY[K‹KK›ØÚ×ÙXYÛÛ˜[ŒLŒNÌMMÍN‹ŒLNNÎNMLMNNNMLÍÍÍÍKŒÌLÌMÌ‹ŒMÍÍMÎNÌŒKŒLLŒŒÌŒLMMYKLM‚™]™[ÜY[K‹KKØWÜ˜[š×ÛX]ÚYŒLŒKŒÍÌÍŒNMNNŒÌÍKŒNNLLMÍÍNÌLNMÎKŒLŒLLMNNMÌM‹ŒLLMŒLÌNÎMÎMÍLKËŒÌÌLÌÎÍMM™KLM‚™]™[ÜY[K‹KK˜[™ÛWÜ˜[š×ÛX]ÚYŒLŒMÎLLMÍÎLÎNMËŒLÌŒŒMMMÍËNMÌNLŒŒËŒLNMÎŒŒL‹ŒŒMŒLMMÍÍÍK‹ŒŒŒŒLLÌLÙKLM‚™]™[ÜY[K‹KK˜]×Üİ™ŒLŒNÌMŒŒMNŒLŒÍÌMÍÌMKNMÌMMÍŒÎNMËŒÎÎLMÌÎLÌLÎ‹ŒNŒŒÍÌÍÍÌ‹ÍÍMMMÍMŒMMŒLMKLM‚™]™[ÜY[K‹KK[Üİ]WÛÜ˜XÛKŒLŒKŒŒKŒŒŒËŒÌÌLÌÎÍMM™KLM‚™]™[ÜY[K‹K‹ÛÜœ™[Û‹ŒLŒNLLÌLMLÌÍŒÍŒMNÌÌÍMÌËNMÌÌÍLÍÌŒËŒÍMÎMLLNÍÎKŒŒLÎMLLNÌÎÍË‹ŒLŒŒŒÍMÎÍŒYKLM‚™]™[ÜY[K‹K‹ØØWÙ\]Z]˜[[ŒLŒNLLÌLMLÌÍŒÍŒMNÌÌÍMÌËNMÌÌÍLÍÌŒËŒÍMÎMLLNÍÎKŒŒLÎMLLNÌÎÍË‹ŒLŒŒŒÍMÎÍŒYKLM‚™]™[ÜY[K‹K‹›ØÚ×ÙXYÛÛ˜[ŒLŒNÌMMÍN‹ŒLNNÎNMLMNNNMLÍÍÍÍKŒÌLÌMÌ‹ŒMÍÍMÎNÌŒKŒLLŒŒÌŒLMMYKLM‚™]™[ÜY[K‹K‹ØWÜ˜[š×ÛX]ÚYŒLŒKŒÎNŒÌÌLÍMLŒËŒŒÌŒÍŒÌMMNËMÍŒŒLNMÍÍÍ‹ŒLLNMÍMMŒKŒLLÍŒLLÎMŒÌMK‹ÍÍMMMÍMŒMMŒLMKLM‚™]™[ÜY[K‹K‹˜[™ÛWÜ˜[š×ÛX]ÚYŒLŒMÍŒÌMÍÌMÍKŒLÌÎÎŒLÌLKNMNMLÍNMŒLÌMŒLÌŒMLŒÍ‹ŒÍÍÍNNLŒMË‹LMÌÍMÎMLÍ™KLM‚™]™[ÜY[K‹K‹˜]×Üİ™ŒLŒNLŒLÎÌÌKŒÍŒŒÌNMMÍMLKNMÌÍMŒŒNÌ‹ŒÍŒÍMÍMŒŒMMNLŒNNNMŒÍŒLLÌŒKLM‚™]™[ÜY[K‹K‹[Üİ]WÛÜ˜XÛKŒLŒKŒŒKŒŒŒËŒÌÌLÌÎÍMM™KLM‚™]™[ÜY[K‹KÛÜœ™[Û‹ŒLŒMÎŒÍNMNÍÍŒMKŒNLLÍNMLLÍÌMLMKŒÎLÌLNMM‹ŒŒNNLLMÌŒÌL‹ËŒÌÌLÌÎÍMM™KLM‚™]™[ÜY[K‹KØØWÙ\]Z]˜[[ŒLŒMÎŒÍNMNÍÍŒMKŒNLLÍNMLLÍÌMLMKŒÎLÌLNMM‹ŒŒNNLLMÌŒÌL‹ËŒÌÌLÌÎÍMM™KLM‚™]™[ÜY[K‹K›ØÚ×ÙXYÛÛ˜[ŒLŒNÌMMÍN‹ŒLNNÎNMLMNNNMLÍÍÍÍKŒÌLÌMÌ‹ŒMÍÍMÎNÌŒKŒLLŒŒÌŒLMMYKLM‚™]™[ÜY[K‹KØWÜ˜[š×ÛX]ÚYŒLŒKŒÌÎMMLÌÌŒ‹ŒÍÌŒÌMÍL‹MMLŒÍÍMLÍÍËŒLÌÌMŒLÍMNŒËŒMÌÍÎMŒNNÍŒLMÍÍKKMLLÌMKLM‚™]™[ÜY[K‹K˜[™ÛWÜ˜[š×ÛX]ÚYŒLŒMÌMMLÌLÌÎMLNKŒLMLMLÍÍÍNLMŒÌNMŒMÍÍÍ‹ŒMMŒÌLÎMŒŒKŒNLÌÍÌÍMLMLÍÍËMMLNMLÍŒMKLM‚™]™[ÜY[K‹K˜]×Üİ™ŒLŒMÎŒÎÌÌÎËŒÍÍÎMŒÌŒNL‹NMMMMLMMNŒÎLÎNŒÍLLÎLMËŒŒNMLÍÌŒÌËËÍÌÌLNLÌÙKLM‚™]™[ÜY[K‹K[Üİ]WÛÜ˜XÛKŒLŒKŒŒKŒŒŒËŒÌÌLÌÎÍMM™KLM‚™]™[ÜY[K‹KŒKÛÜœ™[Û‹ŒLŒKŒŒMÎMŒŒMÌÌËŒMLNMNLNKNMMNLLÎMLÎNLŒMLMÎNNŒÍ‹ŒŒŒÍÍŒNMÍËŒNLNLLNMMÎMÌÌYKLM‚™]™[ÜY[K‹KŒKØØWÙ\]Z]˜[[ŒLŒKŒŒMÎMŒŒMÌÌËŒMLNMNLNKNMMNLLÎMLÎNLŒMLMÎNNŒÍ‹ŒŒŒÍÍŒNMÍËŒNLNLLNMMÎMÌÌYKLM‚™]™[ÜY[K‹KŒK›ØÚ×ÙXYÛÛ˜[ŒLŒKŒLÍLÍNMMMKŒLMÎMMNMKNLÎMMÎNLŒŒMŒLNŒLLËŒMNÌÍÍMÌNÎLÍÍ‹KŒLLŒŒÌŒLMMYKLM‚™]™[ÜY[K‹KŒKØWÜ˜[š×ÛX]ÚYŒLŒKŒNNNMLMÎÌËŒŒNÍŒLNMÍËMÍNLMMLLÍŒLNMÌÍÎLLŒŒŒLNLŒŒMKLÌÍLÍLÍÍÌÍKLM‚™]™[ÜY[K‹KŒK˜[™ÛWÜ˜[š×ÛX]ÚYŒLŒNLMMÎLLMLËŒMŒÌŒÍÌÍMLMÍŒKNÍLÌLLŒNŒÎLŒLNLMŒMŒŒÍÍÌÎMÍÍŒMŒÌÌÍŒÍŒÍÌÍÙKLM‚™]™[ÜY[K‹KŒK˜]×Üİ™ŒLŒKŒMÎLÌMÌKŒMŒŒŒÍMNÍMÎNMMÌÍLÎMMŒM‹ŒŒMÍLŒÎŒŒLNLMMLLM‹ŒMŒÌÌÍŒÍŒÍÌÍÙKLM‚™]™[ÜY[K‹KŒK[Üİ]WÛÜ˜XÛKŒLŒKŒŒKŒŒŒËŒÌÌLÌÎÍMM™KLM‚™]™[ÜY[K‹KŒ‹ÛÜœ™[Û‹ŒLŒNMÌLMÍŒKŒÍLÍÍNNMÌÌMLÍÍNNLËŒÍMŒNÍL‹ŒLÍLNNNLLMKKNMNMMNMÎNŒYKLM‚™]™[ÜY[K‹KŒ‹ØØWÙ\]Z]˜[[ŒLŒNMÌLMÍŒKŒÍLÍÍNNMÌÌMLÍÍNNLËŒÍMŒNÍL‹ŒLÍLNNNLLMKKNMNMMNMÎNŒYKLM‚™]™[ÜY[K‹KŒ‹›ØÚ×ÙXYÛÛ˜[ŒLŒKŒLÍLÍNMMMKŒLMÎMMNMKNLÎMMÎNLŒŒMŒLNŒLLËŒMNÌÍÍMÌNÎLÍÍ‹KŒLLŒŒÌŒLMMYKLM‚™]™[ÜY[K‹KŒ‹ØWÜ˜[š×ÛX]ÚYŒLŒKŒMNMŒÌÌNNKŒŒLÍMŒŒLŒMML‹MÌMÍÌMMMLŒËŒLMÌÍMÎNÍMÍÍËŒLÌLÌLÌÍNŒËËMMMŒŒNNÙKLM‚™]™[ÜY[K‹KŒ‹˜[™ÛWÜ˜[š×ÛX]ÚYŒLŒNLMMLŒLMMŒÎKŒMMÍŒÎLLMNÍ‹NNMMÎLÌMKŒÎÎMÍÎLMŒÍËŒÌŒÍMLLMLËLŒNLŒ™KLM‚™]™[ÜY[K‹KŒ‹˜]×Üİ™ŒLŒNMÌÌMÌLÌMŒÌ‹ŒÍÌÌÌMÍMLÌŒMËNMÌÌŒMLŒMLÌÌËŒÍNNMLMÍLLÌKŒMLLÍŒMMNM‹ËMÎNŒNKLM‚™]™[ÜY[K‹KŒ‹[Üİ]WÛÜ˜XÛKŒLŒKŒŒKŒŒŒËŒÌÌLÌÎÍMM™KLM‚™]™[ÜY[K‹KŒÛÜœ™[Û‹ŒLŒNMMMNMNN‹ŒÌMLÌNNÍÌËNMLÍÍÌÍNMÎLËŒLÎLLŒŒMŒÌ‹ŒÌLLLÌÎLMÍŒË‹ŒŒŒŒLLÌLÙKLM‚™]™[ÜY[K‹KŒØØWÙ\]Z]˜[[ŒLŒNMMMNMNN‹ŒÌMLÌNNÍÌËNMLÍÍÌÍNMÎLËŒLÎLLŒŒMŒÌ‹ŒÌLLLÌÎLMÍŒË‹ŒŒŒŒLLÌLÙKLM‚™]™[ÜY[K‹KŒ›ØÚ×ÙXYÛÛ˜[ŒLŒKŒLÍLÍNMMMKŒLMÎMMNMKNLÎMMÎNLŒŒMŒLNŒLLËŒMNÌÍÍMÌNÎLÍÍ‹KŒLLŒŒÌŒLMMYKLM‚™]™[ÜY[K‹KŒØWÜ˜[š×ÛX]ÚYŒLŒKŒMLŒLMÌÍÌLÎKŒNLMNÍMMŒÍ‹MÌMÍMŒŒNNÍŒËŒLLŒÌLŒÌÌLÌKŒMNNÌÍÌLÌM‹ËŒŒÌÌMÍNYKLM‚™]™[ÜY[K‹KŒ˜[™ÛWÜ˜[š×ÛX]ÚYŒLŒNÍMÎŒÍNKŒNMÎMLŒMÎNMKNÍLÌMÎÌÍËŒLLLLŒÍMLMËŒMÌMÎÍÌNK‹ŒLÌÎMÍÍLLÎYKLM‚™]™[ÜY[K‹KŒ˜]×Üİ™ŒLŒNMLÍÎMNMÍ‹ŒMMLÍÌÌMKNMLLŒÍMMŒÌÍŒNMMÍLÍLËŒÌLLÎLMMÎMLÍÌ‹LŒNLŒ™KLM‚™]™[ÜY[K‹KŒ[Üİ]WÛÜ˜XÛKŒLŒKŒŒKŒŒŒËŒÌÌLÌÎÍMM™KLM‚™]™[ÜY[KŒKKÛÜœ™[Û‹ŒLŒMÎMNMLÎŒÎÍÌÌÌÌÍËNMÌÌMLLÌÌÌM‹ŒÎMÌÎÍLŒ‹ŒÌÌÍLLMÌÌŒÌNKNMŒÍŒLLÌŒKLM‚™]™[ÜY[KŒKKØØWÙ\]Z]˜[[ŒLŒMÎMNMLÎŒÎÍÌÌÌÌÍËNMÌÌMLLÌÌÌM‹ŒÎMÌÎÍLŒ‹ŒÌÌÍLLMÌÌŒÌNKNMŒÍŒLLÌŒKLM‚™]™[ÜY[KŒKK›ØÚ×ÙXYÛÛ˜[ŒLŒNMMÍÌLKŒMÍŒŒŒMMÍ‹NMÍÌMLLÌNMMËŒÌÍÎNNMÍÎMMNNŒÍŒMMŒÎLË‹ŒŒŒŒLLÌLÙKLM‚™]™[ÜY[KŒKKØWÜ˜[š×ÛX]ÚYŒLŒKŒÌÌÎLÍLKŒŒLÎÍMMÌÌÍKMÍÌLNNŒMŒËŒLÌLMÌNŒMMLLKŒMÍÎNNÍÎÍÎL‹KNLÌLŒÎLÙKLM‚™]™[ÜY[KŒKK˜[™ÛWÜ˜[š×ÛX]ÚYŒLŒMÎMMMÌÍNL‹ŒÎNMLNLÎMÌŒÍÌÍLÌKNMMÌŒŒÎLÌKŒÎLŒŒMŒŒŒ‹ŒÌLLLNLÍLMŒÌËËMÎNŒNKLM‚™]™[ÜY[KŒKK˜]×Üİ™ŒLŒMÎLÎLÌŒMŒÍŒÍÎNLNLML‹NMÌŒÎMLÍÎMŒÍÌÍŒÎMMŒN‹ŒÌLLLNMMÍMLËLŒNLŒ™KLM‚™]™[ÜY[KŒKK[Üİ]WÛÜ˜XÛKŒLŒKŒŒKŒŒŒ‹ŒŒŒŒLLÌLÙKLM‚™]™[ÜY[KŒK‹ÛÜœ™[Û‹ŒLŒMÍÌLÍÍMLLKŒÌŒLLLŒLÎLMLÌËNMŒÌNŒŒLKŒLŒLÍLMLÍLMÎŒÌLMLLNNMLÍMNËŒLÎMÍÌÌLÙKLM‚™]™[ÜY[KŒK‹ØØWÙ\]Z]˜[[ŒLŒMÍÌLÍÍMLLKŒÌŒLLLŒLÎLMLÌËNMŒÌNŒŒLKŒLŒLÍLMLÍLMÎŒÌLMLLNNMLÍMNËŒLÎMÍÌÌLÙKLM‚™]™[ÜY[KŒK‹›ØÚ×ÙXYÛÛ˜[ŒLŒNMMÍÌLKŒMÍŒŒŒMMÍ‹NMÍÌMLLÌNMMËŒÌÍÎNNMÍÎMMNNŒÍŒMMŒÎLË‹ŒŒŒŒLLÌLÙKLM‚™]™[ÜY[KŒK‹ØWÜ˜[š×ÛX]ÚYŒLŒKŒÌŒŒNÍLKŒŒŒLMÍŒNMNMÌLMÌÍŒNM‹ŒLMNMŒÍÍLÍÎN‹ŒLMLMŒÍLÌMÌÍMÍË‹ÍÍMMMÍMŒMMŒLMKLM‚™]™[ÜY[KŒK‹˜[™ÛWÜ˜[š×ÛX]ÚYŒLŒMÎNNŒŒ‹ŒÎMŒŒÍÍÍÌLÌŒ‹NMŒÍMÍN‹ŒÎNNNMÎMLLÌKŒNMMMMLMÌÎNKËŒLÌLLÌÌMÍÌNLNYKLM‚™]™[ÜY[KŒK‹˜]×Üİ™ŒLŒMÎLÍÍŒLÌÍŒŒMNNMÍLÎMÎKNMÎLÌMÌŒÌÌMLLŒÌÌMÌÍNLMË‹ÍÍMMMÍMŒMMŒLMKLM‚™]™[ÜY[KŒK‹[Üİ]WÛÜ˜XÛKŒLŒKŒŒKŒŒŒ‹ŒŒŒŒLLÌLÙKLM‚™]™[ÜY[KŒKÛÜœ™[Û‹ŒLŒMÍMLŒÎÌNLN‹ŒÎLŒÌLMÌÍŒÎMKNMŒŒÍŒMŒLÌŒÌLKŒÌÎLMLÍÌNMŒÌLMÍŒÌLŒM‹‹ÍÍMMMÍMŒMMŒLMKLM‚™]™[ÜY[KŒKØØWÙ\]Z]˜[[ŒLŒMÍMLŒÎÌNLN‹ŒÎLŒÌLMÌÍŒÎMKNMŒŒÍŒMŒLÌŒÌLKŒÌÎLMLÍÌNMŒÌLMÍŒÌLŒM‹‹ÍÍMMMÍMŒMMŒLMKLM‚™]™[ÜY[KŒK›ØÚ×ÙXYÛÛ˜[ŒLŒNMMÍÌLKŒMÍŒŒŒMMÍ‹NMÍÌMLLÌNMMËŒÌÍÎNNMÍÎMMNNŒÍŒMMŒÎLË‹ŒŒŒŒLLÌLÙKLM‚™]™[ÜY[KŒKØWÜ˜[š×ÛX]ÚYŒLŒKŒÌNLMŒÌLÍM‹ŒLÍMNLMNMŒMMMKMŒÎNMMNŒMŒLÍLLLÍŒÌM‹ŒMNMLÍLÎLÍLËËMÎNŒNKLM‚™]™[ÜY[KŒK˜[™ÛWÜ˜[š×ÛX]ÚYŒLŒMÍLNLNLÍLMŒLKŒLLMMMLMNÎŒËNMŒÍLLÍŒMKŒNNÎMÍÎLËŒÎLMNLÍLÎ‹ÍÍMMMÍMŒMMŒLMKLM‚™]™[ÜY[KŒK˜]×Üİ™ŒLŒMÍNMMŒMÍÌÍKŒMNKNMŒÌLNNNLKŒMÍÍÍLMŒÌLÌMNLŒMÌM‹NMŒÍŒLLÌŒKLM‚™]™[ÜY[KŒK[Üİ]WÛÜ˜XÛKŒLŒKŒŒKŒŒŒ‹ŒŒŒŒLLÌLÙKLM‚™]™[ÜY[KŒKKÛÜœ™[Û‹ŒLŒNMMÌŒLMËŒÌÍMMÌLÍÍM‹NMÍÍÍŒÌÌÎMÎŒÍŒMÍMLMKŒLLÍÌÌŒML‹‹ÍÍMMMÍMŒMMŒLMKLM‚™]™[ÜY[KŒKKØØWÙ\]Z]˜[[ŒLŒNMMÌŒLMËŒÌÍMMÌLÍÍM‹NMÍÍÍŒÌÌÎMÎŒÍŒMÍMLMKŒLLÍÌÌŒML‹‹ÍÍMMMÍMŒMMŒLMKLM‚™]™[ÜY[KŒKK›ØÚ×ÙXYÛÛ˜[ŒLŒNMÍLLÍMŒÌMŒMËŒMLÍLÌÍÍMÍKNMÎLÌŒÍÍŒÌŒÎMÍËŒÌMNÍÍMÎÌKŒMLLMLMMÌŒÍKÌÌLLÌÌLÌÙKLM‚™]™[ÜY[KŒKKØWÜ˜[š×ÛX]ÚYŒLŒKŒLÌÍÎÎLMÌ‹ŒŒMŒÎÎÎMLÍŒËNLÍÌNŒMÌÍÌÍÍÎMÍÌKŒLMÌÌÍLMÍMÎNŒËNMŒÍŒLLÌŒKLM‚™]™[ÜY[KŒKK˜[™ÛWÜ˜[š×ÛX]ÚYŒLŒNLÍÍLLŒNŒÍMLMÌMÌM‹NMÌÌÍŒŒŒLŒÍLŒLÍMÌLKŒMÌŒMLMLŒMŒŒM‹ËŒŒMMŒŒÍLNKLM‚™]™[ÜY[KŒKK˜]×Üİ™ŒLŒNMŒÍŒMŒLÌÍ‹ŒÌÎÌŒNLËNMÍLLŒÌÍ‹ŒÍNNMMÍÍLÍ‹ŒLÌÌÍÎMŒMÌNÎËŒÌÌLÌÎÍMM™KLM‚™]™[ÜY[KŒKK[Üİ]WÛÜ˜XÛKŒLŒKŒŒKŒŒŒËMÎNŒNKLM‚™]™[ÜY[KŒK‹ÛÜœ™[Û‹ŒLŒNLLNMLÎŒÍNÌMKNMÎLÍÍNMMŒÎNLŒNMNLÌÌŒLÎLŒÌŒLÍN‹ËŒÌÌLÌÎÍMM™KLM‚™]™[ÜY[KŒK‹ØØWÙ\]Z]˜[[ŒLŒNLLNMLÎŒÍNÌMKNMÎLÍÍNMMŒÎNLŒNMNLÌÌŒLÎLŒÌŒLÍN‹ËŒÌÌLÌÎÍMM™KLM‚™]™[ÜY[KŒK‹›ØÚ×ÙXYÛÛ˜[ŒLŒNMÍLLÍMŒÌMŒMËŒMLÍLÌÍÍMÍKNMÎLÌŒÍÍŒÌŒÎMÍËŒÌMNÍÍMÎÌKŒMLLMLMMÌŒÍKÌÌLLÌÌLÌÙKLM‚™]™[ÜY[KŒK‹ØWÜ˜[š×ÛX]ÚYŒLŒKŒLŒMLÌM‹ŒŒÌMÌŒLLÌMKMÎMŒLÍMLKŒLÍÍLŒÎNMÎM‹ŒLNLLLNMŒLÌMN‹ÍÍMMMÍMŒMMŒLMKLM‚™]™[ÜY[KŒK‹˜[™ÛWÜ˜[š×ÛX]ÚYŒLŒNLLLMMŒŒKŒLÌMÌLLŒNNMLNMMMKŒÎNLNÌÎMŒ‹ŒMMLMÌŒMËMÎNŒNKLM‚™]™[ÜY[KŒK‹˜]×Üİ™ŒLŒNLLŒÌLNNŒŒŒÍÌÍLÌN‹NMLLNLŒÍÌNMÍKŒÎLÍLŒŒNMMKŒLMMLÍLÍLÍMMMÍ‹ËŒÌÌLÌÎÍMM™KLM‚™]™[ÜY[KŒK‹[Üİ]WÛÜ˜XÛKŒLŒKŒŒKŒŒŒËMÎNŒNKLM‚™]™[ÜY[KŒKÛÜœ™[Û‹ŒLŒNÎÌMŒŒÍŒKŒLÌLÌNLMLM‹NMÌNLLLŒŒÍŒÌÎMÌLÎŒNLÌMŒLÍÌM‹ŒMMÌLMÌŒMYKLM‚™]™[ÜY[KŒKØØWÙ\]Z]˜[[ŒLŒNÎÌMŒŒÍŒKŒLÌLÌNLMLM‹NMÌNLLLŒŒÍŒÌÎMÌLÎŒNLÌMŒLÍÌM‹ŒMMÌLMÌŒMYKLM‚™]™[ÜY[KŒK›ØÚ×ÙXYÛÛ˜[ŒLŒNMÍLLÍMŒÌMŒMËŒMLÍLÌÍÍMÍKNMÎLÌŒÍÍŒÌŒÎMÍËŒÌMNÍÍMÎÌKŒMLLMLMMÌŒÍKÌÌLLÌÌLÌÙKLM‚™]™[ÜY[KŒKØWÜ˜[š×ÛX]ÚYŒLŒKŒÌÎNLLNKŒNNLLMLÍMÍÍÎÌM‹ŒLNLÌLLMŒMÌËŒMÌÍLNÍM‹ËŒLÌLLÌÌMÍÌNLNYKLM‚™]™[ÜY[KŒK˜[™ÛWÜ˜[š×ÛX]ÚYŒLŒNNÌM‹ŒLÌŒNŒŒNÎLÌKNMÍMMMÍM‹ŒLLŒÍMMLNMŒËŒŒNŒÌŒËËŒÌÌLÌÎÍMM™KLM‚™]™[ÜY[KŒK˜]×Üİ™ŒLŒNÎŒÍÌMŒMËŒLÍLMÌÎNKNMÌŒŒLÍMÍKŒŒÍMÌŒNÌMMM‹‹ŒŒŒŒLLÌLÙKLM‚™]™[ÜY[KŒK[Üİ]WÛÜ˜XÛKŒLŒKŒŒKŒŒŒËMÎNŒNKLM‚™]™[ÜY[KKKÛÜœ™[Û‹ŒLŒNLMÍLMLMÌNŒMMLMÍÌÍN‹NMMMLMLLŒÍLLLÍLŒÌLËŒŒÍŒMÍÍŒŒÍLK‹ŒŒŒŒLLÌLÙKLM‚™]™[ÜY[KKKØØWÙ\]Z]˜[[ŒLŒNLMÍLMLMÌNŒMMLMÍÌÍN‹NMMMLMLLŒÍLLLÍLŒÌLËŒŒÍŒMÍÍŒŒÍLK‹ŒŒŒŒLLÌLÙKLM‚™]™[ÜY[KKK›ØÚ×ÙXYÛÛ˜[ŒLŒNNÍÌÎMMKŒMÎŒÌŒŒNLMÌËNMLÌMŒÍŒLLÌŒËŒLLÌÍNNLMMKŒMÌMMŒŒLNÌÍ‹ŒŒŒŒLLÌLÙKLM‚™]™[ÜY[KKKØWÜ˜[š×ÛX]ÚYŒLŒKŒÎNLMÌÌŒÌÌNŒŒNMÍÍLLÌNŒLËMÎNLÍMÎMŒLÍÌŒÎMMLMÎKŒLÌMÌÌNLNLÎÌNÎMMLMYKLM‚™]™[ÜY[KKK˜[™ÛWÜ˜[š×ÛX]ÚYŒLŒNLMNMŒÍŒLNLMNMŒŒÌLÌKNMÎLMLÍNLËŒLÍNLÍMËŒNÌŒÌNMMÌMËLŒNLŒ™KLM‚™]™[ÜY[KKK˜]×Üİ™ŒLŒNLÌÍÌŒŒÎÍŒËŒMŒÌŒŒMŒŒÎMËNMMLÌÌŒŒMÌKŒÌMÌŒŒMLÎKŒŒÌMÍNÍÍNLŒÎL‹NMŒÍŒLLÌŒKLM‚™]™[ÜY[KKK[Üİ]WÛÜ˜XÛKŒLŒKŒŒKŒŒŒLŒNLŒ™KLM‚™]™[ÜY[KK‹ÛÜœ™[Û‹ŒLŒNLÍŒÌŒŒÌŒKŒLÍÌMÎMÍÎÌMML‹NMMLŒÌLMÍÎLŒ‹ŒMLŒÎÍŒ‹ŒŒÌÌMÌÍÍÌÍÍLÍË‹NNMŒ™KLM‚™]™[ÜY[KK‹ØØWÙ\]Z]˜[[ŒLŒNLÍŒÌŒŒÌŒKŒLÍÌMÎMÍÎÌMML‹NMMLŒÌLMÍÎLŒ‹ŒMLŒÎÍŒ‹ŒŒÌÌMÌÍÍÌÍÍLÍË‹NNMŒ™KLM‚™]™[ÜY[KK‹›ØÚ×ÙXYÛÛ˜[ŒLŒNNÍÌÎMMKŒMÎŒÌŒŒNLMÌËNMLÌMŒÍŒLLÌŒËŒLLÌÍNNLMMKŒMÌMMŒŒLNÌÍ‹ŒŒŒŒLLÌLÙKLM‚™]™[ÜY[KK‹ØWÜ˜[š×ÛX]ÚYŒLŒKŒÍMMÍLÌŒLÌÌMŒŒMMLLLMŒ‹MÍLMNNMLMŒLÍÌŒÎLÎLÌLKŒLMÍÍMÍÌMKKLLMLMNÎMKLM‚™]™[ÜY[KK‹˜[™ÛWÜ˜[š×ÛX]ÚYŒLŒNLÎLMÎMÎÍ‹ŒLŒÍLLŒÌÍËNLÌLÍMÌÌÍLMŒKŒNNÍÍÍL‹ŒLMLÍMÌMÎKNMŒÍŒLLÌŒKLM‚™]™[ÜY[KK‹˜]×Üİ™ŒLŒNLLÌNMŒLÍÎ‹ŒMLÌŒMŒÍÍÎMNMMÌÍNMÍLÍM‹ŒŒÌÌLLMM‹ŒŒLMÎÌ‹ËŒÍLÍŒÍMÌÎML™KLM‚™]™[ÜY[KK‹[Üİ]WÛÜ˜XÛKŒLŒKŒŒKŒŒŒLŒNLŒ™KLM‚™]™[ÜY[KKÛÜœ™[Û‹ŒLŒNMLÎŒMÍLÌËŒÍŒÎMNMMKNMÍLLLËŒLŒLNŒÌÌNLNMËKMLLLMLLŒÌLMÎÙKLM‚™]™[ÜY[KKØØWÙ\]Z]˜[[ŒLŒNMLÎŒMÍLÌËŒÍŒÎMNMMKNMÍLLLËŒLŒLNŒÌÌNLNMËKMLLLMLLŒÌLMÎÙKLM‚™]™[ÜY[KK›ØÚ×ÙXYÛÛ˜[ŒLŒNNÍÌÎMMKŒMÎŒÌŒŒNLMÌËNMLÌMŒÍŒLLÌŒËŒLLÌÍNNLMMKŒMÌMMŒŒLNÌÍ‹ŒŒŒŒLLÌLÙKLM‚™]™[ÜY[KKØWÜ˜[š×ÛX]ÚYŒLŒKŒNLLMKŒLÌÎÌÌMŒÌ‹MLÍÌÍMNŒLÌMÍŒMŒLÍMŒNÌÌÎÍÌMŒL‹KŒLLÌÌÌYKLM‚™]™[ÜY[KK˜[™ÛWÜ˜[š×ÛX]ÚYŒLŒMÎMŒÍŒMÎMMŒLÍÌÌNMLLKNLLMÍŒLLŒŒÍMNŒŒŒÍÌÍMŒKŒNÌÌLLÌMLÍŒMËËMÎNŒNKLM‚™]™[ÜY[KK˜]×Üİ™ŒLŒNMÍŒLNMÎKŒÍŒÍÍLŒLLÎMŒ‹NMLMÎLKŒŒÍLÍMŒŒMÎŒNLLLMÎMÍÌÎKLÌÍLÍLÍÍÌÍKLM‚™]™[ÜY[KK[Üİ]WÛÜ˜XÛKŒLŒKŒŒKŒŒŒLŒNLŒ™KLM‚™]™[ÜY[KKŒKÛÜœ™[Û‹ŒLŒNLMÌMMÌÌLNLL‹ŒMŒÌLLŒKNLNÌÌÌMNÍÎŒNMMÍLÌÌÌMŒLÌLNLMÎNË‹ÍÍMMMÍMŒMMŒLMKLM‚™]™[ÜY[KKŒKØØWÙ\]Z]˜[[ŒLŒNLMÌMMÌÌLNLL‹ŒMŒÌLLŒKNLNÌÌÌMNÍÎŒNMMÍLÌÌÌMŒLÌLNLMÎNË‹ÍÍMMMÍMŒMMŒLMKLM‚™]™[ÜY[KKŒK›ØÚ×ÙXYÛÛ˜[ŒLŒKŒÍŒÍMMMMÌNKŒMŒLÍLMKNÍLMMÍ‹ŒÍÌŒMÌÌÎNMŒNNKŒNMLÍNMÌÍÌÌ‹‹ŒÍŒLMÌÍM™KLM‚™]™[ÜY[KKŒKØWÜ˜[š×ÛX]ÚYŒLŒKŒNLÌÍMMŒL‹ŒŒÌNNNMLÍMNNN‹MÌLMMÍÎLMÌËŒLŒÎNMÍÌLŒLËŒLLÎÍNÌLŒÌ‹KMLLÌMKLM‚™]™[ÜY[KKŒK˜[™ÛWÜ˜[š×ÛX]ÚYŒLŒMÎNMŒÍŒÌÎMÌÍKŒNMÌÌÌLÎMNÌMÍLMÎÌKŒLŒMLÎŒŒNLN‹ŒÌÍÌMMÍLÌMKËMÎNŒNKLM‚™]™[ÜY[KKŒK˜]×Üİ™ŒLŒNLÎNMÍÌÌŒŒMÌLMŒMŒMLËNLŒÎÍŒMŒŒMNLLMËŒMÌLLNLÍŒLÌŒËŒMŒÌÌÍŒÍŒÍÌÍÙKLM‚™]™[ÜY[KKŒK[Üİ]WÛÜ˜XÛKŒLŒKŒŒKŒŒŒËMÎNŒNKLM‚™]™[ÜY[KKŒ‹ÛÜœ™[Û‹ŒLŒNNNLŒŒÍÌ‹ŒLMLŒÎLNMÍNLLŒMÍMÌM‹ŒNNMÎÌNMLŒÌËŒLLÍLLÍLÍÍÌMË‹ŒLŒŒŒÍMÎÍŒYKLM‚™]™[ÜY[KKŒ‹ØØWÙ\]Z]˜[[ŒLŒNNNLŒŒÍÌ‹ŒLMLŒÎLNMÍNLLŒMÍMÌM‹ŒNNMÎÌNMLŒÌËŒLLÍLLÍLÍÍÌMË‹ŒLŒŒŒÍMÎÍŒYKLM‚™]™[ÜY[KKŒ‹›ØÚ×ÙXYÛÛ˜[ŒLŒKŒÍŒÍMMMMÌNKŒMŒLÍLMKNÍLMMÍ‹ŒÍÌŒMÌÌÎNMŒNNKŒNMLÍNMÌÍÌÌ‹‹ŒÍŒLMÌÍM™KLM‚™]™[ÜY[KKŒ‹ØWÜ˜[š×ÛX]ÚYŒLŒKŒNMÎŒMŒMKŒŒNNÌMLÍLŒŒ‹MÌNÌMÍLÌÌMÍ‹ŒLNNLLÍLLÍÍŒLŒÍÌLMMMNNMËLŒNLŒ™KLM‚™]™[ÜY[KKŒ‹˜[™ÛWÜ˜[š×ÛX]ÚYŒLŒMLNLLLNLLŒŒÌMŒÎÌŒMÍL‹MÍNÎNMNLÎM‹ŒLNŒLLLMÍMKŒÍLÍÌÍLMKKMLLLMLLŒÌLMÎÙKLM‚™]™[ÜY[KKŒ‹˜]×Üİ™ŒLŒNŒŒMLLLÍÌŒÌÍL‹ŒLNÌÍNMLLMÍ‹NLÍÎNNMŒMËŒŒŒÌLÍÎMM‹ŒLÎMÌÌLŒŒK‹ŒÎÍÎŒÎLMNMYKLM‚™]™[ÜY[KKŒ‹[Üİ]WÛÜ˜XÛKŒLŒKŒŒKŒŒŒËMÎNŒNKLM‚™]™[ÜY[KKŒÛÜœ™[Û‹ŒLŒMÌÎMLÍÌMLÎMŒ‹ŒMÌÌMŒLNLÍNNMŒÌÍÍLMÎLKŒLNLLLMLŒLÍŒÎLMLNLÍLÍËŒŒÌÌMÍNYKLM‚™]™[ÜY[KKŒØØWÙ\]Z]˜[[ŒLŒMÌÎMLÍÌMLÎMŒ‹ŒMÌÌMŒLNLÍNNMŒÌÍÍLMÎLKŒLNLLLMLŒLÍŒÎLMLNLÍLÍËŒŒÌÌMÍNYKLM‚™]™[ÜY[KKŒ›ØÚ×ÙXYÛÛ˜[ŒLŒKŒÍŒÍMMMMÌNKŒMŒLÍLMKNÍLMMÍ‹ŒÍÌŒMÌÌÎNMŒNNKŒNMLÍNMÌÍÌÌ‹‹ŒÍŒLMÌÍM™KLM‚™]™[ÜY[KKŒØWÜ˜[š×ÛX]ÚYŒLŒKŒMÌÌMLÍÌÌÍÍŒMMMLÌÍLMÍŒLMÎÍNLNLMÍËŒLÌMŒÌÌÍÍLŒŒNMLNŒÎMMÌÍKËŒÌÌLÌÎÍMM™KLM‚™]™[ÜY[KKŒ˜[™ÛWÜ˜[š×ÛX]ÚYŒLŒMLNLLŒÌMÍKŒŒŒÌMMÌÌÍNNMÍMÌLMŒNNNN‹ŒLLÍÍÌÍMKŒMÍÍNLMŒÎMËËMÎNŒNKLM‚™]™[ÜY[KKŒ˜]×Üİ™ŒLŒMÍLMŒÍLÌLŒ‹ŒLNLLÍÌNMÍÌŒ‹NMÌÍMLMÌNLKŒÎÍŒÍMŒKŒÍÌŒMNLLNMÌÌË‹ÍÍMMMÍMŒMMŒLMKLM‚™]™[ÜY[KKŒ[Üİ]WÛÜ˜XÛKŒLŒKŒŒKŒŒŒËMÎNŒNKLM‚™]™[ÜY[KM‹KŒKKÛÜœ™[Û‹ŒLŒNLÍLNMNLÎMMËŒLMÍŒLNLMŒNMLNNLŒÌÎLMËŒNMLÎMÍÌLÌÍŒKŒMÌÍÍÍLÍÌNËŒMNŒNLYKLM‚™]™[ÜY[KM‹KŒKKØØWÙ\]Z]˜[[ŒLŒNLÍLNMNLÎMMËŒLMÍŒLNLMŒNMLNNLŒÌÎLMËŒNMLÎMÍÌLÌÍŒKŒMÌÍÍÍLÍÌNËŒMNŒNLYKLM‚™]™[ÜY[KM‹KŒKK›ØÚ×ÙXYÛÛ˜[ŒLŒNMŒŒMÍŒNKŒLNMÌLLMMÌŒKNMŒŒÍNMÍ‹ŒŒÌÍLŒLKŒMÍÌMLLK‹ŒŒŒŒLLÌLÙKLM‚™]™[ÜY[KM‹KŒKKØWÜ˜[š×ÛX]ÚYŒLŒKŒÍŒNMÍNMËŒNNLLÌÌÍÎ‹MÎŒMLÍLNNŒLÎÍŒLÎMLŒŒ‹ŒLMÌLLMNË‹ŒLÌÎMÍÍLLÎYKLM‚™]™[ÜY[KM‹KŒKK˜[™ÛWÜ˜[š×ÛX]ÚYŒLŒNLNŒÍÎMÌÍ‹ŒLŒNMÌÍÍÍÎKNMLLÎMÎNNLŒ‹ŒLŒLNLŒÍL‹ŒNÌÎMÎŒÍKËMÎNŒNKLM‚™]™[ÜY[KM‹KŒKK˜]×Üİ™ŒLŒNLÍNLMMŒKŒLÍÍMMMMNLŒLKNMLÌLNÌŒŒËŒŒNLÌŒNNŒ‹ŒMÌLMŒÌŒÎÌŒËMÎNŒNKLM‚™]™[ÜY[KM‹KŒKK[Üİ]WÛÜ˜XÛKŒLŒKŒŒKŒŒŒKŒÌÍMNLÍMMMKLM‚™]™[ÜY[KM‹KŒK‹ÛÜœ™[Û‹ŒLŒNÍÍLMÍKŒLŒMŒÍLLNLKNMÍLÌÎMŒLLNMNNMŒÌLNMŒNMŒLÍŒLÍÍŒËKMLLLMLLŒÌLMÎÙKLM‚™]™[ÜY[KM‹KŒK‹ØØWÙ\]Z]˜[[ŒLŒNÍÍLMÍKŒLŒMŒÍLLNLKNMÍLÌÎMŒLLNMNNMŒÌLNMŒNMŒLÍŒLÍÍŒËKMLLLMLLŒÌLMÎÙKLM‚™]™[ÜY[KM‹KŒK‹›ØÚ×ÙXYÛÛ˜[ŒLŒNMŒŒMÍŒNKŒLNMÌLLMMÌŒKNMŒŒÍNMÍ‹ŒŒÌÍLŒLKŒMÍÌMLLK‹ŒŒŒŒLLÌLÙKLM‚™]™[ÜY[KM‹KŒK‹ØWÜ˜[š×ÛX]ÚYŒLŒKŒLÎLÌLŒÎLÍÍËŒŒLÍMÍÍÍMÌËMÍMÌLŒÌNLKŒLLŒMLMLÌÎMÎNNMŒLLMLÌÌŒË‹ŒLÌÎMÍÍLLÎYKLM‚™]™[ÜY[KM‹KŒK‹˜[™ÛWÜ˜[š×ÛX]ÚYŒLŒNÍMÍÌŒLMÍÍ‹ŒLÎNNLÌÎMLL‹NMNLÌLÌMÍ‹ŒLÍNMŒÍÌLMKŒNNŒMÎÌLŒÎLŒNLŒ™KLM‚™]™[ÜY[KM‹KŒK‹˜]×Üİ™ŒLŒNÍÍŒŒMÎLËŒLLÌMLNN‹NMÎMÌLÍLŒLŒLNMÎÌÍÌNLMM‹ŒNÍÎMMÌNMŒÍŒLLÌŒKLM‚™]™[ÜY[KM‹KŒK‹[Üİ]WÛÜ˜XÛKŒLŒKŒŒKŒŒŒKŒÌÍMNLÍMMMKLM‚™]™[ÜY[KM‹KŒKÛÜœ™[Û‹ŒLŒNMMLLÌŒKŒLMNMNMÍÍËNLÍLÍÌMËŒMŒÍÍNLMKŒŒÌMNLLLÌÌMËËŒÌÌLÌÎÍMM™KLM‚™]™[ÜY[KM‹KŒKØØWÙ\]Z]˜[[ŒLŒNMMLLÌŒKŒLMNMNMÍÍËNLÍLÍÌMËŒMŒÍÍNLMKŒŒÌMNLLLÌÌMËËŒÌÌLÌÎÍMM™KLM‚™]™[ÜY[KM‹KŒK›ØÚ×ÙXYÛÛ˜[ŒLŒNMŒŒMÍŒNKŒLNMÌLLMMÌŒKNMŒŒÍNMÍ‹ŒŒÌÍLŒLKŒMÍÌMLLK‹ŒŒŒŒLLÌLÙKLM‚™]™[ÜY[KM‹KŒKØWÜ˜[š×ÛX]ÚYŒLŒKŒŒMMÌÌËŒŒŒŒLÍÍMÎŒŒMKMLÍÎLLÌNNKŒLŒÍÌÍNMÎMMMŒŒLMÌLMLÌÎLŒLÎMKKŒLLŒŒÌŒLMMYKLMB™]™[ÜY[KM‹KŒK˜[™ÛWÜ˜[š×ÛX]ÚYŒLŒNMMLŒËŒLNLLÍLÍLLÌŒŒÍ‹NLÌÍÍÍMÍËŒMÍMMÍÎMÌÍŒM‹ŒLLMÍŒNNLK‹ÍÍMMMÍMŒMMŒLMKLM‚™]™[ÜY[KM‹KŒK˜]×Üİ™ŒLŒNNŒÍNLLÎLŒLMÌMÌLÍMMÌ‹NLÍÍMLMŒLŒMŒMÎMLŒÍLLÎ‹ŒŒMMŒÌŒMMËŒÌÌLÌÎÍMM™KLM‚™]™[ÜY[KM‹KŒK[Üİ]WÛÜ˜XÛKŒLŒKŒŒKŒŒŒKŒÌÍMNLÍMMMKLM‚™]™[ÜY[KM‹KŒKKÛÜœ™[Û‹ŒLŒMÌÎMNÍÌÍŒÌÌŒKŒLLMŒNMÎLLKNMLÍMLŒŒMÎMÍLÎÍÍŒŒŒMÌLÍMÌÎMNŒ‹‹NNMŒ™KLM‚™]™[ÜY[KM‹KŒKKØØWÙ\]Z]˜[[ŒLŒMÌÎMNÍÌÍŒÌÌŒKŒLLMŒNMÎLLKNMLÍMLŒŒMÎMÍLÎÍÍŒŒŒMÌLÍMÌÎMNŒ‹‹NNMŒ™KLM‚™]™[ÜY[KM‹KŒKK›ØÚ×ÙXYÛÛ˜[ŒLŒMÍNLŒMŒŒLMŒKŒLŒMLNMŒMLLÍÌÍÍKNMMÍŒŒMÍMMMÌ‹ŒŒÌMÍÌLLÌNKŒNNMNMNLÌÌË‹ŒŒŒŒLLÌLÙKLM‚™]™[ÜY[KM‹KŒKKØWÜ˜[š×ÛX]ÚYŒLŒKŒÌŒÍLÍÌÌÌÍ‹ŒNMŒLNŒMÌMÎMLŒÎLÌÌKŒLMMLÌLÎNKŒLLÌMÎNNLŒÌMŒÎL‹KŒŒMŒŒÍLÎLÎMÙKLM‚™]™[ÜY[KM‹KŒKK˜[™ÛWÜ˜[š×ÛX]ÚYŒLŒMÌÍŒMÌMKŒLŒŒÌÌMÌNMLMÌŒL‹ŒLLNLÎLÍŒÍMKŒŒÌŒLŒÌŒLÌKMLLLMLLŒÌLMÎÙKLM‚™]™[ÜY[KM‹KŒKK˜]×Üİ™ŒLŒMÌÍÌÍNLÌMÌLNŒNMLLLÌÍŒLL‹NMLNNMŒÍ‹ŒLLMMÌMŒLMMËŒŒLMMLÍÌÌMK‹ŒLÌÎMÍÍLLÎYKLM‚™]™[ÜY[KM‹KŒKK[Üİ]WÛÜ˜XÛKŒLŒKŒŒKŒŒŒËMÎNŒNKLM‚™]™[ÜY[KM‹KŒK‹ÛÜœ™[Û‹ŒLŒMÌMMŒMÌKŒLLNMNŒLLŒÍÌËNMMLMMÌLŒÍÌËŒMÍŒLNNÌLŒŒŒÍÌŒMÌÎLÌN‹ÌNÎMMLMYKLM‚™]™[ÜY[KM‹KŒK‹ØØWÙ\]Z]˜[[ŒLŒMÌMMŒMÌKŒLLNMNŒLLŒÍÌËNMMLMMÌLŒÍÌËŒMÍŒLNNÌLŒŒŒÍÌŒMÌÎLÌN‹ÌNÎMMLMYKLM‚™]™[ÜY[KM‹KŒK‹›ØÚ×ÙXYÛÛ˜[ŒLŒMÍNLŒMŒŒLMŒKŒLŒMLNMŒMLLÍÌÍÍKNMMÍŒŒMÍMMMÌ‹ŒŒÌMÍÌLLÌNKŒNNMNMNLÌÌË‹ŒŒŒŒLLÌLÙKLM‚™]™[ÜY[KM‹KŒK‹ØWÜ˜[š×ÛX]ÚYŒLŒKŒMLNŒÌÌÍKŒŒNÎÍŒŒÍMÍNMMLÌKŒLMÎŒNMLKŒLLNMLÍËMÎNMÌLL™KLM‚™]™[ÜY[KM‹KŒK‹˜[™ÛWÜ˜[š×ÛX]ÚYŒLŒMNLÎLÍŒLLÍLMMMNNMÍNMÍŒMMLKŒLÌÍŒÌÌÌ‹ŒŒÌŒLMŒÌÍËMÎMNMÍMÎÍÌYKLM‚™]™[ÜY[KM‹KŒK‹˜]×Üİ™ŒLŒMÌNŒŒÌŒÍMKŒLŒÍLNLLÍNLLÌŒ‹NMMMMMÎËŒLŒŒMLLŒMŒM‹ŒŒŒMLMŒMÍMËŒŒMMŒŒÍLNKLM‚™]™[ÜY[KM‹KŒK‹[Üİ]WÛÜ˜XÛKŒLŒKŒŒKŒŒŒËMÎNŒNKLM‚™]™[ÜY[KM‹KŒKÛÜœ™[Û‹ŒLŒMLLLÎ‹ŒLMÎMŒÍŒÍLÎLKNLÍÍLMMŒ‹ŒMÌLMÌÌÍŒLNMLKŒÍNNNML‹ŒLŒŒŒÍMÎÍŒYKLM‚™]™[ÜY[KM‹KŒKØØWÙ\]Z]˜[[ŒLŒMLLLÎ‹ŒLMÎMŒÍŒÍLÎLKNLÍÍLMMŒ‹ŒMÌLMÌÌÍŒLNMLKŒÍNNNML‹ŒLŒŒŒÍMÎÍŒYKLM‚™]™[ÜY[KM‹KŒK›ØÚ×ÙXYÛÛ˜[ŒLŒMÍNLŒMŒŒLMŒKŒLŒMLNMŒMLLÍÌÍÍKNMMÍŒŒMÍMMMÌ‹ŒŒÌMÍÌLLÌNKŒNNMNMNLÌÌË‹ŒŒŒŒLLÌLÙKLM‚™]™[ÜY[KM‹KŒKØWÜ˜[š×ÛX]ÚYŒLŒKŒLÌÍMÍMÍ‹ŒŒŒNÍMÌÍÎMŒŒŒŒKMÌLŒMÍMŒMŒLŒLÌÌLŒLÌMNŒŒMNLË‹ŒÍNMMÌŒMMÌYKLMB™]™[ÜY[KM‹KŒK˜[™ÛWÜ˜[š×ÛX]ÚYŒLŒMÌÎLNNMMM‹ŒLMNMLÍÍÎÎKNLÎÎMÌNNLËŒMLÎLMMMLNLMŒLMLLÌÌÍ‹ËŒÌÌLÌÎÍMM™KLM‚™]™[ÜY[KM‹KŒK˜]×Üİ™ŒLŒMÎÎÍMÍËŒLLMMLLÍŒNLNKNLÍÍMNLÍŒMNMÌNMMŒMLLLÍLÍMŒÎNË‹ÍÍMMMÍMŒMMŒLMKLM‚™]™[ÜY[KM‹KŒK[Üİ]WÛÜ˜XÛKŒLŒKŒŒKŒŒŒËMÎNŒNKLM‚™]™[ÜY[KM‹KKKÛÜœ™[Û‹ŒLŒNLMMMŒŒN‹ŒLŒMML‹NMŒMLMÎMŒÎMKŒNMÍÌŒM‹ŒŒMLÍNMMMÌ‹ËMÎNŒNKLM‚™]™[ÜY[KM‹KKKØØWÙ\]Z]˜[[ŒLŒNLMMMŒŒN‹ŒLŒMML‹NMŒMLMÎMŒÎMKŒNMÍÌŒM‹ŒŒMLÍNMMMÌ‹ËMÎNŒNKLM‚™]™[ÜY[KM‹KKK›ØÚ×ÙXYÛÛ˜[ŒLŒNMLMÌÍÍLLLÌÌÌŒLLMLMŒLŒMNMŒÌŒMMLLLËŒÌMÌMŒÌÎL‹ŒŒNÎÌMÍÌÌKNNÎLÍLŒNNKLM‚™]™[ÜY[KM‹KKKØWÜ˜[š×ÛX]ÚYŒLŒKŒÌŒMÍÌLMÌÍMËŒNNÍŒÌLMÍ‹MÎMŒÌMMKŒLÌŒÍLÍŒÌLNËŒLLMŒMMMŒLMÍKKŒŒŒLLÌÌÍÌŒ™KLMB™]™[ÜY[KM‹KKK˜[™ÛWÜ˜[š×ÛX]ÚYŒLŒNLŒLÌÎMMMŒŒËŒLÌŒŒÌLMÌLÍÍŒÍNMÎÎLNLMÍÎKŒLLLLŒMLNŒŒLŒÎLÌLÌŒMŒŒMËËŒÌÌLÌÎÍMM™KLM‚™]™[ÜY[KM‹KKK˜]×Üİ™ŒLŒNLMÍŒÍMNÍLÍMËŒLLLÍNMÍNNMLËNMŒŒMMÌLÌMÍ‹ŒÍMMÌÍÎNNŒŒLÎMÍÌÎLLÌLËKMLLLMLLŒÌLMÎÙKLM‚™]™[ÜY[KM‹KKK[Üİ]WÛÜ˜XÛKŒLŒKŒŒKŒŒŒ‹NNMŒ™KLM‚™]™[ÜY[KM‹KK‹ÛÜœ™[Û‹ŒLŒNLLÍŒLÍNLŒËŒNNNMLÌLÍLLÌNNNMLÌÌÍÍÍÎLLÍÍKŒÌMÎLÍNLŒŒLNMŒL‹ÍÍMMMÍMŒMMŒLMKLM‚™]™[ÜY[KM‹KK‹ØØWÙ\]Z]˜[[ŒLŒNLLÍŒLÍNLŒËŒNNNMLÌLÍLLÌNNNMLÌÌÍÍÍÎLLÍÍKŒÌMÎLÍNLŒŒLNMŒL‹ÍÍMMMÍMŒMMŒLMKLM‚™]™[ÜY[KM‹KK‹›ØÚ×ÙXYÛÛ˜[ŒLŒNMLMÌÍÍLLLÌÌÌŒLLMLMŒLŒMNMŒÌŒMMLLLËŒÌMÌMŒÌÎL‹ŒŒNÎÌMÍÌÌKNNÎLÍLŒNNKLM‚™]™[ÜY[KM‹KK‹ØWÜ˜[š×ÛX]ÚYŒLŒKŒÌLMMÎMŒŒLŒLLÌMMLKMÍÍŒÌLÎÌÍM‹ŒLŒÌÍÍLLÍËŒLLÍÍMÌÍÍMÌÎKMÎNMÌLL™KLM‚™]™[ÜY[KM‹KK‹˜[™ÛWÜ˜[š×ÛX]ÚYŒLŒNÎÌÍNLMÎÎMËŒLÌÍÍMÌÌÌÍNKNMÍÍLÌMŒÎM‹ŒLMÌÍŒLÌLLÌËŒMLMÌÌMÍÌMÌMÌ‹‹MLŒNMŒÍ™KLM‚™]™[ÜY[KM‹KK‹˜]×Üİ™ŒLŒNÌMMŒÌLKŒNLÎLMŒŒŒN‹NMMNÍÍŒŒŒËŒÎLÎŒÍÍŒŒLNLLÍÍÌŒLÍK‹ŒLÌÎMÍÍLLÎYKLM‚™]™[ÜY[KM‹KK‹[Üİ]WÛÜ˜XÛKŒLŒKŒŒKŒŒŒ‹NNMŒ™KLM‚™]™[ÜY[KM‹KKÛÜœ™[Û‹ŒLŒNMLMLŒÌÎM‹ŒLÍLÌÎŒÎÍ‹NMLNMÌÍLÎMMŒLÌLLŒÌMLLÍÎMŒÎMŒLÍÌNLNË‹ŒLÌÎMÍÍLLÎYKLM‚™]™[ÜY[KM‹KKØØWÙ\]Z]˜[[ŒLŒNMLMLŒÌÎM‹ŒLÍLÌÎŒÎÍ‹NMLNMÌÍLÎMMŒLÌLLŒÌMLLÍÎMŒÎMŒLÍÌNLNË‹ŒLÌÎMÍÍLLÎYKLM‚™]™[ÜY[KM‹KK›ØÚ×ÙXYÛÛ˜[ŒLŒNMLMÌÍÍLLLÌÌÌŒLLMLMŒLŒMNMŒÌŒMMLLLËŒÌMÌMŒÌÎL‹ŒŒNÎÌMÍÌÌKNNÎLÍLŒNNKLM‚™]™[ÜY[KM‹KKØWÜ˜[š×ÛX]ÚYŒLŒKŒÎŒÍMNÌŒŒMÌÌNÍŒÍMMÌŒLŒŒMÎKŒLNÍLŒŒŒÍŒLÌŒMÍÍŒŒÍÌMKŒMNŒNLYKLM‚™]™[ÜY[KM‹KK˜[™ÛWÜ˜[š×ÛX]ÚYŒLŒNÌÌÌMŒŒMLÌÎMŒLNLÍÎNÍŒLNLÍLŒLMŒÌŒ‹ŒMÌŒMŒÌNMÌÍÌM‹ŒŒŒLÍÌŒÎNLŒÎKÌNÎMMLMYKLM‚™]™[ÜY[KM‹KK˜]×Üİ™ŒLŒNMŒŒNLÎŒNMŒÍ‹ŒLŒLLÍÌLÍÌNLKNMŒÌŒÌMŒŒÎKŒLNLÌŒNMMMŒÍŒÍÍMNMNKËŒÌÌLÌÎÍMM™KLM‚™]™[ÜY[KM‹KK[Üİ]WÛÜ˜XÛKŒLŒKŒŒKŒŒŒ‹NNMŒ™KLM‚™]™[ÜY[KM‹KKŒKÛÜœ™[Û‹ŒLŒMÎÍÌML‹ŒNLNÎMMNNMLLŒÌÍŒÌMLKŒLÍÎMNMLÌKŒŒÍŒÌÌMÌLÍKKMLLLMLLŒÌLMÎÙKLM‚™]™[ÜY[KM‹KKŒKØØWÙ\]Z]˜[[ŒLŒMÎÍÌML‹ŒNLNÎMMNNMLLŒÌÍŒÌMLKŒLÍÎMNMLÌKŒŒÍŒÌÌMÌLÍKKMLLLMLLŒÌLMÎÙKLM‚™]™[ÜY[KM‹KKŒK›ØÚ×ÙXYÛÛ˜[ŒLŒNMMŒLÍÌKŒLMÍÎMMÌÍÍNMMMLÍŒNM‹ŒMMMŒLNÍMÍÌÍKŒMNMÍMNLÌM‹‹ŒŒŒŒLLNKLM‚™]™[ÜY[KM‹KKŒKØWÜ˜[š×ÛX]ÚYŒLŒKŒÌÎMLNNÍŒNNŒNÌNNMMMMÎLÌÎÍKŒLŒÎMMÍÎLMŒ‹ŒLLMŒMŒLLLŒËŒÌÌÍKLM‚™]™[ÜY[KM‹KKŒK˜[™ÛWÜ˜[š×ÛX]ÚYŒLŒMÌNLŒMÍÍÎLLËŒLÍÎŒÌÌŒNLM‹NLMMŒNMLÍÌMKŒMLŒŒŒŒLMŒLÎMLÎL‹ËMÎNŒNKLM‚™]™[ÜY[KM‹KKŒK˜]×Üİ™ŒLŒMÎMŒŒÎLNŒNËŒNMÍÎNNÌÍLKNMLMÌLŒNNMÌKŒLLÍÌNMÌŒŒNLLLLMÌMKKLÌÍÍÎÍŒMYKLM‚™]™[ÜY[KM‹KKŒK[Üİ]WÛÜ˜XÛKŒLŒKŒŒKŒŒŒLŒNLŒ™KLM‚™]™[ÜY[KM‹KKŒ‹ÛÜœ™[Û‹ŒLŒMÍNLŒÍÌÌŒKŒLÌMÌÎMŒMMŒËNMLÎMLÌŒLÎNMÎLÍKŒMNMNMMÌÍMËKMLLLMLLŒÌLMÎÙKLM‚™]™[ÜY[KM‹KKŒ‹ØØWÙ\]Z]˜[[ŒLŒMÍNLŒÍÌÌŒKŒLÌMÌÎMŒMMŒËNMLÎMLÌŒLÎNMÎLÍKŒMNMNMMÌÍMËKMLLLMLLŒÌLMÎÙKLM‚™]™[ÜY[KM‹KKŒ‹›ØÚ×ÙXYÛÛ˜[ŒLŒNMMŒLÍÌKŒLMÍÎMMÌÍÍNMMMLÍŒNM‹ŒMMMŒLNÍMÍÌÍKŒMNMÍMNLÌM‹‹ŒŒŒŒLLNKLM‚™]™[ÜY[KM‹KKŒ‹ØWÜ˜[š×ÛX]ÚYŒLŒKŒLÍŒŒLÎÍÎLËŒNNLŒÍÍLNLLŒÌLËMÎNMMÍÌMËŒLÎLMÌÌLKŒLLÍÌŒÍŒLMKKNLŒÌŒŒMŒYKLM‚™]™[ÜY[KM‹KKŒ‹˜[™ÛWÜ˜[š×ÛX]ÚYŒLŒMMÌŒLÍMKŒMÌLMÌLÌËNLŒŒÍLŒŒÌÌNLMNŒLL‹ŒÌÍÍÍLNLÎLMLÎ‹ËÍÌMMŒLMÌŒÍÍŒM™KLM‚™]™[ÜY[KM‹KKŒ‹˜]×Üİ™ŒLŒMÍÌŒNŒMMÍËŒLÌLÍLNÍËNMLÍNŒMNŒLŒÌÎÍÍMËŒŒÍÍMLNMŒËÌNÎMMLMYKLM‚™]™[ÜY[KM‹KKŒ‹[Üİ]WÛÜ˜XÛKŒLŒKŒŒKŒŒŒLŒNLŒ™KLM‚™]™[ÜY[KM‹KKŒÛÜœ™[Û‹ŒLŒMÌŒMŒL‹ŒLMÍLŒÎŒÌMŒÍNLÌÍNLLM‹ŒMÍMÍÎMLMŒKŒLMLŒÌŒNMŒMMŒ‹ËÍÌMMŒLMÌŒÍÍŒM™KLM‚™]™[ÜY[KM‹KKŒØØWÙ\]Z]˜[[ŒLŒMÌŒMŒL‹ŒLMÍLŒÎŒÌMŒÍNLÌÍNLLM‹ŒMÍMÍÎMLMŒKŒLMLŒÌŒNMŒMMŒ‹ËÍÌMMŒLMÌŒÍÍŒM™KLM‚™]™[ÜY[KM‹KKŒ›ØÚ×ÙXYÛÛ˜[ŒLŒNMMŒLÍÌKŒLMÍÎMMÌÍÍNMMMLÍŒNM‹ŒMMMŒLNÍMÍÌÍKŒMNMÍMNLÌM‹‹ŒŒŒŒLLNKLM‚™]™[ÜY[KM‹KKŒØWÜ˜[š×ÛX]ÚYŒLŒKŒLNŒÍŒŒMÎMLLÌÎMLŒÎMÌLLÍŒÎNÎMŒLMŒÎLMLÍLÍŒLŒNNMLÍMMKMLLLMLLŒÌLMÎÙKLM‚™]™[ÜY[KM‹KKŒ˜[™ÛWÜ˜[š×ÛX]ÚYŒLŒMMLLŒÌLMÍLËŒMLÍÍÌÌMÍLM‹NÍÌÌÌMÍŒÍÍÌMMMÎLMŒÍLÍÌŒŒÌLNMÌÌ‹NMŒÍŒLLÌŒKLM‚™]™[ÜY[KM‹KKŒ˜]×Üİ™ŒLŒMÌMLNÍËŒLMMMLLÍLÌMÍLËNLÍŒLŒÌÍNŒMÌNŒMŒÍÎNMKŒÌNLÍMÍŒÌŒŒÌKËŒÌÌLÌÎÍMM™KLM‚™]™[ÜY[KM‹KKŒ[Üİ]WÛÜ˜XÛKŒLŒKŒŒKŒŒŒLŒNLŒ™KLM‚™]™[ÜY[KM‹‹ŒKKÛÜœ™[Û‹ŒLŒNŒŒMLLLMNNKŒLLÎMÎMMNNMNÍŒÌŒŒŒLLËŒLŒNMMËŒLŒMLÌŒNÍKËMÎNŒNKLM‚™]™[ÜY[KM‹‹ŒKKØØWÙ\]Z]˜[[ŒLŒNŒŒMLLLMNNKŒLLÎMÎMMNNMNÍŒÌŒŒŒLLËŒLŒNMMËŒLŒMLÌŒNÍKËMÎNŒNKLM‚™]™[ÜY[KM‹‹ŒKK›ØÚ×ÙXYÛÛ˜[ŒLŒNNMNÌÎMNMÍÌ‹ŒLÌŒÍLÍMÎNNKNMŒNÌÍÍLŒËŒŒMÎNLLÌNNKŒŒMÌŒÍÎ‹‹ŒŒŒŒLLÌLÙKLM‚™]™[ÜY[KM‹‹ŒKKØWÜ˜[š×ÛX]ÚYŒLŒKŒÎÎLÌNŒÌLNŒNMŒÍŒLÎÌNNLÌ‹MÍÍÎÍLŒLŒÌŒ‹ŒLLÎÌLÌL‹ŒLMLMŒŒNMMÌMMLŒNLŒ™KLM‚™]™[ÜY[KM‹‹ŒKK˜[™ÛWÜ˜[š×ÛX]ÚYŒLŒNNMLLÌÍLMLËŒLNLMÍÎMÎËNMLŒÍMMÌMÍŒLLMLÍÌMLÌËŒMNMMÌÍMLLLËËŒÌÌLÌÎÍMM™KLM‚™]™[ÜY[KM‹‹ŒKK˜]×Üİ™ŒLŒNÍNMÌŒÌLKŒNLÌLŒŒŒMÌÌKNMLLÌÌMLMÍŒKŒMLÌMLÍÎNLMMKŒNMÍÍMLNMMKLŒNLŒ™KLM‚™]™[ÜY[KM‹‹ŒKK[Üİ]WÛÜ˜XÛKŒLŒKŒŒKŒŒŒLŒNLŒ™KLM‚™]™[ÜY[KM‹‹ŒK‹ÛÜœ™[Û‹ŒLŒNNNÍKŒLLLÌÍLŒÌLNLKNMŒNLMMËŒLNÌLMNLMŒŒÍÍŒŒŒŒKNMŒÍŒLLÌŒKLM‚™]™[ÜY[KM‹‹ŒK‹ØØWÙ\]Z]˜[[ŒLŒNNNÍKŒLLLÌÍLŒÌLNLKNMŒNLMMËŒLNÌLMNLMŒŒÍÍŒŒŒŒKNMŒÍŒLLÌŒKLM‚™]™[ÜY[KM‹‹ŒK‹›ØÚ×ÙXYÛÛ˜[ŒLŒNNMNÌÎMNMÍÌ‹ŒLÌŒÍLÍMÎNNKNMŒNÌÍÍLŒËŒŒMÎNLLÌNNKŒŒMÌŒÍÎ‹‹ŒŒŒŒLLÌLÙKLM‚™]™[ÜY[KM‹‹ŒK‹ØWÜ˜[š×ÛX]ÚYŒLŒKŒÍMÍÍLLLŒŒMÌLLLNÎÌÍMÍNMNÍŒÎMLÌ‹ŒLMNÎMÌMËŒLÌŒÍÌÌŒLLLLËKNLŒÌŒŒMŒYKLM‚™]™[ÜY[KM‹‹ŒK‹˜[™ÛWÜ˜[š×ÛX]ÚYŒLŒNMNLÍÍMMKŒLŒMLMÎMNMÌÍMÍÍLLÌKŒLLÍŒLŒŒÍLÌMKŒNLÌMŒŒNMŒKLŒNLŒ™KLM‚™]™[ÜY[KM‹‹ŒK‹˜]×Üİ™ŒLŒNLNMŒMMÌŒLÌMÎMŒLËNMLNNM‹ŒLMMMNŒÌÌLŒËŒMLMNNMÍÍK‹ÍÍMMMÍMŒMMŒLMKLM‚™]™[ÜY[KM‹‹ŒK‹[Üİ]WÛÜ˜XÛKŒLŒKŒŒKŒŒŒLŒNLŒ™KLM‚™]™[ÜY[KM‹‹ŒKÛÜœ™[Û‹ŒLŒMÍÍMNLMŒNŒŒLLLŒMLÌŒNÌKNLÎLŒLÎLLKŒMLLŒÍNNÎMÌÌKŒÌNLLÍŒÌKËMÎNŒNKLM‚™]™[ÜY[KM‹‹ŒKØØWÙ\]Z]˜[[ŒLŒMÍÍMNLMŒNŒŒLLLŒMLÌŒNÌKNLÎLŒLÎLLKŒMLLŒÍNNÎMÌÌKŒÌNLLÍŒÌKËMÎNŒNKLM‚™]™[ÜY[KM‹‹ŒK›ØÚ×ÙXYÛÛ˜[ŒLŒNNMNÌÎMNMÍÌ‹ŒLÌŒÍLÍMÎNNKNMŒNÌÍÍLŒËŒŒMÎNLLÌNNKŒŒMÌŒÍÎ‹‹ŒŒŒŒLLÌLÙKLM‚™]™[ÜY[KM‹‹ŒKØWÜ˜[š×ÛX]ÚYŒLŒKŒÌLMÌLLMÌM‹ŒŒNMŒÍÎMÌLÌŒNMÌLŒKŒLNMÍÎMLMÌŒÎÌKŒLLÌŒNŒLLËKŒMNLÌÎNMLÌMMÍMYKLM‚™]™[ÜY[KM‹‹ŒK˜[™ÛWÜ˜[š×ÛX]ÚYŒLŒMÍMLÍŒÌŒŒŒNŒLLLÍÌNNLÍMÍMMËŒMŒNMÍËŒMLNNÍMÍMN‹ÍÍMMMÍMŒMMŒLMKLM‚™]™[ÜY[KM‹‹ŒK˜]×Üİ™ŒLŒMÎŒŒÍMŒLNÌÌLÌMÍNLÎLÍLLÌLLÌŒMLLMMNMLNKŒÌŒNNM‹ËMÎNŒNKLM‚™]™[ÜY[KM‹‹ŒK[Üİ]WÛÜ˜XÛKŒLŒKŒŒKŒŒŒLŒNLŒ™KLM‚™]™[ÜY[KM‹‹ŒKKÛÜœ™[Û‹ŒLŒNNÌLŒŒNLKŒNMÍÌLÌÌŒKNMLÌÌLŒÍMMÎLÍLNËŒLÌLÎLLŒÍM‹ËŒÌÌLÌÎÍMM™KLM‚™]™[ÜY[KM‹‹ŒKKØØWÙ\]Z]˜[[ŒLŒNNÌLŒŒNLKŒNMÍÌLÌÌŒKNMLÌÌLŒÍMMÎLÍLNËŒLÌLÎLLŒÍM‹ËŒÌÌLÌÎÍMM™KLM‚™]™[ÜY[KM‹‹ŒKK›ØÚ×ÙXYÛÛ˜[ŒLŒNLÌÍŒÍÍÍŒNÍÌLLŒÎLLKNMNLÌNMŒMËŒLLLÍLNLÎKŒŒÍÌÌNNNN‹ÌÍÎNÎMMŒYKLM‚™]™[ÜY[KM‹‹ŒKKØWÜ˜[š×ÛX]ÚYŒLŒKŒMLLÍNKŒNMÌÍÍLÌÌMÎMÍÌÌÌÍNMÍÍMËŒLNNMMŒNÍNKŒLLLMÌÌŒMÍKMLLLMLLŒÌLMÎÙKLM‚™]™[ÜY[KM‹‹ŒKK˜[™ÛWÜ˜[š×ÛX]ÚYŒLŒNMŒÍNÎMÍÎNLÍËŒNLNMÎLÎÌKNMLNÍÍŒÌŒLMNÍN‹ŒMNŒÎÎÍŒ‹LŒNLŒ™KLM‚™]™[ÜY[KM‹‹ŒKK˜]×Üİ™ŒLŒNMŒNMÎNMLÎŒMLLÌMÌÌMËNMLÎÌÍŒMŒNÍÌLÌMÌŒŒKŒÌÌLÎMNLM‹KMLLLMLLŒÌLMÎÙKLM‚™]™[ÜY[KM‹‹ŒKK[Üİ]WÛÜ˜XÛKŒLŒKŒŒKŒŒŒLŒLÌNLMKLM‚™]™[ÜY[KM‹‹ŒK‹ÛÜœ™[Û‹ŒLŒMÎLMÎMLKŒLÌÍMM‹NMNNLÍMLŒÎKŒLNMŒLLÌLMÌÍLÍKŒLLNNNMN‹ŒLÌÎMÍÍLLÎYKLM‚™]™[ÜY[KM‹‹ŒK‹ØØWÙ\]Z]˜[[ŒLŒMÎLMÎMLKŒLÌÍMM‹NMNNLÍMLŒÎKŒLNMŒLLÌLMÌÍLÍKŒLLNNNMN‹ŒLÌÎMÍÍLLÎYKLM‚™]™[ÜY[KM‹‹ŒK‹›ØÚ×ÙXYÛÛ˜[ŒLŒNLÌÍŒÍÍÍŒNÍÌLLŒÎLLKNMNLÌNMŒMËŒLLLÍLNLÎKŒŒÍÌÌNNNN‹ÌÍÎNÎMMŒYKLM‚™]™[ÜY[KM‹‹ŒK‹ØWÜ˜[š×ÛX]ÚYŒLŒKŒÍŒMMNM‹ŒŒŒMÌLŒMŒÍËMÍMNLŒNLÌMÌËŒLLŒÌMLŒLLËŒLLÌMNNÌŒMMÎNMÌLL™KLM‚™]™[ÜY[KM‹‹ŒK‹˜[™ÛWÜ˜[š×ÛX]ÚYŒLŒMÎMLMÌMÌÍŒLÌ‹ŒLÌLLMMÌ‹NMLÎLŒÍÍMŒËŒLŒMÌŒLÎLLŒÌLNMMLŒÍMLËËŒÌÌLÌÎÍMM™KLM‚™]™[ÜY[KM‹‹ŒK‹˜]×Üİ™ŒLŒNÌLMŒMMŒËŒLNÌŒMLŒÎNMÌLÍÍNÌŒ‹ŒLMLLÌMLLLKŒLŒÌMÍLÌÌNËLŒNLŒ™KLM‚™]™[ÜY[KM‹‹ŒK‹[Üİ]WÛÜ˜XÛKŒLŒKŒŒKŒŒŒLŒLÌNLMKLM‚™]™[ÜY[KM‹‹ŒKÛÜœ™[Û‹ŒLŒMÍŒMÍLNŒKŒLLMMÌÍÎËNLÎMNÎLNNÌÎKŒMMŒNLÍÍÍÌÎLKŒÌMLÍÍŒMËÌNÎMMLMYKLM‚™]™[ÜY[KM‹‹ŒKØØWÙ\]Z]˜[[ŒLŒMÍŒMÍLNŒKŒLLMMÌÍÎËNLÎMNÎLNNÌÎKŒMMŒNLÍÍÍÌÎLKŒÌMLÍÍŒMËÌNÎMMLMYKLM‚™]™[ÜY[KM‹‹ŒK›ØÚ×ÙXYÛÛ˜[ŒLŒNLÌÍŒÍÍÍŒNÍÌLLŒÎLLKNMNLÌNMŒMËŒLLLÍLNLÎKŒŒÍÌÌNNNN‹ÌÍÎNÎMMŒYKLM‚™]™[ÜY[KM‹‹ŒKØWÜ˜[š×ÛX]ÚYŒLŒKŒÍLŒNŒNNŒŒŒŒMÍNLÌNNMÌÎÌMLMÍŒLŒMMÌMMLÌÎŒLŒÌŒŒMÌMÍÌMKKŒMÌLNÌÌÎLÎNÙKLMB™]™[ÜY[KM‹‹ŒK˜[™ÛWÜ˜[š×ÛX]ÚYŒLŒMÍNMÍNŒLLNMŒLLMŒLÍŒNMLÍ‹NLÍMLLŒŒLÍÌÍÌ‹ŒMMŒLLŒLLLKŒMÎNŒÍŒN‹ÍÍMMMÍMŒMMŒLMKLM‚™]™[ÜY[KM‹‹ŒK˜]×Üİ™ŒLŒMÍÎNŒÌKŒLLŒMÌMLNMŒNŒÍNŒMÍŒÍÍÎMÍÌNKŒNLNMLÍLMMLŒNLŒ™KLM‚™]™[ÜY[KM‹‹ŒK[Üİ]WÛÜ˜XÛKŒLŒKŒŒKŒŒŒLŒLÌNLMKLM‚™]™[ÜY[KM‹‹KKÛÜœ™[Û‹ŒLŒMÌÍMÍMNLËŒLÌÍÍÍLNNNMŒŒŒÌÎËŒLNLMŒMËŒŒÍÌNLLŒÍNNKKŒMNLÌÎNMLÌMMÍMYKLM‚™]™[ÜY[KM‹‹KKØØWÙ\]Z]˜[[ŒLŒMÌÍMÍMNLËŒLÌÍÍÍLNNNMŒŒŒÌÎËŒLNLMŒMËŒŒÍÌNLLŒÍNNKKŒMNLÌÎNMLÌMMÍMYKLM‚™]™[ÜY[KM‹‹KK›ØÚ×ÙXYÛÛ˜[ŒLŒMÍŒŒŒMÍNMKŒLÍŒÎMNMLMNMLÎÍŒLMÍLËŒLÍNMLÍÍMMŒŒŒLNŒMMLL‹ŒŒŒŒLLÌLÙKLM‚™]™[ÜY[KM‹‹KKØWÜ˜[š×ÛX]ÚYŒLŒKŒÍLLLLLNŒMŒNMÌLLÎÎMÌMÍŒL‹MÎMÌŒŒŒLÍÎLÌLŒÎKŒLÍŒÍMÍNÍ‹LŒNLŒ™KLM‚™]™[ÜY[KM‹‹KK˜[™ÛWÜ˜[š×ÛX]ÚYŒLŒMÌMNÍLÍÌÌKŒLLNLLMŒNNNLÎŒÌÎLMKŒMMÍÍNLMËŒŒÎLMÍLMMÌLŒMËMÎNŒNKLM‚™]™[ÜY[KM‹‹KK˜]×Üİ™ŒLŒMÌÌMŒÌÍNÍŒKŒLŒŒŒŒLÍML‹NMÎMŒLÎM‹ŒLMMŒMÌÌÍNLLKŒŒNMLÌŒÍÍÍLLÍLM‹ŒLŒŒŒÍMÎÍŒYKLM‚™]™[ÜY[KM‹‹KK[Üİ]WÛÜ˜XÛKŒLŒKŒŒKŒŒŒ‹ÍÍMMMÍMŒMMŒLMKLM‚™]™[ÜY[KM‹‹K‹ÛÜœ™[Û‹ŒLŒMMÌMLÎŒKŒLŒŒÌŒÎLÍMKNLÎMLŒŒMMŒŒ‹ŒMLÍMÍLŒLMMKŒŒÌÍŒMÌLÍMÌM‹ŒMŒÌÌÍŒÍŒÍÌÍÙKLM‚™]™[ÜY[KM‹‹K‹ØØWÙ\]Z]˜[[ŒLŒMMÌMLÎŒKŒLŒŒÌŒÎLÍMKNLÎMLŒŒMMŒŒ‹ŒMLÍMÍLŒLMMKŒŒÌÍŒMÌLÍMÌM‹ŒMŒÌÌÍŒÍŒÍÌÍÙKLM‚™]™[ÜY[KM‹‹K‹›ØÚ×ÙXYÛÛ˜[ŒLŒMÍŒŒŒMÍNMKŒLÍŒÎMNMLMNMLÎÍŒLMÍLËŒLÍNMLÍÍMMŒŒŒLNŒMMLL‹ŒŒŒŒLLÌLÙKLM‚™]™[ÜY[KM‹‹K‹ØWÜ˜[š×ÛX]ÚYŒLŒKŒLŒÍŒMLMÎŒŒÌÍŒÍMÍNNMÍÍ‹MÍŒŒÎNLŒÎLMŒ‹ŒLLLŒÎMLMÍLÌKŒLNNLLÎÍŒŒLËKNLŒÌŒŒMŒYKLM‚™]™[ÜY[KM‹‹K‹˜[™ÛWÜ˜[š×ÛX]ÚYŒLŒMLLÌÌÌÌÎMKŒLNNNNLÌMÌNLÌLŒÌLŒÌŒKŒNŒÎŒMMÌLÌM‹ŒMÌÌNLÍÎLËËMÎNŒNKLM‚™]™[ÜY[KM‹‹K‹˜]×Üİ™ŒLŒMÌNLMMLÌÌËŒLÌŒÌÍÌÍMŒMLMŒËNMMÍNLLLMKŒMLMÌNMLŒLŒÍÌMLNÌLÍ‹‹ŒLŒŒŒÍMÎÍŒYKLM‚™]™[ÜY[KM‹‹K‹[Üİ]WÛÜ˜XÛKŒLŒKŒŒKŒŒŒ‹ÍÍMMMÍMŒMMŒLMKLM‚™]™[ÜY[KM‹‹KÛÜœ™[Û‹ŒLŒMLÍLÍLLKŒLNÍÍMŒÎÍÍÌNLMNLMLM‹ŒNNLÌLŒNMÌÌ‹ŒÌLNNMÎÌKKMLLLMLLŒÌLMÎÙKLM‚™]™[ÜY[KM‹‹KØØWÙ\]Z]˜[[ŒLŒMLÍLÍLLKŒLNÍÍMŒÎÍÍÌNLMNLMLM‹ŒNNLÌLŒNMÌÌ‹ŒÌLNNMÎÌKKMLLLMLLŒÌLMÎÙKLM‚™]™[ÜY[KM‹‹K›ØÚ×ÙXYÛÛ˜[ŒLŒMÍŒŒŒMÍNMKŒLÍŒÎMNMLMNMLÎÍŒLMÍLËŒLÍNMLÍÍMMŒŒŒLNŒMMLL‹ŒŒŒŒLLÌLÙKLM‚™]™[ÜY[KM‹‹KØWÜ˜[š×ÛX]ÚYŒLŒKŒÍÌMÍLÌÍMŒŒŒÍMÌÌŒMÌNKMMMMMMLMÍ‹ŒLŒÍNMÎLÍÍŒLNÍÍÍÍMÍNMŒËÍÌMMŒLMÌŒÍÍŒM™KLM‚™]™[ÜY[KM‹‹K˜[™ÛWÜ˜[š×ÛX]ÚYŒLŒMLÍÍMNLKŒLÎMNLŒÍÌŒŒ‹NLŒÎÍŒÎMŒŒMMÍÌŒMLLLŒMKŒNMÌÌÎNËNMŒÍŒLLÌŒKLM‚™]™[ÜY[KM‹‹K˜]×Üİ™ŒLŒMŒMÎÍÌLËŒLMÌLÎLÍÎNLMÌMŒÍLMMŒNMÍŒMMMÍNMKŒNMŒÍMŒMNKMLLLMLLŒÌLMÎÙKLM‚™]™[ÜY[KM‹‹K[Üİ]WÛÜ˜XÛKŒLŒKŒŒKŒŒŒ‹ÍÍMMMÍMŒMMŒLMKLM‚™]™[ÜY[KM‹‹KŒKÛÜœ™[Û‹ŒLŒNNNNNMMÍLÍŒLMÎÌNŒÌLÎNMÌNMÌÍNKŒLMMLÎÍLÌNMM‹ŒLÌÍLMÎLMLŒNLŒ™KLM‚™]™[ÜY[KM‹‹KŒKØØWÙ\]Z]˜[[ŒLŒNNNNNMMÍLÍŒLMÎÌNŒÌLÎNMÌNMÌÍNKŒLMMLÎÍLÌNMM‹ŒLÌÍLMÎLMLŒNLŒ™KLM‚™]™[ÜY[KM‹‹KŒK›ØÚ×ÙXYÛÛ˜[ŒLŒNLLŒKŒLMLÌLMNLLËNLÍÌÎLMŒÎÍMËŒMŒNLÍÌLÍŒLLLMŒÍŒNLŒÌÌËŒÌŒMŒMLNLÍYKLM‚™]™[ÜY[KM‹‹KŒKØWÜ˜[š×ÛX]ÚYŒLŒKŒÎLLLMŒËŒŒMÎÎLMLNÍKMÎMLLMŒNŒLLŒÍŒÍŒMÍKŒLŒŒMÌÌMMMÍLÌMËMÎNMÌLL™KLM‚™]™[ÜY[KM‹‹KŒK˜[™ÛWÜ˜[š×ÛX]ÚYŒLŒNŒÌMŒNMÍŒÍKŒLLMÍMÌ‹NLMŒŒÌMÌŒÎLNMLNKŒNLÌMÍNLÌLŒLËËŒŒÌÌMÍNYKLM‚™]™[ÜY[KM‹‹KŒK˜]×Üİ™ŒLŒNŒLÎLMMÍ‹ŒLŒMMLLNMÍÌÌÍNNMN‹ŒLLLŒNLMMLŒKŒLÎMNLÍNLLLÍKŒMŒÌÌÍŒÍŒÍÌÍÙKLM‚™]™[ÜY[KM‹‹KŒK[Üİ]WÛÜ˜XÛKŒLŒKŒŒKŒŒŒ‹ŒLŒŒŒÍMÎÍŒYKLM‚™]™[ÜY[KM‹‹KŒ‹ÛÜœ™[Û‹ŒLŒNLMNLNMLKŒLNLÍLŒÎMLÌLÌËNMLLÌÍŒLÎMM‹ŒLŒÌMŒMLÌMŒMNMŒMÌNNKËŒÌÌLÌÎÍMM™KLM‚™]™[ÜY[KM‹‹KŒ‹ØØWÙ\]Z]˜[[ŒLŒNLMNLNMLKŒLNLÍLŒÎMLÌLÌËNMLLÌÍŒLÎMM‹ŒLŒÌMŒMLÌMŒMNMŒMÌNNKËŒÌÌLÌÎÍMM™KLM‚™]™[ÜY[KM‹‹KŒ‹›ØÚ×ÙXYÛÛ˜[ŒLŒNLLŒKŒLMLÌLMNLLËNLÍÌÎLMŒÎÍMËŒMŒNLÍÌLÍŒLLLMŒÍŒNLŒÌÌËŒÌŒMŒMLNLÍYKLM‚™]™[ÜY[KM‹‹KŒ‹ØWÜ˜[š×ÛX]ÚYŒLŒKŒÍLÎÍLLNKŒŒÌÌMÌÌMÌMKMÍÍMNNLLÎKŒLNLÌMÌÍMKŒLMŒMÌÍMNNMMÎK‹ŒLŒŒŒÍMÎÍŒYKLM‚™]™[ÜY[KM‹‹KŒ‹˜[™ÛWÜ˜[š×ÛX]ÚYŒLŒMÍÍMMMÍMLLLËŒLÎLÌLŒŒÎNNLŒMŒMMŒÌKŒMÍŒÎÎÌLKŒŒLÎÍMÍŒŒLÍŒNM‹KMLLLMLLŒÌLMÎÙKLM‚™]™[ÜY[KM‹‹KŒ‹˜]×Üİ™ŒLŒNLMÍÎLÌÍŒ‹ŒLŒNÍÍÌÎMNNNMLÍŒMÌÎNLNLÎŒLŒÍÌLMÌÌÎMŒMŒÌMÎMMMÍKËŒÌÌLÌÎÍMM™KLM‚™]™[ÜY[KM‹‹KŒ‹[Üİ]WÛÜ˜XÛKŒLŒKŒŒKŒŒŒ‹ŒLŒŒŒÍMÎÍŒYKLM‚™]™[ÜY[KM‹‹KŒÛÜœ™[Û‹ŒLŒMÎMŒÎNNLÌMËŒLLLÍLLŒLNNLÍLÍÌMNŒÍÌŒMÌLLMLMŒNLÎLÎŒÌÌŒKKŒÌÍMNLÍMMMKLM‚™]™[ÜY[KM‹‹KŒØØWÙ\]Z]˜[[ŒLŒMÎMŒÎNNLÌMËŒLLLÍLLŒLNNLÍLÍÌMNŒÍÌŒMÌLLMLMŒNLÎLÎŒÌÌŒKKŒÌÍMNLÍMMMKLM‚™]™[ÜY[KM‹‹KŒ›ØÚ×ÙXYÛÛ˜[ŒLŒNLLŒKŒLMLÌLMNLLËNLÍÌÎLMŒÎÍMËŒMŒNLÍÌLÍŒLLLMŒÍŒNLŒÌÌËŒÌŒMŒMLNLÍYKLM‚™]™[ÜY[KM‹‹KŒØWÜ˜[š×ÛX]ÚYŒLŒKŒÌÌÍÎLNKŒŒÎLŒMÌNM‹MÌNMŒÍNŒLLMŒMÌMNNNKŒLMÌMŒLÍŒÌMKKÌNLÌŒLÌÍYKLMB™]™[ÜY[KM‹‹KŒ˜[™ÛWÜ˜[š×ÛX]ÚYŒLŒMÌMÌMŒMMNÌÎKŒMLÍÌMÌLNNLÍŒËNMNMNMÌŒMNL‹ŒÌŒLLMMŒNLŒKŒLŒÍŒÍKKMLLLMLLŒÌLMÎÙKLM‚™]™[ÜY[KM‹‹KŒ˜]×Üİ™ŒLŒMÎMMÌMÍMMLŒLÎŒŒLMŒÍNLMÌËNLÍLLMMÌÍÍ‹ŒMŒÍŒMÍÍŒÎKŒNÌŒÌÍÎLË‹ŒLŒŒŒÍMÎÍŒYKLM‚™]™[ÜY[KM‹‹KŒ[Üİ]WÛÜ˜XÛKŒLŒKŒŒKŒŒŒ‹ŒLŒŒŒÍMÎÍŒYKLM‚™]™[ÜY[KM‹ŒKKÛÜœ™[Û‹ŒLŒNŒÍÍŒLÍMMMËŒLŒMMMNNMÍKNMÎLÍMËŒLMNLLÌÍŒNNMLÍLÍMÌMLËËŒÌÌLÌÎÍMM™KLM‚™]™[ÜY[KM‹ŒKKØØWÙ\]Z]˜[[ŒLŒNŒÍÍŒLÍMMMËŒLŒMMMNNMÍKNMÎLÍMËŒLMNLLÌÍŒNNMLÍLÍMÌMLËËŒÌÌLÌÎÍMM™KLM‚™]™[ÜY[KM‹ŒKK›ØÚ×ÙXYÛÛ˜[ŒLŒNÌNLŒÌÍLÌMŒKŒNÌMŒMMŒÌŒ‹NMMŒÍMÎÍLËŒÎÍNÍLLÌNLKŒŒMMÍLMÍŒÌÌÍLË‹ŒŒŒŒLLÎLÙKLM‚™]™[ÜY[KM‹ŒKKØWÜ˜[š×ÛX]ÚYŒLŒKŒMMŒÎMŒÍMKŒNNLMNMÌÍLÎLMÎLŒMŒMMÎÍM‹ŒLNMNNNKŒLLÌLMÎÌL‹MÎNMÌLL™KLM‚™]™[ÜY[KM‹ŒKK˜[™ÛWÜ˜[š×ÛX]ÚYŒLŒNÍMÌÌÌMKŒLMÎMŒLÍNÌMÍKNMÌŒMÍLÌNMËŒLMÍLÌMÍŒÌÍMÍÌËŒMMÌÍMKËMÎNŒNKLM‚™]™[ÜY[KM‹ŒKK˜]×Üİ™ŒLŒNMNLŒÌÎMMŒŒ‹ŒLLMÍÍŒÍÎMËNMLLÌLNNŒLÍÍÌLŒÌÍŒMŒMNLŒÎËMÎNŒNKLM‚™]™[ÜY[KM‹ŒKK[Üİ]WÛÜ˜XÛKŒLŒKŒŒKŒŒŒKŒLÍÎMLLÍYKLM‚™]™[ÜY[KM‹ŒK‹ÛÜœ™[Û‹ŒLŒNMŒÌÌÍÌÎMKŒLMMMLMŒÌËNLÍLÌLNLŒNLÌKŒMMÌŒLÌLNŒÎŒÌÍMNMNÍK‹ŒLŒŒŒÍMÎÍŒYKLM‚™]™[ÜY[KM‹ŒK‹ØØWÙ\]Z]˜[[ŒLŒNMŒÌÌÍÌÎMKŒLMMMLMŒÌËNLÍLÌLNLŒNLÌKŒMMÌŒLÌLNŒÎŒÌÍMNMNÍK‹ŒLŒŒŒÍMÎÍŒYKLM‚™]™[ÜY[KM‹ŒK‹›ØÚ×ÙXYÛÛ˜[ŒLŒNÌNLŒÌÍLÌMŒKŒNÌMŒMMŒÌŒ‹NMMŒÍMÎÍLËŒÎÍNÍLLÌNLKŒŒMMÍLMÍŒÌÌÍLË‹ŒŒŒŒLLÎLÙKLM‚™]™[ÜY[KM‹ŒK‹ØWÜ˜[š×ÛX]ÚYŒLŒKŒMÍÎLNÍNLLËŒŒLLÎMLLŒLÎKMÍÌLMLÌÍÍÍNÎŒLMÌÌÍÎMËŒLMÍLÎMÌLÌMMËKÌŒMMNL™KLMB™]™[ÜY[KM‹ŒK‹˜[™ÛWÜ˜[š×ÛX]ÚYŒLŒNNMÌÌŒŒÍÍÍŒËŒLLÌLLLNMLŒMŒËNLÎÍMÍMÍÍÌÎŒ‹ŒMMLMLÌLÎLËŒLŒÍŒÍÍŒÎLÎM‹KMLLLMLLŒÌLMÎÙKLM‚™]™[ÜY[KM‹ŒK‹˜]×Üİ™ŒLŒNŒÍLÍLLKŒLLŒLMMÍMNNLÎMMŒŒLLÎ‹ŒMMÌMMŒLÌLNŒÌLLLNLÍLË‹ŒLŒŒŒÍMÎÍŒYKLM‚™]™[ÜY[KM‹ŒK‹[Üİ]WÛÜ˜XÛKŒLŒKŒŒKŒŒŒKŒLÍÎMLLÍYKLM‚™]™[ÜY[KM‹ŒKÛÜœ™[Û‹ŒLŒMÍMŒÌNŒMËŒLŒÍÍÎÍÎNLŒÌŒNNLMLLÎLŒMÌÎŒNNLÍÌÍMLÌŒNŒÌŒNMLMMŒKNMŒÍŒLLÌŒKLM‚™]™[ÜY[KM‹ŒKØØWÙ\]Z]˜[[ŒLŒMÍMŒÌNŒMËŒLŒÍÍÎÍÎNLŒÌŒNNLMLLÎLŒMÌÎŒNNLÍÌÍMLÌŒNŒÌŒNMLMMŒKNMŒÍŒLLÌŒKLM‚™]™[ÜY[KM‹ŒK›ØÚ×ÙXYÛÛ˜[ŒLŒNÌNLŒÌÍLÌMŒKŒNÌMŒMMŒÌŒ‹NMMŒÍMÎÍLËŒÎÍNÍLLÌNLKŒŒMMÍLMÍŒÌÌÍLË‹ŒŒŒŒLLÎLÙKLM‚™]™[ÜY[KM‹ŒKØWÜ˜[š×ÛX]ÚYŒLŒKŒLMŒÍÎMËŒŒŒŒŒÎLMNLŒMMKMÌÎÍNLŒLÍŒLŒÌÌLÍŒÌLLÎNLÍŒLÌMŒLÌMÌÌÎNËÍÌMMŒLMÌŒÍÍŒM™KLM‚™]™[ÜY[KM‹ŒK˜[™ÛWÜ˜[š×ÛX]ÚYŒLŒMÍÌLŒŒMNNMMKŒLŒÌMÌLLËNLÌNLÌÌÌÌŒL‹ŒNÍÍÎMLLNKŒLÍMŒMMÌÍMMŒËLŒNLŒ™KLM‚™]™[ÜY[KM‹ŒK˜]×Üİ™ŒLŒMÍÍÍNLMÌKŒLŒŒÌNLÍMNLMLMLŒLÌ‹ŒNLÌLMLÍŒÍŒÌMNLÌÌML‹ËMÎNŒNKLM‚™]™[ÜY[KM‹ŒK[Üİ]WÛÜ˜XÛKŒLŒKŒŒKŒŒŒKŒLÍÎMLLÍYKLM‚™]™[ÜY[KM‹ŒKKÛÜœ™[Û‹ŒLŒMÍÍÌMLLÎMMKŒLÍŒŒŒMKNMLŒÌÌÍ‹ŒMLÍMÍMMËŒŒŒŒLÎLLLÎNNKŒÌÍMNLÍMMMKLM‚™]™[ÜY[KM‹ŒKKØØWÙ\]Z]˜[[ŒLŒMÍÍÌMLLÎMMKŒLÍŒŒŒMKNMLŒÌÌÍ‹ŒMLÍMÍMMËŒŒŒŒLÎLLLÎNNKŒÌÍMNLÍMMMKLM‚™]™[ÜY[KM‹ŒKK›ØÚ×ÙXYÛÛ˜[ŒLŒNNMŒLÍÍŒLL‹ŒLŒŒLMÍÌKNMNMÍÌÍLÌLÍŒÍÌŒMŒÎMLL‹ŒMŒMÍÎÌM‹KŒLŒÌMYKLM‚™]™[ÜY[KM‹ŒKKØWÜ˜[š×ÛX]ÚYŒLŒKŒÌÍÌLLŒLMKŒNNLLMÌÌÍ‹MÍÍÍÎLLÍMÍMMKŒLMŒNMMLËŒLMŒÌÌÌÍLÍKŒMÌLNÌÌÎLÎNÙKLMB™]™[ÜY[KM‹ŒKK˜[™ÛWÜ˜[š×ÛX]ÚYŒLŒMÎÌÍLMLÌÌËŒLLŒMÍŒNÌMLKNMNNÍMLMML‹ŒLÍÌLŒÍMŒÍŒŒLÎÍÍMÍL‹ÍÍMMMÍMŒMMŒLMKLM‚™]™[ÜY[KM‹ŒKK˜]×Üİ™ŒLŒMÎLMÌLÎÎÍŒNMÍMMMMÌMM‹NMLMLNÎN‹ŒMLLÌÍÌÌÍŒMËŒŒNMNŒMLŒNLŒ™KLM‚™]™[ÜY[KM‹ŒKK[Üİ]WÛÜ˜XÛKŒLŒKŒŒKŒŒŒËMÎNŒNKLM‚™]™[ÜY[KM‹ŒK‹ÛÜœ™[Û‹ŒLŒMÍLÌÌŒÍMNMËŒLŒŒLLNLMLŒËNMNÌMŒÌLNKŒLŒÌLLÎMNŒLÍŒLŒÌÍ‹KMLLLMLLŒÌLMÎÙKLM‚™]™[ÜY[KM‹ŒK‹ØØWÙ\]Z]˜[[ŒLŒMÍLÌÌŒÍMNMËŒLŒŒLLNLMLŒËNMNÌMŒÌLNKŒLŒÌLLÎMNŒLÍŒLŒÌÍ‹KMLLLMLLŒÌLMÎÙKLM‚™]™[ÜY[KM‹ŒK‹›ØÚ×ÙXYÛÛ˜[ŒLŒNNMŒLÍÍŒLL‹ŒLŒŒLMÍÌKNMNMÍÌÍLÌLÍŒÍÌŒMŒÎMLL‹ŒMŒMÍÎÌM‹KŒLŒÌMYKLM‚™]™[ÜY[KM‹ŒK‹ØWÜ˜[š×ÛX]ÚYŒLŒKŒLLÎLÍÌLKŒŒŒNŒNNLÌMKMÍŒÎMMLŒMÍËŒLLÎLÌNŒÍŒLMLŒŒŒNNNMËKŒMMÌÍMÍNMMKLMB™]™[ÜY[KM‹ŒK‹˜[™ÛWÜ˜[š×ÛX]ÚYŒLŒMÍŒNMMLÍLKŒLMŒNNMÌ‹NMÍÌŒMKŒLÍMÎMÌÍÎKŒŒMNLMÍÍŒÍË‹ŒŒŒŒLLÌLÙKLM‚™]™[ÜY[KM‹ŒK‹˜]×Üİ™ŒLŒMÍLÍMŒNNMNKŒLMMNLMNMËNMŒMÌÍÌŒM‹ŒLNÎMLÌNMKŒMÍÎÌÌMNMŒÍŒLLÌŒKLM‚™]™[ÜY[KM‹ŒK‹[Üİ]WÛÜ˜XÛKŒLŒKŒŒKŒŒŒËMÎNŒNKLM‚™]™[ÜY[KM‹ŒKÛÜœ™[Û‹ŒLŒMÌNLMÍÌ‹ŒLLÍÍÎMËNLÎMÌŒLÍ‹ŒMMŒŒMŒŒËŒLÌLŒMLLMÌMM‹‹ŒLŒŒŒÍMÎÍŒYKLM‚™]™[ÜY[KM‹ŒKØØWÙ\]Z]˜[[ŒLŒMÌNLMÍÌ‹ŒLLÍÍÎMËNLÎMÌŒLÍ‹ŒMMŒŒMŒŒËŒLÌLŒMLLMÌMM‹‹ŒLŒŒŒÍMÎÍŒYKLM‚™]™[ÜY[KM‹ŒK›ØÚ×ÙXYÛÛ˜[ŒLŒNNMŒLÍÍŒLL‹ŒLŒŒLMÍÌKNMNMÍÌÍLÌLÍŒÍÌŒMŒÎMLL‹ŒMŒMÍÎÌM‹KŒLŒÌMYKLM‚™]™[ÜY[KM‹ŒKØWÜ˜[š×ÛX]ÚYŒLŒKŒMNŒLMŒÎŒŒŒÎMŒMÎÍŒ‹MMMÍMMÍLMÌ‹ŒLŒÌÍÎLNLNKŒLNMÌÌMÍÌÌÎKŒŒÌÌLLÎÍLÙKLM‚™]™[ÜY[KM‹ŒK˜[™ÛWÜ˜[š×ÛX]ÚYŒLŒMÌLÌMŒLÍ‹ŒLNMMLMÌŒŒÍNLÌŒÎLMÌÍ‹ŒMÎLÎÎNLÍLÌÎÍKŒLMMMÍLMÍÍKËÍÌMMŒLMÌŒÍÍŒM™KLM‚™]™[ÜY[KM‹ŒK˜]×Üİ™ŒLŒMÌŒÎÍÌÍÎLÍ‹ŒLLÌŒÎMLMLÍËNLÎMÍÌMMMÍMŒMMNNLMLŒŒÌLÎLËŒÍMLMÍLŒKNMŒÍŒLLÌŒKLM‚™]™[ÜY[KM‹ŒK[Üİ]WÛÜ˜XÛKŒLŒKŒŒKŒŒŒËMÎNŒNKLM‚™]™[ÜY[KM‹KKÛÜœ™[Û‹ŒLŒNLÌÎÎMŒÌÍËŒLNLÌMÍÌÍŒËNMŒLMÌÍŒ‹ŒMÎŒMŒMNLŒŒMLLNLNLŒË‹ŒLÌÎMÍÍLLÎYKLM‚™]™[ÜY[KM‹KKØØWÙ\]Z]˜[[ŒLŒNLÌÎÎMŒÌÍËŒLNLÌMÍÌÍŒËNMŒLMÌÍŒ‹ŒMÎŒMŒMNLŒŒMLLNLNLŒË‹ŒLÌÎMÍÍLLÎYKLM‚™]™[ÜY[KM‹KK›ØÚ×ÙXYÛÛ˜[ŒLŒNMMŒMMLÎMÍŒLKŒLŒNLMÍLNÍŒËNMLÌÍÍMKŒLMÍMÍÎNLNKŒMÍMLÌLMLMÍKËŒNLLÍÍŒÎLNÍKLM‚™]™[ÜY[KM‹KKØWÜ˜[š×ÛX]ÚYŒLŒKŒŒÌÌŒÍÍLLÌMŒŒŒÍLÌÎLÍÌKMÍNLLŒŒLMÌÌËŒLÌNLLLÌLŒËŒLMLLMLŒÍÍŒÍKÌNÎMMLMYKLM‚™]™[ÜY[KM‹KK˜[™ÛWÜ˜[š×ÛX]ÚYŒLŒNÍÌNÎNNNŒLMLMNLLŒMÌ‹NLÌÌÍMMËŒNÌNMŒŒŒÌÌLLLÍNËKMLLLMLLŒÌLMÎÙKLM‚™]™[ÜY[KM‹KK˜]×Üİ™ŒLŒNLÍÎÌÎÌÌÌÍ‹ŒLŒŒŒMMLLŒNNMNLÎMÌŒMLÎŒMNNLŒNMŒŒMMÍNMMÌÌÌNMËËÍÌMMŒLMÌŒÍÍŒM™KLM‚™]™[ÜY[KM‹KK[Üİ]WÛÜ˜XÛKŒLŒKŒŒKŒŒŒËMÎNŒNKLM‚™]™[ÜY[KM‹K‹ÛÜœ™[Û‹ŒLŒNÌÍNNNKŒLNMLÎLNMŒLNLMÍÌÌLËŒLÍÌMNMŒMŒNLŒŒNLÎLÌMMŒ‹KLŒÌÍÌLÍŒÎKLM‚™]™[ÜY[KM‹K‹ØØWÙ\]Z]˜[[ŒLŒNÌÍNNNKŒLNMLÎLNMŒLNLMÍÌÌLËŒLÍÌMNMŒMŒNLŒŒNLÎLÌMMŒ‹KLŒÌÍÌLÍŒÎKLM‚™]™[ÜY[KM‹K‹›ØÚ×ÙXYÛÛ˜[ŒLŒNMMŒMMLÎMÍŒLKŒLŒNLMÍLNÍŒËNMLÌÍÍMKŒLMÍMÍÎNLNKŒMÍMLÌLMLMÍKËŒNLLÍÍŒÎLNÍKLM‚™]™[ÜY[KM‹K‹ØWÜ˜[š×ÛX]ÚYŒLŒKŒÍÍMÍMÍKŒŒÍÍNMLŒÎLÍKMÍNŒMLËŒLLŒNLÍLMÌ‹ŒLLNNNLNL‹KŒMNLÌÎNMLÌMMÍMYKLM‚™]™[ÜY[KM‹K‹˜[™ÛWÜ˜[š×ÛX]ÚYŒLŒMÎNMNÎÌÍ‹ŒLŒŒÌLNËNLŒŒÍÍLÍŒNMÌNŒŒŒNMLÌŒŒNMM‹ŒLNLMLLLÍËNMŒÍŒLLÌŒKLM‚™]™[ÜY[KM‹K‹˜]×Üİ™ŒLŒNMÍÍÍLÌLÌÌKŒLLÌŒÍÎÌŒÌŒÍKNMNMLLMMÍŒËŒLÎŒMMŒŒKŒŒŒNLŒÎMMÍÌËMÎMNMÍMÎÍÌYKLM‚™]™[ÜY[KM‹K‹[Üİ]WÛÜ˜XÛKŒLŒKŒŒKŒŒŒËMÎNŒNKLM‚™]™[ÜY[KM‹KÛÜœ™[Û‹ŒLŒMÍÍMMŒŒNLMÌM‹ŒLLMLŒŒÌŒÌKNLÍLLŒÍŒMÍÎMËŒMÌŒLLMÍÌLMËŒÎÌÌŒŒÍŒLË‹ŒŒŒŒLLÌLÙKLM‚™]™[ÜY[KM‹KØØWÙ\]Z]˜[[ŒLŒMÍÍMMŒŒNLMÌM‹ŒLLMLŒŒÌŒÌKNLÍLLŒÍŒMÍÎMËŒMÌŒLLMÍÌLMËŒÎÌÌŒŒÍŒLË‹ŒŒŒŒLLÌLÙKLM‚™]™[ÜY[KM‹K›ØÚ×ÙXYÛÛ˜[ŒLŒNMMŒMMLÎMÍŒLKŒLŒNLMÍLNÍŒËNMLÌÍÍMKŒLMÍMÍÎNLNKŒMÍMLÌLMLMÍKËŒNLLÍÍŒÎLNÍKLM‚™]™[ÜY[KM‹KØWÜ˜[š×ÛX]ÚYŒLŒKŒÌÍMMMÎLNLŒLËŒŒŒLŒLNMLLKMÌÍNLÎMŒLŒLÌÌÎŒLŒLÌMŒŒÎŒÌÎMÌMËMÎNMÌLL™KLM‚™]™[ÜY[KM‹K˜[™ÛWÜ˜[š×ÛX]ÚYŒLŒMÍŒLNÍÌËŒLÌÍMÎÌÌMÌNNÍ‹NLŒÍŒLLÍŒŒNŒMMÍÍÎLLNLŒMŒÎMŒÍMÌ‹NNMŒ™KLM‚™]™[ÜY[KM‹K˜]×Üİ™ŒLŒMÎLMÌŒNŒLŒLLÍNÌŒÍMMÍ‹NLÎLÎNŒÌN‹ŒMLŒLŒÎÍÌŒÍLLÌMŒNÌLŒNLŒ™KLM‚™]™[ÜY[KM‹K[Üİ]WÛÜ˜XÛKŒLŒKŒŒKŒŒŒËMÎNŒNKLM‚™]™[ÜY[KM‹KŒKÛÜœ™[Û‹ŒLŒMÍLÍŒMLL‹ŒLLLMÍÌÌÍ‹NLMLLŒŒŒLŒÍŒÍÎMÌNËŒŒMLLNMÎÎMÍËLŒNLŒ™KLM‚™]™[ÜY[KM‹KŒKØØWÙ\]Z]˜[[ŒLŒMÍLÍŒMLL‹ŒLLLMÍÌÌÍ‹NLMLLŒŒŒLŒÍŒÍÎMÌNËŒŒMLLNMÎÎMÍËLŒNLŒ™KLM‚™]™[ÜY[KM‹KŒK›ØÚ×ÙXYÛÛ˜[ŒLŒNMLLÎMMLNKŒLÎLŒÌMŒŒMKNLLMLLLKŒMMMÍNNNËŒMŒÌÌNMMÍË‹ŒŒŒŒLLÌLÙKLM‚™]™[ÜY[KM‹KŒKØWÜ˜[š×ÛX]ÚYŒLŒKŒÌÌÍLÌLŒÎLÎŒŒLÌLLÌÍŒŒMLÌMÍLÎMÍÍLËŒLLLMŒÌMÎŒLMLMLÍNNLKMÎNMÌLL™KLM‚™]™[ÜY[KM‹KŒK˜[™ÛWÜ˜[š×ÛX]ÚYŒLŒMŒÌMÍMNNKŒMÍÎŒÎMLËNŒÍMÌŒMÌLÍKŒMLLLÌÌKŒÌNLÎMÌÌNKMLLLMLLŒÌLMÎÙKLM‚™]™[ÜY[KM‹KŒK˜]×Üİ™ŒLŒMÍÍLŒÌŒLLÌŒLÌÍNŒÌÎNMŒ‹NLMÍÎLÌÍLÌNMËŒLLNÌÎMŒLKŒMÌLÍMLÍÌŒÍËKMLLLMLLŒÌLMÎÙKLM‚™]™[ÜY[KM‹KŒK[Üİ]WÛÜ˜XÛKŒLŒKŒŒKŒŒŒŒÌŒLMŒŒŒM™KLM‚™]™[ÜY[KM‹KŒ‹ÛÜœ™[Û‹ŒLŒMÌLNMÎÌÎŒËŒLNMMNLLLŒMÌL‹NLÌLLÍMNMLÌKŒNLŒMÌMÌLMÍÍKŒŒŒÌÎMLÎÍNMÌÌ‹ËMÎNŒNKLM‚™]™[ÜY[KM‹KŒ‹ØØWÙ\]Z]˜[[ŒLŒMÌLNMÎÌÎŒËŒLNMMNLLLŒMÌL‹NLÌLLÍMNMLÌKŒNLŒMÌMÌLMÍÍKŒŒŒÌÎMLÎÍNMÌÌ‹ËMÎNŒNKLM‚™]™[ÜY[KM‹KŒ‹›ØÚ×ÙXYÛÛ˜[ŒLŒNMLLÎMMLNKŒLÎLŒÌMŒŒMKNLLMLLLKŒMMMÍNNNËŒMŒÌÌNMMÍË‹ŒŒŒŒLLÌLÙKLM‚™]™[ÜY[KM‹KŒ‹ØWÜ˜[š×ÛX]ÚYŒLŒKŒÌNLMMLÍMËŒŒLLLŒÍÍÌŒŒÍKMÍLÍMMNNLNMÍÎKŒLLÍÌMŒÎMMŒÌMŒLLMÌMÌMMMÍK‹ŒLÌÎMÍÍLLÎYKLM‚™]™[ÜY[KM‹KŒ‹˜[™ÛWÜ˜[š×ÛX]ÚYŒLŒMMÍNMNMÌÍLÌKŒMÎNŒŒLMM‹NLLÌÍŒNKŒLLMLLÍ‹ŒÌÌŒMÌÍLÎNK‹ÍÍMMMÍMŒMMŒLMKLM‚™]™[ÜY[KM‹KŒ‹˜]×Üİ™ŒLŒMÌÍÌÌMLŒÍÍŒLNNMÎÌMÌMÍKNLÌÍNL‹ŒNLÍNŒNNKŒŒŒÎMLÍÌLLLÎ‹ËŒÌÌLÌÎÍMM™KLM‚™]™[ÜY[KM‹KŒ‹[Üİ]WÛÜ˜XÛKŒLŒKŒŒKŒŒŒŒÌŒLMŒŒŒM™KLM‚™]™[ÜY[KM‹KŒÛÜœ™[Û‹ŒLŒMŒÌLÍÍMÍMLÌËŒLLÍLMMÌLÎNM‹NMÍNMŒLLMÍŒMÌÎŒÍŒLLŒŒŒÍKŒLMLMÌËÍÌMMŒLMÌŒÍÍŒM™KLM‚™]™[ÜY[KM‹KŒØØWÙ\]Z]˜[[ŒLŒMŒÌLÍÍMÍMLÌËŒLLÍLMMÌLÎNM‹NMÍNMŒLLMÍŒMÌÎŒÍŒLLŒŒŒÍKŒLMLMÌËÍÌMMŒLMÌŒÍÍŒM™KLM‚™]™[ÜY[KM‹KŒ›ØÚ×ÙXYÛÛ˜[ŒLŒNMLLÎMMLNKŒLÎLŒÌMŒŒMKNLLMLLLKŒMMMÍNNNËŒMŒÌÌNMMÍË‹ŒŒŒŒLLÌLÙKLM‚™]™[ÜY[KM‹KŒØWÜ˜[š×ÛX]ÚYŒLŒKŒŒÎMÍÌŒLÌÍM‹ŒŒNNNLMÎLLLKMÌLMLÎÍLÍKŒLŒMMLLNNŒLNMMLMMLMÎKŒÌÌŒÍŒMMLNÎKLMB™]™[ÜY[KM‹KŒ˜[™ÛWÜ˜[š×ÛX]ÚYŒLŒMMLLÌÍÌÍŒ‹ŒNLLŒÎMÎNLÍÌLÍÎNLLNÎNKŒLÌMNMÍMÍŒMËŒÌLLÎÍÌŒÍËËMMMŒŒNNÙKLM‚™]™[ÜY[KM‹KŒ˜]×Üİ™ŒLŒMŒÌÌMÍNLNŒLLLÍLÍMŒLÌKNLÎLLŒÌËŒMLMLKŒÍNMMÌLÍK‹ÍÍMMMÍMŒMMŒLMKLM‚™]™[ÜY[KM‹KŒ[Üİ]WÛÜ˜XÛKŒLŒKŒŒKŒŒŒŒÌŒLMŒŒŒM™KLM‚